ts_code,trade_date,open,high,low,close,change,pct_change,vol
981,20170907,10.05,10.11,9.69,9.98,0.4199999999999999,4.3933054393305415,14008356.0
981,20170908,10.01,10.08,9.83,9.98,0.0,0.0,7759836.0
981,20170911,9.86,9.98,9.74,9.8,-0.1799999999999997,-1.8036072144288595,4301460.0
981,20170912,9.8,9.83,9.71,9.72,-0.08,-0.8163265306122436,3793288.0
981,20170913,9.78,9.81,9.58,9.64,-0.08,-0.8230452674897082,4360303.0
981,20170914,9.72,9.81,9.64,9.7,0.0599999999999987,0.6224066390041472,4291092.0
981,20170915,9.7,9.79,9.65,9.71,0.0100000000000015,0.1030927835051764,4246031.0
981,20170918,9.67,9.77,9.65,9.72,0.0099999999999997,0.1029866117404632,2907770.0
981,20170919,9.7,9.77,9.66,9.71,-0.0099999999999997,-0.1028806584362107,2928090.0
981,20170920,9.71,9.74,9.66,9.72,0.0099999999999997,0.1029866117404632,2938800.0
981,20170921,9.68,9.74,9.55,9.59,-0.1300000000000007,-1.3374485596707952,3596120.0
981,20170922,9.59,9.59,9.5,9.52,-0.0700000000000002,-0.7299270072992692,1895812.0
981,20170925,9.53,9.53,9.45,9.47,-0.0499999999999989,-0.5252100840336005,1908788.0
981,20170926,9.49,9.73,9.46,9.57,0.0999999999999996,1.055966209081305,2984603.0
981,20170927,9.63,9.63,9.49,9.53,-0.0400000000000009,-0.4179728317659448,1710850.0
981,20170928,9.56,9.56,9.43,9.44,-0.0899999999999998,-0.9443861490031512,2196616.0
981,20170929,9.45,9.54,9.45,9.49,0.0500000000000007,0.5296610169491567,1490530.0
981,20171009,9.53,9.65,9.51,9.57,0.08,0.8429926238145313,2759002.0
981,20171010,9.57,9.64,9.49,9.52,-0.0500000000000007,-0.5224660397074254,2296379.0
981,20171011,9.52,9.55,9.42,9.43,-0.0899999999999998,-0.9453781512605008,2505900.0
981,20171012,9.47,9.47,9.41,9.45,0.0199999999999995,0.2120890774125028,1796700.0
981,20171013,9.48,9.48,9.38,9.38,-0.0699999999999985,-0.7407407407407196,2134750.0
981,20171016,9.39,9.44,9.25,9.25,-0.1300000000000007,-1.3859275053304976,3316000.0
981,20171017,9.3,9.34,9.13,9.29,0.0399999999999991,0.432432432432428,2880608.0
981,20171018,9.34,9.34,9.19,9.19,-0.0999999999999996,-1.076426264800856,1840000.0
981,20171019,9.19,9.25,8.8,9.22,0.0300000000000011,0.3264417845484368,5752778.0
981,20171020,9.15,9.18,9.11,9.17,-0.0500000000000007,-0.5422993492407935,1802900.0
981,20171023,9.19,9.88,9.18,9.52,0.3499999999999996,3.8167938931297662,9867713.0
981,20171024,9.56,9.69,9.5,9.61,0.0899999999999998,0.9453781512605008,5111387.0
981,20171025,9.54,9.64,9.47,9.48,-0.129999999999999,-1.3527575442247586,3404160.0
981,20171026,9.55,9.55,9.32,9.36,-0.120000000000001,-1.265822784810133,2747740.0
981,20171027,9.35,9.36,9.17,9.31,-0.0499999999999989,-0.5341880341880212,3473552.0
981,20171030,9.27,9.32,9.08,9.21,-0.0999999999999996,-1.0741138560687369,3826000.0
981,20171031,9.18,9.21,9.08,9.19,-0.0200000000000013,-0.217155266015212,1826400.0
981,20171101,9.17,9.17,9.04,9.16,-0.0299999999999993,-0.3264417845484146,2910506.0
981,20171102,9.15,9.15,8.9,8.94,-0.2200000000000006,-2.401746724890841,4686512.0
981,20171103,8.93,9.0,8.78,9.0,0.0600000000000005,0.6711409395973256,4529200.0
981,20171106,8.97,8.97,8.84,8.95,-0.0500000000000007,-0.5555555555555647,2642373.0
981,20171107,8.93,8.95,8.82,8.94,-0.0099999999999997,-0.1117318435754133,3200833.0
981,20171108,8.95,8.96,8.75,8.87,-0.0700000000000002,-0.7829977628635354,6684207.0
981,20171109,8.89,8.89,8.7,8.84,-0.0299999999999993,-0.3382187147688786,4754028.0
981,20171110,8.85,9.15,8.8,9.09,0.25,2.828054298642524,7352312.0
981,20171113,9.09,9.8,9.09,9.46,0.370000000000001,4.070407040704072,14120312.0
981,20171114,9.58,9.75,9.25,9.3,-0.1600000000000001,-1.6913319238900604,9544565.0
981,20171115,9.37,9.42,9.1,9.1,-0.200000000000001,-2.1505376344086113,2781200.0
981,20171116,9.09,9.17,8.88,9.0,-0.0999999999999996,-1.098901098901095,3705700.0
981,20171117,8.94,9.15,8.88,9.02,0.0199999999999995,0.2222222222222125,3871733.0
981,20171120,8.98,9.04,8.82,9.02,0.0,0.0,3817120.0
981,20171121,8.9,9.08,8.82,8.95,-0.0700000000000002,-0.77605321507761,6007702.0
981,20171122,8.99,9.0,8.85,8.95,0.0,0.0,3243600.0
981,20171123,8.96,9.29,8.95,9.08,0.1300000000000007,1.452513966480451,9408770.0
981,20171124,9.0,9.25,9.0,9.23,0.1500000000000003,1.6519823788546215,4336700.0
981,20171127,9.3,9.3,9.03,9.03,-0.200000000000001,-2.1668472372697867,3896300.0
981,20171128,9.05,9.14,9.05,9.12,0.0899999999999998,0.9966777408637828,3768300.0
981,20171129,9.07,9.12,9.02,9.08,-0.0399999999999991,-0.4385964912280604,2549200.0
981,20171130,9.08,9.1,8.86,9.09,0.0099999999999997,0.1101321585903036,6448900.0
981,20171201,9.03,9.1,9.0,9.07,-0.0199999999999995,-0.2200220022002152,2380806.0
981,20171204,9.06,9.1,8.93,9.02,-0.0500000000000007,-0.5512679162072875,3289180.0
981,20171205,9.02,9.02,8.85,8.91,-0.1099999999999994,-1.2195121951219412,3624065.0
981,20171206,8.9,8.91,8.79,8.89,-0.0199999999999995,-0.2244668911335567,2714890.0
981,20171207,8.86,9.08,8.84,9.03,0.1399999999999988,1.5748031496062964,3495548.0
981,20171208,9.06,9.13,8.97,9.0,-0.0299999999999993,-0.3322259136212535,4427690.0
981,20171211,9.09,9.09,8.98,9.0,0.0,0.0,3287132.0
981,20171212,8.96,9.04,8.85,8.94,-0.0600000000000005,-0.666666666666671,4156959.0
981,20171213,8.95,8.95,8.82,8.92,-0.0199999999999995,-0.2237136465324307,2769730.0
981,20171214,8.89,8.93,8.84,8.9,-0.0199999999999995,-0.2242152466367719,2057400.0
981,20171215,8.9,8.98,8.85,8.93,0.0299999999999993,0.3370786516853963,2273000.0
981,20171218,8.91,8.94,8.81,8.87,-0.0600000000000005,-0.6718924972004547,2268100.0
981,20171219,8.85,8.85,8.77,8.8,-0.0699999999999985,-0.7891770011273835,2362600.0
981,20171220,8.8,8.84,8.28,8.83,0.0299999999999993,0.3409090909090917,11756143.0
981,20171221,8.97,9.06,8.7,8.85,0.0199999999999995,0.2265005662514196,8472349.0
981,20171222,8.77,8.85,8.75,8.85,0.0,0.0,2553600.0
981,20171225,8.8,8.92,8.75,8.85,0.0,0.0,2514600.0
981,20171226,8.81,8.86,8.79,8.84,-0.0099999999999997,-0.1129943502824804,1870500.0
981,20171227,8.79,8.85,8.77,8.82,-0.0199999999999995,-0.2262443438914019,1951800.0
981,20171228,8.67,8.8,8.67,8.78,-0.0400000000000009,-0.4535147392290328,1711980.0
981,20171229,8.74,8.88,8.65,8.83,0.0500000000000007,0.5694760820045719,3001400.0
981,20180102,8.8,8.9,8.71,8.89,0.0600000000000005,0.679501698754259,4657340.0
981,20180103,8.87,8.89,8.7,8.8,-0.0899999999999998,-1.0123734533183382,8200860.0
981,20180104,8.75,8.8,8.71,8.79,-0.0100000000000015,-0.1136363636363824,2562439.0
981,20180105,8.74,8.95,8.74,8.85,0.0600000000000005,0.6825938566553003,4126023.0
981,20180108,8.9,8.95,8.86,8.9,0.0500000000000007,0.5649717514124353,4007230.0
981,20180109,8.9,8.98,8.86,8.9,0.0,0.0,2232920.0
981,20180110,8.94,8.95,8.82,8.86,-0.0400000000000009,-0.4494382022471987,2050600.0
981,20180111,8.86,8.86,8.74,8.81,-0.0499999999999989,-0.5643340857787726,2093399.0
981,20180112,8.81,8.86,8.76,8.81,0.0,0.0,3090080.0
981,20180115,8.79,8.8,8.64,8.7,-0.1100000000000012,-1.2485811577752637,4788603.0
981,20180116,8.68,8.72,8.5,8.71,0.0100000000000015,0.1149425287356509,3610205.0
981,20180117,8.68,8.68,8.52,8.6,-0.1100000000000012,-1.2629161882893314,3661655.0
981,20180118,8.4,8.59,8.35,8.5,-0.0999999999999996,-1.1627906976744096,6533042.0
981,20180119,8.73,8.74,8.45,8.54,0.0399999999999991,0.4705882352941115,5802700.0
981,20180122,8.25,8.49,8.19,8.24,-0.2999999999999989,-3.5128805620608827,7025417.0
981,20180123,8.38,8.38,8.19,8.24,0.0,0.0,3228203.0
981,20180124,8.28,8.28,8.03,8.15,-0.0899999999999998,-1.0922330097087318,5276977.0
981,20180125,8.15,8.38,8.15,8.28,0.129999999999999,1.595092024539868,4717443.0
981,20180126,8.3,8.65,8.29,8.43,0.1500000000000003,1.8115942028985588,5034307.0
981,20180129,8.45,8.67,8.38,8.49,0.0600000000000005,0.7117437722419906,4504413.0
981,20180130,8.45,8.55,8.35,8.39,-0.0999999999999996,-1.1778563015312105,2093663.0
981,20180131,8.32,8.41,8.16,8.31,-0.08,-0.953516090584028,3451658.0
981,20180201,8.25,8.31,7.48,8.3,-0.0099999999999997,-0.1203369434416345,6243000.0
981,20180202,8.25,8.3,8.02,8.3,0.0,0.0,5923600.0
981,20180205,8.16,8.3,8.14,8.3,0.0,0.0,2576240.0
981,20180206,8.2,8.23,7.99,7.99,-0.3100000000000005,-3.734939759036149,2287429.0
981,20180207,8.2,8.32,7.82,8.32,0.33,4.130162703379225,7471871.0
981,20180208,8.24,8.35,8.22,8.34,0.0199999999999995,0.2403846153846034,2740520.0
981,20180209,8.27,8.27,8.03,8.24,-0.0999999999999996,-1.1990407673860837,3209802.0
981,20180212,8.2,8.27,8.16,8.23,-0.0099999999999997,-0.1213592233009652,1225100.0
981,20180213,8.2,8.28,8.14,8.15,-0.08,-0.9720534629404588,1377200.0
981,20180214,8.19,8.25,8.14,8.21,0.0600000000000005,0.7361963190184007,1428800.0
981,20180222,8.21,8.25,8.2,8.25,0.0399999999999991,0.4872107186357999,992600.0
981,20180223,8.27,8.27,8.17,8.24,-0.0099999999999997,-0.1212121212121219,1412400.0
981,20180226,8.23,8.25,8.18,8.24,0.0,0.0,1896366.0
981,20180227,8.17,8.29,8.17,8.23,-0.0099999999999997,-0.1213592233009652,1594500.0
981,20180228,8.24,8.24,8.16,8.18,-0.0500000000000007,-0.607533414337802,1614800.0
981,20180301,8.12,8.45,8.12,8.4,0.2200000000000006,2.689486552567244,5183674.0
981,20180302,8.36,8.41,8.34,8.35,-0.0500000000000007,-0.5952380952381042,1314005.0
981,20180305,8.31,8.58,8.31,8.46,0.1100000000000012,1.3173652694610904,2977196.0
981,20180306,8.48,8.56,8.43,8.46,0.0,0.0,1509530.0
981,20180307,8.52,8.54,8.37,8.4,-0.0600000000000005,-0.7092198581560294,1570600.0
981,20180308,8.32,8.4,8.32,8.35,-0.0500000000000007,-0.5952380952381042,1375600.0
981,20180309,8.31,8.44,8.31,8.38,0.0300000000000011,0.359281437125758,1501903.0
981,20180312,8.42,8.53,8.33,8.41,0.0299999999999993,0.357995226730301,2134080.0
981,20180313,8.49,8.49,8.32,8.38,-0.0299999999999993,-0.356718192627814,1678290.0
981,20180314,8.4,8.4,8.21,8.22,-0.1600000000000001,-1.9093078758949944,2070600.0
981,20180315,8.17,8.29,8.17,8.26,0.0399999999999991,0.4866180048661794,2459040.0
981,20180316,8.26,8.34,8.2,8.25,-0.0099999999999997,-0.1210653753026647,1764480.0
981,20180319,8.28,8.34,8.21,8.26,0.0099999999999997,0.1212121212121219,1205663.0
981,20180320,8.28,8.29,8.17,8.27,0.0099999999999997,0.1210653753026536,1070900.0
981,20180321,8.24,8.28,8.16,8.21,-0.0599999999999987,-0.7255139056831728,2205620.0
981,20180322,8.22,8.28,8.18,8.25,0.0399999999999991,0.4872107186357999,2131200.0
981,20180323,8.21,8.21,7.93,8.05,-0.1999999999999993,-2.4242424242424176,4879300.0
981,20180326,7.92,8.05,7.88,8.02,-0.0300000000000011,-0.3726708074534346,3245660.0
981,20180327,8.0,8.23,7.96,8.11,0.0899999999999998,1.122194513715713,3314093.0
981,20180328,8.13,8.26,8.06,8.19,0.08,0.9864364981504226,2428776.0
981,20180329,8.15,8.45,8.14,8.37,0.1799999999999997,2.19780219780219,5786153.0
981,20180330,8.39,8.93,8.31,8.92,0.5500000000000007,6.571087216248506,9468625.0
981,20180402,8.92,9.09,8.8,8.93,0.0099999999999997,0.1121076233183915,6008862.0
981,20180403,8.87,9.34,8.71,9.27,0.3399999999999998,3.807390817469214,10399534.0
981,20180404,9.54,9.54,9.1,9.13,-0.1399999999999988,-1.5102481121898492,6197903.0
981,20180409,9.13,9.14,8.6,8.93,-0.200000000000001,-2.190580503833528,6824706.0
981,20180410,9.0,9.26,8.96,9.1,0.1699999999999999,1.903695408734607,6083483.0
981,20180411,9.1,9.23,9.01,9.05,-0.0499999999999989,-0.5494505494505364,3752730.0
981,20180412,9.05,9.12,9.03,9.07,0.0199999999999995,0.2209944751381254,2700370.0
981,20180413,9.09,9.09,8.77,8.85,-0.2200000000000006,-2.4255788313120252,8308800.0
981,20180416,8.93,8.98,8.86,8.95,0.0999999999999996,1.1299435028248483,4784760.0
981,20180417,8.95,8.98,8.83,8.95,0.0,0.0,5297281.0
981,20180418,8.99,9.01,8.86,8.99,0.0400000000000009,0.4469273743016755,5992891.0
981,20180419,9.04,9.25,8.96,9.14,0.1500000000000003,1.6685205784204626,6427300.0
981,20180420,9.22,9.23,9.08,9.21,0.0700000000000002,0.7658643326039494,6680082.0
981,20180423,9.17,9.37,9.17,9.27,0.0599999999999987,0.6514657980455807,4951453.0
981,20180424,9.28,9.52,9.25,9.44,0.1699999999999999,1.833872707659112,4434349.0
981,20180425,9.49,9.6,9.35,9.52,0.08,0.8474576271186418,4253005.0
981,20180426,9.5,9.82,9.5,9.72,0.200000000000001,2.1008403361344685,7654869.0
981,20180427,9.72,10.07,9.72,10.07,0.3499999999999996,3.600823045267476,9794058.0
981,20180502,10.2,10.25,9.86,10.08,0.0099999999999997,0.0993048659384321,12268705.0
981,20180503,9.99,10.39,9.96,10.39,0.3100000000000005,3.0753968253968367,10472776.0
981,20180504,10.33,10.41,10.25,10.38,-0.0099999999999997,-0.0962463907603461,5904777.0
981,20180507,10.35,10.59,10.24,10.54,0.1599999999999983,1.541425818882458,10807300.0
981,20180508,10.61,10.86,10.51,10.73,0.1900000000000012,1.8026565464895672,15880700.0
981,20180509,10.77,10.79,10.61,10.7,-0.0300000000000011,-0.2795899347623587,9280806.0
981,20180510,10.68,10.96,10.67,10.74,0.0400000000000009,0.373831775700939,9456233.0
981,20180511,10.74,10.84,10.63,10.65,-0.0899999999999998,-0.8379888268156388,8935690.0
981,20180514,10.53,10.75,10.53,10.65,0.0,0.0,6896283.0
981,20180515,10.64,10.67,10.55,10.6,-0.0500000000000007,-0.4694835680751241,6444509.0
981,20180516,10.76,11.0,10.59,10.67,0.0700000000000002,0.6603773584905603,8079718.0
981,20180517,10.67,10.8,10.45,10.5,-0.1699999999999999,-1.5932521087160256,7461970.0
981,20180518,10.62,10.68,10.31,10.45,-0.0500000000000007,-0.4761904761904856,5177260.0
981,20180521,10.65,10.65,10.4,10.44,-0.0099999999999997,-0.0956937799043045,4985800.0
981,20180522,10.46,10.53,10.2,10.48,0.0400000000000009,0.3831417624521105,7074681.0
981,20180523,10.47,10.54,10.19,10.24,-0.2400000000000002,-2.2900763358778664,6344120.0
981,20180524,10.3,10.34,10.17,10.24,0.0,0.0,7001632.0
981,20180525,10.33,10.58,10.2,10.35,0.1099999999999994,1.07421875,5447300.0
981,20180528,10.35,10.4,9.8,10.18,-0.1699999999999999,-1.6425120772946888,9579302.0
981,20180529,10.08,10.31,9.8,10.19,0.0099999999999997,0.0982318271119719,12194927.0
981,20180530,9.99,10.1,9.63,9.98,-0.209999999999999,-2.060843964671233,14818100.0
981,20180531,9.79,9.79,9.31,9.5,-0.4800000000000004,-4.809619238476959,13019700.0
981,20180601,9.34,9.43,9.17,9.24,-0.2599999999999998,-2.7368421052631597,9095289.0
981,20180604,9.27,9.27,8.95,9.08,-0.1600000000000001,-1.7316017316017285,6249860.0
981,20180605,9.12,9.18,9.0,9.07,-0.0099999999999997,-0.1101321585903036,5128943.0
981,20180606,9.11,9.12,8.96,9.04,-0.0300000000000011,-0.3307607497243792,4677480.0
981,20180607,9.08,9.35,8.99,9.0,-0.0399999999999991,-0.4424778761061843,12715177.0
981,20180608,8.8,8.98,8.8,8.92,-0.08,-0.8888888888888946,6447128.0
981,20180611,8.89,8.99,8.72,8.77,-0.1500000000000003,-1.681614349775784,7654525.0
981,20180612,8.89,9.61,8.89,9.41,0.6400000000000006,7.297605473204105,16756788.0
981,20180613,9.4,9.44,9.16,9.34,-0.0700000000000002,-0.7438894792773709,7057726.0
981,20180614,9.32,9.55,9.14,9.49,0.1500000000000003,1.605995717344766,9804086.0
981,20180615,9.5,9.73,9.28,9.48,-0.0099999999999997,-0.1053740779768164,11041187.0
981,20180619,8.4,8.78,7.9,7.9,-1.58,-16.666666666666664,23845300.0
981,20180620,7.11,7.95,7.11,7.9,0.0,0.0,57289075.0
981,20180621,7.39,7.9,7.11,7.5,-0.4000000000000003,-5.063291139240511,36629088.0
981,20180622,7.25,7.7,6.75,7.7,0.2000000000000001,2.6666666666666616,54453184.0
981,20180625,7.39,7.85,7.39,7.64,-0.0600000000000005,-0.7792207792207906,33802100.0
981,20180626,7.5,7.59,7.26,7.4,-0.2399999999999993,-3.141361256544495,23085268.0
981,20180627,7.35,7.45,7.19,7.3,-0.1000000000000005,-1.3513513513513598,18600348.0
981,20180628,7.2,7.38,7.05,7.07,-0.2299999999999995,-3.150684931506842,22303485.0
981,20180629,7.14,7.78,7.06,7.45,0.3799999999999999,5.374823196605383,19581200.0
981,20180702,7.45,7.78,7.35,7.44,-0.0099999999999997,-0.1342281879194606,14280400.0
981,20180703,7.46,7.53,7.33,7.34,-0.1000000000000005,-1.3440860215053865,10075993.0
981,20180704,7.35,7.51,7.31,7.32,-0.0199999999999995,-0.2724795640326904,8458766.0
981,20180705,7.31,7.45,7.17,7.2,-0.1200000000000001,-1.6393442622950838,5938733.0
981,20180706,7.16,7.51,7.1,7.22,0.0199999999999995,0.2777777777777768,13390500.0
981,20180709,7.18,7.6,7.18,7.55,0.33,4.570637119113585,12695924.0
981,20180710,7.56,7.56,7.35,7.38,-0.1699999999999999,-2.251655629139071,8354533.0
981,20180711,7.2,7.36,7.2,7.35,-0.0300000000000002,-0.4065040650406581,4865700.0
981,20180712,7.28,8.08,7.26,7.72,0.3700000000000001,5.034013605442178,26502380.0
981,20180713,7.75,8.15,7.59,7.85,0.1299999999999999,1.6839378238342029,25770903.0
981,20180716,7.87,7.93,7.73,7.78,-0.0699999999999994,-0.8917197452229186,6782760.0
981,20180717,7.74,7.8,7.65,7.7,-0.08,-1.0282776349614386,4642600.0
981,20180718,7.7,7.81,7.62,7.62,-0.08,-1.0389610389610393,12606749.0
981,20180719,7.62,7.86,7.39,7.7,0.08,1.049868766404205,43153100.0
981,20180720,7.62,7.93,7.52,7.63,-0.0700000000000002,-0.909090909090915,17276380.0
981,20180723,7.62,7.66,7.52,7.52,-0.1100000000000003,-1.4416775884665831,8432903.0
981,20180724,7.5,7.72,7.5,7.61,0.0900000000000007,1.196808510638303,12960757.0
981,20180725,7.58,7.68,7.48,7.5,-0.1100000000000003,-1.4454664914586135,8142370.0
981,20180726,7.51,7.57,7.43,7.46,-0.04,-0.5333333333333301,5246700.0
981,20180727,7.46,7.48,7.38,7.38,-0.08,-1.072386058981234,5297139.0
981,20180730,7.39,7.74,7.31,7.66,0.2800000000000002,3.7940379403794022,10938792.0
981,20180731,7.68,7.7,7.53,7.58,-0.08,-1.0443864229765063,7040200.0
981,20180801,7.61,7.61,7.42,7.45,-0.1299999999999999,-1.715039577836408,7999500.0
981,20180802,7.4,7.46,7.26,7.3,-0.1500000000000003,-2.0134228187919545,9581000.0
981,20180803,7.3,7.44,7.24,7.33,0.0300000000000002,0.4109589041095818,9225000.0
981,20180806,7.34,7.42,7.27,7.39,0.0599999999999996,0.8185538881309684,7200700.0
981,20180807,7.36,7.51,7.35,7.5,0.1100000000000003,1.4884979702300516,5681460.0
981,20180808,7.5,7.58,7.44,7.48,-0.0199999999999995,-0.2666666666666595,5409390.0
981,20180809,7.5,7.76,7.44,7.64,0.1599999999999992,2.1390374331550666,10473800.0
981,20180810,7.61,7.74,7.56,7.67,0.0300000000000002,0.3926701570680757,9270100.0
981,20180813,7.62,7.65,7.49,7.6,-0.0700000000000002,-0.9126466753585416,4782236.0
981,20180814,7.56,7.56,7.37,7.46,-0.1399999999999996,-1.8421052631578896,10236800.0
981,20180815,7.46,7.55,7.31,7.32,-0.1399999999999996,-1.8766756032171592,10220503.0
981,20180816,7.3,7.33,7.06,7.06,-0.2600000000000007,-3.551912568306015,14200470.0
981,20180817,7.12,7.13,6.99,7.06,0.0,0.0,14397503.0
981,20180820,7.06,7.12,6.9,6.96,-0.0999999999999996,-1.4164305949008416,11458300.0
981,20180821,7.01,7.01,6.26,6.26,-0.7000000000000002,-10.057471264367823,14443400.0
981,20180822,5.63,5.63,5.63,5.63,-0.6299999999999999,-10.06389776357828,1577800.0
981,20181120,5.07,5.07,5.07,5.07,-0.5599999999999996,-9.94671403197157,22409200.0
981,20181121,4.65,4.95,4.57,4.6,-0.4700000000000006,-9.27021696252467,190722978.0
981,20181122,4.5,4.54,4.28,4.39,-0.2099999999999999,-4.565217391304344,119805578.0
981,20181123,4.39,4.49,4.35,4.44,0.0500000000000007,1.1389521640091216,70101575.0
981,20181126,4.44,4.45,4.28,4.41,-0.0300000000000002,-0.6756756756756799,34457980.0
981,20181127,4.41,4.44,4.3,4.33,-0.08,-1.814058956916098,28786999.0
981,20181128,4.33,4.36,4.05,4.22,-0.1100000000000003,-2.5404157043879994,38008570.0
981,20181129,4.16,4.21,3.86,3.9,-0.3199999999999998,-7.582938388625592,60282272.0
981,20181130,3.86,3.9,3.6,3.75,-0.1499999999999999,-3.846153846153843,52196496.0
981,20181203,3.82,3.93,3.76,3.86,0.1099999999999998,2.933333333333321,50397058.0
981,20181204,3.79,4.18,3.63,4.03,0.1700000000000003,4.404145077720223,98944849.0
981,20181205,3.9,4.02,3.86,3.92,-0.1100000000000003,-2.7295285359801524,58324748.0
981,20181206,3.9,4.06,3.85,3.96,0.04,1.0204081632652962,60175201.0
981,20181207,3.97,4.0,3.82,3.86,-0.1,-2.5252525252525304,34783525.0
981,20181210,3.78,3.88,3.74,3.78,-0.08,-2.0725388601036343,23613506.0
981,20181211,3.81,3.88,3.73,3.81,0.0300000000000002,0.7936507936507908,29657629.0
981,20181212,3.79,3.83,3.71,3.71,-0.1,-2.6246719160105014,27968176.0
981,20181213,3.72,3.77,3.63,3.66,-0.0499999999999998,-1.3477088948786964,33713704.0
981,20181214,3.65,3.7,3.51,3.53,-0.1300000000000003,-3.551912568306015,36675192.0
981,20181217,3.5,3.51,3.34,3.37,-0.1599999999999997,-4.532577903682711,49240590.0
981,20181218,3.43,3.71,3.43,3.71,0.3399999999999998,10.089020771513349,52635454.0
981,20181219,3.8,4.04,3.76,3.95,0.2400000000000002,6.4690026954177915,152302805.0
981,20181220,3.82,3.88,3.72,3.75,-0.2000000000000001,-5.063291139240511,78575218.0
981,20181221,3.71,3.76,3.56,3.6,-0.1499999999999999,-3.999999999999993,60095800.0
981,20181224,3.59,3.6,3.47,3.52,-0.08,-2.2222222222222254,44802968.0
981,20181225,3.37,3.37,3.17,3.3,-0.2200000000000002,-6.25,75373429.0
981,20181226,3.25,3.27,3.16,3.2,-0.0999999999999996,-3.0303030303030165,49463789.0
981,20181227,3.22,3.35,3.2,3.22,0.02,0.6250000000000089,64915391.0
981,20181228,3.17,3.26,3.1,3.12,-0.1,-3.105590062111807,52917698.0
981,20190102,3.12,3.13,2.98,3.02,-0.1,-3.205128205128205,40329947.0
981,20190103,3.02,3.08,3.0,3.02,0.0,0.0,33891874.0
981,20190104,2.95,3.13,2.88,3.08,0.06,1.9867549668874271,64376573.0
981,20190107,3.11,3.15,3.05,3.1,0.02,0.6493506493506551,48671941.0
981,20190108,3.1,3.26,3.05,3.17,0.0699999999999998,2.258064516129022,69906422.0
981,20190109,3.14,3.24,3.13,3.13,-0.04,-1.261829652996849,66258270.0
981,20190110,3.12,3.19,3.1,3.14,0.0100000000000002,0.319488817891389,45945841.0
981,20190111,3.13,3.17,3.04,3.1,-0.04,-1.273885350318471,41073124.0
981,20190114,3.1,3.14,3.05,3.06,-0.04,-1.2903225806451646,33024962.0
981,20190115,3.05,3.08,3.0,3.06,0.0,0.0,34208518.0
981,20190116,3.07,3.09,3.03,3.04,-0.02,-0.6535947712418277,24360529.0
981,20190117,3.03,3.04,2.99,3.01,-0.0300000000000002,-0.9868421052631636,25627331.0
981,20190118,3.01,3.12,2.98,3.03,0.02,0.6644518272425293,34872266.0
981,20190121,3.03,3.09,3.0,3.05,0.02,0.660066006600668,34491368.0
981,20190122,3.05,3.08,2.99,3.0,-0.0499999999999998,-1.639344262295073,28860700.0
981,20190123,2.98,2.99,2.91,2.92,-0.08,-2.6666666666666727,31279272.0
981,20190124,2.93,3.07,2.89,3.01,0.0899999999999998,3.082191780821919,49735976.0
981,20190125,2.99,2.99,2.87,2.88,-0.1299999999999999,-4.318936877076407,43184171.0
981,20190128,2.9,2.91,2.81,2.82,-0.06,-2.083333333333337,31073400.0
981,20190129,2.79,2.8,2.61,2.73,-0.0899999999999998,-3.1914893617021267,29275858.0
981,20190130,2.71,2.81,2.68,2.71,-0.02,-0.73260073260073,24666458.0
981,20190131,2.69,2.73,2.58,2.61,-0.1,-3.690036900369009,30712684.0
981,20190201,2.62,2.7,2.61,2.69,0.08,3.065134099616862,23680222.0
981,20190211,2.7,2.79,2.7,2.77,0.08,2.973977695167296,20365929.0
981,20190212,2.77,3.0,2.76,2.93,0.1600000000000001,5.776173285198571,52949003.0
981,20190213,2.94,2.95,2.87,2.93,0.0,0.0,33277770.0
981,20190214,2.92,2.97,2.89,2.93,0.0,0.0,33504696.0
981,20190215,2.92,3.02,2.9,2.96,0.0299999999999998,1.0238907849829282,40314494.0
981,20190218,2.98,3.05,2.96,3.05,0.0899999999999998,3.040540540540526,46513627.0
981,20190219,3.02,3.35,3.01,3.18,0.1300000000000003,4.262295081967227,100527142.0
981,20190220,3.17,3.18,3.05,3.08,-0.1,-3.1446540880503138,55060941.0
981,20190221,3.06,3.13,3.02,3.03,-0.0500000000000002,-1.6233766233766267,49212949.0
981,20190222,3.02,3.23,3.01,3.19,0.1600000000000001,5.280528052805278,77538959.0
981,20190225,3.24,3.49,3.19,3.4,0.2099999999999999,6.583072100313481,99200106.0
981,20190226,3.4,3.74,3.34,3.7,0.3000000000000002,8.823529411764719,123378201.0
981,20190227,3.59,3.84,3.53,3.72,0.02,0.540540540540535,137147768.0
981,20190228,3.7,3.73,3.56,3.6,-0.1200000000000001,-3.2258064516129115,67815554.0
981,20190301,3.58,3.63,3.5,3.56,-0.04,-1.1111111111111072,49811103.0
981,20190304,3.53,3.78,3.5,3.68,0.1200000000000001,3.370786516853941,99974633.0
981,20190305,3.66,3.87,3.62,3.84,0.1599999999999997,4.347826086956519,101651399.0
981,20190306,3.9,4.17,3.75,4.02,0.1799999999999997,4.6875,127481400.0
981,20190307,3.99,4.18,3.92,4.09,0.0700000000000002,1.7412935323383172,118501367.0
981,20190308,4.0,4.02,3.68,3.68,-0.4099999999999997,-10.024449877750609,105171504.0
981,20190311,3.68,3.82,3.56,3.81,0.1299999999999999,3.532608695652173,72080598.0
981,20190312,3.86,4.19,3.82,4.19,0.3800000000000003,9.973753280839915,169620137.0
981,20190313,4.19,4.61,4.11,4.61,0.4199999999999999,10.023866348448696,220123573.0
981,20190314,4.58,5.07,4.42,5.07,0.4599999999999999,9.97830802603037,221706695.0
981,20190315,5.2,5.39,4.62,4.77,-0.3000000000000007,-5.917159763313629,255888047.0
981,20190318,4.5,4.61,4.29,4.5,-0.2699999999999996,-5.660377358490553,158341956.0
981,20190319,4.36,4.95,4.36,4.86,0.3600000000000003,8.000000000000007,169813881.0
981,20190320,4.7,4.84,4.54,4.62,-0.2400000000000002,-4.938271604938271,130079910.0
981,20190321,4.56,4.75,4.47,4.57,-0.0499999999999998,-1.0822510822510734,123347968.0
981,20190322,4.57,4.63,4.35,4.37,-0.2000000000000001,-4.37636761487965,94361985.0
981,20190325,4.6,4.81,4.5,4.81,0.4399999999999995,10.068649885583516,170826334.0
981,20190326,5.0,5.26,4.72,4.8,-0.0099999999999997,-0.2079002079002023,259531382.0
981,20190327,4.66,4.81,4.4,4.54,-0.2599999999999998,-5.416666666666659,127393343.0
981,20190328,4.41,4.46,4.09,4.17,-0.3700000000000001,-8.149779735682827,127745686.0
981,20190329,4.06,4.26,4.01,4.23,0.0600000000000005,1.4388489208633226,86545343.0
981,20190401,4.27,4.39,4.18,4.37,0.1399999999999996,3.3096926713947816,96533996.0
981,20190402,4.38,4.81,4.3,4.81,0.4399999999999995,10.068649885583516,178537794.0
981,20190403,4.89,5.25,4.65,5.0,0.1900000000000004,3.950103950103956,256082017.0
981,20190404,4.89,5.22,4.75,4.95,-0.0499999999999998,-1.0000000000000009,190132100.0
981,20190408,4.89,5.19,4.87,5.19,0.2400000000000002,4.8484848484848575,207379967.0
981,20190409,5.2,5.35,5.01,5.29,0.0999999999999996,1.9267822736030784,225834925.0
981,20190410,5.17,5.17,4.82,4.89,-0.4000000000000003,-7.561436672967869,175256171.0
981,20190411,4.83,4.92,4.56,4.6,-0.29,-5.9304703476482645,116312354.0
981,20190412,4.59,4.73,4.55,4.71,0.1100000000000003,2.3913043478260843,67594425.0
981,20190415,4.76,4.8,4.5,4.51,-0.2000000000000001,-4.24628450106157,86456490.0
981,20190416,4.41,4.67,4.21,4.61,0.1000000000000005,2.2172949002217335,93343921.0
981,20190417,4.58,4.75,4.52,4.64,0.0299999999999993,0.6507592190889255,85302360.0
981,20190418,4.66,4.77,4.52,4.58,-0.0599999999999996,-1.2931034482758563,64840450.0
981,20190419,4.5,4.57,4.41,4.5,-0.08,-1.7467248908296984,63383647.0
981,20190422,4.5,4.51,4.33,4.36,-0.1399999999999996,-3.111111111111109,64085123.0
981,20190423,4.36,4.36,4.16,4.23,-0.1299999999999999,-2.981651376146788,54741659.0
981,20190424,4.28,4.34,4.23,4.34,0.1099999999999994,2.6004728132387633,42559080.0
981,20190425,4.34,4.34,4.0,4.07,-0.2699999999999996,-6.221198156682018,73757912.0
981,20190426,3.66,3.66,3.66,3.66,-0.4100000000000001,-10.073710073710076,17369100.0
981,20190429,3.29,3.29,3.29,3.29,-0.3700000000000001,-10.10928961748634,4976600.0
981,20190506,3.13,3.13,3.13,3.13,-0.1600000000000001,-4.863221884498481,988100.0
981,20190507,2.97,2.97,2.97,2.97,-0.1599999999999997,-5.111821086261969,1171100.0
981,20190508,2.82,2.82,2.82,2.82,-0.1500000000000003,-5.050505050505061,684800.0
981,20190509,2.68,2.68,2.68,2.68,-0.1399999999999996,-4.964539007092183,622300.0
981,20190510,2.55,2.68,2.55,2.55,-0.1300000000000003,-4.850746268656724,165495265.0
981,20190513,2.46,2.47,2.42,2.42,-0.1299999999999999,-5.098039215686267,57946914.0
981,20190514,2.3,2.33,2.3,2.3,-0.1200000000000001,-4.958677685950419,18097400.0
981,20190515,2.19,2.28,2.19,2.21,-0.0899999999999998,-3.913043478260869,122538372.0
981,20190516,2.18,2.31,2.16,2.25,0.04,1.8099547511312153,67902099.0
981,20190517,2.23,2.25,2.14,2.14,-0.1099999999999998,-4.8888888888888875,73175566.0
981,20190520,2.03,2.06,2.03,2.03,-0.1100000000000003,-5.140186915887868,12806700.0
981,20190521,1.93,1.97,1.93,1.93,-0.0999999999999998,-4.92610837438423,83813756.0
981,20190522,1.89,1.95,1.83,1.88,-0.05,-2.590673575129532,65603582.0
981,20190523,1.88,1.9,1.79,1.8,-0.0799999999999998,-4.255319148936165,57742328.0
981,20190524,1.78,1.83,1.72,1.75,-0.05,-2.777777777777779,49713797.0
981,20190527,1.77,1.84,1.72,1.84,0.09,5.142857142857138,55816402.0
981,20190528,1.84,1.93,1.82,1.93,0.0899999999999998,4.891304347826075,71955312.0
981,20190529,1.91,1.95,1.83,1.86,-0.0699999999999998,-3.626943005181338,57320681.0
981,20190530,1.84,1.89,1.82,1.87,0.01,0.5376344086021501,30993101.0
981,20190531,1.85,1.91,1.84,1.86,-0.01,-0.5347593582887722,31169487.0
981,20190603,1.85,1.86,1.77,1.77,-0.09,-4.838709677419361,39247400.0
981,20190604,1.74,1.77,1.68,1.71,-0.06,-3.3898305084745783,42022281.0
981,20190605,1.72,1.8,1.71,1.76,0.05,2.923976608187129,34087595.0
981,20190606,1.76,1.77,1.69,1.72,-0.04,-2.2727272727272707,26895093.0
981,20190610,1.7,1.73,1.67,1.72,0.0,0.0,23368054.0
981,20190611,1.7,1.8,1.7,1.78,0.06,3.488372093023262,34301030.0
981,20190612,1.77,1.85,1.75,1.8,0.02,1.1235955056179805,35698832.0
981,20190613,1.78,1.89,1.78,1.89,0.0899999999999998,4.999999999999982,44681785.0
981,20190614,1.93,1.93,1.82,1.85,-0.0399999999999998,-2.116402116402105,49547600.0
981,20190617,1.84,1.94,1.82,1.94,0.0899999999999998,4.86486486486486,45264088.0
981,20190618,1.94,1.94,1.84,1.84,-0.0999999999999998,-5.154639175257724,29732700.0
981,20190619,1.75,1.79,1.75,1.75,-0.09,-4.891304347826086,25249537.0
981,20190620,1.66,1.66,1.66,1.66,-0.09,-5.1428571428571495,6963600.0
981,20190621,1.66,1.74,1.66,1.72,0.06,3.6144578313253017,66145791.0
981,20190624,1.67,1.68,1.63,1.66,-0.06,-3.488372093023262,50289860.0
981,20190625,1.66,1.73,1.64,1.72,0.06,3.6144578313253017,45692560.0
981,20190626,1.7,1.81,1.69,1.81,0.09,5.232558139534893,46921653.0
981,20190627,1.81,1.88,1.77,1.85,0.04,2.20994475138121,53255722.0
981,20190628,1.84,1.87,1.77,1.8,-0.05,-2.7027027027027084,40374240.0
981,20190701,1.81,1.85,1.78,1.83,0.03,1.6666666666666607,37451153.0
981,20190702,1.82,1.92,1.82,1.92,0.0899999999999998,4.918032786885229,37447689.0
981,20190703,1.95,1.99,1.89,1.91,-0.01,-0.520833333333337,64256192.0
981,20190704,1.91,1.95,1.88,1.92,0.01,0.5235602094240788,28675129.0
981,20190705,1.92,1.93,1.82,1.89,-0.03,-1.5625,29850800.0
981,20190708,1.83,1.83,1.8,1.8,-0.0899999999999998,-4.761904761904756,22407400.0
981,20190709,1.74,1.78,1.71,1.76,-0.04,-2.2222222222222254,25655829.0
981,20190710,1.77,1.82,1.76,1.8,0.04,2.2727272727272707,22296038.0
981,20190711,1.8,1.81,1.77,1.78,-0.02,-1.1111111111111072,16489993.0
981,20190712,1.76,1.82,1.75,1.8,0.02,1.1235955056179805,17424200.0
981,20190715,1.79,1.81,1.76,1.79,-0.01,-0.5555555555555536,20576552.0
981,20190716,1.77,1.79,1.75,1.76,-0.03,-1.6759776536312887,18773601.0
981,20190717,1.77,1.77,1.72,1.74,-0.02,-1.1363636363636354,20641800.0
981,20190718,1.74,1.74,1.7,1.71,-0.03,-1.7241379310344862,15569600.0
981,20190719,1.71,1.74,1.7,1.71,0.0,0.0,9788660.0
981,20190722,1.71,1.72,1.62,1.62,-0.0899999999999998,-5.263157894736836,31091900.0
981,20190723,1.59,1.64,1.58,1.63,0.0099999999999997,0.6172839506172645,15228119.0
981,20190724,1.63,1.67,1.62,1.65,0.02,1.2269938650306678,13823700.0
981,20190725,1.69,1.7,1.65,1.66,0.01,0.60606060606061,16775739.0
981,20190726,1.65,1.67,1.64,1.65,-0.01,-0.6024096385542133,9938080.0
981,20190729,1.64,1.65,1.61,1.61,-0.0399999999999998,-2.4242424242424176,12446600.0
981,20190730,1.61,1.65,1.61,1.63,0.0199999999999997,1.2422360248447006,10854483.0
981,20190731,1.67,1.71,1.67,1.71,0.08,4.907975460122693,15888564.0
981,20190801,1.75,1.78,1.71,1.73,0.02,1.1695906432748648,44354064.0
981,20190802,1.69,1.69,1.64,1.66,-0.07,-4.046242774566478,28990164.0
981,20190805,1.65,1.66,1.61,1.61,-0.0499999999999998,-3.0120481927710774,18158165.0
981,20190806,1.55,1.56,1.53,1.54,-0.07,-4.34782608695653,28458100.0
981,20190807,1.55,1.6,1.54,1.55,0.01,0.6493506493506551,16231563.0
981,20190808,1.56,1.63,1.55,1.63,0.0799999999999998,5.161290322580636,30607330.0
981,20190809,1.62,1.65,1.58,1.59,-0.0399999999999998,-2.4539877300613355,22310600.0
981,20190812,1.59,1.61,1.57,1.59,0.0,0.0,10236564.0
981,20190813,1.58,1.63,1.57,1.61,0.02,1.2578616352201255,15830924.0
981,20190814,1.62,1.64,1.59,1.6,-0.01,-0.6211180124223614,13529000.0
981,20190815,1.55,1.59,1.53,1.58,-0.02,-1.2499999999999956,15656638.0
981,20190816,1.57,1.59,1.56,1.57,-0.01,-0.6329113924050667,11975144.0
981,20190819,1.58,1.62,1.57,1.61,0.04,2.547770700636942,15140180.0
981,20190820,1.6,1.63,1.59,1.6,-0.01,-0.6211180124223614,16706764.0
981,20190821,1.59,1.63,1.58,1.61,0.01,0.6250000000000089,13300564.0
981,20190822,1.61,1.62,1.59,1.61,0.0,0.0,11375350.0
981,20190823,1.6,1.62,1.59,1.6,-0.01,-0.6211180124223614,13585300.0
981,20190826,1.58,1.61,1.57,1.58,-0.02,-1.2499999999999956,15926560.0
981,20190827,1.59,1.62,1.58,1.6,0.02,1.265822784810133,15707660.0
981,20190828,1.6,1.61,1.58,1.59,-0.01,-0.6249999999999978,13726790.0
981,20190829,1.59,1.59,1.55,1.56,-0.03,-1.8867924528301885,18252988.0
981,20190830,1.56,1.57,1.52,1.54,-0.02,-1.2820512820512886,18550900.0
981,20190902,1.53,1.56,1.52,1.55,0.01,0.6493506493506551,14016778.0
981,20190903,1.55,1.58,1.54,1.56,0.01,0.6451612903225712,15223339.0
981,20190904,1.55,1.56,1.53,1.55,-0.01,-0.6410256410256387,17027494.0
981,20190905,1.55,1.57,1.54,1.55,0.0,0.0,20308400.0
981,20190906,1.56,1.56,1.53,1.54,-0.01,-0.6451612903225823,15049480.0
981,20190909,1.55,1.56,1.51,1.54,0.0,0.0,32905833.0
981,20190910,1.53,1.55,1.52,1.54,0.0,0.0,24754700.0
981,20190911,1.54,1.55,1.53,1.54,0.0,0.0,15776700.0
981,20190912,1.54,1.55,1.53,1.54,0.0,0.0,13091580.0
981,20190916,1.51,1.53,1.48,1.49,-0.05,-3.2467532467532534,38162400.0
981,20190917,1.5,1.56,1.5,1.53,0.04,2.684563758389258,37405941.0
981,20190918,1.52,1.53,1.5,1.51,-0.02,-1.3071895424836666,21399941.0
981,20190919,1.51,1.52,1.48,1.51,0.0,0.0,17740600.0
981,20190920,1.51,1.53,1.49,1.51,0.0,0.0,17549726.0
981,20190923,1.51,1.51,1.49,1.5,-0.01,-0.6622516556291425,11615300.0
981,20190924,1.5,1.51,1.49,1.49,-0.01,-0.666666666666671,12036770.0
981,20190925,1.5,1.51,1.48,1.5,0.01,0.6711409395973256,16275780.0
981,20190926,1.5,1.5,1.43,1.43,-0.07,-4.666666666666675,35127500.0
981,20190927,1.41,1.43,1.38,1.41,-0.02,-1.3986013986013957,17617800.0
981,20190930,1.4,1.42,1.39,1.39,-0.02,-1.4184397163120588,10725700.0
981,20191008,1.39,1.4,1.36,1.37,-0.0199999999999997,-1.4388489208632893,14039059.0
981,20191009,1.36,1.39,1.34,1.39,0.0199999999999997,1.4598540145985162,20036000.0
981,20191010,1.41,1.46,1.4,1.46,0.07,5.035971223021596,14884959.0
981,20191011,1.48,1.5,1.41,1.44,-0.02,-1.3698630136986356,31634059.0
981,20191014,1.43,1.45,1.42,1.44,0.0,0.0,11534406.0
981,20191015,1.43,1.44,1.39,1.39,-0.05,-3.472222222222221,12649500.0
981,20191016,1.38,1.39,1.33,1.36,-0.0299999999999998,-2.1582733812949506,25969196.0
981,20191017,1.35,1.35,1.3,1.32,-0.04,-2.941176470588236,18075403.0
981,20191018,1.32,1.34,1.31,1.33,0.01,0.7575757575757569,12331900.0
981,20191021,1.34,1.34,1.31,1.32,-0.01,-0.7518796992481258,8818303.0
981,20191022,1.32,1.33,1.3,1.31,-0.01,-0.7575757575757569,9611147.0
981,20191023,1.31,1.32,1.3,1.31,0.0,0.0,8158100.0
981,20191024,1.31,1.32,1.3,1.31,0.0,0.0,8999100.0
981,20191025,1.3,1.31,1.26,1.28,-0.03,-2.2900763358778664,21377491.0
981,20191028,1.28,1.29,1.26,1.28,0.0,0.0,13620135.0
981,20191029,1.27,1.28,1.26,1.27,-0.01,-0.78125,11260630.0
981,20191030,1.26,1.26,1.21,1.21,-0.06,-4.7244094488189,27437400.0
981,20191031,1.23,1.27,1.23,1.24,0.03,2.4793388429751984,27028300.0
981,20191101,1.23,1.25,1.18,1.23,-0.01,-0.8064516129032251,19660300.0
981,20191104,1.24,1.24,1.21,1.21,-0.02,-1.6260162601625994,10715900.0
981,20191105,1.21,1.23,1.21,1.22,0.01,0.8264462809917328,7674300.0
981,20191106,1.22,1.28,1.21,1.28,0.06,4.918032786885251,34443698.0
981,20191107,1.26,1.29,1.24,1.25,-0.03,-2.34375,25928424.0
981,20191108,1.26,1.29,1.25,1.26,0.01,0.8000000000000007,16054003.0
981,20191111,1.25,1.25,1.22,1.22,-0.04,-3.1746031746031744,11679100.0
981,20191112,1.22,1.28,1.22,1.28,0.06,4.918032786885251,33529681.0
981,20191113,1.27,1.31,1.26,1.28,0.0,0.0,19206869.0
981,20191114,1.27,1.3,1.26,1.28,0.0,0.0,12816544.0
981,20191115,1.28,1.29,1.26,1.26,-0.02,-1.5625,6930600.0
981,20191118,1.24,1.27,1.24,1.25,-0.01,-0.7936507936507908,11009900.0
981,20191119,1.25,1.28,1.24,1.26,0.01,0.8000000000000007,10634547.0
981,20191120,1.26,1.27,1.24,1.25,-0.01,-0.7936507936507908,11888900.0
981,20191121,1.25,1.27,1.24,1.27,0.02,1.6000000000000014,8434620.0
981,20191122,1.27,1.32,1.26,1.3,0.03,2.3622047244094446,23294350.0
981,20191125,1.29,1.37,1.28,1.36,0.06,4.615384615384621,28516224.0
981,20191126,1.38,1.38,1.32,1.33,-0.03,-2.2058823529411797,21555224.0
981,20191127,1.33,1.39,1.31,1.37,0.04,3.007518796992481,30519375.0
981,20191128,1.36,1.42,1.35,1.39,0.0199999999999997,1.4598540145985162,26688747.0
981,20191129,1.38,1.42,1.37,1.4,0.01,0.7194244604316502,21042368.0
981,20191202,1.38,1.39,1.33,1.36,-0.0399999999999998,-2.857142857142847,21448600.0
981,20191203,1.35,1.43,1.34,1.43,0.0699999999999998,5.1470588235293935,28643264.0
981,20191204,1.43,1.5,1.41,1.42,-0.01,-0.6993006993006978,43779901.0
981,20191205,1.43,1.43,1.39,1.41,-0.01,-0.7042253521126751,16986500.0
981,20191206,1.41,1.46,1.4,1.44,0.03,2.127659574468077,15941400.0
981,20191209,1.47,1.49,1.43,1.44,0.0,0.0,20064000.0
981,20191210,1.43,1.45,1.39,1.41,-0.03,-2.083333333333337,15878644.0
981,20191211,1.41,1.45,1.41,1.43,0.02,1.4184397163120588,12769848.0
981,20191212,1.44,1.47,1.41,1.42,-0.01,-0.6993006993006978,16102632.0
981,20191213,1.42,1.45,1.41,1.44,0.02,1.4084507042253502,14701100.0
981,20191216,1.45,1.47,1.44,1.44,0.0,0.0,13583332.0
981,20191217,1.5,1.5,1.47,1.49,0.05,3.472222222222232,29589212.0
981,20191218,1.48,1.56,1.47,1.56,0.07,4.697986577181212,37066556.0
981,20191219,1.56,1.64,1.55,1.64,0.0799999999999998,5.12820512820511,52375599.0
981,20191220,1.66,1.69,1.56,1.6,-0.0399999999999998,-2.4390243902438935,48093758.0
981,20191223,1.64,1.68,1.61,1.68,0.0799999999999998,4.999999999999982,60934869.0
981,20191224,1.67,1.76,1.64,1.76,0.08,4.761904761904767,50712828.0
981,20191225,1.77,1.85,1.74,1.85,0.09,5.113636363636376,75979825.0
981,20191226,1.85,1.94,1.83,1.94,0.0899999999999998,4.86486486486486,44365270.0
981,20191227,2.04,2.04,2.0,2.04,0.1,5.154639175257736,33387583.0
981,20191230,2.09,2.09,1.94,1.94,-0.1,-4.90196078431373,74967733.0
981,20191231,1.86,1.89,1.84,1.84,-0.0999999999999998,-5.154639175257724,13512000.0
981,20200102,1.75,1.92,1.75,1.89,0.0499999999999998,2.717391304347827,62882661.0
981,20200103,1.87,1.92,1.8,1.81,-0.0799999999999998,-4.232804232804222,40518670.0
981,20200106,1.83,1.86,1.75,1.8,-0.01,-0.5524861878453025,24474226.0
981,20200107,1.8,1.85,1.78,1.82,0.02,1.1111111111111072,20667178.0
981,20200108,1.81,1.85,1.79,1.81,-0.01,-0.5494505494505475,21852119.0
981,20200109,1.81,1.82,1.78,1.82,0.01,0.5524861878453136,25132561.0
981,20200110,1.77,1.84,1.76,1.79,-0.03,-1.6483516483516536,25381575.0
981,20200113,1.79,1.79,1.76,1.77,-0.02,-1.1173184357541888,18220990.0
981,20200114,1.78,1.79,1.68,1.68,-0.09,-5.084745762711873,38994684.0
981,20200115,1.67,1.7,1.63,1.67,-0.01,-0.5952380952380931,21461384.0
981,20200116,1.67,1.67,1.59,1.59,-0.0799999999999998,-4.79041916167664,32663900.0
981,20200117,1.56,1.67,1.55,1.67,0.0799999999999998,5.031446540880502,36112082.0
981,20200120,1.68,1.75,1.66,1.7,0.03,1.7964071856287456,43572424.0
981,20200121,1.68,1.68,1.62,1.62,-0.0799999999999998,-4.70588235294117,23927800.0
981,20200122,1.61,1.64,1.57,1.61,-0.01,-0.6172839506172867,14461581.0
981,20200123,1.6,1.62,1.53,1.57,-0.04,-2.4844720496894457,17813100.0
981,20200203,1.49,1.49,1.49,1.49,-0.08,-5.095541401273884,661400.0
981,20200204,1.42,1.42,1.42,1.42,-0.07,-4.697986577181212,3830900.0
981,20200205,1.36,1.46,1.36,1.4,-0.02,-1.4084507042253502,31021830.0
981,20200206,1.39,1.41,1.37,1.4,0.0,0.0,17257940.0
981,20200207,1.4,1.47,1.38,1.47,0.07,5.000000000000004,22954777.0
981,20200210,1.5,1.54,1.47,1.54,0.07,4.761904761904767,22387727.0
981,20200211,1.58,1.59,1.51,1.52,-0.02,-1.2987012987012991,23249207.0
981,20200212,1.52,1.55,1.5,1.52,0.0,0.0,12118280.0
981,20200213,1.53,1.54,1.49,1.49,-0.03,-1.9736842105263164,11660844.0
981,20200214,1.49,1.51,1.48,1.49,0.0,0.0,9853421.0
981,20200217,1.48,1.54,1.48,1.53,0.04,2.684563758389258,12719177.0
981,20200218,1.54,1.57,1.52,1.56,0.03,1.9607843137254832,16051055.0
981,20200219,1.59,1.64,1.56,1.64,0.0799999999999998,5.12820512820511,32507150.0
981,20200220,1.63,1.7,1.6,1.67,0.03,1.8292682926829285,35577380.0
981,20200221,1.68,1.7,1.64,1.65,-0.02,-1.19760479041916,21142306.0
981,20200224,1.65,1.65,1.61,1.61,-0.0399999999999998,-2.4242424242424176,18147400.0
981,20200225,1.54,1.69,1.54,1.63,0.0199999999999997,1.2422360248447006,27564793.0
981,20200226,1.62,1.63,1.58,1.6,-0.0299999999999998,-1.8404907975460016,20064806.0
981,20200227,1.59,1.61,1.58,1.58,-0.02,-1.2499999999999956,10391900.0
981,20200228,1.55,1.56,1.5,1.5,-0.08,-5.063291139240511,25463600.0
981,20200302,1.5,1.53,1.49,1.52,0.02,1.333333333333342,17020122.0
981,20200303,1.53,1.54,1.51,1.51,-0.01,-0.6578947368421018,11784810.0
981,20200304,1.51,1.52,1.49,1.51,0.0,0.0,13945228.0
981,20200305,1.52,1.58,1.51,1.56,0.05,3.31125827814569,17484893.0
981,20200306,1.53,1.56,1.52,1.53,-0.03,-1.9230769230769271,17314300.0
981,20200309,1.51,1.52,1.47,1.47,-0.06,-3.9215686274509887,16749100.0
981,20200310,1.45,1.48,1.41,1.47,0.0,0.0,22202618.0
981,20200311,1.47,1.52,1.46,1.48,0.01,0.6802721088435382,21522941.0
981,20200312,1.47,1.47,1.43,1.44,-0.04,-2.7027027027027084,15272430.0
981,20200313,1.38,1.44,1.37,1.44,0.0,0.0,20332067.0
981,20200316,1.44,1.45,1.38,1.39,-0.05,-3.472222222222221,12094203.0
981,20200317,1.38,1.42,1.32,1.39,0.0,0.0,17507112.0
981,20200318,1.39,1.41,1.35,1.35,-0.0399999999999998,-2.877697841726601,10493812.0
981,20200319,1.34,1.37,1.29,1.36,0.01,0.7407407407407307,19053116.0
981,20200320,1.36,1.38,1.33,1.37,0.01,0.7352941176470562,17613100.0
981,20200323,1.34,1.35,1.32,1.33,-0.04,-2.919708029197088,10606900.0
981,20200324,1.34,1.35,1.33,1.35,0.02,1.5037593984962516,15847963.0
981,20200325,1.37,1.37,1.35,1.37,0.02,1.4814814814814836,9885100.0
981,20200326,1.36,1.36,1.33,1.34,-0.03,-2.1897810218978075,8916400.0
981,20200327,1.35,1.36,1.34,1.34,0.0,0.0,5559100.0
981,20200330,1.34,1.34,1.32,1.33,-0.01,-0.7462686567164201,8114060.0
981,20200331,1.34,1.35,1.32,1.33,0.0,0.0,6468200.0
981,20200401,1.33,1.33,1.31,1.33,0.0,0.0,6797300.0
981,20200402,1.32,1.33,1.3,1.32,-0.01,-0.7518796992481258,8196500.0
981,20200403,1.32,1.33,1.3,1.31,-0.01,-0.7575757575757569,7464280.0
981,20200407,1.33,1.34,1.32,1.33,0.02,1.526717557251911,8030380.0
981,20200408,1.33,1.4,1.32,1.4,0.0699999999999998,5.263157894736836,15714500.0
981,20200409,1.42,1.45,1.4,1.4,0.0,0.0,20465300.0
981,20200410,1.41,1.44,1.4,1.43,0.03,2.1428571428571352,13546796.0
981,20200413,1.43,1.46,1.41,1.46,0.03,2.0979020979021046,10560612.0
981,20200414,1.46,1.48,1.41,1.43,-0.03,-2.0547945205479423,13978300.0
981,20200415,1.43,1.44,1.41,1.41,-0.02,-1.3986013986013957,8868000.0
981,20200416,1.41,1.41,1.36,1.38,-0.03,-2.127659574468088,12989800.0
981,20200417,1.38,1.44,1.38,1.41,0.03,2.1739130434782705,10625500.0
981,20200420,1.41,1.42,1.38,1.39,-0.02,-1.4184397163120588,7309418.0
981,20200421,1.38,1.4,1.36,1.37,-0.0199999999999997,-1.4388489208632893,8325100.0
981,20200422,1.36,1.39,1.35,1.37,0.0,0.0,5037500.0
981,20200423,1.38,1.39,1.36,1.37,0.0,0.0,5200370.0
981,20200424,1.37,1.38,1.34,1.35,-0.02,-1.4598540145985384,7122763.0
981,20200427,1.36,1.37,1.34,1.34,-0.01,-0.7407407407407418,3841500.0
981,20200428,1.34,1.35,1.3,1.32,-0.02,-1.49253731343284,6634923.0
981,20200429,1.31,1.38,1.31,1.34,0.02,1.5151515151515138,8115100.0
981,20200430,1.27,1.32,1.27,1.31,-0.03,-2.23880597014926,25178004.0
981,20200506,1.3,1.31,1.28,1.3,-0.01,-0.7633587786259555,7211370.0
981,20200507,1.3,1.37,1.29,1.37,0.07,5.384615384615388,21309896.0
981,20200508,1.35,1.4,1.35,1.37,0.0,0.0,12319541.0
981,20200511,1.37,1.38,1.33,1.34,-0.03,-2.1897810218978075,11871673.0
981,20200512,1.33,1.36,1.33,1.35,0.01,0.746268656716409,8137077.0
981,20200513,1.35,1.35,1.32,1.33,-0.02,-1.4814814814814836,5650200.0
981,20200514,1.33,1.34,1.32,1.33,0.0,0.0,6764100.0
981,20200515,1.33,1.34,1.31,1.31,-0.02,-1.5037593984962403,5725900.0
981,20200518,1.3,1.31,1.28,1.3,-0.01,-0.7633587786259555,7842340.0
981,20200519,1.31,1.33,1.28,1.29,-0.01,-0.7692307692307665,8895900.0
981,20200520,1.29,1.31,1.29,1.3,0.01,0.7751937984496138,6772090.0
981,20200521,1.3,1.35,1.3,1.31,0.01,0.7692307692307665,9404100.0
981,20200522,1.3,1.32,1.29,1.29,-0.02,-1.526717557251911,6702590.0
981,20200525,1.29,1.29,1.23,1.23,-0.06,-4.651162790697683,25777400.0
981,20200526,1.22,1.25,1.21,1.24,0.01,0.8130081300812941,8501072.0
981,20200527,1.24,1.28,1.24,1.27,0.03,2.4193548387096753,11425592.0
981,20200528,1.27,1.33,1.27,1.33,0.06,4.7244094488189115,24971262.0
981,20200529,1.32,1.4,1.32,1.38,0.0499999999999998,3.7593984962405846,28428576.0
981,20200601,1.39,1.39,1.34,1.37,-0.0099999999999997,-0.7246376811594013,13790816.0
981,20200602,1.38,1.44,1.38,1.43,0.0599999999999998,4.379562043795615,16937986.0
981,20200603,1.45,1.46,1.4,1.42,-0.01,-0.6993006993006978,12367782.0
981,20200604,1.42,1.43,1.35,1.38,-0.04,-2.8169014084507116,14299970.0
981,20200605,1.38,1.38,1.35,1.38,0.0,0.0,8530330.0
981,20200608,1.38,1.4,1.37,1.39,0.01,0.7246376811594235,8632480.0
981,20200609,1.38,1.39,1.36,1.37,-0.0199999999999997,-1.4388489208632893,6426700.0
981,20200610,1.37,1.37,1.34,1.35,-0.02,-1.4598540145985384,6975300.0
981,20200611,1.34,1.36,1.32,1.34,-0.01,-0.7407407407407418,6954503.0
981,20200612,1.32,1.34,1.31,1.34,0.0,0.0,6775890.0
981,20200615,1.35,1.37,1.34,1.35,0.01,0.746268656716409,7719470.0
981,20200616,1.35,1.35,1.32,1.33,-0.02,-1.4814814814814836,6858956.0
981,20200617,1.33,1.35,1.32,1.34,0.01,0.7518796992481258,5451270.0
981,20200618,1.33,1.4,1.33,1.35,0.01,0.746268656716409,11768603.0
981,20200619,1.35,1.35,1.32,1.32,-0.03,-2.2222222222222254,10097903.0
981,20200623,1.27,1.39,1.27,1.39,0.0699999999999998,5.303030303030298,30523412.0
981,20200624,1.42,1.42,1.37,1.41,0.02,1.4388489208633004,18605100.0
981,20200629,1.47,1.47,1.38,1.39,-0.02,-1.4184397163120588,21541000.0
981,20200630,1.39,1.4,1.32,1.36,-0.0299999999999998,-2.1582733812949506,16252450.0
981,20200701,1.35,1.36,1.33,1.34,-0.02,-1.4705882352941235,7677590.0
981,20200702,1.35,1.36,1.32,1.33,-0.01,-0.7462686567164201,11013600.0
981,20200703,1.33,1.35,1.32,1.35,0.02,1.5037593984962516,7985990.0
981,20200706,1.35,1.35,1.3,1.34,-0.01,-0.7407407407407418,36261285.0
981,20200707,1.33,1.35,1.32,1.33,-0.01,-0.7462686567164201,21559330.0
981,20200708,1.33,1.33,1.31,1.32,-0.01,-0.7518796992481258,18001594.0
981,20200709,1.32,1.34,1.31,1.34,0.02,1.5151515151515138,19632900.0
981,20200710,1.33,1.34,1.32,1.33,-0.01,-0.7462686567164201,16458100.0
981,20200713,1.33,1.34,1.32,1.33,0.0,0.0,19804482.0
981,20200714,1.33,1.4,1.31,1.4,0.0699999999999998,5.263157894736836,45018293.0
981,20200715,1.45,1.47,1.42,1.47,0.07,5.000000000000004,43537854.0
981,20200716,1.49,1.5,1.4,1.4,-0.07,-4.761904761904767,48044500.0
981,20200717,1.38,1.4,1.36,1.37,-0.0299999999999998,-2.142857142857124,19625700.0
981,20200720,1.38,1.43,1.37,1.39,0.0199999999999997,1.4598540145985162,20120482.0
981,20200721,1.39,1.4,1.38,1.4,0.01,0.7194244604316502,11049782.0
981,20200722,1.4,1.47,1.39,1.47,0.07,5.000000000000004,37894282.0
981,20200723,1.46,1.47,1.4,1.43,-0.04,-2.7210884353741527,28167300.0
981,20200724,1.42,1.46,1.38,1.4,-0.03,-2.0979020979021046,25133246.0
981,20200727,1.4,1.47,1.38,1.46,0.06,4.285714285714293,33139100.0
981,20200728,1.47,1.5,1.44,1.47,0.01,0.6849315068493178,18763356.0
981,20200729,1.51,1.54,1.49,1.54,0.07,4.761904761904767,19429580.0
981,20200730,1.61,1.62,1.59,1.62,0.08,5.1948051948051965,16926280.0
981,20200731,1.65,1.67,1.54,1.6,-0.02,-1.2345679012345734,53808630.0
981,20200803,1.63,1.64,1.57,1.61,0.01,0.6250000000000089,28285000.0
981,20200804,1.6,1.69,1.58,1.69,0.0799999999999998,4.968944099378869,42704300.0
981,20200805,1.71,1.77,1.67,1.77,0.08,4.7337278106508895,27774459.0
981,20200806,1.83,1.86,1.76,1.79,0.02,1.1299435028248703,45921000.0
981,20200807,1.77,1.82,1.75,1.77,-0.02,-1.1173184357541888,25007650.0
981,20200810,1.83,1.86,1.82,1.86,0.09,5.084745762711873,10861166.0
981,20200811,1.95,1.95,1.95,1.95,0.0899999999999998,4.8387096774193505,4796181.0
981,20200812,2.05,2.05,1.85,1.97,0.02,1.025641025641022,72719625.0
981,20200813,1.95,2.06,1.95,2.02,0.05,2.538071065989844,39273734.0
981,20200814,1.97,2.03,1.92,1.92,-0.1,-4.950495049504955,32224700.0
981,20200817,1.89,1.92,1.82,1.83,-0.0899999999999998,-4.687499999999989,44918550.0
981,20200818,1.84,1.92,1.81,1.92,0.0899999999999998,4.918032786885229,33393600.0
981,20200819,1.93,2.01,1.89,1.97,0.05,2.604166666666674,30589277.0
981,20200820,1.96,2.01,1.94,1.95,-0.02,-1.015228426395942,20883244.0
981,20200821,1.95,2.0,1.93,1.97,0.02,1.025641025641022,19188400.0
981,20200824,1.98,1.98,1.94,1.95,-0.02,-1.015228426395942,11037647.0
981,20200825,1.98,2.01,1.86,1.9,-0.05,-2.564102564102566,21129270.0
981,20200826,1.88,1.91,1.81,1.81,-0.0899999999999998,-4.73684210526315,29423000.0
981,20200827,1.8,1.9,1.76,1.86,0.05,2.7624309392265234,24708733.0
981,20200828,1.86,1.9,1.85,1.87,0.01,0.5376344086021501,10966160.0
981,20200831,1.86,1.9,1.84,1.85,-0.02,-1.0695187165775444,13905200.0
981,20200901,1.83,1.85,1.81,1.83,-0.02,-1.0810810810810811,10718500.0
981,20200902,1.84,1.85,1.79,1.8,-0.03,-1.6393442622950838,14885233.0
981,20200903,1.8,1.81,1.72,1.74,-0.06,-3.3333333333333326,21400800.0
981,20200904,1.72,1.83,1.71,1.83,0.09,5.1724137931034475,29890103.0
981,20200907,1.83,1.9,1.81,1.82,-0.01,-0.5464480874316946,27169900.0
981,20200908,1.8,1.81,1.75,1.78,-0.04,-2.197802197802201,22557700.0
981,20200909,1.75,1.8,1.74,1.77,-0.01,-0.5617977528089901,14758600.0
981,20200910,1.77,1.79,1.71,1.73,-0.04,-2.259887005649719,13217603.0
981,20200911,1.74,1.81,1.74,1.8,0.07,4.046242774566489,12459045.0
981,20200914,1.82,1.88,1.82,1.84,0.04,2.2222222222222143,14142900.0
981,20200915,1.83,1.93,1.81,1.93,0.0899999999999998,4.891304347826075,23101535.0
981,20200916,1.92,1.95,1.85,1.88,-0.05,-2.590673575129532,16934790.0
981,20200917,1.88,1.97,1.86,1.97,0.09,4.78723404255319,41798755.0
981,20200918,1.93,1.96,1.9,1.93,-0.04,-2.0304568527918843,23730762.0
981,20200921,1.92,1.96,1.91,1.93,0.0,0.0,12335462.0
981,20200922,1.92,1.94,1.87,1.87,-0.0599999999999998,-3.1088082901554293,16537300.0
981,20200923,1.87,1.89,1.84,1.85,-0.02,-1.0695187165775444,10182700.0
981,20200924,1.84,1.86,1.79,1.8,-0.05,-2.7027027027027084,12373070.0
981,20200925,1.81,1.86,1.79,1.83,0.03,1.6666666666666607,10233500.0
981,20200928,1.84,1.92,1.82,1.87,0.04,2.1857923497267784,11771300.0
981,20200929,1.89,1.89,1.84,1.85,-0.02,-1.0695187165775444,7883515.0
981,20200930,1.84,1.89,1.83,1.87,0.02,1.0810810810810922,9014666.0
981,20201009,1.87,1.9,1.86,1.87,0.0,0.0,9154203.0
981,20201012,1.88,1.91,1.86,1.9,0.0299999999999998,1.6042780748662944,11426903.0
981,20201013,1.88,1.91,1.88,1.89,-0.01,-0.5263157894736858,9285600.0
981,20201014,1.9,1.93,1.89,1.9,0.01,0.5291005291005346,8375000.0
981,20201015,1.91,1.93,1.89,1.9,0.0,0.0,8598500.0
981,20201016,1.9,1.91,1.84,1.85,-0.0499999999999998,-2.631578947368407,14219200.0
981,20201019,1.87,1.88,1.84,1.85,0.0,0.0,9018500.0
981,20201020,1.87,1.88,1.84,1.86,0.01,0.540540540540535,6731500.0
981,20201021,1.86,1.86,1.82,1.84,-0.02,-1.0752688172043,6406000.0
981,20201022,1.83,1.84,1.81,1.82,-0.02,-1.0869565217391353,8871980.0
981,20201023,1.82,1.84,1.8,1.81,-0.01,-0.5494505494505475,7361800.0
981,20201026,1.81,1.88,1.8,1.86,0.05,2.7624309392265234,11428900.0
981,20201027,1.85,1.89,1.82,1.88,0.0199999999999997,1.0752688172043,11123380.0
981,20201028,1.89,1.9,1.82,1.85,-0.0299999999999998,-1.5957446808510525,8888500.0
981,20201029,1.82,1.94,1.82,1.94,0.0899999999999998,4.86486486486486,26083957.0
981,20201030,2.03,2.03,1.94,1.96,0.02,1.0309278350515427,37629015.0
981,20201102,1.93,1.99,1.93,1.95,-0.01,-0.5102040816326481,14844653.0
981,20201103,1.94,1.95,1.86,1.91,-0.04,-2.051282051282055,14479709.0
981,20201104,1.9,1.92,1.88,1.9,-0.01,-0.5235602094240788,9618400.0
981,20201105,1.91,1.99,1.89,1.96,0.06,3.157894736842115,16001123.0
981,20201106,1.96,1.96,1.92,1.93,-0.03,-1.530612244897955,8569700.0
981,20201109,1.93,1.96,1.9,1.93,0.0,0.0,10201220.0
981,20201110,1.93,1.96,1.92,1.92,-0.01,-0.5181347150259086,10996700.0
981,20201111,1.92,1.93,1.88,1.9,-0.02,-1.041666666666663,11191100.0
981,20201112,1.9,1.91,1.88,1.89,-0.01,-0.5263157894736858,8483820.0
981,20201113,1.89,1.93,1.88,1.9,0.01,0.5291005291005346,10372920.0
981,20201116,1.9,1.92,1.89,1.9,0.0,0.0,12755820.0
981,20201117,1.91,1.91,1.82,1.84,-0.0599999999999998,-3.157894736842093,15587700.0
981,20201118,1.8,1.93,1.8,1.93,0.0899999999999998,4.891304347826075,31181826.0
981,20201119,1.96,2.0,1.93,1.94,0.01,0.5181347150259086,27642540.0
981,20201120,1.94,1.97,1.91,1.97,0.03,1.546391752577314,15246528.0
981,20201123,1.97,2.02,1.95,1.99,0.02,1.015228426395942,24086435.0
981,20201124,1.98,2.03,1.97,1.98,-0.01,-0.5025125628140725,14584900.0
981,20201125,1.98,2.08,1.97,2.08,0.1,5.050505050505061,33671550.0
981,20201126,2.18,2.18,2.18,2.18,0.1,4.807692307692313,8883500.0
981,20201127,2.29,2.29,2.29,2.29,0.1099999999999998,5.045871559633031,2389200.0
981,20201130,2.24,2.37,2.18,2.24,-0.0499999999999998,-2.183406113537112,71342665.0
981,20201201,2.25,2.35,2.24,2.35,0.1099999999999998,4.910714285714279,33551295.0
981,20201202,2.44,2.47,2.34,2.43,0.08,3.404255319148941,67724390.0
981,20201203,2.45,2.51,2.41,2.45,0.02,0.8230452674897082,42266170.0
981,20201204,2.44,2.54,2.39,2.52,0.0699999999999998,2.857142857142847,43452873.0
981,20201214,2.43,2.56,2.39,2.39,-0.1299999999999999,-5.158730158730151,39679240.0
981,20201215,2.4,2.44,2.27,2.27,-0.1200000000000001,-5.020920502092052,33503851.0
981,20201216,2.37,2.38,2.27,2.38,0.1099999999999998,4.8458149779735615,28870947.0
981,20201217,2.38,2.47,2.36,2.41,0.0300000000000002,1.26050420168069,29446182.0
981,20201218,2.4,2.43,2.34,2.42,0.0099999999999997,0.4149377593360981,15689125.0
981,20201221,2.4,2.46,2.3,2.46,0.04,1.6528925619834656,39013928.0
981,20201222,2.42,2.48,2.38,2.39,-0.0699999999999998,-2.8455284552845517,23897000.0
981,20201223,2.37,2.45,2.37,2.41,0.02,0.8368200836819994,13371900.0
981,20201224,2.41,2.43,2.36,2.38,-0.0300000000000002,-1.2448132780083054,12468700.0
981,20201225,2.28,2.43,2.27,2.4,0.02,0.8403361344537785,25908070.0
981,20201228,2.3,2.39,2.28,2.28,-0.1200000000000001,-5.000000000000004,34053400.0
981,20201229,2.27,2.36,2.17,2.27,-0.0099999999999997,-0.4385964912280604,29422900.0
981,20201230,2.25,2.26,2.16,2.16,-0.1099999999999998,-4.8458149779735615,22061300.0
981,20201231,2.07,2.12,2.05,2.05,-0.1100000000000003,-5.092592592592604,21206097.0
981,20210104,1.97,2.1,1.95,2.04,-0.0099999999999997,-0.4878048780487698,39080723.0
981,20210105,1.99,2.04,1.95,1.96,-0.08,-3.9215686274509887,20313200.0
981,20210106,1.97,2.06,1.93,2.06,0.1,5.102040816326525,22593497.0
981,20210107,2.06,2.16,2.03,2.03,-0.0300000000000002,-1.456310679611661,23051400.0
981,20210108,2.01,2.06,1.94,1.99,-0.0399999999999998,-1.970443349753681,11869667.0
981,20210111,2.0,2.02,1.96,1.97,-0.02,-1.005025125628145,11407470.0
981,20210112,1.96,2.07,1.96,2.06,0.09,4.5685279187817285,15451640.0
981,20210113,2.14,2.16,2.1,2.16,0.1,4.854368932038833,22485160.0
981,20210114,2.18,2.27,2.14,2.25,0.0899999999999998,4.166666666666652,25746297.0
981,20210115,2.27,2.35,2.27,2.34,0.0899999999999998,4.0000000000000036,17312200.0
981,20210118,2.36,2.46,2.36,2.46,0.1200000000000001,5.128205128205132,17277713.0
981,20210119,2.53,2.53,2.35,2.35,-0.1099999999999998,-4.471544715447151,28271410.0
981,20210120,2.31,2.36,2.25,2.28,-0.0700000000000002,-2.9787234042553346,24245940.0
981,20210121,2.28,2.39,2.24,2.34,0.06,2.6315789473684292,17638300.0
981,20210122,2.31,2.4,2.31,2.33,-0.0099999999999997,-0.4273504273504147,19280160.0
981,20210125,2.35,2.36,2.3,2.31,-0.02,-0.8583690987124526,11568680.0
981,20210126,2.31,2.32,2.24,2.25,-0.06,-2.5974025974025983,12288600.0
981,20210127,2.26,2.36,2.24,2.36,0.1099999999999998,4.888888888888876,13977610.0
981,20210128,2.36,2.41,2.31,2.31,-0.0499999999999998,-2.1186440677966045,13971300.0
981,20210129,2.3,2.41,2.26,2.26,-0.0500000000000002,-2.16450216450218,17368600.0
981,20210201,2.15,2.22,2.15,2.15,-0.1099999999999998,-4.867256637168138,28774477.0
981,20210202,2.26,2.26,2.26,2.26,0.1099999999999998,5.116279069767438,14134135.0
981,20210203,2.37,2.37,2.37,2.37,0.1100000000000003,4.86725663716816,3871700.0
981,20210204,2.48,2.48,2.25,2.28,-0.0900000000000003,-3.797468354430389,39074884.0
981,20210205,2.28,2.3,2.23,2.25,-0.0299999999999998,-1.3157894736842035,8943900.0
981,20210208,2.24,2.25,2.15,2.16,-0.0899999999999998,-3.999999999999993,12809800.0
981,20210209,2.18,2.24,2.16,2.16,0.0,0.0,9832444.0
981,20210210,2.12,2.18,2.12,2.16,0.0,0.0,8461544.0
981,20210218,2.2,2.24,2.16,2.19,0.0299999999999998,1.388888888888884,9968590.0
981,20210219,2.19,2.2,2.17,2.2,0.0100000000000002,0.4566210045662267,8388988.0
981,20210222,2.2,2.31,2.18,2.29,0.0899999999999998,4.090909090909078,24093683.0
981,20210223,2.27,2.3,2.23,2.23,-0.06,-2.6200873362445476,11901800.0
981,20210224,2.23,2.26,2.2,2.22,-0.0099999999999997,-0.4484304932735328,9697500.0
981,20210225,2.21,2.23,2.19,2.2,-0.02,-0.9009009009009028,7604835.0
981,20210226,2.18,2.2,2.16,2.17,-0.0300000000000002,-1.363636363636378,7111400.0
981,20210301,2.18,2.22,2.15,2.2,0.0300000000000002,1.382488479262678,10258100.0
981,20210302,2.2,2.22,2.18,2.2,0.0,0.0,9100700.0
981,20210303,2.2,2.3,2.2,2.27,0.0699999999999998,3.1818181818181746,14611300.0
981,20210304,2.26,2.26,2.21,2.22,-0.0499999999999998,-2.2026431718061623,10904900.0
981,20210305,2.21,2.25,2.2,2.24,0.02,0.9009009009008916,7353400.0
981,20210308,2.23,2.32,2.21,2.21,-0.0300000000000002,-1.3392857142857206,15445000.0
981,20210309,2.21,2.23,2.11,2.18,-0.0299999999999998,-1.3574660633484117,12483551.0
981,20210310,2.18,2.21,2.16,2.18,0.0,0.0,7158600.0
981,20210311,2.17,2.19,2.16,2.18,0.0,0.0,7596603.0
981,20210312,2.18,2.22,2.18,2.2,0.02,0.917431192660545,7729303.0
981,20210315,2.19,2.22,2.18,2.2,0.0,0.0,8687900.0
981,20210316,2.19,2.25,2.18,2.25,0.0499999999999998,2.2727272727272707,11187600.0
981,20210317,2.24,2.27,2.23,2.23,-0.02,-0.8888888888888946,7314600.0
981,20210318,2.23,2.25,2.22,2.22,-0.0099999999999997,-0.4484304932735328,9017700.0
981,20210319,2.21,2.22,2.19,2.2,-0.02,-0.9009009009009028,10680000.0
981,20210322,2.21,2.26,2.19,2.25,0.0499999999999998,2.2727272727272707,12374357.0
981,20210323,2.25,2.26,2.16,2.19,-0.06,-2.6666666666666727,15716600.0
981,20210324,2.18,2.2,2.08,2.11,-0.08,-3.65296803652968,18563190.0
981,20210325,2.11,2.13,2.06,2.08,-0.0299999999999998,-1.421800947867291,14271544.0
981,20210326,2.08,2.17,2.07,2.15,0.0699999999999998,3.365384615384603,10393751.0
981,20210329,2.16,2.26,2.16,2.26,0.1099999999999998,5.116279069767438,25833551.0
981,20210330,2.26,2.26,2.15,2.17,-0.0899999999999998,-3.9823008849557473,32161785.0
981,20210331,2.16,2.2,2.09,2.1,-0.0699999999999998,-3.2258064516129004,14063803.0
981,20210401,2.09,2.17,2.08,2.15,0.0499999999999998,2.3809523809523725,12336809.0
981,20210402,2.04,2.08,2.04,2.05,-0.1,-4.651162790697683,39662200.0
981,20210406,2.05,2.1,2.04,2.06,0.0100000000000002,0.4878048780487809,14902360.0
981,20210407,2.07,2.09,2.05,2.07,0.0099999999999997,0.4854368932038833,12383203.0
981,20210408,2.08,2.08,1.98,2.01,-0.06,-2.898550724637683,18975503.0
981,20210409,2.0,2.03,1.99,2.02,0.0100000000000002,0.4975124378109541,7693143.0
981,20210412,2.02,2.03,1.98,1.99,-0.03,-1.4851485148514865,12748800.0
981,20210413,1.98,1.99,1.94,1.96,-0.03,-1.5075376884422176,11569000.0
981,20210414,1.95,2.03,1.93,1.99,0.03,1.5306122448979664,17401270.0
981,20210415,1.96,2.08,1.96,2.04,0.05,2.5125628140703515,24932584.0
981,20210416,2.03,2.08,2.02,2.06,0.02,0.9803921568627416,12911344.0
981,20210419,2.05,2.06,2.0,2.0,-0.06,-2.9126213592232997,13732000.0
981,20210420,1.98,2.03,1.96,1.97,-0.03,-1.500000000000001,13415560.0
981,20210421,1.97,2.0,1.96,1.98,0.01,0.50761421319796,8340800.0
981,20210422,1.98,2.0,1.95,1.96,-0.02,-1.0101010101010055,9180800.0
981,20210423,1.95,1.98,1.95,1.98,0.02,1.0204081632652962,6991983.0
981,20210426,1.98,1.98,1.9,1.91,-0.07,-3.535353535353536,18223209.0
981,20210427,1.88,1.88,1.81,1.81,-0.0999999999999998,-5.235602094240832,23983300.0
981,20210428,1.78,1.84,1.78,1.81,0.0,0.0,11299801.0
981,20210429,1.81,1.83,1.75,1.75,-0.06,-3.314917127071826,13466600.0
981,20210430,1.78,1.83,1.76,1.81,0.06,3.4285714285714253,8826600.0
981,20210506,1.81,1.84,1.8,1.83,0.02,1.104972375690605,8147010.0
981,20210507,1.8,1.81,1.76,1.79,-0.04,-2.1857923497267784,9944900.0
981,20210510,1.78,1.79,1.75,1.77,-0.02,-1.1173184357541888,7259500.0
981,20210511,1.78,1.86,1.77,1.86,0.09,5.084745762711873,14606215.0
981,20210512,1.87,1.88,1.82,1.85,-0.01,-0.5376344086021501,10674300.0
981,20210513,1.83,1.85,1.81,1.82,-0.03,-1.6216216216216273,9129300.0
981,20210514,1.82,1.85,1.8,1.83,0.01,0.5494505494505475,11696150.0
981,20210517,1.8,1.8,1.74,1.75,-0.08,-4.371584699453557,14714350.0
981,20210518,1.75,1.78,1.75,1.76,0.01,0.5714285714285783,6062390.0
981,20210519,1.76,1.85,1.76,1.81,0.05,2.840909090909083,9310190.0
981,20210520,1.83,1.85,1.79,1.82,0.01,0.5524861878453136,5469300.0
981,20210521,1.81,1.81,1.79,1.8,-0.02,-1.098901098901095,5291143.0
981,20210524,1.79,1.87,1.79,1.84,0.04,2.2222222222222143,8057300.0
981,20210525,1.84,1.89,1.84,1.84,0.0,0.0,10000509.0
981,20210526,1.85,1.88,1.84,1.87,0.03,1.6304347826086918,7421950.0
981,20210527,1.87,1.89,1.86,1.86,-0.01,-0.5347593582887722,6296800.0
981,20210528,1.87,1.87,1.81,1.83,-0.03,-1.6129032258064502,9409248.0
981,20210531,1.83,1.84,1.81,1.83,0.0,0.0,7393600.0
981,20210601,1.82,1.87,1.82,1.86,0.03,1.6393442622950838,9027103.0
981,20210602,1.85,1.95,1.84,1.92,0.0599999999999998,3.2258064516129004,18004133.0
981,20210603,1.9,2.02,1.9,2.01,0.0899999999999998,4.6875,23965227.0
981,20210604,2.0,2.1,1.98,2.06,0.0500000000000002,2.4875621890547484,21734061.0
981,20210607,2.04,2.14,2.03,2.05,-0.0100000000000002,-0.4854368932038944,15018762.0
981,20210608,2.04,2.12,2.04,2.11,0.06,2.9268292682926855,12817712.0
981,20210609,2.11,2.15,2.07,2.08,-0.0299999999999998,-1.421800947867291,10826400.0
981,20210610,2.08,2.08,2.0,2.02,-0.06,-2.8846153846153855,13581700.0
981,20210611,2.03,2.08,2.02,2.06,0.04,1.980198019801982,8531700.0
981,20210615,2.06,2.07,2.01,2.04,-0.02,-0.9708737864077666,6321200.0
981,20210616,2.05,2.05,1.97,1.97,-0.07,-3.4313725490196068,10580800.0
981,20210617,1.96,2.07,1.95,2.07,0.0999999999999998,5.076142131979688,13695886.0
981,20210618,2.15,2.16,2.07,2.08,0.0100000000000002,0.4830917874396156,23173024.0
981,20210621,2.08,2.17,2.06,2.13,0.0499999999999998,2.4038461538461453,12234781.0
981,20210622,2.12,2.13,2.1,2.11,-0.02,-0.9389671361502372,6320000.0
981,20210623,2.05,2.07,2.0,2.04,-0.0699999999999998,-3.3175355450236865,25060943.0
981,20210624,2.05,2.08,2.0,2.04,0.0,0.0,14926602.0
981,20210625,2.05,2.1,2.05,2.07,0.0299999999999998,1.4705882352941124,11752103.0
981,20210628,2.07,2.07,2.01,2.03,-0.04,-1.9323671497584516,10299510.0
981,20210629,2.02,2.06,2.01,2.04,0.0100000000000002,0.4926108374384341,9667496.0
981,20210630,2.03,2.05,2.0,2.0,-0.04,-1.9607843137254943,12509300.0
981,20210701,2.0,2.02,1.94,1.94,-0.06,-3.0000000000000027,13966707.0
981,20210702,1.96,1.99,1.93,1.96,0.02,1.0309278350515427,9811900.0
981,20210705,1.96,2.02,1.94,2.01,0.0499999999999998,2.5510204081632626,11883300.0
981,20210706,2.01,2.06,2.01,2.03,0.02,0.995024875621886,11363575.0
981,20210707,2.01,2.05,2.0,2.04,0.0100000000000002,0.4926108374384341,9218256.0
981,20210708,2.04,2.08,2.02,2.06,0.02,0.9803921568627416,14778300.0
981,20210709,2.06,2.11,2.05,2.11,0.0499999999999998,2.4271844660194164,14418003.0
981,20210712,2.11,2.11,2.04,2.04,-0.0699999999999998,-3.3175355450236865,17578100.0
981,20210713,2.03,2.06,2.02,2.03,-0.0100000000000002,-0.4901960784313819,10193380.0
981,20210714,2.04,2.04,1.99,2.0,-0.0299999999999998,-1.477832512315258,9327200.0
981,20210715,1.98,2.02,1.97,2.01,0.0099999999999997,0.4999999999999893,9002800.0
981,20210716,2.0,2.02,1.97,1.99,-0.0199999999999997,-0.995024875621886,8118601.0
981,20210719,2.05,2.09,2.05,2.07,0.0799999999999998,4.020100502512558,24227184.0
981,20210720,2.04,2.04,1.98,2.01,-0.06,-2.898550724637683,17065370.0
981,20210721,2.0,2.02,1.98,1.99,-0.0199999999999997,-0.995024875621886,9793700.0
981,20210722,1.99,2.02,1.98,2.0,0.01,0.5025125628140614,10083130.0
981,20210723,2.0,2.01,1.97,1.98,-0.02,-1.0000000000000009,11255600.0
981,20210726,1.99,2.05,1.97,1.98,0.0,0.0,13005890.0
981,20210727,1.99,2.02,1.98,1.98,0.0,0.0,11961700.0
981,20210728,1.99,1.99,1.93,1.96,-0.02,-1.0101010101010055,11760119.0
981,20210729,1.97,1.97,1.95,1.96,0.0,0.0,6989710.0
981,20210730,1.97,1.97,1.94,1.95,-0.01,-0.5102040816326481,7167700.0
981,20210802,1.94,1.97,1.93,1.96,0.01,0.512820512820511,9820500.0
981,20210803,1.95,1.96,1.93,1.94,-0.02,-1.0204081632653073,8519800.0
981,20210804,1.93,1.94,1.87,1.91,-0.03,-1.5463917525773252,13594103.0
981,20210805,1.9,1.91,1.87,1.89,-0.02,-1.0471204188481686,9016740.0
981,20210806,1.89,1.94,1.88,1.91,0.02,1.0582010582010692,7966200.0
981,20210809,1.91,1.92,1.89,1.92,0.01,0.5235602094240788,6713600.0
981,20210810,1.91,1.97,1.9,1.96,0.04,2.083333333333326,10060300.0
981,20210811,1.96,2.03,1.95,2.0,0.04,2.0408163265306145,11106406.0
981,20210812,1.99,2.0,1.97,1.98,-0.02,-1.0000000000000009,9302200.0
981,20210813,1.98,2.0,1.97,1.99,0.01,0.5050505050504972,7976173.0
981,20210816,1.99,2.03,1.98,2.01,0.0199999999999997,1.0050251256281229,8941753.0
981,20210817,2.0,2.02,1.98,1.99,-0.0199999999999997,-0.995024875621886,11819870.0
981,20210818,1.98,2.09,1.98,2.09,0.0999999999999998,5.025125628140703,27773294.0
981,20210819,2.11,2.15,2.07,2.11,0.02,0.9569377990430672,23528954.0
981,20210820,2.12,2.22,2.11,2.22,0.1100000000000003,5.213270142180115,33837151.0
981,20210823,2.3,2.33,2.24,2.33,0.1099999999999998,4.954954954954949,13841370.0
981,20210824,2.45,2.45,2.45,2.45,0.1200000000000001,5.150214592274693,2509600.0
981,20210825,2.55,2.55,2.36,2.44,-0.0100000000000002,-0.4081632653061273,65017713.0
981,20210826,2.48,2.56,2.48,2.56,0.1200000000000001,4.918032786885251,28126134.0
981,20210827,2.62,2.68,2.5,2.57,0.0099999999999997,0.390625,55502656.0
981,20210830,2.52,2.55,2.44,2.44,-0.1299999999999999,-5.0583657587548565,36999889.0
981,20210831,2.4,2.56,2.4,2.56,0.1200000000000001,4.918032786885251,28702868.0
981,20210901,2.6,2.66,2.51,2.53,-0.0300000000000002,-1.171875000000011,27754007.0
981,20210902,2.61,2.66,2.56,2.66,0.1300000000000003,5.138339920948631,40024434.0
981,20210903,2.66,2.75,2.6,2.64,-0.02,-0.7518796992481258,32009280.0
981,20210906,2.62,2.66,2.51,2.56,-0.08,-3.0303030303030276,23064780.0
981,20210907,2.54,2.69,2.54,2.64,0.08,3.125,18866703.0
981,20210908,2.65,2.75,2.63,2.67,0.0299999999999998,1.1363636363636245,15655631.0
981,20210909,2.7,2.72,2.59,2.61,-0.06,-2.2471910112359605,23223594.0
981,20210910,2.6,2.68,2.57,2.64,0.0300000000000002,1.1494252873563315,14708203.0
981,20210913,2.67,2.77,2.65,2.77,0.1299999999999999,4.924242424242431,18491193.0
981,20210914,2.84,2.91,2.8,2.9,0.1299999999999999,4.693140794223827,48018161.0
981,20210915,2.85,3.02,2.76,2.96,0.06,2.068965517241383,39895399.0
981,20210916,2.9,2.97,2.86,2.87,-0.0899999999999998,-3.0405405405405372,20214561.0
981,20210917,2.87,2.93,2.78,2.81,-0.06,-2.0905923344947785,21937681.0
981,20210922,2.79,2.94,2.75,2.85,0.04,1.4234875444839812,17205473.0
981,20210923,2.84,2.89,2.81,2.81,-0.04,-1.403508771929829,15329270.0
981,20210924,2.81,2.86,2.67,2.78,-0.0300000000000002,-1.067615658362997,30043960.0
981,20210927,2.78,2.82,2.64,2.64,-0.1399999999999996,-5.035971223021574,29992370.0
981,20210928,2.6,2.74,2.51,2.74,0.1,3.787878787878785,41555900.0
981,20210929,2.73,2.88,2.72,2.88,0.1399999999999996,5.109489051094873,27549627.0
981,20210930,3.02,3.02,2.83,2.88,0.0,0.0,56477333.0
981,20211008,2.76,2.86,2.74,2.75,-0.1299999999999999,-4.513888888888884,40540478.0
981,20211011,2.74,2.74,2.64,2.7,-0.0499999999999998,-1.8181818181818077,34167550.0
981,20211012,2.7,2.84,2.69,2.79,0.0899999999999998,3.3333333333333215,29853447.0
981,20211013,2.73,2.76,2.65,2.67,-0.1200000000000001,-4.301075268817211,27011500.0
981,20211014,2.7,2.77,2.65,2.73,0.06,2.2471910112359605,18964373.0
981,20211015,2.71,2.79,2.68,2.76,0.0299999999999998,1.098901098901095,17126730.0
981,20211018,2.76,2.84,2.74,2.8,0.04,1.449275362318847,18502333.0
981,20211019,2.81,2.85,2.8,2.82,0.02,0.7142857142857117,13706800.0
981,20211020,2.78,2.81,2.69,2.73,-0.0899999999999998,-3.1914893617021267,25653012.0
981,20211021,2.7,2.72,2.66,2.69,-0.04,-1.465201465201471,12697503.0
981,20211022,2.69,2.71,2.62,2.63,-0.06,-2.230483271375472,14610300.0
981,20211025,2.66,2.71,2.63,2.66,0.0300000000000002,1.1406844106463865,16999300.0
981,20211026,2.65,2.67,2.61,2.65,-0.0100000000000002,-0.375939849624074,10708700.0
981,20211027,2.67,2.76,2.67,2.72,0.0700000000000002,2.6415094339622858,15378500.0
981,20211028,2.7,2.74,2.66,2.69,-0.0300000000000002,-1.1029411764705954,9760778.0
981,20211029,2.69,2.72,2.68,2.72,0.0300000000000002,1.115241635687747,8593700.0
981,20211101,2.74,2.86,2.73,2.84,0.1199999999999996,4.411764705882337,26979480.0
981,20211102,2.81,2.92,2.8,2.84,0.0,0.0,21289070.0
981,20211103,2.84,2.95,2.81,2.9,0.06,2.112676056338026,20927383.0
981,20211104,2.9,2.91,2.76,2.76,-0.1400000000000001,-4.827586206896561,28109100.0
981,20211105,2.77,2.84,2.66,2.83,0.0700000000000002,2.5362318840579823,24804000.0
981,20211108,2.82,2.88,2.8,2.86,0.0299999999999998,1.0600706713780772,19810416.0
981,20211109,2.89,2.93,2.83,2.84,-0.02,-0.6993006993006978,23233110.0
981,20211110,2.84,2.88,2.8,2.83,-0.0099999999999997,-0.3521126760563264,17949310.0
981,20211111,2.85,2.92,2.7,2.91,0.08,2.8268551236749095,41533132.0
981,20211112,3.06,3.06,3.06,3.06,0.1499999999999999,5.154639175257736,8804962.0
981,20211115,3.21,3.21,3.21,3.21,0.1499999999999999,4.90196078431373,1303800.0
981,20211116,3.37,3.37,3.05,3.06,-0.1499999999999999,-4.672897196261683,107643460.0
981,20211117,3.09,3.19,3.06,3.12,0.06,1.9607843137254832,46028084.0
981,20211118,3.11,3.18,3.04,3.15,0.0299999999999998,0.961538461538458,31643800.0
981,20211119,3.16,3.31,3.13,3.31,0.1600000000000001,5.0793650793650835,28380237.0
981,20211122,3.3,3.3,3.16,3.28,-0.0300000000000002,-0.9063444108761364,40432448.0
981,20211123,3.26,3.44,3.23,3.36,0.08,2.4390243902439046,29601101.0
981,20211124,3.42,3.53,3.39,3.51,0.1499999999999999,4.464285714285721,48724634.0
981,20211125,3.45,3.66,3.42,3.6,0.0900000000000003,2.564102564102577,41391553.0
981,20211126,3.68,3.78,3.62,3.78,0.1799999999999997,4.999999999999982,58684775.0
981,20211129,3.7,3.83,3.64,3.71,-0.0699999999999998,-1.851851851851849,35890760.0
981,20211130,3.65,3.82,3.55,3.77,0.06,1.6172506738544534,39519806.0
981,20211201,3.75,3.83,3.73,3.76,-0.0100000000000002,-0.2652519893899252,21623790.0
981,20211202,3.76,3.94,3.7,3.91,0.1500000000000003,3.9893617021276695,29530400.0
981,20211203,3.89,4.04,3.89,3.9,-0.0100000000000002,-0.2557544757033292,32450153.0
981,20211206,3.9,3.93,3.78,3.79,-0.1099999999999998,-2.8205128205128216,24722800.0
981,20211207,3.76,3.8,3.62,3.62,-0.1699999999999999,-4.485488126649074,30097151.0
981,20211208,3.66,3.8,3.65,3.8,0.1799999999999997,4.972375690607733,27523483.0
981,20211209,3.8,3.94,3.78,3.79,-0.0099999999999997,-0.2631578947368318,24833100.0
981,20211210,3.76,3.89,3.72,3.86,0.0699999999999998,1.846965699208436,16784718.0
981,20211213,3.82,3.98,3.81,3.91,0.0500000000000002,1.2953367875647714,24171800.0
981,20211214,3.94,3.95,3.75,3.76,-0.1500000000000003,-3.836317135549882,25699900.0
981,20211215,3.76,3.82,3.69,3.73,-0.0299999999999998,-0.7978723404255317,16053400.0
981,20211216,3.73,3.75,3.59,3.64,-0.0899999999999998,-2.4128686327077764,20875963.0
981,20211217,3.64,3.75,3.58,3.7,0.06,1.6483516483516425,15573570.0
981,20211220,3.69,3.75,3.66,3.69,-0.0100000000000002,-0.2702702702702786,9571500.0
981,20211221,3.71,3.84,3.7,3.83,0.1400000000000001,3.7940379403794022,15510800.0
981,20211222,3.83,3.89,3.81,3.83,0.0,0.0,13275500.0
981,20211223,3.82,3.9,3.78,3.86,0.0299999999999998,0.7832898172323688,18106001.0
981,20211224,3.87,3.95,3.75,3.76,-0.1,-2.590673575129532,24912000.0
981,20211227,3.71,3.73,3.57,3.57,-0.1899999999999999,-5.053191489361697,23451200.0
981,20211228,3.5,3.58,3.39,3.39,-0.1799999999999997,-5.042016806722682,29898848.0
981,20211229,3.39,3.5,3.25,3.45,0.06,1.7699115044247815,17515145.0
981,20211230,3.43,3.48,3.4,3.41,-0.04,-1.1594202898550732,10485658.0
981,20211231,3.4,3.42,3.34,3.36,-0.0500000000000002,-1.4662756598240567,9338800.0
981,20220104,3.36,3.36,3.19,3.19,-0.1699999999999999,-5.059523809523803,25450900.0
981,20220105,3.19,3.31,3.08,3.26,0.0699999999999998,2.19435736677116,19900900.0
981,20220106,3.26,3.3,3.21,3.25,-0.0099999999999997,-0.3067484662576669,7678800.0
981,20220107,3.27,3.31,3.19,3.28,0.0299999999999998,0.9230769230769154,12184303.0
981,20220110,3.31,3.44,3.27,3.44,0.1600000000000001,4.878048780487809,18204831.0
981,20220111,3.43,3.52,3.38,3.4,-0.04,-1.162790697674421,16472203.0
981,20220112,3.39,3.4,3.32,3.35,-0.0499999999999998,-1.4705882352941124,9626386.0
981,20220113,3.34,3.36,3.22,3.26,-0.0900000000000003,-2.68656716417911,10992100.0
981,20220114,3.25,3.28,3.23,3.27,0.0100000000000002,0.3067484662576669,5887240.0
981,20220117,3.26,3.26,3.17,3.18,-0.0899999999999998,-2.752293577981646,9806012.0
981,20220118,3.19,3.2,3.12,3.15,-0.0300000000000002,-0.9433962264151052,5838400.0
981,20220119,3.14,3.14,3.03,3.06,-0.0899999999999998,-2.857142857142858,11779400.0
981,20220120,3.03,3.13,3.01,3.05,-0.0100000000000002,-0.326797385620925,9639972.0
981,20220121,3.05,3.06,2.97,2.99,-0.0599999999999996,-1.967213114754085,8561400.0
981,20220124,3.03,3.14,3.03,3.14,0.1499999999999999,5.0167224080267525,13254003.0
981,20220125,3.15,3.23,3.08,3.09,-0.0500000000000002,-1.5923566878981,11816045.0
981,20220126,3.09,3.16,3.06,3.13,0.04,1.2944983818770297,7730242.0
981,20220127,3.13,3.18,3.11,3.12,-0.0099999999999997,-0.3194888178913668,7091403.0
981,20220128,3.13,3.27,3.11,3.2,0.08,2.564102564102577,7158200.0
981,20220207,3.11,3.25,3.11,3.19,-0.0100000000000002,-0.3125000000000044,6847900.0
981,20220208,3.19,3.22,3.18,3.2,0.0100000000000002,0.3134796238244641,4770600.0
981,20220209,3.2,3.22,3.18,3.2,0.0,0.0,5625900.0
981,20220210,3.22,3.28,3.2,3.25,0.0499999999999998,1.5625,7987124.0
981,20220211,3.24,3.39,3.23,3.35,0.1,3.076923076923088,9872600.0
981,20220214,3.35,3.43,3.31,3.36,0.0099999999999997,0.2985074626865591,8447600.0
981,20220215,3.36,3.36,3.31,3.34,-0.02,-0.5952380952380931,6014880.0
981,20220216,3.41,3.51,3.41,3.51,0.1699999999999999,5.089820359281427,7866503.0
981,20220217,3.66,3.68,3.41,3.48,-0.0299999999999998,-0.8547008547008517,32928195.0
981,20220218,3.5,3.59,3.43,3.5,0.02,0.5747126436781658,31407600.0
981,20220225,2.0,2.0,2.0,2.0,-1.5,-42.85714285714286,2992200.0
981,20220228,1.9,1.9,1.9,1.9,-0.1,-5.000000000000004,816400.0
981,20220301,1.81,1.81,1.81,1.81,-0.0899999999999998,-4.73684210526315,1251500.0
981,20220302,1.72,1.72,1.72,1.72,-0.09,-4.972375690607745,3716600.0
981,20220303,1.64,1.68,1.63,1.63,-0.09,-5.232558139534893,300437870.0
981,20220304,1.59,1.62,1.55,1.57,-0.0599999999999998,-3.6809815950920144,191090652.0
981,20220307,1.65,1.65,1.62,1.65,0.0799999999999998,5.095541401273884,203977154.0
981,20220308,1.66,1.73,1.61,1.64,-0.01,-0.60606060606061,222713640.0
981,20220309,1.68,1.68,1.56,1.57,-0.0699999999999998,-4.2682926829268215,156335382.0
981,20220310,1.57,1.59,1.5,1.55,-0.02,-1.273885350318471,104994838.0
981,20220311,1.51,1.52,1.47,1.48,-0.07,-4.516129032258065,105499241.0
981,20220314,1.46,1.55,1.42,1.52,0.04,2.7027027027026973,140363426.0
981,20220315,1.53,1.6,1.5,1.6,0.08,5.263157894736836,208796890.0
981,20220316,1.57,1.6,1.52,1.53,-0.07,-4.375000000000007,160536262.0
981,20220317,1.53,1.59,1.51,1.55,0.02,1.3071895424836557,94578243.0
981,20220318,1.52,1.55,1.5,1.53,-0.02,-1.2903225806451646,74977370.0
981,20220321,1.52,1.55,1.48,1.5,-0.03,-1.9607843137254943,68126549.0
981,20220322,1.49,1.52,1.46,1.49,-0.01,-0.666666666666671,59258583.0
981,20220323,1.48,1.51,1.47,1.48,-0.01,-0.6711409395973145,48961821.0
981,20220324,1.47,1.48,1.42,1.44,-0.04,-2.7027027027027084,67872884.0
981,20220325,1.43,1.47,1.41,1.43,-0.01,-0.694444444444442,51664096.0
981,20220328,1.43,1.44,1.4,1.41,-0.02,-1.3986013986013957,43395486.0
981,20220329,1.41,1.42,1.36,1.37,-0.0399999999999998,-2.8368794326240954,57353838.0
981,20220330,1.35,1.43,1.34,1.41,0.0399999999999998,2.9197080291970767,51875162.0
981,20220331,1.4,1.43,1.38,1.4,-0.01,-0.7092198581560294,37280683.0
981,20220401,1.39,1.4,1.38,1.38,-0.02,-1.4285714285714346,29510447.0
981,20220406,1.39,1.42,1.39,1.41,0.03,2.1739130434782705,34904109.0
981,20220407,1.4,1.41,1.38,1.38,-0.03,-2.127659574468088,30497322.0
981,20220408,1.38,1.39,1.33,1.38,0.0,0.0,40981279.0
981,20220411,1.37,1.39,1.34,1.35,-0.0299999999999998,-2.1739130434782483,34930238.0
981,20220412,1.35,1.36,1.33,1.35,0.0,0.0,29950695.0
981,20220413,1.35,1.36,1.33,1.35,0.0,0.0,23720563.0
981,20220414,1.35,1.42,1.34,1.42,0.0699999999999998,5.185185185185182,76655150.0
981,20220415,1.42,1.48,1.39,1.43,0.01,0.7042253521126751,81941027.0
981,20220418,1.43,1.49,1.41,1.44,0.01,0.6993006993007089,49416906.0
981,20220419,1.43,1.46,1.41,1.42,-0.02,-1.388888888888895,33142089.0
981,20220420,1.42,1.43,1.38,1.39,-0.03,-2.112676056338026,33601824.0
981,20220421,1.38,1.39,1.34,1.35,-0.0399999999999998,-2.877697841726601,29697962.0
981,20220422,1.34,1.42,1.32,1.41,0.0599999999999998,4.444444444444429,46538459.0
981,20220425,1.39,1.41,1.35,1.35,-0.0599999999999998,-4.255319148936154,41030265.0
981,20220426,1.35,1.41,1.32,1.36,0.01,0.7407407407407307,33772937.0
981,20220427,1.33,1.36,1.32,1.35,-0.01,-0.7352941176470562,38928259.0
981,20220428,1.35,1.39,1.34,1.34,-0.01,-0.7407407407407418,32792996.0
981,20220429,1.35,1.38,1.35,1.38,0.0399999999999998,2.985074626865658,37245220.0
981,20220505,1.41,1.45,1.4,1.45,0.07,5.072463768115942,80428162.0
981,20220506,1.42,1.46,1.39,1.41,-0.04,-2.758620689655178,55766380.0
981,20220509,1.4,1.4,1.38,1.4,-0.01,-0.7092198581560294,30296100.0
981,20220510,1.4,1.44,1.38,1.4,0.0,0.0,41260795.0
981,20220511,1.39,1.4,1.37,1.38,-0.02,-1.4285714285714346,46324574.0
981,20220512,1.38,1.38,1.35,1.36,-0.0199999999999997,-1.4492753623188248,31630720.0
981,20220513,1.36,1.38,1.36,1.38,0.0199999999999997,1.4705882352941124,22738859.0
981,20220516,1.38,1.4,1.37,1.37,-0.0099999999999997,-0.7246376811594013,24547799.0
981,20220517,1.37,1.38,1.36,1.37,0.0,0.0,22514490.0
981,20220518,1.37,1.38,1.36,1.38,0.0099999999999997,0.7299270072992581,20126206.0
981,20220519,1.37,1.38,1.36,1.37,-0.0099999999999997,-0.7246376811594013,22425946.0
981,20220520,1.37,1.43,1.37,1.43,0.0599999999999998,4.379562043795615,64560114.0
981,20220523,1.41,1.43,1.4,1.42,-0.01,-0.6993006993006978,37829812.0
981,20220524,1.42,1.45,1.4,1.42,0.0,0.0,48205231.0
981,20220525,1.4,1.42,1.36,1.41,-0.01,-0.7042253521126751,39719042.0
981,20220526,1.4,1.41,1.38,1.4,-0.01,-0.7092198581560294,26493506.0
981,20220527,1.4,1.41,1.37,1.39,-0.01,-0.7142857142857117,30952467.0
981,20220530,1.39,1.4,1.37,1.39,0.0,0.0,18541114.0
981,20220531,1.39,1.43,1.37,1.41,0.02,1.4388489208633004,33086661.0
981,20220601,1.39,1.41,1.38,1.4,-0.01,-0.7092198581560294,25774212.0
981,20220602,1.4,1.46,1.39,1.45,0.05,3.571428571428581,73178408.0
981,20220606,1.46,1.52,1.46,1.52,0.07,4.827586206896561,107720797.0
981,20220607,1.57,1.6,1.55,1.6,0.08,5.263157894736836,40333955.0
981,20220608,1.68,1.68,1.53,1.59,-0.01,-0.6249999999999978,171424306.0
981,20220609,1.61,1.67,1.61,1.66,0.0699999999999998,4.402515723270439,143090289.0
981,20220610,1.6,1.64,1.59,1.62,-0.0399999999999998,-2.409638554216853,84682978.0
981,20220613,1.6,1.64,1.56,1.58,-0.04,-2.4691358024691357,66627094.0
981,20220614,1.62,1.66,1.58,1.66,0.0799999999999998,5.063291139240489,79194638.0
981,20220615,1.64,1.73,1.63,1.65,-0.01,-0.6024096385542133,82316926.0
981,20220616,1.63,1.65,1.61,1.63,-0.02,-1.2121212121212088,41257636.0
981,20220617,1.62,1.69,1.62,1.69,0.06,3.6809815950920255,47039128.0
981,20220620,1.7,1.75,1.68,1.75,0.06,3.5502958579881616,57297232.0
981,20220621,1.74,1.75,1.67,1.69,-0.06,-3.4285714285714364,61740320.0
981,20220622,1.69,1.76,1.67,1.74,0.05,2.9585798816567976,54713068.0
981,20220623,1.75,1.75,1.66,1.69,-0.05,-2.873563218390806,79276838.0
981,20220624,1.67,1.69,1.62,1.63,-0.06,-3.5502958579881727,69291702.0
981,20220627,1.6,1.62,1.56,1.56,-0.0699999999999998,-4.294478527607348,69226845.0
981,20220628,1.56,1.61,1.56,1.58,0.02,1.2820512820512775,38369416.0
981,20220629,1.58,1.59,1.53,1.54,-0.04,-2.5316455696202556,48240940.0
981,20220630,1.55,1.58,1.54,1.56,0.02,1.2987012987013102,30382295.0
981,20220701,1.56,1.63,1.55,1.61,0.05,3.205128205128216,41425591.0
981,20220704,1.6,1.6,1.57,1.58,-0.03,-1.8633540372670845,27838957.0
981,20220705,1.57,1.6,1.57,1.6,0.02,1.265822784810133,24221056.0
981,20220706,1.6,1.6,1.58,1.6,0.0,0.0,19943036.0
981,20220707,1.59,1.63,1.58,1.62,0.02,1.2499999999999956,32978755.0
981,20220708,1.61,1.62,1.57,1.59,-0.03,-1.851851851851849,31819416.0
981,20220711,1.59,1.59,1.55,1.57,-0.02,-1.2578616352201255,33731371.0
981,20220712,1.56,1.58,1.55,1.56,-0.01,-0.6369426751592355,25578272.0
981,20220713,1.56,1.59,1.55,1.58,0.02,1.2820512820512775,24727581.0
981,20220714,1.58,1.6,1.57,1.59,0.01,0.6329113924050667,24375696.0
981,20220715,1.57,1.59,1.55,1.57,-0.02,-1.2578616352201255,34207023.0
981,20220718,1.56,1.58,1.56,1.58,0.01,0.6369426751592355,21379928.0
981,20220719,1.57,1.6,1.57,1.59,0.01,0.6329113924050667,22982857.0
981,20220720,1.59,1.63,1.59,1.61,0.02,1.2578616352201255,35782394.0
981,20220721,1.6,1.61,1.59,1.6,-0.01,-0.6211180124223614,26615719.0
981,20220722,1.6,1.62,1.59,1.62,0.02,1.2499999999999956,37994888.0
981,20220725,1.61,1.65,1.6,1.63,0.0099999999999997,0.6172839506172645,40064288.0
981,20220726,1.63,1.7,1.62,1.69,0.06,3.6809815950920255,67470696.0
981,20220727,1.68,1.7,1.66,1.67,-0.02,-1.183431952662728,50078163.0
981,20220728,1.67,1.7,1.67,1.69,0.02,1.1976047904191711,38624415.0
981,20220729,1.69,1.72,1.68,1.7,0.01,0.591715976331364,36458803.0
981,20220801,1.71,1.79,1.7,1.77,0.07,4.117647058823537,83992658.0
981,20220802,1.75,1.76,1.68,1.68,-0.09,-5.084745762711873,80625660.0
981,20220803,1.66,1.72,1.63,1.63,-0.05,-2.9761904761904767,53566084.0
981,20220804,1.65,1.7,1.65,1.69,0.06,3.6809815950920255,33803113.0
981,20220805,1.69,1.72,1.67,1.68,-0.01,-0.591715976331364,29648722.0
981,20220808,1.67,1.68,1.64,1.66,-0.02,-1.1904761904761862,41014050.0
981,20220809,1.65,1.66,1.63,1.65,-0.01,-0.6024096385542133,39379374.0
981,20220810,1.64,1.67,1.63,1.65,0.0,0.0,29749514.0
981,20220811,1.65,1.66,1.63,1.65,0.0,0.0,26369379.0
981,20220812,1.65,1.66,1.64,1.66,0.01,0.60606060606061,19653967.0
981,20220815,1.65,1.72,1.65,1.71,0.05,3.0120481927710774,45498542.0
981,20220816,1.7,1.72,1.69,1.71,0.0,0.0,33927342.0
981,20220817,1.7,1.74,1.7,1.73,0.02,1.1695906432748648,39625417.0
981,20220818,1.72,1.73,1.69,1.7,-0.03,-1.7341040462427793,31535294.0
981,20220819,1.7,1.72,1.69,1.72,0.02,1.17647058823529,21567417.0
981,20220822,1.72,1.73,1.7,1.72,0.0,0.0,24183600.0
981,20220823,1.72,1.78,1.71,1.75,0.03,1.744186046511631,59210395.0
981,20220824,1.74,1.84,1.73,1.78,0.03,1.7142857142857126,101017979.0
981,20220825,1.79,1.85,1.78,1.83,0.05,2.8089887640449396,80786290.0
981,20220826,1.83,1.83,1.74,1.74,-0.09,-4.918032786885251,92175441.0
981,20220829,1.73,1.76,1.72,1.75,0.01,0.5747126436781658,46596631.0
981,20220830,1.75,1.79,1.75,1.77,0.02,1.1428571428571344,44620723.0
981,20220831,1.76,1.77,1.71,1.72,-0.05,-2.824858757062154,51467198.0
981,20220901,1.71,1.72,1.67,1.68,-0.04,-2.3255813953488413,45065087.0
981,20220902,1.68,1.69,1.66,1.68,0.0,0.0,36665995.0
981,20220905,1.67,1.7,1.66,1.69,0.01,0.5952380952380931,27642548.0
981,20220906,1.7,1.72,1.68,1.68,-0.01,-0.591715976331364,41599875.0
981,20220907,1.67,1.68,1.6,1.62,-0.0599999999999998,-3.5714285714285587,73972948.0
981,20220908,1.59,1.64,1.58,1.63,0.0099999999999997,0.6172839506172645,47134941.0
981,20220909,1.64,1.68,1.64,1.67,0.04,2.4539877300613577,32199414.0
981,20220913,1.68,1.68,1.64,1.66,-0.01,-0.5988023952095856,32170885.0
981,20220914,1.64,1.65,1.61,1.63,-0.03,-1.8072289156626509,32591377.0
981,20220915,1.63,1.64,1.57,1.61,-0.0199999999999997,-1.2269938650306678,41541633.0
981,20220916,1.59,1.6,1.56,1.56,-0.05,-3.105590062111807,26251790.0
981,20220919,1.56,1.57,1.48,1.5,-0.06,-3.8461538461538542,41172002.0
981,20220920,1.5,1.57,1.5,1.55,0.05,3.3333333333333437,38721092.0
981,20220921,1.54,1.55,1.51,1.55,0.0,0.0,19988542.0
981,20220922,1.54,1.56,1.52,1.55,0.0,0.0,16213154.0
981,20220923,1.56,1.6,1.55,1.58,0.03,1.935483870967736,33651258.0
981,20220926,1.57,1.57,1.52,1.53,-0.05,-3.164556962025322,32279064.0
981,20220927,1.5,1.54,1.5,1.53,0.0,0.0,26053567.0
981,20220928,1.52,1.53,1.49,1.5,-0.03,-1.9607843137254943,23279669.0
981,20220929,1.52,1.52,1.49,1.51,0.01,0.6666666666666599,21601447.0
981,20220930,1.5,1.52,1.49,1.51,0.0,0.0,20261678.0
981,20221010,1.52,1.57,1.52,1.53,0.02,1.324503311258285,34310312.0
981,20221011,1.53,1.61,1.53,1.61,0.08,5.228758169934644,61292859.0
981,20221012,1.61,1.68,1.6,1.67,0.0599999999999998,3.7267080745341463,58792237.0
981,20221013,1.67,1.68,1.63,1.66,-0.01,-0.5988023952095856,35989395.0
981,20221014,1.67,1.67,1.64,1.66,0.0,0.0,26708791.0
981,20221017,1.66,1.69,1.65,1.66,0.0,0.0,24121872.0
981,20221018,1.67,1.7,1.65,1.68,0.02,1.2048192771084263,35962917.0
981,20221019,1.68,1.69,1.64,1.65,-0.03,-1.7857142857142905,35094132.0
981,20221020,1.65,1.7,1.64,1.68,0.03,1.81818181818183,49120655.0
981,20221021,1.69,1.75,1.68,1.73,0.05,2.976190476190488,86602481.0
981,20221024,1.74,1.75,1.71,1.75,0.02,1.1560693641618602,79152742.0
981,20221025,1.76,1.77,1.7,1.73,-0.02,-1.1428571428571457,67545451.0
981,20221026,1.71,1.75,1.71,1.73,0.0,0.0,41006342.0
981,20221027,1.78,1.8,1.72,1.73,0.0,0.0,79407846.0
981,20221028,1.73,1.74,1.66,1.68,-0.05,-2.8901734104046284,60659963.0
981,20221031,1.7,1.72,1.68,1.72,0.04,2.3809523809523725,41470598.0
981,20221101,1.73,1.76,1.72,1.75,0.03,1.744186046511631,42242177.0
981,20221102,1.74,1.77,1.73,1.75,0.0,0.0,37823835.0
981,20221103,1.75,1.84,1.75,1.83,0.08,4.571428571428582,96590174.0
981,20221104,1.92,1.92,1.92,1.92,0.0899999999999998,4.918032786885229,16506806.0
981,20221107,1.97,2.02,1.94,2.02,0.1,5.208333333333348,168555973.0
981,20221109,2.22,2.22,2.22,2.22,0.2000000000000001,9.90099009900991,16987405.0
981,20221110,2.44,2.44,2.44,2.44,0.2199999999999997,9.909909909909898,12779445.0
981,20221111,2.68,2.68,2.31,2.37,-0.0699999999999998,-2.868852459016391,793326085.0
981,20221114,2.31,2.34,2.13,2.13,-0.2400000000000002,-10.126582278481022,410868753.0
981,20221115,2.08,2.18,2.07,2.14,0.0100000000000002,0.4694835680751241,257642957.0
981,20221116,2.11,2.13,2.02,2.07,-0.0700000000000002,-3.2710280373831946,280904834.0
981,20221117,2.09,2.1,2.02,2.05,-0.02,-0.9661835748792312,169602844.0
981,20221118,2.04,2.08,2.02,2.03,-0.02,-0.9756097560975618,154822837.0
981,20221121,2.02,2.05,1.96,2.0,-0.0299999999999998,-1.477832512315258,153877078.0
981,20221122,1.99,2.03,1.97,1.97,-0.03,-1.500000000000001,105176379.0
981,20221123,1.98,1.98,1.91,1.93,-0.04,-2.0304568527918843,121585928.0
981,20221124,1.94,1.97,1.93,1.94,0.01,0.5181347150259086,84262233.0
981,20221125,1.94,1.97,1.92,1.97,0.03,1.546391752577314,93546365.0
981,20221128,1.98,2.14,1.95,2.05,0.0799999999999998,4.060913705583746,205188225.0
981,20221129,2.02,2.04,1.99,2.03,-0.02,-0.9756097560975618,125917145.0
981,20221130,2.02,2.07,2.0,2.03,0.0,0.0,128113508.0
981,20221201,2.03,2.04,1.97,1.97,-0.0599999999999998,-2.9556650246305383,128789382.0
981,20221202,1.97,2.0,1.94,1.99,0.02,1.015228426395942,84545962.0
981,20221205,2.04,2.06,2.0,2.01,0.0199999999999997,1.0050251256281229,84802378.0
981,20221206,2.0,2.01,1.98,1.99,-0.0199999999999997,-0.995024875621886,53912314.0
981,20221207,1.99,2.0,1.96,1.97,-0.02,-1.005025125628145,65537851.0
981,20221208,1.97,1.99,1.94,1.95,-0.02,-1.015228426395942,79183974.0
981,20221209,1.95,1.97,1.94,1.95,0.0,0.0,59867133.0
981,20221212,1.95,1.95,1.91,1.92,-0.03,-1.538461538461544,58667283.0
981,20221213,1.92,1.94,1.91,1.92,0.0,0.0,47250069.0
981,20221214,1.91,1.92,1.87,1.89,-0.03,-1.5625,76220813.0
981,20221215,1.88,1.99,1.86,1.92,0.03,1.5873015873015817,97028611.0
981,20221216,1.9,1.91,1.87,1.88,-0.04,-2.083333333333337,56326984.0
981,20221219,1.89,1.93,1.88,1.9,0.02,1.0638297872340496,53441378.0
981,20221220,1.89,1.99,1.86,1.98,0.08,4.210526315789487,118040305.0
981,20221221,1.96,1.98,1.9,1.91,-0.07,-3.535353535353536,77387772.0
981,20221222,1.9,1.92,1.87,1.87,-0.0399999999999998,-2.094240837696326,50910402.0
981,20221223,1.86,1.89,1.84,1.85,-0.02,-1.0695187165775444,43732120.0
981,20221226,1.85,1.86,1.83,1.84,-0.01,-0.5405405405405461,40164398.0
981,20221227,1.84,1.84,1.8,1.82,-0.02,-1.0869565217391353,48233363.0
981,20221228,1.81,1.85,1.79,1.82,0.0,0.0,59498585.0
981,20221229,1.81,1.82,1.75,1.75,-0.07,-3.8461538461538542,73431595.0
981,20221230,1.76,1.86,1.76,1.85,0.1,5.714285714285716,97838021.0
981,20230103,1.83,1.85,1.8,1.84,-0.01,-0.5405405405405461,49464883.0
981,20230104,1.83,1.87,1.82,1.85,0.01,0.5434782608695565,38335873.0
981,20230105,1.86,1.9,1.85,1.89,0.0399999999999998,2.1621621621621623,57747124.0
981,20230106,1.89,1.94,1.88,1.89,0.0,0.0,64335972.0
981,20230109,1.9,1.92,1.87,1.9,0.01,0.5291005291005346,48660573.0
981,20230110,1.9,1.91,1.88,1.88,-0.02,-1.0526315789473717,22924195.0
981,20230111,1.89,1.98,1.87,1.92,0.04,2.127659574468077,93217495.0
981,20230112,1.97,2.02,1.91,1.91,-0.01,-0.520833333333337,118433491.0
981,20230113,1.92,1.92,1.86,1.87,-0.0399999999999998,-2.094240837696326,60215192.0
981,20230116,1.87,1.88,1.85,1.86,-0.01,-0.5347593582887722,42837909.0
981,20230117,1.87,1.87,1.82,1.82,-0.04,-2.1505376344086,48053387.0
981,20230118,1.82,1.85,1.81,1.83,0.01,0.5494505494505475,33040964.0
981,20230119,1.82,1.85,1.81,1.82,-0.01,-0.5464480874316946,40108102.0
981,20230120,1.82,1.89,1.82,1.88,0.0599999999999998,3.296703296703285,63655919.0
981,20230130,1.91,1.94,1.9,1.91,0.03,1.5957446808510634,73797203.0
981,20230131,1.88,1.93,1.87,1.92,0.01,0.5235602094240788,64493987.0
981,20230201,1.93,1.93,1.89,1.91,-0.01,-0.520833333333337,48098529.0
981,20230202,1.91,1.91,1.88,1.89,-0.02,-1.0471204188481686,44294685.0
981,20230203,1.89,1.89,1.86,1.88,-0.01,-0.5291005291005346,33049010.0
981,20230206,1.87,1.9,1.86,1.89,0.01,0.5319148936170137,37303593.0
981,20230207,1.88,1.91,1.87,1.91,0.02,1.0582010582010692,52236760.0
981,20230208,1.91,1.96,1.91,1.91,0.0,0.0,83389264.0
981,20230209,1.92,1.93,1.89,1.9,-0.01,-0.5235602094240788,46388887.0
981,20230210,1.9,1.9,1.88,1.88,-0.02,-1.0526315789473717,39540854.0
981,20230213,1.88,1.89,1.87,1.88,0.0,0.0,30382156.0
981,20230214,1.89,1.89,1.86,1.86,-0.0199999999999997,-1.0638297872340274,39675394.0
981,20230215,1.86,1.87,1.85,1.86,0.0,0.0,26249153.0
981,20230216,1.87,1.89,1.83,1.84,-0.02,-1.0752688172043,59872859.0
981,20230217,1.84,1.84,1.81,1.81,-0.03,-1.6304347826086918,45598571.0
981,20230220,1.81,1.82,1.78,1.82,0.01,0.5524861878453136,33967391.0
981,20230221,1.82,1.83,1.81,1.82,0.0,0.0,22572704.0
981,20230222,1.81,1.82,1.8,1.81,-0.01,-0.5494505494505475,23918434.0
981,20230223,1.82,1.86,1.81,1.84,0.03,1.6574585635359185,46919853.0
981,20230224,1.84,1.85,1.81,1.81,-0.03,-1.6304347826086918,27199329.0
981,20230227,1.82,1.86,1.8,1.83,0.02,1.104972375690605,45644975.0
981,20230228,1.82,1.83,1.8,1.82,-0.01,-0.5464480874316946,26533588.0
981,20230301,1.82,1.83,1.81,1.82,0.0,0.0,18824163.0
981,20230302,1.82,1.83,1.81,1.81,-0.01,-0.5494505494505475,26492873.0
981,20230303,1.81,1.82,1.8,1.81,0.0,0.0,19746037.0
981,20230306,1.81,1.82,1.8,1.81,0.0,0.0,20669589.0
981,20230307,1.81,1.84,1.8,1.81,0.0,0.0,32674096.0
981,20230308,1.81,1.82,1.8,1.81,0.0,0.0,16347681.0
981,20230309,1.82,1.85,1.81,1.84,0.03,1.6574585635359185,56255787.0
981,20230310,1.83,1.99,1.83,1.94,0.0999999999999998,5.434782608695654,197602320.0
981,20230313,1.91,1.92,1.87,1.89,-0.05,-2.577319587628868,84157343.0
981,20230314,1.88,1.9,1.85,1.87,-0.0199999999999997,-1.058201058201047,55239524.0
981,20230315,1.87,1.9,1.86,1.88,0.0099999999999997,0.53475935828875,41244011.0
981,20230316,1.88,1.88,1.84,1.85,-0.0299999999999998,-1.5957446808510525,41938861.0
981,20230317,1.85,1.86,1.83,1.83,-0.02,-1.0810810810810811,39454184.0
981,20230320,1.83,1.86,1.83,1.84,0.01,0.5464480874316946,31390720.0
981,20230321,1.84,1.85,1.82,1.84,0.0,0.0,37597391.0
981,20230322,1.84,1.85,1.83,1.85,0.01,0.5434782608695565,22033515.0
981,20230323,1.85,1.85,1.82,1.83,-0.02,-1.0810810810810811,34419100.0
981,20230324,1.82,1.84,1.82,1.84,0.01,0.5464480874316946,25639010.0
981,20230327,1.84,1.84,1.81,1.82,-0.02,-1.0869565217391353,33577945.0
981,20230328,1.82,1.82,1.8,1.81,-0.01,-0.5494505494505475,28640445.0
981,20230329,1.81,1.82,1.79,1.79,-0.02,-1.104972375690605,25315846.0
981,20230330,1.8,1.81,1.79,1.8,0.01,0.5586592178770999,22712219.0
981,20230331,1.8,1.81,1.79,1.8,0.0,0.0,22084002.0
981,20230403,1.8,1.81,1.79,1.81,0.01,0.5555555555555536,23990895.0
981,20230404,1.81,1.81,1.77,1.78,-0.03,-1.6574585635359185,31618950.0
981,20230406,1.78,1.81,1.78,1.79,0.01,0.561797752808979,30821099.0
981,20230407,1.8,1.84,1.79,1.82,0.03,1.6759776536312776,44786218.0
981,20230410,1.82,1.83,1.79,1.79,-0.03,-1.6483516483516536,35371237.0
981,20230411,1.8,1.8,1.78,1.79,0.0,0.0,16493164.0
981,20230412,1.79,1.8,1.78,1.79,0.0,0.0,21237006.0
981,20230413,1.79,1.82,1.78,1.79,0.0,0.0,30404786.0
981,20230414,1.8,1.81,1.78,1.8,0.01,0.5586592178770999,27938488.0
981,20230417,1.8,1.83,1.79,1.82,0.02,1.1111111111111072,40195521.0
981,20230418,1.82,1.83,1.8,1.81,-0.01,-0.5494505494505475,18302785.0
981,20230419,1.81,1.85,1.8,1.83,0.02,1.104972375690605,41178429.0
981,20230420,1.82,1.86,1.82,1.85,0.02,1.0928961748633892,55331980.0
981,20230421,1.86,1.86,1.8,1.8,-0.05,-2.7027027027027084,45509704.0
981,20230424,1.8,1.81,1.78,1.79,-0.01,-0.5555555555555536,35919289.0
981,20230425,1.79,1.8,1.77,1.78,-0.01,-0.5586592178770999,27711850.0
981,20230426,1.78,1.8,1.77,1.79,0.01,0.561797752808979,15807890.0
981,20230427,1.79,1.81,1.79,1.81,0.02,1.1173184357542,34972126.0
981,20230428,1.81,1.89,1.81,1.87,0.06,3.314917127071837,96434628.0
981,20230504,1.9,1.91,1.84,1.86,-0.01,-0.5347593582887722,69321396.0
981,20230505,1.86,1.86,1.82,1.83,-0.03,-1.6129032258064502,45585381.0
981,20230508,1.83,1.84,1.78,1.78,-0.05,-2.732240437158473,82763793.0
981,20230509,1.78,1.81,1.77,1.77,-0.01,-0.5617977528089901,51044846.0
981,20230510,1.78,1.79,1.75,1.79,0.02,1.1299435028248703,40597300.0
981,20230511,1.79,1.8,1.77,1.78,-0.01,-0.5586592178770999,36817623.0
981,20230512,1.78,1.81,1.78,1.79,0.01,0.561797752808979,37023412.0
981,20230515,1.78,1.79,1.77,1.79,0.0,0.0,25385361.0
981,20230516,1.78,1.78,1.72,1.73,-0.06,-3.3519553072625774,73629321.0
981,20230517,1.72,1.72,1.56,1.64,-0.09,-5.202312138728327,94984699.0
981,20230518,1.63,1.68,1.59,1.62,-0.0199999999999997,-1.2195121951219412,55782248.0
981,20230519,1.6,1.65,1.59,1.62,0.0,0.0,32753968.0
981,20230522,1.62,1.62,1.59,1.59,-0.03,-1.851851851851849,26976791.0
981,20230523,1.59,1.64,1.58,1.62,0.03,1.8867924528301885,37501456.0
981,20230524,1.62,1.62,1.6,1.6,-0.02,-1.2345679012345734,18041201.0
981,20230525,1.6,1.62,1.6,1.61,0.01,0.6250000000000089,21735462.0
981,20230526,1.61,1.62,1.6,1.62,0.01,0.6211180124223503,17133555.0
981,20230529,1.62,1.62,1.57,1.58,-0.04,-2.4691358024691357,39013849.0
981,20230530,1.58,1.58,1.5,1.53,-0.05,-3.164556962025322,68129723.0
981,20230531,1.53,1.68,1.53,1.67,0.1399999999999999,9.15032679738561,121034313.0
981,20230601,1.64,1.64,1.58,1.6,-0.0699999999999998,-4.191616766467055,86259727.0
981,20230602,1.6,1.61,1.57,1.6,0.0,0.0,42643064.0
981,20230605,1.6,1.6,1.56,1.57,-0.03,-1.8750000000000044,28455597.0
981,20230606,1.57,1.57,1.54,1.54,-0.03,-1.9108280254777064,25724530.0
981,20230607,1.54,1.57,1.53,1.55,0.01,0.6493506493506551,16708879.0
981,20230608,1.55,1.55,1.52,1.54,-0.01,-0.6451612903225823,17192182.0
981,20230609,1.54,1.55,1.51,1.52,-0.02,-1.2987012987012991,17816722.0
981,20230612,1.56,1.65,1.54,1.55,0.03,1.9736842105263277,43597246.0
981,20230613,1.54,1.58,1.53,1.56,0.01,0.6451612903225712,27557087.0
981,20230614,1.57,1.57,1.53,1.54,-0.02,-1.2820512820512886,23374227.0
981,20230615,1.53,1.56,1.52,1.55,0.01,0.6493506493506551,21342685.0
981,20230616,1.54,1.56,1.54,1.55,0.0,0.0,20660540.0
981,20230619,1.55,1.59,1.54,1.55,0.0,0.0,28406471.0
981,20230620,1.55,1.55,1.52,1.53,-0.02,-1.2903225806451646,18167623.0
981,20230621,1.52,1.55,1.51,1.52,-0.01,-0.6535947712418277,19942970.0
981,20230626,1.52,1.52,1.47,1.48,-0.04,-2.631578947368418,33216555.0
981,20230627,1.48,1.49,1.46,1.49,0.01,0.6756756756756799,22778591.0
981,20230628,1.48,1.51,1.44,1.49,0.0,0.0,40390974.0
981,20230629,1.49,1.55,1.48,1.52,0.03,2.0134228187919545,40335673.0
981,20230630,1.51,1.53,1.49,1.53,0.01,0.6578947368421018,27640730.0
981,20230703,1.53,1.56,1.53,1.54,0.01,0.6535947712418277,48854880.0
981,20230704,1.54,1.62,1.53,1.54,0.0,0.0,71113685.0
981,20230705,1.54,1.54,1.5,1.51,-0.03,-1.9480519480519545,48651798.0
981,20230706,1.51,1.52,1.49,1.52,0.01,0.6622516556291425,29370268.0
981,20230707,1.51,1.53,1.5,1.51,-0.01,-0.6578947368421018,34160881.0
981,20230710,1.51,1.51,1.48,1.49,-0.02,-1.3245033112582738,29438440.0
981,20230711,1.49,1.51,1.48,1.51,0.02,1.342281879194629,27361024.0
981,20230712,1.51,1.58,1.5,1.52,0.01,0.6622516556291425,76937982.0
981,20230713,1.5,1.51,1.48,1.5,-0.02,-1.3157894736842146,46419510.0
981,20230714,1.49,1.5,1.48,1.49,-0.01,-0.666666666666671,25517829.0
981,20230717,1.48,1.48,1.43,1.46,-0.03,-2.0134228187919434,43389040.0
981,20230718,1.45,1.49,1.44,1.47,0.01,0.6849315068493178,35323496.0
981,20230719,1.46,1.48,1.45,1.47,0.0,0.0,27074986.0
981,20230720,1.46,1.5,1.45,1.48,0.01,0.6802721088435382,42474717.0
981,20230721,1.47,1.54,1.46,1.53,0.05,3.378378378378377,85161393.0
981,20230724,1.53,1.58,1.5,1.51,-0.02,-1.3071895424836666,68024251.0
981,20230725,1.51,1.55,1.5,1.52,0.01,0.6622516556291425,83408166.0
981,20230726,1.52,1.67,1.52,1.67,0.1499999999999999,9.868421052631572,326009082.0
981,20230727,1.7,1.84,1.66,1.84,0.1700000000000001,10.179640718562876,330661297.0
981,20230728,1.86,1.95,1.75,1.77,-0.07,-3.8043478260869623,453760771.0
981,20230731,1.77,1.85,1.72,1.83,0.06,3.3898305084745894,343806309.0
981,20230801,1.79,1.85,1.73,1.76,-0.07,-3.825136612021862,250921695.0
981,20230802,1.74,1.76,1.71,1.72,-0.04,-2.2727272727272707,168862694.0
981,20230803,1.73,1.78,1.69,1.73,0.01,0.5813953488372103,166099936.0
981,20230804,1.73,1.74,1.67,1.68,-0.05,-2.8901734104046284,130967057.0
981,20230807,1.68,1.7,1.66,1.67,-0.01,-0.5952380952380931,74677882.0
981,20230808,1.67,1.7,1.65,1.66,-0.01,-0.5988023952095856,86654691.0
981,20230809,1.65,1.68,1.63,1.64,-0.02,-1.2048192771084376,74093418.0
981,20230810,1.63,1.65,1.6,1.61,-0.0299999999999998,-1.8292682926829176,72791177.0
981,20230811,1.61,1.67,1.6,1.63,0.0199999999999997,1.2422360248447006,97017506.0
981,20230814,1.62,1.62,1.58,1.6,-0.0299999999999998,-1.8404907975460016,76545810.0
981,20230815,1.6,1.6,1.55,1.57,-0.03,-1.8750000000000044,58144338.0
981,20230816,1.56,1.63,1.55,1.58,0.01,0.6369426751592355,87985684.0
981,20230817,1.58,1.67,1.57,1.63,0.0499999999999998,3.164556962025311,119402228.0
981,20230818,1.63,1.65,1.6,1.6,-0.0299999999999998,-1.8404907975460016,78114746.0
981,20230821,1.61,1.62,1.56,1.57,-0.03,-1.8750000000000044,60171429.0
981,20230822,1.57,1.58,1.52,1.56,-0.01,-0.6369426751592355,72157379.0
981,20230823,1.55,1.55,1.52,1.52,-0.04,-2.564102564102566,47082649.0
981,20230824,1.53,1.54,1.5,1.52,0.0,0.0,51592948.0
981,20230825,1.51,1.54,1.48,1.49,-0.03,-1.9736842105263164,64061303.0
981,20230828,1.55,1.57,1.51,1.51,0.02,1.342281879194629,101774273.0
981,20230829,1.5,1.58,1.49,1.57,0.06,3.973509933774833,98978604.0
981,20230830,1.57,1.59,1.52,1.53,-0.04,-2.547770700636942,75526275.0
981,20230831,1.53,1.53,1.5,1.51,-0.02,-1.3071895424836666,45162922.0
981,20230901,1.51,1.54,1.49,1.51,0.0,0.0,47896148.0
981,20230904,1.52,1.55,1.51,1.55,0.04,2.6490066225165476,66490237.0
981,20230905,1.55,1.55,1.52,1.52,-0.03,-1.9354838709677469,37526041.0
981,20230906,1.52,1.54,1.51,1.52,0.0,0.0,42462917.0
981,20230907,1.52,1.53,1.49,1.5,-0.02,-1.3157894736842146,48698300.0
981,20230908,1.49,1.5,1.47,1.49,-0.01,-0.666666666666671,51686311.0
981,20230911,1.49,1.5,1.47,1.49,0.0,0.0,42827446.0
981,20230912,1.49,1.52,1.48,1.5,0.01,0.6711409395973256,45075805.0
981,20230913,1.5,1.5,1.47,1.48,-0.02,-1.3333333333333308,43307902.0
981,20230914,1.48,1.48,1.45,1.46,-0.02,-1.3513513513513489,48781094.0
981,20230915,1.46,1.48,1.45,1.48,0.02,1.3698630136986356,42494880.0
981,20230918,1.47,1.51,1.46,1.5,0.02,1.3513513513513598,44579422.0
981,20230919,1.49,1.49,1.46,1.47,-0.03,-2.0000000000000018,43674023.0
981,20230920,1.47,1.47,1.45,1.45,-0.02,-1.3605442176870763,24454727.0
981,20230921,1.45,1.46,1.44,1.44,-0.01,-0.6896551724137945,28358820.0
981,20230922,1.44,1.47,1.44,1.46,0.02,1.388888888888884,35572410.0
981,20230925,1.45,1.46,1.43,1.44,-0.02,-1.3698630136986356,30170600.0
981,20230926,1.44,1.45,1.43,1.44,0.0,0.0,25060398.0
981,20230927,1.44,1.45,1.43,1.43,-0.01,-0.694444444444442,22813881.0
981,20230928,1.43,1.47,1.43,1.46,0.03,2.0979020979021046,45159362.0
981,20231009,1.45,1.48,1.45,1.45,-0.01,-0.6849315068493178,46929033.0
981,20231010,1.46,1.47,1.44,1.45,0.0,0.0,26383134.0
981,20231011,1.45,1.47,1.44,1.45,0.0,0.0,36715723.0
981,20231012,1.47,1.55,1.46,1.51,0.06,4.137931034482767,89961765.0
981,20231013,1.54,1.66,1.52,1.66,0.1499999999999999,9.93377483443707,115472591.0
981,20231016,1.76,1.83,1.66,1.71,0.05,3.0120481927710774,414657138.0
981,20231017,1.64,1.67,1.59,1.6,-0.1099999999999998,-6.43274853801169,200951271.0
981,20231018,1.6,1.67,1.56,1.62,0.02,1.2499999999999956,158138486.0
981,20231019,1.59,1.59,1.52,1.52,-0.1,-6.172839506172845,122900103.0
981,20231020,1.5,1.55,1.49,1.52,0.0,0.0,89389738.0
981,20231023,1.51,1.52,1.48,1.49,-0.03,-1.9736842105263164,72825387.0
981,20231024,1.49,1.54,1.49,1.52,0.03,2.0134228187919545,71119813.0
981,20231025,1.52,1.67,1.52,1.67,0.1499999999999999,9.868421052631572,148707814.0
981,20231026,1.7,1.75,1.63,1.7,0.03,1.7964071856287456,286527050.0
981,20231027,1.71,1.83,1.67,1.77,0.07,4.117647058823537,257287537.0
981,20231030,1.79,1.81,1.68,1.69,-0.08,-4.519774011299438,187882239.0
981,20231031,1.67,1.75,1.65,1.66,-0.03,-1.7751479289940808,151678272.0
981,20231101,1.68,1.73,1.65,1.69,0.03,1.8072289156626509,113649416.0
981,20231102,1.68,1.69,1.63,1.64,-0.05,-2.9585798816568087,84458250.0
981,20231103,1.64,1.66,1.62,1.66,0.02,1.2195121951219523,77868960.0
981,20231106,1.66,1.82,1.64,1.75,0.09,5.421686746987953,195221548.0
981,20231107,1.73,1.79,1.72,1.76,0.01,0.5714285714285783,139975704.0
981,20231108,1.75,1.85,1.75,1.78,0.02,1.1363636363636465,185767832.0
981,20231109,1.78,1.79,1.73,1.74,-0.04,-2.2471910112359605,104068202.0
981,20231110,1.73,1.77,1.71,1.76,0.02,1.1494252873563315,74004618.0
981,20231113,1.77,1.78,1.73,1.74,-0.02,-1.1363636363636354,67211583.0
981,20231114,1.69,1.71,1.63,1.7,-0.04,-2.298850574712641,137246797.0
981,20231115,1.71,1.73,1.68,1.71,0.01,0.588235294117645,65185435.0
981,20231116,1.72,1.72,1.69,1.69,-0.02,-1.1695906432748535,42664449.0
981,20231117,1.68,1.73,1.68,1.71,0.02,1.183431952662728,65931278.0
981,20231120,1.7,1.72,1.68,1.71,0.0,0.0,49047474.0
981,20231121,1.72,1.83,1.71,1.77,0.06,3.5087719298245723,168083674.0
981,20231122,1.77,1.81,1.75,1.79,0.02,1.1299435028248703,136606016.0
981,20231123,1.78,1.84,1.76,1.81,0.02,1.1173184357542,128577607.0
981,20231124,1.8,1.83,1.77,1.78,-0.03,-1.6574585635359185,101402328.0
981,20231127,1.79,1.92,1.79,1.85,0.07,3.93258426966292,158161560.0
981,20231128,1.83,1.85,1.78,1.8,-0.05,-2.7027027027027084,98885976.0
981,20231129,1.79,1.85,1.78,1.8,0.0,0.0,75919829.0
981,20231130,1.78,1.8,1.74,1.75,-0.05,-2.777777777777779,98592155.0
981,20231201,1.76,1.83,1.73,1.81,0.06,3.4285714285714253,109776606.0
981,20231204,1.81,1.84,1.78,1.78,-0.03,-1.6574585635359185,64022238.0
981,20231205,1.78,1.78,1.74,1.74,-0.04,-2.2471910112359605,47335500.0
981,20231206,1.73,1.78,1.73,1.76,0.02,1.1494252873563315,46956171.0
981,20231207,1.75,1.76,1.74,1.75,-0.01,-0.5681818181818232,31007296.0
981,20231208,1.75,1.78,1.74,1.74,-0.01,-0.5714285714285672,38569230.0
981,20231211,1.75,1.79,1.75,1.79,0.05,2.873563218390806,53988857.0
981,20231212,1.79,1.81,1.77,1.79,0.0,0.0,35293275.0
981,20231213,1.78,1.84,1.77,1.79,0.0,0.0,76603238.0
981,20231214,1.79,1.81,1.75,1.76,-0.03,-1.6759776536312887,61380606.0
981,20231215,1.75,1.79,1.75,1.77,0.01,0.5681818181818121,51798605.0
981,20231218,1.78,1.81,1.74,1.75,-0.02,-1.1299435028248594,57136349.0
981,20231219,1.75,1.76,1.64,1.68,-0.07,-4.0000000000000036,91136639.0
981,20231220,1.68,1.71,1.64,1.64,-0.04,-2.3809523809523836,65602783.0
981,20231221,1.64,1.67,1.6,1.65,0.01,0.6097560975609762,66977652.0
981,20231222,1.67,1.7,1.63,1.64,-0.01,-0.60606060606061,52664512.0
981,20231225,1.64,1.66,1.61,1.65,0.01,0.6097560975609762,33235071.0
981,20231226,1.65,1.67,1.61,1.62,-0.0299999999999998,-1.8181818181818077,42467282.0
981,20231227,1.61,1.63,1.58,1.61,-0.01,-0.6172839506172867,53171579.0
981,20231228,1.6,1.62,1.58,1.6,-0.01,-0.6211180124223614,63777364.0
981,20231229,1.6,1.61,1.58,1.59,-0.01,-0.6249999999999978,54414967.0
981,20240102,1.59,1.63,1.57,1.59,0.0,0.0,61726986.0
981,20240103,1.59,1.59,1.54,1.57,-0.02,-1.2578616352201255,66686736.0
981,20240104,1.56,1.57,1.53,1.54,-0.03,-1.9108280254777064,50011900.0
981,20240105,1.54,1.55,1.51,1.52,-0.02,-1.2987012987012991,54531858.0
981,20240108,1.52,1.53,1.5,1.51,-0.01,-0.6578947368421018,43955332.0
981,20240109,1.51,1.53,1.48,1.5,-0.01,-0.6622516556291425,50185296.0
981,20240110,1.5,1.53,1.47,1.5,0.0,0.0,50967616.0
981,20240111,1.49,1.54,1.48,1.54,0.04,2.6666666666666616,66300917.0
981,20240112,1.54,1.58,1.53,1.53,-0.01,-0.6493506493506551,60253846.0
981,20240115,1.52,1.53,1.5,1.51,-0.02,-1.3071895424836666,24115569.0
981,20240116,1.52,1.52,1.48,1.5,-0.01,-0.6622516556291425,42086777.0
981,20240117,1.51,1.51,1.48,1.48,-0.02,-1.3333333333333308,26301973.0
981,20240118,1.47,1.5,1.46,1.49,0.01,0.6756756756756799,47048334.0
981,20240119,1.5,1.51,1.48,1.48,-0.01,-0.6711409395973145,25104780.0
981,20240122,1.48,1.48,1.42,1.43,-0.05,-3.378378378378377,41887023.0
981,20240123,1.42,1.43,1.39,1.42,-0.01,-0.6993006993006978,32505991.0
981,20240124,1.43,1.45,1.4,1.44,0.02,1.4084507042253502,43127862.0
981,20240125,1.44,1.47,1.42,1.46,0.02,1.388888888888884,39516935.0
981,20240126,1.46,1.52,1.45,1.49,0.03,2.0547945205479534,47709895.0
981,20240129,1.49,1.49,1.42,1.42,-0.07,-4.697986577181212,44196667.0
981,20240130,1.42,1.44,1.4,1.4,-0.02,-1.4084507042253502,29462999.0
981,20240131,1.4,1.41,1.36,1.36,-0.0399999999999998,-2.857142857142847,42679541.0
981,20240201,1.36,1.36,1.31,1.33,-0.03,-2.2058823529411797,44882824.0
981,20240202,1.33,1.35,1.2,1.26,-0.07,-5.263157894736848,80493454.0
981,20240205,1.24,1.25,1.14,1.16,-0.1,-7.936507936507942,80912840.0
981,20240206,1.13,1.25,1.08,1.23,0.07,6.034482758620685,81248287.0
981,20240207,1.22,1.26,1.15,1.17,-0.06,-4.878048780487809,74000479.0
981,20240208,1.17,1.22,1.14,1.22,0.05,4.2735042735042805,69168722.0
981,20240219,1.24,1.27,1.23,1.25,0.03,2.4590163934426146,52417263.0
981,20240220,1.24,1.25,1.22,1.24,-0.01,-0.8000000000000007,35145488.0
981,20240221,1.23,1.31,1.22,1.28,0.04,3.2258064516129004,73117674.0
981,20240222,1.27,1.32,1.26,1.3,0.02,1.5625,64936960.0
981,20240223,1.3,1.33,1.28,1.32,0.02,1.538461538461533,59937420.0
981,20240226,1.33,1.44,1.32,1.36,0.04,3.0303030303030276,104017621.0
981,20240227,1.35,1.41,1.34,1.41,0.0499999999999998,3.676470588235281,78914023.0
981,20240228,1.41,1.42,1.32,1.32,-0.0899999999999998,-6.382978723404243,92976804.0
981,20240229,1.3,1.36,1.29,1.35,0.03,2.2727272727272707,54185791.0
981,20240301,1.35,1.36,1.32,1.33,-0.02,-1.4814814814814836,49599728.0
981,20240304,1.33,1.34,1.28,1.29,-0.04,-3.007518796992481,64991840.0
981,20240305,1.28,1.29,1.25,1.26,-0.03,-2.3255813953488413,51099620.0
981,20240306,1.26,1.29,1.26,1.28,0.02,1.5873015873015817,36866034.0
981,20240307,1.29,1.31,1.26,1.27,-0.01,-0.78125,44856314.0
981,20240308,1.26,1.28,1.25,1.26,-0.01,-0.7874015748031482,26738092.0
981,20240311,1.26,1.3,1.25,1.3,0.04,3.1746031746031855,46132207.0
981,20240312,1.3,1.34,1.29,1.33,0.03,2.3076923076922995,52223337.0
981,20240313,1.37,1.46,1.37,1.46,0.1299999999999999,9.774436090225546,69780617.0
981,20240314,1.52,1.54,1.41,1.41,-0.05,-3.424657534246578,194608000.0
981,20240315,1.41,1.55,1.41,1.55,0.1400000000000001,9.929078014184412,167763871.0
981,20240318,1.56,1.61,1.52,1.56,0.01,0.6451612903225712,232918528.0
981,20240319,1.55,1.56,1.51,1.52,-0.04,-2.564102564102566,107782927.0
981,20240320,1.51,1.55,1.49,1.51,-0.01,-0.6578947368421018,77499210.0
981,20240321,1.52,1.65,1.5,1.6,0.09,5.96026490066226,149016336.0
981,20240322,1.58,1.73,1.55,1.65,0.0499999999999998,3.124999999999978,150322494.0
981,20240325,1.69,1.73,1.61,1.61,-0.0399999999999998,-2.4242424242424176,110067452.0
981,20240326,1.59,1.67,1.59,1.62,0.01,0.6211180124223503,77147592.0
981,20240327,1.61,1.62,1.53,1.54,-0.08,-4.938271604938271,69827811.0
981,20240328,1.54,1.59,1.53,1.57,0.03,1.9480519480519431,52513891.0
981,20240329,1.6,1.64,1.58,1.61,0.04,2.547770700636942,48887540.0
981,20240401,1.64,1.65,1.6,1.61,0.0,0.0,48141979.0
981,20240402,1.61,1.62,1.56,1.58,-0.03,-1.8633540372670845,61527169.0
981,20240403,1.57,1.58,1.52,1.55,-0.03,-1.898734177215189,53197137.0
981,20240408,1.55,1.58,1.53,1.54,-0.01,-0.6451612903225823,40565654.0
981,20240409,1.54,1.55,1.52,1.54,0.0,0.0,34114954.0
981,20240410,1.55,1.55,1.5,1.5,-0.04,-2.5974025974025983,35756344.0
981,20240411,1.48,1.52,1.47,1.5,0.0,0.0,33279937.0
981,20240412,1.51,1.52,1.47,1.48,-0.02,-1.3333333333333308,31148191.0
981,20240415,1.48,1.49,1.38,1.43,-0.05,-3.378378378378377,60638292.0
981,20240416,1.41,1.41,1.3,1.32,-0.1099999999999998,-7.692307692307687,59926402.0
981,20240417,1.32,1.4,1.32,1.38,0.0599999999999998,4.545454545454541,50669328.0
981,20240418,1.38,1.41,1.36,1.37,-0.0099999999999997,-0.7246376811594013,34932017.0
981,20240419,1.37,1.38,1.35,1.36,-0.01,-0.7299270072992692,23688404.0
981,20240422,1.36,1.37,1.33,1.34,-0.02,-1.4705882352941235,25790846.0
981,20240423,1.34,1.38,1.33,1.37,0.03,2.238805970149249,28176401.0
981,20240424,1.38,1.4,1.37,1.39,0.0199999999999997,1.4598540145985162,29508967.0
981,20240425,1.4,1.45,1.39,1.43,0.04,2.877697841726623,41150493.0
981,20240426,1.45,1.46,1.42,1.43,0.0,0.0,26871894.0
981,20240429,1.43,1.54,1.43,1.53,0.1,6.9930069930070005,76647075.0
981,20240430,1.57,1.6,1.52,1.53,0.0,0.0,65611563.0
981,20240506,1.56,1.59,1.54,1.55,0.02,1.3071895424836557,59212977.0
981,20240507,1.54,1.56,1.52,1.55,0.0,0.0,43235620.0
981,20240508,1.56,1.56,1.53,1.53,-0.02,-1.2903225806451646,28545952.0
981,20240509,1.53,1.56,1.53,1.54,0.01,0.6535947712418277,32241114.0
981,20240510,1.54,1.55,1.5,1.5,-0.04,-2.5974025974025983,43300559.0
981,20240513,1.5,1.52,1.46,1.49,-0.01,-0.666666666666671,39951892.0
981,20240514,1.49,1.52,1.48,1.5,0.01,0.6711409395973256,30859675.0
981,20240515,1.49,1.64,1.49,1.59,0.09,6.000000000000005,119362480.0
981,20240516,1.58,1.6,1.56,1.57,-0.02,-1.2578616352201255,58029876.0
981,20240517,1.57,1.59,1.53,1.55,-0.02,-1.273885350318471,54272744.0
981,20240520,1.57,1.59,1.52,1.52,-0.03,-1.9354838709677469,56593910.0
981,20240521,1.52,1.54,1.5,1.53,0.01,0.6578947368421018,30149372.0
981,20240522,1.53,1.54,1.5,1.52,-0.01,-0.6535947712418277,41977355.0
981,20240523,1.51,1.52,1.47,1.48,-0.04,-2.631578947368418,38855984.0
981,20240524,1.48,1.51,1.47,1.49,0.01,0.6756756756756799,32677163.0
981,20240527,1.5,1.51,1.49,1.5,0.01,0.6711409395973256,20185534.0
981,20240528,1.5,1.51,1.45,1.47,-0.03,-2.0000000000000018,37976557.0
981,20240529,1.46,1.47,1.41,1.45,-0.02,-1.3605442176870763,46610752.0
981,20240530,1.45,1.47,1.44,1.44,-0.01,-0.6896551724137945,27661543.0
981,20240531,1.43,1.46,1.42,1.43,-0.01,-0.694444444444442,28021517.0
981,20240603,1.43,1.44,1.38,1.4,-0.03,-2.0979020979021046,39719707.0
981,20240604,1.39,1.4,1.36,1.39,-0.01,-0.7142857142857117,32751715.0
981,20240605,1.39,1.48,1.38,1.42,0.03,2.158273381294973,47032993.0
981,20240606,1.4,1.42,1.34,1.36,-0.0599999999999998,-4.22535211267604,57181134.0
981,20240607,1.37,1.4,1.36,1.39,0.0299999999999998,2.2058823529411686,34229745.0
981,20240611,1.39,1.41,1.37,1.39,0.0,0.0,23293600.0
981,20240612,1.39,1.41,1.38,1.4,0.01,0.7194244604316502,27711171.0
981,20240613,1.4,1.41,1.37,1.38,-0.02,-1.4285714285714346,24854361.0
981,20240614,1.37,1.39,1.36,1.37,-0.0099999999999997,-0.7246376811594013,21436313.0
981,20240617,1.38,1.4,1.36,1.37,0.0,0.0,21056699.0
981,20240618,1.37,1.4,1.36,1.39,0.0199999999999997,1.4598540145985162,21233961.0
981,20240619,1.39,1.4,1.37,1.38,-0.01,-0.7194244604316502,16494880.0
981,20240620,1.38,1.39,1.35,1.35,-0.0299999999999998,-2.1739130434782483,25312746.0
981,20240621,1.36,1.37,1.35,1.35,0.0,0.0,18615100.0
981,20240624,1.34,1.35,1.3,1.32,-0.03,-2.2222222222222254,33889372.0
981,20240625,1.31,1.34,1.3,1.33,0.01,0.7575757575757569,24881085.0
981,20240626,1.32,1.36,1.3,1.36,0.03,2.2556390977443552,29914038.0
981,20240627,1.35,1.38,1.33,1.33,-0.03,-2.2058823529411797,27815313.0
981,20240628,1.33,1.36,1.32,1.35,0.02,1.5037593984962516,20865666.0
981,20240701,1.36,1.39,1.35,1.38,0.0299999999999998,2.2222222222222143,23722743.0
981,20240702,1.38,1.4,1.37,1.38,0.0,0.0,22207029.0
981,20240703,1.38,1.39,1.36,1.37,-0.0099999999999997,-0.7246376811594013,17695414.0
981,20240704,1.37,1.38,1.33,1.33,-0.04,-2.919708029197088,28954619.0
981,20240705,1.33,1.36,1.31,1.34,0.01,0.7518796992481258,22493889.0
981,20240708,1.34,1.34,1.31,1.32,-0.02,-1.49253731343284,15355576.0
981,20240709,1.32,1.33,1.28,1.31,-0.01,-0.7575757575757569,29563335.0
981,20240710,1.31,1.33,1.3,1.3,-0.01,-0.7633587786259555,20625540.0
981,20240711,1.31,1.35,1.31,1.34,0.04,3.076923076923088,36017232.0
981,20240712,1.34,1.36,1.33,1.33,-0.01,-0.7462686567164201,36641141.0
981,20240715,1.31,1.31,1.22,1.25,-0.08,-6.015037593984962,71424824.0
981,20240716,1.24,1.24,1.22,1.23,-0.02,-1.6000000000000014,30231295.0
981,20240717,1.22,1.24,1.21,1.23,0.0,0.0,13309711.0
981,20240718,1.23,1.23,1.21,1.23,0.0,0.0,13879839.0
981,20240719,1.22,1.23,1.21,1.23,0.0,0.0,21690266.0
981,20240722,1.23,1.23,1.11,1.11,-0.1199999999999998,-9.756097560975595,110737123.0
981,20240723,1.07,1.07,1.0,1.0,-0.1100000000000001,-9.90990990990992,51408800.0
981,20240724,0.9,0.9,0.9,0.9,-0.0999999999999999,-9.999999999999998,11918700.0
981,20240725,0.81,0.81,0.81,0.81,-0.0899999999999999,-9.999999999999998,12970000.0
981,20240726,0.77,0.89,0.77,0.86,0.0499999999999999,6.1728395061728225,447300705.0
981,20240729,0.95,0.95,0.95,0.95,0.0899999999999999,10.465116279069765,20764124.0
981,20240730,1.05,1.05,1.05,1.05,0.1,10.526315789473696,9546219.0
981,20240731,1.16,1.16,1.16,1.16,0.1099999999999998,10.47619047619046,12740089.0
981,20240801,1.28,1.28,1.22,1.28,0.1200000000000001,10.344827586206918,477798606.0
981,20240802,1.28,1.41,1.16,1.41,0.1299999999999999,10.15625,753448841.0
981,20240805,1.35,1.42,1.27,1.27,-0.1399999999999999,-9.92907801418439,602460817.0
981,20240806,1.22,1.31,1.17,1.22,-0.05,-3.937007874015752,347305363.0
981,20240807,1.19,1.24,1.18,1.2,-0.02,-1.6393442622950838,217019988.0
981,20240808,1.18,1.31,1.16,1.26,0.06,5.000000000000004,357828030.0
981,20240809,1.23,1.3,1.21,1.25,-0.01,-0.7936507936507908,258628840.0
981,20240812,1.22,1.23,1.18,1.18,-0.07,-5.600000000000005,186540629.0
981,20240813,1.18,1.2,1.13,1.16,-0.02,-1.6949152542372947,161383129.0
981,20240814,1.14,1.2,1.13,1.18,0.02,1.724137931034475,174498092.0
981,20240815,1.16,1.19,1.14,1.16,-0.02,-1.6949152542372947,133930236.0
981,20240816,1.17,1.19,1.12,1.13,-0.03,-2.586206896551724,162553654.0
981,20240819,1.12,1.12,1.03,1.07,-0.0599999999999998,-5.309734513274322,237954141.0
981,20240820,1.05,1.18,1.05,1.18,0.1099999999999998,10.280373831775693,336816979.0
981,20240821,1.16,1.18,1.11,1.11,-0.0699999999999998,-5.932203389830493,248666367.0
981,20240822,1.11,1.14,1.07,1.07,-0.04,-3.603603603603611,161158131.0
981,20240823,1.07,1.16,1.06,1.11,0.04,3.738317757009346,212058446.0
981,20240826,1.09,1.12,1.07,1.1,-0.01,-0.9009009009009028,131679869.0
981,20240827,1.09,1.1,1.06,1.07,-0.03,-2.7272727272727337,117205843.0
981,20240828,1.06,1.09,1.06,1.07,0.0,0.0,87074305.0
981,20240829,1.06,1.09,1.05,1.07,0.0,0.0,118458891.0
981,20240830,1.07,1.11,1.06,1.08,0.01,0.9345794392523477,133608894.0
981,20240902,1.07,1.09,1.06,1.07,-0.01,-0.92592592592593,100378776.0
981,20240903,1.07,1.08,1.01,1.05,-0.02,-1.869158878504673,129825645.0
981,20240904,1.04,1.05,1.01,1.03,-0.02,-1.904761904761909,121380042.0
981,20240905,1.02,1.13,1.0,1.09,0.06,5.825242718446599,318209141.0
981,20240906,1.08,1.08,1.04,1.04,-0.05,-4.587155963302758,174199032.0
981,20240909,1.03,1.09,1.02,1.05,0.01,0.961538461538458,151012988.0
981,20240910,1.05,1.05,1.02,1.04,-0.01,-0.952380952380949,109273776.0
981,20240911,1.03,1.05,1.02,1.03,-0.01,-0.961538461538458,71428975.0
981,20240912,1.03,1.04,1.02,1.02,-0.01,-0.9708737864077666,76518567.0
981,20240913,1.02,1.04,1.01,1.03,0.01,0.9803921568627416,77337346.0
981,20240918,1.02,1.03,1.01,1.02,-0.01,-0.9708737864077666,58115597.0
981,20240919,1.02,1.05,1.01,1.03,0.01,0.9803921568627416,96516028.0
981,20240920,1.03,1.03,1.01,1.03,0.0,0.0,67537063.0
981,20240923,1.02,1.08,1.01,1.05,0.02,1.9417475728155331,194488199.0
981,20240924,1.04,1.08,1.03,1.07,0.02,1.904761904761898,208472549.0
981,20240925,1.1,1.17,1.1,1.11,0.04,3.738317757009346,305236672.0
981,20240926,1.1,1.22,1.09,1.22,0.1099999999999998,9.909909909909898,452192024.0
981,20240927,1.22,1.28,1.19,1.24,0.02,1.6393442622950838,451993183.0
981,20240930,1.25,1.35,1.22,1.34,0.1,8.064516129032274,728163948.0
981,20241008,1.46,1.47,1.25,1.35,0.01,0.746268656716409,892856421.0
981,20241009,1.3,1.3,1.22,1.22,-0.1300000000000001,-9.629629629629632,402769684.0
981,20241010,1.18,1.21,1.11,1.15,-0.07,-5.737704918032794,390323189.0
981,20241011,1.14,1.18,1.12,1.15,0.0,0.0,243912621.0
981,20241014,1.15,1.16,1.12,1.15,0.0,0.0,236748211.0
981,20241015,1.14,1.15,1.1,1.11,-0.0399999999999998,-3.4782608695651973,241159190.0
981,20241016,1.08,1.13,1.06,1.11,0.0,0.0,234219545.0
981,20241017,1.11,1.18,1.11,1.13,0.0199999999999997,1.8018018018017832,299152977.0
981,20241018,1.11,1.15,1.09,1.13,0.0,0.0,290964694.0
981,20241021,1.12,1.14,1.11,1.11,-0.0199999999999997,-1.7699115044247593,230632467.0
981,20241022,1.1,1.22,1.09,1.22,0.1099999999999998,9.909909909909898,564900175.0
981,20241023,1.22,1.24,1.18,1.2,-0.02,-1.6393442622950838,542250222.0
981,20241024,1.19,1.28,1.18,1.23,0.03,2.5000000000000133,437767034.0
981,20241025,1.23,1.23,1.2,1.21,-0.02,-1.6260162601625994,310902321.0
981,20241028,1.22,1.33,1.21,1.33,0.1200000000000001,9.917355371900838,558397224.0
981,20241029,1.34,1.41,1.31,1.35,0.02,1.5037593984962516,695417656.0
981,20241030,1.35,1.49,1.28,1.44,0.0899999999999998,6.666666666666665,699485473.0
981,20241031,1.41,1.55,1.39,1.43,-0.01,-0.694444444444442,721579911.0
981,20241101,1.43,1.45,1.3,1.36,-0.0699999999999998,-4.895104895104884,543235589.0
981,20241104,1.33,1.38,1.33,1.36,0.0,0.0,331683500.0
981,20241105,1.34,1.5,1.34,1.5,0.1399999999999999,10.294117647058808,557319459.0
981,20241106,1.58,1.65,1.54,1.65,0.1499999999999999,9.999999999999986,795865865.0
981,20241107,1.82,1.82,1.65,1.82,0.1700000000000001,10.303030303030305,611332049.0
981,20241108,2.0,2.0,2.0,2.0,0.1799999999999999,9.890109890109876,97362325.0
981,20241111,2.09,2.2,2.0,2.12,0.1200000000000001,6.000000000000005,1974420435.0
981,20241112,2.0,2.1,1.91,1.91,-0.2100000000000002,-9.905660377358494,1214697761.0
981,20241113,1.81,1.91,1.74,1.79,-0.1199999999999998,-6.282722513089,950218426.0
981,20241114,1.75,1.78,1.64,1.65,-0.1400000000000001,-7.8212290502793325,793931577.0
981,20241115,1.63,1.74,1.63,1.64,-0.01,-0.60606060606061,632480072.0
981,20241118,1.65,1.8,1.6,1.8,0.1600000000000001,9.756097560975618,745148369.0
981,20241119,1.8,1.96,1.73,1.89,0.0899999999999998,4.999999999999982,1136682906.0
981,20241120,1.83,1.88,1.76,1.84,-0.0499999999999998,-2.64550264550264,742300208.0
981,20241121,1.81,1.9,1.78,1.79,-0.05,-2.717391304347827,570932328.0
981,20241122,1.76,1.84,1.7,1.71,-0.08,-4.469273743016766,559704767.0
981,20241125,1.69,1.75,1.63,1.7,-0.01,-0.5847953216374324,453022842.0
981,20241126,1.7,1.79,1.68,1.71,0.01,0.588235294117645,410306455.0
981,20241127,1.7,1.7,1.64,1.7,-0.01,-0.5847953216374324,359797667.0
981,20241128,1.69,1.86,1.67,1.77,0.07,4.117647058823537,727211432.0
981,20241129,1.74,1.77,1.68,1.75,-0.02,-1.1299435028248594,526497958.0
981,20241202,1.73,1.93,1.72,1.93,0.1799999999999999,10.285714285714276,752328847.0
981,20241203,2.04,2.09,1.91,1.91,-0.02,-1.0362694300518172,1241902861.0
981,20241204,1.86,2.1,1.86,2.1,0.1900000000000001,9.947643979057608,1153811891.0
981,20241205,2.19,2.31,2.13,2.31,0.2099999999999999,10.000000000000009,653341983.0
981,20241206,2.54,2.54,2.54,2.54,0.2299999999999999,9.956709956709965,56954460.0
981,20241209,2.79,2.79,2.41,2.79,0.25,9.842519685039374,2183733245.0
981,20241210,2.82,3.07,2.71,3.07,0.2799999999999998,10.035842293906793,2092742794.0
981,20241211,2.76,3.35,2.76,3.0,-0.0699999999999998,-2.280130293159599,2162094879.0
981,20241212,2.9,2.96,2.7,2.7,-0.2999999999999998,-9.999999999999998,1317281262.0
981,20241213,2.59,2.93,2.51,2.82,0.1199999999999996,4.444444444444429,1464343249.0
981,20241216,2.83,3.05,2.75,3.01,0.1899999999999999,6.737588652482263,1378764967.0
981,20241217,2.88,2.91,2.71,2.71,-0.2999999999999998,-9.966777408637872,903159162.0
981,20241218,2.66,2.82,2.6,2.71,0.0,0.0,664367457.0
981,20241219,2.65,2.65,2.45,2.5,-0.2099999999999999,-7.749077490774903,723048182.0
981,20241220,2.52,2.59,2.48,2.51,0.0099999999999997,0.4000000000000003,433930274.0
981,20241223,2.52,2.58,2.35,2.37,-0.1399999999999996,-5.577689243027873,519476904.0
981,20241224,2.33,2.4,2.24,2.31,-0.06,-2.5316455696202556,592254623.0
981,20241225,2.3,2.31,2.11,2.15,-0.1600000000000001,-6.926406926406936,548985325.0
981,20241226,2.12,2.24,2.12,2.17,0.02,0.930232558139532,465651943.0
981,20241227,2.16,2.29,2.13,2.15,-0.02,-0.9216589861751112,574112160.0
981,20241230,2.12,2.13,2.03,2.07,-0.08,-3.720930232558139,511842164.0
981,20241231,2.06,2.09,1.97,2.0,-0.0699999999999998,-3.3816425120772875,486451009.0
981,20250102,2.2,2.2,2.2,2.2,0.2000000000000001,10.000000000000009,127690307.0
981,20250103,2.42,2.42,2.42,2.42,0.2199999999999997,9.999999999999986,53215050.0
981,20250106,2.49,2.49,2.18,2.25,-0.1699999999999999,-7.024793388429751,1123724093.0
981,20250107,2.25,2.48,2.22,2.48,0.2299999999999999,10.22222222222222,1302098258.0
981,20250108,2.4,2.63,2.32,2.54,0.06,2.4193548387096753,1346250837.0
981,20250109,2.46,2.57,2.41,2.43,-0.1099999999999998,-4.330708661417315,782836876.0
981,20250110,2.37,2.38,2.2,2.2,-0.2299999999999999,-9.465020576131687,711449499.0
981,20250113,2.12,2.33,2.12,2.25,0.0499999999999998,2.2727272727272707,555010069.0
981,20250114,2.22,2.4,2.15,2.36,0.1099999999999998,4.888888888888876,843992137.0
981,20250115,2.34,2.37,2.26,2.29,-0.0699999999999998,-2.9661016949152463,598413689.0
981,20250116,2.29,2.52,2.28,2.48,0.1899999999999999,8.296943231441055,1262302315.0
981,20250117,2.42,2.46,2.32,2.36,-0.1200000000000001,-4.838709677419361,769126778.0
981,20250120,2.42,2.45,2.31,2.33,-0.0299999999999998,-1.2711864406779627,556998799.0
981,20250121,2.37,2.37,2.22,2.29,-0.04,-1.716738197424894,487006959.0
981,20250122,2.26,2.28,2.21,2.23,-0.06,-2.6200873362445476,283420090.0
981,20250123,2.25,2.29,2.2,2.2,-0.0299999999999998,-1.3452914798206206,368500964.0
981,20250124,2.18,2.2,2.12,2.16,-0.04,-1.8181818181818188,356207345.0
981,20250127,2.05,2.11,2.02,2.03,-0.1300000000000003,-6.018518518518534,378488546.0
981,20250205,2.05,2.23,2.03,2.17,0.1400000000000001,6.896551724137945,505389669.0
981,20250206,2.13,2.17,2.09,2.16,-0.0099999999999997,-0.4608294930875445,432199847.0
981,20250207,2.17,2.35,2.16,2.28,0.1199999999999996,5.555555555555536,822186552.0
981,20250210,2.25,2.33,2.22,2.32,0.04,1.7543859649122862,723732308.0
981,20250211,2.33,2.35,2.24,2.28,-0.04,-1.7241379310344862,529368720.0
981,20250212,2.26,2.38,2.24,2.3,0.02,0.8771929824561431,543144674.0
981,20250213,2.29,2.38,2.27,2.32,0.02,0.8695652173912993,660379886.0
981,20250214,2.3,2.3,2.19,2.2,-0.1199999999999996,-5.172413793103436,579385577.0
981,20250217,2.16,2.29,2.16,2.25,0.0499999999999998,2.2727272727272707,504781182.0
981,20250218,2.24,2.24,2.14,2.14,-0.1099999999999998,-4.8888888888888875,456778800.0
981,20250219,2.14,2.22,2.13,2.18,0.04,1.869158878504673,355351956.0
981,20250220,2.17,2.25,2.14,2.21,0.0299999999999998,1.3761467889908063,467256817.0
981,20250221,2.19,2.19,2.13,2.17,-0.04,-1.8099547511312264,402770429.0
981,20250224,2.16,2.27,2.15,2.19,0.02,0.9216589861751112,511663275.0
981,20250225,2.15,2.24,2.12,2.18,-0.0099999999999997,-0.4566210045662044,479522344.0
981,20250226,2.17,2.4,2.16,2.4,0.2199999999999997,10.091743119266038,743602855.0
981,20250227,2.54,2.54,2.32,2.37,-0.0299999999999998,-1.2499999999999956,1325549427.0
981,20250228,2.37,2.43,2.22,2.22,-0.1499999999999999,-6.329113924050633,704439737.0
981,20250303,2.24,2.33,2.17,2.24,0.02,0.9009009009008916,534682724.0
981,20250304,2.21,2.23,2.17,2.22,-0.02,-0.8928571428571397,382975010.0
981,20250305,2.2,2.21,2.15,2.2,-0.02,-0.9009009009009028,341732034.0
981,20250306,2.2,2.28,2.2,2.24,0.04,1.81818181818183,485313614.0
981,20250307,2.22,2.32,2.2,2.26,0.0199999999999995,0.8928571428571175,519348748.0
981,20250310,2.22,2.23,2.18,2.21,-0.0499999999999998,-2.212389380530966,310521358.0
981,20250311,2.18,2.24,2.17,2.21,0.0,0.0,276412945.0
981,20250312,2.21,2.29,2.21,2.24,0.0300000000000002,1.3574660633484337,356796339.0
981,20250313,2.22,2.23,2.17,2.2,-0.04,-1.7857142857142905,299135442.0
981,20250314,2.2,2.22,2.17,2.22,0.02,0.9090909090909038,246331834.0
981,20250317,2.22,2.44,2.22,2.33,0.1099999999999998,4.954954954954949,893120558.0
981,20250318,2.28,2.31,2.25,2.26,-0.0700000000000002,-3.0042918454935785,525011164.0
981,20250319,2.25,2.28,2.23,2.25,-0.0099999999999997,-0.4424778761061843,339906610.0
981,20250320,2.25,2.29,2.23,2.24,-0.0099999999999997,-0.4444444444444362,326897963.0
981,20250321,2.23,2.23,2.18,2.2,-0.04,-1.7857142857142905,286173349.0
981,20250324,2.18,2.19,2.1,2.15,-0.0500000000000002,-2.272727272727282,324279808.0
981,20250325,2.15,2.16,2.12,2.14,-0.0099999999999997,-0.4651162790697549,151125519.0
981,20250326,2.13,2.18,2.12,2.15,0.0099999999999997,0.4672897196261516,160768267.0
981,20250327,2.13,2.13,2.06,2.09,-0.06,-2.7906976744186074,253088564.0
981,20250328,2.07,2.17,2.04,2.12,0.0300000000000002,1.435406698564612,285094943.0
981,20250331,2.1,2.11,2.05,2.06,-0.06,-2.8301886792452824,182796362.0
981,20250401,2.06,2.08,2.06,2.06,0.0,0.0,114134900.0
981,20250402,2.06,2.06,2.02,2.02,-0.04,-1.9417475728155331,187859001.0
981,20250403,2.0,2.03,1.98,2.01,-0.0100000000000002,-0.4950495049505066,127766146.0
981,20250407,1.88,1.88,1.81,1.81,-0.1999999999999997,-9.950248756218894,131926500.0
981,20250408,1.63,1.76,1.63,1.69,-0.1200000000000001,-6.629834254143652,360598310.0
981,20250409,1.66,1.85,1.52,1.78,0.09,5.3254437869822535,453579720.0
981,20250410,1.8,1.87,1.78,1.81,0.03,1.6853932584269593,375862620.0
981,20250411,1.78,1.85,1.76,1.81,0.0,0.0,230653399.0
981,20250414,1.84,1.94,1.83,1.88,0.0699999999999998,3.867403314917128,315586362.0
981,20250415,1.87,1.88,1.82,1.83,-0.0499999999999998,-2.659574468085102,210660228.0
981,20250416,1.81,1.82,1.75,1.78,-0.05,-2.732240437158473,188518038.0
981,20250417,1.75,1.78,1.74,1.76,-0.02,-1.1235955056179805,170134310.0
981,20250418,1.75,1.77,1.71,1.76,0.0,0.0,181383369.0
981,20250421,1.75,1.81,1.73,1.81,0.05,2.840909090909083,210435621.0
981,20250422,1.81,1.83,1.77,1.78,-0.03,-1.6574585635359185,154296100.0
981,20250423,1.78,1.82,1.78,1.79,0.01,0.561797752808979,197430415.0
981,20250424,1.8,1.8,1.73,1.73,-0.06,-3.3519553072625774,178891228.0
981,20250425,1.73,1.78,1.71,1.74,0.01,0.5780346820809301,184181260.0
981,20250428,1.73,1.73,1.68,1.68,-0.06,-3.4482758620689724,168030589.0
981,20250429,1.65,1.73,1.64,1.7,0.02,1.1904761904761862,200114359.0
981,20250430,1.75,1.87,1.73,1.78,0.08,4.705882352941182,497712723.0
981,20250506,1.78,1.94,1.75,1.89,0.1099999999999998,6.17977528089888,561530100.0
981,20250507,1.91,1.93,1.85,1.88,-0.01,-0.5291005291005346,384952803.0
981,20250508,1.87,2.07,1.86,2.07,0.1899999999999999,10.106382978723394,482877737.0
981,20250509,2.06,2.06,1.95,1.97,-0.0999999999999998,-4.8309178743961345,680300753.0
981,20250512,1.98,2.04,1.96,1.99,0.02,1.015228426395942,413799774.0
981,20250513,2.01,2.03,1.96,1.96,-0.03,-1.5075376884422176,301364797.0
981,20250514,1.95,1.99,1.93,1.96,0.0,0.0,246844873.0
981,20250515,1.96,2.1,1.96,2.04,0.08,4.081632653061229,565614710.0
981,20250516,2.0,2.19,1.97,2.15,0.1099999999999998,5.392156862745101,752828462.0
981,20250519,2.12,2.17,2.08,2.13,-0.02,-0.930232558139532,485300107.0
981,20250520,2.11,2.25,2.1,2.19,0.06,2.8169014084507005,583895294.0
981,20250521,2.16,2.23,2.15,2.15,-0.04,-1.82648401826484,414477584.0
981,20250522,2.13,2.15,2.06,2.07,-0.08,-3.720930232558139,396045203.0
981,20250523,2.06,2.12,2.05,2.08,0.0100000000000002,0.4830917874396156,330033820.0
981,20250526,2.06,2.08,2.01,2.05,-0.0300000000000002,-1.4423076923077094,268488608.0
981,20250527,2.04,2.07,2.01,2.04,-0.0099999999999997,-0.4878048780487698,256040782.0
981,20250528,2.03,2.1,2.03,2.04,0.0,0.0,277373735.0
981,20250529,2.05,2.24,2.05,2.24,0.2000000000000001,9.80392156862746,831333745.0
981,20250530,2.24,2.25,2.12,2.13,-0.1100000000000003,-4.910714285714302,800500151.0
981,20250603,2.09,2.16,2.09,2.13,0.0,0.0,403919900.0
981,20250604,2.14,2.15,2.1,2.14,0.0100000000000002,0.4694835680751241,261935591.0
981,20250605,2.13,2.16,2.11,2.12,-0.02,-0.9345794392523366,259316118.0
981,20250606,2.12,2.22,2.12,2.19,0.0699999999999998,3.301886792452824,532391763.0
981,20250609,2.18,2.34,2.17,2.28,0.0899999999999998,4.109589041095885,734975631.0
981,20250610,2.29,2.33,2.21,2.29,0.0100000000000002,0.4385964912280826,791591309.0
981,20250611,2.31,2.34,2.27,2.27,-0.02,-0.8733624454148492,489237519.0
981,20250612,2.27,2.38,2.26,2.33,0.06,2.643171806167399,674651626.0
981,20250613,2.3,2.31,2.19,2.2,-0.1299999999999999,-5.579399141630892,530020871.0
981,20250616,2.18,2.19,2.15,2.18,-0.02,-0.909090909090915,284884946.0
981,20250617,2.18,2.19,2.1,2.12,-0.06,-2.752293577981657,365301851.0
981,20250618,2.1,2.18,2.05,2.16,0.04,1.8867924528301885,428415215.0
981,20250619,2.12,2.13,2.05,2.05,-0.1100000000000003,-5.092592592592604,331914060.0
981,20250620,2.08,2.08,2.05,2.06,0.0100000000000002,0.4878048780487809,181472909.0
981,20250623,2.02,2.08,2.0,2.07,0.0099999999999997,0.4854368932038833,197878628.0
981,20250624,2.09,2.14,2.08,2.12,0.0500000000000002,2.4154589371980784,275024919.0
981,20250625,2.13,2.13,2.08,2.11,-0.0100000000000002,-0.4716981132075526,231799992.0
981,20250626,2.13,2.21,2.11,2.18,0.0700000000000002,3.31753554502372,512454973.0
981,20250627,2.19,2.26,2.18,2.2,0.02,0.917431192660545,385803397.0
981,20250630,2.25,2.3,2.22,2.29,0.0899999999999998,4.090909090909078,614148028.0
981,20250701,2.34,2.45,2.28,2.4,0.1099999999999998,4.8034934497816595,867108803.0
981,20250702,2.41,2.42,2.3,2.33,-0.0699999999999998,-2.9166666666666563,554575247.0
981,20250703,2.33,2.36,2.18,2.19,-0.1400000000000001,-6.008583690987135,785891689.0
981,20250704,2.17,2.19,2.12,2.16,-0.0299999999999998,-1.3698630136986245,473216149.0
981,20250707,2.16,2.17,2.12,2.13,-0.0300000000000002,-1.388888888888895,327954400.0
981,20250708,2.12,2.15,2.11,2.15,0.02,0.938967136150226,304292848.0
981,20250709,2.14,2.19,2.11,2.12,-0.0299999999999998,-1.395348837209298,384743737.0
981,20250710,2.1,2.14,2.09,2.14,0.02,0.9433962264151052,303176702.0
981,20250711,2.13,2.13,2.1,2.12,-0.02,-0.9345794392523366,235160453.0
981,20250714,2.11,2.12,2.09,2.1,-0.02,-0.943396226415094,239669468.0
981,20250715,2.13,2.16,2.11,2.15,0.0499999999999998,2.3809523809523725,463877832.0
981,20250716,2.14,2.16,2.12,2.13,-0.02,-0.930232558139532,228853707.0
981,20250717,2.13,2.14,2.1,2.13,0.0,0.0,267304933.0
981,20250718,2.13,2.13,2.1,2.11,-0.02,-0.9389671361502372,221965036.0
981,20250721,2.1,2.12,2.09,2.12,0.0100000000000002,0.4739336492891155,263658960.0
981,20250722,2.11,2.11,2.06,2.07,-0.0500000000000002,-2.358490566037752,363980603.0
981,20250723,2.06,2.09,2.05,2.07,0.0,0.0,227525114.0
981,20250724,2.06,2.09,2.06,2.09,0.02,0.9661835748792312,265543943.0
981,20250725,2.08,2.09,2.06,2.08,-0.0099999999999997,-0.4784688995215225,225440368.0
981,20250728,2.07,2.08,2.05,2.06,-0.02,-0.961538461538458,244608449.0
981,20250729,2.06,2.08,2.02,2.08,0.02,0.9708737864077666,345462797.0
981,20250730,2.08,2.1,2.04,2.05,-0.0300000000000002,-1.4423076923077094,226094338.0
981,20250731,2.04,2.06,2.03,2.03,-0.02,-0.9756097560975618,154437891.0
981,20250801,2.03,2.05,2.02,2.03,0.0,0.0,106324106.0
981,20250804,2.02,2.05,2.0,2.04,0.0100000000000002,0.4926108374384341,169928949.0
981,20250805,2.04,2.1,2.03,2.09,0.0499999999999998,2.450980392156854,320506716.0
981,20250806,2.09,2.1,2.05,2.07,-0.02,-0.9569377990430672,202214496.0
981,20250807,2.07,2.09,2.05,2.06,-0.0099999999999997,-0.4830917874396045,213970624.0
981,20250808,2.05,2.06,2.03,2.04,-0.02,-0.9708737864077666,171810868.0
981,20250811,2.04,2.06,2.03,2.05,0.0099999999999997,0.4901960784313708,179494233.0
981,20250812,2.05,2.05,2.03,2.04,-0.0099999999999997,-0.4878048780487698,148973315.0
981,20250813,2.04,2.07,2.03,2.05,0.0099999999999997,0.4901960784313708,263692907.0
981,20250814,2.05,2.06,2.01,2.01,-0.04,-1.9512195121951237,273710607.0
981,20250815,2.01,2.03,2.01,2.03,0.02,0.995024875621886,169874680.0
981,20250818,2.02,2.12,2.02,2.09,0.06,2.9556650246305383,512368881.0
981,20250819,2.08,2.12,2.06,2.1,0.0100000000000002,0.4784688995215447,437590641.0
981,20250820,2.09,2.14,2.07,2.13,0.0299999999999998,1.4285714285714235,466726963.0
981,20250821,2.13,2.15,2.09,2.11,-0.02,-0.9389671361502372,333125242.0
981,20250822,2.1,2.13,2.08,2.1,-0.0099999999999997,-0.4739336492890933,301411269.0
981,20250825,2.1,2.15,2.1,2.12,0.02,0.952380952380949,493559747.0
981,20250826,2.11,2.2,2.1,2.16,0.04,1.8867924528301885,523138448.0
981,20250827,2.15,2.23,2.11,2.11,-0.0500000000000002,-2.314814814814825,706048134.0
981,20250828,2.14,2.32,2.13,2.32,0.2099999999999999,9.952606635071092,1820318715.0
981,20250829,2.25,2.28,2.18,2.19,-0.1299999999999999,-5.603448275862066,1255709530.0
981,20250901,2.22,2.41,2.21,2.41,0.2200000000000002,10.045662100456632,1395601673.0
981,20250902,2.5,2.65,2.47,2.65,0.2399999999999997,9.958506224066376,1120220123.0
981,20250903,2.66,2.72,2.51,2.55,-0.1,-3.773584905660377,2271982192.0
981,20250904,2.63,2.68,2.3,2.37,-0.1799999999999997,-7.05882352941175,1758889060.0
981,20250905,2.33,2.44,2.3,2.4,0.0299999999999998,1.2658227848101111,1116256348.0
981,20250908,2.4,2.46,2.36,2.4,0.0,0.0,874094420.0
981,20250909,2.39,2.54,2.36,2.43,0.0300000000000002,1.2500000000000178,1175550168.0
981,20250910,2.4,2.59,2.37,2.53,0.0999999999999996,4.115226337448541,1411945878.0
981,20250911,2.51,2.52,2.45,2.52,-0.0099999999999997,-0.395256916996034,970660308.0
981,20250912,2.53,2.77,2.51,2.77,0.25,9.92063492063493,1949812852.0
981,20250915,2.98,3.05,2.88,3.05,0.2799999999999998,10.10830324909746,1286010237.0
981,20250916,3.16,3.36,3.05,3.36,0.31,10.163934426229517,2630535864.0
981,20250917,3.51,3.7,3.44,3.7,0.3400000000000003,10.119047619047628,1206327777.0
981,20250918,4.0,4.07,3.87,4.07,0.3700000000000001,10.000000000000009,1688482980.0
981,20250919,4.35,4.36,3.66,3.87,-0.2000000000000001,-4.914004914004922,2929439674.0
981,20250922,3.87,4.26,3.87,4.26,0.3899999999999997,10.077519379844958,1647757651.0
981,20250923,4.47,4.6,4.01,4.24,-0.0199999999999995,-0.4694835680751019,2952868940.0
981,20250924,4.11,4.16,3.82,3.82,-0.4200000000000004,-9.905660377358494,2099170350.0
981,20250925,3.82,3.9,3.6,3.64,-0.1799999999999997,-4.712041884816742,1911558922.0
981,20250926,3.48,3.77,3.4,3.5,-0.1400000000000001,-3.8461538461538542,1670000491.0
981,20250929,3.68,3.85,3.68,3.85,0.3500000000000001,10.000000000000009,879027893.0
981,20250930,4.01,4.24,3.96,4.24,0.3900000000000001,10.129870129870122,1506758850.0
981,20251009,4.46,4.66,4.25,4.66,0.4199999999999999,9.905660377358494,1203752275.0
981,20251010,4.81,4.99,4.41,4.53,-0.1299999999999999,-2.7896995708154515,2590986585.0
981,20251013,4.49,4.68,4.16,4.31,-0.2200000000000006,-4.856512141280367,1647719048.0
981,20251014,4.39,4.74,4.39,4.74,0.4300000000000006,9.976798143851529,581099226.0
981,20251015,4.95,4.99,4.32,4.43,-0.3100000000000005,-6.540084388185663,2061805098.0
981,20251016,4.36,4.67,4.32,4.42,-0.0099999999999997,-0.225733634311509,1434044055.0
981,20251017,4.38,4.38,3.99,4.0,-0.4199999999999999,-9.502262443438914,1424069453.0
981,20251020,4.0,4.35,3.97,4.16,0.1600000000000001,4.0000000000000036,1437374378.0
981,20251021,4.1,4.2,4.02,4.13,-0.0300000000000002,-0.7211538461538547,1111093354.0
981,20251022,4.14,4.18,3.99,4.01,-0.1200000000000001,-2.90556900726393,916501700.0
981,20251023,4.01,4.01,3.78,3.88,-0.1299999999999999,-3.2418952618453845,881277037.0
981,20251024,3.91,4.04,3.88,3.98,0.1,2.577319587628879,763963476.0
981,20251027,3.99,4.15,3.94,4.01,0.0299999999999998,0.7537688442210921,999381498.0
981,20251028,3.93,4.01,3.85,3.91,-0.0999999999999996,-2.4937655860349017,723934212.0
981,20251029,4.14,4.3,4.14,4.3,0.3899999999999997,9.97442455242965,1313794589.0
981,20251030,4.49,4.6,4.16,4.2,-0.0999999999999996,-2.3255813953488302,2208522323.0
981,20251031,4.11,4.25,4.05,4.08,-0.1200000000000001,-2.857142857142858,1084098564.0
981,20251103,3.67,3.81,3.67,3.76,-0.3200000000000003,-7.843137254901967,1357424570.0
981,20251104,3.76,3.88,3.72,3.8,0.04,1.0638297872340496,849364273.0
981,20251105,3.72,3.97,3.6,3.88,0.08,2.1052631578947434,983555481.0
981,20251106,3.87,3.9,3.7,3.77,-0.1099999999999998,-2.8350515463917536,780393699.0
981,20251107,3.75,3.77,3.65,3.67,-0.1,-2.652519893899208,586931275.0
981,20251110,3.67,3.7,3.6,3.66,-0.0099999999999997,-0.2724795640326904,573302457.0
981,20251111,3.66,3.66,3.56,3.58,-0.08,-2.1857923497267784,520494557.0
981,20251112,3.55,3.55,3.47,3.54,-0.04,-1.1173184357541888,496444943.0
981,20251113,3.52,3.66,3.49,3.63,0.0899999999999998,2.5423728813559254,644701156.0
981,20251114,3.56,3.57,3.5,3.51,-0.1200000000000001,-3.3057851239669422,497195227.0
981,20251117,3.46,3.59,3.41,3.53,0.02,0.5698005698005604,599435078.0
981,20251118,3.56,3.69,3.45,3.46,-0.0699999999999998,-1.9830028328611804,789769903.0
981,20251119,3.43,3.45,3.31,3.34,-0.1200000000000001,-3.4682080924855474,570995872.0
981,20251120,3.34,3.38,3.28,3.29,-0.0499999999999998,-1.4970059880239472,389529817.0
981,20251121,3.23,3.27,3.16,3.17,-0.1200000000000001,-3.6474164133738607,477641241.0
981,20251124,3.18,3.23,3.13,3.21,0.04,1.2618296529968376,362183851.0
981,20251125,3.21,3.28,3.19,3.28,0.0699999999999998,2.180685358255441,321147993.0
981,20251126,3.29,3.34,3.25,3.3,0.02,0.6097560975609762,345956658.0
981,20251127,3.27,3.31,3.25,3.25,-0.0499999999999998,-1.5151515151515138,263486805.0
981,20251128,3.26,3.32,3.21,3.32,0.0699999999999998,2.15384615384615,299964519.0
981,20251201,3.33,3.65,3.31,3.56,0.2400000000000002,7.2289156626506035,1326908854.0
981,20251202,3.44,3.5,3.36,3.47,-0.0899999999999998,-2.52808988764045,844080484.0
981,20251203,3.43,3.45,3.31,3.31,-0.1600000000000001,-4.610951008645536,561789205.0
981,20251204,3.32,3.35,3.21,3.23,-0.08,-2.4169184290030232,381240877.0
981,20251205,3.2,3.26,3.18,3.25,0.02,0.6191950464396356,296642733.0
981,20251208,3.28,3.29,3.23,3.28,0.0299999999999998,0.9230769230769154,339635572.0
981,20251209,3.25,3.27,3.22,3.23,-0.0499999999999998,-1.5243902439024293,266448963.0
981,20251210,3.21,3.24,3.16,3.24,0.0100000000000002,0.3095975232198178,303899388.0
981,20251211,3.24,3.24,3.13,3.13,-0.1100000000000003,-3.395061728395077,326512284.0
981,20251212,3.11,3.15,3.07,3.14,0.0100000000000002,0.319488817891389,229049024.0
981,20251215,3.11,3.17,3.09,3.11,-0.0300000000000002,-0.9554140127388644,213119325.0
981,20251216,3.12,3.17,3.06,3.07,-0.04,-1.2861736334405127,282558502.0
981,20251217,3.04,3.07,2.98,3.05,-0.02,-0.6514657980456029,364381979.0
981,20251218,3.03,3.08,3.01,3.02,-0.0299999999999998,-0.983606557377048,257464787.0
981,20251219,3.06,3.32,3.06,3.32,0.2999999999999998,9.93377483443707,842103661.0
981,20251222,3.55,3.65,3.44,3.65,0.33,9.93975903614459,678106057.0
981,20251223,3.84,3.97,3.56,3.59,-0.06,-1.6438356164383603,2075246615.0
981,20251224,3.59,3.69,3.54,3.61,0.02,0.557103064066844,1049845024.0
981,20251225,3.56,3.62,3.5,3.54,-0.0699999999999998,-1.939058171745145,772337747.0
981,20251226,3.53,3.79,3.51,3.61,0.0699999999999998,1.9774011299434904,1223910850.0
981,20251229,3.54,3.79,3.53,3.66,0.0500000000000002,1.3850415512465464,1099360554.0
981,20251230,3.58,4.03,3.56,4.03,0.3700000000000001,10.10928961748634,1151436541.0
981,20251231,4.16,4.42,3.8,4.16,0.1299999999999999,3.2258064516129004,2150993816.0
981,20260105,4.11,4.28,4.04,4.05,-0.1100000000000003,-2.644230769230782,1391018802.0
981,20260106,4.01,4.46,4.0,4.46,0.4100000000000001,10.123456790123452,1206858272.0
981,20260107,4.5,4.78,4.4,4.56,0.0999999999999996,2.2421524663676973,2248161372.0
981,20260108,4.52,4.96,4.41,4.72,0.1600000000000001,3.5087719298245723,1805476628.0
981,20260109,4.66,4.8,4.6,4.66,-0.0599999999999996,-1.2711864406779627,1359471776.0
981,20260112,4.68,5.13,4.68,5.13,0.4699999999999997,10.085836909871237,1685103348.0
981,20260113,5.3,5.48,5.0,5.15,0.0200000000000004,0.3898635477582957,2129679029.0
981,20260114,5.1,5.67,5.09,5.67,0.5199999999999996,10.097087378640769,2296508753.0
981,20260115,5.65,5.65,5.1,5.1,-0.5700000000000003,-10.052910052910056,1908175154.0
981,20260116,4.85,5.3,4.84,5.05,-0.0499999999999998,-0.9803921568627416,1296383507.0
981,20260119,5.0,5.27,4.85,5.08,0.0300000000000002,0.5940594059405946,977182769.0
981,20260120,5.09,5.56,5.09,5.42,0.3399999999999998,6.69291338582676,1516715443.0
981,20260121,5.26,5.34,5.11,5.18,-0.2400000000000002,-4.428044280442811,1140776457.0
981,20260122,5.16,5.26,4.8,4.95,-0.2299999999999995,-4.440154440154432,1265715820.0
981,20260123,4.95,5.1,4.9,5.02,0.0699999999999994,1.414141414141401,882197566.0
981,20260126,5.02,5.09,4.7,4.74,-0.2799999999999993,-5.577689243027873,931642940.0
981,20260127,4.65,4.73,4.53,4.64,-0.1000000000000005,-2.1097046413502185,779136009.0
981,20260128,4.64,4.89,4.55,4.76,0.1200000000000001,2.586206896551735,883583640.0
981,20260129,4.67,4.75,4.51,4.57,-0.1899999999999995,-3.991596638655448,685411019.0
981,20260130,4.75,4.9,4.65,4.66,0.0899999999999998,1.969365426695835,711699260.0
981,20260202,4.66,4.89,4.58,4.77,0.1099999999999994,2.3605150214592197,740994994.0
981,20260203,4.8,4.99,4.71,4.92,0.1500000000000003,3.1446540880503138,771579224.0
981,20260204,4.93,5.2,4.86,5.14,0.2199999999999997,4.471544715447151,1148499346.0
981,20260205,5.0,5.02,4.8,4.82,-0.3199999999999994,-6.225680933852129,794494609.0
981,20260206,4.7,4.94,4.6,4.77,-0.0500000000000007,-1.0373443983402677,613381566.0
981,20260209,4.85,4.88,4.71,4.78,0.0100000000000006,0.2096436058700357,403443578.0
981,20260210,4.77,4.77,4.64,4.65,-0.1299999999999999,-2.7196652719665204,404546744.0
981,20260211,4.6,4.64,4.56,4.57,-0.08,-1.7204301075268824,305424314.0
981,20260212,4.57,4.68,4.52,4.6,0.0299999999999993,0.6564551422319376,356668259.0
981,20260213,4.6,4.68,4.58,4.63,0.0300000000000002,0.6521739130434856,309346937.0
981,20260224,4.72,4.92,4.68,4.86,0.2300000000000004,4.967602591792675,717678159.0
981,20260225,4.82,5.0,4.72,4.93,0.0699999999999994,1.440329218106973,762587383.0
981,20260226,4.91,5.03,4.83,4.92,-0.0099999999999997,-0.2028397565922879,558930591.0
981,20260227,4.87,5.05,4.84,4.96,0.04,0.8130081300812941,628773344.0
981,20260302,4.82,4.86,4.67,4.68,-0.2800000000000002,-5.645161290322587,672724352.0
981,20260303,4.69,4.89,4.6,4.63,-0.0499999999999998,-1.0683760683760646,601694292.0
981,20260304,4.52,4.52,4.28,4.44,-0.1899999999999995,-4.10367170626349,439002239.0
981,20260305,4.52,4.59,4.48,4.53,0.0899999999999998,2.0270270270270174,395914048.0
981,20260306,4.51,4.59,4.46,4.57,0.04,0.8830022075055233,294187124.0
981,20260309,4.5,4.5,4.33,4.47,-0.1000000000000005,-2.1881838074398363,431024650.0
981,20260310,4.53,4.58,4.51,4.55,0.08,1.7897091722595126,296572896.0
981,20260311,4.53,4.63,4.52,4.57,0.0200000000000004,0.4395604395604602,332450253.0
981,20260312,4.53,4.54,4.38,4.4,-0.1699999999999999,-3.7199124726477018,376800555.0
981,20260313,4.33,4.36,4.2,4.21,-0.1900000000000004,-4.3181818181818326,366482951.0
981,20260316,4.19,4.3,4.15,4.29,0.08,1.9002375296912175,272012554.0
981,20260317,4.32,4.72,4.27,4.67,0.3799999999999999,8.857808857808847,1214563861.0
981,20260318,4.48,4.53,4.36,4.46,-0.2099999999999999,-4.496788008565311,762348159.0
981,20260319,4.36,4.43,4.3,4.32,-0.1399999999999996,-3.139013452914796,327883630.0
981,20260320,4.39,4.42,4.19,4.19,-0.1299999999999999,-3.009259259259256,334181678.0
