ts_code,trade_date,open,high,low,close,change,pct_change,vol
600143,20171220,6.3,6.31,6.21,6.3,-0.0200000000000004,-0.3164556962025444,8300067.0
600143,20171221,6.24,6.41,6.13,6.36,0.0600000000000005,0.9523809523809712,16021138.0
600143,20171222,6.31,6.55,6.27,6.42,0.0599999999999996,0.943396226415083,17022926.0
600143,20171225,6.41,6.55,6.35,6.36,-0.0599999999999996,-0.9345794392523256,15646366.0
600143,20171226,6.36,6.56,6.36,6.54,0.1799999999999997,2.8301886792452713,20358952.0
600143,20171227,6.52,6.61,6.45,6.47,-0.0700000000000002,-1.07033639143731,11491736.0
600143,20171228,6.46,6.62,6.41,6.43,-0.04,-0.6182380216383287,12826443.0
600143,20171229,6.43,6.58,6.41,6.57,0.1400000000000005,2.1772939346812015,12431895.0
600143,20180102,6.61,6.8,6.58,6.65,0.08,1.21765601217656,20308251.0
600143,20180103,6.62,6.74,6.6,6.71,0.0599999999999996,0.9022556390977376,17656514.0
600143,20180104,6.66,6.74,6.62,6.69,-0.0199999999999995,-0.2980625931445546,8843898.0
600143,20180105,6.67,6.69,6.56,6.59,-0.1000000000000005,-1.4947683109118204,11191274.0
600143,20180108,6.58,6.64,6.47,6.61,0.0200000000000004,0.3034901365705611,17667384.0
600143,20180109,6.6,6.61,6.43,6.46,-0.1500000000000003,-2.26928895612708,20037308.0
600143,20180110,6.5,6.56,6.45,6.55,0.0899999999999998,1.393188854489158,17842727.0
600143,20180111,6.49,6.5,6.36,6.36,-0.1899999999999995,-2.900763358778613,16740997.0
600143,20180112,6.36,6.64,6.36,6.63,0.2699999999999996,4.245283018867907,26295235.0
600143,20180115,6.57,6.7,6.36,6.4,-0.2299999999999995,-3.469079939668162,26838274.0
600143,20180116,6.4,6.46,6.36,6.43,0.0299999999999993,0.4687499999999955,8422153.0
600143,20180117,6.38,6.5,6.15,6.47,0.04,0.6220839813374734,21302188.0
600143,20180118,6.4,6.52,6.38,6.45,-0.0199999999999995,-0.3091190108191588,10060186.0
600143,20180119,6.47,6.62,6.43,6.54,0.0899999999999998,1.3953488372093092,12925124.0
600143,20180122,6.52,6.73,6.51,6.71,0.1699999999999999,2.599388379204881,16280707.0
600143,20180123,6.7,6.76,6.62,6.66,-0.0499999999999998,-0.7451564828613977,15490695.0
600143,20180124,6.67,6.69,6.59,6.67,0.0099999999999997,0.1501501501501412,8147475.0
600143,20180125,6.66,6.89,6.65,6.67,0.0,0.0,14182608.0
600143,20180126,6.64,6.66,6.49,6.53,-0.1399999999999996,-2.0989505247376306,12549940.0
600143,20180129,6.53,6.56,6.31,6.36,-0.1699999999999999,-2.6033690658499253,23520302.0
600143,20180130,6.4,6.54,6.31,6.48,0.1200000000000001,1.8867924528301885,16879661.0
600143,20180131,6.42,6.54,6.31,6.52,0.0399999999999991,0.6172839506172645,16540148.0
600143,20180201,6.49,6.53,6.19,6.32,-0.1999999999999993,-3.0674846625766805,23220687.0
600143,20180202,6.31,6.31,6.16,6.29,-0.0300000000000002,-0.4746835443038,11527890.0
600143,20180205,6.2,6.37,6.15,6.35,0.0599999999999996,0.9538950715421324,7601133.0
600143,20180206,6.21,6.34,5.97,6.01,-0.3399999999999998,-5.354330708661415,12540503.0
600143,20180207,6.11,6.18,5.94,6.01,0.0,0.0,8448620.0
600143,20180208,6.02,6.14,6.01,6.1,0.0899999999999998,1.4975041597337757,5687245.0
600143,20180209,5.99,6.04,5.74,5.99,-0.1099999999999994,-1.8032786885245788,13503687.0
600143,20180212,6.04,6.04,5.9,5.98,-0.0099999999999997,-0.1669449081802998,6595134.0
600143,20180213,5.98,6.12,5.98,6.01,0.0299999999999993,0.5016722408026641,4800670.0
600143,20180214,6.03,6.03,5.91,5.92,-0.0899999999999998,-1.4975041597337757,4716119.0
600143,20180222,6.03,6.09,5.94,6.06,0.1399999999999996,2.3648648648648685,4430400.0
600143,20180223,6.05,6.11,6.04,6.09,0.0300000000000002,0.4950495049504955,4315100.0
600143,20180226,6.1,6.24,6.08,6.22,0.1299999999999999,2.1346469622331776,6444942.0
600143,20180227,6.22,6.27,6.15,6.24,0.0200000000000004,0.3215434083601254,4355347.0
600143,20180228,6.23,6.31,6.17,6.28,0.04,0.6410256410256387,6475827.0
600143,20180301,6.26,6.41,6.23,6.34,0.0599999999999996,0.9554140127388422,6687283.0
600143,20180302,6.29,6.41,6.28,6.31,-0.0300000000000002,-0.4731861198738252,5574021.0
600143,20180305,6.31,6.33,6.23,6.31,0.0,0.0,5213485.0
600143,20180306,6.32,6.39,6.32,6.38,0.0700000000000002,1.109350237717921,5349004.0
600143,20180307,6.37,6.38,6.22,6.25,-0.1299999999999999,-2.037617554858928,6177500.0
600143,20180308,6.24,6.32,6.21,6.27,0.0199999999999995,0.3199999999999869,3270525.0
600143,20180309,6.3,6.43,6.29,6.4,0.1300000000000007,2.0733652312599826,9022195.0
600143,20180312,6.45,6.51,6.42,6.49,0.0899999999999998,1.406249999999987,12839966.0
600143,20180313,6.49,6.54,6.4,6.41,-0.08,-1.2326656394452962,8336437.0
600143,20180314,6.41,6.41,6.28,6.32,-0.0899999999999998,-1.404056162246492,6919195.0
600143,20180315,6.3,6.35,6.16,6.22,-0.1000000000000005,-1.5822784810126669,14860458.0
600143,20180316,6.22,6.23,6.08,6.12,-0.0999999999999996,-1.607717041800638,14615446.0
600143,20180319,6.09,6.14,6.07,6.13,0.0099999999999997,0.1633986928104569,6790099.0
600143,20180320,6.08,6.13,6.02,6.1,-0.0300000000000002,-0.4893964110929905,6031482.0
600143,20180321,6.11,6.16,6.02,6.05,-0.0499999999999998,-0.8196721311475419,10301944.0
600143,20180322,6.05,6.11,5.99,6.06,0.0099999999999997,0.1652892561983421,6978801.0
600143,20180323,5.9,5.96,5.65,5.91,-0.1499999999999994,-2.4752475247524663,14813183.0
600143,20180326,5.81,5.92,5.8,5.92,0.0099999999999997,0.1692047377326533,7318583.0
600143,20180327,5.96,6.03,5.93,5.98,0.0600000000000005,1.013513513513531,6644398.0
600143,20180328,5.95,6.0,5.8,5.84,-0.1400000000000005,-2.341137123745829,10427144.0
600143,20180329,5.89,5.99,5.83,5.99,0.1500000000000003,2.5684931506849473,5745184.0
600143,20180330,6.03,6.03,5.96,5.99,0.0,0.0,5249816.0
600143,20180402,5.99,6.03,5.9,5.97,-0.0200000000000004,-0.3338898163606107,6251091.0
600143,20180403,5.9,5.94,5.85,5.87,-0.0999999999999996,-1.67504187604689,6147501.0
600143,20180404,5.87,5.92,5.78,5.79,-0.08,-1.362862010221466,6391877.0
600143,20180409,5.78,5.93,5.76,5.8,0.0099999999999997,0.172711571675288,7606022.0
600143,20180410,5.83,5.86,5.78,5.85,0.0499999999999998,0.8620689655172376,4529580.0
600143,20180411,5.88,5.93,5.85,5.87,0.0200000000000004,0.3418803418803406,6600158.0
600143,20180412,5.5,5.77,5.28,5.63,-0.2400000000000002,-4.088586030664398,73766129.0
600143,20180413,5.51,5.54,5.36,5.39,-0.2400000000000002,-4.262877442273538,22422324.0
600143,20180416,5.4,5.46,5.34,5.45,0.0600000000000005,1.1131725417439895,13783770.0
600143,20180417,5.44,5.45,5.35,5.38,-0.0700000000000002,-1.2844036697247765,9943188.0
600143,20180418,5.43,5.43,5.31,5.39,0.0099999999999997,0.1858736059479504,8025263.0
600143,20180419,5.37,5.48,5.37,5.43,0.04,0.7421150278293043,8709912.0
600143,20180420,5.42,5.45,5.36,5.37,-0.0599999999999996,-1.104972375690605,6254601.0
600143,20180423,5.36,5.46,5.32,5.45,0.08,1.4897579143389184,6616331.0
600143,20180424,5.45,5.69,5.44,5.68,0.2299999999999995,4.220183486238516,13674873.0
600143,20180425,5.64,5.85,5.61,5.78,0.1000000000000005,1.760563380281699,10358683.0
600143,20180426,5.75,5.8,5.64,5.68,-0.1000000000000005,-1.730103806228378,7001300.0
600143,20180427,5.7,5.81,5.69,5.79,0.1100000000000003,1.9366197183098732,6668586.0
600143,20180502,5.8,5.8,5.62,5.66,-0.1299999999999999,-2.2452504317789224,6025175.0
600143,20180503,5.64,5.77,5.6,5.76,0.0999999999999996,1.76678445229681,7250873.0
600143,20180504,5.76,5.76,5.68,5.73,-0.0299999999999993,-0.5208333333333259,4205112.0
600143,20180507,5.71,5.83,5.71,5.78,0.0499999999999998,0.8726003490401313,5803980.0
600143,20180508,5.78,5.79,5.73,5.76,-0.0200000000000004,-0.34602076124568,7696290.0
600143,20180509,5.74,5.87,5.74,5.82,0.0600000000000005,1.041666666666674,8197330.0
600143,20180510,5.82,5.95,5.81,5.94,0.1200000000000001,2.0618556701030855,8119482.0
600143,20180511,5.91,5.95,5.84,5.91,-0.0300000000000002,-0.5050505050505083,7460325.0
600143,20180514,5.93,5.97,5.82,5.86,-0.0499999999999998,-0.8460236886632777,4637555.0
600143,20180515,5.85,5.93,5.73,5.79,-0.0700000000000002,-1.1945392491467643,10057957.0
600143,20180516,5.79,5.82,5.71,5.73,-0.0599999999999996,-1.036269430051806,5656559.0
600143,20180517,5.75,5.78,5.71,5.74,0.0099999999999997,0.1745200698080262,3162910.0
600143,20180518,5.74,5.8,5.74,5.79,0.0499999999999998,0.8710801393728262,3796200.0
600143,20180521,5.78,5.81,5.76,5.77,-0.0200000000000004,-0.3454231433506094,6609461.0
600143,20180522,5.77,5.79,5.71,5.76,-0.0099999999999997,-0.1733102253032914,4579796.0
600143,20180523,5.77,5.77,5.6,5.6,-0.1600000000000001,-2.777777777777779,6296481.0
600143,20180524,5.6,5.77,5.59,5.75,0.1500000000000003,2.6785714285714413,6972900.0
600143,20180525,5.75,5.77,5.7,5.72,-0.0300000000000002,-0.521739130434784,4239880.0
600143,20180528,5.71,5.74,5.56,5.58,-0.1399999999999996,-2.447552447552437,7946470.0
600143,20180529,5.58,5.61,5.49,5.53,-0.0499999999999998,-0.8960573476702427,3160602.0
600143,20180530,5.5,5.5,5.34,5.4,-0.1299999999999999,-2.3508137432188048,8855826.0
600143,20180531,5.49,5.64,5.41,5.62,0.2199999999999997,4.074074074074074,7134914.0
600143,20180601,5.56,5.6,5.5,5.53,-0.0899999999999998,-1.6014234875444844,4230163.0
600143,20180604,5.52,5.85,5.52,5.75,0.2199999999999997,3.978300180831829,13598266.0
600143,20180605,5.75,5.81,5.72,5.77,0.0199999999999995,0.3478260869565153,5817787.0
600143,20180606,5.77,5.8,5.7,5.72,-0.0499999999999998,-0.8665511265164572,4003700.0
600143,20180607,5.72,5.81,5.72,5.74,0.0200000000000004,0.3496503496503544,3798788.0
600143,20180608,5.73,5.76,5.55,5.58,-0.1600000000000001,-2.7874564459930307,5281093.0
600143,20180611,5.54,5.64,5.54,5.55,-0.0300000000000002,-0.5376344086021501,3615272.0
600143,20180612,5.55,5.63,5.54,5.57,0.0200000000000004,0.3603603603603789,3005372.0
600143,20180613,5.57,5.61,5.48,5.49,-0.08,-1.4362657091561926,4031900.0
600143,20180614,5.49,5.55,5.48,5.51,0.0199999999999995,0.3642987249544482,3972800.0
600143,20180615,5.51,5.55,5.42,5.47,-0.04,-0.7259528130671544,4458498.0
600143,20180619,5.47,5.47,5.1,5.23,-0.2399999999999993,-4.387568555758669,12719868.0
600143,20180620,5.21,5.32,5.14,5.26,0.0299999999999993,0.5736137667303964,6103456.0
600143,20180621,5.27,5.31,5.13,5.18,-0.08,-1.520912547528519,4389312.0
600143,20180622,5.18,5.27,5.13,5.27,0.0899999999999998,1.737451737451745,2671873.0
600143,20180625,5.29,5.34,5.2,5.25,-0.0199999999999995,-0.3795066413662118,3150720.0
600143,20180626,5.22,5.32,5.19,5.29,0.04,0.7619047619047636,3351900.0
600143,20180627,5.3,5.33,5.27,5.28,-0.0099999999999997,-0.1890359168241873,2896901.0
600143,20180628,5.28,5.35,5.2,5.25,-0.0300000000000002,-0.5681818181818232,3257701.0
600143,20180629,5.19,5.26,5.15,5.22,-0.0300000000000002,-0.5714285714285783,3006525.0
600143,20180702,5.23,5.28,5.13,5.18,-0.04,-0.7662835249042099,3768919.0
600143,20180703,5.18,5.23,5.14,5.2,0.0200000000000004,0.3861003861003853,4225226.0
600143,20180704,5.19,5.23,5.05,5.06,-0.1400000000000005,-2.692307692307705,4983756.0
600143,20180705,5.1,5.14,5.02,5.03,-0.0299999999999993,-0.5928853754940566,3720577.0
600143,20180706,5.01,5.04,4.75,4.87,-0.1600000000000001,-3.1809145129224725,9567797.0
600143,20180709,4.95,5.13,4.95,5.12,0.25,5.133470225872694,8089725.0
600143,20180710,5.15,5.22,5.03,5.19,0.0700000000000002,1.3671875,11571907.0
600143,20180711,5.1,5.17,5.05,5.11,-0.08,-1.5414258188824692,6432646.0
600143,20180712,5.15,5.25,5.13,5.22,0.1099999999999994,2.152641878669259,9167868.0
600143,20180713,5.23,5.26,5.14,5.16,-0.0599999999999996,-1.1494252873563091,5362174.0
600143,20180716,5.16,5.16,5.0,5.04,-0.1200000000000001,-2.3255813953488413,9794733.0
600143,20180717,5.06,5.06,4.99,5.06,0.0199999999999995,0.3968253968253954,4339900.0
600143,20180718,5.06,5.16,5.05,5.06,0.0,0.0,5934692.0
600143,20180719,5.09,5.11,4.99,5.04,-0.0199999999999995,-0.395256916996034,4138560.0
600143,20180720,5.05,5.09,4.93,5.06,0.0199999999999995,0.3968253968253954,6697661.0
600143,20180723,5.05,5.09,4.98,5.08,0.0200000000000004,0.3952569169960673,6114725.0
600143,20180724,5.08,5.18,5.05,5.16,0.08,1.5748031496062964,9178026.0
600143,20180725,5.18,5.19,5.09,5.13,-0.0300000000000002,-0.5813953488372103,7433202.0
600143,20180726,5.11,5.16,5.08,5.14,0.0099999999999997,0.1949317738791478,7317910.0
600143,20180727,5.14,5.16,5.09,5.11,-0.0299999999999993,-0.583657587548625,4576816.0
600143,20180730,5.11,5.11,5.01,5.07,-0.04,-0.7827788649706457,5663240.0
600143,20180731,5.03,5.08,5.02,5.05,-0.0200000000000004,-0.3944773175542537,3133500.0
600143,20180801,5.05,5.12,4.99,5.04,-0.0099999999999997,-0.1980198019801982,5498734.0
600143,20180802,5.03,5.03,4.78,4.9,-0.1399999999999996,-2.777777777777768,11736964.0
600143,20180803,4.88,4.94,4.75,4.77,-0.1300000000000007,-2.6530612244898166,9556542.0
600143,20180806,4.79,4.79,4.51,4.59,-0.1799999999999997,-3.773584905660377,11572900.0
600143,20180807,4.61,4.71,4.58,4.69,0.1000000000000005,2.178649237472774,8061540.0
600143,20180808,4.66,4.76,4.65,4.65,-0.04,-0.8528784648187626,7321905.0
600143,20180809,4.62,4.77,4.62,4.74,0.0899999999999998,1.935483870967736,7190498.0
600143,20180810,4.73,4.81,4.72,4.79,0.0499999999999998,1.0548523206751037,4884764.0
600143,20180813,4.74,4.79,4.66,4.77,-0.0200000000000004,-0.4175365344467718,6181262.0
600143,20180814,4.77,4.78,4.72,4.76,-0.0099999999999997,-0.2096436058700135,3127752.0
600143,20180815,4.76,4.77,4.56,4.59,-0.1699999999999999,-3.57142857142857,6789643.0
600143,20180816,4.59,4.62,4.49,4.55,-0.04,-0.8714596949891074,6495857.0
600143,20180817,4.58,4.6,4.49,4.51,-0.04,-0.879120879120876,4622000.0
600143,20180820,4.54,4.54,4.36,4.43,-0.08,-1.77383592017738,7566071.0
600143,20180821,4.45,4.58,4.42,4.55,0.1200000000000001,2.708803611738153,6004666.0
600143,20180822,4.55,4.55,4.42,4.46,-0.0899999999999998,-1.978021978021971,4472766.0
600143,20180823,4.47,4.58,4.45,4.54,0.08,1.7937219730941756,6211740.0
600143,20180824,4.54,4.56,4.48,4.54,0.0,0.0,3256400.0
600143,20180827,4.56,4.63,4.55,4.6,0.0599999999999996,1.3215859030836885,6073700.0
600143,20180828,4.64,4.66,4.58,4.65,0.0500000000000007,1.0869565217391353,6248760.0
600143,20180829,4.65,4.74,4.59,4.62,-0.0300000000000002,-0.6451612903225823,7978400.0
600143,20180830,4.6,4.64,4.53,4.54,-0.08,-1.7316017316017285,7017665.0
600143,20180831,4.57,4.58,4.5,4.53,-0.0099999999999997,-0.2202643171806073,3666000.0
600143,20180903,4.53,4.75,4.47,4.7,0.1699999999999999,3.752759381898452,7016620.0
600143,20180904,4.7,4.73,4.61,4.68,-0.0200000000000004,-0.4255319148936287,9673500.0
600143,20180905,4.68,4.69,4.55,4.57,-0.1099999999999994,-2.350427350427342,6392601.0
600143,20180906,4.57,4.59,4.49,4.5,-0.0700000000000002,-1.5317286652078876,3861840.0
600143,20180907,4.51,4.58,4.44,4.51,0.0099999999999997,0.2222222222222125,5166900.0
600143,20180910,4.5,4.54,4.4,4.42,-0.0899999999999998,-1.9955654101995512,4489117.0
600143,20180911,4.41,4.5,4.37,4.43,0.0099999999999997,0.2262443438914019,4949802.0
600143,20180912,4.45,4.47,4.4,4.41,-0.0199999999999995,-0.4514672686230181,3600400.0
600143,20180913,4.46,4.49,4.4,4.45,0.04,0.9070294784580436,4884948.0
600143,20180914,4.45,4.47,4.39,4.4,-0.0499999999999998,-1.1235955056179692,5160100.0
600143,20180917,4.39,4.39,4.25,4.25,-0.1500000000000003,-3.409090909090917,5937907.0
600143,20180918,4.27,4.35,4.24,4.33,0.08,1.8823529411764683,5808741.0
600143,20180919,4.33,4.41,4.32,4.37,0.04,0.9237875288683696,5892140.0
600143,20180920,4.36,4.4,4.34,4.38,0.0099999999999997,0.2288329519450682,4696576.0
600143,20180921,4.38,4.45,4.35,4.44,0.0600000000000005,1.3698630136986356,6563199.0
600143,20180925,4.41,4.44,4.38,4.43,-0.0100000000000006,-0.2252252252252451,5322254.0
600143,20180926,4.44,4.46,4.4,4.42,-0.0099999999999997,-0.225733634311509,4857312.0
600143,20180927,4.44,4.46,4.34,4.35,-0.0700000000000002,-1.5837104072398245,5482253.0
600143,20180928,4.34,4.43,4.34,4.43,0.08,1.839080459770126,5624910.0
600143,20181008,4.39,4.39,4.27,4.3,-0.1299999999999999,-2.934537246049662,5284797.0
600143,20181009,4.29,4.36,4.26,4.31,0.0099999999999997,0.2325581395348885,4926140.0
600143,20181010,4.28,4.34,4.24,4.29,-0.0199999999999995,-0.4640371229698292,7175542.0
600143,20181011,4.1,4.17,3.86,3.88,-0.4100000000000001,-9.557109557109555,14277245.0
600143,20181012,3.86,3.92,3.68,3.89,0.0100000000000002,0.2577319587628857,12114828.0
600143,20181015,3.92,3.94,3.74,3.84,-0.0500000000000002,-1.285347043701801,10503550.0
600143,20181016,3.83,3.89,3.75,3.8,-0.04,-1.041666666666663,5839884.0
600143,20181017,3.83,3.84,3.72,3.77,-0.0299999999999998,-0.7894736842105177,11530924.0
600143,20181018,3.77,3.77,3.58,3.6,-0.1699999999999999,-4.50928381962864,12843947.0
600143,20181019,3.55,3.71,3.5,3.67,0.0699999999999998,1.9444444444444375,10882781.0
600143,20181022,4.04,4.04,4.04,4.04,0.3700000000000001,10.081743869209811,4049608.0
600143,20181023,4.44,4.44,4.31,4.44,0.4000000000000003,9.90099009900991,57450742.0
600143,20181024,4.35,4.48,4.25,4.41,-0.0300000000000002,-0.6756756756756799,37719169.0
600143,20181025,4.2,4.35,4.18,4.3,-0.1100000000000003,-2.4943310657596474,22844459.0
600143,20181026,4.35,4.35,4.16,4.21,-0.0899999999999998,-2.0930232558139528,19150887.0
600143,20181029,4.33,4.39,4.19,4.19,-0.0199999999999995,-0.4750593824227933,17369446.0
600143,20181030,4.2,4.42,4.18,4.3,0.1099999999999994,2.6252983293555854,21407645.0
600143,20181031,4.34,4.52,4.28,4.43,0.1299999999999999,3.023255813953485,22595858.0
600143,20181101,4.46,4.48,4.35,4.37,-0.0599999999999996,-1.3544018058690654,19981252.0
600143,20181102,4.47,4.56,4.41,4.49,0.1200000000000001,2.7459954233409745,22198118.0
600143,20181105,4.49,4.63,4.47,4.63,0.1399999999999996,3.1180400890868487,25198813.0
600143,20181106,4.63,4.63,4.54,4.62,-0.0099999999999997,-0.2159827213822795,13800801.0
600143,20181107,4.62,4.67,4.52,4.55,-0.0700000000000002,-1.515151515151525,13043979.0
600143,20181108,4.57,4.65,4.53,4.64,0.0899999999999998,1.978021978021971,12866702.0
600143,20181109,4.62,4.77,4.53,4.68,0.04,0.8620689655172376,18945248.0
600143,20181112,4.7,4.76,4.6,4.76,0.08,1.709401709401703,14583618.0
600143,20181113,4.7,4.9,4.68,4.85,0.0899999999999998,1.8907563025210017,17058751.0
600143,20181114,4.85,5.13,4.81,5.06,0.2099999999999999,4.329896907216502,28797969.0
600143,20181115,4.98,5.09,4.94,5.08,0.0200000000000004,0.3952569169960673,18895138.0
600143,20181116,5.06,5.08,4.94,5.03,-0.0499999999999998,-0.9842519685039351,19699861.0
600143,20181119,5.01,5.01,4.88,4.96,-0.0700000000000002,-1.3916500994035852,15681078.0
600143,20181120,4.93,4.97,4.83,4.83,-0.1299999999999999,-2.620967741935487,11370106.0
600143,20181121,4.79,4.95,4.74,4.9,0.0700000000000002,1.449275362318847,10395152.0
600143,20181122,4.94,4.95,4.84,4.87,-0.0300000000000002,-0.612244897959191,7473453.0
600143,20181123,4.87,5.09,4.84,4.87,0.0,0.0,21131980.0
600143,20181126,4.94,4.95,4.72,4.77,-0.1000000000000005,-2.053388090349084,9257362.0
600143,20181127,4.81,4.86,4.69,4.78,0.0100000000000006,0.2096436058700357,8676157.0
600143,20181128,4.78,4.88,4.74,4.84,0.0599999999999996,1.2552301255229992,8759400.0
600143,20181129,4.9,4.91,4.64,4.67,-0.1699999999999999,-3.51239669421487,11395855.0
600143,20181130,4.67,4.75,4.6,4.71,0.04,0.8565310492505418,10584355.0
600143,20181203,4.85,4.92,4.82,4.85,0.1399999999999996,2.972399150743099,16200824.0
600143,20181204,4.85,4.87,4.77,4.84,-0.0099999999999997,-0.2061855670103085,10800144.0
600143,20181205,4.75,4.81,4.72,4.77,-0.0700000000000002,-1.446280991735538,5992100.0
600143,20181206,4.77,4.77,4.65,4.67,-0.0999999999999996,-2.0964360587002018,9853251.0
600143,20181207,4.67,4.95,4.65,4.85,0.1799999999999997,3.8543897216273937,15820951.0
600143,20181210,4.84,4.89,4.75,4.77,-0.08,-1.6494845360824797,7824520.0
600143,20181211,4.75,4.91,4.75,4.77,0.0,0.0,9350773.0
600143,20181212,4.83,4.91,4.81,4.85,0.08,1.6771488469601747,10372030.0
600143,20181213,4.86,4.9,4.82,4.83,-0.0199999999999995,-0.412371134020606,12176300.0
600143,20181214,4.84,4.86,4.66,4.7,-0.1299999999999999,-2.6915113871635588,8663316.0
600143,20181217,4.7,4.73,4.56,4.69,-0.0099999999999997,-0.2127659574468032,9511427.0
600143,20181218,4.67,4.7,4.61,4.67,-0.0200000000000004,-0.4264392324093924,8098330.0
600143,20181219,4.69,4.69,4.54,4.57,-0.0999999999999996,-2.1413276231263323,8482890.0
600143,20181220,4.57,4.64,4.56,4.62,0.0499999999999998,1.0940919037199182,7118467.0
600143,20181221,4.59,4.65,4.54,4.57,-0.0499999999999998,-1.0822510822510734,5624900.0
600143,20181224,4.59,4.77,4.55,4.73,0.1600000000000001,3.5010940919037337,13064922.0
600143,20181225,4.66,4.7,4.56,4.64,-0.0900000000000007,-1.902748414376332,10168400.0
600143,20181226,4.6,4.81,4.6,4.76,0.1200000000000001,2.586206896551735,14317252.0
600143,20181227,4.85,4.89,4.75,4.76,0.0,0.0,13925395.0
600143,20181228,4.76,4.98,4.76,4.95,0.1900000000000004,3.99159663865547,22677262.0
600143,20190102,4.9,4.93,4.81,4.84,-0.1100000000000003,-2.2222222222222254,12777270.0
600143,20190103,4.82,4.91,4.82,4.84,0.0,0.0,15497455.0
600143,20190104,4.8,4.93,4.8,4.93,0.0899999999999998,1.8595041322313932,13736956.0
600143,20190107,4.92,5.01,4.89,4.96,0.0300000000000002,0.6085192697768749,14374736.0
600143,20190108,4.98,5.08,4.92,5.03,0.0700000000000002,1.4112903225806497,17719402.0
600143,20190109,5.04,5.13,4.96,4.98,-0.0499999999999998,-0.994035785288272,18911793.0
600143,20190110,4.98,5.06,4.97,5.0,0.0199999999999995,0.401606425702794,14664286.0
600143,20190111,4.97,5.05,4.96,5.03,0.0300000000000002,0.6000000000000005,10197849.0
600143,20190114,5.02,5.08,5.01,5.03,0.0,0.0,10135301.0
600143,20190115,5.03,5.07,4.98,5.03,0.0,0.0,17353035.0
600143,20190116,5.05,5.16,5.01,5.06,0.0299999999999993,0.5964214711729587,15480803.0
600143,20190117,5.04,5.09,5.01,5.02,-0.04,-0.7905138339920903,8925499.0
600143,20190118,5.04,5.06,4.97,5.01,-0.0099999999999997,-0.1992031872509958,15151228.0
600143,20190121,5.0,5.05,4.99,5.0,-0.0099999999999997,-0.1996007984031877,10390238.0
600143,20190122,5.02,5.02,4.86,4.9,-0.0999999999999996,-1.999999999999991,12306106.0
600143,20190123,4.9,4.93,4.86,4.91,0.0099999999999997,0.2040816326530636,8836702.0
600143,20190124,4.9,4.94,4.87,4.91,0.0,0.0,6859800.0
600143,20190125,4.91,4.92,4.84,4.86,-0.0499999999999998,-1.0183299389001976,8864821.0
600143,20190128,4.87,5.21,4.71,4.75,-0.1100000000000003,-2.263374485596714,17108800.0
600143,20190129,4.79,4.8,4.66,4.75,0.0,0.0,13124201.0
600143,20190130,4.69,4.77,4.67,4.68,-0.0700000000000002,-1.473684210526327,8751663.0
600143,20190131,4.68,4.72,4.54,4.58,-0.0999999999999996,-2.136752136752129,9997000.0
600143,20190201,4.6,4.78,4.56,4.71,0.1299999999999999,2.8384279475982543,12774888.0
600143,20190211,4.73,4.82,4.71,4.79,0.08,1.698513800424628,11219782.0
600143,20190212,4.8,4.83,4.76,4.8,0.0099999999999997,0.2087682672233803,11505194.0
600143,20190213,4.8,4.88,4.77,4.87,0.0700000000000002,1.4583333333333393,16542359.0
600143,20190214,4.85,4.87,4.79,4.81,-0.0600000000000005,-1.2320328542094527,11407494.0
600143,20190215,4.81,4.85,4.76,4.78,-0.0299999999999993,-0.6237006237006071,12536900.0
600143,20190218,4.79,4.91,4.79,4.9,0.1200000000000001,2.510460251046021,21177464.0
600143,20190219,4.92,4.99,4.8,4.88,-0.0200000000000004,-0.4081632653061273,21081497.0
600143,20190220,4.89,4.91,4.81,4.86,-0.0199999999999995,-0.4098360655737654,15485061.0
600143,20190221,4.87,4.89,4.79,4.81,-0.0500000000000007,-1.028806584362152,18216441.0
600143,20190222,4.82,4.96,4.78,4.94,0.1300000000000007,2.7027027027027195,22202196.0
600143,20190225,4.95,5.35,4.95,5.35,0.4099999999999992,8.2995951417004,56198041.0
600143,20190226,5.32,5.37,5.21,5.26,-0.0899999999999998,-1.6822429906542036,31632785.0
600143,20190227,5.26,5.35,5.18,5.24,-0.0199999999999995,-0.3802281368821214,21239711.0
600143,20190228,5.24,5.33,5.21,5.27,0.0299999999999993,0.5725190839694472,14668882.0
600143,20190301,5.26,5.31,5.19,5.28,0.0100000000000006,0.189753320683117,16156423.0
600143,20190304,5.3,5.53,5.26,5.36,0.08,1.5151515151515138,34410130.0
600143,20190305,5.37,5.51,5.37,5.5,0.1399999999999996,2.6119402985074647,28141135.0
600143,20190306,5.56,5.6,5.41,5.55,0.0499999999999998,0.9090909090909038,27749043.0
600143,20190307,5.55,5.6,5.48,5.54,-0.0099999999999997,-0.1801801801801783,26661593.0
600143,20190308,5.45,5.53,5.31,5.31,-0.2300000000000004,-4.151624548736466,26590190.0
600143,20190311,5.32,5.6,5.32,5.55,0.2400000000000002,4.519774011299438,28598568.0
600143,20190312,5.58,5.68,5.49,5.6,0.0499999999999998,0.9009009009008916,24322998.0
600143,20190313,5.59,5.59,5.36,5.45,-0.1499999999999994,-2.678571428571419,21017612.0
600143,20190314,5.42,5.5,5.31,5.34,-0.1100000000000003,-2.0183486238532167,13805437.0
600143,20190315,5.32,5.45,5.32,5.4,0.0600000000000005,1.1235955056179805,11098092.0
600143,20190318,5.42,5.53,5.38,5.5,0.0999999999999996,1.851851851851838,14919106.0
600143,20190319,5.51,5.54,5.42,5.46,-0.04,-0.727272727272732,11856671.0
600143,20190320,5.47,5.79,5.43,5.69,0.2300000000000004,4.21245421245422,36736626.0
600143,20190321,5.68,5.71,5.59,5.67,-0.0200000000000004,-0.3514938488576535,21327511.0
600143,20190322,5.65,5.66,5.48,5.59,-0.08,-1.4109347442680775,18580218.0
600143,20190325,5.49,5.58,5.45,5.5,-0.0899999999999998,-1.610017889087656,14362329.0
600143,20190326,5.55,5.57,5.35,5.37,-0.1299999999999999,-2.3636363636363567,14661604.0
600143,20190327,5.39,5.45,5.22,5.44,0.0700000000000002,1.3035381750465591,14094906.0
600143,20190328,5.41,5.45,5.33,5.38,-0.0600000000000005,-1.1029411764705954,10005160.0
600143,20190329,5.35,5.54,5.34,5.51,0.1299999999999999,2.4163568773234223,17455656.0
600143,20190401,5.52,5.65,5.51,5.64,0.1299999999999999,2.3593466424682408,27905006.0
600143,20190402,5.71,5.75,5.54,5.6,-0.04,-0.7092198581560294,28064758.0
600143,20190403,5.62,5.67,5.53,5.66,0.0600000000000005,1.0714285714285898,25280964.0
600143,20190404,5.64,6.04,5.63,5.91,0.25,4.416961130742059,51298709.0
600143,20190408,6.08,6.2,5.9,5.97,0.0599999999999996,1.015228426395942,50604920.0
600143,20190409,6.02,6.08,5.82,5.88,-0.0899999999999998,-1.5075376884422065,24282090.0
600143,20190410,5.84,5.94,5.72,5.85,-0.0300000000000002,-0.5102040816326592,21734014.0
600143,20190411,5.85,5.99,5.77,5.8,-0.0499999999999998,-0.8547008547008517,18287061.0
600143,20190412,5.77,5.85,5.72,5.76,-0.04,-0.6896551724137945,16086860.0
600143,20190415,5.82,5.89,5.68,5.68,-0.08,-1.388888888888895,17515427.0
600143,20190416,5.65,5.76,5.55,5.73,0.0500000000000007,0.8802816901408494,18292477.0
600143,20190417,5.74,5.79,5.69,5.75,0.0199999999999995,0.3490401396160525,15815489.0
600143,20190418,5.77,5.77,5.66,5.67,-0.08,-1.3913043478260834,11814416.0
600143,20190419,5.68,5.76,5.66,5.71,0.04,0.7054673721340388,14343213.0
600143,20190422,5.71,5.76,5.65,5.75,0.04,0.7005253940455258,15293306.0
600143,20190423,5.72,5.72,5.44,5.49,-0.2599999999999998,-4.521739130434776,28553954.0
600143,20190424,5.49,5.5,5.33,5.4,-0.0899999999999998,-1.6393442622950838,25463304.0
600143,20190425,5.36,5.42,5.22,5.23,-0.1699999999999999,-3.1481481481481444,17284519.0
600143,20190426,5.2,5.29,5.14,5.19,-0.04,-0.7648183556405397,16979284.0
600143,20190429,5.24,5.27,5.11,5.15,-0.04,-0.770712909441229,15811780.0
600143,20190430,5.14,5.29,5.13,5.2,0.0499999999999998,0.9708737864077666,12108996.0
600143,20190506,5.02,5.08,4.73,4.82,-0.3799999999999999,-7.307692307692304,23372089.0
600143,20190507,4.85,4.88,4.73,4.82,0.0,0.0,13912871.0
600143,20190508,4.71,4.8,4.69,4.76,-0.0600000000000005,-1.2448132780083054,14490517.0
600143,20190509,4.72,4.78,4.68,4.7,-0.0599999999999996,-1.2605042016806678,9539650.0
600143,20190510,4.74,4.85,4.68,4.83,0.1299999999999999,2.765957446808498,14771664.0
600143,20190513,4.79,4.81,4.73,4.75,-0.08,-1.65631469979296,8203683.0
600143,20190514,4.71,4.77,4.63,4.66,-0.0899999999999998,-1.89473684210526,10649968.0
600143,20190515,4.7,4.78,4.68,4.77,0.1099999999999994,2.3605150214592197,10516097.0
600143,20190516,4.77,4.96,4.76,4.92,0.1500000000000003,3.1446540880503138,14756809.0
600143,20190517,4.93,4.93,4.75,4.76,-0.1600000000000001,-3.25203252032521,10563102.0
600143,20190520,4.74,4.8,4.66,4.79,0.0300000000000002,0.6302521008403339,7420525.0
600143,20190521,4.78,4.89,4.77,4.85,0.0599999999999996,1.2526096033402825,7938380.0
600143,20190522,4.86,4.86,4.76,4.8,-0.0499999999999998,-1.0309278350515427,5479150.0
600143,20190523,4.76,4.81,4.7,4.71,-0.0899999999999998,-1.8749999999999931,5498400.0
600143,20190524,4.71,4.77,4.7,4.76,0.0499999999999998,1.0615711252653923,5555303.0
600143,20190527,4.76,4.87,4.72,4.84,0.08,1.680672268907557,8686859.0
600143,20190528,4.84,4.89,4.8,4.84,0.0,0.0,7949190.0
600143,20190529,4.82,4.88,4.79,4.83,-0.0099999999999997,-0.2066115702479276,6559961.0
600143,20190530,4.83,4.95,4.83,4.92,0.0899999999999998,1.8633540372670732,10238852.0
600143,20190531,4.92,4.93,4.82,4.83,-0.0899999999999998,-1.8292682926829285,9852790.0
600143,20190603,4.86,4.88,4.73,4.73,-0.0999999999999996,-2.0703933747411973,8566861.0
600143,20190604,4.74,4.78,4.69,4.73,0.0,0.0,5989140.0
600143,20190605,4.75,4.79,4.72,4.73,0.0,0.0,6073600.0
600143,20190606,4.71,4.76,4.68,4.7,-0.0300000000000002,-0.634249471458781,7512415.0
600143,20190610,4.71,4.76,4.68,4.71,0.0099999999999997,0.2127659574468143,5342260.0
600143,20190611,4.71,4.89,4.71,4.87,0.1600000000000001,3.397027600849256,10292111.0
600143,20190612,4.91,4.93,4.83,4.86,-0.0099999999999997,-0.2053388090349051,9712959.0
600143,20190613,4.87,4.91,4.82,4.89,0.0299999999999993,0.6172839506172645,6825447.0
600143,20190614,4.88,4.93,4.78,4.8,-0.0899999999999998,-1.8404907975460127,6904735.0
600143,20190617,4.79,4.92,4.78,4.86,0.0600000000000005,1.2500000000000178,7342489.0
600143,20190618,4.84,4.91,4.83,4.86,0.0,0.0,6070668.0
600143,20190619,4.94,5.05,4.9,4.93,0.0699999999999994,1.440329218106973,9856844.0
600143,20190620,4.93,5.05,4.91,5.01,0.08,1.6227180527383478,13313323.0
600143,20190621,5.0,5.22,5.0,5.11,0.1000000000000005,1.9960079840319445,20615181.0
600143,20190624,5.18,5.2,5.07,5.11,0.0,0.0,10492210.0
600143,20190625,5.08,5.1,4.97,5.03,-0.08,-1.5655577299412915,11159182.0
600143,20190626,5.01,5.03,4.96,4.99,-0.04,-0.7952286282306154,7145429.0
600143,20190627,4.98,5.08,4.98,5.02,0.0299999999999993,0.6012024048096087,7072300.0
600143,20190628,5.05,5.05,4.87,4.9,-0.1199999999999992,-2.390438247011939,12477266.0
600143,20190701,5.02,5.02,4.93,5.0,0.0999999999999996,2.0408163265306145,20567551.0
600143,20190702,4.98,5.04,4.97,5.0,0.0,0.0,12221242.0
600143,20190703,5.02,5.13,4.96,5.08,0.08,1.6000000000000014,16933233.0
600143,20190704,5.07,5.13,5.01,5.03,-0.0499999999999998,-0.9842519685039351,13470330.0
600143,20190705,4.93,4.94,4.83,4.89,-0.1400000000000005,-2.7833001988071704,9239738.0
600143,20190708,4.88,4.89,4.73,4.76,-0.1299999999999999,-2.6584867075664653,12835085.0
600143,20190709,4.78,4.83,4.73,4.8,0.04,0.8403361344537785,7327544.0
600143,20190710,4.79,4.87,4.79,4.82,0.0200000000000004,0.4166666666666874,10302234.0
600143,20190711,4.86,4.95,4.82,4.95,0.1299999999999999,2.6970954356846377,13540305.0
600143,20190712,4.94,5.02,4.88,4.97,0.0199999999999995,0.4040404040403844,13635304.0
600143,20190715,4.97,5.12,4.91,5.1,0.1299999999999999,2.6156941649899457,16432256.0
600143,20190716,5.07,5.13,5.07,5.09,-0.0099999999999997,-0.1960784313725483,8317279.0
600143,20190717,5.11,5.12,5.03,5.06,-0.0300000000000002,-0.5893909626719096,13210273.0
600143,20190718,5.09,5.15,5.04,5.1,0.04,0.7905138339920903,13429326.0
600143,20190719,5.1,5.15,5.05,5.05,-0.0499999999999998,-0.9803921568627416,9029324.0
600143,20190722,5.07,5.1,4.95,5.04,-0.0099999999999997,-0.1980198019801982,11185918.0
600143,20190723,5.04,5.18,5.01,5.14,0.0999999999999996,1.984126984126977,13652011.0
600143,20190724,5.19,5.25,5.1,5.11,-0.0299999999999993,-0.583657587548625,15113342.0
600143,20190725,5.15,5.33,5.11,5.32,0.2099999999999999,4.109589041095885,24223390.0
600143,20190726,5.33,5.34,5.21,5.26,-0.0600000000000005,-1.1278195488721887,17434647.0
600143,20190729,5.24,5.27,5.18,5.23,-0.0299999999999993,-0.5703422053231821,11829635.0
600143,20190730,5.24,5.29,5.19,5.23,0.0,0.0,10471863.0
600143,20190731,5.23,5.26,5.19,5.22,-0.0100000000000006,-0.1912045889101432,10100132.0
600143,20190801,5.18,5.25,5.17,5.22,0.0,0.0,9657683.0
600143,20190802,5.15,5.24,5.1,5.22,0.0,0.0,13747417.0
600143,20190805,5.21,5.21,5.1,5.13,-0.0899999999999998,-1.724137931034475,11295529.0
600143,20190806,5.05,5.08,4.92,4.94,-0.1899999999999995,-3.703703703703698,15093400.0
600143,20190807,4.99,5.1,4.94,5.06,0.1199999999999992,2.4291497975708287,10649582.0
600143,20190808,5.08,5.14,5.08,5.08,0.0200000000000004,0.3952569169960673,7891581.0
600143,20190809,5.13,5.19,5.09,5.13,0.0499999999999998,0.9842519685039351,9494020.0
600143,20190812,5.13,5.24,5.1,5.23,0.1000000000000005,1.949317738791434,9718545.0
600143,20190813,5.23,5.24,5.13,5.2,-0.0300000000000002,-0.5736137667304075,8265000.0
600143,20190814,5.26,5.29,5.17,5.19,-0.0099999999999997,-0.1923076923076916,9457844.0
600143,20190815,5.13,5.24,5.06,5.2,0.0099999999999997,0.19267822736031,8678910.0
600143,20190816,5.22,5.23,5.12,5.2,0.0,0.0,7901982.0
600143,20190819,5.2,5.37,5.2,5.37,0.1699999999999999,3.2692307692307576,15470633.0
600143,20190820,5.38,5.45,5.32,5.32,-0.0499999999999998,-0.9310986964618184,12254900.0
600143,20190821,5.32,5.4,5.29,5.36,0.04,0.7518796992481258,8133859.0
600143,20190822,5.36,5.39,5.28,5.34,-0.0200000000000004,-0.3731343283582156,10165524.0
600143,20190823,5.35,5.36,5.3,5.31,-0.0300000000000002,-0.5617977528089901,5894371.0
600143,20190826,5.2,5.49,5.2,5.46,0.1500000000000003,2.824858757062154,16833377.0
600143,20190827,5.45,5.63,5.4,5.43,-0.0300000000000002,-0.5494505494505586,25740014.0
600143,20190828,5.42,5.48,5.32,5.34,-0.0899999999999998,-1.6574585635359074,13061962.0
600143,20190829,5.34,5.4,5.3,5.35,0.0099999999999997,0.1872659176029856,9042638.0
600143,20190830,5.37,5.5,5.35,5.47,0.1200000000000001,2.242990654205612,14634534.0
600143,20190902,5.46,5.65,5.42,5.59,0.1200000000000001,2.1937842778793515,15864677.0
600143,20190903,5.61,5.71,5.56,5.69,0.1000000000000005,1.7889087656529634,17011501.0
600143,20190904,5.7,5.77,5.65,5.73,0.04,0.7029876977152849,18339861.0
600143,20190905,5.76,5.92,5.67,5.69,-0.04,-0.6980802792321161,27478813.0
600143,20190906,5.74,6.25,5.69,6.08,0.3899999999999997,6.854130052724061,49594076.0
600143,20190909,6.4,6.69,6.35,6.69,0.6100000000000003,10.032894736842104,33735235.0
600143,20190910,7.36,7.36,7.36,7.36,0.6699999999999999,10.01494768310911,19311730.0
600143,20190911,7.67,7.68,6.88,7.04,-0.3200000000000003,-4.34782608695653,145295024.0
600143,20190912,7.09,7.74,7.02,7.74,0.7000000000000002,9.943181818181811,94712011.0
600143,20190916,8.24,8.25,7.46,7.94,0.2000000000000001,2.5839793281653867,126416419.0
600143,20190917,7.7,7.84,7.31,7.47,-0.4700000000000006,-5.91939546599497,74242593.0
600143,20190918,7.51,7.68,7.24,7.36,-0.1099999999999994,-1.4725568942436371,53504538.0
600143,20190919,7.29,7.53,7.25,7.46,0.0999999999999996,1.3586956521739024,43200353.0
600143,20190920,7.43,7.73,7.28,7.41,-0.0499999999999998,-0.6702412868632712,58549092.0
600143,20190923,7.42,7.48,7.08,7.33,-0.08,-1.0796221322537105,54472643.0
600143,20190924,7.33,7.43,7.05,7.15,-0.1799999999999997,-2.4556616643929052,64254031.0
600143,20190925,7.15,7.33,7.02,7.04,-0.1100000000000003,-1.538461538461544,39941976.0
600143,20190926,7.04,7.09,6.79,6.91,-0.1299999999999999,-1.846590909090906,46183695.0
600143,20190927,6.9,6.94,6.65,6.69,-0.2199999999999997,-3.183791606367581,38768286.0
600143,20190930,6.82,6.91,6.58,6.61,-0.08,-1.195814648729443,36044452.0
600143,20191008,6.8,6.85,6.4,6.5,-0.1100000000000003,-1.6641452344931973,29830805.0
600143,20191009,6.47,6.62,6.41,6.57,0.0700000000000002,1.0769230769230864,25129934.0
600143,20191010,6.56,6.83,6.53,6.71,0.1399999999999996,2.130898021308969,35803358.0
600143,20191011,6.85,7.38,6.78,7.2,0.4900000000000002,7.302533532041733,73421168.0
600143,20191014,7.2,7.48,7.1,7.29,0.0899999999999998,1.2499999999999956,49835025.0
600143,20191015,7.24,7.35,7.01,7.06,-0.2300000000000004,-3.155006858710563,32297463.0
600143,20191016,7.2,7.63,7.19,7.49,0.4300000000000006,6.0906515580736675,55765203.0
600143,20191017,7.45,7.57,7.3,7.49,0.0,0.0,38928660.0
600143,20191018,7.44,7.55,7.1,7.12,-0.3700000000000001,-4.939919893190925,35998674.0
600143,20191021,7.29,7.34,7.07,7.15,0.0300000000000002,0.4213483146067398,34800979.0
600143,20191022,7.12,7.25,7.07,7.18,0.0299999999999993,0.419580419580412,26305698.0
600143,20191023,7.2,7.55,7.16,7.24,0.0600000000000005,0.8356545961002881,38428460.0
600143,20191024,7.17,7.33,7.07,7.25,0.0099999999999997,0.1381215469613339,23752683.0
600143,20191025,7.25,7.29,7.09,7.2,-0.0499999999999998,-0.6896551724137945,19317277.0
600143,20191028,7.18,7.66,7.17,7.63,0.4299999999999997,5.972222222222223,44657606.0
600143,20191029,7.52,7.58,6.87,7.02,-0.6100000000000003,-7.994757536041941,74548189.0
600143,20191030,7.01,7.25,6.92,6.92,-0.0999999999999996,-1.4245014245014231,41041326.0
600143,20191031,6.89,6.98,6.68,6.68,-0.2400000000000002,-3.4682080924855474,35593317.0
600143,20191101,6.78,6.91,6.7,6.86,0.1800000000000006,2.6946107784431295,28008800.0
600143,20191104,6.92,6.92,6.6,6.77,-0.0900000000000007,-1.3119533527696905,29765094.0
600143,20191105,6.81,6.82,6.64,6.7,-0.0699999999999994,-1.0339734121122546,22473124.0
600143,20191106,6.65,6.78,6.54,6.6,-0.1000000000000005,-1.49253731343284,21636064.0
600143,20191107,6.71,6.87,6.64,6.77,0.1699999999999999,2.5757575757575646,25045861.0
600143,20191108,6.81,6.82,6.65,6.69,-0.0799999999999991,-1.1816838995568513,17327517.0
600143,20191111,6.67,6.83,6.54,6.74,0.0499999999999998,0.7473841554558991,26787474.0
600143,20191112,6.77,6.77,6.57,6.66,-0.08,-1.186943620178038,20378748.0
600143,20191113,6.63,6.71,6.49,6.55,-0.1100000000000003,-1.6516516516516533,18717717.0
600143,20191114,6.52,6.58,6.42,6.5,-0.0499999999999998,-0.7633587786259555,20499721.0
600143,20191115,6.55,6.56,6.33,6.35,-0.1500000000000003,-2.3076923076923106,17376242.0
600143,20191118,6.34,6.63,6.31,6.54,0.1900000000000004,2.992125984251981,19621465.0
600143,20191119,6.54,6.76,6.48,6.73,0.1900000000000004,2.905198776758411,20520755.0
600143,20191120,6.74,6.83,6.6,6.62,-0.1100000000000003,-1.634472511144136,19194790.0
600143,20191121,7.28,7.28,6.99,7.03,0.4100000000000001,6.19335347432024,99746893.0
600143,20191122,7.18,7.19,6.5,6.62,-0.4100000000000001,-5.832147937411092,74696957.0
600143,20191125,6.53,6.74,6.36,6.62,0.0,0.0,44634315.0
600143,20191126,6.62,6.68,6.43,6.48,-0.1399999999999996,-2.114803625377637,23489517.0
600143,20191127,6.46,6.56,6.42,6.45,-0.0300000000000002,-0.462962962962965,18020602.0
600143,20191128,6.43,6.52,6.4,6.45,0.0,0.0,14161584.0
600143,20191129,6.42,6.49,6.34,6.37,-0.08,-1.2403100775193798,15527742.0
600143,20191202,6.46,6.55,6.42,6.45,0.08,1.255886970172693,15520678.0
600143,20191203,6.46,6.47,6.35,6.45,0.0,0.0,13937529.0
600143,20191204,6.42,6.53,6.37,6.48,0.0300000000000002,0.4651162790697771,16988297.0
600143,20191205,6.5,6.63,6.45,6.58,0.0999999999999996,1.5432098765431943,18926184.0
600143,20191206,6.57,6.64,6.56,6.64,0.0599999999999996,0.911854103343468,14638792.0
600143,20191209,6.57,6.71,6.57,6.69,0.0500000000000007,0.7530120481927804,15789648.0
600143,20191210,6.66,6.72,6.53,6.65,-0.04,-0.5979073243647215,19425503.0
600143,20191211,6.6,6.73,6.59,6.71,0.0599999999999996,0.9022556390977376,15921364.0
600143,20191212,6.71,6.88,6.62,6.78,0.0700000000000002,1.0432190760059743,24352817.0
600143,20191213,6.79,6.84,6.64,6.78,0.0,0.0,23841986.0
600143,20191216,6.78,6.83,6.7,6.8,0.0199999999999995,0.2949852507374562,23537995.0
600143,20191217,6.8,7.15,6.76,7.06,0.2599999999999998,3.823529411764692,46007906.0
600143,20191218,7.03,7.49,7.02,7.2,0.1400000000000005,1.9830028328611915,50468159.0
600143,20191219,7.21,7.36,7.1,7.23,0.0300000000000002,0.4166666666666652,29480486.0
600143,20191220,7.23,7.4,7.02,7.04,-0.1900000000000004,-2.627939142461966,35675090.0
600143,20191223,7.01,7.48,7.01,7.26,0.2199999999999997,3.125,56488912.0
600143,20191224,7.26,7.34,7.05,7.31,0.0499999999999998,0.688705234159781,36672823.0
600143,20191225,7.22,7.29,7.12,7.26,-0.0499999999999998,-0.6839945280437743,26854392.0
600143,20191226,7.23,7.38,7.21,7.34,0.08,1.1019283746556583,32557173.0
600143,20191227,7.39,7.51,7.18,7.19,-0.1499999999999994,-2.043596730245223,32760304.0
600143,20191230,7.12,7.37,7.1,7.27,0.0799999999999991,1.112656467315709,29302048.0
600143,20191231,7.26,7.36,7.19,7.28,0.0100000000000006,0.1375515818432093,25985452.0
600143,20200102,7.33,7.59,7.25,7.49,0.2099999999999999,2.8846153846153744,46610830.0
600143,20200103,7.5,7.77,7.44,7.53,0.04,0.5340453938584844,41263885.0
600143,20200106,7.44,7.73,7.41,7.55,0.0199999999999995,0.2656042496679944,55579582.0
600143,20200107,7.56,7.74,7.51,7.67,0.1200000000000001,1.5894039735099286,43026002.0
600143,20200108,7.63,8.24,7.48,8.04,0.3699999999999992,4.823989569752274,96581258.0
600143,20200109,8.24,8.24,7.9,8.06,0.0200000000000013,0.2487562189054992,67597877.0
600143,20200110,8.08,8.5,7.9,8.35,0.2899999999999991,3.598014888337464,71222181.0
600143,20200113,8.3,8.37,8.08,8.37,0.0199999999999995,0.2395209580838164,51038755.0
600143,20200114,8.29,8.98,8.27,8.76,0.3900000000000005,4.659498207885315,91218701.0
600143,20200115,8.7,9.26,8.65,9.25,0.4900000000000002,5.593607305936077,96407189.0
600143,20200116,9.36,9.5,8.86,9.09,-0.1600000000000001,-1.7297297297297345,84102561.0
600143,20200117,9.09,9.1,8.9,9.0,-0.0899999999999998,-0.990099009900991,39185092.0
600143,20200120,9.5,9.75,8.56,8.61,-0.3900000000000005,-4.333333333333345,176191859.0
600143,20200121,8.78,9.28,8.66,8.97,0.3600000000000012,4.181184668989557,107775273.0
600143,20200122,8.9,9.41,8.71,9.28,0.3099999999999987,3.455964325529526,97048008.0
600143,20200123,9.08,9.69,9.04,9.19,-0.0899999999999998,-0.969827586206895,116164067.0
600143,20200203,8.33,9.11,8.27,8.27,-0.92,-10.010881392818282,120520758.0
600143,20200204,8.37,8.93,8.35,8.86,0.5899999999999999,7.134220072551378,112205057.0
600143,20200205,9.0,9.23,8.76,8.91,0.0500000000000007,0.5643340857787837,119972937.0
600143,20200206,8.78,9.44,8.64,9.41,0.5,5.611672278338942,143391432.0
600143,20200207,9.27,9.47,9.0,9.17,-0.2400000000000002,-2.5504782146652527,123512126.0
600143,20200210,9.18,10.0,9.09,9.87,0.6999999999999993,7.6335877862595325,137738259.0
600143,20200211,10.0,10.0,9.48,9.54,-0.33,-3.3434650455927084,95679393.0
600143,20200212,9.35,9.65,9.35,9.58,0.0400000000000009,0.4192872117400492,74184310.0
600143,20200213,9.52,9.54,9.14,9.2,-0.3800000000000008,-3.966597077244272,86863289.0
600143,20200214,9.13,9.34,9.06,9.1,-0.0999999999999996,-1.0869565217391242,63926198.0
600143,20200217,9.15,9.45,9.09,9.45,0.3499999999999996,3.846153846153833,80850560.0
600143,20200218,9.38,9.45,9.17,9.31,-0.1399999999999988,-1.4814814814814723,75806086.0
600143,20200219,9.27,9.27,8.81,8.85,-0.4600000000000008,-4.940923737916226,107240013.0
600143,20200220,8.82,9.1,8.71,9.0,0.1500000000000003,1.6949152542372836,85070923.0
600143,20200221,9.0,9.23,8.86,9.19,0.1899999999999995,2.111111111111108,85932302.0
600143,20200224,9.42,9.65,9.26,9.57,0.3800000000000008,4.134929270946697,128641196.0
600143,20200225,9.4,10.53,9.33,10.53,0.9599999999999992,10.03134796238243,234799483.0
600143,20200226,10.6,11.08,9.91,10.05,-0.4799999999999986,-4.55840455840455,221756273.0
600143,20200227,10.29,10.37,9.72,9.95,-0.1000000000000014,-0.9950248756219082,115872269.0
600143,20200228,9.7,10.65,9.7,10.01,0.0600000000000005,0.6030150753769004,174231976.0
600143,20200302,10.41,10.87,10.15,10.72,0.7100000000000009,7.092907092907108,179744325.0
600143,20200303,10.79,10.98,10.48,10.48,-0.2400000000000002,-2.23880597014926,158586506.0
600143,20200304,10.46,10.75,10.33,10.52,0.0399999999999991,0.3816793893129722,104096174.0
600143,20200305,10.66,11.57,10.6,11.57,1.0500000000000007,9.980988593155905,216827567.0
600143,20200306,11.57,12.73,11.25,12.0,0.4299999999999997,3.716508210890224,297773261.0
600143,20200309,12.01,12.79,11.36,11.5,-0.5,-4.1666666666666625,259638604.0
600143,20200310,10.6,10.94,10.35,10.57,-0.9299999999999996,-8.08695652173913,234848841.0
600143,20200311,10.54,10.69,10.09,10.21,-0.3599999999999994,-3.4058656575212787,144277930.0
600143,20200312,10.1,10.4,9.3,9.41,-0.8000000000000007,-7.835455435847216,156568426.0
600143,20200313,8.64,9.28,8.62,9.0,-0.4100000000000001,-4.3570669500531345,140454964.0
600143,20200316,9.19,9.37,8.51,8.59,-0.4100000000000001,-4.555555555555557,123221103.0
600143,20200317,8.62,8.78,7.92,8.38,-0.209999999999999,-2.4447031431897415,122936985.0
600143,20200318,8.47,8.68,8.14,8.15,-0.2300000000000004,-2.7446300715990524,83921703.0
600143,20200319,8.1,8.23,7.85,8.1,-0.0500000000000007,-0.613496932515345,82723969.0
600143,20200320,8.22,8.41,8.1,8.25,0.1500000000000003,1.85185185185186,76391475.0
600143,20200323,7.95,8.05,7.6,7.69,-0.5599999999999996,-6.787878787878787,68818622.0
600143,20200324,7.85,7.95,7.46,7.8,0.1099999999999994,1.4304291287386084,65984756.0
600143,20200325,8.1,8.14,7.87,8.03,0.2299999999999995,2.9487179487179382,69955462.0
600143,20200326,8.0,8.47,7.95,8.3,0.2700000000000013,3.362391033623924,88812908.0
600143,20200327,8.43,8.46,8.18,8.19,-0.1100000000000012,-1.3253012048192958,54966602.0
600143,20200330,8.21,8.24,7.74,7.94,-0.2499999999999991,-3.0525030525030417,50392841.0
600143,20200331,8.05,8.15,7.86,7.92,-0.0200000000000004,-0.2518891687657509,39015163.0
600143,20200401,7.9,8.03,7.77,7.79,-0.1299999999999999,-1.6414141414141437,41407870.0
600143,20200402,7.7,8.07,7.6,8.05,0.2600000000000007,3.3376123234916566,47796180.0
600143,20200403,8.05,8.16,7.91,7.96,-0.0900000000000007,-1.1180124223602594,36948659.0
600143,20200407,8.18,8.39,8.1,8.31,0.3500000000000005,4.396984924623126,60768752.0
600143,20200408,8.24,8.54,8.23,8.45,0.1399999999999988,1.6847172081829065,63356118.0
600143,20200409,8.5,8.52,8.33,8.36,-0.0899999999999998,-1.0650887573964485,43943066.0
600143,20200410,8.37,9.15,8.32,9.02,0.6600000000000001,7.8947368421052655,140556281.0
600143,20200413,9.28,9.92,9.07,9.72,0.7000000000000011,7.760532150776056,175455607.0
600143,20200414,9.72,9.94,9.4,9.79,0.0699999999999985,0.7201646090534863,109273170.0
600143,20200415,9.8,10.11,9.64,9.83,0.0400000000000009,0.4085801838610958,83330914.0
600143,20200416,9.81,9.81,9.35,9.35,-0.4800000000000004,-4.883011190233977,95406323.0
600143,20200417,9.41,9.55,9.19,9.24,-0.1099999999999994,-1.17647058823529,78228958.0
600143,20200420,9.2,10.16,9.1,10.16,0.92,9.956709956709965,125029532.0
600143,20200421,10.33,10.73,10.12,10.48,0.3200000000000003,3.149606299212593,166859791.0
600143,20200422,10.4,10.59,10.13,10.26,-0.2200000000000006,-2.0992366412213803,88663145.0
600143,20200423,10.4,10.65,10.25,10.34,0.08,0.7797270955165692,76235321.0
600143,20200424,10.25,10.65,10.03,10.3,-0.0399999999999991,-0.3868471953578201,95467493.0
600143,20200427,10.41,10.85,10.38,10.7,0.3999999999999986,3.883495145631044,108730664.0
600143,20200428,10.18,10.18,9.63,9.63,-1.0699999999999985,-9.999999999999986,160690901.0
600143,20200429,9.36,10.08,9.3,9.92,0.2899999999999991,3.0114226375908437,106803093.0
600143,20200430,9.95,10.1,9.73,9.74,-0.1799999999999997,-1.814516129032251,76053043.0
600143,20200506,9.72,10.71,9.69,10.71,0.9700000000000006,9.958932238193018,129285423.0
600143,20200507,11.0,11.08,10.52,10.84,0.129999999999999,1.21381886087768,158709487.0
600143,20200508,11.09,11.37,10.88,11.18,0.3399999999999998,3.136531365313644,112813386.0
600143,20200511,11.18,11.18,10.76,10.96,-0.2199999999999988,-1.9677996422182376,85007215.0
600143,20200512,11.03,11.56,11.0,11.24,0.2799999999999993,2.5547445255474477,101514435.0
600143,20200513,11.35,12.18,11.24,12.0,0.7599999999999998,6.761565836298922,136060513.0
600143,20200514,11.99,12.33,11.82,12.16,0.1600000000000001,1.333333333333342,97308167.0
600143,20200515,12.26,12.31,11.92,12.13,-0.0299999999999993,-0.2467105263157853,71067437.0
600143,20200518,13.34,13.34,13.08,13.34,1.209999999999999,9.975267930750189,66631453.0
600143,20200519,14.0,14.4,12.75,13.25,-0.0899999999999998,-0.6746626686656709,210252247.0
600143,20200520,13.37,14.12,13.37,13.81,0.5600000000000005,4.226415094339631,145572320.0
600143,20200521,13.49,14.12,13.35,13.64,-0.1699999999999999,-1.2309920347574166,107597185.0
600143,20200522,13.79,13.96,13.32,13.64,0.0,0.0,84896138.0
600143,20200525,13.1,13.57,13.1,13.49,-0.1500000000000003,-1.0997067448680342,71954694.0
600143,20200526,13.45,14.24,13.45,14.09,0.5999999999999996,4.447739065974798,75991458.0
600143,20200527,14.17,14.46,12.68,12.68,-1.41,-10.007097232079488,163502481.0
600143,20200528,12.64,13.3,12.15,12.78,0.0999999999999996,0.7886435331230235,101375778.0
600143,20200529,12.68,12.88,12.28,12.65,-0.129999999999999,-1.01721439749608,84809751.0
600143,20200601,12.58,13.09,12.35,13.0,0.3499999999999996,2.7667984189723382,82366160.0
600143,20200602,12.99,13.23,12.72,12.84,-0.1600000000000001,-1.2307692307692353,60973123.0
600143,20200603,13.02,13.04,12.6,12.84,0.0,0.0,44074393.0
600143,20200604,12.9,12.9,12.21,12.51,-0.33,-2.5700934579439227,70704643.0
600143,20200605,12.66,13.66,12.6,13.49,0.9800000000000004,7.833733013589139,94276138.0
600143,20200608,13.55,13.7,13.11,13.18,-0.3100000000000005,-2.297998517420319,55355584.0
600143,20200609,13.25,13.29,13.0,13.18,0.0,0.0,32337260.0
600143,20200610,13.17,13.18,12.71,13.08,-0.0999999999999996,-0.7587253414264028,47117659.0
600143,20200611,12.66,13.19,12.56,12.84,-0.2400000000000002,-1.834862385321101,56973614.0
600143,20200612,12.79,13.64,12.67,13.3,0.4600000000000008,3.5825545171339623,69253417.0
600143,20200615,13.71,14.2,13.4,14.04,0.7399999999999984,5.563909774436082,93812462.0
600143,20200616,14.1,14.33,13.9,14.08,0.0400000000000009,0.2849002849002913,54302251.0
600143,20200617,14.18,14.25,13.77,13.92,-0.1600000000000001,-1.1363636363636354,45567193.0
600143,20200618,13.82,13.97,13.53,13.63,-0.2899999999999991,-2.083333333333326,36988539.0
600143,20200619,13.61,13.85,13.59,13.7,0.0699999999999985,0.5135730007336692,28784760.0
600143,20200622,13.81,14.0,13.55,13.67,-0.0299999999999993,-0.2189781021897818,39503228.0
600143,20200623,13.68,13.7,13.23,13.33,-0.3399999999999998,-2.487198244330646,35472862.0
600143,20200624,13.3,13.4,13.05,13.14,-0.1899999999999995,-1.4253563390847712,25518908.0
600143,20200629,13.15,13.75,12.77,13.0,-0.1400000000000005,-1.0654490106544956,50714158.0
600143,20200630,13.05,13.24,12.89,13.17,0.1699999999999999,1.3076923076922986,27540933.0
600143,20200701,13.32,13.32,12.85,12.96,-0.209999999999999,-1.594533029612755,35267741.0
600143,20200702,13.02,13.63,12.82,13.43,0.4699999999999988,3.626543209876542,56592957.0
600143,20200703,13.49,13.85,13.19,13.8,0.370000000000001,2.7550260610573307,61459157.0
600143,20200706,13.99,14.16,13.65,14.01,0.209999999999999,1.521739130434785,87277340.0
600143,20200707,14.23,15.3,14.01,15.09,1.08,7.70877944325481,100190662.0
600143,20200708,15.01,15.65,14.77,15.4,0.3100000000000005,2.054340622929085,76903460.0
600143,20200709,15.65,16.94,15.4,16.94,1.540000000000001,10.000000000000009,100787205.0
600143,20200710,17.05,18.07,16.63,17.65,0.7099999999999973,4.191263282172364,95643745.0
600143,20200713,18.0,18.49,17.02,17.68,0.0300000000000011,0.1699716713881027,156743162.0
600143,20200714,17.76,17.76,15.95,16.43,-1.25,-7.070135746606332,150915537.0
600143,20200715,16.6,16.75,15.78,15.82,-0.6099999999999994,-3.712720632988431,85715879.0
600143,20200716,15.93,16.19,14.81,14.94,-0.8800000000000008,-5.562579013906454,82272320.0
600143,20200717,14.93,15.33,14.67,15.03,0.0899999999999998,0.6024096385542244,57399393.0
600143,20200720,15.31,15.75,15.2,15.71,0.6800000000000015,4.52428476380573,65911925.0
600143,20200721,15.82,16.44,15.79,15.97,0.2599999999999998,1.654996817313803,56362137.0
600143,20200722,16.01,16.09,15.66,15.83,-0.1400000000000005,-0.8766437069505306,46024915.0
600143,20200723,15.66,16.48,15.51,16.46,0.6300000000000008,3.979785217940623,85010347.0
600143,20200724,16.49,16.49,15.23,15.24,-1.2200000000000006,-7.411907654921023,77599826.0
600143,20200727,15.24,15.75,15.24,15.47,0.2300000000000004,1.5091863517060489,41724043.0
600143,20200728,15.6,16.2,15.48,16.07,0.5999999999999996,3.8784744667097697,58059563.0
600143,20200729,15.91,16.35,15.7,16.28,0.2100000000000008,1.306782825140007,62803169.0
600143,20200730,16.41,16.63,16.0,16.05,-0.2300000000000004,-1.4127764127764175,57806358.0
600143,20200731,15.95,16.27,15.75,16.14,0.0899999999999998,0.5607476635514086,59678254.0
600143,20200803,16.43,17.29,16.43,17.08,0.9399999999999976,5.824039653035928,100200000.0
600143,20200804,17.51,18.79,17.08,18.76,1.6800000000000033,9.836065573770504,198847719.0
600143,20200805,18.85,19.13,17.85,18.0,-0.7600000000000016,-4.051172707889139,173976830.0
600143,20200806,17.98,18.17,16.71,17.1,-0.8999999999999986,-4.999999999999993,129115718.0
600143,20200807,16.96,17.55,16.88,17.38,0.2799999999999976,1.6374269005847708,85255124.0
600143,20200810,16.0,16.88,15.65,16.74,-0.6400000000000006,-3.682393555811281,152314526.0
600143,20200811,16.86,17.08,15.93,15.96,-0.7799999999999976,-4.659498207885293,105565560.0
600143,20200812,15.93,16.25,15.18,16.05,0.0899999999999998,0.5639097744360999,91632200.0
600143,20200813,16.06,16.25,15.51,15.89,-0.1600000000000001,-0.9968847352024968,53984938.0
600143,20200814,16.26,16.75,16.14,16.71,0.8200000000000003,5.160478288231585,89757261.0
600143,20200817,16.8,17.09,16.4,16.72,0.009999999999998,0.0598444045481594,73544005.0
600143,20200818,16.88,16.93,16.42,16.63,-0.0899999999999998,-0.5382775119617267,53565923.0
600143,20200819,16.61,16.61,15.87,15.93,-0.6999999999999993,-4.2092603728202,58720232.0
600143,20200820,15.76,16.32,15.59,16.03,0.1000000000000014,0.6277463904582614,38321112.0
600143,20200821,16.29,16.74,16.23,16.45,0.4199999999999981,2.6200873362445254,58189285.0
600143,20200824,16.67,17.35,16.65,16.86,0.4100000000000001,2.492401215805473,70016663.0
600143,20200825,17.2,17.28,16.72,16.9,0.0399999999999991,0.2372479240806635,57874763.0
600143,20200826,16.8,17.17,16.58,16.82,-0.0799999999999983,-0.4733727810650734,56595909.0
600143,20200827,16.92,18.07,16.67,17.8,0.9800000000000004,5.826397146254458,103370176.0
600143,20200828,17.81,17.98,17.38,17.72,-0.0800000000000018,-0.4494382022471987,72317648.0
600143,20200831,17.91,18.07,17.36,17.4,-0.3200000000000003,-1.8058690744921055,71828735.0
600143,20200901,17.5,17.64,16.96,17.62,0.2200000000000024,1.2643678160919605,57533047.0
600143,20200902,17.65,17.94,17.38,17.52,-0.1000000000000014,-0.5675368898978461,53948085.0
600143,20200903,17.66,17.86,17.37,17.4,-0.120000000000001,-0.6849315068493178,48811832.0
600143,20200904,17.03,17.57,16.75,17.45,0.0500000000000007,0.287356321839094,52679681.0
600143,20200907,17.45,18.04,17.45,17.61,0.1600000000000001,0.9169054441260815,72247393.0
600143,20200908,17.5,17.6,16.72,16.98,-0.629999999999999,-3.5775127768313375,64262798.0
600143,20200909,16.67,17.06,16.15,16.57,-0.4100000000000001,-2.414605418138993,53355749.0
600143,20200910,16.77,16.91,16.38,16.39,-0.1799999999999997,-1.0863005431502648,41267321.0
600143,20200911,16.51,16.72,16.16,16.49,0.0999999999999978,0.6101281269066394,34583462.0
600143,20200914,16.59,16.85,16.25,16.37,-0.1199999999999974,-0.7277137659187249,32434244.0
600143,20200915,16.37,16.83,16.2,16.8,0.4299999999999997,2.6267562614538775,38093511.0
600143,20200916,16.7,16.77,16.46,16.57,-0.2300000000000004,-1.3690476190476253,23704564.0
600143,20200917,16.75,16.76,16.33,16.57,0.0,0.0,23666170.0
600143,20200918,16.63,16.85,16.43,16.85,0.2800000000000011,1.6898008449004245,29949949.0
600143,20200921,16.8,16.96,16.48,16.48,-0.370000000000001,-2.1958456973293794,29717036.0
600143,20200922,16.4,16.73,16.02,16.07,-0.4100000000000001,-2.487864077669899,42240386.0
600143,20200923,16.07,16.3,15.74,16.12,0.0500000000000007,0.3111387678904842,30320864.0
600143,20200924,15.87,15.87,15.59,15.6,-0.5200000000000014,-3.2258064516129115,37262180.0
600143,20200925,15.6,15.73,15.35,15.61,0.0099999999999997,0.0641025641025638,24775739.0
600143,20200928,15.77,15.96,15.23,15.31,-0.2999999999999989,-1.9218449711723151,25179976.0
600143,20200929,15.38,15.68,15.34,15.53,0.2199999999999988,1.436969301110369,22344639.0
600143,20200930,15.63,15.85,15.54,15.73,0.200000000000001,1.28783000643915,23769864.0
600143,20201009,16.11,17.2,16.0,17.13,1.3999999999999986,8.900190718372535,71546829.0
600143,20201012,17.17,17.9,17.17,17.83,0.6999999999999993,4.086398131932278,64166418.0
600143,20201013,17.98,18.13,17.68,18.05,0.2200000000000024,1.2338754907459393,50869249.0
600143,20201014,18.13,18.75,17.89,18.09,0.0399999999999991,0.2216066481994349,80000042.0
600143,20201015,18.4,18.41,16.65,17.02,-1.0700000000000005,-5.914870093974578,106039278.0
600143,20201016,16.7,17.1,16.68,16.9,-0.120000000000001,-0.7050528789659283,41275021.0
600143,20201019,16.92,17.05,16.48,16.53,-0.3699999999999974,-2.18934911242602,34661518.0
600143,20201020,16.57,16.74,16.26,16.68,0.1499999999999985,0.907441016333932,23976596.0
600143,20201021,16.6,16.64,16.03,16.19,-0.4899999999999984,-2.937649880095916,31840249.0
600143,20201022,16.17,16.27,15.9,16.13,-0.0600000000000022,-0.370599135268701,25264446.0
600143,20201023,16.18,16.32,15.95,16.0,-0.129999999999999,-0.8059516429014146,22758536.0
600143,20201026,15.98,16.1,15.72,15.93,-0.0700000000000002,-0.4375000000000018,21598094.0
600143,20201027,15.87,16.04,15.64,15.82,-0.1099999999999994,-0.6905210295040765,25725314.0
600143,20201028,15.88,16.22,15.74,16.06,0.2399999999999984,1.5170670037926604,40346268.0
600143,20201029,15.86,15.99,15.66,15.88,-0.1799999999999979,-1.1207970112079524,33141557.0
600143,20201030,15.96,15.98,15.18,15.25,-0.6300000000000008,-3.967254408060461,48687250.0
600143,20201102,15.08,16.0,15.08,15.89,0.6400000000000006,4.196721311475415,46255010.0
600143,20201103,15.96,16.02,15.74,15.84,-0.0500000000000007,-0.3146633102580232,26152159.0
600143,20201104,15.94,16.23,15.83,15.96,0.120000000000001,0.7575757575757569,26106754.0
600143,20201105,16.05,16.38,16.03,16.24,0.2799999999999976,1.754385964912264,33742445.0
600143,20201106,16.27,16.29,15.77,15.98,-0.259999999999998,-1.6009852216748666,27504701.0
600143,20201109,16.18,16.65,16.13,16.34,0.3599999999999994,2.252816020025028,46004215.0
600143,20201110,16.18,16.21,15.6,15.81,-0.5299999999999994,-3.243574051407583,49755818.0
600143,20201111,15.87,16.36,15.87,15.94,0.129999999999999,0.8222643896268034,41877358.0
600143,20201112,15.94,17.38,15.85,17.08,1.1399999999999988,7.1518193224592075,100196603.0
600143,20201113,16.95,16.96,16.36,16.63,-0.4499999999999993,-2.634660421545665,59819006.0
600143,20201116,16.76,17.5,16.51,17.4,0.7699999999999996,4.630186410102222,71423022.0
600143,20201117,17.3,17.35,16.93,17.25,-0.1499999999999985,-0.8620689655172376,45887809.0
600143,20201118,17.31,17.37,16.64,16.77,-0.4800000000000004,-2.782608695652178,50444943.0
600143,20201119,16.68,16.69,16.25,16.54,-0.2300000000000004,-1.3714967203339312,35458840.0
600143,20201120,16.59,16.85,16.48,16.73,0.1900000000000012,1.1487303506650726,28307976.0
600143,20201123,16.74,16.94,16.5,16.65,-0.0800000000000018,-0.4781829049611552,48163328.0
600143,20201124,16.73,17.25,16.47,16.93,0.2800000000000011,1.6816816816816793,54733395.0
600143,20201125,16.93,16.94,16.18,16.2,-0.7300000000000004,-4.311872415829887,58257429.0
600143,20201126,16.36,17.24,16.36,17.09,0.8900000000000006,5.493827160493825,93667484.0
600143,20201127,17.1,17.37,16.75,17.12,0.0300000000000011,0.1755412521942778,52396144.0
600143,20201130,17.22,17.48,16.85,17.38,0.259999999999998,1.5186915887850372,69786181.0
600143,20201201,17.38,18.14,17.38,17.79,0.4100000000000001,2.35903337169161,107313032.0
600143,20201202,17.86,18.97,17.76,18.66,0.870000000000001,4.890387858347389,126077896.0
600143,20201203,18.82,18.85,17.65,17.69,-0.9699999999999988,-5.1982851018220755,106348993.0
600143,20201204,17.58,18.04,17.34,17.87,0.1799999999999997,1.0175240248728068,55040127.0
600143,20201207,17.69,17.83,17.28,17.3,-0.5700000000000003,-3.1897034135422553,51603058.0
600143,20201208,17.28,17.42,16.93,17.0,-0.3000000000000007,-1.7341040462427793,42794529.0
600143,20201209,17.05,17.37,16.95,17.05,0.0500000000000007,0.2941176470588225,39489059.0
600143,20201210,16.97,17.18,16.68,17.04,-0.0100000000000015,-0.0586510263929751,26763572.0
600143,20201211,17.12,17.35,16.7,16.86,-0.1799999999999997,-1.056338028169013,35460914.0
600143,20201214,16.89,17.39,16.61,17.39,0.5300000000000011,3.1435349940688084,38001285.0
600143,20201215,17.39,17.39,16.91,17.04,-0.3500000000000014,-2.012650948821171,33920367.0
600143,20201216,17.05,17.12,16.67,16.72,-0.3200000000000003,-1.8779342723004744,32828700.0
600143,20201217,16.64,16.79,16.36,16.72,0.0,0.0,36998163.0
600143,20201218,16.72,16.86,16.47,16.64,-0.0799999999999983,-0.4784688995215225,29091715.0
600143,20201221,16.66,17.42,16.64,17.35,0.7100000000000009,4.2668269230769384,53549652.0
600143,20201222,17.2,17.9,17.15,17.3,-0.0500000000000007,-0.2881844380403509,58274631.0
600143,20201223,17.23,17.65,17.15,17.41,0.1099999999999994,0.6358381502890031,44641265.0
600143,20201224,17.45,17.57,16.8,16.97,-0.4400000000000013,-2.527283170591621,36490785.0
600143,20201225,17.0,17.13,16.82,16.98,0.0100000000000015,0.0589275191514637,27778290.0
600143,20201228,17.14,17.8,17.13,17.35,0.370000000000001,2.17903415783276,57522482.0
600143,20201229,17.35,17.35,16.89,17.0,-0.3500000000000014,-2.017291066282434,33850569.0
600143,20201230,17.01,17.33,16.76,17.05,0.0500000000000007,0.2941176470588225,31633171.0
600143,20201231,17.0,17.26,16.9,17.14,0.0899999999999998,0.5278592375366653,40297699.0
600143,20210104,17.37,18.16,17.2,17.93,0.7899999999999991,4.609101516919489,112086274.0
600143,20210105,17.81,18.72,17.66,18.38,0.4499999999999993,2.5097601784718204,110559192.0
600143,20210106,18.61,18.96,17.99,18.49,0.1099999999999994,0.5984766050054269,94985113.0
600143,20210107,18.6,18.75,18.01,18.71,0.2200000000000024,1.189832341806385,87806167.0
600143,20210108,18.95,20.34,18.61,20.14,1.4299999999999995,7.642971672902199,182295828.0
600143,20210111,20.45,22.06,20.16,21.4,1.259999999999998,6.256206554121135,185371371.0
600143,20210112,21.4,21.88,20.9,21.64,0.240000000000002,1.1214953271028172,124083241.0
600143,20210113,21.56,22.6,21.3,21.74,0.0999999999999978,0.4621072088724531,141915762.0
600143,20210114,21.97,23.27,21.4,22.28,0.5400000000000027,2.4839006439742572,144125543.0
600143,20210115,21.97,21.97,20.28,20.86,-1.4200000000000017,-6.373429084380621,143846845.0
600143,20210118,20.79,22.95,20.65,22.95,2.09,10.019175455417065,192420728.0
600143,20210119,23.0,23.75,22.63,23.27,0.3200000000000003,1.3943355119825809,170513999.0
600143,20210120,23.54,23.55,22.04,23.0,-0.2699999999999996,-1.1602922217447298,115828411.0
600143,20210121,23.3,24.15,22.9,23.84,0.8399999999999999,3.652173913043488,124286674.0
600143,20210122,23.4,24.15,23.14,23.93,0.0899999999999998,0.3775167785234901,110044476.0
600143,20210125,24.14,26.32,24.14,26.32,2.390000000000001,9.987463435018816,161865980.0
600143,20210126,26.32,27.7,25.55,26.27,-0.0500000000000007,-0.1899696048632271,174212163.0
600143,20210127,25.9,28.9,25.71,28.9,2.629999999999999,10.01141987057479,169660109.0
600143,20210128,28.99,29.76,27.21,27.45,-1.4499999999999993,-5.017301038062283,203661434.0
600143,20210129,27.02,28.37,25.6,28.05,0.6000000000000014,2.1857923497267784,189371313.0
600143,20210201,28.5,30.86,27.58,30.48,2.4299999999999997,8.66310160427808,190790931.0
600143,20210202,30.2,31.06,29.68,30.45,-0.0300000000000011,-0.0984251968503935,141240738.0
600143,20210203,30.05,32.8,28.0,28.38,-2.0700000000000003,-6.798029556650242,227777980.0
600143,20210204,27.95,28.98,27.61,28.76,0.3800000000000025,1.3389711064129672,159964420.0
600143,20210205,28.7,29.08,26.2,26.2,-2.5600000000000023,-8.90125173852574,193750688.0
600143,20210208,26.1,27.5,26.05,26.85,0.6500000000000021,2.4809160305343525,125327761.0
600143,20210209,27.2,29.52,27.1,29.33,2.479999999999997,9.236499068901294,144966431.0
600143,20210210,29.97,29.97,28.62,29.5,0.1700000000000017,0.5796113194681318,115696206.0
600143,20210218,30.34,30.84,28.49,29.24,-0.2600000000000015,-0.8813559322033981,131490986.0
600143,20210219,28.9,30.26,28.25,29.58,0.3399999999999998,1.162790697674421,115151668.0
600143,20210222,29.98,30.17,28.4,28.53,-1.0499999999999972,-3.5496957403650997,120740974.0
600143,20210223,27.9,28.43,27.4,27.52,-1.0100000000000016,-3.540133193130046,91180014.0
600143,20210224,27.38,27.38,26.3,26.5,-1.0199999999999996,-3.7063953488372103,99107520.0
600143,20210225,27.01,27.19,26.12,26.32,-0.1799999999999997,-0.67924528301887,61762308.0
600143,20210226,25.52,25.85,24.69,25.24,-1.0800000000000018,-4.103343465045595,82099705.0
600143,20210301,25.66,26.68,25.31,26.54,1.3000000000000007,5.150554675118868,80556792.0
600143,20210302,26.69,26.7,25.81,26.23,-0.3099999999999987,-1.1680482290881589,64602473.0
600143,20210303,26.23,27.1,26.01,26.32,0.0899999999999998,0.3431185665268677,59351784.0
600143,20210304,26.02,26.05,25.1,25.4,-0.9200000000000016,-3.49544072948329,70180513.0
600143,20210305,25.0,26.55,24.5,26.04,0.6400000000000006,2.5196850393700787,77388646.0
600143,20210308,26.36,26.47,24.0,24.01,-2.0299999999999976,-7.795698924731176,103682902.0
600143,20210309,23.71,23.73,22.55,22.84,-1.1700000000000017,-4.872969596001675,85620970.0
600143,20210310,23.38,23.52,22.8,23.0,0.1600000000000001,0.7005253940455258,49196961.0
600143,20210311,23.15,23.65,22.9,23.52,0.5199999999999996,2.2608695652173827,47262666.0
600143,20210312,23.62,23.69,22.63,23.25,-0.2699999999999996,-1.1479591836734635,59276232.0
600143,20210315,23.03,23.49,22.6,22.86,-0.3900000000000005,-1.6774193548387162,45191045.0
600143,20210316,22.95,23.07,21.69,22.34,-0.5199999999999996,-2.2747156605424257,64640955.0
600143,20210317,22.48,23.21,22.01,22.73,0.3900000000000005,1.7457475380483478,55084560.0
600143,20210318,22.8,23.31,22.5,23.04,0.3099999999999987,1.363836339639235,44149952.0
600143,20210319,22.46,22.97,22.25,22.57,-0.4699999999999988,-2.039930555555547,42591404.0
600143,20210322,22.65,23.14,22.43,22.93,0.3599999999999994,1.5950376606114205,35855171.0
600143,20210323,22.82,22.89,21.3,21.58,-1.3500000000000014,-5.887483645878766,74277276.0
600143,20210324,21.1,21.92,21.08,21.4,-0.1799999999999997,-0.8341056533827551,39885590.0
600143,20210325,21.21,21.68,21.04,21.5,0.1000000000000014,0.4672897196261738,33572133.0
600143,20210326,21.54,22.33,21.54,22.18,0.6799999999999997,3.1627906976744224,44443786.0
600143,20210329,22.15,22.49,21.54,22.2,0.0199999999999995,0.0901713255184732,40928699.0
600143,20210330,22.35,22.8,21.17,22.0,-0.1999999999999993,-0.9009009009009028,79190674.0
600143,20210331,21.85,21.88,21.32,21.71,-0.2899999999999991,-1.3181818181818183,36210862.0
600143,20210401,21.6,22.09,21.5,22.01,0.3000000000000007,1.381851681252888,33148009.0
600143,20210402,22.26,22.55,21.72,22.03,0.0199999999999995,0.0908677873693752,53109437.0
600143,20210406,22.14,22.38,21.95,22.08,0.0499999999999971,0.2269632319564118,33547933.0
600143,20210407,22.17,22.2,21.5,21.65,-0.4299999999999997,-1.9474637681159424,40471993.0
600143,20210408,21.5,22.06,21.24,21.73,0.0800000000000018,0.3695150115473611,36575947.0
600143,20210409,21.65,21.81,20.71,21.1,-0.629999999999999,-2.899217671421994,51979788.0
600143,20210412,20.95,21.09,19.9,20.06,-1.0400000000000027,-4.928909952606652,64267809.0
600143,20210413,20.01,20.24,19.81,20.03,-0.0299999999999975,-0.1495513459621067,29326752.0
600143,20210414,20.07,20.35,19.98,20.06,0.0299999999999975,0.1497753369944954,34979961.0
600143,20210415,20.2,20.65,19.84,20.27,0.2100000000000008,1.0468594217347915,53289251.0
600143,20210416,20.12,20.28,19.7,20.21,-0.0599999999999987,-0.296003946719281,40704711.0
600143,20210419,20.13,20.56,19.84,20.53,0.3200000000000003,1.5833745670460253,45639352.0
600143,20210420,20.56,20.96,20.41,20.57,0.0399999999999991,0.194836824159772,49599977.0
600143,20210421,20.33,20.7,20.17,20.55,-0.0199999999999995,-0.0972289742343202,33123549.0
600143,20210422,20.69,20.81,20.38,20.47,-0.0800000000000018,-0.389294403892948,33718799.0
600143,20210423,20.47,21.14,20.25,20.88,0.4100000000000001,2.002931118710305,59316658.0
600143,20210426,21.21,22.96,21.21,22.21,1.3300000000000018,6.369731800766298,127236769.0
600143,20210427,22.26,22.98,21.7,22.93,0.7199999999999989,3.2417829806393517,100906572.0
600143,20210428,22.0,22.46,21.73,22.26,-0.6699999999999982,-2.921936327954633,98106057.0
600143,20210429,22.28,22.28,21.42,21.69,-0.5700000000000003,-2.5606469002695476,61274885.0
600143,20210430,21.63,23.05,21.44,22.78,1.09,5.025357307514988,93761630.0
600143,20210506,22.81,23.58,22.45,22.87,0.0899999999999998,0.3950834064969211,77110142.0
600143,20210507,22.96,23.48,22.48,22.56,-0.3100000000000023,-1.3554875382597364,80180105.0
600143,20210510,22.48,22.48,21.72,22.14,-0.4199999999999981,-1.8617021276595704,53799944.0
600143,20210511,21.9,22.3,21.52,22.04,-0.1000000000000014,-0.4516711833785103,38301610.0
600143,20210512,21.47,21.47,20.5,20.99,-1.0500000000000007,-4.764065335753176,56200623.0
600143,20210513,20.65,20.69,19.93,19.95,-1.0399999999999991,-4.954740352548825,59969061.0
600143,20210514,19.91,20.36,19.75,20.33,0.379999999999999,1.904761904761898,39665669.0
600143,20210517,20.1,20.9,20.01,20.63,0.3000000000000007,1.4756517461879115,40356950.0
600143,20210518,20.63,20.95,20.44,20.51,-0.1199999999999974,-0.581677169171102,28416367.0
600143,20210519,20.46,20.76,20.03,20.68,0.1699999999999981,0.82886396879569,41166240.0
600143,20210520,20.59,20.85,20.31,20.46,-0.2199999999999988,-1.0638297872340383,32440018.0
600143,20210521,20.39,20.5,20.0,20.01,-0.4499999999999993,-2.1994134897360684,35968214.0
600143,20210524,20.0,20.0,19.1,19.87,-0.1400000000000005,-0.6996501749125472,51344511.0
600143,20210525,19.76,20.28,19.65,20.19,0.3200000000000003,1.610468042274782,39726661.0
600143,20210526,21.0,22.21,20.99,22.21,2.0199999999999996,10.004952947003453,159775073.0
600143,20210527,23.32,23.82,22.32,22.66,0.4499999999999993,2.0261143628995892,219156790.0
600143,20210528,22.4,22.85,21.88,22.25,-0.4100000000000001,-1.8093556928508336,102556927.0
600143,20210531,22.54,22.69,22.1,22.56,0.3099999999999987,1.3932584269662929,82607984.0
600143,20210601,22.35,22.6,22.05,22.42,-0.139999999999997,-0.620567375886516,71027734.0
600143,20210602,22.3,22.3,21.7,21.74,-0.6800000000000033,-3.0330062444246297,67596626.0
600143,20210603,21.78,22.25,21.56,21.74,0.0,0.0,48950503.0
600143,20210604,21.67,22.09,21.33,21.78,0.0400000000000027,0.1839926402944058,46569943.0
600143,20210607,21.85,21.95,21.43,21.57,-0.2100000000000008,-0.9641873278236957,37986837.0
600143,20210608,21.48,21.69,20.9,21.03,-0.5399999999999991,-2.5034770514603566,60087722.0
600143,20210609,20.97,21.28,20.7,21.03,0.0,0.0,37718895.0
600143,20210610,20.95,20.95,20.52,20.66,-0.370000000000001,-1.759391345696626,53359221.0
600143,20210611,20.6,20.6,20.08,20.3,-0.3599999999999994,-1.742497579864466,64440121.0
600143,20210615,20.2,20.59,19.94,20.28,-0.0199999999999995,-0.0985221674876801,49334496.0
600143,20210616,20.25,20.26,19.59,19.63,-0.6500000000000021,-3.205128205128216,47092190.0
600143,20210617,19.56,19.88,19.52,19.81,0.1799999999999997,0.9169638308711204,30942250.0
600143,20210618,19.77,20.58,19.6,20.5,0.6900000000000013,3.4830893488137393,57290411.0
600143,20210621,20.6,20.6,20.18,20.31,-0.1900000000000012,-0.9268292682926838,37569466.0
600143,20210622,20.39,20.66,20.1,20.28,-0.0299999999999975,-0.1477104874445967,35355507.0
600143,20210623,20.28,20.29,19.85,19.9,-0.3800000000000025,-1.8737672583826528,49576351.0
600143,20210624,19.9,21.55,19.66,21.15,1.25,6.281407035175879,93256300.0
600143,20210625,21.02,21.02,20.54,20.76,-0.389999999999997,-1.843971631205665,52787411.0
600143,20210628,20.76,21.07,20.4,20.81,0.0499999999999971,0.2408477842003709,50654618.0
600143,20210629,20.76,21.36,20.49,20.52,-0.2899999999999991,-1.3935607880826484,58001658.0
600143,20210630,20.74,21.33,20.66,20.86,0.3399999999999998,1.6569200779727122,49328506.0
600143,20210701,20.86,21.44,20.8,21.02,0.1600000000000001,0.7670182166826578,74760820.0
600143,20210702,20.8,20.84,20.0,20.11,-0.91,-4.329210275927686,59156561.0
600143,20210705,20.11,20.35,19.81,20.26,0.1500000000000021,0.7458975634013099,41891679.0
600143,20210706,20.16,20.35,19.87,20.0,-0.2600000000000015,-1.2833168805528206,38303942.0
600143,20210707,20.01,20.2,19.91,20.09,0.0899999999999998,0.4499999999999948,35784292.0
600143,20210708,20.1,20.29,19.8,19.84,-0.25,-1.2444001991040343,53784564.0
600143,20210709,19.7,20.06,19.25,20.02,0.1799999999999997,0.9072580645161256,65323380.0
600143,20210712,20.04,20.65,19.89,20.19,0.1700000000000017,0.8491508491508482,63513254.0
600143,20210713,20.0,20.39,19.7,20.07,-0.120000000000001,-0.5943536404160565,63544549.0
600143,20210714,20.16,21.98,20.12,21.09,1.0199999999999996,5.082212257100149,157049032.0
600143,20210715,20.8,20.99,20.42,20.88,-0.2100000000000008,-0.9957325746799416,79397751.0
600143,20210716,20.8,21.89,20.59,21.6,0.7200000000000024,3.4482758620689724,125961036.0
600143,20210719,22.0,22.1,21.21,21.47,-0.1300000000000025,-0.6018518518518645,93045576.0
600143,20210720,21.21,21.65,21.03,21.06,-0.4100000000000001,-1.909641360037262,57414442.0
600143,20210721,21.08,21.25,20.68,20.99,-0.0700000000000002,-0.3323836657169954,65966373.0
600143,20210722,21.0,21.18,20.66,20.68,-0.3099999999999987,-1.476893758932818,59489890.0
600143,20210723,20.56,20.56,19.87,19.95,-0.7300000000000004,-3.5299806576402304,77409999.0
600143,20210726,20.36,20.78,19.94,20.23,0.2800000000000011,1.403508771929829,65716939.0
600143,20210727,20.12,20.8,20.0,20.38,0.1499999999999985,0.7414730598121588,67560016.0
600143,20210728,20.11,20.39,19.3,20.04,-0.3399999999999998,-1.6683022571148176,50502412.0
600143,20210729,20.26,20.54,20.04,20.3,0.2600000000000015,1.2974051896207597,47219431.0
600143,20210730,20.4,20.4,19.89,20.1,-0.1999999999999993,-0.985221674876846,55271135.0
600143,20210802,19.78,20.29,19.33,20.07,-0.0300000000000011,-0.1492537313432906,70277752.0
600143,20210803,20.0,20.82,19.91,20.28,0.2100000000000008,1.0463378176382765,67172187.0
600143,20210804,20.3,20.35,19.94,20.24,-0.0400000000000027,-0.1972386587771324,46778279.0
600143,20210805,20.26,20.26,19.68,19.78,-0.4599999999999973,-2.2727272727272596,56764812.0
600143,20210806,19.69,20.17,19.55,19.98,0.1999999999999993,1.0111223458038276,38558824.0
600143,20210809,19.93,20.3,19.8,20.09,0.1099999999999994,0.5505505505505548,45645228.0
600143,20210810,20.12,20.3,19.95,20.06,-0.0300000000000011,-0.1493280238924921,42655507.0
600143,20210811,20.07,20.07,19.82,19.85,-0.2099999999999973,-1.0468594217347804,44284275.0
600143,20210812,19.8,20.18,19.62,20.08,0.2299999999999968,1.158690176322397,48255312.0
600143,20210813,20.04,21.69,19.96,21.04,0.9600000000000009,4.7808764940239,136583867.0
600143,20210816,21.09,21.64,20.71,21.24,0.1999999999999993,0.9505703422053148,106966472.0
600143,20210817,21.0,21.5,20.17,20.32,-0.9199999999999982,-4.331450094161948,82968490.0
600143,20210818,20.23,20.75,20.0,20.58,0.259999999999998,1.2795275590551158,48091547.0
600143,20210819,20.42,20.65,20.15,20.23,-0.3499999999999978,-1.7006802721088343,39440989.0
600143,20210820,20.06,20.3,19.82,20.06,-0.1700000000000017,-0.8403361344537896,41604365.0
600143,20210823,20.0,20.19,19.97,20.0,-0.0599999999999987,-0.2991026919242245,43088025.0
600143,20210824,20.0,20.13,19.85,20.06,0.0599999999999987,0.2999999999999891,42778267.0
600143,20210825,20.05,20.77,19.89,20.7,0.6400000000000006,3.1904287138584175,78784598.0
600143,20210826,19.88,19.88,18.63,18.63,-2.0700000000000003,-9.999999999999998,184609049.0
600143,20210827,17.91,17.92,17.01,17.5,-1.129999999999999,-6.065485775630696,103910784.0
600143,20210830,17.3,17.85,17.2,17.28,-0.2199999999999988,-1.2571428571428456,67793433.0
600143,20210831,17.18,17.18,16.11,16.21,-1.0700000000000005,-6.192129629629628,93185837.0
600143,20210901,16.21,16.55,16.14,16.33,0.1199999999999974,0.7402837754472369,53313584.0
600143,20210902,16.12,16.48,16.0,16.35,0.0200000000000031,0.1224739742804903,53690169.0
600143,20210903,16.24,16.49,16.15,16.36,0.009999999999998,0.0611620795107015,40107266.0
600143,20210906,16.35,16.41,16.05,16.25,-0.1099999999999994,-0.672371638141811,43751364.0
600143,20210907,16.51,17.19,16.51,16.85,0.6000000000000014,3.692307692307706,75142567.0
600143,20210908,16.89,17.16,16.71,17.05,0.1999999999999993,1.186943620178038,54600469.0
600143,20210909,16.94,17.02,16.72,16.78,-0.2699999999999996,-1.5835777126099626,37953955.0
600143,20210910,16.77,16.88,16.56,16.62,-0.1600000000000001,-0.953516090584028,35175465.0
600143,20210913,16.59,16.65,16.33,16.51,-0.1099999999999994,-0.6618531889289958,35272585.0
600143,20210914,16.51,16.63,16.21,16.24,-0.2700000000000031,-1.635372501514254,39731863.0
600143,20210915,16.56,16.76,16.42,16.66,0.4200000000000017,2.586206896551735,50441913.0
600143,20210916,16.94,17.49,16.93,17.08,0.4199999999999981,2.5210084033613356,91935487.0
600143,20210917,17.0,17.0,16.38,16.56,-0.5199999999999996,-3.04449648711943,52345090.0
600143,20210922,16.29,16.38,16.15,16.31,-0.25,-1.509661835748788,31818750.0
600143,20210923,16.4,16.93,16.38,16.7,0.3900000000000005,2.391171060698971,41412979.0
600143,20210924,16.72,16.73,16.33,16.37,-0.3299999999999983,-1.9760479041916024,29711770.0
600143,20210927,16.3,16.3,15.01,15.01,-1.3600000000000012,-8.307880268784373,81357405.0
600143,20210928,14.91,14.91,14.37,14.66,-0.3499999999999996,-2.3317788141239193,48049357.0
600143,20210929,14.4,14.57,14.05,14.14,-0.5199999999999996,-3.547066848567526,43160121.0
600143,20210930,14.14,14.79,14.14,14.67,0.5299999999999994,3.748231966053739,32001357.0
600143,20211008,14.7,14.79,14.4,14.46,-0.209999999999999,-1.4314928425357865,26232700.0
600143,20211011,14.5,14.75,14.4,14.48,0.0199999999999995,0.138312586445366,21490756.0
600143,20211012,14.5,14.5,13.89,14.09,-0.3900000000000005,-2.6933701657458564,36250027.0
600143,20211013,14.1,14.14,13.8,14.12,0.0299999999999993,0.2129169623846571,26153670.0
600143,20211014,14.14,14.27,13.96,14.2,0.08,0.56657223796035,19773769.0
600143,20211015,14.19,14.19,13.95,14.01,-0.1899999999999995,-1.3380281690140827,17746533.0
600143,20211018,14.08,14.26,13.75,14.26,0.25,1.7844396859386211,29507416.0
600143,20211019,14.2,14.39,14.13,14.2,-0.0600000000000005,-0.4207573632538652,26371477.0
600143,20211020,14.24,14.24,13.9,13.93,-0.2699999999999996,-1.9014084507042228,28531715.0
600143,20211021,13.85,13.97,13.6,13.67,-0.2599999999999998,-1.866475233309406,33628766.0
600143,20211022,13.68,13.8,13.49,13.52,-0.1500000000000003,-1.097293343087058,28292902.0
600143,20211025,13.46,13.68,13.22,13.62,0.0999999999999996,0.7396449704141883,38370779.0
600143,20211026,12.26,12.65,12.26,12.26,-1.3599999999999994,-9.985315712187958,101312385.0
600143,20211027,12.0,12.12,11.74,11.87,-0.3900000000000005,-3.1810766721044104,60967550.0
600143,20211028,11.84,11.95,11.4,11.42,-0.4499999999999993,-3.791069924178592,50386379.0
600143,20211029,11.4,11.76,11.38,11.73,0.3100000000000005,2.714535901926451,41540555.0
600143,20211101,11.7,12.08,11.64,11.9,0.1699999999999999,1.449275362318847,39522945.0
600143,20211102,11.93,12.09,11.61,11.77,-0.1300000000000007,-1.0924369747899232,35012571.0
600143,20211103,11.77,12.1,11.71,12.08,0.3100000000000005,2.633814783347499,38405925.0
600143,20211104,12.12,12.2,11.88,12.14,0.0600000000000005,0.4966887417218624,33265326.0
600143,20211105,12.05,12.49,12.0,12.28,0.1399999999999988,1.153212520593061,44970673.0
600143,20211108,12.4,12.5,12.13,12.23,-0.0499999999999989,-0.4071661237784907,32068349.0
600143,20211109,12.28,12.85,12.23,12.65,0.4199999999999999,3.4341782502044227,55016887.0
600143,20211110,12.63,12.63,12.31,12.5,-0.1500000000000003,-1.1857707509881463,32399840.0
600143,20211111,12.45,12.66,12.38,12.49,-0.0099999999999997,-0.0800000000000022,25367950.0
600143,20211112,12.45,12.6,12.31,12.48,-0.0099999999999997,-0.0800640512409911,26064125.0
600143,20211115,12.49,12.72,12.41,12.65,0.1699999999999999,1.3621794871794934,31279545.0
600143,20211116,12.6,13.26,12.57,12.97,0.3200000000000003,2.529644268774711,60889624.0
600143,20211117,12.91,13.25,12.71,13.1,0.129999999999999,1.0023130300693903,41102167.0
600143,20211118,13.09,13.44,12.96,13.04,-0.0600000000000005,-0.458015267175571,46145810.0
600143,20211119,13.03,13.25,12.72,13.12,0.08,0.6134969325153339,40082840.0
600143,20211122,13.11,13.34,13.03,13.22,0.1000000000000014,0.7621951219512368,32756050.0
600143,20211123,13.19,13.23,12.93,13.04,-0.1800000000000015,-1.3615733736762614,36257621.0
600143,20211124,12.98,13.09,12.92,12.97,-0.0699999999999985,-0.5368098159509116,23865981.0
600143,20211125,12.97,12.98,12.8,12.9,-0.0700000000000002,-0.5397070161912154,26015542.0
600143,20211126,12.86,12.96,12.73,12.86,-0.0400000000000009,-0.3100775193798477,24165683.0
600143,20211129,12.76,13.28,12.68,12.72,-0.1399999999999988,-1.0886469673405783,42888886.0
600143,20211130,12.88,13.73,12.78,13.57,0.8499999999999996,6.682389937106925,103049910.0
600143,20211201,13.59,13.82,13.31,13.77,0.1999999999999993,1.4738393515106862,69350081.0
600143,20211202,13.67,14.1,13.6,13.89,0.120000000000001,0.8714596949891185,65555500.0
600143,20211203,13.94,13.96,13.5,13.69,-0.200000000000001,-1.439884809215275,44984453.0
600143,20211206,13.68,13.89,13.4,13.43,-0.2599999999999998,-1.8991964937910888,36587307.0
600143,20211207,13.49,13.6,13.3,13.6,0.1699999999999999,1.265822784810133,30886175.0
600143,20211208,13.51,13.7,13.39,13.67,0.0700000000000002,0.5147058823529393,27447726.0
600143,20211209,13.58,13.7,13.51,13.61,-0.0600000000000005,-0.4389173372348232,25717903.0
600143,20211210,13.55,13.71,13.51,13.59,-0.0199999999999995,-0.1469507714915496,21604590.0
600143,20211213,13.58,13.96,13.57,13.7,0.1099999999999994,0.8094186902133815,38309759.0
600143,20211214,13.69,13.69,13.39,13.4,-0.2999999999999989,-2.1897810218978075,29749110.0
600143,20211215,13.39,13.52,13.19,13.21,-0.1899999999999995,-1.4179104477611948,24339319.0
600143,20211216,13.22,13.34,13.15,13.34,0.129999999999999,0.9841029523088408,19639608.0
600143,20211217,13.33,13.33,13.12,13.12,-0.2200000000000006,-1.6491754122938571,20075488.0
600143,20211220,13.12,13.19,12.7,12.74,-0.379999999999999,-2.896341463414631,29038935.0
600143,20211221,12.8,12.85,12.53,12.62,-0.120000000000001,-0.9419152276295196,28737234.0
600143,20211222,12.66,12.73,12.51,12.7,0.08,0.6339144215530945,26515688.0
600143,20211223,12.66,12.73,12.58,12.69,-0.0099999999999997,-0.078740157480317,18272331.0
600143,20211224,12.69,12.7,12.3,12.3,-0.3899999999999988,-3.0732860520094496,26935032.0
600143,20211227,12.31,12.46,12.24,12.44,0.1399999999999988,1.1382113821138071,14751384.0
600143,20211228,12.48,13.3,12.44,12.84,0.4000000000000003,3.2154340836012985,53599292.0
600143,20211229,12.71,12.96,12.66,12.78,-0.0600000000000005,-0.4672897196261738,22536938.0
600143,20211230,12.7,12.77,12.6,12.61,-0.1699999999999999,-1.3302034428794962,22697380.0
600143,20211231,12.66,12.71,12.54,12.58,-0.0299999999999993,-0.2379064234734329,14883664.0
600143,20220104,12.51,12.75,12.48,12.74,0.1600000000000001,1.2718600953895098,20323591.0
600143,20220105,12.72,12.91,12.61,12.67,-0.0700000000000002,-0.5494505494505475,23118715.0
600143,20220106,12.7,12.94,12.7,12.82,0.1500000000000003,1.1838989739542338,22174763.0
600143,20220107,12.92,13.28,12.83,13.05,0.2300000000000004,1.7940717628705194,43173605.0
600143,20220110,13.11,13.15,12.89,13.02,-0.0300000000000011,-0.2298850574712685,22574497.0
600143,20220111,13.06,13.06,12.7,12.74,-0.2799999999999993,-2.1505376344086,24411160.0
600143,20220112,12.74,12.79,12.58,12.68,-0.0600000000000005,-0.4709576138147597,20532768.0
600143,20220113,12.68,12.94,12.6,12.65,-0.0299999999999993,-0.236593059936907,22278096.0
600143,20220114,12.63,12.63,12.37,12.43,-0.2200000000000006,-1.7391304347826098,21454117.0
600143,20220117,12.6,13.23,12.51,13.1,0.6699999999999999,5.390185036202744,53723211.0
600143,20220118,13.16,13.2,12.77,12.83,-0.2699999999999996,-2.0610687022900698,30716618.0
600143,20220119,12.77,12.95,12.56,12.65,-0.1799999999999997,-1.4029618082618822,24334374.0
600143,20220120,12.61,12.7,12.43,12.44,-0.2100000000000008,-1.6600790513834007,20788397.0
600143,20220121,12.46,12.5,12.07,12.13,-0.3099999999999987,-2.4919614147909885,21636191.0
600143,20220124,12.14,12.21,12.06,12.17,0.0399999999999991,0.3297609233305687,10117256.0
600143,20220125,12.14,12.14,11.64,11.64,-0.5299999999999994,-4.354971240755956,25376617.0
600143,20220126,11.64,11.83,11.58,11.72,0.08,0.6872852233676952,11049029.0
600143,20220127,11.77,11.79,11.4,11.41,-0.3100000000000005,-2.6450511945392496,14666462.0
600143,20220128,11.47,11.6,11.34,11.34,-0.0700000000000002,-0.613496932515345,14062900.0
600143,20220207,10.27,10.92,10.27,10.72,-0.6199999999999992,-5.467372134038795,29245477.0
600143,20220208,10.61,11.08,10.58,11.05,0.33,3.078358208955234,19395021.0
600143,20220209,11.03,11.1,10.92,11.0,-0.0500000000000007,-0.4524886877828149,13952588.0
600143,20220210,11.0,11.14,10.96,11.04,0.0399999999999991,0.363636363636366,12825988.0
600143,20220211,11.05,11.09,10.73,10.76,-0.2799999999999993,-2.53623188405796,18432487.0
600143,20220214,10.63,10.92,10.58,10.76,0.0,0.0,12038854.0
600143,20220215,10.76,10.83,10.6,10.7,-0.0600000000000005,-0.5576208178438735,12470102.0
600143,20220216,10.78,11.16,10.77,10.91,0.2100000000000008,1.962616822429908,15652924.0
600143,20220217,10.93,10.95,10.82,10.84,-0.0700000000000002,-0.6416131989000928,11372104.0
600143,20220218,10.78,11.0,10.71,10.98,0.1400000000000005,1.291512915129167,13048608.0
600143,20220221,10.93,11.08,10.91,11.06,0.08,0.7285974499089187,13069908.0
600143,20220222,11.01,11.02,10.71,10.79,-0.2700000000000013,-2.4412296564195413,19558813.0
600143,20220223,10.79,11.15,10.72,11.15,0.3600000000000012,3.336422613531065,31176148.0
600143,20220224,11.18,11.34,10.68,10.8,-0.3499999999999996,-3.139013452914796,41268694.0
600143,20220225,10.89,11.04,10.77,10.9,0.0999999999999996,0.92592592592593,21570243.0
600143,20220228,10.82,10.92,10.66,10.74,-0.1600000000000001,-1.4678899082568808,19899232.0
600143,20220301,10.75,10.82,10.67,10.73,-0.0099999999999997,-0.0931098696461796,14327041.0
600143,20220302,10.63,10.77,10.59,10.67,-0.0600000000000005,-0.5591798695247063,13734313.0
600143,20220303,10.69,11.7,10.62,11.37,0.6999999999999993,6.560449859418926,72993789.0
600143,20220304,11.27,11.55,11.09,11.41,0.0400000000000009,0.3518029903254227,51422098.0
600143,20220307,11.29,11.55,11.2,11.32,-0.0899999999999998,-0.7887817703768563,31516551.0
600143,20220308,11.34,11.4,10.75,10.83,-0.4900000000000002,-4.3286219081272055,31983496.0
600143,20220309,10.86,10.95,9.88,10.34,-0.4900000000000002,-4.524469067405357,38621623.0
600143,20220310,10.6,10.64,10.32,10.32,-0.0199999999999995,-0.19342359767891,20916582.0
600143,20220311,10.22,10.42,9.97,10.41,0.0899999999999998,0.8720930232558155,22205470.0
600143,20220314,10.39,10.95,10.36,10.55,0.1400000000000005,1.344860710854956,37508655.0
600143,20220315,10.55,10.55,9.96,9.96,-0.5899999999999999,-5.592417061611377,33731455.0
600143,20220316,10.13,10.16,9.55,10.03,0.0699999999999985,0.7028112449799062,32767377.0
600143,20220317,10.08,10.46,10.08,10.16,0.1300000000000007,1.2961116650049842,30125903.0
600143,20220318,10.12,10.24,10.07,10.19,0.0299999999999993,0.2952755905511806,18920486.0
600143,20220321,10.14,10.26,10.01,10.12,-0.0700000000000002,-0.6869479882237517,19967308.0
600143,20220322,10.12,10.12,9.97,10.02,-0.0999999999999996,-0.9881422924901128,16398336.0
600143,20220323,10.03,10.16,10.0,10.03,0.0099999999999997,0.0998003992015883,19557956.0
600143,20220324,9.98,9.99,9.74,9.86,-0.1699999999999999,-1.6949152542372836,19966442.0
600143,20220325,9.88,10.13,9.86,9.91,0.0500000000000007,0.5070993914807476,22149120.0
600143,20220328,9.91,9.94,9.7,9.85,-0.0600000000000005,-0.6054490413723523,14967202.0
600143,20220329,9.83,9.92,9.6,9.62,-0.2300000000000004,-2.3350253807106647,19381532.0
600143,20220330,9.68,9.8,9.61,9.76,0.1400000000000005,1.455301455301461,15909837.0
600143,20220331,9.72,9.91,9.69,9.74,-0.0199999999999995,-0.2049180327868827,14941718.0
600143,20220401,9.7,9.79,9.63,9.78,0.0399999999999991,0.4106776180698102,10998224.0
600143,20220406,9.8,9.98,9.78,9.9,0.120000000000001,1.22699386503069,17114709.0
600143,20220407,9.93,9.95,9.71,9.73,-0.1699999999999999,-1.7171717171717171,13571500.0
600143,20220408,9.76,9.77,9.42,9.64,-0.0899999999999998,-0.924974306269266,20712581.0
600143,20220411,9.64,9.64,9.28,9.33,-0.3100000000000005,-3.2157676348547715,18305350.0
600143,20220412,9.25,9.37,9.03,9.34,0.0099999999999997,0.1071811361200492,18533303.0
600143,20220413,9.28,9.29,9.13,9.14,-0.1999999999999993,-2.1413276231263323,11163292.0
600143,20220414,9.22,9.35,9.19,9.25,0.1099999999999994,1.2035010940919078,13694163.0
600143,20220415,9.21,9.28,9.07,9.1,-0.1500000000000003,-1.6216216216216273,12391081.0
600143,20220418,9.09,9.09,8.91,9.03,-0.0700000000000002,-0.7692307692307776,10359220.0
600143,20220419,9.01,9.1,8.96,9.03,0.0,0.0,10066045.0
600143,20220420,9.03,9.16,8.98,9.06,0.0300000000000011,0.3322259136212757,12448705.0
600143,20220421,9.05,9.05,8.61,8.64,-0.4199999999999999,-4.635761589403975,20605689.0
600143,20220422,8.64,8.73,8.4,8.57,-0.0700000000000002,-0.810185185185186,17926176.0
600143,20220425,8.47,8.47,7.78,7.79,-0.7800000000000002,-9.101516919486585,29001633.0
600143,20220426,7.89,8.24,7.86,7.91,0.1200000000000001,1.5404364569961526,37010293.0
600143,20220427,7.8,8.1,7.65,8.07,0.1600000000000001,2.0227560050569027,28042179.0
600143,20220428,8.04,8.18,7.82,7.91,-0.1600000000000001,-1.9826517967781896,17593137.0
600143,20220429,7.95,8.32,7.94,8.28,0.3699999999999992,4.677623261694053,29328448.0
600143,20220505,8.29,8.53,8.23,8.51,0.2300000000000004,2.77777777777779,20638098.0
600143,20220506,8.26,8.41,8.25,8.35,-0.1600000000000001,-1.8801410105757976,14101156.0
600143,20220509,8.34,8.5,8.31,8.49,0.1400000000000005,1.6766467065868262,11412139.0
600143,20220510,8.43,8.61,8.31,8.58,0.0899999999999998,1.0600706713780994,19457878.0
600143,20220511,8.58,8.96,8.58,8.72,0.1400000000000005,1.631701631701632,28307211.0
600143,20220512,8.65,8.81,8.65,8.79,0.0699999999999985,0.8027522935779574,15210320.0
600143,20220513,8.9,9.03,8.73,8.81,0.0200000000000013,0.2275312855517741,17990485.0
600143,20220516,8.94,8.95,8.76,8.82,0.0099999999999997,0.1135073779795714,15128423.0
600143,20220517,8.85,8.86,8.7,8.84,0.0199999999999995,0.2267573696145053,11366900.0
600143,20220518,8.84,8.88,8.77,8.78,-0.0600000000000005,-0.6787330316742168,9933291.0
600143,20220519,8.65,8.86,8.61,8.86,0.08,0.9111617312072884,14340945.0
600143,20220520,8.9,9.1,8.88,9.06,0.200000000000001,2.257336343115135,25324489.0
600143,20220523,9.07,9.14,8.99,9.13,0.0700000000000002,0.7726269315673218,16513619.0
600143,20220524,9.09,9.18,8.81,8.81,-0.3200000000000003,-3.5049288061336337,20543538.0
600143,20220525,8.79,8.9,8.76,8.88,0.0700000000000002,0.7945516458569779,11804812.0
600143,20220526,8.92,8.96,8.76,8.95,0.0699999999999985,0.7882882882882747,12534572.0
600143,20220527,8.67,8.78,8.18,8.31,-0.6399999999999988,-7.150837988826808,78678383.0
600143,20220530,8.47,9.05,8.41,8.79,0.4799999999999986,5.776173285198549,61555048.0
600143,20220531,8.8,8.95,8.62,8.94,0.1500000000000003,1.7064846416382284,38498614.0
600143,20220601,8.95,8.95,8.82,8.89,-0.0499999999999989,-0.5592841163310824,23649433.0
600143,20220602,8.69,8.88,8.56,8.85,-0.0400000000000009,-0.4499437570303799,26132027.0
600143,20220606,9.03,9.24,8.94,9.17,0.3200000000000003,3.6158192090395502,39244555.0
600143,20220607,9.17,9.33,9.03,9.12,-0.0500000000000007,-0.5452562704471142,25414496.0
600143,20220608,9.13,9.21,8.91,9.08,-0.0399999999999991,-0.4385964912280604,25048191.0
600143,20220609,9.07,9.13,8.85,8.91,-0.1699999999999999,-1.87224669603524,19725633.0
600143,20220610,8.81,9.4,8.81,9.4,0.4900000000000002,5.499438832772174,67601921.0
600143,20220613,9.35,9.4,9.14,9.27,-0.1300000000000007,-1.38297872340426,35104420.0
600143,20220614,9.12,9.26,9.03,9.24,-0.0299999999999993,-0.3236245954692518,32631160.0
600143,20220615,9.24,9.33,9.1,9.12,-0.120000000000001,-1.2987012987013102,33568780.0
600143,20220616,9.15,9.22,9.07,9.12,0.0,0.0,26100579.0
600143,20220617,9.05,9.15,8.95,9.12,0.0,0.0,25151763.0
600143,20220620,9.12,9.43,9.1,9.34,0.2200000000000006,2.412280701754388,38260198.0
600143,20220621,9.37,9.4,9.09,9.15,-0.1899999999999995,-2.0342612419700146,23826816.0
600143,20220622,9.15,9.15,8.9,8.9,-0.25,-2.732240437158473,25858425.0
600143,20220623,8.89,9.12,8.84,9.1,0.1999999999999993,2.2471910112359383,25160382.0
600143,20220624,9.13,9.64,9.1,9.58,0.4800000000000004,5.274725274725278,63562575.0
600143,20220627,9.6,9.63,9.43,9.47,-0.1099999999999994,-1.148225469728592,32433006.0
600143,20220628,9.47,9.62,9.35,9.61,0.1399999999999988,1.4783526927138135,32286004.0
600143,20220629,9.61,9.91,9.5,9.51,-0.0999999999999996,-1.0405827263267442,43834060.0
600143,20220630,9.56,9.64,9.47,9.52,0.0099999999999997,0.1051524710830698,30289217.0
600143,20220701,9.5,9.58,9.4,9.46,-0.0599999999999987,-0.6302521008403228,18124888.0
600143,20220704,9.45,9.55,9.41,9.5,0.0399999999999991,0.4228329809724984,19795517.0
600143,20220705,9.53,9.57,9.24,9.36,-0.1400000000000005,-1.473684210526327,23599192.0
600143,20220706,9.4,9.45,9.05,9.16,-0.1999999999999993,-2.136752136752129,23835830.0
600143,20220707,9.18,9.25,9.1,9.13,-0.0299999999999993,-0.3275109170305601,15387096.0
600143,20220708,9.14,9.18,9.03,9.05,-0.08,-0.8762322015334112,18250843.0
600143,20220711,9.06,9.06,8.81,8.88,-0.1699999999999999,-1.8784530386740328,20840840.0
600143,20220712,8.89,8.92,8.7,8.7,-0.1800000000000015,-2.0270270270270396,18043591.0
600143,20220713,8.75,8.77,8.66,8.75,0.0500000000000007,0.5747126436781658,11483197.0
600143,20220714,8.74,8.85,8.69,8.77,0.0199999999999995,0.2285714285714224,13467174.0
600143,20220715,8.77,8.82,8.63,8.65,-0.1199999999999992,-1.36830102622576,14869480.0
600143,20220718,8.62,8.95,8.62,8.93,0.2799999999999993,3.2369942196531776,20879804.0
600143,20220719,8.95,9.08,8.86,9.05,0.120000000000001,1.3437849944009097,16915057.0
600143,20220720,9.08,9.96,9.07,9.96,0.91,10.055248618784528,88654944.0
600143,20220721,10.21,10.83,10.1,10.41,0.4499999999999993,4.518072289156616,168903470.0
600143,20220722,10.42,10.53,10.06,10.19,-0.2200000000000006,-2.11335254562921,77703659.0
600143,20220725,10.2,10.38,9.91,9.99,-0.1999999999999993,-1.962708537782132,45423716.0
600143,20220726,9.93,10.05,9.75,10.04,0.0499999999999989,0.5005005005005003,39425247.0
600143,20220727,9.99,9.99,9.84,9.91,-0.129999999999999,-1.294820717131462,25937508.0
600143,20220728,9.92,10.25,9.91,9.99,0.08,0.8072653884964698,39805247.0
600143,20220729,10.0,10.17,9.94,10.08,0.0899999999999998,0.9009009009008916,33017377.0
600143,20220801,10.08,10.08,9.75,9.94,-0.1400000000000005,-1.388888888888895,27907807.0
600143,20220802,9.82,9.89,9.49,9.72,-0.2199999999999988,-2.2132796780684028,41080009.0
600143,20220803,9.72,9.98,9.67,9.7,-0.0200000000000013,-0.2057613168724437,30843231.0
600143,20220804,9.76,10.25,9.73,10.11,0.4100000000000001,4.226804123711347,52332120.0
600143,20220805,10.16,10.32,10.11,10.29,0.1799999999999997,1.7804154302670572,45498594.0
600143,20220808,10.2,10.31,10.06,10.28,-0.0099999999999997,-0.0971817298347943,29553486.0
600143,20220809,10.29,10.74,10.25,10.39,0.1100000000000012,1.070038910505855,50274081.0
600143,20220810,10.33,10.37,10.15,10.19,-0.200000000000001,-1.924927815206945,34810725.0
600143,20220811,10.25,10.26,10.13,10.18,-0.0099999999999997,-0.098135426889101,25619240.0
600143,20220812,10.19,10.33,10.16,10.16,-0.0199999999999995,-0.1964636542239661,25533584.0
600143,20220815,10.17,10.36,10.06,10.29,0.129999999999999,1.2795275590551158,29657759.0
600143,20220816,10.14,10.23,9.91,10.12,-0.1699999999999999,-1.6520894071914485,44469142.0
600143,20220817,10.11,10.83,10.09,10.73,0.6100000000000012,6.027667984189744,90058105.0
600143,20220818,10.78,11.55,10.57,11.34,0.6099999999999994,5.684995340167753,135129915.0
600143,20220819,11.63,11.86,10.99,10.99,-0.3499999999999996,-3.0864197530864113,110964806.0
600143,20220822,11.18,11.55,11.09,11.2,0.209999999999999,1.9108280254777064,65945087.0
600143,20220823,11.3,12.32,11.21,12.32,1.120000000000001,10.000000000000009,135818097.0
600143,20220824,12.56,12.58,11.63,11.74,-0.5800000000000001,-4.707792207792205,142448088.0
600143,20220825,11.81,11.88,11.09,11.3,-0.4399999999999995,-3.7478705281090208,95442687.0
600143,20220826,11.43,11.76,11.34,11.43,0.129999999999999,1.150442477876101,60907063.0
600143,20220829,11.18,11.54,11.08,11.3,-0.129999999999999,-1.1373578302712128,42075013.0
600143,20220830,11.4,11.55,11.0,11.16,-0.1400000000000005,-1.2389380530973493,46270290.0
600143,20220831,11.13,11.23,10.7,10.75,-0.4100000000000001,-3.673835125448033,50839179.0
600143,20220901,10.76,10.85,10.62,10.7,-0.0500000000000007,-0.4651162790697771,26198539.0
600143,20220902,10.71,10.97,10.6,10.88,0.1800000000000015,1.6822429906542258,28590673.0
600143,20220905,10.87,11.15,10.7,10.96,0.08,0.7352941176470562,32034104.0
600143,20220906,10.96,11.18,10.85,11.06,0.0999999999999996,0.9124087591240836,34516286.0
600143,20220907,10.95,11.01,10.75,10.82,-0.2400000000000002,-2.169981916817365,30275548.0
600143,20220908,10.75,10.84,10.62,10.63,-0.1899999999999995,-1.756007393715342,22182011.0
600143,20220909,10.6,10.75,10.37,10.69,0.0599999999999987,0.5644402634054524,25052642.0
600143,20220913,10.69,10.78,10.45,10.47,-0.2199999999999988,-2.0579981290925975,23606830.0
600143,20220914,10.23,10.45,10.18,10.33,-0.1400000000000005,-1.3371537726838634,17326938.0
600143,20220915,10.41,10.45,9.89,9.98,-0.3499999999999996,-3.388189738625358,32780052.0
600143,20220916,9.98,10.07,9.73,9.73,-0.25,-2.505010020040077,18898744.0
600143,20220919,9.72,9.81,9.6,9.67,-0.0600000000000005,-0.6166495375128478,13710146.0
600143,20220920,9.7,9.9,9.7,9.83,0.1600000000000001,1.6546018614270963,14475977.0
600143,20220921,9.8,10.06,9.69,10.01,0.1799999999999997,1.831129196337744,18498655.0
600143,20220922,9.93,10.08,9.89,9.94,-0.0700000000000002,-0.6993006993006978,12012000.0
600143,20220923,9.97,10.0,9.62,9.74,-0.1999999999999993,-2.012072434607637,16041730.0
600143,20220926,9.62,9.79,9.5,9.53,-0.2100000000000008,-2.1560574948665368,14412225.0
600143,20220927,9.53,9.8,9.53,9.79,0.2599999999999998,2.728226652675758,13324507.0
600143,20220928,9.82,9.82,9.52,9.53,-0.2599999999999998,-2.655771195097034,12482791.0
600143,20220929,9.65,9.72,9.54,9.65,0.120000000000001,1.2591815320042166,12960569.0
600143,20220930,9.64,9.68,9.37,9.38,-0.2699999999999996,-2.797927461139893,13701777.0
600143,20221010,9.38,9.54,9.17,9.21,-0.1699999999999999,-1.812366737739868,13207201.0
600143,20221011,9.25,9.42,9.24,9.42,0.209999999999999,2.280130293159588,10343543.0
600143,20221012,9.41,9.62,9.25,9.59,0.1699999999999999,1.804670912951156,14375257.0
600143,20221013,9.53,9.69,9.5,9.61,0.0199999999999995,0.2085505735140769,12546585.0
600143,20221014,9.71,9.88,9.66,9.83,0.2200000000000006,2.289281997918846,16100063.0
600143,20221017,9.9,10.79,9.83,10.47,0.6400000000000006,6.5106815869786505,43145759.0
600143,20221018,10.4,10.6,10.32,10.49,0.0199999999999995,0.1910219675262503,28211947.0
600143,20221019,10.47,10.68,10.41,10.45,-0.0400000000000009,-0.3813155386082067,21608828.0
600143,20221020,10.44,10.57,10.36,10.42,-0.0299999999999993,-0.2870813397129135,17385050.0
600143,20221021,10.46,10.8,10.45,10.54,0.1199999999999992,1.151631477927051,24192119.0
600143,20221024,10.65,10.84,10.35,10.46,-0.0799999999999983,-0.7590132827324347,26237347.0
600143,20221025,10.22,10.29,9.9,9.95,-0.5100000000000016,-4.875717017208425,33619767.0
600143,20221026,10.02,10.33,10.01,10.17,0.2200000000000006,2.2110552763819236,21649408.0
600143,20221027,10.28,10.32,10.0,10.0,-0.1699999999999999,-1.671583087512285,19448940.0
600143,20221028,10.0,10.05,9.52,9.59,-0.4100000000000001,-4.100000000000003,25625066.0
600143,20221031,9.47,9.78,9.45,9.68,0.0899999999999998,0.938477580813335,15769468.0
600143,20221101,9.68,10.0,9.68,10.0,0.3200000000000003,3.3057851239669533,18777497.0
600143,20221102,10.0,10.18,9.91,10.06,0.0600000000000005,0.6000000000000005,18917754.0
600143,20221103,9.98,10.14,9.96,10.02,-0.0400000000000009,-0.3976143141153132,16322455.0
600143,20221104,10.02,10.26,10.02,10.2,0.1799999999999997,1.7964071856287456,21484318.0
600143,20221107,10.2,10.28,10.11,10.2,0.0,0.0,18342295.0
600143,20221108,10.21,10.25,10.0,10.13,-0.0699999999999985,-0.686274509803908,14642801.0
600143,20221109,10.19,10.35,10.12,10.25,0.1199999999999992,1.1846001974333609,19179965.0
600143,20221110,10.23,10.23,10.05,10.1,-0.1500000000000003,-1.4634146341463428,12544222.0
600143,20221111,10.3,10.34,10.18,10.2,0.0999999999999996,0.990099009900991,18382849.0
600143,20221114,10.22,10.38,10.15,10.18,-0.0199999999999995,-0.1960784313725483,16676331.0
600143,20221115,10.21,10.43,10.13,10.4,0.2200000000000006,2.16110019646365,21543786.0
600143,20221116,10.38,10.42,10.23,10.26,-0.1400000000000005,-1.3461538461538525,16746313.0
600143,20221117,10.2,10.24,10.06,10.16,-0.0999999999999996,-0.974658869395706,15757613.0
600143,20221118,10.18,10.38,10.14,10.25,0.0899999999999998,0.8858267716535417,20431036.0
600143,20221121,10.18,10.2,10.08,10.19,-0.0600000000000005,-0.5853658536585371,12073079.0
600143,20221122,10.15,10.2,9.96,10.04,-0.1500000000000003,-1.4720314033366044,15552573.0
600143,20221123,10.0,10.08,9.8,10.02,-0.0199999999999995,-0.1992031872509958,17311751.0
600143,20221124,10.08,10.33,10.05,10.25,0.2300000000000004,2.2954091816367317,21928106.0
600143,20221125,10.23,10.25,10.04,10.07,-0.1799999999999997,-1.756097560975611,14402764.0
600143,20221128,9.92,10.02,9.83,9.94,-0.1300000000000007,-1.2909632571996066,17107262.0
600143,20221129,9.98,10.21,9.94,10.15,0.2100000000000008,2.1126760563380476,20468162.0
600143,20221130,10.2,10.23,10.05,10.06,-0.0899999999999998,-0.8866995073891659,12415647.0
600143,20221201,10.17,10.33,10.14,10.18,0.1199999999999992,1.1928429423459177,18271532.0
600143,20221202,10.18,10.28,10.13,10.22,0.0400000000000009,0.3929273084479545,14275400.0
600143,20221205,10.3,10.36,10.19,10.29,0.0699999999999985,0.6849315068492956,22095416.0
600143,20221206,10.29,10.58,10.27,10.53,0.2400000000000002,2.3323615160349975,32525651.0
600143,20221207,10.43,10.77,10.43,10.46,-0.0699999999999985,-0.6647673314339797,38436657.0
600143,20221208,10.48,10.85,10.38,10.77,0.3099999999999987,2.9636711281070705,55306847.0
600143,20221209,10.84,10.93,10.63,10.66,-0.1099999999999994,-1.021355617455888,58675841.0
600143,20221212,10.75,11.04,10.75,10.77,0.1099999999999994,1.0318949343339543,50126070.0
600143,20221213,11.0,11.02,10.72,10.76,-0.0099999999999997,-0.092850510677811,29437029.0
600143,20221214,10.62,10.83,10.6,10.65,-0.1099999999999994,-1.0223048327137496,31324691.0
600143,20221215,10.65,10.82,10.6,10.62,-0.0300000000000011,-0.2816901408450811,19540236.0
600143,20221216,10.73,10.85,10.67,10.72,0.1000000000000014,0.941619585687392,24528586.0
600143,20221219,10.88,10.88,10.37,10.43,-0.2900000000000009,-2.7052238805970186,26926778.0
600143,20221220,10.4,10.4,10.22,10.27,-0.1600000000000001,-1.5340364333652934,15936478.0
600143,20221221,10.27,10.39,10.23,10.31,0.0400000000000009,0.3894839337877487,13836675.0
600143,20221222,10.33,10.4,10.06,10.1,-0.2100000000000008,-2.036857419980609,18265315.0
600143,20221223,10.0,10.12,9.83,9.88,-0.2199999999999988,-2.178217821782169,18967452.0
600143,20221226,9.87,10.04,9.85,10.04,0.1599999999999983,1.61943319838056,10808901.0
600143,20221227,10.07,10.1,9.9,10.0,-0.0399999999999991,-0.3984063745019806,10950144.0
600143,20221228,9.91,9.98,9.71,9.73,-0.2699999999999996,-2.6999999999999913,18556131.0
600143,20221229,9.7,9.8,9.65,9.66,-0.0700000000000002,-0.7194244604316613,11281488.0
600143,20221230,9.69,9.73,9.58,9.69,0.0299999999999993,0.3105590062111751,13881334.0
600143,20230103,9.75,9.86,9.67,9.86,0.1699999999999999,1.7543859649122862,17193657.0
600143,20230104,9.87,9.88,9.71,9.78,-0.08,-0.8113590263691739,12971952.0
600143,20230105,9.73,9.83,9.7,9.81,0.0300000000000011,0.3067484662576891,16391097.0
600143,20230106,9.83,9.98,9.8,9.88,0.0700000000000002,0.7135575942915473,17290793.0
600143,20230109,9.88,10.0,9.85,9.92,0.0399999999999991,0.4048582995951344,13256611.0
600143,20230110,9.9,9.92,9.77,9.79,-0.1300000000000007,-1.310483870967749,10789142.0
600143,20230111,9.81,9.86,9.71,9.71,-0.0799999999999983,-0.8171603677221473,9508039.0
600143,20230112,9.72,9.77,9.62,9.65,-0.0600000000000005,-0.6179196704428458,10278211.0
600143,20230113,9.67,9.71,9.62,9.7,0.0499999999999989,0.5181347150258864,8078296.0
600143,20230116,9.78,9.94,9.69,9.87,0.1699999999999999,1.7525773195876226,19107178.0
600143,20230117,9.82,9.96,9.82,9.94,0.0700000000000002,0.7092198581560405,12369637.0
600143,20230118,9.94,9.94,9.87,9.9,-0.0399999999999991,-0.4024144869215207,8519556.0
600143,20230119,9.86,9.92,9.84,9.92,0.0199999999999995,0.2020202020202033,10878830.0
600143,20230120,9.95,10.03,9.92,10.02,0.0999999999999996,1.0080645161290258,13310589.0
600143,20230130,10.12,10.19,10.0,10.01,-0.0099999999999997,-0.0998003992015994,17972199.0
600143,20230131,10.02,10.1,9.96,10.09,0.08,0.7992007992007943,10199901.0
600143,20230201,10.2,10.33,10.15,10.3,0.2100000000000008,2.0812685827552135,24176012.0
600143,20230202,10.34,10.34,10.22,10.29,-0.0100000000000015,-0.0970873786407922,15006363.0
600143,20230203,10.3,10.31,10.12,10.22,-0.0699999999999985,-0.6802721088435271,13982452.0
600143,20230206,10.16,10.21,10.11,10.16,-0.0600000000000005,-0.5870841487279899,9425659.0
600143,20230207,10.19,10.22,10.14,10.19,0.0299999999999993,0.2952755905511806,10429020.0
600143,20230208,10.22,10.27,10.14,10.15,-0.0399999999999991,-0.3925417075564152,10500800.0
600143,20230209,10.13,10.31,10.12,10.29,0.1399999999999988,1.3793103448275668,14190200.0
600143,20230210,10.31,10.31,10.18,10.24,-0.0499999999999989,-0.4859086491739495,11914197.0
600143,20230213,10.22,10.33,10.2,10.23,-0.0099999999999997,-0.09765625,20474006.0
600143,20230214,10.24,10.3,10.19,10.29,0.0599999999999987,0.586510263929596,16395495.0
600143,20230215,10.29,10.31,10.15,10.17,-0.1199999999999992,-1.1661807580174877,16025585.0
600143,20230216,10.17,10.23,9.77,9.89,-0.2799999999999993,-2.7531956735496466,28666891.0
600143,20230217,9.89,10.03,9.88,9.89,0.0,0.0,16850703.0
600143,20230220,9.94,10.11,9.84,10.09,0.1999999999999993,2.0222446916076775,20890008.0
600143,20230221,10.08,10.25,10.05,10.16,0.0700000000000002,0.6937561942517378,13793743.0
600143,20230222,10.15,10.17,10.06,10.07,-0.0899999999999998,-0.8858267716535417,11489772.0
600143,20230223,10.09,10.13,9.99,10.05,-0.0199999999999995,-0.1986097318768531,11920427.0
600143,20230224,10.05,10.07,9.95,9.97,-0.08,-0.7960199004975133,10082100.0
600143,20230227,9.94,10.17,9.94,10.0,0.0299999999999993,0.3009027081243731,17822860.0
600143,20230228,10.06,10.08,9.93,10.01,0.0099999999999997,0.0999999999999889,11445538.0
600143,20230301,10.05,10.05,9.98,10.01,0.0,0.0,12646160.0
600143,20230302,10.01,10.03,9.92,9.95,-0.0600000000000005,-0.5994005994006013,15680587.0
600143,20230303,9.95,9.99,9.89,9.91,-0.0399999999999991,-0.4020100502512447,12289725.0
600143,20230306,9.92,9.95,9.8,9.85,-0.0600000000000005,-0.6054490413723523,17624207.0
600143,20230307,9.85,9.89,9.66,9.67,-0.1799999999999997,-1.8274111675126825,19679286.0
600143,20230308,9.65,9.69,9.63,9.67,0.0,0.0,13354581.0
600143,20230309,9.67,9.82,9.67,9.79,0.1199999999999992,1.2409513960703222,12313620.0
600143,20230310,9.7,9.77,9.61,9.63,-0.1599999999999983,-1.6343207354443168,12790942.0
600143,20230313,9.55,9.63,9.43,9.53,-0.1000000000000014,-1.0384215991692811,14310415.0
600143,20230314,9.54,9.58,9.24,9.39,-0.1399999999999988,-1.469045120671553,17089107.0
600143,20230315,9.45,9.56,9.41,9.45,0.0599999999999987,0.6389776357827337,10382070.0
600143,20230316,9.38,9.46,9.28,9.3,-0.1499999999999985,-1.5873015873015706,10514938.0
600143,20230317,9.38,9.44,9.31,9.33,0.0299999999999993,0.3225806451612856,11075641.0
600143,20230320,9.34,9.37,9.28,9.31,-0.0199999999999995,-0.2143622722400762,10013061.0
600143,20230321,9.31,9.45,9.31,9.45,0.1399999999999988,1.5037593984962294,10466973.0
600143,20230322,9.4,9.51,9.4,9.51,0.0600000000000005,0.6349206349206327,9763817.0
600143,20230323,9.46,9.49,9.4,9.42,-0.0899999999999998,-0.9463722397476282,9293300.0
600143,20230324,9.43,9.59,9.39,9.51,0.0899999999999998,0.9554140127388422,12412714.0
600143,20230327,9.51,9.53,9.36,9.41,-0.0999999999999996,-1.051524710830698,11275435.0
600143,20230328,9.42,9.48,9.35,9.38,-0.0299999999999993,-0.318809776833151,9736157.0
600143,20230329,9.39,9.42,9.18,9.21,-0.1699999999999999,-1.812366737739868,14232401.0
600143,20230330,9.21,9.28,9.13,9.26,0.0499999999999989,0.5428881650379802,9942189.0
600143,20230331,9.27,9.37,9.26,9.29,0.0299999999999993,0.3239740820734305,7534932.0
600143,20230403,9.3,9.51,9.3,9.44,0.1500000000000003,1.614639397201301,14493730.0
600143,20230404,9.49,9.5,9.32,9.38,-0.0599999999999987,-0.6355932203389703,10344000.0
600143,20230406,9.38,9.41,9.29,9.32,-0.0600000000000005,-0.6396588486140775,8676620.0
600143,20230407,9.32,9.37,9.28,9.29,-0.0300000000000011,-0.3218884120171794,8478522.0
600143,20230410,9.3,9.37,9.29,9.37,0.08,0.8611410118406937,10364051.0
600143,20230411,9.36,9.47,9.33,9.47,0.1000000000000014,1.067235859124871,11791702.0
600143,20230412,9.43,9.5,9.38,9.41,-0.0600000000000005,-0.6335797254487963,7839208.0
600143,20230413,9.42,9.44,9.28,9.3,-0.1099999999999994,-1.1689691817215686,9577702.0
600143,20230414,9.3,9.35,9.27,9.28,-0.0200000000000013,-0.2150537634408755,6265300.0
600143,20230417,9.26,9.38,9.25,9.32,0.0400000000000009,0.4310344827586299,14116041.0
600143,20230418,9.3,9.45,9.3,9.44,0.1199999999999992,1.2875536480686511,12036162.0
600143,20230419,9.44,9.44,9.32,9.33,-0.1099999999999994,-1.165254237288127,10872902.0
600143,20230420,9.35,9.37,9.23,9.25,-0.08,-0.8574490889603492,8729263.0
600143,20230421,9.24,9.3,9.08,9.09,-0.1600000000000001,-1.7297297297297345,14169340.0
600143,20230424,9.09,9.1,8.72,8.73,-0.3599999999999994,-3.960396039603953,19957171.0
600143,20230425,8.75,9.05,8.59,8.66,-0.0700000000000002,-0.8018327605956554,21982811.0
600143,20230426,8.62,8.88,8.62,8.76,0.0999999999999996,1.1547344110854452,14125936.0
600143,20230427,8.81,8.95,8.74,8.87,0.1099999999999994,1.255707762557079,10318892.0
600143,20230428,8.89,8.99,8.82,8.91,0.0400000000000009,0.4509582863585271,12755970.0
600143,20230504,8.81,8.97,8.81,8.91,0.0,0.0,10161352.0
600143,20230505,8.9,8.94,8.76,8.91,0.0,0.0,11579414.0
600143,20230508,8.91,8.94,8.85,8.9,-0.0099999999999997,-0.1122334455667783,13286381.0
600143,20230509,8.9,8.9,8.75,8.77,-0.1300000000000007,-1.4606741573033766,13525574.0
600143,20230510,8.78,8.9,8.75,8.89,0.120000000000001,1.3683010262257822,8325949.0
600143,20230511,8.93,8.93,8.79,8.86,-0.0300000000000011,-0.3374578177727905,8777972.0
600143,20230512,8.84,8.89,8.8,8.84,-0.0199999999999995,-0.225733634311509,4785300.0
600143,20230515,8.82,8.91,8.77,8.89,0.0500000000000007,0.5656108597285048,9220676.0
600143,20230516,8.89,8.89,8.8,8.85,-0.0400000000000009,-0.4499437570303799,6517002.0
600143,20230517,8.83,8.9,8.83,8.88,0.0300000000000011,0.3389830508474745,6581203.0
600143,20230518,8.89,8.91,8.8,8.8,-0.08,-0.9009009009009028,7658723.0
600143,20230519,8.79,8.85,8.73,8.85,0.0499999999999989,0.5681818181818121,6681400.0
600143,20230522,8.84,8.92,8.8,8.9,0.0500000000000007,0.5649717514124353,9150836.0
600143,20230523,8.91,9.15,8.85,9.03,0.129999999999999,1.4606741573033544,17663719.0
600143,20230524,9.03,9.03,8.93,8.96,-0.0699999999999985,-0.7751937984495916,8214318.0
600143,20230525,8.96,9.02,8.82,8.88,-0.08,-0.8928571428571397,9242000.0
600143,20230526,8.87,8.9,8.74,8.86,-0.0200000000000013,-0.2252252252252451,8135700.0
600143,20230529,8.85,8.88,8.67,8.68,-0.1799999999999997,-2.0316027088036037,11091492.0
600143,20230530,8.7,8.72,8.5,8.58,-0.0999999999999996,-1.1520737327188946,12205460.0
600143,20230531,8.56,8.57,8.5,8.51,-0.0700000000000002,-0.815850815850816,7067695.0
600143,20230601,8.51,8.61,8.5,8.56,0.0500000000000007,0.5875440658049458,8228656.0
600143,20230602,8.56,8.76,8.56,8.74,0.1799999999999997,2.102803738317749,9474059.0
600143,20230605,8.74,8.86,8.7,8.84,0.0999999999999996,1.1441647597253857,8960904.0
600143,20230606,8.84,8.88,8.73,8.77,-0.0700000000000002,-0.7918552036199178,8594081.0
600143,20230607,8.78,8.8,8.7,8.72,-0.0499999999999989,-0.5701254275940593,5040851.0
600143,20230608,8.72,8.78,8.66,8.69,-0.0300000000000011,-0.3440366972477182,8203790.0
600143,20230609,8.55,8.55,8.4,8.41,-0.2799999999999993,-3.2220943613348596,7811427.0
600143,20230612,8.43,8.67,8.4,8.65,0.2400000000000002,2.853745541022601,11167748.0
600143,20230613,8.65,8.69,8.56,8.63,-0.0199999999999995,-0.2312138728323698,7278985.0
600143,20230614,8.63,8.67,8.59,8.63,0.0,0.0,6445122.0
600143,20230615,8.65,8.73,8.62,8.72,0.0899999999999998,1.0428736964078755,8255416.0
600143,20230616,8.7,8.78,8.69,8.72,0.0,0.0,8525784.0
600143,20230619,8.69,8.74,8.64,8.65,-0.0700000000000002,-0.8027522935779796,7437701.0
600143,20230620,8.62,8.69,8.6,8.61,-0.0400000000000009,-0.4624277456647507,6099900.0
600143,20230621,8.61,8.66,8.52,8.54,-0.0700000000000002,-0.8130081300813052,6878249.0
600143,20230626,8.58,8.59,8.41,8.41,-0.129999999999999,-1.5222482435597096,8435147.0
600143,20230627,8.43,8.66,8.41,8.58,0.1699999999999999,2.021403091557672,9249040.0
600143,20230628,8.59,8.62,8.52,8.61,0.0299999999999993,0.3496503496503322,7765522.0
600143,20230629,8.62,8.65,8.56,8.59,-0.0199999999999995,-0.232288037166084,6794620.0
600143,20230630,8.58,8.73,8.56,8.73,0.1400000000000005,1.6298020954598424,11023166.0
600143,20230703,8.7,8.84,8.7,8.82,0.0899999999999998,1.0309278350515427,14015594.0
600143,20230704,8.83,8.84,8.76,8.84,0.0199999999999995,0.2267573696145053,9760387.0
600143,20230705,8.81,8.95,8.81,8.91,0.0700000000000002,0.7918552036199067,12389002.0
600143,20230706,8.89,8.93,8.83,8.85,-0.0600000000000005,-0.6734006734006814,10371629.0
600143,20230707,8.82,8.9,8.77,8.82,-0.0299999999999993,-0.3389830508474523,8882710.0
600143,20230710,8.81,8.9,8.8,8.82,0.0,0.0,7761598.0
600143,20230711,8.83,8.9,8.8,8.89,0.0700000000000002,0.7936507936507908,7819528.0
600143,20230712,8.88,8.93,8.82,8.84,-0.0500000000000007,-0.5624296962879693,6450985.0
600143,20230713,8.89,8.94,8.83,8.91,0.0700000000000002,0.7918552036199067,10221901.0
600143,20230714,8.93,8.94,8.86,8.88,-0.0299999999999993,-0.336700336700324,6538836.0
600143,20230717,8.87,8.93,8.82,8.91,0.0299999999999993,0.3378378378378288,7002479.0
600143,20230718,8.91,9.01,8.87,8.99,0.08,0.8978675645342271,9614079.0
600143,20230719,8.99,9.02,8.91,8.96,-0.0299999999999993,-0.3337041156840858,6474349.0
600143,20230720,8.97,9.04,8.91,8.93,-0.0300000000000011,-0.3348214285714412,8277954.0
600143,20230721,8.92,9.0,8.9,8.93,0.0,0.0,6186218.0
600143,20230724,8.91,8.96,8.86,8.89,-0.0399999999999991,-0.4479283314669513,5360118.0
600143,20230725,9.0,9.03,8.94,9.01,0.1199999999999992,1.3498312710910954,8654259.0
600143,20230726,8.99,9.03,8.94,8.96,-0.0499999999999989,-0.5549389567147456,7490470.0
600143,20230727,8.98,9.05,8.94,8.96,0.0,0.0,7765612.0
600143,20230728,8.95,9.03,8.91,9.02,0.0599999999999987,0.6696428571428381,6779100.0
600143,20230731,9.02,9.16,9.02,9.11,0.0899999999999998,0.9977827050997812,12343421.0
600143,20230801,9.12,9.14,9.07,9.13,0.0200000000000013,0.2195389681668658,7969964.0
600143,20230802,9.13,9.14,9.03,9.08,-0.0500000000000007,-0.5476451259583848,8337363.0
600143,20230803,9.1,9.11,9.02,9.06,-0.0199999999999995,-0.2202643171806073,6667329.0
600143,20230804,9.1,9.14,9.05,9.06,0.0,0.0,8662100.0
600143,20230807,9.07,9.07,8.89,8.92,-0.1400000000000005,-1.5452538631346655,11853050.0
600143,20230808,8.92,8.97,8.84,8.93,0.0099999999999997,0.1121076233183915,7772552.0
600143,20230809,8.93,8.93,8.83,8.85,-0.08,-0.895856662933936,6424893.0
600143,20230810,8.82,8.92,8.82,8.89,0.0400000000000009,0.4519774011299438,5336907.0
600143,20230811,8.92,8.92,8.66,8.68,-0.2100000000000008,-2.3622047244094557,11853635.0
600143,20230814,8.66,8.66,8.54,8.6,-0.08,-0.9216589861751112,9128861.0
600143,20230815,8.61,8.65,8.5,8.56,-0.0399999999999991,-0.4651162790697549,6735100.0
600143,20230816,8.56,8.64,8.55,8.58,0.0199999999999995,0.2336448598130758,5639066.0
600143,20230817,8.56,8.56,8.45,8.53,-0.0500000000000007,-0.5827505827505908,7919803.0
600143,20230818,8.53,8.59,8.42,8.43,-0.0999999999999996,-1.1723329425556872,6444300.0
600143,20230821,8.42,8.52,8.37,8.37,-0.0600000000000005,-0.7117437722420017,8655896.0
600143,20230822,8.38,8.48,8.22,8.31,-0.0599999999999987,-0.7168458781361853,12240355.0
600143,20230823,8.31,8.36,8.23,8.24,-0.0700000000000002,-0.8423586040914643,7941981.0
600143,20230824,8.24,8.35,8.23,8.25,0.0099999999999997,0.1213592233009652,7197690.0
600143,20230825,8.23,8.38,8.2,8.28,0.0299999999999993,0.363636363636366,7731298.0
600143,20230828,8.66,8.69,8.2,8.23,-0.0499999999999989,-0.6038647342995085,15415199.0
600143,20230829,8.12,8.3,8.1,8.29,0.0599999999999987,0.7290400972053357,18482734.0
600143,20230830,8.27,8.3,8.12,8.14,-0.1499999999999985,-1.8094089264173552,15289845.0
600143,20230831,8.12,8.14,7.89,7.93,-0.2100000000000008,-2.579852579852593,18458626.0
600143,20230901,7.93,8.12,7.93,8.03,0.0999999999999996,1.261034047919285,11694564.0
600143,20230904,8.04,8.21,8.02,8.18,0.1500000000000003,1.8679950186799577,14159841.0
600143,20230905,8.2,8.22,8.12,8.18,0.0,0.0,7519025.0
600143,20230906,8.21,8.21,8.11,8.19,0.0099999999999997,0.1222493887530484,8219900.0
600143,20230907,8.17,8.19,8.05,8.05,-0.1399999999999988,-1.7094017094016922,9151900.0
600143,20230908,8.05,8.08,8.0,8.04,-0.0100000000000015,-0.1242236024844967,6585201.0
600143,20230911,8.05,8.24,8.03,8.19,0.1500000000000003,1.8656716417910555,12460202.0
600143,20230912,8.18,8.25,8.15,8.23,0.0400000000000009,0.4884004884005088,9260660.0
600143,20230913,8.27,8.27,8.09,8.12,-0.1100000000000012,-1.3365735115431487,8537800.0
600143,20230914,8.13,8.2,8.08,8.14,0.0200000000000013,0.2463054187192392,5391199.0
600143,20230915,8.13,8.18,8.06,8.18,0.0399999999999991,0.4914004914004843,9440520.0
600143,20230918,8.1,8.13,7.97,8.1,-0.08,-0.9779951100244544,10151473.0
600143,20230919,8.1,8.1,8.0,8.06,-0.0399999999999991,-0.4938271604938204,7182101.0
600143,20230920,8.05,8.1,8.02,8.02,-0.0400000000000009,-0.4962779156327701,5114287.0
600143,20230921,8.0,8.05,7.95,7.98,-0.0399999999999991,-0.4987531172069737,6426450.0
600143,20230922,7.96,8.1,7.96,8.08,0.0999999999999996,1.2531328320801949,6390400.0
600143,20230925,8.08,8.08,8.02,8.05,-0.0299999999999993,-0.3712871287128605,5795805.0
600143,20230926,8.06,8.07,7.95,7.96,-0.0900000000000007,-1.1180124223602594,6586590.0
600143,20230927,7.96,8.04,7.94,7.99,0.0300000000000002,0.376884422110546,5680900.0
600143,20230928,7.98,8.04,7.98,7.99,0.0,0.0,5465030.0
600143,20231009,7.99,8.01,7.92,7.94,-0.0499999999999998,-0.6257822277847325,8635023.0
600143,20231010,7.95,7.99,7.85,7.86,-0.08,-1.0075566750629703,7672865.0
600143,20231011,7.86,7.93,7.85,7.87,0.0099999999999997,0.127226463104324,7343625.0
600143,20231012,7.9,8.07,7.89,8.04,0.169999999999999,2.1601016518424165,12721137.0
600143,20231013,8.06,8.11,8.01,8.06,0.0200000000000013,0.2487562189054992,8362152.0
600143,20231016,8.05,8.08,7.88,7.9,-0.1600000000000001,-1.985111662531014,11358652.0
600143,20231017,7.89,7.93,7.86,7.9,0.0,0.0,6486595.0
600143,20231018,7.9,7.9,7.78,7.8,-0.1000000000000005,-1.265822784810133,6934969.0
600143,20231019,7.78,7.79,7.64,7.66,-0.1399999999999996,-1.7948717948717885,8341300.0
600143,20231020,7.64,7.78,7.6,7.68,0.0199999999999995,0.2610966057441155,7490629.0
600143,20231023,7.68,7.69,7.3,7.42,-0.2599999999999998,-3.385416666666663,10142614.0
600143,20231024,7.49,7.55,7.37,7.5,0.08,1.0781671159029615,8941119.0
600143,20231025,7.52,7.61,7.45,7.45,-0.0499999999999998,-0.6666666666666599,11489552.0
600143,20231026,7.43,7.43,7.2,7.33,-0.1200000000000001,-1.6107382550335614,16403163.0
600143,20231027,7.26,7.58,7.22,7.53,0.2000000000000001,2.7285129604365688,16910980.0
600143,20231030,7.56,7.64,7.52,7.63,0.0999999999999996,1.3280212483399725,9650242.0
600143,20231031,7.65,7.78,7.62,7.68,0.0499999999999998,0.6553079947575258,9871200.0
600143,20231101,7.69,7.76,7.66,7.75,0.0700000000000002,0.911458333333348,8640500.0
600143,20231102,7.78,7.8,7.61,7.62,-0.1299999999999999,-1.677419354838705,10363600.0
600143,20231103,7.67,7.74,7.62,7.69,0.0700000000000002,0.9186351706036876,7469162.0
600143,20231106,7.75,7.87,7.72,7.85,0.1599999999999992,2.0806241872561637,12640718.0
600143,20231107,7.85,7.87,7.77,7.84,-0.0099999999999997,-0.1273885350318471,7757300.0
600143,20231108,7.87,7.87,7.74,7.78,-0.0599999999999996,-0.7653061224489721,7964850.0
600143,20231109,7.79,7.87,7.77,7.78,0.0,0.0,7592182.0
600143,20231110,7.77,7.77,7.71,7.72,-0.0600000000000005,-0.7712082262210873,5664295.0
600143,20231113,7.72,7.81,7.6,7.78,0.0600000000000005,0.7772020725388629,13092103.0
600143,20231114,7.77,7.83,7.74,7.76,-0.0200000000000004,-0.2570694087403624,8570602.0
600143,20231115,7.81,8.15,7.78,8.06,0.3000000000000007,3.865979381443307,30578234.0
600143,20231116,8.05,8.06,7.88,7.89,-0.1700000000000008,-2.1091811414392203,16968924.0
600143,20231117,7.85,8.03,7.85,7.95,0.0600000000000005,0.7604562737642651,12595134.0
600143,20231120,7.97,8.0,7.85,7.93,-0.0200000000000004,-0.2515723270440362,11979727.0
600143,20231121,7.94,7.98,7.87,7.9,-0.0299999999999993,-0.3783102143757766,8676179.0
600143,20231122,7.88,7.92,7.8,7.8,-0.1000000000000005,-1.265822784810133,7546110.0
600143,20231123,7.81,7.86,7.79,7.84,0.04,0.512820512820511,7598920.0
600143,20231124,7.84,7.85,7.74,7.76,-0.08,-1.0204081632653073,8553835.0
600143,20231127,7.74,7.78,7.65,7.71,-0.0499999999999998,-0.6443298969072142,7840897.0
600143,20231128,7.71,7.73,7.62,7.73,0.0200000000000004,0.2594033722438382,7984092.0
600143,20231129,7.73,7.73,7.61,7.62,-0.1100000000000003,-1.4230271668822847,6104110.0
600143,20231130,7.62,7.65,7.52,7.57,-0.0499999999999998,-0.6561679790026198,6950302.0
600143,20231201,7.55,7.62,7.51,7.52,-0.0500000000000007,-0.6605019815059565,8411689.0
600143,20231204,7.54,7.56,7.48,7.51,-0.0099999999999997,-0.1329787234042534,8399500.0
600143,20231205,7.52,7.52,7.38,7.39,-0.1200000000000001,-1.5978695073235685,8616905.0
600143,20231206,7.45,7.55,7.42,7.48,0.0900000000000007,1.2178619756427755,10966140.0
600143,20231207,7.48,7.63,7.41,7.59,0.1099999999999994,1.4705882352941124,14774556.0
600143,20231208,7.61,7.7,7.57,7.63,0.04,0.5270092226614009,15290699.0
600143,20231211,7.61,7.86,7.5,7.82,0.1900000000000004,2.490170380078638,16777899.0
600143,20231212,7.82,7.84,7.69,7.73,-0.0899999999999998,-1.1508951406649648,9116460.0
600143,20231213,7.73,7.8,7.7,7.72,-0.0100000000000006,-0.1293661060802198,7437488.0
600143,20231214,7.75,7.79,7.67,7.68,-0.04,-0.5181347150259086,6162828.0
600143,20231215,7.7,7.75,7.61,7.62,-0.0599999999999996,-0.78125,7437246.0
600143,20231218,7.65,7.66,7.5,7.53,-0.0899999999999998,-1.1811023622047223,6919216.0
600143,20231219,7.5,7.71,7.46,7.57,0.04,0.5312084993359889,10933686.0
600143,20231220,7.61,7.9,7.61,7.81,0.2399999999999993,3.1704095112285335,29558706.0
600143,20231221,7.7,7.7,7.41,7.51,-0.2999999999999998,-3.8412291933418663,32263523.0
600143,20231222,7.49,7.91,7.36,7.84,0.33,4.394141145139807,52607895.0
600143,20231225,7.78,7.81,7.64,7.7,-0.1399999999999996,-1.7857142857142794,31306224.0
600143,20231226,7.68,8.0,7.58,7.96,0.2599999999999998,3.376623376623366,53014515.0
600143,20231227,7.88,7.94,7.78,7.91,-0.0499999999999998,-0.6281407035175879,31984829.0
600143,20231228,7.93,8.01,7.81,7.91,0.0,0.0,39138611.0
600143,20231229,7.87,8.06,7.82,7.99,0.08,1.0113780025284402,44195858.0
600143,20240102,7.97,8.02,7.87,7.89,-0.1000000000000005,-1.251564455569465,30862961.0
600143,20240103,7.84,7.88,7.7,7.76,-0.1299999999999999,-1.6476552598225558,28219221.0
600143,20240104,7.75,7.75,7.6,7.62,-0.1399999999999996,-1.8041237113402,19034553.0
600143,20240105,7.6,7.68,7.49,7.51,-0.1100000000000003,-1.4435695538057791,16020200.0
600143,20240108,7.47,7.54,7.42,7.46,-0.0499999999999998,-0.665778961384822,13001821.0
600143,20240109,7.48,7.56,7.4,7.45,-0.0099999999999997,-0.1340482573726542,12434713.0
600143,20240110,7.44,7.47,7.3,7.35,-0.1000000000000005,-1.34228187919464,11913195.0
600143,20240111,7.35,7.44,7.31,7.42,0.0700000000000002,0.952380952380949,12398893.0
600143,20240112,7.39,7.5,7.38,7.41,-0.0099999999999997,-0.1347708894878674,11244959.0
600143,20240115,7.36,7.4,7.22,7.22,-0.1900000000000004,-2.564102564102566,15827604.0
600143,20240116,7.2,7.27,7.12,7.19,-0.0299999999999993,-0.4155124653739572,12453092.0
600143,20240117,7.15,7.17,7.02,7.02,-0.1700000000000008,-2.364394993045904,11124408.0
600143,20240118,7.0,7.02,6.77,7.01,-0.0099999999999997,-0.1424501424501345,18748179.0
600143,20240119,6.97,7.05,6.91,6.91,-0.0999999999999996,-1.4265335235377985,7721176.0
600143,20240122,6.92,6.96,6.6,6.6,-0.3100000000000005,-4.486251808972508,13406534.0
600143,20240123,6.58,6.71,6.51,6.67,0.0700000000000002,1.060606060606073,11048501.0
600143,20240124,6.7,6.75,6.51,6.74,0.0700000000000002,1.0494752623688264,10646771.0
600143,20240125,6.75,6.9,6.71,6.89,0.1499999999999994,2.2255192878338104,12973137.0
600143,20240126,6.88,6.98,6.85,6.87,-0.0199999999999995,-0.2902757619738683,11129875.0
600143,20240129,6.87,6.92,6.73,6.77,-0.1000000000000005,-1.455604075691419,10093502.0
600143,20240130,6.48,6.53,6.21,6.33,-0.4399999999999995,-6.499261447562765,21450938.0
600143,20240131,6.27,6.35,6.17,6.17,-0.1600000000000001,-2.5276461295418717,14511753.0
600143,20240201,6.15,6.29,6.06,6.2,0.0300000000000002,0.4862236628849326,13259847.0
600143,20240202,6.2,6.26,5.9,6.08,-0.1200000000000001,-1.9354838709677469,18194434.0
600143,20240205,6.04,6.23,5.63,6.21,0.1299999999999999,2.1381578947368363,27134521.0
600143,20240206,6.16,6.68,6.05,6.64,0.4299999999999997,6.92431561996778,24306125.0
600143,20240207,6.64,7.28,6.59,7.25,0.6100000000000003,9.18674698795181,47420996.0
600143,20240208,7.28,7.68,7.22,7.23,-0.0199999999999995,-0.2758620689655155,42765186.0
600143,20240219,7.36,7.36,7.04,7.11,-0.1200000000000001,-1.6597510373444035,24584549.0
600143,20240220,7.08,7.13,7.01,7.07,-0.04,-0.5625879043600568,16091008.0
600143,20240221,7.07,7.23,7.04,7.07,0.0,0.0,19765400.0
600143,20240222,7.04,7.1,6.97,7.06,-0.0100000000000006,-0.1414427157001463,16660800.0
600143,20240223,7.07,7.08,6.97,7.04,-0.0199999999999995,-0.2832861189801638,15912938.0
600143,20240226,7.03,7.14,6.97,7.06,0.0199999999999995,0.2840909090908949,18566463.0
600143,20240227,7.0,7.28,6.99,7.27,0.2099999999999999,2.974504249291776,32727696.0
600143,20240228,7.2,7.35,7.03,7.03,-0.2399999999999993,-3.301237964236581,33294000.0
600143,20240229,7.03,7.19,7.03,7.18,0.1499999999999994,2.1337126600284417,19535230.0
600143,20240301,7.2,7.32,7.16,7.18,0.0,0.0,17380939.0
600143,20240304,7.19,7.23,7.04,7.07,-0.1099999999999994,-1.532033426183832,16443088.0
600143,20240305,7.06,7.07,6.98,7.0,-0.0700000000000002,-0.990099009900991,14629964.0
600143,20240306,7.02,7.15,7.0,7.06,0.0599999999999996,0.8571428571428452,12633842.0
600143,20240307,7.11,7.15,7.02,7.02,-0.04,-0.5665722379603388,11981419.0
600143,20240308,7.02,7.06,6.96,7.03,0.0100000000000006,0.1424501424501567,10166697.0
600143,20240311,7.04,7.17,7.04,7.17,0.1399999999999996,1.9914651493598832,14441989.0
600143,20240312,7.17,7.2,7.1,7.18,0.0099999999999997,0.1394700139470073,12314700.0
600143,20240313,7.17,7.18,7.08,7.1,-0.08,-1.11420612813371,11716849.0
600143,20240314,7.08,7.19,7.03,7.07,-0.0299999999999993,-0.4225352112675939,12225391.0
600143,20240315,7.05,7.16,7.0,7.14,0.0699999999999994,0.990099009900991,15404491.0
600143,20240318,7.15,7.25,7.12,7.25,0.1100000000000003,1.540616246498594,18328500.0
600143,20240319,7.27,7.28,7.19,7.2,-0.0499999999999998,-0.6896551724137945,11966734.0
600143,20240320,7.19,7.23,7.16,7.2,0.0,0.0,10295407.0
600143,20240321,7.2,7.24,7.11,7.14,-0.0600000000000005,-0.8333333333333415,11352805.0
600143,20240322,7.15,7.19,7.0,7.01,-0.1299999999999999,-1.82072829131652,17968798.0
600143,20240325,7.0,7.03,6.84,6.84,-0.1699999999999999,-2.4251069900142697,19480270.0
600143,20240326,6.84,6.94,6.81,6.91,0.0700000000000002,1.023391812865504,12830174.0
600143,20240327,6.9,6.94,6.78,6.78,-0.1299999999999999,-1.881331403762665,11160387.0
600143,20240328,6.77,6.96,6.75,6.87,0.0899999999999998,1.327433628318575,11190770.0
600143,20240329,6.88,6.93,6.84,6.91,0.04,0.5822416302765587,7674531.0
600143,20240401,6.94,7.16,6.91,7.15,0.2400000000000002,3.47322720694645,21128397.0
600143,20240402,7.16,7.25,7.14,7.23,0.08,1.118881118881121,20944219.0
600143,20240403,7.24,7.33,7.21,7.27,0.0399999999999991,0.5532503457814641,16601950.0
600143,20240408,7.28,7.36,7.15,7.17,-0.0999999999999996,-1.375515818431905,18228271.0
600143,20240409,7.2,7.29,7.17,7.25,0.08,1.115760111576014,11669300.0
600143,20240410,7.27,7.27,7.13,7.19,-0.0599999999999996,-0.8275862068965467,9905110.0
600143,20240411,7.13,7.26,7.11,7.18,-0.0100000000000006,-0.1390820584144747,10643020.0
600143,20240412,7.15,7.2,7.1,7.11,-0.0699999999999994,-0.974930362116988,10413520.0
600143,20240415,7.09,7.18,6.96,7.05,-0.0600000000000005,-0.8438818565400963,15780573.0
600143,20240416,7.0,7.14,6.84,6.84,-0.2099999999999999,-2.978723404255323,19601373.0
600143,20240417,6.94,7.16,6.91,7.14,0.2999999999999998,4.385964912280693,17750618.0
600143,20240418,7.14,7.22,7.04,7.12,-0.0199999999999995,-0.2801120448179262,15697702.0
600143,20240419,7.11,7.26,7.09,7.22,0.0999999999999996,1.404494382022459,16746625.0
600143,20240422,7.24,7.28,7.13,7.13,-0.0899999999999998,-1.2465373961218829,14861498.0
600143,20240423,7.15,7.18,7.0,7.0,-0.1299999999999999,-1.8232819074333828,14960160.0
600143,20240424,7.0,7.06,6.93,7.06,0.0599999999999996,0.8571428571428452,11776920.0
600143,20240425,7.05,7.25,7.02,7.19,0.1300000000000007,1.841359773371121,15009260.0
600143,20240426,7.15,7.27,7.15,7.26,0.0699999999999994,0.9735744089012456,16519800.0
600143,20240429,7.27,7.52,7.26,7.48,0.2200000000000006,3.03030303030305,29245610.0
600143,20240430,7.4,7.48,7.3,7.46,-0.0200000000000004,-0.2673796791443861,20250360.0
600143,20240506,7.59,7.63,7.52,7.56,0.0999999999999996,1.3404825737265424,23885844.0
600143,20240507,7.59,7.7,7.59,7.65,0.0900000000000007,1.1904761904762085,20710129.0
600143,20240508,7.65,7.69,7.55,7.62,-0.0300000000000002,-0.3921568627450966,16458100.0
600143,20240509,7.61,7.79,7.61,7.73,0.1100000000000003,1.4435695538057791,16931868.0
600143,20240510,7.75,7.79,7.67,7.71,-0.0200000000000004,-0.2587322121604174,11659901.0
600143,20240513,7.71,7.71,7.57,7.63,-0.08,-1.037613488975353,13979600.0
600143,20240514,7.67,7.72,7.6,7.6,-0.0300000000000002,-0.3931847968545288,10070435.0
600143,20240515,7.58,7.62,7.5,7.51,-0.0899999999999998,-1.1842105263157876,10856096.0
600143,20240516,7.52,7.59,7.46,7.49,-0.0199999999999995,-0.2663115845539243,10377161.0
600143,20240517,7.49,7.68,7.48,7.68,0.1899999999999995,2.5367156208277564,14091836.0
600143,20240520,7.72,7.84,7.66,7.68,0.0,0.0,15727680.0
600143,20240521,7.66,7.68,7.53,7.56,-0.1200000000000001,-1.5625,10321600.0
600143,20240522,7.56,7.62,7.51,7.55,-0.0099999999999997,-0.1322751322751281,8275641.0
600143,20240523,7.52,7.55,7.37,7.39,-0.1600000000000001,-2.119205298013249,12263836.0
600143,20240524,7.4,7.48,7.36,7.38,-0.0099999999999997,-0.135317997293638,8725624.0
600143,20240527,7.4,7.46,7.31,7.45,0.0700000000000002,0.9485094850948615,10338900.0
600143,20240528,7.46,7.46,7.31,7.32,-0.1299999999999999,-1.744966442953022,10268680.0
600143,20240529,7.32,7.45,7.29,7.34,0.0199999999999995,0.2732240437158362,8688631.0
600143,20240530,7.36,7.43,7.3,7.36,0.0200000000000004,0.2724795640327127,9368795.0
600143,20240531,7.37,7.46,7.35,7.35,-0.0100000000000006,-0.1358695652174057,8831400.0
600143,20240603,7.31,7.35,7.16,7.21,-0.1399999999999996,-1.904761904761898,11924300.0
600143,20240604,7.19,7.3,7.12,7.29,0.08,1.109570041608876,11788220.0
600143,20240605,7.29,7.29,7.18,7.18,-0.1100000000000003,-1.5089163237311465,7968801.0
600143,20240606,7.21,7.24,7.09,7.13,-0.0499999999999998,-0.696378830083566,11034050.0
600143,20240607,7.16,7.24,7.1,7.12,-0.0099999999999997,-0.1402524544179439,12819244.0
600143,20240611,7.11,7.15,7.02,7.09,-0.0300000000000002,-0.4213483146067398,10318733.0
600143,20240612,7.09,7.14,6.98,6.98,-0.1099999999999994,-1.5514809590973069,13664142.0
600143,20240613,6.97,7.0,6.84,6.87,-0.1100000000000003,-1.5759312320916985,13075500.0
600143,20240614,6.87,6.95,6.81,6.92,0.0499999999999998,0.727802037845704,12764752.0
600143,20240617,6.91,7.02,6.87,6.99,0.0700000000000002,1.0115606936416333,11542300.0
600143,20240618,7.0,7.12,6.99,7.07,0.08,1.1444921316166037,10551980.0
600143,20240619,7.11,7.13,6.97,6.98,-0.0899999999999998,-1.2729844413012723,8290600.0
600143,20240620,6.98,7.03,6.81,6.82,-0.1600000000000001,-2.2922636103151928,9832600.0
600143,20240621,6.8,6.91,6.79,6.84,0.0199999999999995,0.2932551319648091,7763460.0
600143,20240624,6.79,6.82,6.56,6.65,-0.1899999999999995,-2.777777777777768,12635700.0
600143,20240625,6.65,6.76,6.64,6.67,0.0199999999999995,0.3007518796992459,10205575.0
600143,20240626,6.69,6.81,6.6,6.81,0.1399999999999996,2.0989505247376306,8660950.0
600143,20240627,6.81,6.81,6.64,6.67,-0.1399999999999996,-2.05580029368575,9998000.0
600143,20240628,6.66,6.74,6.6,6.61,-0.0599999999999996,-0.8995502248875464,9908800.0
600143,20240701,6.62,6.68,6.55,6.64,0.0299999999999993,0.4538577912253982,9976583.0
600143,20240702,6.65,6.67,6.42,6.48,-0.1599999999999992,-2.409638554216853,14731900.0
600143,20240703,6.47,6.54,6.44,6.45,-0.0300000000000002,-0.462962962962965,7345200.0
600143,20240704,6.45,6.49,6.3,6.3,-0.1500000000000003,-2.3255813953488413,11046665.0
600143,20240705,6.3,6.33,6.19,6.24,-0.0599999999999996,-0.952380952380949,10369606.0
600143,20240708,6.25,6.25,6.01,6.05,-0.1900000000000004,-3.0448717948718063,15283100.0
600143,20240709,6.04,6.17,5.95,6.14,0.0899999999999998,1.4876033057851237,15800000.0
600143,20240710,6.05,6.13,6.0,6.03,-0.1099999999999994,-1.7915309446253969,9247863.0
600143,20240711,6.1,6.29,6.09,6.24,0.2099999999999999,3.482587064676612,13282491.0
600143,20240712,6.25,6.34,6.21,6.32,0.08,1.2820512820512775,11671832.0
600143,20240715,6.35,6.36,6.22,6.26,-0.0600000000000005,-0.9493670886076,9400000.0
600143,20240716,6.25,6.28,6.19,6.23,-0.0299999999999993,-0.4792332268370503,8418700.0
600143,20240717,6.24,6.25,6.14,6.17,-0.0600000000000005,-0.9630818619582704,8198101.0
600143,20240718,6.16,6.19,6.08,6.18,0.0099999999999997,0.1620745542949775,7552900.0
600143,20240719,6.18,6.23,6.08,6.15,-0.0299999999999993,-0.4854368932038722,8713636.0
600143,20240722,6.15,6.17,6.04,6.09,-0.0600000000000005,-0.9756097560975728,8975031.0
600143,20240723,6.06,6.12,5.93,5.95,-0.1399999999999996,-2.298850574712641,10647587.0
600143,20240724,5.93,5.98,5.8,5.82,-0.1299999999999999,-2.1848739495798353,13680500.0
600143,20240725,5.79,5.98,5.77,5.9,0.08,1.3745704467353903,9136510.0
600143,20240726,5.93,6.05,5.93,6.04,0.1399999999999996,2.372881355932188,8998496.0
600143,20240729,6.16,6.22,6.04,6.06,0.0199999999999995,0.3311258278145601,16506100.0
600143,20240730,6.04,6.19,6.03,6.18,0.1200000000000001,1.980198019801982,11827418.0
600143,20240731,6.18,6.54,6.18,6.54,0.3600000000000003,5.825242718446599,22820612.0
600143,20240801,6.55,6.66,6.48,6.54,0.0,0.0,18664173.0
600143,20240802,6.49,6.62,6.48,6.52,-0.0200000000000004,-0.3058103975535187,14081479.0
600143,20240805,6.52,6.65,6.46,6.48,-0.0399999999999991,-0.6134969325153228,14889542.0
600143,20240806,6.55,6.65,6.52,6.64,0.1599999999999992,2.469135802469125,15760815.0
600143,20240807,6.63,6.68,6.54,6.66,0.0200000000000004,0.3012048192771122,12790900.0
600143,20240808,6.65,6.81,6.62,6.77,0.1099999999999994,1.6516516516516422,14788500.0
600143,20240809,6.78,6.94,6.78,6.82,0.0500000000000007,0.7385524372230501,17844600.0
600143,20240812,6.8,6.85,6.76,6.77,-0.0500000000000007,-0.7331378299120339,13385600.0
600143,20240813,6.8,6.86,6.72,6.86,0.0900000000000007,1.3293943870014813,10640100.0
600143,20240814,6.86,6.89,6.78,6.79,-0.0700000000000002,-1.0204081632653073,9373200.0
600143,20240815,6.76,6.9,6.75,6.89,0.0999999999999996,1.4727540500736325,12445602.0
600143,20240816,6.86,6.9,6.8,6.84,-0.0499999999999998,-0.7256894049346818,11914399.0
600143,20240819,6.82,6.92,6.8,6.85,0.0099999999999997,0.1461988304093608,11202233.0
600143,20240820,6.83,6.88,6.68,6.7,-0.1499999999999994,-2.1897810218978075,15718538.0
600143,20240821,6.72,6.79,6.68,6.77,0.0699999999999994,1.044776119402968,8940206.0
600143,20240822,6.77,6.82,6.71,6.73,-0.0399999999999991,-0.5908419497784201,8643400.0
600143,20240823,6.71,6.78,6.61,6.64,-0.0900000000000007,-1.3372956909361131,9120670.0
600143,20240826,6.65,6.76,6.64,6.74,0.1000000000000005,1.506024096385561,11878249.0
600143,20240827,6.92,7.12,6.91,7.04,0.2999999999999998,4.451038575667643,38481793.0
600143,20240828,7.01,7.24,7.01,7.22,0.1799999999999997,2.556818181818188,30602399.0
600143,20240829,7.22,7.42,7.18,7.39,0.1699999999999999,2.354570637119102,23634770.0
600143,20240830,7.39,7.41,7.21,7.33,-0.0599999999999996,-0.8119079837618393,29042874.0
600143,20240902,7.31,7.53,7.3,7.45,0.1200000000000001,1.6371077762619368,24216002.0
600143,20240903,7.43,7.68,7.41,7.61,0.1600000000000001,2.147651006711415,24926300.0
600143,20240904,7.6,7.64,7.53,7.54,-0.0700000000000002,-0.9198423127463884,15970600.0
600143,20240905,7.57,7.59,7.42,7.44,-0.0999999999999996,-1.3262599469495928,17837452.0
600143,20240906,7.45,7.49,7.28,7.28,-0.1600000000000001,-2.1505376344086,15278500.0
600143,20240909,7.3,7.35,7.24,7.27,-0.0100000000000006,-0.1373626373626479,16695701.0
600143,20240910,7.29,7.31,7.1,7.21,-0.0599999999999996,-0.8253094910591452,14366838.0
600143,20240911,7.21,7.28,7.13,7.19,-0.0199999999999995,-0.2773925104022079,11234400.0
600143,20240912,7.16,7.22,7.11,7.18,-0.0100000000000006,-0.1390820584144747,14592892.0
600143,20240913,7.18,7.28,7.14,7.21,0.0300000000000002,0.4178272980501329,22021402.0
600143,20240918,7.2,7.23,7.03,7.11,-0.0999999999999996,-1.386962552011095,16760600.0
600143,20240919,7.11,7.35,7.11,7.32,0.2099999999999999,2.9535864978903037,17151214.0
600143,20240920,7.16,7.32,6.97,7.27,-0.0500000000000007,-0.6830601092896238,25257140.0
600143,20240923,7.23,7.26,7.13,7.21,-0.0599999999999996,-0.8253094910591452,13541169.0
600143,20240924,7.22,7.4,7.21,7.38,0.1699999999999999,2.3578363384188616,18994977.0
600143,20240925,7.41,7.58,7.36,7.38,0.0,0.0,21021564.0
600143,20240926,7.38,7.55,7.35,7.54,0.1600000000000001,2.168021680216814,18347178.0
600143,20240927,7.64,7.82,7.63,7.79,0.25,3.315649867374004,20577786.0
600143,20240930,8.02,8.45,8.0,8.38,0.5900000000000007,7.573812580231065,64254189.0
600143,20241008,9.21,9.22,8.42,8.69,0.3099999999999987,3.699284009546533,85800350.0
600143,20241009,8.68,8.68,8.08,8.12,-0.5700000000000003,-6.559263521288838,55904853.0
600143,20241010,8.2,8.4,8.07,8.08,-0.0399999999999991,-0.4926108374384119,33384608.0
600143,20241011,8.06,8.15,7.87,7.93,-0.1500000000000003,-1.856435643564358,25629962.0
600143,20241014,7.94,8.07,7.87,8.0,0.0700000000000002,0.8827238335435084,21777180.0
600143,20241015,7.99,8.0,7.79,7.79,-0.2099999999999999,-2.6249999999999996,25261703.0
600143,20241016,7.75,7.99,7.72,7.89,0.0999999999999996,1.283697047496779,20194101.0
600143,20241017,7.93,7.98,7.78,7.79,-0.0999999999999996,-1.2674271229404233,18394334.0
600143,20241018,7.77,8.07,7.76,7.94,0.1500000000000003,1.9255455712451797,28571028.0
600143,20241021,7.96,8.05,7.89,7.97,0.0299999999999993,0.3778337531486153,28765781.0
600143,20241022,7.94,8.14,7.93,8.13,0.160000000000001,2.0075282308657627,25810104.0
600143,20241023,8.21,8.35,8.1,8.19,0.0599999999999987,0.7380073800737907,29448668.0
600143,20241024,8.16,8.21,8.08,8.16,-0.0299999999999993,-0.3663003663003539,14666854.0
600143,20241025,8.16,8.28,8.13,8.26,0.0999999999999996,1.225490196078427,20714617.0
600143,20241028,8.26,8.45,8.24,8.44,0.1799999999999997,2.1791767554479424,27876844.0
600143,20241029,8.5,8.51,8.15,8.17,-0.2699999999999996,-3.1990521327014187,30477531.0
600143,20241030,8.47,8.86,8.44,8.74,0.5700000000000003,6.976744186046524,74880405.0
600143,20241031,8.84,8.98,8.72,8.94,0.1999999999999993,2.2883295194507935,56912383.0
600143,20241101,8.94,8.97,8.74,8.81,-0.129999999999999,-1.4541387024608388,41419750.0
600143,20241104,8.82,8.92,8.7,8.79,-0.0200000000000013,-0.227014755959154,26822007.0
600143,20241105,8.8,8.96,8.8,8.93,0.1400000000000005,1.5927189988623525,35829629.0
600143,20241106,8.92,9.12,8.83,8.86,-0.0700000000000002,-0.7838745800671898,36212265.0
600143,20241107,8.87,8.98,8.8,8.97,0.1100000000000012,1.2415349887133331,30294640.0
600143,20241108,9.11,9.14,8.87,8.92,-0.0500000000000007,-0.5574136008918651,35533459.0
600143,20241111,8.9,8.96,8.81,8.91,-0.0099999999999997,-0.1121076233183804,28418843.0
600143,20241112,8.95,9.12,8.87,8.95,0.0399999999999991,0.4489337822671135,39155505.0
600143,20241113,8.94,9.03,8.84,8.96,0.0100000000000015,0.1117318435754466,23417628.0
600143,20241114,8.96,9.03,8.75,8.79,-0.1700000000000017,-1.8973214285714524,24961486.0
600143,20241115,8.73,8.84,8.66,8.68,-0.1099999999999994,-1.2514220705346912,23192809.0
600143,20241118,8.73,8.84,8.55,8.6,-0.08,-0.9216589861751112,24491880.0
600143,20241119,8.64,8.75,8.58,8.74,0.1400000000000005,1.6279069767441978,18843250.0
600143,20241120,8.75,8.85,8.69,8.8,0.0600000000000005,0.6864988558352492,18668422.0
600143,20241121,8.8,8.9,8.75,8.87,0.0699999999999985,0.7954545454545325,17877555.0
600143,20241122,8.86,8.91,8.53,8.54,-0.33,-3.7204058624577208,21828885.0
600143,20241125,8.6,8.74,8.51,8.61,0.0700000000000002,0.819672131147553,17267880.0
600143,20241126,8.61,8.63,8.52,8.54,-0.0700000000000002,-0.8130081300813052,14474210.0
600143,20241127,8.52,8.62,8.31,8.61,0.0700000000000002,0.819672131147553,21800328.0
600143,20241128,8.64,8.72,8.61,8.63,0.0200000000000013,0.2322880371661062,15412663.0
600143,20241129,8.62,8.74,8.57,8.68,0.0499999999999989,0.5793742757821407,17193300.0
600143,20241202,8.71,8.99,8.66,8.98,0.3000000000000007,3.456221198156695,34505602.0
600143,20241203,9.0,9.0,8.86,8.94,-0.0400000000000009,-0.4454342984409942,19190985.0
600143,20241204,8.93,8.94,8.76,8.77,-0.1699999999999999,-1.9015659955257225,17474700.0
600143,20241205,8.77,8.85,8.75,8.83,0.0600000000000005,0.68415051311288,12345905.0
600143,20241206,8.87,8.88,8.75,8.85,0.0199999999999995,0.2265005662514196,16437113.0
600143,20241209,8.84,8.99,8.82,8.92,0.0700000000000002,0.7909604519773961,23418211.0
600143,20241210,9.17,9.58,9.08,9.31,0.3900000000000005,4.372197309417047,95408574.0
600143,20241211,9.33,9.5,9.16,9.25,-0.0600000000000005,-0.6444683136412555,58087209.0
600143,20241212,9.19,9.2,9.02,9.09,-0.1600000000000001,-1.7297297297297345,41961130.0
600143,20241213,9.09,9.09,8.88,8.95,-0.1400000000000005,-1.5401540154015514,39570404.0
600143,20241216,8.92,8.96,8.75,8.8,-0.1499999999999985,-1.6759776536312665,28503266.0
600143,20241217,8.81,8.85,8.7,8.74,-0.0600000000000005,-0.6818181818181834,20979888.0
600143,20241218,8.75,8.78,8.6,8.62,-0.120000000000001,-1.3729977116704872,19867320.0
600143,20241219,8.54,8.61,8.46,8.57,-0.0499999999999989,-0.5800464037122866,23946512.0
600143,20241220,8.54,8.6,8.5,8.54,-0.0300000000000011,-0.3500583430571913,21174400.0
600143,20241223,8.55,8.57,8.17,8.18,-0.3599999999999994,-4.215456674473062,35149520.0
600143,20241224,8.51,8.88,8.42,8.48,0.3000000000000007,3.6674816625916984,57548915.0
600143,20241225,8.7,8.88,8.63,8.73,0.25,2.948113207547176,62111400.0
600143,20241226,8.79,9.33,8.62,9.17,0.4399999999999995,5.040091638029787,95149994.0
600143,20241227,9.25,9.31,8.89,8.92,-0.25,-2.726281352235549,74145872.0
600143,20241230,8.92,9.4,8.9,9.06,0.1400000000000005,1.5695067264574147,81618951.0
600143,20241231,9.03,9.1,8.62,8.64,-0.4199999999999999,-4.635761589403975,58011789.0
600143,20250102,8.61,8.64,8.22,8.33,-0.3100000000000005,-3.587962962962965,41221025.0
600143,20250103,8.37,8.39,7.96,7.99,-0.3399999999999998,-4.081632653061218,39473137.0
600143,20250106,7.99,8.13,7.9,8.08,0.0899999999999998,1.126408010012514,27610157.0
600143,20250107,8.1,8.13,7.93,8.11,0.0299999999999993,0.3712871287128605,22378460.0
600143,20250108,8.05,8.06,7.73,7.89,-0.2199999999999997,-2.7127003699136787,30412656.0
600143,20250109,7.82,8.16,7.81,8.03,0.1399999999999996,1.7743979721166037,27110400.0
600143,20250110,8.12,8.35,8.09,8.11,0.08,0.996264009962644,38718000.0
600143,20250113,8.02,8.24,7.96,8.16,0.0500000000000007,0.6165228113440335,30954013.0
600143,20250114,8.13,8.55,8.08,8.54,0.379999999999999,4.656862745098023,40112750.0
600143,20250115,8.58,8.97,8.57,8.62,0.08,0.936768149882905,51976780.0
600143,20250116,8.7,8.81,8.62,8.65,0.0300000000000011,0.348027842227383,26640995.0
600143,20250117,8.65,8.81,8.62,8.79,0.1399999999999988,1.6184971098265777,29084652.0
600143,20250120,8.85,8.93,8.75,8.79,0.0,0.0,28799008.0
600143,20250121,8.82,8.98,8.73,8.94,0.1500000000000003,1.7064846416382284,36105857.0
600143,20250122,8.89,9.01,8.81,8.95,0.0099999999999997,0.1118568232662209,28948391.0
600143,20250123,9.01,9.15,8.92,8.93,-0.0199999999999995,-0.2234636871508377,46831020.0
600143,20250124,9.1,9.26,9.04,9.18,0.25,2.799552071668532,59885099.0
600143,20250127,9.29,9.58,9.21,9.3,0.120000000000001,1.3071895424836777,75539952.0
600143,20250205,9.69,10.23,9.59,10.23,0.9299999999999996,9.999999999999986,191713738.0
600143,20250206,10.25,10.34,9.86,10.31,0.08,0.782013685239491,202056921.0
600143,20250207,10.28,10.82,10.07,10.7,0.3899999999999988,3.7827352085353816,236407517.0
600143,20250210,10.7,10.71,10.25,10.36,-0.3399999999999998,-3.1775700934579376,155442106.0
600143,20250211,10.26,10.5,10.08,10.13,-0.2299999999999986,-2.22007722007721,114314755.0
600143,20250212,10.23,10.53,10.19,10.35,0.2199999999999988,2.171767028627825,108532255.0
600143,20250213,10.5,10.65,10.21,10.24,-0.1099999999999994,-1.0628019323671412,103237938.0
600143,20250214,10.18,10.28,10.13,10.19,-0.0500000000000007,-0.4882812500000111,68940379.0
600143,20250217,10.2,10.39,10.14,10.37,0.1799999999999997,1.7664376840039298,93690085.0
600143,20250218,10.53,10.55,10.15,10.22,-0.1499999999999985,-1.4464802314368197,107326177.0
600143,20250219,10.78,11.24,10.63,11.24,1.0199999999999996,9.980430528375738,89288159.0
600143,20250220,12.36,12.36,12.36,12.36,1.1199999999999992,9.964412811387891,27601254.0
600143,20250221,13.6,13.6,12.96,13.39,1.0300000000000011,8.333333333333348,505794888.0
600143,20250224,13.39,14.46,13.1,13.81,0.4199999999999999,3.1366691560866355,407697509.0
600143,20250225,13.0,13.46,12.7,12.9,-0.91,-6.589427950760318,270145019.0
600143,20250226,12.9,13.46,12.6,12.99,0.0899999999999998,0.6976744186046435,262226648.0
600143,20250227,12.8,13.27,12.23,12.39,-0.5999999999999996,-4.618937644341803,209142802.0
600143,20250228,12.39,12.56,11.95,12.01,-0.3800000000000008,-3.0669895076674836,136529561.0
600143,20250303,12.2,12.5,11.84,12.14,0.1300000000000007,1.0824313072439695,118145681.0
600143,20250304,12.0,12.38,11.88,12.18,0.0399999999999991,0.3294892915980174,99578962.0
600143,20250305,12.14,12.36,12.09,12.26,0.08,0.6568144499178974,89946216.0
600143,20250306,12.36,13.04,12.26,12.87,0.6099999999999994,4.975530179445342,188901294.0
600143,20250307,12.76,12.76,12.33,12.48,-0.3899999999999988,-3.0303030303030165,125031047.0
600143,20250310,12.51,12.56,12.11,12.19,-0.2900000000000009,-2.3237179487179516,78547699.0
600143,20250311,11.95,12.32,11.91,12.22,0.0300000000000011,0.2461033634126419,67101560.0
600143,20250312,12.33,12.37,12.13,12.14,-0.08,-0.6546644844517169,62596187.0
600143,20250313,12.13,12.13,11.58,11.72,-0.4199999999999999,-3.4596375617792385,95538932.0
600143,20250314,11.62,11.95,11.58,11.91,0.1899999999999995,1.6211604095563104,66345222.0
600143,20250317,11.99,12.03,11.8,11.87,-0.0400000000000009,-0.3358522250209939,46121379.0
600143,20250318,11.88,12.06,11.88,11.98,0.1100000000000012,0.9267059814658918,51934592.0
600143,20250319,11.93,12.08,11.87,11.97,-0.0099999999999997,-0.0834724540901499,48916625.0
600143,20250320,11.97,12.3,11.88,12.12,0.1499999999999985,1.2531328320801949,86803093.0
600143,20250321,11.75,11.75,11.26,11.29,-0.8300000000000001,-6.848184818481851,115597432.0
600143,20250324,11.24,11.45,11.13,11.44,0.1500000000000003,1.3286093888396744,59278688.0
600143,20250325,11.4,11.43,11.16,11.23,-0.209999999999999,-1.8356643356643332,35790924.0
600143,20250326,11.18,11.4,11.18,11.23,0.0,0.0,29528803.0
600143,20250327,11.17,11.33,11.12,11.24,0.0099999999999997,0.0890471950133475,27039920.0
600143,20250328,11.24,11.28,11.11,11.13,-0.1099999999999994,-0.9786476868327344,25736720.0
600143,20250331,11.03,11.09,10.81,11.05,-0.08,-0.7187780772686447,41005875.0
600143,20250401,11.05,11.11,10.95,10.96,-0.0899999999999998,-0.8144796380090469,25594303.0
600143,20250402,10.97,11.09,10.95,11.06,0.0999999999999996,0.9124087591240836,27590986.0
600143,20250403,10.92,11.06,10.78,10.85,-0.2100000000000008,-1.8987341772152,27519321.0
600143,20250407,10.05,10.19,9.77,9.77,-1.08,-9.953917050691242,47786760.0
600143,20250408,9.33,9.65,9.15,9.49,-0.2799999999999993,-2.8659160696008157,82828312.0
600143,20250409,9.23,9.75,8.84,9.64,0.1500000000000003,1.5806111696522684,64961745.0
600143,20250410,9.8,10.16,9.79,9.93,0.2899999999999991,3.0082987551867113,59317760.0
600143,20250411,9.87,10.25,9.84,10.17,0.2400000000000002,2.4169184290030232,47571288.0
600143,20250414,10.28,10.37,10.15,10.18,0.0099999999999997,0.0983284169124854,36848700.0
600143,20250415,10.18,10.3,10.08,10.24,0.0600000000000005,0.5893909626719207,30354009.0
600143,20250416,10.22,10.29,9.94,10.1,-0.1400000000000005,-1.3671875,28166118.0
600143,20250417,10.05,10.22,10.01,10.06,-0.0399999999999991,-0.3960396039603853,20066700.0
600143,20250418,10.06,10.16,10.01,10.16,0.0999999999999996,0.994035785288272,22052560.0
600143,20250421,10.15,10.66,10.1,10.64,0.4800000000000004,4.7244094488189115,51352270.0
600143,20250422,10.7,10.7,10.32,10.41,-0.2300000000000004,-2.161654135338354,62004598.0
600143,20250423,10.58,10.81,10.47,10.67,0.2599999999999998,2.4975984630163373,62239962.0
600143,20250424,10.73,10.88,10.6,10.68,0.0099999999999997,0.0937207122774008,57722429.0
600143,20250425,10.72,11.1,10.72,10.77,0.0899999999999998,0.8426966292134797,71933727.0
600143,20250428,10.8,10.85,10.55,10.68,-0.0899999999999998,-0.835654596100277,42154285.0
600143,20250429,10.6,11.1,10.6,10.96,0.2800000000000011,2.621722846441954,71593699.0
600143,20250430,11.01,11.05,10.8,10.95,-0.0100000000000015,-0.0912408759124239,61791776.0
600143,20250506,11.03,11.11,10.92,11.11,0.1600000000000001,1.461187214611881,64350101.0
600143,20250507,11.19,11.24,11.01,11.15,0.0400000000000009,0.3600360036003724,60744606.0
600143,20250508,11.07,11.24,11.02,11.17,0.0199999999999995,0.1793721973094131,49840801.0
600143,20250509,11.12,11.13,10.86,11.0,-0.1699999999999999,-1.5219337511190645,43413872.0
600143,20250512,11.06,11.13,10.99,11.07,0.0700000000000002,0.6363636363636349,39763307.0
600143,20250513,11.18,11.2,10.96,10.98,-0.0899999999999998,-0.8130081300812941,34925519.0
600143,20250514,10.95,11.08,10.89,10.97,-0.0099999999999997,-0.091074681238612,35077188.0
600143,20250515,10.93,10.93,10.67,10.71,-0.2599999999999998,-2.370100273473108,39228430.0
600143,20250516,10.68,11.18,10.64,10.97,0.2599999999999998,2.42763772175536,59934945.0
600143,20250519,10.99,11.0,10.68,10.8,-0.1699999999999999,-1.5496809480401108,35478001.0
600143,20250520,10.8,10.8,10.67,10.77,-0.0300000000000011,-0.2777777777777879,25998838.0
600143,20250521,10.75,10.75,10.65,10.68,-0.0899999999999998,-0.835654596100277,23926315.0
600143,20250522,10.64,10.72,10.5,10.51,-0.1699999999999999,-1.5917602996254665,27756797.0
600143,20250523,10.5,10.73,10.46,10.47,-0.0399999999999991,-0.3805899143672575,26804731.0
600143,20250526,10.45,10.52,10.4,10.49,0.0199999999999995,0.1910219675262503,19745729.0
600143,20250527,10.5,10.5,10.31,10.36,-0.1300000000000007,-1.2392755004766554,20118232.0
600143,20250528,10.36,10.42,10.25,10.26,-0.0999999999999996,-0.9652509652509632,17415782.0
600143,20250529,10.23,10.49,10.23,10.41,0.1500000000000003,1.4619883040935644,22963929.0
600143,20250530,10.49,10.51,10.23,10.26,-0.1500000000000003,-1.4409221902017322,22937347.0
600143,20250603,10.15,10.24,10.1,10.2,-0.0600000000000005,-0.5847953216374324,18161351.0
600143,20250604,10.2,10.37,10.2,10.31,0.1100000000000012,1.078431372549038,17094210.0
600143,20250605,10.32,10.43,10.22,10.41,0.0999999999999996,0.9699321047526688,21883329.0
600143,20250606,10.42,10.47,10.32,10.34,-0.0700000000000002,-0.672430355427478,16358377.0
600143,20250609,10.34,10.45,10.32,10.37,0.0299999999999993,0.290135396518365,21892294.0
600143,20250610,10.39,10.41,10.08,10.21,-0.1599999999999983,-1.5429122468659462,26224555.0
600143,20250611,10.22,10.43,10.22,10.34,0.129999999999999,1.273261508325163,22893824.0
600143,20250612,10.39,10.48,10.26,10.32,-0.0199999999999995,-0.19342359767891,21259011.0
600143,20250613,10.27,10.29,10.1,10.14,-0.1799999999999997,-1.74418604651162,24395064.0
600143,20250616,10.07,10.2,10.05,10.18,0.0399999999999991,0.3944773175542426,15105183.0
600143,20250617,10.17,10.17,10.04,10.09,-0.0899999999999998,-0.8840864440078589,18532703.0
600143,20250618,10.0,10.04,9.95,10.03,-0.0600000000000005,-0.594648166501488,15360420.0
600143,20250619,10.0,10.12,9.9,9.94,-0.0899999999999998,-0.8973080757726848,20632360.0
600143,20250620,9.95,10.1,9.88,9.91,-0.0299999999999993,-0.3018108651911433,17292180.0
600143,20250623,9.81,9.96,9.79,9.92,0.0099999999999997,0.1009081735620531,18973600.0
600143,20250624,9.97,10.27,9.95,10.26,0.3399999999999998,3.427419354838701,37258722.0
600143,20250625,10.32,10.44,10.32,10.37,0.1099999999999994,1.0721247563352687,40221802.0
600143,20250626,10.39,10.47,10.28,10.28,-0.0899999999999998,-0.8678881388621051,33488302.0
600143,20250627,10.3,10.35,10.24,10.27,-0.0099999999999997,-0.0972762645914393,25292400.0
600143,20250630,10.27,10.34,10.23,10.31,0.0400000000000009,0.3894839337877487,24236116.0
600143,20250701,10.3,10.33,10.19,10.3,-0.0099999999999997,-0.0969932104752602,22691142.0
600143,20250702,10.3,10.3,10.2,10.28,-0.0200000000000013,-0.1941747572815622,16595570.0
600143,20250703,10.28,10.34,10.21,10.32,0.0400000000000009,0.3891050583657574,19590716.0
600143,20250704,10.37,10.41,10.26,10.28,-0.0400000000000009,-0.387596899224818,19722075.0
600143,20250707,10.23,10.28,10.2,10.23,-0.0499999999999989,-0.4863813229571856,15689280.0
600143,20250708,10.22,10.7,10.2,10.6,0.3699999999999992,3.616813294232646,67587673.0
600143,20250709,10.69,10.76,10.49,10.54,-0.0600000000000005,-0.5660377358490565,42024500.0
600143,20250710,10.58,10.6,10.42,10.48,-0.0599999999999987,-0.5692599620493288,22613615.0
600143,20250711,10.48,10.53,10.37,10.45,-0.0300000000000011,-0.2862595419847458,30644286.0
600143,20250714,10.47,10.66,10.43,10.63,0.1800000000000015,1.7224880382775254,41867754.0
600143,20250715,10.71,10.96,10.69,10.77,0.1399999999999988,1.3170272812793815,70287953.0
600143,20250716,10.83,10.89,10.72,10.8,0.0300000000000011,0.2785515320334442,41076801.0
600143,20250717,10.83,11.08,10.77,10.99,0.1899999999999995,1.7592592592592604,50956526.0
600143,20250718,10.95,11.05,10.87,10.92,-0.0700000000000002,-0.6369426751592355,38341754.0
600143,20250721,12.01,12.01,11.83,12.01,1.09,9.98168498168499,111010879.0
600143,20250722,12.84,12.84,12.06,12.3,0.2900000000000009,2.4146544546211457,320210059.0
600143,20250723,12.17,13.47,11.89,12.78,0.4799999999999986,3.902439024390225,281851406.0
600143,20250724,12.82,12.82,12.42,12.5,-0.2799999999999993,-2.1909233176838794,164316656.0
600143,20250725,12.65,13.09,12.56,12.71,0.2100000000000008,1.6800000000000148,156269176.0
600143,20250728,13.01,13.88,12.81,13.55,0.8399999999999999,6.608969315499613,216046842.0
600143,20250729,13.44,13.76,13.21,13.5,-0.0500000000000007,-0.3690036900369065,162095913.0
600143,20250730,13.44,13.63,12.91,12.99,-0.5099999999999998,-3.77777777777778,155008546.0
600143,20250731,12.85,13.03,12.6,12.63,-0.3599999999999994,-2.771362586605075,119711455.0
600143,20250801,12.58,12.68,12.32,12.39,-0.2400000000000002,-1.9002375296912175,92341689.0
600143,20250804,12.25,12.62,12.25,12.61,0.2199999999999988,1.77562550443906,81691454.0
600143,20250805,12.68,13.11,12.68,12.82,0.2100000000000008,1.6653449643140528,139845472.0
600143,20250806,12.83,13.85,12.83,13.74,0.92,7.176287051482055,224600185.0
600143,20250807,13.93,14.34,13.65,13.77,0.0299999999999993,0.2183406113537067,258086178.0
600143,20250808,13.69,14.17,13.54,13.61,-0.1600000000000001,-1.1619462599854802,176474958.0
600143,20250811,13.81,14.97,13.7,14.97,1.3600000000000012,9.992652461425422,220910184.0
600143,20250812,15.07,15.37,14.54,14.79,-0.1800000000000015,-1.2024048096192508,301217111.0
600143,20250813,14.61,15.57,14.61,15.22,0.4300000000000015,2.907369844489538,308835241.0
600143,20250814,15.21,16.56,14.9,15.78,0.5599999999999987,3.6793692509855314,371671537.0
600143,20250815,15.6,17.12,15.58,16.86,1.08,6.844106463878319,334856212.0
600143,20250818,17.21,17.68,16.54,16.89,0.0300000000000011,0.1779359430605032,396364315.0
600143,20250819,16.69,17.23,16.34,16.77,-0.120000000000001,-0.7104795737122638,259380739.0
600143,20250820,16.65,17.1,16.16,16.36,-0.4100000000000001,-2.444841979725698,249293675.0
600143,20250821,16.2,16.49,15.82,15.98,-0.379999999999999,-2.3227383863080653,187071571.0
600143,20250822,15.97,16.28,15.86,16.25,0.2699999999999996,1.68961201501876,154915936.0
600143,20250825,16.3,16.72,16.16,16.6,0.3500000000000014,2.153846153846173,178270860.0
600143,20250826,16.65,16.7,16.26,16.37,-0.2300000000000004,-1.3855421686747027,135628532.0
600143,20250827,16.37,16.55,15.75,15.76,-0.6100000000000012,-3.726328649969468,184701263.0
600143,20250828,15.66,15.89,15.3,15.89,0.1300000000000007,0.8248730964466988,158768686.0
600143,20250829,15.95,16.16,15.7,15.98,0.0899999999999998,0.5663939584644506,115129563.0
600143,20250901,16.01,16.16,15.72,15.82,-0.1600000000000001,-1.0012515644555742,85066619.0
600143,20250902,15.82,16.07,14.92,15.56,-0.2599999999999998,-1.643489254108721,197546804.0
600143,20250903,16.54,16.66,16.0,16.09,0.5299999999999994,3.406169665809755,255500540.0
600143,20250904,16.16,16.86,15.93,16.5,0.4100000000000001,2.5481665630826544,288801249.0
600143,20250905,16.56,18.15,15.7,17.7,1.1999999999999993,7.272727272727275,371211819.0
600143,20250908,17.98,19.0,17.43,18.86,1.16,6.553672316384174,363580116.0
600143,20250909,18.5,19.46,18.22,18.31,-0.5500000000000007,-2.9162248144220637,307016763.0
600143,20250910,18.01,18.29,17.45,17.53,-0.7799999999999976,-4.259967231021289,225820700.0
600143,20250911,17.52,18.06,17.35,17.86,0.3299999999999983,1.882487164860236,179797109.0
600143,20250912,17.88,19.28,17.73,19.14,1.2800000000000011,7.166853303471443,313130848.0
600143,20250915,19.48,20.5,18.95,19.85,0.7100000000000009,3.709508881922674,308276367.0
600143,20250916,19.85,20.33,19.47,19.9,0.0499999999999971,0.2518891687657287,266838541.0
600143,20250917,19.95,21.89,19.65,21.89,1.990000000000002,10.000000000000009,341153554.0
600143,20250918,22.64,24.08,21.81,24.08,2.1899999999999977,10.004568296025562,575861713.0
600143,20250919,23.26,23.26,21.67,21.67,-2.4099999999999966,-10.00830564784052,355160994.0
600143,20250922,19.89,21.38,19.89,21.04,-0.6300000000000026,-2.9072450392247484,296715019.0
600143,20250923,20.79,21.98,20.74,21.74,0.6999999999999993,3.326996197718634,283143914.0
600143,20250924,21.28,21.29,20.19,20.82,-0.9199999999999982,-4.231830726770925,242454754.0
600143,20250925,20.55,21.06,20.39,20.43,-0.3900000000000005,-1.8731988472622472,161080860.0
600143,20250926,20.2,20.4,19.58,19.62,-0.8099999999999987,-3.964757709251099,162087713.0
600143,20250929,19.38,21.12,19.38,20.99,1.3699999999999974,6.98267074413863,233652998.0
600143,20250930,20.88,21.23,20.68,20.99,0.0,0.0,156750315.0
600143,20251009,20.99,22.39,20.58,22.2,1.2100000000000009,5.764649833253932,248108367.0
600143,20251010,22.2,22.2,21.06,21.28,-0.9199999999999982,-4.144144144144136,173660364.0
600143,20251013,19.6,20.56,19.6,20.39,-0.8900000000000006,-4.182330827067671,139325116.0
600143,20251014,20.6,20.88,19.27,19.37,-1.0199999999999996,-5.002452182442374,153474693.0
600143,20251015,19.36,20.75,19.13,20.36,0.9899999999999984,5.110996386164168,150003984.0
600143,20251016,20.0,20.16,19.51,19.61,-0.75,-3.683693516699416,97045132.0
600143,20251017,19.61,19.77,18.75,18.76,-0.8499999999999979,-4.334523202447715,112782075.0
600143,20251020,19.16,19.64,18.96,19.44,0.6799999999999997,3.624733475479736,123499353.0
600143,20251021,19.47,19.7,19.02,19.6,0.1600000000000001,0.8230452674897082,97900958.0
600143,20251022,19.64,20.09,19.43,19.63,0.0299999999999975,0.1530612244897922,99396631.0
600143,20251023,19.41,19.54,18.89,19.26,-0.3699999999999974,-1.884870096790614,78316621.0
600143,20251024,19.39,19.87,19.38,19.7,0.4399999999999977,2.284527518172363,80115135.0
600143,20251027,19.99,20.55,19.99,20.17,0.4700000000000024,2.385786802030476,107546211.0
600143,20251028,20.41,20.95,20.23,20.65,0.4799999999999969,2.3797719385225458,169954986.0
600143,20251029,20.71,20.94,20.35,20.62,-0.0299999999999975,-0.1452784503631843,108667003.0
600143,20251030,20.72,20.77,19.91,20.03,-0.5899999999999999,-2.8612997090203707,106185763.0
600143,20251031,20.03,20.83,20.03,20.19,0.1600000000000001,0.7988017973040495,108005117.0
600143,20251103,20.22,20.32,19.41,19.8,-0.3900000000000005,-1.9316493313521588,95401255.0
600143,20251104,19.62,19.63,19.0,19.06,-0.740000000000002,-3.7373737373737503,83132136.0
600143,20251105,18.7,19.18,18.63,18.98,-0.0799999999999983,-0.4197271773347277,58102872.0
600143,20251106,19.04,19.46,18.99,19.36,0.379999999999999,2.002107481559534,67714120.0
600143,20251107,19.44,19.96,19.2,19.6,0.240000000000002,1.2396694214876105,93935308.0
600143,20251110,19.61,19.67,19.02,19.11,-0.490000000000002,-2.5000000000000133,75922297.0
600143,20251111,19.3,19.35,18.85,18.89,-0.2199999999999988,-1.1512297226582868,53831874.0
600143,20251112,18.92,18.98,18.11,18.18,-0.7100000000000009,-3.7586024351508818,78252366.0
600143,20251113,18.18,18.73,18.11,18.58,0.3999999999999986,2.2002200220021972,59375641.0
600143,20251114,18.38,18.38,18.1,18.1,-0.4799999999999969,-2.583423035522048,50600947.0
600143,20251117,18.55,19.2,18.54,18.95,0.8499999999999979,4.696132596685065,109434033.0
600143,20251118,18.95,19.09,18.54,18.8,-0.1499999999999985,-0.7915567282321789,62286045.0
600143,20251119,18.75,19.05,18.5,18.8,0.0,0.0,55737398.0
600143,20251120,18.98,19.02,18.3,18.31,-0.490000000000002,-2.6063829787234094,48730807.0
600143,20251121,18.02,18.6,17.86,18.16,-0.1499999999999985,-0.8192244675040872,72607953.0
600143,20251124,18.27,18.4,17.48,18.22,0.0599999999999987,0.330396475770911,81201628.0
600143,20251125,18.3,18.45,18.02,18.08,-0.1400000000000005,-0.7683863885839748,58016965.0
600143,20251126,18.03,18.4,17.8,18.09,0.0100000000000015,0.0553097345132869,51218940.0
600143,20251127,18.11,18.5,18.05,18.09,0.0,0.0,52944861.0
600143,20251128,17.99,18.25,17.68,18.17,0.0800000000000018,0.4422332780541937,60151753.0
600143,20251201,18.25,18.7,18.22,18.49,0.3199999999999967,1.7611447440836423,70723227.0
600143,20251202,18.43,18.5,17.96,18.03,-0.4599999999999973,-2.487831260140605,56491318.0
600143,20251203,18.0,18.16,17.8,17.84,-0.1900000000000012,-1.0537992235163718,33841228.0
600143,20251204,18.1,18.38,17.91,18.17,0.3300000000000018,1.8497757847533824,71387862.0
600143,20251205,18.09,18.49,17.95,18.45,0.2799999999999976,1.5410016510731817,66780874.0
600143,20251208,18.5,18.77,18.4,18.67,0.2200000000000024,1.192411924119252,67272236.0
600143,20251209,18.57,18.69,18.26,18.32,-0.3500000000000014,-1.8746652383503035,48513721.0
600143,20251210,18.3,18.3,17.96,18.18,-0.1400000000000005,-0.7641921397379958,47804129.0
600143,20251211,18.17,18.29,17.92,17.93,-0.25,-1.3751375137513788,43984482.0
600143,20251212,17.87,17.99,17.61,17.9,-0.0300000000000011,-0.1673173452314658,50101341.0
600143,20251215,17.79,18.27,17.71,17.97,0.0700000000000002,0.3910614525139744,43383305.0
600143,20251216,17.85,17.86,17.1,17.21,-0.759999999999998,-4.22927100723427,65340729.0
600143,20251217,17.21,17.68,17.18,17.56,0.3499999999999978,2.033701336432303,48303702.0
600143,20251218,17.45,17.95,17.39,17.5,-0.0599999999999987,-0.3416856492027276,42845105.0
600143,20251219,17.61,18.0,17.56,17.9,0.3999999999999986,2.2857142857142687,57448613.0
600143,20251222,18.24,18.95,18.16,18.77,0.870000000000001,4.8603351955307295,138218471.0
600143,20251223,18.69,18.69,18.17,18.26,-0.509999999999998,-2.7171017581246515,77103699.0
600143,20251224,18.28,18.48,18.15,18.45,0.1899999999999977,1.0405257393208966,49191939.0
600143,20251225,18.5,18.98,18.38,18.82,0.370000000000001,2.0054200542005463,93726368.0
600143,20251226,18.83,18.86,18.49,18.68,-0.1400000000000005,-0.7438894792773709,71104796.0
600143,20251229,18.72,19.21,18.58,19.03,0.3500000000000014,1.873661670235549,110520169.0
600143,20251230,18.87,20.42,18.74,20.0,0.9699999999999988,5.097214923804505,196243405.0
600143,20251231,20.0,20.05,19.41,19.54,-0.4600000000000008,-2.300000000000002,127598282.0
600143,20260105,19.19,19.28,18.9,19.17,-0.3699999999999974,-1.8935516888433868,104010847.0
600143,20260106,19.21,19.41,19.07,19.19,0.0199999999999995,0.1043296817944572,88009297.0
600143,20260107,19.2,19.54,18.93,19.06,-0.1300000000000025,-0.6774361646691096,90573420.0
600143,20260108,18.95,19.21,18.91,19.02,-0.0399999999999991,-0.2098635886673583,72111140.0
600143,20260109,19.33,20.92,19.33,20.92,1.900000000000002,9.989484752891698,288128164.0
600143,20260112,21.71,22.0,21.15,21.51,0.5899999999999999,2.8202676864244713,367031833.0
600143,20260113,21.62,21.78,20.01,20.17,-1.34,-6.22966062296606,224144191.0
600143,20260114,20.09,20.49,19.68,19.85,-0.3200000000000003,-1.586514625681712,166408582.0
600143,20260115,19.59,19.92,19.47,19.69,-0.1600000000000001,-0.8060453400503764,87557945.0
600143,20260116,19.85,20.49,19.67,20.26,0.5700000000000003,2.8948704926358593,151416089.0
600143,20260119,20.5,20.9,20.09,20.7,0.4399999999999977,2.171767028627825,141331733.0
600143,20260120,20.7,21.08,20.3,20.64,-0.0599999999999987,-0.2898550724637627,110612768.0
600143,20260121,20.4,21.1,20.31,20.92,0.2800000000000011,1.356589147286824,127887124.0
600143,20260122,20.97,22.01,20.94,21.21,0.2899999999999991,1.386233269598458,171410460.0
600143,20260123,21.22,21.66,21.02,21.24,0.0299999999999975,0.1414427157001352,126563595.0
600143,20260126,21.24,21.81,20.29,20.41,-0.8299999999999983,-3.9077212806026274,138346968.0
600143,20260127,20.41,20.63,19.57,20.18,-0.2300000000000004,-1.1268985791278774,98234976.0
600143,20260128,19.7,19.96,19.43,19.65,-0.5300000000000011,-2.626362735381571,99268657.0
600143,20260129,19.34,19.77,19.16,19.19,-0.4599999999999973,-2.3409669211195805,82964137.0
600143,20260130,19.1,19.35,18.51,19.13,-0.0600000000000022,-0.3126628452319036,80930249.0
600143,20260202,19.07,19.2,18.31,18.32,-0.8099999999999987,-4.23418714061683,83909860.0
600143,20260203,18.56,18.9,18.36,18.9,0.5799999999999983,3.1659388646288145,59570656.0
600143,20260204,18.75,18.83,18.51,18.7,-0.1999999999999993,-1.058201058201058,41165579.0
600143,20260205,18.71,18.73,18.21,18.27,-0.4299999999999997,-2.299465240641707,43032087.0
600143,20260206,18.11,18.89,17.97,18.55,0.2800000000000011,1.532567049808442,59720597.0
600143,20260209,18.8,19.01,18.66,18.76,0.2100000000000008,1.132075471698113,51252271.0
600143,20260210,18.77,18.99,18.63,18.85,0.0899999999999998,0.479744136460547,49219117.0
600143,20260211,18.86,19.04,18.69,18.86,0.009999999999998,0.0530503978779739,41945225.0
600143,20260212,18.89,19.08,18.86,19.01,0.1500000000000021,0.7953340402969467,39583778.0
600143,20260213,18.98,19.24,18.82,19.11,0.0999999999999978,0.5260389268805676,54471769.0
600143,20260224,19.88,19.88,19.19,19.31,0.1999999999999993,1.0465724751439032,78704505.0
600143,20260225,19.35,19.5,19.0,19.34,0.0300000000000011,0.1553599171413733,58441076.0
600143,20260226,19.3,19.38,19.06,19.2,-0.1400000000000005,-0.7238883143743546,50498333.0
600143,20260227,19.28,19.34,19.15,19.34,0.1400000000000005,0.7291666666666696,44610332.0
600143,20260302,18.89,19.08,18.49,18.77,-0.5700000000000003,-2.9472595656670153,79590660.0
600143,20260303,18.66,18.99,17.71,17.77,-1.0,-5.327650506126802,81878995.0
600143,20260304,17.5,18.08,17.41,17.65,-0.120000000000001,-0.6752954417557744,45776357.0
600143,20260305,17.98,18.35,17.93,18.07,0.4200000000000017,2.3796033994334387,46580489.0
600143,20260306,18.06,18.2,17.95,18.09,0.0199999999999995,0.1106806862202436,29919083.0
600143,20260309,18.33,18.33,17.67,18.11,0.0199999999999995,0.1105583195135428,48815903.0
600143,20260310,18.19,18.56,18.19,18.43,0.3200000000000003,1.7669795692987211,51147517.0
600143,20260311,18.45,18.5,18.12,18.13,-0.3000000000000007,-1.6277807921866616,43737331.0
600143,20260312,18.16,18.63,18.06,18.29,0.1600000000000001,0.8825151682294585,53249200.0
600143,20260313,18.11,18.16,17.76,17.82,-0.4699999999999988,-2.5697102241661995,47200912.0
600143,20260316,17.76,17.77,17.37,17.54,-0.2800000000000011,-1.5712682379349086,40071067.0
600143,20260317,17.61,17.69,17.11,17.11,-0.4299999999999997,-2.451539338654507,42477870.0
600143,20260318,17.12,17.2,16.7,17.13,0.0199999999999995,0.1168907071887659,44597097.0
600143,20260319,16.88,16.88,16.3,16.35,-0.7799999999999976,-4.553415061295962,49437963.0
600143,20260320,16.39,16.55,15.97,15.97,-0.3800000000000008,-2.3241590214067354,40137770.0
