ts_code,trade_date,open,high,low,close,change,pct_change,vol
600722,20171220,8.1,8.14,7.8,7.86,-0.2000000000000001,-2.481389578163773,15499700.0
600722,20171221,7.71,7.71,7.24,7.39,-0.4700000000000006,-5.97964376590332,21113764.0
600722,20171222,7.28,7.4,7.25,7.29,-0.0999999999999996,-1.3531799729363914,9195239.0
600722,20171225,7.28,7.37,6.95,6.96,-0.33,-4.526748971193417,11574870.0
600722,20171226,6.87,7.08,6.79,7.0,0.04,0.5747126436781658,9142247.0
600722,20171227,7.0,7.16,6.96,7.01,0.0099999999999997,0.1428571428571334,9059540.0
600722,20171228,7.0,7.07,6.95,6.99,-0.0199999999999995,-0.2853067047075552,6592096.0
600722,20171229,7.0,7.27,6.97,7.21,0.2199999999999997,3.147353361945626,12413150.0
600722,20180102,7.26,7.93,7.09,7.58,0.3700000000000001,5.131761442441052,23344561.0
600722,20180103,7.59,7.9,7.46,7.8,0.2199999999999997,2.902374670184704,26355614.0
600722,20180104,7.7,7.78,7.6,7.67,-0.1299999999999999,-1.6666666666666607,15122378.0
600722,20180105,7.67,7.76,7.58,7.6,-0.0700000000000002,-0.9126466753585416,10281828.0
600722,20180108,7.7,7.7,7.53,7.58,-0.0199999999999995,-0.2631578947368318,8690359.0
600722,20180109,7.52,7.6,7.38,7.39,-0.1900000000000004,-2.506596306068609,10195086.0
600722,20180110,7.4,7.49,7.1,7.23,-0.1599999999999992,-2.1650879566982306,10573591.0
600722,20180111,7.22,7.35,7.1,7.29,0.0599999999999996,0.8298755186721962,7312904.0
600722,20180112,7.3,7.31,7.12,7.14,-0.1500000000000003,-2.0576131687242816,6675050.0
600722,20180115,7.15,7.18,6.98,7.02,-0.1200000000000001,-1.6806722689075682,6805500.0
600722,20180116,7.0,7.12,6.96,7.11,0.0900000000000007,1.2820512820512997,5066956.0
600722,20180117,7.1,7.29,6.83,7.27,0.1599999999999992,2.250351617440205,10890401.0
600722,20180118,7.2,7.5,7.2,7.31,0.04,0.5502063273727709,9616919.0
600722,20180119,7.28,7.37,7.16,7.2,-0.1099999999999994,-1.5047879616962967,5912460.0
600722,20180122,7.25,7.47,7.19,7.38,0.1799999999999997,2.499999999999991,8085579.0
600722,20180123,7.3,7.4,7.3,7.34,-0.04,-0.5420054200542035,4923711.0
600722,20180124,7.3,7.38,7.18,7.29,-0.0499999999999998,-0.6811989100817373,6391721.0
600722,20180125,7.27,7.86,7.24,7.54,0.25,3.429355281207136,17768660.0
600722,20180126,7.43,7.57,7.41,7.45,-0.0899999999999998,-1.1936339522546358,9180181.0
600722,20180129,7.49,7.68,7.41,7.59,0.1399999999999996,1.8791946308724716,10148913.0
600722,20180130,7.64,7.64,7.46,7.46,-0.1299999999999999,-1.7127799736495364,7067718.0
600722,20180131,7.4,7.45,7.1,7.15,-0.3099999999999996,-4.1554959785522705,8320202.0
600722,20180201,7.18,7.25,6.44,6.45,-0.7000000000000002,-9.790209790209792,11699090.0
600722,20180202,6.44,6.44,5.93,6.29,-0.1600000000000001,-2.4806201550387597,7110203.0
600722,20180205,6.21,6.55,6.0,6.35,0.0599999999999996,0.9538950715421324,5164936.0
600722,20180206,6.06,6.28,5.72,5.74,-0.6099999999999994,-9.606299212598412,7002642.0
600722,20180207,5.96,6.09,5.7,5.86,0.1200000000000001,2.0905923344947785,7287633.0
600722,20180208,5.88,6.02,5.86,6.02,0.1599999999999992,2.7303754266211566,5036430.0
600722,20180209,5.85,6.0,5.55,5.97,-0.0499999999999998,-0.830564784053156,6973896.0
600722,20180212,6.0,6.08,5.84,6.04,0.0700000000000002,1.1725293132328396,5949375.0
600722,20180213,6.09,6.64,6.02,6.26,0.2199999999999997,3.64238410596025,9928157.0
600722,20180214,6.22,6.31,6.13,6.16,-0.0999999999999996,-1.5974440894568676,5889559.0
600722,20180222,6.27,6.49,6.21,6.31,0.1499999999999994,2.4350649350649345,5961887.0
600722,20180223,6.36,6.59,6.33,6.38,0.0700000000000002,1.109350237717921,7306135.0
600722,20180226,6.36,6.5,6.32,6.46,0.08,1.2539184952978122,6750809.0
600722,20180227,6.46,6.46,6.29,6.35,-0.1100000000000003,-1.7027863777089869,5269019.0
600722,20180228,6.31,6.37,6.28,6.34,-0.0099999999999997,-0.1574803149606229,5089623.0
600722,20180301,6.31,6.43,6.3,6.36,0.0200000000000004,0.3154574132492094,4947077.0
600722,20180302,6.3,6.46,6.26,6.45,0.0899999999999998,1.4150943396226356,9652581.0
600722,20180305,6.4,6.54,6.32,6.34,-0.1100000000000003,-1.705426356589157,5863378.0
600722,20180306,6.33,6.43,6.28,6.41,0.0700000000000002,1.104100946372255,6070268.0
600722,20180307,6.41,6.42,6.27,6.27,-0.1400000000000005,-2.184087363494547,4866846.0
600722,20180308,6.27,6.66,6.26,6.57,0.3000000000000007,4.784688995215314,14686677.0
600722,20180309,6.53,6.7,6.48,6.58,0.0099999999999997,0.1522070015220755,13006395.0
600722,20180312,6.56,6.93,6.56,6.79,0.2099999999999999,3.1914893617021267,12637754.0
600722,20180313,6.74,6.76,6.61,6.63,-0.1600000000000001,-2.356406480117823,8418200.0
600722,20180314,6.62,7.12,6.51,6.75,0.1200000000000001,1.8099547511312153,15590069.0
600722,20180315,6.68,6.73,6.55,6.64,-0.1100000000000003,-1.6296296296296364,8187837.0
600722,20180316,6.62,6.69,6.55,6.57,-0.0699999999999994,-1.0542168674698704,5194746.0
600722,20180319,6.57,6.68,6.5,6.56,-0.0100000000000006,-0.1522070015220755,3737938.0
600722,20180320,6.5,6.59,6.45,6.57,0.0100000000000006,0.1524390243902607,4593739.0
600722,20180321,6.57,6.87,6.42,6.43,-0.1400000000000005,-2.130898021308991,11262266.0
600722,20180322,6.42,6.52,6.25,6.27,-0.1600000000000001,-2.488335925349927,9218470.0
600722,20180323,6.0,6.14,5.66,5.71,-0.5599999999999996,-8.931419457735245,10413712.0
600722,20180326,5.64,5.86,5.58,5.84,0.1299999999999999,2.2767075306479923,7723827.0
600722,20180327,5.9,6.09,5.9,5.99,0.1500000000000003,2.5684931506849473,6306289.0
600722,20180328,5.91,6.17,5.87,6.01,0.0199999999999995,0.3338898163605996,6513900.0
600722,20180329,6.08,6.15,5.96,6.09,0.08,1.331114808652245,6544467.0
600722,20180330,6.1,6.16,6.07,6.15,0.0600000000000005,0.985221674876846,5244867.0
600722,20180402,6.14,6.23,6.07,6.09,-0.0600000000000005,-0.9756097560975728,5068035.0
600722,20180403,5.99,6.01,5.89,5.93,-0.1600000000000001,-2.6272577996716007,5183699.0
600722,20180404,5.96,6.21,5.96,6.01,0.08,1.3490725126475531,6982066.0
600722,20180409,6.02,6.16,5.81,6.12,0.1100000000000003,1.830282861896837,8119540.0
600722,20180410,6.11,6.25,6.08,6.18,0.0599999999999996,0.9803921568627416,7845734.0
600722,20180411,6.21,6.25,6.15,6.19,0.0100000000000006,0.1618122977346425,5072900.0
600722,20180412,6.18,6.37,6.15,6.29,0.0999999999999996,1.6155088852988664,10820665.0
600722,20180413,6.17,6.44,6.13,6.32,0.0300000000000002,0.4769475357710773,11395431.0
600722,20180416,6.3,6.47,6.24,6.41,0.0899999999999998,1.4240506329114,8875584.0
600722,20180417,6.43,6.48,6.23,6.25,-0.1600000000000001,-2.49609984399376,7197593.0
600722,20180418,6.3,6.42,6.2,6.41,0.1600000000000001,2.5600000000000067,6192742.0
600722,20180419,6.41,6.49,6.35,6.37,-0.04,-0.6240249609984372,6086788.0
600722,20180420,6.32,6.38,6.13,6.14,-0.2300000000000004,-3.6106750392464697,6910254.0
600722,20180423,6.17,6.25,6.02,6.22,0.08,1.3029315960912058,5236743.0
600722,20180424,6.2,6.44,6.2,6.35,0.1299999999999999,2.0900321543408262,6380141.0
600722,20180425,6.3,6.38,6.28,6.31,-0.04,-0.6299212598425252,5576901.0
600722,20180426,6.27,6.33,5.88,5.93,-0.3799999999999999,-6.022187004754354,8504814.0
600722,20180427,5.98,6.01,5.9,5.94,0.0100000000000006,0.1686340640809636,4815053.0
600722,20180502,5.99,6.04,5.92,5.96,0.0199999999999995,0.336700336700324,3158942.0
600722,20180503,5.96,6.02,5.77,5.89,-0.0700000000000002,-1.1744966442953086,4077225.0
600722,20180504,5.85,5.9,5.78,5.8,-0.0899999999999998,-1.5280135823429464,4358883.0
600722,20180507,5.85,6.12,5.75,5.98,0.1800000000000006,3.1034482758620863,7536650.0
600722,20180508,5.93,6.02,5.93,5.96,-0.0200000000000004,-0.3344481605351279,4808287.0
600722,20180509,5.96,6.13,5.94,6.11,0.1500000000000003,2.5167785234899487,8671867.0
600722,20180510,6.48,6.7,6.45,6.53,0.4199999999999999,6.873977086743044,43564650.0
600722,20180511,6.35,6.45,6.2,6.28,-0.25,-3.8284839203675314,19171229.0
600722,20180514,6.28,6.28,6.09,6.13,-0.1500000000000003,-2.388535031847139,10091148.0
600722,20180515,6.12,6.23,6.09,6.18,0.0499999999999998,0.815660685154973,6331020.0
600722,20180516,6.2,6.23,6.1,6.17,-0.0099999999999997,-0.1618122977346203,6836707.0
600722,20180517,6.21,6.47,6.18,6.39,0.2199999999999997,3.565640194489461,19197489.0
600722,20180518,6.3,6.54,6.3,6.47,0.08,1.2519561815336422,18906108.0
600722,20180521,6.45,6.65,6.38,6.55,0.08,1.2364760432766575,19647024.0
600722,20180522,6.56,6.59,6.44,6.49,-0.0599999999999996,-0.916030534351142,11173140.0
600722,20180523,6.5,6.51,6.22,6.24,-0.25,-3.852080123266566,10623785.0
600722,20180524,6.26,6.28,6.11,6.14,-0.1000000000000005,-1.602564102564108,7304921.0
600722,20180525,6.15,6.23,6.11,6.14,0.0,0.0,5402502.0
600722,20180528,6.15,6.19,6.01,6.06,-0.08,-1.3029315960912058,5188290.0
600722,20180529,6.04,6.11,5.98,6.01,-0.0499999999999998,-0.8250825082508184,4119287.0
600722,20180530,5.99,5.99,5.53,5.59,-0.4199999999999999,-6.988352745424287,8797515.0
600722,20180531,5.66,5.74,5.6,5.7,0.1100000000000003,1.9677996422182489,4548363.0
600722,20180601,5.69,5.73,5.56,5.6,-0.1000000000000005,-1.7543859649122862,3155023.0
600722,20180604,5.59,5.65,5.51,5.51,-0.0899999999999998,-1.6071428571428514,4137067.0
600722,20180605,5.52,5.59,5.43,5.58,0.0700000000000002,1.2704174228675091,5105771.0
600722,20180606,5.6,5.65,5.55,5.59,0.0099999999999997,0.1792114695340574,3221540.0
600722,20180607,5.6,5.64,5.59,5.59,0.0,0.0,3566842.0
600722,20180608,5.57,5.57,5.21,5.36,-0.2299999999999995,-4.1144901610017826,7219489.0
600722,20180611,5.33,5.33,5.16,5.19,-0.1699999999999999,-3.171641791044777,4623327.0
600722,20180612,5.19,5.25,5.18,5.24,0.0499999999999998,0.963391136801528,2877689.0
600722,20180613,5.24,5.28,5.1,5.11,-0.1299999999999999,-2.4809160305343525,3172000.0
600722,20180614,5.1,5.18,4.98,5.03,-0.08,-1.5655577299412915,4076902.0
600722,20180615,5.01,5.05,4.63,4.72,-0.3100000000000005,-6.163021868787288,7408324.0
600722,20180619,4.66,4.66,4.25,4.25,-0.4699999999999997,-9.957627118644064,6681200.0
600722,20180620,4.08,4.32,4.06,4.23,-0.0199999999999995,-0.4705882352941115,5850095.0
600722,20180621,4.22,4.39,4.12,4.16,-0.0700000000000002,-1.654846335697402,6532740.0
600722,20180622,4.11,4.32,4.11,4.29,0.1299999999999999,3.125,4425166.0
600722,20180625,4.35,4.35,4.24,4.28,-0.0099999999999997,-0.2331002331002252,2772900.0
600722,20180626,4.2,4.33,4.17,4.32,0.04,0.9345794392523477,4526133.0
600722,20180627,4.3,4.34,4.21,4.23,-0.0899999999999998,-2.083333333333326,3961105.0
600722,20180628,4.24,4.32,4.17,4.19,-0.04,-0.9456264775413724,3453201.0
600722,20180629,4.22,4.34,4.19,4.33,0.1399999999999996,3.341288782816232,5844600.0
600722,20180702,4.3,4.76,4.28,4.76,0.4299999999999997,9.930715935334876,24879418.0
600722,20180703,4.74,4.89,4.53,4.68,-0.08,-1.6806722689075682,21530960.0
600722,20180704,4.6,4.7,4.5,4.59,-0.0899999999999998,-1.923076923076916,8862893.0
600722,20180705,4.57,4.6,4.45,4.58,-0.0099999999999997,-0.2178649237472685,7731171.0
600722,20180706,4.54,4.65,4.45,4.58,0.0,0.0,9091979.0
600722,20180709,4.55,4.69,4.54,4.68,0.0999999999999996,2.183406113537112,8517404.0
600722,20180710,4.65,4.69,4.54,4.65,-0.0299999999999993,-0.6410256410256276,7292300.0
600722,20180711,4.55,4.57,4.33,4.38,-0.2700000000000004,-5.80645161290324,7429316.0
600722,20180712,4.37,4.53,4.33,4.48,0.1000000000000005,2.2831050228310668,6224433.0
600722,20180713,4.45,4.51,4.42,4.45,-0.0300000000000002,-0.6696428571428603,3906800.0
600722,20180716,4.5,4.51,4.43,4.47,0.0199999999999995,0.4494382022471876,3220658.0
600722,20180717,4.5,4.65,4.46,4.6,0.1299999999999999,2.9082774049216997,8403496.0
600722,20180718,4.6,4.62,4.51,4.54,-0.0599999999999996,-1.304347826086949,5295812.0
600722,20180719,4.57,4.57,4.37,4.4,-0.1399999999999996,-3.083700440528625,4185402.0
600722,20180720,4.38,4.46,4.31,4.44,0.04,0.9090909090909038,3081890.0
600722,20180723,4.42,4.49,4.39,4.49,0.0499999999999998,1.1261261261261255,3500587.0
600722,20180724,4.51,4.61,4.47,4.6,0.1099999999999994,2.4498886414253684,7829535.0
600722,20180725,4.6,4.74,4.54,4.7,0.1000000000000005,2.1739130434782705,9533319.0
600722,20180726,4.65,5.1,4.56,4.76,0.0599999999999996,1.2765957446808418,17264578.0
600722,20180727,4.72,4.93,4.63,4.84,0.08,1.680672268907557,14114273.0
600722,20180730,4.75,4.93,4.75,4.83,-0.0099999999999997,-0.2066115702479276,10308676.0
600722,20180731,4.74,4.83,4.63,4.72,-0.1100000000000003,-2.2774327122153326,7010087.0
600722,20180801,4.71,5.1,4.7,4.76,0.04,0.8474576271186418,12017646.0
600722,20180802,4.63,4.75,4.4,4.71,-0.0499999999999998,-1.0504201680672232,11915480.0
600722,20180803,4.8,5.18,4.78,5.18,0.4699999999999997,9.97876857749469,24987891.0
600722,20180806,5.44,5.7,5.37,5.7,0.5200000000000005,10.038610038610042,41512059.0
600722,20180807,5.6,6.27,5.47,6.27,0.5699999999999994,9.999999999999986,48769632.0
600722,20180808,6.69,6.9,6.02,6.05,-0.2199999999999997,-3.508771929824561,92139330.0
600722,20180809,5.7,6.46,5.56,6.08,0.0300000000000002,0.4958677685950485,74307923.0
600722,20180810,5.82,5.92,5.5,5.57,-0.5099999999999998,-8.388157894736835,53852818.0
600722,20180813,5.34,5.48,5.3,5.47,-0.1000000000000005,-1.795332136445249,26921914.0
600722,20180814,5.7,5.99,5.66,5.72,0.25,4.570383912248621,55354253.0
600722,20180815,5.71,5.71,5.4,5.53,-0.1899999999999995,-3.321678321678312,35025886.0
600722,20180816,5.4,5.5,5.25,5.28,-0.25,-4.520795660036169,23282065.0
600722,20180817,5.35,5.39,5.09,5.09,-0.1900000000000004,-3.598484848484851,21607114.0
600722,20180820,5.13,5.32,5.01,5.29,0.2000000000000001,3.929273084479368,21534842.0
600722,20180821,5.23,5.55,5.2,5.37,0.08,1.512287334593565,30496934.0
600722,20180822,5.27,5.74,5.18,5.66,0.29,5.400372439478596,47021408.0
600722,20180823,5.55,5.88,5.48,5.64,-0.0200000000000004,-0.3533568904593775,42499554.0
600722,20180824,5.49,5.65,5.4,5.41,-0.2299999999999995,-4.07801418439716,21334985.0
600722,20180827,5.42,5.53,5.26,5.51,0.0999999999999996,1.8484288354898348,21302083.0
600722,20180828,5.51,5.56,5.35,5.44,-0.0699999999999994,-1.270417422867498,17202999.0
600722,20180829,5.41,5.55,5.34,5.47,0.0299999999999993,0.5514705882352811,15980114.0
600722,20180830,5.38,5.41,5.19,5.23,-0.2399999999999993,-4.387568555758669,14697230.0
600722,20180831,5.16,5.26,5.06,5.14,-0.0900000000000007,-1.7208413001912226,9614611.0
600722,20180903,5.11,5.18,5.03,5.17,0.0300000000000002,0.5836575875486361,9101773.0
600722,20180904,5.14,5.4,5.05,5.28,0.1100000000000003,2.1276595744680993,15403180.0
600722,20180905,5.23,5.35,5.17,5.19,-0.0899999999999998,-1.7045454545454477,12554041.0
600722,20180906,5.1,5.21,5.09,5.09,-0.1000000000000005,-1.9267822736030893,8648577.0
600722,20180907,5.09,5.27,5.08,5.18,0.0899999999999998,1.7681728880157177,10541244.0
600722,20180910,5.2,5.34,5.18,5.3,0.1200000000000001,2.316602316602312,19940584.0
600722,20180911,5.26,5.63,5.23,5.56,0.2599999999999998,4.9056603773584895,30157891.0
600722,20180912,5.47,5.54,5.33,5.39,-0.1699999999999999,-3.0575539568345356,19674040.0
600722,20180913,5.43,5.49,5.33,5.47,0.08,1.4842300556586308,16547322.0
600722,20180914,5.44,5.46,5.19,5.2,-0.2699999999999996,-4.936014625228513,16414383.0
600722,20180917,5.17,5.17,5.08,5.1,-0.1000000000000005,-1.9230769230769384,8722789.0
600722,20180918,5.08,5.24,5.06,5.24,0.1400000000000005,2.7450980392156987,9946151.0
600722,20180919,5.2,5.3,5.19,5.27,0.0299999999999993,0.5725190839694472,11908040.0
600722,20180920,5.34,5.44,5.29,5.36,0.0900000000000007,1.707779886148031,15628134.0
600722,20180921,5.34,5.51,5.23,5.37,0.0099999999999997,0.1865671641791078,21071737.0
600722,20180925,5.32,5.54,5.28,5.47,0.0999999999999996,1.8621973929236368,19431371.0
600722,20180926,5.4,5.52,5.39,5.41,-0.0599999999999996,-1.0968921389396646,14267928.0
600722,20180927,5.37,5.44,5.2,5.2,-0.2099999999999999,-3.8817005545286554,12096130.0
600722,20180928,5.21,5.28,5.17,5.2,0.0,0.0,7444593.0
600722,20181008,5.12,5.26,5.08,5.16,-0.04,-0.7692307692307665,8778407.0
600722,20181009,5.33,5.6,5.3,5.6,0.4399999999999995,8.52713178294573,32702888.0
600722,20181010,5.56,5.84,5.41,5.6,0.0,0.0,40164527.0
600722,20181011,5.33,6.0,5.25,5.98,0.3800000000000008,6.785714285714306,52257216.0
600722,20181012,5.76,6.14,5.65,5.78,-0.2000000000000001,-3.3444816053511683,48030076.0
600722,20181015,5.83,5.97,5.59,5.61,-0.1699999999999999,-2.941176470588236,31952494.0
600722,20181016,5.5,5.99,5.43,5.84,0.2299999999999995,4.099821746880572,39621614.0
600722,20181017,5.76,6.05,5.76,5.86,0.0200000000000004,0.34246575342467,39372633.0
600722,20181018,5.74,5.74,5.27,5.27,-0.5900000000000007,-10.068259385665543,30213531.0
600722,20181019,4.89,5.17,4.74,5.03,-0.2399999999999993,-4.554079696394675,32841659.0
600722,20181022,5.0,5.27,4.92,5.23,0.2000000000000001,3.976143141153088,30571446.0
600722,20181023,5.16,5.19,5.01,5.06,-0.1700000000000008,-3.250478011472291,20942321.0
600722,20181024,4.96,5.06,4.83,4.94,-0.1199999999999992,-2.371541501976271,18123035.0
600722,20181025,4.8,4.92,4.51,4.82,-0.1200000000000001,-2.429149797570851,20749036.0
600722,20181026,4.9,4.96,4.82,4.91,0.0899999999999998,1.8672199170124415,17871856.0
600722,20181029,4.8,4.89,4.66,4.71,-0.2000000000000001,-4.073319755600813,11830952.0
600722,20181030,4.66,4.8,4.59,4.7,-0.0099999999999997,-0.2123142250530785,11937751.0
600722,20181031,4.75,4.84,4.72,4.77,0.0699999999999994,1.4893617021276562,13117317.0
600722,20181101,4.75,4.93,4.75,4.83,0.0600000000000005,1.2578616352201255,15787189.0
600722,20181102,4.85,4.97,4.77,4.96,0.1299999999999999,2.69151138716357,20292713.0
600722,20181105,5.06,5.14,4.95,5.01,0.0499999999999998,1.0080645161290258,20741128.0
600722,20181106,4.95,4.99,4.8,4.91,-0.0999999999999996,-1.9960079840319336,14854545.0
600722,20181107,4.91,4.96,4.84,4.85,-0.0600000000000005,-1.2219959266802527,11878588.0
600722,20181108,4.9,4.96,4.86,4.91,0.0600000000000005,1.2371134020618737,10750783.0
600722,20181109,4.87,4.91,4.8,4.81,-0.1000000000000005,-2.0366598778004175,8611655.0
600722,20181112,4.83,4.95,4.73,4.95,0.1400000000000005,2.910602910602922,13016543.0
600722,20181113,4.88,5.13,4.84,5.05,0.0999999999999996,2.020202020202011,22506202.0
600722,20181114,5.0,5.11,5.0,5.05,0.0,0.0,16155836.0
600722,20181115,5.05,5.12,5.01,5.09,0.04,0.7920792079207928,15670331.0
600722,20181116,5.06,5.18,5.06,5.14,0.0499999999999998,0.9823182711198308,19089115.0
600722,20181119,5.13,5.38,5.03,5.36,0.2200000000000006,4.280155642023353,26694700.0
600722,20181120,5.28,5.34,5.09,5.1,-0.2600000000000007,-4.850746268656724,19262575.0
600722,20181121,4.94,5.13,4.9,5.07,-0.0299999999999993,-0.5882352941176339,11509604.0
600722,20181122,5.03,5.13,5.03,5.08,0.0099999999999997,0.1972386587771213,7918352.0
600722,20181123,5.09,5.09,4.72,4.77,-0.3100000000000005,-6.102362204724421,13172903.0
600722,20181126,4.77,4.84,4.7,4.77,0.0,0.0,6057987.0
600722,20181127,4.82,4.84,4.76,4.8,0.0300000000000002,0.6289308176100628,4845868.0
600722,20181128,4.76,4.85,4.7,4.84,0.04,0.8333333333333304,6109782.0
600722,20181129,4.85,4.88,4.66,4.69,-0.1499999999999994,-3.0991735537189924,6211469.0
600722,20181130,4.69,4.75,4.63,4.74,0.0499999999999998,1.0660980810234475,4290817.0
600722,20181203,4.85,4.89,4.8,4.86,0.1200000000000001,2.5316455696202445,9484048.0
600722,20181204,4.86,5.2,4.82,5.11,0.25,5.144032921810693,25099310.0
600722,20181205,4.99,5.07,4.9,5.03,-0.08,-1.5655577299412915,16505935.0
600722,20181206,5.02,5.05,4.9,4.92,-0.1100000000000003,-2.1868787276342005,9285107.0
600722,20181207,4.92,5.03,4.86,4.99,0.0700000000000002,1.4227642276422925,8426907.0
600722,20181210,4.94,4.96,4.82,4.84,-0.1500000000000003,-3.006012024048099,6659600.0
600722,20181211,4.85,4.91,4.84,4.87,0.0300000000000002,0.6198347107438051,4603867.0
600722,20181212,4.86,4.96,4.86,4.92,0.0499999999999998,1.0266940451745254,5331554.0
600722,20181213,4.96,5.0,4.89,4.93,0.0099999999999997,0.2032520325203179,6688441.0
600722,20181214,4.92,4.97,4.73,4.75,-0.1799999999999997,-3.6511156186612497,7980266.0
600722,20181217,4.78,4.82,4.71,4.81,0.0599999999999996,1.2631578947368327,4454400.0
600722,20181218,4.79,4.82,4.67,4.75,-0.0599999999999996,-1.2474012474012364,4895930.0
600722,20181219,4.75,4.76,4.65,4.65,-0.0999999999999996,-2.1052631578947323,4510648.0
600722,20181220,4.64,4.73,4.6,4.71,0.0599999999999996,1.2903225806451424,4502645.0
600722,20181221,4.67,4.75,4.65,4.7,-0.0099999999999997,-0.2123142250530785,2881587.0
600722,20181224,4.74,4.79,4.69,4.79,0.0899999999999998,1.9148936170212627,3235376.0
600722,20181225,4.7,4.73,4.63,4.7,-0.0899999999999998,-1.8789144050104345,4695059.0
600722,20181226,4.76,4.76,4.65,4.69,-0.0099999999999997,-0.2127659574468032,3643993.0
600722,20181227,4.78,4.78,4.65,4.65,-0.04,-0.8528784648187626,4534869.0
600722,20181228,4.71,4.71,4.53,4.56,-0.0900000000000007,-1.935483870967758,4966253.0
600722,20190102,4.61,4.63,4.55,4.58,0.0200000000000004,0.4385964912280826,2938940.0
600722,20190103,4.6,4.62,4.48,4.48,-0.0999999999999996,-2.183406113537112,5079400.0
600722,20190104,4.44,4.6,4.4,4.58,0.0999999999999996,2.232142857142838,4954843.0
600722,20190107,4.6,4.69,4.59,4.67,0.0899999999999998,1.9650655021834051,5463242.0
600722,20190108,4.69,4.72,4.64,4.69,0.0200000000000004,0.4282655246252709,4978800.0
600722,20190109,4.72,4.77,4.68,4.69,0.0,0.0,5630811.0
600722,20190110,4.71,4.74,4.65,4.69,0.0,0.0,4253859.0
600722,20190111,4.69,4.71,4.62,4.71,0.0199999999999995,0.4264392324093702,5813720.0
600722,20190114,4.71,4.71,4.62,4.62,-0.0899999999999998,-1.9108280254777064,4720725.0
600722,20190115,4.63,4.87,4.6,4.76,0.1399999999999996,3.0303030303030276,12774015.0
600722,20190116,4.8,4.82,4.69,4.74,-0.0199999999999995,-0.4201680672268781,9474474.0
600722,20190117,4.74,4.74,4.63,4.64,-0.1000000000000005,-2.1097046413502185,5920052.0
600722,20190118,4.7,4.9,4.69,4.82,0.1800000000000006,3.8793103448276023,15602476.0
600722,20190121,4.8,5.08,4.76,5.01,0.1899999999999995,3.941908713692932,24313654.0
600722,20190122,4.99,5.18,4.92,4.93,-0.08,-1.596806387225547,19205487.0
600722,20190123,4.95,5.05,4.83,5.0,0.0700000000000002,1.4198782961460488,15891509.0
600722,20190124,4.93,4.97,4.86,4.89,-0.1100000000000003,-2.200000000000002,11317445.0
600722,20190125,4.92,4.94,4.73,4.74,-0.1499999999999994,-3.0674846625766805,10772300.0
600722,20190128,4.78,4.82,4.68,4.69,-0.0499999999999998,-1.0548523206751037,6823654.0
600722,20190129,4.74,4.8,4.56,4.79,0.0999999999999996,2.132196162046895,7842846.0
600722,20190130,4.78,4.78,4.6,4.61,-0.1799999999999997,-3.757828810020869,7061773.0
600722,20190131,4.61,4.66,4.42,4.5,-0.1100000000000003,-2.386117136659438,8635680.0
600722,20190201,4.48,4.62,4.48,4.58,0.08,1.7777777777777892,4524660.0
600722,20190211,4.6,4.75,4.6,4.75,0.1699999999999999,3.711790393013103,6383557.0
600722,20190212,4.75,4.82,4.72,4.81,0.0599999999999996,1.2631578947368327,8128413.0
600722,20190213,4.85,4.86,4.78,4.86,0.0500000000000007,1.0395010395010562,13279418.0
600722,20190214,4.82,4.87,4.81,4.85,-0.0100000000000006,-0.2057613168724437,8454912.0
600722,20190215,4.85,4.9,4.82,4.85,0.0,0.0,8642915.0
600722,20190218,4.87,4.96,4.86,4.96,0.1100000000000003,2.268041237113416,11197801.0
600722,20190219,4.95,4.96,4.88,4.93,-0.0300000000000002,-0.6048387096774244,11692008.0
600722,20190220,4.97,5.08,4.91,4.96,0.0300000000000002,0.6085192697768749,11913723.0
600722,20190221,4.97,5.0,4.87,4.9,-0.0599999999999996,-1.2096774193548263,11443127.0
600722,20190222,4.9,4.97,4.86,4.97,0.0699999999999994,1.4285714285714235,9346216.0
600722,20190225,5.0,5.2,4.97,5.18,0.2099999999999999,4.225352112676051,23507708.0
600722,20190226,5.18,5.29,5.08,5.16,-0.0199999999999995,-0.3861003861003742,26992272.0
600722,20190227,5.21,5.68,5.15,5.49,0.33,6.395348837209314,41568660.0
600722,20190228,5.35,5.44,5.29,5.38,-0.1100000000000003,-2.0036429872495543,25300577.0
600722,20190301,5.4,5.4,5.19,5.32,-0.0599999999999996,-1.1152416356877248,15570508.0
600722,20190304,5.38,5.59,5.31,5.45,0.1299999999999999,2.443609022556381,27397962.0
600722,20190305,5.36,5.53,5.32,5.52,0.0699999999999994,1.284403669724754,24682240.0
600722,20190306,5.51,5.65,5.4,5.6,0.08,1.449275362318847,28962298.0
600722,20190307,5.59,5.76,5.51,5.65,0.0500000000000007,0.8928571428571619,27510105.0
600722,20190308,5.4,5.57,5.21,5.22,-0.4300000000000006,-7.610619469026558,26446361.0
600722,20190311,5.25,5.61,5.23,5.58,0.3600000000000003,6.896551724137945,24417501.0
600722,20190312,5.63,5.81,5.54,5.67,0.0899999999999998,1.6129032258064502,32347189.0
600722,20190313,5.65,5.65,5.44,5.46,-0.2099999999999999,-3.703703703703698,17607038.0
600722,20190314,5.51,5.81,5.34,5.6,0.1399999999999996,2.564102564102555,26801509.0
600722,20190315,5.59,6.09,5.53,5.83,0.2300000000000004,4.107142857142865,40027692.0
600722,20190318,5.81,5.98,5.75,5.88,0.0499999999999998,0.8576329331046351,26423772.0
600722,20190319,5.82,5.85,5.72,5.84,-0.04,-0.6802721088435382,19200943.0
600722,20190320,6.42,6.42,6.42,6.42,0.5800000000000001,9.931506849315074,5537489.0
600722,20190321,7.06,7.06,7.06,7.06,0.6399999999999997,9.968847352024923,2049245.0
600722,20190322,7.77,7.77,7.42,7.77,0.71,10.056657223796028,99057699.0
600722,20190325,7.7,8.5,7.47,7.56,-0.2099999999999999,-2.7027027027026973,121110285.0
600722,20190326,7.15,7.42,6.8,6.84,-0.7199999999999998,-9.523809523809524,81590455.0
600722,20190327,6.81,7.19,6.61,7.08,0.2400000000000002,3.5087719298245723,66878132.0
600722,20190328,6.88,6.94,6.42,6.59,-0.4900000000000002,-6.9209039548022595,52492034.0
600722,20190329,6.5,6.85,6.27,6.69,0.1000000000000005,1.5174506828528056,47316991.0
600722,20190401,6.68,7.0,6.63,6.97,0.2799999999999993,4.1853512705530616,50950629.0
600722,20190402,7.01,7.3,6.88,7.06,0.0899999999999998,1.2912482065997155,51696201.0
600722,20190403,7.0,7.28,6.85,7.11,0.0500000000000007,0.708215297450443,40154020.0
600722,20190404,7.08,7.46,7.0,7.43,0.3199999999999994,4.500703234880432,66263622.0
600722,20190408,7.88,8.08,7.45,7.52,0.0899999999999998,1.211305518169592,74208000.0
600722,20190409,7.27,7.28,6.8,7.08,-0.4399999999999995,-5.851063829787229,42741113.0
600722,20190410,7.09,7.18,6.91,7.06,-0.0200000000000004,-0.2824858757062176,25073484.0
600722,20190411,7.05,7.05,6.82,6.83,-0.2299999999999995,-3.257790368271951,20535771.0
600722,20190412,6.82,6.9,6.66,6.73,-0.0999999999999996,-1.4641288433382085,16405969.0
600722,20190415,6.87,6.92,6.77,6.8,0.0699999999999994,1.0401188707280795,16352111.0
600722,20190416,6.73,6.98,6.72,6.97,0.1699999999999999,2.499999999999991,18838499.0
600722,20190417,6.98,7.28,6.91,7.19,0.2200000000000006,3.1563845050215367,33565582.0
600722,20190418,7.1,7.26,7.03,7.05,-0.1400000000000005,-1.9471488178025131,24362569.0
600722,20190419,7.05,7.14,6.81,6.98,-0.0699999999999994,-0.99290780141843,19179905.0
600722,20190422,6.98,6.98,6.8,6.8,-0.1800000000000006,-2.5787965616045905,14298094.0
600722,20190423,6.8,6.87,6.7,6.73,-0.0699999999999994,-1.0294117647058787,12101468.0
600722,20190424,6.73,7.08,6.66,6.97,0.2399999999999993,3.5661218424962726,21988078.0
600722,20190425,6.85,6.98,6.53,6.54,-0.4299999999999997,-6.169296987087513,19357580.0
600722,20190426,6.52,6.71,6.51,6.56,0.0199999999999995,0.3058103975535076,11029158.0
600722,20190429,6.6,6.69,6.0,6.08,-0.4799999999999995,-7.317073170731703,16691725.0
600722,20190430,6.09,6.22,6.08,6.18,0.0999999999999996,1.6447368421052655,8175912.0
600722,20190506,5.88,6.04,5.6,5.71,-0.4699999999999997,-7.605177993527501,13498873.0
600722,20190507,5.81,5.87,5.68,5.76,0.0499999999999998,0.8756567425569184,10938384.0
600722,20190508,5.68,5.93,5.62,5.83,0.0700000000000002,1.21527777777779,9516072.0
600722,20190509,5.83,5.87,5.67,5.69,-0.1399999999999996,-2.401372212692965,9117132.0
600722,20190510,5.8,5.92,5.67,5.87,0.1799999999999997,3.1634446397188043,12101374.0
600722,20190513,5.85,5.98,5.81,5.87,0.0,0.0,9331514.0
600722,20190514,5.8,5.92,5.76,5.83,-0.04,-0.6814310051107331,6802626.0
600722,20190515,5.87,6.0,5.87,5.97,0.1399999999999996,2.401372212692965,11414893.0
600722,20190516,6.02,6.11,5.92,6.11,0.1400000000000005,2.345058626465679,14007497.0
600722,20190517,6.09,6.11,5.71,5.81,-0.3000000000000007,-4.909983633387904,14107361.0
600722,20190520,5.75,5.84,5.58,5.66,-0.1499999999999994,-2.5817555938037806,8367509.0
600722,20190521,5.66,5.75,5.61,5.73,0.0700000000000002,1.2367491166077826,7282477.0
600722,20190522,5.73,5.73,5.54,5.55,-0.1800000000000006,-3.141361256544517,9210844.0
600722,20190523,5.5,5.61,5.37,5.43,-0.1200000000000001,-2.1621621621621623,9458360.0
600722,20190524,5.45,5.48,5.37,5.39,-0.04,-0.7366482504604033,5257348.0
600722,20190527,5.42,5.64,5.38,5.59,0.2000000000000001,3.710575139146566,10115740.0
600722,20190528,5.58,5.76,5.56,5.6,0.0099999999999997,0.1788908765652852,9002296.0
600722,20190529,5.55,5.68,5.53,5.63,0.0300000000000002,0.5357142857142838,6607130.0
600722,20190530,5.6,6.1,5.58,5.9,0.2700000000000004,4.795737122557742,22083530.0
600722,20190531,5.88,5.95,5.78,5.81,-0.0900000000000007,-1.5254237288135686,13010246.0
600722,20190603,5.77,5.83,5.62,5.67,-0.1399999999999996,-2.409638554216864,8506665.0
600722,20190604,5.65,5.67,5.45,5.48,-0.1899999999999995,-3.3509700176366786,8284216.0
600722,20190605,5.51,5.6,5.45,5.48,0.0,0.0,5252923.0
600722,20190606,5.48,5.53,5.37,5.38,-0.1000000000000005,-1.8248175182481896,5359317.0
600722,20190610,5.39,5.54,5.38,5.47,0.0899999999999998,1.6728624535315983,6127417.0
600722,20190611,5.46,5.68,5.45,5.67,0.2000000000000001,3.656307129798897,8429199.0
600722,20190612,5.62,5.68,5.59,5.59,-0.08,-1.4109347442680775,6900312.0
600722,20190613,5.56,5.68,5.56,5.68,0.0899999999999998,1.610017889087656,7492856.0
600722,20190614,5.66,5.71,5.43,5.44,-0.2399999999999993,-4.22535211267604,7750600.0
600722,20190617,5.5,5.59,5.44,5.56,0.1199999999999992,2.2058823529411686,5162800.0
600722,20190618,5.52,6.02,5.46,5.7,0.1400000000000005,2.517985611510798,11956346.0
600722,20190619,5.78,5.85,5.68,5.7,0.0,0.0,13066401.0
600722,20190620,5.61,5.79,5.6,5.77,0.0699999999999994,1.228070175438578,9614829.0
600722,20190621,5.79,5.87,5.75,5.82,0.0500000000000007,0.8665511265164794,10653262.0
600722,20190624,5.82,5.84,5.75,5.8,-0.0200000000000004,-0.3436426116838587,5830241.0
600722,20190625,5.76,5.8,5.61,5.67,-0.1299999999999999,-2.2413793103448265,6253351.0
600722,20190626,5.67,5.74,5.65,5.69,0.0200000000000004,0.3527336860670305,4411400.0
600722,20190627,5.68,5.81,5.68,5.76,0.0699999999999994,1.2302284710017375,7253621.0
600722,20190628,5.76,5.96,5.68,5.83,0.0700000000000002,1.21527777777779,13425223.0
600722,20190701,5.88,5.99,5.81,5.98,0.1500000000000003,2.572898799313905,16511721.0
600722,20190702,5.94,5.98,5.86,5.91,-0.0700000000000002,-1.170568561872909,9446047.0
600722,20190703,5.85,5.89,5.78,5.84,-0.0700000000000002,-1.1844331641285957,6338851.0
600722,20190704,5.85,5.88,5.75,5.79,-0.0499999999999998,-0.8561643835616417,4231265.0
600722,20190705,5.84,5.97,5.79,5.92,0.1299999999999999,2.2452504317789224,8558048.0
600722,20190708,5.88,5.88,5.73,5.74,-0.1799999999999997,-3.0405405405405372,7945347.0
600722,20190709,5.78,5.9,5.69,5.89,0.1499999999999994,2.6132404181184565,7517614.0
600722,20190710,5.9,5.96,5.79,5.81,-0.08,-1.358234295415961,5177100.0
600722,20190711,5.84,5.94,5.82,5.91,0.1000000000000005,1.7211703958692093,9391320.0
600722,20190712,5.93,6.25,5.92,6.21,0.2999999999999998,5.076142131979688,31277863.0
600722,20190715,6.1,6.29,6.05,6.2,-0.0099999999999997,-0.1610305958132052,19581967.0
600722,20190716,6.15,6.27,6.1,6.27,0.0699999999999994,1.129032258064511,17188377.0
600722,20190717,6.21,6.3,6.19,6.19,-0.0799999999999991,-1.2759170653907417,15798634.0
600722,20190718,6.12,6.15,5.94,5.94,-0.25,-4.038772213247177,14130727.0
600722,20190719,5.97,6.03,5.89,5.9,-0.04,-0.6734006734006703,8406457.0
600722,20190722,6.41,6.49,6.06,6.49,0.5899999999999999,9.999999999999986,23667861.0
600722,20190723,6.68,7.0,6.57,6.61,0.1200000000000001,1.8489984591679496,71866037.0
600722,20190724,6.52,7.27,6.39,7.04,0.4299999999999997,6.5052950075642935,70453214.0
600722,20190725,6.67,6.82,6.56,6.6,-0.4400000000000004,-6.25,49514486.0
600722,20190726,6.55,6.56,6.27,6.32,-0.2799999999999993,-4.242424242424237,32232436.0
600722,20190729,6.32,6.35,6.21,6.25,-0.0700000000000002,-1.1075949367088669,16927531.0
600722,20190730,6.25,6.36,6.22,6.28,0.0300000000000002,0.4800000000000137,17009617.0
600722,20190731,6.31,6.32,6.05,6.1,-0.1800000000000006,-2.866242038216571,19861536.0
600722,20190801,6.02,6.18,5.96,6.1,0.0,0.0,15822288.0
600722,20190802,5.98,6.03,5.81,5.83,-0.2699999999999996,-4.426229508196711,18199300.0
600722,20190805,5.81,5.83,5.58,5.6,-0.2300000000000004,-3.9451114922813058,13671421.0
600722,20190806,5.4,5.51,5.2,5.36,-0.2399999999999993,-4.2857142857142705,15530525.0
600722,20190807,5.39,5.42,5.27,5.27,-0.0900000000000007,-1.679104477611959,8344276.0
600722,20190808,5.27,5.35,5.27,5.28,0.0100000000000006,0.189753320683117,6499427.0
600722,20190809,5.34,5.35,5.01,5.08,-0.2000000000000001,-3.787878787878795,11648892.0
600722,20190812,5.09,5.15,5.06,5.15,0.0700000000000002,1.3779527559055094,6274637.0
600722,20190813,5.11,5.13,4.99,5.09,-0.0600000000000005,-1.1650485436893288,8410895.0
600722,20190814,5.16,5.17,5.08,5.09,0.0,0.0,7514071.0
600722,20190815,4.91,5.08,4.89,5.07,-0.0199999999999995,-0.3929273084479323,9595277.0
600722,20190816,5.08,5.1,5.0,5.02,-0.0500000000000007,-0.9861932938856176,8889870.0
600722,20190819,5.05,5.15,5.02,5.15,0.1300000000000007,2.589641434262968,9811102.0
600722,20190820,5.14,5.22,5.11,5.16,0.0099999999999997,0.19417475728154,10158739.0
600722,20190821,5.15,5.44,5.15,5.33,0.1699999999999999,3.2945736434108586,17517961.0
600722,20190822,5.33,5.35,5.24,5.28,-0.0499999999999998,-0.9380863039399556,10264589.0
600722,20190823,5.27,5.32,5.26,5.28,0.0,0.0,6136904.0
600722,20190826,5.12,5.21,5.08,5.16,-0.1200000000000001,-2.2727272727272707,7123916.0
600722,20190827,5.2,5.68,5.15,5.45,0.29,5.6201550387597,26853105.0
600722,20190828,5.39,5.7,5.28,5.51,0.0599999999999996,1.1009174311926495,27036838.0
600722,20190829,5.46,5.63,5.38,5.51,0.0,0.0,18833340.0
600722,20190830,5.55,5.68,5.3,5.34,-0.1699999999999999,-3.085299455535384,12754105.0
600722,20190902,5.38,5.48,5.34,5.43,0.0899999999999998,1.6853932584269593,9339599.0
600722,20190903,5.38,5.45,5.37,5.43,0.0,0.0,8526598.0
600722,20190904,5.4,5.47,5.37,5.46,0.0300000000000002,0.5524861878453136,8998986.0
600722,20190905,5.47,5.62,5.45,5.5,0.04,0.73260073260073,14717112.0
600722,20190906,5.49,5.53,5.42,5.46,-0.04,-0.727272727272732,8755589.0
600722,20190909,5.5,5.6,5.49,5.58,0.1200000000000001,2.19780219780219,12313411.0
600722,20190910,5.61,5.64,5.55,5.61,0.0300000000000002,0.5376344086021501,11530084.0
600722,20190911,5.61,5.65,5.53,5.55,-0.0600000000000005,-1.0695187165775444,9863618.0
600722,20190912,5.56,5.61,5.53,5.6,0.0499999999999998,0.9009009009008916,8259917.0
600722,20190916,5.69,5.83,5.66,5.67,0.0700000000000002,1.2499999999999956,17607931.0
600722,20190917,5.75,5.81,5.51,5.53,-0.1399999999999996,-2.4691358024691357,14068804.0
600722,20190918,5.48,5.56,5.45,5.46,-0.0700000000000002,-1.265822784810133,7927526.0
600722,20190919,5.5,5.51,5.33,5.49,0.0300000000000002,0.5494505494505475,7047817.0
600722,20190920,5.47,5.5,5.42,5.44,-0.0499999999999998,-0.910746812386154,4993231.0
600722,20190923,5.44,5.46,5.26,5.44,0.0,0.0,7808345.0
600722,20190924,5.39,5.43,5.34,5.36,-0.08,-1.4705882352941235,5691015.0
600722,20190925,5.34,5.36,5.2,5.2,-0.1600000000000001,-2.985074626865669,7160746.0
600722,20190926,5.24,5.26,5.06,5.07,-0.1299999999999999,-2.500000000000002,7013316.0
600722,20190927,5.08,5.27,5.08,5.24,0.1699999999999999,3.3530571992110403,6128792.0
600722,20190930,5.75,5.76,5.32,5.32,0.08,1.526717557251911,16151700.0
600722,20191008,5.17,5.3,5.12,5.2,-0.1200000000000001,-2.2556390977443663,7302436.0
600722,20191009,5.13,5.31,5.12,5.26,0.0599999999999996,1.1538461538461495,5538786.0
600722,20191010,5.22,5.27,5.18,5.23,-0.0299999999999993,-0.5703422053231821,6690187.0
600722,20191011,5.25,5.27,5.2,5.23,0.0,0.0,5425020.0
600722,20191014,5.25,5.33,5.25,5.3,0.0699999999999994,1.338432122370925,7267644.0
600722,20191015,5.3,5.3,5.22,5.28,-0.0199999999999995,-0.3773584905660265,4639700.0
600722,20191016,5.23,5.24,5.14,5.14,-0.1400000000000005,-2.6515151515151603,7776900.0
600722,20191017,5.16,5.2,5.13,5.16,0.0200000000000004,0.3891050583657574,3616095.0
600722,20191018,5.16,5.24,5.15,5.2,0.04,0.7751937984496138,5013530.0
600722,20191021,5.18,5.18,5.09,5.12,-0.08,-1.538461538461544,3168315.0
600722,20191022,5.13,5.15,5.1,5.15,0.0300000000000002,0.5859375,2427273.0
600722,20191023,5.13,5.15,5.06,5.08,-0.0700000000000002,-1.3592233009708798,3180216.0
600722,20191024,5.07,5.07,5.0,5.01,-0.0700000000000002,-1.3779527559055205,4009409.0
600722,20191025,5.04,5.04,4.51,4.95,-0.0599999999999996,-1.197604790419149,6862409.0
600722,20191028,4.92,5.03,4.9,5.01,0.0599999999999996,1.2121212121211975,4451448.0
600722,20191029,5.02,5.05,4.83,4.83,-0.1799999999999997,-3.59281437125748,5361392.0
600722,20191030,4.84,4.89,4.74,4.76,-0.0700000000000002,-1.449275362318847,4217700.0
600722,20191031,4.78,4.78,4.59,4.62,-0.1399999999999996,-2.941176470588225,6656323.0
600722,20191101,4.61,4.67,4.58,4.64,0.0199999999999995,0.4329004329004293,3841700.0
600722,20191104,4.64,4.71,4.64,4.67,0.0300000000000002,0.6465517241379448,3259181.0
600722,20191105,4.67,4.71,4.56,4.69,0.0200000000000004,0.4282655246252709,4901354.0
600722,20191106,4.69,4.71,4.66,4.7,0.0099999999999997,0.2132196162046851,3636096.0
600722,20191107,4.72,5.05,4.71,4.85,0.1499999999999994,3.1914893617021267,8816932.0
600722,20191108,4.87,4.97,4.8,4.91,0.0600000000000005,1.2371134020618737,5861960.0
600722,20191111,4.89,4.97,4.79,4.82,-0.0899999999999998,-1.8329938900203624,4177653.0
600722,20191112,4.82,4.85,4.7,4.77,-0.0500000000000007,-1.0373443983402677,3901320.0
600722,20191113,4.78,4.89,4.74,4.88,0.1100000000000003,2.3060796645702375,4533596.0
600722,20191114,4.92,4.99,4.82,4.99,0.1100000000000003,2.254098360655754,5547309.0
600722,20191115,4.99,5.08,4.85,4.87,-0.1200000000000001,-2.4048096192384794,6373152.0
600722,20191118,4.88,4.88,4.78,4.83,-0.04,-0.8213552361396315,3207875.0
600722,20191119,4.77,4.87,4.77,4.87,0.04,0.8281573498964745,3286300.0
600722,20191120,4.84,4.86,4.71,4.73,-0.1399999999999996,-2.874743326488705,3689400.0
600722,20191121,4.71,4.78,4.7,4.71,-0.0200000000000004,-0.4228329809725206,2264432.0
600722,20191122,4.72,4.78,4.63,4.65,-0.0599999999999996,-1.27388535031846,3973435.0
600722,20191125,4.67,4.75,4.61,4.75,0.0999999999999996,2.1505376344086,4149425.0
600722,20191126,4.72,4.77,4.69,4.72,-0.0300000000000002,-0.6315789473684275,2770502.0
600722,20191127,4.71,4.72,4.65,4.69,-0.0299999999999993,-0.6355932203389703,1819200.0
600722,20191128,4.67,4.72,4.65,4.67,-0.0200000000000004,-0.4264392324093924,1676853.0
600722,20191129,4.7,4.7,4.61,4.62,-0.0499999999999998,-1.070663811563166,2774110.0
600722,20191202,4.62,4.65,4.55,4.56,-0.0600000000000005,-1.2987012987013102,4061401.0
600722,20191203,4.6,4.64,4.57,4.62,0.0600000000000005,1.3157894736842255,3785839.0
600722,20191204,4.6,4.69,4.57,4.65,0.0300000000000002,0.6493506493506551,3675675.0
600722,20191205,4.65,4.74,4.65,4.71,0.0599999999999996,1.2903225806451424,4795517.0
600722,20191206,4.7,4.75,4.68,4.74,0.0300000000000002,0.6369426751592355,3344934.0
600722,20191209,4.74,4.85,4.73,4.81,0.0699999999999994,1.4767932489451407,4087104.0
600722,20191210,4.81,4.86,4.77,4.81,0.0,0.0,3357888.0
600722,20191211,4.79,4.85,4.77,4.79,-0.0199999999999995,-0.4158004158004047,2461700.0
600722,20191212,4.8,4.83,4.75,4.8,0.0099999999999997,0.2087682672233803,2512887.0
600722,20191213,4.81,4.84,4.79,4.84,0.04,0.8333333333333304,3394472.0
600722,20191216,4.87,4.89,4.82,4.88,0.04,0.8264462809917328,3420104.0
600722,20191217,4.85,4.95,4.85,4.95,0.0700000000000002,1.434426229508201,5277824.0
600722,20191218,4.95,4.97,4.9,4.92,-0.0300000000000002,-0.60606060606061,3954300.0
600722,20191219,4.9,4.94,4.87,4.91,-0.0099999999999997,-0.2032520325203179,4113934.0
600722,20191220,4.89,4.95,4.82,4.84,-0.0700000000000002,-1.4256619144602856,3521000.0
600722,20191223,4.87,4.87,4.68,4.7,-0.1399999999999996,-2.8925619834710647,4291936.0
600722,20191224,4.73,4.8,4.71,4.79,0.0899999999999998,1.9148936170212627,2987500.0
600722,20191225,4.79,4.83,4.77,4.82,0.0300000000000002,0.6263048016701411,3092670.0
600722,20191226,4.82,4.89,4.79,4.88,0.0599999999999996,1.2448132780082943,4518781.0
600722,20191227,4.86,4.9,4.78,4.8,-0.08,-1.6393442622950838,6523602.0
600722,20191230,4.81,4.81,4.69,4.75,-0.0499999999999998,-1.041666666666663,7542732.0
600722,20191231,4.73,4.78,4.72,4.74,-0.0099999999999997,-0.2105263157894721,4527890.0
600722,20200102,4.78,4.85,4.76,4.84,0.0999999999999996,2.1097046413502074,6367830.0
600722,20200103,4.86,4.94,4.83,4.92,0.08,1.6528925619834656,8580737.0
600722,20200106,4.97,5.05,4.91,4.98,0.0600000000000005,1.2195121951219523,11852933.0
600722,20200107,4.95,5.02,4.95,4.97,-0.0100000000000006,-0.2008032128514192,6439493.0
600722,20200108,5.12,5.17,4.96,5.06,0.0899999999999998,1.810865191146882,14133759.0
600722,20200109,5.0,5.05,4.97,5.02,-0.04,-0.7905138339920903,10356440.0
600722,20200110,5.0,5.01,4.9,4.95,-0.0699999999999994,-1.3944223107569598,6230759.0
600722,20200113,4.93,5.36,4.91,5.23,0.2800000000000002,5.656565656565671,21838300.0
600722,20200114,5.17,5.22,5.13,5.14,-0.0900000000000007,-1.7208413001912226,13078565.0
600722,20200115,5.11,5.12,5.01,5.05,-0.0899999999999998,-1.7509727626459082,8130576.0
600722,20200116,5.07,5.07,4.99,5.0,-0.0499999999999998,-0.990099009900991,4346568.0
600722,20200117,5.01,5.07,4.95,4.96,-0.04,-0.8000000000000007,4130655.0
600722,20200120,4.97,5.04,4.93,5.04,0.08,1.6129032258064502,3551881.0
600722,20200121,5.02,5.03,4.87,4.9,-0.1399999999999996,-2.777777777777768,6508718.0
600722,20200122,4.85,4.91,4.78,4.85,-0.0500000000000007,-1.0204081632653184,5683411.0
600722,20200123,4.84,4.87,4.65,4.68,-0.1699999999999999,-3.5051546391752564,6201056.0
600722,20200203,4.21,4.21,4.21,4.21,-0.4699999999999997,-10.04273504273504,1191500.0
600722,20200204,3.79,4.06,3.79,4.01,-0.2000000000000001,-4.750593824228034,10628335.0
600722,20200205,4.04,4.15,4.0,4.14,0.1299999999999999,3.241895261845374,6899430.0
600722,20200206,4.15,4.26,4.07,4.22,0.08,1.932367149758463,7453882.0
600722,20200207,4.18,4.29,4.16,4.23,0.0100000000000006,0.2369668246445577,5918159.0
600722,20200210,4.23,4.3,4.2,4.29,0.0599999999999996,1.4184397163120366,5913393.0
600722,20200211,4.28,4.35,4.25,4.26,-0.0300000000000002,-0.6993006993007089,5539892.0
600722,20200212,4.3,4.36,4.25,4.33,0.0700000000000002,1.6431924882629234,6243438.0
600722,20200213,4.4,4.46,4.31,4.32,-0.0099999999999997,-0.2309468822170868,7253007.0
600722,20200214,4.32,4.52,4.26,4.37,0.0499999999999998,1.157407407407396,9698183.0
600722,20200217,4.36,4.46,4.33,4.45,0.08,1.8306636155606348,10764615.0
600722,20200218,4.44,4.48,4.41,4.46,0.0099999999999997,0.2247191011235827,7901375.0
600722,20200219,4.46,4.57,4.45,4.51,0.0499999999999998,1.1210762331838486,9045912.0
600722,20200220,4.53,4.57,4.46,4.56,0.0499999999999998,1.1086474501108556,9570609.0
600722,20200221,4.54,4.6,4.53,4.55,-0.0099999999999997,-0.2192982456140302,7996106.0
600722,20200224,4.52,4.53,4.44,4.5,-0.0499999999999998,-1.098901098901095,8473600.0
600722,20200225,4.38,4.43,4.23,4.36,-0.1399999999999996,-3.111111111111109,11480409.0
600722,20200226,4.3,4.46,4.27,4.35,-0.0100000000000006,-0.2293577981651529,9034144.0
600722,20200227,4.38,4.4,4.3,4.32,-0.0299999999999993,-0.6896551724137834,6610245.0
600722,20200228,4.24,4.24,4.03,4.04,-0.2800000000000002,-6.481481481481488,9410108.0
600722,20200302,4.04,4.22,4.03,4.19,0.1500000000000003,3.712871287128716,5109611.0
600722,20200303,4.22,4.3,4.21,4.25,0.0599999999999996,1.4319809069212264,5506900.0
600722,20200304,4.19,4.28,4.16,4.28,0.0300000000000002,0.7058823529411784,5926685.0
600722,20200305,4.28,4.43,4.28,4.42,0.1399999999999996,3.2710280373831724,11883861.0
600722,20200306,4.36,4.54,4.32,4.46,0.04,0.9049773755656076,11620124.0
600722,20200309,4.38,4.45,4.25,4.26,-0.2000000000000001,-4.484304932735428,9943220.0
600722,20200310,4.18,4.28,4.06,4.27,0.0099999999999997,0.2347417840375509,9619815.0
600722,20200311,4.29,4.34,4.22,4.23,-0.0399999999999991,-0.9367681498828828,6325440.0
600722,20200312,4.19,4.19,4.1,4.13,-0.1000000000000005,-2.3640661938534424,5543568.0
600722,20200313,4.0,4.09,3.8,4.05,-0.08,-1.937046004842613,7410015.0
600722,20200316,4.11,4.18,3.99,4.01,-0.04,-0.987654320987652,6984881.0
600722,20200317,3.99,4.05,3.85,3.96,-0.0499999999999998,-1.2468827930174564,5520583.0
600722,20200318,3.96,4.05,3.91,3.93,-0.0299999999999998,-0.7575757575757569,4013252.0
600722,20200319,3.98,4.04,3.91,4.04,0.1099999999999998,2.7989821882951516,6006984.0
600722,20200320,4.05,4.08,3.98,4.06,0.0199999999999995,0.4950495049504955,5626700.0
600722,20200323,3.95,3.97,3.83,3.84,-0.2199999999999997,-5.418719211822653,4883401.0
600722,20200324,3.9,3.94,3.84,3.91,0.0700000000000002,1.822916666666674,3615000.0
600722,20200325,3.97,4.01,3.94,4.0,0.0899999999999998,2.3017902813299296,4502601.0
600722,20200326,3.98,4.0,3.92,3.94,-0.06,-1.500000000000001,3797700.0
600722,20200327,3.97,3.99,3.92,3.94,0.0,0.0,3222100.0
600722,20200330,3.9,4.07,3.83,3.99,0.0500000000000002,1.2690355329949332,6901819.0
600722,20200331,4.0,4.03,3.87,3.92,-0.0700000000000002,-1.7543859649122862,5095500.0
600722,20200401,3.9,3.94,3.87,3.87,-0.0499999999999998,-1.2755102040816313,3596200.0
600722,20200402,3.83,3.92,3.83,3.91,0.04,1.033591731266159,3567440.0
600722,20200403,3.93,3.94,3.86,3.88,-0.0300000000000002,-0.7672634271099765,3141770.0
600722,20200407,3.93,4.0,3.91,3.98,0.1,2.577319587628879,5238357.0
600722,20200408,3.95,4.02,3.94,4.01,0.0299999999999998,0.7537688442210921,5072509.0
600722,20200409,4.03,4.08,4.02,4.05,0.04,0.9975062344139696,6372000.0
600722,20200410,4.05,4.05,3.93,3.93,-0.1199999999999996,-2.962962962962956,5656710.0
600722,20200413,3.94,3.97,3.88,3.91,-0.02,-0.5089058524173073,3168188.0
600722,20200414,3.9,3.95,3.89,3.95,0.04,1.0230179028132946,2636097.0
600722,20200415,3.95,3.96,3.88,3.89,-0.06,-1.518987341772149,4029700.0
600722,20200416,3.88,3.9,3.86,3.9,0.0099999999999997,0.2570694087403513,2979873.0
600722,20200417,3.91,3.92,3.88,3.89,-0.0099999999999997,-0.2564102564102555,3880842.0
600722,20200420,3.9,3.91,3.83,3.87,-0.02,-0.5141388174807249,5486000.0
600722,20200421,3.85,3.86,3.77,3.79,-0.08,-2.067183462532296,5335781.0
600722,20200422,3.76,3.79,3.71,3.79,0.0,0.0,4279100.0
600722,20200423,3.79,3.85,3.75,3.84,0.0499999999999998,1.319261213720302,5908994.0
600722,20200424,3.84,3.88,3.76,3.79,-0.0499999999999998,-1.302083333333326,4332943.0
600722,20200427,3.76,3.79,3.71,3.71,-0.08,-2.110817941952503,3587508.0
600722,20200428,3.73,3.74,3.34,3.34,-0.3700000000000001,-9.973045822102431,18179878.0
600722,20200429,3.32,3.32,3.19,3.23,-0.1099999999999998,-3.293413173652693,10666786.0
600722,20200430,3.25,3.35,3.24,3.32,0.0899999999999998,2.786377708978316,8049800.0
600722,20200506,3.32,3.41,3.3,3.4,0.08,2.4096385542168752,6303100.0
600722,20200507,3.41,3.5,3.39,3.39,-0.0099999999999997,-0.2941176470588225,5997600.0
600722,20200508,3.41,3.45,3.41,3.43,0.04,1.179941002949847,3569803.0
600722,20200511,3.45,3.47,3.39,3.43,0.0,0.0,3679100.0
600722,20200512,3.42,3.42,3.34,3.37,-0.06,-1.7492711370262426,2920700.0
600722,20200513,3.35,3.39,3.34,3.35,-0.02,-0.5934718100890191,3101300.0
600722,20200514,3.36,3.36,3.3,3.3,-0.0500000000000002,-1.49253731343284,4157000.0
600722,20200515,3.33,3.34,3.29,3.29,-0.0099999999999997,-0.3030303030302939,3701356.0
600722,20200518,3.32,3.33,3.26,3.29,0.0,0.0,3579801.0
600722,20200519,3.31,3.36,3.31,3.36,0.0699999999999998,2.127659574468077,3719067.0
600722,20200520,3.35,3.36,3.29,3.31,-0.0499999999999998,-1.4880952380952328,3857670.0
600722,20200521,3.31,3.35,3.28,3.28,-0.0300000000000002,-0.9063444108761364,3990103.0
600722,20200522,3.29,3.3,3.17,3.2,-0.0799999999999996,-2.4390243902438935,4960200.0
600722,20200525,3.23,3.46,3.19,3.33,0.1299999999999999,4.062499999999991,8994074.0
600722,20200526,3.31,3.37,3.31,3.37,0.04,1.2012012012011963,5542244.0
600722,20200527,3.35,3.38,3.33,3.35,-0.02,-0.5934718100890191,3841276.0
600722,20200528,3.35,3.37,3.31,3.36,0.0099999999999997,0.2985074626865591,3489200.0
600722,20200529,3.33,3.58,3.32,3.44,0.08,2.3809523809523725,11922671.0
600722,20200601,3.45,3.5,3.4,3.48,0.04,1.162790697674421,8868379.0
600722,20200602,3.47,3.55,3.46,3.53,0.0499999999999998,1.436781609195403,7159636.0
600722,20200603,3.54,3.56,3.47,3.47,-0.0599999999999996,-1.6997167138810054,6080403.0
600722,20200604,3.5,3.61,3.47,3.53,0.0599999999999996,1.7291066282420609,7749209.0
600722,20200605,3.53,3.55,3.46,3.48,-0.0499999999999998,-1.4164305949008416,5086922.0
600722,20200608,3.49,3.54,3.44,3.46,-0.02,-0.5747126436781658,4009894.0
600722,20200609,3.45,3.49,3.44,3.46,0.0,0.0,4726915.0
600722,20200610,3.47,3.47,3.38,3.4,-0.06,-1.7341040462427793,4219100.0
600722,20200611,3.41,3.42,3.35,3.36,-0.04,-1.17647058823529,4103356.0
600722,20200612,3.34,3.38,3.29,3.36,0.0,0.0,4468730.0
600722,20200615,3.34,3.46,3.33,3.41,0.0500000000000002,1.488095238095255,4930107.0
600722,20200616,3.39,3.47,3.39,3.47,0.06,1.7595307917888547,4377475.0
600722,20200617,3.47,3.51,3.44,3.47,0.0,0.0,4165926.0
600722,20200618,3.47,3.5,3.45,3.47,0.0,0.0,3052290.0
600722,20200619,3.47,3.5,3.46,3.49,0.02,0.5763688760807018,4412200.0
600722,20200622,3.49,3.5,3.44,3.44,-0.0500000000000002,-1.4326647564469996,3882165.0
600722,20200623,3.43,3.44,3.35,3.38,-0.06,-1.744186046511631,3805819.0
600722,20200624,3.39,3.4,3.32,3.35,-0.0299999999999998,-0.8875739644970349,3847001.0
600722,20200629,3.35,3.36,3.27,3.29,-0.06,-1.7910447761193993,3585710.0
600722,20200630,3.31,3.35,3.31,3.33,0.04,1.215805471124631,2563610.0
600722,20200701,3.36,3.38,3.33,3.38,0.0499999999999998,1.501501501501501,4015286.0
600722,20200702,3.38,3.45,3.35,3.44,0.06,1.775147928994092,7341400.0
600722,20200703,3.45,3.58,3.44,3.55,0.1099999999999998,3.197674418604657,12301552.0
600722,20200706,3.56,3.8,3.56,3.76,0.2099999999999999,5.915492957746471,16074320.0
600722,20200707,3.82,3.88,3.67,3.7,-0.0599999999999996,-1.5957446808510525,19519639.0
600722,20200708,3.74,4.07,3.73,4.07,0.3700000000000001,10.000000000000009,12221711.0
600722,20200709,4.18,4.38,4.1,4.19,0.1200000000000001,2.9484029484029506,43273979.0
600722,20200710,4.06,4.2,4.03,4.04,-0.1500000000000003,-3.5799522673031103,20936602.0
600722,20200713,4.03,4.35,4.01,4.2,0.1600000000000001,3.960396039603964,21850178.0
600722,20200714,4.16,4.25,4.07,4.19,-0.0099999999999997,-0.2380952380952372,16215196.0
600722,20200715,4.29,4.48,4.22,4.31,0.1199999999999992,2.8639618138424527,33387569.0
600722,20200716,4.24,4.29,4.02,4.05,-0.2599999999999998,-6.03248259860788,22223732.0
600722,20200717,4.03,4.11,3.83,3.88,-0.1699999999999999,-4.19753086419753,13783923.0
600722,20200720,3.93,4.27,3.89,4.27,0.3899999999999997,10.051546391752565,25122144.0
600722,20200721,4.3,4.45,4.24,4.27,0.0,0.0,33240596.0
600722,20200722,4.22,4.65,4.2,4.44,0.1700000000000008,3.981264637002369,42983946.0
600722,20200723,4.37,4.43,4.22,4.32,-0.1200000000000001,-2.7027027027027084,23780673.0
600722,20200724,4.33,4.35,4.05,4.09,-0.2300000000000004,-5.3240740740740815,18518696.0
600722,20200727,4.13,4.22,4.05,4.14,0.0499999999999998,1.222493887530551,9773100.0
600722,20200728,4.12,4.21,4.07,4.12,-0.0199999999999995,-0.4830917874396045,9697830.0
600722,20200729,4.1,4.19,4.03,4.19,0.0700000000000002,1.6990291262136026,11975683.0
600722,20200730,4.18,4.38,4.17,4.27,0.0799999999999991,1.909307875894961,19857939.0
600722,20200731,4.23,4.34,4.19,4.28,0.0100000000000006,0.2341920374707484,15258300.0
600722,20200803,4.28,4.35,4.25,4.34,0.0599999999999996,1.4018691588784993,18727917.0
600722,20200804,4.35,4.39,4.21,4.25,-0.0899999999999998,-2.073732718894006,12946091.0
600722,20200805,4.26,4.26,4.15,4.21,-0.04,-0.9411764705882342,9626400.0
600722,20200806,4.22,4.24,4.09,4.14,-0.0700000000000002,-1.6627078384798155,10649206.0
600722,20200807,4.1,4.14,4.03,4.07,-0.0699999999999994,-1.6908212560386326,8563784.0
600722,20200810,4.07,4.25,4.07,4.24,0.1699999999999999,4.176904176904173,12794239.0
600722,20200811,4.27,4.27,4.08,4.09,-0.1500000000000003,-3.5377358490566113,10863100.0
600722,20200812,4.07,4.42,4.03,4.37,0.2800000000000002,6.8459657701711585,24566432.0
600722,20200813,4.36,4.59,4.27,4.42,0.0499999999999998,1.1441647597253857,40702862.0
600722,20200814,4.36,4.86,4.28,4.86,0.4400000000000004,9.954751131221728,34139113.0
600722,20200817,5.04,5.26,4.7,4.82,-0.04,-0.8230452674897082,66148745.0
600722,20200818,4.72,5.17,4.66,5.02,0.1999999999999993,4.149377593360981,56314965.0
600722,20200819,4.87,4.9,4.7,4.7,-0.3199999999999994,-6.374501992031856,33422437.0
600722,20200820,4.7,4.7,4.53,4.57,-0.1299999999999999,-2.765957446808509,18125097.0
600722,20200821,4.6,4.64,4.54,4.57,0.0,0.0,13734436.0
600722,20200824,4.58,4.74,4.55,4.63,0.0599999999999996,1.3129102844638971,13329914.0
600722,20200825,4.63,4.63,4.41,4.44,-0.1899999999999995,-4.10367170626349,16760951.0
600722,20200826,4.4,4.4,4.22,4.23,-0.2099999999999999,-4.729729729729726,14869102.0
600722,20200827,4.23,4.32,4.2,4.28,0.0499999999999998,1.1820330969267046,7363188.0
600722,20200828,4.24,4.31,4.23,4.3,0.0199999999999995,0.4672897196261516,5851612.0
600722,20200831,4.33,4.37,4.27,4.27,-0.0300000000000002,-0.6976744186046546,8848039.0
600722,20200901,4.29,4.34,4.24,4.33,0.0600000000000005,1.4051522248243575,7102340.0
600722,20200902,4.33,4.34,4.26,4.3,-0.0300000000000002,-0.6928406466512715,6139426.0
600722,20200903,4.3,4.32,4.17,4.19,-0.1099999999999994,-2.5581395348837077,8234400.0
600722,20200904,4.11,4.21,4.1,4.2,0.0099999999999997,0.2386634844868673,5509956.0
600722,20200907,4.3,4.39,4.22,4.28,0.08,1.904761904761898,11368700.0
600722,20200908,4.4,4.4,4.31,4.37,0.0899999999999998,2.102803738317749,11432519.0
600722,20200909,4.33,4.42,4.29,4.33,-0.04,-0.9153318077803174,9328442.0
600722,20200910,4.35,4.37,4.13,4.14,-0.1900000000000004,-4.387990762124716,8431780.0
600722,20200911,4.15,4.17,4.11,4.16,0.0200000000000004,0.4830917874396156,4173400.0
600722,20200914,4.2,4.22,4.1,4.15,-0.0099999999999997,-0.2403846153846145,5273579.0
600722,20200915,4.17,4.2,4.14,4.16,0.0099999999999997,0.2409638554216719,4012600.0
600722,20200916,4.15,4.15,4.1,4.11,-0.0499999999999998,-1.2019230769230729,4176100.0
600722,20200917,4.07,4.12,4.04,4.07,-0.04,-0.9732360097323588,4400300.0
600722,20200918,4.07,4.12,4.05,4.11,0.04,0.9828009828009908,4001100.0
600722,20200921,4.12,4.14,4.1,4.11,0.0,0.0,3088609.0
600722,20200922,4.09,4.1,4.01,4.02,-0.0900000000000007,-2.1897810218978297,5156600.0
600722,20200923,4.03,4.06,4.0,4.03,0.0100000000000006,0.2487562189054992,2957566.0
600722,20200924,4.02,4.02,3.94,3.95,-0.08,-1.985111662531014,3721441.0
600722,20200925,3.97,3.98,3.85,3.88,-0.0700000000000002,-1.7721518987341869,3950410.0
600722,20200928,3.88,3.92,3.8,3.8,-0.08,-2.061855670103097,3900155.0
600722,20200929,3.8,3.84,3.78,3.81,0.0100000000000002,0.263157894736854,2697004.0
600722,20200930,3.83,3.84,3.73,3.76,-0.0500000000000002,-1.3123359580052618,2674300.0
600722,20201009,3.8,3.91,3.8,3.86,0.1,2.659574468085113,3674734.0
600722,20201012,3.89,4.05,3.87,4.05,0.1899999999999999,4.922279792746109,6231753.0
600722,20201013,4.05,4.07,3.99,4.01,-0.04,-0.987654320987652,3626600.0
600722,20201014,4.02,4.08,3.96,3.98,-0.0299999999999998,-0.7481296758104716,4854904.0
600722,20201015,3.98,4.0,3.89,3.92,-0.06,-1.5075376884422176,3419804.0
600722,20201016,3.93,3.96,3.88,3.93,0.0100000000000002,0.2551020408163351,2450868.0
600722,20201019,3.95,4.01,3.92,3.93,0.0,0.0,3008292.0
600722,20201020,3.93,4.0,3.89,4.0,0.0699999999999998,1.781170483460559,3373079.0
600722,20201021,4.02,4.14,3.94,4.02,0.0199999999999995,0.4999999999999893,8146601.0
600722,20201022,3.99,3.99,3.92,3.95,-0.0699999999999994,-1.741293532338295,4771176.0
600722,20201023,3.97,3.98,3.84,3.85,-0.1,-2.5316455696202556,4604857.0
600722,20201026,3.88,3.88,3.79,3.8,-0.0500000000000002,-1.2987012987013102,3403101.0
600722,20201027,3.78,3.81,3.76,3.79,-0.0099999999999997,-0.2631578947368318,2200879.0
600722,20201028,3.79,3.81,3.74,3.77,-0.02,-0.527704485488123,2531102.0
600722,20201029,3.75,3.76,3.68,3.71,-0.06,-1.5915119363395291,4059900.0
600722,20201030,3.7,3.7,3.48,3.51,-0.2000000000000001,-5.39083557951483,8100717.0
600722,20201102,3.51,3.55,3.47,3.53,0.02,0.5698005698005604,3715000.0
600722,20201103,3.54,3.7,3.53,3.67,0.1400000000000001,3.966005665722383,4939579.0
600722,20201104,3.75,3.75,3.62,3.65,-0.02,-0.544959128065392,2639700.0
600722,20201105,3.66,3.71,3.66,3.69,0.04,1.0958904109588996,2952311.0
600722,20201106,3.7,3.71,3.63,3.67,-0.02,-0.5420054200542035,2313400.0
600722,20201109,3.69,3.76,3.69,3.74,0.0700000000000002,1.9073569482289,3800900.0
600722,20201110,3.74,3.85,3.73,3.78,0.0399999999999995,1.0695187165775222,6700711.0
600722,20201111,3.78,3.94,3.74,3.92,0.1400000000000001,3.703703703703698,11972541.0
600722,20201112,3.9,3.95,3.81,3.92,0.0,0.0,7226525.0
600722,20201113,3.89,4.05,3.88,4.05,0.1299999999999999,3.316326530612246,15249963.0
600722,20201116,4.18,4.46,4.08,4.46,0.4100000000000001,10.123456790123452,20101404.0
600722,20201117,4.5,4.84,4.25,4.41,-0.0499999999999998,-1.1210762331838486,52016674.0
600722,20201118,4.29,4.52,4.16,4.44,0.0300000000000002,0.6802721088435382,36214841.0
600722,20201119,4.38,4.48,4.27,4.3,-0.1400000000000005,-3.153153153153166,25181561.0
600722,20201120,4.28,4.34,4.18,4.28,-0.0199999999999995,-0.4651162790697549,17809306.0
600722,20201123,4.34,4.71,4.28,4.71,0.4299999999999997,10.046728971962615,17824801.0
600722,20201124,5.13,5.14,4.71,4.8,0.0899999999999998,1.9108280254777064,77992428.0
600722,20201125,4.46,4.8,4.39,4.42,-0.3799999999999999,-7.916666666666661,47659857.0
600722,20201126,4.32,4.37,4.21,4.25,-0.1699999999999999,-3.846153846153843,26204296.0
600722,20201127,4.26,4.28,4.18,4.28,0.0300000000000002,0.7058823529411784,15359313.0
600722,20201130,4.28,4.4,4.22,4.29,0.0099999999999997,0.2336448598130758,18428685.0
600722,20201201,4.28,4.37,4.22,4.35,0.0599999999999996,1.3986013986013957,14703658.0
600722,20201202,4.3,4.35,4.24,4.26,-0.0899999999999998,-2.0689655172413723,13080506.0
600722,20201203,4.25,4.26,4.1,4.15,-0.1099999999999994,-2.5821596244131273,13946600.0
600722,20201204,4.18,4.28,4.13,4.21,0.0599999999999996,1.4457831325301207,8909157.0
600722,20201207,4.28,4.33,4.2,4.23,0.0200000000000004,0.4750593824228044,9468001.0
600722,20201208,4.2,4.24,4.15,4.16,-0.0700000000000002,-1.654846335697402,6089943.0
600722,20201209,4.16,4.22,4.11,4.11,-0.0499999999999998,-1.2019230769230729,8743101.0
600722,20201210,4.22,4.33,4.2,4.3,0.1899999999999995,4.622871046228694,21080272.0
600722,20201211,4.25,4.73,4.25,4.56,0.2599999999999998,6.04651162790697,49258476.0
600722,20201214,4.5,4.57,4.34,4.43,-0.1299999999999999,-2.8508771929824595,31754001.0
600722,20201215,4.37,4.41,4.13,4.35,-0.08,-1.8058690744921055,26911151.0
600722,20201216,4.29,4.33,4.14,4.15,-0.1999999999999993,-4.597701149425271,15598373.0
600722,20201217,4.17,4.29,4.1,4.22,0.0699999999999994,1.686746987951793,15556453.0
600722,20201218,4.28,4.48,4.25,4.3,0.08,1.8957345971563957,23619133.0
600722,20201221,4.28,4.4,4.25,4.38,0.08,1.860465116279064,19533489.0
600722,20201222,4.38,4.4,4.17,4.17,-0.2099999999999999,-4.794520547945202,16282719.0
600722,20201223,4.15,4.5,4.14,4.28,0.1100000000000003,2.6378896882494063,16324698.0
600722,20201224,4.38,4.55,4.28,4.52,0.2399999999999993,5.607476635513997,35256542.0
600722,20201225,4.44,4.6,4.37,4.56,0.04,0.8849557522123908,26720258.0
600722,20201228,4.53,4.66,4.42,4.6,0.04,0.8771929824561431,23625546.0
600722,20201229,4.55,4.55,4.36,4.45,-0.1499999999999994,-3.2608695652173836,15953473.0
600722,20201230,4.39,4.9,4.39,4.67,0.2199999999999997,4.9438202247190866,40165833.0
600722,20201231,4.65,4.75,4.6,4.65,-0.0199999999999995,-0.4282655246252598,23150619.0
600722,20210104,4.71,4.9,4.61,4.75,0.0999999999999996,2.1505376344086,27600956.0
600722,20210105,4.64,4.64,4.43,4.58,-0.1699999999999999,-3.578947368421048,25196201.0
600722,20210106,4.53,4.57,4.28,4.32,-0.2599999999999998,-5.676855895196498,20360391.0
600722,20210107,4.29,4.5,4.22,4.31,-0.0100000000000006,-0.2314814814814991,15125355.0
600722,20210108,4.24,4.29,4.1,4.22,-0.0899999999999998,-2.088167053364265,11027236.0
600722,20210111,4.2,4.23,3.85,3.88,-0.3399999999999998,-8.056872037914687,19830219.0
600722,20210112,3.86,3.97,3.83,3.88,0.0,0.0,9312065.0
600722,20210113,3.88,3.88,3.65,3.7,-0.1799999999999997,-4.639175257731953,14639221.0
600722,20210114,3.72,3.74,3.57,3.66,-0.04,-1.0810810810810811,7428999.0
600722,20210115,3.65,3.77,3.6,3.74,0.08,2.1857923497267784,6457220.0
600722,20210118,3.75,3.84,3.74,3.81,0.0699999999999998,1.8716577540106805,6139938.0
600722,20210119,3.81,3.89,3.78,3.85,0.04,1.049868766404205,5766943.0
600722,20210120,3.84,4.12,3.81,3.99,0.1400000000000001,3.6363636363636376,15189409.0
600722,20210121,3.92,3.98,3.88,3.96,-0.0300000000000002,-0.7518796992481258,8166079.0
600722,20210122,3.97,4.1,3.85,3.92,-0.04,-1.0101010101010055,9967801.0
600722,20210125,3.88,3.92,3.7,3.77,-0.1499999999999999,-3.826530612244894,8474962.0
600722,20210126,3.77,3.8,3.7,3.76,-0.0100000000000002,-0.2652519893899252,4336028.0
600722,20210127,3.75,3.82,3.74,3.77,0.0100000000000002,0.2659574468085068,4759888.0
600722,20210128,3.69,3.81,3.65,3.72,-0.0499999999999998,-1.3262599469495928,4239995.0
600722,20210129,3.72,3.76,3.54,3.6,-0.1200000000000001,-3.2258064516129115,6790135.0
600722,20210201,3.61,3.74,3.6,3.72,0.1200000000000001,3.3333333333333437,4870164.0
600722,20210202,3.72,3.73,3.63,3.67,-0.0500000000000002,-1.3440860215053865,4466574.0
600722,20210203,3.68,3.9,3.61,3.77,0.1,2.7247956403269713,9616459.0
600722,20210204,3.68,3.77,3.61,3.76,-0.0100000000000002,-0.2652519893899252,5983572.0
600722,20210205,3.76,3.95,3.74,3.87,0.1100000000000003,2.92553191489362,10929342.0
600722,20210208,3.92,4.26,3.84,4.26,0.3899999999999997,10.077519379844958,19156293.0
600722,20210209,4.69,4.69,4.69,4.69,0.4300000000000006,10.093896713615049,9163501.0
600722,20210210,5.16,5.16,5.02,5.16,0.4699999999999997,10.021321961620464,45867216.0
600722,20210218,5.68,5.68,5.68,5.68,0.5199999999999996,10.077519379844958,8651201.0
600722,20210219,6.25,6.25,6.25,6.25,0.5700000000000003,10.035211267605648,12555051.0
600722,20210222,6.88,6.88,6.88,6.88,0.6299999999999999,10.08,5184069.0
600722,20210223,7.57,7.57,6.98,7.57,0.6900000000000004,10.029069767441868,193165086.0
600722,20210224,7.3,7.5,6.81,7.07,-0.5,-6.605019815059443,165016699.0
600722,20210225,7.07,7.29,6.36,6.36,-0.71,-10.042432814710043,122392196.0
600722,20210226,5.75,7.0,5.75,6.7,0.3399999999999998,5.345911949685522,155316723.0
600722,20210301,6.65,7.37,6.5,7.37,0.6699999999999999,10.000000000000009,167002285.0
600722,20210302,7.0,7.36,6.63,6.75,-0.6200000000000001,-8.412483039348718,157213706.0
600722,20210303,6.46,7.43,6.35,7.43,0.6799999999999997,10.07407407407408,167736625.0
600722,20210304,7.22,8.17,7.09,8.17,0.7400000000000002,9.95962314939436,182743845.0
600722,20210305,7.8,8.87,7.6,7.81,-0.3600000000000003,-4.406364749082014,172425572.0
600722,20210308,7.63,8.22,7.63,7.78,-0.0299999999999993,-0.3841229193341733,133119011.0
600722,20210309,7.25,7.46,7.0,7.0,-0.7800000000000002,-10.025706940874034,93352744.0
600722,20210310,6.59,7.7,6.35,7.7,0.7000000000000002,10.000000000000009,150856814.0
600722,20210311,7.56,8.15,7.42,7.61,-0.0899999999999998,-1.1688311688311637,141236535.0
600722,20210312,7.3,8.29,7.2,7.8,0.1899999999999995,2.4967148488830526,127461294.0
600722,20210315,7.6,8.58,7.41,8.58,0.7800000000000002,10.000000000000009,145546799.0
600722,20210316,8.38,9.37,8.15,8.73,0.1500000000000003,1.74825174825175,171578488.0
600722,20210317,8.38,9.13,7.98,8.53,-0.200000000000001,-2.290950744559006,126711246.0
600722,20210318,8.25,8.75,8.01,8.16,-0.3699999999999992,-4.337631887456029,105091669.0
600722,20210319,7.79,8.27,7.61,7.66,-0.5,-6.127450980392157,91741133.0
600722,20210322,7.68,8.16,7.52,7.98,0.3200000000000003,4.177545691906004,91147054.0
600722,20210323,8.0,8.1,7.18,7.21,-0.7700000000000005,-9.649122807017552,102449968.0
600722,20210324,6.96,7.05,6.51,6.59,-0.6200000000000001,-8.59916782246879,82605621.0
600722,20210325,6.53,6.86,6.36,6.49,-0.0999999999999996,-1.5174506828528056,60729093.0
600722,20210326,6.46,6.7,6.22,6.54,0.0499999999999998,0.7704160246533087,58848136.0
600722,20210329,6.53,7.15,6.4,6.96,0.4199999999999999,6.422018348623859,86150769.0
600722,20210330,6.72,6.9,6.52,6.61,-0.3499999999999996,-5.028735632183901,63467718.0
600722,20210331,6.58,6.79,6.37,6.6,-0.0100000000000006,-0.1512859304084846,45045385.0
600722,20210401,6.58,6.91,6.49,6.71,0.1100000000000003,1.6666666666666607,58322882.0
600722,20210402,6.71,6.93,6.6,6.67,-0.04,-0.5961251862891204,53259269.0
600722,20210406,6.51,6.89,6.51,6.77,0.0999999999999996,1.4992503748125774,47183154.0
600722,20210407,6.7,7.27,6.65,7.07,0.3000000000000007,4.431314623338278,86270487.0
600722,20210408,6.85,7.21,6.73,6.88,-0.1900000000000004,-2.6874115983026914,64759624.0
600722,20210409,6.88,7.14,6.83,6.9,0.0200000000000004,0.2906976744186051,49448709.0
600722,20210412,7.0,7.0,6.54,6.58,-0.3200000000000003,-4.637681159420293,44548845.0
600722,20210413,6.5,6.62,6.02,6.08,-0.5,-7.598784194528873,46504322.0
600722,20210414,6.08,6.18,5.98,6.11,0.0300000000000002,0.4934210526315929,27994446.0
600722,20210415,6.07,6.11,5.92,5.96,-0.1500000000000003,-2.454991816693952,26531052.0
600722,20210416,6.0,6.12,6.0,6.07,0.1100000000000003,1.8456375838926231,25797242.0
600722,20210419,6.05,6.19,6.03,6.11,0.04,0.6589785831960571,26914069.0
600722,20210420,6.11,6.14,6.04,6.05,-0.0600000000000005,-0.9819967266775808,26442369.0
600722,20210421,6.0,6.05,5.76,5.95,-0.0999999999999996,-1.6528925619834656,27701843.0
600722,20210422,5.99,6.16,5.93,6.01,0.0599999999999996,1.0084033613445342,27141586.0
600722,20210423,5.95,5.95,5.79,5.86,-0.1499999999999994,-2.4958402662229484,23514648.0
600722,20210426,5.86,5.95,5.8,5.8,-0.0600000000000005,-1.0238907849829393,20238397.0
600722,20210427,5.78,6.15,5.53,5.98,0.1800000000000006,3.1034482758620863,43142793.0
600722,20210428,5.83,5.88,5.68,5.7,-0.2800000000000002,-4.682274247491646,30023832.0
600722,20210429,5.65,5.78,5.55,5.61,-0.0899999999999998,-1.5789473684210464,20912951.0
600722,20210430,5.62,5.75,5.52,5.53,-0.08,-1.426024955436722,15090201.0
600722,20210506,5.59,5.74,5.53,5.72,0.1899999999999995,3.435804701627476,26469826.0
600722,20210507,5.69,6.02,5.67,5.95,0.2300000000000004,4.020979020979021,44481759.0
600722,20210510,5.96,6.5,5.94,6.33,0.3799999999999999,6.386554621848739,58651687.0
600722,20210511,6.1,6.25,6.0,6.19,-0.1399999999999996,-2.211690363349128,40639909.0
600722,20210512,6.14,6.81,6.06,6.81,0.6199999999999992,10.016155088852983,78202658.0
600722,20210513,7.16,7.49,6.81,6.88,0.0700000000000002,1.027900146842886,129829439.0
600722,20210514,6.61,7.16,6.37,6.88,0.0,0.0,100117534.0
600722,20210517,6.72,6.72,6.42,6.45,-0.4299999999999997,-6.25,58191867.0
600722,20210518,6.41,6.7,6.37,6.55,0.0999999999999996,1.5503875968992276,45300644.0
600722,20210519,6.46,6.72,6.41,6.56,0.0099999999999997,0.1526717557251977,38645547.0
600722,20210520,6.43,6.49,6.2,6.27,-0.29,-4.4207317073170715,40539217.0
600722,20210521,6.25,6.43,6.21,6.37,0.1000000000000005,1.594896331738438,29909479.0
600722,20210524,6.4,6.64,6.35,6.53,0.1600000000000001,2.511773940345363,39497108.0
600722,20210525,6.42,6.58,6.31,6.45,-0.08,-1.2251148545176171,33751254.0
600722,20210526,6.48,6.98,6.42,6.79,0.3399999999999998,5.271317829457356,71142844.0
600722,20210527,6.65,6.89,6.58,6.71,-0.08,-1.178203240058906,55292513.0
600722,20210528,6.73,6.83,6.46,6.46,-0.25,-3.725782414306999,45133516.0
600722,20210531,6.45,6.62,6.4,6.58,0.1200000000000001,1.8575851393188847,33068797.0
600722,20210601,6.57,6.98,6.45,6.85,0.2699999999999996,4.103343465045595,60233841.0
600722,20210602,6.78,7.15,6.75,6.9,0.0500000000000007,0.7299270072992803,79575893.0
600722,20210603,6.91,7.46,6.83,7.17,0.2699999999999996,3.913043478260869,83535064.0
600722,20210604,7.02,7.2,6.83,7.08,-0.0899999999999998,-1.2552301255230105,60010755.0
600722,20210607,7.13,7.79,7.04,7.79,0.71,10.028248587570632,79325418.0
600722,20210608,7.88,7.96,7.35,7.45,-0.3399999999999998,-4.364569961489084,100301805.0
600722,20210609,7.45,7.84,7.01,7.65,0.2000000000000001,2.684563758389258,90956121.0
600722,20210610,7.45,7.51,7.22,7.23,-0.4199999999999999,-5.490196078431375,63031132.0
600722,20210611,7.1,7.31,6.9,6.91,-0.3200000000000003,-4.426002766251735,51660136.0
600722,20210615,6.9,6.97,6.62,6.73,-0.1799999999999997,-2.604920405209832,35611708.0
600722,20210616,6.68,7.01,6.61,6.84,0.1099999999999994,1.634472511144125,40149928.0
600722,20210617,6.72,6.91,6.7,6.79,-0.0499999999999998,-0.7309941520467822,25542801.0
600722,20210618,6.7,6.71,6.37,6.59,-0.2000000000000001,-2.945508100147276,36697471.0
600722,20210621,6.54,6.65,6.5,6.55,-0.04,-0.6069802731411222,24093166.0
600722,20210622,6.59,6.78,6.58,6.72,0.1699999999999999,2.595419847328251,33105529.0
600722,20210623,6.7,6.85,6.53,6.76,0.04,0.5952380952380931,36601599.0
600722,20210624,6.72,6.74,6.51,6.52,-0.2400000000000002,-3.5502958579881727,24992487.0
600722,20210625,6.55,6.74,6.35,6.65,0.1300000000000007,1.9938650306748684,34072444.0
600722,20210628,6.58,6.75,6.55,6.67,0.0199999999999995,0.3007518796992459,20463597.0
600722,20210629,6.67,6.68,6.45,6.45,-0.2199999999999997,-3.2983508245877036,20157644.0
600722,20210630,6.5,6.53,6.2,6.24,-0.2099999999999999,-3.2558139534883734,27912034.0
600722,20210701,6.24,6.27,6.03,6.07,-0.1699999999999999,-2.724358974358976,18590182.0
600722,20210702,6.07,6.12,5.87,5.93,-0.1400000000000005,-2.3064250411861664,17006290.0
600722,20210705,5.9,6.16,5.86,6.11,0.1800000000000006,3.0354131534570117,18120278.0
600722,20210706,6.23,6.45,6.14,6.31,0.1999999999999993,3.2733224222585733,27655299.0
600722,20210707,6.2,6.34,6.16,6.25,-0.0599999999999996,-0.9508716323296308,16549199.0
600722,20210708,6.21,6.29,6.06,6.07,-0.1799999999999997,-2.8799999999999937,18625136.0
600722,20210709,6.04,6.38,5.99,6.32,0.25,4.1186161449752845,26106126.0
600722,20210712,6.45,6.66,6.35,6.57,0.25,3.955696202531645,37940489.0
600722,20210713,6.51,6.64,6.41,6.6,0.0299999999999993,0.4566210045662044,28235282.0
600722,20210714,6.68,6.72,6.48,6.57,-0.0299999999999993,-0.4545454545454408,26393787.0
600722,20210715,6.45,6.72,6.4,6.71,0.1399999999999996,2.130898021308969,33496261.0
600722,20210716,6.75,6.95,6.6,6.76,0.0499999999999998,0.7451564828613977,43799749.0
600722,20210719,6.76,6.85,6.53,6.55,-0.2099999999999999,-3.106508875739644,27828850.0
600722,20210720,6.4,6.53,6.26,6.51,-0.04,-0.6106870229007688,18829611.0
600722,20210721,6.5,6.66,6.41,6.47,-0.04,-0.6144393241167445,19926684.0
600722,20210722,6.55,6.69,6.48,6.64,0.1699999999999999,2.6275115919629055,25873849.0
600722,20210723,6.55,6.84,6.5,6.52,-0.1200000000000001,-1.8072289156626509,29096935.0
600722,20210726,6.5,6.65,6.22,6.33,-0.1899999999999995,-2.914110429447847,27240927.0
600722,20210727,6.26,6.6,6.11,6.11,-0.2199999999999997,-3.4755134281200584,27523754.0
600722,20210728,6.01,6.06,5.5,5.68,-0.4300000000000006,-7.037643207855981,26345091.0
600722,20210729,5.78,5.87,5.7,5.81,0.1299999999999999,2.2887323943661997,17069984.0
600722,20210730,5.86,6.03,5.8,5.99,0.1800000000000006,3.0981067125645634,18769307.0
600722,20210802,5.88,6.33,5.86,6.29,0.2999999999999998,5.008347245409017,22355993.0
600722,20210803,6.29,6.57,6.22,6.36,0.0700000000000002,1.1128775834658322,25123930.0
600722,20210804,6.38,6.46,6.28,6.39,0.0299999999999993,0.4716981132075304,17267335.0
600722,20210805,6.42,6.45,6.19,6.25,-0.1399999999999996,-2.1909233176838794,14745531.0
600722,20210806,6.28,6.33,6.16,6.27,0.0199999999999995,0.3199999999999869,13701583.0
600722,20210809,6.23,6.35,6.21,6.24,-0.0299999999999993,-0.4784688995215225,12618805.0
600722,20210810,6.22,6.37,6.18,6.23,-0.0099999999999997,-0.1602564102564097,14538433.0
600722,20210811,6.23,6.27,6.18,6.23,0.0,0.0,13140326.0
600722,20210812,6.2,6.46,6.13,6.39,0.1599999999999992,2.568218298555358,25028062.0
600722,20210813,6.36,6.54,6.3,6.49,0.1000000000000005,1.5649452269170585,28750208.0
600722,20210816,6.6,6.6,6.28,6.3,-0.1900000000000004,-2.927580893682591,24295463.0
600722,20210817,6.29,6.29,5.88,5.93,-0.3700000000000001,-5.873015873015874,24847696.0
600722,20210818,5.94,6.02,5.87,5.97,0.04,0.6745362563237878,17444753.0
600722,20210819,5.98,5.98,5.78,5.8,-0.1699999999999999,-2.8475711892797295,16413472.0
600722,20210820,5.79,5.79,5.61,5.76,-0.04,-0.6896551724137945,13293228.0
600722,20210823,5.76,5.96,5.75,5.95,0.1900000000000004,3.298611111111116,15650115.0
600722,20210824,5.93,6.04,5.9,5.93,-0.0200000000000004,-0.3361344537815225,13720717.0
600722,20210825,5.92,6.05,5.82,6.03,0.1000000000000005,1.6863406408094583,14811055.0
600722,20210826,6.02,6.11,5.96,5.98,-0.0499999999999998,-0.8291873963515717,15452020.0
600722,20210827,5.96,6.11,5.84,6.07,0.0899999999999998,1.5050167224080149,18890901.0
600722,20210830,6.05,6.15,6.0,6.03,-0.04,-0.658978583196046,17180533.0
600722,20210831,5.99,6.09,5.86,6.03,0.0,0.0,14647049.0
600722,20210901,6.0,6.3,5.95,6.05,0.0199999999999995,0.3316749585406287,28731300.0
600722,20210902,5.98,6.23,5.88,6.2,0.1500000000000003,2.479338842975221,30947838.0
600722,20210903,6.2,6.29,6.04,6.1,-0.1000000000000005,-1.6129032258064613,26291559.0
600722,20210906,6.14,6.25,5.95,6.09,-0.0099999999999997,-0.1639344262295061,20793949.0
600722,20210907,6.09,6.7,6.02,6.7,0.6100000000000003,10.016420361247944,44551291.0
600722,20210908,6.91,7.04,6.63,6.79,0.0899999999999998,1.3432835820895497,100451023.0
600722,20210909,6.95,7.22,6.82,7.0,0.2099999999999999,3.092783505154628,81868057.0
600722,20210910,6.93,7.27,6.8,6.82,-0.1799999999999997,-2.571428571428569,57982457.0
600722,20210913,6.85,7.24,6.81,7.2,0.3799999999999999,5.571847507331373,67584495.0
600722,20210914,7.1,7.27,6.84,7.03,-0.1699999999999999,-2.361111111111114,48426300.0
600722,20210915,6.92,7.32,6.86,7.28,0.25,3.556187766714092,59461355.0
600722,20210916,8.01,8.01,8.01,8.01,0.7299999999999995,10.027472527472517,17561957.0
600722,20210917,8.46,8.81,8.26,8.44,0.4299999999999997,5.36828963795255,139843388.0
600722,20210922,8.31,9.23,7.65,8.93,0.4900000000000002,5.805687203791465,125948388.0
600722,20210923,8.55,8.88,8.05,8.1,-0.8300000000000001,-9.294512877939532,97005179.0
600722,20210924,8.1,8.16,7.29,7.3,-0.7999999999999998,-9.876543209876544,69067133.0
600722,20210927,7.3,7.51,6.72,6.84,-0.4599999999999999,-6.301369863013695,49525851.0
600722,20210928,6.85,7.09,6.72,7.04,0.2000000000000001,2.923976608187129,39109479.0
600722,20210929,6.91,7.0,6.4,6.41,-0.6299999999999999,-8.948863636363635,38286542.0
600722,20210930,6.55,6.77,6.52,6.72,0.3099999999999996,4.836193447737913,30036646.0
600722,20211008,6.8,6.99,6.65,6.78,0.0600000000000005,0.8928571428571397,27633229.0
600722,20211011,6.99,7.07,6.76,7.04,0.2599999999999998,3.834808259587019,38267362.0
600722,20211012,7.14,7.27,6.62,6.74,-0.2999999999999998,-4.261363636363635,30381326.0
600722,20211013,6.66,6.75,6.2,6.36,-0.3799999999999999,-5.637982195845693,33448084.0
600722,20211014,6.16,6.48,6.16,6.37,0.0099999999999997,0.1572327044025101,20540886.0
600722,20211015,6.37,6.47,6.24,6.39,0.0199999999999995,0.3139717425431731,18619645.0
600722,20211018,6.41,6.62,6.35,6.6,0.2099999999999999,3.2863849765258246,23287625.0
600722,20211019,6.52,6.79,6.5,6.66,0.0600000000000005,0.909090909090926,23648034.0
600722,20211020,6.38,6.65,6.36,6.55,-0.1100000000000003,-1.6516516516516533,21637981.0
600722,20211021,6.55,6.83,6.49,6.74,0.1900000000000004,2.900763358778624,29826985.0
600722,20211022,6.72,6.87,6.5,6.51,-0.2300000000000004,-3.4124629080118707,33513893.0
600722,20211025,6.43,6.64,6.39,6.48,-0.0299999999999993,-0.4608294930875445,20533379.0
600722,20211026,6.5,6.54,6.22,6.23,-0.25,-3.858024691358019,31691304.0
600722,20211027,6.18,6.27,6.01,6.08,-0.1500000000000003,-2.4077046548956704,24946200.0
600722,20211028,6.07,6.09,5.77,5.8,-0.2800000000000002,-4.605263157894745,24125330.0
600722,20211029,5.88,5.92,5.76,5.84,0.04,0.6896551724137945,15371420.0
600722,20211101,5.83,5.94,5.8,5.89,0.0499999999999998,0.8561643835616417,14880091.0
600722,20211102,5.89,5.92,5.61,5.65,-0.2399999999999993,-4.074702886247872,19696693.0
600722,20211103,5.65,5.72,5.57,5.69,0.04,0.707964601769917,13449393.0
600722,20211104,5.69,5.75,5.63,5.68,-0.0100000000000006,-0.1757469244288323,13026043.0
600722,20211105,5.67,5.72,5.53,5.55,-0.1299999999999999,-2.2887323943661997,15746555.0
600722,20211108,5.59,5.66,5.52,5.66,0.1100000000000003,1.981981981981984,11484798.0
600722,20211109,5.69,5.78,5.63,5.76,0.0999999999999996,1.76678445229681,13058953.0
600722,20211110,5.7,5.74,5.62,5.73,-0.0299999999999993,-0.5208333333333259,10643837.0
600722,20211111,5.73,5.86,5.72,5.82,0.0899999999999998,1.5706806282722583,13624144.0
600722,20211112,5.83,5.84,5.76,5.78,-0.04,-0.6872852233676952,10208786.0
600722,20211115,5.83,5.83,5.72,5.8,0.0199999999999995,0.3460207612456578,8885078.0
600722,20211116,5.79,5.88,5.65,5.67,-0.1299999999999999,-2.2413793103448265,12491181.0
600722,20211117,5.68,5.76,5.66,5.75,0.08,1.4109347442680775,7993978.0
600722,20211118,5.72,5.96,5.72,5.91,0.1600000000000001,2.7826086956521667,22007051.0
600722,20211119,5.88,5.95,5.77,5.91,0.0,0.0,17851287.0
600722,20211122,5.91,6.02,5.91,5.93,0.0199999999999995,0.3384094754653066,12985448.0
600722,20211123,5.93,5.99,5.87,5.95,0.0200000000000004,0.337268128161905,12522520.0
600722,20211124,5.93,5.96,5.86,5.92,-0.0300000000000002,-0.5042016806722782,11478525.0
600722,20211125,5.9,5.97,5.88,5.9,-0.0199999999999995,-0.3378378378378288,8438587.0
600722,20211126,5.92,5.94,5.85,5.92,0.0199999999999995,0.3389830508474523,8709112.0
600722,20211129,5.84,5.88,5.76,5.88,-0.04,-0.6756756756756799,9425900.0
600722,20211130,5.89,6.06,5.88,5.99,0.1100000000000003,1.8707482993197244,20007534.0
600722,20211201,5.96,6.14,5.91,6.13,0.1399999999999996,2.3372287145241977,19223685.0
600722,20211202,6.18,6.18,6.03,6.05,-0.08,-1.3050570962479635,15423289.0
600722,20211203,6.01,6.1,5.96,6.05,0.0,0.0,11208907.0
600722,20211206,6.06,6.15,6.03,6.04,-0.0099999999999997,-0.1652892561983421,15486023.0
600722,20211207,6.04,6.09,5.88,5.94,-0.0999999999999996,-1.655629139072845,13180730.0
600722,20211208,5.95,5.98,5.9,5.96,0.0199999999999995,0.336700336700324,8971523.0
600722,20211209,5.96,5.99,5.92,5.98,0.0200000000000004,0.3355704697986628,10098025.0
600722,20211210,5.98,6.02,5.93,6.01,0.0299999999999993,0.5016722408026641,10351338.0
600722,20211213,5.99,6.09,5.99,6.09,0.08,1.331114808652245,13618394.0
600722,20211214,6.1,6.17,6.03,6.06,-0.0300000000000002,-0.492610837438423,13097463.0
600722,20211215,6.02,6.12,6.0,6.06,0.0,0.0,10732701.0
600722,20211216,6.07,6.3,6.05,6.25,0.1900000000000004,3.1353135313531455,29526200.0
600722,20211217,6.19,6.24,6.14,6.16,-0.0899999999999998,-1.4399999999999968,16152343.0
600722,20211220,6.17,6.2,6.03,6.07,-0.0899999999999998,-1.461038961038963,12709184.0
600722,20211221,6.0,6.12,5.99,6.09,0.0199999999999995,0.3294892915980174,10605367.0
600722,20211222,6.27,6.7,6.26,6.7,0.6100000000000003,10.016420361247944,28219967.0
600722,20211223,7.28,7.28,6.65,6.79,0.0899999999999998,1.3432835820895497,87642280.0
600722,20211224,6.55,6.95,6.48,6.71,-0.08,-1.178203240058906,53594689.0
600722,20211227,6.61,7.18,6.41,6.99,0.2800000000000002,4.172876304023854,55607508.0
600722,20211228,6.9,7.12,6.7,6.74,-0.25,-3.576537911301858,40405812.0
600722,20211229,6.61,7.09,6.54,6.94,0.2000000000000001,2.9673590504451175,42499104.0
600722,20211230,6.84,7.14,6.7,6.98,0.04,0.5763688760807018,39442726.0
600722,20211231,6.91,7.05,6.81,6.89,-0.0900000000000007,-1.2893982808023008,28386847.0
600722,20220104,6.82,6.94,6.71,6.72,-0.1699999999999999,-2.467343976777936,30015403.0
600722,20220105,6.73,6.75,6.45,6.54,-0.1799999999999997,-2.678571428571419,26488913.0
600722,20220106,6.58,6.66,6.52,6.6,0.0599999999999996,0.917431192660545,17438972.0
600722,20220107,6.58,6.85,6.52,6.71,0.1100000000000003,1.6666666666666607,27237476.0
600722,20220110,6.69,6.69,6.54,6.65,-0.0599999999999996,-0.894187779433675,15609611.0
600722,20220111,6.63,6.72,6.54,6.55,-0.1000000000000005,-1.5037593984962516,14785021.0
600722,20220112,6.51,6.73,6.39,6.65,0.1000000000000005,1.526717557251911,20908395.0
600722,20220113,6.63,6.68,6.46,6.46,-0.1900000000000004,-2.857142857142858,14610115.0
600722,20220114,6.46,6.56,6.28,6.37,-0.0899999999999998,-1.393188854489158,21276947.0
600722,20220117,6.36,6.42,6.3,6.39,0.0199999999999995,0.3139717425431731,12978121.0
600722,20220118,6.41,6.44,6.22,6.22,-0.1699999999999999,-2.6604068857589924,14228134.0
600722,20220119,6.27,6.32,6.18,6.25,0.0300000000000002,0.4823151125401992,8915418.0
600722,20220120,6.2,6.26,6.03,6.03,-0.2199999999999997,-3.520000000000001,14393876.0
600722,20220121,6.04,6.08,5.96,6.03,0.0,0.0,11054970.0
600722,20220124,6.01,6.09,5.92,6.03,0.0,0.0,6874393.0
600722,20220125,6.02,6.06,5.67,5.68,-0.3500000000000005,-5.804311774461035,12475545.0
600722,20220126,5.89,5.94,5.69,5.8,0.1200000000000001,2.112676056338026,13677407.0
600722,20220127,5.84,5.84,5.61,5.63,-0.1699999999999999,-2.931034482758621,10373776.0
600722,20220128,5.63,5.92,5.63,5.88,0.25,4.440497335701599,13618701.0
600722,20220207,5.99,6.02,5.84,5.98,0.1000000000000005,1.7006802721088563,13071539.0
600722,20220208,5.97,6.13,5.95,6.13,0.1499999999999994,2.508361204013365,11594720.0
600722,20220209,6.14,6.17,6.08,6.14,0.0099999999999997,0.1631321370309857,9784100.0
600722,20220210,6.16,6.21,6.12,6.18,0.04,0.6514657980456029,9068688.0
600722,20220211,6.16,6.16,6.03,6.05,-0.1299999999999999,-2.1035598705501646,9221487.0
600722,20220214,6.06,6.2,6.01,6.18,0.1299999999999999,2.148760330578514,12178191.0
600722,20220215,6.17,6.19,6.09,6.12,-0.0599999999999996,-0.9708737864077556,7765200.0
600722,20220216,6.14,6.23,6.13,6.22,0.0999999999999996,1.6339869281045694,9758113.0
600722,20220217,6.28,6.32,6.19,6.2,-0.0199999999999995,-0.3215434083601254,11578800.0
600722,20220218,6.17,6.29,6.13,6.27,0.0699999999999994,1.129032258064511,8417778.0
600722,20220221,6.23,6.3,6.21,6.27,0.0,0.0,10115513.0
600722,20220222,6.28,6.28,6.17,6.22,-0.0499999999999998,-0.797448165869219,8783268.0
600722,20220223,6.2,6.33,6.19,6.32,0.1000000000000005,1.6077170418006492,11961383.0
600722,20220224,6.35,6.46,6.11,6.21,-0.1100000000000003,-1.740506329113933,17969756.0
600722,20220225,6.26,6.28,6.13,6.15,-0.0599999999999996,-0.9661835748792202,8884008.0
600722,20220228,6.18,6.23,6.02,6.23,0.08,1.300813008130075,7881940.0
600722,20220301,6.23,6.54,6.19,6.39,0.1599999999999992,2.568218298555358,16730300.0
600722,20220302,6.3,6.96,6.26,6.67,0.2800000000000002,4.381846635367759,41496329.0
600722,20220303,6.74,6.87,6.65,6.67,0.0,0.0,33474030.0
600722,20220304,6.65,6.7,6.46,6.52,-0.1500000000000003,-2.2488755622188994,22318300.0
600722,20220307,6.63,6.77,6.45,6.5,-0.0199999999999995,-0.3067484662576669,19895975.0
600722,20220308,6.52,6.58,6.14,6.22,-0.2800000000000002,-4.307692307692312,17131090.0
600722,20220309,6.22,6.29,5.71,6.04,-0.1799999999999997,-2.893890675241151,16976470.0
600722,20220310,6.09,6.16,6.03,6.07,0.0300000000000002,0.4966887417218624,10552500.0
600722,20220311,5.99,6.07,5.81,6.05,-0.0200000000000004,-0.3294892915980285,10405700.0
600722,20220314,5.98,6.02,5.82,5.83,-0.2199999999999997,-3.6363636363636376,8463300.0
600722,20220315,5.83,5.83,5.42,5.42,-0.4100000000000001,-7.032590051457976,13455020.0
600722,20220316,5.51,5.66,5.31,5.63,0.2099999999999999,3.874538745387457,12434308.0
600722,20220317,5.63,5.78,5.63,5.68,0.0499999999999998,0.8880994671403242,9413440.0
600722,20220318,5.61,5.83,5.6,5.8,0.1200000000000001,2.112676056338026,7801864.0
600722,20220321,5.82,6.07,5.82,5.97,0.1699999999999999,2.931034482758621,10239547.0
600722,20220322,5.96,6.07,5.94,5.99,0.0200000000000004,0.3350083752093891,7568382.0
600722,20220323,5.91,6.08,5.91,6.01,0.0199999999999995,0.3338898163605996,5948864.0
600722,20220324,5.92,6.04,5.92,5.97,-0.04,-0.6655574043261225,5395585.0
600722,20220325,5.93,6.14,5.93,6.11,0.1400000000000005,2.345058626465679,10279632.0
600722,20220328,6.04,6.09,5.9,6.01,-0.1000000000000005,-1.6366612111293088,8399816.0
600722,20220329,6.04,6.21,6.0,6.14,0.1299999999999999,2.1630615640598982,12932965.0
600722,20220330,6.11,6.45,6.11,6.32,0.1800000000000006,2.931596091205213,16561692.0
600722,20220331,6.3,6.35,6.24,6.27,-0.0500000000000007,-0.7911392405063444,11099554.0
600722,20220401,6.25,6.33,6.18,6.26,-0.0099999999999997,-0.1594896331738371,8622036.0
600722,20220406,6.26,6.28,6.2,6.24,-0.0199999999999995,-0.3194888178913668,7258936.0
600722,20220407,6.23,6.24,6.15,6.15,-0.0899999999999998,-1.4423076923076872,7587185.0
600722,20220408,6.19,6.36,6.05,6.35,0.1999999999999993,3.2520325203251987,14690166.0
600722,20220411,6.34,6.34,5.98,6.04,-0.3099999999999996,-4.881889763779523,13067288.0
600722,20220412,6.05,6.05,5.85,6.01,-0.0300000000000002,-0.4966887417218624,10054537.0
600722,20220413,6.09,6.25,5.88,6.09,0.08,1.331114808652245,12527292.0
600722,20220414,6.07,6.22,5.95,6.2,0.1100000000000003,1.806239737274229,12677297.0
600722,20220415,6.16,6.51,6.12,6.27,0.0699999999999994,1.129032258064511,21500496.0
600722,20220418,5.96,6.14,5.91,6.0,-0.2699999999999996,-4.306220095693769,16366876.0
600722,20220419,6.0,6.6,5.95,6.6,0.5999999999999996,9.999999999999986,26493265.0
600722,20220420,6.63,6.75,6.46,6.56,-0.04,-0.60606060606061,58112605.0
600722,20220421,6.45,6.58,6.18,6.26,-0.2999999999999998,-4.57317073170731,32959317.0
600722,20220422,6.16,6.19,5.63,5.65,-0.6099999999999994,-9.744408945686889,35007587.0
600722,20220425,5.48,5.48,5.09,5.09,-0.5600000000000005,-9.911504424778771,24184187.0
600722,20220426,5.01,5.11,4.64,4.68,-0.4100000000000001,-8.055009823182713,19157040.0
600722,20220427,4.7,5.02,4.62,4.97,0.29,6.196581196581197,16924149.0
600722,20220428,4.94,5.11,4.88,4.99,0.0200000000000004,0.4024144869215318,15120245.0
600722,20220429,5.02,5.18,4.99,5.12,0.1299999999999999,2.605210420841675,11495646.0
600722,20220505,5.12,5.33,5.08,5.29,0.1699999999999999,3.3203125,11489780.0
600722,20220506,5.15,5.3,5.09,5.15,-0.1399999999999996,-2.6465028355387443,9668736.0
600722,20220509,5.13,5.22,5.11,5.17,0.0199999999999995,0.3883495145631022,6468700.0
600722,20220510,5.16,5.21,5.01,5.2,0.0300000000000002,0.5802707930367523,9377300.0
600722,20220511,5.19,5.32,5.16,5.18,-0.0200000000000004,-0.3846153846153943,10334604.0
600722,20220512,5.17,5.25,5.11,5.2,0.0200000000000004,0.3861003861003853,7510000.0
600722,20220513,5.19,5.38,5.18,5.23,0.0300000000000002,0.5769230769230749,9302778.0
600722,20220516,5.3,5.36,5.24,5.3,0.0699999999999994,1.338432122370925,9054409.0
600722,20220517,5.3,5.33,5.21,5.31,0.0099999999999997,0.1886792452830077,8131364.0
600722,20220518,5.3,5.42,5.27,5.36,0.0500000000000007,0.941619585687392,8268801.0
600722,20220519,5.24,5.37,5.22,5.36,0.0,0.0,7553900.0
600722,20220520,5.38,5.49,5.36,5.47,0.1099999999999994,2.0522388059701413,9041660.0
600722,20220523,5.46,5.6,5.45,5.6,0.1299999999999999,2.376599634369292,8029761.0
600722,20220524,5.6,5.65,5.29,5.31,-0.29,-5.178571428571432,11320532.0
600722,20220525,5.36,5.42,5.28,5.4,0.0900000000000007,1.6949152542373058,7662171.0
600722,20220526,5.4,5.45,5.26,5.43,0.0299999999999993,0.5555555555555536,7552500.0
600722,20220527,5.43,5.58,5.36,5.53,0.1000000000000005,1.8416206261510304,9545331.0
600722,20220530,5.52,6.08,5.5,5.79,0.2599999999999998,4.7016274864376095,26891601.0
600722,20220531,5.72,5.86,5.7,5.78,-0.0099999999999997,-0.1727115716752991,15943100.0
600722,20220601,5.78,5.9,5.76,5.85,0.0699999999999994,1.2110726643598468,12550931.0
600722,20220602,5.8,5.84,5.75,5.78,-0.0699999999999994,-1.1965811965811812,8454052.0
600722,20220606,5.79,5.84,5.75,5.8,0.0199999999999995,0.3460207612456578,8509550.0
600722,20220607,5.8,5.81,5.68,5.72,-0.08,-1.379310344827589,9575801.0
600722,20220608,5.73,5.8,5.57,5.75,0.0300000000000002,0.5244755244755206,8989001.0
600722,20220609,5.77,5.83,5.61,5.65,-0.0999999999999996,-1.7391304347825989,8406200.0
600722,20220610,5.66,5.87,5.63,5.79,0.1399999999999996,2.4778761061946764,9394101.0
600722,20220613,5.79,5.91,5.73,5.87,0.08,1.3816925734024157,10174102.0
600722,20220614,5.8,6.06,5.73,5.95,0.08,1.362862010221466,14923945.0
600722,20220615,5.95,5.98,5.82,5.84,-0.1100000000000003,-1.848739495798324,12115628.0
600722,20220616,5.8,5.87,5.72,5.75,-0.0899999999999998,-1.5410958904109595,8689823.0
600722,20220617,5.74,5.79,5.62,5.69,-0.0599999999999996,-1.043478260869557,7913426.0
600722,20220620,5.71,5.75,5.58,5.6,-0.0900000000000007,-1.5817223198594133,9751934.0
600722,20220621,5.6,5.63,5.46,5.52,-0.08,-1.4285714285714346,9400400.0
600722,20220622,5.53,5.55,5.4,5.42,-0.0999999999999996,-1.8115942028985477,6741121.0
600722,20220623,5.43,5.5,5.38,5.5,0.08,1.4760147601476037,6246136.0
600722,20220624,5.52,5.58,5.49,5.56,0.0599999999999996,1.0909090909090755,7343929.0
600722,20220627,5.6,5.62,5.5,5.54,-0.0199999999999995,-0.3597122302158251,8486365.0
600722,20220628,5.57,5.58,5.52,5.58,0.04,0.7220216606498298,8122459.0
600722,20220629,5.59,5.59,5.41,5.41,-0.1699999999999999,-3.046594982078854,9895846.0
600722,20220630,5.42,5.47,5.4,5.44,0.0300000000000002,0.5545286506469571,5770627.0
600722,20220701,5.5,5.59,5.4,5.52,0.0799999999999991,1.4705882352941124,8412800.0
600722,20220704,5.49,5.57,5.47,5.55,0.0300000000000002,0.5434782608695787,7303115.0
600722,20220705,5.55,5.84,5.52,5.71,0.1600000000000001,2.8828828828828756,22086656.0
600722,20220706,5.68,5.68,5.39,5.42,-0.29,-5.078809106830118,17440701.0
600722,20220707,5.45,5.56,5.41,5.48,0.0600000000000005,1.1070110701107083,9720008.0
600722,20220708,5.48,5.57,5.4,5.42,-0.0600000000000005,-1.094890510948909,7177900.0
600722,20220711,5.42,5.42,5.23,5.3,-0.1200000000000001,-2.2140221402214055,8310100.0
600722,20220712,5.31,5.32,5.16,5.17,-0.1299999999999999,-2.4528301886792447,7025977.0
600722,20220713,5.2,5.28,5.13,5.28,0.1100000000000003,2.1276595744680993,5823960.0
600722,20220714,5.28,5.28,5.18,5.2,-0.08,-1.5151515151515138,5158298.0
600722,20220715,5.21,5.21,5.06,5.07,-0.1299999999999999,-2.500000000000002,6904591.0
600722,20220718,5.08,5.22,5.08,5.21,0.1399999999999996,2.7613412228796763,5600077.0
600722,20220719,5.24,5.3,5.21,5.27,0.0599999999999996,1.151631477927051,5034130.0
600722,20220720,5.23,5.29,5.23,5.28,0.0100000000000006,0.189753320683117,6324370.0
600722,20220721,5.25,5.31,5.24,5.28,0.0,0.0,5838880.0
600722,20220722,5.27,5.65,5.27,5.43,0.1499999999999994,2.840909090909083,17999794.0
600722,20220725,5.48,5.65,5.37,5.38,-0.0499999999999998,-0.920810313075504,16293536.0
600722,20220726,5.35,5.39,5.27,5.38,0.0,0.0,7451887.0
600722,20220727,5.39,5.45,5.32,5.42,0.04,0.743494423791824,6468240.0
600722,20220728,5.46,5.48,5.4,5.42,0.0,0.0,6160419.0
600722,20220729,5.39,5.47,5.35,5.36,-0.0599999999999996,-1.1070110701106972,5942619.0
600722,20220801,5.36,5.38,5.28,5.37,0.0099999999999997,0.1865671641791078,4636500.0
600722,20220802,5.3,5.33,5.03,5.11,-0.2599999999999998,-4.841713221601484,11574970.0
600722,20220803,5.1,5.21,5.06,5.07,-0.04,-0.7827788649706457,6354198.0
600722,20220804,5.1,5.17,5.02,5.12,0.0499999999999998,0.9861932938856066,4358096.0
600722,20220805,5.12,5.21,5.11,5.19,0.0700000000000002,1.3671875,4073675.0
600722,20220808,5.2,5.27,5.12,5.27,0.0799999999999991,1.541425818882458,4664870.0
600722,20220809,5.24,5.31,5.21,5.26,-0.0099999999999997,-0.1897533206831059,4875230.0
600722,20220810,5.26,5.31,5.22,5.3,0.04,0.7604562737642651,5881879.0
600722,20220811,5.31,5.36,5.3,5.35,0.0499999999999998,0.943396226415083,5720100.0
600722,20220812,5.33,5.42,5.33,5.37,0.0200000000000004,0.373831775700939,6243100.0
600722,20220815,5.37,5.41,5.32,5.37,0.0,0.0,4293670.0
600722,20220816,5.42,5.43,5.34,5.4,0.0300000000000002,0.5586592178770999,5290601.0
600722,20220817,5.4,5.42,5.33,5.39,-0.0100000000000006,-0.1851851851851993,5725570.0
600722,20220818,5.36,5.39,5.29,5.32,-0.0699999999999994,-1.298701298701288,4917000.0
600722,20220819,5.34,5.38,5.29,5.29,-0.0300000000000002,-0.5639097744360999,4680095.0
600722,20220822,5.29,5.4,5.24,5.4,0.1100000000000003,2.07939508506616,6110317.0
600722,20220823,5.38,5.46,5.37,5.45,0.0499999999999998,0.92592592592593,7681389.0
600722,20220824,5.47,5.48,5.32,5.33,-0.1200000000000001,-2.2018348623853212,7087450.0
600722,20220825,5.34,5.43,5.23,5.38,0.0499999999999998,0.9380863039399668,7587182.0
600722,20220826,5.38,5.42,5.32,5.33,-0.0499999999999998,-0.9293680297397744,5434746.0
600722,20220829,5.33,5.42,5.24,5.41,0.08,1.500938086303938,6632887.0
600722,20220830,5.45,5.46,5.32,5.38,-0.0300000000000002,-0.5545286506469571,6110700.0
600722,20220831,5.37,5.37,5.16,5.16,-0.2199999999999997,-4.089219330855009,9536300.0
600722,20220901,5.15,5.22,5.1,5.11,-0.0499999999999998,-0.9689922480620172,5784900.0
600722,20220902,5.11,5.17,5.09,5.15,0.04,0.7827788649706457,4535593.0
600722,20220905,5.2,5.67,5.18,5.54,0.3899999999999997,7.57281553398057,40700522.0
600722,20220906,5.56,5.8,5.48,5.74,0.2000000000000001,3.610108303249104,48141608.0
600722,20220907,5.74,5.79,5.61,5.61,-0.1299999999999999,-2.2648083623693416,27372059.0
600722,20220908,5.61,5.67,5.52,5.53,-0.08,-1.426024955436722,14842779.0
600722,20220909,5.52,5.6,5.47,5.52,-0.0100000000000006,-0.1808318264014619,10623695.0
600722,20220913,5.52,5.59,5.42,5.44,-0.0799999999999991,-1.4492753623188248,10368223.0
600722,20220914,5.33,5.38,5.26,5.3,-0.1400000000000005,-2.573529411764719,9285575.0
600722,20220915,5.33,5.35,5.11,5.14,-0.1600000000000001,-3.018867924528301,12607906.0
600722,20220916,5.1,5.13,4.85,4.85,-0.29,-5.642023346303504,17570253.0
600722,20220919,4.85,4.92,4.77,4.87,0.0200000000000004,0.4123711340206171,9150051.0
600722,20220920,4.89,5.01,4.89,4.96,0.0899999999999998,1.848049281314168,7958808.0
600722,20220921,4.92,5.01,4.85,4.99,0.0300000000000002,0.6048387096774244,5641563.0
600722,20220922,4.95,5.04,4.93,5.01,0.0199999999999995,0.4008016032064132,5698026.0
600722,20220923,5.02,5.03,4.92,4.94,-0.0699999999999994,-1.3972055888223478,5242901.0
600722,20220926,4.9,4.93,4.7,4.71,-0.2300000000000004,-4.655870445344135,8254257.0
600722,20220927,4.73,4.83,4.66,4.82,0.1100000000000003,2.3354564755838636,5135404.0
600722,20220928,4.82,5.05,4.79,4.83,0.0099999999999997,0.207468879668049,9904039.0
600722,20220929,4.94,4.98,4.82,4.95,0.1200000000000001,2.4844720496894457,7961206.0
600722,20220930,4.89,4.98,4.85,4.95,0.0,0.0,5660334.0
600722,20221010,4.94,5.04,4.88,4.89,-0.0600000000000005,-1.21212121212122,5041063.0
600722,20221011,4.89,5.03,4.81,5.03,0.1400000000000005,2.862985685071595,6905809.0
600722,20221012,5.03,5.4,4.85,5.21,0.1799999999999997,3.578528827037774,14434228.0
600722,20221013,5.2,5.2,5.11,5.18,-0.0300000000000002,-0.5758157389635365,7595862.0
600722,20221014,5.25,5.28,5.2,5.22,0.04,0.7722007722007707,9110720.0
600722,20221017,5.24,5.44,5.23,5.3,0.08,1.5325670498084198,17997790.0
600722,20221018,5.28,5.32,5.16,5.16,-0.1399999999999996,-2.6415094339622636,13866520.0
600722,20221019,5.19,5.2,5.1,5.13,-0.0300000000000002,-0.5813953488372103,6079581.0
600722,20221020,5.07,5.15,5.04,5.08,-0.0499999999999998,-0.974658869395706,5334980.0
600722,20221021,5.08,5.13,5.04,5.08,0.0,0.0,4771190.0
600722,20221024,5.13,5.15,5.03,5.04,-0.04,-0.7874015748031482,5368572.0
600722,20221025,5.05,5.05,4.91,5.05,0.0099999999999997,0.1984126984126977,4516258.0
600722,20221026,5.08,5.12,5.04,5.06,0.0099999999999997,0.1980198019801982,5271966.0
600722,20221027,5.07,5.09,5.03,5.03,-0.0299999999999993,-0.5928853754940566,3745200.0
600722,20221028,5.0,5.03,4.81,4.84,-0.1900000000000004,-3.7773359840954313,5526600.0
600722,20221031,4.84,4.92,4.81,4.88,0.04,0.8264462809917328,3195262.0
600722,20221101,4.9,4.95,4.87,4.94,0.0600000000000005,1.2295081967213184,3784500.0
600722,20221102,4.94,4.97,4.91,4.96,0.0199999999999995,0.4048582995951344,3996900.0
600722,20221103,4.92,4.96,4.91,4.95,-0.0099999999999997,-0.2016129032258007,3283554.0
600722,20221104,4.93,5.02,4.93,5.02,0.0699999999999994,1.414141414141401,4262656.0
600722,20221107,5.08,5.15,5.04,5.12,0.1000000000000005,1.9920318725099808,7720102.0
600722,20221108,5.12,5.14,5.07,5.1,-0.0200000000000004,-0.3906250000000111,4126600.0
600722,20221109,5.1,5.11,5.07,5.08,-0.0199999999999995,-0.3921568627450855,2698902.0
600722,20221110,5.05,5.06,5.0,5.03,-0.0499999999999998,-0.9842519685039351,3627268.0
600722,20221111,5.16,5.16,5.06,5.08,0.0499999999999998,0.994035785288272,5569868.0
600722,20221114,5.1,5.12,5.05,5.06,-0.0200000000000004,-0.3937007874015852,4603434.0
600722,20221115,5.06,5.11,5.03,5.11,0.0500000000000007,0.9881422924901352,4643454.0
600722,20221116,5.12,5.12,5.09,5.12,0.0099999999999997,0.1956947162426559,4878013.0
600722,20221117,5.12,5.12,5.05,5.1,-0.0200000000000004,-0.3906250000000111,4202439.0
600722,20221118,5.1,5.13,5.04,5.04,-0.0599999999999996,-1.17647058823529,4483826.0
600722,20221121,5.03,5.06,4.96,5.06,0.0199999999999995,0.3968253968253954,3413114.0
600722,20221122,5.06,5.11,5.04,5.06,0.0,0.0,3925435.0
600722,20221123,5.06,5.08,5.03,5.07,0.0100000000000006,0.1976284584980447,3774373.0
600722,20221124,5.08,5.15,5.06,5.14,0.0699999999999994,1.380670611439827,7481140.0
600722,20221125,5.14,5.14,5.08,5.09,-0.0499999999999998,-0.9727626459143934,3943026.0
600722,20221128,5.07,5.1,5.0,5.1,0.0099999999999997,0.1964636542239661,3777787.0
600722,20221129,5.07,5.28,5.07,5.17,0.0700000000000002,1.3725490196078385,10454745.0
600722,20221130,5.18,5.25,5.15,5.18,0.0099999999999997,0.19342359767891,9617861.0
600722,20221201,5.21,5.22,5.17,5.21,0.0300000000000002,0.5791505791505891,6510477.0
600722,20221202,5.2,5.22,5.16,5.19,-0.0199999999999995,-0.3838771593090095,3973948.0
600722,20221205,5.19,5.26,5.19,5.26,0.0699999999999994,1.348747591522148,6662491.0
600722,20221206,5.27,5.27,5.21,5.25,-0.0099999999999997,-0.1901140684410607,4693774.0
600722,20221207,5.24,5.25,5.19,5.21,-0.04,-0.7619047619047636,4046110.0
600722,20221208,5.2,5.28,5.18,5.28,0.0700000000000002,1.343570057581589,6146559.0
600722,20221209,5.28,5.28,5.19,5.22,-0.0600000000000005,-1.1363636363636465,4029900.0
600722,20221212,5.22,5.23,5.09,5.11,-0.1099999999999994,-2.1072796934865745,5035183.0
600722,20221213,5.12,5.15,5.09,5.14,0.0299999999999993,0.5870841487279677,3800700.0
600722,20221214,5.14,5.15,5.04,5.07,-0.0699999999999994,-1.3618677042801397,3953682.0
600722,20221215,5.07,5.1,5.05,5.07,0.0,0.0,2682201.0
600722,20221216,5.05,5.1,5.0,5.01,-0.0600000000000005,-1.183431952662728,3702178.0
600722,20221219,5.02,5.05,4.9,4.92,-0.0899999999999998,-1.7964071856287345,5128310.0
600722,20221220,4.92,4.97,4.86,4.95,0.0300000000000002,0.6097560975609762,2665760.0
600722,20221221,4.97,4.98,4.9,4.96,0.0099999999999997,0.2020202020202033,3140801.0
600722,20221222,4.97,4.98,4.84,4.85,-0.1100000000000003,-2.2177419354838745,3995727.0
600722,20221223,4.85,4.86,4.76,4.81,-0.04,-0.8247422680412342,3436389.0
600722,20221226,4.82,4.88,4.82,4.87,0.0600000000000005,1.2474012474012586,2703538.0
600722,20221227,4.88,4.97,4.88,4.94,0.0700000000000002,1.4373716632443578,3183738.0
600722,20221228,4.93,4.93,4.86,4.88,-0.0600000000000005,-1.2145748987854366,2212900.0
600722,20221229,4.88,4.88,4.82,4.85,-0.0300000000000002,-0.6147540983606592,2061326.0
600722,20221230,4.84,4.88,4.83,4.88,0.0300000000000002,0.6185567010309256,2070600.0
600722,20230103,4.86,4.94,4.86,4.93,0.0499999999999998,1.0245901639344135,2998772.0
600722,20230104,4.92,4.96,4.9,4.93,0.0,0.0,3176070.0
600722,20230105,4.95,4.96,4.91,4.94,0.0100000000000006,0.202839756592299,2279400.0
600722,20230106,4.93,4.95,4.9,4.91,-0.0300000000000002,-0.6072874493927127,2845100.0
600722,20230109,4.91,4.98,4.9,4.94,0.0300000000000002,0.6109979633401208,2911600.0
600722,20230110,4.95,4.95,4.89,4.91,-0.0300000000000002,-0.6072874493927127,2616900.0
600722,20230111,4.92,4.93,4.87,4.88,-0.0300000000000002,-0.6109979633401319,2645200.0
600722,20230112,4.9,4.9,4.86,4.87,-0.0099999999999997,-0.2049180327868827,2317700.0
600722,20230113,4.88,4.93,4.86,4.92,0.0499999999999998,1.0266940451745254,2865346.0
600722,20230116,4.92,4.97,4.88,4.96,0.04,0.8130081300812941,3574300.0
600722,20230117,4.98,4.99,4.93,4.96,0.0,0.0,2613070.0
600722,20230118,4.97,4.99,4.96,4.97,0.0099999999999997,0.2016129032258007,3207579.0
600722,20230119,4.97,5.02,4.96,5.01,0.04,0.8048289738430636,4283060.0
600722,20230120,5.02,5.05,5.01,5.04,0.0300000000000002,0.5988023952095967,4125010.0
600722,20230130,5.07,5.09,5.05,5.08,0.04,0.7936507936507908,5611190.0
600722,20230131,5.07,5.12,5.04,5.11,0.0300000000000002,0.5905511811023612,5234262.0
600722,20230201,5.13,5.21,5.1,5.19,0.08,1.5655577299412915,7218435.0
600722,20230202,5.25,5.25,5.14,5.17,-0.0200000000000004,-0.3853564547206201,4871332.0
600722,20230203,5.17,5.18,5.1,5.17,0.0,0.0,4548640.0
600722,20230206,5.15,5.16,5.1,5.12,-0.0499999999999998,-0.9671179883945836,3679937.0
600722,20230207,5.11,5.14,5.11,5.14,0.0199999999999995,0.390625,3211082.0
600722,20230208,5.14,5.18,5.12,5.14,0.0,0.0,3888802.0
600722,20230209,5.16,5.19,5.12,5.19,0.0500000000000007,0.9727626459144156,4403301.0
600722,20230210,5.2,5.23,5.16,5.2,0.0099999999999997,0.19267822736031,4696149.0
600722,20230213,5.2,5.23,5.19,5.22,0.0199999999999995,0.3846153846153832,4132580.0
600722,20230214,5.26,5.27,5.21,5.23,0.0100000000000006,0.1915708812260774,5061370.0
600722,20230215,5.25,5.27,5.23,5.25,0.0199999999999995,0.3824091778202643,4945607.0
600722,20230216,5.28,5.28,5.09,5.13,-0.1200000000000001,-2.285714285714291,6892312.0
600722,20230217,5.15,5.25,5.13,5.15,0.0200000000000004,0.3898635477582957,4820196.0
600722,20230220,5.18,5.2,5.11,5.19,0.04,0.7766990291262044,3940954.0
600722,20230221,5.2,5.25,5.17,5.24,0.0499999999999998,0.963391136801528,4475630.0
600722,20230222,5.23,5.24,5.2,5.23,-0.0099999999999997,-0.1908396946564861,3137020.0
600722,20230223,5.23,5.25,5.16,5.21,-0.0200000000000004,-0.3824091778202754,3190100.0
600722,20230224,5.21,5.21,5.13,5.19,-0.0199999999999995,-0.3838771593090095,4258836.0
600722,20230227,5.18,5.22,5.15,5.15,-0.04,-0.770712909441229,3071297.0
600722,20230228,5.19,5.24,5.15,5.22,0.0699999999999994,1.3592233009708687,4486136.0
600722,20230301,5.23,5.25,5.19,5.24,0.0200000000000004,0.3831417624521105,3332411.0
600722,20230302,5.26,5.26,5.2,5.22,-0.0200000000000004,-0.3816793893129833,2965200.0
600722,20230303,5.22,5.24,5.18,5.22,0.0,0.0,2864300.0
600722,20230306,5.21,5.25,5.18,5.19,-0.0299999999999993,-0.5747126436781436,2870100.0
600722,20230307,5.2,5.22,5.12,5.12,-0.0700000000000002,-1.3487475915221592,3808278.0
600722,20230308,5.11,5.14,5.08,5.13,0.0099999999999997,0.1953125,2839441.0
600722,20230309,5.14,5.15,5.11,5.12,-0.0099999999999997,-0.1949317738791367,2575304.0
600722,20230310,5.12,5.13,5.06,5.07,-0.0499999999999998,-0.9765625,3215600.0
600722,20230313,5.05,5.09,4.99,5.02,-0.0500000000000007,-0.9861932938856176,4584694.0
600722,20230314,5.03,5.03,4.9,4.99,-0.0299999999999993,-0.5976095617529764,3750400.0
600722,20230315,4.99,5.05,4.97,5.02,0.0299999999999993,0.6012024048096087,3089206.0
600722,20230316,5.04,5.04,4.92,4.94,-0.0799999999999991,-1.5936254980079556,3477511.0
600722,20230317,4.96,5.04,4.96,5.0,0.0599999999999996,1.2145748987854257,4004511.0
600722,20230320,5.03,5.05,5.0,5.02,0.0199999999999995,0.4000000000000003,3024200.0
600722,20230321,5.03,5.03,4.98,5.01,-0.0099999999999997,-0.1992031872509958,3666700.0
600722,20230322,5.0,5.02,4.98,5.0,-0.0099999999999997,-0.1996007984031877,2562200.0
600722,20230323,4.97,5.0,4.94,4.98,-0.0199999999999995,-0.3999999999999892,3752600.0
600722,20230324,4.98,5.03,4.98,5.02,0.0399999999999991,0.8032128514056103,3225810.0
600722,20230327,5.02,5.02,4.94,4.99,-0.0299999999999993,-0.5976095617529764,2748100.0
600722,20230328,5.0,5.02,4.95,4.98,-0.0099999999999997,-0.2004008016032066,2801376.0
600722,20230329,4.95,5.01,4.93,5.01,0.0299999999999993,0.6024096385542022,3881143.0
600722,20230330,4.99,5.0,4.92,4.94,-0.0699999999999994,-1.3972055888223478,4338236.0
600722,20230331,4.93,5.21,4.93,5.12,0.1799999999999997,3.643724696356277,9711681.0
600722,20230403,5.14,5.2,5.05,5.12,0.0,0.0,7281101.0
600722,20230404,5.11,5.11,5.06,5.07,-0.0499999999999998,-0.9765625,3930600.0
600722,20230406,5.06,5.14,5.05,5.11,0.04,0.7889546351084853,4547980.0
600722,20230407,5.11,5.12,5.08,5.11,0.0,0.0,3107890.0
600722,20230410,5.11,5.11,5.04,5.06,-0.0500000000000007,-0.9784735812133238,4337936.0
600722,20230411,5.06,5.06,4.96,5.0,-0.0599999999999996,-1.1857707509881354,3988500.0
600722,20230412,4.99,5.02,4.98,5.01,0.0099999999999997,0.2000000000000001,2771200.0
600722,20230413,5.01,5.03,4.96,5.03,0.0200000000000004,0.3992015968063978,3050269.0
600722,20230414,5.03,5.04,4.99,5.0,-0.0300000000000002,-0.5964214711729698,2330631.0
600722,20230417,5.03,5.03,4.96,5.02,0.0199999999999995,0.4000000000000003,2877877.0
600722,20230418,5.01,5.01,4.98,4.99,-0.0299999999999993,-0.5976095617529764,2502600.0
600722,20230419,4.98,5.0,4.95,4.96,-0.0300000000000002,-0.6012024048096198,2916738.0
600722,20230420,4.99,4.99,4.88,4.89,-0.0700000000000002,-1.4112903225806497,4114900.0
600722,20230421,4.91,4.92,4.76,4.77,-0.1200000000000001,-2.453987730061346,4552700.0
600722,20230424,4.76,4.76,4.67,4.72,-0.0499999999999998,-1.0482180293501009,3955000.0
600722,20230425,4.71,4.72,4.54,4.62,-0.0999999999999996,-2.1186440677966045,5511100.0
600722,20230426,4.61,4.74,4.59,4.73,0.1100000000000003,2.3809523809523947,3337833.0
600722,20230427,4.73,4.74,4.67,4.71,-0.0200000000000004,-0.4228329809725206,1818636.0
600722,20230428,4.7,4.8,4.7,4.79,0.08,1.698513800424628,2570900.0
600722,20230504,4.75,4.91,4.75,4.88,0.0899999999999998,1.8789144050104456,3764804.0
600722,20230505,4.91,4.91,4.83,4.87,-0.0099999999999997,-0.2049180327868827,2580612.0
600722,20230508,4.87,4.97,4.87,4.97,0.0999999999999996,2.053388090349073,3457444.0
600722,20230509,4.95,4.96,4.87,4.88,-0.0899999999999998,-1.810865191146882,3052513.0
600722,20230510,4.88,4.91,4.81,4.86,-0.0199999999999995,-0.4098360655737654,2125101.0
600722,20230511,4.86,4.89,4.85,4.86,0.0,0.0,1697792.0
600722,20230512,4.86,4.93,4.84,4.86,0.0,0.0,2997751.0
600722,20230515,4.92,4.92,4.82,4.87,0.0099999999999997,0.2057613168724215,2612627.0
600722,20230516,4.89,4.89,4.83,4.84,-0.0300000000000002,-0.6160164271047264,1881800.0
600722,20230517,4.84,4.87,4.83,4.85,0.0099999999999997,0.2066115702479276,1275908.0
600722,20230518,4.86,4.88,4.83,4.85,0.0,0.0,1563301.0
600722,20230519,4.86,4.86,4.77,4.78,-0.0699999999999994,-1.4432989690721487,2456400.0
600722,20230522,4.77,4.8,4.72,4.75,-0.0300000000000002,-0.6276150627615107,3163321.0
600722,20230523,4.74,4.77,4.71,4.71,-0.04,-0.8421052631578996,1849363.0
600722,20230524,4.69,4.74,4.68,4.69,-0.0199999999999995,-0.4246284501061459,1462100.0
600722,20230525,4.72,4.72,4.61,4.67,-0.0200000000000004,-0.4264392324093924,2782400.0
600722,20230526,4.66,4.67,4.6,4.65,-0.0199999999999995,-0.4282655246252598,1777900.0
600722,20230529,4.68,4.69,4.64,4.65,0.0,0.0,1894600.0
600722,20230530,4.68,4.68,4.6,4.64,-0.0100000000000006,-0.2150537634408755,2187900.0
600722,20230531,4.63,4.74,4.6,4.67,0.0300000000000002,0.6465517241379448,3188691.0
600722,20230601,4.66,4.72,4.61,4.69,0.0200000000000004,0.4282655246252709,3500991.0
600722,20230602,4.69,4.75,4.68,4.74,0.0499999999999998,1.0660980810234475,3912800.0
600722,20230605,4.72,4.77,4.71,4.76,0.0199999999999995,0.421940928270037,2709401.0
600722,20230606,4.72,4.77,4.7,4.74,-0.0199999999999995,-0.4201680672268781,3197600.0
600722,20230607,4.77,4.86,4.73,4.85,0.1099999999999994,2.320675105485215,5828188.0
600722,20230608,4.85,5.14,4.8,5.1,0.25,5.154639175257736,17979254.0
600722,20230609,5.35,5.61,5.12,5.2,0.1000000000000005,1.9607843137255057,42358572.0
600722,20230612,5.15,5.17,4.9,4.96,-0.2400000000000002,-4.615384615384621,24546448.0
600722,20230613,4.9,4.97,4.86,4.88,-0.08,-1.6129032258064502,11994538.0
600722,20230614,4.88,4.93,4.86,4.92,0.04,0.8196721311475308,7915474.0
600722,20230615,4.92,4.92,4.83,4.85,-0.0700000000000002,-1.4227642276422814,6394587.0
600722,20230616,4.86,4.91,4.84,4.88,0.0300000000000002,0.6185567010309256,5079956.0
600722,20230619,4.87,4.89,4.82,4.83,-0.0499999999999998,-1.0245901639344246,4348433.0
600722,20230620,4.85,4.85,4.78,4.79,-0.04,-0.8281573498964856,3641984.0
600722,20230621,4.8,4.8,4.72,4.73,-0.0599999999999996,-1.2526096033402825,2401800.0
600722,20230626,4.71,4.75,4.69,4.71,-0.0200000000000004,-0.4228329809725206,2865952.0
600722,20230627,4.73,4.79,4.71,4.79,0.08,1.698513800424628,2573100.0
600722,20230628,4.79,4.79,4.73,4.78,-0.0099999999999997,-0.2087682672233803,2091650.0
600722,20230629,4.8,4.87,4.78,4.83,0.0499999999999998,1.046025104602499,3759400.0
600722,20230630,4.83,4.9,4.81,4.89,0.0599999999999996,1.2422360248447228,3828238.0
600722,20230703,4.9,4.98,4.89,4.98,0.0900000000000007,1.840490797546024,7055739.0
600722,20230704,4.98,5.02,4.94,4.95,-0.0300000000000002,-0.6024096385542244,3823333.0
600722,20230705,4.96,4.97,4.93,4.95,0.0,0.0,3734638.0
600722,20230706,4.94,4.96,4.92,4.94,-0.0099999999999997,-0.2020202020201922,2759700.0
600722,20230707,4.94,4.97,4.91,4.94,0.0,0.0,2482838.0
600722,20230710,4.94,4.96,4.92,4.93,-0.0100000000000006,-0.2024291497975894,1941084.0
600722,20230711,4.95,4.98,4.92,4.98,0.0500000000000007,1.014198782961473,3486437.0
600722,20230712,4.99,5.01,4.93,4.95,-0.0300000000000002,-0.6024096385542244,4013565.0
600722,20230713,4.95,4.98,4.9,4.93,-0.0200000000000004,-0.4040404040404177,2822438.0
600722,20230714,4.94,4.95,4.89,4.92,-0.0099999999999997,-0.2028397565922879,3793453.0
600722,20230717,4.89,4.91,4.84,4.9,-0.0199999999999995,-0.406504065040647,2779500.0
600722,20230718,4.9,4.96,4.88,4.94,0.04,0.8163265306122547,3160068.0
600722,20230719,4.91,4.97,4.91,4.95,0.0099999999999997,0.2024291497975561,2969354.0
600722,20230720,4.96,4.98,4.91,4.92,-0.0300000000000002,-0.60606060606061,2856800.0
600722,20230721,4.9,4.95,4.89,4.9,-0.0199999999999995,-0.406504065040647,2397400.0
600722,20230724,4.9,4.97,4.88,4.93,0.0299999999999993,0.6122448979591688,4113100.0
600722,20230725,4.94,4.99,4.94,4.98,0.0500000000000007,1.014198782961473,3996800.0
600722,20230726,5.0,5.09,4.97,5.08,0.0999999999999996,2.008032128514059,7107568.0
600722,20230727,5.05,5.13,5.04,5.09,0.0099999999999997,0.196850393700787,6013901.0
600722,20230728,5.11,5.11,5.04,5.11,0.0200000000000004,0.3929273084479545,4297024.0
600722,20230731,5.11,5.15,5.09,5.14,0.0299999999999993,0.5870841487279677,3936000.0
600722,20230801,5.16,5.18,5.12,5.16,0.0200000000000004,0.3891050583657574,4646571.0
600722,20230802,5.18,5.18,5.14,5.16,0.0,0.0,3985070.0
600722,20230803,5.14,5.17,5.12,5.14,-0.0200000000000004,-0.387596899224818,3631100.0
600722,20230804,5.13,5.16,5.06,5.07,-0.0699999999999994,-1.3618677042801397,5887400.0
600722,20230807,5.06,5.08,5.0,5.01,-0.0600000000000005,-1.183431952662728,3385658.0
600722,20230808,5.01,5.07,4.99,5.04,0.0300000000000002,0.5988023952095967,2942272.0
600722,20230809,5.03,5.03,4.98,4.99,-0.0499999999999998,-0.9920634920634884,2422300.0
600722,20230810,5.0,5.05,4.97,5.03,0.04,0.8016032064128265,2843701.0
600722,20230811,5.04,5.06,4.93,4.94,-0.0899999999999998,-1.789264413518887,4170400.0
600722,20230814,4.93,4.96,4.87,4.93,-0.0100000000000006,-0.2024291497975894,3481200.0
600722,20230815,4.94,4.98,4.9,4.91,-0.0199999999999995,-0.4056795131845758,2844800.0
600722,20230816,4.9,5.0,4.88,4.93,0.0199999999999995,0.4073319755600657,3212472.0
600722,20230817,4.95,4.96,4.86,4.95,0.0200000000000004,0.405679513184598,4176700.0
600722,20230818,4.95,4.98,4.92,4.93,-0.0200000000000004,-0.4040404040404177,3356801.0
600722,20230821,4.94,4.95,4.88,4.88,-0.0499999999999998,-1.0141987829614618,3627638.0
600722,20230822,4.89,4.91,4.77,4.84,-0.04,-0.8196721311475419,3639000.0
600722,20230823,4.84,4.87,4.8,4.8,-0.04,-0.8264462809917328,2679047.0
600722,20230824,4.78,4.82,4.74,4.79,-0.0099999999999997,-0.2083333333333326,3551600.0
600722,20230825,4.79,4.87,4.72,4.74,-0.0499999999999998,-1.043841336116902,3826704.0
600722,20230828,4.97,5.0,4.86,4.86,0.1200000000000001,2.5316455696202445,8962420.0
600722,20230829,4.87,4.9,4.84,4.88,0.0199999999999995,0.411522633744843,3642700.0
600722,20230830,4.88,4.92,4.8,4.83,-0.0499999999999998,-1.0245901639344246,5502300.0
600722,20230831,4.82,4.85,4.75,4.76,-0.0700000000000002,-1.449275362318847,4223384.0
600722,20230901,4.79,4.83,4.72,4.79,0.0300000000000002,0.6302521008403339,3735300.0
600722,20230904,4.82,4.94,4.81,4.94,0.1500000000000003,3.131524008350728,6117200.0
600722,20230905,4.94,4.94,4.88,4.91,-0.0300000000000002,-0.6072874493927127,2896600.0
600722,20230906,4.89,4.94,4.88,4.93,0.0199999999999995,0.4073319755600657,2449500.0
600722,20230907,4.95,4.96,4.88,4.89,-0.04,-0.8113590263691739,3727600.0
600722,20230908,4.91,4.93,4.84,4.92,0.0300000000000002,0.6134969325153339,3303400.0
600722,20230911,4.92,4.93,4.88,4.89,-0.0300000000000002,-0.6097560975609762,3862370.0
600722,20230912,4.9,4.91,4.85,4.89,0.0,0.0,3144000.0
600722,20230913,4.86,4.92,4.82,4.85,-0.04,-0.8179959100204526,3364108.0
600722,20230914,4.86,4.86,4.8,4.82,-0.0299999999999993,-0.6185567010309145,2379236.0
600722,20230915,4.82,4.85,4.82,4.84,0.0199999999999995,0.4149377593360981,2308600.0
600722,20230918,4.85,4.89,4.78,4.86,0.0200000000000004,0.4132231404958775,2943800.0
600722,20230919,4.88,5.04,4.86,4.91,0.0499999999999998,1.0288065843621297,9341294.0
600722,20230920,4.84,4.91,4.8,4.87,-0.04,-0.8146639511201648,6275633.0
600722,20230921,4.87,4.87,4.76,4.78,-0.0899999999999998,-1.848049281314168,5919002.0
600722,20230922,4.78,4.82,4.76,4.8,0.0199999999999995,0.4184100418409997,4069368.0
600722,20230925,4.8,4.8,4.72,4.72,-0.08,-1.6666666666666718,4071380.0
600722,20230926,4.73,4.74,4.65,4.71,-0.0099999999999997,-0.2118644067796604,4410400.0
600722,20230927,4.7,4.74,4.67,4.71,0.0,0.0,2720000.0
600722,20230928,4.71,4.77,4.71,4.75,0.04,0.849256900212314,3780900.0
600722,20231009,4.75,4.78,4.69,4.7,-0.0499999999999998,-1.0526315789473606,3869261.0
600722,20231010,4.69,4.75,4.69,4.71,0.0099999999999997,0.2127659574468143,3620400.0
600722,20231011,4.73,4.73,4.65,4.66,-0.0499999999999998,-1.0615711252653923,3624900.0
600722,20231012,4.68,4.71,4.67,4.71,0.0499999999999998,1.0729613733905463,2317370.0
600722,20231013,4.69,4.71,4.65,4.66,-0.0499999999999998,-1.0615711252653923,2018650.0
600722,20231016,4.67,4.7,4.64,4.7,0.04,0.8583690987124415,3873100.0
600722,20231017,4.69,4.72,4.65,4.66,-0.04,-0.8510638297872353,3599973.0
600722,20231018,4.64,4.68,4.53,4.53,-0.1299999999999999,-2.7896995708154515,4052600.0
600722,20231019,4.52,4.58,4.48,4.51,-0.0200000000000004,-0.4415011037527727,2992700.0
600722,20231020,4.48,4.52,4.46,4.49,-0.0199999999999995,-0.4434589800443311,2940700.0
600722,20231023,4.46,4.49,4.33,4.35,-0.1400000000000005,-3.118040089086871,4113600.0
600722,20231024,4.35,4.56,4.35,4.55,0.2000000000000001,4.597701149425282,4494300.0
600722,20231025,4.58,4.7,4.58,4.69,0.1400000000000005,3.076923076923088,5163980.0
600722,20231026,4.68,4.7,4.6,4.67,-0.0200000000000004,-0.4264392324093924,3628700.0
600722,20231027,4.66,4.69,4.62,4.68,0.0099999999999997,0.2141327623126354,4013400.0
600722,20231030,4.67,4.77,4.67,4.74,0.0600000000000005,1.2820512820512997,4623568.0
600722,20231031,4.76,4.79,4.75,4.78,0.04,0.8438818565400741,4203700.0
600722,20231101,4.79,4.81,4.75,4.8,0.0199999999999995,0.4184100418409997,3689000.0
600722,20231102,4.78,4.81,4.74,4.75,-0.0499999999999998,-1.041666666666663,4343868.0
600722,20231103,4.75,4.8,4.72,4.73,-0.0199999999999995,-0.4210526315789331,3344600.0
600722,20231106,4.76,4.8,4.74,4.79,0.0599999999999996,1.2684989429175395,3613000.0
600722,20231107,4.81,4.84,4.76,4.84,0.0499999999999998,1.043841336116902,4481800.0
600722,20231108,4.82,4.85,4.79,4.81,-0.0300000000000002,-0.6198347107438051,3258801.0
600722,20231109,4.81,4.85,4.8,4.83,0.0200000000000004,0.4158004158004269,3670600.0
600722,20231110,4.83,4.84,4.78,4.82,-0.0099999999999997,-0.207039337474113,3297675.0
600722,20231113,4.82,4.89,4.82,4.89,0.0699999999999994,1.4522821576763434,3477418.0
600722,20231114,4.9,4.92,4.87,4.9,0.0100000000000006,0.2044989775051187,3553500.0
600722,20231115,4.93,4.93,4.88,4.89,-0.0100000000000006,-0.2040816326530747,2693800.0
600722,20231116,4.87,4.9,4.84,4.87,-0.0199999999999995,-0.4089979550102152,2375470.0
600722,20231117,4.85,4.89,4.84,4.85,-0.0200000000000004,-0.4106776180698213,2246300.0
600722,20231120,4.88,4.9,4.85,4.87,0.0200000000000004,0.4123711340206171,3697700.0
600722,20231121,4.87,4.93,4.87,4.87,0.0,0.0,3575325.0
600722,20231122,4.88,4.93,4.86,4.87,0.0,0.0,2586802.0
600722,20231123,4.86,4.93,4.86,4.92,0.0499999999999998,1.0266940451745254,3194000.0
600722,20231124,4.93,4.94,4.88,4.9,-0.0199999999999995,-0.406504065040647,2990500.0
600722,20231127,4.88,4.93,4.87,4.89,-0.0100000000000006,-0.2040816326530747,3086703.0
600722,20231128,4.9,4.94,4.86,4.93,0.04,0.8179959100204526,2773858.0
600722,20231129,4.94,4.97,4.92,4.93,0.0,0.0,3610580.0
600722,20231130,4.95,4.96,4.85,4.87,-0.0599999999999996,-1.2170385395537495,4257600.0
600722,20231201,4.85,4.9,4.83,4.88,0.0099999999999997,0.2053388090349051,3463600.0
600722,20231204,4.88,4.96,4.88,4.94,0.0600000000000005,1.2295081967213184,5142400.0
600722,20231205,4.94,4.95,4.89,4.89,-0.0500000000000007,-1.0121457489878694,3895500.0
600722,20231206,4.89,5.04,4.88,5.01,0.1200000000000001,2.4539877300613577,8541301.0
600722,20231207,5.02,5.04,4.9,4.91,-0.0999999999999996,-1.9960079840319336,6100700.0
600722,20231208,4.92,4.92,4.77,4.79,-0.1200000000000001,-2.4439918533604943,5700701.0
600722,20231211,4.77,4.93,4.73,4.91,0.1200000000000001,2.5052192066805867,6258900.0
600722,20231212,4.94,5.0,4.88,4.98,0.0700000000000002,1.4256619144602969,6260100.0
600722,20231213,5.0,5.0,4.94,4.95,-0.0300000000000002,-0.6024096385542244,3853800.0
600722,20231214,4.97,5.07,4.96,5.03,0.08,1.6161616161616266,6307800.0
600722,20231215,5.04,5.05,4.97,5.04,0.0099999999999997,0.1988071570576455,5244100.0
600722,20231218,5.03,5.04,4.93,4.96,-0.08,-1.5873015873015928,6097300.0
600722,20231219,4.93,4.96,4.87,4.92,-0.04,-0.8064516129032251,4623800.0
600722,20231220,4.92,4.99,4.92,4.92,0.0,0.0,3894500.0
600722,20231221,4.92,4.97,4.84,4.96,0.04,0.8130081300812941,4150900.0
600722,20231222,4.94,5.01,4.91,4.94,-0.0199999999999995,-0.4032258064516014,5167600.0
600722,20231225,4.94,4.94,4.85,4.91,-0.0300000000000002,-0.6072874493927127,3878100.0
600722,20231226,4.89,5.07,4.89,4.91,0.0,0.0,9670500.0
600722,20231227,4.93,4.96,4.75,4.9,-0.0099999999999997,-0.2036659877800328,7906927.0
600722,20231228,4.9,5.04,4.85,4.96,0.0599999999999996,1.2244897959183598,6962907.0
600722,20231229,4.95,5.01,4.93,4.99,0.0300000000000002,0.6048387096774244,5707200.0
600722,20240102,4.98,5.1,4.96,5.08,0.0899999999999998,1.8036072144288484,10310801.0
600722,20240103,5.08,5.59,5.07,5.45,0.3700000000000001,7.283464566929143,55448403.0
600722,20240104,5.39,5.78,5.31,5.6,0.1499999999999994,2.752293577981635,61613951.0
600722,20240105,5.48,5.52,5.21,5.28,-0.3199999999999994,-5.714285714285705,40147084.0
600722,20240108,5.3,5.39,5.17,5.29,0.0099999999999997,0.1893939393939447,24646594.0
600722,20240109,5.29,5.35,5.16,5.22,-0.0700000000000002,-1.3232514177693775,23129473.0
600722,20240110,5.16,5.19,5.04,5.08,-0.1399999999999996,-2.6819923371647403,20337902.0
600722,20240111,5.07,5.14,4.97,5.13,0.0499999999999998,0.9842519685039351,15006511.0
600722,20240112,5.11,5.15,5.02,5.03,-0.0999999999999996,-1.949317738791412,12562300.0
600722,20240115,4.99,5.04,4.96,5.02,-0.0100000000000006,-0.1988071570576677,9448818.0
600722,20240116,5.03,5.06,4.86,4.96,-0.0599999999999996,-1.195219123505964,13803700.0
600722,20240117,4.95,4.96,4.82,4.83,-0.1299999999999999,-2.620967741935487,8179300.0
600722,20240118,4.81,4.81,4.48,4.65,-0.1799999999999997,-3.7267080745341574,16311500.0
600722,20240119,4.62,4.69,4.56,4.57,-0.08,-1.7204301075268824,7908900.0
600722,20240122,4.56,4.56,4.23,4.29,-0.2800000000000002,-6.126914660831517,10823840.0
600722,20240123,4.29,4.29,4.1,4.21,-0.08,-1.8648018648018685,9964759.0
600722,20240124,4.21,4.34,4.14,4.3,0.0899999999999998,2.13776722090262,9401436.0
600722,20240125,4.28,4.48,4.28,4.47,0.1699999999999999,3.953488372093017,9531265.0
600722,20240126,4.49,4.65,4.47,4.56,0.0899999999999998,2.0134228187919323,8427782.0
600722,20240129,4.59,4.59,4.41,4.43,-0.1299999999999999,-2.8508771929824595,5931300.0
600722,20240130,4.37,4.45,4.27,4.28,-0.1499999999999994,-3.386004514672669,6011700.0
600722,20240131,4.3,4.35,4.06,4.08,-0.2000000000000001,-4.672897196261683,9462900.0
600722,20240201,4.07,4.09,3.85,3.89,-0.1899999999999999,-4.656862745098033,10714900.0
600722,20240202,3.95,3.99,3.58,3.73,-0.1600000000000001,-4.113110539845765,9889600.0
600722,20240205,3.68,3.71,3.36,3.36,-0.3700000000000001,-9.919571045576417,11647900.0
600722,20240206,3.33,3.44,3.02,3.23,-0.1299999999999999,-3.869047619047616,16188580.0
600722,20240207,3.23,3.28,3.06,3.17,-0.06,-1.8575851393188847,13656802.0
600722,20240208,3.25,3.49,3.16,3.49,0.3200000000000003,10.094637223974768,12860227.0
600722,20240219,3.56,3.73,3.51,3.59,0.0999999999999996,2.865329512893977,11351892.0
600722,20240220,3.6,3.66,3.49,3.65,0.06,1.671309192200554,6974402.0
600722,20240221,3.64,3.82,3.6,3.73,0.08,2.191780821917799,10109858.0
600722,20240222,3.71,3.81,3.7,3.8,0.0699999999999998,1.8766756032171592,6833851.0
600722,20240223,3.8,3.95,3.79,3.95,0.1500000000000003,3.9473684210526327,8270901.0
600722,20240226,3.94,4.08,3.92,4.03,0.08,2.0253164556962133,8758678.0
600722,20240227,4.06,4.08,4.0,4.07,0.04,0.992555831265518,6374210.0
600722,20240228,4.07,4.25,3.82,3.83,-0.2400000000000002,-5.896805896805901,14707883.0
600722,20240229,3.73,3.98,3.72,3.98,0.1499999999999999,3.916449086161888,8141605.0
600722,20240301,3.99,4.02,3.91,3.98,0.0,0.0,6093425.0
600722,20240304,3.98,4.0,3.88,3.96,-0.02,-0.5025125628140725,5079900.0
600722,20240305,3.94,3.94,3.86,3.87,-0.0899999999999998,-2.2727272727272707,5500600.0
600722,20240306,3.84,3.94,3.84,3.91,0.04,1.033591731266159,3750555.0
600722,20240307,3.91,4.04,3.91,3.95,0.04,1.0230179028132946,5318370.0
600722,20240308,3.94,3.97,3.89,3.93,-0.02,-0.5063291139240533,3820230.0
600722,20240311,3.94,4.02,3.92,4.02,0.0899999999999994,2.2900763358778553,4538400.0
600722,20240312,4.03,4.07,3.98,4.06,0.04,0.995024875621886,4938900.0
600722,20240313,4.05,4.06,3.99,4.03,-0.0299999999999993,-0.7389162561576179,4434100.0
600722,20240314,4.04,4.06,3.96,4.0,-0.0300000000000002,-0.7444168734491385,4495500.0
600722,20240315,4.0,4.09,3.99,4.09,0.0899999999999998,2.2499999999999964,5843102.0
600722,20240318,4.08,4.15,4.08,4.14,0.0499999999999998,1.222493887530551,5381746.0
600722,20240319,4.17,4.23,4.13,4.16,0.0200000000000004,0.4830917874396156,5792901.0
600722,20240320,4.16,4.21,4.14,4.19,0.0300000000000002,0.7211538461538547,4670330.0
600722,20240321,4.22,4.26,4.16,4.24,0.0499999999999998,1.193317422434359,6340200.0
600722,20240322,4.24,4.25,4.12,4.19,-0.0499999999999998,-1.1792452830188591,5954053.0
600722,20240325,4.18,4.2,4.09,4.1,-0.0900000000000007,-2.147971360381884,4134777.0
600722,20240326,4.12,4.16,4.03,4.11,0.0100000000000006,0.2439024390244126,4064900.0
600722,20240327,4.1,4.13,3.99,4.0,-0.1100000000000003,-2.676399026763998,4155600.0
600722,20240328,4.0,4.11,4.0,4.06,0.0599999999999996,1.4999999999999902,3751995.0
600722,20240329,4.07,4.15,4.07,4.15,0.0900000000000007,2.2167487684729315,4260603.0
600722,20240401,4.15,4.24,4.14,4.23,0.08,1.9277108433734869,5229636.0
600722,20240402,4.23,4.65,4.22,4.48,0.25,5.910165484633567,30995147.0
600722,20240403,4.39,4.73,4.37,4.53,0.0499999999999998,1.116071428571419,30327400.0
600722,20240408,4.45,4.61,4.36,4.39,-0.1400000000000005,-3.0905077262693315,21072291.0
600722,20240409,4.38,4.47,4.33,4.43,0.04,0.9111617312072884,11600115.0
600722,20240410,4.42,4.43,4.27,4.32,-0.1099999999999994,-2.483069977426622,9901240.0
600722,20240411,4.32,4.4,4.25,4.34,0.0199999999999995,0.4629629629629539,7461100.0
600722,20240412,4.34,4.55,4.27,4.44,0.1000000000000005,2.3041474654378113,16570732.0
600722,20240415,4.37,4.39,4.0,4.06,-0.3800000000000008,-8.558558558558572,17878652.0
600722,20240416,4.06,4.06,3.65,3.65,-0.4099999999999997,-10.098522167487678,14137400.0
600722,20240417,3.63,3.89,3.63,3.89,0.2400000000000002,6.57534246575342,10402532.0
600722,20240418,3.89,3.9,3.8,3.81,-0.08,-2.0565552699228773,7013734.0
600722,20240419,3.83,3.97,3.77,3.93,0.1200000000000001,3.149606299212593,8631236.0
600722,20240422,3.93,4.1,3.76,3.85,-0.08,-2.0356234096692183,11259806.0
600722,20240423,3.82,3.85,3.78,3.81,-0.04,-1.0389610389610393,6230100.0
600722,20240424,3.78,3.88,3.78,3.86,0.0499999999999998,1.3123359580052396,4620039.0
600722,20240425,3.87,4.15,3.84,4.01,0.1499999999999999,3.886010362694292,13503766.0
600722,20240426,3.99,4.03,3.9,4.01,0.0,0.0,10233000.0
600722,20240429,3.95,4.36,3.95,4.23,0.2200000000000006,5.4862842892768215,14137000.0
600722,20240430,4.19,4.45,4.17,4.31,0.0799999999999991,1.8912529550827228,14687803.0
600722,20240506,4.3,4.74,4.25,4.74,0.4300000000000006,9.976798143851529,37115944.0
600722,20240507,4.76,5.21,4.67,5.21,0.4699999999999997,9.915611814345992,52288672.0
600722,20240508,5.25,5.39,4.92,5.0,-0.2099999999999999,-4.0307101727447225,68972831.0
600722,20240509,4.9,4.96,4.79,4.83,-0.1699999999999999,-3.400000000000003,38005933.0
600722,20240510,4.87,4.88,4.69,4.75,-0.08,-1.65631469979296,25438070.0
600722,20240513,4.69,4.87,4.59,4.87,0.1200000000000001,2.5263157894736876,30016000.0
600722,20240514,4.83,4.84,4.66,4.7,-0.1699999999999999,-3.490759753593431,21325381.0
600722,20240515,4.65,4.72,4.55,4.62,-0.08,-1.7021276595744703,21318291.0
600722,20240516,4.58,4.67,4.56,4.59,-0.0300000000000002,-0.6493506493506551,13179302.0
600722,20240517,4.61,4.74,4.6,4.7,0.1100000000000003,2.3965141612200425,17619975.0
600722,20240520,4.77,4.9,4.75,4.86,0.1600000000000001,3.404255319148941,34469553.0
600722,20240521,4.81,4.87,4.7,4.73,-0.1299999999999999,-2.674897119341557,16802300.0
600722,20240522,4.72,4.81,4.66,4.68,-0.0500000000000007,-1.0570824524313016,14238081.0
600722,20240523,4.64,4.64,4.46,4.48,-0.1999999999999993,-4.273504273504258,16359630.0
600722,20240524,4.43,4.54,4.42,4.48,0.0,0.0,11023766.0
600722,20240527,4.51,4.53,4.4,4.53,0.0499999999999998,1.116071428571419,8965244.0
600722,20240528,4.5,4.51,4.4,4.41,-0.1200000000000001,-2.6490066225165587,7962300.0
600722,20240529,4.4,4.5,4.4,4.44,0.0300000000000002,0.6802721088435382,7616649.0
600722,20240530,4.43,4.55,4.35,4.37,-0.0700000000000002,-1.576576576576583,11790640.0
600722,20240531,4.35,4.38,4.26,4.27,-0.1000000000000005,-2.288329519450816,11807100.0
600722,20240603,4.26,4.28,4.12,4.18,-0.0899999999999998,-2.1077283372365363,10785800.0
600722,20240604,4.15,4.16,4.04,4.1,-0.08,-1.9138755980861233,6813900.0
600722,20240605,4.07,4.07,3.96,3.97,-0.1299999999999994,-3.170731707317065,9161400.0
600722,20240606,3.99,4.01,3.75,3.8,-0.1700000000000003,-4.282115869017645,12080509.0
600722,20240607,3.81,3.95,3.81,3.94,0.1400000000000001,3.684210526315801,11433201.0
600722,20240611,3.94,3.96,3.88,3.93,-0.0099999999999997,-0.25380710659898,5767400.0
600722,20240612,3.91,4.04,3.9,4.04,0.1099999999999998,2.7989821882951516,6060900.0
600722,20240613,4.03,4.06,3.92,3.94,-0.1,-2.4752475247524774,6803400.0
600722,20240614,3.93,3.97,3.86,3.93,-0.0099999999999997,-0.25380710659898,4772800.0
600722,20240617,3.92,3.93,3.82,3.84,-0.0900000000000003,-2.2900763358778664,5568800.0
600722,20240618,3.89,3.93,3.8,3.92,0.08,2.083333333333326,4851622.0
600722,20240619,3.92,3.98,3.89,3.92,0.0,0.0,4608022.0
600722,20240620,3.94,3.98,3.83,3.85,-0.0699999999999998,-1.7857142857142794,4817701.0
600722,20240621,3.83,3.89,3.8,3.84,-0.0100000000000002,-0.2597402597402709,2647400.0
600722,20240624,3.84,3.84,3.71,3.71,-0.1299999999999999,-3.385416666666663,5446582.0
600722,20240625,3.72,3.82,3.71,3.78,0.0699999999999998,1.8867924528301885,4472600.0
600722,20240626,3.78,3.88,3.73,3.88,0.1,2.645502645502651,4159322.0
600722,20240627,3.87,3.91,3.78,3.79,-0.0899999999999998,-2.319587628865971,4229923.0
600722,20240628,3.79,3.86,3.77,3.79,0.0,0.0,3956800.0
600722,20240701,3.79,3.91,3.76,3.89,0.1,2.638522427440626,4288002.0
600722,20240702,3.89,3.95,3.87,3.92,0.0299999999999998,0.7712082262210762,4675300.0
600722,20240703,3.93,3.97,3.89,3.91,-0.0099999999999997,-0.255102040816324,3471402.0
600722,20240704,3.9,3.93,3.78,3.79,-0.1200000000000001,-3.069053708439895,3424100.0
600722,20240705,3.78,3.85,3.75,3.84,0.0499999999999998,1.319261213720302,2919500.0
600722,20240708,3.82,3.86,3.76,3.76,-0.08,-2.083333333333337,3597800.0
600722,20240709,3.8,3.85,3.69,3.84,0.08,2.127659574468077,5025736.0
600722,20240710,3.8,3.82,3.76,3.76,-0.08,-2.083333333333337,5149124.0
600722,20240711,3.81,3.89,3.8,3.89,0.1300000000000003,3.457446808510656,5964610.0
600722,20240712,3.9,3.95,3.89,3.94,0.0499999999999998,1.285347043701801,5815100.0
600722,20240715,3.93,3.93,3.8,3.82,-0.1200000000000001,-3.0456852791878153,4853100.0
600722,20240716,3.85,3.85,3.76,3.78,-0.04,-1.0471204188481686,3595700.0
600722,20240717,3.78,3.79,3.74,3.76,-0.02,-0.5291005291005346,2768186.0
600722,20240718,3.75,3.76,3.65,3.72,-0.0399999999999995,-1.0638297872340274,4084200.0
600722,20240719,3.7,3.76,3.67,3.73,0.0099999999999997,0.268817204301075,2782787.0
600722,20240722,3.71,3.73,3.69,3.71,-0.02,-0.536193029490617,2423500.0
600722,20240723,3.72,3.76,3.66,3.66,-0.0499999999999998,-1.3477088948786964,2952700.0
600722,20240724,3.65,3.68,3.56,3.62,-0.04,-1.0928961748633892,5448680.0
600722,20240725,3.65,3.67,3.57,3.64,0.02,0.5524861878453136,2469000.0
600722,20240726,3.64,3.71,3.62,3.7,0.06,1.6483516483516425,2314574.0
600722,20240729,3.7,3.72,3.66,3.72,0.02,0.540540540540535,2063380.0
600722,20240730,3.71,3.78,3.7,3.74,0.02,0.5376344086021501,3010600.0
600722,20240731,3.74,3.83,3.72,3.82,0.0799999999999996,2.1390374331550666,5088369.0
600722,20240801,3.82,3.84,3.79,3.8,-0.02,-0.5235602094240788,3301301.0
600722,20240802,3.78,3.87,3.76,3.78,-0.02,-0.5263157894736858,4270100.0
600722,20240805,3.78,3.82,3.7,3.7,-0.0799999999999996,-2.116402116402105,4135211.0
600722,20240806,3.73,3.77,3.7,3.76,0.0599999999999996,1.621621621621605,3199811.0
600722,20240807,3.76,3.81,3.74,3.78,0.02,0.5319148936170137,2738000.0
600722,20240808,3.78,3.82,3.74,3.8,0.02,0.5291005291005346,3029800.0
600722,20240809,3.81,3.83,3.76,3.76,-0.04,-1.0526315789473717,3138800.0
600722,20240812,3.76,3.78,3.7,3.72,-0.0399999999999995,-1.0638297872340274,2326000.0
600722,20240813,3.73,3.82,3.69,3.8,0.0799999999999996,2.1505376344086,3174641.0
600722,20240814,3.8,3.8,3.74,3.75,-0.0499999999999998,-1.3157894736842035,2214248.0
600722,20240815,3.78,3.8,3.71,3.76,0.0099999999999997,0.2666666666666595,3045835.0
600722,20240816,3.77,3.78,3.74,3.74,-0.0199999999999995,-0.5319148936170137,1867600.0
600722,20240819,3.73,3.77,3.71,3.73,-0.0100000000000002,-0.2673796791443861,2321900.0
600722,20240820,3.74,3.76,3.66,3.69,-0.04,-1.072386058981234,3111700.0
600722,20240821,3.69,3.73,3.67,3.71,0.02,0.5420054200542035,1898940.0
600722,20240822,3.7,3.73,3.64,3.65,-0.06,-1.6172506738544534,2848470.0
600722,20240823,3.65,3.67,3.6,3.62,-0.0299999999999998,-0.8219178082191747,2722411.0
600722,20240826,3.61,3.71,3.6,3.7,0.08,2.20994475138121,2963840.0
600722,20240827,3.7,3.72,3.65,3.66,-0.04,-1.0810810810810811,2067900.0
600722,20240828,3.66,3.73,3.65,3.69,0.0299999999999998,0.8196721311475308,2391960.0
600722,20240829,3.69,3.73,3.66,3.72,0.0300000000000002,0.8130081300813163,2463300.0
600722,20240830,3.72,3.79,3.71,3.76,0.0399999999999995,1.0752688172043,4011700.0
600722,20240902,3.75,3.79,3.71,3.71,-0.0499999999999998,-1.3297872340425454,2570900.0
600722,20240903,3.71,3.78,3.69,3.74,0.0300000000000002,0.8086253369272267,2883900.0
600722,20240904,3.75,3.75,3.69,3.72,-0.02,-0.5347593582887722,2162400.0
600722,20240905,3.73,3.76,3.71,3.74,0.02,0.5376344086021501,3083300.0
600722,20240906,3.74,3.74,3.66,3.68,-0.06,-1.6042780748663166,2813950.0
600722,20240909,3.66,3.73,3.65,3.7,0.02,0.5434782608695565,2283445.0
600722,20240910,3.7,3.73,3.64,3.71,0.0099999999999997,0.2702702702702675,2600400.0
600722,20240911,3.71,3.72,3.67,3.69,-0.02,-0.5390835579514808,1995940.0
600722,20240912,3.68,3.72,3.68,3.68,-0.0099999999999997,-0.2710027100270906,1474200.0
600722,20240913,3.7,3.71,3.65,3.65,-0.0300000000000002,-0.815217391304357,2063600.0
600722,20240918,3.65,3.67,3.56,3.61,-0.04,-1.0958904109588996,2394441.0
600722,20240919,3.64,3.71,3.59,3.69,0.08,2.216066481994461,4120600.0
600722,20240920,3.69,3.73,3.68,3.71,0.02,0.5420054200542035,2706727.0
600722,20240923,3.7,3.73,3.68,3.72,0.0100000000000002,0.269541778975757,2232400.0
600722,20240924,3.73,3.83,3.72,3.82,0.0999999999999996,2.6881720430107503,6540980.0
600722,20240925,3.86,3.94,3.85,3.85,0.0300000000000002,0.7853403141361293,7141646.0
600722,20240926,3.86,3.97,3.83,3.95,0.1,2.5974025974025983,7946500.0
600722,20240927,3.99,4.16,3.95,4.13,0.1799999999999997,4.556962025316458,9243935.0
600722,20240930,4.38,4.52,4.16,4.5,0.3700000000000001,8.9588377723971,27909805.0
600722,20241008,4.95,4.95,4.5,4.68,0.1799999999999997,4.0000000000000036,32500142.0
600722,20241009,4.59,4.6,4.22,4.22,-0.4599999999999999,-9.829059829059828,18618076.0
600722,20241010,4.17,4.37,4.17,4.27,0.0499999999999998,1.1848341232227444,9728874.0
600722,20241011,4.28,4.32,4.1,4.15,-0.1199999999999992,-2.810304449648693,9721706.0
600722,20241014,4.21,4.24,4.14,4.22,0.0699999999999994,1.686746987951793,8592740.0
600722,20241015,4.23,4.23,4.13,4.15,-0.0699999999999994,-1.6587677725118375,6048293.0
600722,20241016,4.12,4.2,4.12,4.19,0.04,0.9638554216867544,6044774.0
600722,20241017,4.21,4.25,4.11,4.12,-0.0700000000000002,-1.670644391408116,6781880.0
600722,20241018,4.12,4.48,4.09,4.3,0.1799999999999997,4.3689320388349495,16674600.0
600722,20241021,4.24,4.3,4.2,4.24,-0.0599999999999996,-1.395348837209298,13257584.0
600722,20241022,4.23,4.33,4.22,4.3,0.0599999999999996,1.4150943396226356,8598941.0
600722,20241023,4.27,4.57,4.27,4.46,0.1600000000000001,3.7209302325581506,21502569.0
600722,20241024,4.4,4.41,4.33,4.37,-0.0899999999999998,-2.0179372197309364,12486982.0
600722,20241025,4.38,4.5,4.38,4.47,0.0999999999999996,2.2883295194507935,13391900.0
600722,20241028,4.44,4.58,4.43,4.58,0.1100000000000003,2.460850111856838,14757300.0
600722,20241029,4.58,4.6,4.46,4.54,-0.04,-0.8733624454148492,14908304.0
600722,20241030,4.54,4.59,4.49,4.58,0.04,0.8810572687224738,10949735.0
600722,20241031,4.64,4.7,4.58,4.66,0.08,1.7467248908296984,14507606.0
600722,20241101,4.64,4.87,4.63,4.64,-0.0200000000000004,-0.4291845493562318,17779500.0
600722,20241104,4.58,4.64,4.55,4.6,-0.04,-0.8620689655172376,11378344.0
600722,20241105,4.6,4.69,4.59,4.65,0.0500000000000007,1.0869565217391353,10873985.0
600722,20241106,4.71,4.71,4.62,4.66,0.0099999999999997,0.2150537634408644,9831555.0
600722,20241107,4.63,4.75,4.6,4.75,0.0899999999999998,1.93133047210301,13041084.0
600722,20241108,4.85,4.85,4.66,4.69,-0.0599999999999996,-1.2631578947368327,11437100.0
600722,20241111,4.64,4.75,4.64,4.73,0.04,0.8528784648187626,10557949.0
600722,20241112,4.75,4.83,4.65,4.69,-0.04,-0.8456659619450302,13322661.0
600722,20241113,4.73,4.89,4.66,4.75,0.0599999999999996,1.2793176972281328,10618010.0
600722,20241114,4.76,4.76,4.59,4.6,-0.1500000000000003,-3.157894736842115,10331498.0
600722,20241115,4.6,4.69,4.55,4.55,-0.0499999999999998,-1.0869565217391242,8972804.0
600722,20241118,4.63,4.63,4.46,4.5,-0.0499999999999998,-1.098901098901095,8657500.0
600722,20241119,4.49,4.64,4.48,4.64,0.1399999999999996,3.111111111111109,7929662.0
600722,20241120,4.63,5.1,4.62,5.1,0.4599999999999999,9.913793103448263,13322279.0
600722,20241121,5.36,5.36,5.09,5.26,0.1600000000000001,3.1372549019607954,76900832.0
600722,20241122,5.25,5.59,5.04,5.06,-0.2000000000000001,-3.802281368821292,67923026.0
600722,20241125,5.0,5.27,4.92,5.17,0.1100000000000003,2.1739130434782705,47935363.0
600722,20241126,5.08,5.12,4.89,4.91,-0.2599999999999998,-5.029013539651839,34568373.0
600722,20241127,4.91,4.91,4.65,4.86,-0.0499999999999998,-1.0183299389001976,23998701.0
600722,20241128,4.86,5.03,4.8,4.96,0.0999999999999996,2.0576131687242816,21266034.0
600722,20241129,4.96,5.2,4.88,5.08,0.1200000000000001,2.4193548387096753,31770119.0
600722,20241202,5.02,5.59,5.02,5.59,0.5099999999999998,10.039370078740165,60028995.0
600722,20241203,5.64,6.15,5.57,6.15,0.5600000000000005,10.017889087656528,84183272.0
600722,20241204,6.36,6.77,5.8,5.83,-0.3200000000000003,-5.203252032520334,139970575.0
600722,20241205,5.74,5.98,5.48,5.58,-0.25,-4.288164665523153,87853615.0
600722,20241206,5.58,5.92,5.41,5.9,0.3200000000000003,5.7347670250896154,84700313.0
600722,20241209,5.78,6.07,5.64,5.68,-0.2200000000000006,-3.7288135593220417,57836857.0
600722,20241210,5.7,5.89,5.66,5.75,0.0700000000000002,1.232394366197198,54086610.0
600722,20241211,5.74,5.87,5.65,5.8,0.0499999999999998,0.8695652173912993,45429255.0
600722,20241212,5.85,5.88,5.73,5.8,0.0,0.0,35157020.0
600722,20241213,5.76,5.77,5.53,5.55,-0.25,-4.31034482758621,34093800.0
600722,20241216,5.52,5.68,5.48,5.6,0.0499999999999998,0.9009009009008916,21352039.0
600722,20241217,5.58,5.61,5.28,5.3,-0.2999999999999998,-5.357142857142849,21069826.0
600722,20241218,5.28,5.36,5.21,5.28,-0.0199999999999995,-0.3773584905660265,15273860.0
600722,20241219,5.22,5.31,5.14,5.17,-0.1100000000000003,-2.083333333333337,17024441.0
600722,20241220,5.17,5.34,5.15,5.24,0.0700000000000002,1.3539651837524147,14095074.0
600722,20241223,5.28,5.31,4.92,4.96,-0.2800000000000002,-5.343511450381689,18470874.0
600722,20241224,4.94,5.02,4.86,4.97,0.0099999999999997,0.2016129032258007,12333970.0
600722,20241225,4.97,4.99,4.71,4.76,-0.2099999999999999,-4.225352112676051,14279560.0
600722,20241226,4.77,4.83,4.75,4.76,0.0,0.0,10700500.0
600722,20241227,4.78,4.95,4.77,4.89,0.1299999999999999,2.73109243697478,12001390.0
600722,20241230,4.9,4.91,4.75,4.79,-0.0999999999999996,-2.0449897750511203,9759112.0
600722,20241231,4.76,4.82,4.67,4.68,-0.1100000000000003,-2.2964509394572064,9147800.0
600722,20250102,4.68,4.79,4.59,4.64,-0.04,-0.8547008547008517,11542600.0
600722,20250103,4.67,4.89,4.51,4.72,0.08,1.724137931034475,24733726.0
600722,20250106,4.61,5.19,4.44,5.19,0.4700000000000006,9.957627118644076,42811391.0
600722,20250107,5.17,5.64,5.1,5.5,0.3099999999999996,5.973025048169545,75860145.0
600722,20250108,5.32,5.57,5.28,5.35,-0.1500000000000003,-2.7272727272727337,49262458.0
600722,20250109,5.33,5.4,5.23,5.25,-0.0999999999999996,-1.869158878504662,26340993.0
600722,20250110,5.27,5.5,5.12,5.37,0.1200000000000001,2.285714285714291,42086521.0
600722,20250113,5.22,5.76,5.18,5.65,0.2800000000000002,5.214152700186214,57338424.0
600722,20250114,5.52,5.95,5.45,5.79,0.1399999999999996,2.4778761061946764,58214029.0
600722,20250115,5.69,5.69,5.55,5.58,-0.2099999999999999,-3.626943005181349,32930522.0
600722,20250116,5.56,5.71,5.4,5.66,0.08,1.4336917562723928,37088802.0
600722,20250117,5.61,5.65,5.47,5.5,-0.1600000000000001,-2.8268551236749095,24150340.0
600722,20250120,5.45,5.51,5.3,5.32,-0.1799999999999997,-3.2727272727272716,27392100.0
600722,20250121,5.5,5.65,5.3,5.38,0.0599999999999996,1.1278195488721776,23926492.0
600722,20250122,5.33,5.38,5.18,5.19,-0.1899999999999995,-3.531598513011147,20089800.0
600722,20250123,5.23,5.6,5.23,5.26,0.0699999999999994,1.348747591522148,38854032.0
600722,20250124,5.25,5.5,5.18,5.39,0.1299999999999999,2.471482889733845,28940901.0
600722,20250127,5.39,5.64,5.35,5.62,0.2300000000000004,4.267161410018572,44495600.0
600722,20250205,5.7,5.83,5.56,5.76,0.1399999999999996,2.491103202846978,52897980.0
600722,20250206,5.67,5.89,5.55,5.79,0.0300000000000002,0.5208333333333481,41510300.0
600722,20250207,5.71,5.84,5.68,5.77,-0.0200000000000004,-0.3454231433506094,37561324.0
600722,20250210,5.78,5.85,5.69,5.84,0.0700000000000002,1.2131715771230622,36627910.0
600722,20250211,5.81,5.85,5.67,5.71,-0.1299999999999999,-2.2260273972602773,24426000.0
600722,20250212,5.71,5.78,5.65,5.7,-0.0099999999999997,-0.1751313485113814,19710601.0
600722,20250213,5.69,6.15,5.69,5.87,0.1699999999999999,2.9824561403508865,64678300.0
600722,20250214,5.8,5.97,5.7,5.73,-0.1399999999999996,-2.385008517887554,40619855.0
600722,20250217,5.64,5.77,5.48,5.73,0.0,0.0,33545054.0
600722,20250218,5.7,6.12,5.65,5.95,0.2199999999999997,3.8394415357766,63180636.0
600722,20250219,5.9,6.12,5.84,5.96,0.0099999999999997,0.1680672268907557,38953218.0
600722,20250220,5.9,6.01,5.85,5.9,-0.0599999999999996,-1.0067114093959662,24563222.0
600722,20250221,5.88,5.89,5.72,5.77,-0.1300000000000007,-2.203389830508484,25864700.0
600722,20250224,5.78,5.82,5.68,5.74,-0.0299999999999993,-0.5199306759098632,18013500.0
600722,20250225,5.68,5.76,5.6,5.74,0.0,0.0,21497658.0
600722,20250226,5.78,5.83,5.7,5.73,-0.0099999999999997,-0.174216027874563,18873601.0
600722,20250227,5.71,5.77,5.64,5.74,0.0099999999999997,0.1745200698080262,21082333.0
600722,20250228,5.74,5.75,5.36,5.4,-0.3399999999999998,-5.923344947735187,22303753.0
600722,20250303,5.4,5.59,5.38,5.46,0.0599999999999996,1.1111111111111072,15043636.0
600722,20250304,5.45,5.5,5.41,5.49,0.0300000000000002,0.5494505494505475,8723170.0
600722,20250305,5.48,5.54,5.29,5.53,0.04,0.7285974499089187,17296450.0
600722,20250306,5.5,5.7,5.5,5.67,0.1399999999999996,2.5316455696202445,15287701.0
600722,20250307,5.69,5.75,5.49,5.51,-0.1600000000000001,-2.821869488536155,19047000.0
600722,20250310,5.53,5.73,5.47,5.59,0.08,1.4519056261343088,13067101.0
600722,20250311,5.56,5.63,5.49,5.62,0.0300000000000002,0.5366726296959001,8284442.0
600722,20250312,5.63,5.65,5.52,5.56,-0.0600000000000005,-1.067615658362997,8945653.0
600722,20250313,5.54,5.58,5.45,5.54,-0.0199999999999995,-0.3597122302158251,10250200.0
600722,20250314,5.53,5.68,5.49,5.66,0.1200000000000001,2.166064981949467,16669676.0
600722,20250317,5.75,5.75,5.66,5.7,0.04,0.7067137809187329,15939602.0
600722,20250318,5.7,5.79,5.63,5.66,-0.04,-0.7017543859649145,15620568.0
600722,20250319,5.64,5.7,5.59,5.64,-0.0200000000000004,-0.3533568904593775,10886702.0
600722,20250320,5.64,5.73,5.61,5.66,0.0200000000000004,0.3546099290780313,13971002.0
600722,20250321,5.66,5.66,5.5,5.52,-0.1400000000000005,-2.473498233215554,9704276.0
600722,20250324,5.52,5.59,5.4,5.57,0.0500000000000007,0.9057971014492904,13611044.0
600722,20250325,5.53,5.91,5.47,5.84,0.2699999999999996,4.847396768402157,42051655.0
600722,20250326,5.79,6.0,5.69,5.98,0.1400000000000005,2.397260273972623,55397114.0
600722,20250327,5.97,6.39,5.92,6.16,0.1799999999999997,3.0100334448160515,78856937.0
600722,20250328,5.97,5.97,5.65,5.7,-0.4599999999999999,-7.467532467532467,52162688.0
600722,20250331,5.58,5.62,5.15,5.2,-0.5,-8.771929824561408,35783968.0
600722,20250401,5.18,5.53,5.18,5.31,0.1099999999999994,2.115384615384608,27066601.0
600722,20250402,5.29,5.32,5.17,5.22,-0.0899999999999998,-1.6949152542372836,15573901.0
600722,20250403,5.17,5.26,5.13,5.21,-0.0099999999999997,-0.1915708812260441,12211700.0
600722,20250407,4.97,4.97,4.69,4.69,-0.5199999999999996,-9.980806142034538,15706001.0
600722,20250408,4.69,4.75,4.47,4.56,-0.1300000000000007,-2.771855010660995,20127846.0
600722,20250409,4.53,4.73,4.17,4.66,0.1000000000000005,2.192982456140369,18607789.0
600722,20250410,4.69,4.85,4.69,4.78,0.1200000000000001,2.5751072961373467,15103753.0
600722,20250411,4.74,4.88,4.71,4.86,0.08,1.673640167364021,11628713.0
600722,20250414,4.9,4.98,4.88,4.91,0.0499999999999998,1.0288065843621297,10340713.0
600722,20250415,4.94,5.01,4.9,4.95,0.04,0.8146639511201537,9823350.0
600722,20250416,4.96,4.96,4.68,4.78,-0.1699999999999999,-3.4343434343434343,13969816.0
600722,20250417,4.78,4.94,4.74,4.91,0.1299999999999999,2.7196652719665204,13367652.0
600722,20250418,4.88,4.92,4.81,4.89,-0.0200000000000004,-0.4073319755600879,8917340.0
600722,20250421,4.86,5.01,4.85,5.0,0.1100000000000003,2.249488752556239,9479642.0
600722,20250422,5.01,5.15,5.0,5.11,0.1100000000000003,2.200000000000002,14161700.0
600722,20250423,5.11,5.2,5.08,5.11,0.0,0.0,12462140.0
600722,20250424,5.09,5.12,5.02,5.11,0.0,0.0,9640500.0
600722,20250425,5.1,5.15,5.05,5.1,-0.0100000000000006,-0.1956947162426781,6516434.0
600722,20250428,5.09,5.12,4.93,4.97,-0.1299999999999999,-2.5490196078431393,8663730.0
600722,20250429,4.97,5.07,4.95,5.01,0.04,0.8048289738430636,6789035.0
600722,20250430,5.01,5.14,4.99,5.04,0.0300000000000002,0.5988023952095967,9723900.0
600722,20250506,5.08,5.18,5.05,5.18,0.1399999999999996,2.777777777777768,11920072.0
600722,20250507,5.23,5.37,5.16,5.32,0.1400000000000005,2.7027027027027195,21284735.0
600722,20250508,5.31,5.39,5.25,5.35,0.0299999999999993,0.5639097744360777,14695300.0
600722,20250509,5.37,5.42,5.15,5.16,-0.1899999999999995,-3.5514018691588656,22080587.0
600722,20250512,5.21,5.25,5.16,5.18,0.0199999999999995,0.3875968992248069,12830600.0
600722,20250513,5.22,5.27,5.16,5.23,0.0500000000000007,0.9652509652509744,17846510.0
600722,20250514,5.25,5.39,5.14,5.27,0.0399999999999991,0.7648183556405286,23771498.0
600722,20250515,5.25,5.4,5.2,5.22,-0.0499999999999998,-0.9487666034155516,22118215.0
600722,20250516,5.17,5.29,5.17,5.26,0.04,0.766283524904221,11403792.0
600722,20250519,5.26,5.32,5.22,5.32,0.0600000000000005,1.1406844106463865,10689370.0
600722,20250520,5.31,5.32,5.22,5.3,-0.0200000000000004,-0.375939849624074,11532000.0
600722,20250521,5.28,5.34,5.22,5.25,-0.0499999999999998,-0.943396226415094,13277000.0
600722,20250522,5.22,5.27,5.13,5.14,-0.1100000000000003,-2.0952380952381056,10861070.0
600722,20250523,5.14,5.25,5.12,5.14,0.0,0.0,8514500.0
600722,20250526,5.14,5.2,5.07,5.16,0.0200000000000004,0.3891050583657574,8953300.0
600722,20250527,5.14,5.21,5.08,5.2,0.04,0.7751937984496138,9726500.0
600722,20250528,5.19,5.23,5.1,5.11,-0.0899999999999998,-1.7307692307692246,8181100.0
600722,20250529,5.09,5.17,5.04,5.13,0.0199999999999995,0.3913894324853118,7735300.0
600722,20250530,5.12,5.15,5.01,5.02,-0.1100000000000003,-2.1442495126705707,8810800.0
600722,20250603,4.98,5.1,4.98,5.06,0.04,0.7968127490039834,5057100.0
600722,20250604,5.05,5.14,5.05,5.14,0.08,1.5810276679841806,7460838.0
600722,20250605,5.16,5.17,5.1,5.15,0.0100000000000006,0.1945525291829009,5455300.0
600722,20250606,5.16,5.23,5.11,5.17,0.0199999999999995,0.3883495145631022,7820800.0
600722,20250609,5.18,5.21,5.14,5.18,0.0099999999999997,0.19342359767891,6278400.0
600722,20250610,5.17,5.25,5.07,5.17,-0.0099999999999997,-0.1930501930501926,12666000.0
600722,20250611,5.16,5.2,5.13,5.17,0.0,0.0,8047500.0
600722,20250612,5.2,5.28,5.12,5.24,0.0700000000000002,1.3539651837524147,16002800.0
600722,20250613,5.58,5.76,5.55,5.76,0.5199999999999996,9.923664122137389,42677224.0
600722,20250616,6.34,6.34,6.34,6.34,0.5800000000000001,10.069444444444445,7298222.0
600722,20250617,6.97,6.97,6.65,6.97,0.6299999999999999,9.936908517350162,99859055.0
600722,20250618,7.67,7.67,7.67,7.67,0.7000000000000002,10.04304160688665,44380382.0
600722,20250619,7.03,8.44,7.03,8.15,0.4800000000000004,6.258148631030003,201457233.0
600722,20250620,7.81,7.93,7.34,7.34,-0.8100000000000005,-9.938650306748476,114837217.0
600722,20250623,7.21,7.96,6.97,7.76,0.4199999999999999,5.722070844686655,157745022.0
600722,20250624,6.98,7.15,6.98,6.98,-0.7799999999999994,-10.051546391752565,102271485.0
600722,20250625,6.31,6.87,6.28,6.44,-0.54,-7.73638968481375,145173209.0
600722,20250626,6.3,6.61,6.2,6.6,0.1599999999999992,2.4844720496894235,110380179.0
600722,20250627,6.38,6.47,6.28,6.28,-0.3199999999999994,-4.848484848484835,69971770.0
600722,20250630,6.26,6.37,6.21,6.37,0.0899999999999998,1.4331210191082857,57155924.0
600722,20250701,6.42,6.43,6.21,6.36,-0.0099999999999997,-0.1569858712715865,56282903.0
600722,20250702,6.31,6.42,6.28,6.35,-0.0100000000000006,-0.1572327044025212,48454901.0
600722,20250703,6.34,6.34,6.22,6.26,-0.0899999999999998,-1.4173228346456623,43274801.0
600722,20250704,6.25,6.25,6.11,6.13,-0.1299999999999999,-2.076677316293929,41140542.0
600722,20250707,6.14,6.22,6.06,6.22,0.0899999999999998,1.4681892332789603,27357500.0
600722,20250708,6.19,6.23,6.16,6.23,0.0100000000000006,0.1607717041800738,26367000.0
600722,20250709,6.23,6.25,6.12,6.16,-0.0700000000000002,-1.1235955056179805,33530000.0
600722,20250710,6.12,6.23,6.12,6.19,0.0300000000000002,0.4870129870129913,26347572.0
600722,20250711,6.19,6.19,6.11,6.17,-0.0200000000000004,-0.3231017770597866,26222624.0
600722,20250714,6.16,6.22,6.13,6.14,-0.0300000000000002,-0.4862236628849326,22446161.0
600722,20250715,6.14,6.15,5.95,6.0,-0.1399999999999996,-2.280130293159599,34599799.0
600722,20250716,5.99,6.07,5.98,6.03,0.0300000000000002,0.5000000000000115,14029100.0
600722,20250717,6.04,6.05,6.0,6.04,0.0099999999999997,0.1658374792703032,13131100.0
600722,20250718,6.04,6.08,6.02,6.06,0.0199999999999995,0.3311258278145601,17237300.0
600722,20250721,6.06,6.16,6.06,6.14,0.08,1.320132013201314,24763501.0
600722,20250722,6.13,6.19,6.06,6.18,0.04,0.6514657980456029,30719401.0
600722,20250723,6.18,6.19,6.05,6.06,-0.1200000000000001,-1.9417475728155331,25082400.0
600722,20250724,6.05,6.12,6.05,6.12,0.0600000000000005,0.990099009900991,17840645.0
600722,20250725,6.13,6.28,6.12,6.16,0.04,0.6535947712418277,44014801.0
600722,20250728,6.12,6.12,6.06,6.09,-0.0700000000000002,-1.1363636363636465,25397808.0
600722,20250729,6.08,6.09,5.96,6.05,-0.04,-0.6568144499178974,21255900.0
600722,20250730,6.05,6.1,5.99,6.03,-0.0199999999999995,-0.3305785123966842,17731457.0
600722,20250731,6.03,6.03,5.91,5.93,-0.1000000000000005,-1.6583747927031545,16894800.0
600722,20250801,5.94,6.02,5.93,6.0,0.0700000000000002,1.180438448566612,12348034.0
600722,20250804,5.98,6.11,5.93,6.09,0.0899999999999998,1.4999999999999902,19334000.0
600722,20250805,6.09,6.1,6.06,6.09,0.0,0.0,13577961.0
600722,20250806,6.08,6.11,6.05,6.11,0.0200000000000004,0.3284072249589487,13739600.0
600722,20250807,6.12,6.13,6.07,6.11,0.0,0.0,13523000.0
600722,20250808,6.1,6.18,6.07,6.14,0.0299999999999993,0.4909983633387682,25312635.0
600722,20250811,6.18,6.18,6.12,6.15,0.0100000000000006,0.1628664495114007,16572600.0
600722,20250812,6.14,6.16,6.09,6.14,-0.0100000000000006,-0.1626016260162677,15002900.0
600722,20250813,6.14,6.18,6.1,6.12,-0.0199999999999995,-0.3257328990227903,17938100.0
600722,20250814,6.1,6.13,6.0,6.01,-0.1100000000000003,-1.7973856209150374,18296701.0
600722,20250815,6.01,6.07,6.0,6.06,0.0499999999999998,0.8319467554076532,12161105.0
600722,20250818,6.09,6.15,6.07,6.15,0.0900000000000007,1.4851485148514865,24593490.0
600722,20250819,6.15,6.2,6.12,6.18,0.0299999999999993,0.4878048780487809,25987501.0
600722,20250820,6.19,6.8,6.16,6.8,0.6200000000000001,10.032362459546928,105389109.0
600722,20250821,6.78,7.48,6.55,7.15,0.3500000000000005,5.147058823529416,134209723.0
600722,20250822,6.8,6.99,6.75,6.83,-0.3200000000000003,-4.475524475524484,74318826.0
600722,20250825,6.83,7.48,6.73,7.12,0.29,4.245973645680823,92236723.0
600722,20250826,7.18,7.2,6.85,6.99,-0.1299999999999999,-1.8258426966292096,54855909.0
600722,20250827,6.88,7.18,6.73,6.83,-0.1600000000000001,-2.288984263233196,64403462.0
600722,20250828,6.88,7.14,6.68,6.97,0.1399999999999996,2.0497803806734938,57923161.0
600722,20250829,6.88,7.34,6.88,7.19,0.2200000000000006,3.1563845050215367,69345593.0
600722,20250901,7.18,7.68,7.13,7.26,0.0699999999999994,0.9735744089012456,76119817.0
600722,20250902,7.26,7.98,7.06,7.69,0.4300000000000006,5.9228650137741035,104850844.0
600722,20250903,7.51,7.54,6.92,7.01,-0.6800000000000006,-8.842652795838756,72701470.0
600722,20250904,6.87,7.01,6.51,6.61,-0.3999999999999994,-5.706134094151205,54994146.0
600722,20250905,6.69,6.87,6.61,6.72,0.1099999999999994,1.6641452344931862,36250338.0
600722,20250908,6.74,6.98,6.72,6.86,0.1400000000000005,2.083333333333348,36240409.0
600722,20250909,6.78,7.25,6.77,7.04,0.1799999999999997,2.6239067055393583,51673892.0
600722,20250910,6.91,7.5,6.91,7.34,0.2999999999999998,4.261363636363624,76815902.0
600722,20250911,7.11,7.32,7.11,7.25,-0.0899999999999998,-1.2261580381471404,49647791.0
600722,20250912,7.25,7.47,7.13,7.3,0.0499999999999998,0.6896551724137945,46811994.0
600722,20250915,7.25,7.25,7.08,7.09,-0.2099999999999999,-2.876712328767128,31993020.0
600722,20250916,7.1,7.18,7.05,7.14,0.0499999999999998,0.7052186177715081,22697943.0
600722,20250917,7.12,7.12,6.79,6.84,-0.2999999999999998,-4.201680672268903,41510911.0
600722,20250918,6.81,6.9,6.57,6.65,-0.1899999999999995,-2.777777777777768,33111191.0
600722,20250919,6.65,6.74,6.53,6.68,0.0299999999999993,0.4511278195488577,21166063.0
600722,20250922,6.68,6.69,6.39,6.42,-0.2599999999999998,-3.8922155688622673,23555000.0
600722,20250923,6.38,6.43,6.19,6.37,-0.0499999999999998,-0.7788161993769416,22081815.0
600722,20250924,6.31,6.41,6.29,6.4,0.0300000000000002,0.4709576138147708,13566543.0
600722,20250925,6.38,6.39,6.24,6.26,-0.1400000000000005,-2.187500000000009,14602452.0
600722,20250926,6.25,6.5,6.22,6.32,0.0600000000000005,0.9584664536741228,18064800.0
600722,20250929,6.28,6.55,6.26,6.45,0.1299999999999999,2.0569620253164445,19297533.0
600722,20250930,6.44,6.45,6.35,6.35,-0.1000000000000005,-1.5503875968992276,15470910.0
600722,20251009,6.33,6.75,6.3,6.67,0.3200000000000003,5.039370078740157,33768292.0
600722,20251010,6.61,6.72,6.54,6.64,-0.0300000000000002,-0.4497751124437843,19778610.0
600722,20251013,6.35,6.57,6.25,6.56,-0.08,-1.2048192771084376,13431924.0
600722,20251014,6.6,6.65,6.4,6.43,-0.1299999999999999,-1.981707317073167,16949031.0
600722,20251015,6.41,6.5,6.41,6.47,0.04,0.6220839813374734,9383100.0
600722,20251016,6.46,6.5,6.32,6.35,-0.1200000000000001,-1.8547140649149976,12164600.0
600722,20251017,6.31,6.38,6.23,6.24,-0.1099999999999994,-1.7322834645669194,11547700.0
600722,20251020,6.28,6.36,6.26,6.36,0.1200000000000001,1.923076923076916,9825296.0
600722,20251021,6.36,6.45,6.29,6.45,0.0899999999999998,1.4150943396226356,11421200.0
600722,20251022,6.41,7.09,6.38,6.84,0.3899999999999997,6.04651162790697,52614084.0
600722,20251023,6.71,6.81,6.64,6.73,-0.1099999999999994,-1.6081871345029142,32851400.0
600722,20251024,6.72,6.76,6.57,6.69,-0.04,-0.5943536404160454,22622639.0
600722,20251027,6.73,6.74,6.59,6.65,-0.04,-0.5979073243647215,16120870.0
600722,20251028,6.65,6.65,6.5,6.54,-0.1100000000000003,-1.6541353383458746,15152575.0
600722,20251029,6.53,6.57,6.43,6.57,0.0300000000000002,0.4587155963302836,15595925.0
600722,20251030,6.54,6.54,6.35,6.38,-0.1900000000000004,-2.8919330289193357,14768516.0
600722,20251031,6.38,6.47,6.37,6.41,0.0300000000000002,0.4702194357366851,9010500.0
600722,20251103,6.45,6.53,6.4,6.52,0.1099999999999994,1.716068642745694,11648959.0
600722,20251104,6.52,6.52,6.38,6.43,-0.0899999999999998,-1.3803680981595123,9446400.0
600722,20251105,6.4,6.62,6.36,6.56,0.1299999999999999,2.0217729393468,17255900.0
600722,20251106,6.57,6.67,6.53,6.65,0.0900000000000007,1.371951219512213,20066906.0
600722,20251107,6.63,6.76,6.59,6.69,0.04,0.6015037593984918,23487956.0
600722,20251110,6.72,6.93,6.67,6.87,0.1799999999999997,2.690582959641241,35766224.0
600722,20251111,6.87,6.88,6.7,6.82,-0.0499999999999998,-0.727802037845704,26463443.0
600722,20251112,6.83,6.89,6.7,6.76,-0.0600000000000005,-0.8797653958944385,21960795.0
600722,20251113,6.84,6.9,6.71,6.88,0.1200000000000001,1.775147928994092,21367718.0
600722,20251114,6.81,6.9,6.77,6.77,-0.1100000000000003,-1.5988372093023284,17116800.0
600722,20251117,6.76,6.79,6.7,6.75,-0.0199999999999995,-0.2954209748892156,13070164.0
600722,20251118,6.72,6.74,6.48,6.54,-0.2099999999999999,-3.111111111111109,17086902.0
600722,20251119,6.54,6.71,6.5,6.61,0.0700000000000002,1.070336391437321,18615300.0
600722,20251120,6.6,6.68,6.45,6.5,-0.1100000000000003,-1.6641452344931973,14263300.0
600722,20251121,6.47,6.47,5.99,6.02,-0.4800000000000004,-7.384615384615389,30163570.0
600722,20251124,6.05,6.33,6.05,6.29,0.2700000000000004,4.485049833887045,17163790.0
600722,20251125,6.3,6.35,6.26,6.29,0.0,0.0,9236400.0
600722,20251126,6.31,6.36,6.2,6.22,-0.0700000000000002,-1.112877583465821,8549538.0
600722,20251127,6.23,6.3,6.2,6.25,0.0300000000000002,0.4823151125401992,7249600.0
600722,20251128,6.22,6.34,6.21,6.33,0.08,1.2799999999999925,8071055.0
600722,20251201,6.35,6.45,6.33,6.39,0.0599999999999996,0.9478672985781866,7723100.0
600722,20251202,6.44,6.44,6.22,6.27,-0.1200000000000001,-1.8779342723004744,11490664.0
600722,20251203,6.26,6.29,6.17,6.21,-0.0599999999999996,-0.956937799043056,7664800.0
600722,20251204,6.21,6.22,6.08,6.09,-0.1200000000000001,-1.9323671497584516,8825100.0
600722,20251205,6.12,6.16,6.08,6.15,0.0600000000000005,0.985221674876846,6441001.0
600722,20251208,6.17,6.18,6.09,6.1,-0.0500000000000007,-0.8130081300813163,10353736.0
600722,20251209,6.13,6.13,6.04,6.04,-0.0599999999999996,-0.983606557377048,7672600.0
600722,20251210,6.04,6.34,6.0,6.26,0.2199999999999997,3.64238410596025,22864595.0
600722,20251211,6.24,6.25,6.01,6.01,-0.25,-3.9936102236421744,16210800.0
600722,20251212,6.01,6.02,5.9,5.91,-0.0999999999999996,-1.6638935108153063,13241234.0
600722,20251215,5.88,5.97,5.83,5.88,-0.0300000000000002,-0.5076142131979711,5926598.0
600722,20251216,5.86,5.89,5.75,5.79,-0.0899999999999998,-1.530612244897955,7539800.0
600722,20251217,5.78,5.81,5.7,5.8,0.0099999999999997,0.172711571675288,6622500.0
600722,20251218,5.78,5.9,5.77,5.82,0.0200000000000004,0.3448275862069083,5843400.0
600722,20251219,5.86,5.93,5.83,5.92,0.0999999999999996,1.718213058419238,6797800.0
600722,20251222,5.91,5.99,5.91,5.95,0.0300000000000002,0.5067567567567544,5004997.0
600722,20251223,5.95,5.99,5.88,5.93,-0.0200000000000004,-0.3361344537815225,5934393.0
600722,20251224,5.91,5.95,5.86,5.93,0.0,0.0,4863700.0
600722,20251225,5.93,6.05,5.88,6.0,0.0700000000000002,1.180438448566612,10582030.0
600722,20251226,6.02,6.04,5.95,5.99,-0.0099999999999997,-0.1666666666666594,7394990.0
600722,20251229,5.99,6.01,5.92,5.94,-0.0499999999999998,-0.8347245409014992,5667170.0
600722,20251230,5.92,6.12,5.86,5.97,0.0299999999999993,0.5050505050504972,11849999.0
600722,20251231,5.96,5.98,5.91,5.94,-0.0299999999999993,-0.5025125628140614,7348919.0
600722,20260105,5.98,6.07,5.98,6.04,0.0999999999999996,1.683501683501687,8730162.0
600722,20260106,6.1,6.6,6.09,6.49,0.4500000000000002,7.450331125827825,42451097.0
600722,20260107,6.46,6.46,6.3,6.32,-0.1699999999999999,-2.6194144838212585,22488036.0
600722,20260108,6.3,6.42,6.27,6.32,0.0,0.0,14130370.0
600722,20260109,6.5,6.9,6.35,6.7,0.3799999999999999,6.012658227848089,48282138.0
600722,20260112,6.8,6.87,6.59,6.62,-0.08,-1.19402985074627,35840068.0
600722,20260113,6.88,7.15,6.74,6.85,0.2299999999999995,3.47432024169183,68428161.0
600722,20260114,6.94,7.28,6.9,7.02,0.1699999999999999,2.481751824817513,69883904.0
600722,20260115,6.85,7.22,6.81,7.07,0.0500000000000007,0.7122507122507171,52864873.0
600722,20260116,6.84,6.88,6.36,6.38,-0.6900000000000004,-9.759547383309764,57836429.0
600722,20260119,6.29,6.5,6.24,6.49,0.1100000000000003,1.7241379310344973,28953027.0
600722,20260120,6.45,6.74,6.43,6.65,0.1600000000000001,2.4653312788905923,34929427.0
600722,20260121,6.68,6.86,6.52,6.79,0.1399999999999996,2.105263157894721,32316377.0
600722,20260122,6.79,6.97,6.73,6.92,0.1299999999999999,1.9145802650957224,30843601.0
600722,20260123,6.93,7.24,6.87,7.07,0.1500000000000003,2.1676300578034713,50033420.0
600722,20260126,7.14,7.55,7.08,7.43,0.3599999999999994,5.09193776520509,71663191.0
600722,20260127,7.3,8.08,7.22,7.56,0.1299999999999999,1.749663526244949,82731439.0
600722,20260128,7.53,7.96,7.34,7.83,0.2700000000000004,3.571428571428581,75946826.0
600722,20260129,7.76,8.61,7.74,8.61,0.7799999999999994,9.961685823754785,116767333.0
600722,20260130,8.17,9.35,7.75,8.73,0.120000000000001,1.3937282229965264,135222695.0
600722,20260202,7.9,8.29,7.86,7.86,-0.8700000000000001,-9.965635738831612,62855789.0
600722,20260203,7.53,8.06,7.3,7.75,-0.1100000000000003,-1.3994910941475869,73314496.0
600722,20260204,7.76,8.35,7.76,8.09,0.3399999999999998,4.387096774193555,89046343.0
600722,20260205,7.81,8.32,7.81,7.85,-0.2400000000000002,-2.966625463535233,70399471.0
600722,20260206,7.65,8.64,7.65,8.64,0.7900000000000009,10.063694267515944,76019066.0
600722,20260209,9.01,9.5,8.86,9.5,0.8599999999999994,9.9537037037037,77044932.0
600722,20260210,9.47,10.28,9.1,9.4,-0.0999999999999996,-1.0526315789473606,165386786.0
600722,20260211,9.31,10.34,9.1,10.34,0.9399999999999996,9.999999999999986,129187075.0
600722,20260212,9.87,10.2,9.31,9.31,-1.0299999999999994,-9.96131528046421,122354366.0
600722,20260213,9.31,9.32,8.78,8.85,-0.4600000000000008,-4.940923737916226,82190116.0
600722,20260224,9.25,9.74,9.21,9.74,0.8900000000000006,10.056497175141256,57607179.0
600722,20260225,10.09,10.46,9.48,9.94,0.1999999999999993,2.053388090349073,134240528.0
600722,20260226,9.88,10.02,9.52,9.65,-0.2899999999999991,-2.917505030181078,85917143.0
600722,20260227,9.64,9.75,9.27,9.38,-0.2699999999999996,-2.797927461139893,70521662.0
600722,20260302,10.32,10.32,10.32,10.32,0.9399999999999996,10.021321961620464,20439480.0
600722,20260303,11.35,11.35,11.35,11.35,1.0299999999999994,9.980620155038755,10120820.0
600722,20260304,11.5,12.49,11.46,11.98,0.6300000000000008,5.550660792951545,197408729.0
600722,20260305,11.1,13.17,11.1,12.3,0.3200000000000003,2.6711185308848195,183786202.0
600722,20260306,11.54,13.53,11.54,13.53,1.2299999999999986,9.999999999999986,168205254.0
600722,20260309,14.88,14.88,13.19,13.23,-0.2999999999999989,-2.2172949002217224,195908845.0
600722,20260310,11.91,13.18,11.91,12.73,-0.5,-3.779289493575211,147665213.0
600722,20260311,12.22,14.0,12.22,14.0,1.2699999999999996,9.976433621366844,140684012.0
600722,20260312,14.51,15.4,14.35,15.4,1.4000000000000004,10.000000000000009,163245216.0
600722,20260313,16.0,16.94,15.89,16.94,1.540000000000001,10.000000000000009,177793463.0
600722,20260316,16.94,18.63,16.94,18.4,1.4599999999999973,8.618654073199504,199458566.0
600722,20260317,17.35,20.02,17.31,19.3,0.9000000000000021,4.891304347826098,200884736.0
600722,20260318,18.7,19.01,17.37,17.37,-1.9299999999999995,-9.999999999999998,130173329.0
600722,20260319,18.5,18.87,17.02,17.93,0.5599999999999987,3.2239493379389694,158055041.0
600722,20260320,16.15,16.96,16.14,16.14,-1.7899999999999991,-9.983268265476852,105974602.0
