ts_code,trade_date,open,high,low,close,change,pct_change,vol
603619,20171220,33.04,34.3,33.02,33.22,0.1000000000000014,0.3019323671497709,5175184.0
603619,20171221,32.77,34.2,31.96,33.39,0.1700000000000017,0.5117399157134273,5621367.0
603619,20171222,33.0,36.55,32.81,35.58,2.1899999999999977,6.558849955076362,11133088.0
603619,20171225,34.96,36.95,34.69,35.23,-0.3500000000000014,-0.983698707138847,8611537.0
603619,20171226,35.15,36.88,34.5,35.91,0.6799999999999997,1.930173147885328,8636807.0
603619,20171227,35.98,38.0,35.57,35.97,0.0600000000000022,0.1670843776107045,10405031.0
603619,20171228,34.5,35.37,33.8,34.89,-1.0799999999999983,-3.0025020850708906,8096269.0
603619,20171229,34.7,35.86,34.51,34.78,-0.1099999999999994,-0.3152765835482962,4928268.0
603619,20180102,34.96,37.97,34.06,36.77,1.990000000000002,5.721679125934442,9558643.0
603619,20180103,36.27,36.96,35.83,35.94,-0.8300000000000054,-2.2572749524068625,6766034.0
603619,20180104,36.31,39.53,36.31,39.53,3.5900000000000034,9.98887033945466,7305793.0
603619,20180105,43.47,43.48,41.8,43.48,3.949999999999996,9.99241082721982,21320046.0
603619,20180108,45.0,47.83,44.53,45.66,2.1799999999999997,5.013799448022072,23284475.0
603619,20180109,46.5,49.31,44.35,45.27,-0.3899999999999934,-0.8541392904073408,20488430.0
603619,20180110,47.5,49.65,45.5,46.86,1.5899999999999963,3.5122597746852113,18605890.0
603619,20180111,44.8,46.2,44.09,45.78,-1.0799999999999983,-2.3047375160051176,14947040.0
603619,20180112,46.02,47.14,43.68,43.78,-2.0,-4.368719965050238,13791609.0
603619,20180115,42.5,48.16,42.16,48.16,4.3799999999999955,10.004568296025562,15642140.0
603619,20180116,49.99,52.38,48.69,48.93,0.7700000000000031,1.5988372093023395,19829772.0
603619,20180117,46.3,48.81,44.04,45.77,-3.1599999999999966,-6.458205599836497,15654498.0
603619,20180118,45.08,46.82,44.1,44.95,-0.8200000000000003,-1.7915665282936422,10321848.0
603619,20180119,44.11,46.3,43.02,45.42,0.4699999999999988,1.045606229143492,10768076.0
603619,20180122,44.55,45.5,42.51,42.61,-2.8100000000000023,-6.186701893439017,9016835.0
603619,20180123,42.8,44.4,42.53,43.67,1.0600000000000025,2.487678948603622,8574703.0
603619,20180124,44.59,46.17,44.11,44.66,0.9899999999999948,2.26700251889167,10527578.0
603619,20180125,46.5,48.0,43.11,43.36,-1.2999999999999972,-2.91088222122704,10132514.0
603619,20180126,41.0,42.33,40.11,41.21,-2.1499999999999986,-4.958487084870844,8203322.0
603619,20180129,41.73,42.32,40.78,41.37,0.1599999999999966,0.3882552778451842,6266477.0
603619,20180130,40.08,40.18,37.92,38.0,-3.3699999999999974,-8.14599951655789,7877792.0
603619,20180131,37.0,37.49,36.01,36.4,-1.6000000000000014,-4.210526315789476,5576140.0
603619,20180201,36.47,36.99,35.88,36.36,-0.0399999999999991,-0.1098901098901095,5209936.0
603619,20180202,37.23,39.47,36.66,37.92,1.5600000000000025,4.290429042904287,8947786.0
603619,20180205,35.94,36.15,34.75,35.51,-2.4100000000000037,-6.355485232067515,6044856.0
603619,20180206,33.8,34.87,31.96,32.05,-3.460000000000001,-9.743734159391726,6252063.0
603619,20180207,33.0,35.22,32.17,33.91,1.8599999999999992,5.803432137285491,8402353.0
603619,20180208,33.0,34.59,32.67,34.05,0.1400000000000005,0.4128575641403786,5601804.0
603619,20180209,32.72,33.49,31.51,32.81,-1.2399999999999949,-3.641703377386185,4955374.0
603619,20180212,33.6,33.96,33.2,33.73,0.9199999999999946,2.804023163669589,4095807.0
603619,20180213,33.78,34.4,33.02,33.24,-0.4899999999999949,-1.4527127186480748,4166860.0
603619,20180214,32.88,33.0,31.98,32.46,-0.7800000000000011,-2.3465703971119134,2789040.0
603619,20180222,32.94,33.77,32.68,33.64,1.1799999999999995,3.635243376463349,3862315.0
603619,20180223,33.98,35.18,33.8,34.3,0.6599999999999966,1.9619500594530328,6335315.0
603619,20180226,35.01,35.8,34.57,35.7,1.4000000000000057,4.081632653061251,7001947.0
603619,20180227,35.85,35.86,34.8,35.19,-0.5100000000000051,-1.4285714285714457,5335140.0
603619,20180228,34.29,34.84,34.01,34.49,-0.6999999999999957,-1.9892014776925149,4007321.0
603619,20180301,34.0,36.2,33.7,35.49,1.0,2.899391127863149,6055460.0
603619,20180302,34.8,35.21,34.3,34.46,-1.0300000000000011,-2.9022259791490645,4262373.0
603619,20180305,34.16,34.85,34.16,34.77,0.3100000000000023,0.8995937318630354,3332438.0
603619,20180306,35.44,36.52,35.18,35.87,1.0999999999999943,3.163646821972943,6766105.0
603619,20180307,35.5,35.77,34.91,35.32,-0.5499999999999972,-1.5333147477000209,5353700.0
603619,20180308,35.49,36.44,35.08,36.16,0.8399999999999963,2.378255945639851,7354587.0
603619,20180309,35.93,36.35,35.51,36.24,0.0800000000000054,0.2212389380531032,6924666.0
603619,20180312,36.99,37.4,36.35,36.58,0.3399999999999963,0.9381898454746018,7440738.0
603619,20180313,36.36,36.39,35.4,35.43,-1.1499999999999986,-3.143794423182067,5981486.0
603619,20180314,35.02,38.97,35.0,36.9,1.4699999999999989,4.149026248941579,10839489.0
603619,20180315,36.11,40.1,35.85,39.07,2.1700000000000017,5.880758807588071,14648952.0
603619,20180316,38.49,39.6,38.05,38.88,-0.1899999999999977,-0.4863066291271978,9914312.0
603619,20180319,39.0,40.8,38.31,38.49,-0.3900000000000005,-1.003086419753085,9858957.0
603619,20180320,37.18,41.33,37.18,40.41,1.9199999999999944,4.988308651597806,11540325.0
603619,20180321,41.35,42.08,39.4,39.68,-0.7299999999999969,-1.8064835436772952,11905066.0
603619,20180322,40.88,41.5,39.7,40.12,0.4399999999999977,1.1088709677419262,8435025.0
603619,20180323,37.1,38.86,37.01,37.7,-2.4199999999999946,-6.031904287138568,8627012.0
603619,20180326,38.55,39.15,37.56,38.72,1.019999999999996,2.705570291777182,7578627.0
603619,20180327,38.12,39.73,38.0,39.38,0.6600000000000037,1.7045454545454586,8860766.0
603619,20180328,38.49,38.51,37.41,37.5,-1.8800000000000023,-4.773996952767911,6421176.0
603619,20180329,37.35,38.28,36.7,37.98,0.4799999999999969,1.2799999999999925,6216872.0
603619,20180330,38.0,38.24,37.51,37.78,-0.1999999999999957,-0.5265929436545469,4620224.0
603619,20180402,37.71,38.12,37.0,37.09,-0.6899999999999977,-1.8263631551085124,4813551.0
603619,20180403,35.9,38.3,35.3,37.28,0.1899999999999977,0.51226745753572,7498947.0
603619,20180404,37.55,38.15,36.9,37.39,0.1099999999999994,0.295064377682408,6203215.0
603619,20180409,37.68,38.06,36.85,38.03,0.6400000000000006,1.711687617009905,6193623.0
603619,20180410,38.27,40.86,38.07,40.25,2.219999999999999,5.837496713121215,12848188.0
603619,20180411,43.34,44.28,41.5,43.63,3.3800000000000026,8.397515527950317,18318201.0
603619,20180412,42.25,43.38,41.0,41.51,-2.1200000000000045,-4.859041943616793,12336273.0
603619,20180413,40.75,41.16,39.18,39.67,-1.8399999999999963,-4.432666827270526,9571641.0
603619,20180416,39.98,40.99,39.65,40.02,0.3500000000000014,0.882278800100833,7909159.0
603619,20180417,39.2,39.2,37.37,37.54,-2.480000000000004,-6.196901549225398,6728443.0
603619,20180418,38.1,38.19,36.55,37.91,0.3699999999999974,0.9856153436334614,4921148.0
603619,20180419,38.92,39.96,38.76,38.82,0.9100000000000036,2.4004220522289677,7347311.0
603619,20180420,38.12,38.5,37.0,37.06,-1.759999999999998,-4.533745492014418,5256341.0
603619,20180423,36.7,36.7,35.99,36.59,-0.4699999999999988,-1.2682137075013422,3329848.0
603619,20180424,37.17,38.33,36.8,38.3,1.7099999999999935,4.673408034982218,4409353.0
603619,20180425,37.82,38.0,37.3,37.61,-0.6899999999999977,-1.8015665796344615,3513049.0
603619,20180426,37.89,39.08,37.67,38.47,0.8599999999999994,2.2866258973677223,5648921.0
603619,20180427,37.39,37.39,36.08,36.33,-2.140000000000001,-5.562776189238372,4756405.0
603619,20180502,36.34,36.66,33.94,34.4,-1.9299999999999995,-5.312413982934217,4101077.0
603619,20180503,34.01,35.24,33.86,35.12,0.7199999999999989,2.0930232558139528,2647620.0
603619,20180504,35.2,35.83,34.7,34.83,-0.2899999999999991,-0.8257403189065982,2855269.0
603619,20180507,35.43,37.8,35.43,37.0,2.1700000000000017,6.230261269020954,5715900.0
603619,20180508,37.71,37.71,36.48,37.43,0.4299999999999997,1.1621621621621614,5564516.0
603619,20180509,37.99,39.19,37.76,37.84,0.4100000000000037,1.0953780390061452,7879876.0
603619,20180510,39.58,40.5,38.39,38.67,0.8299999999999983,2.193446088794926,8129843.0
603619,20180511,38.09,38.6,37.01,37.43,-1.240000000000002,-3.2066201189552723,5154080.0
603619,20180514,37.09,37.61,36.26,37.58,0.1499999999999985,0.4007480630510152,3770967.0
603619,20180515,37.82,37.91,37.02,37.59,0.0100000000000051,0.0266098988823904,3322748.0
603619,20180516,37.8,37.96,37.38,37.91,0.3199999999999932,0.8512902367650899,3796920.0
603619,20180517,38.29,39.38,37.95,38.73,0.8200000000000003,2.1630176734370954,7850236.0
603619,20180518,39.23,42.6,38.74,42.6,3.870000000000005,9.992254066615036,13517844.0
603619,20180521,46.0,46.0,42.27,42.34,-0.259999999999998,-0.6103286384976481,20575559.0
603619,20180522,41.03,43.78,41.03,42.51,0.1699999999999946,0.4015115729806284,13494731.0
603619,20180523,41.8,41.84,39.78,40.35,-2.1599999999999966,-5.081157374735346,10579443.0
603619,20180524,40.22,41.17,39.79,40.45,0.1000000000000014,0.247831474597282,7035418.0
603619,20180525,39.81,40.5,39.02,39.28,-1.1700000000000017,-2.892459826946847,6789562.0
603619,20180528,38.01,38.3,37.0,37.08,-2.200000000000003,-5.600814663951126,7436096.0
603619,20180529,36.97,37.57,36.29,36.53,-0.5499999999999972,-1.4832793959007495,4504305.0
603619,20180530,36.05,36.05,34.6,35.07,-1.4600000000000009,-3.9967150287435023,5013437.0
603619,20180531,36.0,37.1,35.72,36.59,1.5200000000000031,4.3341887653264966,6095065.0
603619,20180601,36.0,36.49,35.1,36.42,-0.1700000000000017,-0.4646078163432654,4625025.0
603619,20180604,36.35,36.38,35.75,36.25,-0.1700000000000017,-0.4667764964305321,2766646.0
603619,20180605,36.25,36.9,36.2,36.88,0.6300000000000026,1.7379310344827648,3929945.0
603619,20180606,36.66,37.98,36.5,37.64,0.759999999999998,2.060737527114953,5908200.0
603619,20180607,37.3,37.46,36.42,36.49,-1.1499999999999986,-3.0552603613177465,4539602.0
603619,20180608,37.33,37.99,36.68,37.0,0.509999999999998,1.3976431899150432,5591546.0
603619,20180611,35.88,36.28,35.0,35.72,-1.2800000000000011,-3.4594594594594574,3789101.0
603619,20180612,35.7,36.68,35.15,36.55,0.8299999999999983,2.3236282194848856,3636301.0
603619,20180613,36.15,36.15,35.16,35.42,-1.1299999999999957,-3.0916552667578534,3047928.0
603619,20180614,35.22,35.95,35.21,35.39,-0.0300000000000011,-0.0846979107848699,2019100.0
603619,20180615,35.4,35.7,33.81,34.05,-1.3400000000000034,-3.7863803334275303,3018600.0
603619,20180619,33.6,33.6,30.65,30.65,-3.3999999999999986,-9.985315712187958,3547045.0
603619,20180620,30.11,31.4,30.02,31.09,0.4400000000000013,1.4355628058727588,2847968.0
603619,20180621,31.49,31.62,29.61,29.83,-1.2600000000000016,-4.052750080411716,3007674.0
603619,20180622,29.18,30.19,28.31,29.95,0.120000000000001,0.4022795843110938,2933101.0
603619,20180625,31.0,31.95,30.5,30.58,0.629999999999999,2.1035058430717735,4080801.0
603619,20180626,30.06,31.11,29.42,31.08,0.5,1.6350555918901222,2973129.0
603619,20180627,31.91,32.97,31.66,31.95,0.870000000000001,2.7992277992278103,5795612.0
603619,20180628,33.0,33.79,31.91,31.95,0.0,0.0,4913257.0
603619,20180629,31.55,32.67,30.81,32.47,0.5199999999999996,1.6275430359937282,4287946.0
603619,20180702,32.0,32.47,30.78,31.48,-0.9899999999999984,-3.048968278410835,3445739.0
603619,20180703,31.62,32.55,31.62,32.5,1.0199999999999996,3.240152477763658,4774186.0
603619,20180704,32.25,32.25,31.18,31.58,-0.9200000000000016,-2.8307692307692367,3993288.0
603619,20180705,31.33,31.33,29.02,29.39,-2.1899999999999977,-6.93476884103863,3723800.0
603619,20180706,29.12,29.96,28.76,29.68,0.2899999999999991,0.9867301803334394,2942198.0
603619,20180709,30.13,31.0,29.8,30.97,1.2899999999999991,4.346361185983816,3465399.0
603619,20180710,31.17,31.76,30.62,31.68,0.7100000000000009,2.292541168873097,3856726.0
603619,20180711,30.6,30.84,29.71,30.43,-1.25,-3.945707070707072,3307526.0
603619,20180712,29.79,31.17,29.79,30.91,0.4800000000000004,1.5773907328294534,3507387.0
603619,20180713,30.95,30.96,30.27,30.57,-0.3399999999999998,-1.099967648010347,2459144.0
603619,20180716,30.39,30.39,29.86,30.04,-0.5300000000000011,-1.7337258750408924,1407500.0
603619,20180717,29.5,29.86,29.24,29.76,-0.2799999999999976,-0.9320905459387352,2224115.0
603619,20180718,29.92,30.2,29.58,29.62,-0.1400000000000005,-0.4704301075268868,1890328.0
603619,20180719,29.7,29.96,28.82,29.07,-0.5500000000000007,-1.8568534773801493,1774200.0
603619,20180720,29.2,29.72,29.07,29.69,0.620000000000001,2.1327829377365104,1615800.0
603619,20180723,29.3,29.79,29.25,29.78,0.0899999999999998,0.3031323678005959,1797500.0
603619,20180724,29.62,30.44,29.5,30.37,0.5899999999999999,1.9811954331766304,3110365.0
603619,20180725,30.78,30.98,30.14,30.5,0.129999999999999,0.4280540006585509,3222688.0
603619,20180726,30.5,30.87,29.79,30.37,-0.129999999999999,-0.4262295081967182,3040900.0
603619,20180727,30.41,30.41,29.81,29.92,-0.4499999999999993,-1.481725386894961,1766900.0
603619,20180730,29.7,30.82,29.18,30.69,0.7699999999999996,2.5735294117646967,4074496.0
603619,20180731,30.85,33.7,30.85,31.9,1.2099999999999973,3.9426523297490856,8204029.0
603619,20180801,31.4,31.4,30.5,30.72,-1.1799999999999995,-3.699059561128526,4968684.0
603619,20180802,30.4,30.4,28.41,29.59,-1.129999999999999,-3.678385416666663,4081913.0
603619,20180803,29.51,30.36,29.22,29.59,0.0,0.0,2959869.0
603619,20180806,29.05,29.78,28.08,28.77,-0.8200000000000003,-2.7712064886786125,2738907.0
603619,20180807,29.35,30.99,29.35,30.57,1.8000000000000007,6.256517205422307,5547225.0
603619,20180808,30.57,32.25,30.48,30.67,0.1000000000000014,0.3271180896303516,8887375.0
603619,20180809,29.12,30.97,29.1,30.74,0.0699999999999967,0.2282360612976708,5808351.0
603619,20180810,30.5,30.5,29.74,30.32,-0.4199999999999981,-1.3662979830839197,3723280.0
603619,20180813,29.71,30.28,29.5,30.21,-0.1099999999999994,-0.3627968337730824,2449261.0
603619,20180814,30.16,31.29,29.8,31.09,0.879999999999999,2.9129427341939795,4943787.0
603619,20180815,30.66,30.77,30.18,30.29,-0.8000000000000007,-2.5731746542296596,2956102.0
603619,20180816,29.4,29.95,29.15,29.36,-0.9299999999999996,-3.0703202377022065,2589074.0
603619,20180817,29.86,30.0,28.6,28.89,-0.4699999999999988,-1.6008174386920926,2169321.0
603619,20180820,28.9,29.43,28.06,28.84,-0.0500000000000007,-0.173070266528208,2115528.0
603619,20180821,28.85,29.3,28.66,29.27,0.4299999999999997,1.490984743411916,1960644.0
603619,20180822,29.29,29.49,28.69,28.76,-0.509999999999998,-1.742398360095654,1733500.0
603619,20180823,29.26,29.49,28.78,28.95,0.1899999999999977,0.6606397774687078,1949521.0
603619,20180824,28.65,28.71,28.3,28.47,-0.4800000000000004,-1.6580310880829008,1975160.0
603619,20180827,28.47,28.93,28.45,28.85,0.3800000000000025,1.3347383210396968,1830800.0
603619,20180828,29.03,29.15,28.53,28.68,-0.1700000000000017,-0.5892547660311998,1721100.0
603619,20180829,27.9,27.9,25.81,25.81,-2.870000000000001,-10.006973500697358,6255700.0
603619,20180830,25.51,25.69,24.53,24.71,-1.099999999999998,-4.261913986826804,3894844.0
603619,20180831,24.63,24.7,23.4,23.71,-1.0,-4.046944556859566,3455059.0
603619,20180903,23.69,23.83,23.01,23.82,0.1099999999999994,0.4639392661324404,2298059.0
603619,20180904,23.88,24.3,23.7,24.1,0.2800000000000011,1.1754827875734677,2478400.0
603619,20180905,23.82,24.06,23.4,23.41,-0.6900000000000013,-2.863070539419088,1967859.0
603619,20180906,23.6,24.48,23.6,23.8,0.3900000000000005,1.665954720205054,3014607.0
603619,20180907,23.6,24.13,23.6,24.13,0.3299999999999983,1.3865546218487346,2488580.0
603619,20180910,24.2,24.8,23.99,24.49,0.3599999999999994,1.4919187733112294,3945094.0
603619,20180911,25.68,26.1,24.86,25.33,0.8399999999999999,3.4299714169048645,5818974.0
603619,20180912,26.0,26.2,24.7,24.82,-0.509999999999998,-2.0134228187919434,4364901.0
603619,20180913,24.6,26.31,24.6,26.0,1.1799999999999995,4.754230459307007,7279251.0
603619,20180914,25.36,25.46,24.7,24.76,-1.2399999999999984,-4.769230769230759,4651896.0
603619,20180917,24.63,24.7,23.62,24.11,-0.6500000000000021,-2.625201938610666,2828936.0
603619,20180918,23.88,24.4,23.67,24.35,0.240000000000002,0.9954375777685652,2340793.0
603619,20180919,24.2,25.55,24.01,25.05,0.6999999999999993,2.8747433264886935,4255980.0
603619,20180920,25.43,25.43,24.43,24.58,-0.4700000000000024,-1.8762475049900251,2973461.0
603619,20180921,24.29,24.36,23.7,24.26,-0.3199999999999967,-1.301871440195268,3271580.0
603619,20180925,24.6,25.34,24.6,24.8,0.5399999999999991,2.2258862324814555,4071463.0
603619,20180926,24.95,25.49,24.84,25.16,0.3599999999999994,1.4516129032257965,4283379.0
603619,20180927,24.9,24.99,24.02,24.04,-1.120000000000001,-4.451510333863284,3423420.0
603619,20180928,24.06,24.37,24.06,24.25,0.2100000000000008,0.8735440931780358,1560560.0
603619,20181008,24.23,25.47,23.93,25.03,0.7800000000000011,3.21649484536084,5641098.0
603619,20181009,25.0,27.16,24.6,26.51,1.4800000000000004,5.9129045145825065,8933824.0
603619,20181010,26.3,26.53,25.54,26.24,-0.2700000000000031,-1.0184835910977077,5738964.0
603619,20181011,25.0,25.0,23.62,23.62,-2.6199999999999974,-9.984756097560965,5230683.0
603619,20181012,22.32,22.75,21.29,22.48,-1.1400000000000006,-4.826418289585099,4723300.0
603619,20181015,22.48,22.59,21.46,21.61,-0.870000000000001,-3.870106761565839,2772400.0
603619,20181016,21.81,21.99,21.25,21.4,-0.2100000000000008,-0.971772327626108,2336145.0
603619,20181017,21.7,21.7,19.3,20.14,-1.259999999999998,-5.887850467289713,4156779.0
603619,20181018,19.57,19.57,18.13,18.13,-2.0100000000000016,-9.980139026812315,3509039.0
603619,20181019,17.3,18.1,17.19,18.08,-0.0500000000000007,-0.2757859900717085,2853533.0
603619,20181022,18.08,19.27,18.04,19.1,1.0200000000000031,5.641592920353999,3575305.0
603619,20181023,19.28,19.28,18.35,18.45,-0.6500000000000021,-3.4031413612565564,3087400.0
603619,20181024,18.17,18.56,17.99,18.35,-0.0999999999999978,-0.5420054200541924,2577684.0
603619,20181025,17.7,18.12,17.25,17.97,-0.3800000000000025,-2.0708446866485097,2754618.0
603619,20181026,18.22,18.36,17.95,18.0,0.0300000000000011,0.1669449081802998,2096660.0
603619,20181029,17.86,18.15,17.49,17.68,-0.3200000000000003,-1.777777777777778,2013203.0
603619,20181030,17.43,17.65,16.51,17.53,-0.1499999999999985,-0.8484162895927572,2990521.0
603619,20181031,17.47,18.39,17.36,18.03,0.5,2.852253280091266,3167666.0
603619,20181101,17.97,18.38,17.8,18.19,0.1600000000000001,0.88740987243483,3615859.0
603619,20181102,18.17,18.98,18.13,18.68,0.4899999999999984,2.693787795492031,4615700.0
603619,20181105,18.68,19.68,18.36,19.46,0.7800000000000011,4.175588865096369,5496085.0
603619,20181106,19.13,19.15,18.71,18.95,-0.5100000000000016,-2.620760534429611,3560203.0
603619,20181107,18.79,18.87,18.46,18.58,-0.370000000000001,-1.9525065963060697,2749803.0
603619,20181108,18.78,18.85,18.4,18.44,-0.139999999999997,-0.7534983853605848,2052700.0
603619,20181109,18.3,18.33,17.95,18.12,-0.3200000000000003,-1.7353579175705014,2235160.0
603619,20181112,18.23,18.7,18.2,18.7,0.5799999999999983,3.200883002207489,2240371.0
603619,20181113,18.36,18.96,18.23,18.89,0.1900000000000012,1.0160427807486716,3530671.0
603619,20181114,18.65,18.96,18.42,18.66,-0.2300000000000004,-1.2175754367390157,3218471.0
603619,20181115,18.86,19.28,18.75,19.23,0.5700000000000003,3.0546623794212246,4577741.0
603619,20181116,19.23,19.37,18.92,19.1,-0.129999999999999,-0.6760270410816394,3943628.0
603619,20181119,19.17,19.8,18.95,19.59,0.4899999999999984,2.5654450261779926,5091138.0
603619,20181120,19.26,19.47,18.86,18.91,-0.6799999999999997,-3.4711587544665634,3315215.0
603619,20181121,18.3,18.33,17.02,18.22,-0.6900000000000013,-3.6488630354309937,3148601.0
603619,20181122,18.36,20.04,18.36,20.04,1.8200000000000005,9.989023051591662,5386023.0
603619,20181123,20.22,21.7,19.7,20.61,0.5700000000000003,2.844311377245501,12162743.0
603619,20181126,19.9,20.23,19.36,19.71,-0.8999999999999986,-4.366812227074224,5965907.0
603619,20181127,20.4,20.99,19.71,19.73,0.0199999999999995,0.1014713343480355,5685860.0
603619,20181128,19.83,21.5,19.83,21.06,1.3299999999999983,6.741003547896596,8085351.0
603619,20181129,20.7,20.89,20.0,20.08,-0.9800000000000004,-4.653371320037991,5640800.0
603619,20181130,20.12,20.94,19.74,20.3,0.2200000000000024,1.095617529880499,4487700.0
603619,20181203,21.02,21.46,20.52,21.16,0.8599999999999994,4.236453201970436,7111128.0
603619,20181204,21.2,22.75,21.01,22.47,1.3099999999999987,6.1909262759924255,9275043.0
603619,20181205,21.69,22.29,21.55,21.94,-0.5299999999999976,-2.3587004895415986,6005528.0
603619,20181206,21.8,21.95,20.94,21.14,-0.8000000000000007,-3.646308113035557,4719500.0
603619,20181207,20.84,21.04,20.4,20.63,-0.5100000000000016,-2.412488174077587,3448015.0
603619,20181210,20.77,22.03,20.76,21.34,0.7100000000000009,3.441589917595733,5247800.0
603619,20181211,21.0,21.27,20.43,21.19,-0.1499999999999985,-0.7029053420805953,3920200.0
603619,20181212,21.25,21.41,20.63,20.78,-0.4100000000000001,-1.934874941009912,2930999.0
603619,20181213,20.16,20.47,19.93,20.11,-0.6700000000000017,-3.224254090471612,5566222.0
603619,20181214,20.45,20.45,18.9,19.3,-0.8099999999999987,-4.027846842366978,4975200.0
603619,20181217,18.71,18.97,18.1,18.85,-0.4499999999999993,-2.3316062176165775,3169971.0
603619,20181218,18.58,18.58,17.65,17.88,-0.9700000000000024,-5.145888594164472,4925186.0
603619,20181219,17.21,17.46,16.91,17.2,-0.6799999999999997,-3.803131991051456,4366888.0
603619,20181220,17.05,17.24,16.88,17.02,-0.1799999999999997,-1.0465116279069764,4360600.0
603619,20181221,16.76,16.9,16.51,16.62,-0.3999999999999986,-2.3501762632197387,4006092.0
603619,20181224,16.7,16.72,16.22,16.39,-0.2300000000000004,-1.3838748495788256,6664791.0
603619,20181225,15.89,15.89,15.15,15.71,-0.6799999999999997,-4.148871262965226,5836329.0
603619,20181226,15.78,15.88,15.6,15.75,0.0399999999999991,0.2546148949713611,3541798.0
603619,20181227,16.6,16.87,15.85,15.86,0.1099999999999994,0.698412698412687,7356398.0
603619,20181228,15.5,15.78,15.33,15.52,-0.3399999999999998,-2.1437578814627933,4103410.0
603619,20190102,15.65,15.8,15.28,15.33,-0.1899999999999995,-1.224226804123707,2358597.0
603619,20190103,15.45,15.73,15.45,15.62,0.2899999999999991,1.8917155903457328,3594600.0
603619,20190104,15.64,16.2,15.33,16.17,0.5500000000000025,3.521126760563398,4807179.0
603619,20190107,16.27,16.5,16.1,16.36,0.1899999999999977,1.1750154607297336,5290679.0
603619,20190108,16.41,16.88,16.08,16.63,0.2699999999999996,1.6503667481662545,7056331.0
603619,20190109,16.66,16.76,16.31,16.35,-0.2799999999999976,-1.6837041491280624,5711107.0
603619,20190110,16.67,16.69,16.16,16.2,-0.1500000000000021,-0.9174311926605672,4764964.0
603619,20190111,16.17,16.17,15.66,15.99,-0.209999999999999,-1.2962962962962954,6164314.0
603619,20190114,15.98,15.98,15.52,15.56,-0.4299999999999997,-2.6891807379612276,4790000.0
603619,20190115,15.65,15.74,15.47,15.72,0.1600000000000001,1.0282776349614495,4258900.0
603619,20190116,15.78,15.78,15.62,15.66,-0.0600000000000005,-0.3816793893129833,3381241.0
603619,20190117,15.66,15.68,15.4,15.44,-0.2200000000000006,-1.4048531289910682,3590500.0
603619,20190118,15.5,15.66,15.33,15.66,0.2200000000000006,1.4248704663212486,4021128.0
603619,20190121,15.74,16.13,15.68,15.94,0.2799999999999993,1.7879948914431676,5763397.0
603619,20190122,15.9,15.95,15.51,15.55,-0.3899999999999988,-2.4466750313676178,3818523.0
603619,20190123,15.45,15.55,15.33,15.49,-0.0600000000000005,-0.3858520900321571,2482072.0
603619,20190124,15.47,15.47,15.2,15.35,-0.1400000000000005,-0.9038089089735356,2894400.0
603619,20190125,15.39,15.45,15.0,15.03,-0.3200000000000003,-2.084690553745927,3132182.0
603619,20190128,15.1,15.14,14.51,14.55,-0.4799999999999986,-3.193612774451094,3883500.0
603619,20190129,14.6,14.6,13.33,13.77,-0.7800000000000011,-5.360824742268044,3998376.0
603619,20190130,13.88,14.39,13.85,13.87,0.0999999999999996,0.7262164124909098,3589900.0
603619,20190131,13.18,13.58,13.01,13.22,-0.6499999999999986,-4.68637346791636,3870500.0
603619,20190201,13.39,13.7,13.3,13.68,0.4599999999999991,3.479576399394846,2845094.0
603619,20190211,13.68,14.06,13.68,14.05,0.370000000000001,2.7046783625731097,3398897.0
603619,20190212,14.11,14.32,14.03,14.18,0.129999999999999,0.92526690391459,3250400.0
603619,20190213,14.26,14.55,14.25,14.46,0.2800000000000011,1.9746121297602448,4474510.0
603619,20190214,14.38,14.75,14.3,14.5,0.0399999999999991,0.2766251728907321,4622900.0
603619,20190215,14.52,14.62,14.33,14.4,-0.0999999999999996,-0.6896551724137945,3432100.0
603619,20190218,14.65,15.1,14.59,15.0,0.5999999999999996,4.166666666666674,5781127.0
603619,20190219,14.93,15.58,14.81,15.54,0.5399999999999991,3.600000000000003,8666760.0
603619,20190220,15.45,15.45,15.13,15.26,-0.2799999999999993,-1.8018018018017945,4629505.0
603619,20190221,15.36,15.58,14.92,15.07,-0.1899999999999995,-1.245085190039319,5400662.0
603619,20190222,14.91,15.29,14.82,15.29,0.2199999999999988,1.4598540145985384,4716516.0
603619,20190225,15.35,15.98,15.35,15.94,0.6500000000000004,4.251144538914331,8083469.0
603619,20190226,15.7,16.28,15.57,15.99,0.0500000000000007,0.3136762860727726,11167655.0
603619,20190227,16.04,16.38,15.69,15.91,-0.08,-0.500312695434646,8814550.0
603619,20190228,16.08,16.46,15.99,16.22,0.3099999999999987,1.9484600879949632,7672303.0
603619,20190301,16.22,16.26,15.85,16.09,-0.129999999999999,-0.8014796547472169,4763147.0
603619,20190304,16.13,16.69,15.95,16.22,0.129999999999999,0.807955251709136,10660303.0
603619,20190305,16.4,16.88,16.28,16.58,0.3599999999999994,2.2194821208384674,9053097.0
603619,20190306,16.5,18.18,16.46,18.04,1.4600000000000009,8.805790108564548,15262600.0
603619,20190307,17.75,18.94,17.39,18.4,0.3599999999999994,1.9955654101995624,13657382.0
603619,20190308,17.8,18.25,16.81,17.05,-1.349999999999998,-7.336956521739124,8453774.0
603619,20190311,17.0,18.11,16.96,17.96,0.91,5.337243401759539,7765005.0
603619,20190312,18.13,18.5,17.8,18.08,0.1199999999999974,0.6681514476614581,7745798.0
603619,20190313,18.08,19.6,17.5,18.81,0.7300000000000004,4.037610619469034,10410783.0
603619,20190314,18.48,19.5,18.38,19.2,0.3900000000000005,2.0733652312599604,10793120.0
603619,20190315,18.96,19.41,18.7,18.96,-0.2399999999999984,-1.2499999999999956,7254797.0
603619,20190318,18.81,19.25,18.4,19.25,0.2899999999999991,1.5295358649789037,8025623.0
603619,20190319,19.5,19.88,19.27,19.81,0.5599999999999987,2.9090909090909056,10289404.0
603619,20190320,19.69,19.7,18.89,19.19,-0.6199999999999974,-3.1297324583543507,6901557.0
603619,20190321,19.2,19.2,18.8,18.85,-0.3399999999999998,-1.7717561229807166,5144635.0
603619,20190322,18.86,18.94,18.1,18.49,-0.360000000000003,-1.9098143236074392,5059458.0
603619,20190325,18.0,18.26,17.83,18.18,-0.3099999999999987,-1.6765819361817091,4158300.0
603619,20190326,18.23,18.43,17.23,17.3,-0.879999999999999,-4.840484048404836,5147274.0
603619,20190327,17.47,17.57,17.01,17.34,0.0399999999999991,0.2312138728323587,3707132.0
603619,20190328,17.35,17.38,16.86,16.86,-0.4800000000000004,-2.768166089965396,3251300.0
603619,20190329,17.01,17.35,16.85,17.33,0.4699999999999988,2.787663107947802,3145534.0
603619,20190401,17.32,17.93,17.32,17.92,0.5900000000000034,3.4045008655510856,4240225.0
603619,20190402,18.25,18.39,17.79,17.91,-0.0100000000000015,-0.0558035714285809,5750940.0
603619,20190403,17.91,18.94,17.83,18.79,0.879999999999999,4.913456169737573,10182873.0
603619,20190404,18.69,20.67,18.28,20.67,1.8800000000000023,10.005321979776484,10836939.0
603619,20190408,20.6,21.69,19.73,21.34,0.6699999999999982,3.2414126753749217,18875483.0
603619,20190409,20.7,21.31,20.2,20.5,-0.8399999999999999,-3.936269915651358,10318482.0
603619,20190410,20.12,20.19,19.51,19.52,-0.9800000000000004,-4.780487804878053,8186931.0
603619,20190411,19.65,19.86,19.3,19.59,0.0700000000000002,0.3586065573770503,4990535.0
603619,20190412,19.5,19.78,19.21,19.72,0.129999999999999,0.6636038795303723,3720700.0
603619,20190415,19.02,19.43,18.8,18.89,-0.8299999999999983,-4.208924949290049,5972099.0
603619,20190416,18.51,18.6,18.03,18.59,-0.3000000000000007,-1.5881418740074205,5288471.0
603619,20190417,18.63,19.16,18.59,18.98,0.3900000000000005,2.0979020979021046,4567360.0
603619,20190418,18.9,18.91,18.38,18.38,-0.6000000000000014,-3.161222339304537,3449200.0
603619,20190419,18.2,18.93,18.18,18.92,0.5400000000000027,2.9379760609358208,3553760.0
603619,20190422,19.18,20.48,19.06,19.63,0.7099999999999973,3.7526427061310703,10054705.0
603619,20190423,19.96,20.37,19.12,20.06,0.4299999999999997,2.1905247070809875,11261808.0
603619,20190424,20.0,20.56,19.4,20.46,0.4000000000000021,1.9940179461615193,12126949.0
603619,20190425,20.17,20.85,19.07,19.29,-1.1700000000000017,-5.718475073313789,8292960.0
603619,20190426,19.0,19.28,17.65,18.2,-1.09,-5.650596163815447,5884700.0
603619,20190429,17.97,17.97,16.39,16.71,-1.4899999999999984,-8.186813186813179,5483881.0
603619,20190430,16.9,17.72,16.65,17.45,0.7399999999999984,4.42848593656493,3230900.0
603619,20190506,16.6,16.96,15.71,15.71,-1.7399999999999984,-9.971346704871053,4570725.0
603619,20190507,15.44,15.99,14.91,15.35,-0.3600000000000012,-2.291534054742206,4255061.0
603619,20190508,14.99,15.56,14.7,15.11,-0.2400000000000002,-1.5635179153094425,3077904.0
603619,20190509,15.0,15.33,14.85,14.97,-0.1399999999999988,-0.9265387160820592,2316900.0
603619,20190510,15.27,15.5,14.6,15.38,0.4100000000000001,2.73881095524382,4196277.0
603619,20190513,15.09,15.98,15.0,15.83,0.4499999999999993,2.925877763328999,5533605.0
603619,20190514,15.52,15.59,15.22,15.32,-0.5099999999999998,-3.2217308907138364,4054172.0
603619,20190515,15.73,16.63,15.55,16.09,0.7699999999999996,5.026109660574418,6496105.0
603619,20190516,15.95,17.07,15.82,16.91,0.8200000000000003,5.096333126165331,7390785.0
603619,20190517,16.91,17.36,16.17,16.51,-0.3999999999999986,-2.3654642223536304,6379825.0
603619,20190520,16.78,16.78,15.23,16.25,-0.2600000000000015,-1.5748031496063075,4001685.0
603619,20190521,16.19,16.29,15.88,16.18,-0.0700000000000002,-0.4307692307692345,4600853.0
603619,20190522,15.8,16.48,15.42,15.93,-0.25,-1.5451174289246028,3633600.0
603619,20190523,15.92,16.45,15.28,15.38,-0.5499999999999989,-3.4526051475203934,2924300.0
603619,20190524,14.95,15.18,14.71,14.78,-0.6000000000000014,-3.901170351105343,2990800.0
603619,20190527,14.9,15.16,14.65,14.99,0.2100000000000008,1.420838971583227,3450642.0
603619,20190528,15.08,15.35,14.93,15.0,0.0099999999999997,0.0667111407605114,2966765.0
603619,20190529,15.07,15.49,15.07,15.21,0.2100000000000008,1.4000000000000012,3433110.0
603619,20190530,16.16,16.73,16.16,16.73,1.5199999999999996,9.993425378040754,5630813.0
603619,20190531,18.4,18.4,18.0,18.4,1.6699999999999982,9.982068141063948,20454941.0
603619,20190603,17.94,17.94,16.56,17.25,-1.1499999999999986,-6.249999999999989,20642870.0
603619,20190604,16.25,17.0,15.95,16.83,-0.4200000000000017,-2.4347826086956625,14650360.0
603619,20190605,17.05,18.4,16.58,17.55,0.7200000000000024,4.2780748663101775,19623819.0
603619,20190606,16.99,17.0,16.1,16.41,-1.1400000000000006,-6.495726495726495,11269362.0
603619,20190610,16.75,17.6,16.02,17.04,0.629999999999999,3.839122486288838,11897357.0
603619,20190611,16.65,17.7,16.46,17.54,0.5,2.934272300469476,14767460.0
603619,20190612,17.2,19.1,17.15,18.22,0.6799999999999997,3.876852907639683,20057878.0
603619,20190613,17.78,20.04,17.7,20.04,1.8200000000000005,9.989023051591662,23433145.0
603619,20190614,19.16,20.47,18.51,18.71,-1.3299999999999983,-6.63672654690618,21625609.0
603619,20190617,18.9,19.46,18.12,18.54,-0.1700000000000017,-0.9086050240513232,13167727.0
603619,20190618,18.19,18.77,17.9,18.23,-0.3099999999999987,-1.672060409924481,10828098.0
603619,20190619,18.76,18.99,18.32,18.52,0.2899999999999991,1.5907844212835975,12006788.0
603619,20190620,18.25,19.98,18.17,19.32,0.8000000000000007,4.319654427645792,15991017.0
603619,20190621,19.66,20.4,19.4,20.04,0.7199999999999989,3.7267080745341463,20251993.0
603619,20190624,19.6,19.84,19.34,19.7,-0.3399999999999998,-1.696606786427146,11188153.0
603619,20190625,19.7,21.67,19.59,20.74,1.0399999999999991,5.27918781725889,25782148.0
603619,20190626,20.3,22.81,20.2,22.81,2.0700000000000003,9.980713596914171,29645734.0
603619,20190627,23.4,23.51,21.16,22.09,-0.7199999999999989,-3.156510302498894,33085756.0
603619,20190628,21.25,21.88,20.71,21.43,-0.6600000000000001,-2.987777274784975,15703700.0
603619,20190701,21.63,21.82,20.71,21.49,0.0599999999999987,0.2799813345776947,17051783.0
603619,20190702,21.07,22.19,20.8,21.97,0.4800000000000004,2.233597021870648,18516885.0
603619,20190703,21.1,21.6,20.65,20.65,-1.3200000000000005,-6.008192990441508,12880112.0
603619,20190704,20.55,20.76,19.71,19.85,-0.7999999999999972,-3.874092009685215,12562911.0
603619,20190705,19.86,20.0,19.1,19.23,-0.620000000000001,-3.123425692695214,9582755.0
603619,20190708,19.4,19.68,18.8,19.06,-0.1700000000000017,-0.8840353614144703,9553052.0
603619,20190709,18.89,19.28,18.25,19.24,0.1799999999999997,0.9443861490031402,8979935.0
603619,20190710,19.1,19.26,18.82,18.9,-0.3399999999999998,-1.7671517671517645,5778712.0
603619,20190711,19.5,19.99,19.27,19.58,0.6799999999999997,3.5978835978836,13144535.0
603619,20190712,19.21,19.24,18.57,18.6,-0.9799999999999968,-5.005107252298247,9898312.0
603619,20190715,18.26,18.45,17.71,18.28,-0.3200000000000003,-1.7204301075268824,7125115.0
603619,20190716,18.14,18.56,18.07,18.42,0.1400000000000005,0.7658643326039494,5635200.0
603619,20190717,18.0,18.39,17.91,18.39,-0.0300000000000011,-0.1628664495114118,5455600.0
603619,20190718,18.19,18.85,18.05,18.53,0.1400000000000005,0.7612833061446445,8334457.0
603619,20190719,18.5,19.07,18.46,18.91,0.379999999999999,2.0507285483000404,8642768.0
603619,20190722,19.05,19.33,17.95,17.98,-0.9299999999999996,-4.91803278688524,6224500.0
603619,20190723,17.99,18.43,17.99,18.33,0.3499999999999978,1.946607341490525,3927400.0
603619,20190724,18.48,18.95,18.18,18.67,0.3400000000000034,1.854882705946559,8483183.0
603619,20190725,18.4,18.52,18.08,18.16,-0.5100000000000016,-2.73165506159615,7029700.0
603619,20190726,18.18,18.39,18.1,18.31,0.1499999999999985,0.8259911894272998,3933209.0
603619,20190729,18.15,18.21,17.95,18.02,-0.2899999999999991,-1.5838339705079196,3535939.0
603619,20190730,18.15,18.26,18.07,18.13,0.1099999999999994,0.6104328523862446,3265311.0
603619,20190731,18.2,18.33,18.03,18.04,-0.0899999999999998,-0.4964147821290621,3326300.0
603619,20190801,17.67,17.67,16.41,16.65,-1.3900000000000006,-7.705099778270519,10528623.0
603619,20190802,15.55,16.26,15.2,16.12,-0.5299999999999976,-3.183183183183169,6732476.0
603619,20190805,15.91,16.2,15.71,15.79,-0.3300000000000018,-2.0471464019851227,4164276.0
603619,20190806,15.23,15.58,14.72,15.43,-0.3599999999999994,-2.27992400253324,5958272.0
603619,20190807,15.48,15.97,15.29,15.69,0.2599999999999998,1.6850291639662895,6096153.0
603619,20190808,15.55,15.73,15.55,15.6,-0.0899999999999998,-0.5736137667303964,4031972.0
603619,20190809,15.66,15.97,15.36,15.38,-0.2199999999999988,-1.4102564102564052,4374848.0
603619,20190812,15.38,15.58,15.27,15.48,0.0999999999999996,0.6501950585175553,3264372.0
603619,20190813,15.41,15.47,15.09,15.39,-0.0899999999999998,-0.5813953488372103,3219113.0
603619,20190814,16.04,16.04,15.59,15.59,0.1999999999999993,1.299545159194282,5106464.0
603619,20190815,14.9,15.54,14.61,15.48,-0.1099999999999994,-0.7055805003207127,4815272.0
603619,20190816,15.39,15.65,15.3,15.33,-0.1500000000000003,-0.9689922480620172,3603800.0
603619,20190819,15.39,15.74,15.25,15.73,0.4000000000000003,2.609262883235486,4565211.0
603619,20190820,15.86,16.04,15.77,15.94,0.209999999999999,1.3350286077558726,5314753.0
603619,20190821,15.8,15.95,15.66,15.73,-0.209999999999999,-1.317440401505643,3463048.0
603619,20190822,15.77,16.55,15.66,16.05,0.3200000000000003,2.0343293070565815,7076553.0
603619,20190823,15.9,16.04,15.65,15.85,-0.200000000000001,-1.2461059190031265,4506040.0
603619,20190826,15.96,16.54,15.86,16.17,0.320000000000002,2.018927444794971,7348011.0
603619,20190827,16.13,16.43,16.08,16.43,0.259999999999998,1.607915893630163,6862000.0
603619,20190828,16.42,16.48,16.19,16.29,-0.1400000000000005,-0.8520998174071814,4107760.0
603619,20190829,16.15,16.18,15.69,15.69,-0.5999999999999996,-3.683241252302027,6675900.0
603619,20190830,15.8,15.88,15.04,15.17,-0.5199999999999996,-3.3142128744423127,7787280.0
603619,20190902,15.07,15.51,15.01,15.46,0.2900000000000009,1.911667765326297,4446261.0
603619,20190903,15.41,15.52,15.14,15.39,-0.0700000000000002,-0.4527813712807305,4256001.0
603619,20190904,15.4,15.63,15.33,15.57,0.1799999999999997,1.1695906432748426,4687060.0
603619,20190905,15.85,16.19,15.65,16.08,0.509999999999998,3.2755298651252263,9550000.0
603619,20190906,16.0,16.2,15.9,16.14,0.0600000000000022,0.3731343283582156,5942672.0
603619,20190909,16.19,16.88,16.02,16.7,0.5599999999999987,3.4696406443618155,9462007.0
603619,20190910,16.81,16.85,16.46,16.48,-0.2199999999999988,-1.3173652694610682,6925843.0
603619,20190911,16.4,16.78,16.34,16.41,-0.0700000000000002,-0.4247572815534006,5858000.0
603619,20190912,16.4,16.57,16.13,16.42,0.0100000000000015,0.0609384521633282,5516800.0
603619,20190916,18.06,18.06,17.21,17.63,1.2099999999999973,7.3690621193666095,24791805.0
603619,20190917,17.8,19.39,17.47,19.24,1.6099999999999994,9.132161089052747,29689858.0
603619,20190918,17.75,18.1,17.48,17.6,-1.639999999999997,-8.523908523908508,18882980.0
603619,20190919,17.25,17.25,16.58,16.82,-0.7800000000000011,-4.431818181818192,13084204.0
603619,20190920,16.82,16.92,16.64,16.91,0.0899999999999998,0.5350772889417321,7655359.0
603619,20190923,16.86,17.07,16.58,16.91,0.0,0.0,7107211.0
603619,20190924,16.8,16.87,16.41,16.45,-0.4600000000000008,-2.7202838557066844,8031661.0
603619,20190925,16.16,16.16,15.67,15.7,-0.75,-4.559270516717328,7773500.0
603619,20190926,15.65,15.84,15.52,15.58,-0.1199999999999992,-0.7643312101910826,6067560.0
603619,20190927,15.58,15.69,15.31,15.69,0.1099999999999994,0.7060333761232274,4122560.0
603619,20190930,15.82,15.89,15.5,15.5,-0.1899999999999995,-1.210962396430848,3973200.0
603619,20191008,15.41,15.6,15.27,15.41,-0.0899999999999998,-0.5806451612903163,3455200.0
603619,20191009,15.31,15.47,15.1,15.46,0.0500000000000007,0.3244646333549594,2524800.0
603619,20191010,15.46,15.75,15.31,15.72,0.2599999999999998,1.681759379042691,3621200.0
603619,20191011,15.79,16.88,15.77,16.54,0.8199999999999985,5.216284987277353,11610439.0
603619,20191014,16.29,16.48,16.11,16.31,-0.2300000000000004,-1.3905683192261264,7513787.0
603619,20191015,16.15,16.15,15.82,15.86,-0.4499999999999993,-2.759043531575711,4580800.0
603619,20191016,15.9,15.96,15.64,15.67,-0.1899999999999995,-1.1979823455233296,2958405.0
603619,20191017,15.78,15.89,15.7,15.85,0.1799999999999997,1.148691767708998,3112528.0
603619,20191018,15.95,16.01,15.38,15.42,-0.4299999999999997,-2.712933753943214,3499348.0
603619,20191021,15.42,15.42,15.04,15.17,-0.25,-1.6212710765240002,2679100.0
603619,20191022,15.2,15.28,15.14,15.28,0.1099999999999994,0.7251153592616966,1803900.0
603619,20191023,15.32,15.44,15.16,15.24,-0.0399999999999991,-0.2617801047120394,2172300.0
603619,20191024,15.34,15.55,15.34,15.43,0.1899999999999995,1.246719160104992,2910710.0
603619,20191025,15.35,15.58,15.15,15.5,0.0700000000000002,0.4536616979909258,3050748.0
603619,20191028,15.39,15.65,15.36,15.61,0.1099999999999994,0.7096774193548372,3728350.0
603619,20191029,15.56,15.56,15.2,15.22,-0.3899999999999988,-2.4983984625240208,3618100.0
603619,20191030,15.01,15.01,14.49,14.6,-0.620000000000001,-4.073587385019717,6089200.0
603619,20191031,14.59,14.69,14.27,14.27,-0.33,-2.2602739726027443,4051100.0
603619,20191101,14.05,14.36,14.02,14.31,0.0400000000000009,0.2803083391730965,2436212.0
603619,20191104,14.42,14.53,14.31,14.34,0.0299999999999993,0.2096436058700135,2553000.0
603619,20191105,14.45,14.52,14.27,14.37,0.0299999999999993,0.2092050209204998,2950000.0
603619,20191106,14.5,14.5,14.01,14.14,-0.2299999999999986,-1.6005567153792533,2907900.0
603619,20191107,14.13,14.25,14.02,14.21,0.0700000000000002,0.4950495049504955,1900483.0
603619,20191108,14.24,14.77,14.16,14.42,0.209999999999999,1.477832512315258,3994654.0
603619,20191111,14.32,14.35,13.65,13.78,-0.6400000000000006,-4.438280166435515,3945228.0
603619,20191112,13.69,13.83,13.5,13.75,-0.0299999999999993,-0.2177068214804012,2113444.0
603619,20191113,13.76,13.76,13.43,13.48,-0.2699999999999996,-1.9636363636363563,2092500.0
603619,20191114,13.55,13.72,13.47,13.66,0.1799999999999997,1.335311572700304,2193739.0
603619,20191115,13.66,13.7,13.32,13.41,-0.25,-1.830161054172763,2494983.0
603619,20191118,13.51,13.73,13.36,13.64,0.2300000000000004,1.7151379567486913,2595100.0
603619,20191119,13.57,13.78,13.49,13.74,0.0999999999999996,0.7331378299120228,2761900.0
603619,20191120,13.66,13.66,13.47,13.54,-0.200000000000001,-1.455604075691419,2507300.0
603619,20191121,13.66,14.18,13.58,13.92,0.3800000000000008,2.8064992614475592,5351744.0
603619,20191122,13.98,14.1,13.85,13.92,0.0,0.0,4459300.0
603619,20191125,13.88,14.65,13.71,14.23,0.3100000000000005,2.227011494252884,5289600.0
603619,20191126,14.16,14.18,13.9,14.03,-0.200000000000001,-1.4054813773717534,3017644.0
603619,20191127,13.98,14.25,13.9,14.17,0.1400000000000005,0.997861724875282,3203544.0
603619,20191128,14.1,14.19,13.96,14.03,-0.1400000000000005,-0.9880028228652082,2575500.0
603619,20191129,14.18,14.35,14.08,14.32,0.2900000000000009,2.066999287241633,4317210.0
603619,20191202,13.9,13.99,13.34,13.44,-0.8800000000000008,-6.145251396648055,5934479.0
603619,20191203,13.4,13.4,13.14,13.25,-0.1899999999999995,-1.4136904761904767,2892783.0
603619,20191204,13.18,13.33,13.12,13.32,0.0700000000000002,0.5283018867924483,2131239.0
603619,20191205,13.52,13.75,13.46,13.5,0.1799999999999997,1.3513513513513598,3253060.0
603619,20191206,13.43,13.58,13.29,13.45,-0.0500000000000007,-0.3703703703703764,2938800.0
603619,20191209,13.48,13.55,13.29,13.53,0.08,0.5947955390334547,2401800.0
603619,20191210,13.47,13.48,13.3,13.45,-0.08,-0.591278640059123,1840800.0
603619,20191211,13.4,13.46,13.36,13.36,-0.0899999999999998,-0.6691449814126393,1672860.0
603619,20191212,13.42,13.44,13.33,13.34,-0.0199999999999995,-0.1497005988023936,1832360.0
603619,20191213,13.41,13.48,13.38,13.46,0.120000000000001,0.8995502248875686,2413239.0
603619,20191216,13.75,13.75,13.53,13.65,0.1899999999999995,1.411589895988108,3171400.0
603619,20191217,13.65,13.96,13.62,13.88,0.2300000000000004,1.684981684981679,4349075.0
603619,20191218,13.87,14.06,13.82,13.95,0.0699999999999985,0.5043227665705974,3795846.0
603619,20191219,13.99,14.32,13.96,14.18,0.2300000000000004,1.6487455197132572,4366200.0
603619,20191220,14.17,14.22,13.83,13.83,-0.3499999999999996,-2.4682651622002783,3874073.0
603619,20191223,13.83,13.83,13.46,13.49,-0.3399999999999998,-2.4584237165582112,2667573.0
603619,20191224,13.49,13.72,13.46,13.65,0.1600000000000001,1.1860637509266023,1954600.0
603619,20191225,13.94,13.94,13.6,13.7,0.0499999999999989,0.366300366300365,2730000.0
603619,20191226,13.71,13.78,13.6,13.78,0.08,0.5839416058394109,2507528.0
603619,20191227,13.82,14.04,13.76,13.84,0.0600000000000005,0.4354136429608246,3804539.0
603619,20191230,13.84,14.09,13.65,14.05,0.2100000000000008,1.5173410404624388,4097544.0
603619,20191231,14.0,14.02,13.85,13.94,-0.1100000000000012,-0.7829181494662052,3140800.0
603619,20200102,13.98,14.15,13.97,14.13,0.1900000000000012,1.3629842180774787,4497428.0
603619,20200103,14.13,15.54,14.07,15.54,1.4099999999999984,9.97876857749469,18939309.0
603619,20200106,16.9,17.09,16.4,17.09,1.5500000000000007,9.97425997425998,26438704.0
603619,20200107,16.47,17.75,16.38,17.28,0.1900000000000012,1.1117612638970265,30726415.0
603619,20200108,19.01,19.01,17.81,19.01,1.7300000000000004,10.011574074074067,37389377.0
603619,20200109,17.11,18.33,17.11,17.77,-1.240000000000002,-6.522882693319321,33044016.0
603619,20200110,17.13,17.13,16.58,16.63,-1.1400000000000006,-6.415306696679801,18911156.0
603619,20200113,15.6,15.95,15.4,15.9,-0.7299999999999986,-4.389657245941059,14867503.0
603619,20200114,15.8,16.24,15.7,16.1,0.200000000000001,1.2578616352201255,14175598.0
603619,20200115,15.9,15.9,15.49,15.6,-0.5000000000000018,-3.105590062111807,9895914.0
603619,20200116,15.54,15.75,15.42,15.68,0.08,0.512820512820511,8202973.0
603619,20200117,15.61,15.79,15.53,15.61,-0.0700000000000002,-0.4464285714285698,7233367.0
603619,20200120,15.67,15.74,15.43,15.55,-0.0599999999999987,-0.3843689942344519,6086379.0
603619,20200121,15.5,16.59,15.12,15.97,0.4199999999999999,2.700964630225089,16358802.0
603619,20200122,16.01,16.09,15.5,15.69,-0.2800000000000011,-1.7532874139010723,8279879.0
603619,20200123,15.5,15.5,14.46,14.65,-1.0399999999999991,-6.628425748884636,9864847.0
603619,20200203,13.19,13.19,13.19,13.19,-1.4600000000000009,-9.965870307167249,1067700.0
603619,20200204,11.87,12.63,11.87,12.44,-0.75,-5.686125852918877,9366469.0
603619,20200205,12.39,13.16,12.33,12.82,0.3800000000000008,3.0546623794212246,8346301.0
603619,20200206,13.25,13.5,13.1,13.49,0.6699999999999999,5.2262090483619295,8729313.0
603619,20200207,13.21,13.29,13.0,13.22,-0.2699999999999996,-2.0014825796886515,8127607.0
603619,20200210,13.04,13.98,12.94,13.72,0.5,3.782148260211793,8280179.0
603619,20200211,13.45,13.8,13.43,13.6,-0.120000000000001,-0.8746355685131268,6984215.0
603619,20200212,13.58,13.98,13.52,13.81,0.2100000000000008,1.5441176470588402,8004605.0
603619,20200213,14.19,14.27,13.71,13.8,-0.0099999999999997,-0.0724112961622003,9444846.0
603619,20200214,13.57,13.8,13.47,13.71,-0.0899999999999998,-0.6521739130434745,6730456.0
603619,20200217,13.79,14.1,13.66,14.06,0.3499999999999996,2.5528811086797942,7626300.0
603619,20200218,14.12,14.17,13.92,14.16,0.0999999999999996,0.7112375533428139,7862239.0
603619,20200219,14.07,14.75,14.0,14.35,0.1899999999999995,1.34180790960452,11884303.0
603619,20200220,14.56,14.73,14.39,14.6,0.25,1.7421602787456525,10745523.0
603619,20200221,14.44,14.98,14.32,14.8,0.200000000000001,1.3698630136986356,10463127.0
603619,20200224,14.43,14.49,14.16,14.32,-0.4800000000000004,-3.243243243243243,9597120.0
603619,20200225,13.88,13.92,13.33,13.85,-0.4700000000000006,-3.28212290502794,11731289.0
603619,20200226,13.49,14.06,13.48,13.9,0.0500000000000007,0.3610108303249149,8328900.0
603619,20200227,13.74,13.86,13.59,13.78,-0.120000000000001,-0.8633093525179936,4936228.0
603619,20200228,13.23,14.13,13.15,13.51,-0.2699999999999996,-1.959361393323655,8846151.0
603619,20200302,13.6,13.98,13.48,13.94,0.4299999999999997,3.1828275351591495,7555099.0
603619,20200303,14.48,14.57,14.02,14.13,0.1900000000000012,1.3629842180774787,10493596.0
603619,20200304,14.18,14.5,13.89,14.39,0.2599999999999998,1.840056617126673,8855946.0
603619,20200305,14.3,14.78,14.27,14.65,0.2599999999999998,1.8068102849200909,11585314.0
603619,20200306,14.26,14.65,14.26,14.34,-0.3100000000000005,-2.116040955631404,8194641.0
603619,20200309,13.0,13.69,13.0,13.42,-0.92,-6.415620641562059,10862625.0
603619,20200310,13.3,13.67,13.0,13.63,0.2100000000000008,1.564828614008951,8867197.0
603619,20200311,13.7,14.05,13.62,13.62,-0.0100000000000015,-0.0733675715333892,8931444.0
603619,20200312,13.29,13.34,13.1,13.18,-0.4399999999999995,-3.2305433186490373,5444555.0
603619,20200313,12.58,13.77,12.21,13.11,-0.0700000000000002,-0.531107738998482,9218344.0
603619,20200316,12.92,13.2,12.52,12.72,-0.3899999999999988,-2.9748283752860316,5930655.0
603619,20200317,12.87,12.87,12.21,12.56,-0.1600000000000001,-1.2578616352201255,3777600.0
603619,20200318,12.55,12.67,12.16,12.16,-0.4000000000000003,-3.1847133757961776,4469800.0
603619,20200319,12.15,12.35,11.97,12.3,0.1400000000000005,1.1513157894736947,4121936.0
603619,20200320,12.52,12.83,12.45,12.8,0.5,4.065040650406493,5397965.0
603619,20200323,12.4,12.69,12.24,12.36,-0.4400000000000013,-3.4375000000000044,4030400.0
603619,20200324,12.77,12.77,12.41,12.69,0.33,2.669902912621369,4053400.0
603619,20200325,12.86,12.97,12.73,12.82,0.1300000000000007,1.024428684003165,4464136.0
603619,20200326,12.62,12.98,12.57,12.72,-0.0999999999999996,-0.7800312012480437,4365200.0
603619,20200327,12.78,12.85,12.56,12.59,-0.1300000000000007,-1.0220125786163603,4002900.0
603619,20200330,12.38,12.38,12.02,12.13,-0.4599999999999991,-3.653693407466241,3233401.0
603619,20200331,12.3,13.01,12.22,12.83,0.6999999999999993,5.77081615828523,8833383.0
603619,20200401,12.58,12.8,12.46,12.51,-0.3200000000000003,-2.494154325798914,4904601.0
603619,20200402,12.68,13.76,12.61,13.76,1.25,9.99200639488409,10745562.0
603619,20200403,14.8,14.8,14.11,14.31,0.5500000000000007,3.997093023255815,24716418.0
603619,20200407,14.4,15.74,14.15,15.3,0.9900000000000002,6.91823899371069,26140092.0
603619,20200408,14.6,15.15,14.41,14.71,-0.5899999999999999,-3.856209150326795,18299178.0
603619,20200409,15.11,15.33,14.57,15.05,0.3399999999999998,2.3113528212100665,16576713.0
603619,20200410,14.34,14.56,13.84,14.19,-0.8600000000000012,-5.714285714285728,14071008.0
603619,20200413,14.5,14.68,13.98,14.1,-0.0899999999999998,-0.6342494714587699,11796065.0
603619,20200414,13.92,14.17,13.62,14.11,0.0099999999999997,0.0709219858155973,9339411.0
603619,20200415,13.76,14.22,13.62,13.93,-0.1799999999999997,-1.275690999291279,9318666.0
603619,20200416,13.78,14.06,13.7,13.95,0.0199999999999995,0.1435750179468842,7883655.0
603619,20200417,14.1,14.19,13.68,13.71,-0.2399999999999984,-1.7204301075268713,8025982.0
603619,20200420,13.21,13.53,13.1,13.51,-0.200000000000001,-1.4587892049598872,6767500.0
603619,20200421,13.33,14.09,13.33,13.73,0.2200000000000006,1.6284233900814238,10544999.0
603619,20200422,13.34,13.5,13.04,13.49,-0.2400000000000002,-1.7479970866715266,8727842.0
603619,20200423,13.66,14.49,13.51,14.44,0.9499999999999992,7.042253521126751,16665929.0
603619,20200424,14.25,14.28,13.24,13.43,-1.0099999999999998,-6.994459833795008,10472268.0
603619,20200427,13.05,13.18,12.7,12.74,-0.6899999999999995,-5.1377513030528625,7787929.0
603619,20200428,12.55,12.68,11.89,12.25,-0.4900000000000002,-3.846153846153843,6821032.0
603619,20200429,12.34,12.61,12.3,12.42,0.1699999999999999,1.3877551020408108,4332483.0
603619,20200430,12.66,12.96,12.5,12.75,0.33,2.657004830917864,5373873.0
603619,20200506,13.16,13.18,12.71,12.82,0.0700000000000002,0.5490196078431486,5910033.0
603619,20200507,12.86,12.89,12.64,12.7,-0.120000000000001,-0.9360374414976724,4380769.0
603619,20200508,12.8,13.09,12.75,13.07,0.370000000000001,2.913385826771653,6755745.0
603619,20200511,12.99,13.15,12.82,12.96,-0.1099999999999994,-0.8416220351950998,4816628.0
603619,20200512,13.0,13.01,12.62,12.81,-0.1500000000000003,-1.157407407407407,3492773.0
603619,20200513,12.65,12.79,12.55,12.75,-0.0600000000000005,-0.4683840749414525,2595309.0
603619,20200514,12.61,13.25,12.41,12.9,0.1500000000000003,1.17647058823529,6746719.0
603619,20200515,12.91,12.98,12.65,12.72,-0.1799999999999997,-1.395348837209298,5168052.0
603619,20200518,12.9,13.13,12.7,12.93,0.209999999999999,1.6509433962264008,6359869.0
603619,20200519,13.51,13.51,12.91,12.97,0.0400000000000009,0.3093580819798935,7002900.0
603619,20200520,12.78,12.8,12.65,12.7,-0.2700000000000013,-2.081727062451822,4872791.0
603619,20200521,12.71,12.84,12.61,12.62,-0.08,-0.6299212598425252,3879028.0
603619,20200522,12.38,12.49,12.13,12.29,-0.33,-2.614896988906501,4476244.0
603619,20200525,12.3,12.42,12.15,12.35,0.0600000000000005,0.4882017900732283,2120863.0
603619,20200526,12.4,12.55,12.33,12.53,0.1799999999999997,1.457489878542506,2741464.0
603619,20200527,12.5,12.5,12.31,12.38,-0.1499999999999985,-1.1971268954509062,2454645.0
603619,20200528,12.37,12.4,12.05,12.26,-0.120000000000001,-0.9693053311793264,2801063.0
603619,20200529,12.21,12.35,12.16,12.26,0.0,0.0,2040400.0
603619,20200601,12.35,12.54,12.3,12.51,0.25,2.0391517128874437,3806845.0
603619,20200602,12.51,12.85,12.45,12.85,0.3399999999999998,2.7178257394084637,5629189.0
603619,20200603,12.93,13.1,12.72,12.73,-0.1199999999999992,-0.9338521400778176,6829789.0
603619,20200604,12.58,12.82,12.51,12.71,-0.0199999999999995,-0.1571091908876609,4082545.0
603619,20200605,12.65,12.9,12.53,12.86,0.1499999999999985,1.1801730920534936,5007928.0
603619,20200608,13.23,13.5,13.03,13.25,0.3900000000000005,3.032659409020222,12435324.0
603619,20200609,13.1,13.19,12.72,12.95,-0.3000000000000007,-2.264150943396237,8968964.0
603619,20200610,12.75,12.82,12.64,12.65,-0.2999999999999989,-2.316602316602312,4479847.0
603619,20200611,12.6,12.73,12.53,12.57,-0.08,-0.6324110671936722,3471600.0
603619,20200612,12.3,12.5,12.22,12.47,-0.0999999999999996,-0.7955449482895727,3218895.0
603619,20200615,12.4,12.54,12.33,12.36,-0.1100000000000012,-0.8821170809943935,2618100.0
603619,20200616,12.42,12.56,12.42,12.55,0.1900000000000012,1.5372168284789822,2600131.0
603619,20200617,12.57,12.65,12.44,12.56,0.0099999999999997,0.0796812749003894,2755300.0
603619,20200618,12.58,12.71,12.43,12.68,0.1199999999999992,0.9554140127388422,3240945.0
603619,20200619,12.61,12.77,12.57,12.67,-0.0099999999999997,-0.0788643533123023,3205715.0
603619,20200622,12.62,12.76,12.48,12.51,-0.1600000000000001,-1.2628255722178403,3471651.0
603619,20200623,12.5,12.52,12.36,12.38,-0.129999999999999,-1.0391686650679357,2896944.0
603619,20200624,12.38,12.47,12.36,12.46,0.08,0.646203554119551,2018544.0
603619,20200629,12.33,12.4,12.28,12.3,-0.1600000000000001,-1.2841091492776902,2291244.0
603619,20200630,12.34,12.51,12.34,12.39,0.0899999999999998,0.7317073170731714,2179500.0
603619,20200701,12.36,12.48,12.33,12.46,0.0700000000000002,0.5649717514124353,3100400.0
603619,20200702,12.41,12.65,12.36,12.65,0.1899999999999995,1.5248796147672603,6612600.0
603619,20200703,12.6,12.79,12.58,12.77,0.1199999999999992,0.9486166007905084,9102364.0
603619,20200706,12.79,13.65,12.79,13.42,0.6500000000000004,5.090054815974954,13343064.0
603619,20200707,13.42,13.49,13.09,13.27,-0.1500000000000003,-1.1177347242921076,11528373.0
603619,20200708,13.18,13.93,13.11,13.73,0.4600000000000008,3.466465712132627,14163631.0
603619,20200709,13.71,14.68,13.54,14.16,0.4299999999999997,3.1318281136198056,15589143.0
603619,20200710,13.96,14.04,13.65,13.68,-0.4800000000000004,-3.3898305084745783,10339830.0
603619,20200713,13.67,13.97,13.61,13.88,0.200000000000001,1.4619883040935644,7596405.0
603619,20200714,13.9,14.04,13.53,13.71,-0.1699999999999999,-1.2247838616714746,7456800.0
603619,20200715,13.82,13.94,13.47,13.62,-0.0900000000000016,-0.6564551422319598,7323985.0
603619,20200716,13.61,13.75,13.06,13.12,-0.5,-3.6710719530102742,6710021.0
603619,20200717,13.13,13.28,12.9,13.06,-0.0599999999999987,-0.4573170731707265,4746302.0
603619,20200720,13.11,13.35,13.05,13.34,0.2799999999999993,2.143950995405808,5312602.0
603619,20200721,13.33,13.54,13.23,13.45,0.1099999999999994,0.8245877061469287,5398863.0
603619,20200722,13.59,14.37,13.52,13.79,0.3399999999999998,2.527881040892188,15409344.0
603619,20200723,13.51,13.64,13.14,13.5,-0.2899999999999991,-2.102973168963007,9045133.0
603619,20200724,13.38,13.81,13.11,13.18,-0.3200000000000003,-2.370370370370367,8768544.0
603619,20200727,13.26,13.38,12.8,12.94,-0.2400000000000002,-1.8209408194233667,5534800.0
603619,20200728,13.03,13.23,12.95,13.08,0.1400000000000005,1.0819165378670892,4094900.0
603619,20200729,13.03,13.25,12.83,13.22,0.1400000000000005,1.070336391437321,4943228.0
603619,20200730,13.15,13.38,13.05,13.09,-0.1300000000000007,-0.9833585476550776,5470628.0
603619,20200731,12.95,13.07,12.8,12.97,-0.1199999999999992,-0.91673032849503,6240853.0
603619,20200803,13.03,13.45,13.0,13.45,0.4799999999999986,3.700848111025423,8464881.0
603619,20200804,13.58,13.58,13.23,13.29,-0.1600000000000001,-1.1895910780669203,5870000.0
603619,20200805,13.3,13.88,13.16,13.57,0.2800000000000011,2.106847253574129,9388900.0
603619,20200806,13.6,13.74,13.41,13.7,0.129999999999999,0.9579955784819294,8381300.0
603619,20200807,13.65,13.66,13.19,13.37,-0.33,-2.4087591240875894,6096600.0
603619,20200810,13.36,13.81,13.28,13.77,0.4000000000000003,2.9917726252804755,7877264.0
603619,20200811,13.7,13.93,13.43,13.47,-0.2999999999999989,-2.178649237472763,8698337.0
603619,20200812,13.4,13.71,13.12,13.68,0.209999999999999,1.5590200445434244,7679637.0
603619,20200813,13.75,13.88,13.55,13.67,-0.0099999999999997,-0.0730994152046804,6410300.0
603619,20200814,13.7,13.72,13.34,13.61,-0.0600000000000005,-0.4389173372348232,4708164.0
603619,20200817,13.62,13.8,13.47,13.72,0.1100000000000012,0.8082292432035398,6242664.0
603619,20200818,13.75,13.95,13.63,13.95,0.2299999999999986,1.6763848396501355,8133154.0
603619,20200819,13.83,13.88,13.65,13.7,-0.25,-1.7921146953404965,6196091.0
603619,20200820,13.64,13.65,13.34,13.4,-0.2999999999999989,-2.1897810218978075,4902037.0
603619,20200821,13.5,13.56,13.27,13.37,-0.0300000000000011,-0.223880597014936,3427637.0
603619,20200824,13.43,13.58,13.3,13.5,0.1300000000000007,0.972326103216159,3620000.0
603619,20200825,13.49,13.7,13.28,13.38,-0.1199999999999992,-0.8888888888888835,4615600.0
603619,20200826,13.44,13.55,13.09,13.17,-0.2100000000000008,-1.5695067264574036,4739001.0
603619,20200827,13.2,13.35,13.05,13.31,0.1400000000000005,1.0630220197418438,2775100.0
603619,20200828,13.26,13.28,13.09,13.24,-0.0700000000000002,-0.5259203606311047,3151000.0
603619,20200831,12.94,13.0,12.68,12.72,-0.5199999999999996,-3.92749244712991,9554551.0
603619,20200901,12.7,12.7,12.43,12.54,-0.1800000000000015,-1.4150943396226578,5007505.0
603619,20200902,12.48,12.63,12.48,12.59,0.0500000000000007,0.3987240829346206,3216848.0
603619,20200903,12.57,12.59,12.43,12.43,-0.1600000000000001,-1.2708498808578272,3071417.0
603619,20200904,12.35,12.62,12.25,12.6,0.1699999999999999,1.3676588897827855,3099974.0
603619,20200907,12.5,12.62,12.44,12.53,-0.0700000000000002,-0.5555555555555536,3331956.0
603619,20200908,12.54,12.74,12.43,12.72,0.1900000000000012,1.516360734237843,3300500.0
603619,20200909,12.72,12.83,12.61,12.67,-0.0500000000000007,-0.3930817610062975,6691300.0
603619,20200910,12.73,12.76,12.14,12.18,-0.4900000000000002,-3.867403314917128,5043500.0
603619,20200911,12.53,12.53,12.2,12.45,0.2699999999999996,2.2167487684729092,2659400.0
603619,20200914,12.45,12.55,12.36,12.5,0.0500000000000007,0.4016064257028162,2123600.0
603619,20200915,12.51,12.55,12.35,12.43,-0.0700000000000002,-0.5600000000000049,1497020.0
603619,20200916,12.47,12.69,12.36,12.45,0.0199999999999995,0.1609010458567983,2491800.0
603619,20200917,12.4,12.68,12.4,12.48,0.0300000000000011,0.2409638554216941,3111500.0
603619,20200918,12.5,12.59,12.38,12.57,0.0899999999999998,0.7211538461538547,2667100.0
603619,20200921,12.56,12.59,12.46,12.48,-0.0899999999999998,-0.7159904534606243,2108100.0
603619,20200922,12.3,12.36,12.23,12.26,-0.2200000000000006,-1.7628205128205177,2263700.0
603619,20200923,12.27,12.32,12.2,12.25,-0.0099999999999997,-0.0815660685154928,1649100.0
603619,20200924,12.16,12.19,11.84,11.88,-0.3699999999999992,-3.020408163265298,3677633.0
603619,20200925,11.92,11.96,11.65,11.65,-0.2300000000000004,-1.9360269360269355,2545600.0
603619,20200928,11.6,11.71,11.55,11.55,-0.0999999999999996,-0.8583690987124415,1579185.0
603619,20200929,11.64,11.66,11.51,11.52,-0.0300000000000011,-0.2597402597402709,1739400.0
603619,20200930,11.5,11.51,11.27,11.32,-0.1999999999999993,-1.736111111111105,2193000.0
603619,20201009,11.49,11.65,11.45,11.52,0.1999999999999993,1.76678445229681,3021700.0
603619,20201012,11.52,11.74,11.45,11.72,0.200000000000001,1.736111111111116,2943000.0
603619,20201013,11.66,11.69,11.55,11.65,-0.0700000000000002,-0.5972696245733822,2254300.0
603619,20201014,11.6,11.64,11.45,11.51,-0.1400000000000005,-1.2017167381974336,1831900.0
603619,20201015,11.51,11.53,11.37,11.4,-0.1099999999999994,-0.9556907037358786,1569400.0
603619,20201016,11.41,11.52,11.33,11.48,0.08,0.7017543859649145,1810391.0
603619,20201019,11.47,11.53,11.38,11.4,-0.08,-0.6968641114982632,1658600.0
603619,20201020,11.37,11.43,11.22,11.42,0.0199999999999995,0.1754385964912286,2770600.0
603619,20201021,11.5,11.52,11.26,11.29,-0.1300000000000007,-1.138353765323996,1939800.0
603619,20201022,11.19,11.25,11.06,11.09,-0.1999999999999993,-1.7714791851195733,2904100.0
603619,20201023,11.09,11.2,11.03,11.05,-0.0399999999999991,-0.3606853020739375,2304999.0
603619,20201026,11.0,11.0,10.49,10.61,-0.4400000000000013,-3.981900452488696,4605005.0
603619,20201027,10.56,10.61,10.27,10.28,-0.33,-3.1102733270499505,4015605.0
603619,20201028,10.18,10.26,9.94,10.06,-0.2199999999999988,-2.1400778210116655,4661400.0
603619,20201029,9.8,10.08,9.77,9.98,-0.08,-0.7952286282306154,3095491.0
603619,20201030,9.94,10.08,9.56,9.58,-0.4000000000000003,-4.008016032064132,4175120.0
603619,20201102,9.38,9.53,9.2,9.42,-0.1600000000000001,-1.670146137787054,4112400.0
603619,20201103,9.45,9.8,9.45,9.68,0.2599999999999998,2.7600849256900206,3985500.0
603619,20201104,9.73,9.81,9.6,9.6,-0.08,-0.8264462809917328,2653500.0
603619,20201105,9.7,9.84,9.58,9.71,0.1100000000000012,1.145833333333357,3793145.0
603619,20201106,9.67,9.68,9.46,9.58,-0.1300000000000007,-1.338825952626166,2227500.0
603619,20201109,9.58,9.81,9.56,9.76,0.1799999999999997,1.8789144050104456,3589499.0
603619,20201110,10.2,10.68,10.01,10.2,0.4399999999999995,4.508196721311464,11325099.0
603619,20201111,10.11,10.18,9.89,9.91,-0.2899999999999991,-2.8431372549019507,5651999.0
603619,20201112,9.88,10.15,9.82,9.94,0.0299999999999993,0.3027245206861595,3717400.0
603619,20201113,9.79,9.88,9.69,9.88,-0.0599999999999987,-0.6036217303822755,2687400.0
603619,20201116,9.88,10.05,9.75,10.02,0.1399999999999988,1.4170040485829816,4350200.0
603619,20201117,10.04,10.28,9.99,10.04,0.0199999999999995,0.1996007984031989,6929700.0
603619,20201118,9.92,10.36,9.9,10.12,0.08,0.7968127490039834,4900600.0
603619,20201119,10.06,10.12,9.75,9.8,-0.3199999999999985,-3.162055335968361,6373800.0
603619,20201120,9.83,9.84,9.55,9.76,-0.0400000000000009,-0.4081632653061273,5799399.0
603619,20201123,9.73,9.92,9.71,9.81,0.0500000000000007,0.5122950819672178,5136300.0
603619,20201124,9.86,10.79,9.81,10.79,0.9799999999999986,9.989806320081527,14936600.0
603619,20201125,11.53,11.87,11.4,11.87,1.08,10.00926784059315,36086376.0
603619,20201126,11.0,11.64,10.94,11.29,-0.5800000000000001,-4.886267902274644,24974963.0
603619,20201127,11.05,11.49,10.8,11.01,-0.2799999999999993,-2.4800708591674048,17038712.0
603619,20201130,10.99,11.38,10.75,10.81,-0.1999999999999993,-1.816530426884644,14283400.0
603619,20201201,10.69,10.9,10.65,10.87,0.0599999999999987,0.5550416281220993,9554000.0
603619,20201202,10.77,10.94,10.58,10.82,-0.0499999999999989,-0.4599816007359592,9228200.0
603619,20201203,10.93,11.62,10.92,11.18,0.3599999999999994,3.3271719038816983,18357200.0
603619,20201204,11.07,11.79,10.97,11.36,0.1799999999999997,1.610017889087656,17471300.0
603619,20201207,11.3,11.38,10.82,11.06,-0.2999999999999989,-2.640845070422526,11567900.0
603619,20201208,10.88,11.02,10.66,10.78,-0.2800000000000011,-2.5316455696202667,7304700.0
603619,20201209,10.81,10.95,10.37,10.7,-0.08,-0.7421150278293154,8455400.0
603619,20201210,10.55,10.69,10.37,10.58,-0.1199999999999992,-1.121495327102795,5386300.0
603619,20201211,11.29,11.43,10.7,10.73,0.1500000000000003,1.417769376181477,10300800.0
603619,20201214,10.71,10.83,10.31,10.48,-0.25,-2.329916123019571,6915900.0
603619,20201215,10.28,10.35,10.0,10.04,-0.4400000000000013,-4.198473282442761,6327976.0
603619,20201216,10.04,10.14,9.89,10.0,-0.0399999999999991,-0.3984063745019806,4226800.0
603619,20201217,9.99,10.62,9.99,10.55,0.5500000000000007,5.500000000000016,7797128.0
603619,20201218,10.45,10.54,10.2,10.32,-0.2300000000000004,-2.180094786729858,6033600.0
603619,20201221,10.23,10.27,10.1,10.2,-0.120000000000001,-1.1627906976744318,4625000.0
603619,20201222,10.1,10.15,9.77,9.81,-0.3899999999999988,-3.823529411764692,6120700.0
603619,20201223,9.77,9.88,9.71,9.84,0.0299999999999993,0.3058103975535076,3495533.0
603619,20201224,9.99,10.15,9.81,10.07,0.2300000000000004,2.3373983739837456,5572433.0
603619,20201225,9.86,10.3,9.78,10.16,0.0899999999999998,0.893743793445867,5896000.0
603619,20201228,9.69,9.71,9.14,9.14,-1.0199999999999996,-10.03937007874015,11319900.0
603619,20201229,9.0,9.13,8.88,9.01,-0.1300000000000007,-1.422319474835898,4542800.0
603619,20201230,9.01,9.14,8.96,9.0,-0.0099999999999997,-0.1109877913429535,3299227.0
603619,20201231,9.01,9.15,8.96,9.1,0.0999999999999996,1.1111111111111072,3280508.0
603619,20210104,9.07,9.33,8.99,9.22,0.120000000000001,1.3186813186813362,6264627.0
603619,20210105,9.02,9.08,9.01,9.03,-0.1900000000000012,-2.0607375271149864,3914500.0
603619,20210106,9.47,9.93,9.46,9.93,0.9000000000000004,9.966777408637872,8323500.0
603619,20210107,9.91,9.93,9.51,9.65,-0.2799999999999993,-2.8197381671701827,13772281.0
603619,20210108,9.42,9.59,9.24,9.46,-0.1899999999999995,-1.968911917098437,7063381.0
603619,20210111,9.6,9.75,8.96,8.96,-0.5,-5.285412262156452,8738381.0
603619,20210112,8.82,8.88,8.4,8.59,-0.370000000000001,-4.129464285714302,12840800.0
603619,20210113,8.62,8.79,8.56,8.66,0.0700000000000002,0.8149010477299212,7285581.0
603619,20210114,8.37,8.48,8.0,8.38,-0.2799999999999993,-3.2332563510392487,7926704.0
603619,20210115,8.38,8.73,8.36,8.52,0.1399999999999988,1.6706443914080935,5522200.0
603619,20210118,8.45,8.63,8.29,8.62,0.0999999999999996,1.1737089201877993,4722300.0
603619,20210119,8.55,8.73,8.52,8.68,0.0600000000000005,0.6960556844547661,4391100.0
603619,20210120,8.71,8.84,8.49,8.56,-0.1199999999999992,-1.3824884792626668,4431600.0
603619,20210121,8.56,8.63,8.41,8.57,0.0099999999999997,0.1168224299065379,4213500.0
603619,20210122,8.56,8.56,8.26,8.31,-0.2599999999999998,-3.033838973162195,4094600.0
603619,20210125,8.31,8.31,8.06,8.11,-0.200000000000001,-2.4067388688327473,3791300.0
603619,20210126,8.0,8.2,7.95,8.03,-0.08,-0.9864364981504335,3437643.0
603619,20210127,8.03,8.23,8.0,8.13,0.1000000000000014,1.2453300124533273,3793036.0
603619,20210128,8.05,8.41,7.96,8.41,0.2799999999999993,3.444034440344401,7613076.0
603619,20210129,8.35,8.39,8.1,8.16,-0.25,-2.972651605231869,4241413.0
603619,20210201,8.0,8.44,7.83,8.35,0.1899999999999995,2.3284313725490113,4944628.0
603619,20210202,8.4,8.6,8.37,8.44,0.0899999999999998,1.0778443113772518,5693776.0
603619,20210203,8.6,8.79,8.28,8.31,-0.129999999999999,-1.5402843601895588,4485500.0
603619,20210204,8.35,8.65,8.15,8.65,0.3399999999999998,4.091456077015643,5131100.0
603619,20210205,8.57,8.72,8.36,8.43,-0.2200000000000006,-2.543352601156079,4277223.0
603619,20210208,8.65,8.93,8.32,8.7,0.2699999999999996,3.2028469750889688,5681151.0
603619,20210209,8.68,9.35,8.62,9.09,0.3900000000000005,4.482758620689653,9671736.0
603619,20210210,8.9,9.0,8.7,8.91,-0.1799999999999997,-1.980198019801982,6041600.0
603619,20210218,9.75,9.79,9.27,9.3,0.3900000000000005,4.3771043771043905,9645613.0
603619,20210219,9.15,9.2,8.92,9.2,-0.1000000000000014,-1.0752688172043112,9279913.0
603619,20210222,9.2,9.79,9.15,9.4,0.200000000000001,2.1739130434782705,12906671.0
603619,20210223,9.53,10.34,9.53,10.34,0.9399999999999996,9.999999999999986,27325857.0
603619,20210224,10.3,10.66,9.9,10.05,-0.2899999999999991,-2.8046421663442844,25278179.0
603619,20210225,10.32,10.53,9.89,10.14,0.0899999999999998,0.8955223880596996,12906600.0
603619,20210226,9.65,10.04,9.55,9.65,-0.4900000000000002,-4.832347140039451,10244300.0
603619,20210301,9.77,9.93,9.66,9.85,0.1999999999999993,2.072538860103612,8680254.0
603619,20210302,9.64,9.65,9.2,9.3,-0.5499999999999989,-5.58375634517766,10435908.0
603619,20210303,9.18,9.4,9.15,9.4,0.0999999999999996,1.0752688172043,5881467.0
603619,20210304,9.48,10.34,9.45,10.34,0.9399999999999996,9.999999999999986,24816914.0
603619,20210305,10.72,11.26,10.43,10.46,0.120000000000001,1.1605415860735049,31550108.0
603619,20210308,10.95,11.29,10.52,10.82,0.3599999999999994,3.441682600382401,26587931.0
603619,20210309,10.28,10.35,9.74,9.8,-1.0199999999999996,-9.42698706099815,21012008.0
603619,20210310,9.67,9.8,9.46,9.54,-0.2600000000000015,-2.6530612244898166,10913400.0
603619,20210311,9.68,9.87,9.39,9.79,0.25,2.6205450733752578,10481641.0
603619,20210312,9.85,10.25,9.75,9.81,0.0200000000000013,0.2042900919305479,9946923.0
603619,20210315,10.01,10.45,9.91,10.19,0.379999999999999,3.8735983690112,12700400.0
603619,20210316,9.92,10.16,9.85,10.03,-0.1600000000000001,-1.5701668302257166,8085500.0
603619,20210317,9.96,10.23,9.71,10.19,0.1600000000000001,1.59521435692922,9200700.0
603619,20210318,10.04,10.04,9.78,9.83,-0.3599999999999994,-3.5328753680078484,7806100.0
603619,20210319,9.26,9.58,9.26,9.42,-0.4100000000000001,-4.170905391658186,10212013.0
603619,20210322,9.37,9.49,9.32,9.45,0.0299999999999993,0.3184713375796066,4818791.0
603619,20210323,9.45,9.46,8.95,9.05,-0.3999999999999986,-4.232804232804222,8395408.0
603619,20210324,8.85,9.02,8.85,8.95,-0.1000000000000014,-1.1049723756906271,4759789.0
603619,20210325,9.1,9.18,8.95,8.95,0.0,0.0,5255100.0
603619,20210326,8.86,9.29,8.81,9.19,0.2400000000000002,2.681564245810053,5823028.0
603619,20210329,9.28,9.77,9.09,9.59,0.4000000000000003,4.3525571273123065,12935428.0
603619,20210330,10.01,10.2,9.71,9.71,0.120000000000001,1.2513034410844837,18687391.0
603619,20210331,9.68,10.05,9.39,9.43,-0.2800000000000011,-2.8836251287332804,12554012.0
603619,20210401,9.34,9.42,9.14,9.22,-0.209999999999999,-2.2269353128313796,8527800.0
603619,20210402,9.39,9.39,9.15,9.16,-0.0600000000000005,-0.6507592190889477,5872600.0
603619,20210406,9.11,9.24,8.99,9.2,0.0399999999999991,0.4366812227074135,4701912.0
603619,20210407,9.18,9.28,9.15,9.26,0.0600000000000005,0.6521739130434856,3976312.0
603619,20210408,9.2,9.37,9.1,9.23,-0.0299999999999993,-0.3239740820734305,4981400.0
603619,20210409,9.21,9.32,9.12,9.18,-0.0500000000000007,-0.5417118093174467,5192712.0
603619,20210412,9.15,9.15,8.88,8.94,-0.2400000000000002,-2.614379084967322,5015100.0
603619,20210413,8.88,9.14,8.85,8.94,0.0,0.0,3377800.0
603619,20210414,8.9,9.01,8.86,8.99,0.0500000000000007,0.5592841163311046,2998100.0
603619,20210415,9.15,9.23,9.06,9.08,0.0899999999999998,1.0011123470522687,5823200.0
603619,20210416,9.02,9.22,9.0,9.17,0.0899999999999998,0.9911894273127776,4604539.0
603619,20210419,9.11,9.21,9.08,9.19,0.0199999999999995,0.2181025081788412,3960100.0
603619,20210420,9.19,9.3,9.17,9.28,0.0899999999999998,0.9793253536452662,4582400.0
603619,20210421,9.18,9.2,8.99,9.03,-0.25,-2.6939655172413812,4475900.0
603619,20210422,8.98,9.08,8.91,8.99,-0.0399999999999991,-0.442967884828338,2434700.0
603619,20210423,9.03,9.03,8.86,8.91,-0.08,-0.8898776418242549,2698800.0
603619,20210426,8.92,9.0,8.8,8.85,-0.0600000000000005,-0.6734006734006814,2735000.0
603619,20210427,8.85,8.89,8.69,8.85,0.0,0.0,2814600.0
603619,20210428,8.85,9.03,8.65,9.01,0.1600000000000001,1.8079096045197751,3545300.0
603619,20210429,9.08,9.18,9.01,9.03,0.0199999999999995,0.2219755826859071,3721739.0
603619,20210430,8.93,8.99,8.71,8.8,-0.2299999999999986,-2.5470653377629993,3487500.0
603619,20210506,8.92,9.23,8.86,9.15,0.3499999999999996,3.9772727272727297,5690600.0
603619,20210507,9.14,9.32,9.03,9.2,0.0499999999999989,0.5464480874316724,5473500.0
603619,20210510,9.2,10.12,9.15,10.12,0.92,10.000000000000009,13628191.0
603619,20210511,9.88,9.96,9.65,9.75,-0.3699999999999992,-3.6561264822134287,12240491.0
603619,20210512,9.7,10.13,9.58,9.95,0.1999999999999993,2.051282051282044,10907891.0
603619,20210513,9.84,10.49,9.73,10.01,0.0600000000000005,0.6030150753769004,12064091.0
603619,20210514,9.74,9.85,9.67,9.77,-0.2400000000000002,-2.3976023976024052,9377600.0
603619,20210517,9.72,9.99,9.67,9.8,0.0300000000000011,0.3070624360286711,5911600.0
603619,20210518,9.96,10.63,9.93,10.54,0.7399999999999984,7.551020408163245,17414674.0
603619,20210519,10.18,10.25,9.94,10.09,-0.4499999999999993,-4.26944971537001,10787413.0
603619,20210520,9.7,9.9,9.67,9.82,-0.2699999999999996,-2.6759167492566904,6233223.0
603619,20210521,9.8,9.99,9.71,9.93,0.1099999999999994,1.1201629327902252,5066489.0
603619,20210524,9.95,10.03,9.67,9.8,-0.129999999999999,-1.309164149043296,5664028.0
603619,20210525,9.94,10.13,9.8,9.84,0.0399999999999991,0.4081632653061051,5994100.0
603619,20210526,9.74,9.83,9.6,9.71,-0.129999999999999,-1.3211382113821002,10508500.0
603619,20210527,9.62,9.75,9.57,9.68,-0.0300000000000011,-0.308959835221434,4697600.0
603619,20210528,9.8,9.97,9.62,9.67,-0.0099999999999997,-0.1033057851239638,8031100.0
603619,20210531,9.51,9.57,9.22,9.33,-0.3399999999999998,-3.516028955532569,8612900.0
603619,20210601,9.34,10.18,9.29,9.9,0.5700000000000003,6.109324758842449,14334428.0
603619,20210602,9.85,10.15,9.8,9.98,0.08,0.8080808080808133,12718900.0
603619,20210603,10.17,10.25,9.88,9.89,-0.0899999999999998,-0.9018036072144242,9520000.0
603619,20210604,9.9,9.94,9.59,9.68,-0.2100000000000008,-2.1233569261880803,6166943.0
603619,20210607,9.87,9.95,9.7,9.76,0.08,0.8264462809917328,5026000.0
603619,20210608,9.68,9.77,9.57,9.7,-0.0600000000000005,-0.6147540983606592,4842900.0
603619,20210609,9.8,10.31,9.7,10.11,0.4100000000000001,4.226804123711347,12568800.0
603619,20210610,10.04,10.1,9.95,9.98,-0.129999999999999,-1.2858555885261969,7412400.0
603619,20210611,9.97,10.68,9.97,10.4,0.4199999999999999,4.208416833667328,16831300.0
603619,20210615,10.77,10.82,10.22,10.24,-0.1600000000000001,-1.538461538461544,12379900.0
603619,20210616,10.76,11.0,10.49,10.66,0.4199999999999999,4.1015625,18235300.0
603619,20210617,10.38,10.5,10.15,10.33,-0.33,-3.0956848030018747,12146400.0
603619,20210618,10.09,10.2,10.0,10.1,-0.2300000000000004,-2.226524685382381,7050000.0
603619,20210621,10.17,10.36,10.15,10.19,0.0899999999999998,0.8910891089108919,5855600.0
603619,20210622,10.56,11.14,10.45,10.63,0.4400000000000013,4.317958783120712,14039228.0
603619,20210623,10.57,10.63,10.36,10.43,-0.200000000000001,-1.8814675446848672,9927791.0
603619,20210624,10.47,10.5,10.17,10.22,-0.209999999999999,-2.0134228187919323,7411400.0
603619,20210625,10.33,10.37,10.09,10.13,-0.0899999999999998,-0.8806262230919737,6750774.0
603619,20210628,10.3,10.37,10.09,10.23,0.0999999999999996,0.9871668311944636,5891374.0
603619,20210629,10.0,10.05,9.83,9.9,-0.33,-3.2258064516129004,6356000.0
603619,20210630,9.82,9.93,9.7,9.77,-0.1300000000000007,-1.3131313131313216,4930000.0
603619,20210701,9.76,9.82,9.65,9.75,-0.0199999999999995,-0.2047082906857733,4537700.0
603619,20210702,10.01,10.12,9.72,9.76,0.0099999999999997,0.1025641025641066,8964100.0
603619,20210705,9.36,9.62,9.32,9.61,-0.1500000000000003,-1.5368852459016424,6115100.0
603619,20210706,9.72,9.86,9.6,9.74,0.1300000000000007,1.3527575442247697,6351500.0
603619,20210707,9.48,9.61,9.43,9.61,-0.1300000000000007,-1.3347022587269053,5470628.0
603619,20210708,9.53,9.57,9.23,9.3,-0.3099999999999987,-3.2258064516128893,6097500.0
603619,20210709,9.34,9.43,9.27,9.41,0.1099999999999994,1.1827956989247213,3796100.0
603619,20210712,9.51,9.57,9.38,9.41,0.0,0.0,3942900.0
603619,20210713,9.41,9.54,9.32,9.52,0.1099999999999994,1.1689691817215575,4386500.0
603619,20210714,9.56,9.62,9.37,9.39,-0.129999999999999,-1.36554621848739,4638000.0
603619,20210715,9.29,9.29,9.01,9.11,-0.2800000000000011,-2.9818956336528313,5802000.0
603619,20210716,9.05,9.17,8.92,8.97,-0.1399999999999988,-1.5367727771679385,6182500.0
603619,20210719,8.93,8.94,8.73,8.86,-0.1100000000000012,-1.22630992196211,4731900.0
603619,20210720,8.65,8.81,8.57,8.8,-0.0599999999999987,-0.6772009029345272,3403100.0
603619,20210721,8.75,8.89,8.75,8.85,0.0499999999999989,0.5681818181818121,3028500.0
603619,20210722,9.0,9.09,8.93,8.95,0.0999999999999996,1.1299435028248483,4853500.0
603619,20210723,8.95,9.07,8.82,8.85,-0.0999999999999996,-1.1173184357541888,4184600.0
603619,20210726,8.88,8.94,8.67,8.69,-0.1600000000000001,-1.8079096045197751,3673100.0
603619,20210727,8.74,9.04,8.68,8.87,0.1799999999999997,2.0713463751438344,5373800.0
603619,20210728,8.96,9.08,8.7,8.9,0.0300000000000011,0.3382187147688897,5763800.0
603619,20210729,8.98,9.05,8.88,9.03,0.129999999999999,1.4606741573033544,3890900.0
603619,20210730,9.01,9.08,8.91,8.98,-0.0499999999999989,-0.5537098560354226,3108400.0
603619,20210802,8.93,9.03,8.71,9.02,0.0399999999999991,0.445434298440972,4405400.0
603619,20210803,9.01,9.07,8.88,8.89,-0.129999999999999,-1.4412416851441123,3916600.0
603619,20210804,8.81,8.94,8.81,8.89,0.0,0.0,3403700.0
603619,20210805,8.8,8.83,8.7,8.73,-0.1600000000000001,-1.7997750281214864,4265300.0
603619,20210806,8.73,8.78,8.65,8.72,-0.0099999999999997,-0.1145475372279491,3341700.0
603619,20210809,8.72,8.98,8.68,8.93,0.209999999999999,2.408256880733939,4517200.0
603619,20210810,8.89,9.18,8.83,9.06,0.1300000000000007,1.4557670772676443,5897300.0
603619,20210811,9.05,9.11,9.01,9.08,0.0199999999999995,0.2207505518763808,4526823.0
603619,20210812,9.09,9.18,9.04,9.04,-0.0400000000000009,-0.440528634361248,3754100.0
603619,20210813,8.99,9.12,8.95,9.1,0.0600000000000005,0.6637168141592875,3804417.0
603619,20210816,9.1,9.26,9.08,9.15,0.0500000000000007,0.5494505494505475,5565000.0
603619,20210817,9.13,9.26,8.92,8.95,-0.200000000000001,-2.1857923497267895,5122868.0
603619,20210818,9.02,9.07,8.88,9.06,0.1100000000000012,1.2290502793296243,4125100.0
603619,20210819,8.96,9.03,8.7,8.84,-0.2200000000000006,-2.428256070640189,4314100.0
603619,20210820,8.8,8.8,8.66,8.77,-0.0700000000000002,-0.7918552036199178,3302600.0
603619,20210823,8.8,9.33,8.8,9.24,0.4700000000000006,5.359179019384275,9142200.0
603619,20210824,9.41,9.82,9.41,9.8,0.5600000000000005,6.060606060606055,15632300.0
603619,20210825,9.75,10.09,9.7,9.89,0.0899999999999998,0.9183673469387754,11351900.0
603619,20210826,9.89,10.19,9.85,10.03,0.1399999999999988,1.415571284125372,10059091.0
603619,20210827,9.97,10.15,9.9,10.09,0.0600000000000005,0.5982053838484491,7468500.0
603619,20210830,10.18,11.1,10.18,11.1,1.0099999999999998,10.009910802775025,17698256.0
603619,20210831,11.22,11.78,11.0,11.5,0.4000000000000003,3.603603603603611,24304242.0
603619,20210901,11.51,12.5,11.5,11.64,0.1400000000000005,1.2173913043478368,20965300.0
603619,20210902,11.77,12.27,11.41,12.12,0.4799999999999986,4.123711340206171,18430600.0
603619,20210903,12.33,12.83,12.33,12.66,0.5400000000000009,4.455445544554459,15841841.0
603619,20210906,12.75,13.93,12.75,13.93,1.2699999999999996,10.031595576619278,17853199.0
603619,20210907,14.55,14.82,13.46,14.34,0.4100000000000001,2.943287867910982,34527181.0
603619,20210908,13.6,14.55,13.6,14.2,-0.1400000000000005,-0.976290097629018,26810001.0
603619,20210909,14.15,15.62,14.13,15.62,1.42,10.000000000000009,20546901.0
603619,20210910,15.88,15.98,14.06,14.06,-1.5599999999999987,-9.98719590268885,34124686.0
603619,20210913,13.75,14.68,13.71,14.2,0.1399999999999988,0.9957325746799306,28064447.0
603619,20210914,14.51,15.11,13.25,13.29,-0.91,-6.408450704225355,41521268.0
603619,20210915,13.4,13.99,12.8,13.34,0.0500000000000007,0.3762227238525151,40811980.0
603619,20210916,13.77,14.6,13.36,13.88,0.5400000000000009,4.047976011994003,38884000.0
603619,20210917,13.8,14.58,13.64,13.94,0.0599999999999987,0.4322766570605152,23395111.0
603619,20210922,13.77,14.7,13.7,14.62,0.6799999999999997,4.878048780487809,23623447.0
603619,20210923,14.59,14.64,13.9,14.26,-0.3599999999999994,-2.4623803009575895,17400797.0
603619,20210924,14.55,15.1,14.16,14.27,0.0099999999999997,0.0701262272089664,18068405.0
603619,20210927,14.27,14.78,13.05,14.3,0.0300000000000011,0.2102312543798223,21686607.0
603619,20210928,14.78,15.5,14.15,15.1,0.7999999999999989,5.594405594405583,31000998.0
603619,20210929,14.4,14.54,13.59,13.59,-1.5099999999999998,-9.999999999999998,20463900.0
603619,20210930,12.75,13.36,12.37,12.99,-0.5999999999999996,-4.415011037527594,26272903.0
603619,20211008,13.58,14.29,13.58,14.29,1.299999999999999,10.007698229407236,17105200.0
603619,20211011,14.48,15.72,14.48,15.72,1.4300000000000015,10.006997900629822,29953739.0
603619,20211012,16.04,17.29,15.78,17.29,1.5699999999999985,9.98727735368956,46776688.0
603619,20211013,16.45,16.7,15.56,15.56,-1.7299999999999986,-10.005783689994209,23529585.0
603619,20211014,14.6,15.51,14.17,15.14,-0.4199999999999999,-2.699228791773778,29194295.0
603619,20211015,15.35,16.65,14.69,16.65,1.509999999999998,9.97357992073975,25372730.0
603619,20211018,17.6,18.28,16.77,16.86,0.2100000000000008,1.2612612612612706,36539697.0
603619,20211019,17.2,18.55,16.26,18.32,1.4600000000000009,8.659549228944252,38070532.0
603619,20211020,17.77,17.88,16.57,16.84,-1.4800000000000004,-8.078602620087338,39526951.0
603619,20211021,17.64,17.99,16.7,16.96,0.120000000000001,0.7125890736342066,33543798.0
603619,20211022,16.32,16.83,15.84,16.05,-0.91,-5.365566037735848,25294118.0
603619,20211025,16.33,17.3,16.2,16.58,0.5299999999999976,3.302180685358236,27764918.0
603619,20211026,16.56,16.9,16.08,16.1,-0.4799999999999969,-2.8950542822677727,21796364.0
603619,20211027,16.06,16.55,15.73,15.9,-0.200000000000001,-1.2422360248447228,16787695.0
603619,20211028,15.41,15.45,14.31,14.31,-1.59,-9.999999999999998,18209300.0
603619,20211029,14.05,14.44,13.74,14.02,-0.2900000000000009,-2.0265548567435454,27690644.0
603619,20211101,13.61,15.17,13.6,14.94,0.92,6.562054208273893,21907629.0
603619,20211102,14.89,15.8,14.5,15.28,0.3399999999999998,2.27576974564927,24073627.0
603619,20211103,15.19,15.19,14.36,14.82,-0.4599999999999991,-3.0104712041884807,14000971.0
603619,20211104,14.4,14.97,14.37,14.58,-0.2400000000000002,-1.619433198380571,12738253.0
603619,20211105,14.6,14.69,13.63,13.7,-0.8800000000000008,-6.035665294924564,21053023.0
603619,20211108,13.74,14.37,13.71,13.95,0.25,1.8248175182481672,17105600.0
603619,20211109,13.73,14.0,13.37,13.81,-0.1399999999999988,-1.003584229390675,15213423.0
603619,20211110,14.2,14.35,13.28,13.66,-0.1500000000000003,-1.086169442433027,19350600.0
603619,20211111,13.0,13.29,12.79,13.04,-0.620000000000001,-4.538799414348471,24206497.0
603619,20211112,12.99,13.25,12.71,13.09,0.0500000000000007,0.3834355828221003,13611000.0
603619,20211115,13.09,13.14,12.73,12.85,-0.2400000000000002,-1.833460656990071,9648000.0
603619,20211116,12.86,12.95,12.48,12.55,-0.2999999999999989,-2.334630350194544,8478900.0
603619,20211117,12.56,12.78,12.52,12.62,0.0699999999999985,0.5577689243027706,9483200.0
603619,20211118,12.3,12.5,12.2,12.25,-0.3699999999999992,-2.931854199683037,12253790.0
603619,20211119,12.25,12.98,12.03,12.7,0.4499999999999993,3.6734693877551017,15762700.0
603619,20211122,12.51,12.66,12.32,12.6,-0.0999999999999996,-0.7874015748031482,10204640.0
603619,20211123,12.6,12.7,12.38,12.41,-0.1899999999999995,-1.5079365079365026,9723808.0
603619,20211124,12.74,13.07,12.42,12.48,0.0700000000000002,0.5640612409347323,16039400.0
603619,20211125,12.27,12.44,12.09,12.14,-0.3399999999999998,-2.724358974358976,16242868.0
603619,20211126,12.09,12.45,11.89,12.0,-0.1400000000000005,-1.1532125205930832,9978192.0
603619,20211129,11.51,12.0,11.45,11.82,-0.1799999999999997,-1.500000000000001,10820361.0
603619,20211130,11.9,12.3,11.86,11.99,0.1699999999999999,1.4382402707275863,10635867.0
603619,20211201,11.95,12.41,11.9,12.4,0.4100000000000001,3.419516263552969,9753220.0
603619,20211202,12.34,12.42,12.08,12.13,-0.2699999999999996,-2.1774193548387055,9654102.0
603619,20211203,12.5,13.26,12.44,12.85,0.7199999999999989,5.935696619950526,22551025.0
603619,20211206,12.99,13.66,12.8,13.28,0.4299999999999997,3.3463035019455134,26816668.0
603619,20211207,13.41,13.55,12.78,13.17,-0.1099999999999994,-0.8283132530120474,15642540.0
603619,20211208,13.2,14.1,13.0,13.7,0.5299999999999994,4.02429764616552,21722054.0
603619,20211209,13.71,13.8,13.4,13.62,-0.08,-0.583941605839422,15250500.0
603619,20211210,13.55,13.59,13.04,13.13,-0.4899999999999984,-3.597650513950057,12297264.0
603619,20211213,13.0,13.28,12.9,13.13,0.0,0.0,7944433.0
603619,20211214,13.01,13.12,12.7,12.84,-0.2900000000000009,-2.2086824067022115,9376550.0
603619,20211215,12.83,13.1,12.73,12.86,0.0199999999999995,0.1557632398753838,8203500.0
603619,20211216,13.0,13.27,12.84,13.17,0.3100000000000005,2.4105754276827485,10400800.0
603619,20211217,13.09,13.6,13.06,13.12,-0.0500000000000007,-0.3796507213363775,13508000.0
603619,20211220,12.96,12.97,12.65,12.77,-0.3499999999999996,-2.6676829268292623,9431800.0
603619,20211221,12.8,12.86,12.33,12.4,-0.3699999999999992,-2.89741581832419,11250897.0
603619,20211222,12.6,13.11,12.52,12.53,0.129999999999999,1.0483870967741948,10900984.0
603619,20211223,12.42,13.22,12.42,12.77,0.2400000000000002,1.9154030327214633,13636000.0
603619,20211224,12.88,14.05,12.88,14.05,1.2800000000000011,10.023492560689128,27619409.0
603619,20211227,13.94,14.83,13.72,14.4,0.3499999999999996,2.491103202846978,28103516.0
603619,20211228,14.55,15.7,14.06,15.38,0.9800000000000004,6.805555555555554,32720709.0
603619,20211229,15.14,16.19,14.85,15.32,-0.0600000000000005,-0.3901170351105376,24030075.0
603619,20211230,15.5,15.51,14.57,14.61,-0.7100000000000009,-4.634464751958234,19914195.0
603619,20211231,14.65,15.39,14.25,14.99,0.3800000000000008,2.600958247775509,22102664.0
603619,20220104,14.82,15.19,14.6,14.86,-0.1300000000000007,-0.8672448298865931,13793369.0
603619,20220105,14.93,15.7,14.82,15.19,0.33,2.2207267833109112,19980900.0
603619,20220106,15.0,15.79,14.9,15.15,-0.0399999999999991,-0.2633311389071746,14707126.0
603619,20220107,15.35,16.4,15.01,15.62,0.4699999999999988,3.1023102310230977,26673327.0
603619,20220110,15.2,15.35,14.08,14.86,-0.7599999999999998,-4.865556978233032,22949597.0
603619,20220111,14.71,14.91,14.28,14.3,-0.5599999999999987,-3.7685060565275874,14218100.0
603619,20220112,14.62,15.39,14.62,14.88,0.5800000000000001,4.05594405594405,16037223.0
603619,20220113,14.89,15.45,14.66,14.7,-0.1800000000000015,-1.2096774193548487,12671797.0
603619,20220114,14.59,14.75,14.22,14.23,-0.4699999999999988,-3.197278911564616,11695020.0
603619,20220117,14.44,14.94,14.38,14.78,0.5499999999999989,3.865073787772299,12633300.0
603619,20220118,14.89,15.61,14.59,15.2,0.4199999999999999,2.841677943166432,18077100.0
603619,20220119,15.6,15.77,14.67,14.85,-0.3499999999999996,-2.3026315789473673,17274300.0
603619,20220120,14.46,14.64,13.7,13.8,-1.049999999999999,-7.07070707070706,19139500.0
603619,20220121,13.56,13.89,13.46,13.66,-0.1400000000000005,-1.0144927536231974,7794120.0
603619,20220124,13.77,14.59,13.4,14.35,0.6899999999999995,5.051244509516839,11374668.0
603619,20220125,14.14,14.34,13.5,13.65,-0.6999999999999993,-4.8780487804877986,8197100.0
603619,20220126,13.91,14.07,13.26,13.63,-0.0199999999999995,-0.146520146520146,7812932.0
603619,20220127,13.65,14.31,13.1,13.19,-0.4400000000000013,-3.228173147468827,13682957.0
603619,20220128,13.19,13.47,12.86,13.28,0.0899999999999998,0.6823351023502733,9306423.0
603619,20220207,14.27,14.61,14.26,14.61,1.33,10.01506024096386,4727200.0
603619,20220208,14.83,15.93,14.03,15.76,1.1500000000000004,7.871321013004784,35730561.0
603619,20220209,15.5,15.73,15.2,15.58,-0.1799999999999997,-1.1421319796954266,21349152.0
603619,20220210,15.4,16.08,15.4,15.7,0.1199999999999992,0.7702182284980763,17385720.0
603619,20220211,15.47,16.07,15.36,15.82,0.120000000000001,0.7643312101910826,17543851.0
603619,20220214,17.4,17.4,16.37,16.54,0.7199999999999989,4.551201011378003,36302814.0
603619,20220215,16.8,17.98,16.18,16.35,-0.1899999999999977,-1.1487303506650393,30151500.0
603619,20220216,15.66,15.77,15.15,15.39,-0.9600000000000009,-5.871559633027523,22069000.0
603619,20220217,15.27,16.16,14.97,15.71,0.3200000000000003,2.079272254710851,25480832.0
603619,20220218,15.2,15.25,14.72,15.25,-0.4600000000000008,-2.9280712921705976,18660774.0
603619,20220221,15.25,15.99,15.12,15.42,0.1699999999999999,1.1147540983606596,20287357.0
603619,20220222,16.4,16.81,15.85,16.51,1.0900000000000016,7.068741893644637,31203312.0
603619,20220223,16.2,16.24,15.91,15.98,-0.5300000000000011,-3.2101756511205393,18187556.0
603619,20220224,16.15,17.58,16.13,17.3,1.3200000000000005,8.26032540675845,51045919.0
603619,20220225,16.4,17.2,16.21,16.46,-0.8399999999999999,-4.855491329479767,38608969.0
603619,20220228,16.85,17.13,16.11,16.2,-0.2600000000000015,-1.5795868772782606,33350534.0
603619,20220301,15.98,16.37,15.7,16.25,0.0500000000000007,0.3086419753086433,24349391.0
603619,20220302,17.6,17.87,16.8,17.48,1.2300000000000004,7.5692307692307725,48819181.0
603619,20220303,17.88,18.55,17.86,18.3,0.8200000000000003,4.691075514874132,48731834.0
603619,20220304,17.6,17.73,16.77,16.83,-1.4700000000000024,-8.032786885245912,34084767.0
603619,20220307,17.9,17.9,17.0,17.22,0.3900000000000005,2.317290552584672,25632228.0
603619,20220308,17.0,17.49,16.38,17.05,-0.1699999999999981,-0.9872241579558572,23208205.0
603619,20220309,17.3,17.45,16.19,16.8,-0.25,-1.4662756598240456,24974411.0
603619,20220310,16.0,16.3,15.36,16.3,-0.5,-2.9761904761904767,25772309.0
603619,20220311,15.83,15.85,15.11,15.39,-0.91,-5.582822085889571,19168770.0
603619,20220314,14.85,15.18,14.6,14.6,-0.7900000000000009,-5.133203378817419,14059805.0
603619,20220315,13.75,14.0,13.14,13.14,-1.459999999999999,-9.999999999999998,22335767.0
603619,20220316,13.13,13.97,12.91,13.88,0.7400000000000002,5.631659056316596,20667355.0
603619,20220317,13.81,14.55,13.66,14.47,0.5899999999999999,4.250720461095092,21091018.0
603619,20220318,15.02,15.03,14.54,14.63,0.1600000000000001,1.1057360055286791,18418400.0
603619,20220321,14.55,15.07,14.54,14.92,0.2899999999999991,1.982228298017774,14802500.0
603619,20220322,15.28,15.78,15.13,15.73,0.8100000000000005,5.4289544235925025,22016716.0
603619,20220323,15.36,16.41,15.35,16.16,0.4299999999999997,2.7336300063572683,18456615.0
603619,20220324,16.45,16.63,15.8,15.92,-0.2400000000000002,-1.4851485148514865,17585668.0
603619,20220325,15.6,15.95,15.39,15.6,-0.3200000000000003,-2.010050251256279,12693500.0
603619,20220328,15.39,16.31,15.03,15.89,0.2900000000000009,1.8589743589743744,16459600.0
603619,20220329,15.49,16.0,15.43,15.74,-0.1500000000000003,-0.9439899307740696,8777300.0
603619,20220330,15.59,15.6,14.94,15.25,-0.4900000000000002,-3.11308767471411,10140200.0
603619,20220331,15.3,15.34,14.51,14.87,-0.3800000000000008,-2.4918032786885314,10657000.0
603619,20220401,14.77,14.77,14.4,14.48,-0.3899999999999988,-2.6227303295225157,8627585.0
603619,20220406,14.42,15.63,14.33,15.5,1.0199999999999996,7.044198895027631,15699100.0
603619,20220407,15.07,15.45,14.98,15.18,-0.3200000000000003,-2.0645161290322567,9544200.0
603619,20220408,15.11,15.25,14.46,14.7,-0.4800000000000004,-3.1620553359683834,9857100.0
603619,20220411,14.75,15.55,14.7,14.85,0.1500000000000003,1.0204081632653184,13371600.0
603619,20220412,14.55,15.79,14.55,15.72,0.870000000000001,5.858585858585874,16232100.0
603619,20220413,16.16,16.84,15.97,16.6,0.8800000000000008,5.597964376590325,22600327.0
603619,20220414,16.4,17.17,16.27,16.85,0.25,1.5060240963855387,14809012.0
603619,20220415,17.05,17.26,16.27,16.28,-0.5700000000000003,-3.3827893175074175,12922228.0
603619,20220418,16.26,16.42,15.7,15.82,-0.4600000000000008,-2.825552825552835,9706600.0
603619,20220419,15.94,16.59,15.94,16.29,0.4699999999999988,2.970922882427307,11293212.0
603619,20220420,15.86,16.12,15.35,15.58,-0.7099999999999991,-4.358502148557397,9950000.0
603619,20220421,15.48,15.53,14.5,14.68,-0.9000000000000004,-5.776636713735561,11043000.0
603619,20220422,14.7,16.15,13.97,16.15,1.4699999999999989,10.013623978201624,20814965.0
603619,20220425,16.07,16.07,14.54,14.54,-1.6099999999999994,-9.969040247678018,23905502.0
603619,20220426,14.16,14.16,13.15,13.48,-1.0599999999999987,-7.29023383768912,18026600.0
603619,20220427,13.75,14.69,13.71,14.66,1.1799999999999995,8.753709198813064,14728395.0
603619,20220428,14.23,14.6,14.06,14.6,-0.0600000000000005,-0.4092769440654842,11585931.0
603619,20220429,15.08,15.56,14.57,15.25,0.6500000000000004,4.452054794520555,16978312.0
603619,20220505,14.9,16.4,14.68,15.97,0.7200000000000006,4.7213114754098395,22489150.0
603619,20220506,15.52,16.29,15.35,15.72,-0.25,-1.5654351909830888,19364212.0
603619,20220509,15.4,16.17,15.33,15.98,0.2599999999999998,1.653944020356235,14175900.0
603619,20220510,15.3,15.3,14.5,15.01,-0.9700000000000006,-6.070087609511898,19006764.0
603619,20220511,14.9,15.48,14.72,15.18,0.1699999999999999,1.1325782811459018,14377000.0
603619,20220512,15.97,16.26,14.9,15.31,0.1300000000000007,0.8563899868247793,21109565.0
603619,20220513,15.47,16.68,15.47,16.28,0.9700000000000006,6.335728282168529,28823187.0
603619,20220516,16.65,16.81,16.11,16.4,0.1199999999999974,0.7371007371007154,18928633.0
603619,20220517,16.7,17.12,16.47,16.52,0.120000000000001,0.7317073170731714,19820200.0
603619,20220518,16.05,16.9,15.95,16.72,0.1999999999999993,1.2106537530266248,17551904.0
603619,20220519,16.34,16.5,15.82,16.32,-0.3999999999999986,-2.392344497607646,12884200.0
603619,20220520,16.29,16.66,16.13,16.42,0.1000000000000014,0.6127450980392135,9981400.0
603619,20220523,16.44,16.86,16.44,16.86,0.4399999999999977,2.6796589524969328,10444802.0
603619,20220524,16.8,16.84,15.81,15.85,-1.0099999999999998,-5.990510083036771,14313587.0
603619,20220525,15.83,17.44,15.83,17.44,1.5900000000000016,10.03154574132492,25976502.0
603619,20220526,18.0,19.18,17.8,19.18,1.7399999999999984,9.977064220183474,43411977.0
603619,20220527,19.79,20.75,19.46,20.15,0.9699999999999988,5.057351407716371,46447683.0
603619,20220530,19.81,20.31,19.33,20.0,-0.1499999999999985,-0.7444168734491274,33262784.0
603619,20220531,20.09,20.6,19.61,20.25,0.25,1.2499999999999956,26660224.0
603619,20220601,19.89,21.4,19.7,21.15,0.8999999999999986,4.444444444444429,32796100.0
603619,20220602,20.21,20.21,19.29,19.59,-1.5599999999999987,-7.375886524822695,28189604.0
603619,20220606,20.01,20.65,19.66,20.0,0.4100000000000001,2.092904543134244,21216600.0
603619,20220607,20.08,20.94,19.95,20.28,0.2800000000000011,1.4000000000000012,24937900.0
603619,20220608,20.11,21.09,19.91,20.77,0.4899999999999984,2.4161735700197084,26130600.0
603619,20220609,21.65,22.65,20.88,21.2,0.4299999999999997,2.070293692826186,35934400.0
603619,20220610,20.6,22.12,20.6,21.75,0.5500000000000007,2.594339622641506,23967700.0
603619,20220613,21.12,22.5,21.0,21.39,-0.3599999999999994,-1.6551724137931043,24548000.0
603619,20220614,21.1,23.53,21.09,23.53,2.140000000000001,10.004675081813929,19872640.0
603619,20220615,25.78,25.78,23.69,23.75,0.2199999999999988,0.9349766255843496,40177108.0
603619,20220616,23.61,23.72,21.73,22.18,-1.5700000000000005,-6.610526315789478,31744336.0
603619,20220617,22.18,22.58,21.68,21.95,-0.2300000000000004,-1.036970243462576,21584200.0
603619,20220620,20.48,20.48,19.76,19.76,-2.1899999999999977,-9.977220956719812,17418900.0
603619,20220621,19.71,19.96,19.21,19.67,-0.0899999999999998,-0.4554655870445345,21273100.0
603619,20220622,19.33,19.8,18.88,18.99,-0.6800000000000033,-3.457041179461129,17796100.0
603619,20220623,18.66,19.36,18.6,19.3,0.3100000000000023,1.632438125329139,15736100.0
603619,20220624,19.27,19.77,19.03,19.39,0.0899999999999998,0.4663212435233044,14787499.0
603619,20220627,19.56,20.31,19.55,20.2,0.8099999999999987,4.177411036616796,17606300.0
603619,20220628,20.54,21.11,20.19,20.96,0.7600000000000016,3.7623762376237657,18932401.0
603619,20220629,20.95,21.56,20.45,20.45,-0.5100000000000016,-2.4332061068702338,15169100.0
603619,20220630,20.44,20.85,20.4,20.57,0.120000000000001,0.5867970660146771,9956276.0
603619,20220701,20.02,20.43,19.83,19.88,-0.6900000000000013,-3.3543996110841134,11457402.0
603619,20220704,19.91,20.95,19.88,20.55,0.6700000000000017,3.370221327967826,13566290.0
603619,20220705,21.02,21.16,20.17,20.73,0.1799999999999997,0.8759124087591275,10701600.0
603619,20220706,19.39,19.6,18.79,18.98,-1.75,-8.441871683550406,19381700.0
603619,20220707,18.68,19.44,18.66,19.33,0.3499999999999978,1.8440463645942984,11630601.0
603619,20220708,19.58,19.77,18.94,19.05,-0.2799999999999976,-1.4485256078634157,7329100.0
603619,20220711,19.06,19.29,18.54,18.7,-0.3500000000000014,-1.8372703412073532,8305700.0
603619,20220712,18.82,18.82,18.15,18.36,-0.3399999999999998,-1.8181818181818188,7385128.0
603619,20220713,18.04,18.33,17.67,18.23,-0.129999999999999,-0.7080610021786393,10017262.0
603619,20220714,19.0,19.07,18.47,18.59,0.3599999999999994,1.974766867800315,13341300.0
603619,20220715,18.48,19.2,18.16,18.88,0.2899999999999991,1.559978483055402,10202543.0
603619,20220718,18.88,19.56,18.88,19.48,0.6000000000000014,3.177966101694918,11759376.0
603619,20220719,19.65,20.22,19.45,19.58,0.0999999999999978,0.5133470225872516,11979684.0
603619,20220720,19.77,19.88,19.34,19.62,0.0400000000000027,0.2042900919305479,8050062.0
603619,20220721,19.62,19.63,19.05,19.27,-0.3500000000000014,-1.7838939857288572,6704000.0
603619,20220722,19.16,19.32,18.8,18.95,-0.3200000000000003,-1.660612350804358,6140700.0
603619,20220725,18.98,19.28,18.8,19.03,0.0800000000000018,0.4221635883905117,5538036.0
603619,20220726,19.38,19.89,19.16,19.73,0.6999999999999993,3.678402522333158,9400815.0
603619,20220727,19.69,20.2,19.42,20.05,0.3200000000000003,1.6218955904713672,11322500.0
603619,20220728,20.3,20.58,20.08,20.53,0.4800000000000004,2.394014962593527,8881344.0
603619,20220729,20.36,20.6,19.88,19.99,-0.5400000000000027,-2.6302971261568553,7158500.0
603619,20220801,20.16,20.42,19.8,20.37,0.3800000000000025,1.9009504752376392,6916529.0
603619,20220802,19.88,20.13,19.25,19.98,-0.3900000000000005,-1.914580265095733,10863761.0
603619,20220803,19.8,20.05,18.95,19.05,-0.9299999999999996,-4.654654654654655,8841336.0
603619,20220804,18.74,19.34,18.55,19.05,0.0,0.0,8343808.0
603619,20220805,18.84,19.02,18.43,19.01,-0.0399999999999991,-0.2099737532808343,7807300.0
603619,20220808,18.9,19.02,18.46,18.83,-0.1800000000000032,-0.946870068385075,6970916.0
603619,20220809,18.89,19.34,18.79,19.06,0.2300000000000004,1.221455124800852,7945880.0
603619,20220810,19.01,20.16,18.96,19.95,0.8900000000000006,4.669464847848892,11557752.0
603619,20220811,19.99,20.09,19.77,19.84,-0.1099999999999994,-0.5513784461152804,6369828.0
603619,20220812,20.1,21.59,20.1,21.39,1.5500000000000007,7.8125,18130385.0
603619,20220815,21.24,21.66,20.63,21.3,-0.0899999999999998,-0.4207573632538541,14775500.0
603619,20220816,20.75,21.35,20.6,21.02,-0.2800000000000011,-1.3145539906103345,9128218.0
603619,20220817,20.82,21.02,20.61,20.73,-0.2899999999999991,-1.3796384395813432,7657300.0
603619,20220818,20.9,20.95,19.85,19.96,-0.7699999999999996,-3.714423540762179,11354883.0
603619,20220819,20.36,20.57,19.3,19.31,-0.6500000000000021,-3.2565130260521102,14164418.0
603619,20220822,19.39,19.53,18.97,19.33,0.0199999999999995,0.1035732780942488,9324718.0
603619,20220823,19.49,20.8,19.49,20.55,1.2200000000000024,6.311433005690659,18532585.0
603619,20220824,20.55,21.36,20.4,20.84,0.2899999999999991,1.4111922141119226,23589527.0
603619,20220825,21.2,22.58,20.88,22.49,1.6499999999999986,7.917466410748553,34024714.0
603619,20220826,22.22,22.45,21.51,21.67,-0.8199999999999967,-3.6460649177411986,19755564.0
603619,20220829,21.5,23.45,21.13,23.14,1.4699999999999989,6.783571758191043,20407334.0
603619,20220830,23.19,23.76,22.32,22.84,-0.3000000000000007,-1.2964563526361328,19090912.0
603619,20220831,22.09,22.1,20.56,21.15,-1.6900000000000013,-7.399299474605958,16689139.0
603619,20220901,21.28,22.0,21.21,21.6,0.4500000000000028,2.1276595744680993,9656727.0
603619,20220902,21.42,22.4,20.89,22.23,0.629999999999999,2.9166666666666563,10474813.0
603619,20220905,22.44,23.3,22.11,22.99,0.759999999999998,3.4188034188034067,17393326.0
603619,20220906,23.08,23.2,22.3,22.8,-0.1899999999999977,-0.8264462809917217,12347580.0
603619,20220907,22.2,22.63,21.8,22.34,-0.4600000000000008,-2.017543859649129,10380000.0
603619,20220908,21.58,22.3,21.4,21.97,-0.370000000000001,-1.6562220232766434,10185500.0
603619,20220909,21.9,22.77,21.43,22.36,0.3900000000000005,1.775147928994092,11330438.0
603619,20220913,22.9,22.95,22.2,22.49,0.129999999999999,0.5813953488372103,12249513.0
603619,20220914,21.97,24.1,21.77,23.48,0.990000000000002,4.401956425077813,21055613.0
603619,20220915,23.55,24.22,22.49,23.51,0.0300000000000011,0.1277683134582652,16848231.0
603619,20220916,23.0,23.0,22.36,22.36,-1.150000000000002,-4.891535516801371,11092163.0
603619,20220919,21.85,22.65,21.56,21.82,-0.5399999999999991,-2.415026833631484,8863869.0
603619,20220920,22.04,22.47,21.6,22.08,0.259999999999998,1.191567369385882,8649789.0
603619,20220921,21.95,22.46,21.08,22.34,0.2600000000000015,1.1775362318840576,11258465.0
603619,20220922,21.69,23.29,21.65,23.18,0.8399999999999999,3.760071620411809,15010674.0
603619,20220923,23.1,23.43,22.55,22.55,-0.629999999999999,-2.7178602243313144,11360856.0
603619,20220926,21.59,22.07,21.01,21.2,-1.3500000000000014,-5.986696230598676,11119361.0
603619,20220927,21.54,21.62,19.61,20.44,-0.759999999999998,-3.5849056603773466,13529855.0
603619,20220928,20.5,20.91,19.4,19.61,-0.8300000000000018,-4.060665362035232,10449801.0
603619,20220929,20.2,20.87,20.08,20.6,0.990000000000002,5.048444671086183,13108000.0
603619,20220930,20.62,21.12,20.23,20.83,0.2299999999999968,1.116504854368916,8056283.0
603619,20221010,22.5,22.91,22.03,22.5,1.6700000000000017,8.01728276524245,20187436.0
603619,20221011,22.09,22.49,21.53,22.17,-0.3299999999999983,-1.4666666666666606,12248430.0
603619,20221012,21.87,21.96,21.12,21.75,-0.4200000000000017,-1.8944519621109657,8750402.0
603619,20221013,21.5,22.5,21.21,22.26,0.5100000000000016,2.34482758620691,10222130.0
603619,20221014,22.41,22.5,21.81,22.1,-0.1600000000000001,-0.7187780772686447,10591279.0
603619,20221017,21.43,21.93,21.21,21.75,-0.3500000000000014,-1.5837104072398245,7187345.0
603619,20221018,21.6,21.94,20.86,20.92,-0.8299999999999983,-3.816091954022982,11643701.0
603619,20221019,20.51,20.82,20.18,20.26,-0.6600000000000001,-3.1548757170172137,7551965.0
603619,20221020,20.5,21.28,20.45,20.9,0.639999999999997,3.158933859822288,9894100.0
603619,20221021,20.71,20.74,20.22,20.46,-0.4399999999999977,-2.105263157894721,6623113.0
603619,20221024,20.7,21.43,20.5,21.1,0.6400000000000006,3.128054740957964,12806812.0
603619,20221025,21.27,21.27,20.0,20.81,-0.2900000000000027,-1.3744075829383973,11664756.0
603619,20221026,20.74,20.99,20.23,20.48,-0.3299999999999983,-1.5857760691974976,8251547.0
603619,20221027,20.81,20.99,20.4,20.55,0.0700000000000002,0.341796875,7567416.0
603619,20221028,20.61,20.74,19.87,19.99,-0.5600000000000023,-2.725060827250614,7572663.0
603619,20221031,19.81,20.13,18.45,18.58,-1.41,-7.05352676338169,15588788.0
603619,20221101,18.37,19.88,18.37,19.87,1.2900000000000027,6.94294940796556,12428408.0
603619,20221102,20.0,20.31,19.7,20.13,0.259999999999998,1.3085052843482492,6514715.0
603619,20221103,19.8,20.95,19.75,20.61,0.4800000000000004,2.3845007451564815,8309458.0
603619,20221104,20.45,20.99,20.4,20.92,0.3100000000000023,1.504124211547797,6324883.0
603619,20221107,21.2,22.88,21.08,22.69,1.7699999999999996,8.460803059273413,17542289.0
603619,20221108,22.52,23.04,22.5,22.7,0.009999999999998,0.0440722785367997,9891766.0
603619,20221109,22.43,22.78,22.01,22.32,-0.379999999999999,-1.6740088105726805,5769716.0
603619,20221110,21.43,21.94,21.43,21.72,-0.6000000000000014,-2.6881720430107614,5182951.0
603619,20221111,22.2,22.2,20.46,21.1,-0.6199999999999974,-2.854511970534057,18124004.0
603619,20221114,20.96,21.25,20.46,20.7,-0.4000000000000021,-1.8957345971564064,8511355.0
603619,20221115,20.39,20.6,20.16,20.52,-0.1799999999999997,-0.8695652173912993,9034595.0
603619,20221116,20.6,20.86,20.24,20.61,0.0899999999999998,0.4385964912280604,9758733.0
603619,20221117,20.12,20.36,19.72,19.96,-0.6499999999999986,-3.153808830664717,9331400.0
603619,20221118,19.8,19.95,19.55,19.57,-0.3900000000000005,-1.9539078156312617,8749078.0
603619,20221121,19.29,19.5,19.0,19.5,-0.0700000000000002,-0.3576903423607613,8094172.0
603619,20221122,19.5,19.92,19.3,19.31,-0.1900000000000012,-0.9743589743589798,11292654.0
603619,20221123,19.66,19.9,19.3,19.65,0.3399999999999998,1.760745727602275,9589983.0
603619,20221124,19.06,19.8,19.05,19.56,-0.0899999999999998,-0.458015267175571,8400397.0
603619,20221125,19.46,19.92,19.31,19.65,0.0899999999999998,0.4601226993865115,7051402.0
603619,20221128,19.35,19.45,18.88,19.3,-0.3499999999999978,-1.781170483460548,6930980.0
603619,20221129,19.28,19.75,19.12,19.51,0.2100000000000008,1.0880829015543991,6209724.0
603619,20221130,19.69,20.24,19.55,20.0,0.4899999999999984,2.5115325474115657,10800567.0
603619,20221201,20.17,20.35,19.73,19.77,-0.2300000000000004,-1.1500000000000066,9832737.0
603619,20221202,19.9,20.45,19.7,20.32,0.5500000000000007,2.7819929185634917,12646386.0
603619,20221205,19.98,19.99,19.41,19.58,-0.740000000000002,-3.641732283464571,12838463.0
603619,20221206,19.27,19.39,18.88,19.35,-0.2299999999999968,-1.1746680286006006,9294749.0
603619,20221207,19.09,19.21,18.93,19.17,-0.1799999999999997,-0.930232558139532,5679633.0
603619,20221208,19.0,19.14,18.7,18.89,-0.2800000000000011,-1.46061554512259,7686079.0
603619,20221209,18.88,18.89,18.61,18.89,0.0,0.0,4551350.0
603619,20221212,18.85,18.9,18.45,18.49,-0.4000000000000021,-2.1175224986765606,4991231.0
603619,20221213,18.65,18.84,18.39,18.55,0.0600000000000022,0.3244997295835716,5046292.0
603619,20221214,18.63,18.69,18.46,18.66,0.1099999999999994,0.5929919137466211,3653046.0
603619,20221215,18.82,18.92,18.53,18.59,-0.0700000000000002,-0.37513397642015,3143400.0
603619,20221216,18.48,18.48,17.95,18.01,-0.5799999999999983,-3.119956966110804,5903000.0
603619,20221219,17.63,17.94,16.92,17.88,-0.1300000000000025,-0.7218212104386557,8345970.0
603619,20221220,17.76,17.92,17.51,17.66,-0.2199999999999988,-1.230425055928408,3420484.0
603619,20221221,17.62,17.88,17.41,17.6,-0.0599999999999987,-0.3397508493771184,3739828.0
603619,20221222,17.8,17.9,16.98,17.05,-0.5500000000000007,-3.125,5153660.0
603619,20221223,16.91,17.28,16.8,17.1,0.0500000000000007,0.2932551319648091,5359800.0
603619,20221226,17.29,18.1,17.2,18.03,0.9299999999999996,5.438596491228065,7617893.0
603619,20221227,18.03,18.34,17.78,18.07,0.0399999999999991,0.2218524681087075,4035100.0
603619,20221228,18.09,18.36,17.95,18.09,0.0199999999999995,0.1106806862202436,4427364.0
603619,20221229,18.0,18.08,17.79,18.01,-0.0799999999999983,-0.4422332780541604,3341250.0
603619,20221230,18.09,18.12,17.79,17.93,-0.0800000000000018,-0.4441976679622539,3250400.0
603619,20230103,18.01,18.25,17.95,18.15,0.2199999999999988,1.2269938650306678,3692600.0
603619,20230104,17.93,17.99,17.5,17.55,-0.5999999999999979,-3.305785123966931,5951937.0
603619,20230105,17.35,17.57,17.28,17.4,-0.1500000000000021,-0.8547008547008628,5440584.0
603619,20230106,17.45,17.65,17.37,17.46,0.0600000000000022,0.3448275862069083,4274244.0
603619,20230109,17.54,17.88,17.47,17.66,0.1999999999999993,1.145475372279492,4017541.0
603619,20230110,17.63,17.97,17.63,17.75,0.0899999999999998,0.5096262740656776,4084941.0
603619,20230111,17.8,17.87,17.35,17.58,-0.1700000000000017,-0.9577464788732448,7987569.0
603619,20230112,17.8,18.18,17.59,17.98,0.4000000000000021,2.2753128555176527,7090035.0
603619,20230113,18.06,18.49,17.89,17.98,0.0,0.0,6747293.0
603619,20230116,17.98,18.68,17.96,18.54,0.5599999999999987,3.114571746384875,8316429.0
603619,20230117,18.65,18.72,18.18,18.35,-0.1899999999999977,-1.024811218985966,3979711.0
603619,20230118,18.53,19.5,18.52,19.38,1.0299999999999976,5.613079019073552,12858153.0
603619,20230119,19.2,19.25,18.83,18.9,-0.4800000000000004,-2.4767801857585203,6447820.0
603619,20230120,19.19,19.81,18.95,19.56,0.6600000000000001,3.492063492063502,10004413.0
603619,20230130,19.56,19.87,19.34,19.5,-0.0599999999999987,-0.3067484662576669,7924017.0
603619,20230131,19.2,19.65,19.14,19.6,0.1000000000000014,0.512820512820511,7068173.0
603619,20230201,19.6,19.68,19.38,19.6,0.0,0.0,7724928.0
603619,20230202,19.45,19.58,19.16,19.45,-0.1500000000000021,-0.7653061224489943,7819379.0
603619,20230203,19.25,19.44,18.9,19.16,-0.2899999999999991,-1.4910025706940775,7030206.0
603619,20230206,19.04,19.25,18.95,19.0,-0.1600000000000001,-0.8350730688935326,4990523.0
603619,20230207,19.0,19.24,18.95,19.16,0.1600000000000001,0.8421052631578885,4286005.0
603619,20230208,19.74,19.77,19.24,19.25,0.0899999999999998,0.4697286012526058,8438300.0
603619,20230209,19.25,19.47,19.12,19.23,-0.0199999999999995,-0.1038961038961061,4501713.0
603619,20230210,19.12,19.17,18.72,18.85,-0.379999999999999,-1.976079043161716,5280512.0
603619,20230213,19.23,19.49,19.04,19.07,0.2199999999999988,1.1671087533156488,7222300.0
603619,20230214,19.07,19.33,19.05,19.16,0.0899999999999998,0.4719454640797149,3844290.0
603619,20230215,19.12,19.16,18.85,18.9,-0.2600000000000015,-1.3569937369519949,3446900.0
603619,20230216,18.88,19.08,18.31,18.47,-0.4299999999999997,-2.2751322751322745,5423258.0
603619,20230217,18.35,18.93,18.35,18.7,0.2300000000000004,1.2452625879805224,4195316.0
603619,20230220,18.58,18.8,18.53,18.72,0.0199999999999995,0.1069518716577455,3885774.0
603619,20230221,18.78,19.09,18.63,18.84,0.120000000000001,0.6410256410256387,3651400.0
603619,20230222,18.73,19.07,18.61,18.8,-0.0399999999999991,-0.2123142250530785,2991100.0
603619,20230223,19.03,19.29,18.83,18.93,0.129999999999999,0.6914893617021134,5425365.0
603619,20230224,19.13,19.3,18.96,19.1,0.1700000000000017,0.8980454305335561,6261093.0
603619,20230227,19.1,19.63,19.05,19.32,0.2199999999999988,1.1518324607329822,6456885.0
603619,20230228,19.32,19.4,19.01,19.25,-0.0700000000000002,-0.3623188405797117,3680400.0
603619,20230301,19.25,19.36,19.12,19.24,-0.0100000000000015,-0.0519480519480586,4781728.0
603619,20230302,19.24,19.28,18.97,19.0,-0.2399999999999984,-1.2474012474012364,7307900.0
603619,20230303,19.0,19.15,18.73,18.88,-0.120000000000001,-0.6315789473684275,6140735.0
603619,20230306,19.15,19.3,18.85,19.02,0.1400000000000005,0.741525423728806,5817894.0
603619,20230307,19.12,20.15,19.12,19.81,0.7899999999999991,4.153522607781279,20135497.0
603619,20230308,19.37,19.37,18.61,18.79,-1.0199999999999996,-5.1489146895507325,15281302.0
603619,20230309,18.6,18.97,18.4,18.43,-0.3599999999999994,-1.915912719531665,9594663.0
603619,20230310,18.3,18.45,17.89,17.89,-0.5399999999999991,-2.9300054259359665,6497927.0
603619,20230313,18.25,18.75,17.99,18.29,0.3999999999999986,2.235885969815521,12027286.0
603619,20230314,18.01,18.07,16.98,17.02,-1.2699999999999996,-6.943685073810824,20459917.0
603619,20230315,16.96,17.58,16.9,17.48,0.4600000000000008,2.7027027027026973,10314563.0
603619,20230316,16.91,17.12,16.76,16.79,-0.6900000000000013,-3.947368421052644,9185031.0
603619,20230317,16.85,17.57,16.77,17.12,0.3300000000000018,1.9654556283502211,8860062.0
603619,20230320,17.14,17.31,16.8,16.9,-0.2200000000000024,-1.2850467289719725,6448200.0
603619,20230321,17.02,17.17,16.71,17.08,0.1799999999999997,1.0650887573964374,5741404.0
603619,20230322,17.14,17.33,17.01,17.16,0.0800000000000018,0.4683840749414525,4751900.0
603619,20230323,17.12,17.24,16.95,17.09,-0.0700000000000002,-0.4079254079254135,3980634.0
603619,20230324,16.99,17.03,16.39,16.52,-0.5700000000000003,-3.335283791691046,12701700.0
603619,20230327,16.54,16.57,16.13,16.47,-0.0500000000000007,-0.3026634382566673,6198715.0
603619,20230328,16.95,17.2,16.64,16.81,0.3399999999999998,2.064359441408614,14896210.0
603619,20230329,16.72,16.73,16.23,16.42,-0.389999999999997,-2.320047590719787,8552169.0
603619,20230330,15.74,16.17,15.74,16.15,-0.2700000000000031,-1.6443361753958774,7655370.0
603619,20230331,16.05,16.4,16.02,16.27,0.120000000000001,0.7430340557275539,4334590.0
603619,20230403,17.2,17.5,16.8,17.01,0.740000000000002,4.548248309772607,22257398.0
603619,20230404,17.3,17.49,16.78,16.81,-0.2000000000000028,-1.1757789535567498,14895218.0
603619,20230406,16.57,16.77,16.16,16.72,-0.0899999999999998,-0.5353955978584124,7816700.0
603619,20230407,16.75,16.76,16.52,16.63,-0.0899999999999998,-0.5382775119617267,4839031.0
603619,20230410,16.66,16.75,16.41,16.65,0.0199999999999995,0.1202645820805647,5925018.0
603619,20230411,16.59,16.76,16.33,16.73,0.0800000000000018,0.480480480480483,4740840.0
603619,20230412,16.78,17.14,16.77,17.08,0.3499999999999978,2.092050209204998,6558496.0
603619,20230413,17.15,17.54,17.02,17.12,0.0400000000000027,0.2341920374707484,11084978.0
603619,20230414,17.12,17.54,16.94,17.38,0.259999999999998,1.5186915887850372,9130425.0
603619,20230417,17.29,17.87,17.26,17.67,0.2900000000000027,1.668584579977006,9608453.0
603619,20230418,17.56,17.68,17.38,17.68,0.009999999999998,0.056593095642321,6369059.0
603619,20230419,17.68,17.68,17.4,17.5,-0.1799999999999997,-1.0180995475113086,4960156.0
603619,20230420,18.3,18.57,17.93,18.13,0.629999999999999,3.600000000000003,21844946.0
603619,20230421,18.11,18.18,17.3,17.35,-0.7799999999999976,-4.302261445118571,13846520.0
603619,20230424,17.35,17.6,17.0,17.33,-0.0200000000000031,-0.1152737752161514,7599500.0
603619,20230425,17.3,17.68,17.04,17.36,0.0300000000000011,0.1731102135026141,8463620.0
603619,20230426,17.12,17.48,16.91,17.41,0.0500000000000007,0.2880184331797375,5147957.0
603619,20230427,17.17,17.3,16.93,17.16,-0.25,-1.4359563469270586,5734236.0
603619,20230428,17.5,18.38,17.47,18.03,0.870000000000001,5.069930069930084,12799405.0
603619,20230504,17.4,17.7,16.97,17.62,-0.4100000000000001,-2.273987798114252,11424640.0
603619,20230505,17.43,17.46,16.77,17.17,-0.4499999999999993,-2.553916004540291,9617218.0
603619,20230508,17.46,17.74,17.34,17.51,0.3399999999999998,1.980198019801982,8523486.0
603619,20230509,17.54,17.64,16.96,16.98,-0.5300000000000011,-3.0268418046830448,8677700.0
603619,20230510,16.95,16.96,16.65,16.81,-0.1700000000000017,-1.0011778563015383,5428256.0
603619,20230511,16.81,16.93,16.64,16.74,-0.0700000000000002,-0.4164187983343281,3159700.0
603619,20230512,16.66,16.75,16.37,16.4,-0.3399999999999998,-2.0310633213859064,3957800.0
603619,20230515,16.28,16.41,16.02,16.37,-0.0299999999999975,-0.1829268292682817,5972014.0
603619,20230516,16.45,17.48,16.4,16.98,0.6099999999999994,3.726328649969446,10556785.0
603619,20230517,16.85,17.2,16.61,17.04,0.0599999999999987,0.3533568904593664,4995107.0
603619,20230518,17.17,17.54,17.08,17.2,0.1600000000000001,0.938967136150226,5088197.0
603619,20230519,17.11,17.4,16.94,17.33,0.129999999999999,0.7558139534883601,4714074.0
603619,20230522,17.2,17.27,17.0,17.18,-0.1499999999999985,-0.8655510675129707,2971793.0
603619,20230523,17.18,17.27,17.05,17.09,-0.0899999999999998,-0.5238649592549494,2602072.0
603619,20230524,17.16,17.32,17.0,17.25,0.1600000000000001,0.9362200117027486,3553461.0
603619,20230525,17.2,17.22,16.82,17.08,-0.1700000000000017,-0.9855072463768266,3701726.0
603619,20230526,16.88,16.98,16.71,16.84,-0.2399999999999984,-1.4051522248243464,2547000.0
603619,20230529,16.89,17.09,16.82,16.86,0.0199999999999995,0.11876484560569,2711400.0
603619,20230530,16.85,16.88,16.6,16.8,-0.0599999999999987,-0.3558718861209842,2558200.0
603619,20230531,16.72,16.72,16.17,16.21,-0.5899999999999999,-3.5119047619047605,5832300.0
603619,20230601,16.09,16.34,16.04,16.29,0.0799999999999983,0.4935225169648172,5416281.0
603619,20230602,16.34,16.67,16.33,16.62,0.3300000000000018,2.02578268876612,3869679.0
603619,20230605,16.66,17.16,16.66,16.77,0.1499999999999985,0.902527075812265,3609628.0
603619,20230606,16.76,16.76,16.25,16.32,-0.4499999999999993,-2.683363148479423,3675147.0
603619,20230607,16.3,16.44,16.16,16.23,-0.0899999999999998,-0.5514705882352922,2203298.0
603619,20230608,16.36,16.44,16.19,16.23,0.0,0.0,2073846.0
603619,20230609,16.2,16.32,16.07,16.18,-0.0500000000000007,-0.3080714725816391,2318500.0
603619,20230612,16.09,16.15,15.79,16.0,-0.1799999999999997,-1.1124845488257096,3861900.0
603619,20230613,15.79,15.92,15.73,15.85,-0.1500000000000003,-0.9375000000000022,3659136.0
603619,20230614,15.95,16.05,15.74,15.77,-0.08,-0.5047318611987373,3529001.0
603619,20230615,15.6,16.04,15.5,15.97,0.200000000000001,1.2682308180088864,5810553.0
603619,20230616,16.09,16.85,16.02,16.6,0.6300000000000008,3.944896681277399,8262983.0
603619,20230619,16.54,16.58,16.35,16.43,-0.1700000000000017,-1.0240963855421836,3592761.0
603619,20230620,16.43,16.6,16.28,16.36,-0.0700000000000002,-0.4260499087035962,3123060.0
603619,20230621,16.28,17.23,16.28,16.69,0.3300000000000018,2.017114914425444,6825664.0
603619,20230626,16.64,16.8,16.2,16.26,-0.4299999999999997,-2.5763930497303744,4159000.0
603619,20230627,16.26,16.71,16.21,16.7,0.4399999999999977,2.7060270602705883,4349997.0
603619,20230628,16.55,16.85,16.48,16.81,0.1099999999999994,0.6586826347305452,3386682.0
603619,20230629,16.7,16.79,16.56,16.72,-0.0899999999999998,-0.5353955978584124,3693400.0
603619,20230630,16.63,16.97,16.53,16.92,0.2000000000000028,1.1961722488038395,4367900.0
603619,20230703,16.88,17.33,16.85,17.18,0.259999999999998,1.5366430260047137,5230835.0
603619,20230704,17.2,17.44,17.08,17.31,0.129999999999999,0.7566938300349157,5005665.0
603619,20230705,17.32,17.42,17.14,17.26,-0.0499999999999971,-0.2888503755054672,3245685.0
603619,20230706,17.23,17.35,17.13,17.31,0.0499999999999971,0.2896871378910592,3519983.0
603619,20230707,17.23,17.43,17.18,17.39,0.0800000000000018,0.4621606008087919,3337205.0
603619,20230710,17.55,17.83,17.4,17.45,0.0599999999999987,0.3450258769407632,3551500.0
603619,20230711,17.44,17.58,17.28,17.55,0.1000000000000014,0.5730659025787954,2986200.0
603619,20230712,17.64,17.88,17.57,17.69,0.1400000000000005,0.7977207977208023,5250985.0
603619,20230713,17.72,18.98,17.7,18.6,0.91,5.144149236856976,13614823.0
603619,20230714,18.98,20.46,18.68,20.46,1.8599999999999992,9.999999999999986,29103302.0
603619,20230717,20.2,20.33,19.6,19.89,-0.5700000000000003,-2.7859237536656867,13375451.0
603619,20230718,19.89,19.99,19.3,19.45,-0.4400000000000013,-2.2121669180492742,9786907.0
603619,20230719,19.93,20.69,19.68,20.41,0.9600000000000009,4.9357326478149055,18513379.0
603619,20230720,20.13,20.39,19.5,19.55,-0.8599999999999994,-4.213620774130322,11965300.0
603619,20230721,19.72,19.88,19.34,19.45,-0.1000000000000014,-0.5115089514066584,7424212.0
603619,20230724,19.38,19.73,19.03,19.46,0.0100000000000015,0.0514138817480747,5645500.0
603619,20230725,19.92,20.26,19.78,19.9,0.4399999999999977,2.261048304213764,9795224.0
603619,20230726,20.02,20.3,19.74,20.0,0.1000000000000014,0.5025125628140836,6771634.0
603619,20230727,20.0,20.17,19.63,19.74,-0.2600000000000015,-1.3000000000000125,6171207.0
603619,20230728,19.69,19.93,19.47,19.86,0.120000000000001,0.6079027355623046,5876009.0
603619,20230731,19.7,20.46,19.69,20.32,0.4600000000000008,2.316213494461228,10157346.0
603619,20230801,20.49,21.68,20.47,21.2,0.879999999999999,4.330708661417315,13792894.0
603619,20230802,21.28,21.38,20.89,21.21,0.0100000000000015,0.0471698113207574,7545293.0
603619,20230803,20.91,21.13,20.66,21.02,-0.1900000000000012,-0.8958038661008971,6566020.0
603619,20230804,21.31,21.6,20.6,20.86,-0.1600000000000001,-0.7611798287345373,6475127.0
603619,20230807,21.0,21.05,20.48,20.66,-0.1999999999999993,-0.9587727708533,4360740.0
603619,20230808,20.52,20.56,20.2,20.42,-0.2399999999999984,-1.1616650532429773,3505000.0
603619,20230809,20.44,20.54,20.09,20.25,-0.1700000000000017,-0.832517140058775,4170200.0
603619,20230810,20.65,20.94,20.3,20.7,0.4499999999999993,2.2222222222222143,7564150.0
603619,20230811,20.5,20.62,20.27,20.34,-0.3599999999999994,-1.7391304347826098,5141075.0
603619,20230814,20.22,20.78,20.03,20.19,-0.1499999999999985,-0.7374631268436516,4687641.0
603619,20230815,20.29,20.5,19.82,20.0,-0.1900000000000012,-0.9410599306587496,4327200.0
603619,20230816,19.95,19.99,19.6,19.6,-0.3999999999999986,-1.999999999999991,5201500.0
603619,20230817,19.55,19.87,19.39,19.84,0.2399999999999984,1.2244897959183598,3813500.0
603619,20230818,19.83,20.09,19.72,19.72,-0.120000000000001,-0.6048387096774244,3618400.0
603619,20230821,19.83,20.1,19.6,19.66,-0.0599999999999987,-0.3042596348884263,3313174.0
603619,20230822,19.63,19.83,19.41,19.8,0.1400000000000005,0.7121057985757906,3390300.0
603619,20230823,19.63,19.73,19.34,19.34,-0.4600000000000008,-2.323232323232327,3167600.0
603619,20230824,19.37,19.5,19.16,19.33,-0.0100000000000015,-0.0517063081696078,2578365.0
603619,20230825,19.22,19.49,19.1,19.17,-0.1599999999999966,-0.8277289187790804,2776500.0
603619,20230828,19.99,19.99,19.32,19.49,0.3199999999999967,1.6692749087115155,5269200.0
603619,20230829,19.49,19.49,19.11,19.44,-0.0499999999999971,-0.2565418163160471,6140300.0
603619,20230830,19.44,19.6,19.03,19.51,0.0700000000000002,0.3600823045267542,5421400.0
603619,20230831,19.61,19.8,19.33,19.44,-0.0700000000000002,-0.3587903639159395,3911400.0
603619,20230901,19.55,19.81,19.18,19.58,0.139999999999997,0.7201646090534863,5802247.0
603619,20230904,19.98,21.22,19.82,20.67,1.0900000000000034,5.566905005107281,15517586.0
603619,20230905,20.68,20.92,20.33,20.73,0.0599999999999987,0.2902757619738683,8070488.0
603619,20230906,21.77,21.98,20.77,21.11,0.379999999999999,1.8330921369995143,16990222.0
603619,20230907,21.1,22.05,20.81,21.6,0.490000000000002,2.32117479867362,16318213.0
603619,20230908,21.0,21.06,20.27,20.65,-0.9500000000000028,-4.398148148148162,12957399.0
603619,20230911,20.84,21.36,20.52,21.02,0.370000000000001,1.7917675544794287,9397034.0
603619,20230912,20.89,21.16,20.74,20.77,-0.25,-1.18934348239772,5343400.0
603619,20230913,21.3,21.8,21.13,21.45,0.6799999999999997,3.2739528165623533,15805951.0
603619,20230914,21.3,22.28,21.25,21.75,0.3000000000000007,1.3986013986013957,13908740.0
603619,20230915,22.17,23.29,21.93,22.72,0.9699999999999988,4.459770114942518,25205591.0
603619,20230918,22.71,22.71,21.7,21.8,-0.9199999999999982,-4.049295774647876,13619136.0
603619,20230919,21.87,22.3,21.67,21.74,-0.0600000000000022,-0.275229357798179,9781300.0
603619,20230920,21.44,21.72,21.13,21.19,-0.5499999999999972,-2.5298988040478254,9820473.0
603619,20230921,21.01,21.12,20.56,20.83,-0.360000000000003,-1.698914582350175,7044149.0
603619,20230922,20.92,21.04,20.55,20.73,-0.0999999999999978,-0.4800768122899534,5334831.0
603619,20230925,20.68,21.09,20.53,20.76,0.0300000000000011,0.14471780028944,5326261.0
603619,20230926,20.77,21.09,20.54,20.6,-0.1600000000000001,-0.770712909441229,5843423.0
603619,20230927,20.94,21.34,20.72,21.11,0.509999999999998,2.475728155339807,9016965.0
603619,20230928,21.72,22.3,21.55,21.79,0.6799999999999997,3.2212221695878673,14444826.0
603619,20231009,21.0,21.35,20.0,20.65,-1.1400000000000006,-5.231757687012395,19565268.0
603619,20231010,20.76,21.29,20.17,20.2,-0.4499999999999993,-2.1791767554479424,17594442.0
603619,20231011,20.0,20.0,19.32,19.39,-0.8099999999999987,-4.009900990099002,12335594.0
603619,20231012,19.35,19.5,19.19,19.43,0.0399999999999991,0.2062919030427989,10382500.0
603619,20231013,19.42,19.74,19.16,19.7,0.2699999999999996,1.3896037056098764,8391982.0
603619,20231016,20.2,21.67,20.06,21.67,1.9700000000000024,10.000000000000009,24001671.0
603619,20231017,21.78,23.84,21.52,23.32,1.6499999999999986,7.614213197969533,42659908.0
603619,20231018,22.96,23.5,22.37,22.58,-0.740000000000002,-3.173241852487141,23651202.0
603619,20231019,22.55,22.64,21.27,21.34,-1.2399999999999984,-5.491585473870675,17985500.0
603619,20231020,21.7,21.9,20.71,21.04,-0.3000000000000007,-1.4058106841612017,15696334.0
603619,20231023,20.37,20.48,20.07,20.2,-0.8399999999999999,-3.9923954372623527,12985067.0
603619,20231024,19.9,20.63,19.88,20.31,0.1099999999999994,0.544554455445545,11964741.0
603619,20231025,20.19,20.32,19.6,19.99,-0.3200000000000003,-1.5755785327424945,13889782.0
603619,20231026,20.15,20.25,19.56,20.02,0.0300000000000011,0.1500750375187598,9771535.0
603619,20231027,19.8,20.88,19.6,20.86,0.8399999999999999,4.195804195804187,11811301.0
603619,20231030,20.68,21.23,20.65,21.16,0.3000000000000007,1.4381591562799612,9972121.0
603619,20231031,20.9,21.01,20.35,20.46,-0.6999999999999993,-3.3081285444234387,8852622.0
603619,20231101,20.55,20.6,19.94,20.1,-0.3599999999999994,-1.7595307917888547,6449100.0
603619,20231102,20.83,20.88,20.19,20.53,0.4299999999999997,2.1393034825870627,10729302.0
603619,20231103,20.55,20.84,20.37,20.71,0.1799999999999997,0.8767657087189518,8566568.0
603619,20231106,20.38,20.38,19.95,20.1,-0.6099999999999994,-2.9454369869628128,13065899.0
603619,20231107,19.91,20.19,19.63,20.05,-0.0500000000000007,-0.248756218905477,10538222.0
603619,20231108,19.51,19.94,19.41,19.8,-0.25,-1.2468827930174564,9522000.0
603619,20231109,19.69,20.09,19.67,19.97,0.1699999999999981,0.8585858585858475,7932987.0
603619,20231110,20.04,20.09,19.8,20.0,0.0300000000000011,0.1502253380070151,5092824.0
603619,20231113,20.0,20.33,19.9,20.21,0.2100000000000008,1.0499999999999954,5775573.0
603619,20231114,20.25,20.28,19.95,20.15,-0.0600000000000022,-0.2968827313211353,4680304.0
603619,20231115,20.14,20.38,20.1,20.24,0.0899999999999998,0.4466501240694809,5501000.0
603619,20231116,20.0,20.34,20.0,20.06,-0.1799999999999997,-0.8893280632411016,4021069.0
603619,20231117,19.88,19.91,19.7,19.81,-0.25,-1.2462612163509523,4104303.0
603619,20231120,20.01,20.48,19.94,20.45,0.6400000000000006,3.230691569914179,7130607.0
603619,20231121,20.55,20.85,20.22,20.23,-0.2199999999999988,-1.0757946210268932,5895673.0
603619,20231122,20.23,20.37,19.77,19.78,-0.4499999999999993,-2.2244191794364765,6026500.0
603619,20231123,19.67,20.08,19.61,19.96,0.1799999999999997,0.9100101112234472,3512219.0
603619,20231124,19.95,20.1,19.6,19.74,-0.2200000000000024,-1.102204408817642,3773031.0
603619,20231127,19.66,19.77,19.5,19.52,-0.2199999999999988,-1.1144883485308954,4219969.0
603619,20231128,19.52,19.67,19.32,19.61,0.0899999999999998,0.4610655737704805,2815084.0
603619,20231129,19.7,19.77,19.5,19.6,-0.009999999999998,-0.0509943906170207,2349601.0
603619,20231130,19.71,19.71,19.37,19.59,-0.0100000000000015,-0.0510204081632714,3317900.0
603619,20231201,19.38,19.53,19.15,19.43,-0.1600000000000001,-0.8167432363450744,4540378.0
603619,20231204,19.42,19.6,19.16,19.17,-0.259999999999998,-1.3381369016983946,3780543.0
603619,20231205,19.16,19.19,18.75,18.75,-0.4200000000000017,-2.1909233176838905,3915221.0
603619,20231206,18.76,19.07,18.73,18.88,0.129999999999999,0.6933333333333236,2973479.0
603619,20231207,18.92,18.92,18.4,18.47,-0.4100000000000001,-2.1716101694915224,4645800.0
603619,20231208,18.45,18.74,18.45,18.46,-0.009999999999998,-0.0541418516513125,2769500.0
603619,20231211,18.52,18.86,18.23,18.85,0.3900000000000005,2.112676056338026,3780600.0
603619,20231212,18.79,18.86,18.62,18.73,-0.120000000000001,-0.6366047745358094,3470700.0
603619,20231213,18.63,18.72,18.29,18.29,-0.4400000000000013,-2.34917245061399,4431989.0
603619,20231214,18.53,18.6,18.27,18.29,0.0,0.0,2107614.0
603619,20231215,18.55,18.64,18.17,18.27,-0.0199999999999995,-0.1093493712411075,3377014.0
603619,20231218,18.26,18.38,18.04,18.09,-0.1799999999999997,-0.985221674876846,2888023.0
603619,20231219,18.27,18.29,17.89,18.02,-0.0700000000000002,-0.3869541182974001,3408000.0
603619,20231220,18.15,18.34,17.97,18.01,-0.009999999999998,-0.0554938956714656,3650100.0
603619,20231221,17.92,18.17,17.74,18.14,0.129999999999999,0.7218212104386446,2516400.0
603619,20231222,18.1,18.45,18.05,18.23,0.0899999999999998,0.4961411245865577,3497250.0
603619,20231225,18.15,18.16,17.65,17.98,-0.25,-1.371365880416897,3740600.0
603619,20231226,18.0,18.28,17.97,18.02,0.0399999999999991,0.2224694104560498,4308500.0
603619,20231227,18.19,18.45,18.11,18.42,0.4000000000000021,2.219755826859049,5413938.0
603619,20231228,18.23,18.4,17.96,18.33,-0.0900000000000034,-0.4885993485342244,6648955.0
603619,20231229,18.18,18.52,18.12,18.52,0.1900000000000012,1.0365521003818934,4935089.0
603619,20240102,18.45,19.02,18.41,18.83,0.3099999999999987,1.673866090712739,6289597.0
603619,20240103,18.76,18.89,18.61,18.85,0.0200000000000031,0.1062134891131272,4642338.0
603619,20240104,19.28,19.45,18.93,19.13,0.2799999999999976,1.4854111405835368,10135959.0
603619,20240105,19.29,19.29,18.77,18.81,-0.3200000000000003,-1.672765290120226,6699647.0
603619,20240108,18.81,18.83,18.33,18.33,-0.4800000000000004,-2.551834130781505,4281439.0
603619,20240109,18.31,18.69,18.07,18.38,0.0500000000000007,0.2727768685215626,4191200.0
603619,20240110,18.31,18.55,18.31,18.43,0.0500000000000007,0.2720348204570122,3723700.0
603619,20240111,18.4,18.62,18.27,18.57,0.1400000000000005,0.7596310363537695,2869657.0
603619,20240112,18.6,19.32,18.6,18.99,0.4199999999999981,2.261712439418418,8184482.0
603619,20240115,18.78,19.1,18.49,18.93,-0.0599999999999987,-0.3159557661927215,6253800.0
603619,20240116,18.76,18.92,18.52,18.9,-0.0300000000000011,-0.1584786053882791,4644700.0
603619,20240117,18.86,19.14,18.32,18.33,-0.5700000000000003,-3.0158730158730163,6036802.0
603619,20240118,18.11,18.27,17.72,18.24,-0.0899999999999998,-0.4909983633387904,7189071.0
603619,20240119,18.27,18.36,18.12,18.23,-0.009999999999998,-0.0548245614034992,2878180.0
603619,20240122,18.07,18.25,16.85,16.9,-1.3300000000000018,-7.2956664838178975,7373200.0
603619,20240123,17.05,17.38,16.87,17.27,0.370000000000001,2.189349112426031,4234378.0
603619,20240124,17.31,17.78,17.11,17.77,0.5,2.895193977996535,4526506.0
603619,20240125,17.77,19.32,17.77,19.13,1.3599999999999994,7.653348339898702,8989999.0
603619,20240126,19.26,19.7,18.92,19.41,0.2800000000000011,1.463669628855202,8921952.0
603619,20240129,19.26,19.66,19.01,19.16,-0.25,-1.287995878413184,7373743.0
603619,20240130,18.79,19.2,18.44,18.68,-0.4800000000000004,-2.5052192066805867,5946100.0
603619,20240131,18.7,18.7,17.93,18.12,-0.5599999999999987,-2.997858672376863,5459582.0
603619,20240201,18.04,18.09,17.28,17.8,-0.3200000000000003,-1.7660044150110354,5809173.0
603619,20240202,17.63,17.99,16.86,17.49,-0.3100000000000023,-1.7415730337078772,6710414.0
603619,20240205,17.38,17.38,16.16,16.96,-0.5299999999999976,-3.0303030303030165,8065600.0
603619,20240206,16.72,18.0,16.3,17.7,0.7399999999999984,4.363207547169812,6632397.0
603619,20240207,17.69,18.35,17.56,17.94,0.240000000000002,1.3559322033898311,5676653.0
603619,20240208,17.9,18.64,17.66,18.53,0.5899999999999999,3.2887402452619785,7264862.0
603619,20240219,18.76,19.33,18.53,19.3,0.7699999999999996,4.155423637344846,9398252.0
603619,20240220,19.22,19.5,18.92,19.31,0.009999999999998,0.0518134715025819,5388137.0
603619,20240221,19.28,19.57,19.08,19.2,-0.1099999999999994,-0.5696530295183799,7929403.0
603619,20240222,19.17,19.79,19.17,19.68,0.4800000000000004,2.5000000000000133,7140673.0
603619,20240223,19.69,19.77,19.06,19.32,-0.3599999999999994,-1.8292682926829285,10775197.0
603619,20240226,19.13,19.62,19.05,19.24,-0.0800000000000018,-0.4140786749482483,5738895.0
603619,20240227,19.18,19.58,19.08,19.54,0.3000000000000007,1.559251559251562,5446750.0
603619,20240228,19.65,19.65,18.89,18.93,-0.6099999999999994,-3.121801432958027,6815693.0
603619,20240229,18.95,19.36,18.86,19.29,0.3599999999999994,1.9017432646592616,5619244.0
603619,20240301,19.35,19.64,19.22,19.5,0.2100000000000008,1.0886469673405896,5330904.0
603619,20240304,19.7,20.28,19.66,20.22,0.7199999999999989,3.692307692307683,11414020.0
603619,20240305,20.1,20.28,19.82,20.22,0.0,0.0,7908192.0
603619,20240306,20.22,21.55,20.06,21.3,1.0800000000000018,5.341246290801194,17305759.0
603619,20240307,21.15,22.12,21.1,21.48,0.1799999999999997,0.8450704225352101,15497245.0
603619,20240308,21.45,21.85,21.05,21.68,0.1999999999999993,0.9310986964618184,11268316.0
603619,20240311,21.4,21.52,20.96,21.38,-0.3000000000000007,-1.3837638376383743,11771773.0
603619,20240312,21.34,21.38,20.6,20.86,-0.5199999999999996,-2.4321796071094415,11752163.0
603619,20240313,20.8,21.04,20.64,20.94,0.0800000000000018,0.3835091083413289,6958522.0
603619,20240314,21.15,21.46,20.78,21.22,0.2799999999999976,1.3371537726838412,12842749.0
603619,20240315,21.39,22.12,21.21,21.85,0.6300000000000026,2.968897266729509,15569590.0
603619,20240318,21.78,21.88,21.38,21.68,-0.1700000000000017,-0.7780320366132853,10841485.0
603619,20240319,21.92,22.55,21.79,21.89,0.2100000000000008,0.9686346863468698,16379952.0
603619,20240320,21.77,22.66,21.63,22.59,0.6999999999999993,3.197807217907722,13475100.0
603619,20240321,22.34,22.75,22.16,22.63,0.0399999999999991,0.1770694997786703,10676493.0
603619,20240322,22.3,22.49,21.82,22.1,-0.5299999999999976,-2.342023862129905,9235606.0
603619,20240325,22.15,23.75,22.11,23.25,1.1499999999999986,5.203619909502266,17672719.0
603619,20240326,23.23,23.78,23.06,23.31,0.0599999999999987,0.2580645161290196,13768933.0
603619,20240327,23.01,24.13,22.5,22.71,-0.5999999999999979,-2.574002574002565,15093303.0
603619,20240328,22.71,23.68,22.69,23.3,0.5899999999999999,2.5979744605900468,11531616.0
603619,20240329,23.8,25.22,23.64,25.09,1.7899999999999991,7.682403433476392,20068344.0
603619,20240401,25.1,25.68,24.63,25.39,0.3000000000000007,1.1956954962136337,15829784.0
603619,20240402,25.3,27.93,25.12,27.7,2.3099999999999987,9.098070106341073,27239768.0
603619,20240403,27.71,30.18,27.2,28.37,0.6700000000000017,2.4187725631769075,39212226.0
603619,20240408,27.68,29.61,27.51,28.77,0.3999999999999986,1.4099400775466897,28006321.0
603619,20240409,28.37,28.89,27.5,27.8,-0.9699999999999988,-3.3715676051442434,22632457.0
603619,20240410,27.5,28.34,27.45,27.9,0.0999999999999978,0.3597122302158251,15402442.0
603619,20240411,28.18,29.0,27.89,28.71,0.8100000000000023,2.9032258064516148,19025248.0
603619,20240412,28.62,29.64,28.15,28.66,-0.0500000000000007,-0.1741553465691381,21746553.0
603619,20240415,28.3,29.33,27.75,28.84,0.1799999999999997,0.6280530355896818,20160401.0
603619,20240416,28.64,29.22,27.66,27.78,-1.0599999999999987,-3.675450762829402,17257631.0
603619,20240417,27.23,28.41,27.11,28.02,0.2399999999999984,0.8639308855291628,16468545.0
603619,20240418,27.15,27.65,26.62,27.49,-0.5300000000000011,-1.891506067094939,21209055.0
603619,20240419,28.52,30.24,27.85,29.88,2.390000000000001,8.694070571116775,44591970.0
603619,20240422,28.12,28.36,26.89,27.0,-2.879999999999999,-9.638554216867467,33462768.0
603619,20240423,26.71,27.18,26.2,26.76,-0.2399999999999984,-0.8888888888888835,18117790.0
603619,20240424,26.78,27.04,26.13,26.58,-0.1800000000000032,-0.672645739910327,12987786.0
603619,20240425,26.35,26.58,26.0,26.1,-0.4799999999999969,-1.8058690744920836,12375802.0
603619,20240426,26.34,26.86,25.87,26.63,0.5299999999999976,2.030651340996159,17922800.0
603619,20240429,26.24,26.24,25.39,25.81,-0.8200000000000003,-3.079233946676685,19723200.0
603619,20240430,24.55,25.94,24.42,25.55,-0.259999999999998,-1.0073614877954218,16937181.0
603619,20240506,24.79,25.66,24.17,25.64,0.0899999999999998,0.3522504892367939,16396354.0
603619,20240507,25.0,25.4,24.73,24.83,-0.8100000000000023,-3.1591263650546098,16724771.0
603619,20240508,24.5,25.44,24.45,25.0,0.1700000000000017,0.684655658477662,13528100.0
603619,20240509,25.01,25.88,25.01,25.55,0.5500000000000007,2.200000000000002,11739900.0
603619,20240510,25.63,25.95,25.28,25.54,-0.0100000000000015,-0.03913894324854,9357842.0
603619,20240513,26.3,26.98,25.31,26.79,1.25,4.894283476898975,22672223.0
603619,20240514,26.35,26.73,26.21,26.38,-0.4100000000000001,-1.5304217991787938,12004837.0
603619,20240515,26.38,26.38,25.24,25.36,-1.0199999999999996,-3.8665655799848375,10762072.0
603619,20240516,25.24,25.35,24.54,24.6,-0.759999999999998,-2.9968454258675004,10538336.0
603619,20240517,24.59,25.08,24.52,24.96,0.3599999999999994,1.4634146341463428,7525366.0
603619,20240520,25.35,27.15,25.3,26.73,1.7699999999999996,7.091346153846145,18466776.0
603619,20240521,26.4,26.62,25.77,25.93,-0.8000000000000007,-2.992891881780768,10914610.0
603619,20240522,25.88,25.97,25.06,25.16,-0.7699999999999996,-2.969533359043574,8521100.0
603619,20240523,24.8,25.07,24.61,24.76,-0.3999999999999986,-1.5898251192368762,5607050.0
603619,20240524,24.87,25.09,24.55,24.58,-0.1800000000000032,-0.7269789983845087,6835550.0
603619,20240527,24.65,25.7,24.65,25.6,1.0200000000000031,4.149715215622463,11355983.0
603619,20240528,25.88,27.84,25.84,26.79,1.1899999999999975,4.648437499999991,22136200.0
603619,20240529,27.1,27.5,26.64,27.28,0.490000000000002,1.8290406868234577,13211604.0
603619,20240530,26.88,26.88,25.71,25.8,-1.4800000000000004,-5.4252199413489794,12602056.0
603619,20240531,25.66,25.84,25.31,25.6,-0.1999999999999993,-0.7751937984496138,8031723.0
603619,20240603,25.92,26.3,25.25,25.55,-0.0500000000000007,-0.1953125,8410650.0
603619,20240604,24.9,25.23,24.1,25.07,-0.4800000000000004,-1.8786692759295565,10452267.0
603619,20240605,24.85,25.07,24.33,24.35,-0.7199999999999989,-2.87195851615476,7647500.0
603619,20240606,24.55,25.2,24.32,24.49,0.139999999999997,0.5749486652977254,8952358.0
603619,20240607,24.2,24.4,23.88,24.01,-0.4799999999999969,-1.959983666802767,6387400.0
603619,20240611,24.48,24.78,23.9,24.19,0.1799999999999997,0.7496876301541056,8227830.0
603619,20240612,24.0,24.89,23.74,24.74,0.5499999999999972,2.273666804464636,8090736.0
603619,20240613,24.55,24.85,23.74,23.85,-0.889999999999997,-3.5974130962004747,9162870.0
603619,20240614,23.75,24.06,23.2,23.9,0.0499999999999971,0.2096436058700135,6703792.0
603619,20240617,23.89,24.25,23.63,23.84,-0.0599999999999987,-0.2510460251045954,3921240.0
603619,20240618,24.2,24.86,24.07,24.24,0.3999999999999986,1.6778523489932915,7999400.0
603619,20240619,24.49,24.7,24.24,24.3,0.0600000000000022,0.2475247524752477,6141934.0
603619,20240620,24.2,25.49,24.16,24.51,0.2100000000000008,0.8641975308641969,9698140.0
603619,20240621,24.61,24.79,23.88,23.96,-0.5500000000000007,-2.2439820481436223,5828845.0
603619,20240624,23.7,23.95,22.98,23.09,-0.870000000000001,-3.631051752921544,7342870.0
603619,20240625,23.17,24.09,23.17,23.62,0.5300000000000011,2.2953659592897413,7623294.0
603619,20240626,23.51,23.51,22.85,23.25,-0.370000000000001,-1.5664690939881545,6659400.0
603619,20240627,23.05,23.06,22.19,22.45,-0.8000000000000007,-3.440860215053765,9704026.0
603619,20240628,22.5,23.55,22.5,23.42,0.9700000000000024,4.3207126948775265,8264316.0
603619,20240701,23.21,23.98,23.05,23.96,0.5399999999999991,2.305721605465405,5539542.0
603619,20240702,24.25,24.35,23.55,23.73,-0.2300000000000004,-0.9599332220367351,7194650.0
603619,20240703,23.63,23.91,23.48,23.6,-0.129999999999999,-0.5478297513695662,4099751.0
603619,20240704,23.51,23.94,23.1,23.24,-0.360000000000003,-1.5254237288135686,4211042.0
603619,20240705,23.24,23.48,22.81,23.33,0.0899999999999998,0.387263339070576,3645902.0
603619,20240708,23.2,23.21,22.78,22.98,-0.3499999999999978,-1.5002143163308943,3755858.0
603619,20240709,22.85,23.61,22.44,23.58,0.5999999999999979,2.610966057441244,6696648.0
603619,20240710,23.41,23.77,23.3,23.57,-0.009999999999998,-0.0424088210347672,6474499.0
603619,20240711,23.84,24.95,23.83,24.82,1.25,5.3033517182859535,9109262.0
603619,20240712,24.9,25.25,24.13,24.28,-0.5399999999999991,-2.175664786462528,7031400.0
603619,20240715,24.0,24.03,23.31,23.39,-0.8900000000000006,-3.665568369028005,5800100.0
603619,20240716,23.27,23.41,22.71,22.93,-0.4600000000000008,-1.966652415562209,6776913.0
603619,20240717,22.6,22.65,21.37,21.45,-1.4800000000000004,-6.454426515481904,13547498.0
603619,20240718,21.98,22.02,21.36,21.76,0.3100000000000023,1.4452214452214562,10444800.0
603619,20240719,21.35,21.35,20.54,21.02,-0.740000000000002,-3.4007352941176516,15229782.0
603619,20240722,20.62,20.65,19.98,20.23,-0.7899999999999991,-3.7583254043767833,10476179.0
603619,20240723,20.23,20.5,19.72,19.74,-0.490000000000002,-2.422145328719738,8610234.0
603619,20240724,19.42,20.05,19.3,19.77,0.0300000000000011,0.1519756838905817,6730109.0
603619,20240725,19.73,20.12,19.47,19.98,0.2100000000000008,1.062215477996964,6355700.0
603619,20240726,20.1,20.38,19.95,20.04,0.0599999999999987,0.3003003003003046,5863500.0
603619,20240729,19.91,20.11,19.76,20.1,0.0600000000000022,0.2994011976048094,2935232.0
603619,20240730,19.82,19.89,19.62,19.74,-0.360000000000003,-1.7910447761194217,4165232.0
603619,20240731,19.74,21.0,19.52,20.93,1.1900000000000013,6.028368794326244,11290705.0
603619,20240801,21.1,21.44,20.6,20.72,-0.2100000000000008,-1.0033444816053505,8540000.0
603619,20240802,20.36,20.64,20.17,20.39,-0.3299999999999983,-1.5926640926640867,4476206.0
603619,20240805,19.95,20.15,19.41,19.52,-0.870000000000001,-4.266797449730264,7901850.0
603619,20240806,19.6,20.16,19.6,19.94,0.4200000000000017,2.1516393442623016,6392632.0
603619,20240807,19.8,20.4,19.6,20.01,0.0700000000000002,0.3510531594784316,4918900.0
603619,20240808,20.3,20.48,19.85,20.14,0.129999999999999,0.6496751624187835,5869000.0
603619,20240809,20.13,20.68,20.1,20.39,0.25,1.2413108242303794,5881600.0
603619,20240812,20.69,21.06,20.55,20.96,0.5700000000000003,2.7954879843060443,7722800.0
603619,20240813,21.38,21.56,20.74,21.04,0.0799999999999983,0.3816793893129722,9461400.0
603619,20240814,20.71,20.73,20.26,20.42,-0.6199999999999974,-2.946768060836491,6337600.0
603619,20240815,20.1,20.47,20.05,20.35,-0.0700000000000002,-0.3428011753183191,4514516.0
603619,20240816,20.37,20.69,20.29,20.35,0.0,0.0,3304300.0
603619,20240819,20.01,20.58,19.84,20.35,0.0,0.0,4050850.0
603619,20240820,20.15,20.4,19.84,20.16,-0.1900000000000012,-0.9336609336609404,4890700.0
603619,20240821,20.01,20.22,19.86,19.95,-0.2100000000000008,-1.041666666666674,2419200.0
603619,20240822,19.81,19.92,19.56,19.61,-0.3399999999999998,-1.7042606516290748,2522900.0
603619,20240823,19.51,19.76,18.96,19.07,-0.5399999999999991,-2.753697093319729,4361800.0
603619,20240826,19.24,19.95,19.23,19.93,0.8599999999999994,4.509701101206076,5217500.0
603619,20240827,20.25,20.3,19.96,20.07,0.1400000000000005,0.702458605117906,4405000.0
603619,20240828,19.59,20.06,19.52,19.79,-0.2800000000000011,-1.3951170901843613,2931000.0
603619,20240829,19.48,20.01,19.44,19.96,0.1700000000000017,0.8590197069227035,3583700.0
603619,20240830,20.24,20.84,20.24,20.5,0.5399999999999991,2.7054108216432837,7532800.0
603619,20240902,20.23,20.44,19.68,20.21,-0.2899999999999991,-1.414634146341465,5951500.0
603619,20240903,20.13,20.3,19.88,20.0,-0.2100000000000008,-1.039089559623951,3201300.0
603619,20240904,19.35,19.35,18.58,18.76,-1.2399999999999984,-6.199999999999994,8170612.0
603619,20240905,18.84,19.05,18.46,18.57,-0.1900000000000012,-1.012793176972293,7431226.0
603619,20240906,18.62,18.66,18.29,18.34,-0.2300000000000004,-1.2385568120624637,4115700.0
603619,20240909,18.24,18.24,17.8,17.99,-0.3500000000000014,-1.9083969465648944,6193600.0
603619,20240910,18.03,18.23,17.92,18.14,0.1500000000000021,0.8337965536409309,4432000.0
603619,20240911,17.68,17.68,17.2,17.41,-0.7300000000000004,-4.024255788313125,9790000.0
603619,20240912,17.44,17.66,17.32,17.45,0.0399999999999991,0.229753015508316,4264801.0
603619,20240913,17.59,17.68,17.35,17.37,-0.0799999999999983,-0.4584527220630296,4745500.0
603619,20240918,17.4,17.55,17.08,17.43,0.0599999999999987,0.3454231433505983,4318600.0
603619,20240919,17.55,17.7,17.32,17.68,0.25,1.4343086632243152,4514200.0
603619,20240920,17.71,17.81,17.5,17.67,-0.009999999999998,-0.0565610859728393,3547400.0
603619,20240923,17.76,18.14,17.61,17.9,0.2299999999999968,1.3016411997736066,5065200.0
603619,20240924,17.97,18.68,17.8,18.58,0.6799999999999997,3.798882681564253,6850600.0
603619,20240925,18.75,19.51,18.75,19.12,0.5400000000000027,2.906350914962341,9226994.0
603619,20240926,19.0,19.09,18.7,19.05,-0.0700000000000002,-0.3661087866108747,11996464.0
603619,20240927,18.94,20.21,18.9,20.16,1.1099999999999994,5.826771653543306,10607099.0
603619,20240930,21.0,22.07,20.36,21.99,1.8299999999999983,9.077380952380953,16899517.0
603619,20241008,24.19,24.19,22.8,23.84,1.8500000000000016,8.412914961346063,22083913.0
603619,20241009,22.0,22.45,21.07,21.07,-2.7699999999999996,-11.619127516778526,18995659.0
603619,20241010,20.8,21.97,20.52,21.13,0.0599999999999987,0.2847650688182268,14267200.0
603619,20241011,21.5,21.76,20.88,21.22,0.0899999999999998,0.4259346900141958,12225800.0
603619,20241014,20.9,21.37,20.52,21.27,0.0500000000000007,0.2356267672007472,9677100.0
603619,20241015,20.56,20.81,20.22,20.22,-1.0500000000000007,-4.936530324400568,10162062.0
603619,20241016,19.92,20.47,19.75,20.08,-0.1400000000000005,-0.6923837784371889,5912600.0
603619,20241017,20.12,20.78,20.12,20.22,0.1400000000000005,0.6972111553784854,6505663.0
603619,20241018,20.21,20.61,19.98,20.28,0.0600000000000022,0.2967359050445317,12625043.0
603619,20241021,20.2,20.37,19.51,19.61,-0.6700000000000017,-3.3037475345167766,21576682.0
603619,20241022,19.66,19.95,19.46,19.89,0.2800000000000011,1.427842937276913,12153800.0
603619,20241023,20.09,20.33,19.85,19.93,0.0399999999999991,0.2011060834590239,11269242.0
603619,20241024,19.74,19.93,19.53,19.7,-0.2300000000000004,-1.1540391369794345,6350200.0
603619,20241025,19.61,19.74,19.5,19.71,0.0100000000000015,0.0507614213198115,8204600.0
603619,20241028,19.48,20.04,19.17,20.03,0.3200000000000003,1.6235413495687467,11984113.0
603619,20241029,20.7,21.64,20.15,20.19,0.1600000000000001,0.7988017973040495,24014200.0
603619,20241030,20.02,20.84,19.61,20.29,0.0999999999999978,0.4952947003467045,13415000.0
603619,20241031,20.65,21.98,20.62,21.12,0.8300000000000018,4.090685066535249,19334800.0
603619,20241101,21.15,22.15,21.15,21.53,0.4100000000000001,1.9412878787878896,20660295.0
603619,20241104,21.76,22.78,21.48,22.78,1.25,5.80585229911752,20839120.0
603619,20241105,22.78,22.87,22.31,22.78,0.0,0.0,16541545.0
603619,20241106,22.52,23.11,22.07,22.25,-0.5300000000000011,-2.3266022827041266,16079200.0
603619,20241107,21.95,22.2,21.57,21.9,-0.3500000000000014,-1.573033707865179,17691200.0
603619,20241108,21.93,22.18,21.61,21.69,-0.2099999999999973,-0.9589041095890316,10794666.0
603619,20241111,21.5,21.76,21.05,21.75,0.0599999999999987,0.2766251728907321,11348466.0
603619,20241112,21.48,22.53,21.4,22.12,0.370000000000001,1.701149425287363,14104700.0
603619,20241113,22.01,22.2,21.6,22.05,-0.0700000000000002,-0.3164556962025333,7341300.0
603619,20241114,21.9,22.49,21.55,21.6,-0.4499999999999993,-2.0408163265306034,11298400.0
603619,20241115,21.48,22.2,21.4,21.54,-0.0600000000000022,-0.2777777777777879,8560100.0
603619,20241118,21.3,21.73,20.77,20.9,-0.6400000000000006,-2.9712163416898862,7903700.0
603619,20241119,20.99,21.38,20.87,21.38,0.4800000000000004,2.2966507177033524,5431936.0
603619,20241120,21.23,21.62,21.08,21.6,0.2200000000000024,1.028999064546321,5656100.0
603619,20241121,21.58,21.75,21.31,21.6,0.0,0.0,5299206.0
603619,20241122,21.78,22.1,20.97,21.02,-0.5800000000000018,-2.6851851851851904,7470500.0
603619,20241125,21.25,21.89,21.07,21.54,0.5199999999999996,2.473834443387246,7335578.0
603619,20241126,21.22,21.4,20.9,20.92,-0.6199999999999974,-2.878365831012064,5572033.0
603619,20241127,20.89,20.9,20.18,20.8,-0.120000000000001,-0.5736137667304075,6239191.0
603619,20241128,20.75,20.78,20.46,20.56,-0.240000000000002,-1.1538461538461608,3593841.0
603619,20241129,20.54,20.79,20.43,20.6,0.0400000000000027,0.1945525291829009,4571500.0
603619,20241202,20.69,20.84,20.59,20.79,0.1899999999999977,0.922330097087376,6116000.0
603619,20241203,20.8,20.88,20.41,20.83,0.0399999999999991,0.1924001924001883,4963100.0
603619,20241204,20.88,21.35,20.83,21.12,0.2900000000000027,1.392222755640926,9260250.0
603619,20241205,20.81,21.12,20.64,20.87,-0.25,-1.1837121212121215,5190500.0
603619,20241206,20.93,21.3,20.83,21.2,0.3299999999999983,1.5812170579779572,6240400.0
603619,20241209,20.95,21.34,20.72,21.05,-0.1499999999999985,-0.7075471698113178,4921150.0
603619,20241210,21.47,21.55,20.74,20.84,-0.2100000000000008,-0.9976247030878848,8562350.0
603619,20241211,20.84,21.07,20.76,21.04,0.1999999999999993,0.9596928982725572,5559751.0
603619,20241212,21.19,21.24,21.0,21.1,0.0600000000000022,0.2851711026616188,6508801.0
603619,20241213,20.9,21.04,20.05,20.05,-1.0500000000000007,-4.976303317535546,15256550.0
603619,20241216,20.16,20.42,20.0,20.18,0.129999999999999,0.6483790523690747,5496221.0
603619,20241217,20.09,20.35,19.78,19.89,-0.2899999999999991,-1.437066402378584,5511201.0
603619,20241218,19.9,20.1,19.67,19.72,-0.1700000000000017,-0.8547008547008628,3992130.0
603619,20241219,19.59,19.6,19.32,19.51,-0.2099999999999973,-1.0649087221095144,5148395.0
603619,20241220,19.56,19.6,19.34,19.41,-0.1000000000000014,-0.5125576627370676,4696701.0
603619,20241223,19.58,20.04,19.5,19.54,0.129999999999999,0.6697578567748552,9224600.0
603619,20241224,19.46,19.95,19.43,19.8,0.2600000000000015,1.3306038894575378,6746914.0
603619,20241225,19.85,19.89,19.48,19.81,0.009999999999998,0.0505050505050341,5685300.0
603619,20241226,19.85,19.88,19.49,19.52,-0.2899999999999991,-1.463907117617358,5759900.0
603619,20241227,19.48,19.79,19.42,19.71,0.1900000000000012,0.9733606557377206,5147000.0
603619,20241230,19.6,20.13,19.6,19.85,0.1400000000000005,0.7102993404363378,6782100.0
603619,20241231,19.93,20.1,19.35,19.36,-0.490000000000002,-2.4685138539042972,7679800.0
603619,20250102,19.44,19.7,18.9,19.03,-0.3299999999999983,-1.7045454545454477,7611279.0
603619,20250103,19.3,20.1,19.21,19.42,0.3900000000000005,2.0493956910141886,13783719.0
603619,20250106,19.75,20.18,19.26,19.61,0.1899999999999977,0.978372811534478,12256076.0
603619,20250107,19.6,20.37,19.35,20.06,0.4499999999999993,2.294747577766443,13130187.0
603619,20250108,20.22,20.32,19.69,20.12,0.0600000000000022,0.2991026919242356,12859901.0
603619,20250109,19.8,19.82,19.28,19.29,-0.8300000000000018,-4.125248508946333,12560720.0
603619,20250110,19.37,19.54,19.06,19.35,0.0600000000000022,0.3110419906687589,7913694.0
603619,20250113,20.11,20.65,19.96,20.52,1.1699999999999982,6.04651162790697,25735091.0
603619,20250114,20.14,20.91,20.1,20.8,0.2800000000000011,1.364522417154013,23665336.0
603619,20250115,20.79,21.0,20.38,20.42,-0.379999999999999,-1.8269230769230704,12120587.0
603619,20250116,20.93,21.22,20.55,20.68,0.259999999999998,1.273261508325163,17108574.0
603619,20250117,20.47,20.59,20.2,20.49,-0.1900000000000012,-0.918762088974856,10781200.0
603619,20250120,20.48,20.61,20.14,20.19,-0.2999999999999971,-1.4641288433381972,11125311.0
603619,20250121,20.05,20.12,19.52,19.78,-0.4100000000000001,-2.0307082714214997,10969829.0
603619,20250122,19.63,19.77,19.3,19.37,-0.4100000000000001,-2.072800808897879,7838800.0
603619,20250123,19.49,19.66,19.15,19.19,-0.1799999999999997,-0.929272070211662,9248810.0
603619,20250124,19.0,19.48,18.91,19.48,0.2899999999999991,1.5112037519541488,7394500.0
603619,20250127,19.35,19.59,19.26,19.43,-0.0500000000000007,-0.2566735112936369,6215400.0
603619,20250205,19.38,19.39,18.91,19.01,-0.4199999999999981,-2.1616057642820263,7584523.0
603619,20250206,18.82,19.33,18.8,19.26,0.25,1.3150973172014746,7740710.0
603619,20250207,19.15,19.46,19.13,19.31,0.0499999999999971,0.2596053997923064,8539939.0
603619,20250210,19.35,19.38,19.15,19.23,-0.0799999999999983,-0.4142931123769955,7917900.0
603619,20250211,19.23,19.43,19.23,19.35,0.120000000000001,0.6240249609984483,8509317.0
603619,20250212,19.36,19.44,19.04,19.2,-0.1500000000000021,-0.7751937984496249,7862089.0
603619,20250213,19.0,19.18,18.8,18.81,-0.3900000000000005,-2.0312500000000067,9864461.0
603619,20250214,18.73,19.22,18.73,18.98,0.1700000000000017,0.9037745879851178,16855535.0
603619,20250217,19.03,19.03,18.45,18.52,-0.4600000000000008,-2.423603793466811,14231515.0
603619,20250218,18.57,18.76,18.4,18.49,-0.0300000000000011,-0.1619870410367263,10067354.0
603619,20250219,18.5,18.57,18.33,18.39,-0.0999999999999978,-0.5408328826392528,9838303.0
603619,20250220,18.46,18.46,18.25,18.3,-0.0899999999999998,-0.4893964110929794,9121947.0
603619,20250221,18.36,18.41,18.03,18.26,-0.0399999999999991,-0.2185792349726711,15371086.0
603619,20250224,18.11,18.62,17.99,18.53,0.2699999999999996,1.4786418400876131,15593077.0
603619,20250225,18.37,18.48,17.98,18.0,-0.5300000000000011,-2.8602266594711323,15686008.0
603619,20250226,17.85,18.12,17.81,18.07,0.0700000000000002,0.388888888888883,9718460.0
603619,20250227,18.01,18.11,17.88,18.08,0.009999999999998,0.0553403431101218,10057817.0
603619,20250228,18.09,18.48,18.06,18.15,0.0700000000000002,0.3871681415929195,17783620.0
603619,20250303,18.25,18.52,18.01,18.09,-0.0599999999999987,-0.3305785123966842,14495547.0
603619,20250304,17.9,17.9,17.45,17.5,-0.5899999999999999,-3.2614704256495264,16070142.0
603619,20250305,17.39,17.75,17.24,17.61,0.1099999999999994,0.6285714285714228,10526989.0
603619,20250306,17.44,17.62,17.25,17.58,-0.0300000000000011,-0.1703577512776943,12020793.0
603619,20250307,17.58,17.83,17.55,17.67,0.0900000000000034,0.5119453924914863,11913639.0
603619,20250310,17.72,17.92,17.67,17.92,0.25,1.4148273910582931,9774900.0
603619,20250311,17.74,17.8,17.52,17.77,-0.1500000000000021,-0.837053571428581,9129989.0
603619,20250312,17.78,17.86,17.63,17.71,-0.0599999999999987,-0.3376477208778761,6975704.0
603619,20250313,17.92,18.33,17.79,17.96,0.25,1.4116318464144628,15683365.0
603619,20250314,17.9,18.13,17.87,18.07,0.1099999999999994,0.6124721603563366,12665802.0
603619,20250317,18.2,18.72,18.2,18.57,0.5,2.767017155506357,21372393.0
603619,20250318,18.55,18.67,18.35,18.64,0.0700000000000002,0.3769520732364029,11779783.0
603619,20250319,18.5,18.55,18.42,18.47,-0.1700000000000017,-0.9120171673819844,8812770.0
603619,20250320,18.47,18.83,18.47,18.58,0.1099999999999994,0.5955603681645938,12297050.0
603619,20250321,18.79,19.05,18.47,18.55,-0.0299999999999975,-0.1614639397201189,22079274.0
603619,20250324,18.55,18.75,18.26,18.49,-0.0600000000000022,-0.3234501347708973,14519045.0
603619,20250325,18.68,19.1,18.53,18.98,0.490000000000002,2.650081124932413,21275997.0
603619,20250326,18.9,18.94,18.59,18.6,-0.379999999999999,-2.002107481559534,14709752.0
603619,20250327,18.72,18.85,18.41,18.45,-0.1500000000000021,-0.8064516129032362,11507167.0
603619,20250328,18.35,18.41,18.02,18.08,-0.370000000000001,-2.0054200542005463,10804779.0
603619,20250331,17.91,18.15,17.87,17.97,-0.1099999999999994,-0.6084070796460117,9427155.0
603619,20250401,18.3,18.75,18.3,18.58,0.6099999999999994,3.3945464663327707,18830870.0
603619,20250402,18.39,18.51,18.15,18.18,-0.3999999999999986,-2.152852529601712,10862100.0
603619,20250403,17.9,18.09,17.75,17.92,-0.259999999999998,-1.4301430143014215,9869649.0
603619,20250407,16.13,16.36,16.13,16.13,-1.7900000000000027,-9.988839285714302,7128600.0
603619,20250408,15.73,15.88,15.16,15.57,-0.5599999999999987,-3.471791692498438,22829549.0
603619,20250409,14.9,15.68,14.32,15.56,-0.0099999999999997,-0.0642260757867663,18607700.0
603619,20250410,16.05,16.15,15.82,15.9,0.3399999999999998,2.185089974293053,15507757.0
603619,20250411,15.6,16.31,15.6,16.3,0.4000000000000003,2.515723270440251,11042331.0
603619,20250414,16.37,16.54,16.18,16.46,0.1600000000000001,0.9815950920245342,10706100.0
603619,20250415,16.4,16.5,16.17,16.27,-0.1900000000000012,-1.1543134872418093,6464649.0
603619,20250416,16.26,16.26,15.85,16.08,-0.1900000000000012,-1.167793484941615,5781200.0
603619,20250417,16.13,16.3,16.09,16.19,0.1100000000000029,0.6840796019900619,5370315.0
603619,20250418,16.5,16.62,16.18,16.28,0.0899999999999998,0.5558987029030238,8077963.0
603619,20250421,16.11,16.32,16.06,16.24,-0.0400000000000027,-0.2457002457002643,6885669.0
603619,20250422,16.2,16.49,16.17,16.33,0.0899999999999998,0.5541871921182162,8555900.0
603619,20250423,16.47,16.71,16.41,16.66,0.3300000000000018,2.020820575627691,10075600.0
603619,20250424,16.48,16.55,16.35,16.47,-0.1900000000000012,-1.140456182472993,5946956.0
603619,20250425,16.44,16.44,15.96,16.12,-0.3499999999999978,-2.125075895567685,10656500.0
603619,20250428,16.05,16.06,15.61,15.74,-0.3800000000000008,-2.3573200992555887,8455900.0
603619,20250429,15.66,15.83,15.58,15.7,-0.0400000000000009,-0.2541296060991183,6214268.0
603619,20250430,16.28,16.43,16.06,16.06,0.3599999999999994,2.292993630573248,14699700.0
603619,20250506,16.01,16.27,15.94,16.26,0.2000000000000028,1.2453300124533273,9678300.0
603619,20250507,16.5,16.66,16.44,16.6,0.3399999999999998,2.091020910209096,12446709.0
603619,20250508,16.4,16.59,16.34,16.56,-0.0400000000000027,-0.2409638554217053,6167200.0
603619,20250509,16.74,16.94,16.49,16.5,-0.0599999999999987,-0.3623188405797006,10425779.0
603619,20250512,16.7,16.88,16.53,16.87,0.370000000000001,2.2424242424242458,9489617.0
603619,20250513,17.0,17.48,16.88,17.29,0.4199999999999981,2.4896265560165887,18274405.0
603619,20250514,17.49,17.59,17.2,17.53,0.240000000000002,1.3880855986119212,12112100.0
603619,20250515,17.32,17.47,17.0,17.18,-0.3500000000000014,-1.996577296063895,11102968.0
603619,20250516,17.12,17.49,17.0,17.3,0.120000000000001,0.6984866123399325,7445990.0
603619,20250519,17.32,17.42,17.07,17.11,-0.1900000000000012,-1.098265895953765,4868480.0
603619,20250520,17.12,17.21,16.92,17.17,0.0600000000000022,0.3506721215663422,7089400.0
603619,20250521,17.34,17.89,17.26,17.77,0.5999999999999979,3.4944670937681943,16025605.0
603619,20250522,17.8,18.0,17.46,17.47,-0.3000000000000007,-1.6882386043894249,9436309.0
603619,20250523,17.43,17.55,17.23,17.23,-0.2399999999999984,-1.373783629078407,6394735.0
603619,20250526,17.37,17.43,17.08,17.23,0.0,0.0,5467809.0
603619,20250527,17.23,17.25,16.85,17.1,-0.129999999999999,-0.7544979686593067,5898331.0
603619,20250528,17.15,17.23,17.0,17.17,0.0700000000000002,0.4093567251461927,5162673.0
603619,20250529,17.32,17.46,17.13,17.33,0.1599999999999966,0.9318578916714948,8020915.0
603619,20250530,17.08,17.29,16.81,17.13,-0.1999999999999993,-1.1540680900173017,8603823.0
603619,20250603,17.39,17.65,17.24,17.44,0.3100000000000023,1.8096906012843084,10781000.0
603619,20250604,17.47,17.85,17.39,17.55,0.1099999999999994,0.6307339449541205,12991143.0
603619,20250605,17.48,17.51,17.23,17.31,-0.240000000000002,-1.3675213675213738,7330643.0
603619,20250606,17.32,17.68,17.21,17.47,0.1600000000000001,0.9243212016175616,8959973.0
603619,20250609,17.88,18.14,17.78,17.84,0.370000000000001,2.1179164281625695,11968300.0
603619,20250610,17.84,18.14,17.58,17.78,-0.0599999999999987,-0.3363228699551523,8909793.0
603619,20250611,17.69,17.89,17.69,17.86,0.0799999999999983,0.4499437570303577,5362382.0
603619,20250612,18.28,19.28,18.05,18.66,0.8000000000000007,4.4792833146696465,33367303.0
603619,20250613,20.53,20.53,19.6,20.53,1.870000000000001,10.021436227224022,72810692.0
603619,20250616,21.0,22.5,20.8,21.46,0.9299999999999996,4.529956161714566,100329598.0
603619,20250617,20.13,22.59,19.98,21.42,-0.0399999999999991,-0.1863932898415576,81054304.0
603619,20250618,21.9,22.19,21.01,21.63,0.2099999999999973,0.9803921568627416,59170287.0
603619,20250619,21.43,23.79,21.3,23.17,1.5400000000000027,7.119741100323629,77397060.0
603619,20250620,22.45,23.0,21.65,21.99,-1.1800000000000033,-5.09279240397067,57361663.0
603619,20250623,22.87,23.62,22.4,22.88,0.8900000000000006,4.04729422464758,66367539.0
603619,20250624,20.59,20.59,20.59,20.59,-2.289999999999999,-10.00874125874126,11265500.0
603619,20250625,18.99,19.54,18.95,19.27,-1.3200000000000005,-6.4108790675085014,65683803.0
603619,20250626,19.0,20.18,19.0,19.76,0.490000000000002,2.5428126621691804,55625556.0
603619,20250627,19.3,19.71,19.05,19.55,-0.2100000000000008,-1.0627530364372473,33477490.0
603619,20250630,19.32,20.2,19.32,20.07,0.5199999999999996,2.6598465473145705,34240598.0
603619,20250701,19.85,20.18,19.71,19.93,-0.1400000000000005,-0.6975585450921806,18212900.0
603619,20250702,20.08,20.2,19.79,19.85,-0.0799999999999983,-0.4014049172102241,18373400.0
603619,20250703,20.06,20.17,19.81,19.94,0.0899999999999998,0.4534005037783339,14606299.0
603619,20250704,19.88,20.06,19.76,20.0,0.0599999999999987,0.3009027081243731,14307199.0
603619,20250707,19.62,19.65,19.2,19.46,-0.5399999999999991,-2.6999999999999913,17868100.0
603619,20250708,19.62,19.81,19.51,19.75,0.2899999999999991,1.4902363823227072,12387487.0
603619,20250709,19.73,19.97,19.57,19.66,-0.0899999999999998,-0.4556962025316413,10418549.0
603619,20250710,19.59,19.71,19.51,19.56,-0.1000000000000014,-0.5086469989827092,9509476.0
603619,20250711,19.36,19.55,19.26,19.43,-0.129999999999999,-0.664621676891608,13018568.0
603619,20250714,19.5,19.78,19.5,19.6,0.1700000000000017,0.8749356664951247,12025805.0
603619,20250715,19.31,19.5,19.15,19.15,-0.4500000000000028,-2.2959183673469497,11527900.0
603619,20250716,19.19,19.91,19.14,19.26,0.1100000000000029,0.5744125326370808,13181010.0
603619,20250717,19.26,19.36,19.16,19.21,-0.0500000000000007,-0.2596053997923175,7977100.0
603619,20250718,19.29,19.41,19.18,19.37,0.1600000000000001,0.8328995314940135,10880900.0
603619,20250721,19.31,19.53,19.2,19.51,0.1400000000000005,0.7227671657201951,10403042.0
603619,20250722,19.42,19.55,19.27,19.47,-0.0400000000000027,-0.2050230650948337,10108200.0
603619,20250723,19.69,19.77,19.41,19.43,-0.0399999999999991,-0.2054442732408845,15456600.0
603619,20250724,19.43,19.77,19.29,19.75,0.3200000000000003,1.6469377251672634,13292032.0
603619,20250725,19.75,20.31,19.69,19.86,0.1099999999999994,0.5569620253164542,22495250.0
603619,20250728,19.87,19.87,19.48,19.66,-0.1999999999999993,-1.0070493454179208,10302475.0
603619,20250729,19.77,20.08,19.53,19.74,0.0799999999999983,0.4069175991861629,11807429.0
603619,20250730,19.7,19.97,19.58,19.76,0.0200000000000031,0.1013171225937359,22256568.0
603619,20250731,19.86,20.08,19.41,19.53,-0.2300000000000004,-1.1639676113360364,17905800.0
603619,20250801,19.35,19.52,19.14,19.22,-0.3100000000000023,-1.587301587301604,10273800.0
603619,20250804,18.88,19.13,18.66,19.1,-0.1199999999999974,-0.6243496357960288,8918299.0
603619,20250805,19.02,19.23,18.96,19.09,-0.0100000000000015,-0.0523560209424123,8449631.0
603619,20250806,19.05,19.35,19.0,19.32,0.2300000000000004,1.2048192771084263,8103389.0
603619,20250807,19.24,19.32,19.09,19.12,-0.1999999999999993,-1.035196687370599,8965056.0
603619,20250808,19.02,19.2,19.0,19.1,-0.0199999999999995,-0.1046025104602499,6901378.0
603619,20250811,19.07,19.25,18.88,19.2,0.0999999999999978,0.5235602094240788,10501565.0
603619,20250812,19.2,19.74,19.14,19.67,0.4700000000000024,2.447916666666683,15279239.0
603619,20250813,19.6,19.8,19.53,19.79,0.1199999999999974,0.6100660904931221,12770300.0
603619,20250814,19.72,19.84,19.21,19.33,-0.4600000000000008,-2.3244062657908127,11018659.0
603619,20250815,19.4,19.79,19.39,19.77,0.4400000000000013,2.27625452664253,12844579.0
603619,20250818,19.65,19.66,19.4,19.52,-0.25,-1.264542235710675,15183710.0
603619,20250819,19.5,19.58,19.39,19.5,-0.0199999999999995,-0.1024590163934413,8288800.0
603619,20250820,19.5,19.62,19.43,19.6,0.1000000000000014,0.512820512820511,8961550.0
603619,20250821,19.76,20.5,19.61,20.45,0.8499999999999979,4.336734693877542,25770106.0
603619,20250822,20.27,20.45,20.09,20.33,-0.120000000000001,-0.5867970660146771,16206696.0
603619,20250825,20.4,20.92,20.26,20.79,0.4600000000000008,2.262666010821457,18123380.0
603619,20250826,20.88,21.23,20.63,20.87,0.0800000000000018,0.3848003848003989,14474255.0
603619,20250827,20.7,20.7,20.01,20.03,-0.8399999999999999,-4.02491614758026,15158775.0
603619,20250828,19.44,19.47,18.66,19.19,-0.8399999999999999,-4.193709435846227,27804582.0
603619,20250829,19.2,19.89,19.07,19.57,0.379999999999999,1.980198019801982,17435772.0
603619,20250901,19.5,19.55,19.23,19.44,-0.129999999999999,-0.6642820643842584,10412448.0
603619,20250902,19.56,19.94,19.05,19.37,-0.0700000000000002,-0.3600823045267542,12684289.0
603619,20250903,19.5,19.73,19.07,19.08,-0.2900000000000027,-1.4971605575632596,9049838.0
603619,20250904,18.68,18.95,18.52,18.76,-0.3199999999999967,-1.6771488469601523,10927938.0
603619,20250905,18.7,18.88,18.68,18.87,0.1099999999999994,0.5863539445629007,6193908.0
603619,20250908,18.73,19.09,18.7,19.06,0.1899999999999977,1.0068892421833509,7604480.0
603619,20250909,19.04,19.05,18.75,18.94,-0.1199999999999974,-0.6295907660020861,6847600.0
603619,20250910,19.1,20.58,19.06,20.06,1.1199999999999974,5.913410770855321,29112808.0
603619,20250911,19.75,19.76,19.27,19.59,-0.4699999999999988,-2.3429710867397757,20322582.0
603619,20250912,19.21,19.46,19.11,19.31,-0.2800000000000011,-1.429300663603883,10926064.0
603619,20250915,19.4,19.83,19.3,19.74,0.4299999999999997,2.2268254790264175,14223198.0
603619,20250916,19.63,19.65,19.34,19.54,-0.1999999999999993,-1.0131712259371817,7984340.0
603619,20250917,19.67,19.9,19.53,19.58,0.0399999999999991,0.2047082906857733,10325240.0
603619,20250918,19.38,19.39,18.91,19.0,-0.5799999999999983,-2.962206332992845,13095374.0
603619,20250919,19.0,19.09,18.89,19.06,0.0599999999999987,0.3157894736842026,5330883.0
603619,20250922,19.0,19.0,18.67,18.85,-0.2099999999999973,-1.1017838405036562,6435178.0
603619,20250923,18.82,18.82,18.37,18.57,-0.2800000000000011,-1.485411140583559,6499122.0
603619,20250924,18.78,19.2,18.78,19.06,0.4899999999999984,2.6386645126548203,10091737.0
603619,20250925,18.98,19.08,18.8,18.88,-0.1799999999999997,-0.9443861490031512,6545097.0
603619,20250926,19.27,19.68,19.01,19.33,0.4499999999999993,2.383474576271172,14754280.0
603619,20250929,19.19,19.64,18.8,19.61,0.2800000000000011,1.448525607863438,11583299.0
603619,20250930,19.2,19.6,19.06,19.49,-0.120000000000001,-0.6119326874043929,10740970.0
603619,20251009,19.21,19.6,19.09,19.52,0.0300000000000011,0.1539250897896416,15562400.0
603619,20251010,19.31,20.37,19.27,19.84,0.3200000000000003,1.6393442622950838,19304951.0
603619,20251013,19.2,19.28,19.0,19.27,-0.5700000000000003,-2.872983870967738,14862900.0
603619,20251014,19.28,20.89,19.22,20.19,0.9200000000000016,4.774260508562533,26698513.0
603619,20251015,19.94,20.28,19.73,19.88,-0.3100000000000023,-1.5354135710747951,14197588.0
603619,20251016,19.8,19.9,19.54,19.77,-0.1099999999999994,-0.5533199195171035,9810300.0
603619,20251017,19.67,20.14,19.6,19.7,-0.0700000000000002,-0.3540718259989917,15482665.0
603619,20251020,19.57,19.93,19.51,19.88,0.1799999999999997,0.9137055837563413,13325470.0
603619,20251021,19.96,20.35,19.89,20.18,0.3000000000000007,1.5090543259557387,19055349.0
603619,20251022,20.29,21.29,19.93,20.85,0.6700000000000017,3.320118929633309,33385458.0
603619,20251023,20.86,20.88,20.25,20.78,-0.0700000000000002,-0.3357314148681123,23611944.0
603619,20251024,20.88,20.98,19.9,20.06,-0.7200000000000024,-3.464870067372483,21394501.0
603619,20251027,19.86,20.35,19.71,20.21,0.1500000000000021,0.7477567298105781,12472536.0
603619,20251028,20.16,20.18,19.77,19.79,-0.4200000000000017,-2.0781791192479027,9410049.0
603619,20251029,19.78,20.17,19.58,20.1,0.3100000000000023,1.5664477008590303,9531437.0
603619,20251030,20.05,20.47,19.76,19.8,-0.3000000000000007,-1.49253731343284,10834914.0
603619,20251031,19.69,21.36,19.69,20.95,1.1499999999999986,5.8080808080807955,31873053.0
603619,20251103,21.56,22.13,21.02,21.67,0.7200000000000024,3.436754176611001,24468803.0
603619,20251104,21.47,21.57,20.9,21.09,-0.5800000000000018,-2.6765113059529333,11807590.0
603619,20251105,20.8,21.57,20.76,21.19,0.1000000000000014,0.4741583688952167,13384300.0
603619,20251106,21.0,21.68,20.94,21.5,0.3099999999999987,1.4629542236904047,11697512.0
603619,20251107,21.4,22.32,21.39,22.04,0.5399999999999991,2.5116279069767433,18088361.0
603619,20251110,22.0,22.56,21.81,22.22,0.1799999999999997,0.8166969147005432,14691159.0
603619,20251111,22.39,22.39,21.83,21.88,-0.3399999999999998,-1.5301530153015277,8669300.0
603619,20251112,22.1,22.84,22.02,22.53,0.6500000000000021,2.970749542961615,16881867.0
603619,20251113,21.88,22.66,21.74,22.32,-0.2100000000000008,-0.9320905459387574,11983586.0
603619,20251114,22.28,24.41,22.28,23.78,1.4600000000000009,6.5412186379928405,23863432.0
603619,20251117,23.79,24.33,23.25,24.11,0.3299999999999983,1.38772077375946,16163686.0
603619,20251118,23.88,25.45,23.81,24.93,0.8200000000000003,3.401078390709245,20458025.0
603619,20251119,24.81,26.66,24.76,25.97,1.0399999999999991,4.1716807059767325,24616961.0
603619,20251120,25.58,26.12,25.0,25.42,-0.5499999999999972,-2.1178282633808165,17492376.0
603619,20251121,25.11,25.2,23.03,23.26,-2.16,-8.497246262785207,26914457.0
603619,20251124,23.34,23.68,22.26,23.04,-0.2200000000000024,-0.9458297506448888,20672447.0
603619,20251125,23.35,24.05,22.99,23.04,0.0,0.0,12993341.0
603619,20251126,22.88,23.55,22.61,23.15,0.1099999999999994,0.477430555555558,13366123.0
603619,20251127,23.1,23.74,23.09,23.27,0.120000000000001,0.5183585313174977,8171700.0
603619,20251128,22.65,23.07,22.13,22.46,-0.8099999999999987,-3.4808766652342005,14451761.0
603619,20251201,22.46,23.03,22.21,22.68,0.2199999999999988,0.979519145146912,13755623.0
603619,20251202,22.49,22.8,22.08,22.24,-0.4400000000000013,-1.940035273368612,11990900.0
603619,20251203,22.15,22.42,21.68,21.73,-0.509999999999998,-2.2931654676258906,11353400.0
603619,20251204,21.75,22.05,21.3,21.6,-0.129999999999999,-0.5982512655315242,9143700.0
603619,20251205,21.59,22.32,21.27,22.29,0.6899999999999977,3.194444444444433,11361410.0
603619,20251208,22.1,22.13,21.71,22.07,-0.2199999999999988,-0.9869896814715062,6975300.0
603619,20251209,21.8,21.99,21.65,21.9,-0.1700000000000017,-0.770276393294067,6682362.0
603619,20251210,21.7,22.54,21.51,22.31,0.4100000000000001,1.8721461187214627,9902068.0
603619,20251211,22.26,22.74,22.01,22.05,-0.259999999999998,-1.1653966831017382,6453100.0
603619,20251212,21.9,22.45,21.89,22.05,0.0,0.0,7584800.0
603619,20251215,22.04,22.36,21.9,22.16,0.1099999999999994,0.4988662131519161,6860200.0
603619,20251216,21.98,22.17,21.0,21.09,-1.0700000000000005,-4.82851985559567,7314800.0
603619,20251217,21.01,21.8,21.01,21.72,0.629999999999999,2.987197724039814,7779703.0
603619,20251218,21.88,22.5,21.8,22.08,0.3599999999999994,1.6574585635359185,7719288.0
603619,20251219,21.88,22.17,21.72,21.98,-0.0999999999999978,-0.452898550724623,6175206.0
603619,20251222,22.18,22.72,22.0,22.38,0.3999999999999986,1.8198362147406664,8282907.0
603619,20251223,22.45,22.78,21.94,22.26,-0.1199999999999974,-0.5361930294906059,6828001.0
603619,20251224,22.2,22.4,22.09,22.37,0.1099999999999994,0.4941599281221842,4548845.0
603619,20251225,22.3,22.35,22.06,22.23,-0.1400000000000005,-0.6258381761287457,3408219.0
603619,20251226,22.18,23.06,22.17,22.88,0.6499999999999986,2.923976608187129,8888079.0
603619,20251229,22.86,23.5,22.54,23.12,0.240000000000002,1.0489510489510634,10049985.0
603619,20251230,23.21,23.84,22.79,23.5,0.379999999999999,1.6435986159169411,11247284.0
603619,20251231,23.48,23.67,22.69,23.05,-0.4499999999999993,-1.9148936170212736,8457676.0
603619,20260105,23.77,23.98,23.04,23.55,0.5,2.1691973969631295,21511120.0
603619,20260106,23.25,23.89,22.88,23.51,-0.0399999999999991,-0.1698513800424628,19106424.0
603619,20260107,23.08,23.08,22.6,22.77,-0.740000000000002,-3.1475967673330607,13178218.0
603619,20260108,22.56,23.35,22.5,23.05,0.2800000000000011,1.2296881862099207,10737001.0
603619,20260109,23.75,24.88,23.67,24.44,1.3900000000000006,6.030368763557492,22376630.0
603619,20260112,24.2,24.71,23.88,24.43,-0.0100000000000015,-0.0409165302782343,15232826.0
603619,20260113,24.58,26.35,24.52,25.32,0.8900000000000006,3.6430618092509137,25662525.0
603619,20260114,25.69,27.0,25.65,26.41,1.09,4.304897314375977,32451581.0
603619,20260115,25.72,26.46,25.18,26.22,-0.1900000000000012,-0.7194244604316613,18462108.0
603619,20260116,25.5,25.66,24.93,25.18,-1.0399999999999991,-3.96643783371472,18164822.0
603619,20260119,25.08,25.89,24.85,25.67,0.490000000000002,1.9459888800635428,11567300.0
603619,20260120,25.58,26.44,24.97,25.42,-0.25,-0.9738994935722612,8570415.0
603619,20260121,25.42,27.46,25.42,26.73,1.3099999999999987,5.153422501966953,20556454.0
603619,20260122,27.0,29.21,27.0,28.79,2.0599999999999987,7.706696595585472,25338669.0
603619,20260123,28.09,28.65,27.32,28.23,-0.5599999999999987,-1.945119833275444,24436869.0
603619,20260126,28.79,31.05,28.67,31.05,2.8200000000000003,9.989373007438896,30737950.0
603619,20260127,30.4,32.58,30.0,30.8,-0.25,-0.8051529790660261,36093026.0
603619,20260128,32.05,33.88,31.16,33.88,3.080000000000002,10.000000000000009,37904990.0
603619,20260129,34.7,37.27,34.32,37.27,3.390000000000001,10.005903187721366,46608805.0
603619,20260130,38.0,40.18,34.0,34.69,-2.5800000000000054,-6.922457740810318,71047796.0
603619,20260202,31.22,31.22,31.22,31.22,-3.469999999999999,-10.002882675122516,4876900.0
603619,20260203,28.1,31.0,28.1,30.09,-1.129999999999999,-3.619474695707881,54715302.0
603619,20260204,31.01,33.0,30.34,32.41,2.3199999999999967,7.710202725157855,46710453.0
603619,20260205,32.0,32.89,30.56,30.87,-1.5399999999999956,-4.751619870410351,32308297.0
603619,20260206,29.85,33.25,29.41,32.59,1.7200000000000024,5.5717525105280385,41099349.0
603619,20260209,32.17,32.86,31.2,31.74,-0.850000000000005,-2.608162012887405,33599011.0
603619,20260210,31.74,33.88,31.74,33.21,1.4700000000000024,4.6313799621928275,33348471.0
603619,20260211,33.0,36.05,33.0,35.17,1.9600000000000009,5.901836796145732,34606324.0
603619,20260212,35.6,36.15,34.3,34.52,-0.6499999999999986,-1.848166050611311,34641188.0
603619,20260213,33.72,33.99,32.52,33.28,-1.240000000000002,-3.5921205098493725,23833399.0
603619,20260224,35.27,36.61,35.27,36.61,3.3299999999999983,10.006009615384604,11352488.0
603619,20260225,36.85,39.41,36.31,37.8,1.1899999999999975,3.2504780114722687,55398195.0
603619,20260226,37.7,38.31,36.2,36.23,-1.5700000000000005,-4.1534391534391535,40016411.0
603619,20260227,36.05,37.2,35.74,36.35,0.1200000000000045,0.3312172232956323,27838889.0
603619,20260302,39.99,39.99,39.45,39.99,3.640000000000001,10.013755158184324,26000034.0
603619,20260303,43.99,43.99,43.01,43.99,4.0,10.002500625156284,15254829.0
603619,20260304,48.18,48.18,40.77,47.05,3.059999999999995,6.956126392361894,118679014.0
603619,20260305,45.35,47.88,42.38,43.69,-3.359999999999999,-7.141339001062697,86764401.0
603619,20260306,42.03,43.32,40.08,40.45,-3.239999999999995,-7.415884641794445,56317143.0
603619,20260309,44.5,44.5,41.4,41.58,1.1299999999999957,2.7935723114956623,73783210.0
603619,20260310,37.42,39.21,37.42,38.12,-3.460000000000001,-8.321308321308319,60244032.0
603619,20260311,37.37,38.52,37.03,38.15,0.0300000000000011,0.078698845750269,50764201.0
603619,20260312,39.3,39.46,37.45,37.87,-0.2800000000000011,-0.7339449541284404,47607505.0
603619,20260313,38.69,39.1,36.2,36.49,-1.3799999999999957,-3.6440454185370896,36725966.0
603619,20260316,37.02,38.5,36.66,37.02,0.5300000000000011,1.4524527267744558,33881736.0
603619,20260317,36.0,36.8,35.12,35.99,-1.0300000000000011,-2.782279848730418,39524841.0
603619,20260318,35.01,35.12,33.94,34.62,-1.3700000000000043,-3.8066129480411326,34567570.0
603619,20260319,36.35,36.75,35.12,36.3,1.6799999999999995,4.8526863084922045,50973533.0
603619,20260320,34.13,34.98,33.79,34.08,-2.219999999999999,-6.115702479338836,32409940.0
