ts_code,trade_date,open,high,low,close,change,pct_change,vol
636,20171220,11.16,11.45,11.05,11.1,-0.200000000000001,-1.7699115044247926,47995270.0
636,20171221,11.21,11.56,11.07,11.41,0.3100000000000005,2.7927927927927865,66514764.0
636,20171222,11.33,11.48,11.22,11.37,-0.0400000000000009,-0.3505696757230558,39567556.0
636,20171225,11.3,11.4,10.87,11.03,-0.3399999999999998,-2.9903254177660488,45659200.0
636,20171226,11.01,11.69,10.74,11.57,0.5400000000000009,4.895738893925672,68291386.0
636,20171227,11.55,11.73,11.43,11.45,-0.120000000000001,-1.0371650821089151,52079170.0
636,20171228,11.43,11.64,11.23,11.39,-0.0599999999999987,-0.524017467248894,36000879.0
636,20171229,11.36,12.04,11.3,11.88,0.4900000000000002,4.302019315188765,67770948.0
636,20180102,12.1,12.44,11.68,12.26,0.379999999999999,3.1986531986532007,71642800.0
636,20180103,12.12,12.85,12.1,12.59,0.33,2.691680261011409,70307075.0
636,20180104,12.78,13.27,12.51,12.52,-0.0700000000000002,-0.5559968228753043,86107908.0
636,20180105,12.68,13.6,12.68,13.15,0.6300000000000008,5.03194888178915,91823453.0
636,20180108,13.08,13.31,12.85,13.26,0.1099999999999994,0.8365019011406849,64943169.0
636,20180109,13.1,13.16,12.61,12.79,-0.4700000000000006,-3.544494720965319,66666895.0
636,20180110,12.72,13.36,12.67,12.9,0.1100000000000012,0.8600469116497367,65964476.0
636,20180111,13.01,13.09,12.6,13.0,0.0999999999999996,0.7751937984496138,50609225.0
636,20180112,12.85,12.92,12.2,12.29,-0.7100000000000009,-5.461538461538473,52971182.0
636,20180115,12.14,12.44,11.53,11.74,-0.5499999999999989,-4.475183075671274,53746770.0
636,20180116,11.73,11.82,11.24,11.53,-0.2100000000000008,-1.78875638841568,46056005.0
636,20180117,11.5,11.5,10.83,11.22,-0.3099999999999987,-2.6886383347788256,41829246.0
636,20180118,11.26,11.45,11.1,11.3,0.08,0.7130124777183555,24834906.0
636,20180119,11.29,11.58,11.19,11.37,0.0699999999999985,0.619469026548658,32631029.0
636,20180122,11.3,11.44,10.83,11.32,-0.0499999999999989,-0.4397537379067673,31057489.0
636,20180123,11.28,11.83,11.12,11.81,0.4900000000000002,4.328621908127217,41957369.0
636,20180124,11.61,11.96,11.58,11.8,-0.0099999999999997,-0.0846740050804428,36225605.0
636,20180125,11.68,11.87,11.62,11.68,-0.120000000000001,-1.016949152542379,21290382.0
636,20180126,11.6,11.77,10.88,10.97,-0.7099999999999991,-6.078767123287665,52466972.0
636,20180129,10.8,10.93,10.3,10.36,-0.6100000000000012,-5.560619872379224,47084341.0
636,20180130,10.34,10.51,10.23,10.39,0.0300000000000011,0.2895752895752945,18046663.0
636,20180131,10.24,10.31,9.95,10.19,-0.200000000000001,-1.924927815206945,23667350.0
636,20180201,10.17,10.36,9.7,9.74,-0.4499999999999993,-4.416094210009803,24131085.0
636,20180202,9.72,10.29,9.52,10.28,0.5399999999999991,5.544147843942504,29706428.0
636,20180205,10.18,10.79,10.18,10.53,0.25,2.4319066147859836,31637060.0
636,20180206,10.03,10.35,9.81,9.96,-0.5699999999999985,-5.413105413105401,27127489.0
636,20180207,10.28,10.37,9.68,10.23,0.2699999999999996,2.710843373493965,30465515.0
636,20180208,10.18,10.48,10.08,10.32,0.0899999999999998,0.8797653958944274,27084340.0
636,20180209,9.9,10.32,9.85,9.91,-0.4100000000000001,-3.972868217054259,30132885.0
636,20180212,9.98,10.46,9.82,10.39,0.4800000000000004,4.843592330978819,29056003.0
636,20180213,10.34,10.76,10.27,10.72,0.33,3.1761308950914335,33079520.0
636,20180214,11.1,11.45,10.89,11.27,0.5499999999999989,5.130597014925353,51512732.0
636,20180222,11.4,11.57,11.22,11.47,0.200000000000001,1.7746228926353247,41951346.0
636,20180223,11.44,11.57,11.21,11.49,0.0199999999999995,0.1743679163033862,40844344.0
636,20180226,11.69,12.44,11.5,12.22,0.7300000000000004,6.353350739773722,62473463.0
636,20180227,12.02,12.5,11.95,12.05,-0.1699999999999999,-1.3911620294599023,39227200.0
636,20180228,11.98,12.28,11.82,11.95,-0.1000000000000014,-0.8298755186722073,34062880.0
636,20180301,11.8,12.42,11.76,12.3,0.3500000000000014,2.9288702928870425,43729959.0
636,20180302,12.16,12.93,12.06,12.5,0.1999999999999993,1.6260162601625885,59133842.0
636,20180305,12.65,12.79,12.4,12.74,0.2400000000000002,1.9200000000000104,40888250.0
636,20180306,12.76,13.0,12.54,12.72,-0.0199999999999995,-0.1569858712715865,42589885.0
636,20180307,12.53,12.72,12.27,12.37,-0.3500000000000014,-2.7515723270440384,44462837.0
636,20180308,12.39,12.59,12.28,12.41,0.0400000000000009,0.3233629749393785,27559616.0
636,20180309,12.51,12.94,12.48,12.77,0.3599999999999994,2.9008863819500297,45496059.0
636,20180312,12.67,13.15,12.66,12.78,0.0099999999999997,0.0783085356303781,47261305.0
636,20180313,12.72,12.98,12.46,12.47,-0.3099999999999987,-2.4256651017214304,40475304.0
636,20180314,12.54,13.33,12.54,12.9,0.4299999999999997,3.4482758620689724,68398232.0
636,20180315,12.82,12.96,12.16,12.53,-0.370000000000001,-2.8682170542635776,52305916.0
636,20180316,12.56,12.68,12.4,12.47,-0.0599999999999987,-0.4788507581803602,24449718.0
636,20180319,12.42,12.83,12.37,12.54,0.0699999999999985,0.5613472333600544,29182175.0
636,20180320,12.36,12.54,12.1,12.32,-0.2199999999999988,-1.754385964912275,28584618.0
636,20180321,12.4,13.19,12.4,12.58,0.2599999999999998,2.110389610389607,51640200.0
636,20180322,12.99,13.25,12.78,13.06,0.4800000000000004,3.8155802861685295,53167404.0
636,20180323,12.6,13.23,12.19,12.62,-0.4400000000000013,-3.369065849923436,60415471.0
636,20180326,12.35,13.88,12.35,13.88,1.2600000000000016,9.984152139461177,80377342.0
636,20180327,13.7,14.27,13.46,14.14,0.2599999999999998,1.8731988472622472,95716294.0
636,20180328,13.84,14.08,13.6,13.8,-0.3399999999999998,-2.4045261669023987,48874017.0
636,20180329,13.9,14.49,13.83,13.9,0.0999999999999996,0.7246376811594235,49671640.0
636,20180330,14.05,14.88,14.0,14.53,0.629999999999999,4.532374100719427,63325110.0
636,20180402,14.55,14.96,14.13,14.28,-0.25,-1.720578114246385,65138807.0
636,20180403,14.0,14.41,13.93,14.28,0.0,0.0,36395631.0
636,20180404,14.4,14.88,14.29,14.64,0.3600000000000012,2.521008403361358,46331857.0
636,20180409,14.8,15.34,14.66,15.18,0.5399999999999991,3.688524590163933,53085571.0
636,20180410,15.1,15.14,14.22,14.44,-0.7400000000000002,-4.87483530961792,68898985.0
636,20180411,14.5,14.69,14.15,14.18,-0.2599999999999998,-1.8005540166204923,37013574.0
636,20180412,14.19,14.44,14.03,14.28,0.0999999999999996,0.7052186177715081,29150451.0
636,20180413,14.39,14.63,14.16,14.28,0.0,0.0,32964451.0
636,20180416,14.57,15.66,14.5,15.39,1.1100000000000012,7.773109243697496,60218501.0
636,20180417,15.45,15.68,14.94,15.52,0.129999999999999,0.8447043534762777,44788589.0
636,20180418,15.43,16.13,14.95,15.94,0.4199999999999999,2.7061855670102997,50701575.0
636,20180419,15.5,15.53,14.35,14.35,-1.59,-9.974905897114173,104316172.0
636,20180420,13.5,13.93,12.92,12.92,-1.4299999999999995,-9.96515679442509,87755492.0
636,20180423,12.99,13.2,12.71,12.98,0.0600000000000005,0.4643962848297267,41334559.0
636,20180424,13.08,13.61,12.97,13.45,0.4699999999999988,3.6209553158705665,44768696.0
636,20180425,13.25,13.94,13.25,13.57,0.120000000000001,0.8921933085501932,44726922.0
636,20180426,13.39,13.68,13.17,13.38,-0.1899999999999995,-1.4001473839351464,32353581.0
636,20180427,13.55,13.81,13.1,13.51,0.129999999999999,0.97159940209266,27894429.0
636,20180502,14.05,14.24,13.82,14.1,0.5899999999999999,4.367135455218363,50249498.0
636,20180503,14.11,15.41,13.97,15.15,1.0500000000000007,7.446808510638303,62187322.0
636,20180504,15.06,15.46,15.0,15.12,-0.0300000000000011,-0.1980198019802093,40142497.0
636,20180507,15.23,15.77,15.13,15.55,0.4300000000000015,2.8439153439153486,43380167.0
636,20180508,15.41,15.54,15.06,15.25,-0.3000000000000007,-1.9292604501607744,44653746.0
636,20180509,15.19,15.36,14.89,15.26,0.0099999999999997,0.0655737704918113,31672650.0
636,20180510,15.34,15.37,14.95,15.0,-0.2599999999999998,-1.7038007863695914,32486197.0
636,20180511,14.97,15.2,13.95,14.14,-0.8599999999999994,-5.733333333333334,73505533.0
636,20180514,14.25,15.48,14.25,15.29,1.1499999999999986,8.13295615275813,67892914.0
636,20180515,15.34,15.38,14.73,15.23,-0.0599999999999987,-0.3924133420536213,46275660.0
636,20180516,15.18,16.06,15.01,15.62,0.3899999999999988,2.560735390676294,68849948.0
636,20180517,15.6,15.69,14.06,14.06,-1.5599999999999987,-9.98719590268885,114104128.0
636,20180518,14.09,14.4,13.91,14.16,0.0999999999999996,0.7112375533428139,47094749.0
636,20180521,14.3,14.65,14.12,14.45,0.2899999999999991,2.0480225988700473,39494516.0
636,20180522,14.35,15.04,14.32,14.87,0.4199999999999999,2.906574394463668,44816351.0
636,20180523,14.8,14.95,14.1,14.51,-0.3599999999999994,-2.420981842636172,41400674.0
636,20180524,14.67,14.98,14.55,14.64,0.1300000000000007,0.8959338387319216,36572218.0
636,20180525,14.62,14.64,13.98,14.08,-0.5600000000000005,-3.825136612021862,46147972.0
636,20180528,14.2,14.2,13.67,13.82,-0.2599999999999998,-1.846590909090906,29462763.0
636,20180529,13.91,14.08,13.45,13.52,-0.3000000000000007,-2.170767004341534,29764490.0
636,20180530,13.25,13.79,13.02,13.44,-0.08,-0.591715976331364,31154276.0
636,20180531,13.7,13.78,13.15,13.53,0.0899999999999998,0.6696428571428603,26083556.0
636,20180601,13.36,13.38,12.75,12.91,-0.6199999999999992,-4.582409460458237,39288096.0
636,20180604,13.11,13.28,12.65,13.28,0.3699999999999992,2.865995352439965,30767613.0
636,20180605,13.51,13.95,13.44,13.91,0.6300000000000008,4.743975903614461,41468193.0
636,20180606,13.8,14.14,13.7,13.9,-0.0099999999999997,-0.0718907260963352,30325353.0
636,20180607,13.98,14.17,13.71,13.92,0.0199999999999995,0.1438848920863211,20562500.0
636,20180608,13.96,14.25,13.81,14.04,0.1199999999999992,0.8620689655172376,32446054.0
636,20180611,14.05,14.25,13.9,14.0,-0.0399999999999991,-0.2849002849002802,25853227.0
636,20180612,14.15,14.75,14.15,14.54,0.5399999999999991,3.857142857142848,50696535.0
636,20180613,14.6,14.65,14.0,14.0,-0.5399999999999991,-3.713892709766154,32032553.0
636,20180614,13.78,14.64,13.7,14.34,0.3399999999999998,2.4285714285714244,40230298.0
636,20180615,14.34,14.47,13.95,14.16,-0.1799999999999997,-1.2552301255230105,30587296.0
636,20180619,13.77,14.16,12.74,12.93,-1.2300000000000004,-8.6864406779661,50598272.0
636,20180620,12.85,13.62,12.77,13.58,0.6500000000000004,5.027068832173254,37584172.0
636,20180621,13.75,14.02,13.31,13.31,-0.2699999999999996,-1.988217967599404,36946247.0
636,20180622,13.25,14.64,13.14,14.53,1.2199999999999989,9.166040570999234,73426068.0
636,20180625,14.7,15.18,14.45,14.79,0.2599999999999998,1.789401238816235,63996354.0
636,20180626,14.6,15.22,14.47,15.03,0.2400000000000002,1.6227180527383478,52063157.0
636,20180627,14.92,15.06,14.48,14.72,-0.3099999999999987,-2.062541583499655,50856617.0
636,20180628,14.55,15.0,14.28,14.44,-0.2800000000000011,-1.9021739130434812,43609820.0
636,20180629,14.59,15.88,14.52,15.88,1.4400000000000013,9.972299168975084,102983911.0
636,20180702,16.5,17.28,16.4,16.68,0.7999999999999989,5.037783375314864,109238253.0
636,20180703,16.88,17.98,16.63,17.5,0.8200000000000003,4.916067146282965,110567182.0
636,20180704,17.49,17.49,16.57,17.25,-0.25,-1.4285714285714235,79017869.0
636,20180705,16.99,17.25,15.95,16.13,-1.120000000000001,-6.492753623188408,79212451.0
636,20180706,16.3,17.17,15.93,16.12,-0.009999999999998,-0.0619962802231754,85799899.0
636,20180709,17.4,17.73,17.03,17.73,1.6099999999999994,9.987593052109167,69484108.0
636,20180710,18.66,19.5,18.38,19.0,1.2699999999999996,7.163000564015798,126460563.0
636,20180711,18.61,19.48,18.43,19.27,0.2699999999999996,1.4210526315789451,108944444.0
636,20180712,19.1,20.36,18.97,19.96,0.6900000000000013,3.5806953814219167,91907392.0
636,20180713,19.78,21.96,19.68,21.96,2.0,10.020040080160332,86704159.0
636,20180716,22.94,24.16,22.58,23.67,1.7100000000000009,7.786885245901653,128314564.0
636,20180717,23.3,24.2,22.85,24.2,0.5299999999999976,2.2391212505280755,89717203.0
636,20180718,24.2,24.81,23.1,23.37,-0.8299999999999983,-3.429752066115699,103744812.0
636,20180719,22.9,23.35,21.84,22.61,-0.7600000000000016,-3.25203252032521,124104294.0
636,20180720,22.5,22.86,22.12,22.8,0.1900000000000012,0.8403361344537785,85419090.0
636,20180723,22.5,22.95,22.16,22.84,0.0399999999999991,0.1754385964912286,76083509.0
636,20180724,22.52,22.71,20.61,20.68,-2.16,-9.45709281961471,156810985.0
636,20180725,20.87,21.09,20.59,20.85,0.1700000000000017,0.822050290135401,84501004.0
636,20180726,20.86,21.2,20.46,20.8,-0.0500000000000007,-0.2398081534772167,83724426.0
636,20180727,20.71,21.09,20.35,20.5,-0.3000000000000007,-1.4423076923076985,64961997.0
636,20180730,20.7,21.71,20.55,21.7,1.1999999999999993,5.853658536585371,108658353.0
636,20180731,21.6,21.62,19.53,19.53,-2.169999999999998,-9.999999999999986,119331280.0
636,20180801,19.35,19.64,18.96,19.36,-0.1700000000000017,-0.8704557091653964,81273452.0
636,20180802,19.15,19.6,18.18,19.05,-0.3099999999999987,-1.6012396694214837,72776236.0
636,20180803,18.9,19.0,17.76,18.01,-1.0399999999999991,-5.459317585301838,79507624.0
636,20180806,17.97,18.27,17.4,17.7,-0.3100000000000023,-1.721265963353702,50676529.0
636,20180807,17.89,18.36,17.63,18.32,0.620000000000001,3.5028248587570587,62292407.0
636,20180808,16.49,17.16,16.49,16.49,-1.8300000000000016,-9.989082969432328,90588403.0
636,20180809,16.08,16.72,15.91,16.27,-0.2199999999999988,-1.3341419041843494,90222599.0
636,20180810,16.42,17.15,16.42,16.68,0.4100000000000001,2.5199754148740094,67226686.0
636,20180813,16.6,16.98,16.24,16.9,0.2199999999999988,1.318944844124692,58297987.0
636,20180814,17.25,17.95,17.15,17.38,0.4800000000000004,2.8402366863905293,81953539.0
636,20180815,17.23,17.9,17.0,17.6,0.2200000000000024,1.265822784810133,63486587.0
636,20180816,17.25,17.66,17.1,17.26,-0.3399999999999998,-1.931818181818179,45490925.0
636,20180817,17.53,17.6,15.53,15.53,-1.7300000000000022,-10.0231749710313,83365518.0
636,20180820,15.4,15.75,14.45,15.65,0.120000000000001,0.7726980038635034,67901049.0
636,20180821,16.0,16.43,15.88,15.9,0.25,1.5974440894568789,77445068.0
636,20180822,15.99,16.65,15.82,16.3,0.4000000000000003,2.515723270440251,64466493.0
636,20180823,16.23,16.8,15.96,16.57,0.2699999999999996,1.6564417177914017,58283278.0
636,20180824,16.48,16.49,16.04,16.11,-0.4600000000000008,-2.7761013880507,42533858.0
636,20180827,16.28,17.63,16.2,17.27,1.16,7.200496585971439,78445791.0
636,20180828,17.27,17.55,17.08,17.45,0.1799999999999997,1.0422698320787571,60766610.0
636,20180829,17.31,17.4,16.91,17.18,-0.2699999999999996,-1.5472779369627432,45597817.0
636,20180830,17.08,17.3,16.08,16.46,-0.7199999999999989,-4.190919674039573,56334655.0
636,20180831,16.58,16.84,16.34,16.37,-0.0899999999999998,-0.5467800729040073,37558902.0
636,20180903,16.18,16.53,15.73,16.38,0.009999999999998,0.0610873549175217,33258497.0
636,20180904,16.36,16.77,15.91,16.71,0.3300000000000018,2.0146520146520297,52299970.0
636,20180905,16.68,16.68,16.11,16.15,-0.5600000000000023,-3.3512866546977937,38401795.0
636,20180906,15.99,16.27,15.6,15.74,-0.4099999999999983,-2.5386996904024683,38682946.0
636,20180907,15.74,16.17,15.18,15.48,-0.2599999999999998,-1.6518424396442133,43685112.0
636,20180910,15.78,15.9,14.9,15.14,-0.3399999999999998,-2.1963824289405687,42777274.0
636,20180911,15.15,15.48,15.05,15.19,0.0499999999999989,0.3302509907529671,34850440.0
636,20180912,15.19,15.28,14.8,14.91,-0.2799999999999993,-1.8433179723502224,30531084.0
636,20180913,15.19,15.25,14.58,15.1,0.1899999999999995,1.2743125419181656,39084447.0
636,20180914,15.0,15.04,14.33,14.39,-0.7099999999999991,-4.70198675496688,42573574.0
636,20180917,14.33,14.57,14.09,14.37,-0.0200000000000013,-0.1389854065323215,23835443.0
636,20180918,14.21,14.66,13.8,14.56,0.1900000000000012,1.322199025748105,50914021.0
636,20180919,14.41,14.93,14.33,14.57,0.0099999999999997,0.0686813186813184,51643015.0
636,20180920,14.41,15.0,14.36,14.74,0.1699999999999999,1.1667810569663706,49109728.0
636,20180921,14.76,15.03,14.41,14.96,0.2200000000000006,1.49253731343284,53804835.0
636,20180925,14.77,15.38,14.73,15.22,0.2599999999999998,1.7379679144384983,44832349.0
636,20180926,15.3,15.34,14.88,15.13,-0.0899999999999998,-0.5913272010512505,43768336.0
636,20180927,15.1,15.18,14.56,14.71,-0.4199999999999999,-2.775941837409124,39642840.0
636,20180928,14.8,15.08,14.47,15.04,0.3299999999999983,2.2433718558803495,36536992.0
636,20181008,14.22,14.38,13.54,13.54,-1.5,-9.973404255319153,55416329.0
636,20181009,13.48,13.61,12.89,13.31,-0.2299999999999986,-1.698670605612984,54019985.0
636,20181010,13.34,13.46,13.05,13.35,0.0399999999999991,0.3005259203606281,29355153.0
636,20181011,12.61,12.98,12.1,12.39,-0.9599999999999992,-7.191011235955047,52158705.0
636,20181012,12.51,12.83,12.32,12.58,0.1899999999999995,1.533494753833731,39937978.0
636,20181015,13.0,13.84,12.99,13.55,0.9700000000000006,7.710651828298887,78945607.0
636,20181016,13.51,13.65,13.14,13.38,-0.1699999999999999,-1.2546125461254554,49723986.0
636,20181017,13.71,13.83,13.1,13.56,0.1799999999999997,1.3452914798206317,55299849.0
636,20181018,13.3,13.47,13.04,13.1,-0.4600000000000008,-3.392330383480835,34432423.0
636,20181019,12.9,13.7,12.8,13.6,0.5,3.8167938931297662,59921973.0
636,20181022,13.81,14.96,13.63,14.58,0.9800000000000004,7.205882352941173,108035256.0
636,20181023,14.43,14.76,13.83,14.1,-0.4800000000000004,-3.292181069958855,78550790.0
636,20181024,14.09,14.25,13.81,13.96,-0.1399999999999988,-0.99290780141843,39884430.0
636,20181025,13.3,13.73,13.15,13.57,-0.3900000000000005,-2.793696275071633,48401843.0
636,20181026,13.79,13.95,13.56,13.84,0.2699999999999996,1.9896831245394209,37848544.0
636,20181029,13.5,13.74,13.16,13.25,-0.5899999999999999,-4.263005780346818,37540230.0
636,20181030,13.21,13.33,12.68,13.1,-0.1500000000000003,-1.132075471698113,43860077.0
636,20181031,13.25,13.94,13.08,13.76,0.6600000000000001,5.038167938931304,56337030.0
636,20181101,13.86,14.35,13.85,13.88,0.120000000000001,0.8720930232558155,72530947.0
636,20181102,14.21,14.55,14.11,14.45,0.5699999999999985,4.106628242074928,76630131.0
636,20181105,14.39,14.41,13.82,14.12,-0.33,-2.283737024221455,64879657.0
636,20181106,13.98,13.98,13.63,13.96,-0.1599999999999983,-1.1331444759206666,39725150.0
636,20181107,13.85,13.85,13.22,13.5,-0.4600000000000008,-3.2951289398280847,75853561.0
636,20181108,13.51,13.58,12.89,12.97,-0.5299999999999994,-3.9259259259259216,74906442.0
636,20181109,12.71,13.08,12.63,12.87,-0.1000000000000014,-0.7710100231303141,33522438.0
636,20181112,12.81,13.16,12.71,13.15,0.2800000000000011,2.175602175602176,37157630.0
636,20181113,12.9,13.27,12.83,13.12,-0.0300000000000011,-0.2281368821292817,49028929.0
636,20181114,13.11,13.77,13.01,13.47,0.3500000000000014,2.6676829268292845,66983631.0
636,20181115,13.35,13.44,13.08,13.31,-0.1600000000000001,-1.187824795842618,59907961.0
636,20181116,13.32,13.74,13.27,13.66,0.3499999999999996,2.6296018031555235,68373295.0
636,20181119,13.55,13.67,13.09,13.19,-0.4700000000000006,-3.4407027818448066,64211377.0
636,20181120,13.0,13.04,12.74,12.76,-0.4299999999999997,-3.260045489006824,42364568.0
636,20181121,12.66,12.75,12.51,12.74,-0.0199999999999995,-0.1567398119122209,26140112.0
636,20181122,12.79,12.9,12.6,12.72,-0.0199999999999995,-0.1569858712715865,24789439.0
636,20181123,12.7,12.7,11.78,11.8,-0.92,-7.232704402515722,46468410.0
636,20181126,11.7,11.95,11.47,11.55,-0.25,-2.1186440677966045,33045880.0
636,20181127,11.68,11.72,11.24,11.37,-0.1800000000000015,-1.55844155844157,37210912.0
636,20181128,11.41,12.26,11.3,12.04,0.6699999999999999,5.892700087950753,56937747.0
636,20181129,11.98,12.08,11.48,11.51,-0.5299999999999994,-4.401993355481726,43078099.0
636,20181130,11.46,11.77,11.4,11.72,0.2100000000000008,1.8245004344048743,31730501.0
636,20181203,12.12,12.32,11.9,12.15,0.4299999999999997,3.668941979522189,50763382.0
636,20181204,12.12,12.29,11.98,12.29,0.1399999999999988,1.152263374485596,41846407.0
636,20181205,12.03,12.16,11.96,12.03,-0.2599999999999998,-2.11554109031733,34817484.0
636,20181206,11.92,12.65,11.74,12.32,0.2900000000000009,2.4106400665004246,76442752.0
636,20181207,12.34,12.48,12.13,12.17,-0.1500000000000003,-1.2175324675324672,38990444.0
636,20181210,11.93,12.1,11.7,11.85,-0.3200000000000003,-2.62941659819228,33031509.0
636,20181211,11.92,12.07,11.79,11.97,0.120000000000001,1.0126582278481069,24151271.0
636,20181212,11.96,12.07,11.8,11.82,-0.1500000000000003,-1.253132832080206,22238617.0
636,20181213,11.82,12.04,11.71,11.91,0.0899999999999998,0.761421319796951,28484845.0
636,20181214,11.91,12.17,11.81,11.82,-0.0899999999999998,-0.7556675062972307,34475851.0
636,20181217,11.68,11.72,11.44,11.54,-0.2800000000000011,-2.368866328257202,28816660.0
636,20181218,11.42,11.58,11.29,11.45,-0.0899999999999998,-0.7798960138648114,19759249.0
636,20181219,11.45,11.49,11.24,11.26,-0.1899999999999995,-1.6593886462882068,18669257.0
636,20181220,11.2,11.43,11.2,11.33,0.0700000000000002,0.6216696269982336,18186861.0
636,20181221,11.24,11.34,11.01,11.08,-0.25,-2.206531332744921,22156208.0
636,20181224,11.01,11.37,11.01,11.31,0.2300000000000004,2.0758122743682383,26483961.0
636,20181225,11.15,11.57,10.9,11.53,0.2199999999999988,1.945181255526074,41746617.0
636,20181226,11.46,11.53,11.24,11.26,-0.2699999999999996,-2.341717259323506,24263137.0
636,20181227,11.45,11.47,10.98,10.98,-0.2799999999999993,-2.48667850799289,25822463.0
636,20181228,11.0,11.09,10.72,10.74,-0.2400000000000002,-2.1857923497267784,23384060.0
636,20190102,10.78,10.9,10.68,10.75,0.0099999999999997,0.0931098696461907,16711396.0
636,20190103,10.8,11.04,10.75,11.04,0.2899999999999991,2.6976744186046453,29743863.0
636,20190104,10.88,11.37,10.81,11.3,0.2600000000000015,2.3550724637681375,39045585.0
636,20190107,11.34,11.85,11.24,11.64,0.3399999999999998,3.0088495575221197,49227039.0
636,20190108,11.49,11.49,11.31,11.38,-0.2599999999999998,-2.2336769759450203,32852925.0
636,20190109,11.38,11.77,11.34,11.43,0.0499999999999989,0.4393673110720364,45683779.0
636,20190110,11.44,12.17,11.39,11.8,0.370000000000001,3.237095363079634,61376712.0
636,20190111,11.78,12.08,11.69,11.89,0.0899999999999998,0.7627118644067732,49992481.0
636,20190114,11.89,11.89,11.4,11.51,-0.3800000000000008,-3.195962994112711,39513983.0
636,20190115,11.43,11.71,11.4,11.7,0.1899999999999995,1.650738488271064,28447026.0
636,20190116,11.6,11.7,11.45,11.48,-0.2199999999999988,-1.8803418803418737,27283642.0
636,20190117,11.45,11.5,11.11,11.11,-0.370000000000001,-3.222996515679455,30971802.0
636,20190118,11.09,11.52,11.04,11.46,0.3500000000000014,3.150315031503159,38081726.0
636,20190121,11.44,11.93,11.36,11.81,0.3499999999999996,3.054101221640493,50704765.0
636,20190122,11.76,11.76,11.51,11.58,-0.2300000000000004,-1.9475021168501303,29719554.0
636,20190123,11.53,11.73,11.45,11.63,0.0500000000000007,0.4317789291882645,26003868.0
636,20190124,11.5,11.97,11.45,11.83,0.1999999999999993,1.7196904557179593,48914243.0
636,20190125,11.76,11.88,11.6,11.7,-0.1300000000000007,-1.098901098901106,36734447.0
636,20190128,11.75,11.85,11.56,11.6,-0.0999999999999996,-0.8547008547008517,26857938.0
636,20190129,11.56,11.56,10.44,10.45,-1.1500000000000004,-9.913793103448276,73555637.0
636,20190130,10.75,10.81,10.45,10.5,0.0500000000000007,0.4784688995215447,40194242.0
636,20190131,10.4,10.4,9.86,10.22,-0.2799999999999993,-2.6666666666666616,37276745.0
636,20190201,10.2,10.55,10.2,10.45,0.2299999999999986,2.250489236790587,30574310.0
636,20190211,10.38,10.73,10.29,10.72,0.2700000000000013,2.583732057416288,43760497.0
636,20190212,10.7,11.27,10.63,11.2,0.4799999999999986,4.477611940298498,68356945.0
636,20190213,11.65,12.32,11.42,12.32,1.120000000000001,10.000000000000009,140353544.0
636,20190214,12.45,12.78,12.07,12.24,-0.08,-0.6493506493506551,119700195.0
636,20190215,12.27,13.16,12.11,12.55,0.3100000000000005,2.5326797385621047,117540683.0
636,20190218,12.88,13.75,12.81,13.52,0.9699999999999988,7.729083665338643,120043348.0
636,20190219,13.59,14.87,13.39,14.75,1.2300000000000004,9.097633136094686,139259730.0
636,20190220,14.48,14.84,14.03,14.35,-0.4000000000000003,-2.7118644067796627,99390856.0
636,20190221,14.3,15.45,14.2,14.77,0.4199999999999999,2.9268292682926855,125230867.0
636,20190222,14.51,14.97,14.19,14.84,0.0700000000000002,0.4739336492890933,110119384.0
636,20190225,15.11,15.6,14.49,15.14,0.3000000000000007,2.021563342318067,164887928.0
636,20190226,14.9,15.07,14.21,14.53,-0.6100000000000012,-4.029062087186275,128783422.0
636,20190227,14.39,14.95,14.21,14.47,-0.0599999999999987,-0.4129387474191226,83214397.0
636,20190228,14.35,14.5,13.66,13.93,-0.5400000000000009,-3.731859018659301,86810629.0
636,20190301,13.97,14.16,13.59,13.91,-0.0199999999999995,-0.1435750179468731,61553963.0
636,20190304,14.08,14.5,13.79,14.1,0.1899999999999995,1.3659237958303372,97248349.0
636,20190305,14.0,15.51,13.87,15.51,1.41,10.000000000000009,149881157.0
636,20190306,15.9,16.08,15.02,15.53,0.0199999999999995,0.1289490651192659,146989621.0
636,20190307,15.3,15.65,15.0,15.41,-0.1199999999999992,-0.7726980038634812,105905636.0
636,20190308,14.96,16.5,14.72,15.32,-0.0899999999999998,-0.5840363400389403,144979153.0
636,20190311,15.69,16.85,15.46,16.61,1.2899999999999991,8.420365535248031,131927891.0
636,20190312,16.47,16.47,16.0,16.35,-0.259999999999998,-1.5653220951234117,129096016.0
636,20190313,16.14,16.15,15.3,15.46,-0.8900000000000006,-5.443425076452602,86667336.0
636,20190314,15.2,15.38,14.83,15.38,-0.08,-0.5174644243208237,59960228.0
636,20190315,15.39,15.59,15.08,15.27,-0.1100000000000012,-0.7152145643693153,53944371.0
636,20190318,15.21,15.44,14.82,15.4,0.1300000000000007,0.8513425016372089,56528121.0
636,20190319,15.27,15.96,15.26,15.68,0.2799999999999993,1.8181818181818077,64208305.0
636,20190320,15.55,15.74,15.0,15.27,-0.4100000000000001,-2.614795918367352,54721598.0
636,20190321,15.29,15.75,15.29,15.58,0.3100000000000005,2.030124426981006,62241453.0
636,20190322,15.63,16.88,15.5,16.52,0.9399999999999996,6.033376123234913,109798613.0
636,20190325,16.16,16.45,16.02,16.07,-0.4499999999999993,-2.723970944309928,67087507.0
636,20190326,16.28,16.48,15.01,15.1,-0.9700000000000006,-6.036092097075296,79746138.0
636,20190327,15.17,15.48,14.5,15.19,0.0899999999999998,0.596026490066226,58548235.0
636,20190328,15.01,15.69,14.88,15.2,0.0099999999999997,0.0658327847267825,54740819.0
636,20190329,15.11,15.62,14.77,15.56,0.3600000000000012,2.3684210526315974,60718565.0
636,20190401,15.57,16.2,15.56,16.12,0.5600000000000005,3.598971722365052,71783541.0
636,20190402,16.19,16.66,15.8,16.3,0.1799999999999997,1.1166253101736912,96698475.0
636,20190403,16.3,17.69,16.21,17.13,0.8299999999999983,5.092024539877293,115721810.0
636,20190404,17.14,17.36,16.76,16.95,-0.1799999999999997,-1.0507880910682998,77250046.0
636,20190408,17.06,17.18,16.14,16.4,-0.5500000000000007,-3.2448377581120957,71039630.0
636,20190409,16.3,16.76,16.1,16.55,0.1500000000000021,0.9146341463414752,45327413.0
636,20190410,16.4,16.68,16.05,16.4,-0.1500000000000021,-0.9063444108761476,45067106.0
636,20190411,16.12,16.23,15.31,15.35,-1.049999999999999,-6.4024390243902385,75773951.0
636,20190412,15.22,15.56,15.16,15.53,0.1799999999999997,1.1726384364820763,32624175.0
636,20190415,15.6,15.83,15.21,15.23,-0.2999999999999989,-1.931745009658714,42469297.0
636,20190416,15.0,15.89,14.82,15.81,0.5800000000000001,3.808273145108343,53824856.0
636,20190417,15.79,16.09,15.6,15.71,-0.0999999999999996,-0.6325110689437086,45743282.0
636,20190418,15.6,16.35,15.35,16.09,0.379999999999999,2.418841502227864,70484896.0
636,20190419,15.91,16.06,15.63,15.89,-0.1999999999999993,-1.24300807955251,40482203.0
636,20190422,15.91,15.95,15.38,15.62,-0.2700000000000013,-1.6991818753933408,43524454.0
636,20190423,15.64,15.64,15.13,15.16,-0.4599999999999991,-2.944942381562099,32978908.0
636,20190424,15.24,15.47,15.05,15.35,0.1899999999999995,1.253298153034299,27422116.0
636,20190425,15.08,15.25,14.66,14.66,-0.6899999999999995,-4.4951140065146555,43198240.0
636,20190426,14.48,14.49,14.02,14.02,-0.6400000000000006,-4.365620736698506,43694813.0
636,20190429,14.02,14.09,13.12,13.26,-0.7599999999999998,-5.42082738944365,43457183.0
636,20190430,13.3,13.53,13.26,13.45,0.1899999999999995,1.4328808446455454,24593522.0
636,20190506,12.7,12.7,12.11,12.11,-1.34,-9.962825278810406,44941252.0
636,20190507,12.11,12.27,11.77,12.01,-0.0999999999999996,-0.8257638315441795,34205295.0
636,20190508,11.63,12.35,11.51,12.02,0.0099999999999997,0.0832639467110762,31954854.0
636,20190509,11.85,12.3,11.85,11.92,-0.0999999999999996,-0.8319467554076532,24128792.0
636,20190510,12.12,12.57,11.68,12.49,0.5700000000000003,4.781879194630867,48340591.0
636,20190513,12.44,12.44,12.0,12.15,-0.3399999999999998,-2.7221777421937543,35069277.0
636,20190514,11.85,12.14,11.83,11.97,-0.1799999999999997,-1.4814814814814836,22081160.0
636,20190515,12.1,12.19,12.02,12.16,0.1899999999999995,1.5873015873015817,29950900.0
636,20190516,12.09,12.95,12.04,12.67,0.5099999999999998,4.194078947368429,66500714.0
636,20190517,12.58,12.88,12.15,12.21,-0.4599999999999991,-3.630623520126275,46612012.0
636,20190520,12.33,12.96,12.13,12.93,0.7199999999999989,5.896805896805879,60763417.0
636,20190521,12.5,13.59,12.33,13.14,0.2100000000000008,1.6241299303944468,85496974.0
636,20190522,13.0,13.36,12.71,12.83,-0.3100000000000005,-2.3592085235920934,57652196.0
636,20190523,12.85,12.91,12.3,12.33,-0.5,-3.897116134060796,43238011.0
636,20190524,12.16,12.33,11.92,11.95,-0.3800000000000008,-3.081914030819144,31324421.0
636,20190527,12.03,12.47,11.92,12.39,0.4400000000000013,3.682008368200851,36934218.0
636,20190528,12.44,12.57,12.28,12.35,-0.0400000000000009,-0.3228410008071058,33503028.0
636,20190529,12.42,13.2,12.42,13.02,0.6699999999999999,5.42510121457489,68155212.0
636,20190530,12.88,12.88,12.1,12.47,-0.5499999999999989,-4.224270353302606,59331754.0
636,20190531,12.29,12.7,12.24,12.4,-0.0700000000000002,-0.5613472333600655,35133019.0
636,20190603,12.3,12.36,11.92,12.05,-0.3499999999999996,-2.822580645161288,37644424.0
636,20190604,12.1,12.25,11.9,12.01,-0.0400000000000009,-0.3319502074688896,25484416.0
636,20190605,12.18,12.24,11.96,12.03,0.0199999999999995,0.1665278934221525,23438259.0
636,20190606,12.0,12.0,11.55,11.68,-0.3499999999999996,-2.9093931837073983,27238867.0
636,20190610,11.79,12.07,11.71,11.96,0.2800000000000011,2.397260273972623,24158713.0
636,20190611,11.83,12.69,11.8,12.57,0.6099999999999994,5.100334448160537,53841658.0
636,20190612,12.48,13.16,12.43,12.64,0.0700000000000002,0.5568814638027053,73286548.0
636,20190613,12.49,12.58,12.26,12.43,-0.2100000000000008,-1.6613924050633,43923630.0
636,20190614,12.35,12.44,11.95,11.97,-0.4599999999999991,-3.7007240547063502,38917771.0
636,20190617,11.9,12.09,11.83,11.98,0.0099999999999997,0.0835421888053522,15372200.0
636,20190618,11.93,11.98,11.79,11.95,-0.0300000000000011,-0.2504173622704608,13662148.0
636,20190619,12.28,12.36,12.03,12.05,0.1000000000000014,0.8368200836820217,27459300.0
636,20190620,12.0,12.29,11.92,12.19,0.1399999999999988,1.1618257261410747,31583615.0
636,20190621,12.25,12.68,12.22,12.42,0.2300000000000004,1.8867924528301885,39290618.0
636,20190624,12.4,12.44,12.17,12.28,-0.1400000000000005,-1.1272141706924366,23179551.0
636,20190625,12.29,12.31,11.95,12.1,-0.1799999999999997,-1.4657980456026063,22484500.0
636,20190626,12.0,12.16,11.88,12.05,-0.0499999999999989,-0.4132231404958553,14069731.0
636,20190627,12.09,12.48,12.08,12.34,0.2899999999999991,2.406639004149369,35142800.0
636,20190628,12.32,12.33,12.01,12.1,-0.2400000000000002,-1.944894651539708,24271457.0
636,20190701,12.41,12.69,12.31,12.67,0.5700000000000003,4.710743801652906,55443538.0
636,20190702,12.6,12.62,12.44,12.5,-0.1699999999999999,-1.3417521704814472,29847916.0
636,20190703,12.48,12.49,12.21,12.26,-0.2400000000000002,-1.9199999999999997,23103865.0
636,20190704,12.28,12.43,12.25,12.42,0.1600000000000001,1.3050570962479524,18550584.0
636,20190705,12.38,12.48,12.33,12.42,0.0,0.0,17569412.0
636,20190708,12.31,12.31,11.79,11.91,-0.5099999999999998,-4.106280193236711,34268222.0
636,20190709,11.89,11.99,11.7,11.93,0.0199999999999995,0.1679261125104858,16225517.0
636,20190710,12.0,12.08,11.74,11.76,-0.1699999999999999,-1.4249790444258117,12229465.0
636,20190711,11.86,11.93,11.68,11.69,-0.0700000000000002,-0.5952380952380931,12458600.0
636,20190712,11.6,11.61,10.52,10.52,-1.17,-10.008554319931562,22976900.0
636,20190715,9.5,10.45,9.5,10.32,-0.1999999999999993,-1.9011406844106404,68040642.0
636,20190716,10.07,10.55,10.0,10.46,0.1400000000000005,1.356589147286824,39477164.0
636,20190717,10.4,10.96,10.36,10.75,0.2899999999999991,2.7724665391969383,36099165.0
636,20190718,10.7,10.77,10.4,10.4,-0.3499999999999996,-3.2558139534883734,24795976.0
636,20190719,10.54,10.65,10.37,10.37,-0.0300000000000011,-0.2884615384615485,19867502.0
636,20190722,10.41,10.47,9.9,10.1,-0.2699999999999996,-2.6036644165863043,19952673.0
636,20190723,10.01,10.24,10.0,10.17,0.0700000000000002,0.6930693069306937,11999395.0
636,20190724,10.18,10.5,10.18,10.42,0.25,2.4582104228122015,19620184.0
636,20190725,10.42,10.74,10.42,10.69,0.2699999999999996,2.5911708253358867,25991547.0
636,20190726,10.64,10.64,10.46,10.57,-0.1199999999999992,-1.1225444340505095,15262936.0
636,20190729,10.6,10.71,10.52,10.64,0.0700000000000002,0.6622516556291425,12830387.0
636,20190730,10.68,10.75,10.57,10.62,-0.0200000000000013,-0.1879699248120481,13517432.0
636,20190731,10.67,10.67,10.45,10.52,-0.0999999999999996,-0.941619585687381,11648412.0
636,20190801,10.42,10.78,10.41,10.72,0.200000000000001,1.9011406844106515,21462617.0
636,20190802,10.52,10.54,10.3,10.44,-0.2800000000000011,-2.611940298507476,20721602.0
636,20190805,10.38,10.69,10.38,10.51,0.0700000000000002,0.6704980842911823,20836217.0
636,20190806,10.28,10.28,9.8,10.13,-0.379999999999999,-3.615604186489052,29444595.0
636,20190807,10.19,10.28,10.05,10.05,-0.08,-0.7897334649555776,12798891.0
636,20190808,10.1,10.18,9.98,10.0,-0.0500000000000007,-0.4975124378109541,16714113.0
636,20190809,10.03,10.14,9.79,9.81,-0.1899999999999995,-1.8999999999999904,17217803.0
636,20190812,9.75,10.27,9.75,10.26,0.4499999999999993,4.587155963302747,22794735.0
636,20190813,10.12,10.69,10.12,10.48,0.2200000000000006,2.144249512670582,33872397.0
636,20190814,10.69,10.75,10.46,10.5,0.0199999999999995,0.190839694656475,26469167.0
636,20190815,10.25,10.63,10.22,10.61,0.1099999999999994,1.0476190476190528,25920658.0
636,20190816,10.55,10.95,10.52,10.82,0.2100000000000008,1.9792648444863392,37856616.0
636,20190819,10.95,11.28,10.82,11.16,0.3399999999999998,3.142329020332713,44150682.0
636,20190820,11.08,11.26,10.9,10.92,-0.2400000000000002,-2.1505376344086,36996005.0
636,20190821,10.87,11.9,10.84,11.7,0.7799999999999994,7.14285714285714,61511441.0
636,20190822,11.63,12.78,11.55,12.33,0.6300000000000008,5.384615384615388,74787147.0
636,20190823,12.39,13.56,12.27,13.56,1.2300000000000004,9.97566909975669,111177804.0
636,20190826,13.17,13.56,12.82,13.1,-0.4600000000000008,-3.392330383480835,107093311.0
636,20190827,13.0,13.12,12.75,12.83,-0.2699999999999996,-2.0610687022900698,95487688.0
636,20190828,12.71,12.76,12.0,12.06,-0.7699999999999996,-6.001558846453625,79902034.0
636,20190829,12.56,13.27,12.56,13.27,1.209999999999999,10.033167495854055,126551538.0
636,20190830,13.3,13.45,12.12,12.34,-0.9299999999999996,-7.008289374529008,118574689.0
636,20190902,12.12,12.68,12.09,12.4,0.0600000000000005,0.4862236628849326,68018673.0
636,20190903,12.42,13.64,12.4,13.12,0.7199999999999989,5.806451612903207,104342140.0
636,20190904,13.2,13.97,12.97,13.69,0.5700000000000003,4.344512195121952,109508006.0
636,20190905,13.8,14.08,13.5,13.51,-0.1799999999999997,-1.3148283418553677,109586123.0
636,20190906,13.73,14.13,13.43,13.65,0.1400000000000005,1.0362694300518172,77388658.0
636,20190909,13.74,14.75,13.63,14.54,0.8899999999999988,6.520146520146519,99065593.0
636,20190910,14.5,15.36,14.33,14.68,0.1400000000000005,0.9628610729023324,96076897.0
636,20190911,14.61,15.16,14.61,14.71,0.0300000000000011,0.2043596730245234,61381096.0
636,20190912,14.89,14.91,14.28,14.42,-0.2900000000000009,-1.971447994561526,48029486.0
636,20190916,14.63,14.63,14.05,14.45,0.0299999999999993,0.2080443828016642,44922710.0
636,20190917,14.4,14.4,13.84,13.99,-0.4599999999999991,-3.183391003460201,39215494.0
636,20190918,14.01,14.26,13.71,14.06,0.0700000000000002,0.5003573981415377,36651291.0
636,20190919,13.96,14.25,13.9,14.18,0.1199999999999992,0.8534850640113723,37773902.0
636,20190920,14.1,14.23,13.92,13.99,-0.1899999999999995,-1.3399153737658651,29472818.0
636,20190923,13.9,13.9,13.38,13.67,-0.3200000000000003,-2.287348105789855,41016677.0
636,20190924,13.6,14.21,13.6,14.09,0.4199999999999999,3.07242136064374,50465438.0
636,20190925,14.01,14.01,13.31,13.31,-0.7799999999999994,-5.53584102200142,38154685.0
636,20190926,13.41,13.61,12.85,13.0,-0.3100000000000005,-2.3290758827948954,31717096.0
636,20190927,13.17,14.3,13.05,14.3,1.3000000000000007,10.000000000000009,95516719.0
636,20190930,14.57,14.72,14.15,14.31,0.0099999999999997,0.0699300699300575,78025349.0
636,20191008,14.68,14.85,13.78,13.91,-0.4000000000000003,-2.795248078266943,59131540.0
636,20191009,13.7,14.09,13.28,13.94,0.0299999999999993,0.2156721782889947,37473265.0
636,20191010,13.99,14.18,13.68,14.17,0.2300000000000004,1.6499282639885315,47695013.0
636,20191011,14.47,15.59,14.22,15.4,1.2300000000000004,8.680310515172906,127038957.0
636,20191014,15.31,15.6,15.06,15.25,-0.1500000000000003,-0.9740259740259716,91625607.0
636,20191015,14.35,14.39,13.73,13.73,-1.5199999999999996,-9.967213114754092,105077735.0
636,20191016,13.85,13.91,13.36,13.59,-0.1400000000000005,-1.0196649672250535,39323996.0
636,20191017,13.58,13.7,13.12,13.25,-0.3399999999999998,-2.5018395879322974,37879443.0
636,20191018,13.23,13.26,12.66,12.82,-0.4299999999999997,-3.245283018867917,36169746.0
636,20191021,12.78,12.78,12.35,12.71,-0.1099999999999994,-0.858034321372847,25587722.0
636,20191022,12.7,12.99,12.69,12.86,0.1499999999999985,1.1801730920534936,21046935.0
636,20191023,12.82,13.14,12.72,12.91,0.0500000000000007,0.3888024883359264,21721846.0
636,20191024,12.92,12.94,12.39,12.7,-0.2100000000000008,-1.6266460108443126,25334869.0
636,20191025,12.75,13.1,12.69,13.06,0.3600000000000012,2.834645669291347,33694835.0
636,20191028,13.0,13.44,12.86,13.33,0.2699999999999996,2.0673813169984623,34352881.0
636,20191029,13.35,13.42,13.03,13.03,-0.3000000000000007,-2.2505626406601698,24540952.0
636,20191030,12.96,12.97,12.7,12.8,-0.2299999999999986,-1.765157329240208,17771495.0
636,20191031,12.84,12.93,12.56,12.57,-0.2300000000000004,-1.7968749999999978,15790932.0
636,20191101,12.42,12.42,11.76,12.28,-0.2900000000000009,-2.3070803500397807,41626867.0
636,20191104,12.27,12.66,12.23,12.39,0.1100000000000012,0.8957654723127151,24321327.0
636,20191105,12.49,12.59,12.21,12.25,-0.1400000000000005,-1.1299435028248594,21782838.0
636,20191106,12.29,12.48,11.97,12.07,-0.1799999999999997,-1.4693877551020362,19420473.0
636,20191107,12.0,12.33,11.91,12.25,0.1799999999999997,1.4913007456503813,16817292.0
636,20191108,12.35,12.44,12.08,12.1,-0.1500000000000003,-1.224489795918371,17960441.0
636,20191111,11.96,11.98,11.61,11.62,-0.4800000000000004,-3.966942148760333,19342228.0
636,20191112,11.71,11.77,11.21,11.61,-0.0099999999999997,-0.0860585197934526,21413167.0
636,20191113,11.57,11.63,11.39,11.54,-0.0700000000000002,-0.6029285099052539,12708522.0
636,20191114,11.53,12.5,11.44,12.22,0.6800000000000015,5.892547660311975,38344610.0
636,20191115,12.07,12.78,12.06,12.52,0.2999999999999989,2.45499181669393,45044001.0
636,20191118,12.55,12.63,12.34,12.45,-0.0700000000000002,-0.5591054313099031,20722209.0
636,20191119,12.5,12.68,12.4,12.67,0.2200000000000006,1.7670682730923648,20058363.0
636,20191120,12.7,13.01,12.47,12.5,-0.1699999999999999,-1.3417521704814472,29874664.0
636,20191121,12.44,12.64,12.35,12.5,0.0,0.0,15954885.0
636,20191122,12.5,12.95,12.31,12.47,-0.0299999999999993,-0.2399999999999957,26168744.0
636,20191125,12.48,12.62,11.7,12.1,-0.370000000000001,-2.967121090617486,28347091.0
636,20191126,12.07,12.4,12.06,12.29,0.1899999999999995,1.5702479338842943,16611818.0
636,20191127,12.32,13.05,12.28,12.9,0.6100000000000012,4.9633848657445245,49464619.0
636,20191128,12.81,13.14,12.78,12.95,0.0499999999999989,0.3875968992248069,36105271.0
636,20191129,12.99,13.38,12.82,13.26,0.3100000000000005,2.393822393822398,43063077.0
636,20191202,13.22,14.5,13.12,13.96,0.7000000000000011,5.2790346907994,73985415.0
636,20191203,13.81,14.49,13.8,14.4,0.4399999999999995,3.151862464183375,59592814.0
636,20191204,14.18,14.44,13.88,13.98,-0.4199999999999999,-2.9166666666666674,44814813.0
636,20191205,14.09,14.14,13.83,14.1,0.1199999999999992,0.8583690987124415,43981597.0
636,20191206,14.1,14.5,13.78,14.37,0.2699999999999996,1.9148936170212627,56221566.0
636,20191209,14.41,14.63,14.07,14.45,0.08,0.5567153792623625,46219766.0
636,20191210,14.36,14.8,14.2,14.72,0.2700000000000013,1.86851211072665,49874327.0
636,20191211,14.65,14.73,14.03,14.07,-0.6500000000000004,-4.415760869565222,45817422.0
636,20191212,13.95,14.68,13.95,14.23,0.1600000000000001,1.1371712864250094,45532487.0
636,20191213,14.37,14.42,13.95,14.36,0.129999999999999,0.9135628952916308,44628316.0
636,20191216,14.27,15.13,14.27,14.94,0.5800000000000001,4.038997214484685,63162888.0
636,20191217,14.89,15.21,14.72,15.06,0.120000000000001,0.8032128514056325,54970330.0
636,20191218,14.96,15.18,14.76,14.81,-0.25,-1.660026560424965,45043066.0
636,20191219,14.81,14.92,14.29,14.47,-0.3399999999999998,-2.2957461174881844,45738691.0
636,20191220,14.4,14.58,14.21,14.41,-0.0600000000000005,-0.414651002073263,26987306.0
636,20191223,14.24,14.55,13.8,13.91,-0.5,-3.4698126301179744,33092382.0
636,20191224,14.0,14.38,13.88,14.3,0.3900000000000005,2.8037383177570208,27553526.0
636,20191225,14.61,15.53,14.52,15.17,0.8699999999999992,6.083916083916074,83625476.0
636,20191226,15.03,15.27,14.77,15.11,-0.0600000000000005,-0.3955174686882001,53295771.0
636,20191227,15.02,15.32,14.67,14.67,-0.4399999999999995,-2.911978821972206,43777881.0
636,20191230,14.3,15.18,14.1,15.15,0.4800000000000004,3.2719836400818103,55160962.0
636,20191231,15.02,15.24,14.71,14.89,-0.2599999999999998,-1.7161716171617103,36106681.0
636,20200102,15.03,15.82,14.85,15.48,0.5899999999999999,3.96239086635326,76001732.0
636,20200103,16.5,17.03,16.28,17.03,1.5500000000000007,10.012919896640838,56719610.0
636,20200106,17.5,18.18,17.01,17.28,0.25,1.4679976512037562,129782089.0
636,20200107,17.94,18.48,16.8,17.18,-0.1000000000000014,-0.578703703703709,110653319.0
636,20200108,17.04,18.39,17.04,18.15,0.9699999999999988,5.646100116414421,135238813.0
636,20200109,17.83,17.99,17.41,17.75,-0.3999999999999986,-2.2038567493112837,86486212.0
636,20200110,17.55,17.84,17.08,17.36,-0.3900000000000005,-2.1971830985915486,58208143.0
636,20200113,17.1,18.04,17.1,17.81,0.4499999999999993,2.5921658986175045,61613280.0
636,20200114,17.99,18.25,17.51,18.11,0.3000000000000007,1.6844469399214024,65268816.0
636,20200115,18.41,18.75,17.88,18.03,-0.0799999999999983,-0.4417448923246692,68211360.0
636,20200116,17.9,18.26,17.42,17.57,-0.4600000000000008,-2.5513033832501475,57327977.0
636,20200117,17.65,17.79,17.08,17.14,-0.4299999999999997,-2.447353443369382,46570173.0
636,20200120,17.15,17.53,16.7,17.46,0.3200000000000003,1.866977829638272,51002719.0
636,20200121,17.35,17.97,17.22,17.65,0.1899999999999977,1.088201603665517,53417801.0
636,20200122,17.4,18.35,17.09,18.15,0.5,2.8328611898017053,59476453.0
636,20200123,17.61,17.65,16.34,16.34,-1.8099999999999987,-9.972451790633608,87317334.0
636,20200203,14.71,14.71,14.71,14.71,-1.629999999999999,-9.975520195838428,2762800.0
636,20200204,13.3,14.43,13.3,14.04,-0.6700000000000017,-4.554724677090427,76711115.0
636,20200205,14.18,15.07,14.11,14.5,0.4600000000000008,3.276353276353272,58686185.0
636,20200206,14.49,14.98,14.22,14.7,0.1999999999999993,1.379310344827589,54649543.0
636,20200207,14.63,16.17,14.46,16.17,1.4700000000000024,10.000000000000009,90362789.0
636,20200210,16.18,17.16,16.05,16.67,0.5,3.092145949288816,85486484.0
636,20200211,17.75,18.2,16.94,17.5,0.8299999999999983,4.979004199160153,86564269.0
636,20200212,17.86,19.25,17.62,19.25,1.75,10.000000000000009,132293706.0
636,20200213,19.4,19.4,18.28,18.69,-0.5599999999999987,-2.9090909090909056,100107038.0
636,20200214,19.19,19.77,18.53,18.86,0.1699999999999981,0.9095773140716856,93974027.0
636,20200217,19.01,20.35,19.01,19.95,1.09,5.779427359490996,90161915.0
636,20200218,19.95,20.79,19.5,20.6,0.6500000000000021,3.2581453634085378,94187168.0
636,20200219,20.24,20.38,19.66,19.68,-0.9200000000000016,-4.466019417475731,76408006.0
636,20200220,20.64,21.65,20.21,21.33,1.6499999999999986,8.384146341463406,124534041.0
636,20200221,21.7,23.4,21.7,22.4,1.0700000000000005,5.016408813877171,117637464.0
636,20200224,23.42,24.64,22.6,24.64,2.240000000000002,10.000000000000009,123669663.0
636,20200225,24.0,27.1,23.56,27.1,2.460000000000001,9.983766233766245,168431767.0
636,20200226,26.55,27.88,24.68,25.35,-1.75,-6.457564575645758,148615953.0
636,20200227,25.9,27.89,24.01,26.8,1.4499999999999993,5.719921104536496,167975795.0
636,20200228,24.68,25.83,24.12,24.12,-2.6799999999999997,-9.999999999999998,140351651.0
636,20200302,24.72,25.07,22.8,24.09,-0.0300000000000011,-0.1243781094527385,124523226.0
636,20200303,24.51,25.45,23.34,23.51,-0.5799999999999983,-2.407638024076375,119486046.0
636,20200304,23.07,23.31,21.38,22.3,-1.2100000000000009,-5.146746065504049,115940486.0
636,20200305,22.95,23.25,22.16,22.97,0.6699999999999982,3.0044843049327197,92364570.0
636,20200306,22.4,24.2,22.16,23.84,0.870000000000001,3.787548976926436,105400641.0
636,20200309,23.1,23.55,21.46,21.46,-2.379999999999999,-9.983221476510062,97333332.0
636,20200310,21.51,23.3,21.15,23.07,1.6099999999999994,7.502329916123007,91976341.0
636,20200311,23.01,23.34,21.51,21.7,-1.370000000000001,-5.938448201127011,79235487.0
636,20200312,21.02,22.32,20.91,21.85,0.1500000000000021,0.691244239631339,62130231.0
636,20200313,21.5,23.95,21.38,23.47,1.6199999999999974,7.414187643020576,125750724.0
636,20200316,23.12,23.32,21.12,21.12,-2.349999999999998,-10.01278227524498,117558072.0
636,20200317,21.2,21.6,19.12,20.62,-0.5,-2.367424242424243,88404319.0
636,20200318,20.84,21.36,19.92,19.99,-0.6300000000000026,-3.0552861299709133,80367874.0
636,20200319,19.84,20.87,19.61,20.61,0.620000000000001,3.101550775387696,70383269.0
636,20200320,21.07,21.17,19.81,20.25,-0.3599999999999994,-1.7467248908296873,65998248.0
636,20200323,19.21,19.49,18.23,18.23,-2.0199999999999996,-9.97530864197531,81553438.0
636,20200324,18.6,18.69,17.06,18.08,-0.1500000000000021,-0.8228195282501516,85345160.0
636,20200325,18.55,18.89,18.18,18.27,0.1900000000000012,1.0508849557522293,73240868.0
636,20200326,18.05,18.59,17.64,17.66,-0.6099999999999994,-3.3388067870826488,53368271.0
636,20200327,17.97,18.15,17.1,17.16,-0.5,-2.8312570781426905,47010353.0
636,20200330,16.74,16.95,15.92,16.39,-0.7699999999999996,-4.487179487179482,63474180.0
636,20200331,16.7,16.9,16.26,16.3,-0.0899999999999998,-0.5491153142159866,38169947.0
636,20200401,16.48,17.78,16.45,16.95,0.6499999999999986,3.987730061349693,77774818.0
636,20200402,16.99,18.35,16.87,18.31,1.3599999999999994,8.023598820058986,89753279.0
636,20200403,17.98,18.08,17.61,17.73,-0.5799999999999983,-3.167667941015828,58436869.0
636,20200407,19.33,19.38,18.57,18.85,1.120000000000001,6.316976875352509,95747762.0
636,20200408,18.74,20.14,18.59,19.17,0.3200000000000003,1.6976127320954992,104722017.0
636,20200409,19.3,19.45,18.64,18.98,-0.1900000000000012,-0.9911319770474768,65318261.0
636,20200410,18.87,19.21,17.79,17.9,-1.0800000000000018,-5.690200210748165,70249562.0
636,20200413,17.42,17.56,16.91,17.46,-0.4399999999999977,-2.458100558659204,41909976.0
636,20200414,17.75,18.25,17.48,18.1,0.6400000000000006,3.665521191294397,50471160.0
636,20200415,18.0,18.95,17.83,18.53,0.4299999999999997,2.375690607734815,72315984.0
636,20200416,18.21,18.95,18.04,18.9,0.3699999999999974,1.9967620075552972,51856835.0
636,20200417,19.08,19.45,18.45,18.6,-0.2999999999999971,-1.5873015873015706,66261155.0
636,20200420,18.56,18.88,18.19,18.85,0.25,1.3440860215053752,41371507.0
636,20200421,18.48,18.62,18.06,18.56,-0.2900000000000027,-1.5384615384615552,40432870.0
636,20200422,18.25,18.7,18.18,18.58,0.0199999999999995,0.1077586206896574,29059299.0
636,20200423,18.57,18.58,18.0,18.05,-0.5299999999999976,-2.852529601722265,32617156.0
636,20200424,18.43,19.06,18.07,18.72,0.6699999999999982,3.7119113573407025,62153891.0
636,20200427,18.5,19.05,18.01,18.69,-0.0299999999999975,-0.1602564102563985,42806292.0
636,20200428,18.5,19.37,18.0,19.25,0.5599999999999987,2.996254681647925,64634900.0
636,20200429,18.81,19.53,18.71,19.05,-0.1999999999999993,-1.0389610389610393,48416078.0
636,20200430,19.24,20.65,19.24,20.25,1.1999999999999993,6.299212598425186,78094293.0
636,20200506,20.24,21.68,20.0,21.41,1.16,5.728395061728397,88270049.0
636,20200507,21.65,21.85,20.99,21.39,-0.0199999999999995,-0.0934142923867287,61241708.0
636,20200508,22.42,22.9,21.81,22.26,0.870000000000001,4.067321178120631,101628989.0
636,20200511,22.46,23.65,22.46,23.28,1.0199999999999996,4.582210242587603,94877628.0
636,20200512,23.15,23.65,22.66,23.62,0.3399999999999998,1.4604810996563522,62780812.0
636,20200513,23.5,23.94,23.06,23.48,-0.1400000000000005,-0.592718035563089,48907129.0
636,20200514,23.11,25.83,22.91,25.83,2.349999999999998,10.008517887563873,102728429.0
636,20200515,26.4,26.58,25.43,25.75,-0.0799999999999983,-0.3097173828881083,90853499.0
636,20200518,25.3,25.5,23.18,23.18,-2.5700000000000003,-9.980582524271842,109108419.0
636,20200519,23.5,25.1,23.44,25.0,1.8200000000000005,7.851596203623812,82701977.0
636,20200520,24.71,24.88,23.58,23.9,-1.1000000000000014,-4.400000000000004,69570776.0
636,20200521,24.08,24.08,22.75,22.97,-0.9299999999999996,-3.891213389121339,55976200.0
636,20200522,23.3,23.49,22.26,22.64,-0.3299999999999983,-1.4366565084893312,46808005.0
636,20200525,22.84,23.35,22.33,23.0,0.3599999999999994,1.590106007067127,44459538.0
636,20200526,23.02,23.85,22.75,23.63,0.629999999999999,2.7391304347825995,56812562.0
636,20200527,23.47,23.58,22.1,22.35,-1.2799999999999976,-5.416842996191273,55868484.0
636,20200528,22.1,22.58,21.59,22.5,0.1499999999999985,0.6711409395973034,39814020.0
636,20200529,22.68,24.75,22.29,24.41,1.91,8.48888888888888,99874246.0
636,20200601,24.8,26.85,24.66,26.85,2.4400000000000013,9.995903318312171,97668757.0
636,20200602,27.27,27.95,26.68,26.97,0.1199999999999974,0.4469273743016755,80895638.0
636,20200603,27.4,28.85,26.73,27.46,0.490000000000002,1.8168335187245257,74243454.0
636,20200604,27.51,28.07,27.1,27.38,-0.0800000000000018,-0.2913328477785915,42844060.0
636,20200605,27.32,27.72,26.62,27.38,0.0,0.0,48779489.0
636,20200608,27.99,28.27,26.11,26.4,-0.9800000000000004,-3.5792549306062793,61165664.0
636,20200609,26.8,26.87,26.12,26.49,0.0899999999999998,0.3409090909090917,36260722.0
636,20200610,26.38,27.37,25.92,27.26,0.7700000000000031,2.9067572668931785,44076899.0
636,20200611,27.1,27.24,25.27,25.65,-1.610000000000003,-5.906089508437285,68708756.0
636,20200612,24.8,25.73,24.66,25.57,-0.0799999999999983,-0.3118908382066188,37841024.0
636,20200615,25.24,26.1,24.84,25.48,-0.0899999999999998,-0.3519749706687558,36472078.0
636,20200616,25.96,26.31,25.53,25.79,0.3099999999999987,1.2166405023547933,30207860.0
636,20200617,25.64,28.09,25.4,28.05,2.2600000000000016,8.763086467623115,61178680.0
636,20200618,27.79,30.06,27.62,28.81,0.759999999999998,2.7094474153297687,69946303.0
636,20200619,29.21,30.05,28.61,29.18,0.370000000000001,1.2842762929538454,48474117.0
636,20200622,29.61,29.99,28.32,28.8,-0.379999999999999,-1.3022618231665506,42301763.0
636,20200623,28.93,31.15,28.4,30.45,1.6499999999999986,5.729166666666652,58279631.0
636,20200624,30.23,30.58,29.38,29.4,-1.0500000000000007,-3.4482758620689724,36419006.0
636,20200629,29.36,29.75,28.9,29.19,-0.2099999999999973,-0.7142857142857006,26240255.0
636,20200630,29.75,29.99,28.64,29.19,0.0,0.0,44491814.0
636,20200701,28.91,30.17,28.1,28.98,-0.2100000000000008,-0.7194244604316613,59262032.0
636,20200702,28.71,30.21,27.9,29.87,0.8900000000000006,3.0710835058661123,61391938.0
636,20200703,29.5,30.19,28.53,29.7,-0.1700000000000017,-0.5691329092735287,53446871.0
636,20200706,29.23,31.18,28.88,30.69,0.990000000000002,3.3333333333333437,67375122.0
636,20200707,31.3,33.09,31.11,31.4,0.7099999999999973,2.31345715216682,66281835.0
636,20200708,31.72,34.19,31.08,33.66,2.259999999999998,7.19745222929935,60643794.0
636,20200709,33.5,34.33,32.88,33.63,-0.029999999999994,-0.0891265597147805,48377200.0
636,20200710,33.22,34.8,33.03,33.76,0.1299999999999954,0.3865596193874276,44100618.0
636,20200713,32.11,34.35,32.11,33.76,0.0,0.0,60542962.0
636,20200714,33.46,33.47,30.48,31.06,-2.6999999999999993,-7.997630331753558,80857881.0
636,20200715,31.0,31.48,29.5,29.58,-1.4800000000000004,-4.7649710238248595,56578045.0
636,20200716,29.58,30.48,28.39,28.45,-1.129999999999999,-3.820148749154828,43253936.0
636,20200717,28.8,30.4,28.33,30.05,1.6000000000000014,5.623901581722324,38177081.0
636,20200720,30.42,30.97,29.1,30.67,0.620000000000001,2.0632279534109843,34953317.0
636,20200721,30.71,31.99,30.58,31.15,0.4799999999999969,1.565047277469822,35130708.0
636,20200722,31.38,31.85,30.88,31.15,0.0,0.0,22721686.0
636,20200723,30.95,33.0,30.85,32.94,1.7899999999999991,5.746388443017647,44345864.0
636,20200724,32.61,33.54,30.91,31.5,-1.4399999999999975,-4.371584699453546,39751730.0
636,20200727,31.5,32.98,30.61,32.23,0.7299999999999969,2.317460317460318,30847496.0
636,20200728,33.4,33.8,32.7,33.8,1.5700000000000005,4.871237977040033,39696082.0
636,20200729,33.76,37.1,33.2,36.81,3.010000000000005,8.905325443786992,54641033.0
636,20200730,36.72,37.35,35.35,35.75,-1.0600000000000025,-2.8796522684053305,47988024.0
636,20200731,35.85,36.69,34.98,36.2,0.4500000000000028,1.2587412587412583,34570988.0
636,20200803,35.95,37.69,35.88,36.73,0.529999999999994,1.464088397790042,33973450.0
636,20200804,36.78,38.27,36.26,37.44,0.7100000000000009,1.9330247753879704,40034283.0
636,20200805,38.02,38.8,35.74,36.24,-1.1999999999999955,-3.2051282051281937,38550723.0
636,20200806,36.02,36.3,34.95,35.8,-0.4400000000000048,-1.2141280353201056,30304404.0
636,20200807,35.82,36.19,34.01,35.0,-0.7999999999999972,-2.2346368715083775,29520497.0
636,20200810,34.81,35.99,34.7,35.36,0.3599999999999994,1.0285714285714231,22245445.0
636,20200811,35.08,35.66,34.3,34.57,-0.7899999999999991,-2.234162895927605,19350803.0
636,20200812,34.64,36.98,33.87,36.46,1.8900000000000008,5.467168064796057,38869954.0
636,20200813,36.01,37.9,35.66,36.82,0.3599999999999994,0.9873834339001686,32236223.0
636,20200814,36.63,37.26,36.29,36.82,0.0,0.0,18541106.0
636,20200817,37.0,39.69,36.72,39.43,2.609999999999999,7.088538837588265,40777268.0
636,20200818,39.1,39.1,35.76,37.04,-2.390000000000001,-6.061374587877255,57470629.0
636,20200819,36.7,36.9,35.8,35.89,-1.1499999999999986,-3.104751619870405,31057616.0
636,20200820,35.92,36.53,34.31,34.4,-1.490000000000002,-4.151574254667045,42579528.0
636,20200821,34.96,35.35,33.2,34.5,0.1000000000000014,0.2906976744186051,39742428.0
636,20200824,34.4,35.74,33.92,35.38,0.8800000000000026,2.5507246376811565,30065570.0
636,20200825,35.3,35.57,34.48,34.68,-0.7000000000000028,-1.9785189372526937,21349014.0
636,20200826,34.69,34.97,31.21,31.21,-3.469999999999999,-10.005767012687429,68995653.0
636,20200827,29.99,31.35,29.29,31.15,-0.0600000000000022,-0.1922460749759769,43865857.0
636,20200828,31.16,33.3,31.16,32.78,1.6300000000000026,5.232744783306598,56720490.0
636,20200831,32.79,33.09,32.08,32.41,-0.3700000000000045,-1.1287370347773162,29820394.0
636,20200901,32.19,32.38,31.3,32.21,-0.1999999999999957,-0.6170934896636671,22161035.0
636,20200902,32.55,33.49,32.3,32.82,0.6099999999999994,1.8938217944737712,28498054.0
636,20200903,32.62,33.55,32.4,33.11,0.2899999999999991,0.8836075563680712,23753484.0
636,20200904,32.3,33.65,32.07,33.11,0.0,0.0,22574625.0
636,20200907,32.89,33.31,32.01,32.09,-1.019999999999996,-3.0806402899426044,17216651.0
636,20200908,32.09,32.45,31.0,32.23,0.1399999999999934,0.4362729822374289,16813062.0
636,20200909,31.8,32.25,30.12,30.5,-1.7299999999999969,-5.367669872789316,25740557.0
636,20200910,30.69,31.26,29.9,30.03,-0.4699999999999988,-1.540983606557378,20947894.0
636,20200911,29.7,30.03,28.19,29.5,-0.5300000000000011,-1.7649017649017718,46239416.0
636,20200914,29.96,30.05,28.58,29.0,-0.5,-1.6949152542372836,29708113.0
636,20200915,29.29,29.95,28.84,29.1,0.1000000000000014,0.3448275862069083,27897828.0
636,20200916,28.77,30.65,28.67,29.51,0.4100000000000001,1.408934707903775,36244087.0
636,20200917,29.5,29.67,27.58,27.66,-1.8500000000000016,-6.269061335140636,65643984.0
636,20200918,27.9,28.15,26.39,28.1,0.4400000000000013,1.590744757772966,49586436.0
636,20200921,28.44,28.77,27.9,28.09,-0.0100000000000015,-0.0355871886121073,28051225.0
636,20200922,27.82,28.46,27.55,27.85,-0.2399999999999984,-0.8543965824136635,19860024.0
636,20200923,28.15,28.2,27.5,28.11,0.259999999999998,0.9335727109515136,15007315.0
636,20200924,27.98,28.15,26.85,26.89,-1.2199999999999989,-4.34009249377445,19125417.0
636,20200925,27.26,27.36,26.75,26.86,-0.0300000000000011,-0.1115656377835616,12336810.0
636,20200928,27.05,27.44,26.54,26.62,-0.2399999999999984,-0.8935219657483229,13457385.0
636,20200929,26.97,27.08,26.4,26.78,0.1600000000000001,0.6010518407212562,15910187.0
636,20200930,27.16,27.66,26.43,26.9,0.1199999999999974,0.4480955937266495,24234456.0
636,20201009,27.42,28.56,27.25,28.3,1.400000000000002,5.204460966542768,31103676.0
636,20201012,28.8,30.2,28.69,30.0,1.6999999999999993,6.0070671378091856,62614265.0
636,20201013,30.05,30.75,29.35,30.73,0.7300000000000004,2.433333333333332,36685536.0
636,20201014,30.3,30.55,29.17,29.22,-1.5100000000000016,-4.913765050439311,30572559.0
636,20201015,29.67,29.67,28.59,28.81,-0.4100000000000001,-1.403148528405207,24618358.0
636,20201016,28.68,28.94,28.1,28.69,-0.1199999999999974,-0.4165220409579895,18633111.0
636,20201019,28.76,28.98,27.92,28.03,-0.6600000000000001,-2.300453119553847,22512891.0
636,20201020,28.17,28.48,27.69,28.4,0.3699999999999974,1.320014270424541,14095247.0
636,20201021,28.41,28.45,27.5,28.08,-0.3200000000000003,-1.1267605633802802,17002351.0
636,20201022,27.92,28.12,27.43,28.02,-0.0599999999999987,-0.2136752136752129,15774531.0
636,20201023,27.89,27.99,26.5,26.73,-1.2899999999999991,-4.603854389721629,39771469.0
636,20201026,26.64,26.79,25.58,26.17,-0.5599999999999987,-2.09502431724653,26007388.0
636,20201027,25.88,27.53,25.8,27.44,1.2699999999999996,4.852884982804739,23139633.0
636,20201028,27.42,27.74,26.65,27.28,-0.1600000000000001,-0.5830903790087438,17687209.0
636,20201029,26.88,27.68,26.75,27.27,-0.0100000000000015,-0.0366568914956122,22126251.0
636,20201030,26.94,28.5,26.57,27.11,-0.1600000000000001,-0.5867253392005889,35602777.0
636,20201102,27.43,28.88,27.41,28.73,1.620000000000001,5.975654739948366,46942025.0
636,20201103,28.85,29.05,28.2,29.0,0.2699999999999996,0.9397841977027532,37033212.0
636,20201104,29.07,29.88,28.71,29.41,0.4100000000000001,1.4137931034482687,36585140.0
636,20201105,29.95,30.2,28.94,29.86,0.4499999999999993,1.530091805508338,37281473.0
636,20201106,29.89,30.19,29.15,29.68,-0.1799999999999997,-0.6028131279303461,24067885.0
636,20201109,29.85,32.18,29.85,31.84,2.16,7.277628032345018,53581001.0
636,20201110,31.34,32.56,31.08,32.18,0.3399999999999998,1.0678391959799027,33326984.0
636,20201111,31.78,33.08,30.95,31.25,-0.9299999999999996,-2.889993784959599,31211290.0
636,20201112,31.72,31.72,30.11,30.62,-0.629999999999999,-2.0159999999999956,25950246.0
636,20201113,31.11,31.67,30.59,31.52,0.8999999999999986,2.939255388634865,23899404.0
636,20201116,31.8,32.6,31.76,32.16,0.639999999999997,2.030456852791862,23494405.0
636,20201117,32.01,32.49,31.01,32.34,0.1800000000000068,0.5597014925373456,24476087.0
636,20201118,32.2,32.77,31.97,32.35,0.009999999999998,0.030921459492883,18199084.0
636,20201119,32.01,34.25,31.71,33.97,1.6199999999999974,5.007727975270471,40571219.0
636,20201120,33.99,34.1,33.18,33.4,-0.5700000000000003,-1.6779511333529618,21928786.0
636,20201123,33.06,33.25,32.4,32.88,-0.519999999999996,-1.5568862275448958,22945072.0
636,20201124,32.88,35.18,32.62,34.39,1.509999999999998,4.592457420924578,39711910.0
636,20201125,34.66,34.9,33.39,33.66,-0.730000000000004,-2.122710090142499,26087792.0
636,20201126,33.59,34.07,33.23,33.9,0.240000000000002,0.7130124777183555,19329525.0
636,20201127,33.92,34.16,32.33,33.11,-0.7899999999999991,-2.3303834808259594,23041657.0
636,20201130,33.2,33.66,32.61,32.9,-0.2100000000000008,-0.634249471458781,17980818.0
636,20201201,32.6,34.33,32.5,33.93,1.0300000000000011,3.130699088145894,21390532.0
636,20201202,33.89,35.57,33.8,35.3,1.3699999999999974,4.037724727379888,35149471.0
636,20201203,35.58,36.53,35.1,35.22,-0.0799999999999983,-0.2266288951841333,29166295.0
636,20201204,35.15,36.7,35.0,36.3,1.0799999999999983,3.066439522998299,27025679.0
636,20201207,36.41,36.88,35.45,35.72,-0.5799999999999983,-1.5977961432506849,24604070.0
636,20201208,35.75,36.1,35.4,35.43,-0.2899999999999991,-0.8118701007838736,17043405.0
636,20201209,35.21,35.68,34.45,34.68,-0.75,-2.116850127011005,21345948.0
636,20201210,34.48,35.88,34.2,35.42,0.740000000000002,2.1337946943483344,19988616.0
636,20201211,35.5,35.7,34.29,34.66,-0.7600000000000051,-2.145680406549988,16277440.0
636,20201214,34.76,34.87,32.96,34.49,-0.1699999999999946,-0.4904789382573438,27317289.0
636,20201215,34.36,35.0,33.55,34.26,-0.2300000000000039,-0.6668599594085389,18861996.0
636,20201216,34.26,34.26,33.23,33.38,-0.8799999999999955,-2.5685931115002836,15361856.0
636,20201217,33.71,34.08,33.2,33.8,0.4199999999999946,1.2582384661473878,11759882.0
636,20201218,33.99,34.05,32.36,32.67,-1.1299999999999957,-3.343195266272181,21773490.0
636,20201221,32.47,34.8,32.31,34.57,1.8999999999999984,5.815733088460351,24973482.0
636,20201222,34.58,34.85,33.5,33.51,-1.0600000000000025,-3.0662424067110283,16726945.0
636,20201223,33.68,33.99,32.4,33.35,-0.1599999999999966,-0.4774694121157719,22495389.0
636,20201224,33.19,34.3,33.02,33.68,0.3299999999999983,0.98950524737631,16061353.0
636,20201225,34.01,35.34,33.64,34.1,0.4200000000000017,1.2470308788598672,20535042.0
636,20201228,35.11,36.15,34.06,34.57,0.4699999999999988,1.378299120234594,31158205.0
636,20201229,33.7,34.17,32.6,32.6,-1.9699999999999989,-5.698582586057277,30475611.0
636,20201230,32.3,32.96,30.53,32.73,0.1299999999999954,0.3987730061349559,46545377.0
636,20201231,32.57,33.95,32.1,33.7,0.970000000000006,2.963641918729021,24534095.0
636,20210104,33.76,34.93,33.25,34.7,1.0,2.9673590504450953,20819953.0
636,20210105,34.41,34.88,33.6,34.19,-0.5100000000000051,-1.4697406340057784,21373943.0
636,20210106,34.26,34.64,32.8,32.9,-1.2899999999999991,-3.773033050599583,31268705.0
636,20210107,33.44,34.1,31.3,31.88,-1.0199999999999996,-3.1003039513677777,39653882.0
636,20210108,31.99,32.13,30.0,30.41,-1.4699999999999989,-4.611041405269756,46563459.0
636,20210111,30.87,31.89,30.7,30.98,0.5700000000000003,1.8743834265044337,28190630.0
636,20210112,31.34,33.56,31.1,33.27,2.2900000000000027,7.391865719819246,39775990.0
636,20210113,33.5,34.85,33.11,34.61,1.3399999999999963,4.027652539825666,40265535.0
636,20210114,35.99,35.99,34.4,35.43,0.8200000000000003,2.369257440046235,43816395.0
636,20210115,35.2,35.42,33.92,35.28,-0.1499999999999985,-0.4233700254021921,33112884.0
636,20210118,35.6,36.48,34.7,36.01,0.7299999999999969,2.069160997732422,34644464.0
636,20210119,36.81,37.47,34.25,34.45,-1.5599999999999952,-4.3321299638989,49486178.0
636,20210120,34.38,35.4,34.03,35.03,0.5799999999999983,1.6835994194484671,26738160.0
636,20210121,34.76,35.73,34.66,35.02,-0.009999999999998,-0.0285469597487764,24556682.0
636,20210122,34.66,35.3,33.88,34.35,-0.6700000000000017,-1.913192461450608,24995621.0
636,20210125,34.0,36.18,33.81,36.1,1.75,5.09461426491995,37133351.0
636,20210126,35.81,36.0,33.85,34.59,-1.509999999999998,-4.182825484764541,31402822.0
636,20210127,34.55,36.3,34.21,36.13,1.5399999999999991,4.452153801676784,42719131.0
636,20210128,35.55,35.74,32.53,33.38,-2.75,-7.611403265983952,54207821.0
636,20210129,33.3,33.72,31.8,32.0,-1.3800000000000026,-4.134212103055734,30006485.0
636,20210201,31.6,32.46,31.13,32.14,0.1400000000000005,0.4375000000000018,18535660.0
636,20210202,32.35,33.22,31.89,33.02,0.8800000000000026,2.738021157436221,18111090.0
636,20210203,32.88,32.88,30.66,30.7,-2.320000000000004,-7.02604482132042,35693974.0
636,20210204,30.6,30.8,29.27,30.3,-0.3999999999999986,-1.3029315960912058,29472319.0
636,20210205,30.45,30.68,28.86,28.86,-1.4400000000000013,-4.752475247524757,17554554.0
636,20210208,28.86,29.3,28.25,28.46,-0.3999999999999986,-1.386001386001379,19324513.0
636,20210209,28.58,29.77,28.12,29.29,0.8299999999999983,2.9163738580463727,23730258.0
636,20210210,29.57,29.71,28.52,29.29,0.0,0.0,22371250.0
636,20210218,30.0,30.35,29.49,29.74,0.4499999999999993,1.5363605326049743,20004005.0
636,20210219,29.78,30.78,29.05,30.63,0.8900000000000006,2.992602555480839,20838273.0
636,20210222,30.77,31.88,30.74,31.17,0.5400000000000027,1.7629774730656411,24439022.0
636,20210223,31.01,32.96,30.78,32.48,1.3099999999999952,4.2027590632017775,27697938.0
636,20210224,32.99,33.06,31.51,31.82,-0.6599999999999966,-2.0320197044334853,23703134.0
636,20210225,32.0,32.14,30.65,31.47,-0.3500000000000014,-1.0999371464487817,14664152.0
636,20210226,30.54,31.35,30.35,30.82,-0.6499999999999986,-2.06545916746107,13669809.0
636,20210301,30.88,33.0,30.88,32.21,1.3900000000000006,4.51005840363401,19316722.0
636,20210302,32.4,33.85,31.8,33.17,0.9600000000000009,2.9804408568767427,28679697.0
636,20210303,33.2,33.65,32.69,33.33,0.1599999999999966,0.482363581549583,20237009.0
636,20210304,33.0,33.14,31.59,31.8,-1.5299999999999976,-4.590459045904582,15387245.0
636,20210305,31.4,32.8,31.16,31.6,-0.1999999999999993,-0.6289308176100628,17358763.0
636,20210308,31.8,32.36,30.01,30.21,-1.3900000000000006,-4.398734177215191,19214317.0
636,20210309,30.28,30.34,28.5,28.95,-1.2600000000000016,-4.170804369414105,15268146.0
636,20210310,29.4,29.8,28.84,29.08,0.129999999999999,0.4490500863557845,8790822.0
636,20210311,29.2,30.31,28.66,29.95,0.870000000000001,2.9917469050894097,11863218.0
636,20210312,29.96,30.05,29.25,29.58,-0.370000000000001,-1.2353923205342232,10053060.0
636,20210315,29.58,29.58,28.66,28.92,-0.6599999999999966,-2.2312373225152005,10865671.0
636,20210316,28.93,29.28,27.57,27.98,-0.9400000000000012,-3.250345781466113,15383345.0
636,20210317,27.81,28.32,27.28,27.95,-0.0300000000000011,-0.1072194424589056,10352194.0
636,20210318,27.97,28.24,27.57,27.73,-0.2199999999999988,-0.7871198568872972,9662423.0
636,20210319,27.28,27.53,26.71,26.86,-0.870000000000001,-3.1373963216732803,16306755.0
636,20210322,26.86,29.38,26.8,28.6,1.740000000000002,6.478034251675369,25123481.0
636,20210323,28.65,30.28,28.62,29.55,0.9499999999999992,3.321678321678312,32840369.0
636,20210324,29.85,30.35,29.12,29.34,-0.2100000000000008,-0.7106598984771617,22191301.0
636,20210325,29.3,30.8,29.0,30.27,0.9299999999999996,3.16973415132924,19472667.0
636,20210326,30.26,30.89,29.91,30.52,0.25,0.8259002312520636,17290625.0
636,20210329,30.77,31.47,30.3,30.86,0.3399999999999998,1.1140235910878094,21674346.0
636,20210330,30.68,31.26,30.45,30.68,-0.1799999999999997,-0.5832793259883284,15087136.0
636,20210331,30.65,31.33,30.4,31.16,0.4800000000000004,1.5645371577575062,18731468.0
636,20210401,30.96,31.5,30.73,30.95,-0.2100000000000008,-0.673940949935814,12969522.0
636,20210402,30.69,33.12,30.69,31.95,1.0,3.2310177705977328,31110838.0
636,20210406,32.07,32.31,31.3,31.36,-0.5899999999999999,-1.8466353677621283,20807080.0
636,20210407,31.15,31.15,30.22,30.47,-0.8900000000000006,-2.8380102040816313,22688930.0
636,20210408,30.51,30.58,29.9,29.99,-0.4800000000000004,-1.5753199868723369,17100872.0
636,20210409,30.14,30.44,29.3,29.45,-0.5399999999999991,-1.800600200066682,18524380.0
636,20210412,29.47,29.59,27.26,27.61,-1.84,-6.247877758913411,29590338.0
636,20210413,27.4,27.49,26.08,26.33,-1.2800000000000011,-4.636001448750459,32078645.0
636,20210414,26.88,28.38,26.87,28.2,1.870000000000001,7.102164830991264,28545958.0
636,20210415,28.61,28.81,27.98,28.7,0.5,1.773049645390068,21089848.0
636,20210416,28.81,28.83,28.13,28.46,-0.2399999999999984,-0.836236933797907,11352951.0
636,20210419,28.4,29.05,27.85,28.8,0.3399999999999998,1.194659170765977,19140403.0
636,20210420,28.81,29.65,28.81,29.12,0.3200000000000003,1.1111111111111072,22848088.0
636,20210421,29.0,29.97,28.82,29.61,0.4899999999999984,1.6826923076923128,17142152.0
636,20210422,29.6,29.99,29.29,29.37,-0.2399999999999984,-0.8105369807497431,17960645.0
636,20210423,29.27,29.89,29.18,29.75,0.379999999999999,1.2938372488934258,11247072.0
636,20210426,29.83,30.08,28.93,28.95,-0.8000000000000007,-2.6890756302521024,16096820.0
636,20210427,28.77,29.4,27.97,28.52,-0.4299999999999997,-1.4853195164076016,16017526.0
636,20210428,28.48,28.86,27.97,28.2,-0.3200000000000003,-1.1220196353436185,18902698.0
636,20210429,28.5,28.95,28.18,28.29,0.0899999999999998,0.3191489361702215,14931004.0
636,20210430,28.28,28.45,27.5,28.26,-0.0299999999999975,-0.1060445387062514,13550922.0
636,20210506,28.35,28.35,27.08,27.39,-0.870000000000001,-3.0785562632696384,14866733.0
636,20210507,27.69,28.1,26.62,26.78,-0.6099999999999994,-2.2270901788974062,18321933.0
636,20210510,26.79,26.8,25.62,25.9,-0.8800000000000026,-3.286034353995526,26181063.0
636,20210511,25.75,26.28,25.64,26.0,0.1000000000000014,0.3861003861003853,18993730.0
636,20210512,25.7,26.57,24.45,26.51,0.5100000000000016,1.961538461538459,35623725.0
636,20210513,26.18,27.15,26.02,26.27,-0.240000000000002,-0.9053187476424028,24076641.0
636,20210514,26.6,26.96,25.94,26.6,0.3300000000000018,1.2561857632280349,20909826.0
636,20210517,26.6,27.24,26.42,26.67,0.0700000000000002,0.263157894736854,20336638.0
636,20210518,26.68,26.68,25.81,26.09,-0.5800000000000018,-2.1747281589801326,17682357.0
636,20210519,26.09,26.25,25.4,25.52,-0.5700000000000003,-2.184745113070141,25153449.0
636,20210520,25.52,25.95,24.93,25.81,0.2899999999999991,1.1363636363636245,23709055.0
636,20210521,25.94,26.06,25.48,25.48,-0.3299999999999983,-1.2785741960480324,11049968.0
636,20210524,25.39,25.67,24.93,25.6,0.120000000000001,0.4709576138147708,15478031.0
636,20210525,25.6,25.79,25.03,25.78,0.1799999999999997,0.7031250000000044,21116967.0
636,20210526,25.62,26.46,25.41,25.88,0.0999999999999978,0.3878975950349028,33336583.0
636,20210527,25.78,26.55,25.59,26.26,0.3800000000000025,1.4683153013910433,39032382.0
636,20210528,26.14,26.14,24.71,24.93,-1.3300000000000018,-5.064737242955076,55623510.0
636,20210531,25.14,25.66,24.73,25.59,0.6600000000000001,2.6474127557160054,32553299.0
636,20210601,25.7,26.96,25.05,26.94,1.3500000000000014,5.275498241500598,61128943.0
636,20210602,26.98,26.98,26.13,26.23,-0.7100000000000009,-2.6354862657757994,31142519.0
636,20210603,26.25,26.53,25.88,25.88,-0.3500000000000014,-1.3343499809378656,22957693.0
636,20210604,25.68,26.67,25.36,26.45,0.5700000000000003,2.202472952086554,33960721.0
636,20210607,26.63,27.18,26.42,26.82,0.370000000000001,1.3988657844990593,36398589.0
636,20210608,27.46,27.58,26.4,26.65,-0.1700000000000017,-0.6338553318419149,34705468.0
636,20210609,26.54,27.22,26.0,26.1,-0.5499999999999972,-2.063789868667909,30006698.0
636,20210610,26.11,26.11,25.62,25.76,-0.3399999999999998,-1.3026819923371624,26754977.0
636,20210611,25.75,25.76,25.14,25.27,-0.490000000000002,-1.9021739130434812,23309189.0
636,20210615,25.27,26.02,25.13,25.89,0.620000000000001,2.4535021764938714,23164530.0
636,20210616,25.65,26.09,25.18,25.27,-0.620000000000001,-2.3947470065662446,17647228.0
636,20210617,25.15,26.9,25.11,26.54,1.2699999999999996,5.025722200237426,39281591.0
636,20210618,26.53,27.42,26.26,26.82,0.2800000000000011,1.0550113036925437,54324619.0
636,20210621,27.18,27.94,27.1,27.36,0.5399999999999991,2.0134228187919323,45678833.0
636,20210622,27.41,28.85,26.88,28.51,1.150000000000002,4.203216374269014,53515654.0
636,20210623,28.43,28.69,28.06,28.61,0.0999999999999978,0.3507541213609189,38152681.0
636,20210624,28.55,29.29,28.19,28.48,-0.129999999999999,-0.4543865781195366,37202335.0
636,20210625,28.73,29.38,27.88,28.71,0.2300000000000004,0.8075842696629199,32850595.0
636,20210628,29.0,29.58,28.7,29.09,0.379999999999999,1.3235806339254583,35521691.0
636,20210629,29.17,29.19,27.88,27.99,-1.1000000000000014,-3.78136816775525,45089691.0
636,20210630,28.18,30.79,28.0,30.22,2.2300000000000004,7.967131118256532,73754362.0
636,20210701,30.22,31.28,29.7,29.74,-0.4800000000000004,-1.588352084712108,52283916.0
636,20210702,30.09,30.76,29.2,29.89,0.1500000000000021,0.504371217215871,35633597.0
636,20210705,30.2,31.48,30.05,31.47,1.5799999999999983,5.286048845767799,48457989.0
636,20210706,31.08,31.41,29.8,30.45,-1.0199999999999996,-3.24118207816968,43543537.0
636,20210707,30.01,31.2,29.62,31.2,0.75,2.4630541871921263,37066870.0
636,20210708,31.41,34.05,31.41,32.87,1.6699999999999982,5.352564102564106,73466701.0
636,20210709,32.6,34.08,32.39,33.29,0.4200000000000017,1.2777608761789017,48130793.0
636,20210712,34.5,36.62,33.74,36.62,3.3299999999999983,10.003003905076602,89429382.0
636,20210713,36.82,36.97,35.8,36.3,-0.3200000000000003,-0.8738394320043752,50862954.0
636,20210714,36.0,37.08,35.65,36.18,-0.1199999999999974,-0.3305785123966842,46166903.0
636,20210715,36.15,37.15,35.18,37.0,0.8200000000000003,2.2664455500276404,42595195.0
636,20210716,37.28,39.14,36.51,37.51,0.509999999999998,1.3783783783783754,39905899.0
636,20210719,37.55,38.48,35.7,36.24,-1.269999999999996,-3.385763796320973,38892067.0
636,20210720,35.75,37.38,35.7,36.65,0.4099999999999966,1.1313465783664434,27093193.0
636,20210721,36.55,37.78,36.1,36.95,0.3000000000000042,0.8185538881309906,32124200.0
636,20210722,37.16,38.25,36.78,37.79,0.8399999999999963,2.2733423545331366,33553292.0
636,20210723,37.8,37.86,36.4,36.61,-1.1799999999999995,-3.1225191849695633,32240582.0
636,20210726,37.09,38.07,35.37,37.45,0.8400000000000034,2.294455066921608,38766648.0
636,20210727,37.11,38.96,35.9,35.93,-1.5200000000000031,-4.058744993324437,49231701.0
636,20210728,34.99,35.54,32.55,33.87,-2.0600000000000023,-5.733370442527141,49348836.0
636,20210729,34.88,36.73,34.4,36.43,2.5600000000000023,7.558311189843536,39573122.0
636,20210730,36.35,36.92,35.58,36.18,-0.25,-0.6862475981334049,29132749.0
636,20210802,36.17,36.77,35.08,36.47,0.2899999999999991,0.8015478164731915,29099596.0
636,20210803,36.8,37.15,34.01,34.25,-2.219999999999999,-6.087194954757336,37025601.0
636,20210804,33.91,35.46,33.9,35.11,0.8599999999999994,2.510948905109478,24653097.0
636,20210805,35.0,35.37,34.2,34.57,-0.5399999999999991,-1.53802335516946,21810748.0
636,20210806,34.46,35.12,34.25,34.6,0.0300000000000011,0.086780445472967,18723495.0
636,20210809,34.62,34.75,32.65,33.81,-0.7899999999999991,-2.2832369942196507,28311616.0
636,20210810,34.2,34.45,33.51,34.18,0.3699999999999974,1.0943507837917643,18235089.0
636,20210811,33.8,34.44,33.36,34.14,-0.0399999999999991,-0.1170275014628408,18363589.0
636,20210812,34.22,36.26,33.88,34.93,0.7899999999999991,2.3140011716461517,29644249.0
636,20210813,34.5,34.8,32.82,32.93,-2.0,-5.725737188663038,36294154.0
636,20210816,32.95,33.25,31.51,31.73,-1.1999999999999993,-3.644093531733983,32533062.0
636,20210817,31.75,32.13,30.7,30.86,-0.870000000000001,-2.741884651749138,22097301.0
636,20210818,31.0,31.88,30.77,31.55,0.6900000000000013,2.2359040829552868,20980687.0
636,20210819,31.53,31.71,30.56,30.96,-0.5899999999999999,-1.870047543581621,22523508.0
636,20210820,30.22,31.14,29.76,30.09,-0.870000000000001,-2.81007751937985,33183471.0
636,20210823,30.51,30.83,29.72,30.62,0.5300000000000011,1.7613825191093335,29744579.0
636,20210824,30.58,31.16,30.12,30.82,0.1999999999999993,0.653167864141091,23245109.0
636,20210825,30.73,30.9,29.37,29.4,-1.4200000000000017,-4.6073977936405,51447823.0
636,20210826,29.43,30.25,29.03,30.0,0.6000000000000014,2.0408163265306145,39899010.0
636,20210827,30.0,30.0,28.79,29.68,-0.3200000000000003,-1.066666666666671,34642368.0
636,20210830,29.99,31.21,29.31,29.48,-0.1999999999999993,-0.6738544474393482,42690362.0
636,20210831,29.2,29.46,28.4,29.16,-0.3200000000000003,-1.085481682496614,28559575.0
636,20210901,29.64,29.8,27.77,28.29,-0.870000000000001,-2.9835390946502116,45152900.0
636,20210902,28.23,29.06,28.09,28.39,0.1000000000000014,0.3534817956875269,27647620.0
636,20210903,28.1,28.93,27.84,28.2,-0.1900000000000012,-0.6692497358224747,23311174.0
636,20210906,28.15,28.99,27.9,28.75,0.5500000000000007,1.9503546099290725,27718204.0
636,20210907,28.72,29.1,28.43,28.82,0.0700000000000002,0.2434782608695673,25598447.0
636,20210908,28.98,29.75,28.67,29.41,0.5899999999999999,2.0471894517696043,31942318.0
636,20210909,29.47,29.48,28.24,28.53,-0.879999999999999,-2.9921795307718435,37322184.0
636,20210910,28.49,29.25,28.33,29.01,0.4800000000000004,1.682439537329139,31952606.0
636,20210913,29.0,29.0,27.18,27.34,-1.6700000000000017,-5.756635642881768,45481039.0
636,20210914,27.28,28.96,27.2,28.28,0.9400000000000012,3.4381858083394334,42684337.0
636,20210915,28.03,28.28,27.41,27.86,-0.4200000000000017,-1.4851485148514865,20641191.0
636,20210916,27.74,27.81,26.72,26.75,-1.1099999999999994,-3.9842067480258425,27502057.0
636,20210917,26.89,27.19,26.18,26.93,0.1799999999999997,0.6728971962616903,19045162.0
636,20210922,26.5,27.06,26.36,26.55,-0.379999999999999,-1.4110657259561843,17539067.0
636,20210923,26.61,27.75,26.61,27.46,0.91,3.427495291902072,25825509.0
636,20210924,27.4,30.0,27.26,28.95,1.4899999999999984,5.426074289876182,55137989.0
636,20210927,29.01,29.68,27.54,27.7,-1.25,-4.317789291882557,37843144.0
636,20210928,27.52,28.65,27.15,28.17,0.4700000000000024,1.6967509025270775,21302835.0
636,20210929,27.69,28.12,27.0,27.1,-1.0700000000000005,-3.798367057152996,20585635.0
636,20210930,27.2,28.24,27.18,27.89,0.7899999999999991,2.9151291512915067,16966843.0
636,20211008,28.24,28.85,27.89,28.22,0.3299999999999983,1.1832197920401466,20750746.0
636,20211011,28.23,28.88,27.93,28.54,0.3200000000000003,1.1339475549255962,18513966.0
636,20211012,28.41,28.42,26.8,27.25,-1.2899999999999991,-4.519971969166081,28466594.0
636,20211013,28.05,29.82,28.05,29.33,2.0799999999999983,7.633027522935776,64172409.0
636,20211014,29.33,29.77,28.68,29.48,0.1500000000000021,0.5114217524718745,46015752.0
636,20211015,29.43,30.1,28.91,29.93,0.4499999999999993,1.5264586160108615,45016986.0
636,20211018,30.15,30.2,29.51,30.03,0.1000000000000014,0.3341129301704049,32960620.0
636,20211019,30.01,30.15,29.33,29.71,-0.3200000000000003,-1.0656010656010628,24904969.0
636,20211020,29.5,29.97,29.27,29.62,-0.0899999999999998,-0.3029283069673538,22305517.0
636,20211021,29.65,29.78,28.89,28.95,-0.6700000000000017,-2.261985145172185,22658270.0
636,20211022,29.11,30.08,29.07,29.49,0.5399999999999991,1.865284974093262,28030312.0
636,20211025,29.13,29.49,28.78,29.36,-0.129999999999999,-0.4408273991183375,20698516.0
636,20211026,29.0,30.46,29.0,29.79,0.4299999999999997,1.4645776566757585,31193017.0
636,20211027,29.8,29.95,29.15,29.74,-0.0500000000000007,-0.167841557569659,21209945.0
636,20211028,29.66,30.18,29.1,29.23,-0.509999999999998,-1.7148621385339569,22946470.0
636,20211029,28.9,29.54,28.65,28.83,-0.4000000000000021,-1.3684570646596006,27489994.0
636,20211101,28.69,28.7,27.39,28.13,-0.6999999999999993,-2.42802636142907,35006668.0
636,20211102,28.09,29.5,28.01,28.19,0.0600000000000022,0.2132954141486065,36643776.0
636,20211103,28.1,29.04,27.6,28.22,0.0299999999999975,0.1064207165661468,26903890.0
636,20211104,28.23,29.89,28.18,29.35,1.1300000000000026,4.004252303330991,42139621.0
636,20211105,29.3,30.76,29.2,30.27,0.9199999999999982,3.1345826235093632,57725679.0
636,20211108,30.3,30.7,29.61,30.62,0.3500000000000014,1.156260323752889,42135583.0
636,20211109,30.68,30.9,30.07,30.66,0.0399999999999991,0.1306335728282093,34029036.0
636,20211110,30.56,31.54,30.37,31.08,0.4199999999999981,1.3698630136986134,37391340.0
636,20211111,30.9,31.37,30.55,30.88,-0.1999999999999993,-0.6435006435006385,28861677.0
636,20211112,30.57,32.27,30.5,31.98,1.1000000000000014,3.5621761658031215,42631768.0
636,20211115,32.1,32.27,31.55,31.93,-0.0500000000000007,-0.1563477173233241,26445236.0
636,20211116,31.86,31.89,30.55,30.67,-1.259999999999998,-3.946132164108984,35680498.0
636,20211117,30.69,30.95,30.13,30.71,0.0399999999999991,0.1304206064558277,24562009.0
636,20211118,30.49,30.83,30.13,30.25,-0.4600000000000008,-1.4978834255942708,20513743.0
636,20211119,30.22,31.1,30.03,31.05,0.8000000000000007,2.6446280991735627,28123333.0
636,20211122,31.05,31.67,30.76,31.4,0.3499999999999978,1.1272141706924144,28869117.0
636,20211123,31.13,31.5,30.43,30.46,-0.9399999999999976,-2.993630573248396,29553456.0
636,20211124,30.3,31.17,30.28,30.53,0.0700000000000002,0.2298095863427551,25069759.0
636,20211125,30.47,30.68,30.0,30.0,-0.5300000000000011,-1.735997379626597,22198536.0
636,20211126,29.89,29.89,28.94,29.1,-0.8999999999999986,-2.9999999999999916,30159590.0
636,20211129,28.56,29.43,28.43,29.1,0.0,0.0,21384945.0
636,20211130,29.15,29.63,29.03,29.49,0.389999999999997,1.3402061855670055,20043988.0
636,20211201,29.46,29.75,29.22,29.5,0.0100000000000015,0.0339097999321857,13686537.0
636,20211202,29.45,29.69,28.74,28.74,-0.7600000000000016,-2.5762711864406818,17277220.0
636,20211203,28.95,29.85,28.89,29.67,0.9300000000000032,3.2359081419624403,22472853.0
636,20211206,29.67,29.98,29.11,29.13,-0.5400000000000027,-1.8200202224469275,19205807.0
636,20211207,29.5,29.5,28.43,28.64,-0.4899999999999984,-1.6821146584277358,16658120.0
636,20211208,28.6,29.1,28.6,29.04,0.3999999999999986,1.3966480446927276,12465747.0
636,20211209,29.04,30.03,29.01,30.0,0.9600000000000009,3.3057851239669533,25860381.0
636,20211210,29.99,30.22,29.59,29.9,-0.1000000000000014,-0.333333333333341,19029068.0
636,20211213,29.85,30.28,29.56,29.9,0.0,0.0,20364180.0
636,20211214,29.86,30.2,29.41,29.65,-0.25,-0.8361204013377921,16738847.0
636,20211215,29.59,29.9,29.18,29.27,-0.379999999999999,-1.281618887015179,13739024.0
636,20211216,29.38,29.44,28.8,28.97,-0.3000000000000007,-1.0249402118209794,13140876.0
636,20211217,29.07,29.08,28.59,28.74,-0.2300000000000004,-0.793924749741115,11492662.0
636,20211220,28.81,28.96,28.01,28.03,-0.7099999999999973,-2.470424495476675,14712867.0
636,20211221,28.1,28.5,28.1,28.33,0.2999999999999971,1.070281840884757,8681649.0
636,20211222,28.44,28.66,27.84,28.65,0.3200000000000003,1.1295446523120312,19788963.0
636,20211223,28.6,28.73,28.18,28.31,-0.3399999999999998,-1.186736474694594,13594594.0
636,20211224,28.2,28.64,28.01,28.11,-0.1999999999999993,-0.706464146944541,10871738.0
636,20211227,28.2,30.78,28.05,30.3,2.1900000000000013,7.790821771611523,56972019.0
636,20211228,30.2,30.5,29.7,30.05,-0.25,-0.8250825082508295,25006457.0
636,20211229,30.05,30.13,29.19,29.75,-0.3000000000000007,-0.9983361064891838,22888165.0
636,20211230,29.75,30.09,29.63,29.8,0.0500000000000007,0.1680672268907557,15562161.0
636,20211231,29.9,29.99,29.42,29.8,0.0,0.0,12967089.0
636,20220104,29.59,29.75,28.56,28.99,-0.8100000000000023,-2.7181208053691397,23093171.0
636,20220105,29.0,29.12,28.16,28.34,-0.6499999999999986,-2.2421524663677084,15666774.0
636,20220106,28.39,28.55,28.1,28.45,0.1099999999999994,0.3881439661256092,11481601.0
636,20220107,28.5,28.69,27.82,27.86,-0.5899999999999999,-2.073813708260108,18667119.0
636,20220110,27.82,28.05,27.05,27.91,0.0500000000000007,0.1794687724335997,13771380.0
636,20220111,27.87,27.99,27.51,27.99,0.0799999999999983,0.2866356144750837,10392581.0
636,20220112,28.02,28.52,28.02,28.48,0.490000000000002,1.7506252232940334,13706474.0
636,20220113,28.36,28.48,27.32,27.5,-0.9800000000000004,-3.4410112359550604,18599403.0
636,20220114,27.3,27.85,27.25,27.52,0.0199999999999995,0.0727272727272687,8845715.0
636,20220117,27.35,27.83,27.21,27.82,0.3000000000000007,1.0901162790697638,11075038.0
636,20220118,28.26,28.98,28.03,28.32,0.5,1.797268152408349,24291637.0
636,20220119,28.1,28.28,27.85,28.23,-0.0899999999999998,-0.3177966101694962,9460602.0
636,20220120,28.2,28.47,27.55,27.58,-0.6500000000000021,-2.30251505490614,11001361.0
636,20220121,27.6,27.8,27.4,27.7,0.120000000000001,0.435097897026826,6953475.0
636,20220124,27.62,28.35,27.41,28.2,0.5,1.805054151624552,10509847.0
636,20220125,28.03,28.25,27.51,27.57,-0.629999999999999,-2.2340425531914843,8614273.0
636,20220126,27.61,27.75,25.95,26.55,-1.0199999999999996,-3.699673558215455,19515279.0
636,20220127,25.71,25.75,23.9,23.9,-2.650000000000002,-9.981167608286256,48824499.0
636,20220128,23.4,23.84,22.6,22.68,-1.2199999999999989,-5.104602510460243,27991320.0
636,20220207,23.01,23.14,22.52,22.92,0.240000000000002,1.0582010582010692,16875158.0
636,20220208,22.91,22.92,22.21,22.78,-0.1400000000000005,-0.610820244328103,12843972.0
636,20220209,22.8,23.23,22.61,23.22,0.4399999999999977,1.9315188762071944,12907242.0
636,20220210,23.36,23.36,22.99,23.12,-0.0999999999999978,-0.430663221360883,11055558.0
636,20220211,23.02,23.19,22.12,22.9,-0.2200000000000024,-0.9515570934256146,8365379.0
636,20220214,22.7,23.03,22.45,22.63,-0.2699999999999996,-1.1790393013100364,8590838.0
636,20220215,22.63,22.95,22.56,22.89,0.2600000000000015,1.148917366327895,7472740.0
636,20220216,23.02,23.35,22.98,23.05,0.1600000000000001,0.6989951944080364,10987456.0
636,20220217,22.9,23.45,22.88,23.2,0.1499999999999985,0.6507592190889255,11058364.0
636,20220218,23.05,23.31,22.91,23.25,0.0500000000000007,0.2155172413793149,7712019.0
636,20220221,23.19,23.86,23.12,23.71,0.4600000000000008,1.978494623655913,12926298.0
636,20220222,23.5,23.7,23.15,23.44,-0.2699999999999996,-1.1387600168705214,11234863.0
636,20220223,23.47,24.0,23.47,23.96,0.5199999999999996,2.2184300341296925,15265539.0
636,20220224,23.8,23.95,22.99,23.2,-0.7600000000000016,-3.171953255425719,17307974.0
636,20220225,23.44,23.88,23.4,23.43,0.2300000000000004,0.991379310344831,11544964.0
636,20220228,23.42,23.64,23.1,23.27,-0.1600000000000001,-0.6828851899274402,8525774.0
636,20220301,23.32,23.4,23.01,23.2,-0.0700000000000002,-0.3008165019338205,9870561.0
636,20220302,23.14,23.16,22.85,22.96,-0.2399999999999984,-1.0344827586206806,8824008.0
636,20220303,22.98,23.28,22.67,22.7,-0.2600000000000015,-1.1324041811846763,11248845.0
636,20220304,22.6,23.06,22.44,22.69,-0.009999999999998,-0.044052863436117,10074051.0
636,20220307,22.7,22.7,20.66,20.89,-1.8000000000000007,-7.933010136624064,31336592.0
636,20220308,20.87,21.34,20.19,20.56,-0.3300000000000018,-1.5797032072762174,19226721.0
636,20220309,20.8,20.86,19.1,19.96,-0.5999999999999979,-2.9182879377431803,24074198.0
636,20220310,20.57,20.8,20.3,20.48,0.5199999999999996,2.605210420841675,15519299.0
636,20220311,20.18,20.84,20.0,20.79,0.3099999999999987,1.513671875,12548793.0
636,20220314,20.59,20.83,20.45,20.48,-0.3099999999999987,-1.4911014911014877,9286640.0
636,20220315,20.4,20.41,19.03,19.06,-1.4200000000000017,-6.933593750000011,17106926.0
636,20220316,19.45,19.84,18.51,19.77,0.7100000000000009,3.725078698845752,22084885.0
636,20220317,20.46,21.44,20.16,20.84,1.0700000000000005,5.412240768841681,28318759.0
636,20220318,20.61,20.77,20.2,20.59,-0.25,-1.1996161228406963,12437967.0
636,20220321,20.66,20.81,20.3,20.6,0.0100000000000015,0.0485672656629576,10805239.0
636,20220322,20.58,20.84,20.41,20.56,-0.0400000000000027,-0.1941747572815622,9481842.0
636,20220323,20.66,21.1,20.5,20.8,0.240000000000002,1.1673151750972943,10232906.0
636,20220324,20.64,20.94,20.44,20.58,-0.2200000000000024,-1.057692307692315,10723237.0
636,20220325,20.58,20.73,20.25,20.25,-0.3299999999999983,-1.60349854227404,8546354.0
636,20220328,20.02,20.4,19.84,20.38,0.129999999999999,0.6419753086419622,8989295.0
636,20220329,20.29,20.36,19.69,19.78,-0.5999999999999979,-2.9440628066731978,11219156.0
636,20220330,20.01,20.3,19.85,20.27,0.4899999999999984,2.477249747219412,11639740.0
636,20220331,20.35,21.28,20.25,20.7,0.4299999999999997,2.1213616181549044,21927655.0
636,20220401,20.55,20.78,20.34,20.43,-0.2699999999999996,-1.304347826086949,12879901.0
636,20220406,20.34,20.42,19.92,20.0,-0.4299999999999997,-2.104747919725891,10586515.0
636,20220407,20.01,20.15,19.42,19.47,-0.5300000000000011,-2.650000000000008,11078100.0
636,20220408,19.55,19.6,18.9,19.31,-0.1600000000000001,-0.8217770929635382,10118876.0
636,20220411,19.3,19.3,18.12,18.18,-1.129999999999999,-5.851890212325217,16125571.0
636,20220412,18.26,18.66,18.0,18.65,0.4699999999999988,2.585258525852585,10571578.0
636,20220413,18.5,18.57,18.11,18.13,-0.5199999999999996,-2.788203753351204,8862417.0
636,20220414,18.3,18.92,18.09,18.75,0.620000000000001,3.4197462768891462,12225021.0
636,20220415,18.7,19.35,18.53,19.0,0.25,1.333333333333342,13927511.0
636,20220418,18.8,19.68,18.64,19.58,0.5799999999999983,3.0526315789473513,13866314.0
636,20220419,20.16,20.34,19.7,19.77,0.1900000000000012,0.9703779366700748,18404624.0
636,20220420,19.72,20.04,19.45,19.53,-0.2399999999999984,-1.2139605462822334,11233160.0
636,20220421,19.38,19.64,18.74,18.84,-0.6900000000000013,-3.533026113671278,11648632.0
636,20220422,18.84,18.84,18.18,18.27,-0.5700000000000003,-3.0254777070063743,10159100.0
636,20220425,18.01,18.02,16.44,16.45,-1.8200000000000005,-9.961685823754795,21625988.0
636,20220426,16.57,16.59,15.3,15.43,-1.0199999999999996,-6.200607902735555,22021459.0
636,20220427,15.08,16.38,14.88,16.3,0.870000000000001,5.63836681788723,18668824.0
636,20220428,16.0,16.25,15.54,15.69,-0.6100000000000012,-3.74233128834357,17459647.0
636,20220429,15.93,16.6,15.79,16.5,0.8100000000000005,5.162523900573612,20522748.0
636,20220505,16.65,16.66,16.33,16.4,-0.1000000000000014,-0.60606060606061,13375663.0
636,20220506,15.98,16.15,15.72,15.82,-0.5799999999999983,-3.5365853658536506,13448901.0
636,20220509,15.79,16.08,15.68,15.9,0.08,0.5056890012642201,9761459.0
636,20220510,15.67,16.49,15.64,16.42,0.5200000000000014,3.2704402515723263,13064929.0
636,20220511,16.49,17.18,16.3,16.67,0.25,1.5225334957368997,21737295.0
636,20220512,16.6,16.84,16.5,16.73,0.0599999999999987,0.359928014397104,10962857.0
636,20220513,16.75,16.87,16.45,16.61,-0.120000000000001,-0.7172743574417328,9174898.0
636,20220516,16.82,16.9,16.3,16.46,-0.1499999999999985,-0.903070439494269,12287571.0
636,20220517,16.51,16.84,16.28,16.73,0.2699999999999996,1.640340218712022,12614413.0
636,20220518,16.75,17.1,16.61,16.84,0.1099999999999994,0.6575014943215773,12640947.0
636,20220519,16.58,17.14,16.43,17.14,0.3000000000000007,1.7814726840855055,17024227.0
636,20220520,17.08,17.31,16.91,17.22,0.0799999999999983,0.4667444574095514,14168660.0
636,20220523,17.27,17.3,17.02,17.17,-0.0499999999999971,-0.2903600464575939,10359087.0
636,20220524,17.38,17.53,16.25,16.25,-0.9200000000000016,-5.3581828771112505,19758361.0
636,20220525,16.06,16.39,16.06,16.35,0.1000000000000014,0.6153846153846176,11377432.0
636,20220526,16.35,16.73,15.82,16.43,0.0799999999999983,0.4892966360856121,18597693.0
636,20220527,16.62,16.8,16.14,16.26,-0.1699999999999981,-1.0346926354229955,11856309.0
636,20220530,16.31,16.44,16.06,16.25,-0.0100000000000015,-0.0615006150061603,12108063.0
636,20220531,16.32,17.11,15.95,17.1,0.8500000000000014,5.230769230769239,26310180.0
636,20220601,17.05,17.12,16.72,16.8,-0.3000000000000007,-1.7543859649122862,15351581.0
636,20220602,16.82,17.25,16.63,17.2,0.3999999999999986,2.3809523809523725,18637830.0
636,20220606,17.12,17.8,17.1,17.61,0.4100000000000001,2.383720930232558,22876050.0
636,20220607,17.7,17.7,17.16,17.3,-0.3099999999999987,-1.7603634298693829,16554879.0
636,20220608,17.3,17.47,16.94,17.3,0.0,0.0,14747206.0
636,20220609,17.29,17.29,16.55,16.7,-0.6000000000000014,-3.4682080924855585,15766443.0
636,20220610,16.74,17.84,16.65,17.74,1.0399999999999991,6.227544910179628,30747126.0
636,20220613,17.51,17.96,17.41,17.62,-0.1199999999999974,-0.6764374295377573,18961555.0
636,20220614,17.41,17.44,16.67,17.35,-0.2699999999999996,-1.53234960272417,22747695.0
636,20220615,17.32,18.18,17.28,17.69,0.3399999999999998,1.9596541786743416,33050607.0
636,20220616,17.77,18.26,17.69,18.12,0.4299999999999997,2.4307518371961434,29434941.0
636,20220617,17.83,18.1,17.68,18.06,-0.0600000000000022,-0.3311258278145823,21536143.0
636,20220620,18.04,18.48,17.95,18.24,0.1799999999999997,0.9966777408637828,22133629.0
636,20220621,18.25,18.4,17.9,18.08,-0.1600000000000001,-0.8771929824561431,17609263.0
636,20220622,18.03,18.08,17.5,17.51,-0.5699999999999967,-3.1526548672566213,18408446.0
636,20220623,17.48,18.15,17.47,18.13,0.6199999999999974,3.540833809251831,19036191.0
636,20220624,18.18,18.44,18.09,18.39,0.2600000000000015,1.4340871483728757,25411413.0
636,20220627,18.46,18.7,18.12,18.58,0.1899999999999977,1.033170201196287,24122631.0
636,20220628,18.5,19.1,18.2,19.05,0.4700000000000024,2.5296017222820266,28950445.0
636,20220629,19.0,19.35,18.74,18.78,-0.2699999999999996,-1.4173228346456623,32248380.0
636,20220630,18.75,18.94,18.58,18.79,0.009999999999998,0.0532481363152204,24724693.0
636,20220701,18.66,18.78,18.13,18.26,-0.5299999999999976,-2.8206492815327167,24805562.0
636,20220704,18.2,18.27,17.81,18.22,-0.0400000000000027,-0.2190580503833694,14089970.0
636,20220705,18.22,18.36,17.8,17.96,-0.259999999999998,-1.427003293084517,16359950.0
636,20220706,18.1,18.23,17.64,17.77,-0.1900000000000012,-1.0579064587973308,13904409.0
636,20220707,18.01,18.75,17.93,18.53,0.7600000000000016,4.276871131119875,28738173.0
636,20220708,18.37,18.81,18.25,18.26,-0.2699999999999996,-1.4570966001079322,17608541.0
636,20220711,18.07,18.07,17.62,17.75,-0.5100000000000016,-2.7929901423877412,14330983.0
636,20220712,17.75,17.75,17.44,17.45,-0.3000000000000007,-1.6901408450704314,9470106.0
636,20220713,17.41,17.8,17.31,17.51,0.0600000000000022,0.3438395415472861,10670018.0
636,20220714,17.4,17.67,17.35,17.44,-0.0700000000000002,-0.3997715591090856,8879490.0
636,20220715,17.34,17.45,16.91,16.95,-0.490000000000002,-2.809633027522951,14354427.0
636,20220718,17.03,17.39,16.96,17.31,0.3599999999999994,2.123893805309729,9659431.0
636,20220719,17.3,17.6,17.17,17.45,0.1400000000000005,0.8087810514153748,9320688.0
636,20220720,17.46,17.73,17.34,17.5,0.0500000000000007,0.2865329512893977,10600578.0
636,20220721,17.49,17.65,17.26,17.39,-0.1099999999999994,-0.6285714285714228,9510405.0
636,20220722,17.39,17.46,16.97,17.06,-0.3300000000000018,-1.8976423231742536,11388140.0
636,20220725,17.09,17.09,16.56,16.68,-0.379999999999999,-2.2274325908557935,9186018.0
636,20220726,16.68,16.83,16.39,16.76,0.0800000000000018,0.4796163069544557,6937465.0
636,20220727,16.76,17.2,16.69,17.11,0.3499999999999978,2.088305489260134,8946581.0
636,20220728,17.19,18.28,17.18,17.77,0.6600000000000001,3.8573933372296976,30552952.0
636,20220729,17.73,17.82,17.44,17.45,-0.3200000000000003,-1.8007878446820502,14036025.0
636,20220801,17.5,17.87,16.97,17.84,0.3900000000000005,2.234957020057315,17328941.0
636,20220802,17.7,17.7,17.05,17.25,-0.5899999999999999,-3.3071748878923724,20060164.0
636,20220803,17.25,18.27,17.25,17.65,0.3999999999999986,2.3188405797101463,37992387.0
636,20220804,18.0,18.19,17.41,17.67,0.0200000000000031,0.1133144475920833,27658183.0
636,20220805,17.6,18.65,17.5,18.61,0.9399999999999976,5.319750990379157,45839362.0
636,20220808,18.8,18.84,18.34,18.52,-0.0899999999999998,-0.4836109618484685,29972033.0
636,20220809,18.4,18.62,18.12,18.62,0.1000000000000014,0.5399568034557323,23822971.0
636,20220810,18.45,18.77,18.27,18.39,-0.2300000000000004,-1.235230934479059,21838909.0
636,20220811,18.5,19.0,18.47,18.94,0.5500000000000007,2.9907558455682492,34130727.0
636,20220812,18.84,19.03,18.55,18.58,-0.360000000000003,-1.9007391763463777,24363944.0
636,20220815,18.5,18.72,18.3,18.39,-0.1899999999999977,-1.0226049515608016,18373769.0
636,20220816,18.43,18.55,18.1,18.37,-0.0199999999999995,-0.1087547580206571,15620750.0
636,20220817,18.28,18.75,18.1,18.63,0.259999999999998,1.4153511159499033,19656474.0
636,20220818,18.55,19.14,18.36,18.9,0.2699999999999996,1.449275362318847,28532648.0
636,20220819,18.6,18.95,18.1,18.14,-0.759999999999998,-4.021164021164014,32120432.0
636,20220822,18.04,18.56,17.59,18.21,0.0700000000000002,0.3858875413450979,17337891.0
636,20220823,18.23,18.36,17.85,17.94,-0.2699999999999996,-1.4827018121911006,17639207.0
636,20220824,18.0,18.0,17.02,17.06,-0.8800000000000026,-4.905239687848395,23541320.0
636,20220825,17.02,17.19,16.75,17.19,0.1300000000000025,0.7620164126612039,13044513.0
636,20220826,17.18,17.35,17.08,17.24,0.0499999999999971,0.2908667830133549,9332532.0
636,20220829,16.88,17.18,16.8,17.05,-0.1899999999999977,-1.10208816705335,7811963.0
636,20220830,17.18,17.29,17.08,17.22,0.1699999999999981,0.9970674486803331,6420780.0
636,20220831,17.22,17.39,16.9,16.99,-0.2300000000000004,-1.3356562137049943,9545807.0
636,20220901,16.99,17.17,16.85,16.9,-0.0899999999999998,-0.5297233666862855,6468618.0
636,20220902,16.99,17.08,16.87,16.97,0.0700000000000002,0.4142011834319614,5828759.0
636,20220905,16.78,16.78,16.13,16.27,-0.6999999999999993,-4.1249263406010535,17319018.0
636,20220906,16.3,16.42,16.17,16.38,0.1099999999999994,0.6760909649661917,8615896.0
636,20220907,16.31,16.62,16.27,16.43,0.0500000000000007,0.3052503052503041,8781600.0
636,20220908,16.42,16.44,16.15,16.15,-0.2800000000000011,-1.704199634814374,7565000.0
636,20220909,16.15,16.3,16.14,16.28,0.1300000000000025,0.8049535603715352,4954280.0
636,20220913,16.32,16.56,16.32,16.44,0.1600000000000001,0.9828009828009908,6516205.0
636,20220914,16.16,16.4,16.11,16.32,-0.120000000000001,-0.7299270072992803,5047168.0
636,20220915,16.36,16.4,15.98,16.19,-0.129999999999999,-0.7965686274509776,8181199.0
636,20220916,16.17,16.29,16.0,16.18,-0.0100000000000015,-0.0617665225447927,8080299.0
636,20220919,16.05,16.1,15.6,15.69,-0.4900000000000002,-3.0284301606922193,7516907.0
636,20220920,15.74,15.93,15.67,15.72,0.0300000000000011,0.1912045889101321,5088993.0
636,20220921,15.68,15.72,15.42,15.69,-0.0300000000000011,-0.1908396946564972,5752540.0
636,20220922,15.59,15.76,15.38,15.43,-0.2599999999999998,-1.6571064372211564,5850000.0
636,20220923,15.44,15.48,14.94,15.01,-0.4199999999999999,-2.721970187945555,7631958.0
636,20220926,14.8,14.95,14.43,14.68,-0.33,-2.198534310459699,9336508.0
636,20220927,14.78,14.97,14.63,14.97,0.2900000000000009,1.975476839237067,6549590.0
636,20220928,14.96,14.96,14.45,14.49,-0.4800000000000004,-3.206412825651306,7062319.0
636,20220929,14.68,14.7,14.25,14.45,-0.0400000000000009,-0.2760524499655026,6234177.0
636,20220930,14.38,14.58,14.06,14.07,-0.379999999999999,-2.629757785467124,6123972.0
636,20221010,14.0,14.04,13.3,13.41,-0.6600000000000001,-4.690831556503195,10916467.0
636,20221011,13.41,13.5,13.12,13.31,-0.0999999999999996,-0.7457121551081247,7904619.0
636,20221012,13.3,13.86,13.15,13.83,0.5199999999999996,3.9068369646882095,9557659.0
636,20221013,13.75,14.19,13.65,13.96,0.1300000000000007,0.9399855386840184,9172191.0
636,20221014,14.12,14.3,14.02,14.24,0.2799999999999993,2.005730659025784,7677382.0
636,20221017,14.2,14.54,14.15,14.52,0.2799999999999993,1.96629213483146,7798007.0
636,20221018,14.6,14.63,14.28,14.41,-0.1099999999999994,-0.7575757575757569,7187235.0
636,20221019,14.39,14.44,14.2,14.2,-0.2100000000000008,-1.4573213046495503,6013939.0
636,20221020,14.08,14.64,13.95,14.47,0.2700000000000013,1.901408450704234,12007183.0
636,20221021,14.45,14.48,14.15,14.24,-0.2300000000000004,-1.5894955079474804,6599145.0
636,20221024,14.34,14.7,14.03,14.19,-0.0500000000000007,-0.3511235955056202,9101169.0
636,20221025,14.15,14.43,13.93,14.18,-0.0099999999999997,-0.0704721634954164,7768705.0
636,20221026,14.15,14.64,14.11,14.46,0.2800000000000011,1.9746121297602448,11943658.0
636,20221027,14.56,14.9,14.5,14.76,0.2999999999999989,2.0746887966804906,13185834.0
636,20221028,14.69,14.82,13.83,13.85,-0.91,-6.165311653116534,14223462.0
636,20221031,13.02,13.97,12.7,13.73,-0.1199999999999992,-0.8664259927797735,20333001.0
636,20221101,13.77,14.18,13.65,14.18,0.4499999999999993,3.277494537509096,13882267.0
636,20221102,14.22,14.72,14.15,14.61,0.4299999999999997,3.032440056417496,14565759.0
636,20221103,14.44,14.69,14.36,14.61,0.0,0.0,9436260.0
636,20221104,14.71,15.15,14.65,15.08,0.4700000000000006,3.216974674880224,17924390.0
636,20221107,15.0,15.33,14.98,15.2,0.1199999999999992,0.7957559681697646,12928756.0
636,20221108,15.23,15.23,14.68,14.89,-0.3099999999999987,-2.0394736842105132,10149237.0
636,20221109,14.9,15.3,14.68,15.17,0.2799999999999993,1.8804566823371391,14002885.0
636,20221110,15.06,15.17,14.73,14.83,-0.3399999999999998,-2.2412656558998045,10729969.0
636,20221111,15.18,15.35,15.01,15.1,0.2699999999999996,1.8206338503034436,13911059.0
636,20221114,15.03,15.71,15.02,15.28,0.1799999999999997,1.192052980132452,16541020.0
636,20221115,15.27,16.81,15.2,16.81,1.5299999999999994,10.01308900523561,50359532.0
636,20221116,17.0,17.0,16.42,16.54,-0.2699999999999996,-1.6061867935752483,38113332.0
636,20221117,16.56,16.68,16.12,16.66,0.120000000000001,0.7255139056832061,22285538.0
636,20221118,16.5,16.84,16.19,16.25,-0.4100000000000001,-2.460984393757504,19780381.0
636,20221121,16.1,16.33,15.85,16.08,-0.1700000000000017,-1.0461538461538522,12254316.0
636,20221122,16.17,16.34,15.71,15.9,-0.1799999999999979,-1.1194029850746134,14117833.0
636,20221123,15.91,16.03,15.5,15.81,-0.0899999999999998,-0.5660377358490565,10241962.0
636,20221124,15.8,15.92,15.62,15.73,-0.08,-0.5060088551549602,7126750.0
636,20221125,15.66,15.95,15.56,15.61,-0.120000000000001,-0.7628734901462209,7767777.0
636,20221128,15.4,15.49,15.13,15.38,-0.2299999999999986,-1.4734144778987712,9929561.0
636,20221129,15.36,15.88,15.33,15.74,0.3599999999999994,2.3407022106632036,12698635.0
636,20221130,15.69,15.86,15.51,15.57,-0.1699999999999999,-1.0800508259212194,9639733.0
636,20221201,15.78,15.91,15.49,15.59,0.0199999999999995,0.1284521515735326,12595132.0
636,20221202,15.56,15.63,15.37,15.45,-0.1400000000000005,-0.8980115458627314,10103810.0
636,20221205,15.49,15.63,15.35,15.56,0.1100000000000012,0.7119741100323651,11521710.0
636,20221206,15.53,15.9,15.47,15.81,0.25,1.6066838046272514,15669760.0
636,20221207,15.76,15.76,15.51,15.54,-0.2700000000000013,-1.7077798861480198,9068301.0
636,20221208,15.51,15.51,15.15,15.15,-0.3899999999999988,-2.5096525096525046,11251982.0
636,20221209,15.26,15.94,15.15,15.57,0.4199999999999999,2.7722772277227747,16935478.0
636,20221212,15.59,16.04,15.39,16.0,0.4299999999999997,2.7617212588310736,18297505.0
636,20221213,15.82,15.98,15.7,15.82,-0.1799999999999997,-1.1249999999999982,9300443.0
636,20221214,16.36,16.55,15.85,15.87,0.0499999999999989,0.3160556257901348,21237532.0
636,20221215,15.88,16.95,15.75,16.52,0.6500000000000004,4.095778197857602,37004960.0
636,20221216,16.27,16.43,16.08,16.39,-0.129999999999999,-0.7869249394673039,14885606.0
636,20221219,16.25,16.38,15.55,15.65,-0.7400000000000002,-4.51494813910921,13154098.0
636,20221220,15.58,15.83,15.27,15.36,-0.2900000000000009,-1.8530351437699768,8824442.0
636,20221221,15.3,15.56,14.86,14.98,-0.379999999999999,-2.473958333333326,10202852.0
636,20221222,15.08,15.29,14.82,14.95,-0.0300000000000011,-0.2002670226969316,6777696.0
636,20221223,14.78,14.95,14.5,14.64,-0.3099999999999987,-2.0735785953177155,6540301.0
636,20221226,14.89,15.62,14.65,15.49,0.8499999999999996,5.806010928961736,13280367.0
636,20221227,15.43,15.58,15.28,15.51,0.0199999999999995,0.129115558424786,6980217.0
636,20221228,15.42,15.47,15.18,15.24,-0.2699999999999996,-1.740812379110246,5634220.0
636,20221229,15.2,15.25,14.85,14.9,-0.3399999999999998,-2.2309711286089273,8332858.0
636,20221230,15.0,15.08,14.76,14.83,-0.0700000000000002,-0.4697986577181234,4964245.0
636,20230103,14.83,15.35,14.66,15.28,0.4499999999999993,3.034389750505717,8171899.0
636,20230104,15.18,15.55,15.06,15.17,-0.1099999999999994,-0.7198952879581166,8274200.0
636,20230105,15.21,15.32,15.07,15.26,0.0899999999999998,0.5932762030322891,5541700.0
636,20230106,15.24,15.45,15.16,15.21,-0.0499999999999989,-0.3276539973787629,7004500.0
636,20230109,15.35,16.16,15.31,15.79,0.5799999999999983,3.8132807363576497,23839012.0
636,20230110,15.71,16.11,15.7,15.94,0.1500000000000003,0.949968334388851,15358271.0
636,20230111,15.95,16.32,15.65,15.74,-0.1999999999999993,-1.2547051442910906,13388517.0
636,20230112,15.73,16.04,15.51,15.96,0.2200000000000006,1.397712833545106,8870803.0
636,20230113,15.95,15.98,15.63,15.8,-0.1600000000000001,-1.0025062656641603,7372566.0
636,20230116,15.85,16.32,15.74,16.25,0.4499999999999993,2.848101265822778,17411831.0
636,20230117,16.34,17.1,16.32,16.83,0.5799999999999983,3.569230769230769,32715537.0
636,20230118,16.92,17.25,16.92,17.03,0.2000000000000028,1.188354129530622,17299740.0
636,20230119,16.92,18.07,16.89,18.01,0.9800000000000004,5.754550792718738,33863268.0
636,20230120,17.85,18.24,17.5,17.6,-0.4100000000000001,-2.2765130483064944,27803019.0
636,20230130,17.75,17.87,17.21,17.27,-0.3300000000000018,-1.8750000000000155,20969936.0
636,20230131,17.21,17.33,17.1,17.24,-0.0300000000000011,-0.1737116386797965,12096321.0
636,20230201,17.3,17.56,17.2,17.44,0.2000000000000028,1.1600928074246175,15399444.0
636,20230202,17.52,17.69,17.38,17.41,-0.0300000000000011,-0.1720183486238591,13836302.0
636,20230203,17.36,17.57,17.15,17.49,0.0799999999999983,0.4595060310166543,11192366.0
636,20230206,17.4,17.59,17.2,17.29,-0.1999999999999993,-1.1435105774728394,9720587.0
636,20230207,17.19,17.43,17.17,17.3,0.0100000000000015,0.0578368999421652,7908462.0
636,20230208,17.23,17.44,16.96,16.99,-0.3100000000000023,-1.7919075144508856,9245364.0
636,20230209,16.92,17.79,16.88,17.65,0.6600000000000001,3.8846380223660937,15712435.0
636,20230210,17.58,17.79,17.36,17.48,-0.1699999999999981,-0.9631728045325638,10933527.0
636,20230213,17.48,17.85,17.2,17.65,0.1699999999999981,0.97254004576659,13207755.0
636,20230214,17.6,18.05,17.6,17.85,0.2000000000000028,1.1331444759207,13363748.0
636,20230215,17.81,18.18,17.71,18.05,0.1999999999999993,1.1204481792717047,16447830.0
636,20230216,18.11,18.13,17.22,17.35,-0.6999999999999993,-3.878116343490301,16457770.0
636,20230217,17.35,17.56,17.01,17.03,-0.3200000000000003,-1.8443804034582123,9795400.0
636,20230220,17.0,17.38,16.92,17.34,0.3099999999999987,1.8203170874926624,10339881.0
636,20230221,17.35,17.86,17.26,17.41,0.0700000000000002,0.4036908881199563,10855337.0
636,20230222,17.28,17.5,17.12,17.22,-0.1900000000000012,-1.0913268236645737,8442233.0
636,20230223,17.23,17.33,16.6,16.79,-0.4299999999999997,-2.4970963995354256,16644555.0
636,20230224,16.85,17.36,16.77,17.1,0.3100000000000023,1.846337105419904,13923901.0
636,20230227,17.02,17.08,16.51,16.59,-0.5100000000000016,-2.9824561403508865,12870563.0
636,20230228,16.65,17.12,16.5,16.75,0.1600000000000001,0.9644364074743894,9934035.0
636,20230301,16.89,17.5,16.7,17.4,0.6499999999999986,3.8805970149253577,24071215.0
636,20230302,17.44,17.68,17.32,17.38,-0.0199999999999995,-0.1149425287356287,10774639.0
636,20230303,17.52,17.6,17.16,17.4,0.0199999999999995,0.1150747986190969,9538600.0
636,20230306,17.39,17.6,17.33,17.47,0.0700000000000002,0.4022988505747227,8810130.0
636,20230307,17.37,17.41,16.4,16.42,-1.0499999999999972,-6.010303377218074,23504300.0
636,20230308,16.38,16.95,16.35,16.81,0.389999999999997,2.375152253349566,12865377.0
636,20230309,16.88,16.92,16.65,16.72,-0.0899999999999998,-0.5353955978584124,5934642.0
636,20230310,16.6,16.79,16.48,16.55,-0.1699999999999981,-1.016746411483238,6990380.0
636,20230313,16.5,16.87,16.37,16.66,0.1099999999999994,0.6646525679758319,9582000.0
636,20230314,16.66,16.66,15.85,16.3,-0.3599999999999994,-2.1608643457382892,18026005.0
636,20230315,16.44,16.77,16.38,16.49,0.1899999999999977,1.1656441717791344,9274871.0
636,20230316,16.42,16.68,16.16,16.22,-0.2699999999999996,-1.637355973317156,7690400.0
636,20230317,16.32,16.73,16.29,16.51,0.2900000000000027,1.787916152897684,10512039.0
636,20230320,16.51,16.84,16.46,16.68,0.1699999999999981,1.029678982434867,9191446.0
636,20230321,16.75,16.84,16.56,16.79,0.1099999999999994,0.659472422062346,7520224.0
636,20230322,16.8,17.28,16.73,17.15,0.3599999999999994,2.1441334127456857,15932390.0
636,20230323,17.08,17.6,17.06,17.57,0.4200000000000017,2.448979591836742,19407395.0
636,20230324,17.65,17.88,17.58,17.82,0.25,1.4228799089356814,19480259.0
636,20230327,17.86,17.98,17.45,17.66,-0.1600000000000001,-0.8978675645342271,14818509.0
636,20230328,17.55,17.6,17.08,17.09,-0.5700000000000003,-3.2276330690826693,16864786.0
636,20230329,17.23,17.47,16.95,17.32,0.2300000000000004,1.345816266822708,13146232.0
636,20230330,17.4,18.5,17.25,18.01,0.6900000000000013,3.9838337182448,39296932.0
636,20230331,17.91,18.16,17.67,18.09,0.0799999999999983,0.4441976679622428,18892725.0
636,20230403,19.3,19.88,18.82,18.92,0.8300000000000018,4.588170259812063,58644337.0
636,20230404,18.85,19.04,18.5,18.81,-0.1100000000000029,-0.5813953488372214,30054142.0
636,20230406,18.72,19.48,18.63,19.15,0.3399999999999998,1.8075491759702356,38642121.0
636,20230407,19.15,19.25,18.84,19.0,-0.1499999999999985,-0.7832898172323688,18023289.0
636,20230410,19.08,19.18,18.26,18.41,-0.5899999999999999,-3.105263157894733,22828807.0
636,20230411,18.41,18.79,18.31,18.55,0.1400000000000005,0.7604562737642651,17421538.0
636,20230412,18.52,18.78,18.31,18.7,0.1499999999999985,0.8086253369272267,14837899.0
636,20230413,18.6,18.63,18.07,18.1,-0.5999999999999979,-3.208556149732611,16788991.0
636,20230414,18.18,18.32,17.77,18.3,0.1999999999999993,1.104972375690605,13915840.0
636,20230417,18.25,18.25,17.87,17.94,-0.3599999999999994,-1.967213114754096,13132596.0
636,20230418,17.95,18.05,17.47,17.79,-0.1500000000000021,-0.8361204013378032,13400139.0
636,20230419,17.7,18.04,17.61,17.7,-0.0899999999999998,-0.5059021922428353,9900719.0
636,20230420,17.63,17.92,17.52,17.83,0.129999999999999,0.7344632768361503,12782125.0
636,20230421,17.87,17.91,16.71,16.72,-1.1099999999999994,-6.2254627033090255,23499802.0
636,20230424,16.74,17.18,16.41,16.57,-0.1499999999999985,-0.897129186602863,13182400.0
636,20230425,16.57,16.69,15.78,16.03,-0.5399999999999991,-3.2589016294508055,20353984.0
636,20230426,16.0,16.15,15.6,15.69,-0.3400000000000016,-2.121023081721785,16261795.0
636,20230427,15.79,15.84,15.4,15.46,-0.2299999999999986,-1.4659018483110131,12625172.0
636,20230428,15.46,15.84,15.4,15.79,0.3299999999999983,2.1345407503233993,10698000.0
636,20230504,15.7,15.87,15.56,15.63,-0.1599999999999983,-1.0132995566814351,10632927.0
636,20230505,15.63,15.74,15.34,15.48,-0.1500000000000003,-0.9596928982725572,10063718.0
636,20230508,15.48,15.71,15.45,15.69,0.209999999999999,1.356589147286824,10083497.0
636,20230509,15.98,16.1,15.46,15.63,-0.0599999999999987,-0.3824091778202643,17914515.0
636,20230510,15.55,15.75,15.42,15.58,-0.0500000000000007,-0.3198976327575265,9116972.0
636,20230511,15.68,15.77,15.56,15.6,0.0199999999999995,0.1283697047496756,7247510.0
636,20230512,15.57,15.62,15.23,15.23,-0.3699999999999992,-2.3717948717948634,8994087.0
636,20230515,15.15,15.48,14.98,15.48,0.25,1.641497045305318,10156951.0
636,20230516,15.48,15.59,15.25,15.48,0.0,0.0,7079286.0
636,20230517,15.42,15.67,15.38,15.53,0.0499999999999989,0.322997416020665,6413600.0
636,20230518,15.53,15.66,15.5,15.6,0.0700000000000002,0.4507405022537103,6229360.0
636,20230519,15.58,15.8,15.54,15.75,0.1500000000000003,0.961538461538458,9456894.0
636,20230522,15.78,15.83,15.59,15.63,-0.1199999999999992,-0.7619047619047525,6365000.0
636,20230523,15.61,15.66,15.42,15.46,-0.1699999999999999,-1.0876519513755567,6067755.0
636,20230524,15.41,15.69,15.33,15.54,0.0799999999999983,0.5174644243208126,5986427.0
636,20230525,15.5,15.66,15.18,15.43,-0.1099999999999994,-0.707850707850699,8180348.0
636,20230526,15.44,15.49,15.3,15.43,0.0,0.0,5584949.0
636,20230529,15.55,15.65,15.33,15.37,-0.0600000000000005,-0.38885288399223,6705345.0
636,20230530,15.34,15.52,15.23,15.51,0.1400000000000005,0.9108653220559536,7149029.0
636,20230531,15.5,15.77,15.42,15.7,0.1899999999999995,1.2250161186331263,8576378.0
636,20230601,15.66,16.09,15.64,15.95,0.25,1.5923566878981,11435617.0
636,20230602,16.0,16.07,15.83,15.9,-0.0499999999999989,-0.3134796238244419,7370801.0
636,20230605,15.88,16.01,15.78,15.86,-0.0400000000000009,-0.2515723270440362,7218813.0
636,20230606,15.81,15.84,15.35,15.42,-0.4399999999999995,-2.774274905422447,7736649.0
636,20230607,15.42,15.5,15.27,15.34,-0.08,-0.5188067444876765,5858333.0
636,20230608,15.27,15.34,14.78,14.99,-0.3499999999999996,-2.2816166883963485,11828357.0
636,20230609,14.99,15.33,14.92,15.33,0.3399999999999998,2.2681787858572333,9341684.0
636,20230612,15.33,15.62,15.23,15.51,0.1799999999999997,1.1741682974559575,8486630.0
636,20230613,15.51,15.73,15.41,15.69,0.1799999999999997,1.1605415860735049,7397501.0
636,20230614,15.67,15.75,15.53,15.67,-0.0199999999999995,-0.1274697259400881,5840928.0
636,20230615,15.68,15.79,15.61,15.69,0.0199999999999995,0.127632418634338,5675371.0
636,20230616,15.66,15.9,15.63,15.83,0.1400000000000005,0.8922880815806389,6931739.0
636,20230619,15.83,15.95,15.72,15.86,0.0299999999999993,0.1895135818066995,6483400.0
636,20230620,15.87,16.35,15.69,16.11,0.25,1.5762925598991284,14909354.0
636,20230621,16.08,16.08,15.55,15.6,-0.5099999999999998,-3.165735567970207,12804698.0
636,20230626,15.38,15.5,15.12,15.16,-0.4399999999999995,-2.8205128205128216,8586703.0
636,20230627,15.24,15.29,15.11,15.18,0.0199999999999995,0.1319261213720279,6084070.0
636,20230628,15.2,15.26,14.69,14.98,-0.1999999999999993,-1.3175230566534912,8624889.0
636,20230629,14.91,15.36,14.91,15.23,0.25,1.6688918558077417,7751370.0
636,20230630,15.2,15.44,15.14,15.34,0.1099999999999994,0.7222586999343417,6385682.0
636,20230703,15.34,15.55,15.31,15.45,0.1099999999999994,0.7170795306388422,7200802.0
636,20230704,15.47,15.86,15.42,15.72,0.2700000000000013,1.7475728155339931,9690264.0
636,20230705,15.66,15.75,15.51,15.52,-0.200000000000001,-1.2722646310432628,6188927.0
636,20230706,15.46,15.8,15.44,15.6,0.08,0.5154639175257714,6741478.0
636,20230707,15.57,15.66,15.28,15.39,-0.209999999999999,-1.3461538461538414,6423706.0
636,20230710,15.42,15.42,15.24,15.29,-0.1000000000000014,-0.6497725795971521,5317824.0
636,20230711,15.31,16.14,15.29,15.88,0.5900000000000016,3.8587311968607096,16881736.0
636,20230712,15.82,16.02,15.56,15.59,-0.2900000000000009,-1.8261964735516445,8355561.0
636,20230713,15.68,15.9,15.61,15.84,0.25,1.6035920461834552,7241627.0
636,20230714,15.85,16.18,15.84,15.91,0.0700000000000002,0.4419191919192045,9549027.0
636,20230717,15.8,16.08,15.72,16.05,0.1400000000000005,0.879949717159012,9497660.0
636,20230718,16.04,16.56,16.0,16.14,0.0899999999999998,0.5607476635514086,18723172.0
636,20230719,16.07,16.45,16.01,16.35,0.2100000000000008,1.3011152416356977,19352478.0
636,20230720,16.38,16.4,15.81,15.88,-0.4700000000000006,-2.87461773700306,14369200.0
636,20230721,15.82,16.6,15.82,16.36,0.4799999999999986,3.0226700251889005,24121135.0
636,20230724,16.2,16.65,16.15,16.24,-0.120000000000001,-0.7334963325183463,16127679.0
636,20230725,16.25,16.39,15.95,16.26,0.0200000000000031,0.1231527093596307,18064638.0
636,20230726,16.19,16.2,15.81,15.9,-0.3600000000000012,-2.2140221402214055,11717917.0
636,20230727,15.85,15.97,15.56,15.56,-0.3399999999999998,-2.138364779874214,10595800.0
636,20230728,15.54,16.05,15.47,15.81,0.25,1.6066838046272514,9953585.0
636,20230731,15.87,16.21,15.82,15.99,0.1799999999999997,1.13851992409868,11505566.0
636,20230801,15.99,16.11,15.88,16.04,0.0499999999999989,0.3126954346466482,6855231.0
636,20230802,15.95,16.18,15.93,16.02,-0.0199999999999995,-0.1246882793017434,6867776.0
636,20230803,15.98,16.15,15.84,15.9,-0.1199999999999992,-0.7490636704119757,6959864.0
636,20230804,15.92,16.09,15.79,15.9,0.0,0.0,7832435.0
636,20230807,15.9,15.94,15.73,15.78,-0.120000000000001,-0.7547169811320864,5923200.0
636,20230808,15.76,15.81,15.49,15.6,-0.1799999999999997,-1.1406844106463865,7845554.0
636,20230809,15.53,15.58,15.21,15.28,-0.3200000000000003,-2.051282051282055,8925769.0
636,20230810,15.28,15.42,15.19,15.41,0.1300000000000007,0.8507853403141308,4132907.0
636,20230811,15.38,15.5,15.13,15.15,-0.2599999999999998,-1.6872160934458091,5888783.0
636,20230814,15.0,15.09,14.81,14.96,-0.1899999999999995,-1.2541254125412515,6363606.0
636,20230815,14.95,15.02,14.56,14.77,-0.1900000000000012,-1.2700534759358395,7158808.0
636,20230816,14.72,14.84,14.5,14.54,-0.2300000000000004,-1.5572105619499066,6006204.0
636,20230817,14.5,14.71,14.35,14.66,0.120000000000001,0.8253094910591452,6361101.0
636,20230818,14.66,14.76,14.39,14.42,-0.2400000000000002,-1.6371077762619368,5561282.0
636,20230821,14.39,14.51,14.23,14.24,-0.1799999999999997,-1.2482662968099856,5238348.0
636,20230822,14.25,14.38,13.91,14.23,-0.0099999999999997,-0.0702247191011196,7735215.0
636,20230823,14.21,14.21,13.9,13.9,-0.33,-2.319044272663384,4707794.0
636,20230824,14.0,14.38,13.83,14.14,0.2400000000000002,1.726618705035965,6407350.0
636,20230825,14.1,14.13,13.76,13.84,-0.3000000000000007,-2.1216407355021283,5592833.0
636,20230828,14.52,14.63,13.89,13.9,0.0600000000000005,0.4335260115607031,7397301.0
636,20230829,13.87,14.45,13.86,14.38,0.4800000000000004,3.453237410071952,8126679.0
636,20230830,14.5,14.72,14.47,14.52,0.1399999999999988,0.9735744089012456,8340880.0
636,20230831,14.48,14.67,14.42,14.54,0.0199999999999995,0.1377410468319517,4915287.0
636,20230901,14.51,14.64,14.41,14.54,0.0,0.0,3950612.0
636,20230904,14.55,14.71,14.47,14.71,0.1700000000000017,1.169188445667135,6147991.0
636,20230905,14.71,14.87,14.66,14.76,0.0499999999999989,0.3399048266485405,6123568.0
636,20230906,14.76,15.03,14.7,14.98,0.2200000000000006,1.4905149051490652,8878439.0
636,20230907,14.98,14.98,14.69,14.75,-0.2300000000000004,-1.5353805073431317,6670882.0
636,20230908,14.75,14.88,14.63,14.81,0.0600000000000005,0.4067796610169427,4676550.0
636,20230911,14.86,15.08,14.77,14.93,0.1199999999999992,0.8102633355840494,6388256.0
636,20230912,14.95,14.98,14.82,14.91,-0.0199999999999995,-0.1339584728734077,3187066.0
636,20230913,14.97,14.97,14.6,14.69,-0.2200000000000006,-1.4755197853789426,5374416.0
636,20230914,14.79,14.81,14.64,14.72,0.0300000000000011,0.2042205582028611,4749800.0
636,20230915,14.73,14.9,14.52,14.75,0.0299999999999993,0.2038043478260753,5928432.0
636,20230918,14.68,14.8,14.58,14.7,-0.0500000000000007,-0.3389830508474634,5337693.0
636,20230919,14.63,14.69,14.36,14.48,-0.2199999999999988,-1.4965986394557709,4350200.0
636,20230920,14.4,14.64,14.32,14.33,-0.1500000000000003,-1.035911602209949,3481900.0
636,20230921,14.23,14.47,14.23,14.32,-0.0099999999999997,-0.0697836706210708,3297680.0
636,20230922,14.26,14.59,14.26,14.59,0.2699999999999996,1.88547486033519,4918216.0
636,20230925,14.63,14.66,14.3,14.32,-0.2699999999999996,-1.8505825908156193,4963715.0
636,20230926,14.26,14.32,14.09,14.09,-0.2300000000000004,-1.6061452513966512,4201800.0
636,20230927,14.1,14.26,14.01,14.14,0.0500000000000007,0.3548616039744656,3589600.0
636,20230928,14.15,14.78,14.14,14.69,0.5499999999999989,3.889674681753874,9841700.0
636,20231009,14.63,14.86,14.54,14.78,0.0899999999999998,0.6126616746085833,6814001.0
636,20231010,14.76,15.08,14.75,15.03,0.25,1.691474966170503,8516498.0
636,20231011,15.09,15.25,14.91,15.16,0.1300000000000007,0.8649367930805063,8673400.0
636,20231012,15.16,15.31,15.09,15.26,0.0999999999999996,0.6596306068601621,6926572.0
636,20231013,15.18,15.45,15.12,15.41,0.1500000000000003,0.9829619921362998,8712027.0
636,20231016,15.48,15.49,15.14,15.21,-0.1999999999999993,-1.297858533419849,7991644.0
636,20231017,15.29,15.3,15.09,15.22,0.0099999999999997,0.0657462195923663,5012400.0
636,20231018,15.14,15.23,14.82,14.83,-0.3900000000000005,-2.562417871222078,7106472.0
636,20231019,14.79,15.1,14.76,14.76,-0.0700000000000002,-0.4720161834120051,7100374.0
636,20231020,14.75,14.93,14.45,14.51,-0.25,-1.693766937669372,6138317.0
636,20231023,14.5,14.59,14.08,14.16,-0.3499999999999996,-2.4121295658166786,7128503.0
636,20231024,14.24,14.5,13.79,14.18,0.0199999999999995,0.1412429378531143,11493936.0
636,20231025,14.31,14.41,14.14,14.28,0.0999999999999996,0.7052186177715081,6932650.0
636,20231026,14.21,14.4,14.04,14.37,0.0899999999999998,0.6302521008403339,6508647.0
636,20231027,14.24,14.7,14.23,14.64,0.2700000000000013,1.8789144050104456,8181395.0
636,20231030,14.65,15.32,14.53,15.26,0.6199999999999992,4.234972677595628,12916693.0
636,20231031,15.3,15.37,15.16,15.24,-0.0199999999999995,-0.1310615989515096,8120659.0
636,20231101,15.24,15.4,15.06,15.18,-0.0600000000000005,-0.3937007874015741,5945832.0
636,20231102,15.2,15.28,15.0,15.02,-0.1600000000000001,-1.0540184453227908,5272040.0
636,20231103,15.01,15.49,14.99,15.41,0.3900000000000005,2.596537949400801,9725368.0
636,20231106,15.5,15.92,15.4,15.84,0.4299999999999997,2.7903958468527,14982116.0
636,20231107,15.83,16.09,15.73,15.92,0.08,0.5050505050504972,12493535.0
636,20231108,15.92,16.02,15.7,15.78,-0.1400000000000005,-0.8793969849246297,8092377.0
636,20231109,15.79,15.85,15.5,15.53,-0.25,-1.584283903675543,8045954.0
636,20231110,15.5,15.67,15.45,15.56,0.0300000000000011,0.1931745009658758,5126816.0
636,20231113,15.56,15.75,15.51,15.62,0.0599999999999987,0.385604113110527,6320740.0
636,20231114,15.59,15.87,15.53,15.63,0.0100000000000015,0.0640204865557159,9747102.0
636,20231115,15.78,15.84,15.65,15.72,0.0899999999999998,0.5758157389635254,6048100.0
636,20231116,15.7,15.75,15.53,15.54,-0.1800000000000015,-1.1450381679389388,5088566.0
636,20231117,15.52,15.75,15.49,15.6,0.0600000000000005,0.3861003861003853,5018400.0
636,20231120,15.46,15.47,15.11,15.24,-0.3599999999999994,-2.3076923076922995,13348280.0
636,20231121,15.23,15.27,14.9,14.92,-0.3200000000000003,-2.099737532808399,10380850.0
636,20231122,14.92,15.03,14.6,14.65,-0.2699999999999996,-1.8096514745308268,9834000.0
636,20231123,14.63,14.84,14.61,14.82,0.1699999999999999,1.1604095563140016,5752142.0
636,20231124,14.78,14.88,14.56,14.6,-0.2200000000000006,-1.4844804318488558,6424834.0
636,20231127,14.55,14.74,14.43,14.68,0.08,0.5479452054794498,6584490.0
636,20231128,14.64,15.02,14.62,14.9,0.2200000000000006,1.4986376021798309,8528436.0
636,20231129,14.89,15.04,14.79,14.85,-0.0500000000000007,-0.3355704697986628,5632800.0
636,20231130,14.85,14.88,14.48,14.6,-0.25,-1.683501683501687,5631500.0
636,20231201,14.58,14.85,14.46,14.73,0.1300000000000007,0.8904109589041198,5781900.0
636,20231204,14.76,14.79,14.57,14.58,-0.1500000000000003,-1.0183299389002087,5069324.0
636,20231205,14.52,14.52,14.16,14.19,-0.3900000000000005,-2.6748971193415683,6917040.0
636,20231206,14.15,14.28,14.05,14.08,-0.1099999999999994,-0.7751937984496138,6908439.0
636,20231207,14.04,14.15,13.86,14.09,0.0099999999999997,0.0710227272727292,7338700.0
636,20231208,14.15,14.38,14.1,14.24,0.1500000000000003,1.0645848119233523,7526299.0
636,20231211,14.2,14.49,14.01,14.45,0.209999999999999,1.4747191011235783,7193292.0
636,20231212,14.45,14.54,14.4,14.43,-0.0199999999999995,-0.138408304498272,4120126.0
636,20231213,14.4,14.45,14.27,14.28,-0.1500000000000003,-1.039501039501045,4123997.0
636,20231214,14.3,14.46,14.3,14.3,0.0200000000000013,0.1400560224089631,5094408.0
636,20231215,14.29,14.43,14.2,14.23,-0.0700000000000002,-0.4895104895104918,4726888.0
636,20231218,14.17,14.2,13.95,14.0,-0.2300000000000004,-1.6163035839775186,5142418.0
636,20231219,13.97,14.06,13.86,14.02,0.0199999999999995,0.1428571428571334,4506700.0
636,20231220,14.03,14.06,13.8,13.81,-0.209999999999999,-1.4978601997146843,4940408.0
636,20231221,13.72,13.74,13.33,13.61,-0.200000000000001,-1.4482259232440289,9939117.0
636,20231222,13.61,13.62,13.35,13.44,-0.1699999999999999,-1.2490815576781775,5933172.0
636,20231225,13.41,13.59,13.37,13.47,0.0300000000000011,0.2232142857143015,3552923.0
636,20231226,13.47,13.48,13.0,13.07,-0.4000000000000003,-2.9695619896065395,7543600.0
636,20231227,13.07,13.24,13.0,13.17,0.0999999999999996,0.7651109410864443,4876663.0
636,20231228,13.17,13.52,13.09,13.43,0.2599999999999998,1.974183750949132,6707089.0
636,20231229,13.43,13.81,13.36,13.66,0.2300000000000004,1.7125837676842837,10307446.0
636,20240102,13.79,14.0,13.65,13.75,0.0899999999999998,0.6588579795022032,9492740.0
636,20240103,13.7,13.83,13.56,13.61,-0.1400000000000005,-1.018181818181818,6353932.0
636,20240104,13.58,13.58,13.17,13.22,-0.3899999999999988,-2.865540044085224,7844800.0
636,20240105,13.2,13.36,12.83,12.9,-0.3200000000000003,-2.4205748865355536,8364868.0
636,20240108,12.86,12.9,12.4,12.41,-0.4900000000000002,-3.798449612403098,8909340.0
636,20240109,12.51,12.61,12.36,12.42,0.0099999999999997,0.0805801772763903,6466629.0
636,20240110,12.39,12.57,12.13,12.31,-0.1099999999999994,-0.8856682769726176,6270000.0
636,20240111,12.26,12.66,12.26,12.59,0.2799999999999993,2.2745735174654724,6334368.0
636,20240112,12.52,12.72,12.44,12.48,-0.1099999999999994,-0.8737092930897528,5441477.0
636,20240115,12.45,12.6,12.34,12.39,-0.0899999999999998,-0.7211538461538436,4881700.0
636,20240116,12.41,12.48,12.19,12.35,-0.0400000000000009,-0.3228410008071058,4706705.0
636,20240117,12.32,12.42,11.84,11.85,-0.5,-4.048582995951422,7902029.0
636,20240118,11.8,11.97,11.49,11.84,-0.0099999999999997,-0.0843881856540051,10120000.0
636,20240119,11.8,11.97,11.74,11.78,-0.0600000000000005,-0.5067567567567655,6154230.0
636,20240122,11.74,11.79,10.85,10.94,-0.8399999999999999,-7.130730050933787,12244008.0
636,20240123,10.87,11.37,10.79,11.29,0.3499999999999996,3.199268738574035,12692720.0
636,20240124,11.3,11.38,10.85,11.29,0.0,0.0,10033955.0
636,20240125,11.27,11.7,11.15,11.66,0.370000000000001,3.277236492471225,8112244.0
636,20240126,11.59,11.7,11.5,11.56,-0.0999999999999996,-0.857632933104624,6248622.0
636,20240129,11.58,11.7,11.16,11.19,-0.370000000000001,-3.2006920415225015,6889637.0
636,20240130,11.1,11.24,10.7,10.8,-0.3899999999999988,-3.4852546916889993,7948500.0
636,20240131,10.8,10.96,10.29,10.33,-0.4700000000000006,-4.351851851851862,10789243.0
636,20240201,10.28,10.48,9.99,10.28,-0.0500000000000007,-0.4840271055179146,12053700.0
636,20240202,10.23,10.41,9.28,9.65,-0.629999999999999,-6.128404669260689,14828697.0
636,20240205,9.62,9.66,8.72,9.11,-0.5400000000000009,-5.595854922279797,20615445.0
636,20240206,9.02,10.02,8.88,10.02,0.91,9.989023051591662,19508858.0
636,20240207,10.06,11.02,10.06,11.02,1.0,9.980039920159678,27437163.0
636,20240208,11.19,12.12,11.18,12.12,1.0999999999999996,9.981851179673315,17685340.0
636,20240219,12.47,12.47,11.42,11.7,-0.4199999999999999,-3.4653465346534684,32483563.0
636,20240220,11.56,11.64,11.24,11.43,-0.2699999999999996,-2.3076923076922995,18446759.0
636,20240221,11.34,11.75,11.16,11.4,-0.0299999999999993,-0.2624671916010457,18252771.0
636,20240222,11.35,11.68,11.33,11.6,0.1999999999999993,1.754385964912264,14890934.0
636,20240223,11.61,11.68,11.41,11.65,0.0500000000000007,0.4310344827586299,15192863.0
636,20240226,11.62,11.93,11.5,11.71,0.0600000000000005,0.5150214592274827,17038995.0
636,20240227,11.68,12.11,11.58,12.11,0.3999999999999986,3.415883859948754,18515272.0
636,20240228,12.09,12.3,11.35,11.36,-0.75,-6.193228736581336,24008853.0
636,20240229,11.32,12.0,11.31,12.0,0.6400000000000006,5.633802816901423,19538733.0
636,20240301,12.0,12.33,11.96,12.27,0.2699999999999996,2.2499999999999964,22001228.0
636,20240304,12.37,12.48,12.04,12.31,0.0400000000000009,0.3259983700081514,15031400.0
636,20240305,12.17,12.28,12.02,12.07,-0.2400000000000002,-1.949634443541837,12823119.0
636,20240306,12.0,12.13,11.72,11.99,-0.08,-0.6628003314001707,15751066.0
636,20240307,12.05,12.15,11.79,11.79,-0.200000000000001,-1.6680567139282787,11544194.0
636,20240308,11.88,12.12,11.73,12.09,0.3000000000000007,2.5445292620865256,12275364.0
636,20240311,12.13,12.74,12.05,12.67,0.5800000000000001,4.7973531844499595,31577934.0
636,20240312,12.61,12.63,12.36,12.51,-0.1600000000000001,-1.2628255722178403,17436332.0
636,20240313,12.53,12.81,12.43,12.65,0.1400000000000005,1.1191047162270262,17855193.0
636,20240314,12.59,12.74,12.37,12.7,0.0499999999999989,0.3952569169960451,18079811.0
636,20240315,12.68,12.93,12.55,12.81,0.1100000000000012,0.8661417322834764,18748333.0
636,20240318,12.83,12.97,12.63,12.86,0.0499999999999989,0.3903200624512104,19039839.0
636,20240319,12.86,12.93,12.69,12.7,-0.1600000000000001,-1.244167962674958,14646000.0
636,20240320,12.66,12.8,12.61,12.72,0.0200000000000013,0.157480314960634,10492172.0
636,20240321,12.7,12.83,12.56,12.59,-0.1300000000000007,-1.0220125786163603,10691279.0
636,20240322,12.56,12.68,12.38,12.46,-0.129999999999999,-1.0325655281969714,11645500.0
636,20240325,12.3,12.77,12.05,12.05,-0.4100000000000001,-3.2905296950240803,16898866.0
636,20240326,12.08,12.22,11.78,11.87,-0.1800000000000015,-1.4937759336099754,12189679.0
636,20240327,11.9,11.92,11.34,11.35,-0.5199999999999996,-4.380791912384163,10009254.0
636,20240328,11.4,11.8,11.32,11.62,0.2699999999999996,2.3788546255506526,9996387.0
636,20240329,11.7,11.74,11.49,11.74,0.120000000000001,1.0327022375215211,6284801.0
636,20240401,11.78,12.39,11.78,12.39,0.6500000000000004,5.536626916524701,14965891.0
636,20240402,12.37,12.38,12.14,12.26,-0.1300000000000007,-1.049233252623094,9079457.0
636,20240403,12.69,13.1,12.11,12.49,0.2300000000000004,1.876019575856458,33978319.0
636,20240408,11.99,12.1,11.55,11.55,-0.9399999999999996,-7.526020816653323,25606354.0
636,20240409,11.44,11.86,11.44,11.77,0.2199999999999988,1.904761904761898,11824144.0
636,20240410,11.72,11.76,11.39,11.49,-0.2799999999999993,-2.3789294817332163,9635192.0
636,20240411,11.45,11.85,11.4,11.62,0.129999999999999,1.1314186248912117,9608523.0
636,20240412,11.66,11.78,11.48,11.5,-0.1199999999999992,-1.03270223752151,8427500.0
636,20240415,11.49,11.62,11.14,11.34,-0.1600000000000001,-1.3913043478260834,11600363.0
636,20240416,11.28,11.49,11.03,11.19,-0.1500000000000003,-1.3227513227513257,14955000.0
636,20240417,11.19,11.55,11.16,11.53,0.3399999999999998,3.038427167113489,12193402.0
636,20240418,11.41,11.71,11.27,11.5,-0.0299999999999993,-0.2601908065914982,11681947.0
636,20240419,11.42,11.62,11.31,11.41,-0.0899999999999998,-0.7826086956521761,8496610.0
636,20240422,11.35,11.64,11.22,11.48,0.0700000000000002,0.6134969325153339,11369701.0
636,20240423,11.46,11.63,11.31,11.41,-0.0700000000000002,-0.6097560975609762,8019094.0
636,20240424,11.47,11.71,11.39,11.71,0.3000000000000007,2.629272567922891,11047156.0
636,20240425,11.77,12.03,11.71,11.81,0.0999999999999996,0.853970964987183,13159310.0
636,20240426,11.85,12.22,11.85,12.18,0.3699999999999992,3.1329381879762863,17292700.0
636,20240429,12.19,12.47,12.19,12.43,0.25,2.052545155993424,15284623.0
636,20240430,12.43,12.56,12.33,12.45,0.0199999999999995,0.1609010458567983,14434925.0
636,20240506,12.64,12.85,12.53,12.55,0.1000000000000014,0.8032128514056325,13028008.0
636,20240507,12.55,12.58,12.42,12.48,-0.0700000000000002,-0.5577689243027928,10952814.0
636,20240508,12.47,12.55,12.32,12.35,-0.1300000000000007,-1.041666666666674,8174001.0
636,20240509,12.29,12.7,12.28,12.63,0.2800000000000011,2.267206477732797,9427367.0
636,20240510,12.66,12.69,12.43,12.5,-0.1300000000000007,-1.0292953285827466,7015159.0
636,20240513,12.37,12.52,12.21,12.37,-0.1300000000000007,-1.0400000000000076,8245743.0
636,20240514,12.35,12.57,12.32,12.33,-0.0399999999999991,-0.3233629749393674,6997562.0
636,20240515,12.34,12.4,12.14,12.16,-0.1699999999999999,-1.3787510137875048,17111512.0
636,20240516,12.24,12.33,12.1,12.14,-0.0199999999999995,-0.1644736842105199,7941700.0
636,20240517,12.15,12.45,12.14,12.44,0.2999999999999989,2.471169686985175,8430312.0
636,20240520,12.5,12.61,12.41,12.52,0.08,0.6430868167202508,9685932.0
636,20240521,12.47,12.58,12.39,12.43,-0.0899999999999998,-0.7188498402555865,6490300.0
636,20240522,12.43,12.61,12.42,12.56,0.1300000000000007,1.045856798069189,7743040.0
636,20240523,12.52,12.58,12.21,12.24,-0.3200000000000003,-2.547770700636942,9896401.0
636,20240524,12.22,12.3,11.85,11.86,-0.3800000000000008,-3.104575163398704,10853700.0
636,20240527,11.92,12.17,11.67,12.09,0.2300000000000004,1.939291736930859,9954866.0
636,20240528,12.07,12.3,11.93,12.0,-0.0899999999999998,-0.7444168734491274,9428900.0
636,20240529,12.0,12.16,11.97,12.04,0.0399999999999991,0.3333333333333188,5860412.0
636,20240530,11.97,12.36,11.86,12.25,0.2100000000000008,1.744186046511631,10332566.0
636,20240531,12.37,12.78,12.31,12.57,0.3200000000000003,2.612244897959193,20271442.0
636,20240603,12.56,12.83,12.38,12.6,0.0299999999999993,0.2386634844868673,21058383.0
636,20240604,12.58,12.72,12.37,12.67,0.0700000000000002,0.5555555555555536,15301200.0
636,20240605,12.61,12.96,12.58,12.73,0.0600000000000005,0.4735595895816846,23452312.0
636,20240606,12.75,13.29,12.75,12.85,0.1199999999999992,0.942655145325988,43030573.0
636,20240607,12.79,13.05,12.6,12.94,0.0899999999999998,0.7003891050583633,36530801.0
636,20240611,12.9,13.14,12.58,13.14,0.200000000000001,1.5455950540958383,35701642.0
636,20240612,13.14,13.3,12.96,13.02,-0.120000000000001,-0.9132420091324313,35770452.0
636,20240613,13.0,13.12,12.84,12.89,-0.129999999999999,-0.9984639016897056,25604558.0
636,20240614,12.87,13.03,12.69,12.98,0.0899999999999998,0.6982156710628296,20457317.0
636,20240617,12.93,13.38,12.91,13.3,0.3200000000000003,2.4653312788905923,29341200.0
636,20240618,13.33,13.34,13.01,13.12,-0.1800000000000015,-1.353383458646629,22247152.0
636,20240619,13.1,13.2,12.9,13.03,-0.0899999999999998,-0.6859756097560954,18293440.0
636,20240620,12.98,13.13,12.79,12.82,-0.209999999999999,-1.6116653875671405,17271164.0
636,20240621,12.69,13.07,12.6,12.99,0.1699999999999999,1.3260530421216776,14092405.0
636,20240624,12.9,13.12,12.7,12.73,-0.2599999999999998,-2.001539645881445,18711650.0
636,20240625,12.74,12.95,12.45,12.68,-0.0500000000000007,-0.392772977219169,18181850.0
636,20240626,12.6,13.01,12.32,12.99,0.3100000000000005,2.444794952681395,18668220.0
636,20240627,12.93,13.13,12.76,12.78,-0.2100000000000008,-1.616628175519641,17462634.0
636,20240628,12.67,13.27,12.62,13.06,0.2800000000000011,2.1909233176838905,23954739.0
636,20240701,13.15,13.18,12.4,12.71,-0.3499999999999996,-2.679938744257271,24317463.0
636,20240702,12.68,12.77,12.51,12.61,-0.1000000000000014,-0.7867820613690069,11541276.0
636,20240703,12.57,12.64,12.42,12.45,-0.1600000000000001,-1.2688342585249868,10065700.0
636,20240704,12.45,12.84,12.34,12.37,-0.08,-0.6425702811244993,13782812.0
636,20240705,12.31,12.36,12.05,12.29,-0.08,-0.6467259498787348,11051120.0
636,20240708,12.27,12.5,12.18,12.21,-0.0799999999999983,-0.6509357200976229,11411430.0
636,20240709,12.16,12.9,12.15,12.89,0.6799999999999997,5.569205569205571,20675973.0
636,20240710,12.78,13.3,12.78,13.2,0.3099999999999987,2.4049650892164376,24622998.0
636,20240711,13.67,14.52,13.63,14.52,1.3200000000000005,10.000000000000009,40325759.0
636,20240712,14.6,14.78,14.16,14.45,-0.0700000000000002,-0.4820936639118423,62192696.0
636,20240715,14.36,14.61,14.24,14.32,-0.129999999999999,-0.8996539792387459,29884203.0
636,20240716,14.35,15.27,14.32,15.04,0.7199999999999989,5.027932960893855,51020343.0
636,20240717,15.16,15.74,14.91,15.0,-0.0399999999999991,-0.2659574468085068,55038216.0
636,20240718,14.7,14.95,14.4,14.85,-0.1500000000000003,-1.0000000000000009,34404100.0
636,20240719,14.94,15.4,14.87,14.88,0.0300000000000011,0.2020202020202033,36805646.0
636,20240722,14.91,14.98,14.57,14.68,-0.200000000000001,-1.3440860215053865,22274972.0
636,20240723,14.68,14.73,14.15,14.15,-0.5299999999999994,-3.610354223433243,21654229.0
636,20240724,14.3,14.35,13.77,13.86,-0.2900000000000009,-2.049469964664319,23549928.0
636,20240725,13.84,13.96,13.66,13.81,-0.0499999999999989,-0.3607503607503504,21158601.0
636,20240726,13.81,14.41,13.8,14.24,0.4299999999999997,3.1136857349746583,22611008.0
636,20240729,14.23,14.48,14.04,14.24,0.0,0.0,17848000.0
636,20240730,14.1,14.32,13.93,14.21,-0.0299999999999993,-0.2106741573033699,14459101.0
636,20240731,14.21,14.58,14.09,14.57,0.3599999999999994,2.5334271639690265,30711987.0
636,20240801,14.65,14.71,14.39,14.55,-0.0199999999999995,-0.1372683596430945,20058702.0
636,20240802,14.38,14.56,14.06,14.11,-0.4400000000000013,-3.024054982817881,19785000.0
636,20240805,13.9,14.09,13.4,13.43,-0.6799999999999997,-4.819277108433728,22511758.0
636,20240806,13.67,13.78,13.42,13.6,0.1699999999999999,1.265822784810133,11176900.0
636,20240807,13.6,13.85,13.49,13.65,0.0500000000000007,0.3676470588235281,10344390.0
636,20240808,13.57,13.79,13.38,13.6,-0.0500000000000007,-0.3663003663003761,9376382.0
636,20240809,13.8,13.91,13.68,13.72,0.120000000000001,0.8823529411764675,10578200.0
636,20240812,13.66,13.83,13.5,13.57,-0.1500000000000003,-1.093294460641403,9511699.0
636,20240813,13.57,13.85,13.56,13.84,0.2699999999999996,1.9896831245394209,11121115.0
636,20240814,13.8,13.88,13.61,13.67,-0.1699999999999999,-1.2283236994219626,7911000.0
636,20240815,13.62,13.84,13.48,13.57,-0.0999999999999996,-0.7315288953913646,12546560.0
636,20240816,13.57,13.7,13.46,13.49,-0.08,-0.5895357406042745,8813400.0
636,20240819,13.51,13.75,13.41,13.52,0.0299999999999993,0.2223869532987255,9778100.0
636,20240820,13.51,13.56,13.31,13.35,-0.1699999999999999,-1.25739644970414,8638360.0
636,20240821,13.31,13.73,13.25,13.49,0.1400000000000005,1.048689138576786,12822700.0
636,20240822,13.5,13.53,13.19,13.22,-0.2699999999999996,-2.0014825796886515,9307657.0
636,20240823,13.19,13.45,13.1,13.4,0.1799999999999997,1.3615733736762392,8272108.0
636,20240826,13.41,13.51,13.29,13.42,0.0199999999999995,0.1492537313432906,6853000.0
636,20240827,13.51,13.55,13.11,13.16,-0.2599999999999998,-1.9374068554396384,11352198.0
636,20240828,13.16,13.37,13.11,13.23,0.0700000000000002,0.5319148936170137,8793254.0
636,20240829,13.19,13.8,13.11,13.72,0.4900000000000002,3.703703703703698,14661200.0
636,20240830,13.8,14.22,13.7,13.99,0.2699999999999996,1.9679300291545188,21018905.0
636,20240902,13.95,14.04,13.7,13.72,-0.2699999999999996,-1.9299499642601805,13073100.0
636,20240903,13.72,13.94,13.68,13.78,0.0599999999999987,0.4373177842565523,9938300.0
636,20240904,13.61,13.67,13.39,13.55,-0.2299999999999986,-1.669085631349776,8205900.0
636,20240905,13.54,13.88,13.43,13.73,0.1799999999999997,1.3284132841328455,10366500.0
636,20240906,13.69,13.76,13.24,13.26,-0.4700000000000006,-3.423160961398397,8912300.0
636,20240909,13.2,13.34,13.08,13.14,-0.1199999999999992,-0.9049773755656076,9352342.0
636,20240910,13.21,13.44,12.95,13.37,0.2299999999999986,1.7503805175038023,9756800.0
636,20240911,13.3,13.38,13.18,13.28,-0.0899999999999998,-0.6731488406881092,5863564.0
636,20240912,13.32,13.42,13.03,13.04,-0.2400000000000002,-1.8072289156626509,7578600.0
636,20240913,13.04,13.18,12.9,12.92,-0.1199999999999992,-0.9202453987730008,8276000.0
636,20240918,12.9,13.08,12.59,12.81,-0.1099999999999994,-0.8513931888544879,7492000.0
636,20240919,12.95,13.11,12.77,12.95,0.1399999999999988,1.0928961748633892,7809000.0
636,20240920,12.96,13.07,12.73,12.8,-0.1499999999999985,-1.1583011583011449,6272900.0
636,20240923,12.75,13.06,12.71,12.77,-0.0300000000000011,-0.2343750000000088,6554980.0
636,20240924,12.83,13.3,12.78,13.27,0.5,3.9154267815191934,12712974.0
636,20240925,13.45,13.77,13.35,13.38,0.1100000000000012,0.8289374529012905,14872301.0
636,20240926,13.37,13.89,13.3,13.89,0.5099999999999998,3.811659192825112,13893100.0
636,20240927,14.15,14.74,14.0,14.46,0.5700000000000003,4.10367170626349,29428332.0
636,20240930,14.95,15.88,14.95,15.8,1.34,9.266943291839546,43511792.0
636,20241008,17.38,17.38,15.9,16.9,1.099999999999998,6.962025316455689,54689186.0
636,20241009,16.55,16.64,15.5,15.83,-1.0699999999999985,-6.331360946745557,46108139.0
636,20241010,16.05,16.35,15.45,15.51,-0.3200000000000003,-2.0214782059380987,37988373.0
636,20241011,15.61,15.64,14.82,14.97,-0.5399999999999991,-3.481624758220503,21967497.0
636,20241014,15.0,15.55,14.65,15.51,0.5399999999999991,3.607214428857719,24646456.0
636,20241015,15.48,15.87,15.29,15.34,-0.1699999999999999,-1.0960670535138606,20939844.0
636,20241016,15.02,15.6,15.0,15.37,0.0299999999999993,0.1955671447196882,15303593.0
636,20241017,15.49,15.79,15.34,15.37,0.0,0.0,17585441.0
636,20241018,15.37,16.35,15.32,16.01,0.6400000000000023,4.163955757970084,32522481.0
636,20241021,16.06,16.64,16.06,16.24,0.2299999999999968,1.4366021236726922,31083361.0
636,20241022,16.25,16.43,16.15,16.27,0.0300000000000011,0.1847290640394128,21218609.0
636,20241023,16.21,16.48,16.1,16.21,-0.0599999999999987,-0.368776889981548,20371349.0
636,20241024,16.12,16.33,15.88,16.23,0.0199999999999995,0.1233806292411987,16721852.0
636,20241025,16.48,16.68,16.16,16.48,0.25,1.5403573629081846,22469865.0
636,20241028,16.55,16.68,16.29,16.46,-0.0199999999999995,-0.1213592233009652,19877827.0
636,20241029,16.52,16.89,16.3,16.56,0.0999999999999978,0.6075334143377686,30495600.0
636,20241030,15.94,16.04,15.4,15.82,-0.7399999999999984,-4.468599033816412,45820576.0
636,20241031,15.77,16.44,15.7,16.16,0.3399999999999998,2.149178255372952,28475305.0
636,20241101,16.05,16.16,15.4,15.49,-0.6699999999999999,-4.146039603960395,24769083.0
636,20241104,15.59,15.8,15.44,15.77,0.2799999999999993,1.8076178179470492,19480800.0
636,20241105,15.81,17.35,15.75,16.69,0.9200000000000016,5.833861762840842,82151926.0
636,20241106,16.52,16.79,16.39,16.5,-0.1900000000000012,-1.138406231276223,45611993.0
636,20241107,16.38,16.73,16.32,16.69,0.1900000000000012,1.15151515151517,26197196.0
636,20241108,16.82,16.94,16.5,16.59,-0.1000000000000014,-0.5991611743559111,32142087.0
636,20241111,16.59,17.32,16.52,17.3,0.7100000000000009,4.2796865581675725,43401235.0
636,20241112,17.6,17.69,16.98,17.15,-0.1500000000000021,-0.8670520231213952,35179228.0
636,20241113,17.06,17.22,16.7,17.09,-0.0599999999999987,-0.3498542274052441,23863403.0
636,20241114,17.0,17.03,16.23,16.3,-0.7899999999999991,-4.622586307782328,27154500.0
636,20241115,16.23,16.61,16.16,16.2,-0.1000000000000014,-0.613496932515345,21399906.0
636,20241118,16.25,16.45,15.7,15.79,-0.4100000000000001,-2.5308641975308688,19635295.0
636,20241119,15.78,16.0,15.5,15.97,0.1800000000000015,1.1399620012666256,18336051.0
636,20241120,15.97,16.01,15.7,15.97,0.0,0.0,18221401.0
636,20241121,15.97,15.98,15.7,15.87,-0.1000000000000014,-0.6261740763932488,15485900.0
636,20241122,15.79,16.02,15.15,15.15,-0.7199999999999989,-4.536862003780707,22948500.0
636,20241125,15.15,15.3,14.92,15.08,-0.0700000000000002,-0.4620462046204587,16925008.0
636,20241126,15.13,15.19,14.9,14.9,-0.1799999999999997,-1.1936339522546358,11760800.0
636,20241127,14.8,15.27,14.46,15.27,0.3699999999999992,2.483221476510056,19135087.0
636,20241128,15.22,15.34,15.11,15.13,-0.1399999999999988,-0.9168303863785088,12353470.0
636,20241129,15.09,15.5,14.94,15.35,0.2199999999999988,1.4540647719762043,15879591.0
636,20241202,15.34,15.53,15.28,15.5,0.1500000000000003,0.9771986970684045,16447087.0
636,20241203,15.46,15.52,15.19,15.42,-0.08,-0.5161290322580614,13631025.0
636,20241204,15.43,15.49,15.1,15.23,-0.1899999999999995,-1.2321660181582317,13129700.0
636,20241205,15.08,15.31,15.05,15.2,-0.0300000000000011,-0.1969796454366457,10952511.0
636,20241206,15.2,15.44,15.08,15.39,0.1900000000000012,1.2500000000000178,13885700.0
636,20241209,15.39,15.48,15.08,15.21,-0.1799999999999997,-1.1695906432748535,11951300.0
636,20241210,15.6,15.74,15.27,15.3,0.0899999999999998,0.591715976331364,22137760.0
636,20241211,15.3,15.58,15.26,15.44,0.1399999999999988,0.9150326797385588,15076970.0
636,20241212,15.45,15.49,15.21,15.45,0.0099999999999997,0.0647668393782385,12281523.0
636,20241213,15.37,15.39,15.13,15.18,-0.2699999999999996,-1.747572815533982,12422310.0
636,20241216,15.01,15.25,14.94,15.06,-0.1199999999999992,-0.7905138339920903,11416740.0
636,20241217,15.0,15.26,14.91,14.96,-0.0999999999999996,-0.6640106241699861,11007732.0
636,20241218,14.99,15.33,14.84,15.22,0.2599999999999998,1.7379679144384983,13718176.0
636,20241219,15.1,15.47,15.06,15.39,0.1699999999999999,1.1169513797634645,13997622.0
636,20241220,15.39,15.65,15.29,15.51,0.1199999999999992,0.7797270955165692,15409649.0
636,20241223,15.62,15.66,15.13,15.17,-0.3399999999999998,-2.192134107027721,13707654.0
636,20241224,15.12,15.32,14.97,15.3,0.1300000000000007,0.856954515491104,11793100.0
636,20241225,15.28,15.34,14.97,15.05,-0.25,-1.6339869281045805,9606500.0
636,20241226,15.04,15.46,14.78,14.95,-0.1000000000000014,-0.6644518272425293,32144000.0
636,20241227,14.93,15.17,14.8,14.86,-0.0899999999999998,-0.6020066889632081,18815042.0
636,20241230,14.87,15.11,14.6,15.04,0.1799999999999997,1.211305518169592,15745002.0
636,20241231,14.99,15.12,14.3,14.35,-0.6899999999999995,-4.58776595744681,20151072.0
636,20250102,14.3,14.35,13.69,13.83,-0.5199999999999996,-3.6236933797909376,17434763.0
636,20250103,13.89,13.94,13.5,13.55,-0.2799999999999993,-2.024584237165572,13244477.0
636,20250106,13.56,14.06,13.51,13.92,0.3699999999999992,2.730627306273048,16470718.0
636,20250107,13.91,14.13,13.88,14.03,0.1099999999999994,0.7902298850574585,10366355.0
636,20250108,13.97,14.15,13.66,14.03,0.0,0.0,14014800.0
636,20250109,14.5,15.43,14.26,14.89,0.8600000000000012,6.129722024233786,69257410.0
636,20250110,14.38,14.5,13.85,13.91,-0.9800000000000004,-6.581598388179987,46341844.0
636,20250113,13.61,13.91,13.55,13.75,-0.1600000000000001,-1.1502516175413424,21061655.0
636,20250114,13.75,14.18,13.61,14.11,0.3599999999999994,2.6181818181818084,34817973.0
636,20250115,14.03,14.07,13.85,13.89,-0.2199999999999988,-1.559177888022667,17692600.0
636,20250116,13.99,14.2,13.82,13.93,0.0399999999999991,0.2879769618430394,18405742.0
636,20250117,13.89,14.4,13.85,14.26,0.33,2.3689877961234673,24672319.0
636,20250120,14.4,14.7,14.23,14.58,0.3200000000000003,2.244039270687237,22906820.0
636,20250121,14.61,14.71,14.45,14.62,0.0399999999999991,0.274348422496562,16706307.0
636,20250122,14.5,14.66,14.41,14.58,-0.0399999999999991,-0.2735978112175075,11158300.0
636,20250123,14.74,14.83,14.35,14.35,-0.2300000000000004,-1.577503429355287,16794510.0
636,20250124,14.5,14.68,14.42,14.66,0.3100000000000005,2.160278745644595,15803509.0
636,20250127,14.68,14.74,14.42,14.42,-0.2400000000000002,-1.6371077762619368,12908155.0
636,20250205,14.6,14.65,14.35,14.46,0.0400000000000009,0.277392510402219,14225691.0
636,20250206,14.36,15.12,14.32,15.12,0.6599999999999984,4.564315352697079,30016700.0
636,20250207,15.03,15.37,15.02,15.17,0.0500000000000007,0.3306878306878369,27666400.0
636,20250210,15.3,15.45,15.22,15.29,0.1199999999999992,0.7910349373764003,18561540.0
636,20250211,15.26,15.39,15.13,15.32,0.0300000000000011,0.1962066710268217,15663155.0
636,20250212,15.25,15.59,15.22,15.56,0.2400000000000002,1.5665796344647598,21027851.0
636,20250213,15.49,15.51,15.18,15.19,-0.370000000000001,-2.3778920308483387,18058700.0
636,20250214,15.17,15.28,15.1,15.25,0.0600000000000005,0.3949967083607619,12986801.0
636,20250217,15.25,15.38,15.13,15.21,-0.0399999999999991,-0.2622950819672121,17072259.0
636,20250218,15.19,15.29,14.74,14.85,-0.3600000000000012,-2.366863905325456,17123465.0
636,20250219,14.85,15.12,14.82,15.07,0.2200000000000006,1.4814814814814836,26010222.0
636,20250220,15.0,15.41,14.78,15.3,0.2300000000000004,1.5262110152621131,43056273.0
636,20250221,15.26,15.5,15.23,15.42,0.1199999999999992,0.7843137254901933,27508125.0
636,20250224,15.42,15.88,15.41,15.51,0.0899999999999998,0.5836575875486361,37001949.0
636,20250225,15.33,15.57,15.27,15.33,-0.1799999999999997,-1.1605415860735049,21193000.0
636,20250226,15.41,15.49,15.2,15.4,0.0700000000000002,0.4566210045662044,19707433.0
636,20250227,15.41,15.49,14.92,15.16,-0.2400000000000002,-1.558441558441559,23755340.0
636,20250228,15.02,15.05,14.37,14.45,-0.7100000000000009,-4.683377308707126,26194200.0
636,20250303,14.46,14.78,14.36,14.53,0.08,0.5536332179930881,15564131.0
636,20250304,14.48,14.78,14.4,14.76,0.2300000000000004,1.5829318651066735,13646800.0
636,20250305,14.73,14.85,14.57,14.72,-0.0399999999999991,-0.2710027100270906,12558961.0
636,20250306,14.79,15.07,14.79,15.0,0.2799999999999993,1.9021739130434812,19729635.0
636,20250307,15.0,15.15,14.93,14.98,-0.0199999999999995,-0.1333333333333297,18402253.0
636,20250310,14.93,15.09,14.83,15.02,0.0399999999999991,0.2670226969292422,13713732.0
636,20250311,14.87,15.37,14.85,15.21,0.1900000000000012,1.2649800266311573,22903900.0
636,20250312,15.28,15.51,15.2,15.24,0.0299999999999993,0.1972386587771213,25308360.0
636,20250313,15.23,15.28,14.88,15.02,-0.2200000000000006,-1.4435695538057791,16231009.0
636,20250314,15.02,15.44,14.91,15.4,0.3800000000000008,2.5299600532623145,29564140.0
636,20250317,15.43,15.5,15.24,15.3,-0.0999999999999996,-0.649350649350644,18122429.0
636,20250318,15.31,15.43,15.23,15.3,0.0,0.0,16562556.0
636,20250319,15.23,15.3,15.0,15.11,-0.1900000000000012,-1.2418300653594838,17022899.0
636,20250320,15.11,15.15,14.95,14.96,-0.1499999999999985,-0.992720052945062,13782318.0
636,20250321,14.9,15.05,14.7,14.78,-0.1800000000000015,-1.2032085561497374,17162380.0
636,20250324,14.72,14.85,14.35,14.63,-0.1499999999999985,-1.0148849797022907,16251801.0
636,20250325,14.61,14.82,14.55,14.67,0.0399999999999991,0.2734107997265811,10869800.0
636,20250326,14.6,14.75,14.57,14.63,-0.0399999999999991,-0.2726653033401471,8393603.0
636,20250327,14.55,14.77,14.36,14.72,0.0899999999999998,0.6151742993848242,10431101.0
636,20250328,14.7,14.79,14.55,14.6,-0.120000000000001,-0.815217391304357,7871900.0
636,20250331,14.5,14.56,14.22,14.38,-0.2199999999999988,-1.5068493150684814,10877710.0
636,20250401,14.44,14.55,14.38,14.45,0.0699999999999985,0.4867872044506116,7681291.0
636,20250402,14.43,14.59,14.42,14.51,0.0600000000000005,0.415224913494816,6645415.0
636,20250403,14.4,14.53,14.15,14.2,-0.3100000000000005,-2.136457615437637,11526300.0
636,20250407,13.33,13.5,12.78,12.78,-1.42,-9.999999999999998,18681266.0
636,20250408,12.5,12.87,12.15,12.37,-0.4100000000000001,-3.2081377151799706,23118277.0
636,20250409,12.07,12.6,11.73,12.52,0.1500000000000003,1.2126111560226471,19766106.0
636,20250410,12.84,13.04,12.74,12.75,0.2300000000000004,1.8370607028753927,18281692.0
636,20250411,12.69,13.19,12.69,13.05,0.3000000000000007,2.352941176470602,17508575.0
636,20250414,13.33,13.44,13.16,13.41,0.3599999999999994,2.758620689655178,16202066.0
636,20250415,13.41,13.64,13.25,13.62,0.209999999999999,1.5659955257270708,16481542.0
636,20250416,13.55,13.62,13.2,13.3,-0.3199999999999985,-2.3494860499265635,11117955.0
636,20250417,13.21,13.5,13.2,13.3,0.0,0.0,7614243.0
636,20250418,13.33,13.56,13.32,13.49,0.1899999999999995,1.4285714285714235,7814310.0
636,20250421,13.6,13.7,13.46,13.6,0.1099999999999994,0.8154188287620379,7351601.0
636,20250422,13.56,13.62,13.46,13.51,-0.0899999999999998,-0.6617647058823506,6998630.0
636,20250423,13.56,13.67,13.51,13.61,0.0999999999999996,0.7401924500370027,7245384.0
636,20250424,13.6,13.6,13.41,13.47,-0.1399999999999988,-1.0286554004408477,5839809.0
636,20250425,13.48,13.59,13.44,13.48,0.0099999999999997,0.0742390497401546,5334900.0
636,20250428,13.22,13.3,13.07,13.21,-0.2699999999999996,-2.002967359050445,10519525.0
636,20250429,13.2,13.24,13.08,13.09,-0.120000000000001,-0.9084027252081794,8051600.0
636,20250430,13.11,13.24,13.08,13.11,0.0199999999999995,0.1527883880825031,6732650.0
636,20250506,14.04,14.38,13.61,13.71,0.6000000000000014,4.576659038901609,22866142.0
636,20250507,13.8,13.9,13.51,13.6,-0.1100000000000012,-0.8023340627279496,16068100.0
636,20250508,13.51,13.78,13.51,13.71,0.1100000000000012,0.808823529411784,10630176.0
636,20250509,13.73,13.74,13.5,13.54,-0.1700000000000017,-1.239970824215908,7750842.0
636,20250512,13.65,13.79,13.64,13.75,0.2100000000000008,1.5509601181683983,9509200.0
636,20250513,13.88,13.91,13.65,13.68,-0.0700000000000002,-0.5090909090909146,8659000.0
636,20250514,13.71,13.75,13.55,13.66,-0.0199999999999995,-0.1461988304093497,8608842.0
636,20250515,13.65,13.68,13.45,13.46,-0.1999999999999993,-1.4641288433382085,6916000.0
636,20250516,13.4,13.54,13.4,13.43,-0.0300000000000011,-0.2228826151560281,5794825.0
636,20250519,13.4,13.58,13.3,13.55,0.120000000000001,0.8935219657483229,6791243.0
636,20250520,13.59,13.59,13.47,13.55,0.0,0.0,5439914.0
636,20250521,13.51,13.55,13.41,13.46,-0.0899999999999998,-0.6642066420664228,4727541.0
636,20250522,13.42,13.55,13.31,13.32,-0.1400000000000005,-1.0401188707280906,7197208.0
636,20250523,13.3,13.44,13.2,13.22,-0.0999999999999996,-0.7507507507507505,7116900.0
636,20250526,13.24,13.34,13.17,13.3,0.08,0.605143721633894,4953894.0
636,20250527,13.33,13.33,13.09,13.15,-0.1500000000000003,-1.1278195488721776,6130405.0
636,20250528,13.14,13.23,13.1,13.14,-0.0099999999999997,-0.0760456273764198,5474396.0
636,20250529,13.14,13.44,13.14,13.42,0.2799999999999993,2.130898021308969,8550130.0
636,20250530,13.42,13.52,13.27,13.36,-0.0600000000000005,-0.447093889716843,8022590.0
636,20250603,13.3,13.36,13.23,13.24,-0.1199999999999992,-0.8982035928143617,6745100.0
636,20250604,13.28,13.41,13.24,13.39,0.1500000000000003,1.1329305135951762,7146663.0
636,20250605,13.4,13.55,13.32,13.54,0.1499999999999985,1.120238984316635,7497000.0
636,20250606,13.53,13.55,13.44,13.49,-0.0499999999999989,-0.3692762186115139,5550100.0
636,20250609,13.49,13.57,13.45,13.48,-0.0099999999999997,-0.0741289844329085,8372970.0
636,20250610,13.48,13.49,13.2,13.29,-0.1900000000000012,-1.409495548961437,7245270.0
636,20250611,13.29,13.46,13.29,13.36,0.0700000000000002,0.5267118133935211,6094000.0
636,20250612,13.35,13.48,13.33,13.4,0.0400000000000009,0.2994011976047872,6126635.0
636,20250613,13.35,13.48,13.22,13.24,-0.1600000000000001,-1.19402985074627,10153732.0
636,20250616,13.18,13.33,13.16,13.25,0.0099999999999997,0.0755287009063465,5254786.0
636,20250617,13.25,13.3,13.17,13.22,-0.0299999999999993,-0.2264150943396159,5047500.0
636,20250618,13.2,13.25,13.01,13.25,0.0299999999999993,0.2269288956127102,8342230.0
636,20250619,13.21,13.27,13.01,13.06,-0.1899999999999995,-1.4339622641509342,6754089.0
636,20250620,13.06,13.2,13.03,13.05,-0.0099999999999997,-0.0765696784073455,5458800.0
636,20250623,12.92,13.21,12.91,13.19,0.1399999999999988,1.0727969348658828,4345102.0
636,20250624,13.22,13.45,13.2,13.44,0.25,1.8953752843063,8975338.0
636,20250625,13.45,13.59,13.4,13.58,0.1400000000000005,1.041666666666674,10209598.0
636,20250626,13.59,13.7,13.49,13.54,-0.0400000000000009,-0.2945508100147376,10441300.0
636,20250627,13.6,13.72,13.51,13.61,0.0700000000000002,0.5169867060561328,11005517.0
636,20250630,13.72,13.76,13.63,13.74,0.1300000000000007,0.9551800146950784,9305394.0
636,20250701,13.71,13.84,13.67,13.78,0.0399999999999991,0.2911208151382682,8571532.0
636,20250702,13.74,13.75,13.57,13.63,-0.1499999999999985,-1.0885341074020172,7543721.0
636,20250703,13.62,13.8,13.61,13.8,0.1699999999999999,1.247248716067495,8149901.0
636,20250704,13.8,13.81,13.63,13.69,-0.1100000000000012,-0.7971014492753725,8659676.0
636,20250707,13.62,13.72,13.59,13.6,-0.0899999999999998,-0.6574141709276837,6109900.0
636,20250708,13.62,13.92,13.59,13.89,0.2900000000000009,2.132352941176485,10608600.0
636,20250709,13.85,13.93,13.82,13.86,-0.0300000000000011,-0.2159827213823018,7507651.0
636,20250710,13.85,13.9,13.73,13.81,-0.0499999999999989,-0.3607503607503504,7214300.0
636,20250711,13.67,13.81,13.62,13.73,-0.08,-0.5792903692976137,9799723.0
636,20250714,13.71,13.87,13.68,13.8,0.0700000000000002,0.5098324836125379,8991800.0
636,20250715,13.8,13.92,13.7,13.91,0.1099999999999994,0.7971014492753614,12539755.0
636,20250716,13.9,13.91,13.72,13.76,-0.1500000000000003,-1.0783608914450071,8177800.0
636,20250717,13.75,14.1,13.73,14.05,0.2900000000000009,2.107558139534893,13763051.0
636,20250718,14.01,14.05,13.91,13.99,-0.0600000000000005,-0.4270462633451988,9076338.0
636,20250721,13.95,14.04,13.87,13.97,-0.0199999999999995,-0.1429592566118631,8656501.0
636,20250722,13.96,14.02,13.88,13.98,0.0099999999999997,0.0715819613457346,8855462.0
636,20250723,13.98,14.09,13.88,13.95,-0.0300000000000011,-0.2145922746781159,11065595.0
636,20250724,13.95,14.08,13.92,14.08,0.1300000000000007,0.931899641577072,9456215.0
636,20250725,14.11,14.14,14.0,14.06,-0.0199999999999995,-0.1420454545454474,10415452.0
636,20250728,14.1,14.28,14.02,14.22,0.1600000000000001,1.1379800853485111,14395282.0
636,20250729,14.19,14.28,14.11,14.28,0.0599999999999987,0.421940928270037,11058841.0
636,20250730,14.24,14.3,14.04,14.16,-0.1199999999999992,-0.8403361344537785,12180260.0
636,20250731,14.14,14.3,13.88,13.92,-0.2400000000000002,-1.6949152542372947,13927825.0
636,20250801,13.91,14.02,13.79,13.92,0.0,0.0,9992949.0
636,20250804,13.84,13.96,13.81,13.96,0.0400000000000009,0.287356321839094,8631800.0
636,20250805,13.99,14.05,13.96,14.04,0.0799999999999983,0.5730659025787732,7409442.0
636,20250806,14.01,14.08,13.96,14.07,0.0300000000000011,0.2136752136752129,9353826.0
636,20250807,14.08,14.14,13.89,13.99,-0.08,-0.5685856432125047,12290700.0
636,20250808,13.95,14.06,13.81,13.91,-0.08,-0.5718370264474637,11729588.0
636,20250811,13.87,14.15,13.87,14.14,0.2300000000000004,1.6534867002156783,15066074.0
636,20250812,14.13,14.14,14.01,14.09,-0.0500000000000007,-0.3536067892503602,8694861.0
636,20250813,14.11,14.43,14.03,14.38,0.2900000000000009,2.058197303051812,25747350.0
636,20250814,14.48,14.59,14.15,14.17,-0.2100000000000008,-1.4603616133518793,21883406.0
636,20250815,14.15,14.87,14.11,14.75,0.5800000000000001,4.0931545518701595,32846899.0
636,20250818,14.9,15.1,14.77,14.89,0.1400000000000005,0.9491525423728886,34215220.0
636,20250819,14.89,14.94,14.7,14.8,-0.0899999999999998,-0.6044325050369337,19415022.0
636,20250820,14.76,15.07,14.66,15.06,0.2599999999999998,1.75675675675675,23410205.0
636,20250821,15.1,15.85,15.1,15.19,0.129999999999999,0.863213811420982,37643445.0
636,20250822,15.05,15.3,15.0,15.29,0.0999999999999996,0.6583278472679366,31562532.0
636,20250825,15.43,15.62,15.18,15.41,0.120000000000001,0.7848266841072649,31666383.0
636,20250826,15.4,15.74,15.26,15.6,0.1899999999999995,1.2329656067488592,26293791.0
636,20250827,15.75,15.84,15.17,15.17,-0.4299999999999997,-2.7564102564102577,29370891.0
636,20250828,15.28,15.54,15.02,15.49,0.3200000000000003,2.109426499670408,29825948.0
636,20250829,15.5,15.54,15.26,15.32,-0.1699999999999999,-1.0974822466107148,19577748.0
636,20250901,15.32,15.48,15.08,15.26,-0.0600000000000005,-0.3916449086161955,26237898.0
636,20250902,15.2,15.23,14.58,14.7,-0.5600000000000005,-3.669724770642202,26317113.0
636,20250903,14.76,14.77,14.35,14.39,-0.3099999999999987,-2.1088435374149617,16139174.0
636,20250904,14.43,14.68,13.98,14.15,-0.2400000000000002,-1.6678248783877692,21030810.0
636,20250905,14.46,15.57,14.45,15.57,1.42,10.035335689045931,69503730.0
636,20250908,15.49,15.49,15.03,15.14,-0.4299999999999997,-2.7617212588310847,61796652.0
636,20250909,15.15,15.16,14.68,14.79,-0.3500000000000014,-2.3117569352708145,34313285.0
636,20250910,14.76,15.28,14.71,14.91,0.120000000000001,0.8113590263691739,35127333.0
636,20250911,14.83,15.4,14.8,15.35,0.4399999999999995,2.951039570757885,46717574.0
636,20250912,15.27,15.54,15.18,15.42,0.0700000000000002,0.4560260586319309,39265064.0
636,20250915,15.42,15.42,15.11,15.16,-0.2599999999999998,-1.6861219195849486,25082751.0
636,20250916,15.17,15.76,15.01,15.6,0.4399999999999995,2.902374670184704,37411063.0
636,20250917,15.55,16.15,15.47,15.79,0.1899999999999995,1.2179487179487136,45384686.0
636,20250918,15.81,16.28,15.62,15.92,0.1300000000000007,0.8233058898036827,54677458.0
636,20250919,15.92,16.15,15.72,15.84,-0.08,-0.5025125628140725,31871288.0
636,20250922,15.9,15.96,15.56,15.75,-0.0899999999999998,-0.5681818181818121,26967149.0
636,20250923,15.73,15.8,15.11,15.49,-0.2599999999999998,-1.6507936507936471,29897240.0
636,20250924,15.31,15.78,15.21,15.78,0.2899999999999991,1.8721755971594425,23609759.0
636,20250925,15.77,15.89,15.61,15.69,-0.0899999999999998,-0.5703422053231932,19596221.0
636,20250926,15.61,15.72,15.28,15.31,-0.379999999999999,-2.421924792861685,20483969.0
636,20250929,15.32,16.03,15.32,15.59,0.2799999999999993,1.8288700195950416,28008250.0
636,20250930,15.58,15.92,15.55,15.65,0.0600000000000005,0.3848620910840372,21709209.0
636,20251009,15.8,16.1,15.73,15.89,0.2400000000000002,1.5335463258785875,30979817.0
636,20251010,15.81,15.95,15.42,15.67,-0.2200000000000006,-1.3845185651353065,27374072.0
636,20251013,15.0,15.65,14.83,15.58,-0.0899999999999998,-0.574345883854499,26771977.0
636,20251014,15.7,16.23,15.0,15.15,-0.4299999999999997,-2.759948652118094,34814808.0
636,20251015,15.2,16.16,15.05,16.04,0.8899999999999988,5.874587458745872,50473602.0
636,20251016,15.93,16.07,15.74,15.86,-0.1799999999999997,-1.122194513715713,27946734.0
636,20251017,15.84,15.84,14.83,14.88,-0.9799999999999986,-6.179066834804536,42611002.0
636,20251020,15.08,15.56,15.0,15.34,0.4599999999999991,3.0913978494623517,26286512.0
636,20251021,15.33,15.73,15.25,15.5,0.1600000000000001,1.04302477183833,27852161.0
636,20251022,15.45,15.75,15.26,15.55,0.0500000000000007,0.3225806451612856,25241131.0
636,20251023,15.56,15.88,15.52,15.83,0.2799999999999993,1.8006430868167111,27312986.0
636,20251024,15.92,17.41,15.9,17.41,1.58,9.981048641819324,117809416.0
636,20251027,17.41,17.5,16.98,17.23,-0.1799999999999997,-1.0338885697874778,104709303.0
636,20251028,17.24,17.29,16.95,17.08,-0.1500000000000021,-0.8705745792222941,50152858.0
636,20251029,16.96,18.0,16.88,17.67,0.5900000000000034,3.454332552693229,106994245.0
636,20251030,17.37,17.37,16.51,16.59,-1.0800000000000018,-6.11205432937183,77569074.0
636,20251031,16.68,17.0,16.47,16.93,0.3399999999999998,2.049427365883072,51108139.0
636,20251103,16.74,17.3,16.62,17.18,0.25,1.476668635558176,44934368.0
636,20251104,17.06,17.9,17.0,17.68,0.5,2.9103608847497187,71072120.0
636,20251105,17.3,17.63,17.05,17.49,-0.1900000000000012,-1.0746606334841702,47991834.0
636,20251106,17.49,18.58,17.36,18.19,0.7000000000000028,4.002287021154971,75093057.0
636,20251107,17.86,18.0,17.64,17.99,-0.2000000000000028,-1.0995052226498214,45852604.0
636,20251110,18.07,18.25,17.44,17.7,-0.2899999999999991,-1.6120066703724234,40934739.0
636,20251111,17.61,17.67,17.0,17.02,-0.6799999999999997,-3.841807909604522,41837558.0
636,20251112,17.06,17.18,16.51,16.64,-0.379999999999999,-2.232667450058745,34607146.0
636,20251113,16.6,16.87,16.5,16.72,0.0799999999999983,0.480769230769229,26870374.0
636,20251114,16.6,16.6,16.2,16.21,-0.509999999999998,-3.0502392344497475,32463171.0
636,20251117,16.21,16.43,16.13,16.3,0.0899999999999998,0.5552128315854388,19222550.0
636,20251118,17.83,17.93,17.21,17.34,1.0399999999999991,6.380368098159495,127503370.0
636,20251119,17.05,17.25,16.57,16.89,-0.4499999999999993,-2.595155709342556,85805427.0
636,20251120,17.22,17.85,16.91,16.96,0.0700000000000002,0.414446417998815,72195361.0
636,20251121,16.56,16.96,15.46,15.49,-1.4700000000000006,-8.667452830188683,76114591.0
636,20251124,15.67,15.93,15.25,15.78,0.2899999999999991,1.8721755971594425,36267866.0
636,20251125,15.9,16.44,15.81,16.24,0.4599999999999991,2.91508238276299,39841949.0
636,20251126,16.15,16.22,15.78,15.82,-0.4199999999999981,-2.5862068965517127,24974500.0
636,20251127,15.82,16.25,15.61,15.65,-0.1699999999999999,-1.074589127686476,25010500.0
636,20251128,15.64,16.67,15.64,16.44,0.7900000000000009,5.047923322683712,46755467.0
636,20251201,16.39,16.4,16.15,16.32,-0.120000000000001,-0.7299270072992803,29530560.0
636,20251202,16.21,16.32,15.99,16.18,-0.1400000000000005,-0.85784313725491,20081200.0
636,20251203,16.2,16.33,16.0,16.07,-0.1099999999999994,-0.6798516687268163,21666801.0
636,20251204,16.01,16.25,15.81,15.86,-0.2100000000000008,-1.3067828251400182,19574670.0
636,20251205,15.89,16.1,15.75,16.07,0.2100000000000008,1.3240857503152623,15689438.0
636,20251208,16.03,16.47,16.03,16.29,0.2199999999999988,1.3690105787180995,28169298.0
636,20251209,16.25,16.63,16.23,16.41,0.120000000000001,0.7366482504604033,22082842.0
636,20251210,16.46,16.86,16.34,16.71,0.3000000000000007,1.8281535648994485,35285750.0
636,20251211,16.69,16.75,16.42,16.44,-0.2699999999999996,-1.6157989228007152,21793300.0
636,20251212,16.43,16.88,16.41,16.65,0.2099999999999973,1.2773722627737127,45444833.0
636,20251215,16.36,16.7,16.31,16.45,-0.1999999999999993,-1.2012012012011963,23606525.0
636,20251216,16.37,16.44,15.67,15.75,-0.6999999999999993,-4.255319148936165,28581305.0
636,20251217,15.74,16.03,15.49,15.94,0.1899999999999995,1.206349206349211,20960717.0
636,20251218,15.76,15.99,15.45,15.51,-0.4299999999999997,-2.697616060225849,24355681.0
636,20251219,15.59,15.73,15.42,15.44,-0.0700000000000002,-0.4513217279174752,23128570.0
636,20251222,15.6,16.03,15.6,15.82,0.3800000000000008,2.4611398963730657,33659323.0
636,20251223,15.8,15.97,15.66,15.71,-0.1099999999999994,-0.6953223767383054,20320232.0
636,20251224,15.68,16.68,15.68,16.44,0.7300000000000004,4.646721833227252,47284285.0
636,20251225,16.34,16.55,16.11,16.48,0.0399999999999991,0.2433090024330786,24377393.0
636,20251226,16.41,16.46,16.17,16.26,-0.2199999999999988,-1.3349514563106737,21874225.0
636,20251229,16.27,16.8,16.11,16.42,0.1600000000000001,0.98400984009841,29221374.0
636,20251230,16.36,16.75,16.35,16.39,-0.0300000000000011,-0.1827040194884333,29675413.0
636,20251231,16.6,16.96,16.21,16.28,-0.1099999999999994,-0.6711409395973145,23600851.0
636,20260105,16.35,16.98,16.33,16.9,0.6199999999999974,3.8083538083537816,41302331.0
636,20260106,16.84,17.04,16.74,16.96,0.0600000000000022,0.3550295857988272,33066887.0
636,20260107,16.96,17.28,16.95,17.12,0.1600000000000001,0.9433962264151052,38695432.0
636,20260108,17.06,17.35,16.95,17.21,0.0899999999999998,0.5257009345794428,28267202.0
636,20260109,17.16,17.75,17.1,17.43,0.2199999999999988,1.278326554328868,37475470.0
636,20260112,17.5,17.9,17.39,17.85,0.4200000000000017,2.4096385542168752,40178396.0
636,20260113,17.8,17.8,17.23,17.31,-0.5400000000000027,-3.025210084033625,41834661.0
636,20260114,17.43,17.77,17.16,17.41,0.1000000000000014,0.5777007510109788,40128662.0
636,20260115,17.52,17.7,17.3,17.64,0.2300000000000004,1.3210798391728895,26095399.0
636,20260116,17.69,19.33,17.59,18.84,1.1999999999999993,6.8027210884353595,82279619.0
636,20260119,19.8,20.62,19.7,19.92,1.0800000000000018,5.732484076433142,105049257.0
636,20260120,19.93,20.93,19.93,20.19,0.2699999999999996,1.3554216867469826,74205868.0
636,20260121,20.18,21.12,19.99,20.57,0.379999999999999,1.8821198613174772,73805543.0
636,20260122,20.91,21.05,20.14,20.67,0.1000000000000014,0.4861448711716232,65605227.0
636,20260123,20.83,21.21,20.54,20.88,0.2099999999999973,1.015965166908539,62515484.0
636,20260126,20.88,21.24,20.43,20.63,-0.25,-1.1973180076628398,52453027.0
636,20260127,20.62,21.48,20.1,21.03,0.4000000000000021,1.9389238972370435,61040815.0
636,20260128,21.64,21.85,21.07,21.43,0.3999999999999986,1.902044698050398,67996730.0
636,20260129,21.44,22.22,21.12,21.19,-0.2399999999999984,-1.1199253383107677,77040800.0
636,20260130,21.0,21.19,19.61,20.5,-0.6900000000000013,-3.25625294950449,65249264.0
636,20260202,20.29,20.56,19.33,19.37,-1.129999999999999,-5.512195121951214,42311108.0
636,20260203,19.6,20.07,19.3,20.0,0.629999999999999,3.2524522457408223,36321109.0
636,20260204,19.82,20.75,19.79,20.72,0.7199999999999989,3.600000000000003,47829310.0
636,20260205,20.5,22.79,20.44,22.79,2.0700000000000003,9.990347490347483,99486250.0
636,20260206,21.93,22.3,21.21,21.28,-1.509999999999998,-6.625713032031588,94716547.0
636,20260209,21.43,21.59,20.68,21.1,-0.1799999999999997,-0.8458646616541388,73096473.0
636,20260210,21.2,21.89,21.14,21.24,0.139999999999997,0.6635071090047351,68748322.0
636,20260211,21.24,22.0,21.0,21.06,-0.1799999999999997,-0.8474576271186418,57792842.0
636,20260212,21.14,22.9,20.8,22.53,1.4700000000000024,6.980056980056992,92297831.0
636,20260213,22.3,22.35,21.26,21.27,-1.2600000000000016,-5.5925432756325,58705366.0
636,20260224,23.4,23.4,23.4,23.4,2.129999999999999,10.014104372355416,27350778.0
636,20260225,25.04,25.74,24.71,25.74,2.34,10.000000000000009,173665154.0
636,20260226,25.33,26.57,24.71,25.73,-0.009999999999998,-0.0388500388500356,237310932.0
636,20260227,25.5,26.75,25.15,26.0,0.2699999999999996,1.0493587252234704,170523597.0
636,20260302,25.41,27.5,25.41,26.5,0.5,1.923076923076916,187966662.0
636,20260303,26.45,26.45,23.85,23.85,-2.6499999999999986,-9.999999999999998,162705103.0
636,20260304,23.13,24.7,23.09,23.9,0.0499999999999971,0.2096436058700135,111839452.0
636,20260305,24.57,24.57,23.45,23.75,-0.1499999999999985,-0.6276150627614996,91211796.0
636,20260306,23.75,24.1,22.83,23.75,0.0,0.0,70297160.0
636,20260309,23.39,23.5,22.12,23.01,-0.7399999999999984,-3.115789473684205,83095249.0
636,20260310,23.56,24.08,23.3,23.89,0.879999999999999,3.824424163407203,85382525.0
636,20260311,23.75,24.44,23.3,23.4,-0.490000000000002,-2.051067392214323,82329443.0
636,20260312,23.4,23.5,21.93,22.5,-0.8999999999999986,-3.846153846153843,85213003.0
636,20260313,22.24,22.38,21.59,21.7,-0.8000000000000007,-3.555555555555556,62184850.0
636,20260316,21.7,22.02,21.17,21.95,0.25,1.1520737327188837,50988979.0
636,20260317,22.09,22.88,21.31,22.4,0.4499999999999993,2.050113895216388,102163787.0
636,20260318,22.65,22.98,22.08,22.5,0.1000000000000014,0.4464285714285809,91593926.0
636,20260319,21.86,22.93,21.4,22.53,0.0300000000000011,0.1333333333333408,92130238.0
636,20260320,22.36,22.58,21.16,21.29,-1.240000000000002,-5.503772747447854,66426195.0
