ts_code,trade_date,open,high,low,close,change,pct_change,vol
700,2017-12-20,5.69,5.71,5.59,5.6,-0.1000000000000005,-1.7543859649122862,3667955.0
700,2017-12-21,5.63,5.65,5.56,5.63,0.0300000000000002,0.5357142857142838,3286778.0
700,2017-12-22,5.62,5.63,5.57,5.58,-0.0499999999999998,-0.8880994671403131,2790210.0
700,2017-12-25,5.57,5.62,5.52,5.52,-0.0600000000000005,-1.0752688172043112,3465663.0
700,2017-12-26,5.54,5.57,5.51,5.56,0.04,0.7246376811594235,2507886.0
700,2017-12-27,5.59,5.68,5.54,5.64,0.08,1.4388489208633004,5760741.0
700,2017-12-28,5.62,5.69,5.61,5.65,0.0100000000000006,0.1773049645390267,3427409.0
700,2017-12-29,5.68,5.76,5.65,5.67,0.0199999999999995,0.3539823008849474,4711669.0
700,2018-01-02,5.68,5.74,5.67,5.73,0.0600000000000005,1.0582010582010692,4377534.0
700,2018-01-03,5.73,5.83,5.69,5.82,0.0899999999999998,1.5706806282722583,6524662.0
700,2018-01-04,5.8,5.84,5.77,5.82,0.0,0.0,4928121.0
700,2018-01-05,5.83,5.84,5.77,5.81,-0.0100000000000006,-0.1718213058419349,3559500.0
700,2018-01-08,5.82,5.89,5.81,5.82,0.0100000000000006,0.1721170395869276,5078864.0
700,2018-01-09,5.82,5.83,5.75,5.78,-0.04,-0.6872852233676952,4508500.0
700,2018-01-10,5.79,5.79,5.7,5.72,-0.0600000000000005,-1.038062283737029,4017617.0
700,2018-01-11,5.73,5.78,5.7,5.78,0.0600000000000005,1.0489510489510634,3287992.0
700,2018-01-12,5.77,5.77,5.72,5.72,-0.0600000000000005,-1.038062283737029,2789400.0
700,2018-01-15,5.74,5.74,5.55,5.56,-0.1600000000000001,-2.7972027972028024,5472000.0
700,2018-01-16,5.58,5.58,5.54,5.56,0.0,0.0,3293900.0
700,2018-01-17,5.56,5.62,5.53,5.6,0.04,0.7194244604316502,4308206.0
700,2018-01-18,5.59,5.62,5.57,5.6,0.0,0.0,2580547.0
700,2018-01-19,5.62,5.65,5.6,5.63,0.0300000000000002,0.5357142857142838,3310822.0
700,2018-01-22,5.64,5.65,5.55,5.65,0.0200000000000004,0.355239786856143,4052723.0
700,2018-01-23,5.65,5.73,5.62,5.72,0.0699999999999994,1.2389380530973382,5667274.0
700,2018-01-24,5.72,5.73,5.66,5.72,0.0,0.0,3465379.0
700,2018-01-25,5.7,5.8,5.69,5.71,-0.0099999999999997,-0.1748251748251661,4741939.0
700,2018-01-26,5.71,5.71,5.65,5.66,-0.0499999999999998,-0.8756567425569184,4033390.0
700,2018-01-29,5.66,5.68,5.55,5.57,-0.0899999999999998,-1.590106007067138,5884769.0
700,2018-01-30,5.55,5.59,5.55,5.57,0.0,0.0,2648200.0
700,2018-01-31,5.56,5.57,5.4,5.41,-0.1600000000000001,-2.872531418312385,6867774.0
700,2018-02-01,5.41,5.44,5.11,5.12,-0.29,-5.360443622920519,9271800.0
700,2018-02-02,5.1,5.12,4.97,5.08,-0.04,-0.78125,6443812.0
700,2018-02-05,5.06,5.1,5.0,5.03,-0.0499999999999998,-0.9842519685039351,2790700.0
700,2018-02-06,4.98,4.99,4.73,4.73,-0.2999999999999998,-5.964214711729621,6789293.0
700,2018-02-07,4.8,4.85,4.62,4.76,0.0299999999999993,0.6342494714587588,5396097.0
700,2018-02-08,4.76,4.81,4.73,4.79,0.0300000000000002,0.6302521008403339,3104900.0
700,2018-02-09,4.71,4.73,4.55,4.6,-0.1900000000000004,-3.966597077244272,4602902.0
700,2018-02-12,4.62,4.77,4.62,4.71,0.1100000000000003,2.3913043478260843,3698702.0
700,2018-02-13,4.73,4.78,4.67,4.7,-0.0099999999999997,-0.2123142250530785,5747700.0
700,2018-02-14,4.69,4.72,4.64,4.68,-0.0200000000000004,-0.4255319148936287,2923259.0
700,2018-02-22,4.7,4.76,4.7,4.74,0.0600000000000005,1.2820512820512997,3224065.0
700,2018-02-23,4.72,4.78,4.72,4.77,0.0299999999999993,0.6329113924050445,2886800.0
700,2018-02-26,4.85,4.89,4.79,4.87,0.1000000000000005,2.096436058700224,5105787.0
700,2018-02-27,4.88,4.91,4.83,4.89,0.0199999999999995,0.4106776180698102,4762270.0
700,2018-02-28,4.86,4.91,4.8,4.9,0.0100000000000006,0.2044989775051187,4150211.0
700,2018-03-01,4.87,4.98,4.86,4.98,0.08,1.6326530612244872,5320047.0
700,2018-03-02,4.93,5.04,4.93,5.0,0.0199999999999995,0.401606425702794,5238904.0
700,2018-03-05,5.02,5.02,4.94,5.01,0.0099999999999997,0.2000000000000001,3858262.0
700,2018-03-06,4.99,5.08,4.99,5.07,0.0600000000000005,1.1976047904191711,4038722.0
700,2018-03-07,5.07,5.07,5.03,5.04,-0.0300000000000002,-0.591715976331364,2603864.0
700,2018-03-08,5.03,5.08,5.02,5.07,0.0300000000000002,0.5952380952380931,2923900.0
700,2018-03-09,5.07,5.14,5.05,5.14,0.0699999999999994,1.380670611439827,4966404.0
700,2018-03-12,5.14,5.19,5.12,5.18,0.04,0.7782101167315147,4988968.0
700,2018-03-13,5.18,5.55,5.14,5.38,0.2000000000000001,3.861003861003875,17768549.0
700,2018-03-14,5.31,5.33,5.2,5.2,-0.1799999999999997,-3.3457249070631967,10476152.0
700,2018-03-15,5.2,5.23,5.06,5.13,-0.0700000000000002,-1.3461538461538525,5628200.0
700,2018-03-16,5.13,5.18,5.1,5.11,-0.0199999999999995,-0.3898635477582735,3731400.0
700,2018-03-19,5.1,5.17,5.07,5.13,0.0199999999999995,0.3913894324853118,3572876.0
700,2018-03-20,5.11,5.14,5.06,5.12,-0.0099999999999997,-0.1949317738791367,2890000.0
700,2018-03-21,5.14,5.35,5.1,5.16,0.04,0.78125,10392912.0
700,2018-03-22,5.14,5.21,5.1,5.16,0.0,0.0,4806234.0
700,2018-03-23,5.08,5.08,4.78,4.82,-0.3399999999999998,-6.5891472868217065,9977200.0
700,2018-03-26,4.76,4.88,4.68,4.87,0.0499999999999998,1.0373443983402453,4026691.0
700,2018-03-27,4.9,5.02,4.9,4.96,0.0899999999999998,1.848049281314168,5274011.0
700,2018-03-28,4.9,4.97,4.89,4.91,-0.0499999999999998,-1.0080645161290258,2788000.0
700,2018-03-29,4.93,4.96,4.92,4.95,0.04,0.8146639511201537,3183211.0
700,2018-03-30,4.97,5.0,4.94,4.96,0.0099999999999997,0.2020202020202033,3340402.0
700,2018-04-02,4.98,5.04,4.96,4.99,0.0300000000000002,0.6048387096774244,3925157.0
700,2018-04-03,4.95,5.07,4.93,5.03,0.04,0.8016032064128265,6216764.0
700,2018-04-04,5.04,5.07,4.98,4.98,-0.0499999999999998,-0.994035785288272,4691400.0
700,2018-04-09,4.96,5.0,4.91,4.95,-0.0300000000000002,-0.6024096385542244,2991200.0
700,2018-04-10,5.0,5.05,4.95,5.02,0.0699999999999994,1.414141414141401,3906622.0
700,2018-04-11,5.01,5.07,5.01,5.04,0.0200000000000004,0.3984063745019917,4519622.0
700,2018-04-12,5.04,5.04,4.95,4.96,-0.08,-1.5873015873015928,3743844.0
700,2018-04-13,4.97,4.99,4.91,4.92,-0.04,-0.8064516129032251,3053153.0
700,2018-04-16,4.75,4.75,4.55,4.64,-0.2800000000000002,-5.691056910569115,10329650.0
700,2018-04-17,4.65,4.69,4.63,4.64,0.0,0.0,3919568.0
700,2018-04-18,4.69,4.69,4.59,4.66,0.0200000000000004,0.4310344827586299,3895525.0
700,2018-04-19,4.66,4.69,4.62,4.66,0.0,0.0,3414400.0
700,2018-04-20,4.67,4.67,4.45,4.46,-0.2000000000000001,-4.29184549356224,5209200.0
700,2018-04-23,4.46,4.55,4.41,4.55,0.0899999999999998,2.0179372197309364,2956704.0
700,2018-04-24,4.53,4.59,4.51,4.56,0.0099999999999997,0.219780219780219,2814366.0
700,2018-04-25,4.57,4.65,4.56,4.65,0.0900000000000007,1.9736842105263277,2790300.0
700,2018-04-26,4.65,4.65,4.58,4.59,-0.0600000000000005,-1.2903225806451757,2942900.0
700,2018-04-27,4.6,4.61,4.5,4.59,0.0,0.0,3399491.0
700,2018-05-02,4.6,4.6,4.43,4.48,-0.1099999999999994,-2.3965141612200314,2857500.0
700,2018-05-03,4.48,4.55,4.43,4.51,0.0299999999999993,0.6696428571428381,1828500.0
700,2018-05-04,4.51,4.54,4.49,4.52,0.0099999999999997,0.2217294900221711,1402765.0
700,2018-05-07,4.52,4.58,4.5,4.56,0.04,0.8849557522123908,2574427.0
700,2018-05-08,4.55,4.58,4.54,4.56,0.0,0.0,2109602.0
700,2018-05-09,4.57,4.58,4.52,4.54,-0.0199999999999995,-0.4385964912280604,1672402.0
700,2018-05-10,4.53,4.56,4.51,4.55,0.0099999999999997,0.2202643171806073,2345502.0
700,2018-05-11,4.55,4.59,4.53,4.55,0.0,0.0,3871000.0
700,2018-05-14,4.55,4.57,4.51,4.51,-0.04,-0.879120879120876,1695900.0
700,2018-05-15,4.54,4.64,4.52,4.61,0.1000000000000005,2.2172949002217335,5486143.0
700,2018-05-16,4.6,4.61,4.55,4.56,-0.0500000000000007,-1.084598698481576,3122200.0
700,2018-05-17,4.56,4.58,4.49,4.49,-0.0699999999999994,-1.5350877192982335,3177700.0
700,2018-05-18,4.5,4.52,4.48,4.52,0.0299999999999993,0.6681514476614581,1948544.0
700,2018-05-21,4.55,4.6,4.52,4.58,0.0600000000000005,1.3274336283185972,3093802.0
700,2018-05-22,4.58,4.6,4.54,4.6,0.0199999999999995,0.4366812227074135,2834109.0
700,2018-05-23,4.62,4.76,4.61,4.64,0.04,0.8695652173912993,9274000.0
700,2018-05-24,4.61,4.64,4.56,4.56,-0.08,-1.7241379310344862,3901102.0
700,2018-05-25,4.57,4.7,4.54,4.67,0.1100000000000003,2.412280701754388,7586602.0
700,2018-05-28,4.67,4.69,4.52,4.53,-0.1399999999999996,-2.997858672376863,4774100.0
700,2018-05-29,4.54,4.54,4.43,4.45,-0.08,-1.7660044150110354,4245500.0
700,2018-05-30,4.34,4.43,4.17,4.18,-0.2700000000000004,-6.067415730337089,4935961.0
700,2018-05-31,4.21,4.29,4.21,4.23,0.0500000000000007,1.1961722488038395,2577900.0
700,2018-06-01,4.25,4.28,4.14,4.18,-0.0500000000000007,-1.1820330969267268,2304600.0
700,2018-06-04,4.2,4.21,4.16,4.17,-0.0099999999999997,-0.2392344497607612,1849600.0
700,2018-06-05,4.17,4.25,4.17,4.23,0.0600000000000005,1.4388489208633226,2079100.0
700,2018-06-06,4.25,4.32,4.23,4.27,0.0399999999999991,0.9456264775413504,2455882.0
700,2018-06-07,4.28,4.28,4.19,4.2,-0.0699999999999994,-1.639344262295073,1871853.0
700,2018-06-08,4.19,4.19,4.04,4.08,-0.1200000000000001,-2.857142857142858,3570438.0
700,2018-06-11,4.08,4.08,3.98,4.03,-0.0499999999999998,-1.225490196078427,2548620.0
700,2018-06-12,4.03,4.05,3.95,4.04,0.0099999999999997,0.2481389578163684,2422700.0
700,2018-06-13,4.08,4.08,4.01,4.04,0.0,0.0,2471320.0
700,2018-06-14,4.02,4.07,3.99,4.02,-0.0200000000000004,-0.4950495049505066,1781200.0
700,2018-06-15,4.02,4.04,3.9,3.94,-0.0799999999999996,-1.990049751243772,2622400.0
700,2018-06-19,3.9,3.9,3.56,3.63,-0.31,-7.868020304568535,5472020.0
700,2018-06-20,3.61,3.68,3.59,3.63,0.0,0.0,2782400.0
700,2018-06-21,3.63,3.67,3.52,3.54,-0.0899999999999998,-2.4793388429751984,2990100.0
700,2018-06-22,3.52,3.68,3.52,3.68,0.1400000000000001,3.9548022598870025,3722282.0
700,2018-06-25,3.59,3.67,3.56,3.57,-0.1100000000000003,-2.9891304347826164,3251604.0
700,2018-06-26,3.53,3.7,3.48,3.62,0.0500000000000002,1.400560224089653,3802461.0
700,2018-06-27,3.63,3.65,3.57,3.62,0.0,0.0,2427100.0
700,2018-06-28,3.6,3.65,3.58,3.58,-0.04,-1.104972375690605,1768100.0
700,2018-06-29,3.59,3.68,3.57,3.67,0.0899999999999998,2.5139664804469275,3576366.0
700,2018-07-02,3.66,3.73,3.64,3.64,-0.0299999999999998,-0.8174386920980825,3753802.0
700,2018-07-03,3.7,3.7,3.6,3.69,0.0499999999999998,1.3736263736263687,3907277.0
700,2018-07-04,3.69,3.69,3.58,3.61,-0.08,-2.168021680216803,2681064.0
700,2018-07-05,3.61,3.61,3.44,3.45,-0.1599999999999997,-4.432132963988911,2807307.0
700,2018-07-06,3.44,3.68,3.43,3.56,0.1099999999999998,3.1884057971014457,5292100.0
700,2018-07-09,3.61,3.77,3.56,3.67,0.1099999999999998,3.08988764044944,5340011.0
700,2018-07-10,3.63,3.7,3.61,3.66,-0.0099999999999997,-0.2724795640326904,3262407.0
700,2018-07-11,3.64,3.64,3.49,3.55,-0.1100000000000003,-3.0054644808743203,2927565.0
700,2018-07-12,3.52,3.76,3.52,3.7,0.1500000000000003,4.225352112676073,8967283.0
700,2018-07-13,3.69,3.69,3.61,3.64,-0.06,-1.6216216216216273,6001418.0
700,2018-07-16,3.64,3.64,3.57,3.61,-0.0300000000000002,-0.8241758241758323,2278100.0
700,2018-07-17,3.61,3.64,3.56,3.63,0.02,0.5540166204986097,2625800.0
700,2018-07-18,3.63,3.68,3.61,3.62,-0.0099999999999997,-0.2754820936639035,2831700.0
700,2018-07-19,3.61,3.64,3.57,3.58,-0.04,-1.104972375690605,2184003.0
700,2018-07-20,3.58,3.63,3.54,3.61,0.0299999999999998,0.8379888268156277,2411103.0
700,2018-07-23,3.61,3.66,3.59,3.64,0.0300000000000002,0.8310249307479367,2860705.0
700,2018-07-24,3.66,3.73,3.63,3.73,0.0899999999999998,2.4725274725274637,5216488.0
700,2018-07-25,3.72,3.76,3.7,3.74,0.0100000000000002,0.2680965147453085,5552410.0
700,2018-07-26,3.72,3.98,3.72,3.86,0.1199999999999996,3.208556149732611,11290209.0
700,2018-07-27,3.83,3.85,3.77,3.79,-0.0699999999999998,-1.813471502590669,5573466.0
700,2018-07-30,3.8,3.8,3.69,3.71,-0.08,-2.110817941952503,4271926.0
700,2018-07-31,3.71,3.74,3.71,3.73,0.02,0.5390835579514919,1728250.0
700,2018-08-01,3.74,3.77,3.67,3.68,-0.0499999999999998,-1.3404825737265311,2602970.0
700,2018-08-02,3.67,3.67,3.54,3.59,-0.0900000000000003,-2.445652173913049,3221742.0
700,2018-08-03,3.59,3.62,3.55,3.56,-0.0299999999999998,-0.835654596100277,1374960.0
700,2018-08-06,3.56,3.6,3.51,3.53,-0.0300000000000002,-0.8426966292134908,1799960.0
700,2018-08-07,3.55,3.62,3.53,3.62,0.0900000000000003,2.5495750708215414,2042661.0
700,2018-08-08,3.62,3.67,3.6,3.63,0.0099999999999997,0.2762430939226457,2140345.0
700,2018-08-09,3.61,3.71,3.61,3.68,0.0500000000000002,1.377410468319562,2862605.0
700,2018-08-10,3.67,3.73,3.66,3.69,0.0099999999999997,0.2717391304347671,2026640.0
700,2018-08-13,3.67,3.67,3.6,3.66,-0.0299999999999998,-0.8130081300812941,1928900.0
700,2018-08-14,3.66,3.69,3.63,3.68,0.02,0.5464480874316946,1672682.0
700,2018-08-15,3.68,3.69,3.59,3.59,-0.0900000000000003,-2.445652173913049,1906200.0
700,2018-08-16,3.59,3.62,3.54,3.57,-0.02,-0.5571030640668551,1637400.0
700,2018-08-17,3.61,3.63,3.53,3.54,-0.0299999999999998,-0.8403361344537785,1796200.0
700,2018-08-20,3.53,3.59,3.53,3.56,0.02,0.5649717514124353,1147800.0
700,2018-08-21,3.57,3.61,3.56,3.6,0.04,1.1235955056179805,1222502.0
700,2018-08-22,3.58,3.62,3.56,3.57,-0.0300000000000002,-0.8333333333333415,1304300.0
700,2018-08-23,3.58,3.59,3.53,3.57,0.0,0.0,1509472.0
700,2018-08-24,3.57,3.58,3.54,3.56,-0.0099999999999997,-0.2801120448179262,1020300.0
700,2018-08-27,3.56,3.62,3.55,3.59,0.0299999999999998,0.8426966292134797,1550150.0
700,2018-08-28,3.58,3.6,3.57,3.58,-0.0099999999999997,-0.278551532033422,1073100.0
700,2018-08-29,3.57,3.59,3.54,3.57,-0.0100000000000002,-0.2793296089385499,890600.0
700,2018-08-30,3.58,3.58,3.5,3.5,-0.0699999999999998,-1.9607843137254832,1731805.0
700,2018-08-31,3.5,3.52,3.46,3.47,-0.0299999999999998,-0.8571428571428563,1290000.0
700,2018-09-03,3.47,3.48,3.4,3.43,-0.04,-1.1527377521613813,1407302.0
700,2018-09-04,3.43,3.48,3.42,3.46,0.0299999999999998,0.8746355685131046,831500.0
700,2018-09-05,3.45,3.48,3.41,3.42,-0.04,-1.1560693641618491,1123002.0
700,2018-09-06,3.42,3.46,3.4,3.42,0.0,0.0,690200.0
700,2018-09-07,3.43,3.47,3.4,3.44,0.02,0.5847953216374213,962802.0
700,2018-09-10,3.43,3.44,3.38,3.38,-0.06,-1.744186046511631,1821400.0
700,2018-09-11,3.38,3.44,3.36,3.42,0.04,1.183431952662728,1635382.0
700,2018-09-12,3.43,3.47,3.42,3.44,0.02,0.5847953216374213,1636502.0
700,2018-09-13,3.46,3.48,3.43,3.45,0.0100000000000002,0.2906976744186051,1041650.0
700,2018-09-14,3.46,3.48,3.42,3.43,-0.02,-0.5797101449275366,1410100.0
700,2018-09-17,3.43,3.44,3.35,3.36,-0.0700000000000002,-2.0408163265306256,1416200.0
700,2018-09-18,3.38,3.42,3.34,3.4,0.04,1.1904761904761862,1669898.0
700,2018-09-19,3.38,3.45,3.37,3.43,0.0300000000000002,0.8823529411764675,2228268.0
700,2018-09-20,3.44,3.44,3.4,3.42,-0.0100000000000002,-0.291545189504383,1377900.0
700,2018-09-21,3.42,3.48,3.41,3.47,0.0500000000000002,1.4619883040935644,2424600.0
700,2018-09-25,3.46,3.52,3.45,3.51,0.0399999999999995,1.1527377521613813,2504425.0
700,2018-09-26,3.56,3.56,3.47,3.48,-0.0299999999999998,-0.8547008547008517,2802700.0
700,2018-09-27,3.46,3.48,3.42,3.42,-0.06,-1.7241379310344862,2178700.0
700,2018-09-28,3.42,3.47,3.42,3.46,0.04,1.1695906432748648,1193800.0
700,2018-10-08,3.45,3.45,3.37,3.39,-0.0699999999999998,-2.023121387283233,1879700.0
700,2018-10-09,3.48,3.48,3.38,3.42,0.0299999999999998,0.8849557522123908,2236100.0
700,2018-10-10,3.4,3.42,3.39,3.4,-0.02,-0.5847953216374324,955104.0
700,2018-10-11,3.32,3.34,3.06,3.07,-0.33,-9.705882352941176,4384414.0
700,2018-10-12,3.07,3.11,2.93,3.03,-0.04,-1.3029315960912058,3064200.0
700,2018-10-15,3.02,3.06,2.93,2.94,-0.0899999999999998,-2.970297029702962,2054257.0
700,2018-10-16,2.94,2.97,2.8,2.81,-0.1299999999999999,-4.421768707482987,2594216.0
700,2018-10-17,2.84,2.87,2.8,2.83,0.02,0.7117437722419906,1875400.0
700,2018-10-18,2.82,2.86,2.78,2.81,-0.02,-0.7067137809187329,2326400.0
700,2018-10-19,2.81,2.86,2.76,2.85,0.04,1.4234875444839812,2190002.0
700,2018-10-22,2.88,3.02,2.86,2.98,0.1299999999999999,4.561403508771922,3682306.0
700,2018-10-23,2.98,3.0,2.93,2.95,-0.0299999999999998,-1.0067114093959662,2369600.0
700,2018-10-24,2.95,2.99,2.92,2.98,0.0299999999999998,1.0169491525423568,1676800.0
700,2018-10-25,2.93,2.96,2.88,2.94,-0.04,-1.342281879194629,1748200.0
700,2018-10-26,2.95,3.09,2.95,2.99,0.0500000000000002,1.7006802721088563,3241500.0
700,2018-10-29,2.97,2.97,2.92,2.95,-0.04,-1.3377926421404671,1606200.0
700,2018-10-30,2.96,3.0,2.92,2.97,0.02,0.6779661016949268,2110100.0
700,2018-10-31,3.01,3.08,3.0,3.04,0.0699999999999998,2.3569023569023573,4228485.0
700,2018-11-01,3.0,3.07,3.0,3.03,-0.0100000000000002,-0.328947368421062,3791742.0
700,2018-11-02,3.06,3.09,3.04,3.08,0.0500000000000002,1.650165016501659,3205819.0
700,2018-11-05,3.1,3.11,3.06,3.1,0.02,0.6493506493506551,3938053.0
700,2018-11-06,3.1,3.13,3.06,3.11,0.0099999999999997,0.3225806451612856,2614951.0
700,2018-11-07,3.11,3.15,3.1,3.11,0.0,0.0,2757300.0
700,2018-11-08,3.13,3.19,3.11,3.17,0.06,1.9292604501607744,4412976.0
700,2018-11-09,3.15,3.18,3.13,3.15,-0.02,-0.6309148264984188,1840600.0
700,2018-11-12,3.16,3.28,3.13,3.26,0.1099999999999998,3.4920634920634797,4577773.0
700,2018-11-13,3.23,3.55,3.22,3.37,0.1100000000000003,3.3742331288343586,11299931.0
700,2018-11-14,3.37,3.48,3.33,3.41,0.04,1.186943620178038,7496358.0
700,2018-11-15,3.4,3.46,3.38,3.42,0.0099999999999997,0.2932551319648091,4443672.0
700,2018-11-16,3.45,3.56,3.44,3.5,0.08,2.3391812865497075,8882060.0
700,2018-11-19,3.55,3.55,3.44,3.47,-0.0299999999999998,-0.8571428571428563,5833235.0
700,2018-11-20,3.43,3.5,3.38,3.4,-0.0700000000000002,-2.017291066282434,4533468.0
700,2018-11-21,3.38,3.45,3.33,3.45,0.0500000000000002,1.4705882352941346,3756947.0
700,2018-11-22,3.43,3.45,3.38,3.4,-0.0500000000000002,-1.449275362318847,3983521.0
700,2018-11-23,3.41,3.43,3.22,3.23,-0.1699999999999999,-4.999999999999993,5847736.0
700,2018-11-26,3.23,3.34,3.23,3.28,0.0499999999999998,1.5479876160990669,3369982.0
700,2018-11-27,3.28,3.34,3.22,3.28,0.0,0.0,2981100.0
700,2018-11-28,3.29,3.33,3.21,3.33,0.0500000000000002,1.5243902439024517,3192599.0
700,2018-11-29,3.33,3.34,3.23,3.24,-0.0899999999999998,-2.7027027027026973,3554300.0
700,2018-11-30,3.28,3.29,3.2,3.26,0.0199999999999995,0.6172839506172645,2835600.0
700,2018-12-03,3.32,3.43,3.31,3.4,0.1400000000000001,4.294478527607359,4757601.0
700,2018-12-04,3.37,3.45,3.37,3.44,0.04,1.17647058823529,4722402.0
700,2018-12-05,3.37,3.51,3.37,3.44,0.0,0.0,6101166.0
700,2018-12-06,3.42,3.44,3.34,3.35,-0.0899999999999998,-2.6162790697674354,4009800.0
700,2018-12-07,3.35,3.38,3.31,3.32,-0.0300000000000002,-0.8955223880597107,2020700.0
700,2018-12-10,3.3,3.31,3.27,3.3,-0.02,-0.6024096385542133,2396325.0
700,2018-12-11,3.34,3.34,3.24,3.27,-0.0299999999999998,-0.9090909090909038,3349545.0
700,2018-12-12,3.27,3.35,3.27,3.32,0.0499999999999998,1.5290519877675823,3861502.0
700,2018-12-13,3.31,3.35,3.29,3.31,-0.0099999999999997,-0.3012048192771011,4657262.0
700,2018-12-14,3.29,3.31,3.18,3.21,-0.1,-3.0211480362537846,3748300.0
700,2018-12-17,3.23,3.24,3.15,3.18,-0.0299999999999998,-0.9345794392523256,2483854.0
700,2018-12-18,3.16,3.19,3.11,3.13,-0.0500000000000002,-1.572327044025168,2233300.0
700,2018-12-19,3.15,3.15,3.09,3.1,-0.0299999999999998,-0.9584664536741117,1601100.0
700,2018-12-20,3.08,3.13,3.07,3.1,0.0,0.0,1579697.0
700,2018-12-21,3.1,3.1,3.03,3.06,-0.04,-1.2903225806451646,2034615.0
700,2018-12-24,3.08,3.09,3.05,3.07,0.0099999999999997,0.3267973856209138,1279215.0
700,2018-12-25,3.07,3.07,2.96,3.03,-0.04,-1.3029315960912058,2261419.0
700,2018-12-26,3.05,3.05,3.01,3.02,-0.0099999999999997,-0.3300330033003229,1492200.0
700,2018-12-27,3.06,3.08,2.91,2.93,-0.0899999999999998,-2.980132450331119,4564800.0
700,2018-12-28,2.95,2.97,2.93,2.95,0.02,0.6825938566553003,1831484.0
700,2019-01-02,2.96,2.96,2.93,2.95,0.0,0.0,1130000.0
700,2019-01-03,2.95,2.98,2.92,2.95,0.0,0.0,1685614.0
700,2019-01-04,2.92,3.04,2.92,3.03,0.0799999999999996,2.7118644067796405,2487602.0
700,2019-01-07,3.07,3.12,3.03,3.1,0.0700000000000002,2.310231023102327,3953100.0
700,2019-01-08,3.11,3.12,3.07,3.08,-0.02,-0.6451612903225823,2186100.0
700,2019-01-09,3.09,3.26,3.09,3.2,0.1200000000000001,3.896103896103909,7480075.0
700,2019-01-10,3.18,3.2,3.14,3.15,-0.0500000000000002,-1.562500000000011,4331935.0
700,2019-01-11,3.17,3.2,3.14,3.18,0.0300000000000002,0.9523809523809712,2837662.0
700,2019-01-14,3.18,3.19,3.14,3.15,-0.0300000000000002,-0.9433962264151052,2222500.0
700,2019-01-15,3.14,3.17,3.12,3.17,0.02,0.6349206349206327,2918100.0
700,2019-01-16,3.15,3.18,3.13,3.16,-0.0099999999999997,-0.3154574132492094,2142800.0
700,2019-01-17,3.16,3.18,3.13,3.14,-0.02,-0.6329113924050667,1569800.0
700,2019-01-18,3.14,3.17,3.12,3.15,0.0099999999999997,0.3184713375796066,2130059.0
700,2019-01-21,3.15,3.18,3.13,3.15,0.0,0.0,2097600.0
700,2019-01-22,3.14,3.19,3.13,3.15,0.0,0.0,3180500.0
700,2019-01-23,3.16,3.17,3.12,3.15,0.0,0.0,2923200.0
700,2019-01-24,3.15,3.19,3.12,3.17,0.02,0.6349206349206327,2697593.0
700,2019-01-25,3.16,3.17,3.12,3.12,-0.0499999999999998,-1.577287066246047,2631909.0
700,2019-01-28,3.15,3.15,3.07,3.1,-0.02,-0.6410256410256387,2353500.0
700,2019-01-29,3.05,3.06,2.94,2.98,-0.1200000000000001,-3.870967741935482,2706820.0
700,2019-01-30,2.97,3.0,2.92,2.95,-0.0299999999999998,-1.0067114093959662,1817200.0
700,2019-01-31,2.96,2.97,2.87,2.88,-0.0700000000000002,-2.3728813559322104,2626275.0
700,2019-02-01,2.9,2.97,2.89,2.97,0.0900000000000003,3.125,1701067.0
700,2019-02-11,2.97,3.03,2.96,3.02,0.0499999999999998,1.683501683501687,1992255.0
700,2019-02-12,3.13,3.32,3.13,3.32,0.2999999999999998,9.93377483443707,9727545.0
700,2019-02-13,3.43,3.46,3.27,3.31,-0.0099999999999997,-0.3012048192771011,20184603.0
700,2019-02-14,3.26,3.29,3.21,3.27,-0.04,-1.2084592145015116,11115202.0
700,2019-02-15,3.24,3.32,3.23,3.26,-0.0100000000000002,-0.3058103975535187,8780430.0
700,2019-02-18,3.25,3.37,3.23,3.35,0.0900000000000003,2.7607361963190247,10476874.0
700,2019-02-19,3.34,3.39,3.3,3.33,-0.02,-0.5970149253731294,9278578.0
700,2019-02-20,3.33,3.36,3.27,3.33,0.0,0.0,7458466.0
700,2019-02-21,3.33,3.48,3.3,3.37,0.04,1.2012012012011963,16213661.0
700,2019-02-22,3.35,3.56,3.32,3.5,0.1299999999999999,3.857566765578624,18691358.0
700,2019-02-25,3.49,3.68,3.46,3.64,0.1400000000000001,4.0000000000000036,21074487.0
700,2019-02-26,3.64,3.65,3.54,3.55,-0.0900000000000003,-2.472527472527486,18903611.0
700,2019-02-27,3.56,3.62,3.52,3.56,0.0100000000000002,0.28169014084507,10950664.0
700,2019-02-28,3.56,3.67,3.54,3.6,0.04,1.1235955056179805,13872810.0
700,2019-03-01,3.6,3.62,3.53,3.59,-0.0100000000000002,-0.2777777777777879,9908834.0
700,2019-03-04,3.64,3.68,3.59,3.61,0.02,0.557103064066844,16388456.0
700,2019-03-05,3.6,3.74,3.58,3.71,0.1,2.7700831024930705,15900461.0
700,2019-03-06,3.75,3.93,3.72,3.84,0.1299999999999999,3.5040431266846417,26411951.0
700,2019-03-07,3.83,4.03,3.78,3.97,0.1300000000000003,3.385416666666674,20505803.0
700,2019-03-08,3.9,3.92,3.67,3.68,-0.29,-7.304785894206544,18781035.0
700,2019-03-11,3.71,3.86,3.71,3.85,0.1699999999999999,4.619565217391308,12887049.0
700,2019-03-12,3.89,3.97,3.86,3.91,0.06,1.558441558441559,14140072.0
700,2019-03-13,3.94,4.05,3.85,3.88,-0.0300000000000002,-0.7672634271099765,18457430.0
700,2019-03-14,3.86,3.87,3.65,3.75,-0.1299999999999999,-3.350515463917525,11628003.0
700,2019-03-15,3.78,3.83,3.68,3.75,0.0,0.0,9612200.0
700,2019-03-18,3.75,3.87,3.72,3.87,0.1200000000000001,3.200000000000003,9446168.0
700,2019-03-19,3.86,3.92,3.8,3.84,-0.0300000000000002,-0.7751937984496138,8671372.0
700,2019-03-20,3.81,3.87,3.77,3.87,0.0300000000000002,0.78125,8569300.0
700,2019-03-21,3.86,4.03,3.84,3.97,0.1,2.5839793281653867,16175668.0
700,2019-03-22,3.95,4.09,3.92,4.04,0.0699999999999998,1.76322418136019,14828029.0
700,2019-03-25,3.99,4.1,3.95,4.04,0.0,0.0,11847117.0
700,2019-03-26,4.02,4.06,3.82,3.84,-0.2000000000000001,-4.950495049504955,13350629.0
700,2019-03-27,3.84,3.88,3.79,3.83,-0.0099999999999997,-0.2604166666666629,7139906.0
700,2019-03-28,3.84,3.87,3.76,3.79,-0.04,-1.0443864229765063,7941039.0
700,2019-03-29,3.77,3.88,3.76,3.86,0.0699999999999998,1.846965699208436,6953322.0
700,2019-04-01,3.88,4.05,3.88,3.99,0.1300000000000003,3.3678756476684057,11476358.0
700,2019-04-02,4.02,4.03,3.94,3.99,0.0,0.0,10174800.0
700,2019-04-03,3.96,4.04,3.93,4.03,0.04,1.0025062656641603,10008920.0
700,2019-04-04,4.03,4.25,4.02,4.16,0.1299999999999999,3.2258064516129004,21077285.0
700,2019-04-08,4.18,4.23,4.04,4.08,-0.08,-1.9230769230769271,12231813.0
700,2019-04-09,4.06,4.14,4.02,4.05,-0.0300000000000002,-0.7352941176470673,9513021.0
700,2019-04-10,4.03,4.16,4.01,4.15,0.1000000000000005,2.4691358024691468,12660261.0
700,2019-04-11,4.12,4.39,4.02,4.26,0.1099999999999994,2.650602409638547,33596689.0
700,2019-04-12,4.2,4.23,4.04,4.09,-0.1699999999999999,-3.9906103286385,19201734.0
700,2019-04-15,4.15,4.23,4.1,4.19,0.1000000000000005,2.444987775061147,16989543.0
700,2019-04-16,4.15,4.2,4.03,4.2,0.0099999999999997,0.2386634844868673,14373510.0
700,2019-04-17,4.24,4.41,4.22,4.38,0.1799999999999997,4.2857142857142705,32588109.0
700,2019-04-18,4.35,4.82,4.31,4.55,0.1699999999999999,3.8812785388127935,52275739.0
700,2019-04-19,4.5,4.95,4.43,4.93,0.3799999999999999,8.351648351648343,48247198.0
700,2019-04-22,4.86,4.86,4.58,4.6,-0.33,-6.693711967545646,34444753.0
700,2019-04-23,4.59,4.65,4.35,4.39,-0.2099999999999999,-4.565217391304344,21538105.0
700,2019-04-24,4.42,4.56,4.34,4.51,0.1200000000000001,2.733485193621865,17959257.0
700,2019-04-25,4.46,4.46,4.15,4.17,-0.3399999999999998,-7.538802660753873,23246504.0
700,2019-04-26,4.05,4.21,4.04,4.08,-0.0899999999999998,-2.1582733812949617,12148747.0
700,2019-04-29,4.13,4.21,3.9,3.98,-0.1,-2.450980392156865,14842446.0
700,2019-04-30,4.0,4.17,3.98,4.15,0.1700000000000003,4.271356783919611,11427233.0
700,2019-05-06,4.03,4.03,3.74,3.74,-0.4100000000000001,-9.879518072289162,15383122.0
700,2019-05-07,3.76,3.81,3.61,3.71,-0.0300000000000002,-0.8021390374331583,10972348.0
700,2019-05-08,3.64,3.77,3.58,3.76,0.0499999999999998,1.3477088948786964,8967790.0
700,2019-05-09,3.68,3.83,3.62,3.81,0.0500000000000002,1.3297872340425565,10972800.0
700,2019-05-10,3.82,3.95,3.76,3.95,0.1400000000000001,3.6745406824147064,13036240.0
700,2019-05-13,3.89,3.92,3.83,3.88,-0.0700000000000002,-1.7721518987341869,7137116.0
700,2019-05-14,3.83,3.89,3.8,3.84,-0.04,-1.0309278350515427,5170551.0
700,2019-05-15,3.85,3.91,3.84,3.9,0.06,1.5625,6595300.0
700,2019-05-16,3.91,4.08,3.91,4.01,0.1099999999999998,2.8205128205128105,10294940.0
700,2019-05-17,4.0,4.01,3.77,3.79,-0.2199999999999997,-5.486284289276799,9259900.0
700,2019-05-20,3.81,3.89,3.76,3.83,0.04,1.055408970976246,5802223.0
700,2019-05-21,3.82,3.92,3.82,3.9,0.0699999999999998,1.827676240208875,8376631.0
700,2019-05-22,3.88,3.93,3.83,3.89,-0.0099999999999997,-0.2564102564102555,4918289.0
700,2019-05-23,3.84,3.88,3.66,3.66,-0.2299999999999999,-5.9125964010282805,9195406.0
700,2019-05-24,3.66,3.77,3.64,3.66,0.0,0.0,8121999.0
700,2019-05-27,3.7,3.8,3.67,3.79,0.1299999999999999,3.551912568306004,6071300.0
700,2019-05-28,3.79,3.9,3.77,3.82,0.0299999999999998,0.79155672823219,7193200.0
700,2019-05-29,3.82,3.88,3.79,3.82,0.0,0.0,4218100.0
700,2019-05-30,3.82,3.85,3.76,3.85,0.0300000000000002,0.7853403141361293,6234070.0
700,2019-05-31,3.84,3.86,3.77,3.79,-0.06,-1.558441558441559,5743700.0
700,2019-06-03,3.8,3.81,3.67,3.71,-0.08,-2.110817941952503,5027500.0
700,2019-06-04,3.71,3.75,3.64,3.68,-0.0299999999999998,-0.8086253369272156,3897304.0
700,2019-06-05,3.72,3.76,3.66,3.7,0.02,0.5434782608695565,4251100.0
700,2019-06-06,3.67,3.7,3.5,3.55,-0.1500000000000003,-4.054054054054069,6489423.0
700,2019-06-10,3.54,3.62,3.54,3.59,0.04,1.1267605633802802,3716700.0
700,2019-06-11,3.6,3.77,3.59,3.75,0.1600000000000001,4.456824512534818,6217820.0
700,2019-06-12,3.73,3.86,3.72,3.79,0.04,1.0666666666666602,5270600.0
700,2019-06-13,3.77,3.81,3.72,3.8,0.0099999999999997,0.2638522427440559,4815703.0
700,2019-06-14,3.79,3.8,3.66,3.69,-0.1099999999999998,-2.894736842105261,3909600.0
700,2019-06-17,3.69,3.69,3.62,3.65,-0.04,-1.084010840108407,3671349.0
700,2019-06-18,3.64,3.72,3.63,3.67,0.02,0.5479452054794498,3786698.0
700,2019-06-19,3.71,3.77,3.71,3.74,0.0700000000000002,1.9073569482289,4912438.0
700,2019-06-20,3.75,3.82,3.72,3.78,0.0399999999999995,1.0695187165775222,6087047.0
700,2019-06-21,3.79,3.87,3.79,3.84,0.06,1.5873015873015817,6355316.0
700,2019-06-24,3.85,3.89,3.8,3.88,0.04,1.041666666666674,5469301.0
700,2019-06-25,3.88,3.88,3.76,3.81,-0.0699999999999998,-1.8041237113402,4429182.0
700,2019-06-26,3.79,3.87,3.76,3.87,0.06,1.5748031496062964,4103600.0
700,2019-06-27,3.88,3.92,3.81,3.83,-0.04,-1.033591731266148,5727500.0
700,2019-06-28,3.84,3.84,3.75,3.78,-0.0500000000000002,-1.3054830287206332,3946945.0
700,2019-07-01,3.83,3.87,3.81,3.87,0.0900000000000003,2.3809523809523947,6725171.0
700,2019-07-02,3.88,3.88,3.84,3.85,-0.02,-0.5167958656330796,4744425.0
700,2019-07-03,3.86,3.86,3.78,3.81,-0.04,-1.0389610389610393,3463549.0
700,2019-07-04,3.8,3.84,3.8,3.8,-0.0100000000000002,-0.2624671916010568,3083568.0
700,2019-07-05,3.83,3.84,3.79,3.82,0.02,0.5263157894736858,2857666.0
700,2019-07-08,3.83,3.83,3.64,3.65,-0.1699999999999999,-4.450261780104714,4921095.0
700,2019-07-09,3.65,3.69,3.63,3.68,0.0300000000000002,0.8219178082191858,2320802.0
700,2019-07-10,3.69,3.7,3.6,3.63,-0.0500000000000002,-1.3586956521739246,3163200.0
700,2019-07-11,3.63,3.72,3.63,3.65,0.02,0.5509641873278293,2590568.0
700,2019-07-12,3.7,3.8,3.7,3.74,0.0900000000000003,2.465753424657535,7436769.0
700,2019-07-15,3.69,3.75,3.62,3.75,0.0099999999999997,0.2673796791443861,5131139.0
700,2019-07-16,3.76,3.76,3.72,3.74,-0.0099999999999997,-0.2666666666666595,4224841.0
700,2019-07-17,3.73,3.88,3.72,3.81,0.0699999999999998,1.8716577540106805,9772312.0
700,2019-07-18,3.8,3.85,3.75,3.84,0.0299999999999998,0.7874015748031482,6961120.0
700,2019-07-19,3.83,3.9,3.81,3.82,-0.02,-0.520833333333337,6878868.0
700,2019-07-22,3.82,3.85,3.71,3.72,-0.0999999999999996,-2.617801047120405,4976300.0
700,2019-07-23,3.72,3.87,3.72,3.86,0.1399999999999996,3.7634408602150504,5411908.0
700,2019-07-24,3.86,3.9,3.84,3.88,0.02,0.5181347150259086,10005720.0
700,2019-07-25,3.75,3.75,3.7,3.72,-0.1599999999999997,-4.123711340206182,8593212.0
700,2019-07-26,3.7,3.72,3.66,3.66,-0.06,-1.6129032258064502,5328300.0
700,2019-07-29,3.67,3.69,3.65,3.66,0.0,0.0,4160920.0
700,2019-07-30,3.68,3.71,3.64,3.66,0.0,0.0,4098936.0
700,2019-07-31,3.66,3.66,3.59,3.59,-0.0700000000000002,-1.9125683060109424,3927616.0
700,2019-08-01,3.59,3.61,3.53,3.55,-0.04,-1.11420612813371,3753000.0
700,2019-08-02,3.5,3.53,3.42,3.46,-0.0899999999999998,-2.5352112676056304,5741425.0
700,2019-08-05,3.41,3.46,3.38,3.39,-0.0699999999999998,-2.023121387283233,4142840.0
700,2019-08-06,3.34,3.34,3.12,3.24,-0.1499999999999999,-4.424778761061942,7682578.0
700,2019-08-07,3.26,3.33,3.25,3.32,0.0799999999999996,2.469135802469125,3783670.0
700,2019-08-08,3.29,3.35,3.27,3.27,-0.0499999999999998,-1.5060240963855387,2352143.0
700,2019-08-09,3.32,3.34,3.25,3.27,0.0,0.0,2979284.0
700,2019-08-12,3.29,3.32,3.28,3.32,0.0499999999999998,1.5290519877675823,1952900.0
700,2019-08-13,3.33,3.33,3.28,3.3,-0.02,-0.6024096385542133,1631367.0
700,2019-08-14,3.33,3.35,3.29,3.3,0.0,0.0,2341700.0
700,2019-08-15,3.26,3.29,3.2,3.29,-0.0099999999999997,-0.3030303030302939,2539800.0
700,2019-08-16,3.29,3.31,3.25,3.28,-0.0100000000000002,-0.3039513677811634,2713700.0
700,2019-08-19,3.3,3.36,3.28,3.36,0.08,2.4390243902439046,4776376.0
700,2019-08-20,3.37,3.42,3.36,3.39,0.0300000000000002,0.8928571428571397,4432116.0
700,2019-08-21,3.37,3.4,3.35,3.37,-0.02,-0.5899705014749235,2493900.0
700,2019-08-22,3.39,3.39,3.34,3.37,0.0,0.0,2338000.0
700,2019-08-23,3.38,3.39,3.35,3.37,0.0,0.0,2967600.0
700,2019-08-26,3.32,3.41,3.28,3.41,0.04,1.186943620178038,4812144.0
700,2019-08-27,3.4,3.47,3.39,3.46,0.0499999999999998,1.4662756598240456,5317289.0
700,2019-08-28,3.49,3.55,3.45,3.5,0.04,1.1560693641618602,5572920.0
700,2019-08-29,3.53,3.53,3.45,3.45,-0.0499999999999998,-1.4285714285714235,5335100.0
700,2019-08-30,3.47,3.47,3.36,3.38,-0.0700000000000002,-2.0289855072463836,4903943.0
700,2019-09-02,3.37,3.47,3.36,3.46,0.08,2.366863905325456,3542474.0
700,2019-09-03,3.46,3.5,3.44,3.46,0.0,0.0,3141700.0
700,2019-09-04,3.46,3.49,3.43,3.48,0.02,0.5780346820809301,3970851.0
700,2019-09-05,3.5,3.54,3.48,3.49,0.0100000000000002,0.287356321839094,6833549.0
700,2019-09-06,3.5,3.52,3.45,3.5,0.0099999999999997,0.2865329512893977,4458623.0
700,2019-09-09,3.52,3.55,3.5,3.55,0.0499999999999998,1.4285714285714235,5752280.0
700,2019-09-10,3.54,3.56,3.52,3.55,0.0,0.0,4979600.0
700,2019-09-11,3.54,3.61,3.54,3.56,0.0100000000000002,0.28169014084507,6398200.0
700,2019-09-12,3.56,3.59,3.54,3.58,0.02,0.561797752808979,3699700.0
700,2019-09-16,3.59,3.6,3.54,3.55,-0.0300000000000002,-0.8379888268156499,4121303.0
700,2019-09-17,3.56,3.56,3.44,3.46,-0.0899999999999998,-2.5352112676056304,5903300.0
700,2019-09-18,3.48,3.51,3.45,3.47,0.0100000000000002,0.2890173410404761,2755936.0
700,2019-09-19,3.48,3.49,3.43,3.49,0.02,0.5763688760807018,2488300.0
700,2019-09-20,3.49,3.54,3.48,3.49,0.0,0.0,4003789.0
700,2019-09-23,3.52,3.84,3.49,3.84,0.3499999999999996,10.02865329512892,41586167.0
700,2019-09-24,3.98,4.22,3.98,4.22,0.3799999999999999,9.895833333333323,86084597.0
700,2019-09-25,3.99,4.16,3.88,3.9,-0.3199999999999998,-7.582938388625592,56884321.0
700,2019-09-26,3.92,4.28,3.92,4.1,0.1999999999999997,5.128205128205132,56026233.0
700,2019-09-27,4.0,4.11,3.69,4.01,-0.0899999999999998,-2.195121951219514,40012713.0
700,2019-09-30,3.99,4.05,3.73,3.74,-0.2699999999999996,-6.733167082294256,27837185.0
700,2019-10-08,3.76,4.11,3.74,4.11,0.3700000000000001,9.89304812834224,20206690.0
700,2019-10-09,4.25,4.5,4.13,4.23,0.1200000000000001,2.9197080291970767,64448662.0
700,2019-10-10,4.27,4.56,4.24,4.4,0.1699999999999999,4.018912529550822,55044863.0
700,2019-10-11,4.28,4.34,4.18,4.19,-0.2099999999999999,-4.772727272727273,38936260.0
700,2019-10-14,4.2,4.35,4.13,4.32,0.1299999999999999,3.1026252983293423,33262094.0
700,2019-10-15,4.3,4.55,4.23,4.3,-0.0200000000000004,-0.4629629629629761,41154385.0
700,2019-10-16,4.29,4.31,4.12,4.19,-0.1099999999999994,-2.5581395348837077,24991118.0
700,2019-10-17,4.16,4.19,3.97,4.08,-0.1100000000000003,-2.6252983293556187,21312354.0
700,2019-10-18,4.09,4.25,4.04,4.1,0.0199999999999995,0.4901960784313708,21153743.0
700,2019-10-21,4.03,4.07,3.86,3.93,-0.1699999999999994,-4.146341463414627,21492327.0
700,2019-10-22,3.94,3.97,3.86,3.94,0.0099999999999997,0.2544529262086481,12071566.0
700,2019-10-23,3.92,3.96,3.87,3.88,-0.06,-1.5228426395939132,10047541.0
700,2019-10-24,3.87,3.91,3.85,3.85,-0.0299999999999998,-0.773195876288657,8753074.0
700,2019-10-25,3.89,4.06,3.86,4.02,0.1699999999999994,4.415584415584406,20188064.0
700,2019-10-28,3.96,4.05,3.96,4.03,0.0100000000000006,0.2487562189054992,14315969.0
700,2019-10-29,4.03,4.04,3.86,3.87,-0.1600000000000001,-3.970223325062039,15908497.0
700,2019-10-30,3.85,3.87,3.72,3.75,-0.1200000000000001,-3.100775193798455,11049533.0
700,2019-10-31,3.75,3.92,3.75,3.82,0.0699999999999998,1.866666666666661,11563402.0
700,2019-11-01,3.8,3.9,3.77,3.85,0.0300000000000002,0.7853403141361293,8698600.0
700,2019-11-04,3.9,3.9,3.8,3.82,-0.0300000000000002,-0.7792207792207906,7571200.0
700,2019-11-05,3.8,3.85,3.76,3.82,0.0,0.0,6689100.0
700,2019-11-06,3.84,3.87,3.77,3.8,-0.02,-0.5235602094240788,7212927.0
700,2019-11-07,3.77,3.83,3.76,3.8,0.0,0.0,5248080.0
700,2019-11-08,3.81,3.96,3.81,3.86,0.06,1.5789473684210575,13480427.0
700,2019-11-11,3.83,3.84,3.66,3.68,-0.1799999999999997,-4.663212435233155,11722480.0
700,2019-11-12,3.66,3.7,3.59,3.7,0.02,0.5434782608695565,7566465.0
700,2019-11-13,3.66,3.7,3.64,3.69,-0.0100000000000002,-0.2702702702702786,4779500.0
700,2019-11-14,3.62,3.74,3.62,3.72,0.0300000000000002,0.8130081300813163,5897425.0
700,2019-11-15,3.73,3.74,3.65,3.66,-0.06,-1.6129032258064502,3854209.0
700,2019-11-18,3.66,3.73,3.64,3.72,0.06,1.6393442622950838,3443921.0
700,2019-11-19,3.73,3.8,3.69,3.8,0.0799999999999996,2.1505376344086,7123627.0
700,2019-11-20,3.82,4.06,3.78,3.98,0.1800000000000001,4.736842105263173,28690232.0
700,2019-11-21,3.92,3.95,3.87,3.89,-0.0899999999999998,-2.2613065326633097,11731858.0
700,2019-11-22,3.88,3.97,3.82,3.87,-0.02,-0.5141388174807249,9199543.0
700,2019-11-25,3.92,3.93,3.81,3.88,0.0099999999999997,0.2583979328165231,6090438.0
700,2019-11-26,3.88,3.94,3.83,3.93,0.0500000000000002,1.2886597938144506,6675293.0
700,2019-11-27,3.91,3.92,3.83,3.85,-0.08,-2.0356234096692183,6905446.0
700,2019-11-28,3.84,3.91,3.83,3.87,0.02,0.5194805194805197,5071225.0
700,2019-11-29,3.88,3.88,3.82,3.84,-0.0300000000000002,-0.7751937984496138,4325502.0
700,2019-12-02,3.85,3.86,3.73,3.73,-0.1099999999999998,-2.864583333333326,8038474.0
700,2019-12-03,3.71,3.77,3.68,3.76,0.0299999999999998,0.8042895442359255,5161124.0
700,2019-12-04,3.74,3.91,3.72,3.89,0.1300000000000003,3.457446808510656,11458417.0
700,2019-12-05,3.9,3.98,3.86,3.97,0.08,2.0565552699228773,14725556.0
700,2019-12-06,3.96,3.96,3.89,3.94,-0.0300000000000002,-0.7556675062972307,8720000.0
700,2019-12-09,3.93,4.0,3.92,3.96,0.02,0.50761421319796,8038043.0
700,2019-12-10,3.93,3.94,3.88,3.93,-0.0299999999999998,-0.7575757575757569,7806420.0
700,2019-12-11,3.91,4.06,3.89,4.05,0.1199999999999996,3.0534351145037997,21344759.0
700,2019-12-12,4.03,4.08,3.98,4.0,-0.0499999999999998,-1.2345679012345625,14304943.0
700,2019-12-13,4.0,4.03,3.97,4.02,0.0199999999999995,0.4999999999999893,10102749.0
700,2019-12-16,4.04,4.05,3.97,4.05,0.0300000000000002,0.7462686567164312,12852254.0
700,2019-12-17,4.04,4.09,4.01,4.08,0.0300000000000002,0.7407407407407529,15316859.0
700,2019-12-18,4.06,4.08,4.01,4.01,-0.0700000000000002,-1.715686274509809,12583885.0
700,2019-12-19,4.0,4.06,3.96,4.04,0.0300000000000002,0.7481296758104827,12483697.0
700,2019-12-20,4.02,4.16,4.0,4.08,0.04,0.990099009900991,17109315.0
700,2019-12-23,4.1,4.13,4.01,4.01,-0.0700000000000002,-1.715686274509809,14324890.0
700,2019-12-24,4.0,4.04,3.97,4.03,0.0200000000000004,0.4987531172069959,9885503.0
700,2019-12-25,4.01,4.12,4.01,4.08,0.0499999999999998,1.2406947890818865,10451318.0
700,2019-12-26,4.09,4.09,4.0,4.04,-0.04,-0.9803921568627416,12221066.0
700,2019-12-27,4.05,4.05,3.93,3.94,-0.1,-2.4752475247524774,17181995.0
700,2019-12-30,3.94,3.96,3.83,3.94,0.0,0.0,8903064.0
700,2019-12-31,3.92,3.97,3.9,3.93,-0.0099999999999997,-0.25380710659898,5958123.0
700,2020-01-02,3.96,4.06,3.96,4.05,0.1199999999999996,3.0534351145037997,12963300.0
700,2020-01-03,4.08,4.12,4.04,4.09,0.04,0.9876543209876631,12546004.0
700,2020-01-06,4.09,4.34,4.06,4.23,0.1400000000000005,3.4229828850855792,32157611.0
700,2020-01-07,4.55,4.65,4.55,4.65,0.4199999999999999,9.92907801418439,12960250.0
700,2020-01-08,5.12,5.12,4.98,5.12,0.4699999999999997,10.10752688172043,29160758.0
700,2020-01-09,5.63,5.63,5.63,5.63,0.5099999999999998,9.9609375,5274924.0
700,2020-01-10,6.17,6.17,5.37,5.93,0.2999999999999998,5.328596802841923,155926266.0
700,2020-01-13,6.34,6.52,6.29,6.52,0.5899999999999999,9.94940978077572,113661471.0
700,2020-01-14,7.17,7.17,6.31,6.31,-0.2099999999999999,-3.220858895705525,116486505.0
700,2020-01-15,6.45,6.94,6.4,6.94,0.6300000000000008,9.984152139461177,155916215.0
700,2020-01-16,6.7,7.63,6.6,7.63,0.6899999999999995,9.942363112391917,108733895.0
700,2020-01-17,8.15,8.39,7.74,8.39,0.7600000000000007,9.960681520314552,199443669.0
700,2020-01-20,8.55,9.23,8.55,9.23,0.8399999999999999,10.011918951132293,107701627.0
700,2020-01-21,9.51,10.15,9.51,10.15,0.92,9.967497291440951,127834380.0
700,2020-01-22,10.58,11.17,9.65,11.17,1.0199999999999996,10.049261083743843,189596479.0
700,2020-01-23,11.0,12.29,10.7,12.29,1.1199999999999992,10.0268576544315,178210837.0
700,2020-02-03,11.2,12.27,11.06,11.06,-1.2299999999999986,-10.008136696501213,153214495.0
700,2020-02-04,11.59,12.17,11.53,12.17,1.1099999999999994,10.036166365280286,122208865.0
700,2020-02-05,13.39,13.39,13.05,13.39,1.2200000000000006,10.024650780608058,40399268.0
700,2020-02-06,13.5,14.73,13.33,14.73,1.34,10.007468259895449,148250677.0
700,2020-02-07,15.7,16.2,13.96,14.24,-0.4900000000000002,-3.3265444670739996,290283882.0
700,2020-02-10,13.68,15.66,13.68,15.66,1.42,9.971910112359538,233508563.0
700,2020-02-11,16.11,16.5,14.09,14.09,-1.5700000000000005,-10.025542784163475,225535443.0
700,2020-02-12,12.75,14.38,12.75,13.58,-0.5099999999999998,-3.619588360539383,169614272.0
700,2020-02-13,13.32,14.8,12.8,14.11,0.5299999999999994,3.902798232695126,220149140.0
700,2020-02-14,13.8,14.45,13.44,13.51,-0.5999999999999996,-4.252303330970941,174516294.0
700,2020-02-17,12.96,13.87,12.95,13.71,0.200000000000001,1.4803849000740277,152095525.0
700,2020-02-18,13.82,14.97,13.82,14.18,0.4699999999999988,3.428154631655711,206394741.0
700,2020-02-19,14.4,15.6,14.1,15.6,1.42,10.014104372355437,269261416.0
700,2020-02-20,14.8,15.77,14.18,14.54,-1.0600000000000005,-6.794871794871793,251373418.0
700,2020-02-21,13.86,14.89,13.58,14.1,-0.4399999999999995,-3.0261348005502064,193834363.0
700,2020-02-24,13.8,14.5,13.8,14.01,-0.0899999999999998,-0.6382978723404209,134387181.0
700,2020-02-25,13.51,14.14,12.75,13.81,-0.1999999999999993,-1.4275517487508882,179394028.0
700,2020-02-26,13.42,13.63,12.43,12.43,-1.3800000000000008,-9.992758870383788,146471094.0
700,2020-02-27,12.11,12.32,11.76,12.02,-0.4100000000000001,-3.2984714400643655,100655682.0
700,2020-02-28,11.4,11.43,10.82,10.88,-1.1399999999999988,-9.484193011647246,123313754.0
700,2020-03-02,11.19,11.65,10.9,11.29,0.4099999999999983,3.7683823529411686,95643496.0
700,2020-03-03,11.82,12.42,11.6,12.42,1.1300000000000008,10.008857395925608,191600863.0
700,2020-03-04,11.96,12.39,11.29,11.97,-0.4499999999999993,-3.6231884057970953,158877445.0
700,2020-03-05,12.09,12.94,11.77,12.59,0.6199999999999992,5.179615705931484,175664377.0
700,2020-03-06,12.05,13.85,11.8,13.67,1.08,8.57823669579032,227537274.0
700,2020-03-09,13.0,13.85,12.3,12.3,-1.3699999999999992,-10.021945866861737,187089501.0
700,2020-03-10,11.16,12.41,11.1,11.98,-0.3200000000000003,-2.601626016260161,134928067.0
700,2020-03-11,12.0,12.34,11.58,11.59,-0.3900000000000005,-3.255425709515869,101283285.0
700,2020-03-12,11.1,11.55,10.5,10.8,-0.7899999999999991,-6.816220880069013,92440998.0
700,2020-03-13,10.01,10.57,9.85,10.5,-0.3000000000000007,-2.777777777777779,92122543.0
700,2020-03-16,10.52,10.68,9.45,9.45,-1.0500000000000007,-10.000000000000009,94955008.0
700,2020-03-17,9.75,10.4,9.63,10.4,0.9500000000000012,10.052910052910068,152441118.0
700,2020-03-18,10.61,10.68,9.8,9.93,-0.4700000000000006,-4.519230769230775,150164368.0
700,2020-03-19,9.92,10.1,9.66,10.06,0.1300000000000007,1.309164149043318,89985331.0
700,2020-03-20,10.39,10.63,9.74,9.91,-0.1500000000000003,-1.491053677932408,92502119.0
700,2020-03-23,9.3,9.4,8.92,8.92,-0.9900000000000002,-9.989909182643796,76877574.0
700,2020-03-24,9.1,9.19,8.52,9.01,0.0899999999999998,1.008968609865479,76266225.0
700,2020-03-25,9.44,9.66,9.23,9.34,0.33,3.662597114317423,81090235.0
700,2020-03-26,9.23,10.0,9.23,9.38,0.0400000000000009,0.4282655246252709,99573952.0
700,2020-03-27,9.51,9.58,8.91,8.94,-0.4400000000000013,-4.690831556503216,71201317.0
700,2020-03-30,8.82,9.08,8.41,8.74,-0.1999999999999993,-2.237136465324374,58648140.0
700,2020-03-31,8.88,8.93,8.48,8.51,-0.2300000000000004,-2.6315789473684292,48033329.0
700,2020-04-01,8.66,8.97,8.55,8.61,0.0999999999999996,1.1750881316098694,69916491.0
700,2020-04-02,8.47,9.15,8.38,9.11,0.5,5.807200929152145,88264555.0
700,2020-04-03,9.15,9.17,8.75,8.88,-0.2299999999999986,-2.524698133918757,69716164.0
700,2020-04-07,9.14,9.62,8.9,9.51,0.629999999999999,7.094594594594583,119986092.0
700,2020-04-08,9.38,9.38,9.18,9.26,-0.25,-2.628811777076756,74835855.0
700,2020-04-09,9.28,9.44,9.18,9.44,0.1799999999999997,1.943844492440605,64482971.0
700,2020-04-10,9.44,9.44,8.9,8.94,-0.5,-5.296610169491522,53090890.0
700,2020-04-13,8.7,8.8,8.6,8.72,-0.2199999999999988,-2.460850111856816,25942864.0
700,2020-04-14,9.01,9.3,9.01,9.25,0.5299999999999994,6.077981651376141,77094058.0
700,2020-04-15,9.2,9.4,9.0,9.0,-0.25,-2.7027027027026973,79621129.0
700,2020-04-16,8.76,8.98,8.72,8.79,-0.2100000000000008,-2.333333333333343,50456611.0
700,2020-04-17,8.9,9.08,8.7,8.77,-0.0199999999999995,-0.227531285551763,49178625.0
700,2020-04-20,8.53,8.82,8.53,8.79,0.0199999999999995,0.2280501710376192,33139708.0
700,2020-04-21,8.71,8.76,8.54,8.66,-0.129999999999999,-1.4789533560864545,30270589.0
700,2020-04-22,8.58,8.79,8.5,8.67,0.0099999999999997,0.1154734411085378,28718007.0
700,2020-04-23,8.75,8.77,8.4,8.41,-0.2599999999999998,-2.9988465974625123,37436691.0
700,2020-04-24,8.44,8.56,8.01,8.12,-0.2900000000000009,-3.4482758620689724,39510421.0
700,2020-04-27,8.22,8.24,7.95,8.09,-0.0299999999999993,-0.3694581280788145,24233572.0
700,2020-04-28,8.15,8.19,7.58,8.09,0.0,0.0,40110394.0
700,2020-04-29,7.95,8.08,7.68,7.77,-0.3200000000000003,-3.95550061804697,37362951.0
700,2020-04-30,7.99,8.24,7.9,8.09,0.3200000000000003,4.118404118404118,51277757.0
700,2020-05-06,7.96,8.46,7.93,8.35,0.2599999999999998,3.213844252163156,58117348.0
700,2020-05-07,8.3,8.32,8.12,8.14,-0.209999999999999,-2.5149700598802283,39865891.0
700,2020-05-08,8.2,8.41,8.14,8.29,0.1499999999999985,1.842751842751822,46741546.0
700,2020-05-11,8.34,8.43,8.16,8.21,-0.0799999999999983,-0.9650180940892428,36664270.0
700,2020-05-12,8.21,9.03,8.13,9.03,0.8199999999999985,9.987819732034088,119108807.0
700,2020-05-13,8.95,8.95,8.62,8.76,-0.2699999999999996,-2.9900332225913595,92317772.0
700,2020-05-14,8.6,8.69,8.45,8.56,-0.1999999999999993,-2.283105022831045,56756112.0
700,2020-05-15,8.6,8.65,8.42,8.47,-0.0899999999999998,-1.0514018691588745,45596370.0
700,2020-05-18,8.67,8.67,8.15,8.19,-0.2800000000000011,-3.3057851239669533,50279713.0
700,2020-05-19,8.25,8.42,8.14,8.26,0.0700000000000002,0.8547008547008517,36367623.0
700,2020-05-20,8.22,8.44,8.04,8.29,0.0299999999999993,0.363196125907983,48359099.0
700,2020-05-21,8.22,8.22,7.79,7.79,-0.4999999999999991,-6.031363088057895,47120917.0
700,2020-05-22,7.76,7.83,7.27,7.34,-0.4500000000000002,-5.776636713735561,40281362.0
700,2020-05-25,7.35,7.35,7.09,7.19,-0.1499999999999994,-2.043596730245223,25300393.0
700,2020-05-26,7.22,7.35,7.21,7.35,0.1599999999999992,2.225312934631418,24509945.0
700,2020-05-27,7.35,7.37,7.09,7.13,-0.2199999999999997,-2.9931972789115635,24361686.0
700,2020-05-28,7.16,7.3,6.96,7.3,0.1699999999999999,2.384291725105192,32013003.0
700,2020-05-29,7.2,7.4,7.18,7.19,-0.1099999999999994,-1.5068493150684814,23062465.0
700,2020-06-01,7.19,7.7,7.18,7.5,0.3099999999999996,4.311543810848395,42136424.0
700,2020-06-02,7.65,7.7,7.47,7.52,0.0199999999999995,0.2666666666666595,31525068.0
700,2020-06-03,7.57,7.63,7.42,7.51,-0.0099999999999997,-0.1329787234042534,30367410.0
700,2020-06-04,7.55,7.55,7.37,7.45,-0.0599999999999996,-0.7989347536617841,19693635.0
700,2020-06-05,7.46,7.49,7.35,7.38,-0.0700000000000002,-0.9395973154362468,16794063.0
700,2020-06-08,7.42,7.53,7.32,7.34,-0.04,-0.5420054200542035,22368921.0
700,2020-06-09,7.46,7.77,7.46,7.52,0.1799999999999997,2.452316076294281,45303890.0
700,2020-06-10,7.43,7.46,7.18,7.22,-0.2999999999999998,-3.9893617021276584,35668653.0
700,2020-06-11,7.38,7.94,7.38,7.94,0.7200000000000006,9.972299168975084,78223997.0
700,2020-06-12,7.73,8.46,7.66,8.26,0.3199999999999994,4.030226700251882,146029615.0
700,2020-06-15,7.99,7.99,7.65,7.74,-0.5199999999999996,-6.295399515738498,78480342.0
700,2020-06-16,7.94,8.0,7.65,7.86,0.1200000000000001,1.5503875968992276,53856057.0
700,2020-06-17,7.76,7.83,7.51,7.64,-0.2200000000000006,-2.7989821882951738,51049652.0
700,2020-06-18,7.6,7.76,7.46,7.6,-0.04,-0.5235602094240788,36713521.0
700,2020-06-19,7.55,7.71,7.52,7.61,0.0100000000000006,0.1315789473684381,33806222.0
700,2020-06-22,7.56,7.95,7.53,7.88,0.2699999999999996,3.5479632063074806,60379613.0
700,2020-06-23,7.79,7.82,7.6,7.67,-0.2099999999999999,-2.66497461928934,34515031.0
700,2020-06-24,7.7,7.79,7.58,7.6,-0.0700000000000002,-0.9126466753585416,28284010.0
700,2020-06-29,7.51,7.51,7.24,7.3,-0.2999999999999998,-3.9473684210526327,34061608.0
700,2020-06-30,7.37,7.78,7.35,7.48,0.1800000000000006,2.465753424657535,40411771.0
700,2020-07-01,7.83,8.23,7.8,8.07,0.5899999999999999,7.8877005347593565,134546179.0
700,2020-07-02,8.0,8.07,7.7,7.88,-0.1900000000000004,-2.354399008674102,89548544.0
700,2020-07-03,8.15,8.38,7.92,7.97,0.0899999999999998,1.1421319796954377,78843659.0
700,2020-07-06,8.02,8.55,8.02,8.44,0.4699999999999997,5.897114178168117,99764293.0
700,2020-07-07,8.88,9.07,8.45,8.59,0.1500000000000003,1.7772511848341166,120502993.0
700,2020-07-08,8.49,8.78,8.45,8.68,0.0899999999999998,1.0477299185098987,88238292.0
700,2020-07-09,8.65,9.55,8.51,9.43,0.75,8.640552995391705,128523783.0
700,2020-07-10,9.3,9.3,8.89,8.98,-0.4499999999999993,-4.772004241781536,93876939.0
700,2020-07-13,9.11,9.69,9.1,9.45,0.4699999999999988,5.23385300668151,90645930.0
700,2020-07-14,9.18,9.24,8.85,9.06,-0.3899999999999988,-4.126984126984112,80720550.0
700,2020-07-15,9.0,9.06,8.38,8.47,-0.5899999999999999,-6.512141280353201,55777972.0
700,2020-07-16,8.3,8.58,7.7,7.91,-0.5600000000000005,-6.6115702479338845,43762144.0
700,2020-07-17,7.85,8.08,7.71,7.88,-0.0300000000000002,-0.3792667509481706,25234591.0
700,2020-07-20,7.88,8.16,7.85,8.1,0.2199999999999997,2.7918781725888353,26366979.0
700,2020-07-21,8.23,8.38,8.13,8.2,0.0999999999999996,1.2345679012345734,29684337.0
700,2020-07-22,8.13,8.25,8.07,8.1,-0.0999999999999996,-1.2195121951219523,28809705.0
700,2020-07-23,8.1,8.16,7.66,7.97,-0.1299999999999999,-1.6049382716049387,36131105.0
700,2020-07-24,7.85,8.06,7.29,7.39,-0.5800000000000001,-7.277289836888334,38117738.0
700,2020-07-27,7.38,7.45,7.12,7.29,-0.0999999999999996,-1.3531799729363914,23875621.0
700,2020-07-28,7.4,7.56,7.3,7.39,0.0999999999999996,1.3717421124828544,20271317.0
700,2020-07-29,7.31,7.6,7.2,7.6,0.2099999999999999,2.841677943166432,27852276.0
700,2020-07-30,7.56,7.78,7.4,7.51,-0.0899999999999998,-1.1842105263157876,33970213.0
700,2020-07-31,7.43,7.55,7.36,7.48,-0.0299999999999993,-0.3994673768308865,26214266.0
700,2020-08-03,7.5,7.9,7.46,7.74,0.2599999999999998,3.475935828876997,40357780.0
700,2020-08-04,7.7,8.36,7.66,8.16,0.4199999999999999,5.4263565891472965,77017478.0
700,2020-08-05,8.0,8.05,7.82,7.93,-0.2300000000000004,-2.8186274509803932,39668460.0
700,2020-08-06,7.88,7.94,7.66,7.74,-0.1899999999999995,-2.395964691046648,30091349.0
700,2020-08-07,7.68,7.82,7.56,7.66,-0.08,-1.033591731266148,23129198.0
700,2020-08-10,7.67,7.81,7.61,7.75,0.0899999999999998,1.1749347258485532,17547056.0
700,2020-08-11,7.79,7.88,7.5,7.51,-0.2400000000000002,-3.0967741935483906,23614934.0
700,2020-08-12,7.52,7.91,7.27,7.78,0.2700000000000004,3.595206391478034,31015823.0
700,2020-08-13,7.98,8.25,7.82,7.85,0.0699999999999994,0.8997429305912519,52716612.0
700,2020-08-14,7.68,7.99,7.62,7.82,-0.0299999999999993,-0.3821656050955302,27941501.0
700,2020-08-17,7.79,7.97,7.69,7.92,0.0999999999999996,1.2787723785166127,24527722.0
700,2020-08-18,8.08,8.5,7.85,8.23,0.3100000000000005,3.9141414141414144,57961056.0
700,2020-08-19,8.11,8.2,7.9,7.93,-0.3000000000000007,-3.645200486026745,36927879.0
700,2020-08-20,7.77,7.9,7.71,7.85,-0.08,-1.0088272383354413,16666353.0
700,2020-08-21,7.82,7.88,7.65,7.66,-0.1899999999999995,-2.420382165605084,18818793.0
700,2020-08-24,7.68,7.69,7.45,7.58,-0.08,-1.0443864229765063,18459331.0
700,2020-08-25,7.61,7.62,7.4,7.43,-0.1500000000000003,-1.978891820580475,21394245.0
700,2020-08-26,7.41,7.51,7.34,7.39,-0.04,-0.538358008075368,15394396.0
700,2020-08-27,7.42,7.64,7.42,7.53,0.1400000000000005,1.8944519621109768,19638204.0
700,2020-08-28,7.54,7.59,7.43,7.48,-0.0499999999999998,-0.6640106241699861,16826275.0
700,2020-08-31,7.45,7.53,7.4,7.4,-0.08,-1.0695187165775444,15729977.0
700,2020-09-01,7.46,7.67,7.44,7.58,0.1799999999999997,2.43243243243243,23359198.0
700,2020-09-02,7.51,7.54,7.38,7.42,-0.1600000000000001,-2.110817941952503,19380234.0
700,2020-09-03,7.39,7.42,7.24,7.25,-0.1699999999999999,-2.2911051212938016,18934221.0
700,2020-09-04,7.06,7.29,6.99,7.22,-0.0300000000000002,-0.4137931034482789,12229755.0
700,2020-09-07,7.25,7.31,7.04,7.1,-0.1200000000000001,-1.6620498614958512,14560978.0
700,2020-09-08,7.11,7.21,6.99,7.15,0.0500000000000007,0.7042253521126751,12521573.0
700,2020-09-09,7.03,7.15,6.92,6.97,-0.1800000000000006,-2.5174825174825277,16255164.0
700,2020-09-10,7.19,7.2,6.81,6.86,-0.1099999999999994,-1.5781922525107572,13417930.0
700,2020-09-11,6.72,7.01,6.62,6.89,0.0299999999999993,0.4373177842565523,15453130.0
700,2020-09-14,6.84,6.95,6.79,6.9,0.0100000000000006,0.1451378809869563,9222997.0
700,2020-09-15,6.95,7.09,6.9,6.97,0.0699999999999994,1.0144927536231751,14251474.0
700,2020-09-16,7.0,7.0,6.79,6.86,-0.1099999999999994,-1.5781922525107572,11346731.0
700,2020-09-17,6.88,6.93,6.73,6.84,-0.0200000000000004,-0.291545189504383,9851102.0
700,2020-09-18,6.81,6.9,6.75,6.9,0.0600000000000005,0.8771929824561431,12263563.0
700,2020-09-21,6.9,6.95,6.82,6.84,-0.0600000000000005,-0.8695652173913104,10857050.0
700,2020-09-22,6.79,6.79,6.62,6.65,-0.1899999999999995,-2.777777777777768,11321420.0
700,2020-09-23,6.65,6.69,6.39,6.46,-0.1900000000000004,-2.857142857142858,19914926.0
700,2020-09-24,6.4,6.4,6.12,6.12,-0.3399999999999998,-5.263157894736836,17466554.0
700,2020-09-25,6.17,6.25,6.05,6.18,0.0599999999999996,0.9803921568627416,12119431.0
700,2020-09-28,6.17,6.24,6.05,6.05,-0.1299999999999999,-2.1035598705501646,7509855.0
700,2020-09-29,6.1,6.21,6.06,6.12,0.0700000000000002,1.1570247933884392,9438900.0
700,2020-09-30,6.1,6.18,6.05,6.07,-0.0499999999999998,-0.8169934640522847,7811100.0
700,2020-10-09,6.18,6.38,6.13,6.26,0.1899999999999995,3.13014827018121,12305332.0
700,2020-10-12,6.33,6.54,6.3,6.48,0.2200000000000006,3.514376996805124,15712379.0
700,2020-10-13,6.48,6.53,6.41,6.47,-0.0100000000000006,-0.1543209876543327,12521612.0
700,2020-10-14,6.53,6.66,6.35,6.4,-0.0699999999999994,-1.081916537867067,16226200.0
700,2020-10-15,6.41,6.51,6.32,6.32,-0.08,-1.2499999999999956,10390376.0
700,2020-10-16,6.31,6.32,6.17,6.23,-0.0899999999999998,-1.424050632911389,10698850.0
700,2020-10-19,6.24,6.31,6.17,6.22,-0.0100000000000006,-0.1605136436597209,7522861.0
700,2020-10-20,6.21,6.33,6.13,6.32,0.1000000000000005,1.6077170418006492,10089530.0
700,2020-10-21,6.28,6.38,6.16,6.19,-0.1299999999999999,-2.0569620253164556,10348862.0
700,2020-10-22,6.19,6.27,6.09,6.2,0.0099999999999997,0.1615508885298933,8983909.0
700,2020-10-23,6.2,6.36,6.18,6.23,0.0300000000000002,0.4838709677419395,12465887.0
700,2020-10-26,6.3,6.5,6.22,6.26,0.0299999999999993,0.4815409309791185,14992963.0
700,2020-10-27,6.21,6.3,6.12,6.18,-0.08,-1.2779552715655007,8448198.0
700,2020-10-28,6.17,6.29,6.06,6.22,0.04,0.6472491909385036,13044155.0
700,2020-10-29,6.12,6.16,6.06,6.08,-0.1399999999999996,-2.2508038585209,12278170.0
700,2020-10-30,6.08,6.09,5.8,5.8,-0.2800000000000002,-4.605263157894745,16634274.0
700,2020-11-02,5.77,5.85,5.69,5.78,-0.0199999999999995,-0.3448275862068861,11057650.0
700,2020-11-03,5.84,6.0,5.79,5.96,0.1799999999999997,3.114186851211076,15237753.0
700,2020-11-04,5.96,6.33,5.96,6.17,0.2099999999999999,3.523489932885915,27326491.0
700,2020-11-05,6.17,6.45,6.15,6.43,0.2599999999999998,4.213938411669371,30289831.0
700,2020-11-06,6.39,6.4,6.24,6.27,-0.1600000000000001,-2.488335925349927,18483610.0
700,2020-11-09,6.27,6.41,6.23,6.37,0.1000000000000005,1.594896331738438,17125381.0
700,2020-11-10,6.42,6.48,6.22,6.24,-0.1299999999999999,-2.0408163265306145,11394043.0
700,2020-11-11,6.21,6.25,6.06,6.06,-0.1800000000000006,-2.884615384615397,11345321.0
700,2020-11-12,6.06,6.15,6.02,6.07,0.0100000000000006,0.1650165016501725,8033394.0
700,2020-11-13,6.07,6.12,6.01,6.05,-0.0200000000000004,-0.3294892915980285,7299500.0
700,2020-11-16,6.08,6.09,5.97,6.01,-0.04,-0.6611570247933907,11901322.0
700,2020-11-17,6.01,6.12,5.98,6.05,0.04,0.6655574043261225,11297788.0
700,2020-11-18,6.06,6.08,5.98,6.0,-0.0499999999999998,-0.8264462809917328,10885482.0
700,2020-11-19,6.03,6.07,5.92,6.0,0.0,0.0,9070911.0
700,2020-11-20,6.0,6.24,5.96,6.21,0.2099999999999999,3.499999999999992,24532557.0
700,2020-11-23,6.19,6.38,6.11,6.28,0.0700000000000002,1.1272141706924366,23599418.0
700,2020-11-24,6.27,6.45,6.26,6.28,0.0,0.0,20751656.0
700,2020-11-25,6.34,6.43,6.24,6.26,-0.0200000000000004,-0.3184713375796288,22470903.0
700,2020-11-26,6.44,6.89,6.39,6.89,0.6299999999999999,10.06389776357828,30154631.0
700,2020-11-27,7.0,7.38,6.77,6.79,-0.0999999999999996,-1.4513788098693747,95077777.0
700,2020-11-30,6.63,6.79,6.42,6.61,-0.1799999999999997,-2.6509572901325384,49791189.0
700,2020-12-01,6.54,6.68,6.47,6.63,0.0199999999999995,0.302571860816947,30683654.0
700,2020-12-02,6.6,6.6,6.43,6.46,-0.1699999999999999,-2.564102564102566,29802756.0
700,2020-12-03,6.39,6.44,6.28,6.3,-0.1600000000000001,-2.4767801857585203,22395607.0
700,2020-12-04,6.28,6.4,6.23,6.39,0.0899999999999998,1.4285714285714235,20741811.0
700,2020-12-07,6.44,6.53,6.3,6.3,-0.0899999999999998,-1.4084507042253502,16460047.0
700,2020-12-08,6.37,6.37,6.25,6.34,0.04,0.6349206349206327,11980953.0
700,2020-12-09,6.35,6.36,6.06,6.08,-0.2599999999999998,-4.100946372239744,18379278.0
700,2020-12-10,6.1,6.12,6.01,6.06,-0.0200000000000004,-0.328947368421062,9075515.0
700,2020-12-11,6.07,6.08,5.8,5.9,-0.1599999999999992,-2.640264026402628,13558736.0
700,2020-12-14,5.91,6.0,5.84,6.0,0.0999999999999996,1.6949152542372836,7988762.0
700,2020-12-15,6.0,6.06,5.95,6.01,0.0099999999999997,0.1666666666666705,6549707.0
700,2020-12-16,6.02,6.06,5.81,5.82,-0.1899999999999995,-3.161397670549082,9807806.0
700,2020-12-17,5.82,6.15,5.75,6.0,0.1799999999999997,3.092783505154628,15021880.0
700,2020-12-18,5.96,6.06,5.92,5.94,-0.0599999999999996,-0.9999999999999898,8091099.0
700,2020-12-21,5.94,6.04,5.91,6.0,0.0599999999999996,1.0101010101009944,9040052.0
700,2020-12-22,5.95,5.96,5.83,5.85,-0.1500000000000003,-2.500000000000002,10590193.0
700,2020-12-23,5.83,5.92,5.82,5.85,0.0,0.0,8239985.0
700,2020-12-24,5.84,5.84,5.6,5.61,-0.2399999999999993,-4.102564102564088,13131494.0
700,2020-12-25,5.61,5.63,5.45,5.46,-0.1500000000000003,-2.673796791443861,10536796.0
700,2020-12-28,5.45,5.46,5.26,5.34,-0.1200000000000001,-2.197802197802201,11868939.0
700,2020-12-29,5.34,5.54,5.32,5.41,0.0700000000000002,1.310861423220988,10200414.0
700,2020-12-30,5.37,5.46,5.34,5.37,-0.04,-0.7393715341959317,8013498.0
700,2020-12-31,5.41,5.5,5.37,5.45,0.08,1.4897579143389184,9121144.0
700,2021-01-04,6.0,6.0,6.0,6.0,0.5499999999999998,10.09174311926606,5193921.0
700,2021-01-05,6.6,6.6,6.6,6.6,0.5999999999999996,9.999999999999986,7921391.0
700,2021-01-06,6.6,6.6,6.07,6.22,-0.3799999999999999,-5.757575757575761,65259142.0
700,2021-01-07,6.0,6.84,5.9,6.84,0.6200000000000001,9.967845659164,130584223.0
700,2021-01-08,6.53,6.79,6.16,6.38,-0.4599999999999999,-6.725146198830412,111881684.0
700,2021-01-11,6.2,6.75,6.14,6.41,0.0300000000000002,0.4702194357366851,64074894.0
700,2021-01-12,6.31,6.36,6.15,6.19,-0.2199999999999997,-3.432137285491421,38626983.0
700,2021-01-13,6.2,6.24,5.89,5.89,-0.3000000000000007,-4.846526655896621,34038160.0
700,2021-01-14,5.86,5.86,5.55,5.68,-0.2099999999999999,-3.5653650254668934,23491032.0
700,2021-01-15,5.65,5.85,5.6,5.71,0.0300000000000002,0.5281690140845008,15978319.0
700,2021-01-18,5.72,5.85,5.63,5.8,0.0899999999999998,1.5761821366024442,16455590.0
700,2021-01-19,5.8,5.89,5.7,5.73,-0.0699999999999994,-1.2068965517241237,15915665.0
700,2021-01-20,5.71,6.09,5.7,5.88,0.1499999999999994,2.617801047120416,24768593.0
700,2021-01-21,5.78,5.95,5.72,5.91,0.0300000000000002,0.5102040816326481,20590365.0
700,2021-01-22,5.87,5.87,5.76,5.8,-0.1100000000000003,-1.861252115059231,14490434.0
700,2021-01-25,5.81,5.81,5.57,5.61,-0.1899999999999995,-3.275862068965507,19613145.0
700,2021-01-26,5.75,5.79,5.6,5.63,0.0199999999999995,0.3565062388591666,11667262.0
700,2021-01-27,5.61,5.75,5.45,5.63,0.0,0.0,13746439.0
700,2021-01-28,5.52,5.69,5.48,5.52,-0.1100000000000003,-1.9538188277087087,11063138.0
700,2021-01-29,5.5,5.55,5.3,5.33,-0.1899999999999995,-3.4420289855072395,12440720.0
700,2021-02-01,5.31,5.42,5.23,5.26,-0.0700000000000002,-1.3133208255159512,7565272.0
700,2021-02-02,5.26,5.38,5.24,5.25,-0.0099999999999997,-0.1901140684410607,10339099.0
700,2021-02-03,5.28,5.29,5.02,5.05,-0.2000000000000001,-3.809523809523818,13261101.0
700,2021-02-04,5.06,5.15,4.83,4.92,-0.1299999999999999,-2.5742574257425765,17405272.0
700,2021-02-05,4.94,5.05,4.76,4.79,-0.1299999999999999,-2.6422764227642226,10515768.0
700,2021-02-08,4.76,4.79,4.68,4.68,-0.1100000000000003,-2.2964509394572064,8824965.0
700,2021-02-09,4.68,4.89,4.68,4.86,0.1800000000000006,3.8461538461538542,9313869.0
700,2021-02-10,4.86,4.91,4.81,4.84,-0.0200000000000004,-0.4115226337448652,7052876.0
700,2021-02-18,4.88,5.05,4.88,5.02,0.1799999999999997,3.7190082644628086,11177848.0
700,2021-02-19,5.05,5.19,5.0,5.18,0.1600000000000001,3.1872509960159334,10956607.0
700,2021-02-22,5.19,5.39,5.19,5.21,0.0300000000000002,0.5791505791505891,17639415.0
700,2021-02-23,5.2,5.29,5.11,5.19,-0.0199999999999995,-0.3838771593090095,11718253.0
700,2021-02-24,5.15,5.26,5.14,5.18,-0.0100000000000006,-0.1926782273603211,8695059.0
700,2021-02-25,5.19,5.22,5.08,5.08,-0.0999999999999996,-1.9305019305019264,8881700.0
700,2021-02-26,5.11,5.11,5.0,5.07,-0.0099999999999997,-0.196850393700787,7932158.0
700,2021-03-01,5.07,5.22,5.07,5.2,0.1299999999999999,2.564102564102555,8891475.0
700,2021-03-02,5.21,5.22,5.13,5.16,-0.04,-0.7692307692307665,6960120.0
700,2021-03-03,5.16,5.2,5.14,5.19,0.0300000000000002,0.5813953488372103,6829968.0
700,2021-03-04,5.18,5.25,5.16,5.19,0.0,0.0,9757502.0
700,2021-03-05,5.18,5.35,5.15,5.32,0.1299999999999999,2.5048169556840083,13509082.0
700,2021-03-08,5.35,5.36,5.17,5.18,-0.1400000000000005,-2.6315789473684292,10928002.0
700,2021-03-09,5.18,5.22,4.96,5.03,-0.1499999999999994,-2.89575289575289,11178280.0
700,2021-03-10,5.18,5.3,5.02,5.06,0.0299999999999993,0.5964214711729587,10291207.0
700,2021-03-11,5.01,5.14,4.95,5.06,0.0,0.0,9683956.0
700,2021-03-12,5.03,5.05,4.97,4.99,-0.0699999999999994,-1.383399209486158,7706151.0
700,2021-03-15,4.96,5.02,4.91,4.96,-0.0300000000000002,-0.6012024048096198,6268967.0
700,2021-03-16,4.96,5.04,4.95,5.01,0.0499999999999998,1.0080645161290258,7140085.0
700,2021-03-17,5.01,5.07,4.97,5.03,0.0200000000000004,0.3992015968063978,6966895.0
700,2021-03-18,5.03,5.04,4.97,4.97,-0.0600000000000005,-1.1928429423459397,5888665.0
700,2021-03-19,4.95,4.98,4.86,4.87,-0.0999999999999996,-2.012072434607637,7405000.0
700,2021-03-22,4.87,4.94,4.85,4.9,0.0300000000000002,0.6160164271047375,6303900.0
700,2021-03-23,4.9,4.91,4.85,4.87,-0.0300000000000002,-0.612244897959191,6025984.0
700,2021-03-24,4.87,4.89,4.74,4.76,-0.1100000000000003,-2.2587268993839893,9094339.0
700,2021-03-25,4.75,4.79,4.71,4.77,0.0099999999999997,0.2100840336134446,4920540.0
700,2021-03-26,4.78,4.87,4.75,4.85,0.08,1.6771488469601747,5472927.0
700,2021-03-29,4.84,4.88,4.81,4.85,0.0,0.0,4714320.0
700,2021-03-30,4.85,4.85,4.75,4.78,-0.0699999999999994,-1.4432989690721487,5739600.0
700,2021-03-31,4.79,4.84,4.75,4.78,0.0,0.0,5134206.0
700,2021-04-01,4.83,4.89,4.77,4.87,0.0899999999999998,1.882845188284521,8219718.0
700,2021-04-02,4.88,4.9,4.81,4.82,-0.0499999999999998,-1.0266940451745366,6841000.0
700,2021-04-06,4.83,4.88,4.82,4.87,0.0499999999999998,1.0373443983402453,5897360.0
700,2021-04-07,4.86,4.93,4.83,4.89,0.0199999999999995,0.4106776180698102,7610703.0
700,2021-04-08,4.9,4.97,4.88,4.91,0.0200000000000004,0.4089979550102374,8891800.0
700,2021-04-09,4.93,4.93,4.84,4.91,0.0,0.0,6613567.0
700,2021-04-12,4.9,4.91,4.8,4.8,-0.1100000000000003,-2.2403258655804503,6674867.0
700,2021-04-13,4.82,4.82,4.74,4.74,-0.0599999999999996,-1.2499999999999956,6800445.0
700,2021-04-14,4.75,5.11,4.75,4.91,0.1699999999999999,3.586497890295348,16011398.0
700,2021-04-15,4.96,5.03,4.89,4.94,0.0300000000000002,0.6109979633401208,11527043.0
700,2021-04-16,4.92,5.29,4.91,5.13,0.1899999999999995,3.846153846153833,29334088.0
700,2021-04-19,5.22,5.64,5.15,5.64,0.5099999999999998,9.941520467836252,66079227.0
700,2021-04-20,5.5,5.63,5.32,5.36,-0.2799999999999993,-4.964539007092183,59804166.0
700,2021-04-21,5.22,5.3,5.19,5.2,-0.1600000000000001,-2.985074626865669,29031368.0
700,2021-04-22,5.24,5.33,5.18,5.2,0.0,0.0,21448920.0
700,2021-04-23,5.19,5.27,5.1,5.12,-0.08,-1.538461538461544,20505173.0
700,2021-04-26,5.1,5.15,5.02,5.09,-0.0300000000000002,-0.5859375,15659927.0
700,2021-04-27,5.08,5.12,5.0,5.06,-0.0300000000000002,-0.5893909626719096,9560549.0
700,2021-04-28,5.02,5.12,5.01,5.11,0.0500000000000007,0.9881422924901352,10380110.0
700,2021-04-29,5.3,5.48,5.17,5.18,0.0699999999999994,1.3698630136986134,28833797.0
700,2021-04-30,5.14,5.24,5.07,5.1,-0.08,-1.544401544401541,15582759.0
700,2021-05-06,5.05,5.17,5.02,5.13,0.0300000000000002,0.588235294117645,12085334.0
700,2021-05-07,5.13,5.14,5.05,5.07,-0.0599999999999996,-1.1695906432748426,13754192.0
700,2021-05-10,5.09,5.16,5.01,5.12,0.0499999999999998,0.9861932938856066,12289846.0
700,2021-05-11,5.06,5.21,5.04,5.21,0.0899999999999998,1.7578125,15589258.0
700,2021-05-12,5.2,5.29,5.17,5.28,0.0700000000000002,1.343570057581589,18164507.0
700,2021-05-13,5.49,5.81,5.48,5.81,0.5299999999999994,10.037878787878784,71533356.0
700,2021-05-14,5.65,5.85,5.61,5.68,-0.1299999999999999,-2.2375215146299476,83288085.0
700,2021-05-17,5.66,5.67,5.46,5.51,-0.1699999999999999,-2.992957746478875,43181767.0
700,2021-05-18,5.45,5.59,5.4,5.56,0.0499999999999998,0.907441016333932,26808707.0
700,2021-05-19,5.55,5.75,5.47,5.7,0.1400000000000005,2.517985611510798,37283319.0
700,2021-05-20,5.69,5.69,5.51,5.52,-0.1800000000000006,-3.157894736842115,25924355.0
700,2021-05-21,5.5,5.69,5.48,5.6,0.08,1.449275362318847,23121086.0
700,2021-05-24,5.59,5.84,5.51,5.8,0.2000000000000001,3.571428571428581,42486723.0
700,2021-05-25,5.77,5.79,5.66,5.75,-0.0499999999999998,-0.8620689655172376,30270726.0
700,2021-05-26,5.74,5.82,5.61,5.66,-0.0899999999999998,-1.565217391304341,27591861.0
700,2021-05-27,5.67,5.74,5.6,5.65,-0.0099999999999997,-0.1766784452296832,22394269.0
700,2021-05-28,5.71,5.71,5.6,5.61,-0.04,-0.707964601769917,17312621.0
700,2021-05-31,5.62,5.79,5.47,5.74,0.1299999999999999,2.317290552584672,30095844.0
700,2021-06-01,5.74,6.03,5.7,5.99,0.25,4.355400696864109,48650499.0
700,2021-06-02,5.99,6.05,5.78,5.81,-0.1800000000000006,-3.005008347245419,27444349.0
700,2021-06-03,5.77,5.85,5.65,5.66,-0.1499999999999994,-2.5817555938037806,22187101.0
700,2021-06-04,5.62,5.78,5.6,5.74,0.08,1.413427561837466,17982797.0
700,2021-06-07,5.79,5.8,5.65,5.74,0.0,0.0,16226168.0
700,2021-06-08,5.71,5.74,5.62,5.64,-0.1000000000000005,-1.7421602787456525,14893602.0
700,2021-06-09,5.6,5.68,5.57,5.61,-0.0299999999999993,-0.5319148936170137,16339804.0
700,2021-06-10,5.64,5.76,5.62,5.75,0.1399999999999996,2.4955436720142554,19149625.0
700,2021-06-11,5.77,5.79,5.46,5.46,-0.29,-5.043478260869561,24115476.0
700,2021-06-15,5.45,5.49,5.32,5.38,-0.08,-1.465201465201471,15510509.0
700,2021-06-16,5.37,5.44,5.32,5.37,-0.0099999999999997,-0.1858736059479504,10903858.0
700,2021-06-17,5.33,5.43,5.33,5.39,0.0199999999999995,0.3724394785847185,9134194.0
700,2021-06-18,5.39,5.68,5.34,5.62,0.2300000000000004,4.267161410018572,25898852.0
700,2021-06-21,5.62,5.7,5.59,5.63,0.0099999999999997,0.1779359430605032,13116574.0
700,2021-06-22,5.62,5.71,5.55,5.68,0.0499999999999998,0.8880994671403242,15838611.0
700,2021-06-23,5.67,5.76,5.64,5.73,0.0500000000000007,0.8802816901408494,15949287.0
700,2021-06-24,5.74,5.81,5.67,5.77,0.0399999999999991,0.698080279232105,21159404.0
700,2021-06-25,5.83,5.85,5.64,5.73,-0.0399999999999991,-0.6932409012131546,14011603.0
700,2021-06-28,5.71,5.73,5.61,5.67,-0.0600000000000005,-1.0471204188481795,11918088.0
700,2021-06-29,5.67,5.69,5.52,5.59,-0.08,-1.4109347442680775,15148702.0
700,2021-06-30,5.58,5.7,5.54,5.55,-0.04,-0.7155635062611854,11866716.0
700,2021-07-01,5.54,5.6,5.48,5.5,-0.0499999999999998,-0.9009009009009028,12147131.0
700,2021-07-02,5.5,5.54,5.45,5.5,0.0,0.0,7913810.0
700,2021-07-05,5.5,5.57,5.47,5.57,0.0700000000000002,1.2727272727272698,11360882.0
700,2021-07-06,5.57,5.6,5.5,5.55,-0.0200000000000004,-0.3590664272890564,10513377.0
700,2021-07-07,5.55,5.62,5.5,5.62,0.0700000000000002,1.2612612612612706,13362424.0
700,2021-07-08,5.71,5.73,5.59,5.66,0.04,0.7117437722419906,17322762.0
700,2021-07-09,5.65,6.02,5.6,5.9,0.2400000000000002,4.240282685512375,38405149.0
700,2021-07-12,5.89,5.98,5.81,5.84,-0.0600000000000005,-1.016949152542379,24973118.0
700,2021-07-13,5.84,5.92,5.76,5.9,0.0600000000000005,1.0273972602739878,19137450.0
700,2021-07-14,5.87,5.88,5.73,5.75,-0.1500000000000003,-2.5423728813559365,17581861.0
700,2021-07-15,5.65,5.73,5.54,5.58,-0.1699999999999999,-2.9565217391304355,23199509.0
700,2021-07-16,5.49,5.58,5.45,5.47,-0.1100000000000003,-1.971326164874554,17046981.0
700,2021-07-19,5.47,5.61,5.36,5.61,0.1400000000000005,2.5594149908592323,23012096.0
700,2021-07-20,5.57,5.58,5.49,5.56,-0.0500000000000007,-0.891265597147961,12224775.0
700,2021-07-21,5.56,5.63,5.52,5.57,0.0100000000000006,0.1798561151079347,14312446.0
700,2021-07-22,5.58,5.75,5.54,5.74,0.1699999999999999,3.052064631956908,28379733.0
700,2021-07-23,5.75,5.83,5.66,5.7,-0.04,-0.6968641114982632,21340054.0
700,2021-07-26,5.65,5.71,5.49,5.55,-0.1500000000000003,-2.6315789473684292,19441715.0
700,2021-07-27,5.64,5.73,5.4,5.44,-0.1099999999999994,-1.9819819819819728,18406349.0
700,2021-07-28,5.41,5.46,5.05,5.17,-0.2700000000000004,-4.963235294117652,25248344.0
700,2021-07-29,5.22,5.31,5.2,5.23,0.0600000000000005,1.1605415860735049,13949902.0
700,2021-07-30,5.27,5.39,5.21,5.37,0.1399999999999996,2.676864244741872,14446932.0
700,2021-08-02,5.37,5.91,5.37,5.74,0.3700000000000001,6.890130353817514,40772208.0
700,2021-08-03,5.77,5.9,5.7,5.78,0.04,0.6968641114982521,34055277.0
700,2021-08-04,5.79,5.9,5.76,5.86,0.08,1.384083044982698,25785884.0
700,2021-08-05,5.87,6.17,5.79,6.07,0.2099999999999999,3.583617747440271,43207025.0
700,2021-08-06,6.12,6.27,6.02,6.15,0.08,1.317957166392092,39663276.0
700,2021-08-09,6.16,6.26,6.06,6.08,-0.0700000000000002,-1.1382113821138296,24367757.0
700,2021-08-10,6.06,6.13,6.02,6.1,0.0199999999999995,0.3289473684210398,19633253.0
700,2021-08-11,6.09,6.2,6.03,6.16,0.0600000000000005,0.9836065573770592,20712204.0
700,2021-08-12,6.19,6.25,6.09,6.2,0.04,0.6493506493506551,21008133.0
700,2021-08-13,6.18,6.4,6.17,6.34,0.1399999999999996,2.258064516129022,32385093.0
700,2021-08-16,6.3,6.33,6.15,6.18,-0.1600000000000001,-2.523659305993698,21072967.0
700,2021-08-17,6.13,6.19,5.94,5.95,-0.2299999999999995,-3.721682847896435,21912328.0
700,2021-08-18,5.99,6.08,5.94,6.01,0.0599999999999996,1.0084033613445342,13451442.0
700,2021-08-19,6.01,6.02,5.87,5.9,-0.1099999999999994,-1.830282861896826,15052900.0
700,2021-08-20,5.87,6.0,5.75,5.98,0.08,1.3559322033898311,18245852.0
700,2021-08-23,6.01,6.16,6.0,6.11,0.1299999999999999,2.1739130434782483,17481868.0
700,2021-08-24,6.12,6.16,6.0,6.1,-0.0100000000000006,-0.1636661211129375,12801146.0
700,2021-08-25,6.1,6.27,6.1,6.23,0.1300000000000007,2.1311475409836245,18321431.0
700,2021-08-26,6.2,6.68,6.18,6.46,0.2299999999999995,3.6918138041733384,42801354.0
700,2021-08-27,6.41,6.41,6.16,6.26,-0.2000000000000001,-3.095975232198145,29137585.0
700,2021-08-30,6.29,6.3,6.1,6.15,-0.1099999999999994,-1.757188498402551,20464453.0
700,2021-08-31,6.15,6.16,5.93,6.09,-0.0600000000000005,-0.9756097560975728,21331055.0
700,2021-09-01,6.05,6.23,5.94,6.0,-0.0899999999999998,-1.4778325123152691,22300107.0
700,2021-09-02,5.95,6.09,5.95,6.02,0.0199999999999995,0.3333333333333188,15423641.0
700,2021-09-03,6.02,6.17,5.96,6.0,-0.0199999999999995,-0.3322259136212535,19463181.0
700,2021-09-06,6.01,6.07,5.86,6.07,0.0700000000000002,1.1666666666666714,17073894.0
700,2021-09-07,6.07,6.38,6.06,6.37,0.2999999999999998,4.94233937397035,38888127.0
700,2021-09-08,6.44,6.44,6.27,6.32,-0.0499999999999998,-0.7849293563579218,23212355.0
700,2021-09-09,6.31,6.31,6.17,6.25,-0.0700000000000002,-1.1075949367088669,22282725.0
700,2021-09-10,6.26,6.28,6.11,6.14,-0.1100000000000003,-1.760000000000006,20431931.0
700,2021-09-13,6.15,6.24,6.05,6.24,0.1000000000000005,1.6286644951140072,17813718.0
700,2021-09-14,6.11,6.13,5.62,5.62,-0.6200000000000001,-9.935897435897434,76956132.0
700,2021-09-15,5.5,5.59,5.43,5.51,-0.1100000000000003,-1.9572953736654908,34006421.0
700,2021-09-16,5.49,5.57,5.36,5.37,-0.1399999999999996,-2.5408348457350183,22046256.0
700,2021-09-17,5.36,5.44,5.15,5.26,-0.1100000000000003,-2.0484171322160183,26159836.0
700,2021-09-22,5.18,5.29,5.15,5.2,-0.0599999999999996,-1.1406844106463754,14150185.0
700,2021-09-23,5.23,5.32,5.22,5.27,0.0699999999999994,1.3461538461538414,15888307.0
700,2021-09-24,5.24,5.25,5.11,5.11,-0.1599999999999992,-3.036053130929772,16463900.0
700,2021-09-27,5.11,5.17,4.94,4.98,-0.1299999999999999,-2.544031311154593,16673356.0
700,2021-09-28,4.95,5.02,4.88,5.0,0.0199999999999995,0.401606425702794,12747635.0
700,2021-09-29,4.95,4.98,4.88,4.93,-0.0700000000000002,-1.4000000000000012,11612776.0
700,2021-09-30,4.91,4.93,4.86,4.91,-0.0199999999999995,-0.4056795131845758,10194130.0
700,2021-10-08,4.95,5.09,4.93,5.08,0.1699999999999999,3.462321792260692,15398119.0
700,2021-10-11,5.08,5.13,5.0,5.09,0.0099999999999997,0.196850393700787,10812702.0
700,2021-10-12,5.15,5.17,5.03,5.09,0.0,0.0,8384126.0
700,2021-10-13,5.1,5.12,5.02,5.07,-0.0199999999999995,-0.3929273084479323,7843013.0
700,2021-10-14,5.06,5.14,5.03,5.12,0.0499999999999998,0.9861932938856066,8213055.0
700,2021-10-15,5.07,5.1,5.05,5.07,-0.0499999999999998,-0.9765625,9001700.0
700,2021-10-18,4.77,4.81,4.56,4.81,-0.2600000000000007,-5.128205128205144,28800373.0
700,2021-10-19,4.73,4.84,4.71,4.74,-0.0699999999999994,-1.4553014553014387,14721811.0
700,2021-10-20,4.73,4.78,4.69,4.75,0.0099999999999997,0.2109704641350074,12462768.0
700,2021-10-21,4.75,4.75,4.66,4.7,-0.0499999999999998,-1.0526315789473606,10544203.0
700,2021-10-22,4.7,4.71,4.58,4.62,-0.08,-1.7021276595744703,9641902.0
700,2021-10-25,4.61,4.61,4.49,4.56,-0.0600000000000005,-1.2987012987013102,10918764.0
700,2021-10-26,4.68,4.93,4.65,4.67,0.1100000000000003,2.412280701754388,20372657.0
700,2021-10-27,4.55,4.65,4.49,4.54,-0.1299999999999999,-2.783725910064238,13880049.0
700,2021-10-28,4.54,4.55,4.38,4.38,-0.1600000000000001,-3.524229074889873,10528700.0
700,2021-10-29,4.38,4.53,4.37,4.5,0.1200000000000001,2.7397260273972712,10015983.0
700,2021-11-01,4.46,4.55,4.41,4.51,0.0099999999999997,0.2222222222222125,9778700.0
700,2021-11-02,4.52,4.58,4.4,4.45,-0.0599999999999996,-1.3303769401330268,9311914.0
700,2021-11-03,4.41,4.45,4.36,4.42,-0.0300000000000002,-0.6741573033707926,7221638.0
700,2021-11-04,4.86,4.86,4.86,4.86,0.4400000000000004,9.954751131221728,11185628.0
700,2021-11-05,5.35,5.35,5.11,5.35,0.4899999999999993,10.082304526748963,70436485.0
700,2021-11-08,5.35,5.54,5.11,5.28,-0.0699999999999994,-1.3084112149532643,80912478.0
700,2021-11-09,5.16,5.21,5.04,5.1,-0.1800000000000006,-3.409090909090917,45529075.0
700,2021-11-10,5.05,5.29,4.95,5.18,0.08,1.5686274509803866,46218422.0
700,2021-11-11,5.13,5.26,5.05,5.14,-0.04,-0.7722007722007707,32279668.0
700,2021-11-12,5.17,5.24,5.05,5.13,-0.0099999999999997,-0.1945525291828787,27247009.0
700,2021-11-15,5.6,5.63,5.28,5.29,0.1600000000000001,3.1189083820662766,59348437.0
700,2021-11-16,5.3,5.37,5.14,5.19,-0.0999999999999996,-1.8903591682419616,41629237.0
700,2021-11-17,5.16,5.24,5.1,5.15,-0.04,-0.770712909441229,23560331.0
700,2021-11-18,5.14,5.18,5.04,5.05,-0.1000000000000005,-1.941747572815544,21747061.0
700,2021-11-19,5.03,5.12,4.99,5.09,0.04,0.7920792079207928,16759462.0
700,2021-11-22,5.07,5.12,5.04,5.11,0.0200000000000004,0.3929273084479545,14561292.0
700,2021-11-23,5.1,5.18,5.05,5.09,-0.0200000000000004,-0.391389432485334,16078056.0
700,2021-11-24,5.08,5.11,5.04,5.06,-0.0300000000000002,-0.5893909626719096,13163276.0
700,2021-11-25,5.06,5.08,5.01,5.02,-0.04,-0.7905138339920903,11510200.0
700,2021-11-26,5.03,5.04,4.96,4.97,-0.0499999999999998,-0.9960159362549792,11976554.0
700,2021-11-29,4.91,4.96,4.83,4.94,-0.0299999999999993,-0.6036217303822755,9471857.0
700,2021-11-30,4.97,5.04,4.95,4.97,0.0299999999999993,0.6072874493926905,9667000.0
700,2021-12-01,4.97,5.04,4.97,5.02,0.0499999999999998,1.0060362173038184,11443973.0
700,2021-12-02,5.03,5.07,4.96,4.97,-0.0499999999999998,-0.9960159362549792,10274000.0
700,2021-12-03,4.96,5.01,4.92,4.97,0.0,0.0,8715376.0
700,2021-12-06,4.96,5.0,4.85,4.96,-0.0099999999999997,-0.2012072434607548,16058550.0
700,2021-12-07,4.97,5.02,4.83,4.87,-0.0899999999999998,-1.814516129032251,11829600.0
700,2021-12-08,4.83,4.9,4.75,4.87,0.0,0.0,9489133.0
700,2021-12-09,4.9,4.92,4.84,4.87,0.0,0.0,7408464.0
700,2021-12-10,4.87,4.94,4.83,4.89,0.0199999999999995,0.4106776180698102,7959296.0
700,2021-12-13,4.89,4.9,4.83,4.84,-0.0499999999999998,-1.0224948875255602,8123942.0
700,2021-12-14,4.84,4.91,4.82,4.88,0.04,0.8264462809917328,9128121.0
700,2021-12-15,4.87,4.9,4.85,4.85,-0.0300000000000002,-0.6147540983606592,5858400.0
700,2021-12-16,4.88,4.9,4.84,4.89,0.04,0.8247422680412342,7710882.0
700,2021-12-17,4.89,4.9,4.85,4.86,-0.0299999999999993,-0.6134969325153228,5709776.0
700,2021-12-20,4.85,5.28,4.84,5.13,0.2699999999999996,5.555555555555536,50758185.0
700,2021-12-21,5.04,5.12,5.0,5.09,-0.04,-0.7797270955165692,23159495.0
700,2021-12-22,5.06,5.16,5.04,5.08,-0.0099999999999997,-0.1964636542239661,15412111.0
700,2021-12-23,5.12,5.16,5.07,5.12,0.04,0.7874015748031482,16048419.0
700,2021-12-24,5.12,5.21,5.02,5.03,-0.0899999999999998,-1.7578125,15861682.0
700,2021-12-27,5.4,5.41,5.08,5.1,0.0699999999999994,1.391650099403563,28167200.0
700,2021-12-28,5.06,5.13,5.02,5.09,-0.0099999999999997,-0.1960784313725483,13019540.0
700,2021-12-29,5.06,5.13,5.04,5.1,0.0099999999999997,0.1964636542239661,8699976.0
700,2021-12-30,5.1,5.15,5.05,5.11,0.0100000000000006,0.1960784313725705,10172200.0
700,2021-12-31,5.12,5.17,5.08,5.1,-0.0100000000000006,-0.1956947162426781,8864251.0
700,2022-01-04,5.1,5.19,5.1,5.17,0.0700000000000002,1.3725490196078385,15275121.0
700,2022-01-05,5.2,5.2,5.08,5.1,-0.0700000000000002,-1.3539651837524258,10187816.0
700,2022-01-06,5.06,5.12,5.06,5.11,0.0100000000000006,0.1960784313725705,7981569.0
700,2022-01-07,5.11,5.13,5.01,5.03,-0.08,-1.5655577299412915,9983000.0
700,2022-01-10,5.0,5.06,4.96,5.06,0.0299999999999993,0.5964214711729587,7124581.0
700,2022-01-11,5.05,5.09,5.02,5.03,-0.0299999999999993,-0.5928853754940566,5806068.0
700,2022-01-12,5.03,5.13,5.01,5.1,0.0699999999999994,1.391650099403563,7517759.0
700,2022-01-13,5.1,5.13,5.05,5.06,-0.04,-0.7843137254901933,6394900.0
700,2022-01-14,5.05,5.09,4.99,4.99,-0.0699999999999994,-1.383399209486158,8739566.0
700,2022-01-17,4.97,5.09,4.96,5.08,0.0899999999999998,1.8036072144288484,9296962.0
700,2022-01-18,5.07,5.12,5.0,5.02,-0.0600000000000005,-1.1811023622047334,9846200.0
700,2022-01-19,5.0,5.06,4.96,5.0,-0.0199999999999995,-0.3984063745019806,8084290.0
700,2022-01-20,5.0,5.0,4.77,4.79,-0.2099999999999999,-4.200000000000004,11356872.0
700,2022-01-21,4.8,4.82,4.74,4.79,0.0,0.0,4966600.0
700,2022-01-24,4.8,4.81,4.67,4.72,-0.0700000000000002,-1.4613778705636848,6548502.0
700,2022-01-25,4.71,4.72,4.53,4.6,-0.1200000000000001,-2.5423728813559365,8351900.0
700,2022-01-26,4.58,4.61,4.53,4.61,0.0100000000000006,0.2173913043478359,4774000.0
700,2022-01-27,4.58,4.67,4.51,4.67,0.0599999999999996,1.3015184381778733,6906536.0
700,2022-01-28,4.67,4.92,4.65,4.87,0.2000000000000001,4.282655246252687,13454842.0
700,2022-02-07,4.88,4.88,4.7,4.8,-0.0700000000000002,-1.4373716632443578,7316632.0
700,2022-02-08,4.78,4.87,4.75,4.84,0.04,0.8333333333333304,4282559.0
700,2022-02-09,4.84,4.94,4.8,4.9,0.0600000000000005,1.2396694214876105,7662277.0
700,2022-02-10,4.9,4.95,4.87,4.9,0.0,0.0,3793500.0
700,2022-02-11,4.9,4.9,4.8,4.81,-0.0900000000000007,-1.836734693877562,4867100.0
700,2022-02-14,4.81,4.83,4.77,4.8,-0.0099999999999997,-0.2079002079002023,2866513.0
700,2022-02-15,4.8,4.81,4.76,4.78,-0.0199999999999995,-0.4166666666666541,2886165.0
700,2022-02-16,4.78,4.82,4.78,4.79,0.0099999999999997,0.2092050209204998,2655643.0
700,2022-02-17,4.77,4.8,4.75,4.78,-0.0099999999999997,-0.2087682672233803,3318743.0
700,2022-02-18,4.77,4.8,4.75,4.8,0.0199999999999995,0.4184100418409997,2744543.0
700,2022-02-21,4.81,4.89,4.79,4.89,0.0899999999999998,1.8750000000000044,5418593.0
700,2022-02-22,4.86,4.89,4.81,4.86,-0.0299999999999993,-0.6134969325153228,5203002.0
700,2022-02-23,4.85,4.92,4.84,4.9,0.04,0.8230452674897082,6405476.0
700,2022-02-24,4.92,4.94,4.73,4.79,-0.1100000000000003,-2.244897959183678,9282077.0
700,2022-02-25,4.81,4.89,4.79,4.81,0.0199999999999995,0.4175365344467607,5046248.0
700,2022-02-28,4.78,4.78,4.68,4.74,-0.0699999999999994,-1.4553014553014387,4741733.0
700,2022-03-01,4.77,4.81,4.74,4.79,0.0499999999999998,1.0548523206751037,4508284.0
700,2022-03-02,4.78,4.85,4.75,4.84,0.0499999999999998,1.043841336116902,5858744.0
700,2022-03-03,4.84,4.86,4.81,4.83,-0.0099999999999997,-0.2066115702479276,4494800.0
700,2022-03-04,4.83,4.84,4.77,4.8,-0.0300000000000002,-0.6211180124223614,4783602.0
700,2022-03-07,4.8,4.82,4.73,4.76,-0.04,-0.8333333333333304,6671100.0
700,2022-03-08,4.77,4.81,4.6,4.74,-0.0199999999999995,-0.4201680672268781,8323744.0
700,2022-03-09,4.73,4.74,4.48,4.63,-0.1100000000000003,-2.320675105485237,9244500.0
700,2022-03-10,4.67,4.72,4.63,4.65,0.0200000000000004,0.4319654427645814,4274801.0
700,2022-03-11,4.57,4.7,4.51,4.7,0.0499999999999998,1.0752688172043,5250357.0
700,2022-03-14,4.68,4.69,4.61,4.62,-0.08,-1.7021276595744703,3970747.0
700,2022-03-15,4.65,4.65,4.37,4.45,-0.1699999999999999,-3.6796536796536823,8488257.0
700,2022-03-16,4.49,4.53,4.23,4.48,0.0300000000000002,0.6741573033707926,7194986.0
700,2022-03-17,4.5,4.57,4.49,4.5,0.0199999999999995,0.4464285714285587,7443800.0
700,2022-03-18,4.5,4.54,4.44,4.53,0.0300000000000002,0.6666666666666821,3605900.0
700,2022-03-21,4.52,4.55,4.51,4.54,0.0099999999999997,0.2207505518763808,4292737.0
700,2022-03-22,4.53,4.69,4.5,4.6,0.0599999999999996,1.3215859030836885,7207892.0
700,2022-03-23,4.6,4.62,4.56,4.61,0.0100000000000006,0.2173913043478359,3343402.0
700,2022-03-24,4.57,4.6,4.53,4.57,-0.04,-0.8676789587852451,3228395.0
700,2022-03-25,4.56,4.62,4.55,4.56,-0.0100000000000006,-0.2188183807440014,4396173.0
700,2022-03-28,4.55,4.57,4.47,4.54,-0.0199999999999995,-0.4385964912280604,3831137.0
700,2022-03-29,4.55,4.57,4.5,4.5,-0.04,-0.8810572687224627,3033200.0
700,2022-03-30,4.51,4.55,4.5,4.55,0.0499999999999998,1.1111111111111072,2927020.0
700,2022-03-31,4.53,4.54,4.49,4.51,-0.04,-0.879120879120876,3036600.0
700,2022-04-01,4.5,4.52,4.46,4.49,-0.0199999999999995,-0.4434589800443311,2489600.0
700,2022-04-06,4.49,4.59,4.47,4.57,0.08,1.7817371937639104,4600900.0
700,2022-04-07,4.54,4.59,4.49,4.53,-0.04,-0.8752735229759279,3380133.0
700,2022-04-08,4.51,4.51,4.41,4.49,-0.04,-0.8830022075055233,4994800.0
700,2022-04-11,4.45,4.45,4.34,4.42,-0.0700000000000002,-1.5590200445434357,4469500.0
700,2022-04-12,4.37,4.42,4.28,4.4,-0.0199999999999995,-0.4524886877827927,4940778.0
700,2022-04-13,4.39,4.39,4.32,4.32,-0.08,-1.8181818181818188,3174980.0
700,2022-04-14,4.35,4.37,4.29,4.31,-0.0100000000000006,-0.2314814814814991,3035200.0
700,2022-04-15,4.35,4.35,4.21,4.29,-0.0199999999999995,-0.4640371229698292,4342140.0
700,2022-04-18,4.26,4.42,4.26,4.4,0.1100000000000003,2.564102564102577,5246200.0
700,2022-04-19,4.44,4.47,4.4,4.42,0.0199999999999995,0.4545454545454408,4517201.0
700,2022-04-20,4.37,4.47,4.35,4.38,-0.04,-0.9049773755656076,3815500.0
700,2022-04-21,4.37,4.37,4.22,4.24,-0.1399999999999996,-3.1963470319634646,5048562.0
700,2022-04-22,4.26,4.26,4.15,4.22,-0.0200000000000004,-0.4716981132075526,3213187.0
700,2022-04-25,4.16,4.18,3.86,3.96,-0.2599999999999998,-6.16113744075829,7390500.0
700,2022-04-26,3.96,3.96,3.62,3.66,-0.2999999999999998,-7.575757575757569,8260122.0
700,2022-04-27,3.6,3.7,3.47,3.69,0.0299999999999998,0.8196721311475308,8446820.0
700,2022-04-28,3.75,3.87,3.6,3.67,-0.02,-0.5420054200542035,5878700.0
700,2022-04-29,3.61,3.99,3.61,3.93,0.2600000000000002,7.084468664850152,11048695.0
700,2022-05-05,4.1,4.32,4.1,4.32,0.3900000000000001,9.92366412213741,4694078.0
700,2022-05-06,4.4,4.5,4.27,4.31,-0.0100000000000006,-0.2314814814814991,24448194.0
700,2022-05-09,4.16,4.32,4.16,4.23,-0.0799999999999991,-1.856148491879328,14720763.0
700,2022-05-10,4.17,4.2,4.08,4.18,-0.0500000000000007,-1.1820330969267268,8357400.0
700,2022-05-11,4.17,4.3,4.17,4.2,0.0200000000000004,0.4784688995215447,10358000.0
700,2022-05-12,4.18,4.35,4.15,4.28,0.08,1.904761904761898,7881269.0
700,2022-05-13,4.28,4.45,4.26,4.37,0.0899999999999998,2.102803738317749,13430085.0
700,2022-05-16,4.38,4.52,4.38,4.41,0.04,0.9153318077803174,13840718.0
700,2022-05-17,4.42,4.47,4.34,4.44,0.0300000000000002,0.6802721088435382,11341265.0
700,2022-05-18,4.44,4.69,4.4,4.53,0.0899999999999998,2.0270270270270174,18303399.0
700,2022-05-19,4.49,4.57,4.45,4.55,0.0199999999999995,0.4415011037527394,12289547.0
700,2022-05-20,4.56,4.6,4.49,4.57,0.0200000000000004,0.4395604395604602,11356269.0
700,2022-05-23,4.57,4.69,4.57,4.69,0.1200000000000001,2.6258205689277947,12360097.0
700,2022-05-24,4.69,4.83,4.5,4.54,-0.1500000000000003,-3.198294243070366,18921567.0
700,2022-05-25,4.5,4.65,4.5,4.64,0.0999999999999996,2.2026431718061623,9871156.0
700,2022-05-26,4.65,4.7,4.49,4.61,-0.0299999999999993,-0.6465517241379226,8432838.0
700,2022-05-27,4.61,4.64,4.52,4.56,-0.0500000000000007,-1.084598698481576,6525700.0
700,2022-05-30,4.59,4.64,4.52,4.56,0.0,0.0,5905700.0
700,2022-05-31,4.57,4.73,4.5,4.6,0.04,0.8771929824561431,13039184.0
700,2022-06-01,4.58,4.73,4.54,4.65,0.0500000000000007,1.0869565217391353,16357768.0
700,2022-06-02,4.64,4.89,4.6,4.81,0.1599999999999992,3.4408602150537426,19602743.0
700,2022-06-06,4.8,4.88,4.75,4.78,-0.0299999999999993,-0.6237006237006071,15397400.0
700,2022-06-07,4.75,4.8,4.66,4.7,-0.08,-1.673640167364021,9083600.0
700,2022-06-08,4.68,4.74,4.57,4.73,0.0300000000000002,0.6382978723404209,9730400.0
700,2022-06-09,4.73,4.94,4.66,4.7,-0.0300000000000002,-0.634249471458781,29132702.0
700,2022-06-10,4.62,4.83,4.61,4.79,0.0899999999999998,1.9148936170212627,21266921.0
700,2022-06-13,4.8,4.87,4.71,4.78,-0.0099999999999997,-0.2087682672233803,14490840.0
700,2022-06-14,4.77,4.92,4.67,4.9,0.1200000000000001,2.510460251046021,19384000.0
700,2022-06-15,4.92,5.39,4.9,5.39,0.4899999999999993,9.999999999999986,27090488.0
700,2022-06-16,5.65,5.75,5.18,5.23,-0.1599999999999992,-2.9684601113172393,94606414.0
700,2022-06-17,5.03,5.68,5.03,5.43,0.1999999999999993,3.824091778202665,79219024.0
700,2022-06-20,5.36,5.46,5.21,5.26,-0.1699999999999999,-3.130755064456725,54942005.0
700,2022-06-21,5.22,5.31,5.13,5.2,-0.0599999999999996,-1.1406844106463754,34224401.0
700,2022-06-22,5.2,5.72,5.18,5.72,0.5199999999999996,9.999999999999986,74433526.0
700,2022-06-23,5.79,6.29,5.72,5.82,0.1000000000000005,1.74825174825175,130459903.0
700,2022-06-24,5.77,5.95,5.58,5.73,-0.0899999999999998,-1.546391752577314,76387659.0
700,2022-06-27,5.68,5.85,5.48,5.77,0.0399999999999991,0.698080279232105,66424993.0
700,2022-06-28,5.66,5.73,5.56,5.68,-0.0899999999999998,-1.559792027729634,47678543.0
700,2022-06-29,5.69,5.7,5.19,5.2,-0.4799999999999995,-8.450704225352101,57803936.0
700,2022-06-30,5.16,5.3,5.11,5.21,0.0099999999999997,0.1923076923076916,31013493.0
700,2022-07-01,5.28,5.43,5.22,5.3,0.0899999999999998,1.7274472168905983,40655140.0
700,2022-07-04,5.23,5.29,5.15,5.22,-0.08,-1.5094339622641506,30245632.0
700,2022-07-05,5.22,5.32,5.14,5.21,-0.0099999999999997,-0.1915708812260441,20953963.0
700,2022-07-06,5.17,5.29,5.15,5.21,0.0,0.0,15701297.0
700,2022-07-07,5.23,5.32,5.18,5.28,0.0700000000000002,1.343570057581589,24286744.0
700,2022-07-08,5.26,5.41,5.22,5.3,0.0199999999999995,0.3787878787878673,19970818.0
700,2022-07-11,5.31,5.31,5.13,5.16,-0.1399999999999996,-2.6415094339622636,15952194.0
700,2022-07-12,5.16,5.2,5.03,5.04,-0.1200000000000001,-2.3255813953488413,16708643.0
700,2022-07-13,5.04,5.17,5.02,5.14,0.0999999999999996,1.984126984126977,13134659.0
700,2022-07-14,5.14,5.27,5.1,5.23,0.0900000000000007,1.7509727626459304,14181420.0
700,2022-07-15,5.2,5.31,5.16,5.17,-0.0600000000000005,-1.147227533460815,14327341.0
700,2022-07-18,5.21,5.43,5.2,5.43,0.2599999999999998,5.029013539651839,23983484.0
700,2022-07-19,5.43,5.63,5.38,5.52,0.0899999999999998,1.6574585635359185,33324013.0
700,2022-07-20,5.5,5.56,5.42,5.48,-0.0399999999999991,-0.7246376811594013,16711000.0
700,2022-07-21,5.45,5.57,5.35,5.48,0.0,0.0,21367882.0
700,2022-07-22,5.56,5.64,5.44,5.52,0.0399999999999991,0.7299270072992581,20673070.0
700,2022-07-25,5.61,5.65,5.47,5.53,0.0100000000000006,0.1811594202898669,19583300.0
700,2022-07-26,5.47,5.61,5.37,5.59,0.0599999999999996,1.0849909584086823,19320252.0
700,2022-07-27,5.54,5.73,5.53,5.69,0.1000000000000005,1.7889087656529634,22933953.0
700,2022-07-28,5.8,5.8,5.68,5.7,0.0099999999999997,0.1757469244288101,19069300.0
700,2022-07-29,5.72,5.78,5.66,5.71,0.0099999999999997,0.1754385964912286,16998102.0
700,2022-08-01,5.69,5.79,5.59,5.72,0.0099999999999997,0.1751313485113703,16672900.0
700,2022-08-02,5.66,5.72,5.33,5.41,-0.3099999999999996,-5.4195804195804165,22222784.0
700,2022-08-03,5.43,5.63,5.24,5.27,-0.1400000000000005,-2.5878003696857776,19707084.0
700,2022-08-04,5.28,5.39,5.17,5.28,0.0100000000000006,0.189753320683117,14177811.0
700,2022-08-05,5.27,5.39,5.17,5.27,-0.0100000000000006,-0.1893939393939558,13329736.0
700,2022-08-08,5.28,5.8,5.24,5.8,0.5300000000000002,10.056925996204937,27637753.0
700,2022-08-09,5.93,6.02,5.73,5.8,0.0,0.0,75064482.0
700,2022-08-10,5.79,5.94,5.67,5.84,0.04,0.6896551724137945,49834845.0
700,2022-08-11,5.87,5.88,5.75,5.8,-0.04,-0.6849315068493178,29981340.0
700,2022-08-12,5.81,5.85,5.67,5.69,-0.1099999999999994,-1.8965517241379184,26047610.0
700,2022-08-15,5.69,5.73,5.63,5.7,0.0099999999999997,0.1757469244288101,18631720.0
700,2022-08-16,5.69,5.85,5.68,5.83,0.1299999999999999,2.280701754385972,36727732.0
700,2022-08-17,5.83,5.97,5.76,5.84,0.0099999999999997,0.1715265866209181,27520631.0
700,2022-08-18,5.83,5.94,5.78,5.88,0.04,0.6849315068493178,27248389.0
700,2022-08-19,5.89,5.89,5.69,5.71,-0.1699999999999999,-2.8911564625850317,22824004.0
700,2022-08-22,5.71,5.77,5.62,5.74,0.0300000000000002,0.5253940455341555,16974181.0
700,2022-08-23,5.94,6.31,5.88,6.31,0.5699999999999994,9.93031358885017,70273862.0
700,2022-08-24,6.42,6.52,5.94,5.99,-0.3199999999999994,-5.071315372424712,98984646.0
700,2022-08-25,6.09,6.1,5.61,5.82,-0.1699999999999999,-2.8380634390651083,53319333.0
700,2022-08-26,5.95,5.98,5.7,5.73,-0.0899999999999998,-1.546391752577314,28583082.0
700,2022-08-29,5.56,5.71,5.5,5.66,-0.0700000000000002,-1.221640488656195,22101835.0
700,2022-08-30,5.66,5.79,5.59,5.68,0.0199999999999995,0.3533568904593664,23812236.0
700,2022-08-31,5.62,5.67,5.38,5.4,-0.2799999999999993,-4.929577464788726,26237724.0
700,2022-09-01,5.42,5.53,5.41,5.47,0.0699999999999994,1.2962962962962843,15378379.0
700,2022-09-02,5.5,5.63,5.46,5.59,0.1200000000000001,2.1937842778793515,15930871.0
700,2022-09-05,5.6,5.61,5.48,5.56,-0.0300000000000002,-0.536672629695889,12150514.0
700,2022-09-06,5.56,5.64,5.49,5.63,0.0700000000000002,1.25899280575541,13562157.0
700,2022-09-07,5.6,5.76,5.59,5.75,0.1200000000000001,2.131438721136769,19582424.0
700,2022-09-08,5.73,5.88,5.66,5.68,-0.0700000000000002,-1.2173913043478255,18456850.0
700,2022-09-09,5.75,5.75,5.54,5.58,-0.0999999999999996,-1.7605633802816878,13907187.0
700,2022-09-13,5.59,5.68,5.51,5.55,-0.0300000000000002,-0.5376344086021501,11630353.0
700,2022-09-14,5.42,5.48,5.33,5.43,-0.1200000000000001,-2.1621621621621623,17048919.0
700,2022-09-15,5.47,5.48,5.05,5.11,-0.3199999999999994,-5.893186003683226,21786610.0
700,2022-09-16,5.11,5.13,4.95,4.98,-0.1299999999999999,-2.544031311154593,15106659.0
700,2022-09-19,5.0,5.0,4.81,4.88,-0.1000000000000005,-2.00803212851407,10824212.0
700,2022-09-20,4.96,5.06,4.88,4.99,0.1100000000000003,2.254098360655754,11231819.0
700,2022-09-21,4.99,5.06,4.87,5.04,0.0499999999999998,1.002004008016022,9472700.0
700,2022-09-22,4.98,5.06,4.93,4.98,-0.0599999999999996,-1.1904761904761862,8747682.0
700,2022-09-23,4.98,4.98,4.78,4.88,-0.1000000000000005,-2.00803212851407,11076996.0
700,2022-09-26,4.81,4.85,4.73,4.77,-0.1100000000000003,-2.254098360655743,8681200.0
700,2022-09-27,4.8,4.89,4.7,4.82,0.0500000000000007,1.048218029350112,11392181.0
700,2022-09-28,4.77,4.84,4.64,4.65,-0.1699999999999999,-3.526970954356845,10734900.0
700,2022-09-29,4.71,4.73,4.55,4.64,-0.0100000000000006,-0.2150537634408755,10196410.0
700,2022-09-30,4.59,4.64,4.49,4.58,-0.0599999999999996,-1.2931034482758563,8791972.0
700,2022-10-10,4.57,4.58,4.41,4.44,-0.1399999999999996,-3.056768558951961,7827998.0
700,2022-10-11,4.47,4.59,4.42,4.55,0.1099999999999994,2.4774774774774633,8004659.0
700,2022-10-12,4.59,4.71,4.5,4.7,0.1500000000000003,3.296703296703307,10091057.0
700,2022-10-13,4.73,4.8,4.69,4.78,0.08,1.7021276595744703,10276174.0
700,2022-10-14,4.78,4.86,4.75,4.85,0.0699999999999994,1.464435146443499,9051181.0
700,2022-10-17,5.19,5.19,4.97,5.1,0.25,5.154639175257736,37001001.0
700,2022-10-18,5.1,5.37,5.06,5.22,0.1200000000000001,2.35294117647058,31233181.0
700,2022-10-19,5.18,5.21,5.06,5.08,-0.1399999999999996,-2.6819923371647403,18091802.0
700,2022-10-20,5.05,5.08,4.95,5.01,-0.0700000000000002,-1.3779527559055205,14246800.0
700,2022-10-21,4.98,5.05,4.95,5.03,0.0200000000000004,0.3992015968063978,11299360.0
700,2022-10-24,5.05,5.36,5.04,5.18,0.1499999999999994,2.9821073558647937,28844027.0
700,2022-10-25,5.1,5.35,5.09,5.3,0.1200000000000001,2.316602316602312,24063400.0
700,2022-10-26,5.3,5.36,5.25,5.28,-0.0199999999999995,-0.3773584905660265,17242135.0
700,2022-10-27,5.32,5.45,5.32,5.36,0.08,1.5151515151515138,18603474.0
700,2022-10-28,5.32,5.35,5.1,5.12,-0.2400000000000002,-4.477611940298509,18669273.0
700,2022-10-31,5.2,5.37,5.2,5.28,0.1600000000000001,3.125,21013100.0
700,2022-11-01,5.31,5.36,5.25,5.33,0.0499999999999998,0.9469696969697016,15939141.0
700,2022-11-02,5.34,5.54,5.32,5.5,0.1699999999999999,3.1894934333958735,24036415.0
700,2022-11-03,5.42,5.54,5.4,5.51,0.0099999999999997,0.1818181818181719,14025204.0
700,2022-11-04,5.53,5.84,5.45,5.66,0.1500000000000003,2.722323049001818,35758796.0
700,2022-11-07,5.7,5.73,5.6,5.66,0.0,0.0,16661131.0
700,2022-11-08,5.63,5.68,5.55,5.6,-0.0600000000000005,-1.0600706713780994,13551923.0
700,2022-11-09,5.58,5.64,5.52,5.58,-0.0199999999999995,-0.3571428571428447,9960880.0
700,2022-11-10,5.53,5.58,5.49,5.53,-0.0499999999999998,-0.8960573476702427,12616765.0
700,2022-11-11,5.62,5.69,5.52,5.56,0.0299999999999993,0.5424954792043302,15751189.0
700,2022-11-14,5.54,5.57,5.44,5.46,-0.0999999999999996,-1.7985611510791255,10768423.0
700,2022-11-15,5.46,5.57,5.44,5.57,0.1100000000000003,2.0146520146520297,12692889.0
700,2022-11-16,5.57,5.64,5.47,5.5,-0.0700000000000002,-1.25673249551167,10650300.0
700,2022-11-17,5.52,5.52,5.45,5.5,0.0,0.0,9296500.0
700,2022-11-18,5.5,5.52,5.4,5.41,-0.0899999999999998,-1.6363636363636358,14501214.0
700,2022-11-21,5.37,5.49,5.34,5.47,0.0599999999999996,1.109057301293892,10843206.0
700,2022-11-22,5.5,5.5,5.35,5.39,-0.08,-1.4625228519195677,9361100.0
700,2022-11-23,5.41,5.43,5.23,5.35,-0.04,-0.7421150278293154,10592800.0
700,2022-11-24,5.02,5.08,4.82,4.82,-0.5299999999999994,-9.906542056074752,53253325.0
700,2022-11-25,4.8,4.91,4.75,4.83,0.0099999999999997,0.207468879668049,31557220.0
700,2022-11-28,4.75,4.82,4.67,4.8,-0.0300000000000002,-0.6211180124223614,14991002.0
700,2022-11-29,4.78,4.87,4.77,4.85,0.0499999999999998,1.041666666666674,11675737.0
700,2022-11-30,4.84,5.1,4.82,5.03,0.1800000000000006,3.711340206185576,24671936.0
700,2022-12-01,5.03,5.1,4.9,4.95,-0.08,-1.5904572564612307,15698229.0
700,2022-12-02,4.99,4.99,4.92,4.95,0.0,0.0,9490100.0
700,2022-12-05,4.94,4.99,4.93,4.99,0.04,0.8080808080808133,10078929.0
700,2022-12-06,4.99,4.99,4.9,4.92,-0.0700000000000002,-1.4028056112224463,9457400.0
700,2022-12-07,4.94,4.97,4.9,4.93,0.0099999999999997,0.2032520325203179,7127073.0
700,2022-12-08,4.93,4.94,4.87,4.88,-0.0499999999999998,-1.0141987829614618,10063764.0
700,2022-12-09,4.9,4.9,4.8,4.82,-0.0599999999999996,-1.2295081967213073,11480336.0
700,2022-12-12,4.82,4.87,4.77,4.84,0.0199999999999995,0.4149377593360981,9866300.0
700,2022-12-13,4.82,4.83,4.72,4.73,-0.1099999999999994,-2.2727272727272596,13003089.0
700,2022-12-14,4.71,4.73,4.66,4.69,-0.04,-0.8456659619450302,8533538.0
700,2022-12-15,4.68,4.81,4.65,4.8,0.1099999999999994,2.3454157782515805,8865148.0
700,2022-12-16,4.8,4.82,4.69,4.69,-0.1099999999999994,-2.2916666666666585,7161491.0
700,2022-12-19,4.7,4.73,4.61,4.63,-0.0600000000000005,-1.279317697228155,7992129.0
700,2022-12-20,4.57,4.7,4.57,4.66,0.0300000000000002,0.6479481641468832,7260291.0
700,2022-12-21,4.7,4.7,4.56,4.59,-0.0700000000000002,-1.5021459227467893,7191512.0
700,2022-12-22,4.6,4.65,4.52,4.53,-0.0599999999999996,-1.3071895424836557,7544110.0
700,2022-12-23,4.53,4.57,4.48,4.54,0.0099999999999997,0.2207505518763808,6084564.0
700,2022-12-26,4.58,4.65,4.5,4.65,0.1100000000000003,2.422907488986792,7169226.0
700,2022-12-27,4.65,4.69,4.6,4.65,0.0,0.0,5984776.0
700,2022-12-28,4.61,4.64,4.55,4.59,-0.0600000000000005,-1.2903225806451757,8361436.0
700,2022-12-29,4.62,4.7,4.58,4.6,0.0099999999999997,0.2178649237472685,8669989.0
700,2022-12-30,4.64,4.69,4.61,4.64,0.04,0.8695652173912993,6081389.0
700,2023-01-03,4.63,4.74,4.61,4.72,0.08,1.724137931034475,9563615.0
700,2023-01-04,4.7,4.74,4.66,4.69,-0.0299999999999993,-0.6355932203389703,7687528.0
700,2023-01-05,4.7,4.73,4.66,4.7,0.0099999999999997,0.2132196162046851,8226905.0
700,2023-01-06,4.7,4.85,4.69,4.79,0.0899999999999998,1.9148936170212627,15752302.0
700,2023-01-09,4.78,4.95,4.78,4.91,0.1200000000000001,2.5052192066805867,16053427.0
700,2023-01-10,4.87,4.91,4.8,4.87,-0.04,-0.8146639511201648,18814454.0
700,2023-01-11,4.9,4.9,4.8,4.8,-0.0700000000000002,-1.4373716632443578,12495789.0
700,2023-01-12,4.8,4.87,4.79,4.84,0.04,0.8333333333333304,7497307.0
700,2023-01-13,4.88,5.32,4.81,5.32,0.4800000000000004,9.917355371900838,58149405.0
700,2023-01-16,5.16,5.28,5.12,5.14,-0.1800000000000006,-3.383458646616555,64692964.0
700,2023-01-17,5.18,5.26,5.13,5.21,0.0700000000000002,1.3618677042801508,42825344.0
700,2023-01-18,5.21,5.26,5.17,5.21,0.0,0.0,22954426.0
700,2023-01-19,5.17,5.2,5.11,5.16,-0.0499999999999998,-0.959692898272546,16189216.0
700,2023-01-20,5.15,5.2,5.14,5.18,0.0199999999999995,0.3875968992248069,14302400.0
700,2023-01-30,5.4,5.43,5.25,5.34,0.1600000000000001,3.088803088803082,45590780.0
700,2023-01-31,5.34,5.49,5.34,5.4,0.0600000000000005,1.1235955056179805,37180857.0
700,2023-02-01,5.38,5.43,5.34,5.42,0.0199999999999995,0.3703703703703542,25919491.0
700,2023-02-02,5.42,5.59,5.33,5.43,0.0099999999999997,0.1845018450184365,40919377.0
700,2023-02-03,5.48,5.58,5.34,5.41,-0.0199999999999995,-0.3683241252301905,28278143.0
700,2023-02-06,5.39,5.43,5.36,5.38,-0.0300000000000002,-0.5545286506469571,18986240.0
700,2023-02-07,5.39,5.44,5.36,5.42,0.04,0.743494423791824,16847734.0
700,2023-02-08,5.41,5.55,5.37,5.46,0.04,0.7380073800737907,22013467.0
700,2023-02-09,5.43,5.55,5.41,5.51,0.0499999999999998,0.9157509157509124,20877593.0
700,2023-02-10,5.5,5.61,5.44,5.49,-0.0199999999999995,-0.3629764065335661,18504071.0
700,2023-02-13,5.49,5.53,5.43,5.49,0.0,0.0,16404652.0
700,2023-02-14,5.48,5.51,5.44,5.47,-0.0200000000000004,-0.3642987249544704,12149615.0
700,2023-02-15,5.5,5.59,5.48,5.55,0.08,1.4625228519195677,20911705.0
700,2023-02-16,5.52,5.55,5.29,5.35,-0.2000000000000001,-3.603603603603611,23428771.0
700,2023-02-17,5.33,5.45,5.33,5.39,0.04,0.7476635514018781,18300390.0
700,2023-02-20,5.39,5.53,5.39,5.53,0.1400000000000005,2.5974025974025983,16336774.0
700,2023-02-21,5.53,5.62,5.49,5.57,0.04,0.723327305605781,19287433.0
700,2023-02-22,5.59,5.62,5.53,5.55,-0.0200000000000004,-0.3590664272890564,11680320.0
700,2023-02-23,5.55,5.65,5.53,5.58,0.0300000000000002,0.540540540540535,13471976.0
700,2023-02-24,5.6,5.6,5.46,5.51,-0.0700000000000002,-1.2544802867383575,11181402.0
700,2023-02-27,5.51,5.53,5.45,5.46,-0.0499999999999998,-0.907441016333932,7804791.0
700,2023-02-28,5.49,5.54,5.45,5.52,0.0599999999999996,1.098901098901095,10017481.0
700,2023-03-01,5.53,6.0,5.53,5.79,0.2700000000000004,4.891304347826098,56154274.0
700,2023-03-02,5.81,5.87,5.63,5.69,-0.0999999999999996,-1.7271157167530138,38302993.0
700,2023-03-03,5.64,5.69,5.55,5.57,-0.1200000000000001,-2.108963093145877,21877541.0
700,2023-03-06,5.59,5.61,5.47,5.51,-0.0600000000000005,-1.0771992818671583,16292173.0
700,2023-03-07,5.52,5.52,5.42,5.46,-0.0499999999999998,-0.907441016333932,16862682.0
700,2023-03-08,5.41,5.45,5.37,5.42,-0.04,-0.73260073260073,12961388.0
700,2023-03-09,5.41,5.42,5.32,5.34,-0.08,-1.4760147601476037,9214695.0
700,2023-03-10,5.31,5.41,5.26,5.26,-0.08,-1.4981273408239737,15118280.0
700,2023-03-13,5.21,5.29,5.2,5.27,0.0099999999999997,0.1901140684410496,8660304.0
700,2023-03-14,5.26,5.27,5.1,5.2,-0.0699999999999994,-1.3282732447817749,11624449.0
700,2023-03-15,5.24,5.36,5.24,5.35,0.1499999999999994,2.8846153846153744,12039300.0
700,2023-03-16,5.3,5.34,5.26,5.28,-0.0699999999999994,-1.3084112149532643,7205100.0
700,2023-03-17,5.34,5.35,5.24,5.35,0.0699999999999994,1.325757575757569,9897225.0
700,2023-03-20,5.33,5.38,5.28,5.29,-0.0599999999999996,-1.121495327102795,12280349.0
700,2023-03-21,5.31,5.38,5.27,5.37,0.08,1.512287334593565,8600201.0
700,2023-03-22,5.38,5.59,5.37,5.51,0.1399999999999996,2.607076350093096,19174068.0
700,2023-03-23,5.48,5.55,5.45,5.54,0.0300000000000002,0.5444646098003769,9389611.0
700,2023-03-24,5.52,5.56,5.48,5.52,-0.0200000000000004,-0.3610108303249149,8482283.0
700,2023-03-27,5.45,5.63,5.4,5.63,0.1100000000000003,1.9927536231884035,18516020.0
700,2023-03-28,5.61,5.67,5.55,5.56,-0.0700000000000002,-1.243339253996456,11630840.0
700,2023-03-29,5.57,5.61,5.51,5.52,-0.04,-0.7194244604316502,8048800.0
700,2023-03-30,5.55,5.56,5.48,5.53,0.0100000000000006,0.1811594202898669,6714122.0
700,2023-03-31,5.53,5.59,5.51,5.58,0.0499999999999998,0.9041591320072316,7395079.0
700,2023-04-03,5.59,5.65,5.53,5.63,0.0499999999999998,0.8960573476702427,10671938.0
700,2023-04-04,5.62,5.67,5.56,5.61,-0.0199999999999995,-0.3552397868561208,10782700.0
700,2023-04-06,5.59,5.6,5.43,5.46,-0.1500000000000003,-2.673796791443861,11873017.0
700,2023-04-07,5.48,5.53,5.44,5.49,0.0300000000000002,0.5494505494505475,6022390.0
700,2023-04-10,5.49,5.49,5.29,5.3,-0.1900000000000004,-3.460837887067403,12034112.0
700,2023-04-11,5.31,5.34,5.25,5.31,0.0099999999999997,0.1886792452830077,6532794.0
700,2023-04-12,5.35,5.39,5.3,5.35,0.04,0.7532956685499137,6052862.0
700,2023-04-13,5.37,5.38,5.25,5.28,-0.0699999999999994,-1.3084112149532643,6444100.0
700,2023-04-14,5.28,5.33,5.25,5.31,0.0299999999999993,0.5681818181818121,5598349.0
700,2023-04-17,5.31,5.38,5.3,5.36,0.0500000000000007,0.941619585687392,6147700.0
700,2023-04-18,5.38,5.39,5.32,5.33,-0.0300000000000002,-0.5597014925373234,4906769.0
700,2023-04-19,5.35,5.42,5.3,5.38,0.0499999999999998,0.9380863039399668,8223557.0
700,2023-04-20,5.38,5.38,5.21,5.24,-0.1399999999999996,-2.6022304832713727,7838957.0
700,2023-04-21,5.24,5.28,5.13,5.18,-0.0600000000000005,-1.1450381679389388,6983610.0
700,2023-04-24,5.14,5.22,4.99,5.22,0.04,0.7722007722007707,9287663.0
700,2023-04-25,5.15,5.2,4.96,5.05,-0.1699999999999999,-3.256704980842906,11366592.0
700,2023-04-26,5.0,5.1,5.0,5.04,-0.0099999999999997,-0.1980198019801982,7198283.0
700,2023-04-27,5.04,5.08,4.96,4.96,-0.08,-1.5873015873015928,8107162.0
700,2023-04-28,4.98,5.06,4.95,5.04,0.08,1.6129032258064502,6048551.0
700,2023-05-04,5.04,5.13,5.04,5.13,0.0899999999999998,1.7857142857142794,7582353.0
700,2023-05-05,5.11,5.11,4.9,4.93,-0.2000000000000001,-3.898635477582846,12293067.0
700,2023-05-08,4.95,5.04,4.92,4.95,0.0200000000000004,0.405679513184598,6739328.0
700,2023-05-09,4.94,4.95,4.86,4.88,-0.0700000000000002,-1.4141414141414232,7158804.0
700,2023-05-10,4.84,5.02,4.84,5.02,0.1399999999999996,2.86885245901638,10060975.0
700,2023-05-11,5.03,5.04,4.98,5.03,0.0100000000000006,0.199203187251018,4483424.0
700,2023-05-12,5.03,5.04,4.98,4.99,-0.04,-0.7952286282306154,3460038.0
700,2023-05-15,4.99,5.06,4.94,5.06,0.0699999999999994,1.4028056112224352,5588828.0
700,2023-05-16,5.08,5.08,4.93,4.93,-0.1299999999999999,-2.569169960474305,6723078.0
700,2023-05-17,4.91,4.98,4.9,4.97,0.04,0.8113590263691739,3989230.0
700,2023-05-18,4.99,5.02,4.94,4.98,0.0100000000000006,0.201207243460777,4389842.0
700,2023-05-19,4.96,5.02,4.95,5.0,0.0199999999999995,0.401606425702794,3599700.0
700,2023-05-22,4.98,5.02,4.97,5.01,0.0099999999999997,0.2000000000000001,3202601.0
700,2023-05-23,5.0,5.06,4.97,4.98,-0.0299999999999993,-0.5988023952095634,5102538.0
700,2023-05-24,4.93,4.98,4.92,4.93,-0.0500000000000007,-1.0040160642570406,4323800.0
700,2023-05-25,4.92,4.96,4.84,4.91,-0.0199999999999995,-0.4056795131845758,4649338.0
700,2023-05-26,4.88,5.06,4.84,5.02,0.1099999999999994,2.240325865580428,7398242.0
700,2023-05-29,5.05,5.05,4.92,4.95,-0.0699999999999994,-1.3944223107569598,4854081.0
700,2023-05-30,4.94,5.04,4.91,5.01,0.0599999999999996,1.2121212121211975,5266728.0
700,2023-05-31,5.03,5.03,4.94,4.95,-0.0599999999999996,-1.197604790419149,3665262.0
700,2023-06-01,4.93,4.97,4.92,4.94,-0.0099999999999997,-0.2020202020201922,4120602.0
700,2023-06-02,4.92,4.97,4.92,4.96,0.0199999999999995,0.4048582995951344,5628090.0
700,2023-06-05,4.99,5.0,4.92,4.98,0.0200000000000004,0.4032258064516236,4811446.0
700,2023-06-06,4.99,5.01,4.89,4.9,-0.08,-1.6064257028112428,7116779.0
700,2023-06-07,4.9,4.91,4.84,4.86,-0.04,-0.8163265306122436,6107819.0
700,2023-06-08,4.84,4.93,4.82,4.86,0.0,0.0,4793114.0
700,2023-06-09,4.88,4.94,4.86,4.9,0.04,0.8230452674897082,5670482.0
700,2023-06-12,4.91,5.15,4.88,5.12,0.2199999999999997,4.489795918367334,23351635.0
700,2023-06-13,5.4,5.55,5.29,5.34,0.2199999999999997,4.296875,44024819.0
700,2023-06-14,5.42,5.58,5.33,5.36,0.0200000000000004,0.3745318352059934,26924940.0
700,2023-06-15,5.37,5.41,5.3,5.36,0.0,0.0,14993468.0
700,2023-06-16,5.36,5.4,5.28,5.35,-0.0100000000000006,-0.1865671641791189,12096082.0
700,2023-06-19,5.28,5.6,5.28,5.41,0.0600000000000005,1.1214953271028172,24326167.0
700,2023-06-20,5.42,5.46,5.34,5.42,0.0099999999999997,0.1848428835489857,12349594.0
700,2023-06-21,5.4,5.52,5.37,5.41,-0.0099999999999997,-0.1845018450184476,13719050.0
700,2023-06-26,5.48,5.58,5.39,5.42,0.0099999999999997,0.1848428835489857,15585932.0
700,2023-06-27,5.4,5.51,5.38,5.48,0.0600000000000005,1.1070110701107083,12883290.0
700,2023-06-28,5.49,5.54,5.41,5.49,0.0099999999999997,0.1824817518248034,12207192.0
700,2023-06-29,5.5,5.55,5.47,5.5,0.0099999999999997,0.1821493624772241,11059045.0
700,2023-06-30,5.5,5.59,5.45,5.58,0.08,1.454545454545464,12444974.0
700,2023-07-03,5.61,5.68,5.54,5.57,-0.0099999999999997,-0.1792114695340463,12216269.0
700,2023-07-04,5.58,5.82,5.56,5.77,0.1999999999999993,3.590664272890476,26755322.0
700,2023-07-05,5.76,6.11,5.7,5.83,0.0600000000000005,1.0398613518197708,49776904.0
700,2023-07-06,5.8,6.0,5.79,5.87,0.04,0.6861063464836947,26554039.0
700,2023-07-07,5.85,5.94,5.78,5.82,-0.0499999999999998,-0.8517887563884163,17077957.0
700,2023-07-10,5.81,5.89,5.7,5.74,-0.08,-1.3745704467354014,22095596.0
700,2023-07-11,5.76,5.94,5.7,5.93,0.1899999999999995,3.3101045296167086,20109136.0
700,2023-07-12,5.9,6.04,5.87,5.89,-0.04,-0.6745362563237767,18252993.0
700,2023-07-13,5.9,5.91,5.74,5.84,-0.0499999999999998,-0.8488964346349714,13244739.0
700,2023-07-14,5.84,5.85,5.69,5.79,-0.0499999999999998,-0.8561643835616417,12130808.0
700,2023-07-17,5.78,5.79,5.66,5.74,-0.0499999999999998,-0.8635578583765069,8750566.0
700,2023-07-18,5.76,5.88,5.69,5.87,0.1299999999999999,2.2648083623693305,10614236.0
700,2023-07-19,5.85,5.96,5.81,5.95,0.08,1.362862010221466,12364600.0
700,2023-07-20,5.95,5.98,5.75,5.76,-0.1900000000000004,-3.1932773109243806,11914563.0
700,2023-07-21,5.75,5.76,5.6,5.65,-0.1099999999999994,-1.90972222222221,12316449.0
700,2023-07-24,5.64,5.74,5.62,5.7,0.0499999999999998,0.8849557522123908,9099885.0
700,2023-07-25,5.75,6.27,5.73,6.15,0.4500000000000002,7.8947368421052655,67969275.0
700,2023-07-26,6.15,6.19,5.96,6.0,-0.1500000000000003,-2.4390243902439046,32328500.0
700,2023-07-27,6.03,6.14,5.97,5.99,-0.0099999999999997,-0.1666666666666594,16889819.0
700,2023-07-28,6.0,6.59,5.96,6.59,0.5999999999999996,10.016694490818034,67376971.0
700,2023-07-31,6.8,7.25,6.66,7.12,0.5300000000000002,8.042488619119892,149260508.0
700,2023-08-01,6.95,7.19,6.88,7.01,-0.1100000000000003,-1.54494382022472,75473841.0
700,2023-08-02,6.9,7.48,6.78,7.26,0.25,3.566333808844502,87471574.0
700,2023-08-03,7.15,7.26,7.01,7.11,-0.1499999999999994,-2.066115702479332,48848044.0
700,2023-08-04,7.14,7.17,6.95,7.11,0.0,0.0,44367178.0
700,2023-08-07,7.02,7.45,6.96,7.4,0.29,4.078762306610417,64589447.0
700,2023-08-08,7.35,8.14,7.31,7.83,0.4299999999999997,5.810810810810807,88027593.0
700,2023-08-09,7.73,7.88,7.35,7.44,-0.3899999999999997,-4.980842911877392,63324110.0
700,2023-08-10,7.5,7.58,7.26,7.32,-0.1200000000000001,-1.6129032258064502,36049323.0
700,2023-08-11,7.29,7.46,7.12,7.12,-0.2000000000000001,-2.732240437158473,25557090.0
700,2023-08-14,7.03,7.16,6.9,7.09,-0.0300000000000002,-0.4213483146067398,29220215.0
700,2023-08-15,7.07,7.07,6.85,6.9,-0.1899999999999995,-2.6798307475317307,22467234.0
700,2023-08-16,6.89,6.91,6.65,6.67,-0.2300000000000004,-3.3333333333333437,22733635.0
700,2023-08-17,6.74,7.02,6.53,6.9,0.2300000000000004,3.4482758620689724,30254636.0
700,2023-08-18,6.91,6.97,6.6,6.65,-0.25,-3.6231884057971064,18559868.0
700,2023-08-21,6.64,6.81,6.5,6.56,-0.0900000000000007,-1.353383458646629,18979240.0
700,2023-08-22,6.57,6.78,6.46,6.68,0.1200000000000001,1.8292682926829285,16178793.0
700,2023-08-23,6.62,6.66,6.47,6.53,-0.1499999999999994,-2.2455089820359153,16305551.0
700,2023-08-24,6.61,6.9,6.46,6.72,0.1899999999999995,2.9096477794793074,29285591.0
700,2023-08-25,6.72,6.79,6.48,6.53,-0.1899999999999995,-2.8273809523809423,20857771.0
700,2023-08-28,6.84,6.84,6.4,6.4,-0.1299999999999999,-1.9908116385911168,22008074.0
700,2023-08-29,6.4,7.04,6.35,7.04,0.6399999999999997,9.999999999999986,44340543.0
700,2023-08-30,7.05,7.21,6.97,7.04,0.0,0.0,36752723.0
700,2023-08-31,7.07,7.44,6.97,7.23,0.1900000000000004,2.6988636363636465,37511400.0
700,2023-09-01,7.24,7.38,7.12,7.35,0.1199999999999992,1.6597510373443924,25186772.0
700,2023-09-04,7.29,7.5,7.15,7.29,-0.0599999999999996,-0.8163265306122436,21429400.0
700,2023-09-05,7.27,7.5,7.22,7.29,0.0,0.0,20613723.0
700,2023-09-06,7.21,7.34,7.12,7.18,-0.1100000000000003,-1.5089163237311465,16391000.0
700,2023-09-07,7.12,7.24,6.99,7.02,-0.1600000000000001,-2.228412256267409,13513501.0
700,2023-09-08,7.02,7.42,6.98,7.26,0.2400000000000002,3.418803418803429,24943072.0
700,2023-09-11,7.25,7.55,7.21,7.43,0.1699999999999999,2.3415977961432466,21962212.0
700,2023-09-12,7.42,7.55,7.37,7.42,-0.0099999999999997,-0.1345895020188448,18349155.0
700,2023-09-13,7.38,7.4,7.14,7.2,-0.2199999999999997,-2.96495956873315,17864900.0
700,2023-09-14,7.23,7.24,7.0,7.06,-0.1400000000000005,-1.9444444444444489,13641252.0
700,2023-09-15,7.14,7.15,6.98,7.02,-0.04,-0.5665722379603388,10469284.0
700,2023-09-18,6.98,7.32,6.9,7.16,0.1400000000000005,1.9943019943019944,15985038.0
700,2023-09-19,7.17,7.22,7.02,7.08,-0.08,-1.1173184357541888,8884700.0
700,2023-09-20,6.97,7.12,6.93,7.05,-0.0300000000000002,-0.4237288135593209,8596900.0
700,2023-09-21,7.02,7.09,6.86,6.89,-0.1600000000000001,-2.269503546099294,11622318.0
700,2023-09-22,6.9,6.99,6.8,6.92,0.0300000000000002,0.4354136429608246,8253112.0
700,2023-09-25,6.94,7.06,6.86,6.87,-0.0499999999999998,-0.7225433526011571,10226496.0
700,2023-09-26,6.88,6.93,6.75,6.79,-0.08,-1.1644832605531286,10504281.0
700,2023-09-27,6.77,6.82,6.69,6.71,-0.08,-1.178203240058906,8328738.0
700,2023-09-28,6.72,7.04,6.72,6.91,0.2000000000000001,2.980625931445613,18629750.0
700,2023-10-09,6.94,7.24,6.94,7.06,0.1499999999999994,2.170767004341534,22530678.0
700,2023-10-10,7.01,7.01,6.77,6.94,-0.1199999999999992,-1.6997167138810054,16452913.0
700,2023-10-11,6.97,7.04,6.74,7.02,0.0799999999999991,1.1527377521613813,19349881.0
700,2023-10-12,7.02,7.72,7.02,7.72,0.7000000000000002,9.971509971509974,59135389.0
700,2023-10-13,7.87,8.49,7.62,8.49,0.7700000000000005,9.97409326424872,88254640.0
700,2023-10-16,8.86,9.34,8.31,8.79,0.2999999999999989,3.5335689045936203,136101080.0
700,2023-10-17,8.18,8.51,8.0,8.35,-0.4399999999999995,-5.005688282138787,75199046.0
700,2023-10-18,8.16,8.98,8.15,8.72,0.370000000000001,4.431137724550904,86335740.0
700,2023-10-19,8.41,8.57,7.85,8.01,-0.7100000000000009,-8.142201834862394,78518288.0
700,2023-10-20,7.72,7.99,7.55,7.62,-0.3899999999999997,-4.868913857677903,50938783.0
700,2023-10-23,7.6,7.71,7.27,7.34,-0.2800000000000002,-3.6745406824147064,42971686.0
700,2023-10-24,7.35,7.64,7.33,7.61,0.2700000000000004,3.678474114441421,42431326.0
700,2023-10-25,7.75,8.28,7.72,8.11,0.4999999999999991,6.570302233902758,60530395.0
700,2023-10-26,8.23,8.47,8.01,8.34,0.2300000000000004,2.836004932182501,56039429.0
700,2023-10-27,8.42,8.63,8.28,8.41,0.0700000000000002,0.8393285371702586,50671185.0
700,2023-10-30,8.48,8.59,8.19,8.2,-0.2100000000000008,-2.497027348394776,46205973.0
700,2023-10-31,8.28,8.28,7.88,7.92,-0.2799999999999993,-3.4146341463414553,31855446.0
700,2023-11-01,7.93,8.08,7.78,7.95,0.0300000000000002,0.3787878787878895,30818729.0
700,2023-11-02,8.01,8.28,7.96,8.03,0.0799999999999991,1.0062893081761004,40314979.0
700,2023-11-03,8.11,8.33,7.94,8.05,0.0200000000000013,0.2490660024906832,34546005.0
700,2023-11-06,8.0,8.33,7.94,8.24,0.1899999999999995,2.360248447204971,39601513.0
700,2023-11-07,8.2,8.52,8.17,8.41,0.1699999999999999,2.0631067961164984,51009934.0
700,2023-11-08,8.36,8.88,8.33,8.69,0.2799999999999993,3.3293697978596937,73240732.0
700,2023-11-09,8.53,8.55,8.24,8.28,-0.4100000000000001,-4.718066743383198,46463223.0
700,2023-11-10,8.18,8.36,8.15,8.18,-0.0999999999999996,-1.207729468599028,23299430.0
700,2023-11-13,8.24,8.46,8.2,8.28,0.0999999999999996,1.222493887530551,31919636.0
700,2023-11-14,8.2,8.5,8.16,8.5,0.2200000000000006,2.657004830917886,38881542.0
700,2023-11-15,8.51,8.53,8.08,8.45,-0.0500000000000007,-0.5882352941176561,51655188.0
700,2023-11-16,8.66,9.3,8.57,8.72,0.2700000000000013,3.1952662721893565,96037193.0
700,2023-11-17,8.51,9.14,8.5,9.05,0.33,3.7844036697247674,80956486.0
700,2023-11-20,9.05,9.12,8.77,8.98,-0.0700000000000002,-0.7734806629834279,52169034.0
700,2023-11-21,8.93,9.04,8.66,8.67,-0.3100000000000005,-3.4521158129176,48005831.0
700,2023-11-22,8.62,8.69,8.5,8.53,-0.1400000000000005,-1.6147635524798254,30306928.0
700,2023-11-23,8.48,9.2,8.45,9.02,0.4900000000000002,5.744431418522855,57731037.0
700,2023-11-24,8.98,8.99,8.7,8.74,-0.2799999999999993,-3.104212860310418,30635567.0
700,2023-11-27,8.74,8.82,8.52,8.7,-0.0400000000000009,-0.4576659038901698,27137714.0
700,2023-11-28,8.68,8.77,8.57,8.77,0.0700000000000002,0.8045977011494232,22445199.0
700,2023-11-29,8.82,8.84,8.56,8.59,-0.1799999999999997,-2.052451539338651,21451072.0
700,2023-11-30,8.59,8.59,7.73,7.93,-0.6600000000000001,-7.683352735739235,59178209.0
700,2023-12-01,7.95,7.99,7.74,7.79,-0.1399999999999996,-1.7654476670870056,32882949.0
700,2023-12-04,7.75,7.9,7.57,7.83,0.04,0.5134788189987249,27836096.0
700,2023-12-05,7.76,7.78,7.52,7.53,-0.2999999999999998,-3.831417624521072,25980881.0
700,2023-12-06,7.45,7.6,7.32,7.37,-0.1600000000000001,-2.1248339973439556,30039338.0
700,2023-12-07,7.38,7.43,7.22,7.23,-0.1399999999999996,-1.8995929443690551,25680146.0
700,2023-12-08,7.26,7.29,7.1,7.13,-0.1000000000000005,-1.3831258644536717,21885688.0
700,2023-12-11,7.11,7.31,7.05,7.29,0.1600000000000001,2.244039270687237,23518244.0
700,2023-12-12,7.28,7.53,7.23,7.5,0.2099999999999999,2.8806584362139898,36435103.0
700,2023-12-13,7.5,7.52,7.38,7.41,-0.0899999999999998,-1.200000000000001,20348400.0
700,2023-12-14,7.42,7.49,7.25,7.27,-0.1400000000000005,-1.889338731444001,16423170.0
700,2023-12-15,7.31,7.35,7.17,7.2,-0.0699999999999994,-0.9628610729023324,12807280.0
700,2023-12-18,7.19,7.37,7.15,7.2,0.0,0.0,15006381.0
700,2023-12-19,6.99,6.99,6.83,6.91,-0.29,-4.027777777777775,15753354.0
700,2023-12-20,6.92,7.05,6.9,6.92,0.0099999999999997,0.14471780028944,16404907.0
700,2023-12-21,6.87,7.09,6.77,7.01,0.0899999999999998,1.3005780346820872,23736900.0
700,2023-12-22,7.05,7.06,6.84,6.89,-0.1200000000000001,-1.7118402282453649,14988941.0
700,2023-12-25,6.96,7.05,6.85,6.94,0.0500000000000007,0.7256894049346929,14283800.0
700,2023-12-26,7.15,7.18,7.0,7.08,0.1399999999999996,2.0172910662824117,36418328.0
700,2023-12-27,7.08,7.08,6.71,6.81,-0.2700000000000004,-3.8135593220338992,34165458.0
700,2023-12-28,6.81,6.98,6.74,6.91,0.1000000000000005,1.468428781204123,25636407.0
700,2023-12-29,6.86,7.05,6.81,7.0,0.0899999999999998,1.302460202604916,22872637.0
700,2024-01-02,7.0,7.06,6.94,6.94,-0.0599999999999996,-0.8571428571428563,16466053.0
700,2024-01-03,6.95,6.95,6.73,6.8,-0.1400000000000005,-2.017291066282434,16084200.0
700,2024-01-04,6.82,6.82,6.62,6.66,-0.1399999999999996,-2.0588235294117574,19962602.0
700,2024-01-05,6.67,6.74,6.57,6.6,-0.0600000000000005,-0.9009009009009028,15716702.0
700,2024-01-08,6.61,6.63,6.51,6.52,-0.08,-1.2121212121212088,12976691.0
700,2024-01-09,6.53,6.65,6.42,6.5,-0.0199999999999995,-0.3067484662576669,18110738.0
700,2024-01-10,6.53,6.53,6.39,6.4,-0.0999999999999996,-1.538461538461533,11216868.0
700,2024-01-11,6.4,6.51,6.36,6.44,0.04,0.6250000000000089,20690089.0
700,2024-01-12,6.45,6.45,6.34,6.38,-0.0600000000000005,-0.9316770186335476,13469500.0
700,2024-01-15,6.36,6.43,6.26,6.35,-0.0300000000000002,-0.4702194357366851,15812774.0
700,2024-01-16,6.34,6.35,6.18,6.28,-0.0699999999999994,-1.1023622047244053,18911278.0
700,2024-01-17,6.26,6.27,6.04,6.04,-0.2400000000000002,-3.821656050955413,14117685.0
700,2024-01-18,6.03,6.11,5.77,5.95,-0.0899999999999998,-1.490066225165565,32462541.0
700,2024-01-19,5.94,6.02,5.88,5.88,-0.0700000000000002,-1.176470588235301,14706131.0
700,2024-01-22,5.89,5.96,5.53,5.58,-0.2999999999999998,-5.102040816326525,20741442.0
700,2024-01-23,5.6,5.62,5.46,5.6,0.0199999999999995,0.3584229390680926,17769697.0
700,2024-01-24,5.61,5.72,5.42,5.67,0.0700000000000002,1.2499999999999956,17445600.0
700,2024-01-25,5.67,5.85,5.6,5.85,0.1799999999999997,3.1746031746031633,21574835.0
700,2024-01-26,5.83,5.89,5.76,5.8,-0.0499999999999998,-0.8547008547008517,16335913.0
700,2024-01-29,5.81,5.85,5.61,5.65,-0.1499999999999994,-2.5862068965517127,14180861.0
700,2024-01-30,5.59,5.72,5.46,5.47,-0.1800000000000006,-3.1858407079646156,10967900.0
700,2024-01-31,5.5,5.51,5.19,5.26,-0.2099999999999999,-3.839122486288848,16931096.0
700,2024-02-01,5.18,5.28,5.06,5.15,-0.1099999999999994,-2.091254752851701,17313752.0
700,2024-02-02,5.15,5.3,4.7,4.88,-0.2700000000000004,-5.2427184466019465,21424845.0
700,2024-02-05,4.86,4.87,4.39,4.39,-0.4900000000000002,-10.040983606557386,28568449.0
700,2024-02-06,4.31,4.69,4.1,4.54,0.1500000000000003,3.4168564920273425,37886084.0
700,2024-02-07,4.57,4.78,4.44,4.59,0.0499999999999998,1.1013215859030812,38074848.0
700,2024-02-08,4.72,5.05,4.7,5.05,0.4599999999999999,10.02178649237473,33729088.0
700,2024-02-19,5.19,5.55,5.19,5.42,0.3700000000000001,7.326732673267333,56772092.0
700,2024-02-20,5.38,5.42,5.22,5.39,-0.0300000000000002,-0.5535055350553542,28909190.0
700,2024-02-21,5.32,5.77,5.3,5.53,0.1400000000000005,2.5974025974025983,40033453.0
700,2024-02-22,5.51,5.64,5.49,5.63,0.0999999999999996,1.8083182640144635,25661503.0
700,2024-02-23,5.66,5.91,5.6,5.88,0.25,4.440497335701599,30756405.0
700,2024-02-26,6.03,6.15,5.95,6.04,0.1600000000000001,2.7210884353741527,37639945.0
700,2024-02-27,6.03,6.24,6.0,6.23,0.1900000000000004,3.14569536423841,29203000.0
700,2024-02-28,6.26,6.27,5.67,5.7,-0.5300000000000002,-8.50722311396469,44678328.0
700,2024-02-29,5.67,6.07,5.66,6.07,0.3700000000000001,6.491228070175437,34168703.0
700,2024-03-01,6.06,6.25,6.04,6.15,0.08,1.317957166392092,28019158.0
700,2024-03-04,6.12,6.14,5.94,6.07,-0.08,-1.3008130081300862,25364829.0
700,2024-03-05,6.02,6.02,5.87,5.92,-0.1500000000000003,-2.471169686985175,20625933.0
700,2024-03-06,5.9,6.02,5.87,5.93,0.0099999999999997,0.1689189189189255,19201462.0
700,2024-03-07,5.97,6.02,5.84,5.85,-0.08,-1.3490725126475531,17496939.0
700,2024-03-08,5.86,5.92,5.79,5.87,0.0200000000000004,0.3418803418803406,12268375.0
700,2024-03-11,5.9,6.12,5.89,6.12,0.25,4.258943781942071,24002167.0
700,2024-03-12,6.18,6.47,6.12,6.4,0.2800000000000002,4.575163398692816,38822721.0
700,2024-03-13,6.51,6.93,6.41,6.73,0.33,5.156249999999996,70029450.0
700,2024-03-14,6.73,6.74,6.39,6.55,-0.1800000000000006,-2.6745913818722267,48562710.0
700,2024-03-15,6.47,6.99,6.43,6.99,0.4400000000000004,6.717557251908413,58890555.0
700,2024-03-18,7.1,7.16,6.83,6.99,0.0,0.0,57383400.0
700,2024-03-19,6.91,7.08,6.86,6.86,-0.1299999999999999,-1.859799713876964,35213993.0
700,2024-03-20,6.79,6.93,6.72,6.83,-0.0300000000000002,-0.4373177842565634,29865761.0
700,2024-03-21,6.85,6.87,6.72,6.78,-0.0499999999999998,-0.7320644216691097,25965588.0
700,2024-03-22,6.75,6.78,6.58,6.71,-0.0700000000000002,-1.03244837758113,28483845.0
700,2024-03-25,6.65,7.2,6.65,7.01,0.2999999999999998,4.470938897168408,66079380.0
700,2024-03-26,7.0,7.7,6.92,7.64,0.6299999999999999,8.987161198288153,115818656.0
700,2024-03-27,7.36,7.38,6.88,6.88,-0.7599999999999998,-9.947643979057585,71763847.0
700,2024-03-28,6.66,7.23,6.66,7.09,0.2099999999999999,3.052325581395343,56781767.0
700,2024-03-29,7.59,7.65,7.09,7.15,0.0600000000000005,0.8462623413258097,81585357.0
700,2024-04-01,7.18,7.46,7.07,7.31,0.1599999999999992,2.2377622377622197,73298733.0
700,2024-04-02,7.2,7.21,6.89,6.92,-0.3899999999999997,-5.335157318741446,59261946.0
700,2024-04-03,6.93,6.94,6.57,6.68,-0.2400000000000002,-3.4682080924855474,45446015.0
700,2024-04-08,6.67,6.75,6.39,6.4,-0.2799999999999993,-4.191616766467055,36428536.0
700,2024-04-09,6.39,6.5,6.38,6.45,0.0499999999999998,0.78125,20570512.0
700,2024-04-10,6.45,6.48,6.15,6.26,-0.1900000000000004,-2.945736434108537,24666268.0
700,2024-04-11,6.23,6.42,6.17,6.35,0.0899999999999998,1.437699680511173,20078943.0
700,2024-04-12,6.36,6.44,6.25,6.27,-0.08,-1.2598425196850394,16966970.0
700,2024-04-15,6.24,6.35,6.0,6.15,-0.1199999999999992,-1.913875598086112,24420562.0
700,2024-04-16,6.09,6.14,5.81,5.89,-0.2600000000000007,-4.227642276422772,24478360.0
700,2024-04-17,6.0,6.26,6.0,6.26,0.3700000000000001,6.281833616298815,23188709.0
700,2024-04-18,6.22,6.38,6.16,6.23,-0.0299999999999993,-0.4792332268370503,23316575.0
700,2024-04-19,6.18,6.33,6.16,6.19,-0.04,-0.6420545746388395,14827170.0
700,2024-04-22,6.13,6.24,6.04,6.15,-0.04,-0.646203554119551,12018030.0
700,2024-04-23,6.11,6.32,6.11,6.31,0.1599999999999992,2.60162601626015,18979888.0
700,2024-04-24,6.37,6.51,6.33,6.51,0.2000000000000001,3.1695721077654504,22815667.0
700,2024-04-25,6.43,6.51,6.35,6.37,-0.1399999999999996,-2.1505376344086,18470422.0
700,2024-04-26,6.3,6.67,6.29,6.61,0.2400000000000002,3.767660910518056,29403902.0
700,2024-04-29,6.78,6.86,6.61,6.74,0.1299999999999999,1.9667170953101332,36824458.0
700,2024-04-30,6.78,6.86,6.63,6.67,-0.0700000000000002,-1.0385756676557945,23569800.0
700,2024-05-06,6.8,6.94,6.78,6.91,0.2400000000000002,3.59820089955023,35374438.0
700,2024-05-07,6.91,6.93,6.75,6.78,-0.1299999999999999,-1.881331403762665,23890786.0
700,2024-05-08,6.6,6.6,6.25,6.39,-0.3900000000000005,-5.75221238938054,51222002.0
700,2024-05-09,6.39,6.58,6.37,6.49,0.1000000000000005,1.5649452269170585,24124170.0
700,2024-05-10,6.46,6.51,6.31,6.37,-0.1200000000000001,-1.8489984591679496,22112730.0
700,2024-05-13,6.25,6.28,6.1,6.13,-0.2400000000000002,-3.767660910518056,25534700.0
700,2024-05-14,6.13,6.21,5.98,6.07,-0.0599999999999996,-0.9787928221859588,30567352.0
700,2024-05-15,6.06,6.1,6.0,6.06,-0.0100000000000006,-0.1647446457990198,15692199.0
700,2024-05-16,6.08,6.14,6.05,6.08,0.0200000000000004,0.3300330033003451,17459900.0
700,2024-05-17,6.06,6.11,6.03,6.11,0.0300000000000002,0.4934210526315929,15873275.0
700,2024-05-20,6.09,6.13,6.06,6.08,-0.0300000000000002,-0.4909983633387904,18627000.0
700,2024-05-21,6.06,6.07,5.89,5.93,-0.1500000000000003,-2.4671052631578982,22078800.0
700,2024-05-22,5.91,6.02,5.91,5.94,0.0100000000000006,0.1686340640809636,13341845.0
700,2024-05-23,5.92,5.94,5.77,5.82,-0.1200000000000001,-2.020202020202022,15524068.0
700,2024-05-24,5.82,5.87,5.71,5.73,-0.0899999999999998,-1.546391752577314,10700200.0
700,2024-05-27,5.72,5.81,5.57,5.7,-0.0300000000000002,-0.5235602094240899,16339454.0
700,2024-05-28,5.7,5.74,5.59,5.61,-0.0899999999999998,-1.5789473684210464,11705100.0
700,2024-05-29,5.63,5.77,5.59,5.76,0.1499999999999994,2.6737967914438387,18165756.0
700,2024-05-30,5.75,5.78,5.66,5.76,0.0,0.0,15886400.0
700,2024-05-31,5.77,5.84,5.75,5.81,0.0499999999999998,0.868055555555558,16352916.0
700,2024-06-03,5.81,5.85,5.63,5.68,-0.1299999999999999,-2.2375215146299476,15252607.0
700,2024-06-04,5.65,5.7,5.59,5.67,-0.0099999999999997,-0.1760563380281632,12241765.0
700,2024-06-05,5.66,5.68,5.52,5.53,-0.1399999999999996,-2.4691358024691357,12216210.0
700,2024-06-06,5.53,5.57,5.32,5.35,-0.1800000000000006,-3.2549728752260476,18594846.0
700,2024-06-07,5.42,5.5,5.35,5.46,0.1100000000000003,2.056074766355142,13767413.0
700,2024-06-11,5.46,5.46,5.33,5.41,-0.0499999999999998,-0.9157509157509124,14186100.0
700,2024-06-12,5.42,5.48,5.38,5.46,0.0499999999999998,0.9242144177449064,9854416.0
700,2024-06-13,5.45,5.48,5.36,5.39,-0.0700000000000002,-1.2820512820512886,9494800.0
700,2024-06-14,5.38,5.43,5.31,5.38,-0.0099999999999997,-0.1855287569573205,8194600.0
700,2024-06-17,5.35,5.43,5.32,5.37,-0.0099999999999997,-0.1858736059479504,8165571.0
700,2024-06-18,5.37,5.6,5.36,5.6,0.2299999999999995,4.283054003724396,19090216.0
700,2024-06-19,5.61,5.62,5.45,5.45,-0.1499999999999994,-2.678571428571419,16114906.0
700,2024-06-20,5.46,5.46,5.22,5.23,-0.2199999999999997,-4.036697247706423,15081446.0
700,2024-06-21,5.23,5.37,5.19,5.32,0.0899999999999998,1.7208413001912115,10772106.0
700,2024-06-24,5.28,5.29,5.08,5.14,-0.1800000000000006,-3.383458646616555,14501316.0
700,2024-06-25,5.17,5.34,5.17,5.22,0.08,1.5564202334630295,12995600.0
700,2024-06-26,5.19,5.43,5.17,5.4,0.1800000000000006,3.4482758620689724,16815484.0
700,2024-06-27,5.37,5.4,5.21,5.22,-0.1800000000000006,-3.3333333333333437,13527173.0
700,2024-06-28,5.22,5.33,5.19,5.25,0.0300000000000002,0.5747126436781658,10931373.0
700,2024-07-01,5.24,5.32,5.17,5.3,0.0499999999999998,0.952380952380949,11626014.0
700,2024-07-02,5.34,5.41,5.3,5.34,0.04,0.7547169811320753,12643100.0
700,2024-07-03,5.37,5.47,5.28,5.3,-0.04,-0.7490636704119868,13965300.0
700,2024-07-04,5.3,5.38,5.16,5.18,-0.1200000000000001,-2.264150943396226,12117900.0
700,2024-07-05,5.16,5.22,5.07,5.19,0.0100000000000006,0.1930501930502037,10095067.0
700,2024-07-08,5.15,5.17,4.96,4.99,-0.2000000000000001,-3.853564547206167,14801500.0
700,2024-07-09,5.0,5.16,4.96,5.16,0.1699999999999999,3.4068136272545013,14518681.0
700,2024-07-10,5.14,5.31,5.11,5.25,0.0899999999999998,1.744186046511631,14455178.0
700,2024-07-11,5.7,5.78,5.57,5.78,0.5300000000000002,10.095238095238091,35220649.0
700,2024-07-12,5.91,5.96,5.76,5.89,0.1099999999999994,1.903114186851207,65838618.0
700,2024-07-15,5.86,5.98,5.81,5.87,-0.0199999999999995,-0.3395585738539819,34352127.0
700,2024-07-16,5.8,6.02,5.79,5.92,0.0499999999999998,0.8517887563884052,28900396.0
700,2024-07-17,5.9,5.92,5.67,5.69,-0.2299999999999995,-3.885135135135131,27678395.0
700,2024-07-18,5.65,5.76,5.53,5.72,0.0299999999999993,0.5272407732864526,20593388.0
700,2024-07-19,5.66,5.75,5.64,5.68,-0.04,-0.6993006993006978,16917750.0
700,2024-07-22,5.65,5.83,5.63,5.81,0.1299999999999999,2.2887323943661997,22154852.0
700,2024-07-23,5.82,5.86,5.62,5.64,-0.1699999999999999,-2.9259896729776247,15043100.0
700,2024-07-24,5.61,5.67,5.41,5.42,-0.2199999999999997,-3.900709219858156,18838388.0
700,2024-07-25,5.47,5.54,5.4,5.5,0.08,1.4760147601476037,16490676.0
700,2024-07-26,5.5,5.65,5.49,5.61,0.1100000000000003,2.0000000000000018,14162085.0
700,2024-07-29,5.61,5.66,5.55,5.62,0.0099999999999997,0.1782531194295833,11027823.0
700,2024-07-30,5.57,5.72,5.51,5.68,0.0599999999999996,1.0676156583629748,15101738.0
700,2024-07-31,5.65,5.89,5.64,5.87,0.1900000000000004,3.3450704225352235,21108134.0
700,2024-08-01,5.86,5.9,5.8,5.81,-0.0600000000000005,-1.0221465076661107,18428800.0
700,2024-08-02,5.79,5.86,5.71,5.72,-0.0899999999999998,-1.5490533562822706,14713000.0
700,2024-08-05,5.68,5.79,5.5,5.5,-0.2199999999999997,-3.846153846153843,19501600.0
700,2024-08-06,5.58,5.61,5.49,5.56,0.0599999999999996,1.0909090909090755,10740600.0
700,2024-08-07,5.56,5.59,5.52,5.56,0.0,0.0,9035900.0
700,2024-08-08,5.51,5.59,5.41,5.53,-0.0299999999999993,-0.5395683453237266,12084676.0
700,2024-08-09,5.54,5.62,5.51,5.51,-0.0200000000000004,-0.3616636528029016,8732600.0
700,2024-08-12,5.49,5.53,5.42,5.44,-0.0699999999999994,-1.270417422867498,7910900.0
700,2024-08-13,5.42,5.48,5.38,5.47,0.0299999999999993,0.5514705882352811,8002200.0
700,2024-08-14,5.45,5.48,5.41,5.41,-0.0599999999999996,-1.0968921389396646,5668100.0
700,2024-08-15,5.41,5.58,5.37,5.51,0.0999999999999996,1.8484288354898348,11700302.0
700,2024-08-16,5.53,5.54,5.46,5.49,-0.0199999999999995,-0.3629764065335661,7899500.0
700,2024-08-19,5.49,5.6,5.45,5.59,0.0999999999999996,1.821493624772308,11061405.0
700,2024-08-20,5.57,5.58,5.41,5.46,-0.1299999999999999,-2.3255813953488302,11233011.0
700,2024-08-21,5.43,5.49,5.43,5.45,-0.0099999999999997,-0.1831501831501825,6039619.0
700,2024-08-22,5.45,5.46,5.29,5.31,-0.1400000000000005,-2.5688073394495525,8593008.0
700,2024-08-23,5.31,5.46,5.29,5.46,0.1500000000000003,2.824858757062154,10671894.0
700,2024-08-26,5.43,5.59,5.43,5.54,0.08,1.46520146520146,9611366.0
700,2024-08-27,5.52,5.6,5.49,5.5,-0.04,-0.7220216606498187,10243100.0
700,2024-08-28,5.45,5.59,5.45,5.56,0.0599999999999996,1.0909090909090755,8166570.0
700,2024-08-29,5.53,5.75,5.53,5.71,0.1500000000000003,2.6978417266187105,16394783.0
700,2024-08-30,5.68,5.81,5.68,5.73,0.0200000000000004,0.3502626970227851,18362000.0
700,2024-09-02,5.77,5.82,5.71,5.74,0.0099999999999997,0.1745200698080262,21089182.0
700,2024-09-03,5.72,5.8,5.7,5.74,0.0,0.0,11316150.0
700,2024-09-04,5.71,5.73,5.64,5.67,-0.0700000000000002,-1.2195121951219523,11568002.0
700,2024-09-05,5.68,5.77,5.68,5.74,0.0700000000000002,1.2345679012345734,10917300.0
700,2024-09-06,5.71,5.76,5.61,5.63,-0.1100000000000003,-1.9163763066202155,8361800.0
700,2024-09-09,5.6,5.66,5.55,5.62,-0.0099999999999997,-0.1776198934280604,8331838.0
700,2024-09-10,5.62,5.64,5.49,5.62,0.0,0.0,10906256.0
700,2024-09-11,5.58,5.68,5.56,5.62,0.0,0.0,8494400.0
700,2024-09-12,5.61,5.67,5.52,5.53,-0.0899999999999998,-1.6014234875444844,7279056.0
700,2024-09-13,5.55,5.55,5.44,5.44,-0.0899999999999998,-1.6274864376130127,7049650.0
700,2024-09-18,5.44,5.49,5.34,5.44,0.0,0.0,7222100.0
700,2024-09-19,5.46,5.59,5.43,5.57,0.1299999999999999,2.389705882352944,9277600.0
700,2024-09-20,5.6,5.65,5.55,5.61,0.04,0.7181328545780907,7863100.0
700,2024-09-23,5.58,5.64,5.56,5.6,-0.0100000000000006,-0.1782531194296055,6171122.0
700,2024-09-24,5.62,5.8,5.6,5.79,0.1900000000000004,3.392857142857153,17998226.0
700,2024-09-25,5.85,5.96,5.78,5.79,0.0,0.0,23099172.0
700,2024-09-26,5.76,5.97,5.74,5.97,0.1799999999999997,3.1088082901554293,19417800.0
700,2024-09-27,6.02,6.34,6.02,6.23,0.2600000000000007,4.355108877721947,33020384.0
700,2024-09-30,6.56,6.84,6.36,6.8,0.5699999999999994,9.14927768860352,52129115.0
700,2024-10-08,7.48,7.48,6.89,7.25,0.4500000000000002,6.617647058823528,62552019.0
700,2024-10-09,7.1,7.1,6.57,6.6,-0.6500000000000004,-8.965517241379317,44707469.0
700,2024-10-10,6.69,6.83,6.51,6.67,0.0700000000000002,1.060606060606073,28474350.0
700,2024-10-11,6.7,6.7,6.24,6.32,-0.3499999999999996,-5.247376311844077,26360407.0
700,2024-10-14,6.3,6.43,6.21,6.39,0.0699999999999994,1.1075949367088445,23359500.0
700,2024-10-15,6.33,6.38,6.19,6.19,-0.1999999999999993,-3.1298904538341055,22963629.0
700,2024-10-16,6.11,6.21,6.07,6.15,-0.04,-0.646203554119551,17971022.0
700,2024-10-17,6.19,6.28,6.08,6.1,-0.0500000000000007,-0.8130081300813163,18335904.0
700,2024-10-18,6.08,6.36,6.06,6.27,0.1699999999999999,2.786885245901649,26020258.0
700,2024-10-21,6.32,6.41,6.27,6.36,0.0900000000000007,1.435406698564612,28345561.0
700,2024-10-22,6.35,6.66,6.33,6.63,0.2699999999999996,4.245283018867907,35524240.0
700,2024-10-23,6.66,6.76,6.55,6.67,0.04,0.6033182503770718,32454550.0
700,2024-10-24,6.7,6.98,6.6,6.79,0.1200000000000001,1.799100449775115,46944950.0
700,2024-10-25,6.59,6.76,6.51,6.66,-0.1299999999999999,-1.9145802650957224,53748400.0
700,2024-10-28,6.63,6.83,6.56,6.83,0.1699999999999999,2.552552552552556,41366632.0
700,2024-10-29,6.83,6.92,6.68,6.77,-0.0600000000000005,-0.8784773060029338,33876693.0
700,2024-10-30,6.75,6.95,6.66,6.93,0.1600000000000001,2.363367799113747,39793705.0
700,2024-10-31,6.96,7.14,6.9,7.05,0.1200000000000001,1.7316017316017396,55030752.0
700,2024-11-01,7.01,7.02,6.74,6.81,-0.2400000000000002,-3.404255319148941,40416582.0
700,2024-11-04,6.82,6.94,6.77,6.86,0.0500000000000007,0.7342143906020615,29291272.0
700,2024-11-05,6.86,7.03,6.81,7.0,0.1399999999999996,2.0408163265306145,38606427.0
700,2024-11-06,7.02,7.42,6.89,7.22,0.2199999999999997,3.142857142857136,76432455.0
700,2024-11-07,7.6,7.94,7.37,7.94,0.7200000000000006,9.972299168975084,115755290.0
700,2024-11-08,8.19,8.57,7.95,8.05,0.1100000000000003,1.385390428211597,142702306.0
700,2024-11-11,7.9,8.07,7.8,8.0,-0.0500000000000007,-0.6211180124223725,80365140.0
700,2024-11-12,8.07,8.55,8.06,8.14,0.1400000000000005,1.750000000000007,86407794.0
700,2024-11-13,7.92,7.98,7.67,7.89,-0.2500000000000009,-3.0712530712530772,54836324.0
700,2024-11-14,7.82,7.9,7.6,7.61,-0.2799999999999993,-3.548795944233196,32423421.0
700,2024-11-15,7.53,7.64,7.28,7.3,-0.3100000000000005,-4.073587385019717,35942733.0
700,2024-11-18,7.28,7.48,7.24,7.32,0.0200000000000004,0.273972602739736,32203471.0
700,2024-11-19,7.36,7.77,7.36,7.76,0.4399999999999995,6.010928961748618,48936376.0
700,2024-11-20,7.78,7.87,7.68,7.82,0.0600000000000005,0.773195876288657,35423127.0
700,2024-11-21,7.75,7.82,7.6,7.72,-0.1000000000000005,-1.278772378516635,28610005.0
700,2024-11-22,7.72,7.79,7.5,7.52,-0.2000000000000001,-2.590673575129532,30720251.0
700,2024-11-25,7.57,7.96,7.57,7.85,0.33,4.38829787234043,46560131.0
700,2024-11-26,7.7,7.96,7.6,7.82,-0.0299999999999993,-0.3821656050955302,45883800.0
700,2024-11-27,7.72,7.79,7.43,7.69,-0.1299999999999999,-1.662404092071612,39474631.0
700,2024-11-28,7.63,7.65,7.44,7.46,-0.2300000000000004,-2.990897269180759,27038800.0
700,2024-11-29,7.41,7.54,7.28,7.45,-0.0099999999999997,-0.1340482573726542,32475052.0
700,2024-12-02,7.46,7.54,7.44,7.52,0.0699999999999994,0.9395973154362248,27682579.0
700,2024-12-03,7.51,7.53,7.38,7.5,-0.0199999999999995,-0.2659574468085068,24861268.0
700,2024-12-04,7.45,7.54,7.3,7.34,-0.1600000000000001,-2.1333333333333315,21984619.0
700,2024-12-05,7.37,7.66,7.32,7.55,0.2099999999999999,2.8610354223433276,35046948.0
700,2024-12-06,7.54,7.61,7.41,7.58,0.0300000000000002,0.3973509933774766,24496332.0
700,2024-12-09,7.59,7.83,7.56,7.72,0.1399999999999996,1.846965699208436,37148876.0
700,2024-12-10,7.95,7.99,7.67,7.72,0.0,0.0,47515611.0
700,2024-12-11,7.7,7.77,7.6,7.75,0.0300000000000002,0.3886010362694314,25813344.0
700,2024-12-12,7.8,7.99,7.75,7.91,0.1600000000000001,2.064516129032268,40816729.0
700,2024-12-13,7.82,7.88,7.6,7.61,-0.2999999999999998,-3.792667509481662,32692484.0
700,2024-12-16,7.61,7.63,7.42,7.48,-0.1299999999999999,-1.708278580814715,19568068.0
700,2024-12-17,7.5,7.51,7.25,7.26,-0.2200000000000006,-2.941176470588247,19290200.0
700,2024-12-18,7.36,7.74,7.36,7.44,0.1800000000000006,2.479338842975221,28929000.0
700,2024-12-19,7.36,7.47,7.3,7.41,-0.0300000000000002,-0.4032258064516125,16042568.0
700,2024-12-20,7.41,7.59,7.37,7.46,0.0499999999999998,0.6747638326585648,16534300.0
700,2024-12-23,7.46,7.5,7.13,7.15,-0.3099999999999996,-4.1554959785522705,19841900.0
700,2024-12-24,7.17,7.36,7.16,7.32,0.1699999999999999,2.3776223776223793,13819700.0
700,2024-12-25,7.29,7.32,7.11,7.22,-0.1000000000000005,-1.3661202185792476,14317700.0
700,2024-12-26,7.19,7.39,7.17,7.31,0.0899999999999998,1.2465373961218829,13684184.0
700,2024-12-27,7.35,7.45,7.34,7.41,0.1000000000000005,1.3679890560875485,16499525.0
700,2024-12-30,7.41,7.42,7.26,7.33,-0.08,-1.0796221322537105,11320940.0
700,2024-12-31,7.35,7.36,7.01,7.02,-0.3100000000000005,-4.229195088676674,20045821.0
700,2025-01-02,7.08,7.22,6.88,6.96,-0.0599999999999996,-0.8547008547008517,19432700.0
700,2025-01-03,7.02,7.04,6.7,6.73,-0.2299999999999995,-3.3045977011494143,17790200.0
700,2025-01-06,6.69,6.87,6.57,6.74,0.0099999999999997,0.1485884101040113,13478600.0
700,2025-01-07,6.69,6.82,6.66,6.77,0.0299999999999993,0.4451038575667532,12470600.0
700,2025-01-08,6.75,6.77,6.51,6.73,-0.0399999999999991,-0.5908419497784201,15862523.0
700,2025-01-09,6.68,6.79,6.64,6.75,0.0199999999999995,0.2971768202080227,11798804.0
700,2025-01-10,6.72,6.93,6.66,6.67,-0.08,-1.1851851851851891,19103223.0
700,2025-01-13,6.61,6.72,6.5,6.63,-0.04,-0.5997001499250421,11097200.0
700,2025-01-14,6.66,6.97,6.66,6.97,0.3399999999999998,5.128205128205132,18135102.0
700,2025-01-15,6.99,7.0,6.9,6.93,-0.04,-0.5738880918220945,9038500.0
700,2025-01-16,7.1,7.15,7.01,7.11,0.1800000000000006,2.5974025974025983,17853385.0
700,2025-01-17,7.25,7.34,7.14,7.19,0.08,1.1251758087201136,22420402.0
700,2025-01-20,7.19,7.3,7.19,7.21,0.0199999999999995,0.2781641168289273,17629839.0
700,2025-01-21,7.25,7.27,7.14,7.23,0.0200000000000004,0.277392510402219,14795001.0
700,2025-01-22,7.0,7.0,6.88,6.91,-0.3200000000000003,-4.426002766251735,13189000.0
700,2025-01-23,7.0,7.06,6.92,6.92,0.0099999999999997,0.14471780028944,14067510.0
700,2025-01-24,6.91,7.01,6.9,7.0,0.08,1.1560693641618602,11823810.0
700,2025-01-27,7.03,7.07,6.9,6.91,-0.0899999999999998,-1.285714285714279,11117900.0
700,2025-02-05,6.95,6.97,6.86,6.89,-0.0200000000000004,-0.28943560057888,9864800.0
700,2025-02-06,6.9,7.08,6.85,7.07,0.1800000000000006,2.612481857764881,16778701.0
700,2025-02-07,7.08,7.19,7.03,7.12,0.0499999999999998,0.7072135785006983,21931204.0
700,2025-02-10,7.1,7.14,7.06,7.1,-0.0200000000000004,-0.2808988764045006,15390601.0
700,2025-02-11,7.07,7.1,6.97,7.01,-0.0899999999999998,-1.2676056338028152,14302200.0
700,2025-02-12,7.05,7.07,6.96,7.03,0.0200000000000004,0.2853067047075663,12906969.0
700,2025-02-13,7.01,7.08,6.89,6.9,-0.1299999999999999,-1.849217638691325,17342809.0
700,2025-02-14,6.92,7.08,6.87,6.94,0.04,0.5797101449275477,21785396.0
700,2025-02-17,6.93,6.99,6.82,6.87,-0.0700000000000002,-1.008645533141217,22826952.0
700,2025-02-18,6.87,6.89,6.69,6.71,-0.1600000000000001,-2.328966521106257,18259900.0
700,2025-02-19,6.7,6.9,6.68,6.88,0.1699999999999999,2.53353204172877,18404884.0
700,2025-02-20,6.88,7.01,6.78,6.89,0.0099999999999997,0.1453488372092914,20508343.0
700,2025-02-21,6.85,6.91,6.79,6.9,0.0100000000000006,0.1451378809869563,17692854.0
700,2025-02-24,6.9,7.35,6.86,7.26,0.3599999999999994,5.217391304347818,49257503.0
700,2025-02-25,7.16,7.4,7.11,7.26,0.0,0.0,47687279.0
700,2025-02-26,7.29,7.75,7.29,7.67,0.4100000000000001,5.6473829201102,65603175.0
700,2025-02-27,7.75,7.76,7.46,7.69,0.0200000000000004,0.2607561929595992,55535758.0
700,2025-02-28,7.86,7.89,7.38,7.39,-0.3000000000000007,-3.901170351105343,60147552.0
700,2025-03-03,7.5,7.7,7.26,7.3,-0.0899999999999998,-1.2178619756427531,43845400.0
700,2025-03-04,7.2,7.43,7.17,7.31,0.0099999999999997,0.136986301369868,22777033.0
700,2025-03-05,7.28,7.37,7.18,7.28,-0.0299999999999993,-0.4103967168262556,24389677.0
700,2025-03-06,7.31,7.48,7.31,7.42,0.1399999999999996,1.923076923076916,27496100.0
700,2025-03-07,7.47,8.16,7.47,7.95,0.5300000000000002,7.14285714285714,141820748.0
700,2025-03-10,7.86,8.29,7.84,8.05,0.1000000000000005,1.2578616352201255,141915903.0
700,2025-03-11,7.89,8.46,7.88,8.35,0.2999999999999989,3.7267080745341463,99652676.0
700,2025-03-12,8.35,8.4,8.11,8.13,-0.2199999999999988,-2.6347305389221476,81723055.0
700,2025-03-13,8.13,8.25,7.82,8.03,-0.1000000000000014,-1.230012300123018,64543733.0
700,2025-03-14,8.0,8.68,7.9,8.61,0.5800000000000001,7.222914072229147,112671682.0
700,2025-03-17,8.62,8.76,8.39,8.71,0.1000000000000014,1.1614401858304424,79351504.0
700,2025-03-18,8.67,9.0,8.46,8.61,-0.1000000000000014,-1.148105625717577,69019271.0
700,2025-03-19,8.56,8.77,8.53,8.58,-0.0299999999999993,-0.348432055749126,48453529.0
700,2025-03-20,8.6,8.88,8.47,8.73,0.1500000000000003,1.74825174825175,58459654.0
700,2025-03-21,8.64,8.92,8.48,8.5,-0.2300000000000004,-2.6345933562428425,62284765.0
700,2025-03-24,8.44,8.51,7.98,8.2,-0.3000000000000007,-3.529411764705892,63932333.0
700,2025-03-25,8.23,8.37,8.05,8.09,-0.1099999999999994,-1.3414634146341364,33945557.0
700,2025-03-26,8.04,8.39,8.04,8.24,0.1500000000000003,1.8541409147095231,28499791.0
700,2025-03-27,8.21,8.21,7.99,8.05,-0.1899999999999995,-2.30582524271844,25251200.0
700,2025-03-28,8.03,8.29,7.97,8.07,0.0199999999999995,0.248447204968949,27475300.0
700,2025-03-31,8.03,8.18,7.72,7.94,-0.1299999999999999,-1.6109045848822778,34987114.0
700,2025-04-01,7.9,8.03,7.83,7.85,-0.0900000000000007,-1.1335012594458571,17090900.0
700,2025-04-02,7.79,8.0,7.75,7.89,0.04,0.5095541401273884,19350887.0
700,2025-04-03,7.8,7.9,7.54,7.59,-0.2999999999999998,-3.802281368821292,26974400.0
700,2025-04-07,7.0,7.13,6.83,6.83,-0.7599999999999998,-10.013175230566528,21449700.0
700,2025-04-08,6.55,6.79,6.15,6.24,-0.5899999999999999,-8.638360175695459,57511709.0
700,2025-04-09,6.1,6.36,5.67,6.3,0.0599999999999996,0.961538461538458,38678059.0
700,2025-04-10,6.57,6.72,6.48,6.55,0.25,3.968253968253976,31082800.0
700,2025-04-11,6.46,6.64,6.43,6.55,0.0,0.0,21960000.0
700,2025-04-14,6.69,6.77,6.62,6.67,0.1200000000000001,1.832061068702284,20518515.0
700,2025-04-15,6.78,6.99,6.65,6.67,0.0,0.0,25575155.0
700,2025-04-16,6.64,6.66,6.39,6.49,-0.1799999999999997,-2.6986506746626615,18934355.0
700,2025-04-17,6.41,6.56,6.41,6.5,0.0099999999999997,0.1540832049306661,11813276.0
700,2025-04-18,6.54,6.63,6.45,6.61,0.1100000000000003,1.692307692307704,12188376.0
700,2025-04-21,6.61,6.79,6.52,6.78,0.1699999999999999,2.571860816944027,14847627.0
700,2025-04-22,6.77,6.85,6.71,6.78,0.0,0.0,15588700.0
700,2025-04-23,6.85,7.03,6.85,6.99,0.2099999999999999,3.0973451327433565,26460944.0
700,2025-04-24,7.04,7.1,6.9,6.92,-0.0700000000000002,-1.0014306151645225,19634000.0
700,2025-04-25,6.91,7.18,6.91,7.08,0.1600000000000001,2.3121387283236983,20621100.0
700,2025-04-28,7.06,7.06,6.89,6.91,-0.1699999999999999,-2.401129943502822,14588300.0
700,2025-04-29,6.91,7.0,6.86,6.92,0.0099999999999997,0.14471780028944,15355503.0
700,2025-04-30,7.03,7.39,6.98,7.3,0.3799999999999999,5.491329479768781,35283295.0
700,2025-05-06,7.41,7.54,7.3,7.41,0.1100000000000003,1.5068493150685036,35668000.0
700,2025-05-07,7.42,7.51,7.21,7.3,-0.1100000000000003,-1.4844804318488558,29983800.0
700,2025-05-08,7.24,7.43,7.24,7.37,0.0700000000000002,0.9589041095890538,15750100.0
700,2025-05-09,7.39,7.39,7.25,7.29,-0.08,-1.085481682496614,13837200.0
700,2025-05-12,7.37,7.44,7.31,7.38,0.0899999999999998,1.2345679012345734,12925815.0
700,2025-05-13,7.46,7.5,7.29,7.33,-0.0499999999999998,-0.6775067750677488,14459355.0
700,2025-05-14,7.38,7.38,7.21,7.24,-0.0899999999999998,-1.2278308321964526,20947181.0
700,2025-05-15,7.21,7.22,7.1,7.12,-0.1200000000000001,-1.6574585635359185,12250900.0
700,2025-05-16,7.11,7.34,7.1,7.28,0.1600000000000001,2.2471910112359605,19342568.0
700,2025-05-19,7.27,7.32,7.14,7.24,-0.04,-0.5494505494505475,14966262.0
700,2025-05-20,7.24,7.96,7.19,7.77,0.5299999999999994,7.320441988950277,74097437.0
700,2025-05-21,7.75,7.78,7.6,7.66,-0.1099999999999994,-1.4157014157014092,47308800.0
700,2025-05-22,7.67,7.74,7.49,7.52,-0.1400000000000005,-1.8276762402088864,27154816.0
700,2025-05-23,7.57,7.7,7.46,7.46,-0.0599999999999996,-0.7978723404255317,29301509.0
700,2025-05-26,7.43,7.54,7.36,7.53,0.0700000000000002,0.9383378016085908,23315400.0
700,2025-05-27,7.53,7.54,7.36,7.41,-0.1200000000000001,-1.5936254980079667,15447603.0
700,2025-05-28,7.41,7.53,7.37,7.4,-0.0099999999999997,-0.1349527665317151,16039000.0
700,2025-05-29,7.37,7.67,7.36,7.64,0.2399999999999993,3.2432432432432323,33433598.0
700,2025-05-30,7.55,7.57,7.23,7.31,-0.33,-4.319371727748688,32939196.0
700,2025-06-03,7.24,7.27,7.15,7.23,-0.0799999999999991,-1.09439124487003,16572402.0
700,2025-06-04,7.25,7.34,7.23,7.26,0.0299999999999993,0.4149377593360981,13792238.0
700,2025-06-05,7.24,7.26,7.17,7.23,-0.0299999999999993,-0.4132231404958553,12659258.0
700,2025-06-06,7.24,7.24,7.14,7.2,-0.0300000000000002,-0.4149377593360981,13011600.0
700,2025-06-09,7.17,7.23,7.17,7.21,0.0099999999999997,0.1388888888888884,12483479.0
700,2025-06-10,7.2,7.27,7.06,7.1,-0.1100000000000003,-1.5256588072122046,16856163.0
700,2025-06-11,7.17,7.3,7.17,7.24,0.1400000000000005,1.9718309859154903,21163682.0
700,2025-06-12,7.22,7.26,7.15,7.22,-0.0200000000000004,-0.2762430939226568,11914400.0
700,2025-06-13,7.17,7.21,7.05,7.07,-0.1499999999999994,-2.077562326869798,16951800.0
700,2025-06-16,7.03,7.13,7.02,7.08,0.0099999999999997,0.1414427157001352,7195343.0
700,2025-06-17,7.09,7.12,7.03,7.07,-0.0099999999999997,-0.1412429378531032,7710937.0
700,2025-06-18,7.05,7.07,6.97,7.01,-0.0600000000000005,-0.8486562942008558,8677700.0
700,2025-06-19,6.98,7.02,6.81,6.82,-0.1899999999999995,-2.710413694721814,13656450.0
700,2025-06-20,6.8,6.86,6.73,6.74,-0.08,-1.1730205278592365,10327502.0
700,2025-06-23,6.69,6.89,6.68,6.83,0.0899999999999998,1.335311572700304,10293514.0
700,2025-06-24,6.86,7.1,6.86,7.09,0.2599999999999998,3.8067349926793614,16512731.0
700,2025-06-25,7.1,7.14,7.06,7.14,0.0499999999999998,0.7052186177715081,12468117.0
700,2025-06-26,7.14,7.14,7.05,7.05,-0.0899999999999998,-1.2605042016806678,11577104.0
700,2025-06-27,7.5,7.76,7.46,7.76,0.71,10.070921985815604,111775124.0
700,2025-06-30,7.67,8.19,7.67,7.85,0.0899999999999998,1.1597938144329856,139032092.0
700,2025-07-01,7.77,7.88,7.56,7.61,-0.2399999999999993,-3.057324840764319,67608529.0
700,2025-07-02,7.77,7.84,7.61,7.62,0.0099999999999997,0.1314060446780507,52593825.0
700,2025-07-03,7.59,7.62,7.48,7.59,-0.0300000000000002,-0.3937007874015741,35616378.0
700,2025-07-04,7.53,7.57,7.42,7.44,-0.1499999999999994,-1.9762845849802255,31716706.0
700,2025-07-07,7.41,7.44,7.33,7.43,-0.0100000000000006,-0.1344086021505486,21647700.0
700,2025-07-08,7.43,7.49,7.38,7.47,0.04,0.5383580080753791,22179170.0
700,2025-07-09,7.46,7.52,7.37,7.39,-0.08,-1.0709504685408322,22279700.0
700,2025-07-10,7.37,7.44,7.34,7.42,0.0300000000000002,0.4059539918809252,16638376.0
700,2025-07-11,7.4,7.46,7.37,7.43,0.0099999999999997,0.1347708894878785,17997478.0
700,2025-07-14,7.43,7.52,7.35,7.52,0.0899999999999998,1.211305518169592,22233108.0
700,2025-07-15,7.5,7.52,7.35,7.4,-0.1199999999999992,-1.5957446808510525,19891342.0
700,2025-07-16,7.42,7.5,7.37,7.49,0.0899999999999998,1.216216216216215,18309545.0
700,2025-07-17,7.53,7.54,7.48,7.53,0.04,0.5340453938584844,17738842.0
700,2025-07-18,7.69,7.88,7.57,7.62,0.0899999999999998,1.195219123505975,44184245.0
700,2025-07-21,7.58,7.66,7.55,7.66,0.04,0.5249343832020914,26581194.0
700,2025-07-22,7.65,7.65,7.54,7.59,-0.0700000000000002,-0.9138381201044375,20582952.0
700,2025-07-23,7.59,7.62,7.49,7.49,-0.0999999999999996,-1.3175230566534912,20434900.0
700,2025-07-24,7.46,7.61,7.46,7.56,0.0699999999999994,0.9345794392523256,16577592.0
700,2025-07-25,7.54,7.64,7.53,7.58,0.0200000000000004,0.2645502645502784,15280600.0
700,2025-07-28,7.6,7.61,7.52,7.57,-0.0099999999999997,-0.1319261213720279,14681934.0
700,2025-07-29,7.57,7.57,7.45,7.48,-0.0899999999999998,-1.1889035667106973,15043882.0
700,2025-07-30,7.48,8.21,7.42,7.86,0.3799999999999999,5.080213903743314,90960033.0
700,2025-07-31,7.86,7.92,7.67,7.81,-0.0500000000000007,-0.6361323155216425,53610578.0
700,2025-08-01,7.81,7.9,7.66,7.71,-0.0999999999999996,-1.2804097311139515,31259610.0
700,2025-08-04,7.71,7.82,7.63,7.81,0.0999999999999996,1.2970168612191912,25004494.0
700,2025-08-05,7.83,8.04,7.78,8.01,0.2000000000000001,2.5608194622279257,48760618.0
700,2025-08-06,8.04,8.16,7.93,8.0,-0.0099999999999997,-0.1248439450686644,40772716.0
700,2025-08-07,7.98,8.01,7.87,7.91,-0.0899999999999998,-1.1249999999999982,26639474.0
700,2025-08-08,7.95,8.14,7.9,8.01,0.0999999999999996,1.2642225031605614,33962769.0
700,2025-08-11,8.01,8.02,7.93,7.94,-0.0699999999999994,-0.8739076154806402,27401060.0
700,2025-08-12,7.95,8.18,7.91,8.11,0.169999999999999,2.1410579345088054,35570759.0
700,2025-08-13,8.17,8.92,8.11,8.92,0.8100000000000005,9.987669543773126,110557293.0
700,2025-08-14,9.27,9.81,9.19,9.81,0.8900000000000006,9.977578475336337,212647827.0
700,2025-08-15,9.5,9.89,9.31,9.65,-0.1600000000000001,-1.6309887869520925,183270598.0
700,2025-08-18,9.6,9.93,9.37,9.45,-0.200000000000001,-2.0725388601036343,120224555.0
700,2025-08-19,9.4,9.58,9.22,9.46,0.0100000000000015,0.1058201058201202,88544073.0
700,2025-08-20,9.57,10.41,9.55,10.41,0.9499999999999992,10.042283298097242,116744619.0
700,2025-08-21,10.31,10.31,9.5,9.54,-0.870000000000001,-8.357348703170043,123290667.0
700,2025-08-22,9.7,9.88,9.53,9.79,0.25,2.6205450733752578,98021704.0
700,2025-08-25,9.9,9.96,9.54,9.61,-0.1799999999999997,-1.8386108273748647,66877686.0
700,2025-08-26,9.7,9.8,9.52,9.67,0.0600000000000005,0.624349635796051,57927603.0
700,2025-08-27,9.68,10.26,9.67,9.75,0.08,0.8273009307135482,90817343.0
700,2025-08-28,9.72,9.91,9.56,9.85,0.0999999999999996,1.025641025641022,58729230.0
700,2025-08-29,9.87,9.94,9.53,9.58,-0.2699999999999996,-2.741116751269035,47037891.0
700,2025-09-01,9.43,9.45,9.2,9.27,-0.3100000000000005,-3.235908141962429,65101658.0
700,2025-09-02,9.3,9.48,8.95,9.24,-0.0299999999999993,-0.3236245954692518,65377958.0
700,2025-09-03,9.24,9.26,8.86,8.92,-0.3200000000000003,-3.463203463203468,34243131.0
700,2025-09-04,9.0,9.11,8.72,8.87,-0.0500000000000007,-0.5605381165919354,26370795.0
700,2025-09-05,8.87,9.4,8.86,9.31,0.4400000000000013,4.9605411499436425,35798699.0
700,2025-09-08,9.32,10.05,9.25,9.82,0.5099999999999998,5.477980665950599,70002566.0
700,2025-09-09,9.81,10.54,9.65,10.27,0.4499999999999993,4.582484725050917,95246743.0
700,2025-09-10,10.16,10.29,10.01,10.11,-0.1600000000000001,-1.5579357351509282,58319802.0
700,2025-09-11,10.09,10.49,9.96,10.43,0.3200000000000003,3.165182987141457,53622536.0
700,2025-09-12,10.44,10.63,10.23,10.24,-0.1899999999999995,-1.821668264621279,41710477.0
700,2025-09-15,10.24,10.36,10.0,10.25,0.0099999999999997,0.09765625,36816489.0
700,2025-09-16,10.47,11.28,10.4,11.28,1.0299999999999994,10.048780487804866,83075220.0
700,2025-09-17,11.59,12.41,11.25,12.41,1.1300000000000008,10.017730496453916,91556405.0
700,2025-09-18,12.95,13.14,12.12,12.29,-0.120000000000001,-0.966962127316684,138967911.0
700,2025-09-19,12.3,12.3,11.31,11.48,-0.8099999999999987,-6.590724165988604,81401402.0
700,2025-09-22,11.66,11.76,11.33,11.54,0.0599999999999987,0.522648083623678,60956372.0
700,2025-09-23,11.68,12.07,11.41,11.63,0.0900000000000016,0.7798960138648336,60738754.0
700,2025-09-24,11.72,11.74,11.05,11.45,-0.1800000000000015,-1.5477214101461856,53603416.0
700,2025-09-25,11.35,11.54,11.11,11.14,-0.3099999999999987,-2.707423580786017,33922190.0
700,2025-09-26,11.2,11.4,10.83,10.86,-0.2800000000000011,-2.513464991023351,38057472.0
700,2025-09-29,10.87,11.38,10.87,11.08,0.2200000000000006,2.02578268876612,37932118.0
700,2025-09-30,11.15,11.19,10.9,10.91,-0.1699999999999999,-1.534296028880866,25590337.0
700,2025-10-09,10.91,11.02,10.77,11.0,0.0899999999999998,0.8249312557286892,36699450.0
700,2025-10-10,10.53,10.82,10.29,10.33,-0.6699999999999999,-6.090909090909092,50198022.0
700,2025-10-13,9.73,10.11,9.71,10.06,-0.2699999999999996,-2.613746369796699,32782064.0
700,2025-10-14,10.12,10.18,9.58,9.66,-0.4000000000000003,-3.976143141153088,36121626.0
700,2025-10-15,9.67,9.89,9.56,9.83,0.1699999999999999,1.7598343685300222,31311201.0
700,2025-10-16,9.83,9.83,9.6,9.65,-0.1799999999999997,-1.831129196337744,17045700.0
700,2025-10-17,9.62,9.66,9.19,9.21,-0.4399999999999995,-4.559585492227969,26015138.0
700,2025-10-20,9.35,9.43,9.19,9.26,0.0499999999999989,0.5428881650379802,17676561.0
700,2025-10-21,9.35,9.4,9.23,9.37,0.1099999999999994,1.1879049676025932,15436926.0
700,2025-10-22,9.4,9.48,9.26,9.3,-0.0699999999999985,-0.7470651013873897,16221683.0
700,2025-10-23,9.25,9.29,9.07,9.27,-0.0300000000000011,-0.3225806451613078,15272693.0
700,2025-10-24,9.27,9.37,9.25,9.35,0.08,0.8629989212513456,16346489.0
700,2025-10-27,9.79,9.94,9.48,9.72,0.370000000000001,3.957219251336918,69373460.0
700,2025-10-28,9.72,9.87,9.53,9.57,-0.1500000000000003,-1.5432098765432167,34007350.0
700,2025-10-29,9.57,9.57,9.43,9.53,-0.0400000000000009,-0.4179728317659448,17075916.0
700,2025-10-30,9.53,9.55,9.2,9.23,-0.2999999999999989,-3.147953830010486,26485233.0
700,2025-10-31,9.23,10.15,9.23,10.15,0.92,9.967497291440951,85832415.0
700,2025-11-03,10.19,10.45,9.94,10.04,-0.1100000000000012,-1.0837438423645485,70534365.0
700,2025-11-04,10.03,10.12,9.77,9.87,-0.1699999999999999,-1.6932270916334646,34709674.0
700,2025-11-05,9.82,10.15,9.64,10.07,0.200000000000001,2.0263424518743856,55333199.0
700,2025-11-06,10.12,11.08,10.01,11.08,1.0099999999999998,10.029791459781537,96363956.0
700,2025-11-07,11.0,11.0,10.58,10.74,-0.3399999999999998,-3.068592057761732,95208415.0
700,2025-11-10,10.71,11.26,10.62,11.09,0.3499999999999996,3.2588454376163867,80747975.0
700,2025-11-11,11.01,11.5,10.33,10.36,-0.7300000000000004,-6.582506762849416,105482413.0
700,2025-11-12,10.72,10.98,10.1,10.42,0.0600000000000005,0.5791505791505891,80764781.0
700,2025-11-13,10.13,10.26,9.69,9.85,-0.5700000000000003,-5.470249520153558,80183888.0
700,2025-11-14,9.83,9.89,9.68,9.71,-0.1399999999999988,-1.4213197969543012,39774400.0
700,2025-11-17,9.65,10.26,9.5,10.02,0.3099999999999987,3.19258496395467,60000022.0
700,2025-11-18,9.93,9.99,9.6,9.83,-0.1899999999999995,-1.896207584830334,36567706.0
700,2025-11-19,9.81,9.9,9.71,9.84,0.0099999999999997,0.1017293997965351,23433628.0
700,2025-11-20,9.84,9.91,9.26,9.3,-0.5399999999999991,-5.487804878048774,38765106.0
700,2025-11-21,9.2,10.2,9.17,9.73,0.4299999999999997,4.623655913978486,70679935.0
700,2025-11-24,9.7,10.03,9.63,9.94,0.209999999999999,2.1582733812949506,37290747.0
700,2025-11-25,9.95,10.16,9.87,9.92,-0.0199999999999995,-0.2012072434607548,33994414.0
700,2025-11-26,9.86,10.42,9.79,10.28,0.3599999999999994,3.629032258064502,69057520.0
700,2025-11-27,10.18,10.41,10.14,10.39,0.1100000000000012,1.070038910505855,44182749.0
700,2025-11-28,10.29,10.45,10.12,10.29,-0.1000000000000014,-0.9624639076034835,38986051.0
700,2025-12-01,10.24,10.61,10.23,10.43,0.1400000000000005,1.3605442176870763,49905983.0
700,2025-12-02,10.31,10.39,10.01,10.1,-0.33,-3.163950143815919,37368534.0
700,2025-12-03,10.11,10.18,9.7,9.81,-0.2899999999999991,-2.8712871287128627,40051659.0
700,2025-12-04,10.29,10.39,9.74,9.77,-0.0400000000000009,-0.4077471967380286,38478555.0
700,2025-12-05,9.83,10.02,9.64,9.88,0.1100000000000012,1.1258955987717645,34355341.0
700,2025-12-08,9.88,10.68,9.77,10.47,0.5899999999999999,5.971659919028349,74290825.0
700,2025-12-09,10.35,10.71,10.34,10.52,0.0499999999999989,0.477554918815648,50308818.0
700,2025-12-10,10.6,11.28,10.5,11.08,0.5600000000000005,5.323193916349811,104996498.0
700,2025-12-11,11.59,12.0,11.24,11.26,0.1799999999999997,1.6245487364620947,110166502.0
700,2025-12-12,11.22,11.39,10.99,11.03,-0.2300000000000004,-2.042628774422739,53713672.0
700,2025-12-15,10.98,11.43,10.92,11.05,0.0200000000000013,0.1813236627379977,53854730.0
700,2025-12-16,11.3,11.35,10.38,10.45,-0.6000000000000014,-5.42986425339368,55929900.0
700,2025-12-17,10.65,10.68,10.18,10.56,0.1100000000000012,1.0526315789473717,40295468.0
700,2025-12-18,10.4,10.5,10.15,10.15,-0.4100000000000001,-3.882575757575757,36599035.0
700,2025-12-19,10.26,10.85,10.21,10.57,0.4199999999999999,4.137931034482767,50682363.0
700,2025-12-22,10.97,11.15,10.66,11.0,0.4299999999999997,4.068117313150421,60143625.0
700,2025-12-23,10.98,11.0,10.5,10.62,-0.3800000000000008,-3.4545454545454657,37975900.0
700,2025-12-24,10.57,10.58,10.41,10.47,-0.1499999999999985,-1.4124293785310549,40381526.0
700,2025-12-25,10.47,11.49,10.41,11.25,0.7799999999999994,7.44985673352434,90841465.0
700,2025-12-26,11.1,11.62,11.1,11.48,0.2300000000000004,2.0444444444444487,65537676.0
700,2025-12-29,11.45,12.63,11.45,12.63,1.1500000000000004,10.017421602787469,115927977.0
700,2025-12-30,13.07,13.89,12.88,13.89,1.2599999999999998,9.976247030878849,115838862.0
700,2025-12-31,14.34,15.08,13.68,14.38,0.4900000000000002,3.5277177825773887,208351267.0
700,2026-01-05,13.93,14.49,13.56,14.45,0.0699999999999985,0.4867872044506116,165056995.0
700,2026-01-06,14.9,15.9,14.35,15.03,0.5800000000000001,4.013840830449822,174465590.0
700,2026-01-07,14.25,15.66,14.1,15.03,0.0,0.0,136716088.0
700,2026-01-08,14.7,15.26,14.45,14.82,-0.209999999999999,-1.3972055888223478,105457489.0
700,2026-01-09,14.74,14.85,14.02,14.2,-0.620000000000001,-4.183535762483137,124361649.0
700,2026-01-12,14.02,14.37,13.77,14.0,-0.1999999999999993,-1.4084507042253502,84343263.0
700,2026-01-13,14.0,14.0,13.0,13.1,-0.9000000000000004,-6.428571428571428,90267475.0
700,2026-01-14,13.13,13.7,13.04,13.55,0.450000000000001,3.435114503816794,79161951.0
700,2026-01-15,13.54,14.44,13.39,13.5,-0.0500000000000007,-0.3690036900369065,85371170.0
700,2026-01-16,13.7,14.55,13.65,14.22,0.7200000000000006,5.3333333333333455,96106600.0
700,2026-01-19,14.3,15.25,13.89,14.63,0.4100000000000001,2.883263009845294,97068026.0
700,2026-01-20,14.53,14.69,13.85,14.01,-0.620000000000001,-4.237867395762141,68879212.0
700,2026-01-21,13.86,15.41,13.75,15.41,1.4000000000000004,9.99286224125624,80309848.0
700,2026-01-22,15.4,15.4,14.63,14.83,-0.5800000000000001,-3.7637897469175896,107303025.0
700,2026-01-23,14.95,15.26,14.6,15.04,0.209999999999999,1.4160485502360045,85751006.0
700,2026-01-26,15.2,15.65,13.54,13.54,-1.5,-9.973404255319153,96945435.0
700,2026-01-27,13.27,13.75,13.1,13.55,0.0100000000000015,0.0738552437223205,70655957.0
700,2026-01-28,13.5,13.64,13.07,13.35,-0.200000000000001,-1.4760147601476148,42461286.0
700,2026-01-29,13.28,13.34,12.65,12.68,-0.6699999999999999,-5.018726591760303,57036104.0
700,2026-01-30,12.67,13.5,12.45,13.4,0.7200000000000006,5.6782334384858135,58370867.0
700,2026-02-02,13.27,14.74,13.2,14.33,0.9299999999999996,6.940298507462694,123221241.0
700,2026-02-03,14.58,15.05,14.23,14.8,0.4700000000000006,3.2798325191905064,94215418.0
700,2026-02-04,14.79,14.99,14.4,14.75,-0.0500000000000007,-0.3378378378378399,59535693.0
700,2026-02-05,14.7,15.23,14.46,14.74,-0.0099999999999997,-0.0677966101694904,72915469.0
700,2026-02-06,14.79,16.2,14.53,15.38,0.6400000000000006,4.341926729986434,119090649.0
700,2026-02-09,15.67,15.8,14.96,15.29,-0.0900000000000016,-0.5851755526658065,81519033.0
700,2026-02-10,15.35,16.12,15.16,15.85,0.5600000000000005,3.662524525833888,105344840.0
700,2026-02-11,15.55,15.69,14.9,14.9,-0.9499999999999992,-5.993690851735012,81068776.0
700,2026-02-12,15.0,15.88,14.96,15.46,0.5600000000000005,3.7583892617449655,74839516.0
700,2026-02-13,15.58,15.76,15.01,15.3,-0.1600000000000001,-1.0349288486416586,52323646.0
700,2026-02-24,15.5,15.55,14.42,14.65,-0.6500000000000004,-4.2483660130719025,59841515.0
700,2026-02-25,14.72,15.17,14.26,14.81,0.1600000000000001,1.092150170648476,44533096.0
700,2026-02-26,14.74,15.03,14.57,14.81,0.0,0.0,42108975.0
700,2026-02-27,14.81,14.81,13.68,13.95,-0.8600000000000012,-5.806887238352476,68180472.0
700,2026-03-02,13.58,13.77,13.19,13.3,-0.6499999999999986,-4.659498207885293,53298817.0
700,2026-03-03,13.5,13.55,12.72,12.74,-0.5600000000000005,-4.210526315789476,48887325.0
700,2026-03-04,12.48,12.85,12.42,12.57,-0.1699999999999999,-1.3343799058084804,34749596.0
700,2026-03-05,12.93,13.2,12.79,12.9,0.33,2.6252983293556076,45131865.0
700,2026-03-06,12.8,13.35,12.76,12.84,-0.0600000000000005,-0.465116279069766,44049489.0
700,2026-03-09,12.5,12.54,12.05,12.37,-0.4700000000000006,-3.6604361370716543,40287057.0
700,2026-03-10,12.53,13.22,12.45,13.14,0.7700000000000014,6.2247372675828805,55483847.0
700,2026-03-11,13.16,13.33,12.9,13.02,-0.120000000000001,-0.9132420091324313,37532200.0
700,2026-03-12,12.89,13.06,12.7,12.73,-0.2899999999999991,-2.2273425499231836,26575304.0
700,2026-03-13,12.6,12.65,12.33,12.41,-0.3200000000000003,-2.513747054202675,26556275.0
700,2026-03-16,12.4,12.45,12.04,12.25,-0.1600000000000001,-1.2892828364222453,23307228.0
700,2026-03-17,12.38,12.39,11.89,11.9,-0.3499999999999996,-2.857142857142858,20978585.0
700,2026-03-18,11.9,12.13,11.88,12.12,0.2199999999999988,1.8487394957983128,17886084.0
700,2026-03-19,11.89,11.94,11.48,11.65,-0.4699999999999988,-3.8778877887788665,25877595.0
700,2026-03-20,11.68,12.58,11.68,12.13,0.4800000000000004,4.12017167381975,66944281.0
