ts_code,trade_date,open,high,low,close,change,pct_change,vol
738,2017-12-20,16.5,16.5,16.04,16.07,-0.4299999999999997,-2.6060606060606006,4000888.0
738,2017-12-21,16.03,16.15,15.65,15.95,-0.120000000000001,-0.7467330429371533,4650108.0
738,2017-12-22,15.97,16.03,15.68,15.75,-0.1999999999999993,-1.253918495297801,3696831.0
738,2017-12-25,15.78,15.82,15.24,15.31,-0.4399999999999995,-2.7936507936507926,5603447.0
738,2017-12-26,15.33,15.45,15.23,15.4,0.0899999999999998,0.5878510777269641,2963941.0
738,2017-12-27,15.38,15.42,15.15,15.22,-0.1799999999999997,-1.1688311688311637,4000579.0
738,2017-12-28,15.16,15.32,15.15,15.25,0.0299999999999993,0.1971090670170872,3044947.0
738,2017-12-29,15.3,15.3,15.17,15.29,0.0399999999999991,0.2622950819672009,3344138.0
738,2018-01-02,15.29,15.44,15.25,15.37,0.08,0.5232177894048506,3635285.0
738,2018-01-03,15.4,15.75,15.38,15.71,0.3400000000000016,2.2121014964216146,5156195.0
738,2018-01-04,15.71,15.88,15.56,15.65,-0.0600000000000005,-0.3819223424570417,3939737.0
738,2018-01-05,15.7,15.75,15.54,15.69,0.0399999999999991,0.2555910543130979,4315099.0
738,2018-01-08,15.7,15.71,15.4,15.5,-0.1899999999999995,-1.210962396430848,3798430.0
738,2018-01-09,15.44,15.62,15.44,15.57,0.0700000000000002,0.4516129032258176,4108019.0
738,2018-01-10,15.59,15.6,15.15,15.22,-0.3499999999999996,-2.247912652536932,5907084.0
738,2018-01-11,15.18,15.35,15.05,15.31,0.0899999999999998,0.5913272010512394,4038941.0
738,2018-01-12,15.28,15.28,15.1,15.11,-0.200000000000001,-1.3063357282821708,3660386.0
738,2018-01-15,15.08,15.18,14.2,14.27,-0.8399999999999999,-5.5592322964923895,9376988.0
738,2018-01-16,14.17,14.34,13.98,14.1,-0.1699999999999999,-1.191310441485638,5868485.0
738,2018-01-17,14.1,14.19,13.72,14.12,0.0199999999999995,0.1418439716311947,6495055.0
738,2018-01-18,14.12,14.13,13.99,14.02,-0.0999999999999996,-0.7082152974504208,3818749.0
738,2018-01-19,14.09,14.55,14.07,14.19,0.1699999999999999,1.2125534950071293,7059577.0
738,2018-01-22,14.14,14.38,14.02,14.35,0.1600000000000001,1.127554615926707,3843543.0
738,2018-01-23,14.32,14.45,14.26,14.4,0.0500000000000007,0.348432055749126,3955558.0
738,2018-01-24,14.41,14.55,14.28,14.49,0.0899999999999998,0.6250000000000089,4989466.0
738,2018-01-25,14.47,15.15,14.41,14.75,0.2599999999999998,1.7943409247757058,11511062.0
738,2018-01-26,14.64,14.84,14.6,14.67,-0.08,-0.5423728813559348,4634667.0
738,2018-01-29,14.67,14.74,14.21,14.23,-0.4399999999999995,-2.999318336741641,5005040.0
738,2018-01-30,14.21,14.36,14.16,14.2,-0.0300000000000011,-0.2108222066057652,2954178.0
738,2018-01-31,14.14,14.19,13.73,13.74,-0.4599999999999991,-3.2394366197183055,5323097.0
738,2018-02-01,13.78,13.84,12.93,12.97,-0.7699999999999996,-5.604075691411936,7551854.0
738,2018-02-02,12.9,13.14,12.48,12.99,0.0199999999999995,0.1542020046260583,4650984.0
738,2018-02-05,12.71,12.96,12.64,12.83,-0.1600000000000001,-1.2317167051578148,3557094.0
738,2018-02-06,12.5,12.65,11.55,11.55,-1.2799999999999994,-9.976617303195637,9531060.0
738,2018-02-07,11.88,11.93,11.03,11.55,0.0,0.0,8387538.0
738,2018-02-08,11.55,12.14,11.4,11.96,0.4100000000000001,3.5497835497835473,7560863.0
738,2018-02-09,11.58,11.87,11.07,11.26,-0.7000000000000011,-5.852842809364556,7792252.0
738,2018-02-12,11.4,11.75,11.39,11.69,0.4299999999999997,3.818827708703365,5173310.0
738,2018-02-13,11.71,12.22,11.71,11.76,0.0700000000000002,0.5988023952095745,7170530.0
738,2018-02-14,11.8,11.87,11.62,11.81,0.0500000000000007,0.4251700680272252,3518986.0
738,2018-02-22,11.95,12.05,11.85,11.94,0.129999999999999,1.100762066045724,4583231.0
738,2018-02-23,11.95,12.24,11.85,12.07,0.1300000000000007,1.0887772194305034,4999062.0
738,2018-02-26,12.11,12.56,12.07,12.55,0.4800000000000004,3.976801988401002,8280804.0
738,2018-02-27,12.55,13.81,12.41,13.81,1.2599999999999998,10.039840637450204,21422979.0
738,2018-02-28,14.31,15.19,14.19,15.19,1.379999999999999,9.992758870383778,35486931.0
738,2018-03-01,15.29,16.3,14.91,15.99,0.8000000000000007,5.266622778143515,63360527.0
738,2018-03-02,15.5,15.86,15.27,15.6,-0.3900000000000005,-2.4390243902439046,42993238.0
738,2018-03-05,15.56,16.16,15.37,15.87,0.2699999999999996,1.7307692307692246,45592823.0
738,2018-03-06,15.69,16.79,15.5,16.12,0.2500000000000018,1.5752993068683052,52467407.0
738,2018-03-07,16.01,16.58,15.67,16.03,-0.0899999999999998,-0.5583126550868456,33865148.0
738,2018-03-08,15.89,16.49,15.83,16.48,0.4499999999999993,2.807236431690585,37865543.0
738,2018-03-09,16.55,17.96,16.31,17.06,0.5799999999999983,3.519417475728148,52292393.0
738,2018-03-12,16.82,17.85,16.77,17.49,0.4299999999999997,2.520515826494729,41305048.0
738,2018-03-13,17.5,17.87,16.97,17.15,-0.3399999999999998,-1.9439679817038311,32834234.0
738,2018-03-14,17.03,17.15,16.52,16.75,-0.3999999999999986,-2.3323615160349753,29458207.0
738,2018-03-15,16.6,17.0,15.91,16.3,-0.4499999999999993,-2.686567164179099,31313410.0
738,2018-03-16,16.29,16.58,16.18,16.19,-0.1099999999999994,-0.6748466257668673,18014668.0
738,2018-03-19,16.47,16.66,16.1,16.3,0.1099999999999994,0.6794317479925871,22864252.0
738,2018-03-20,16.1,16.55,15.71,16.55,0.25,1.5337423312883347,26946535.0
738,2018-03-21,16.5,16.96,16.28,16.32,-0.2300000000000004,-1.3897280966767345,35633528.0
738,2018-03-22,16.09,16.36,15.8,15.83,-0.4900000000000002,-3.0024509803921573,21452501.0
738,2018-03-23,15.17,15.7,14.66,14.97,-0.8599999999999994,-5.432722678458624,32739442.0
738,2018-03-26,14.99,15.84,14.99,15.54,0.5699999999999985,3.8076152304609145,25791516.0
738,2018-03-27,15.88,16.18,15.59,16.15,0.6099999999999994,3.925353925353914,29169113.0
738,2018-03-28,15.75,16.23,15.69,15.7,-0.4499999999999993,-2.786377708978327,23152317.0
738,2018-03-29,15.68,16.05,15.63,15.86,0.1600000000000001,1.0191082802547768,13684268.0
738,2018-03-30,16.0,17.1,15.87,16.77,0.91,5.737704918032782,36435069.0
738,2018-04-02,16.72,17.16,16.57,16.96,0.1900000000000012,1.1329755515802065,30227327.0
738,2018-04-03,16.68,16.96,16.12,16.5,-0.4600000000000008,-2.7122641509434,20804096.0
738,2018-04-04,16.51,17.82,16.51,16.97,0.4699999999999988,2.8484848484848335,42781247.0
738,2018-04-09,17.17,17.32,16.5,17.1,0.1300000000000025,0.7660577489687848,26527459.0
738,2018-04-10,17.0,17.0,16.1,16.33,-0.7700000000000031,-4.5029239766082085,21238283.0
738,2018-04-11,16.39,16.74,16.13,16.7,0.370000000000001,2.265768524188627,16603102.0
738,2018-04-12,16.5,16.78,16.3,16.3,-0.3999999999999986,-2.39520958083832,13201541.0
738,2018-04-13,16.47,16.7,16.27,16.29,-0.0100000000000015,-0.0613496932515444,11625792.0
738,2018-04-16,16.3,16.52,15.9,16.16,-0.129999999999999,-0.7980356046654369,12352747.0
738,2018-04-17,16.21,16.57,15.8,15.83,-0.33,-2.0420792079207883,15094076.0
738,2018-04-18,15.9,16.62,15.41,16.62,0.7900000000000009,4.990524320909673,19820003.0
738,2018-04-19,16.61,17.3,16.51,16.79,0.1699999999999981,1.022864019253911,30842089.0
738,2018-04-20,16.7,17.08,16.41,16.5,-0.2899999999999991,-1.7272185824895758,19036596.0
738,2018-04-23,16.5,16.62,15.15,15.41,-1.09,-6.606060606060604,20334011.0
738,2018-04-24,15.43,15.67,15.13,15.64,0.2300000000000004,1.49253731343284,12285051.0
738,2018-04-25,15.54,15.82,15.41,15.63,-0.0099999999999997,-0.0639386189258295,11141419.0
738,2018-04-26,15.5,15.8,15.17,15.19,-0.4400000000000013,-2.8150991682661664,10045059.0
738,2018-04-27,15.29,15.38,14.42,14.58,-0.6099999999999994,-4.015799868334424,13267288.0
738,2018-05-02,14.48,14.85,14.41,14.79,0.209999999999999,1.4403292181069949,6629584.0
738,2018-05-03,14.8,14.93,14.2,14.82,0.0300000000000011,0.202839756592299,8628151.0
738,2018-05-04,14.82,15.26,14.67,15.1,0.2799999999999993,1.8893387314439904,10332370.0
738,2018-05-07,15.09,15.35,15.04,15.24,0.1400000000000005,0.9271523178808084,7261413.0
738,2018-05-08,15.3,15.75,15.3,15.46,0.2200000000000006,1.4435695538057791,9918576.0
738,2018-05-09,15.32,15.58,15.29,15.43,-0.0300000000000011,-0.194049159120313,6138359.0
738,2018-05-10,15.47,15.58,14.94,15.17,-0.2599999999999998,-1.6850291639663006,7938224.0
738,2018-05-11,15.2,15.38,15.01,15.14,-0.0299999999999993,-0.1977587343441,5015457.0
738,2018-05-14,15.2,15.31,14.82,14.83,-0.3100000000000005,-2.047556142668427,5379487.0
738,2018-05-15,14.8,15.31,14.75,15.27,0.4399999999999995,2.9669588671611624,6930508.0
738,2018-05-16,15.24,15.72,15.12,15.44,0.1699999999999999,1.1132940406024971,12711641.0
738,2018-05-17,15.4,15.53,15.08,15.14,-0.2999999999999989,-1.943005181347146,5932410.0
738,2018-05-18,15.2,15.29,14.8,15.25,0.1099999999999994,0.7265521796565366,6524923.0
738,2018-05-21,15.28,15.57,15.09,15.48,0.2300000000000004,1.5081967213114833,8687313.0
738,2018-05-22,15.51,15.55,14.95,15.3,-0.1799999999999997,-1.162790697674421,8217680.0
738,2018-05-23,15.25,15.45,14.97,15.2,-0.1000000000000014,-0.6535947712418388,8459071.0
738,2018-05-24,15.06,15.15,14.78,14.8,-0.3999999999999986,-2.631578947368407,7395860.0
738,2018-05-25,14.71,15.2,14.58,14.73,-0.0700000000000002,-0.4729729729729737,6897265.0
738,2018-05-28,14.63,14.65,14.25,14.25,-0.4800000000000004,-3.258655804480659,5956938.0
738,2018-05-29,14.28,14.44,14.21,14.27,0.0199999999999995,0.140350877192974,4070254.0
738,2018-05-30,14.1,14.42,13.92,13.99,-0.2799999999999993,-1.962158374211631,5139115.0
738,2018-05-31,14.1,14.2,13.9,14.02,0.0299999999999993,0.2144388849177891,4921297.0
738,2018-06-01,13.9,14.99,13.83,14.18,0.1600000000000001,1.1412268188302432,9040789.0
738,2018-06-04,14.18,14.42,14.11,14.2,0.0199999999999995,0.1410437235543016,4463582.0
738,2018-06-05,14.28,14.64,14.21,14.56,0.3600000000000012,2.5352112676056526,7600264.0
738,2018-06-06,14.46,14.77,14.31,14.61,0.0499999999999989,0.3434065934065922,6410808.0
738,2018-06-07,14.57,14.66,14.21,14.21,-0.3999999999999986,-2.73785078713209,5988807.0
738,2018-06-08,14.23,14.23,13.7,13.89,-0.3200000000000003,-2.2519352568613704,7977760.0
738,2018-06-11,13.8,13.94,13.55,13.79,-0.1000000000000014,-0.719942404607643,4597186.0
738,2018-06-12,13.8,14.19,13.75,14.0,0.2100000000000008,1.5228426395939243,5115782.0
738,2018-06-13,14.0,14.0,13.51,13.55,-0.4499999999999993,-3.214285714285714,4417655.0
738,2018-06-14,13.5,13.7,13.36,13.56,0.0099999999999997,0.073800738007379,2902850.0
738,2018-06-15,13.53,13.65,12.83,12.97,-0.5899999999999999,-4.351032448377579,7088248.0
738,2018-06-19,12.61,13.2,11.68,11.98,-0.9900000000000002,-7.632999228989979,8620863.0
738,2018-06-20,12.01,12.87,12.01,12.67,0.6899999999999995,5.7595993322203665,10421286.0
738,2018-06-21,12.61,12.83,12.26,12.33,-0.3399999999999998,-2.6835043409629056,6640558.0
738,2018-06-22,12.29,12.95,12.16,12.87,0.5399999999999991,4.379562043795615,8857109.0
738,2018-06-25,12.96,13.15,12.74,12.9,0.0300000000000011,0.2331002331002363,6509610.0
738,2018-06-26,12.67,13.37,12.59,13.16,0.2599999999999998,2.0155038759689825,8183048.0
738,2018-06-27,13.1,13.29,12.9,13.05,-0.1099999999999994,-0.8358662613981771,5881978.0
738,2018-06-28,13.09,13.26,12.59,12.66,-0.3900000000000005,-2.9885057471264465,6838445.0
738,2018-06-29,12.66,13.36,12.66,13.33,0.6699999999999999,5.292259083728279,9854160.0
738,2018-07-02,13.21,13.77,13.21,13.46,0.1300000000000007,0.9752438109527528,12127895.0
738,2018-07-03,13.63,14.81,13.6,14.81,1.3499999999999996,10.029717682020788,28613961.0
738,2018-07-04,15.43,15.91,14.97,15.52,0.7099999999999991,4.794058068872387,45113645.0
738,2018-07-05,15.35,15.47,14.75,14.97,-0.5499999999999989,-3.5438144329896892,26737017.0
738,2018-07-06,14.84,15.47,14.72,14.8,-0.1699999999999999,-1.135604542418167,33292614.0
738,2018-07-09,14.65,15.09,14.53,15.06,0.2599999999999998,1.75675675675675,22856740.0
738,2018-07-10,14.97,15.11,14.78,15.0,-0.0600000000000005,-0.3984063745019917,14124210.0
738,2018-07-11,14.61,14.91,13.98,14.43,-0.5700000000000003,-3.8000000000000034,20309561.0
738,2018-07-12,14.49,15.08,14.4,14.92,0.4900000000000002,3.395703395703386,17691798.0
738,2018-07-13,14.84,15.03,14.52,14.57,-0.3499999999999996,-2.3458445040214437,11936574.0
738,2018-07-16,14.65,15.45,14.53,15.27,0.6999999999999993,4.804392587508577,25667693.0
738,2018-07-17,15.12,15.18,14.72,15.09,-0.1799999999999997,-1.178781925343808,17035493.0
738,2018-07-18,15.13,15.26,14.68,14.68,-0.4100000000000001,-2.717031146454607,11682904.0
738,2018-07-19,14.65,14.88,14.37,14.43,-0.25,-1.7029972752043545,9135857.0
738,2018-07-20,14.39,15.16,14.39,14.9,0.4700000000000006,3.2571032571032665,16996318.0
738,2018-07-23,14.82,15.59,14.82,15.34,0.4399999999999995,2.953020134228179,22639328.0
738,2018-07-24,15.45,15.51,15.06,15.31,-0.0299999999999993,-0.1955671447196882,17090256.0
738,2018-07-25,15.36,15.68,15.21,15.6,0.2899999999999991,1.894186806009146,19216730.0
738,2018-07-26,15.58,15.6,15.07,15.17,-0.4299999999999997,-2.7564102564102577,14374860.0
738,2018-07-27,15.25,15.38,15.01,15.33,0.1600000000000001,1.054713249835193,8403710.0
738,2018-07-30,15.3,15.32,14.6,14.93,-0.4000000000000003,-2.609262883235486,11173483.0
738,2018-07-31,14.87,15.05,14.61,14.81,-0.1199999999999992,-0.8037508372404467,6245724.0
738,2018-08-01,14.92,14.99,14.18,14.22,-0.5899999999999999,-3.983794733288315,9250210.0
738,2018-08-02,14.09,14.21,13.23,13.73,-0.4900000000000002,-3.4458509142053506,12247995.0
738,2018-08-03,13.67,13.84,13.45,13.45,-0.2800000000000011,-2.039329934450118,5099725.0
738,2018-08-06,13.5,13.64,13.25,13.4,-0.0499999999999989,-0.3717472118959009,5822877.0
738,2018-08-07,13.46,13.93,13.4,13.92,0.5199999999999996,3.88059701492538,6179966.0
738,2018-08-08,13.85,13.95,13.53,13.59,-0.33,-2.370689655172409,5090495.0
738,2018-08-09,13.55,14.1,13.53,14.02,0.4299999999999997,3.164091243561451,8719515.0
738,2018-08-10,14.0,14.13,13.89,14.1,0.08,0.5706134094151327,5810342.0
738,2018-08-13,13.9,14.16,13.8,14.12,0.0199999999999995,0.1418439716311947,6508505.0
738,2018-08-14,14.05,14.12,13.76,13.87,-0.25,-1.770538243626063,5250672.0
738,2018-08-15,13.91,14.08,13.53,13.6,-0.2699999999999996,-1.9466474405191003,5047430.0
738,2018-08-16,13.4,13.79,13.28,13.5,-0.0999999999999996,-0.7352941176470562,4315083.0
738,2018-08-17,13.69,13.73,13.01,13.08,-0.4199999999999999,-3.111111111111109,5515094.0
738,2018-08-20,13.08,13.35,12.97,13.31,0.2300000000000004,1.7584097859327352,6041913.0
738,2018-08-21,13.27,13.61,13.26,13.55,0.2400000000000002,1.8031555221637907,6380587.0
738,2018-08-22,13.48,13.68,13.37,13.5,-0.0500000000000007,-0.3690036900369065,5492312.0
738,2018-08-23,13.4,13.64,13.36,13.51,0.0099999999999997,0.0740740740740708,4724623.0
738,2018-08-24,13.5,13.55,13.26,13.26,-0.25,-1.850481125092529,5246100.0
738,2018-08-27,13.25,14.0,13.25,13.85,0.5899999999999999,4.4494720965309265,10212527.0
738,2018-08-28,13.85,14.08,13.78,13.88,0.0300000000000011,0.2166064981949489,6948699.0
738,2018-08-29,13.88,13.96,13.72,13.9,0.0199999999999995,0.1440922190201643,4464937.0
738,2018-08-30,13.88,13.96,13.45,13.46,-0.4399999999999995,-3.1654676258992764,5436360.0
738,2018-08-31,13.52,13.74,13.45,13.45,-0.0100000000000015,-0.0742942050520167,4862616.0
738,2018-09-03,13.54,14.0,13.36,13.93,0.4800000000000004,3.5687732342007505,9659274.0
738,2018-09-04,13.93,14.42,13.85,14.17,0.2400000000000002,1.7229002153625217,13177387.0
738,2018-09-05,14.18,14.48,14.01,14.08,-0.0899999999999998,-0.635144671841914,9454939.0
738,2018-09-06,14.12,14.45,14.02,14.34,0.2599999999999998,1.8465909090909172,11226081.0
738,2018-09-07,14.38,14.42,13.8,13.99,-0.3499999999999996,-2.440725244072517,9711724.0
738,2018-09-10,14.02,14.18,13.68,13.7,-0.2900000000000009,-2.0729092208720545,7037682.0
738,2018-09-11,13.73,14.0,13.61,13.85,0.1500000000000003,1.094890510948909,6757446.0
738,2018-09-12,13.85,14.35,13.79,14.06,0.2100000000000008,1.5162454873646205,9394926.0
738,2018-09-13,14.1,14.49,13.98,14.45,0.3899999999999988,2.773826458036966,13648616.0
738,2018-09-14,14.5,14.52,13.91,13.91,-0.5399999999999991,-3.737024221453278,12316730.0
738,2018-09-17,13.88,14.08,13.41,13.56,-0.3499999999999996,-2.5161754133716685,9458719.0
738,2018-09-18,13.48,13.77,13.3,13.71,0.1500000000000003,1.106194690265494,7568681.0
738,2018-09-19,13.69,13.92,13.5,13.79,0.0799999999999983,0.5835156819839371,8078911.0
738,2018-09-20,13.78,13.81,13.56,13.58,-0.209999999999999,-1.522842639593902,4679975.0
738,2018-09-21,13.64,13.77,13.49,13.73,0.1500000000000003,1.1045655375552244,5202900.0
738,2018-09-25,13.75,14.03,13.66,13.92,0.1899999999999995,1.383831026948279,6307485.0
738,2018-09-26,13.9,14.02,13.76,14.0,0.08,0.5747126436781658,6701164.0
738,2018-09-27,13.97,13.97,13.6,13.68,-0.3200000000000003,-2.285714285714291,5395380.0
738,2018-09-28,13.68,13.77,13.64,13.75,0.0700000000000002,0.5116959064327409,3441359.0
738,2018-10-08,13.5,13.76,13.33,13.39,-0.3599999999999994,-2.6181818181818195,4680218.0
738,2018-10-09,13.4,13.49,12.8,12.95,-0.4400000000000013,-3.286034353995526,6909500.0
738,2018-10-10,12.97,13.08,12.87,13.05,0.1000000000000014,0.7722007722007929,3127922.0
738,2018-10-11,12.51,12.83,11.82,11.89,-1.16,-8.888888888888891,9898989.0
738,2018-10-12,11.99,12.07,11.25,11.97,0.08,0.6728343145500526,6740849.0
738,2018-10-15,11.98,12.25,11.74,11.76,-0.2100000000000008,-1.7543859649122862,5157650.0
738,2018-10-16,11.79,12.14,11.6,11.71,-0.0499999999999989,-0.425170068027203,4918277.0
738,2018-10-17,11.81,11.93,11.45,11.93,0.2199999999999988,1.8787361229718025,5797328.0
738,2018-10-18,11.7,11.84,11.38,11.51,-0.4199999999999999,-3.5205364626990754,4624238.0
738,2018-10-19,11.41,11.82,11.25,11.79,0.2799999999999993,2.4326672458731435,5357032.0
738,2018-10-22,11.85,12.53,11.83,12.39,0.6000000000000014,5.089058524173051,8545663.0
738,2018-10-23,12.4,12.45,12.12,12.18,-0.2100000000000008,-1.6949152542372947,6001506.0
738,2018-10-24,12.2,12.35,12.11,12.17,-0.0099999999999997,-0.0821018062397316,3813678.0
738,2018-10-25,11.63,12.11,11.61,11.99,-0.1799999999999997,-1.4790468364831555,4740460.0
738,2018-10-26,12.1,12.26,11.95,12.02,0.0299999999999993,0.2502085070892335,3468541.0
738,2018-10-29,12.02,12.18,11.89,12.1,0.08,0.6655574043261225,4346954.0
738,2018-10-30,12.11,12.27,11.81,12.15,0.0500000000000007,0.4132231404958775,4999655.0
738,2018-10-31,12.19,12.37,12.14,12.29,0.1399999999999988,1.152263374485596,5417369.0
738,2018-11-01,12.37,12.69,12.29,12.43,0.1400000000000005,1.1391375101708734,7737952.0
738,2018-11-02,12.5,12.95,12.49,12.89,0.4600000000000008,3.700724054706362,9169114.0
738,2018-11-05,12.8,12.94,12.62,12.81,-0.08,-0.6206361520558534,7114786.0
738,2018-11-06,12.72,12.85,12.66,12.77,-0.0400000000000009,-0.3122560499609794,4827914.0
738,2018-11-07,12.84,13.0,12.68,12.68,-0.0899999999999998,-0.7047768206734473,6684219.0
738,2018-11-08,12.74,12.8,12.38,12.43,-0.25,-1.9716088328075696,5062407.0
738,2018-11-09,12.37,12.54,12.31,12.4,-0.0299999999999993,-0.2413515687851974,3575106.0
738,2018-11-12,12.42,12.68,12.37,12.66,0.2599999999999998,2.0967741935483897,4107233.0
738,2018-11-13,12.52,12.91,12.45,12.8,0.1400000000000005,1.105845181674581,7758429.0
738,2018-11-14,12.78,12.86,12.66,12.7,-0.1000000000000014,-0.7812500000000111,4213371.0
738,2018-11-15,12.76,13.06,12.73,13.02,0.3200000000000003,2.5196850393700787,8767136.0
738,2018-11-16,13.09,13.16,12.89,12.96,-0.0599999999999987,-0.4608294930875445,7379799.0
738,2018-11-19,12.95,13.04,12.82,12.99,0.0299999999999993,0.2314814814814658,5287323.0
738,2018-11-20,12.9,13.31,12.81,12.84,-0.1500000000000003,-1.1547344110854565,10711067.0
738,2018-11-21,12.68,12.84,12.58,12.76,-0.08,-0.6230529595015577,5794345.0
738,2018-11-22,12.8,12.86,12.71,12.77,0.0099999999999997,0.0783699059561104,3517303.0
738,2018-11-23,12.7,12.76,12.0,12.06,-0.7099999999999991,-5.559906029757233,6954277.0
738,2018-11-26,12.06,12.26,12.04,12.1,0.0399999999999991,0.3316749585406287,3883013.0
738,2018-11-27,12.2,12.3,12.06,12.15,0.0500000000000007,0.4132231404958775,4290520.0
738,2018-11-28,12.15,12.37,11.96,12.32,0.1699999999999999,1.399176954732506,4678938.0
738,2018-11-29,12.45,12.46,12.03,12.03,-0.2900000000000009,-2.3538961038961137,4144028.0
738,2018-11-30,11.94,12.21,11.94,12.14,0.1100000000000012,0.9143807148794814,3161901.0
738,2018-12-03,12.59,12.6,12.3,12.45,0.3099999999999987,2.5535420098846684,5155698.0
738,2018-12-04,12.46,12.56,12.4,12.52,0.0700000000000002,0.5622489959839383,3272813.0
738,2018-12-05,12.35,12.62,12.31,12.48,-0.0399999999999991,-0.3194888178913668,3780272.0
738,2018-12-06,12.51,12.67,12.33,12.33,-0.1500000000000003,-1.2019230769230838,4957365.0
738,2018-12-07,12.32,12.42,12.26,12.36,0.0299999999999993,0.2433090024330786,2084302.0
738,2018-12-10,12.3,12.35,12.1,12.12,-0.2400000000000002,-1.9417475728155331,2915725.0
738,2018-12-11,12.18,12.28,12.15,12.27,0.1500000000000003,1.2376237623762387,2154728.0
738,2018-12-12,12.32,12.41,12.23,12.32,0.0500000000000007,0.4074979625101838,2350992.0
738,2018-12-13,12.41,12.55,12.31,12.53,0.209999999999999,1.7045454545454364,4366411.0
738,2018-12-14,12.53,12.53,12.19,12.2,-0.33,-2.6336791699920203,3641528.0
738,2018-12-17,12.22,12.91,12.17,12.66,0.4600000000000008,3.770491803278686,7527183.0
738,2018-12-18,12.58,12.74,12.38,12.74,0.08,0.6319115323854652,7298918.0
738,2018-12-19,12.74,12.75,12.49,12.51,-0.2300000000000004,-1.80533751962324,4860815.0
738,2018-12-20,12.56,12.69,12.38,12.48,-0.0299999999999993,-0.2398081534772167,4020066.0
738,2018-12-21,12.42,12.49,12.2,12.25,-0.2300000000000004,-1.8429487179487225,3589271.0
738,2018-12-24,12.25,12.4,12.2,12.35,0.0999999999999996,0.8163265306122325,2865645.0
738,2018-12-25,12.2,12.29,11.88,12.17,-0.1799999999999997,-1.457489878542506,4151845.0
738,2018-12-26,12.11,12.25,12.04,12.1,-0.0700000000000002,-0.5751848808545623,2298714.0
738,2018-12-27,12.3,12.35,12.0,12.0,-0.0999999999999996,-0.8264462809917328,3196339.0
738,2018-12-28,12.06,12.2,11.96,12.06,0.0600000000000005,0.5000000000000115,2765411.0
738,2019-01-02,12.11,12.27,11.94,12.13,0.0700000000000002,0.5804311774461057,3425884.0
738,2019-01-03,12.19,13.12,12.14,12.67,0.5399999999999991,4.451772464962889,12532540.0
738,2019-01-04,12.6,12.98,12.56,12.84,0.1699999999999999,1.3417521704814472,11042127.0
738,2019-01-07,12.96,13.64,12.84,13.48,0.6400000000000006,4.984423676012462,17576460.0
738,2019-01-08,13.29,13.39,13.05,13.1,-0.3800000000000008,-2.8189910979228516,10778201.0
738,2019-01-09,13.09,13.24,12.89,12.91,-0.1899999999999995,-1.450381679389312,8302308.0
738,2019-01-10,12.94,13.09,12.83,12.94,0.0299999999999993,0.2323780015491827,5403994.0
738,2019-01-11,12.93,13.28,12.93,13.17,0.2300000000000004,1.777434312210202,8412700.0
738,2019-01-14,13.13,13.18,12.86,12.94,-0.2300000000000004,-1.74639331814731,5248890.0
738,2019-01-15,12.91,13.13,12.88,13.08,0.1400000000000005,1.0819165378670892,5815631.0
738,2019-01-16,13.07,13.07,12.91,12.95,-0.1300000000000007,-0.993883792048933,4048517.0
738,2019-01-17,13.0,13.02,12.72,12.75,-0.1999999999999993,-1.544401544401541,4165495.0
738,2019-01-18,12.79,12.96,12.78,12.9,0.1500000000000003,1.17647058823529,3381411.0
738,2019-01-21,12.94,13.05,12.91,12.96,0.0600000000000005,0.4651162790697771,4049922.0
738,2019-01-22,12.9,12.95,12.6,12.76,-0.200000000000001,-1.5432098765432167,4823026.0
738,2019-01-23,12.68,12.79,12.6,12.79,0.0299999999999993,0.2351097178683314,2342976.0
738,2019-01-24,12.72,12.98,12.66,12.91,0.120000000000001,0.9382329945269774,4080190.0
738,2019-01-25,12.86,12.97,12.76,12.78,-0.1300000000000007,-1.0069713400464808,3167947.0
738,2019-01-28,12.82,12.95,12.72,12.78,0.0,0.0,3199107.0
738,2019-01-29,12.74,12.74,12.1,12.29,-0.4900000000000002,-3.834115805946792,5872316.0
738,2019-01-30,12.29,12.56,12.25,12.35,0.0600000000000005,0.4882017900732283,4071531.0
738,2019-01-31,12.32,12.51,12.1,12.16,-0.1899999999999995,-1.538461538461533,4527049.0
738,2019-02-01,12.24,12.64,12.24,12.58,0.4199999999999999,3.453947368421062,4282306.0
738,2019-02-11,12.6,13.01,12.6,13.0,0.4199999999999999,3.338632750397452,5363385.0
738,2019-02-12,12.97,13.15,12.91,13.1,0.0999999999999996,0.7692307692307665,5330207.0
738,2019-02-13,13.1,13.52,13.02,13.28,0.1799999999999997,1.3740458015267132,11467616.0
738,2019-02-14,13.22,13.42,13.17,13.25,-0.0299999999999993,-0.225903614457823,5688998.0
738,2019-02-15,13.22,13.39,13.1,13.11,-0.1400000000000005,-1.0566037735849076,5346501.0
738,2019-02-18,13.2,13.63,13.2,13.55,0.4400000000000013,3.3562166285278527,9700735.0
738,2019-02-19,13.59,13.7,13.25,13.68,0.129999999999999,0.959409594095928,11312280.0
738,2019-02-20,13.55,13.78,13.3,13.49,-0.1899999999999995,-1.388888888888884,12787538.0
738,2019-02-21,13.54,13.85,13.36,13.37,-0.120000000000001,-0.8895478131949686,13694240.0
738,2019-02-22,13.25,13.84,13.23,13.81,0.4400000000000013,3.2909498878085364,13117193.0
738,2019-02-25,13.87,14.59,13.81,14.49,0.6799999999999997,4.9239681390296886,20980613.0
738,2019-02-26,14.45,14.63,14.22,14.31,-0.1799999999999997,-1.2422360248447228,17087942.0
738,2019-02-27,14.21,15.07,14.21,14.52,0.209999999999999,1.467505241090139,20149874.0
738,2019-02-28,14.75,15.0,14.37,14.52,0.0,0.0,11802874.0
738,2019-03-01,14.54,14.68,14.2,14.61,0.0899999999999998,0.6198347107438051,12711562.0
738,2019-03-04,14.75,15.02,14.55,14.83,0.2200000000000006,1.5058179329226595,19322783.0
738,2019-03-05,14.82,15.25,14.7,15.18,0.3499999999999996,2.3600809170600145,18811176.0
738,2019-03-06,15.22,15.4,14.88,15.15,-0.0299999999999993,-0.1976284584980225,16361969.0
738,2019-03-07,15.16,15.49,14.95,15.21,0.0600000000000005,0.3960396039603964,15731314.0
738,2019-03-08,14.87,15.3,14.52,14.54,-0.6700000000000017,-4.4049967126890355,16747185.0
738,2019-03-11,14.7,15.24,14.6,15.17,0.6300000000000008,4.332874828060529,15283248.0
738,2019-03-12,15.42,16.6,15.23,16.07,0.9000000000000004,5.932762030323002,35557626.0
738,2019-03-13,16.1,17.49,15.81,16.27,0.1999999999999993,1.2445550715619147,45276917.0
738,2019-03-14,16.3,16.75,15.1,15.75,-0.5199999999999996,-3.19606637984019,29133365.0
738,2019-03-15,15.94,16.06,15.4,15.59,-0.1600000000000001,-1.0158730158730145,15120441.0
738,2019-03-18,15.6,15.77,15.26,15.72,0.1300000000000007,0.8338678640154029,13131080.0
738,2019-03-19,15.73,16.2,15.59,15.94,0.2199999999999988,1.399491094147565,16059473.0
738,2019-03-20,15.8,15.86,15.34,15.67,-0.2699999999999996,-1.693851944792968,14449997.0
738,2019-03-21,15.68,15.85,15.49,15.65,-0.0199999999999995,-0.1276324186343269,14510804.0
738,2019-03-22,15.65,15.86,15.52,15.79,0.1399999999999988,0.8945686900958316,14396172.0
738,2019-03-25,15.8,17.0,15.8,16.4,0.6099999999999994,3.8632045598480103,36098673.0
738,2019-03-26,16.37,16.39,15.33,15.36,-1.0399999999999991,-6.341463414634141,22382564.0
738,2019-03-27,15.37,15.45,14.9,15.14,-0.2199999999999988,-1.432291666666663,10476652.0
738,2019-03-28,15.2,15.5,14.96,14.98,-0.1600000000000001,-1.0568031704095149,9482073.0
738,2019-03-29,15.15,15.59,15.05,15.57,0.5899999999999999,3.938584779706278,13884763.0
738,2019-04-01,15.68,16.1,15.68,16.02,0.4499999999999993,2.8901734104046284,15755850.0
738,2019-04-02,16.1,16.53,16.01,16.08,0.0599999999999987,0.3745318352059934,18991507.0
738,2019-04-03,16.05,16.36,15.9,16.26,0.1800000000000032,1.1194029850746468,14515319.0
738,2019-04-04,16.35,16.48,16.08,16.14,-0.120000000000001,-0.7380073800738018,13001571.0
738,2019-04-08,16.28,16.33,15.55,15.76,-0.3800000000000008,-2.354399008674102,13548956.0
738,2019-04-09,15.76,15.95,15.61,15.88,0.120000000000001,0.761421319796951,8012824.0
738,2019-04-10,15.66,15.78,15.4,15.6,-0.2800000000000011,-1.7632241813602123,8218574.0
738,2019-04-11,15.61,15.96,15.5,15.56,-0.0399999999999991,-0.2564102564102555,9590503.0
738,2019-04-12,15.56,15.74,15.14,15.38,-0.1799999999999997,-1.1568123393316143,9279025.0
738,2019-04-15,15.59,15.72,15.3,15.3,-0.08,-0.5201560468140465,8239928.0
738,2019-04-16,15.21,15.51,15.01,15.51,0.209999999999999,1.3725490196078385,9533300.0
738,2019-04-17,15.5,15.75,15.43,15.56,0.0500000000000007,0.3223726627981982,9523236.0
738,2019-04-18,15.58,15.74,15.45,15.5,-0.0600000000000005,-0.3856041131105381,9183217.0
738,2019-04-19,15.45,15.54,15.17,15.47,-0.0299999999999993,-0.1935483870967647,6770320.0
738,2019-04-22,15.53,15.64,15.26,15.35,-0.120000000000001,-0.7756948933419605,7384410.0
738,2019-04-23,15.3,15.35,14.77,14.88,-0.4699999999999988,-3.0618892508143203,8527769.0
738,2019-04-24,14.95,15.05,14.65,14.94,0.0599999999999987,0.4032258064516014,6494713.0
738,2019-04-25,14.94,14.95,14.3,14.3,-0.6399999999999988,-4.283801874163307,7911313.0
738,2019-04-26,14.26,14.41,14.2,14.21,-0.0899999999999998,-0.6293706293706292,5101089.0
738,2019-04-29,14.38,14.4,13.93,13.95,-0.2600000000000015,-1.8296973961998697,6846255.0
738,2019-04-30,13.99,14.26,13.92,14.18,0.2300000000000004,1.6487455197132572,5529309.0
738,2019-05-06,13.97,13.97,13.14,13.3,-0.879999999999999,-6.205923836389271,9729321.0
738,2019-05-07,13.36,13.64,13.35,13.58,0.2799999999999993,2.105263157894721,6726607.0
738,2019-05-08,13.4,13.71,13.25,13.51,-0.0700000000000002,-0.5154639175257714,6055582.0
738,2019-05-09,13.5,13.77,13.4,13.59,0.08,0.5921539600296066,5889653.0
738,2019-05-10,13.62,14.26,13.59,14.15,0.5600000000000005,4.120676968359094,12359806.0
738,2019-05-13,14.0,14.17,13.84,13.94,-0.2100000000000008,-1.4840989399293347,5700428.0
738,2019-05-14,13.8,14.23,13.7,13.93,-0.0099999999999997,-0.0717360114777632,6910597.0
738,2019-05-15,13.95,14.11,13.95,14.06,0.1300000000000007,0.933237616654714,5227763.0
738,2019-05-16,14.05,14.37,13.94,14.23,0.1699999999999999,1.2091038406827792,9786846.0
738,2019-05-17,14.22,14.25,13.6,13.65,-0.5800000000000001,-4.075895994378076,7160819.0
738,2019-05-20,13.7,14.05,13.7,13.97,0.3200000000000003,2.344322344322336,5533306.0
738,2019-05-21,13.98,14.2,13.8,14.17,0.1999999999999993,1.4316392269148048,6881274.0
738,2019-05-22,14.11,14.23,13.91,14.01,-0.1600000000000001,-1.1291460832745237,5238659.0
738,2019-05-23,14.01,14.28,13.9,13.97,-0.0399999999999991,-0.2855103497501732,6479587.0
738,2019-05-24,13.9,14.06,13.56,13.62,-0.3500000000000014,-2.505368647100936,5188787.0
738,2019-05-27,13.64,14.03,13.6,13.99,0.370000000000001,2.7165932452276165,5037954.0
738,2019-05-28,13.99,14.12,13.85,13.95,-0.0400000000000009,-0.2859185132237374,4898030.0
738,2019-05-29,13.95,14.08,13.85,13.99,0.0400000000000009,0.2867383512544785,4383437.0
738,2019-05-30,13.91,13.98,13.67,13.86,-0.1300000000000007,-0.9292351679771272,4193935.0
738,2019-05-31,13.9,14.06,13.81,14.03,0.1699999999999999,1.2265512265512202,5123107.0
738,2019-06-03,14.11,14.17,13.75,13.8,-0.2299999999999986,-1.639344262295073,5485229.0
738,2019-06-04,13.8,13.8,13.28,13.42,-0.3800000000000008,-2.753623188405807,6621123.0
738,2019-06-05,13.54,13.55,13.3,13.31,-0.1099999999999994,-0.8196721311475419,3450423.0
738,2019-06-06,13.37,13.37,13.0,13.09,-0.2200000000000006,-1.652892561983477,4330720.0
738,2019-06-10,13.16,13.28,13.05,13.16,0.0700000000000002,0.5347593582887722,2966200.0
738,2019-06-11,13.12,13.55,13.09,13.54,0.379999999999999,2.8875379939209633,5320080.0
738,2019-06-12,13.57,13.57,13.38,13.39,-0.1499999999999985,-1.107828655834553,4504200.0
738,2019-06-13,13.39,13.47,13.36,13.44,0.0499999999999989,0.3734129947722042,3507162.0
738,2019-06-14,13.45,13.66,13.23,13.23,-0.209999999999999,-1.562499999999989,6835200.0
738,2019-06-17,13.28,13.28,13.04,13.11,-0.120000000000001,-0.9070294784580546,4471298.0
738,2019-06-18,13.14,13.14,13.01,13.1,-0.0099999999999997,-0.0762776506483597,3217935.0
738,2019-06-19,13.27,13.38,13.22,13.31,0.2100000000000008,1.6030534351145098,6554658.0
738,2019-06-20,13.26,13.55,13.18,13.5,0.1899999999999995,1.427498121712989,6982649.0
738,2019-06-21,13.5,13.76,13.5,13.71,0.2100000000000008,1.5555555555555545,7822333.0
738,2019-06-24,13.71,13.83,13.55,13.73,0.0199999999999995,0.1458789204959787,9132301.0
738,2019-06-25,13.7,13.98,13.5,13.63,-0.0999999999999996,-0.728332119446462,8277154.0
738,2019-06-26,13.62,13.84,13.51,13.82,0.1899999999999995,1.3939838591342513,5575259.0
738,2019-06-27,13.82,13.92,13.65,13.74,-0.08,-0.5788712011577379,9996312.0
738,2019-06-28,13.67,13.68,13.35,13.4,-0.3399999999999998,-2.4745269286754024,6013451.0
738,2019-07-01,13.62,13.84,13.55,13.82,0.4199999999999999,3.1343283582089487,7950845.0
738,2019-07-02,13.93,14.04,13.76,13.8,-0.0199999999999995,-0.1447178002894289,8031696.0
738,2019-07-03,13.74,13.98,13.66,13.9,0.0999999999999996,0.7246376811594235,8892515.0
738,2019-07-04,13.83,15.29,13.83,15.29,1.3899999999999988,9.999999999999986,56649905.0
738,2019-07-05,15.1,15.2,14.65,14.8,-0.4899999999999984,-3.2047089601046297,39350101.0
738,2019-07-08,14.36,14.4,13.7,13.9,-0.9000000000000004,-6.081081081081086,30679327.0
738,2019-07-09,13.9,14.35,13.8,14.18,0.2799999999999993,2.0143884892086295,22409708.0
738,2019-07-10,14.13,15.29,13.92,14.77,0.5899999999999999,4.160789844851909,35136760.0
738,2019-07-11,14.6,14.77,14.3,14.56,-0.209999999999999,-1.421800947867291,18152825.0
738,2019-07-12,14.56,14.95,14.41,14.76,0.1999999999999993,1.3736263736263687,18208769.0
738,2019-07-15,14.64,15.17,14.57,14.99,0.2300000000000004,1.5582655826558378,22270647.0
738,2019-07-16,14.97,15.03,14.66,14.72,-0.2699999999999996,-1.8012008005336866,14725262.0
738,2019-07-17,14.68,14.91,14.51,14.56,-0.1600000000000001,-1.0869565217391353,12927852.0
738,2019-07-18,14.36,14.65,14.34,14.5,-0.0600000000000005,-0.4120879120879106,10354540.0
738,2019-07-19,14.57,15.0,14.45,14.68,0.1799999999999997,1.2413793103448256,11351101.0
738,2019-07-22,14.65,14.65,14.03,14.16,-0.5199999999999996,-3.542234332425065,12641019.0
738,2019-07-23,14.19,14.5,14.07,14.5,0.3399999999999998,2.4011299435028333,7760768.0
738,2019-07-24,14.52,14.8,14.42,14.49,-0.0099999999999997,-0.0689655172413816,11317789.0
738,2019-07-25,14.52,14.72,14.52,14.61,0.1199999999999992,0.8281573498964745,8565386.0
738,2019-07-26,14.58,15.12,14.49,14.98,0.370000000000001,2.532511978097207,20463986.0
738,2019-07-29,14.91,15.12,14.83,15.03,0.0499999999999989,0.3337783711615305,13863209.0
738,2019-07-30,15.03,15.03,14.73,14.8,-0.2299999999999986,-1.5302727877578135,11048704.0
738,2019-07-31,14.77,15.05,14.7,14.98,0.1799999999999997,1.216216216216215,12176918.0
738,2019-08-01,14.9,14.95,14.45,14.57,-0.4100000000000001,-2.736982643524699,12470756.0
738,2019-08-02,14.22,14.37,14.02,14.14,-0.4299999999999997,-2.9512697323267,10654372.0
738,2019-08-05,14.06,14.33,13.91,13.93,-0.2100000000000008,-1.4851485148514865,8271023.0
738,2019-08-06,13.6,13.84,13.17,13.52,-0.4100000000000001,-2.943287867910982,10241617.0
738,2019-08-07,13.59,13.59,13.25,13.29,-0.2300000000000004,-1.7011834319526686,6401624.0
738,2019-08-08,13.34,13.69,13.32,13.48,0.1900000000000012,1.4296463506395796,7653156.0
738,2019-08-09,13.5,13.59,13.21,13.25,-0.2300000000000004,-1.7062314540059351,5687807.0
738,2019-08-12,13.25,13.47,13.2,13.46,0.2100000000000008,1.584905660377367,3926188.0
738,2019-08-13,13.34,13.63,13.31,13.46,0.0,0.0,5027308.0
738,2019-08-14,13.6,13.66,13.47,13.6,0.1399999999999988,1.0401188707280795,5461267.0
738,2019-08-15,13.34,13.59,13.27,13.58,-0.0199999999999995,-0.1470588235294112,4900486.0
738,2019-08-16,13.61,13.79,13.54,13.68,0.0999999999999996,0.7363770250368162,6129245.0
738,2019-08-19,13.68,14.1,13.66,14.07,0.3900000000000005,2.8508771929824706,9318543.0
738,2019-08-20,14.08,14.27,13.94,13.97,-0.0999999999999996,-0.7107320540156281,10595383.0
738,2019-08-21,14.01,14.18,13.9,13.97,0.0,0.0,6678142.0
738,2019-08-22,14.0,14.4,13.95,14.25,0.2799999999999993,2.004294917680749,11458404.0
738,2019-08-23,14.28,14.3,14.07,14.26,0.0099999999999997,0.070175438596487,7486038.0
738,2019-08-26,14.0,14.27,13.9,14.27,0.0099999999999997,0.0701262272089664,8887043.0
738,2019-08-27,14.29,14.57,14.16,14.53,0.2599999999999998,1.8220042046250828,12311366.0
738,2019-08-28,14.48,14.75,14.26,14.31,-0.2199999999999988,-1.5141087405368123,11862041.0
738,2019-08-29,14.45,14.89,14.32,14.6,0.2899999999999991,2.026554856743523,13811756.0
738,2019-08-30,14.62,15.0,14.48,14.96,0.3600000000000012,2.465753424657535,21429070.0
738,2019-09-02,14.96,15.64,14.85,15.37,0.4099999999999983,2.740641711229941,28156698.0
738,2019-09-03,15.32,15.65,15.24,15.37,0.0,0.0,23669751.0
738,2019-09-04,15.27,15.47,15.15,15.37,0.0,0.0,15954222.0
738,2019-09-05,15.39,15.65,15.27,15.42,0.0500000000000007,0.3253090435914263,19475861.0
738,2019-09-06,15.39,15.62,15.36,15.51,0.0899999999999998,0.5836575875486361,15863287.0
738,2019-09-09,15.64,15.64,15.34,15.6,0.0899999999999998,0.5802707930367523,17854079.0
738,2019-09-10,15.58,15.8,15.28,15.35,-0.25,-1.602564102564108,15508663.0
738,2019-09-11,15.36,15.51,15.2,15.21,-0.1399999999999988,-0.9120521172638396,11526083.0
738,2019-09-12,15.26,15.3,15.15,15.25,0.0399999999999991,0.2629848783694877,6957847.0
738,2019-09-16,15.25,15.42,15.07,15.13,-0.1199999999999992,-0.7868852459016362,9189754.0
738,2019-09-17,15.1,15.17,14.58,14.63,-0.5,-3.304692663582287,12184389.0
738,2019-09-18,14.72,14.79,14.5,14.58,-0.0500000000000007,-0.341763499658243,8254156.0
738,2019-09-19,14.65,14.78,14.54,14.78,0.1999999999999993,1.3717421124828544,9244881.0
738,2019-09-20,14.75,14.75,14.43,14.57,-0.209999999999999,-1.420838971583216,10910810.0
738,2019-09-23,14.54,14.54,14.17,14.37,-0.200000000000001,-1.3726835964310349,9544483.0
738,2019-09-24,14.37,14.56,14.26,14.44,0.0700000000000002,0.4871259568545616,7193828.0
738,2019-09-25,14.39,14.4,14.03,14.07,-0.3699999999999992,-2.5623268698060864,8051483.0
738,2019-09-26,14.06,14.14,13.71,13.75,-0.3200000000000003,-2.274342572850041,9525658.0
738,2019-09-27,13.76,13.91,13.72,13.78,0.0299999999999993,0.2181818181818062,6100621.0
738,2019-09-30,13.73,13.88,13.56,13.63,-0.1499999999999985,-1.0885341074020172,6117773.0
738,2019-10-08,13.7,13.75,13.5,13.54,-0.0900000000000016,-0.6603081438004477,5687360.0
738,2019-10-09,13.55,13.72,13.47,13.7,0.1600000000000001,1.1816838995568624,4166669.0
738,2019-10-10,13.7,13.81,13.61,13.76,0.0600000000000005,0.4379562043795637,5279453.0
738,2019-10-11,13.79,13.83,13.61,13.73,-0.0299999999999993,-0.2180232558139483,4717406.0
738,2019-10-14,13.86,14.04,13.77,13.97,0.2400000000000002,1.7479970866715266,7458040.0
738,2019-10-15,13.96,13.97,13.61,13.67,-0.3000000000000007,-2.1474588403722294,6896075.0
738,2019-10-16,13.75,13.8,13.58,13.6,-0.0700000000000002,-0.5120702267739641,3661256.0
738,2019-10-17,13.66,13.66,13.55,13.57,-0.0299999999999993,-0.2205882352941168,2788257.0
738,2019-10-18,13.64,13.82,13.4,13.44,-0.1300000000000007,-0.9579955784819516,6359920.0
738,2019-10-21,13.42,13.48,13.18,13.44,0.0,0.0,4028522.0
738,2019-10-22,13.44,13.57,13.43,13.56,0.120000000000001,0.8928571428571397,3003564.0
738,2019-10-23,13.8,13.98,13.58,13.6,0.0399999999999991,0.2949852507374562,8623624.0
738,2019-10-24,13.6,13.97,13.52,13.95,0.3499999999999996,2.5735294117646967,8052758.0
738,2019-10-25,13.83,13.99,13.77,13.92,-0.0299999999999993,-0.2150537634408533,6506201.0
738,2019-10-28,13.9,14.06,13.82,14.0,0.08,0.5747126436781658,8119300.0
738,2019-10-29,14.0,14.0,13.71,13.74,-0.2599999999999998,-1.8571428571428572,5294100.0
738,2019-10-30,13.79,13.92,13.55,13.76,0.0199999999999995,0.1455604075691452,4671938.0
738,2019-10-31,13.76,13.85,13.6,13.75,-0.0099999999999997,-0.0726744186046457,4520775.0
738,2019-11-01,13.73,13.93,13.66,13.84,0.0899999999999998,0.6545454545454632,4206895.0
738,2019-11-04,13.87,13.91,13.65,13.66,-0.1799999999999997,-1.300578034682076,5227787.0
738,2019-11-05,13.66,13.74,13.43,13.55,-0.1099999999999994,-0.8052708638360162,5521515.0
738,2019-11-06,13.67,14.09,13.67,13.8,0.25,1.845018450184499,10489882.0
738,2019-11-07,13.79,13.79,13.56,13.65,-0.1500000000000003,-1.0869565217391353,5522493.0
738,2019-11-08,13.7,13.73,13.5,13.51,-0.1400000000000005,-1.025641025641033,5592309.0
738,2019-11-11,13.48,13.48,13.11,13.13,-0.379999999999999,-2.812731310140626,5189384.0
738,2019-11-12,13.11,13.19,12.95,13.09,-0.0400000000000009,-0.3046458492003134,3788911.0
738,2019-11-13,13.11,13.14,13.0,13.11,0.0199999999999995,0.1527883880825031,2748044.0
738,2019-11-14,13.09,13.15,13.0,13.08,-0.0299999999999993,-0.2288329519450793,2848991.0
738,2019-11-15,13.07,13.12,12.83,12.85,-0.2300000000000004,-1.758409785932724,3354686.0
738,2019-11-18,12.83,12.83,12.6,12.82,-0.0299999999999993,-0.2334630350194544,3353896.0
738,2019-11-19,12.78,13.01,12.76,13.01,0.1899999999999995,1.482059282371284,2896860.0
738,2019-11-20,12.95,13.05,12.77,12.79,-0.2200000000000006,-1.6910069177555775,3331707.0
738,2019-11-21,12.79,13.03,12.74,12.95,0.1600000000000001,1.2509773260359625,3415711.0
738,2019-11-22,12.91,13.1,12.9,13.1,0.1500000000000003,1.158301158301156,5865980.0
738,2019-11-25,13.08,13.08,12.91,13.02,-0.08,-0.6106870229007688,2925077.0
738,2019-11-26,13.03,13.18,12.86,12.86,-0.1600000000000001,-1.228878648233489,7378744.0
738,2019-11-27,13.0,13.0,12.67,12.74,-0.1199999999999992,-0.9331259720062102,4696875.0
738,2019-11-28,12.7,12.8,12.66,12.74,0.0,0.0,2207178.0
738,2019-11-29,12.73,12.82,12.68,12.81,0.0700000000000002,0.5494505494505475,2495467.0
738,2019-12-02,12.82,12.94,12.78,12.85,0.0399999999999991,0.3122560499609683,2261269.0
738,2019-12-03,12.85,13.02,12.81,13.02,0.1699999999999999,1.322957198443575,2938807.0
738,2019-12-04,12.98,13.14,12.95,13.08,0.0600000000000005,0.4608294930875667,3351763.0
738,2019-12-05,13.15,13.23,13.08,13.18,0.0999999999999996,0.7645259938837912,3379423.0
738,2019-12-06,13.15,13.27,13.09,13.21,0.0300000000000011,0.2276176024279319,2704564.0
738,2019-12-09,13.18,13.25,13.08,13.08,-0.1300000000000007,-0.9841029523088628,3221532.0
738,2019-12-10,13.03,13.12,12.97,13.1,0.0199999999999995,0.1529051987767538,3179744.0
738,2019-12-11,13.1,13.15,12.99,13.07,-0.0299999999999993,-0.2290076335877855,2411272.0
738,2019-12-12,13.08,13.1,12.95,12.97,-0.0999999999999996,-0.7651109410864554,3174600.0
738,2019-12-13,13.01,13.08,12.95,13.02,0.0499999999999989,0.3855050115651348,5634171.0
738,2019-12-16,13.05,13.34,13.01,13.33,0.3100000000000005,2.3809523809523947,8094229.0
738,2019-12-17,13.3,13.45,13.27,13.4,0.0700000000000002,0.5251312828207011,7569201.0
738,2019-12-18,13.43,13.54,13.31,13.35,-0.0500000000000007,-0.3731343283582156,7053576.0
738,2019-12-19,13.3,13.42,13.3,13.37,0.0199999999999995,0.1498127340823885,4570194.0
738,2019-12-20,13.44,13.44,13.12,13.17,-0.1999999999999993,-1.4958863126402375,5236951.0
738,2019-12-23,13.2,13.33,12.96,12.96,-0.209999999999999,-1.594533029612755,5041585.0
738,2019-12-24,12.97,13.06,12.92,13.05,0.0899999999999998,0.694444444444442,3400452.0
738,2019-12-25,13.06,13.09,12.97,13.0,-0.0500000000000007,-0.3831417624521105,4511022.0
738,2019-12-26,13.03,13.12,12.95,13.09,0.0899999999999998,0.692307692307681,4069900.0
738,2019-12-27,13.15,13.22,12.99,13.03,-0.0600000000000005,-0.4583651642475206,6042822.0
738,2019-12-30,12.97,13.12,12.8,13.09,0.0600000000000005,0.4604758250191798,6577837.0
738,2019-12-31,13.1,13.19,13.0,13.07,-0.0199999999999995,-0.1527883880825031,5206095.0
738,2020-01-02,13.15,13.37,13.07,13.33,0.2599999999999998,1.9892884468247771,10912559.0
738,2020-01-03,13.33,13.6,13.3,13.52,0.1899999999999995,1.42535633908476,15001960.0
738,2020-01-06,13.65,13.78,13.4,13.53,0.0099999999999997,0.0739644970414232,15015717.0
738,2020-01-07,13.5,13.65,13.45,13.58,0.0500000000000007,0.3695491500369519,9538470.0
738,2020-01-08,13.71,13.92,13.58,13.86,0.2799999999999993,2.0618556701030855,18593800.0
738,2020-01-09,13.6,13.65,13.43,13.6,-0.2599999999999998,-1.8759018759018753,10723782.0
738,2020-01-10,13.6,13.66,13.43,13.48,-0.1199999999999992,-0.8823529411764675,7290285.0
738,2020-01-13,13.49,13.52,13.36,13.51,0.0299999999999993,0.2225519287833766,6477172.0
738,2020-01-14,13.48,13.59,13.44,13.48,-0.0299999999999993,-0.2220577350110941,5641330.0
738,2020-01-15,13.48,13.49,13.3,13.31,-0.1699999999999999,-1.261127596439171,4930641.0
738,2020-01-16,13.33,13.58,13.32,13.36,0.0499999999999989,0.3756574004507795,6890839.0
738,2020-01-17,13.37,13.44,13.32,13.34,-0.0199999999999995,-0.1497005988023936,4081082.0
738,2020-01-20,13.34,13.61,13.34,13.59,0.25,1.8740629685157328,7821340.0
738,2020-01-21,13.61,13.61,13.28,13.29,-0.3000000000000007,-2.207505518763797,6637091.0
738,2020-01-22,13.28,13.29,12.98,13.21,-0.0799999999999983,-0.6019563581640242,6337200.0
738,2020-01-23,13.13,13.45,12.84,12.9,-0.3100000000000005,-2.346707040121121,8864528.0
738,2020-02-03,11.61,11.61,11.61,11.61,-1.290000000000001,-10.000000000000009,2247800.0
738,2020-02-04,10.46,11.71,10.46,11.58,-0.0299999999999993,-0.2583979328165342,14860889.0
738,2020-02-05,11.5,11.96,11.4,11.7,0.1199999999999992,1.0362694300518172,9502877.0
738,2020-02-06,11.7,11.96,11.61,11.88,0.1800000000000015,1.5384615384615552,8629979.0
738,2020-02-07,11.87,12.03,11.75,11.97,0.0899999999999998,0.7575757575757569,7984492.0
738,2020-02-10,11.95,12.13,11.82,12.01,0.0399999999999991,0.3341687552213868,6322047.0
738,2020-02-11,12.06,12.08,11.87,11.87,-0.1400000000000005,-1.1656952539550458,5737482.0
738,2020-02-12,11.84,11.85,11.55,11.77,-0.0999999999999996,-0.8424599831508006,12376497.0
738,2020-02-13,11.78,11.79,11.49,11.52,-0.25,-2.1240441801189447,10208696.0
738,2020-02-14,11.52,11.68,11.4,11.5,-0.0199999999999995,-0.1736111111111049,9878508.0
738,2020-02-17,12.4,12.65,12.01,12.65,1.1500000000000004,10.000000000000009,17293709.0
738,2020-02-18,13.92,13.92,13.81,13.92,1.2699999999999996,10.039525691699591,20764481.0
738,2020-02-19,13.9,15.25,13.55,14.28,0.3599999999999994,2.5862068965517127,87743372.0
738,2020-02-20,13.8,13.88,13.22,13.68,-0.5999999999999996,-4.201680672268903,50513936.0
738,2020-02-21,13.44,14.61,13.36,14.12,0.4399999999999995,3.2163742690058506,49365783.0
738,2020-02-24,13.85,14.03,13.61,13.83,-0.2899999999999991,-2.053824362606227,28311903.0
738,2020-02-25,13.48,13.6,12.79,13.4,-0.4299999999999997,-3.1091829356471368,31650399.0
738,2020-02-26,13.16,13.9,13.12,13.34,-0.0600000000000005,-0.4477611940298498,26140193.0
738,2020-02-27,13.46,14.3,13.17,13.98,0.6400000000000006,4.797601199400314,40099944.0
738,2020-02-28,13.35,13.8,12.83,12.96,-1.0199999999999996,-7.296137339055786,31758859.0
738,2020-03-02,12.94,13.79,12.94,13.45,0.4899999999999984,3.780864197530853,20812477.0
738,2020-03-03,13.51,14.6,13.51,14.19,0.7400000000000002,5.501858736059484,45006882.0
738,2020-03-04,14.1,14.96,13.97,14.7,0.5099999999999998,3.594080338266381,53045577.0
738,2020-03-05,14.72,15.37,14.32,14.47,-0.2299999999999986,-1.564625850340129,54276120.0
738,2020-03-06,14.23,14.78,14.13,14.5,0.0299999999999993,0.2073255010366148,35765087.0
738,2020-03-09,14.18,14.3,13.36,13.39,-1.1099999999999994,-7.655172413793099,33793222.0
738,2020-03-10,13.08,13.79,13.08,13.75,0.3599999999999994,2.688573562359964,20192658.0
738,2020-03-11,13.81,14.88,13.75,14.5,0.75,5.454545454545445,45048325.0
738,2020-03-12,14.21,15.16,14.12,14.69,0.1899999999999995,1.3103448275862073,48344798.0
738,2020-03-13,13.96,15.9,13.87,15.63,0.9400000000000012,6.398910823689596,69562203.0
738,2020-03-16,15.5,15.5,14.45,14.6,-1.0300000000000011,-6.589891234804868,51663407.0
738,2020-03-17,14.8,15.0,13.9,14.53,-0.0700000000000002,-0.4794520547945269,30871175.0
738,2020-03-18,14.66,15.35,14.21,14.36,-0.1699999999999999,-1.16999311768754,45712301.0
738,2020-03-19,14.5,15.35,14.31,15.27,0.91,6.337047353760439,53758632.0
738,2020-03-20,15.15,15.67,14.79,15.1,-0.1699999999999999,-1.113294040602486,49119273.0
738,2020-03-23,14.01,14.11,13.59,13.59,-1.5099999999999998,-9.999999999999998,36429935.0
738,2020-03-24,13.63,13.72,12.37,12.98,-0.6099999999999994,-4.488594554819714,38564611.0
738,2020-03-25,13.07,13.2,12.8,12.98,0.0,0.0,22856011.0
738,2020-03-26,12.85,13.07,12.6,12.72,-0.2599999999999998,-2.003081664098616,15050234.0
738,2020-03-27,12.9,12.95,12.47,12.48,-0.2400000000000002,-1.8867924528301885,14542393.0
738,2020-03-30,12.22,12.44,11.74,12.18,-0.3000000000000007,-2.4038461538461564,16187168.0
738,2020-03-31,12.29,12.35,11.87,11.93,-0.25,-2.052545155993435,11769083.0
738,2020-04-01,11.89,12.1,11.72,11.73,-0.1999999999999993,-1.6764459346185978,11394911.0
738,2020-04-02,11.73,12.05,11.7,12.05,0.3200000000000003,2.72804774083546,11520155.0
738,2020-04-03,12.05,12.08,11.83,11.9,-0.1500000000000003,-1.2448132780083054,8961170.0
738,2020-04-07,12.06,12.44,12.06,12.32,0.4199999999999999,3.529411764705892,15001604.0
738,2020-04-08,12.22,12.81,12.17,12.74,0.4199999999999999,3.409090909090917,19851757.0
738,2020-04-09,12.79,12.94,12.58,12.62,-0.120000000000001,-0.9419152276295196,13756686.0
738,2020-04-10,12.6,12.82,12.46,12.52,-0.0999999999999996,-0.7923930269413626,12611038.0
738,2020-04-13,12.46,12.54,12.2,12.45,-0.0700000000000002,-0.5591054313099031,8306522.0
738,2020-04-14,12.5,12.59,12.27,12.48,0.0300000000000011,0.2409638554216941,15341544.0
738,2020-04-15,12.42,12.45,12.23,12.27,-0.2100000000000008,-1.6826923076923128,12022432.0
738,2020-04-16,12.19,12.52,12.08,12.41,0.1400000000000005,1.140994295028519,12362891.0
738,2020-04-17,12.41,12.55,12.29,12.31,-0.0999999999999996,-0.8058017727638922,11858039.0
738,2020-04-20,12.5,12.84,12.4,12.77,0.4599999999999991,3.736799350121855,19943540.0
738,2020-04-21,12.62,12.92,12.49,12.56,-0.209999999999999,-1.644479248238051,18014928.0
738,2020-04-22,12.48,12.64,12.35,12.54,-0.0200000000000013,-0.1592356687898144,10339029.0
738,2020-04-23,12.6,12.88,12.47,12.67,0.1300000000000007,1.0366826156299913,16153249.0
738,2020-04-24,12.89,13.02,12.56,12.8,0.1300000000000007,1.0260457774269982,23451848.0
738,2020-04-27,12.72,12.79,12.4,12.4,-0.4000000000000003,-3.125,14427835.0
738,2020-04-28,12.39,12.53,11.83,12.14,-0.2599999999999998,-2.0967741935483897,12644905.0
738,2020-04-29,12.1,12.79,12.03,12.7,0.5599999999999987,4.612850082372311,16803889.0
738,2020-04-30,12.7,13.07,12.67,12.98,0.2800000000000011,2.2047244094488327,18624993.0
738,2020-05-06,12.92,13.21,12.88,13.15,0.1699999999999999,1.3097072419106404,15260096.0
738,2020-05-07,13.13,13.26,12.98,13.07,-0.08,-0.6083650190114032,13811298.0
738,2020-05-08,13.18,13.47,13.08,13.27,0.1999999999999993,1.5302218821729108,16358874.0
738,2020-05-11,13.35,13.64,13.27,13.39,0.120000000000001,0.904295403165034,16196534.0
738,2020-05-12,13.4,13.57,13.11,13.34,-0.0500000000000007,-0.3734129947722264,11936695.0
738,2020-05-13,13.36,13.54,13.26,13.41,0.0700000000000002,0.5247376311844132,12152164.0
738,2020-05-14,13.29,13.56,13.15,13.27,-0.1400000000000005,-1.043997017151388,17196164.0
738,2020-05-15,13.29,13.4,13.2,13.2,-0.0700000000000002,-0.5275056518462717,9675580.0
738,2020-05-18,13.25,14.07,13.2,13.7,0.5,3.787878787878785,31432410.0
738,2020-05-19,13.72,13.83,13.57,13.75,0.0500000000000007,0.3649635036496512,17139673.0
738,2020-05-20,13.7,13.84,13.26,13.31,-0.4399999999999995,-3.1999999999999917,16159649.0
738,2020-05-21,13.39,13.48,13.17,13.27,-0.0400000000000009,-0.3005259203606392,10032854.0
738,2020-05-22,13.27,13.4,12.95,13.08,-0.1899999999999995,-1.4318010550112947,10518552.0
738,2020-05-25,13.09,13.33,12.98,13.09,0.0099999999999997,0.0764525993883769,8096028.0
738,2020-05-26,13.12,13.23,13.03,13.2,0.1099999999999994,0.8403361344537785,8512196.0
738,2020-05-27,13.24,13.29,12.88,12.92,-0.2799999999999993,-2.1212121212121127,10398989.0
738,2020-05-28,12.95,13.08,12.7,13.06,0.1400000000000005,1.0835913312693624,9347993.0
738,2020-05-29,12.95,13.23,12.91,13.23,0.1699999999999999,1.301684532924963,8657868.0
738,2020-06-01,13.26,13.55,13.22,13.47,0.2400000000000002,1.8140589569161092,12976927.0
738,2020-06-02,13.44,13.66,13.41,13.45,-0.0200000000000013,-0.1484780994803314,12228408.0
738,2020-06-03,13.46,13.53,13.31,13.33,-0.1199999999999992,-0.8921933085501821,9388406.0
738,2020-06-04,13.48,13.7,13.38,13.56,0.2300000000000004,1.7254313578394689,14158799.0
738,2020-06-05,13.45,13.5,13.17,13.28,-0.2800000000000011,-2.064896755162249,12683935.0
738,2020-06-08,13.32,13.43,13.22,13.4,0.120000000000001,0.9036144578313364,9464477.0
738,2020-06-09,13.44,13.54,13.26,13.46,0.0600000000000005,0.4477611940298498,9130656.0
738,2020-06-10,13.41,13.78,13.23,13.69,0.2299999999999986,1.7087667161961306,15031157.0
738,2020-06-11,13.58,13.7,13.31,13.44,-0.25,-1.8261504747991264,10190649.0
738,2020-06-12,13.14,13.29,13.14,13.22,-0.2199999999999988,-1.636904761904756,10419071.0
738,2020-06-15,13.17,13.19,12.96,12.96,-0.2599999999999998,-1.9667170953101332,9740096.0
738,2020-06-16,13.05,13.18,13.04,13.17,0.209999999999999,1.620370370370372,5660727.0
738,2020-06-17,13.29,13.63,13.28,13.44,0.2699999999999996,2.050113895216388,15503051.0
738,2020-06-18,13.33,13.4,13.15,13.24,-0.1999999999999993,-1.4880952380952328,9009783.0
738,2020-06-19,13.24,13.4,13.18,13.38,0.1400000000000005,1.0574018126888296,7704668.0
738,2020-06-22,13.36,13.58,13.33,13.55,0.1699999999999999,1.2705530642750371,11116977.0
738,2020-06-23,13.56,13.77,13.43,13.75,0.1999999999999993,1.4760147601476037,17907410.0
738,2020-06-24,13.7,13.81,13.53,13.66,-0.0899999999999998,-0.6545454545454521,14638861.0
738,2020-06-29,13.61,13.98,13.55,13.65,-0.0099999999999997,-0.0732064421669065,14682509.0
738,2020-06-30,13.68,13.68,13.46,13.65,0.0,0.0,12475778.0
738,2020-07-01,13.65,13.9,13.56,13.87,0.2199999999999988,1.611721611721606,14094600.0
738,2020-07-02,13.86,14.0,13.73,14.0,0.1300000000000007,0.93727469358329,16757367.0
738,2020-07-03,14.1,14.28,13.86,14.01,0.0099999999999997,0.0714285714285667,19215297.0
738,2020-07-06,14.09,14.92,14.07,14.83,0.8200000000000003,5.8529621698786505,29676462.0
738,2020-07-07,14.88,15.61,14.65,15.04,0.209999999999999,1.4160485502360045,37379304.0
738,2020-07-08,14.9,16.54,14.85,16.54,1.5,9.97340425531914,67008435.0
738,2020-07-09,17.0,17.28,16.48,16.78,0.240000000000002,1.45102781136639,70408770.0
738,2020-07-10,16.7,16.99,16.13,16.17,-0.6099999999999994,-3.6352800953516007,41867681.0
738,2020-07-13,16.35,16.66,16.12,16.61,0.4399999999999977,2.7210884353741305,30807104.0
738,2020-07-14,16.68,18.27,16.61,17.9,1.2899999999999991,7.766405779650798,95490738.0
738,2020-07-15,17.48,17.7,16.15,16.45,-1.4499999999999993,-8.10055865921787,61804996.0
738,2020-07-16,16.68,17.16,15.91,15.97,-0.4799999999999986,-2.9179331306990797,38575647.0
738,2020-07-17,16.22,17.57,16.18,17.57,1.5999999999999996,10.018785222291804,75609468.0
738,2020-07-20,17.85,19.33,17.85,19.33,1.759999999999998,10.017074558907211,67698962.0
738,2020-07-21,20.0,20.73,18.3,18.91,-0.4199999999999981,-2.1727884117951235,111127194.0
738,2020-07-22,18.41,19.92,18.38,18.59,-0.3200000000000003,-1.69222633527234,85851806.0
738,2020-07-23,19.0,20.0,18.28,19.62,1.0300000000000011,5.540613232920921,88259254.0
738,2020-07-24,19.41,20.5,18.85,18.97,-0.6500000000000021,-3.3129459734964395,96226933.0
738,2020-07-27,18.47,19.06,17.7,18.24,-0.7300000000000004,-3.848181338956247,52440501.0
738,2020-07-28,18.36,18.96,17.88,18.77,0.5300000000000011,2.905701754385981,45862117.0
738,2020-07-29,18.4,18.8,18.1,18.79,0.0199999999999995,0.1065530101225231,40818290.0
738,2020-07-30,18.53,19.4,18.3,18.39,-0.3999999999999986,-2.1287919105907327,43528635.0
738,2020-07-31,18.18,18.54,17.93,18.28,-0.1099999999999994,-0.5981511691136476,32152523.0
738,2020-08-03,18.5,19.97,18.38,19.69,1.41,7.7133479212253775,55244795.0
738,2020-08-04,19.9,19.94,18.94,19.0,-0.6900000000000013,-3.50431691213815,48948145.0
738,2020-08-05,18.9,20.9,18.8,20.9,1.8999999999999984,9.999999999999986,82450594.0
738,2020-08-06,20.8,22.99,20.55,22.55,1.650000000000002,7.8947368421052655,101493816.0
738,2020-08-07,21.91,24.1,20.91,23.16,0.6099999999999994,2.7050997782705144,98345940.0
738,2020-08-10,22.88,24.77,21.5,21.72,-1.4400000000000013,-6.217616580310892,83234752.0
738,2020-08-11,21.92,22.59,21.41,21.51,-0.2099999999999973,-0.966850828729271,52317673.0
738,2020-08-12,21.09,21.41,19.93,20.9,-0.610000000000003,-2.8358902835890376,53176841.0
738,2020-08-13,20.76,22.99,20.66,22.99,2.09,10.000000000000009,79354502.0
738,2020-08-14,22.99,24.68,22.87,24.14,1.150000000000002,5.00217485863419,75164848.0
738,2020-08-17,24.21,24.4,23.08,23.99,-0.1500000000000021,-0.6213753106876663,60755985.0
738,2020-08-18,23.64,24.08,23.2,23.79,-0.1999999999999993,-0.8336807002917834,44380135.0
738,2020-08-19,23.45,23.5,22.07,22.36,-1.4299999999999995,-6.010928961748629,50037603.0
738,2020-08-20,22.0,23.16,21.8,22.29,-0.0700000000000002,-0.3130590339892714,37675844.0
738,2020-08-21,22.35,22.8,21.8,22.11,-0.1799999999999997,-0.8075370121130576,26061844.0
738,2020-08-24,22.24,23.1,22.01,22.73,0.620000000000001,2.8041610131162464,28419376.0
738,2020-08-25,22.73,23.09,21.6,21.91,-0.8200000000000003,-3.607567091948971,37327902.0
738,2020-08-26,21.9,22.69,20.7,21.09,-0.8200000000000003,-3.7425832952989513,38138172.0
738,2020-08-27,21.15,21.35,20.49,21.13,0.0399999999999991,0.1896633475580778,28521140.0
738,2020-08-28,21.0,21.64,20.9,21.48,0.3500000000000014,1.656412683388564,25125407.0
738,2020-08-31,21.52,22.59,21.25,21.68,0.1999999999999993,0.9310986964618184,36892211.0
738,2020-09-01,21.89,22.33,21.66,21.95,0.2699999999999996,1.2453874538745469,23971200.0
738,2020-09-02,23.0,23.38,22.03,22.5,0.5500000000000007,2.505694760820054,38067491.0
738,2020-09-03,21.9,22.14,21.22,21.68,-0.8200000000000003,-3.64444444444445,26986440.0
738,2020-09-04,21.2,21.58,20.79,21.33,-0.3500000000000014,-1.6143911439114422,18740351.0
738,2020-09-07,21.3,21.31,19.76,19.8,-1.5299999999999976,-7.172995780590707,29670122.0
738,2020-09-08,19.99,20.47,19.24,19.81,0.009999999999998,0.0505050505050341,19710631.0
738,2020-09-09,19.5,20.05,18.9,19.56,-0.25,-1.2619888944977231,20223721.0
738,2020-09-10,19.59,19.95,18.8,18.94,-0.6199999999999974,-3.1697341513292288,16882140.0
738,2020-09-11,18.88,19.32,18.47,19.3,0.3599999999999994,1.9007391763463444,15247295.0
738,2020-09-14,19.3,19.45,19.05,19.16,-0.1400000000000005,-0.7253886010362698,11258066.0
738,2020-09-15,19.2,20.02,19.18,19.75,0.5899999999999999,3.0793319415448828,20265014.0
738,2020-09-16,19.57,19.75,19.26,19.52,-0.2300000000000004,-1.1645569620253204,10398088.0
738,2020-09-17,19.44,20.08,19.13,19.83,0.3099999999999987,1.5881147540983465,13028962.0
738,2020-09-18,19.68,20.07,19.55,20.03,0.2000000000000028,1.0085728693898233,19304772.0
738,2020-09-21,20.05,20.99,20.05,20.63,0.5999999999999979,2.9955067398901525,21079869.0
738,2020-09-22,20.23,20.32,19.62,19.62,-1.009999999999998,-4.895782840523499,17524761.0
738,2020-09-23,19.73,19.8,19.18,19.64,0.0199999999999995,0.1019367991845099,10940260.0
738,2020-09-24,19.46,19.78,18.94,18.94,-0.6999999999999993,-3.5641547861507084,11560264.0
738,2020-09-25,19.12,19.35,18.88,19.0,0.0599999999999987,0.316789862724387,7552310.0
738,2020-09-28,19.0,19.2,18.81,19.03,0.0300000000000011,0.1578947368421124,5984590.0
738,2020-09-29,19.12,19.88,19.06,19.7,0.6699999999999982,3.520756699947447,15074685.0
738,2020-09-30,19.65,19.84,19.31,19.69,-0.009999999999998,-0.0507614213197893,10983648.0
738,2020-10-09,19.95,20.09,19.73,19.94,0.25,1.2696800406297504,11422538.0
738,2020-10-12,20.0,20.96,19.99,20.91,0.9699999999999988,4.864593781344029,23481701.0
738,2020-10-13,20.84,21.65,20.62,21.38,0.4699999999999988,2.247728359636536,20166324.0
738,2020-10-14,21.58,22.13,21.08,21.35,-0.0299999999999975,-0.1403180542563054,22074964.0
738,2020-10-15,21.2,21.54,21.01,21.12,-0.2300000000000004,-1.0772833723653452,12770703.0
738,2020-10-16,21.11,21.58,20.84,21.08,-0.0400000000000027,-0.1893939393939558,10860845.0
738,2020-10-19,21.25,21.47,20.6,20.72,-0.3599999999999994,-1.707779886148009,11865928.0
738,2020-10-20,20.62,20.95,20.45,20.93,0.2100000000000008,1.0135135135135087,8504777.0
738,2020-10-21,20.81,21.7,20.0,20.12,-0.8099999999999987,-3.870043000477774,20242820.0
738,2020-10-22,20.0,20.06,19.03,19.27,-0.8500000000000014,-4.224652087475156,17345067.0
738,2020-10-23,19.29,19.47,19.1,19.16,-0.1099999999999994,-0.5708354955889949,10093166.0
738,2020-10-26,19.16,19.44,18.85,19.43,0.2699999999999996,1.4091858037578175,8466411.0
738,2020-10-27,19.1,19.35,18.9,19.22,-0.2100000000000008,-1.0808028821410187,10954570.0
738,2020-10-28,19.26,19.26,18.66,18.81,-0.4100000000000001,-2.1331945889698223,17237264.0
738,2020-10-29,18.55,18.72,18.1,18.53,-0.2799999999999976,-1.488569909622528,13330837.0
738,2020-10-30,18.72,19.13,17.83,17.86,-0.6700000000000017,-3.61575822989747,19924940.0
738,2020-11-02,17.73,18.1,17.4,17.66,-0.1999999999999993,-1.119820828667406,14115139.0
738,2020-11-03,17.9,18.84,17.8,18.76,1.1000000000000014,6.228765571913941,23601338.0
738,2020-11-04,18.62,19.52,18.47,19.23,0.4699999999999988,2.505330490405111,23715611.0
738,2020-11-05,19.01,19.35,18.7,19.04,-0.1900000000000012,-0.9880395215808746,17706917.0
738,2020-11-06,19.11,19.11,18.48,18.64,-0.3999999999999986,-2.1008403361344463,13422060.0
738,2020-11-09,18.59,18.9,18.35,18.89,0.25,1.341201716738194,18588902.0
738,2020-11-10,18.87,18.92,18.38,18.59,-0.3000000000000007,-1.5881418740074205,12248573.0
738,2020-11-11,18.49,18.92,18.26,18.32,-0.2699999999999996,-1.452393760086068,10985767.0
738,2020-11-12,18.4,18.73,18.27,18.38,0.0599999999999987,0.3275109170305601,6375098.0
738,2020-11-13,18.32,19.45,18.1,19.24,0.8599999999999994,4.678998911860721,25203240.0
738,2020-11-16,19.11,19.55,18.97,19.55,0.3100000000000023,1.6112266112266127,21196635.0
738,2020-11-17,19.52,19.55,18.6,18.76,-0.7899999999999991,-4.040920716112528,17287416.0
738,2020-11-18,18.76,19.63,18.72,19.48,0.7199999999999989,3.8379530916844207,24212663.0
738,2020-11-19,19.47,20.48,19.19,20.3,0.8200000000000003,4.20944558521561,45890675.0
738,2020-11-20,20.1,20.96,20.0,20.48,0.1799999999999997,0.8866995073891548,38758674.0
738,2020-11-23,20.48,20.7,19.97,20.31,-0.1700000000000017,-0.8300781250000111,31321319.0
738,2020-11-24,20.18,21.03,20.13,20.36,0.0500000000000007,0.2461841457410241,28319690.0
738,2020-11-25,20.29,20.48,19.68,19.71,-0.6499999999999986,-3.192534381139478,21592565.0
738,2020-11-26,19.75,20.26,19.6,20.05,0.3399999999999998,1.7250126839167823,21244227.0
738,2020-11-27,20.0,20.98,19.7,20.39,0.3399999999999998,1.6957605985037372,31112651.0
738,2020-11-30,20.4,20.79,20.12,20.41,0.0199999999999995,0.0980872976949376,22277627.0
738,2020-12-01,20.36,21.11,20.35,21.06,0.6499999999999986,3.1847133757961776,29959183.0
738,2020-12-02,21.01,21.38,20.7,21.07,0.0100000000000015,0.0474833808167263,25476606.0
738,2020-12-03,20.95,21.06,20.4,20.64,-0.4299999999999997,-2.0408163265306145,18704568.0
738,2020-12-04,20.64,21.08,20.2,21.06,0.4199999999999981,2.034883720930214,20867548.0
738,2020-12-07,20.95,21.65,20.7,21.1,0.0400000000000027,0.1899335232668608,26063937.0
738,2020-12-08,21.19,21.39,20.8,20.8,-0.3000000000000007,-1.4218009478673022,16719239.0
738,2020-12-09,20.83,20.94,20.11,20.11,-0.6900000000000013,-3.3173076923077027,17928619.0
738,2020-12-10,19.91,20.29,19.72,19.92,-0.1899999999999977,-0.9448035803082956,16196809.0
738,2020-12-11,19.92,20.01,18.94,19.16,-0.7600000000000016,-3.81526104417671,20663749.0
738,2020-12-14,19.17,19.65,18.92,19.55,0.3900000000000005,2.035490605427981,13134611.0
738,2020-12-15,19.5,19.79,19.31,19.4,-0.1500000000000021,-0.7672634271099876,11574507.0
738,2020-12-16,19.32,19.66,19.0,19.35,-0.0499999999999971,-0.2577319587628746,11212975.0
738,2020-12-17,19.16,19.42,18.56,19.3,-0.0500000000000007,-0.2583979328165453,15554710.0
738,2020-12-18,19.24,19.63,19.21,19.44,0.1400000000000005,0.7253886010362809,12493522.0
738,2020-12-21,19.33,21.38,19.22,21.38,1.9399999999999975,9.979423868312743,48572707.0
738,2020-12-22,21.22,21.86,21.0,21.03,-0.3499999999999978,-1.6370439663236591,47864971.0
738,2020-12-23,21.38,22.22,20.85,22.1,1.0700000000000005,5.0879695672848335,50852085.0
738,2020-12-24,22.11,22.75,21.63,21.68,-0.4200000000000017,-1.9004524886877872,48820033.0
738,2020-12-25,21.72,22.4,21.6,22.1,0.4200000000000017,1.9372693726937396,36110843.0
738,2020-12-28,21.89,22.68,21.34,21.95,-0.1500000000000021,-0.6787330316742168,39367350.0
738,2020-12-29,21.76,22.51,21.51,21.83,-0.120000000000001,-0.5466970387243753,38017226.0
738,2020-12-30,21.93,22.97,21.5,22.62,0.7900000000000027,3.618873110398546,54124900.0
738,2020-12-31,23.02,23.4,21.59,22.93,0.3099999999999987,1.370468611847908,77815689.0
738,2021-01-04,22.85,25.22,22.69,25.22,2.289999999999999,9.986916703009152,74740586.0
738,2021-01-05,25.05,26.47,24.92,25.31,0.0899999999999998,0.3568596352101494,78155028.0
738,2021-01-06,24.89,26.23,24.7,25.23,-0.0799999999999983,-0.3160806005531369,56907870.0
738,2021-01-07,24.84,26.35,24.77,25.99,0.759999999999998,3.012286959968291,60428387.0
738,2021-01-08,25.8,26.74,24.58,25.14,-0.8499999999999979,-3.270488649480563,51726383.0
738,2021-01-11,25.67,27.35,24.81,26.0,0.8599999999999994,3.4208432776451803,62656687.0
738,2021-01-12,25.59,28.4,25.52,28.37,2.370000000000001,9.115384615384611,67970593.0
738,2021-01-13,28.3,28.65,27.0,27.5,-0.870000000000001,-3.0666196686640834,62010036.0
738,2021-01-14,26.88,26.88,24.75,24.75,-2.75,-9.999999999999998,53327034.0
738,2021-01-15,23.9,24.51,22.82,23.83,-0.9200000000000016,-3.717171717171719,49681193.0
738,2021-01-18,23.7,24.7,23.6,24.42,0.5900000000000034,2.47587075115403,36453100.0
738,2021-01-19,24.01,24.6,23.48,23.5,-0.9200000000000016,-3.767403767403776,31398630.0
738,2021-01-20,23.54,24.29,23.35,23.99,0.4899999999999984,2.085106382978718,23579416.0
738,2021-01-21,23.85,24.66,23.6,24.19,0.2000000000000028,0.8336807002917945,28727844.0
738,2021-01-22,23.8,24.34,23.61,24.0,-0.1900000000000012,-0.7854485324514271,26043468.0
738,2021-01-25,24.03,24.75,23.66,23.77,-0.2300000000000004,-0.9583333333333388,34710444.0
738,2021-01-26,23.0,23.14,21.7,22.11,-1.66,-6.983592763988222,46879622.0
738,2021-01-27,22.07,22.79,22.07,22.6,0.490000000000002,2.2161917684305754,24368399.0
738,2021-01-28,22.35,22.98,21.89,22.1,-0.5,-2.212389380530977,23175698.0
738,2021-01-29,22.22,22.43,20.5,20.98,-1.120000000000001,-5.067873303167425,33984501.0
738,2021-02-01,20.94,21.35,20.71,21.02,0.0399999999999991,0.1906577693040922,18386783.0
738,2021-02-02,21.24,21.77,20.73,21.45,0.4299999999999997,2.0456707897240634,26454536.0
738,2021-02-03,21.46,21.64,20.91,21.04,-0.4100000000000001,-1.9114219114219064,17145506.0
738,2021-02-04,20.73,21.34,20.0,20.52,-0.5199999999999996,-2.4714828897338337,18771488.0
738,2021-02-05,20.83,21.09,19.79,19.83,-0.6900000000000013,-3.362573099415211,15535477.0
738,2021-02-08,19.83,20.21,19.27,20.04,0.2100000000000008,1.0590015128593144,16440790.0
738,2021-02-09,20.04,21.76,19.86,21.56,1.5199999999999996,7.584830339321358,31751585.0
738,2021-02-10,21.54,21.75,20.73,21.35,-0.2099999999999973,-0.9740259740259604,21827473.0
738,2021-02-18,21.7,21.85,21.0,21.31,-0.0400000000000027,-0.1873536299765943,21052774.0
738,2021-02-19,21.37,21.86,21.28,21.7,0.3900000000000005,1.8301267010793152,22201454.0
738,2021-02-22,21.71,21.72,20.8,20.81,-0.8900000000000006,-4.101382488479266,30088742.0
738,2021-02-23,20.4,22.35,20.18,22.09,1.2800000000000011,6.150888995675152,45783709.0
738,2021-02-24,22.55,23.07,21.37,21.75,-0.3399999999999998,-1.5391579900407404,44349577.0
738,2021-02-25,21.65,22.23,21.25,21.82,0.0700000000000002,0.3218390804597737,34432104.0
738,2021-02-26,21.15,21.58,20.71,20.72,-1.1000000000000014,-5.041246562786439,24194611.0
738,2021-03-01,20.77,21.14,20.46,21.12,0.4000000000000021,1.9305019305019488,17771093.0
738,2021-03-02,21.25,22.24,20.94,22.18,1.0599999999999987,5.018939393939381,31752319.0
738,2021-03-03,21.7,22.1,21.65,21.95,-0.2300000000000004,-1.036970243462576,22347491.0
738,2021-03-04,21.77,22.57,21.63,21.68,-0.2699999999999996,-1.2300683371298415,27062273.0
738,2021-03-05,21.4,21.41,20.5,21.17,-0.509999999999998,-2.352398523985233,18114830.0
738,2021-03-08,21.06,21.23,19.05,19.05,-2.120000000000001,-10.01417099669344,39867973.0
738,2021-03-09,18.9,18.9,17.21,17.6,-1.4499999999999993,-7.611548556430448,32175247.0
738,2021-03-10,17.9,18.0,17.36,17.5,-0.1000000000000014,-0.5681818181818232,16862656.0
738,2021-03-11,17.52,17.85,17.3,17.85,0.3500000000000014,2.0000000000000018,13483126.0
738,2021-03-12,17.78,17.85,17.36,17.6,-0.25,-1.4005602240896309,13456517.0
738,2021-03-15,17.55,17.83,17.36,17.56,-0.0400000000000027,-0.2272727272727426,12609994.0
738,2021-03-16,17.5,17.75,17.44,17.6,0.0400000000000027,0.2277904328018332,9385202.0
738,2021-03-17,17.5,17.83,17.39,17.73,0.129999999999999,0.738636363636358,10798817.0
738,2021-03-18,17.76,18.18,17.72,17.9,0.1699999999999981,0.958826847151717,14579012.0
738,2021-03-19,17.74,18.36,17.55,18.14,0.240000000000002,1.3407821229050487,17826395.0
738,2021-03-22,18.1,18.48,17.72,18.24,0.0999999999999978,0.5512679162072542,13256392.0
738,2021-03-23,18.24,18.35,17.89,17.96,-0.2799999999999976,-1.5350877192982335,11671121.0
738,2021-03-24,17.86,18.14,17.4,17.6,-0.3599999999999994,-2.0044543429844075,12758631.0
738,2021-03-25,17.59,17.8,17.41,17.6,0.0,0.0,9987401.0
738,2021-03-26,17.69,17.95,17.57,17.86,0.259999999999998,1.477272727272716,10218683.0
738,2021-03-29,17.98,18.3,17.9,18.05,0.1900000000000012,1.0638297872340496,14999551.0
738,2021-03-30,18.0,18.88,17.97,18.41,0.3599999999999994,1.9944598337950037,25973803.0
738,2021-03-31,18.23,18.23,17.41,17.49,-0.9200000000000016,-4.997284084736564,20922201.0
738,2021-04-01,17.5,17.76,17.48,17.68,0.1900000000000012,1.0863350485992074,8940070.0
738,2021-04-02,17.68,18.38,17.67,18.08,0.3999999999999986,2.262443438914019,14517674.0
738,2021-04-06,18.2,18.33,18.11,18.24,0.1600000000000001,0.8849557522123908,11918974.0
738,2021-04-07,18.17,18.21,17.98,18.1,-0.139999999999997,-0.7675438596491113,9106586.0
738,2021-04-08,18.11,18.43,17.92,18.23,0.129999999999999,0.7182320441988965,13116858.0
738,2021-04-09,18.24,18.43,17.92,18.02,-0.2100000000000008,-1.151947339550197,10482160.0
738,2021-04-12,17.92,17.95,17.48,17.6,-0.4199999999999981,-2.3307436182019914,11024844.0
738,2021-04-13,17.57,17.67,17.4,17.46,-0.1400000000000005,-0.7954545454545436,6463855.0
738,2021-04-14,17.49,17.67,17.46,17.61,0.1499999999999985,0.8591065292096189,5270242.0
738,2021-04-15,17.55,17.84,17.48,17.79,0.1799999999999997,1.0221465076660996,7651698.0
738,2021-04-16,17.83,17.85,17.61,17.79,0.0,0.0,6836452.0
738,2021-04-19,17.72,18.17,17.71,18.08,0.2899999999999991,1.630129286115789,10430050.0
738,2021-04-20,18.05,18.36,17.96,18.19,0.1100000000000029,0.608407079646045,12363934.0
738,2021-04-21,18.09,18.15,17.91,17.98,-0.2100000000000008,-1.1544804837823053,8031494.0
738,2021-04-22,17.96,18.3,17.96,18.14,0.1600000000000001,0.8898776418242438,8335125.0
738,2021-04-23,18.16,18.23,17.93,18.05,-0.0899999999999998,-0.4961411245865466,7158574.0
738,2021-04-26,18.05,18.29,17.95,17.97,-0.0800000000000018,-0.4432132963989033,9778028.0
738,2021-04-27,18.14,18.25,17.87,18.15,0.1799999999999997,1.001669449081799,9729978.0
738,2021-04-28,18.0,18.25,18.0,18.18,0.0300000000000011,0.1652892561983643,8895212.0
738,2021-04-29,18.2,18.67,18.08,18.5,0.3200000000000003,1.760176017601767,17451704.0
738,2021-04-30,18.49,18.49,17.9,18.14,-0.3599999999999994,-1.9459459459459485,16574206.0
738,2021-05-06,18.05,18.63,18.05,18.41,0.2699999999999996,1.4884233737596508,15032828.0
738,2021-05-07,18.43,18.74,18.35,18.46,0.0500000000000007,0.2715915263443724,13134641.0
738,2021-05-10,18.38,18.43,17.94,18.04,-0.4200000000000017,-2.275189599133265,13891307.0
738,2021-05-11,17.97,18.91,17.93,18.67,0.6300000000000026,3.492239467849245,18393327.0
738,2021-05-12,18.5,18.6,18.34,18.51,-0.1600000000000001,-0.8569898232458462,11073034.0
738,2021-05-13,18.42,19.31,18.39,19.06,0.5499999999999972,2.9713668287411954,25144185.0
738,2021-05-14,19.08,20.16,18.89,20.07,1.0100000000000016,5.299055613851,34203196.0
738,2021-05-17,20.16,20.6,19.65,19.99,-0.0800000000000018,-0.3986048829098254,27418269.0
738,2021-05-18,19.8,20.86,19.7,20.3,0.3100000000000023,1.550775387693859,25592683.0
738,2021-05-19,20.19,20.54,20.02,20.36,0.0599999999999987,0.2955665024630516,16603656.0
738,2021-05-20,20.21,20.64,19.86,19.9,-0.4600000000000008,-2.259332023575644,18693644.0
738,2021-05-21,20.01,20.07,19.45,19.5,-0.3999999999999986,-2.010050251256279,17241363.0
738,2021-05-24,19.75,20.06,19.57,19.77,0.2699999999999996,1.384615384615384,14219048.0
738,2021-05-25,19.64,20.65,19.45,20.55,0.7800000000000011,3.9453717754172946,29700029.0
738,2021-05-26,20.36,20.73,20.0,20.25,-0.3000000000000007,-1.4598540145985384,23704862.0
738,2021-05-27,20.21,20.25,19.68,19.96,-0.2899999999999991,-1.4320987654320994,21669947.0
738,2021-05-28,19.9,20.15,19.75,20.06,0.0999999999999978,0.5010020040079999,15397877.0
738,2021-05-31,20.03,20.75,19.93,20.74,0.6799999999999997,3.3898305084745672,27585758.0
738,2021-06-01,20.51,20.75,20.31,20.4,-0.3399999999999998,-1.6393442622950838,18068519.0
738,2021-06-02,20.4,20.62,20.2,20.31,-0.0899999999999998,-0.4411764705882337,14701748.0
738,2021-06-03,20.24,21.09,20.23,20.52,0.2100000000000008,1.0339734121122657,22791995.0
738,2021-06-04,20.4,21.51,20.39,21.39,0.870000000000001,4.2397660818713545,32881912.0
738,2021-06-07,21.47,21.72,21.0,21.4,0.009999999999998,0.0467508181393183,26210057.0
738,2021-06-08,21.33,22.0,21.1,21.96,0.5600000000000023,2.6168224299065512,29062804.0
738,2021-06-09,22.16,22.4,21.61,21.77,-0.1900000000000012,-0.865209471766859,24238921.0
738,2021-06-10,21.67,21.69,21.0,21.6,-0.1699999999999981,-0.7808911345888792,20433399.0
738,2021-06-11,21.45,21.6,19.6,19.99,-1.610000000000003,-7.453703703703718,40453943.0
738,2021-06-15,19.7,20.19,19.5,19.62,-0.3699999999999974,-1.8509254627313565,19477743.0
738,2021-06-16,19.6,20.17,19.51,19.77,0.1499999999999985,0.7645259938837912,19283899.0
738,2021-06-17,20.0,20.15,19.53,19.77,0.0,0.0,12242693.0
738,2021-06-18,19.84,20.53,19.67,20.18,0.4100000000000001,2.0738492665655084,19209534.0
738,2021-06-21,20.16,21.38,20.1,21.31,1.129999999999999,5.599603567889,27779678.0
738,2021-06-22,21.3,21.55,20.87,21.36,0.0500000000000007,0.2346316283434957,23367691.0
738,2021-06-23,21.23,21.4,20.94,21.25,-0.1099999999999994,-0.5149812734082326,16638688.0
738,2021-06-24,21.4,21.5,21.01,21.32,0.0700000000000002,0.3294117647058892,18254940.0
738,2021-06-25,21.27,21.32,20.78,21.19,-0.129999999999999,-0.6097560975609762,13542564.0
738,2021-06-28,21.19,21.44,20.9,21.33,0.139999999999997,0.6606890042472724,13979240.0
738,2021-06-29,21.21,21.44,20.43,20.44,-0.889999999999997,-4.172526957337075,15886216.0
738,2021-06-30,20.56,21.05,20.3,20.83,0.389999999999997,1.9080234833659393,13350711.0
738,2021-07-01,20.99,21.06,19.69,19.72,-1.1099999999999994,-5.328852616418622,16652105.0
738,2021-07-02,19.69,19.73,18.63,18.83,-0.8900000000000006,-4.513184584178498,19255015.0
738,2021-07-05,18.8,19.11,18.71,18.95,0.120000000000001,0.6372809346787189,9560720.0
738,2021-07-06,18.93,19.02,18.65,18.89,-0.0599999999999987,-0.3166226912928671,10095236.0
738,2021-07-07,18.8,19.44,18.7,19.22,0.3299999999999983,1.7469560614081336,12365110.0
738,2021-07-08,19.16,20.09,19.11,19.99,0.7699999999999996,4.006243496357964,22292507.0
738,2021-07-09,19.85,20.29,19.67,20.14,0.1500000000000021,0.7503751875937992,18935707.0
738,2021-07-12,20.32,20.57,19.91,20.43,0.2899999999999991,1.4399205561072437,15811893.0
738,2021-07-13,20.45,20.69,20.11,20.58,0.1499999999999985,0.7342143906020393,15101306.0
738,2021-07-14,20.44,20.64,20.05,20.14,-0.4399999999999977,-2.1379980563653977,12765654.0
738,2021-07-15,20.17,20.48,19.73,20.01,-0.129999999999999,-0.6454816285997977,9945917.0
738,2021-07-16,20.02,21.69,19.82,21.25,1.2399999999999984,6.1969015492253865,37791539.0
738,2021-07-19,21.25,21.6,20.73,20.9,-0.3500000000000014,-1.6470588235294237,27666375.0
738,2021-07-20,20.79,21.56,20.61,21.38,0.4800000000000004,2.2966507177033524,25233380.0
738,2021-07-21,21.4,21.7,21.24,21.47,0.0899999999999998,0.4209541627689495,26562601.0
738,2021-07-22,21.4,21.47,20.94,21.18,-0.2899999999999991,-1.3507219375873292,23789329.0
738,2021-07-23,21.05,22.15,20.81,21.58,0.3999999999999986,1.8885741265344704,39548360.0
738,2021-07-26,21.8,22.33,21.03,21.27,-0.3099999999999987,-1.4365152919369684,46488138.0
738,2021-07-27,21.13,21.73,20.81,21.04,-0.2300000000000004,-1.0813352139163124,33074749.0
738,2021-07-28,20.6,20.66,19.01,19.15,-1.8900000000000008,-8.982889733840304,34259666.0
738,2021-07-29,19.42,20.68,19.38,20.5,1.3500000000000014,7.049608355091386,32326443.0
738,2021-07-30,20.5,20.86,20.25,20.63,0.129999999999999,0.6341463414634152,19274919.0
738,2021-08-02,20.98,21.87,20.72,21.59,0.9600000000000009,4.653417353368883,29531294.0
738,2021-08-03,21.64,21.87,21.26,21.35,-0.2399999999999984,-1.111625752663259,25176566.0
738,2021-08-04,21.41,22.19,21.41,21.88,0.5299999999999976,2.4824355971896805,31066312.0
738,2021-08-05,22.14,24.03,21.98,23.73,1.8500000000000016,8.45521023765996,62427751.0
738,2021-08-06,23.6,23.9,23.03,23.6,-0.129999999999999,-0.5478297513695662,38986447.0
738,2021-08-09,23.6,24.05,23.23,23.45,-0.1500000000000021,-0.6355932203389925,31565003.0
738,2021-08-10,23.4,24.66,23.3,24.14,0.6900000000000013,2.9424307036247432,44229261.0
738,2021-08-11,24.0,24.44,23.68,23.9,-0.240000000000002,-0.9942004971002616,29330225.0
738,2021-08-12,23.91,23.99,23.06,23.27,-0.629999999999999,-2.6359832635983182,27927991.0
738,2021-08-13,23.29,23.84,22.92,23.41,0.1400000000000005,0.601633003867641,26029918.0
738,2021-08-16,23.32,23.68,22.75,22.9,-0.5100000000000016,-2.1785561725758296,18311192.0
738,2021-08-17,23.0,24.1,22.4,22.68,-0.2199999999999988,-0.9606986899563296,38276032.0
738,2021-08-18,22.51,24.95,22.46,24.95,2.2699999999999996,10.00881834215168,82332563.0
738,2021-08-19,24.49,24.99,23.88,24.67,-0.2799999999999976,-1.1222444889779415,62758701.0
738,2021-08-20,24.33,25.76,24.1,24.9,0.2299999999999968,0.9323064450749818,51214465.0
738,2021-08-23,25.1,26.35,24.6,26.0,1.1000000000000014,4.417670682730934,60843788.0
738,2021-08-24,24.56,25.84,23.9,25.28,-0.7199999999999989,-2.7692307692307683,51300052.0
738,2021-08-25,25.0,25.5,24.6,25.0,-0.2800000000000011,-1.1075949367088669,30053852.0
738,2021-08-26,25.0,25.3,24.2,24.2,-0.8000000000000007,-3.200000000000003,33483039.0
738,2021-08-27,24.32,25.04,23.92,24.54,0.3399999999999998,1.4049586776859524,34736329.0
738,2021-08-30,25.0,26.86,24.94,25.7,1.16,4.726976365118185,59057153.0
738,2021-08-31,25.9,26.38,25.28,26.01,0.3100000000000023,1.20622568093387,38931126.0
738,2021-09-01,26.03,26.04,24.38,25.15,-0.860000000000003,-3.306420607458682,38618763.0
738,2021-09-02,25.22,26.1,24.63,25.98,0.8300000000000018,3.300198807157062,29569996.0
738,2021-09-03,25.75,25.92,24.08,24.51,-1.4699999999999989,-5.6581986143186995,34218097.0
738,2021-09-06,24.3,25.02,23.61,24.53,0.0199999999999995,0.081599347205219,22827638.0
738,2021-09-07,24.49,26.63,24.33,26.39,1.8599999999999992,7.582551977170815,46303493.0
738,2021-09-08,26.37,26.48,24.88,24.92,-1.4699999999999989,-5.57029177718833,38557934.0
738,2021-09-09,24.92,26.05,24.6,25.9,0.9799999999999968,3.9325842696628976,34338114.0
738,2021-09-10,25.71,26.07,25.3,25.73,-0.1699999999999981,-0.6563706563706528,22565171.0
738,2021-09-13,25.79,26.61,25.2,26.48,0.75,2.914885347842988,30974236.0
738,2021-09-14,26.49,26.75,25.7,25.99,-0.490000000000002,-1.8504531722054465,25782745.0
738,2021-09-15,26.0,27.82,25.82,27.32,1.3300000000000018,5.117352828010779,40887146.0
738,2021-09-16,27.22,28.07,26.77,27.29,-0.0300000000000011,-0.1098096632503708,36623862.0
738,2021-09-17,27.08,27.69,25.08,25.9,-1.3900000000000006,-5.0934408208134885,33778530.0
738,2021-09-22,25.38,26.85,25.35,26.8,0.9000000000000021,3.47490347490349,22737002.0
738,2021-09-23,26.7,27.36,26.4,26.89,0.0899999999999998,0.3358208955223984,26589011.0
738,2021-09-24,26.89,26.91,26.05,26.47,-0.4200000000000017,-1.5619189289698854,17707558.0
738,2021-09-27,26.5,26.69,23.82,24.9,-1.5700000000000005,-5.931242916509261,44068374.0
738,2021-09-28,24.74,25.74,24.65,25.3,0.4000000000000021,1.6064257028112428,19906593.0
738,2021-09-29,25.2,25.67,24.14,24.41,-0.8900000000000006,-3.517786561264824,19593641.0
738,2021-09-30,24.67,24.88,24.02,24.07,-0.3399999999999998,-1.392871773863169,17291371.0
738,2021-10-08,24.26,24.86,23.86,24.63,0.5599999999999987,2.3265475695886995,16202687.0
738,2021-10-11,25.08,26.88,24.83,25.67,1.0400000000000027,4.222492894843688,31935625.0
738,2021-10-12,25.54,25.62,24.11,24.39,-1.2800000000000011,-4.986365407089988,23822781.0
738,2021-10-13,24.02,24.85,23.95,24.82,0.4299999999999997,1.7630176301763,12515129.0
738,2021-10-14,24.58,26.24,24.58,25.4,0.5799999999999983,2.336825141015298,19002170.0
738,2021-10-15,25.66,25.87,25.18,25.45,0.0500000000000007,0.196850393700787,12257845.0
738,2021-10-18,25.32,28.0,25.28,28.0,2.5500000000000007,10.019646365422409,55779966.0
738,2021-10-19,28.0,28.5,27.48,27.72,-0.2800000000000011,-1.0000000000000009,42349257.0
738,2021-10-20,28.0,28.28,27.64,28.18,0.4600000000000008,1.6594516594516715,29465617.0
738,2021-10-21,27.86,28.09,27.21,27.5,-0.6799999999999997,-2.4130589070262554,23204707.0
738,2021-10-22,28.21,28.49,27.17,27.89,0.3900000000000005,1.4181818181818295,33569300.0
738,2021-10-25,27.96,28.88,27.73,28.58,0.6899999999999977,2.4740050197203267,29764130.0
738,2021-10-26,27.5,27.56,26.24,26.24,-2.34,-8.187543736878933,50041616.0
738,2021-10-27,26.6,26.83,25.75,26.3,0.0600000000000022,0.2286585365853799,27673476.0
738,2021-10-28,26.41,26.68,25.42,26.0,-0.3000000000000007,-1.1406844106463865,22685307.0
738,2021-10-29,26.21,27.05,25.77,26.68,0.6799999999999997,2.6153846153846194,23792665.0
738,2021-11-01,26.75,27.34,26.6,26.9,0.2199999999999988,0.8245877061469287,23084287.0
738,2021-11-02,27.26,27.57,26.92,27.28,0.3800000000000025,1.4126394052044633,27331612.0
738,2021-11-03,26.86,27.32,26.06,27.13,-0.1500000000000021,-0.5498533724340282,21581064.0
738,2021-11-04,26.92,27.62,26.72,27.48,0.3500000000000014,1.2900847769996338,24182171.0
738,2021-11-05,27.52,28.58,27.33,27.68,0.1999999999999993,0.727802037845704,24676896.0
738,2021-11-08,27.67,28.35,27.3,28.04,0.3599999999999994,1.3005780346820872,19485814.0
738,2021-11-09,28.06,29.8,27.88,29.45,1.41,5.028530670470754,35371487.0
738,2021-11-10,29.29,29.75,28.92,29.19,-0.259999999999998,-0.8828522920203641,20250778.0
738,2021-11-11,29.01,29.3,28.65,29.16,-0.0300000000000011,-0.1027749229188135,17438865.0
738,2021-11-12,29.0,30.85,28.91,30.28,1.120000000000001,3.840877914952001,29564542.0
738,2021-11-15,30.3,31.08,29.08,29.13,-1.150000000000002,-3.797886393659189,26963337.0
738,2021-11-16,29.28,29.58,27.61,27.75,-1.379999999999999,-4.737384140061785,32426110.0
738,2021-11-17,27.61,28.88,27.31,28.52,0.7699999999999996,2.7747747747747686,23384300.0
738,2021-11-18,28.32,29.5,27.89,29.3,0.7800000000000011,2.7349228611500687,24099664.0
738,2021-11-19,29.11,29.68,28.78,29.15,-0.1500000000000021,-0.5119453924914752,19471372.0
738,2021-11-22,29.12,29.75,29.0,29.36,0.2100000000000008,0.7204116638078961,18141612.0
738,2021-11-23,29.45,29.48,28.51,28.74,-0.620000000000001,-2.111716621253412,15289186.0
738,2021-11-24,28.7,29.21,27.77,27.91,-0.8299999999999983,-2.887961029923447,19406683.0
738,2021-11-25,28.0,28.65,27.81,28.35,0.4400000000000013,1.576495879613038,14154298.0
738,2021-11-26,28.11,29.44,28.1,28.62,0.2699999999999996,0.952380952380949,15505525.0
738,2021-11-29,28.2,30.9,28.2,30.5,1.879999999999999,6.56883298392732,31733277.0
738,2021-11-30,30.77,31.42,30.2,30.9,0.3999999999999986,1.3114754098360717,28734712.0
738,2021-12-01,30.76,31.07,29.88,30.13,-0.7699999999999996,-2.4919093851132668,21974683.0
738,2021-12-02,30.06,30.22,29.28,30.19,0.0600000000000022,0.1991370726850405,18718344.0
738,2021-12-03,30.2,30.99,29.85,30.81,0.6199999999999974,2.0536601523683196,22613082.0
738,2021-12-06,30.84,31.71,30.52,30.86,0.0500000000000007,0.1622849724115527,19226308.0
738,2021-12-07,30.6,31.23,29.83,30.3,-0.5599999999999987,-1.8146467919637033,14643283.0
738,2021-12-08,30.15,30.69,29.92,30.54,0.2399999999999984,0.7920792079207928,17514895.0
738,2021-12-09,30.41,30.54,29.07,29.53,-1.009999999999998,-3.307138179436797,26537782.0
738,2021-12-10,29.73,29.85,28.54,29.42,-0.1099999999999994,-0.3725025397900428,25187573.0
738,2021-12-13,29.03,29.46,28.58,29.34,-0.0800000000000018,-0.2719238613188346,15732809.0
738,2021-12-14,29.2,30.56,29.08,29.72,0.379999999999999,1.295160190865707,22261784.0
738,2021-12-15,29.7,29.93,29.33,29.37,-0.3499999999999978,-1.1776581426648614,10487496.0
738,2021-12-16,29.5,29.85,28.74,29.31,-0.0600000000000022,-0.2042900919305479,15084373.0
738,2021-12-17,29.29,29.8,28.88,28.9,-0.4100000000000001,-1.3988399863527845,17375430.0
738,2021-12-20,28.79,29.0,27.72,28.03,-0.8699999999999974,-3.010380622837361,17090895.0
738,2021-12-21,28.06,28.4,27.08,27.72,-0.3100000000000023,-1.1059579022476007,19959559.0
738,2021-12-22,27.7,28.23,27.31,27.55,-0.1699999999999981,-0.6132756132756101,13581281.0
738,2021-12-23,27.54,28.09,27.39,27.61,0.0599999999999987,0.2177858439201374,13098168.0
738,2021-12-24,27.63,28.5,27.56,28.22,0.6099999999999994,2.2093444404201357,17645738.0
738,2021-12-27,28.2,28.38,27.86,28.08,-0.1400000000000005,-0.4961020552799455,8434876.0
738,2021-12-28,27.95,28.04,27.3,27.72,-0.3599999999999994,-1.2820512820512775,9406322.0
738,2021-12-29,27.65,28.35,27.58,28.06,0.3399999999999998,1.2265512265512202,14024508.0
738,2021-12-30,28.04,30.08,27.93,29.58,1.5199999999999996,5.41696364932287,28709542.0
738,2021-12-31,29.99,30.5,29.51,30.28,0.7000000000000028,2.3664638269100813,23625611.0
738,2022-01-04,30.55,30.61,29.44,29.51,-0.7699999999999996,-2.5429326287978893,19373195.0
738,2022-01-05,29.52,29.86,26.56,26.56,-2.950000000000003,-9.996611318197235,42013561.0
738,2022-01-06,26.28,26.79,26.2,26.38,-0.1799999999999997,-0.6777108433734913,22565089.0
738,2022-01-07,26.52,26.57,25.2,25.37,-1.009999999999998,-3.828658074298707,30424270.0
738,2022-01-10,25.25,26.16,25.2,25.63,0.259999999999998,1.0248324793062702,16233883.0
738,2022-01-11,25.55,25.93,25.0,25.2,-0.4299999999999997,-1.6777214202106872,13151664.0
738,2022-01-12,25.29,26.02,25.21,25.86,0.6600000000000001,2.6190476190476097,13441326.0
738,2022-01-13,25.82,25.95,25.1,25.45,-0.4100000000000001,-1.5854601701469462,10108001.0
738,2022-01-14,25.23,25.78,25.13,25.38,-0.0700000000000002,-0.2750491159135615,9189221.0
738,2022-01-17,25.37,25.99,25.3,25.6,0.2200000000000024,0.8668242710796026,10683430.0
738,2022-01-18,25.6,25.99,25.35,25.86,0.259999999999998,1.015624999999987,10712724.0
738,2022-01-19,25.8,25.8,24.55,25.38,-0.4800000000000004,-1.8561484918793505,16776373.0
738,2022-01-20,25.17,25.3,24.1,24.64,-0.7399999999999984,-2.9156816390858875,17679568.0
738,2022-01-21,24.37,24.55,23.5,23.77,-0.870000000000001,-3.530844155844159,18005559.0
738,2022-01-24,23.8,24.69,23.7,24.35,0.5800000000000018,2.4400504838031134,9676457.0
738,2022-01-25,24.76,25.04,23.79,23.87,-0.4800000000000004,-1.9712525667351155,12794148.0
738,2022-01-26,23.88,24.37,23.6,24.06,0.1899999999999977,0.7959782153330375,9771828.0
738,2022-01-27,24.07,24.17,23.51,23.56,-0.5,-2.0781379883624274,8222800.0
738,2022-01-28,23.9,24.1,23.18,23.58,0.0199999999999995,0.0848896434634927,8507401.0
738,2022-02-07,23.96,24.1,23.2,23.48,-0.0999999999999978,-0.4240882103477394,8658633.0
738,2022-02-08,23.6,23.6,22.5,23.38,-0.1000000000000014,-0.4258943781942137,18916997.0
738,2022-02-09,23.4,24.87,23.33,24.63,1.25,5.346449957228394,17782261.0
738,2022-02-10,24.6,24.75,24.3,24.48,-0.1499999999999985,-0.6090133982947554,7348387.0
738,2022-02-11,24.46,24.46,23.33,23.44,-1.0399999999999991,-4.248366013071891,11958046.0
738,2022-02-14,23.51,24.41,23.38,23.77,0.3299999999999983,1.4078498293515374,10066554.0
738,2022-02-15,23.56,24.55,23.5,24.41,0.6400000000000006,2.6924694993689657,11209892.0
738,2022-02-16,24.11,24.15,23.58,23.84,-0.5700000000000003,-2.335108562064725,10334909.0
738,2022-02-17,23.76,23.87,23.22,23.69,-0.1499999999999985,-0.6291946308724761,15745351.0
738,2022-02-18,23.56,23.8,23.29,23.78,0.0899999999999998,0.3799071338117299,7249906.0
738,2022-02-21,23.78,24.07,23.4,23.66,-0.120000000000001,-0.5046257359125339,7980519.0
738,2022-02-22,23.88,24.12,23.21,23.4,-0.2600000000000015,-1.098901098901106,9864392.0
738,2022-02-23,23.24,24.51,23.22,24.33,0.9299999999999996,3.9743589743589824,19183161.0
738,2022-02-24,24.45,25.69,24.0,25.05,0.7200000000000024,2.959309494451312,27699318.0
738,2022-02-25,24.76,25.24,24.53,24.72,-0.3300000000000018,-1.3173652694610904,15684102.0
738,2022-02-28,25.09,25.55,24.74,25.34,0.620000000000001,2.5080906148867266,15705224.0
738,2022-03-01,25.14,25.84,25.14,25.5,0.1600000000000001,0.6314127861089203,11743215.0
738,2022-03-02,25.48,25.93,25.3,25.61,0.1099999999999994,0.4313725490196152,15007856.0
738,2022-03-03,25.69,25.79,25.01,25.3,-0.3099999999999987,-1.2104646622413062,8872728.0
738,2022-03-04,25.1,25.31,24.51,24.78,-0.5199999999999996,-2.055335968379446,10116871.0
738,2022-03-07,24.94,25.29,24.41,24.61,-0.1700000000000017,-0.6860371267151,9862721.0
738,2022-03-08,24.41,24.78,23.0,23.58,-1.0300000000000011,-4.185290532303942,13979841.0
738,2022-03-09,23.64,23.69,21.55,22.74,-0.8399999999999999,-3.562340966921118,21785934.0
738,2022-03-10,23.48,24.0,23.07,23.8,1.0600000000000025,4.661389621811796,15525868.0
738,2022-03-11,23.46,24.14,23.33,24.1,0.3000000000000007,1.2605042016806678,8881279.0
738,2022-03-14,24.03,25.69,23.83,24.88,0.7799999999999976,3.2365145228215653,23324370.0
738,2022-03-15,24.79,25.09,23.9,23.98,-0.8999999999999986,-3.6173633440514386,16288386.0
738,2022-03-16,24.23,24.47,22.87,24.2,0.2199999999999988,0.917431192660545,16121837.0
738,2022-03-17,24.5,24.93,24.0,24.03,-0.1699999999999981,-0.7024793388429651,12263436.0
738,2022-03-18,24.0,24.26,23.47,23.85,-0.1799999999999997,-0.7490636704119868,9555150.0
738,2022-03-21,23.77,24.05,23.3,23.53,-0.3200000000000003,-1.3417190775681376,8469479.0
738,2022-03-22,23.85,24.09,23.0,23.2,-0.3300000000000018,-1.4024649383765464,10134646.0
738,2022-03-23,23.17,24.65,23.1,24.29,1.09,4.698275862068968,18177879.0
738,2022-03-24,24.04,24.2,23.77,24.08,-0.2100000000000008,-0.8645533141210415,8032110.0
738,2022-03-25,24.05,24.8,23.78,23.8,-0.2799999999999976,-1.1627906976744096,9752128.0
738,2022-03-28,23.65,23.65,22.64,23.19,-0.6099999999999994,-2.5630252100840356,10162524.0
738,2022-03-29,23.41,24.4,23.41,23.82,0.629999999999999,2.7166882276843385,13431960.0
738,2022-03-30,23.83,24.19,23.62,24.0,0.1799999999999997,0.7556675062972307,7096142.0
738,2022-03-31,24.01,24.02,23.16,23.21,-0.7899999999999991,-3.2916666666666594,8956235.0
738,2022-04-01,23.05,23.41,22.98,23.12,-0.0899999999999998,-0.3877638948728945,6055673.0
738,2022-04-06,23.49,23.63,22.6,22.97,-0.1500000000000021,-0.6487889273356529,11157924.0
738,2022-04-07,22.9,23.66,22.82,23.02,0.0500000000000007,0.217675228559,9655114.0
738,2022-04-08,23.01,23.15,22.3,22.67,-0.3499999999999978,-1.5204170286707064,8363588.0
738,2022-04-11,22.6,22.6,21.31,21.68,-0.990000000000002,-4.367004852227618,10300336.0
738,2022-04-12,21.68,21.78,21.07,21.56,-0.120000000000001,-0.5535055350553542,12002077.0
738,2022-04-13,21.45,21.66,20.8,20.88,-0.6799999999999997,-3.153988868274582,11998915.0
738,2022-04-14,20.98,21.06,20.69,21.01,0.1300000000000025,0.6226053639846851,7835260.0
738,2022-04-15,20.87,21.89,20.72,21.4,0.389999999999997,1.8562589243217296,10228344.0
738,2022-04-18,21.31,22.1,21.15,21.98,0.5800000000000018,2.710280373831786,9804846.0
738,2022-04-19,21.81,22.52,21.81,22.24,0.259999999999998,1.182893539581431,9982592.0
738,2022-04-20,22.21,22.63,22.09,22.26,0.0200000000000031,0.0899280575539673,10798539.0
738,2022-04-21,22.05,22.85,21.68,21.77,-0.490000000000002,-2.2012578616352307,10125626.0
738,2022-04-22,21.72,22.62,21.48,22.38,0.6099999999999994,2.8020211299954134,13965743.0
738,2022-04-25,22.13,22.13,20.8,20.95,-1.4299999999999995,-6.3896336014298445,13307744.0
738,2022-04-26,21.1,21.1,19.7,19.83,-1.120000000000001,-5.346062052505973,13453376.0
738,2022-04-27,20.4,21.81,20.3,21.81,1.9800000000000004,9.984871406959162,17897375.0
738,2022-04-28,22.36,23.98,22.01,23.01,1.2000000000000028,5.502063273727664,28272009.0
738,2022-04-29,23.09,23.89,22.72,23.8,0.7899999999999991,3.4332898739678264,21452230.0
738,2022-05-05,23.55,25.45,23.49,24.72,0.9199999999999982,3.865546218487381,23802374.0
738,2022-05-06,24.2,25.16,24.09,24.93,0.2100000000000008,0.8495145631068013,14954976.0
738,2022-05-09,24.63,26.68,24.55,26.0,1.0700000000000005,4.292017649418378,23048765.0
738,2022-05-10,26.0,26.16,25.4,25.62,-0.379999999999999,-1.4615384615384586,21664369.0
738,2022-05-11,26.29,26.5,25.32,25.4,-0.2200000000000024,-0.858704137392674,17171933.0
738,2022-05-12,25.15,25.84,25.15,25.58,0.1799999999999997,0.7086614173228423,14995406.0
738,2022-05-13,25.79,25.8,25.42,25.63,0.0500000000000007,0.1954652071931129,9464973.0
738,2022-05-16,26.03,26.2,25.16,25.63,0.0,0.0,11143351.0
738,2022-05-17,25.58,25.94,25.35,25.82,0.1900000000000012,0.7413187670698429,10372803.0
738,2022-05-18,25.75,26.0,25.45,25.75,-0.0700000000000002,-0.2711076684740576,10801263.0
738,2022-05-19,25.39,26.08,25.39,26.02,0.2699999999999996,1.0485436893203914,10784552.0
738,2022-05-20,26.02,26.26,25.39,25.95,-0.0700000000000002,-0.2690238278247547,10819572.0
738,2022-05-23,25.85,25.9,25.37,25.84,-0.1099999999999994,-0.4238921001926798,10874970.0
738,2022-05-24,25.8,26.7,24.8,24.86,-0.9800000000000004,-3.792569659442724,23277469.0
738,2022-05-25,24.82,25.88,24.7,25.72,0.8599999999999994,3.459372485921164,16973269.0
738,2022-05-26,25.52,26.88,25.41,26.42,0.7000000000000028,2.721617418351485,39764989.0
738,2022-05-27,26.51,26.9,26.16,26.42,0.0,0.0,22014297.0
738,2022-05-30,26.59,27.27,26.35,27.25,0.8299999999999983,3.141559424678264,23431893.0
738,2022-05-31,27.01,28.11,26.86,27.67,0.4200000000000017,1.5412844036697404,27229966.0
738,2022-06-01,27.4,28.43,27.27,27.91,0.2399999999999984,0.8673653776653412,23174037.0
738,2022-06-02,27.7,28.03,27.39,27.5,-0.4100000000000001,-1.4690075241848843,17341381.0
738,2022-06-06,27.51,27.86,27.0,27.52,0.0199999999999995,0.0727272727272687,17460852.0
738,2022-06-07,27.5,28.06,27.3,27.67,0.1500000000000021,0.545058139534893,16769874.0
738,2022-06-08,27.48,27.66,26.23,27.0,-0.6700000000000017,-2.4213950126490857,22557774.0
738,2022-06-09,26.95,27.15,26.1,26.51,-0.4899999999999984,-1.8148148148148135,15454868.0
738,2022-06-10,26.47,27.38,26.42,27.32,0.8099999999999987,3.0554507732931,17857568.0
738,2022-06-13,27.28,27.61,26.65,27.07,-0.25,-0.9150805270863872,16877759.0
738,2022-06-14,26.85,26.97,26.0,26.71,-0.3599999999999994,-1.3298854820834816,14517020.0
738,2022-06-15,26.64,27.03,26.5,26.72,0.009999999999998,0.0374391613627844,13669723.0
738,2022-06-16,26.6,27.05,26.42,26.62,-0.0999999999999978,-0.374251497005984,12453436.0
738,2022-06-17,26.44,26.9,26.2,26.77,0.1499999999999985,0.5634861006761804,11926719.0
738,2022-06-20,26.96,27.64,26.8,27.37,0.6000000000000014,2.2413149047441294,15025438.0
738,2022-06-21,27.3,27.3,25.92,26.1,-1.2699999999999996,-4.640116916331749,17532894.0
738,2022-06-22,26.39,26.78,26.0,26.09,-0.0100000000000015,-0.0383141762452132,12467270.0
738,2022-06-23,26.06,27.96,25.88,27.73,1.6400000000000006,6.2859333077807555,24312390.0
738,2022-06-24,27.84,28.75,27.84,28.6,0.870000000000001,3.1373963216732914,24497987.0
738,2022-06-27,29.0,29.0,28.11,28.5,-0.1000000000000014,-0.3496503496503544,14499335.0
738,2022-06-28,28.4,29.0,28.23,28.54,0.0399999999999991,0.140350877192974,13974326.0
738,2022-06-29,28.36,28.67,27.92,28.07,-0.4699999999999988,-1.6468114926418975,10295751.0
738,2022-06-30,28.16,28.58,27.82,28.1,0.0300000000000011,0.1068756679729387,12218321.0
738,2022-07-01,28.2,28.56,27.53,27.8,-0.3000000000000007,-1.067615658362997,10998382.0
738,2022-07-04,28.08,28.88,27.8,28.7,0.8999999999999986,3.237410071942448,16642459.0
738,2022-07-05,28.7,28.95,28.21,28.89,0.1900000000000012,0.662020905923355,12192278.0
738,2022-07-06,28.75,29.53,27.95,28.4,-0.490000000000002,-1.696088611976465,16046955.0
738,2022-07-07,28.42,29.64,28.35,29.58,1.1799999999999995,4.154929577464794,20617572.0
738,2022-07-08,29.21,29.42,28.6,28.85,-0.7299999999999969,-2.4678837052062086,13376522.0
738,2022-07-11,28.71,29.39,28.3,29.26,0.4100000000000001,1.4211438474869942,13616307.0
738,2022-07-12,29.32,29.8,28.43,28.58,-0.6800000000000033,-2.323991797676017,19877134.0
738,2022-07-13,28.58,28.82,27.9,28.36,-0.2199999999999988,-0.7697690692792136,9142120.0
738,2022-07-14,28.06,28.9,28.0,28.72,0.3599999999999994,1.2693935119887143,9230755.0
738,2022-07-15,28.5,29.06,28.3,28.31,-0.4100000000000001,-1.4275766016713098,8992673.0
738,2022-07-18,28.17,28.38,27.09,27.78,-0.5299999999999976,-1.8721299894030263,13921718.0
738,2022-07-19,27.96,28.29,27.28,27.62,-0.1600000000000001,-0.5759539236861011,13618069.0
738,2022-07-20,27.67,29.43,27.55,29.33,1.7099999999999973,6.191165821868205,22015358.0
738,2022-07-21,29.3,29.3,27.88,28.4,-0.9299999999999996,-3.1708148653255996,20494951.0
738,2022-07-22,28.63,28.89,28.07,28.44,0.0400000000000027,0.140845070422535,11301247.0
738,2022-07-25,28.62,29.11,27.72,27.88,-0.5600000000000023,-1.96905766526021,13303699.0
738,2022-07-26,27.7,28.22,27.57,27.91,0.0300000000000011,0.1076040172166559,8345764.0
738,2022-07-27,27.99,28.53,27.73,28.1,0.1900000000000012,0.6807595843783654,9556876.0
738,2022-07-28,28.06,28.3,27.86,28.28,0.1799999999999997,0.6405693950177982,8271976.0
738,2022-07-29,28.05,28.25,27.05,27.31,-0.9700000000000024,-3.4299858557284346,13001645.0
738,2022-08-01,27.34,27.76,26.95,27.21,-0.0999999999999978,-0.3661662394727094,9726790.0
738,2022-08-02,27.46,27.95,26.48,26.86,-0.3500000000000014,-1.2862918044836524,13517710.0
738,2022-08-03,26.6,28.5,26.58,27.45,0.5899999999999999,2.196574832464626,26719867.0
738,2022-08-04,27.51,28.25,27.17,27.68,0.2300000000000004,0.837887067395271,16744440.0
738,2022-08-05,27.45,28.38,26.98,28.05,0.370000000000001,1.3367052023121495,18083353.0
738,2022-08-08,27.82,28.88,27.82,28.59,0.5399999999999991,1.9251336898395752,16372744.0
738,2022-08-09,28.34,30.27,28.3,29.96,1.370000000000001,4.791885274571528,28098792.0
738,2022-08-10,29.7,30.25,29.56,30.0,0.0399999999999991,0.1335113484646211,16630186.0
738,2022-08-11,30.45,30.61,29.6,30.42,0.4200000000000017,1.4000000000000012,18924929.0
738,2022-08-12,30.32,30.42,29.84,30.02,-0.4000000000000021,-1.3149243918474718,11488661.0
738,2022-08-15,30.01,30.32,29.78,29.97,-0.0500000000000007,-0.1665556295802783,7619729.0
738,2022-08-16,30.03,31.1,29.88,30.9,0.9299999999999996,3.103103103103111,15505087.0
738,2022-08-17,30.76,30.94,30.14,30.25,-0.6499999999999986,-2.1035598705501535,9398967.0
738,2022-08-18,30.25,30.62,29.98,30.55,0.3000000000000007,0.9917355371900748,6933327.0
738,2022-08-19,30.55,31.69,30.25,30.32,-0.2300000000000004,-0.7528641571194816,12428152.0
738,2022-08-22,30.04,31.1,29.88,30.71,0.3900000000000005,1.2862796833773116,14195851.0
738,2022-08-23,30.68,31.27,30.27,30.7,-0.0100000000000015,-0.0325626831650938,12697204.0
738,2022-08-24,30.98,30.98,29.14,29.43,-1.2699999999999996,-4.136807817589572,17338261.0
738,2022-08-25,29.22,29.46,28.24,28.87,-0.5599999999999987,-1.902820251444104,20720943.0
738,2022-08-26,28.87,29.15,27.67,27.81,-1.0600000000000025,-3.671631451333568,13687385.0
738,2022-08-29,27.8,28.45,27.13,28.28,0.4700000000000024,1.6900395541172395,16171306.0
738,2022-08-30,28.29,28.44,27.49,27.65,-0.6300000000000026,-2.227722772277241,7405439.0
738,2022-08-31,27.51,27.93,26.67,26.79,-0.8599999999999994,-3.1103074141048848,11377645.0
738,2022-09-01,26.92,27.05,26.54,26.64,-0.1499999999999985,-0.5599104143336975,7933660.0
738,2022-09-02,26.66,26.94,26.5,26.67,0.0300000000000011,0.112612612612617,8098195.0
738,2022-09-05,26.55,27.02,26.41,26.59,-0.0800000000000018,-0.2999625046869236,8102334.0
738,2022-09-06,26.72,27.77,26.61,27.21,0.620000000000001,2.3317036479879594,15042382.0
738,2022-09-07,27.13,27.82,26.88,27.63,0.4199999999999981,1.5435501653803696,11704718.0
738,2022-09-08,27.61,28.74,27.43,28.52,0.8900000000000006,3.2211364458921476,16174663.0
738,2022-09-09,28.6,28.93,28.01,28.14,-0.379999999999999,-1.33239831697054,9461437.0
738,2022-09-13,28.37,28.52,27.75,28.46,0.3200000000000003,1.1371712864250094,10763188.0
738,2022-09-14,28.15,28.84,28.0,28.83,0.3699999999999974,1.3000702740688652,8647761.0
738,2022-09-15,28.72,28.88,27.59,27.85,-0.9799999999999968,-3.39923690600068,13036857.0
738,2022-09-16,27.77,29.68,27.77,28.73,0.879999999999999,3.1597845601436303,18977907.0
738,2022-09-19,28.62,28.9,27.54,27.78,-0.9499999999999992,-3.306648103028187,11887276.0
738,2022-09-20,27.78,28.28,27.52,27.65,-0.1300000000000025,-0.4679625629949724,9497195.0
738,2022-09-21,27.63,27.75,26.62,27.13,-0.5199999999999996,-1.8806509945750391,14063283.0
738,2022-09-22,27.0,28.16,26.81,27.95,0.8200000000000003,3.0224843346848607,11693680.0
738,2022-09-23,27.84,29.02,27.84,28.51,0.5600000000000023,2.00357781753131,15751071.0
738,2022-09-26,28.28,28.29,27.2,27.26,-1.25,-4.384426517011574,9655467.0
738,2022-09-27,27.26,27.67,26.94,27.42,0.1600000000000001,0.5869405722670695,7776153.0
738,2022-09-28,27.43,28.09,25.96,26.0,-1.4200000000000017,-5.178701677607589,11544829.0
738,2022-09-29,26.4,26.6,25.76,26.0,0.0,0.0,9704546.0
738,2022-09-30,25.99,25.99,25.02,25.12,-0.879999999999999,-3.384615384615386,8039708.0
738,2022-10-10,25.25,25.63,24.89,25.06,-0.0600000000000022,-0.2388535031847216,7015546.0
738,2022-10-11,25.0,25.13,24.22,24.75,-0.3099999999999987,-1.2370311252992816,6617257.0
738,2022-10-12,24.7,25.88,24.18,25.63,0.879999999999999,3.555555555555556,10913184.0
738,2022-10-13,25.4,26.55,25.3,26.07,0.4400000000000013,1.7167381974249052,12725080.0
738,2022-10-14,26.29,27.8,26.1,27.35,1.2800000000000011,4.909858074415041,16434350.0
738,2022-10-17,27.11,28.73,27.1,28.35,1.0,3.656307129798897,13299150.0
738,2022-10-18,28.18,28.4,27.91,28.2,-0.1500000000000021,-0.5291005291005346,6950002.0
738,2022-10-19,28.15,28.52,27.89,28.27,0.0700000000000002,0.2482269503546019,6521721.0
738,2022-10-20,28.18,28.6,27.75,28.25,-0.0199999999999995,-0.0707463742483205,7719655.0
738,2022-10-21,28.44,28.54,27.71,28.0,-0.25,-0.8849557522123908,7525260.0
738,2022-10-24,28.58,30.06,28.44,29.27,1.2699999999999996,4.535714285714287,18587577.0
738,2022-10-25,29.1,29.82,28.66,29.2,-0.0700000000000002,-0.2391527160915618,14350667.0
738,2022-10-26,28.84,30.08,28.57,29.82,0.620000000000001,2.1232876712328874,12678030.0
738,2022-10-27,29.7,30.12,29.4,29.49,-0.3300000000000018,-1.106639839034207,6436926.0
738,2022-10-28,29.31,30.3,29.1,29.34,-0.1499999999999985,-0.508646998982698,8913571.0
738,2022-10-31,29.08,30.42,28.75,30.0,0.6600000000000001,2.249488752556239,19642267.0
738,2022-11-01,29.85,30.3,28.48,29.02,-0.9800000000000004,-3.2666666666666733,21565828.0
738,2022-11-02,28.71,29.19,28.41,28.78,-0.2399999999999984,-0.8270158511371362,12800732.0
738,2022-11-03,28.68,29.66,28.52,29.2,0.4199999999999981,1.459346768589298,12142770.0
738,2022-11-04,29.19,29.26,28.83,29.17,-0.0299999999999975,-0.1027397260273899,10838432.0
738,2022-11-07,29.1,29.36,28.39,28.59,-0.5800000000000018,-1.9883441892355247,11741479.0
738,2022-11-08,28.98,29.1,28.44,28.8,0.2100000000000008,0.734522560335793,10750577.0
738,2022-11-09,29.2,29.48,28.3,28.4,-0.4000000000000021,-1.388888888888895,11671664.0
738,2022-11-10,28.18,28.66,27.5,27.94,-0.4599999999999973,-1.6197183098591417,9472295.0
738,2022-11-11,28.35,28.48,27.82,28.21,0.2699999999999996,0.966356478167496,7457042.0
738,2022-11-14,28.0,28.17,27.15,27.4,-0.8100000000000023,-2.871322226160944,10794032.0
738,2022-11-15,27.32,27.8,27.14,27.7,0.3000000000000007,1.094890510948909,6825446.0
738,2022-11-16,27.83,28.59,27.6,28.0,0.3000000000000007,1.0830324909747224,10097265.0
738,2022-11-17,27.76,28.03,26.5,28.03,0.0300000000000011,0.1071428571428612,10723640.0
738,2022-11-18,28.01,28.06,27.01,27.23,-0.8000000000000007,-2.8540849090260445,10180347.0
738,2022-11-21,26.84,27.78,26.82,27.68,0.4499999999999993,1.6525890561880363,7994920.0
738,2022-11-22,27.53,28.15,27.16,27.31,-0.370000000000001,-1.3367052023121384,8036962.0
738,2022-11-23,27.22,27.42,26.8,27.31,0.0,0.0,5488005.0
738,2022-11-24,27.28,27.46,26.65,26.9,-0.4100000000000001,-1.5012815818381542,6765059.0
738,2022-11-25,26.75,26.9,26.3,26.54,-0.3599999999999994,-1.338289962825279,4969974.0
738,2022-11-28,26.15,26.73,26.01,26.5,-0.0399999999999991,-0.1507159005274982,8962658.0
738,2022-11-29,26.85,26.9,26.21,26.54,0.0399999999999991,0.1509433962264106,7497358.0
738,2022-11-30,26.72,27.25,26.4,27.02,0.4800000000000004,1.808590806330068,10399514.0
738,2022-12-01,27.02,27.95,26.78,27.53,0.5100000000000016,1.887490747594378,10392066.0
738,2022-12-02,27.43,27.57,26.89,26.94,-0.5899999999999999,-2.1431166000726476,6097314.0
738,2022-12-05,26.98,27.06,26.72,26.95,0.009999999999998,0.0371195248700662,7448062.0
738,2022-12-06,26.97,27.18,26.52,27.1,0.1500000000000021,0.5565862708719838,9980295.0
738,2022-12-07,26.92,27.6,26.83,27.1,0.0,0.0,7516549.0
738,2022-12-08,27.03,27.24,26.38,26.47,-0.6300000000000026,-2.3247232472324852,6684637.0
738,2022-12-09,26.5,27.04,26.18,26.91,0.4400000000000013,1.6622591613147053,10347006.0
738,2022-12-12,26.66,27.02,26.22,26.92,0.0100000000000015,0.0371609067261191,6867548.0
738,2022-12-13,26.85,26.95,26.31,26.4,-0.5200000000000031,-1.93164933135217,4649157.0
738,2022-12-14,26.3,26.66,26.14,26.29,-0.1099999999999994,-0.4166666666666652,4082967.0
738,2022-12-15,26.29,26.45,26.02,26.29,0.0,0.0,4325430.0
738,2022-12-16,26.2,26.32,25.75,26.32,0.0300000000000011,0.1141118295929999,5434736.0
738,2022-12-19,26.1,26.43,25.92,26.13,-0.1900000000000012,-0.7218844984802519,4684988.0
738,2022-12-20,26.01,26.38,25.35,25.8,-0.3299999999999983,-1.2629161882893205,6680581.0
738,2022-12-21,25.72,26.03,25.28,25.3,-0.5,-1.9379844961240345,5120186.0
738,2022-12-22,25.5,25.59,25.0,25.08,-0.2200000000000024,-0.8695652173913104,5061768.0
738,2022-12-23,25.05,25.27,24.77,24.85,-0.2299999999999968,-0.917065390749594,4785428.0
738,2022-12-26,25.16,25.65,24.96,25.63,0.7799999999999976,3.138832997987917,5628122.0
738,2022-12-27,25.65,25.82,25.41,25.68,0.0500000000000007,0.1950838860710124,3583622.0
738,2022-12-28,25.56,25.79,24.96,25.21,-0.4699999999999988,-1.830218068535816,5313687.0
738,2022-12-29,25.35,26.1,25.15,25.83,0.6199999999999974,2.459341531138426,6916519.0
738,2022-12-30,26.06,26.1,25.58,25.64,-0.1899999999999977,-0.7355787843592587,3768868.0
738,2023-01-03,25.61,26.5,25.45,26.24,0.5999999999999979,2.340093603744142,7530377.0
738,2023-01-04,26.22,26.38,26.06,26.32,0.0800000000000018,0.3048780487804992,4497479.0
738,2023-01-05,26.15,26.55,26.08,26.48,0.1600000000000001,0.6079027355623046,6046641.0
738,2023-01-06,26.29,26.69,26.13,26.29,-0.1900000000000012,-0.7175226586102812,5094907.0
738,2023-01-09,26.29,26.34,25.76,25.77,-0.5199999999999996,-1.977938379612021,10419798.0
738,2023-01-10,25.8,25.95,25.27,25.58,-0.1900000000000012,-0.7372914241365991,7236398.0
738,2023-01-11,25.59,25.79,25.25,25.38,-0.1999999999999993,-0.7818608287724738,4920099.0
738,2023-01-12,26.3,26.46,25.21,25.34,-0.0399999999999991,-0.1576044129235621,11159405.0
738,2023-01-13,25.35,25.39,24.98,25.16,-0.1799999999999997,-0.710339384372527,5473216.0
738,2023-01-16,24.88,25.27,23.19,23.7,-1.4600000000000009,-5.8028616852146335,47788241.0
738,2023-01-17,23.49,24.09,23.13,23.82,0.120000000000001,0.5063291139240533,20611096.0
738,2023-01-18,23.85,24.32,23.71,24.12,0.3000000000000007,1.2594458438287104,13374771.0
738,2023-01-19,24.05,24.48,23.92,24.44,0.3200000000000003,1.3266998341625147,9555305.0
738,2023-01-20,24.5,24.84,24.48,24.68,0.2399999999999984,0.9819967266775808,8117593.0
738,2023-01-30,24.81,25.97,24.81,25.73,1.0500000000000007,4.254457050243121,16126217.0
738,2023-01-31,25.74,26.36,25.59,26.01,0.2800000000000011,1.088223863194715,12520253.0
738,2023-02-01,26.05,26.26,25.85,26.1,0.0899999999999998,0.34602076124568,8999144.0
738,2023-02-02,26.21,26.38,25.4,25.48,-0.620000000000001,-2.3754789272030674,13214215.0
738,2023-02-03,25.48,27.07,25.4,26.9,1.4199999999999982,5.572998430141274,21196222.0
738,2023-02-06,26.62,26.91,26.26,26.33,-0.5700000000000003,-2.118959107806695,8752175.0
738,2023-02-07,26.34,26.51,25.95,26.18,-0.1499999999999985,-0.5696923661222875,7311547.0
738,2023-02-08,26.1,26.17,25.7,25.82,-0.3599999999999994,-1.3750954927425507,8738410.0
738,2023-02-09,25.56,26.08,25.55,25.91,0.0899999999999998,0.3485670023237741,8929285.0
738,2023-02-10,25.81,25.96,25.41,25.47,-0.4400000000000013,-1.6981860285604111,9505605.0
738,2023-02-13,25.55,26.02,25.42,25.71,0.240000000000002,0.9422850412249772,9962601.0
738,2023-02-14,25.73,25.97,25.52,25.65,-0.0600000000000022,-0.2333722287047979,5755485.0
738,2023-02-15,25.67,25.82,25.39,25.73,0.0800000000000018,0.311890838206641,7457217.0
738,2023-02-16,25.66,25.83,24.8,25.0,-0.7300000000000004,-2.83715507190051,9166413.0
738,2023-02-17,25.1,25.24,24.46,24.71,-0.2899999999999991,-1.1599999999999944,9697244.0
738,2023-02-20,24.62,24.97,24.47,24.83,0.1199999999999974,0.4856333468231444,7454134.0
738,2023-02-21,24.86,25.42,24.81,25.11,0.2800000000000011,1.1276681433749491,6813954.0
738,2023-02-22,24.95,25.55,24.9,25.4,0.2899999999999991,1.1549183592194368,7799536.0
738,2023-02-23,25.36,25.36,24.91,25.1,-0.2999999999999971,-1.1811023622047112,8246369.0
738,2023-02-24,25.13,26.68,25.12,25.83,0.7299999999999969,2.908366533864526,27524104.0
738,2023-02-27,25.8,25.91,25.26,25.44,-0.389999999999997,-1.5098722415795462,15288120.0
738,2023-02-28,25.33,25.54,25.07,25.32,-0.120000000000001,-0.4716981132075526,8034703.0
738,2023-03-01,25.29,25.4,25.17,25.36,0.0399999999999991,0.1579778830963718,9485692.0
738,2023-03-02,25.38,25.9,25.27,25.76,0.4000000000000021,1.5772870662460692,13478009.0
738,2023-03-03,25.71,26.62,25.4,26.57,0.8099999999999987,3.144409937888204,22316128.0
738,2023-03-06,26.66,27.47,26.66,26.99,0.4199999999999981,1.5807301467820831,22797087.0
738,2023-03-07,26.9,26.97,26.17,26.18,-0.8099999999999987,-3.001111522786215,12635553.0
738,2023-03-08,26.0,26.7,25.92,26.53,0.3500000000000014,1.3368983957219305,8904214.0
738,2023-03-09,26.47,26.53,26.01,26.2,-0.3300000000000018,-1.2438748586505954,7306847.0
738,2023-03-10,26.09,26.32,25.79,25.79,-0.4100000000000001,-1.5648854961832104,6932349.0
738,2023-03-13,25.73,25.9,25.2,25.6,-0.1899999999999977,-0.7367196587824698,10696245.0
738,2023-03-14,25.47,25.58,24.7,25.15,-0.4500000000000028,-1.757812500000011,8395642.0
738,2023-03-15,25.2,25.37,24.68,24.75,-0.3999999999999986,-1.5904572564612307,9923839.0
738,2023-03-16,24.64,24.85,24.19,24.3,-0.4499999999999993,-1.8181818181818188,7317830.0
738,2023-03-17,24.31,24.64,24.3,24.31,0.009999999999998,0.0411522633744665,7178509.0
738,2023-03-20,24.37,24.43,23.88,24.16,-0.1499999999999985,-0.6170300287947295,8102644.0
738,2023-03-21,24.96,25.6,24.71,25.14,0.9800000000000004,4.056291390728473,15065352.0
738,2023-03-22,25.15,25.37,24.95,25.27,0.129999999999999,0.51710421638822,7903097.0
738,2023-03-23,25.1,25.27,24.91,25.16,-0.1099999999999994,-0.4352987732489044,9431663.0
738,2023-03-24,25.15,25.16,24.58,24.98,-0.1799999999999997,-0.7154213036565937,12526773.0
738,2023-03-27,24.94,24.94,24.05,24.18,-0.8000000000000007,-3.202562049639712,14858600.0
738,2023-03-28,24.26,24.38,23.71,23.87,-0.3099999999999987,-1.2820512820512775,11240976.0
738,2023-03-29,23.99,24.22,23.28,24.02,0.1499999999999985,0.6284038542103021,13524452.0
738,2023-03-30,24.15,24.8,23.93,24.36,0.3399999999999998,1.4154870940882525,9313580.0
738,2023-03-31,24.31,24.42,24.0,24.36,0.0,0.0,6927119.0
738,2023-04-03,24.2,24.42,23.9,24.38,0.0199999999999995,0.0821018062397316,10848707.0
738,2023-04-04,24.37,24.47,23.86,24.05,-0.3299999999999983,-1.3535684987694752,8447601.0
738,2023-04-06,23.97,24.41,23.8,24.32,0.2699999999999996,1.1226611226611285,8755978.0
738,2023-04-07,24.28,24.43,23.94,24.03,-0.2899999999999991,-1.1924342105263164,8129996.0
738,2023-04-10,24.19,24.23,23.8,23.93,-0.1000000000000014,-0.4161464835622186,8317785.0
738,2023-04-11,23.83,23.98,23.53,23.77,-0.1600000000000001,-0.6686167989970793,5642277.0
738,2023-04-12,23.69,24.05,23.69,23.81,0.0399999999999991,0.1682793437105534,4477947.0
738,2023-04-13,23.95,24.13,23.66,23.9,0.0899999999999998,0.377992440151198,6342747.0
738,2023-04-14,23.89,23.99,23.55,23.75,-0.1499999999999985,-0.6276150627614996,7913650.0
738,2023-04-17,23.63,23.69,22.86,23.36,-0.3900000000000005,-1.6421052631579005,16657190.0
738,2023-04-18,23.26,23.37,22.98,23.12,-0.2399999999999984,-1.0273972602739656,12479240.0
738,2023-04-19,23.11,23.11,22.7,22.91,-0.2100000000000008,-0.9083044982698962,12338367.0
738,2023-04-20,22.84,23.05,22.31,22.65,-0.2600000000000015,-1.1348756001746008,11980123.0
738,2023-04-21,22.63,23.47,22.57,23.08,0.4299999999999997,1.8984547461368573,15829521.0
738,2023-04-24,23.04,23.04,22.0,22.7,-0.379999999999999,-1.6464471403812797,10525304.0
738,2023-04-25,22.82,22.94,22.04,22.15,-0.5500000000000007,-2.422907488986792,9692387.0
738,2023-04-26,22.31,24.0,22.22,23.61,1.4600000000000009,6.591422121896162,23060125.0
738,2023-04-27,23.59,24.16,23.29,24.04,0.4299999999999997,1.8212621770436144,14319493.0
738,2023-04-28,24.01,24.01,23.47,23.84,-0.1999999999999993,-0.8319467554076532,10879090.0
738,2023-05-04,23.68,24.15,23.55,23.91,0.0700000000000002,0.2936241610738355,8691928.0
738,2023-05-05,23.93,23.93,23.58,23.8,-0.1099999999999994,-0.460058552906728,5595711.0
738,2023-05-08,23.81,24.25,23.66,24.17,0.370000000000001,1.5546218487394905,10593610.0
738,2023-05-09,24.14,24.44,23.3,23.48,-0.6900000000000013,-2.854778651220524,15937125.0
738,2023-05-10,23.41,23.45,23.08,23.27,-0.2100000000000008,-0.8943781942078455,6622723.0
738,2023-05-11,23.31,23.34,22.9,22.95,-0.3200000000000003,-1.3751611516974682,6132459.0
738,2023-05-12,22.89,23.04,22.56,22.68,-0.2699999999999996,-1.17647058823529,5613628.0
738,2023-05-15,22.57,23.8,22.36,23.64,0.9600000000000009,4.232804232804233,10324997.0
738,2023-05-16,23.7,23.87,23.44,23.53,-0.1099999999999994,-0.4653130287648022,6615722.0
738,2023-05-17,23.43,24.35,23.2,24.16,0.629999999999999,2.677433064173385,15267960.0
738,2023-05-18,24.14,24.31,23.86,24.12,-0.0399999999999991,-0.16556291390728,7739739.0
738,2023-05-19,24.1,24.39,23.9,24.13,0.009999999999998,0.0414593698175647,9223121.0
738,2023-05-22,24.05,24.22,23.92,24.15,0.0199999999999995,0.082884376295067,5701769.0
738,2023-05-23,24.15,24.26,23.8,23.88,-0.2699999999999996,-1.1180124223602483,4577737.0
738,2023-05-24,23.78,24.06,23.66,23.79,-0.0899999999999998,-0.3768844221105571,3543175.0
738,2023-05-25,23.71,24.13,23.68,23.91,0.120000000000001,0.5044136191677318,5321213.0
738,2023-05-26,23.81,23.96,23.62,23.94,0.0300000000000011,0.1254705144291046,3207308.0
738,2023-05-29,24.32,24.5,23.52,23.64,-0.3000000000000007,-1.253132832080206,7838948.0
738,2023-05-30,23.56,23.69,23.18,23.65,0.009999999999998,0.0423011844331577,5646560.0
738,2023-05-31,23.58,24.18,23.43,23.78,0.1300000000000025,0.5496828752642902,8193332.0
738,2023-06-01,23.6,23.98,23.44,23.76,-0.0199999999999995,-0.0841042893187538,5526205.0
738,2023-06-02,23.7,23.88,23.55,23.64,-0.120000000000001,-0.5050505050505083,6156718.0
738,2023-06-05,23.64,23.7,22.81,23.0,-0.6400000000000006,-2.7072758037225086,11404537.0
738,2023-06-06,22.97,23.05,22.51,22.58,-0.4200000000000017,-1.826086956521744,7284929.0
738,2023-06-07,22.57,22.72,22.2,22.33,-0.25,-1.107174490699736,7665588.0
738,2023-06-08,22.26,22.37,21.92,22.2,-0.129999999999999,-0.582176444245408,7768206.0
738,2023-06-09,22.18,22.5,22.0,22.5,0.3000000000000007,1.3513513513513598,8239095.0
738,2023-06-12,22.38,22.54,22.23,22.47,-0.0300000000000011,-0.1333333333333408,5387958.0
738,2023-06-13,22.41,22.53,22.27,22.45,-0.0199999999999995,-0.0890075656430733,4634722.0
738,2023-06-14,22.44,22.54,22.3,22.3,-0.1499999999999985,-0.6681514476614692,6414998.0
738,2023-06-15,22.33,23.07,22.24,22.87,0.5700000000000003,2.556053811659198,8099180.0
738,2023-06-16,22.93,23.24,22.81,23.12,0.25,1.0931351114997767,9968824.0
738,2023-06-19,23.1,23.55,23.04,23.36,0.2399999999999984,1.038062283737018,7084561.0
738,2023-06-20,23.31,24.05,23.18,23.81,0.4499999999999993,1.9263698630136885,13348207.0
738,2023-06-21,23.81,23.95,23.58,23.65,-0.1600000000000001,-0.6719865602688002,8616448.0
738,2023-06-26,23.65,23.88,23.49,23.6,-0.0499999999999971,-0.2114164904862492,6338071.0
738,2023-06-27,23.7,24.0,23.56,23.72,0.1199999999999974,0.5084745762711673,5337645.0
738,2023-06-28,23.79,24.34,23.6,24.16,0.4400000000000013,1.8549747048903995,9640516.0
738,2023-06-29,24.16,24.61,23.98,24.01,-0.1499999999999985,-0.6208609271523113,10821443.0
738,2023-06-30,24.05,24.5,23.9,24.4,0.389999999999997,1.6243231986672102,11277933.0
738,2023-07-03,24.38,24.72,24.29,24.5,0.1000000000000014,0.4098360655737654,10793437.0
738,2023-07-04,24.47,24.68,24.37,24.52,0.0199999999999995,0.0816326530612254,7964463.0
738,2023-07-05,24.46,24.57,24.21,24.29,-0.2300000000000004,-0.938009787928229,6636900.0
738,2023-07-06,24.26,24.35,24.0,24.04,-0.25,-1.0292301358583833,7216362.0
738,2023-07-07,24.05,24.1,23.78,23.86,-0.1799999999999997,-0.7487520798668879,4621588.0
738,2023-07-10,23.93,24.08,23.58,23.88,0.0199999999999995,0.0838222967309176,6686035.0
738,2023-07-11,23.91,24.08,23.79,23.9,0.0199999999999995,0.0837520938023361,4248833.0
738,2023-07-12,23.9,23.92,23.46,23.52,-0.379999999999999,-1.5899581589958078,4883729.0
738,2023-07-13,23.59,23.79,23.49,23.53,0.0100000000000015,0.0425170068027336,5140900.0
738,2023-07-14,23.57,23.62,23.45,23.5,-0.0300000000000011,-0.127496812579686,4255772.0
738,2023-07-17,23.46,23.54,23.13,23.29,-0.2100000000000008,-0.8936170212766048,6288449.0
738,2023-07-18,23.28,23.63,23.2,23.44,0.1500000000000021,0.6440532417346656,5164443.0
738,2023-07-19,23.47,23.51,23.18,23.25,-0.1900000000000012,-0.8105802047781663,3952079.0
738,2023-07-20,23.25,23.36,22.85,22.89,-0.3599999999999994,-1.5483870967741953,5144129.0
738,2023-07-21,22.94,23.03,22.68,22.78,-0.1099999999999994,-0.4805591961555278,5860178.0
738,2023-07-24,22.73,23.04,22.69,22.92,0.1400000000000005,0.6145741878841093,3626255.0
738,2023-07-25,23.01,23.27,22.88,23.14,0.2199999999999988,0.9598603839441556,8439053.0
738,2023-07-26,23.1,23.23,22.99,23.09,-0.0500000000000007,-0.2160760587726962,4330793.0
738,2023-07-27,23.13,23.4,23.05,23.08,-0.0100000000000015,-0.0433087916847152,5286794.0
738,2023-07-28,22.98,23.23,22.88,23.17,0.0900000000000034,0.3899480069324168,7966222.0
738,2023-07-31,23.17,23.42,23.05,23.19,0.0199999999999995,0.0863185153215262,7311955.0
738,2023-08-01,23.29,23.34,23.1,23.21,0.0199999999999995,0.0862440707201317,4743397.0
738,2023-08-02,23.15,23.15,22.77,22.85,-0.3599999999999994,-1.5510555794916003,5840416.0
738,2023-08-03,22.71,22.9,22.71,22.81,-0.0400000000000027,-0.1750547045952011,3932153.0
738,2023-08-04,22.85,22.97,22.74,22.84,0.0300000000000011,0.1315212626041173,3685018.0
738,2023-08-07,22.78,22.87,22.58,22.7,-0.1400000000000005,-0.6129597197898407,4457700.0
738,2023-08-08,22.75,22.79,22.52,22.75,0.0500000000000007,0.2202643171806295,3932658.0
738,2023-08-09,22.73,22.78,22.5,22.54,-0.2100000000000008,-0.9230769230769263,4105478.0
738,2023-08-10,22.5,22.79,22.5,22.6,0.0600000000000022,0.266193433895312,3788681.0
738,2023-08-11,22.59,22.68,22.41,22.41,-0.1900000000000012,-0.8407079646017723,3597662.0
738,2023-08-14,22.23,22.56,22.06,22.53,0.120000000000001,0.5354752342704217,5261587.0
738,2023-08-15,22.57,22.6,22.19,22.24,-0.2900000000000027,-1.2871726586773269,3787700.0
738,2023-08-16,22.25,22.38,22.1,22.12,-0.1199999999999974,-0.5395683453237266,3550151.0
738,2023-08-17,22.12,22.94,21.96,22.82,0.6999999999999993,3.164556962025311,9293372.0
738,2023-08-18,22.7,23.19,22.65,22.8,-0.0199999999999995,-0.0876424189307556,7741915.0
738,2023-08-21,22.8,22.98,22.35,22.4,-0.4000000000000021,-1.7543859649122862,5679322.0
738,2023-08-22,22.39,22.65,22.23,22.51,0.1100000000000029,0.4910714285714324,4926270.0
738,2023-08-23,22.45,22.53,21.69,21.71,-0.8000000000000007,-3.55397601066193,8380950.0
738,2023-08-24,21.61,22.25,21.61,21.95,0.2399999999999984,1.1054813450023016,5382661.0
738,2023-08-25,21.78,22.12,21.4,21.76,-0.1899999999999977,-0.8656036446469173,5720487.0
738,2023-08-28,22.75,22.85,21.64,21.69,-0.0700000000000002,-0.3216911764705843,8961957.0
738,2023-08-29,21.76,22.68,21.69,22.49,0.7999999999999972,3.6883356385430943,8866567.0
738,2023-08-30,22.45,22.78,22.41,22.57,0.0800000000000018,0.3557136505113467,5439219.0
738,2023-08-31,22.56,22.72,22.22,22.41,-0.1600000000000001,-0.7089056269384164,4288396.0
738,2023-09-01,22.35,22.5,22.16,22.25,-0.1600000000000001,-0.7139669790272252,2694500.0
738,2023-09-04,22.31,22.48,22.18,22.32,0.0700000000000002,0.3146067415730424,4411500.0
738,2023-09-05,22.3,22.36,22.05,22.1,-0.2199999999999988,-0.9856630824372714,5392868.0
738,2023-09-06,22.01,22.58,21.93,22.5,0.3999999999999986,1.8099547511312153,7088954.0
738,2023-09-07,22.45,22.67,22.2,22.21,-0.2899999999999991,-1.288888888888884,4195800.0
738,2023-09-08,22.24,22.88,22.16,22.79,0.5799999999999983,2.611436289959479,7980038.0
738,2023-09-11,22.82,22.83,22.31,22.53,-0.259999999999998,-1.1408512505484802,7911065.0
738,2023-09-12,22.58,22.7,22.51,22.55,0.0199999999999995,0.088770528184634,3200508.0
738,2023-09-13,22.5,22.59,22.14,22.26,-0.2899999999999991,-1.2860310421285992,4207484.0
738,2023-09-14,22.25,22.33,21.96,22.01,-0.25,-1.123090745732258,4301469.0
738,2023-09-15,22.07,22.17,21.83,21.9,-0.1100000000000029,-0.4997728305315863,3845723.0
738,2023-09-18,21.88,21.99,21.73,21.88,-0.0199999999999995,-0.0913242009132453,3497185.0
738,2023-09-19,21.87,21.91,21.43,21.51,-0.3699999999999974,-1.6910420475319765,4790169.0
738,2023-09-20,21.43,21.53,21.23,21.33,-0.1800000000000032,-0.8368200836820217,3309010.0
738,2023-09-21,21.34,21.58,21.27,21.33,0.0,0.0,3822400.0
738,2023-09-22,21.34,21.72,21.23,21.72,0.3900000000000005,1.82841068917019,3706385.0
738,2023-09-25,21.64,21.65,21.04,21.13,-0.5899999999999999,-2.7163904235727454,6654816.0
738,2023-09-26,21.08,21.24,20.88,21.13,0.0,0.0,4361500.0
738,2023-09-27,21.08,21.36,21.08,21.19,0.0600000000000022,0.2839564600094713,3874901.0
738,2023-09-28,21.2,21.53,21.2,21.47,0.2799999999999976,1.321378008494567,3999517.0
738,2023-10-09,21.52,21.7,21.38,21.4,-0.0700000000000002,-0.326036329762458,2593500.0
738,2023-10-10,21.41,21.6,21.28,21.56,0.1600000000000001,0.7476635514018781,3253551.0
738,2023-10-11,21.55,21.58,21.03,21.13,-0.4299999999999997,-1.9944341372912788,4952900.0
738,2023-10-12,21.21,21.39,21.1,21.25,0.120000000000001,0.5679129200189426,4418340.0
738,2023-10-13,21.12,21.19,20.63,20.8,-0.4499999999999993,-2.117647058823524,6230451.0
738,2023-10-16,20.63,21.03,20.63,20.89,0.0899999999999998,0.4326923076923172,4450160.0
738,2023-10-17,20.87,20.91,20.56,20.8,-0.0899999999999998,-0.4308281474389663,4290153.0
738,2023-10-18,20.74,20.77,20.49,20.51,-0.2899999999999991,-1.3942307692307645,2294850.0
738,2023-10-19,20.5,20.66,20.22,20.24,-0.2700000000000031,-1.3164310092637854,3506636.0
738,2023-10-20,20.23,20.45,20.08,20.3,0.0600000000000022,0.2964426877470449,3939405.0
738,2023-10-23,20.2,20.36,19.84,19.96,-0.3399999999999998,-1.6748768472906406,5019840.0
738,2023-10-24,20.11,20.2,19.75,19.92,-0.0399999999999991,-0.2004008016032066,4743500.0
738,2023-10-25,19.95,20.36,19.94,20.2,0.2799999999999976,1.4056224899598346,4748225.0
738,2023-10-26,20.14,20.75,19.85,20.54,0.3399999999999998,1.6831683168316849,7412497.0
738,2023-10-27,20.6,20.69,20.45,20.57,0.0300000000000011,0.1460564751704085,5896293.0
738,2023-10-30,20.54,20.82,20.41,20.73,0.1600000000000001,0.7778317938745838,4817261.0
738,2023-10-31,20.7,20.83,20.65,20.75,0.0199999999999995,0.0964785335262785,3459447.0
738,2023-11-01,20.78,20.96,20.7,20.77,0.0199999999999995,0.0963855421686643,3335207.0
738,2023-11-02,20.72,20.88,20.48,20.54,-0.2300000000000004,-1.1073663938372724,3368800.0
738,2023-11-03,20.52,20.97,20.5,20.81,0.2699999999999996,1.314508276533588,4204140.0
738,2023-11-06,20.91,21.23,20.8,21.1,0.2900000000000027,1.3935607880826597,4441458.0
738,2023-11-07,21.14,21.15,20.9,20.92,-0.1799999999999997,-0.8530805687203769,2573465.0
738,2023-11-08,20.93,21.34,20.83,21.01,0.0899999999999998,0.4302103250477973,5424200.0
738,2023-11-09,20.92,21.04,20.84,20.87,-0.1400000000000005,-0.6663493574488366,4126749.0
738,2023-11-10,20.83,21.05,20.67,21.02,0.1499999999999985,0.7187350263536008,3585610.0
738,2023-11-13,21.08,21.55,20.92,21.48,0.4600000000000008,2.1883920076118057,7528665.0
738,2023-11-14,21.5,21.72,21.44,21.6,0.120000000000001,0.5586592178770999,5501152.0
738,2023-11-15,21.73,21.73,21.33,21.43,-0.1700000000000017,-0.7870370370370416,5644897.0
738,2023-11-16,21.43,21.53,21.28,21.28,-0.1499999999999985,-0.6999533364442256,2793665.0
738,2023-11-17,21.25,21.45,21.22,21.4,0.1199999999999974,0.5639097744360777,3163453.0
738,2023-11-20,21.45,21.57,21.25,21.5,0.1000000000000014,0.4672897196261738,4136701.0
738,2023-11-21,21.41,21.5,21.03,21.24,-0.2600000000000015,-1.2093023255814073,7452937.0
738,2023-11-22,21.18,21.26,20.86,20.86,-0.379999999999999,-1.7890772128060228,5115950.0
738,2023-11-23,20.87,21.05,20.76,21.01,0.1500000000000021,0.7190795781399917,3254517.0
738,2023-11-24,21.02,21.02,20.64,20.68,-0.3300000000000018,-1.5706806282722583,3362778.0
738,2023-11-27,20.58,20.93,20.51,20.8,0.120000000000001,0.5802707930367523,4831900.0
738,2023-11-28,20.79,20.93,20.66,20.87,0.0700000000000002,0.3365384615384714,3638753.0
738,2023-11-29,20.8,20.81,20.61,20.62,-0.25,-1.1978917105893605,3669900.0
738,2023-11-30,20.69,20.71,20.4,20.51,-0.1099999999999994,-0.533462657613959,3217666.0
738,2023-12-01,20.48,20.58,20.36,20.46,-0.0500000000000007,-0.243783520234031,3241207.0
738,2023-12-04,20.66,20.84,20.51,20.64,0.1799999999999997,0.8797653958944274,4042447.0
738,2023-12-05,20.64,20.64,20.03,20.1,-0.5399999999999991,-2.6162790697674354,5000701.0
738,2023-12-06,20.01,20.17,19.92,20.0,-0.1000000000000014,-0.4975124378109541,3863676.0
738,2023-12-07,20.0,20.02,19.61,19.74,-0.2600000000000015,-1.3000000000000125,6007749.0
738,2023-12-08,19.7,19.75,18.98,19.1,-0.639999999999997,-3.2421479229989725,13227031.0
738,2023-12-11,19.13,19.5,19.0,19.44,0.3399999999999998,1.7801047120418856,6989821.0
738,2023-12-12,19.45,19.73,19.35,19.45,0.009999999999998,0.0514403292180887,4060712.0
738,2023-12-13,19.45,19.75,19.41,19.46,0.0100000000000015,0.0514138817480747,5019206.0
738,2023-12-14,19.48,19.63,19.3,19.36,-0.1000000000000014,-0.5138746145940454,3141500.0
738,2023-12-15,19.36,19.48,19.0,19.03,-0.3299999999999983,-1.7045454545454477,4558800.0
738,2023-12-18,19.03,19.07,18.69,18.77,-0.2600000000000015,-1.3662637940094702,4647816.0
738,2023-12-19,18.75,18.8,18.52,18.67,-0.0999999999999978,-0.5327650506126713,4331724.0
738,2023-12-20,18.72,18.75,18.28,18.33,-0.3400000000000034,-1.821103374397448,4924793.0
738,2023-12-21,18.28,18.47,18.03,18.37,0.0400000000000027,0.21822149481725,6937536.0
738,2023-12-22,18.37,19.12,18.31,18.83,0.4599999999999973,2.504082743603697,12046694.0
738,2023-12-25,18.88,19.65,18.88,19.12,0.2900000000000027,1.5400955921402115,8548388.0
738,2023-12-26,19.0,19.08,18.47,18.79,-0.3300000000000018,-1.7259414225941572,6396164.0
738,2023-12-27,18.78,18.79,18.42,18.69,-0.0999999999999978,-0.5321979776476748,4713820.0
738,2023-12-28,18.7,19.37,18.62,19.14,0.4499999999999993,2.4077046548956593,8748494.0
738,2023-12-29,19.05,19.9,19.02,19.9,0.759999999999998,3.970741901776376,9666655.0
738,2024-01-02,19.68,20.0,19.46,19.67,-0.2299999999999968,-1.155778894472348,10182511.0
738,2024-01-03,19.65,19.78,19.37,19.42,-0.25,-1.2709710218607009,6737102.0
738,2024-01-04,19.46,19.55,19.0,19.23,-0.1900000000000012,-0.9783728115345114,6308220.0
738,2024-01-05,19.28,19.28,18.74,19.0,-0.2300000000000004,-1.1960478419136833,6820848.0
738,2024-01-08,18.99,18.99,18.29,18.3,-0.6999999999999993,-3.68421052631579,6743181.0
738,2024-01-09,18.29,18.39,17.78,17.93,-0.370000000000001,-2.021857923497272,7515300.0
738,2024-01-10,17.96,18.35,17.66,17.98,0.0500000000000007,0.2788622420524245,5530313.0
738,2024-01-11,17.96,18.35,17.96,18.27,0.2899999999999991,1.6129032258064502,5107113.0
738,2024-01-12,18.23,18.39,18.06,18.38,0.1099999999999994,0.6020799124247356,5017205.0
738,2024-01-15,18.18,18.18,17.28,17.34,-1.0399999999999991,-5.658324265505977,12717288.0
738,2024-01-16,17.29,17.49,16.97,17.22,-0.120000000000001,-0.6920415224913601,9764275.0
738,2024-01-17,17.21,17.27,16.77,16.78,-0.4399999999999977,-2.5551684088269355,5574866.0
738,2024-01-18,16.75,17.03,16.24,16.91,0.129999999999999,0.7747318235995282,10408222.0
738,2024-01-19,16.85,16.93,16.58,16.58,-0.3300000000000018,-1.951507983441758,5288895.0
738,2024-01-22,16.57,16.67,15.67,15.83,-0.7499999999999982,-4.523522316043415,8410656.0
738,2024-01-23,15.75,15.98,15.47,15.93,0.0999999999999996,0.6317119393556503,9897546.0
738,2024-01-24,16.09,16.15,15.44,16.1,0.1700000000000017,1.0671688637790444,12296417.0
738,2024-01-25,16.13,16.86,15.96,16.85,0.75,4.658385093167694,10018466.0
738,2024-01-26,16.74,17.0,16.48,16.55,-0.3000000000000007,-1.7804154302670685,9435472.0
738,2024-01-29,16.58,16.81,16.38,16.38,-0.1700000000000017,-1.0271903323262888,7205962.0
738,2024-01-30,16.38,16.5,15.86,15.89,-0.4899999999999984,-2.991452991452981,8743261.0
738,2024-01-31,15.73,15.9,15.08,15.18,-0.7100000000000009,-4.468219005663943,9570751.0
738,2024-02-01,15.08,15.32,14.84,15.01,-0.1699999999999999,-1.1198945981554689,8326170.0
738,2024-02-02,15.0,15.15,13.78,14.24,-0.7699999999999996,-5.129913391072616,13815255.0
738,2024-02-05,14.12,14.59,13.13,13.91,-0.33,-2.31741573033708,18553898.0
738,2024-02-06,13.88,15.25,13.79,15.17,1.2599999999999998,9.058231488138023,16712155.0
738,2024-02-07,15.2,16.39,15.17,16.38,1.209999999999999,7.976268951878707,20970571.0
738,2024-02-08,16.45,17.08,16.31,16.45,0.0700000000000002,0.4273504273504258,19731984.0
738,2024-02-19,16.6,16.6,15.95,16.24,-0.2100000000000008,-1.276595744680853,13347931.0
738,2024-02-20,16.05,16.3,15.91,16.24,0.0,0.0,7746582.0
738,2024-02-21,16.2,16.72,16.05,16.24,0.0,0.0,12442633.0
738,2024-02-22,16.27,16.45,16.18,16.43,0.1900000000000012,1.169950738916259,8584565.0
738,2024-02-23,16.51,16.68,16.24,16.66,0.2300000000000004,1.3998782714546687,10243926.0
738,2024-02-26,16.66,17.08,16.64,16.89,0.2300000000000004,1.3805522208883536,10751154.0
738,2024-02-27,16.78,17.28,16.67,17.27,0.379999999999999,2.2498519834221353,9155424.0
738,2024-02-28,17.25,17.56,16.81,16.83,-0.4400000000000013,-2.547770700636953,15691881.0
738,2024-02-29,16.86,17.7,16.85,17.69,0.860000000000003,5.109922756981589,14564442.0
738,2024-03-01,17.66,17.85,17.49,17.75,0.0599999999999987,0.3391746749575874,9015197.0
738,2024-03-04,17.73,17.85,17.51,17.7,-0.0500000000000007,-0.28169014084507,7397201.0
738,2024-03-05,17.69,18.15,17.6,17.73,0.0300000000000011,0.1694915254237372,12135511.0
738,2024-03-06,17.73,17.93,17.4,17.61,-0.120000000000001,-0.6768189509306355,7581265.0
738,2024-03-07,17.6,17.74,17.11,17.11,-0.5,-2.8392958546280544,8055592.0
738,2024-03-08,17.2,17.47,16.96,17.44,0.3300000000000018,1.92869666861486,9405179.0
738,2024-03-11,17.42,17.85,17.21,17.84,0.3999999999999986,2.2935779816513735,7344702.0
738,2024-03-12,17.83,18.35,17.81,18.24,0.3999999999999986,2.2421524663676973,12157183.0
738,2024-03-13,18.27,18.56,18.06,18.31,0.0700000000000002,0.3837719298245723,11645091.0
738,2024-03-14,18.28,18.28,17.68,17.88,-0.4299999999999997,-2.348443473511741,7984922.0
738,2024-03-15,17.8,18.13,17.73,18.04,0.1600000000000001,0.8948545861297452,8916199.0
738,2024-03-18,18.05,18.84,18.04,18.84,0.8000000000000007,4.434589800443467,14305180.0
738,2024-03-19,18.78,19.24,18.65,18.88,0.0399999999999991,0.2123142250530785,11813965.0
738,2024-03-20,18.88,19.08,18.68,18.83,-0.0500000000000007,-0.2648305084745783,7864684.0
738,2024-03-21,18.89,18.98,18.6,18.83,0.0,0.0,5938443.0
738,2024-03-22,18.79,18.85,18.36,18.4,-0.4299999999999997,-2.2835900159320244,5990983.0
738,2024-03-25,18.29,18.57,18.01,18.04,-0.3599999999999994,-1.9565217391304344,6963801.0
738,2024-03-26,18.05,18.09,17.61,17.8,-0.2399999999999984,-1.3303769401330268,6417767.0
738,2024-03-27,17.83,17.9,17.18,17.22,-0.5800000000000018,-3.2584269662921495,7667416.0
738,2024-03-28,17.26,18.39,17.21,18.15,0.9299999999999996,5.400696864111487,12224915.0
738,2024-03-29,18.15,18.52,18.01,18.52,0.370000000000001,2.0385674931129527,8564966.0
738,2024-04-01,18.52,18.6,18.02,18.18,-0.3399999999999998,-1.8358531317494544,11232443.0
738,2024-04-02,18.08,18.24,17.74,18.07,-0.1099999999999994,-0.6050605060506031,8352723.0
738,2024-04-03,17.95,18.05,17.74,17.86,-0.2100000000000008,-1.1621472053126802,5535870.0
738,2024-04-08,17.75,17.95,17.5,17.58,-0.2800000000000011,-1.5677491601343796,7607405.0
738,2024-04-09,17.57,17.82,17.5,17.66,0.0800000000000018,0.4550625711035483,5181843.0
738,2024-04-10,17.6,17.83,17.35,17.69,0.0300000000000011,0.1698754246885592,6559920.0
738,2024-04-11,17.57,18.3,17.51,17.83,0.139999999999997,0.7914075749010596,7361951.0
738,2024-04-12,17.8,18.28,17.72,17.83,0.0,0.0,8715861.0
738,2024-04-15,17.8,18.75,17.76,18.49,0.6600000000000001,3.701626472237795,14211662.0
738,2024-04-16,18.41,18.51,17.52,17.54,-0.9499999999999992,-5.137912385073006,11849025.0
738,2024-04-17,17.63,18.22,17.6,18.2,0.6600000000000001,3.7628278221208737,9991711.0
738,2024-04-18,18.13,18.5,17.95,18.35,0.1500000000000021,0.8241758241758435,11692124.0
738,2024-04-19,18.3,18.88,18.21,18.54,0.1899999999999977,1.0354223433242329,14040672.0
738,2024-04-22,18.55,19.18,18.08,19.08,0.5399999999999991,2.9126213592232997,25983342.0
738,2024-04-23,18.92,18.95,18.35,18.46,-0.6199999999999974,-3.2494758909853094,14535096.0
738,2024-04-24,18.4,18.91,18.36,18.91,0.4499999999999993,2.4377031419284823,12609798.0
738,2024-04-25,18.88,18.88,18.45,18.72,-0.1900000000000012,-1.004759386567955,9226939.0
738,2024-04-26,18.9,19.37,18.72,19.21,0.490000000000002,2.6175213675213804,17211162.0
738,2024-04-29,19.3,20.0,19.2,19.82,0.6099999999999994,3.1754294638209224,19263480.0
738,2024-04-30,19.83,19.96,19.52,19.56,-0.2600000000000015,-1.311806256306769,10570487.0
738,2024-05-06,19.71,19.91,19.45,19.5,-0.0599999999999987,-0.3067484662576669,10738792.0
738,2024-05-07,19.52,20.1,19.41,20.0,0.5,2.564102564102555,14171741.0
738,2024-05-08,19.9,20.46,19.72,20.31,0.3099999999999987,1.5499999999999847,14139346.0
738,2024-05-09,20.23,21.06,20.15,20.97,0.6600000000000001,3.2496307237813937,19205776.0
738,2024-05-10,20.95,21.33,20.67,20.8,-0.1699999999999981,-0.8106819265617515,16312582.0
738,2024-05-13,20.55,21.15,20.25,20.77,-0.0300000000000011,-0.1442307692307798,11676256.0
738,2024-05-14,20.67,20.81,20.4,20.5,-0.2699999999999996,-1.2999518536350507,8542221.0
738,2024-05-15,20.41,20.62,20.13,20.15,-0.3500000000000014,-1.7073170731707332,8354581.0
738,2024-05-16,20.15,20.45,19.93,20.11,-0.0399999999999991,-0.1985111662531014,10592052.0
738,2024-05-17,20.08,20.77,20.05,20.66,0.5500000000000007,2.7349577324714103,9609618.0
738,2024-05-20,20.7,21.24,20.61,20.9,0.2399999999999984,1.1616650532429773,12144598.0
738,2024-05-21,20.72,20.84,20.45,20.56,-0.3399999999999998,-1.6267942583732098,7808511.0
738,2024-05-22,20.5,20.65,20.19,20.41,-0.1499999999999985,-0.7295719844357951,7303400.0
738,2024-05-23,20.45,20.58,20.1,20.16,-0.25,-1.2248897599216102,6682405.0
738,2024-05-24,20.02,20.12,19.68,19.72,-0.4400000000000013,-2.182539682539686,7955101.0
738,2024-05-27,19.61,19.85,19.47,19.8,0.0800000000000018,0.405679513184598,7298747.0
738,2024-05-28,19.73,20.17,19.55,19.92,0.120000000000001,0.60606060606061,6735100.0
738,2024-05-29,19.93,20.05,19.56,19.67,-0.25,-1.2550200803212896,4574993.0
738,2024-05-30,19.53,20.53,19.45,20.11,0.4399999999999977,2.236908998474818,9820059.0
738,2024-05-31,20.3,20.88,20.15,20.5,0.3900000000000005,1.9393336648433568,11499423.0
738,2024-06-03,20.58,20.88,20.3,20.5,0.0,0.0,11018388.0
738,2024-06-04,20.51,20.9,20.4,20.87,0.370000000000001,1.8048780487804896,11994700.0
738,2024-06-05,20.87,21.38,20.77,21.11,0.2399999999999984,1.149976042165779,15138520.0
738,2024-06-06,21.11,21.18,20.62,20.74,-0.370000000000001,-1.7527238275698798,10997600.0
738,2024-06-07,20.78,20.97,20.33,20.5,-0.2399999999999984,-1.1571841851494624,8887800.0
738,2024-06-11,20.41,20.7,20.21,20.54,0.0399999999999991,0.1951219512195123,9272500.0
738,2024-06-12,20.47,21.13,20.41,20.76,0.2200000000000024,1.07108081791627,10315868.0
738,2024-06-13,20.76,20.93,20.44,20.71,-0.0500000000000007,-0.2408477842003931,8485081.0
738,2024-06-14,20.59,20.85,20.33,20.51,-0.1999999999999993,-0.965717044905834,15198382.0
738,2024-06-17,20.4,20.97,20.4,20.81,0.2999999999999971,1.4627011214041865,11223237.0
738,2024-06-18,20.68,21.26,20.68,21.1,0.2900000000000027,1.3935607880826597,10120960.0
738,2024-06-19,21.08,21.17,20.68,20.75,-0.3500000000000014,-1.65876777251186,6760945.0
738,2024-06-20,20.66,20.78,20.13,20.15,-0.6000000000000014,-2.8915662650602525,6985542.0
738,2024-06-21,20.07,20.58,20.07,20.08,-0.0700000000000002,-0.3473945409429246,6757744.0
738,2024-06-24,20.17,20.28,19.73,19.77,-0.3099999999999987,-1.5438247011952178,7344241.0
738,2024-06-25,19.83,19.94,19.47,19.69,-0.0799999999999983,-0.4046535154274111,6547514.0
738,2024-06-26,19.58,19.96,19.39,19.93,0.2399999999999984,1.2188928390045597,6144176.0
738,2024-06-27,19.88,19.98,19.41,19.43,-0.5,-2.5087807325639755,5396490.0
738,2024-06-28,19.36,20.25,19.26,20.07,0.6400000000000006,3.293875450334527,9370640.0
738,2024-07-01,20.02,20.24,19.68,19.97,-0.1000000000000014,-0.4982561036372734,5958905.0
738,2024-07-02,20.0,20.08,19.78,19.82,-0.1499999999999985,-0.7511266900350422,4809300.0
738,2024-07-03,19.7,19.95,19.38,19.43,-0.3900000000000005,-1.967709384460148,4056901.0
738,2024-07-04,19.45,19.81,19.33,19.37,-0.0599999999999987,-0.3088008234688577,5349728.0
738,2024-07-05,19.33,19.67,18.95,19.64,0.2699999999999996,1.3939081053174984,5523500.0
738,2024-07-08,19.47,19.72,19.3,19.42,-0.2199999999999988,-1.120162932790214,4631548.0
738,2024-07-09,19.33,19.68,19.1,19.42,0.0,0.0,6655081.0
738,2024-07-10,19.41,19.62,19.26,19.49,0.0699999999999967,0.3604531410916323,4605676.0
738,2024-07-11,19.66,19.84,19.43,19.75,0.2600000000000015,1.334017444843516,6941931.0
738,2024-07-12,19.76,19.78,19.5,19.62,-0.129999999999999,-0.658227848101256,5922866.0
738,2024-07-15,19.62,19.78,19.33,19.36,-0.2600000000000015,-1.325178389398585,5618440.0
738,2024-07-16,19.25,19.71,19.2,19.64,0.2800000000000011,1.446280991735538,5350515.0
738,2024-07-17,19.63,19.68,19.31,19.45,-0.1900000000000012,-0.9674134419552004,4092594.0
738,2024-07-18,19.33,20.08,19.22,19.94,0.490000000000002,2.5192802056555275,8774478.0
738,2024-07-19,19.89,20.76,19.8,20.64,0.6999999999999993,3.5105315947843385,11984971.0
738,2024-07-22,20.65,21.1,20.54,20.88,0.2399999999999984,1.162790697674421,10432471.0
738,2024-07-23,20.81,20.98,20.44,20.46,-0.4199999999999981,-2.011494252873558,8520814.0
738,2024-07-24,20.35,21.1,20.3,20.79,0.3299999999999983,1.6129032258064502,11879180.0
738,2024-07-25,20.7,20.84,20.44,20.63,-0.1600000000000001,-0.7696007696007756,6294005.0
738,2024-07-26,20.57,22.15,20.57,21.98,1.3500000000000014,6.543868153175003,20250862.0
738,2024-07-29,22.21,22.28,21.42,21.77,-0.2100000000000008,-0.9554140127388532,21041342.0
738,2024-07-30,21.75,21.77,21.24,21.48,-0.2899999999999991,-1.3321084060633814,14167978.0
738,2024-07-31,21.3,21.84,21.17,21.83,0.3499999999999978,1.6294227188081931,18923635.0
738,2024-08-01,21.7,22.03,21.5,21.62,-0.2099999999999973,-0.961978928080609,13307800.0
738,2024-08-02,21.3,22.02,21.25,21.45,-0.1700000000000017,-0.786308973173,10216137.0
738,2024-08-05,21.35,21.86,21.03,21.04,-0.4100000000000001,-1.9114219114219064,10730317.0
738,2024-08-06,21.16,21.6,21.02,21.33,0.2899999999999991,1.3783269961977096,9416905.0
738,2024-08-07,21.3,21.7,21.21,21.4,0.0700000000000002,0.3281762775433572,7685705.0
738,2024-08-08,21.24,21.33,20.63,20.92,-0.4799999999999969,-2.24299065420559,9652818.0
738,2024-08-09,20.81,21.0,20.48,20.57,-0.3500000000000014,-1.6730401529636785,8972237.0
738,2024-08-12,20.5,20.6,20.2,20.37,-0.1999999999999993,-0.9722897423432132,7051440.0
738,2024-08-13,20.39,20.55,20.15,20.42,0.0500000000000007,0.2454590083456054,6438358.0
738,2024-08-14,20.4,20.4,20.11,20.11,-0.3100000000000023,-1.5181194906954132,4702955.0
738,2024-08-15,20.08,20.46,20.02,20.16,0.0500000000000007,0.2486325211337625,5685282.0
738,2024-08-16,20.27,20.32,19.81,19.87,-0.2899999999999991,-1.4384920634920584,6027400.0
738,2024-08-19,19.75,20.15,19.65,19.69,-0.1799999999999997,-0.9058882737795648,5882135.0
738,2024-08-20,19.69,19.78,19.15,19.33,-0.360000000000003,-1.8283392585068723,6424674.0
738,2024-08-21,19.25,19.39,19.12,19.15,-0.1799999999999997,-0.9311950336264864,4087728.0
738,2024-08-22,19.16,19.37,18.88,19.18,0.0300000000000011,0.1566579634464826,4565663.0
738,2024-08-23,19.13,19.26,18.96,19.08,-0.1000000000000014,-0.5213764337852034,4191650.0
738,2024-08-26,19.0,19.13,18.71,18.89,-0.1899999999999977,-0.9958071278825864,4521631.0
738,2024-08-27,18.89,18.94,18.56,18.61,-0.2800000000000011,-1.4822657490735858,4315147.0
738,2024-08-28,18.55,18.85,18.52,18.63,0.0199999999999995,0.1074691026329954,4405120.0
738,2024-08-29,18.56,19.0,18.5,18.6,-0.0299999999999975,-0.1610305958131941,5786420.0
738,2024-08-30,18.6,19.31,18.55,19.14,0.5399999999999991,2.9032258064516148,14232673.0
738,2024-09-02,18.96,19.06,18.41,18.46,-0.6799999999999997,-3.552769070010453,8478190.0
738,2024-09-03,18.35,18.92,18.35,18.75,0.2899999999999991,1.5709642470205898,5322238.0
738,2024-09-04,18.65,18.78,18.56,18.61,-0.1400000000000005,-0.7466666666666733,3604400.0
738,2024-09-05,18.68,19.06,18.63,18.91,0.3000000000000007,1.61203653949491,4031230.0
738,2024-09-06,18.91,19.0,18.49,18.53,-0.379999999999999,-2.0095187731358988,4662000.0
738,2024-09-09,18.53,18.94,18.52,18.77,0.2399999999999984,1.2951969778737027,5691638.0
738,2024-09-10,18.76,18.95,18.41,18.85,0.0800000000000018,0.4262120404901592,6082912.0
738,2024-09-11,19.03,19.05,18.69,18.81,-0.0400000000000027,-0.2122015915119512,4110613.0
738,2024-09-12,18.81,19.08,18.43,18.43,-0.379999999999999,-2.020202020202011,5260412.0
738,2024-09-13,18.43,18.5,18.27,18.27,-0.1600000000000001,-0.868149755832881,3175100.0
738,2024-09-18,18.23,18.34,17.88,18.18,-0.0899999999999998,-0.492610837438423,4462276.0
738,2024-09-19,18.33,18.44,17.78,18.25,0.0700000000000002,0.3850385038503878,5769356.0
738,2024-09-20,18.2,18.2,17.65,17.88,-0.370000000000001,-2.0273972602739776,6047126.0
738,2024-09-23,17.87,18.16,17.81,17.92,0.0400000000000027,0.223713646532464,4268718.0
738,2024-09-24,18.09,18.8,17.94,18.76,0.8399999999999999,4.6875,7834400.0
738,2024-09-25,18.97,19.31,18.88,18.97,0.2099999999999973,1.1194029850746023,7781855.0
738,2024-09-26,18.93,19.86,18.86,19.83,0.8599999999999994,4.533473906167629,9118500.0
738,2024-09-27,20.02,20.8,20.0,20.44,0.610000000000003,3.0761472516389388,13279101.0
738,2024-09-30,20.92,22.09,20.92,21.95,1.509999999999998,7.3874755381604595,27367626.0
738,2024-10-08,24.15,24.15,22.6,23.59,1.6400000000000006,7.471526195899769,30253054.0
738,2024-10-09,23.11,23.33,22.0,22.08,-1.5100000000000016,-6.401017380245877,24990575.0
738,2024-10-10,22.36,22.86,21.7,22.18,0.1000000000000014,0.4528985507246341,18581284.0
738,2024-10-11,22.15,22.17,20.9,21.15,-1.0300000000000011,-4.643823264201985,13972389.0
738,2024-10-14,21.46,22.18,21.33,21.89,0.740000000000002,3.4988179669030783,14785103.0
738,2024-10-15,21.8,22.15,21.37,21.48,-0.4100000000000001,-1.8730013704888135,12463439.0
738,2024-10-16,21.33,21.91,21.1,21.35,-0.129999999999999,-0.6052141527001842,9646699.0
738,2024-10-17,21.45,22.08,21.38,21.45,0.0999999999999978,0.4683840749414525,11402262.0
738,2024-10-18,21.45,22.38,21.2,21.97,0.5199999999999996,2.4242424242424176,24239951.0
738,2024-10-21,22.27,23.37,22.2,22.84,0.870000000000001,3.959945380063723,22684608.0
738,2024-10-22,22.83,23.0,22.37,22.78,-0.0599999999999987,-0.2626970227670666,14406997.0
738,2024-10-23,22.82,24.41,22.63,23.59,0.8099999999999987,3.555750658472334,31324648.0
738,2024-10-24,23.4,23.55,22.88,23.36,-0.2300000000000004,-0.974989402289106,11874760.0
738,2024-10-25,23.22,23.69,23.18,23.57,0.2100000000000008,0.8989726027397227,12282894.0
738,2024-10-28,23.56,24.6,23.5,24.18,0.6099999999999994,2.588035638523545,19522892.0
738,2024-10-29,24.13,24.43,23.81,24.3,0.120000000000001,0.496277915632759,17319544.0
738,2024-10-30,24.2,24.72,24.0,24.17,-0.129999999999999,-0.5349794238683092,15403630.0
738,2024-10-31,24.12,24.38,23.8,23.97,-0.2000000000000028,-0.8274720728175589,12316452.0
738,2024-11-01,23.89,24.27,23.08,23.18,-0.7899999999999991,-3.295786399666245,13853365.0
738,2024-11-04,23.1,24.81,23.1,24.09,0.91,3.925798101811906,20515469.0
738,2024-11-05,24.33,25.44,24.33,25.19,1.1000000000000014,4.566210045662111,26050716.0
738,2024-11-06,25.29,25.48,24.6,24.87,-0.3200000000000003,-1.2703453751488736,25197648.0
738,2024-11-07,24.58,24.7,23.68,24.32,-0.5500000000000007,-2.2114997989545637,21010928.0
738,2024-11-08,24.42,24.95,24.27,24.53,0.2100000000000008,0.8634868421052655,20548761.0
738,2024-11-11,24.64,24.76,23.9,24.48,-0.0500000000000007,-0.2038320423970674,19472065.0
738,2024-11-12,24.61,24.73,23.42,23.64,-0.8399999999999999,-3.4313725490196068,16806414.0
738,2024-11-13,23.58,23.85,22.98,23.45,-0.1900000000000012,-0.8037225042301199,13399259.0
738,2024-11-14,23.45,23.48,22.77,22.86,-0.5899999999999999,-2.515991471215351,12382787.0
738,2024-11-15,22.79,22.99,22.1,22.1,-0.759999999999998,-3.3245844269466196,13790089.0
738,2024-11-18,22.1,22.56,21.59,22.05,-0.0500000000000007,-0.2262443438914019,13306338.0
738,2024-11-19,22.1,22.42,21.72,22.32,0.2699999999999996,1.2244897959183598,11715388.0
738,2024-11-20,22.3,22.72,22.17,22.52,0.1999999999999993,0.8960573476702427,9724362.0
738,2024-11-21,22.42,22.58,22.15,22.29,-0.2300000000000004,-1.0213143872113697,8317800.0
738,2024-11-22,22.25,22.32,21.36,21.36,-0.9299999999999996,-4.172274562584121,11356807.0
738,2024-11-25,21.36,21.46,20.67,20.94,-0.4199999999999981,-1.9662921348314488,11050772.0
738,2024-11-26,20.95,21.55,20.92,21.05,0.1099999999999994,0.5253104106972328,10121891.0
738,2024-11-27,20.99,21.93,20.86,21.9,0.8499999999999979,4.0380047505938155,12210264.0
738,2024-11-28,21.87,22.25,21.61,21.69,-0.2099999999999973,-0.9589041095890316,7034916.0
738,2024-11-29,21.71,22.2,21.45,22.11,0.4199999999999981,1.9363762102351243,10245100.0
738,2024-12-02,22.1,22.19,21.86,21.96,-0.1499999999999985,-0.6784260515603768,15255252.0
738,2024-12-03,21.98,22.02,21.71,21.89,-0.0700000000000002,-0.3187613843351533,7458610.0
738,2024-12-04,21.76,21.95,21.62,21.71,-0.1799999999999997,-0.8222932846048359,8801405.0
738,2024-12-05,21.64,21.95,21.38,21.77,0.0599999999999987,0.2763703362505643,8247065.0
738,2024-12-06,21.79,22.25,21.62,22.05,0.2800000000000011,1.2861736334405238,7182214.0
738,2024-12-09,22.0,22.08,21.47,21.59,-0.4600000000000008,-2.08616780045352,7824217.0
738,2024-12-10,22.1,22.19,21.87,21.91,0.3200000000000003,1.4821676702176934,10305105.0
738,2024-12-11,21.81,21.96,21.65,21.86,-0.0500000000000007,-0.2282062984938382,5981810.0
738,2024-12-12,21.94,22.4,21.88,22.39,0.5300000000000011,2.4245196706312866,11600282.0
738,2024-12-13,22.25,22.25,21.7,21.9,-0.490000000000002,-2.188476998660127,11494180.0
738,2024-12-16,21.85,21.88,21.32,21.52,-0.379999999999999,-1.7351598173515947,8631374.0
738,2024-12-17,21.45,21.87,21.39,21.55,0.0300000000000011,0.1394052044609628,6602823.0
738,2024-12-18,21.64,21.79,21.45,21.48,-0.0700000000000002,-0.3248259860788915,5527395.0
738,2024-12-19,21.27,21.64,21.17,21.58,0.0999999999999978,0.4655493482309092,4097376.0
738,2024-12-20,21.56,21.94,21.4,21.8,0.2200000000000024,1.019462465245602,6150209.0
738,2024-12-23,21.79,21.98,21.32,21.33,-0.4700000000000024,-2.155963302752306,6867333.0
738,2024-12-24,21.31,21.51,21.26,21.36,0.0300000000000011,0.1406469760900197,6443212.0
738,2024-12-25,21.29,21.35,20.93,21.25,-0.1099999999999994,-0.5149812734082326,6059653.0
738,2024-12-26,21.27,21.9,21.25,21.49,0.2399999999999984,1.1294117647058677,9218782.0
738,2024-12-27,22.15,22.68,21.76,22.27,0.7800000000000011,3.6295951605398,25185455.0
738,2024-12-30,22.2,22.62,22.0,22.29,0.0199999999999995,0.0898069151324731,14478966.0
738,2024-12-31,22.26,22.59,21.8,22.24,-0.0500000000000007,-0.2243158366980746,15410323.0
738,2025-01-02,22.1,22.23,20.67,20.9,-1.34,-6.025179856115104,18391308.0
738,2025-01-03,20.88,21.09,20.18,20.22,-0.6799999999999997,-3.2535885167464085,12136073.0
738,2025-01-06,20.2,20.41,19.88,20.08,-0.1400000000000005,-0.6923837784371889,8121455.0
738,2025-01-07,20.09,20.22,19.92,20.16,0.0800000000000018,0.3984063745019917,6603800.0
738,2025-01-08,20.02,20.15,19.46,19.86,-0.3000000000000007,-1.488095238095244,9192455.0
738,2025-01-09,19.8,20.62,19.65,20.43,0.5700000000000003,2.8700906344410804,13280600.0
738,2025-01-10,20.28,20.77,20.15,20.2,-0.2300000000000004,-1.1257953989231573,10884297.0
738,2025-01-13,20.02,20.44,19.76,19.93,-0.2699999999999996,-1.3366336633663378,7768970.0
738,2025-01-14,19.9,20.58,19.81,20.49,0.5599999999999987,2.8098344204716463,9611067.0
738,2025-01-15,20.5,20.57,19.95,19.99,-0.5,-2.440214738897029,8841100.0
738,2025-01-16,20.06,20.32,19.64,19.81,-0.1799999999999997,-0.900450225112559,10092253.0
738,2025-01-17,19.73,20.5,19.61,20.27,0.4600000000000008,2.3220595658758336,10065939.0
738,2025-01-20,20.3,20.55,20.15,20.21,-0.0599999999999987,-0.296003946719281,6986000.0
738,2025-01-21,20.22,20.29,19.85,20.0,-0.2100000000000008,-1.039089559623951,6075000.0
738,2025-01-22,19.99,20.07,19.74,20.0,0.0,0.0,5142246.0
738,2025-01-23,20.17,20.35,19.72,19.73,-0.2699999999999996,-1.3499999999999956,9439499.0
738,2025-01-24,19.77,19.89,19.65,19.72,-0.0100000000000015,-0.0506842372022364,8032085.0
738,2025-01-27,19.77,19.85,19.54,19.62,-0.0999999999999978,-0.5070993914807143,6855355.0
738,2025-02-05,19.73,19.81,19.48,19.56,-0.0600000000000022,-0.3058103975535298,7797620.0
738,2025-02-06,19.49,20.02,19.43,20.01,0.4500000000000028,2.3006134969325354,15024760.0
738,2025-02-07,19.95,20.32,19.81,20.25,0.2399999999999984,1.199400299850062,14064367.0
738,2025-02-10,20.26,20.45,20.14,20.25,0.0,0.0,9286304.0
738,2025-02-11,20.22,20.28,19.91,19.98,-0.2699999999999996,-1.3333333333333308,8949168.0
738,2025-02-12,20.0,20.07,19.81,20.03,0.0500000000000007,0.2502502502502501,9356358.0
738,2025-02-13,20.0,20.59,19.94,19.99,-0.0400000000000027,-0.1997004493260235,18972638.0
738,2025-02-14,19.93,20.03,19.68,19.84,-0.1499999999999985,-0.7503751875937881,9692732.0
738,2025-02-17,19.87,19.94,19.55,19.75,-0.0899999999999998,-0.4536290322580627,10862655.0
738,2025-02-18,19.76,19.76,19.21,19.33,-0.4200000000000017,-2.126582278481026,10404248.0
738,2025-02-19,19.33,19.53,19.26,19.43,0.1000000000000014,0.5173305742369516,12158037.0
738,2025-02-20,19.35,19.75,19.11,19.58,0.1499999999999985,0.7720020586721388,11842565.0
738,2025-02-21,19.55,19.78,19.41,19.73,0.1500000000000021,0.7660878447395492,14088318.0
738,2025-02-24,19.8,19.85,19.54,19.65,-0.0800000000000018,-0.4054738976178473,11414342.0
738,2025-02-25,19.5,19.55,19.25,19.28,-0.3699999999999974,-1.8829516539440097,10807192.0
738,2025-02-26,19.3,19.56,19.18,19.4,0.1199999999999974,0.6224066390041472,9103850.0
738,2025-02-27,19.37,19.39,18.88,19.11,-0.2899999999999991,-1.494845360824737,12183391.0
738,2025-02-28,19.05,19.34,18.75,18.81,-0.3000000000000007,-1.5698587127158548,13644180.0
738,2025-03-03,18.81,19.18,18.75,18.93,0.120000000000001,0.6379585326953707,9685022.0
738,2025-03-04,19.09,19.69,18.93,19.48,0.5500000000000007,2.905441098785011,22479662.0
738,2025-03-05,19.48,19.62,19.23,19.32,-0.1600000000000001,-0.8213552361396315,11606308.0
738,2025-03-06,19.38,19.59,19.24,19.46,0.1400000000000005,0.7246376811594235,13654594.0
738,2025-03-07,19.5,20.53,19.37,20.05,0.5899999999999999,3.031860226104821,30372546.0
738,2025-03-10,20.21,20.89,20.07,20.52,0.4699999999999988,2.344139650872812,22835198.0
738,2025-03-11,20.3,20.99,20.22,20.96,0.4400000000000013,2.144249512670582,19527166.0
738,2025-03-12,21.0,21.12,20.63,20.67,-0.2899999999999991,-1.3835877862595325,15539608.0
738,2025-03-13,20.65,21.05,20.39,20.85,0.1799999999999997,0.8708272859216271,18323535.0
738,2025-03-14,20.87,20.96,20.47,20.85,0.0,0.0,14942601.0
738,2025-03-17,20.85,20.96,20.67,20.67,-0.1799999999999997,-0.8633093525179825,9759414.0
738,2025-03-18,20.7,20.81,20.43,20.51,-0.1600000000000001,-0.7740686985969969,9215600.0
738,2025-03-19,20.43,20.55,20.24,20.34,-0.1700000000000017,-0.8288639687957122,8719401.0
738,2025-03-20,20.35,20.93,20.15,20.49,0.1499999999999985,0.7374631268436405,12841996.0
738,2025-03-21,20.37,20.76,20.29,20.47,-0.0199999999999995,-0.0976085895558753,11907024.0
738,2025-03-24,20.36,20.46,19.54,19.79,-0.6799999999999997,-3.321934538348803,15181824.0
738,2025-03-25,19.75,20.14,19.72,19.87,0.0800000000000018,0.4042445679636186,9882100.0
738,2025-03-26,19.8,20.08,19.76,19.87,0.0,0.0,6846075.0
738,2025-03-27,19.8,20.13,19.41,19.9,0.0299999999999975,0.1509813789632552,8272641.0
738,2025-03-28,19.83,20.03,19.66,19.88,-0.0199999999999995,-0.1005025125628167,7132488.0
738,2025-03-31,19.75,19.75,18.96,19.11,-0.7699999999999996,-3.873239436619713,15920119.0
738,2025-04-01,19.2,19.5,19.12,19.23,0.120000000000001,0.6279434850863463,13651580.0
738,2025-04-02,19.14,19.17,18.4,18.55,-0.6799999999999997,-3.5361414456578255,27324411.0
738,2025-04-03,18.39,18.61,18.35,18.47,-0.0800000000000018,-0.4312668463612001,11370551.0
738,2025-04-07,17.7,17.9,16.62,16.78,-1.6899999999999975,-9.149972929074156,23641880.0
738,2025-04-08,16.79,17.52,16.79,17.51,0.7300000000000004,4.350417163289633,17239456.0
738,2025-04-09,17.4,18.84,17.3,18.58,1.0699999999999967,6.110793832095918,24034470.0
738,2025-04-10,18.58,18.8,18.31,18.52,-0.0599999999999987,-0.322927879440249,18076406.0
738,2025-04-11,18.37,18.75,18.34,18.46,-0.0599999999999987,-0.3239740820734305,13132864.0
738,2025-04-14,18.5,18.58,18.38,18.47,0.009999999999998,0.0541711809317391,10481000.0
738,2025-04-15,18.45,18.45,17.95,18.11,-0.3599999999999994,-1.9491066594477524,10973713.0
738,2025-04-16,18.77,18.78,17.8,18.04,-0.0700000000000002,-0.3865267807841022,16698404.0
738,2025-04-17,17.93,19.02,17.93,18.67,0.6300000000000026,3.492239467849245,32473519.0
738,2025-04-18,18.6,18.6,18.25,18.33,-0.3400000000000034,-1.821103374397448,13122700.0
738,2025-04-21,18.41,19.36,18.38,19.23,0.9000000000000021,4.909983633387904,28024362.0
738,2025-04-22,19.13,19.44,18.96,19.09,-0.1400000000000005,-0.7280291211648526,19932538.0
738,2025-04-23,19.03,19.08,18.68,18.76,-0.3299999999999983,-1.728653745416442,18619766.0
738,2025-04-24,18.72,18.75,18.42,18.53,-0.2300000000000004,-1.2260127931769782,12576461.0
738,2025-04-25,18.5,18.64,18.36,18.53,0.0,0.0,9023384.0
738,2025-04-28,18.43,18.53,17.99,18.08,-0.4500000000000028,-2.4284943335132425,11656403.0
738,2025-04-29,17.8,17.87,17.17,17.75,-0.3299999999999983,-1.8252212389380464,11913339.0
738,2025-04-30,17.72,17.97,17.7,17.88,0.129999999999999,0.7323943661971866,8413876.0
738,2025-05-06,17.92,18.19,17.92,18.18,0.3000000000000007,1.6778523489932915,8251901.0
738,2025-05-07,18.4,19.21,18.39,18.98,0.8000000000000007,4.4004400440043945,32215143.0
738,2025-05-08,18.95,19.65,18.73,19.55,0.5700000000000003,3.003161222339301,28607932.0
738,2025-05-09,19.54,19.55,18.99,19.08,-0.4700000000000024,-2.4040920716112635,19221404.0
738,2025-05-12,19.11,20.22,18.96,19.81,0.7300000000000004,3.82599580712788,33666977.0
738,2025-05-13,19.76,20.06,19.54,19.57,-0.2399999999999984,-1.2115093387178089,22931308.0
738,2025-05-14,19.56,19.77,19.24,19.31,-0.2600000000000015,-1.328564128768528,15373900.0
738,2025-05-15,19.29,19.55,19.01,19.13,-0.1799999999999997,-0.932159502848262,11802000.0
738,2025-05-16,19.12,19.41,18.95,18.97,-0.1600000000000001,-0.8363826450601186,11163500.0
738,2025-05-19,19.08,19.49,18.91,19.49,0.5199999999999996,2.7411702688455497,15217525.0
738,2025-05-20,19.38,19.39,19.07,19.21,-0.2799999999999976,-1.4366341713699216,12418269.0
738,2025-05-21,19.13,19.35,19.04,19.21,0.0,0.0,8499200.0
738,2025-05-22,19.1,19.33,18.97,18.97,-0.240000000000002,-1.2493492972410314,9765306.0
738,2025-05-23,18.98,19.13,18.8,18.84,-0.129999999999999,-0.6852925672113819,7770042.0
738,2025-05-26,18.8,18.95,18.69,18.9,0.0599999999999987,0.3184713375796066,5858539.0
738,2025-05-27,18.84,18.84,18.53,18.73,-0.1699999999999981,-0.8994708994708889,7116057.0
738,2025-05-28,18.71,18.81,18.55,18.6,-0.129999999999999,-0.69407367859049,5349506.0
738,2025-05-29,18.6,19.45,18.51,19.35,0.75,4.0322580645161255,18864910.0
738,2025-05-30,19.5,20.28,19.45,19.45,0.0999999999999978,0.5167958656330685,45501885.0
738,2025-06-03,19.8,20.14,19.46,19.65,0.1999999999999993,1.0282776349614275,26588133.0
738,2025-06-04,19.69,19.79,19.36,19.49,-0.1600000000000001,-0.8142493638676807,17904585.0
738,2025-06-05,19.5,20.0,19.21,19.66,0.1700000000000017,0.8722421754746135,23051996.0
738,2025-06-06,19.86,20.25,19.59,19.62,-0.0399999999999991,-0.2034587995930814,19730033.0
738,2025-06-09,19.79,20.1,19.69,19.78,0.1600000000000001,0.815494393476035,20254201.0
738,2025-06-10,19.7,19.75,19.12,19.32,-0.4600000000000008,-2.3255813953488413,15631110.0
738,2025-06-11,19.35,19.5,19.23,19.41,0.0899999999999998,0.4658385093167627,8740176.0
738,2025-06-12,19.36,19.39,19.24,19.33,-0.0800000000000018,-0.4121586810922339,6537300.0
738,2025-06-13,19.52,19.59,19.26,19.41,0.0800000000000018,0.4138644593895568,18705452.0
738,2025-06-16,19.41,19.41,19.08,19.19,-0.2199999999999988,-1.1334363730036046,13532200.0
738,2025-06-17,19.2,19.29,19.03,19.17,-0.0199999999999995,-0.1042209484106271,8547474.0
738,2025-06-18,19.1,19.3,19.08,19.15,-0.0200000000000031,-0.1043296817944905,10374800.0
738,2025-06-19,19.12,19.12,18.7,18.88,-0.2699999999999996,-1.4099216710182771,13326600.0
738,2025-06-20,18.84,18.88,18.62,18.67,-0.2099999999999973,-1.112288135593209,8276039.0
738,2025-06-23,18.7,18.91,18.62,18.83,0.1599999999999966,0.856989823245824,7847845.0
738,2025-06-24,18.71,18.93,18.59,18.82,-0.009999999999998,-0.0531067445565525,16061946.0
738,2025-06-25,18.83,19.42,18.75,19.36,0.5399999999999991,2.8692879914983926,27171676.0
738,2025-06-26,19.19,19.6,19.13,19.26,-0.0999999999999978,-0.5165289256198191,24673278.0
738,2025-06-27,19.26,19.86,19.26,19.53,0.2699999999999996,1.4018691588784993,25072697.0
738,2025-06-30,19.63,20.98,19.63,20.75,1.2199999999999989,6.246799795186875,46760217.0
738,2025-07-01,20.85,20.88,20.54,20.7,-0.0500000000000007,-0.2409638554216941,27426946.0
738,2025-07-02,20.63,20.63,20.2,20.33,-0.370000000000001,-1.7874396135265758,19145300.0
738,2025-07-03,20.3,20.52,20.25,20.31,-0.0199999999999995,-0.0983767830791904,11497201.0
738,2025-07-04,20.31,20.5,20.0,20.26,-0.0499999999999971,-0.2461841457410019,14077110.0
738,2025-07-07,20.22,20.27,19.95,20.01,-0.25,-1.2339585389930852,11889910.0
738,2025-07-08,20.03,20.16,19.92,20.15,0.139999999999997,0.6996501749125361,10762900.0
738,2025-07-09,20.18,20.45,19.86,19.92,-0.2299999999999968,-1.1414392059553191,15091100.0
738,2025-07-10,19.81,20.09,19.67,20.06,0.139999999999997,0.7028112449799062,10315700.0
738,2025-07-11,19.99,20.57,19.95,20.42,0.360000000000003,1.7946161515453696,19376110.0
738,2025-07-14,20.4,20.47,20.19,20.23,-0.1900000000000012,-0.930460333006866,9049268.0
738,2025-07-15,20.17,20.27,19.94,20.02,-0.2100000000000008,-1.038062283737029,10559616.0
738,2025-07-16,20.02,20.14,19.89,19.99,-0.0300000000000011,-0.1498501498501503,6748701.0
738,2025-07-17,20.01,20.58,19.96,20.51,0.5200000000000031,2.601300650325178,19333665.0
738,2025-07-18,20.51,21.04,20.42,20.84,0.3299999999999983,1.6089712335445985,27233630.0
738,2025-07-21,20.8,20.96,20.67,20.81,-0.0300000000000011,-0.1439539347408924,14090155.0
738,2025-07-22,20.8,21.06,20.64,20.85,0.0400000000000027,0.1922152811148603,13600032.0
738,2025-07-23,20.86,20.92,20.45,20.5,-0.3500000000000014,-1.6786570743405391,14062522.0
738,2025-07-24,20.5,21.14,20.49,21.07,0.5700000000000003,2.7804878048780513,21168902.0
738,2025-07-25,21.2,21.32,20.9,21.15,0.0799999999999983,0.3796867584243024,16350802.0
738,2025-07-28,21.15,21.62,21.02,21.55,0.4000000000000021,1.891252955082745,20534413.0
738,2025-07-29,21.45,21.87,21.3,21.77,0.2199999999999988,1.0208816705336463,19341523.0
738,2025-07-30,21.7,22.23,21.24,21.45,-0.3200000000000003,-1.4699127239320209,25715886.0
738,2025-07-31,21.23,21.58,21.0,21.09,-0.3599999999999994,-1.6783216783216703,17975400.0
738,2025-08-01,21.09,21.13,20.71,20.9,-0.1900000000000012,-0.9009009009009028,14801654.0
738,2025-08-04,20.8,21.43,20.8,21.31,0.4100000000000001,1.9617224880382755,18406768.0
738,2025-08-05,21.28,21.55,21.17,21.33,0.0199999999999995,0.0938526513373894,15683568.0
738,2025-08-06,21.3,21.86,21.27,21.64,0.3100000000000023,1.453352086263493,21328342.0
738,2025-08-07,21.6,21.68,21.37,21.49,-0.1500000000000021,-0.6931608133087019,13107832.0
738,2025-08-08,21.42,21.63,21.31,21.34,-0.1499999999999985,-0.697999069334565,11847900.0
738,2025-08-11,21.34,21.65,21.32,21.35,0.0100000000000015,0.0468603561387226,14451836.0
738,2025-08-12,21.35,21.45,20.95,21.13,-0.2200000000000024,-1.0304449648712022,13492963.0
738,2025-08-13,21.11,21.33,20.86,20.9,-0.2300000000000004,-1.0884997633696214,18377532.0
738,2025-08-14,20.93,20.99,20.31,20.48,-0.4199999999999981,-2.0095693779904167,17675033.0
738,2025-08-15,20.46,20.78,20.33,20.76,0.2800000000000011,1.3671875,12655131.0
738,2025-08-18,20.87,21.08,20.72,20.87,0.1099999999999994,0.5298651252408471,15395432.0
738,2025-08-19,20.87,20.88,20.5,20.6,-0.2699999999999996,-1.2937230474365125,12196101.0
738,2025-08-20,20.58,20.96,20.45,20.83,0.2299999999999968,1.116504854368916,14686908.0
738,2025-08-21,20.8,20.98,20.75,20.88,0.0500000000000007,0.2400384061449934,14234275.0
738,2025-08-22,20.88,21.08,20.69,21.06,0.1799999999999997,0.8620689655172376,16897251.0
738,2025-08-25,21.1,21.33,21.0,21.27,0.2100000000000008,0.9971509971510084,20239157.0
738,2025-08-26,21.27,21.28,21.03,21.07,-0.1999999999999993,-0.9402914903620108,13386105.0
738,2025-08-27,21.09,21.29,20.67,20.68,-0.3900000000000005,-1.8509729473184633,21881110.0
738,2025-08-28,20.61,20.99,20.13,20.93,0.25,1.208897485493221,19067949.0
738,2025-08-29,20.9,21.1,20.73,21.09,0.1600000000000001,0.7644529383659782,19183662.0
738,2025-09-01,21.08,21.08,20.63,20.94,-0.1499999999999985,-0.7112375533428139,17606291.0
738,2025-09-02,20.9,20.92,20.27,20.51,-0.4299999999999997,-2.0534861509073576,14322065.0
738,2025-09-03,20.53,20.6,19.35,19.5,-1.0100000000000016,-4.924427108727459,20506471.0
738,2025-09-04,19.43,19.45,18.76,18.95,-0.5500000000000007,-2.8205128205128216,16765480.0
738,2025-09-05,18.97,19.12,18.88,19.06,0.1099999999999994,0.5804749340369453,11041871.0
738,2025-09-08,19.07,19.27,18.98,19.22,0.1600000000000001,0.8394543546694555,9845670.0
738,2025-09-09,19.23,19.26,18.88,19.01,-0.2099999999999973,-1.092611862643067,9391700.0
738,2025-09-10,18.96,19.28,18.96,19.08,0.0699999999999967,0.3682272488163995,7832342.0
738,2025-09-11,19.04,19.33,18.93,19.3,0.2200000000000024,1.1530398322851187,10644345.0
738,2025-09-12,19.3,19.36,19.15,19.16,-0.1400000000000005,-0.7253886010362698,9157848.0
738,2025-09-15,19.16,19.18,18.9,18.93,-0.2300000000000004,-1.2004175365344485,9141086.0
738,2025-09-16,18.91,18.99,18.68,18.91,-0.0199999999999995,-0.1056524035921824,7623085.0
738,2025-09-17,18.92,19.04,18.7,19.0,0.0899999999999998,0.4759386567953383,8575461.0
738,2025-09-18,18.95,19.21,18.71,18.78,-0.2199999999999988,-1.1578947368421022,12021723.0
738,2025-09-19,18.77,19.25,18.77,19.09,0.3099999999999987,1.650692225772099,11915647.0
738,2025-09-22,19.07,19.14,18.71,18.96,-0.129999999999999,-0.6809848088004111,10541305.0
738,2025-09-23,18.96,19.41,18.66,19.31,0.3499999999999978,1.8459915611814148,16480726.0
738,2025-09-24,19.17,19.35,19.1,19.28,-0.0299999999999975,-0.1553599171413622,9440300.0
738,2025-09-25,19.2,19.22,19.02,19.09,-0.1900000000000012,-0.985477178423244,8192390.0
738,2025-09-26,19.07,19.79,18.99,19.62,0.5300000000000011,2.7763226820324727,19706127.0
738,2025-09-29,19.62,19.65,19.3,19.56,-0.0600000000000022,-0.3058103975535298,13796447.0
738,2025-09-30,19.65,20.16,19.53,20.1,0.5400000000000027,2.7607361963190247,18474561.0
738,2025-10-09,20.06,20.1,19.67,20.01,-0.0899999999999998,-0.4477611940298498,13852860.0
738,2025-10-10,20.06,20.22,19.84,19.87,-0.1400000000000005,-0.6996501749125472,11428028.0
738,2025-10-13,19.51,20.1,19.41,19.96,0.0899999999999998,0.4529441368897879,12939783.0
738,2025-10-14,20.0,20.31,19.84,19.86,-0.1000000000000014,-0.5010020040080221,14093649.0
738,2025-10-15,19.84,20.01,19.7,19.97,0.1099999999999994,0.5538771399798526,8655946.0
738,2025-10-16,20.0,20.22,19.78,19.95,-0.0199999999999995,-0.1001502253380026,9685833.0
738,2025-10-17,19.81,19.99,19.35,19.44,-0.509999999999998,-2.556390977443601,8567141.0
738,2025-10-20,19.59,19.66,19.25,19.37,-0.0700000000000002,-0.3600823045267542,6217000.0
738,2025-10-21,19.44,19.59,19.35,19.38,0.009999999999998,0.0516262261228694,7079783.0
738,2025-10-22,19.31,19.31,18.93,19.0,-0.379999999999999,-1.9607843137254832,10532437.0
738,2025-10-23,19.0,19.02,18.71,19.01,0.0100000000000015,0.0526315789473708,7430029.0
738,2025-10-24,19.15,19.49,19.05,19.16,0.1499999999999985,0.7890583903208848,11872264.0
738,2025-10-27,19.26,19.29,19.04,19.2,0.0399999999999991,0.2087682672233803,10621612.0
738,2025-10-28,19.18,19.29,19.01,19.03,-0.1699999999999981,-0.8854166666666607,12649269.0
738,2025-10-29,19.0,19.09,18.89,19.07,0.0399999999999991,0.2101944298475988,10647329.0
738,2025-10-30,19.05,19.05,18.72,18.78,-0.2899999999999991,-1.5207131620346035,14060011.0
738,2025-10-31,18.86,18.86,18.72,18.77,-0.0100000000000015,-0.0532481363152426,8273615.0
738,2025-11-03,18.73,18.78,18.56,18.77,0.0,0.0,9738435.0
738,2025-11-04,18.73,18.79,18.51,18.58,-0.1900000000000012,-1.0122535961641033,7527224.0
738,2025-11-05,18.5,18.62,18.44,18.57,-0.009999999999998,-0.0538213132400322,5495582.0
738,2025-11-06,18.6,19.09,18.55,18.99,0.4199999999999981,2.261712439418418,16188920.0
738,2025-11-07,18.9,18.95,18.8,18.91,-0.0799999999999983,-0.4212743549236397,6584844.0
738,2025-11-10,18.9,19.04,18.77,18.97,0.0599999999999987,0.3172924378635589,7453494.0
738,2025-11-11,18.97,19.06,18.88,18.99,0.0199999999999995,0.1054296257248177,7343690.0
738,2025-11-12,18.99,18.99,18.7,18.84,-0.1499999999999985,-0.7898894154818259,6477198.0
738,2025-11-13,18.77,18.88,18.71,18.82,-0.0199999999999995,-0.1061571125265392,5895538.0
738,2025-11-14,18.93,19.02,18.83,18.85,0.0300000000000011,0.1594048884165921,8674192.0
738,2025-11-17,19.16,19.21,18.93,19.16,0.3099999999999987,1.644562334217503,13722902.0
738,2025-11-18,19.1,19.16,18.85,18.95,-0.2100000000000008,-1.096033402922758,8349352.0
738,2025-11-19,18.94,19.2,18.92,19.15,0.1999999999999993,1.055408970976246,12476656.0
738,2025-11-20,19.15,19.15,18.91,18.92,-0.2299999999999968,-1.201044386422956,6595700.0
738,2025-11-21,18.8,18.96,18.39,18.66,-0.2600000000000015,-1.374207188160681,10701512.0
738,2025-11-24,18.7,19.45,18.7,19.45,0.7899999999999991,4.233654876741699,23286590.0
738,2025-11-25,19.32,19.46,19.19,19.39,-0.0599999999999987,-0.308483290488426,13948197.0
738,2025-11-26,19.42,19.42,18.77,18.82,-0.5700000000000003,-2.93965961835998,15765637.0
738,2025-11-27,18.76,18.87,18.75,18.77,-0.0500000000000007,-0.2656748140276388,5924600.0
738,2025-11-28,18.78,18.85,18.59,18.83,0.0599999999999987,0.3196590303675917,6559326.0
738,2025-12-01,18.9,19.12,18.86,18.98,0.1500000000000021,0.7966011683483876,8825858.0
738,2025-12-02,18.91,18.98,18.72,18.77,-0.2100000000000008,-1.1064278187565946,7154000.0
738,2025-12-03,18.78,18.83,18.52,18.59,-0.1799999999999997,-0.9589770911028196,8912693.0
738,2025-12-04,18.53,18.93,18.53,18.74,0.1499999999999985,0.8068854222700317,7377567.0
738,2025-12-05,18.71,19.17,18.51,19.11,0.370000000000001,1.9743863393810068,16398497.0
738,2025-12-08,19.15,19.45,19.01,19.08,-0.0300000000000011,-0.1569858712715865,20826912.0
738,2025-12-09,18.92,19.18,18.91,19.01,-0.0699999999999967,-0.3668763102725236,10968514.0
738,2025-12-10,19.0,19.57,18.97,19.37,0.3599999999999994,1.893740136770128,18325797.0
738,2025-12-11,19.38,19.53,19.1,19.27,-0.1000000000000014,-0.516262261228706,12788104.0
738,2025-12-12,19.29,19.65,19.2,19.51,0.240000000000002,1.245459263103288,18087913.0
738,2025-12-15,19.43,19.67,19.2,19.52,0.009999999999998,0.0512557662736945,18936115.0
738,2025-12-16,19.51,19.9,18.93,19.7,0.1799999999999997,0.9221311475409832,28590676.0
738,2025-12-17,19.59,19.86,19.0,19.41,-0.2899999999999991,-1.4720812182741128,22124490.0
738,2025-12-18,19.25,20.21,19.2,19.9,0.4899999999999984,2.524471921689853,36186877.0
738,2025-12-19,19.71,21.25,19.71,20.81,0.91,4.572864321608039,58617697.0
738,2025-12-22,20.9,20.98,20.26,20.33,-0.4800000000000004,-2.3065833733781904,32272768.0
738,2025-12-23,20.32,20.89,19.94,20.04,-0.2899999999999991,-1.4264633546482997,28770346.0
738,2025-12-24,19.9,20.55,19.72,20.44,0.4000000000000021,1.9960079840319445,24487137.0
738,2025-12-25,20.44,21.69,20.4,21.23,0.7899999999999991,3.8649706457925648,55654975.0
738,2025-12-26,21.05,21.17,20.68,20.95,-0.2800000000000011,-1.3188883655204986,35011108.0
738,2025-12-29,21.09,21.16,20.71,20.85,-0.0999999999999978,-0.4773269689737347,24635385.0
738,2025-12-30,20.85,21.48,20.6,20.92,0.0700000000000002,0.3357314148681123,37801066.0
738,2025-12-31,20.71,21.6,20.71,21.31,0.389999999999997,1.8642447418737884,39237649.0
738,2026-01-05,21.52,21.76,20.88,21.37,0.0600000000000022,0.2815579540122126,43905437.0
738,2026-01-06,21.2,22.82,21.13,22.44,1.0700000000000005,5.007019185774442,57873587.0
738,2026-01-07,22.22,22.7,21.78,22.08,-0.360000000000003,-1.6042780748663277,42255196.0
738,2026-01-08,22.0,23.19,21.83,22.91,0.8300000000000018,3.759057971014501,58738518.0
738,2026-01-09,22.99,24.14,22.78,23.33,0.4199999999999981,1.8332605848974115,79593565.0
738,2026-01-12,23.5,25.55,23.29,24.87,1.5400000000000027,6.600942991855985,86544304.0
738,2026-01-13,24.65,24.65,22.51,22.72,-2.150000000000002,-8.644953759549667,73545312.0
738,2026-01-14,22.69,23.15,21.88,22.12,-0.5999999999999979,-2.640845070422526,68818067.0
738,2026-01-15,21.9,22.19,21.55,21.86,-0.2600000000000015,-1.175406871609408,35795077.0
738,2026-01-16,22.01,22.12,21.23,21.4,-0.4600000000000008,-2.104300091491307,32057748.0
738,2026-01-19,21.25,23.54,21.21,23.54,2.140000000000001,10.000000000000009,58459749.0
738,2026-01-20,24.0,25.48,23.8,24.52,0.9800000000000004,4.1631265930331285,120688648.0
738,2026-01-21,24.08,25.05,23.86,24.29,-0.2300000000000004,-0.938009787928229,69432117.0
738,2026-01-22,23.98,26.18,23.98,25.94,1.650000000000002,6.792918896665312,94359908.0
738,2026-01-23,25.69,25.91,25.04,25.33,-0.610000000000003,-2.351580570547429,80479784.0
738,2026-01-26,24.88,25.3,23.94,23.94,-1.389999999999997,-5.487564153178037,61824880.0
738,2026-01-27,24.01,26.33,24.01,26.33,2.389999999999997,9.983291562238916,104290504.0
738,2026-01-28,26.31,26.81,25.6,25.79,-0.5399999999999991,-2.0508925180402593,74010920.0
738,2026-01-29,25.4,26.6,25.39,25.39,-0.3999999999999986,-1.5509887553315171,60496017.0
738,2026-01-30,25.01,25.58,23.7,24.43,-0.9600000000000009,-3.7810161480898,54197641.0
738,2026-02-02,24.44,24.87,23.48,23.51,-0.9199999999999982,-3.7658616455177985,35827026.0
738,2026-02-03,23.93,25.86,23.61,25.86,2.349999999999998,9.995746490854952,48024981.0
738,2026-02-04,26.37,28.19,26.2,27.42,1.5600000000000025,6.032482598607891,121883960.0
738,2026-02-05,26.75,28.7,26.64,27.93,0.509999999999998,1.859956236323845,93010016.0
738,2026-02-06,27.59,27.73,26.31,26.6,-1.3299999999999983,-4.761904761904756,71197303.0
738,2026-02-09,27.3,27.82,26.39,27.0,0.3999999999999986,1.5037593984962294,64359999.0
738,2026-02-10,27.0,28.39,26.5,27.86,0.8599999999999994,3.18518518518518,76066859.0
738,2026-02-11,27.36,27.55,26.58,26.7,-1.16,-4.163675520459442,53967913.0
738,2026-02-12,26.6,27.8,26.4,27.41,0.7100000000000009,2.659176029962551,49502974.0
738,2026-02-13,27.42,30.15,27.3,29.45,2.039999999999999,7.4425392192630335,109092824.0
738,2026-02-24,29.65,29.75,28.58,28.63,-0.8200000000000003,-2.7843803056027183,80013513.0
738,2026-02-25,28.63,28.93,28.11,28.3,-0.3299999999999983,-1.152637093957376,54618642.0
738,2026-02-26,28.16,28.93,27.38,28.65,0.3499999999999978,1.2367491166077604,63589991.0
738,2026-02-27,28.27,28.77,27.62,27.86,-0.7899999999999991,-2.7574171029668415,50173838.0
738,2026-03-02,28.01,28.92,27.26,28.29,0.4299999999999997,1.543431442928922,60975531.0
738,2026-03-03,27.93,27.93,25.46,25.46,-2.8299999999999983,-10.003534817956872,67295123.0
738,2026-03-04,24.89,26.06,24.71,25.5,0.0399999999999991,0.157109190887672,43744920.0
738,2026-03-05,25.7,25.96,24.9,25.38,-0.120000000000001,-0.4705882352941226,43133109.0
738,2026-03-06,25.13,27.39,25.07,26.27,0.8900000000000006,3.506698187549251,60436931.0
738,2026-03-09,25.8,26.1,24.94,25.74,-0.5300000000000011,-2.0175104682147005,35637684.0
738,2026-03-10,25.89,26.92,25.83,26.05,0.3100000000000023,1.204351204351206,32245306.0
738,2026-03-11,26.1,26.19,25.11,25.28,-0.7699999999999996,-2.955854126679458,33226662.0
738,2026-03-12,25.1,25.15,24.03,24.37,-0.91,-3.5996835443038,42250629.0
738,2026-03-13,24.26,24.28,23.44,23.52,-0.8500000000000014,-3.487894952810844,33224189.0
738,2026-03-16,23.52,23.81,23.25,23.6,0.0800000000000018,0.3401360544217802,20738062.0
738,2026-03-17,23.76,23.9,22.9,23.03,-0.5700000000000003,-2.4152542372881336,20195675.0
738,2026-03-18,23.1,23.44,22.92,23.42,0.3900000000000005,1.6934433347807198,18510886.0
738,2026-03-19,23.12,23.13,22.42,22.59,-0.8300000000000018,-3.543979504696848,21277789.0
738,2026-03-20,22.75,22.82,21.92,21.93,-0.6600000000000001,-2.921646746347939,21169976.0
