ts_code,trade_date,open,high,low,close,change,pct_change,vol
000859,20260320,9.9,9.64,9.69,10.14,0.009999999999999787,0.09871668311944859,42966840.0
000859,20260319,10.04,9.77,9.82,10.13,-0.3099999999999987,-2.969348659003823,39093977.0
000859,20260318,10.33,9.96,10.23,10.44,-0.5500000000000007,-5.004549590536856,38812436.0
000859,20260317,10.96,10.36,10.36,10.99,-0.14000000000000057,-1.2578616352201255,56427432.0
000859,20260316,10.57,10.57,11.05,11.13,0.02000000000000135,0.18001800180018623,66473378.0
000859,20260313,10.51,10.46,10.81,11.11,-0.040000000000000924,-0.35874439461883734,72056974.0
000859,20260312,10.4,10.33,10.67,11.15,0.34999999999999964,3.240740740740744,81292204.0
000859,20260311,10.59,10.38,10.4,10.8,0.16999999999999993,1.5992474129821188,38161138.0
000859,20260310,10.52,10.41,10.59,10.63,0.13000000000000078,1.2380952380952381,33027315.0
000859,20260309,10.4,10.08,10.34,10.5,-0.39000000000000057,-3.581267217630857,43978979.0
000859,20260306,10.79,10.62,10.64,10.89,-0.1899999999999995,-1.7148014440433124,36368776.0
000859,20260305,10.9,10.83,10.87,11.08,0.11999999999999922,1.0948905109488871,44895383.0
000859,20260304,10.6,10.6,10.67,10.96,-0.48999999999999844,-4.279475982532732,43641989.0
000859,20260303,11.39,10.65,10.65,11.45,-0.25,-2.1367521367521403,66489056.0
000859,20260302,11.33,11.33,11.38,11.7,-0.4900000000000002,-4.019688269073008,64612392.0
000859,20260227,12.14,11.77,11.89,12.19,-0.02000000000000135,-0.16380016380017626,62855734.0
000859,20260226,12.0,11.83,12.03,12.21,-0.05999999999999872,-0.4889975550122161,80459856.0
000859,20260225,12.05,11.86,12.15,12.27,-0.13000000000000078,-1.0483870967741948,97436343.0
000859,20260224,11.58,11.58,12.2,12.4,0.4299999999999997,3.5923141186299024,184327892.0
000859,20260213,10.84,10.8,11.97,11.97,0.5400000000000009,4.7244094488189115,148593106.0
000859,20260212,11.43,10.87,10.88,11.43,-0.22000000000000064,-1.8884120171673846,75414564.0
000859,20260211,11.3,11.1,11.44,11.65,-0.009999999999999787,-0.08576329331045907,110846285.0
000859,20260210,10.68,10.53,11.66,11.66,0.9299999999999997,8.66728797763281,79269757.0
000859,20260209,10.59,10.33,10.6,10.73,0.15000000000000036,1.417769376181477,62357562.0
000859,20260206,9.96,9.89,10.34,10.58,0.4299999999999997,4.236453201970436,62892770.0
000859,20260205,10.1,9.91,9.96,10.15,-0.10999999999999943,-1.0721247563352798,32678374.0
000859,20260204,10.15,10.05,10.17,10.26,0.10999999999999943,1.0837438423645374,39249310.0
000859,20260203,9.89,9.74,10.14,10.15,0.07000000000000028,0.694444444444442,55279140.0
000859,20260202,9.98,9.68,9.7,10.08,-0.07000000000000028,-0.6896551724137945,39470360.0
000859,20260130,10.06,9.78,9.95,10.15,-0.4499999999999993,-4.245283018867918,52675468.0
000859,20260129,10.35,10.04,10.09,10.6,-0.45000000000000107,-4.072398190045257,67504446.0
000859,20260128,11.02,10.51,10.51,11.05,-0.46999999999999886,-4.079861111111105,76039112.0
000859,20260127,10.91,10.46,11.22,11.52,-0.7400000000000002,-6.0358890701468155,94773803.0
000859,20260126,12.18,11.11,11.11,12.26,-0.2400000000000002,-1.9199999999999995,113711399.0
000859,20260123,12.16,12.03,12.34,12.5,-0.25,-1.9607843137254943,79895542.0
000859,20260122,12.59,12.13,12.17,12.75,-0.22000000000000064,-1.6962220508866643,89891947.0
000859,20260121,12.38,12.18,12.64,12.97,0.33000000000000007,2.610759493670889,107765946.0
000859,20260120,12.3,11.68,12.62,12.64,0.21000000000000085,1.6894609814963824,119106968.0
000859,20260119,11.97,11.97,12.26,12.43,-0.370000000000001,-2.890625000000002,76448458.0
000859,20260116,12.7,12.06,12.11,12.8,-0.29999999999999893,-2.2900763358778553,109173305.0
000859,20260115,12.03,11.59,12.79,13.1,0.019999999999999574,0.1529051987767538,170262309.0
000859,20260114,12.46,12.15,12.38,13.08,-0.8000000000000007,-5.763688760806918,139464850.0
000859,20260113,13.21,12.52,12.55,13.88,-0.049999999999998934,-0.3589375448671883,170036344.0
000859,20260112,13.22,12.98,13.5,13.93,-0.15000000000000036,-1.065340909090906,235406385.0
000859,20260109,12.51,12.51,13.22,14.08,0.40000000000000036,2.923976608187129,269000512.0
000859,20260108,13.68,12.68,12.93,13.68,1.2400000000000002,9.967845659163999,302814370.0
000859,20260107,12.26,12.25,12.44,12.44,0.9199999999999999,7.986111111111116,67729160.0
000859,20260106,11.13,10.85,11.31,11.52,0.3899999999999988,3.5040431266846195,213080104.0
000859,20260105,10.11,9.93,11.13,11.13,0.3600000000000012,3.3426183844011303,161668056.0
000859,20251231,10.74,9.86,10.12,10.77,-0.8300000000000001,-7.155172413793109,153070064.0
000859,20251230,10.83,10.61,10.77,11.6,-0.009999999999999787,-0.08613264427217437,183442871.0
000859,20251229,11.0,10.8,11.07,11.61,0.1899999999999995,1.6637478108581405,204121649.0
000859,20251226,11.11,10.9,11.0,11.42,-0.14000000000000057,-1.211072664359869,204839808.0
000859,20251225,10.67,10.48,11.56,11.56,0.17999999999999972,1.5817223198594021,232652633.0
000859,20251224,10.8,10.28,10.51,11.38,0.8200000000000003,7.765151515151514,287574575.0
000859,20251223,9.42,9.3,10.56,10.56,0.6699999999999999,6.774519716885741,146719145.0
000859,20251222,8.86,8.78,9.6,9.89,0.5899999999999999,6.34408602150538,210019264.0
000859,20251219,9.11,8.75,8.99,9.3,-1.1899999999999995,-11.34413727359389,142352630.0
000859,20251218,9.88,9.36,9.44,10.49,0.20000000000000107,1.9436345966958424,157276741.0
000859,20251217,9.8,9.45,10.17,10.29,-0.40000000000000036,-3.7418147801683843,163086087.0
000859,20251216,10.41,9.76,10.05,10.69,-0.15000000000000036,-1.3837638376383743,192667774.0
000859,20251215,9.87,9.61,10.65,10.84,0.28999999999999915,2.7488151658767723,255507254.0
000859,20251212,9.77,9.38,10.05,10.55,0.7800000000000011,7.98362333674516,283303704.0
000859,20251211,8.8,8.47,9.77,9.77,0.5099999999999998,5.507559395248385,184770495.0
000859,20251210,8.75,8.69,8.88,9.26,-0.5999999999999996,-6.085192697768759,141054783.0
000859,20251209,9.68,8.92,9.06,9.86,0.17999999999999972,1.8595041322313932,183503076.0
000859,20251208,9.49,9.13,9.3,9.68,0.5499999999999989,6.024096385542155,226210845.0
000859,20251205,8.69,8.55,9.13,9.13,-0.08999999999999986,-0.9761388286333994,84529036.0
000859,20251204,9.17,8.3,8.3,9.22,-0.629999999999999,-6.395939086294411,192026406.0
000859,20251203,9.21,8.87,9.22,9.85,0.6199999999999992,6.717226435536294,297435943.0
000859,20251202,8.63,8.63,9.23,9.23,0.8399999999999999,10.011918951132293,147015722.0
000859,20251201,7.77,7.64,8.39,8.39,0.4200000000000008,5.269761606022594,206403664.0
000859,20251128,7.88,7.62,7.63,7.97,-1.3500000000000005,-14.484978540772541,203032348.0
000859,20251127,9.32,8.47,8.47,9.32,-0.4800000000000004,-4.897959183673473,200506559.0
000859,20251126,9.14,9.04,9.41,9.8,-0.41000000000000014,-4.015670910871694,314126374.0
000859,20251125,8.6,8.6,9.11,10.21,0.6600000000000001,6.910994764397915,342984250.0
000859,20251124,8.76,8.62,9.55,9.55,0.870000000000001,10.02304147465438,202039700.0
000859,20251121,7.82,7.34,8.68,8.68,0.79,10.012674271229404,316638242.0
000859,20251120,7.89,7.6,7.89,7.89,0.7199999999999998,10.041841004184104,73243520.0
000859,20251119,6.5,6.47,7.17,7.17,0.5199999999999996,7.819548872180437,68688988.0
000859,20251118,6.55,6.48,6.52,6.65,-0.11999999999999922,-1.7725258493352936,17265400.0
000859,20251117,6.62,6.54,6.57,6.77,0.16999999999999993,2.5757575757575646,19357737.0
000859,20251114,6.5,6.5,6.51,6.6,0.02999999999999936,0.45662100456620447,13749845.0
000859,20251113,6.38,6.34,6.56,6.57,0.1299999999999999,2.0186335403726607,27666847.0
000859,20251112,6.43,6.33,6.36,6.44,-0.009999999999999787,-0.15503875968991832,9416420.0
000859,20251111,6.44,6.4,6.43,6.45,0.009999999999999787,0.15527950310558758,8384700.0
000859,20251110,6.36,6.34,6.44,6.44,0.0600000000000005,0.9404388714733702,12229406.0
000859,20251107,6.35,6.32,6.35,6.38,0.0,0.0,8719600.0
000859,20251106,6.37,6.33,6.36,6.38,0.0,0.0,8118049.0
000859,20251105,6.3,6.3,6.35,6.38,-0.009999999999999787,-0.15649452269169695,8075257.0
000859,20251104,6.38,6.32,6.35,6.39,-0.010000000000000675,-0.15625000000001332,8650623.0
000859,20251103,6.37,6.32,6.39,6.4,-0.009999999999999787,-0.15600624024960652,7967705.0
000859,20251031,6.33,6.33,6.36,6.41,-0.03000000000000025,-0.46583850931677384,9127524.0
000859,20251030,6.43,6.34,6.34,6.44,-0.02999999999999936,-0.46367851622873824,12934200.0
000859,20251029,6.45,6.4,6.43,6.47,-0.04999999999999982,-0.7668711656441674,11482200.0
000859,20251028,6.48,6.42,6.47,6.52,-0.21000000000000085,-3.1203566121842607,18642123.0
000859,20251027,6.61,6.53,6.56,6.73,0.0600000000000005,0.8995502248875686,25510749.0
000859,20251024,6.48,6.41,6.54,6.67,0.16000000000000014,2.457757296466978,26182709.0
000859,20251023,6.5,6.41,6.48,6.51,-0.04999999999999982,-0.7621951219512146,11747972.0
000859,20251022,6.42,6.4,6.51,6.56,0.05999999999999961,0.9230769230769154,19743211.0
000859,20251021,6.34,6.3,6.47,6.5,0.1299999999999999,2.0408163265306145,21469727.0
000859,20251020,6.32,6.29,6.33,6.37,-0.08000000000000007,-1.2403100775193798,9281125.0
000859,20251017,6.34,6.27,6.31,6.45,-0.019999999999999574,-0.3091190108191588,13097700.0
000859,20251016,6.47,6.31,6.34,6.47,-0.0600000000000005,-0.9188361408882129,18367689.0
000859,20251015,6.47,6.34,6.47,6.53,-0.14999999999999947,-2.2455089820359153,18814700.0
000859,20251014,6.6,6.44,6.47,6.68,-0.1900000000000004,-2.765647743813693,27776317.0
000859,20251013,6.26,6.2,6.55,6.87,0.40000000000000036,6.18238021638331,43508128.0
000859,20251010,6.31,6.26,6.4,6.47,-0.03000000000000025,-0.4615384615384688,21698075.0
000859,20251009,6.43,6.36,6.4,6.5,-0.03000000000000025,-0.45941807044410643,19287684.0
000859,20250930,6.4,6.37,6.49,6.53,-0.0699999999999994,-1.0606060606060508,17781059.0
000859,20250929,6.53,6.28,6.38,6.6,-0.3000000000000007,-4.34782608695653,26299638.0
000859,20250926,6.71,6.55,6.56,6.9,0.0,0.0,24392052.0
000859,20250925,6.85,6.72,6.73,6.9,-0.09999999999999964,-1.4285714285714235,30966178.0
000859,20250924,6.7,6.65,6.91,7.0,0.20000000000000018,2.941176470588247,57534787.0
000859,20250923,6.64,6.37,6.75,6.8,0.09999999999999964,1.4925373134328401,33764886.0
000859,20250922,6.63,6.51,6.65,6.7,-0.019999999999999574,-0.29761904761904656,18508828.0
000859,20250919,6.55,6.51,6.68,6.72,-0.03000000000000025,-0.4444444444444473,23226152.0
000859,20250918,6.64,6.52,6.55,6.75,-0.08000000000000007,-1.171303074670571,25572669.0
000859,20250917,6.61,6.6,6.68,6.83,0.20999999999999996,3.1722054380664666,25005275.0
000859,20250916,6.55,6.52,6.61,6.62,0.020000000000000462,0.3030303030303161,13816590.0
000859,20250915,6.59,6.51,6.56,6.6,-0.07000000000000028,-1.0494752623688153,15248047.0
000859,20250912,6.6,6.58,6.6,6.67,0.040000000000000036,0.6033182503770718,17216624.0
000859,20250911,6.54,6.47,6.63,6.63,-0.040000000000000036,-0.5997001499250421,17010690.0
000859,20250910,6.65,6.53,6.55,6.67,-0.13999999999999968,-2.05580029368575,19817302.0
000859,20250909,6.8,6.62,6.64,6.81,-0.16000000000000014,-2.295552367288378,24521618.0
000859,20250908,6.62,6.59,6.85,6.97,0.27999999999999936,4.1853512705530616,40189456.0
000859,20250905,6.56,6.45,6.66,6.69,-0.15999999999999925,-2.3357664233576547,33052209.0
000859,20250904,6.71,6.4,6.61,6.85,-0.5100000000000007,-6.929347826086962,67806086.0
000859,20250903,6.69,6.57,7.1,7.36,0.4900000000000002,7.132459970887917,98224784.0
000859,20250902,6.86,6.65,6.69,6.87,-0.08000000000000007,-1.151079136690647,23466900.0
000859,20250901,6.88,6.83,6.84,6.95,-0.20000000000000018,-2.7972027972028024,18513800.0
000859,20250829,6.95,6.82,6.88,7.15,0.16999999999999993,2.4355300859598916,37182300.0
000859,20250828,6.83,6.7,6.98,6.98,-0.17999999999999972,-2.5139664804469275,29728110.0
000859,20250827,7.12,6.85,6.85,7.16,-0.04999999999999982,-0.6934812760055475,43644241.0
000859,20250826,7.15,7.1,7.15,7.21,-0.04999999999999982,-0.688705234159781,20422092.0
000859,20250825,7.24,7.12,7.17,7.26,-0.07000000000000028,-0.9549795361528002,27753985.0
000859,20250822,7.27,7.13,7.17,7.33,0.0600000000000005,0.8253094910591452,27782500.0
000859,20250821,7.15,7.13,7.2,7.27,0.08999999999999986,1.253481894150421,31701990.0
000859,20250820,7.12,7.06,7.18,7.18,0.009999999999999787,0.1394700139470073,27589174.0
000859,20250819,7.14,7.04,7.12,7.17,-0.020000000000000462,-0.2781641168289384,27734355.0
000859,20250818,7.05,7.03,7.13,7.19,0.11000000000000032,1.5536723163841915,36023799.0
000859,20250815,6.84,6.83,7.05,7.08,-0.04999999999999982,-0.7012622720897643,26665446.0
000859,20250814,7.1,6.86,6.88,7.13,-0.11000000000000032,-1.5193370165745845,31610499.0
000859,20250813,7.06,7.05,7.12,7.24,0.08999999999999986,1.2587412587412583,36489095.0
000859,20250812,7.01,6.92,7.08,7.15,0.14000000000000057,1.9971469329529423,33389514.0
000859,20250811,6.96,6.91,6.99,7.01,-0.10000000000000053,-1.406469760900153,18627400.0
000859,20250808,6.98,6.93,6.99,7.11,-0.15999999999999925,-2.20082530949105,30547586.0
000859,20250807,6.82,6.82,7.09,7.27,0.3799999999999999,5.515239477503631,55691027.0
000859,20250806,6.79,6.77,6.82,6.89,0.02999999999999936,0.4373177842565523,16154750.0
000859,20250805,6.74,6.74,6.81,6.86,0.1299999999999999,1.9316493313521477,13594112.0
000859,20250804,6.65,6.62,6.73,6.73,-0.03999999999999915,-0.5908419497784201,9021098.0
000859,20250801,6.75,6.68,6.7,6.77,-0.1200000000000001,-1.7416545718432541,11776876.0
000859,20250731,6.83,6.72,6.74,6.89,-0.0600000000000005,-0.8633093525179936,20033042.0
000859,20250730,6.88,6.81,6.83,6.95,-0.05999999999999961,-0.8559201141226769,19435254.0
000859,20250729,6.94,6.88,6.91,7.01,-0.08000000000000007,-1.128349788434413,18814446.0
000859,20250728,6.93,6.86,7.0,7.09,0.13999999999999968,2.0143884892086295,29907956.0
000859,20250725,6.82,6.82,6.93,6.95,0.08999999999999986,1.3119533527696792,26800948.0
000859,20250724,6.75,6.74,6.83,6.86,0.020000000000000462,0.29239766081872176,17404195.0
000859,20250723,6.8,6.75,6.75,6.84,-0.04999999999999982,-0.7256894049346818,16153060.0
000859,20250722,6.89,6.78,6.8,6.89,-0.010000000000000675,-0.14492753623189802,17868500.0
000859,20250721,6.87,6.83,6.9,6.9,-0.019999999999999574,-0.28901734104045396,17427908.0
000859,20250718,6.83,6.72,6.91,6.92,0.08000000000000007,1.1695906432748648,25006381.0
000859,20250717,6.78,6.77,6.84,6.84,0.0,0.0,15756061.0
000859,20250716,6.8,6.75,6.81,6.84,-0.040000000000000036,-0.5813953488372103,13586581.0
000859,20250715,6.88,6.66,6.77,6.88,-0.08999999999999986,-1.2912482065997155,29944507.0
000859,20250714,6.93,6.86,6.94,6.97,0.0,0.0,16846200.0
000859,20250711,6.94,6.86,6.94,6.97,-0.08999999999999986,-1.2747875354107596,19556200.0
000859,20250710,7.04,6.93,6.94,7.06,-0.1200000000000001,-1.671309192200554,26683520.0
000859,20250709,7.12,7.05,7.06,7.18,-0.07000000000000028,-0.96551724137931,29790145.0
000859,20250708,7.23,7.15,7.17,7.25,0.04999999999999982,0.694444444444442,25264355.0
000859,20250707,7.14,7.08,7.15,7.2,-0.1899999999999995,-2.571041948579156,19125956.0
000859,20250704,7.36,7.13,7.13,7.39,-0.0600000000000005,-0.8053691275167862,35995700.0
000859,20250703,7.34,7.25,7.37,7.45,-0.09999999999999964,-1.3245033112582738,35894935.0
000859,20250702,7.55,7.36,7.38,7.55,-0.33000000000000007,-4.187817258883253,55476055.0
000859,20250701,7.28,7.28,7.69,7.88,0.41999999999999993,5.630026809651478,95679708.0
000859,20250630,7.25,7.16,7.3,7.46,0.3099999999999996,4.335664335664324,57842454.0
000859,20250627,6.99,6.99,7.04,7.15,-0.05999999999999961,-0.832177531206657,33966771.0
000859,20250626,7.03,6.98,7.02,7.21,0.05999999999999961,0.8391608391608241,39910778.0
000859,20250625,7.03,6.97,7.08,7.15,0.0,0.0,37958201.0
000859,20250624,6.95,6.95,7.05,7.15,0.05000000000000071,0.7042253521126751,39782092.0
000859,20250623,6.73,6.66,7.0,7.1,0.05999999999999961,0.8522727272727293,35367513.0
000859,20250620,6.7,6.57,6.85,7.04,0.08999999999999986,1.2949640287769792,42671346.0
000859,20250619,6.95,6.7,6.74,6.95,-0.16000000000000014,-2.250351617440227,35479616.0
000859,20250618,7.1,6.96,7.0,7.11,-0.10999999999999943,-1.5235457063711877,36292080.0
000859,20250617,6.95,6.88,7.21,7.22,0.39999999999999947,5.8651026392961825,70123384.0
000859,20250616,6.74,6.7,6.78,6.82,-0.09999999999999964,-1.445086705202303,22512155.0
000859,20250613,6.81,6.66,6.74,6.92,-0.03000000000000025,-0.4316546762589968,40773974.0
000859,20250612,6.86,6.78,6.92,6.95,-0.1899999999999995,-2.6610644257702987,37342936.0
000859,20250611,7.03,6.88,6.91,7.14,-0.5,-6.544502617801051,58203792.0
000859,20250610,7.57,7.06,7.06,7.64,-0.03000000000000025,-0.39113428943937656,89249801.0
000859,20250609,7.53,7.51,7.61,7.67,-0.2400000000000002,-3.034134007585343,35767812.0
000859,20250606,7.91,7.52,7.58,7.91,0.009999999999999787,0.12658227848101333,65417602.0
000859,20250605,7.51,7.35,7.89,7.9,0.27000000000000046,3.5386631716906924,97853482.0
000859,20250604,7.5,7.45,7.51,7.63,-0.1200000000000001,-1.5483870967741953,49648810.0
000859,20250603,7.3,7.26,7.55,7.75,0.09999999999999964,1.3071895424836555,66309620.0
000859,20250530,7.62,7.3,7.37,7.65,-0.2699999999999996,-3.409090909090906,75457350.0
000859,20250529,7.65,7.49,7.8,7.92,-0.08999999999999986,-1.1235955056179803,100326213.0
000859,20250528,7.96,7.65,7.72,8.01,-0.6400000000000006,-7.398843930635845,138340694.0
000859,20250527,8.0,7.99,8.21,8.65,-0.02999999999999936,-0.3456221198156584,178042318.0
000859,20250526,7.92,7.85,8.27,8.68,0.7599999999999998,9.595959595959602,209232360.0
000859,20250523,7.5,7.37,7.92,7.92,0.3700000000000001,4.900662251655641,198530596.0
000859,20250522,7.4,7.18,7.2,7.55,-0.4500000000000002,-5.625000000000002,80452656.0
000859,20250521,7.4,7.18,7.6,8.0,0.34999999999999964,4.575163398692816,124303139.0
000859,20250520,7.23,7.12,7.48,7.65,0.3200000000000003,4.365620736698506,100960504.0
000859,20250519,7.07,7.03,7.3,7.33,0.21999999999999975,3.0942334739803012,79846365.0
000859,20250516,6.82,6.82,7.01,7.11,-0.1299999999999999,-1.7955801104972413,62139281.0
000859,20250515,7.11,6.83,6.86,7.24,-0.39999999999999947,-5.235602094240832,77750768.0
000859,20250514,7.05,7.05,7.17,7.64,0.5299999999999994,7.454289732770736,128176745.0
000859,20250513,6.88,6.66,7.04,7.11,0.23000000000000043,3.3430232558139705,92606963.0
000859,20250512,6.81,6.68,6.86,6.88,-0.3700000000000001,-5.103448275862066,62134990.0
000859,20250509,6.99,6.77,6.78,7.25,0.2599999999999998,3.719599427753928,103203663.0
000859,20250508,6.86,6.71,6.93,6.99,0.07000000000000028,1.0115606936416333,106777221.0
000859,20250507,6.4,6.28,6.92,6.92,0.5999999999999996,9.493670886075932,66603138.0
000859,20250506,6.1,6.06,6.29,6.32,-0.019999999999999574,-0.3154574132492094,61017355.0
000859,20250430,6.15,6.0,6.02,6.34,0.1299999999999999,2.093397745571668,56894917.0
000859,20250429,6.06,5.95,6.13,6.21,-0.21999999999999975,-3.4214618973561373,48959775.0
000859,20250428,6.38,6.06,6.08,6.43,-0.33999999999999986,-5.022156573116687,71495716.0
000859,20250425,6.7,6.4,6.42,6.77,-0.27000000000000046,-3.835227272727282,104482309.0
000859,20250424,6.76,6.56,6.87,7.04,-0.2599999999999998,-3.561643835616435,136859513.0
000859,20250423,7.2,6.65,6.72,7.3,-0.7999999999999998,-9.876543209876543,169315247.0
000859,20250422,7.34,7.09,7.38,8.1,0.5599999999999996,7.427055702917773,212147706.0
000859,20250421,7.04,6.94,7.54,7.54,0.3899999999999997,5.454545454545445,190091750.0
000859,20250418,6.71,6.61,6.85,7.15,0.6400000000000006,9.831029185867912,213599752.0
000859,20250417,5.88,5.81,6.51,6.51,0.39999999999999947,6.546644844517169,47525298.0
000859,20250416,6.01,5.71,5.92,6.11,-0.17999999999999972,-2.861685214626386,79005031.0
000859,20250415,6.28,6.06,6.11,6.29,-0.1900000000000004,-2.9320987654321007,74802444.0
000859,20250414,6.23,6.13,6.37,6.48,-0.04999999999999982,-0.7656967840734996,121609757.0
000859,20250411,6.16,6.1,6.21,6.53,-0.04999999999999982,-0.7598784194528863,144326971.0
000859,20250410,5.94,5.94,6.24,6.58,0.1200000000000001,1.8575851393188847,187757519.0
000859,20250409,5.83,5.47,6.18,6.46,0.5899999999999999,10.051107325383303,204817792.0
000859,20250408,5.24,5.07,5.87,5.87,-0.03000000000000025,-0.5084745762711895,102290515.0
000859,20250407,5.56,5.34,5.34,5.9,-0.3799999999999999,-6.050955414012737,89450242.0
000859,20250403,5.97,5.91,5.93,6.28,0.1299999999999999,2.113821138211369,136772190.0
000859,20250402,6.04,5.75,5.8,6.15,0.28000000000000025,4.7700170357751315,136468139.0
000859,20250401,5.38,5.37,5.87,5.87,0.28000000000000025,5.008944543828275,47026733.0
000859,20250331,5.45,5.26,5.34,5.59,-0.3700000000000001,-6.208053691275173,65286851.0
000859,20250328,5.74,5.48,5.51,5.96,0.2699999999999996,4.7451669595782064,111029300.0
000859,20250327,5.15,5.09,5.69,5.69,0.4800000000000004,9.213051823416517,64643174.0
000859,20250326,5.03,5.01,5.17,5.21,0.1299999999999999,2.5590551181102317,17758681.0
000859,20250325,5.02,4.96,5.03,5.08,-0.1299999999999999,-2.49520153550864,12991101.0
000859,20250324,5.21,4.93,5.03,5.21,-0.1299999999999999,-2.434456928838946,21351100.0
000859,20250321,5.32,5.18,5.19,5.34,-0.08000000000000007,-1.4760147601476037,21741525.0
000859,20250320,5.35,5.31,5.35,5.42,-0.03000000000000025,-0.5504587155963359,15675541.0
000859,20250319,5.45,5.32,5.34,5.45,-0.08999999999999986,-1.6245487364620947,19212438.0
000859,20250318,5.5,5.42,5.45,5.54,-0.04999999999999982,-0.8944543828264706,16580871.0
000859,20250317,5.55,5.47,5.51,5.59,0.03000000000000025,0.5395683453237377,21633001.0
000859,20250314,5.46,5.34,5.55,5.56,0.0,0.0,23969825.0
000859,20250313,5.55,5.34,5.46,5.56,-0.0600000000000005,-1.067615658362997,22498300.0
000859,20250312,5.53,5.5,5.55,5.62,0.04999999999999982,0.8976660682226134,24168800.0
000859,20250311,5.42,5.39,5.51,5.57,0.020000000000000462,0.3603603603603789,25598669.0
000859,20250310,5.3,5.3,5.48,5.55,0.08000000000000007,1.4625228519195677,32548979.0
000859,20250307,5.47,5.31,5.34,5.47,-0.03000000000000025,-0.545454545454549,24363400.0
000859,20250306,5.45,5.41,5.48,5.5,0.019999999999999574,0.36496350364962904,20076500.0
000859,20250305,5.41,5.35,5.45,5.48,0.020000000000000462,0.366300366300365,16536800.0
000859,20250304,5.36,5.34,5.44,5.46,-0.009999999999999787,-0.1828153564899404,16356154.0
000859,20250303,5.31,5.25,5.4,5.47,-0.03000000000000025,-0.545454545454549,22410180.0
000859,20250228,5.47,5.26,5.28,5.5,-0.1299999999999999,-2.3090586145648295,21921400.0
000859,20250227,5.6,5.4,5.52,5.63,-0.04999999999999982,-0.8802816901408383,25066600.0
000859,20250226,5.48,5.48,5.59,5.68,0.09999999999999964,1.7921146953404854,31815479.0
000859,20250225,5.38,5.33,5.47,5.58,0.0600000000000005,1.0869565217391353,26685658.0
000859,20250224,5.45,5.36,5.44,5.52,0.0,0.0,21835400.0
000859,20250221,5.43,5.34,5.45,5.52,0.0699999999999994,1.284403669724754,25081276.0
000859,20250220,5.29,5.27,5.43,5.45,0.1299999999999999,2.443609022556381,27934417.0
000859,20250219,5.16,5.13,5.3,5.32,-0.08000000000000007,-1.4814814814814836,16409100.0
000859,20250218,5.37,5.13,5.17,5.4,0.0,0.0,19957399.0
000859,20250217,5.3,5.26,5.37,5.4,0.05000000000000071,0.9345794392523477,22676341.0
000859,20250214,5.33,5.23,5.27,5.35,-0.1900000000000004,-3.429602888086647,24682230.0
000859,20250213,5.39,5.28,5.36,5.54,0.17999999999999972,3.3582089552238736,36334330.0
000859,20250212,5.25,5.24,5.34,5.36,0.010000000000000675,0.18691588785046953,23815526.0
000859,20250211,5.35,5.19,5.25,5.35,0.019999999999999574,0.37523452157597337,18424369.0
000859,20250210,5.2,5.18,5.33,5.33,0.07000000000000028,1.3307984790874583,26945900.0
000859,20250207,5.14,5.1,5.19,5.26,0.16000000000000014,3.1372549019607954,25894112.0
000859,20250206,5.0,4.93,5.1,5.1,0.0699999999999994,1.391650099403563,23437075.0
000859,20250205,4.94,4.92,5.0,5.03,-0.0699999999999994,-1.3725490196078272,18599810.0
000859,20250127,5.05,4.88,4.9,5.1,-0.03000000000000025,-0.5847953216374324,18666200.0
000859,20250124,5.06,4.99,5.03,5.13,-0.03000000000000025,-0.5813953488372103,22627801.0
000859,20250123,5.07,5.03,5.06,5.16,0.04999999999999982,0.9784735812133016,23859500.0
000859,20250122,5.05,4.99,5.02,5.11,-0.08999999999999986,-1.7307692307692246,19804075.0
000859,20250121,5.14,5.01,5.09,5.2,0.009999999999999787,0.19267822736031004,19368029.0
000859,20250120,5.07,4.98,5.13,5.19,0.040000000000000036,0.7766990291262044,24781740.0
000859,20250117,5.05,4.97,5.06,5.15,-0.040000000000000036,-0.770712909441229,20870529.0
000859,20250116,5.1,5.01,5.08,5.19,0.11000000000000032,2.1653543307086576,24702275.0
000859,20250115,5.04,4.97,5.04,5.08,0.020000000000000462,0.39525691699606735,22299200.0
000859,20250114,4.78,4.7,5.05,5.06,0.2599999999999998,5.41666666666667,36050656.0
000859,20250113,4.61,4.53,4.74,4.8,-0.16999999999999993,-3.420523138832998,24616500.0
000859,20250110,4.87,4.69,4.7,4.97,0.04999999999999982,1.0162601626016121,27588200.0
000859,20250109,4.79,4.75,4.87,4.92,0.07000000000000028,1.4432989690721598,24974500.0
000859,20250108,4.75,4.58,4.81,4.85,0.08999999999999986,1.8907563025210017,28935190.0
000859,20250107,4.58,4.57,4.75,4.76,0.05999999999999961,1.2765957446808418,27032036.0
000859,20250106,4.68,4.5,4.56,4.7,-0.33000000000000007,-6.5606361829025905,22681300.0
000859,20250103,4.96,4.63,4.65,5.03,-0.1200000000000001,-2.3300970873786464,31668381.0
000859,20250102,5.03,4.86,4.95,5.15,-0.05999999999999961,-1.151631477927051,29351342.0
000859,20241231,5.18,5.03,5.06,5.21,-0.16000000000000014,-2.979515828677848,28386241.0
000859,20241230,5.33,5.14,5.15,5.37,-0.09999999999999964,-1.8281535648994485,36259111.0
000859,20241227,5.33,5.32,5.37,5.47,0.019999999999999574,0.3669724770642091,38443500.0
000859,20241226,5.34,5.29,5.32,5.45,-0.16000000000000014,-2.8520499108734443,36351500.0
000859,20241225,5.58,5.25,5.3,5.61,-0.17999999999999972,-3.1088082901554404,52880548.0
000859,20241224,5.68,5.49,5.63,5.79,-0.6500000000000004,-10.09316770186336,59477824.0
000859,20241223,6.21,5.72,5.73,6.44,-0.4499999999999993,-6.531204644412181,96987461.0
000859,20241220,6.65,6.26,6.35,6.89,-1.490000000000001,-17.780429594272086,152261943.0
000859,20241219,8.38,6.95,6.95,8.38,0.660000000000001,8.54922279792747,229939824.0
000859,20241218,7.72,7.72,7.72,7.72,0.7000000000000002,9.971509971509974,8336936.0
000859,20241217,7.02,7.02,7.02,7.02,0.6399999999999997,10.03134796238243,2061141.0
000859,20241216,6.38,6.38,6.38,6.38,0.5599999999999996,9.621993127147753,2796315.0
000859,20241129,5.64,5.48,5.8,5.82,-0.019999999999999574,-0.3424657534246478,51588731.0
000859,20241128,5.64,5.64,5.66,5.84,0.13999999999999968,2.4561403508771784,40634500.0
000859,20241127,5.49,5.3,5.7,5.7,-0.25,-4.201680672268903,47889254.0
000859,20241126,5.57,5.57,5.62,5.95,0.15000000000000036,2.586206896551735,48243590.0
000859,20241125,5.61,5.46,5.56,5.8,-0.25,-4.1322314049586755,68698767.0
000859,20241122,5.5,5.5,5.71,6.05,0.4299999999999997,7.6512455516014155,112650919.0
000859,20241121,5.53,5.39,5.5,5.62,0.07000000000000028,1.2612612612612706,29985902.0
000859,20241120,5.39,5.39,5.52,5.55,0.13999999999999968,2.5878003696857554,28495500.0
000859,20241119,5.18,5.14,5.38,5.41,-0.05999999999999961,-1.0968921389396646,28583001.0
000859,20241118,5.39,5.09,5.18,5.47,-0.3100000000000005,-5.363321799307963,39794072.0
000859,20241115,5.54,5.39,5.43,5.78,-0.13999999999999968,-2.3648648648648574,45952130.0
000859,20241114,5.83,5.52,5.54,5.92,-0.07000000000000028,-1.16861435726211,37656990.0
000859,20241113,5.9,5.58,5.83,5.99,-0.6200000000000001,-9.379727685325268,62740589.0
000859,20241112,6.6,5.91,5.95,6.61,0.23000000000000043,3.6050156739811934,120964023.0
000859,20241111,5.98,5.86,6.38,6.38,0.28000000000000025,4.590163934426239,51779095.0
000859,20241108,5.72,5.72,5.8,6.1,0.3699999999999992,6.457242582897016,62529257.0
000859,20241107,5.4,5.31,5.66,5.73,0.020000000000000462,0.3502626970227851,57535691.0
000859,20241106,5.63,5.42,5.48,5.71,0.08000000000000007,1.4209591474245054,54264161.0
000859,20241105,5.55,5.44,5.56,5.63,0.09999999999999964,1.8083182640144635,50846575.0
000859,20241104,5.12,5.12,5.44,5.53,-0.5199999999999996,-8.595041322314046,54377768.0
000859,20241101,5.76,5.26,5.26,6.05,-0.040000000000000036,-0.6568144499178974,87878495.0
000859,20241031,5.54,5.43,5.84,6.09,0.10999999999999943,1.8394648829431315,113952971.0
000859,20241030,5.7,5.57,5.7,5.98,-0.16999999999999993,-2.764227642276418,124298536.0
000859,20241029,5.96,5.83,6.15,6.15,0.39000000000000057,6.770833333333348,144458234.0
000859,20241028,5.38,5.3,5.59,5.76,0.3700000000000001,6.864564007421148,91154596.0
000859,20241025,5.1,5.1,5.28,5.39,0.13999999999999968,2.6666666666666616,84170946.0
000859,20241024,5.19,5.0,5.1,5.25,-0.4500000000000002,-7.8947368421052655,92987748.0
000859,20241023,5.3,5.3,5.42,5.7,-0.6899999999999995,-10.79812206572769,126697273.0
000859,20241022,6.0,5.65,5.71,6.39,0.5800000000000001,9.982788296041312,236214831.0
000859,20241021,5.8,5.53,5.81,5.81,0.5299999999999994,10.037878787878785,114332842.0
000859,20241018,4.62,4.57,5.28,5.28,0.4800000000000004,10.000000000000009,108643195.0
000859,20241017,4.67,4.29,4.8,4.8,0.4399999999999995,10.091743119266038,122746830.0
000859,20241016,4.36,4.36,4.36,4.36,0.25,6.082725060827254,11894945.0
000859,20241015,4.0,3.93,3.96,4.11,0.0600000000000005,1.4814814814814836,16916100.0
000859,20241014,3.92,3.85,4.01,4.05,0.03000000000000025,0.7462686567164312,18058980.0
000859,20241011,3.98,3.82,3.86,4.02,-0.21000000000000085,-4.964539007092217,18674956.0
000859,20241010,4.04,3.89,4.01,4.23,-0.1299999999999999,-2.9816513761467878,31855621.0
000859,20241009,4.36,4.03,4.03,4.36,-0.1200000000000001,-2.67857142857143,44511631.0
000859,20241008,4.48,4.12,4.48,4.48,0.41000000000000014,10.073710073710075,49331463.0
000859,20240930,3.82,3.77,4.07,4.07,0.28000000000000025,7.387862796833788,43108845.0
000859,20240927,3.63,3.6,3.7,3.79,0.20000000000000018,5.571030640668528,30131933.0
000859,20240926,3.49,3.49,3.59,3.59,0.020000000000000018,0.5602240896358524,23002800.0
000859,20240925,3.46,3.41,3.5,3.57,0.11999999999999966,3.4782608695651973,31803428.0
000859,20240924,3.32,3.32,3.45,3.45,0.10000000000000009,2.9850746268656803,30119263.0
000859,20240923,3.33,3.29,3.32,3.35,-0.020000000000000018,-0.5934718100890191,14597910.0
000859,20240920,3.3,3.27,3.33,3.37,0.0,0.0,23933094.0
000859,20240919,3.26,3.22,3.31,3.37,-0.029999999999999805,-0.8823529411764675,30562668.0
000859,20240918,3.34,3.22,3.26,3.4,0.1299999999999999,3.9755351681957096,36706570.0
000859,20240913,3.24,3.18,3.2,3.27,-0.040000000000000036,-1.2084592145015116,18082841.0
000859,20240912,3.28,3.21,3.22,3.31,-0.029999999999999805,-0.8982035928143617,22075023.0
000859,20240911,3.34,3.27,3.28,3.34,-0.06000000000000005,-1.764705882352946,24429453.0
000859,20240910,3.34,3.25,3.37,3.4,-0.10000000000000009,-2.857142857142858,37026789.0
000859,20240909,3.41,3.34,3.36,3.5,-0.020000000000000018,-0.5681818181818232,47357066.0
000859,20240906,3.44,3.31,3.33,3.52,-0.14000000000000012,-3.825136612021862,59601577.0
000859,20240905,3.6,3.45,3.53,3.66,-0.5999999999999996,-14.084507042253513,83322963.0
000859,20240904,4.18,3.83,3.83,4.26,0.0,0.0,112465129.0
000859,20240903,4.1,3.89,4.26,4.26,0.3899999999999997,10.077519379844958,79435075.0
000859,20240902,3.87,3.73,3.87,3.87,0.3500000000000001,9.943181818181813,45425023.0
000859,20240830,3.52,3.52,3.52,3.52,0.31000000000000005,9.657320872274155,10255000.0
000859,20240829,3.11,3.09,3.2,3.21,0.04999999999999982,1.5822784810126445,9492558.0
000859,20240828,3.07,3.05,3.11,3.16,-0.040000000000000036,-1.2499999999999956,6744775.0
000859,20240827,3.16,3.06,3.07,3.2,-0.020000000000000018,-0.6211180124223614,8345100.0
000859,20240826,3.1,3.1,3.19,3.22,0.10000000000000009,3.205128205128216,8575400.0
000859,20240823,3.07,3.04,3.09,3.12,-0.06000000000000005,-1.8867924528301883,6638400.0
000859,20240822,3.16,3.09,3.09,3.18,0.0,0.0,6000100.0
000859,20240821,3.13,3.13,3.15,3.18,-0.040000000000000036,-1.2422360248447228,5292100.0
000859,20240820,3.22,3.13,3.16,3.22,-0.04999999999999982,-1.5290519877675823,7184700.0
000859,20240819,3.23,3.2,3.21,3.27,-0.06000000000000005,-1.8018018018018056,8401700.0
000859,20240816,3.31,3.2,3.25,3.33,0.0,0.0,9865100.0
000859,20240815,3.27,3.23,3.31,3.33,0.020000000000000018,0.6042296072507503,11762900.0
000859,20240814,3.24,3.23,3.28,3.31,0.06000000000000005,1.846153846153853,12410400.0
000859,20240813,3.2,3.15,3.24,3.25,-0.1299999999999999,-3.8461538461538436,11642550.0
000859,20240812,3.26,3.2,3.22,3.38,0.020000000000000018,0.5952380952380931,18561490.0
000859,20240809,3.28,3.24,3.33,3.36,0.10999999999999988,3.384615384615386,21202101.0
000859,20240808,3.2,3.16,3.24,3.25,0.009999999999999787,0.30864197530864335,7451330.0
000859,20240807,3.18,3.17,3.22,3.24,0.03000000000000025,0.9345794392523477,7863100.0
000859,20240806,3.13,3.13,3.2,3.21,-0.020000000000000018,-0.6191950464396245,9512900.0
000859,20240805,3.19,3.11,3.11,3.23,-0.06000000000000005,-1.823708206686936,9947600.0
000859,20240802,3.25,3.19,3.21,3.29,-0.029999999999999805,-0.9036144578313143,9124160.0
000859,20240801,3.26,3.25,3.29,3.32,0.04999999999999982,1.5290519877675823,11883600.0
000859,20240731,3.17,3.15,3.26,3.27,0.10000000000000009,3.154574132492116,12531602.0
000859,20240730,3.12,3.09,3.17,3.17,0.029999999999999805,0.9554140127388422,8375227.0
000859,20240729,3.11,3.08,3.12,3.14,0.020000000000000018,0.6410256410256387,7015959.0
000859,20240726,3.07,3.06,3.11,3.12,0.020000000000000018,0.6451612903225712,8593199.0
000859,20240725,3.01,2.98,3.07,3.1,0.0,0.0,12096669.0
000859,20240724,3.07,3.01,3.02,3.1,-0.14000000000000012,-4.320987654320996,14362604.0
000859,20240723,3.18,3.08,3.09,3.24,-0.10999999999999988,-3.2835820895522394,17915300.0
000859,20240722,3.16,3.15,3.2,3.35,-0.06000000000000005,-1.7595307917888547,24822526.0
000859,20240719,3.1,3.06,3.24,3.41,0.31000000000000005,10.000000000000009,35246620.0
000859,20240718,3.02,2.98,3.1,3.1,-0.020000000000000018,-0.6410256410256387,10960400.0
000859,20240717,3.09,3.05,3.05,3.12,0.0,0.0,7977101.0
000859,20240716,3.09,3.06,3.09,3.12,-0.06999999999999984,-2.1943573667711602,7733670.0
000859,20240715,3.17,3.07,3.09,3.19,-0.06999999999999984,-2.1472392638036797,9758800.0
000859,20240712,3.24,3.16,3.18,3.26,0.009999999999999787,0.3076923076922977,12253320.0
000859,20240711,3.14,3.13,3.24,3.25,0.1200000000000001,3.833865814696491,16447743.0
000859,20240710,3.13,3.06,3.08,3.13,-0.050000000000000266,-1.572327044025168,12260470.0
000859,20240709,3.14,3.05,3.14,3.18,-0.06999999999999984,-2.1538461538461506,16220573.0
000859,20240708,3.15,3.12,3.15,3.25,-0.06000000000000005,-1.812688821752273,16738550.0
000859,20240705,3.28,3.2,3.29,3.31,-0.1299999999999999,-3.779069767441856,11088700.0
000859,20240704,3.42,3.27,3.28,3.44,-0.020000000000000018,-0.5780346820809301,18664600.0
000859,20240703,3.43,3.39,3.42,3.46,0.0,0.0,12601320.0
000859,20240702,3.44,3.4,3.43,3.46,0.0,0.0,13441273.0
000859,20240701,3.4,3.34,3.44,3.46,-0.03000000000000025,-0.8595988538682042,17658923.0
000859,20240628,3.36,3.34,3.42,3.49,-0.019999999999999574,-0.5698005698005604,23886100.0
000859,20240627,3.51,3.37,3.38,3.51,-0.06000000000000005,-1.6806722689075682,31631254.0
000859,20240626,3.36,3.36,3.53,3.57,0.09999999999999964,2.881844380403442,45740184.0
000859,20240625,3.36,3.34,3.37,3.47,-0.1599999999999997,-4.407713498622579,28593444.0
000859,20240624,3.43,3.3,3.46,3.63,0.06999999999999984,1.96629213483146,46130543.0
000859,20240621,3.48,3.39,3.48,3.56,-0.16000000000000014,-4.301075268817211,29057402.0
000859,20240620,3.68,3.51,3.53,3.72,-0.20999999999999996,-5.343511450381677,46544912.0
000859,20240619,3.84,3.7,3.74,3.93,-0.06000000000000005,-1.5037593984962405,65597614.0
000859,20240618,3.7,3.61,3.9,3.99,0.17000000000000037,4.450261780104725,89553203.0
000859,20240617,3.82,3.82,3.82,3.82,-1.2200000000000002,-24.20634920634921,14030400.0
000859,20240614,4.58,4.15,4.24,5.04,0.45999999999999996,10.043668122270732,125607457.0
000859,20240613,4.58,4.58,4.58,4.58,0.41999999999999993,10.096153846153854,8014400.0
000859,20240612,4.16,4.16,4.16,4.16,0.38000000000000034,10.052910052910068,6223380.0
000859,20240611,3.7,3.6,3.78,3.78,0.33999999999999986,9.883720930232553,13768735.0
000859,20240607,3.18,3.18,3.44,3.44,0.08000000000000007,2.3809523809523725,12369673.0
000859,20240606,3.31,3.09,3.13,3.36,-0.050000000000000266,-1.4662756598240567,15443504.0
000859,20240605,3.4,3.3,3.31,3.41,-0.08999999999999986,-2.571428571428569,8614300.0
000859,20240604,3.47,3.33,3.41,3.5,-0.33000000000000007,-8.616187989556135,14276500.0
000859,20240603,3.79,3.43,3.49,3.83,-0.040000000000000036,-1.033591731266148,21668100.0
000859,20240531,3.8,3.77,3.81,3.87,0.0,0.0,6753800.0
000859,20240530,3.78,3.75,3.8,3.87,0.0,0.0,9039600.0
000859,20240529,3.84,3.77,3.8,3.87,-0.08999999999999986,-2.2727272727272707,9563300.0
000859,20240528,3.84,3.76,3.85,3.96,-0.010000000000000231,-0.25188916876575096,19466900.0
000859,20240527,3.75,3.63,3.86,3.97,0.1900000000000004,5.026455026455046,20065425.0
000859,20240524,3.73,3.7,3.71,3.78,-0.0900000000000003,-2.3255813953488413,5357500.0
000859,20240523,3.87,3.73,3.75,3.87,-0.020000000000000018,-0.5141388174807249,9006463.0
000859,20240522,3.81,3.81,3.85,3.89,-0.009999999999999787,-0.2564102564102555,4901400.0
000859,20240521,3.88,3.82,3.84,3.9,-0.08000000000000007,-2.010050251256279,5634200.0
000859,20240520,3.89,3.87,3.89,3.98,0.08000000000000007,2.051282051282044,8506825.0
000859,20240517,3.81,3.79,3.9,3.9,-0.020000000000000018,-0.5102040816326481,6806772.0
000859,20240516,3.85,3.81,3.83,3.92,0.020000000000000018,0.512820512820511,7742414.0
000859,20240515,3.81,3.75,3.84,3.9,0.040000000000000036,1.0362694300518172,7629822.0
000859,20240514,3.78,3.78,3.81,3.86,-0.08000000000000007,-2.0304568527918843,7391200.0
000859,20240513,3.93,3.75,3.77,3.94,-0.0900000000000003,-2.2332506203474045,9749294.0
000859,20240510,3.99,3.91,3.92,4.03,-0.05999999999999961,-1.4669926650366705,7815904.0
000859,20240509,4.0,3.97,3.99,4.09,-0.040000000000000036,-0.9685230024213065,8905000.0
000859,20240508,4.08,3.99,4.01,4.13,0.05999999999999961,1.4742014742014753,8111417.0
000859,20240507,4.01,3.96,4.07,4.07,0.07000000000000028,1.750000000000007,8307947.0
000859,20240506,3.94,3.91,3.99,4.0,0.08999999999999986,2.3017902813299296,8124324.0
000859,20240430,3.89,3.81,3.89,3.91,0.03000000000000025,0.773195876288657,8950744.0
000859,20240429,3.72,3.67,3.88,3.88,0.17999999999999972,4.86486486486486,8935300.0
000859,20240426,3.57,3.51,3.69,3.7,0.08000000000000007,2.20994475138121,10764045.0
000859,20240425,3.53,3.5,3.57,3.62,0.010000000000000231,0.27700831024930483,9089484.0
000859,20240424,3.55,3.51,3.59,3.61,0.009999999999999787,0.2777777777777768,7177916.0
000859,20240423,3.53,3.5,3.53,3.6,-0.009999999999999787,-0.27700831024930483,8775400.0
000859,20240422,3.61,3.43,3.49,3.61,-0.07000000000000028,-1.9021739130434812,8414500.0
000859,20240419,3.61,3.53,3.58,3.68,0.010000000000000231,0.2724795640327127,10325500.0
000859,20240418,3.63,3.57,3.58,3.67,0.04999999999999982,1.3812154696132506,10625951.0
000859,20240417,3.38,3.36,3.62,3.62,-0.20999999999999996,-5.483028720626626,16813421.0
000859,20240416,3.82,3.45,3.45,3.83,-0.3600000000000003,-8.591885441527458,16440630.0
000859,20240415,4.18,3.75,3.83,4.19,-0.019999999999999574,-0.47505938242279333,15988047.0
000859,20240412,4.17,4.08,4.1,4.21,-0.020000000000000462,-0.47281323877069736,7973300.0
000859,20240411,4.15,4.09,4.18,4.23,-0.05999999999999961,-1.3986013986013845,7849200.0
000859,20240410,4.29,4.09,4.15,4.29,0.0,0.0,9734300.0
000859,20240409,4.24,4.19,4.29,4.29,-0.03000000000000025,-0.6944444444444531,6903800.0
000859,20240408,4.3,4.17,4.19,4.32,-0.04999999999999982,-1.1441647597253968,8063604.0
000859,20240403,4.32,4.24,4.32,4.37,0.040000000000000036,0.9237875288683695,8625100.0
000859,20240402,4.25,4.23,4.32,4.33,0.07000000000000028,1.6431924882629234,9009494.0
000859,20240401,4.12,4.12,4.26,4.26,0.14999999999999947,3.649635036496335,10171730.0
000859,20240329,4.08,4.05,4.11,4.11,-0.02999999999999936,-0.7246376811594013,6293801.0
000859,20240328,3.93,3.92,4.09,4.14,0.019999999999999574,0.4854368932038833,9272361.0
000859,20240327,4.08,3.92,3.94,4.12,-0.009999999999999787,-0.2421307506053183,7784200.0
000859,20240326,4.06,4.0,4.09,4.13,-0.10000000000000053,-2.3640661938534424,8036347.0
000859,20240325,4.15,4.07,4.08,4.23,-0.009999999999999787,-0.2358490566037652,10772700.0
000859,20240322,4.24,4.11,4.14,4.24,-0.02999999999999936,-0.7025761124121677,9849150.0
000859,20240321,4.23,4.16,4.25,4.27,0.02999999999999936,0.7075471698112956,8948526.0
000859,20240320,4.14,4.12,4.23,4.24,0.040000000000000036,0.952380952380949,7961110.0
000859,20240319,4.15,4.12,4.14,4.2,0.04999999999999982,1.2048192771084265,7417390.0
000859,20240318,4.08,4.07,4.15,4.15,0.08000000000000007,1.9656019656019597,8415062.0
000859,20240315,3.97,3.93,4.07,4.07,0.040000000000000036,0.992555831265518,8268000.0
000859,20240314,4.0,3.9,3.96,4.03,-0.019999999999999574,-0.49382716049382047,7780022.0
000859,20240313,4.04,3.95,4.0,4.05,0.019999999999999574,0.4962779156327368,7362158.0
000859,20240312,3.93,3.92,4.03,4.03,0.0900000000000003,2.2842639593908753,10615658.0
000859,20240311,3.85,3.84,3.93,3.94,0.040000000000000036,1.025641025641022,8619723.0
000859,20240308,3.84,3.8,3.86,3.9,-0.040000000000000036,-1.0152284263959421,5931270.0
000859,20240307,3.89,3.83,3.85,3.94,-0.03000000000000025,-0.7556675062972307,10641413.0
000859,20240306,3.74,3.71,3.9,3.97,0.13000000000000034,3.385416666666674,14982290.0
000859,20240305,3.84,3.73,3.75,3.84,-0.13000000000000034,-3.2745591939546737,9221569.0
000859,20240304,3.94,3.78,3.85,3.97,0.0,0.0,11664706.0
000859,20240301,3.9,3.86,3.94,3.97,0.050000000000000266,1.2755102040816313,8981599.0
000859,20240229,3.8,3.73,3.91,3.92,-0.33000000000000007,-7.76470588235294,12467586.0
000859,20240228,4.14,3.78,3.78,4.25,0.11000000000000032,2.657004830917886,19205556.0
000859,20240227,3.96,3.9,4.14,4.14,0.08999999999999986,2.2222222222222143,9293907.0
000859,20240226,3.99,3.87,3.98,4.05,0.1299999999999999,3.316326530612246,12317961.0
000859,20240223,3.8,3.78,3.92,3.92,0.14000000000000012,3.703703703703698,12488321.0
000859,20240222,3.66,3.6,3.76,3.78,-0.020000000000000018,-0.5263157894736858,10853780.0
000859,20240221,3.55,3.51,3.67,3.8,0.18999999999999995,5.263157894736836,11954000.0
000859,20240220,3.53,3.43,3.59,3.61,-0.020000000000000018,-0.5509641873278293,9314147.0
000859,20240219,3.5,3.42,3.54,3.63,0.25,7.396449704142016,16682909.0
000859,20240208,3.08,2.98,3.38,3.38,0.06999999999999984,2.114803625377637,25380112.0
000859,20240207,3.31,3.04,3.07,3.31,-0.16000000000000014,-4.610951008645536,19969061.0
000859,20240206,3.23,3.04,3.26,3.47,-0.2799999999999998,-7.466666666666666,22024162.0
000859,20240205,3.74,3.38,3.38,3.75,-0.33000000000000007,-8.088235294117652,16879100.0
000859,20240202,4.01,3.59,3.75,4.08,-0.05999999999999961,-1.449275362318836,15904442.0
000859,20240201,4.14,3.94,3.99,4.14,-0.34000000000000075,-7.589285714285731,8605475.0
000859,20240131,4.45,4.13,4.14,4.48,-0.16999999999999993,-3.655913978494618,9946100.0
000859,20240130,4.6,4.45,4.45,4.65,-0.17999999999999972,-3.7267080745341574,4996533.0
000859,20240129,4.83,4.63,4.64,4.83,-0.040000000000000036,-0.8213552361396315,5695240.0
000859,20240126,4.76,4.73,4.81,4.87,0.10000000000000053,2.096436058700224,5631000.0
000859,20240125,4.58,4.54,4.75,4.77,0.1899999999999995,4.148471615720517,6331839.0
000859,20240124,4.5,4.4,4.57,4.58,0.0600000000000005,1.3274336283185972,6257133.0
000859,20240123,4.47,4.38,4.48,4.52,-0.34000000000000075,-6.995884773662564,7655638.0
000859,20240122,4.86,4.47,4.52,4.86,-0.08999999999999986,-1.8181818181818188,10004044.0
000859,20240119,4.88,4.83,4.87,4.95,-0.009999999999999787,-0.20161290322580072,5597344.0
000859,20240118,4.95,4.72,4.86,4.96,-0.1299999999999999,-2.5540275049115935,8357468.0
000859,20240117,5.07,4.92,4.95,5.09,-0.07000000000000028,-1.3565891472868241,5608200.0
000859,20240116,5.16,5.01,5.07,5.16,-0.040000000000000036,-0.7692307692307665,7165441.0
000859,20240115,5.2,5.1,5.14,5.2,-0.10999999999999943,-2.0715630885122294,6756060.0
000859,20240112,5.24,5.19,5.2,5.31,0.02999999999999936,0.5681818181818121,8294078.0
000859,20240111,5.21,5.17,5.26,5.28,-0.05999999999999961,-1.1235955056179692,8694718.0
000859,20240110,5.33,5.17,5.22,5.34,-0.14000000000000057,-2.554744525547459,11848384.0
000859,20240109,5.37,5.29,5.38,5.48,-0.17999999999999972,-3.180212014134276,20019189.0
000859,20240108,5.55,5.37,5.4,5.66,-0.2999999999999998,-5.033557046979864,30665409.0
000859,20240105,5.4,5.33,5.6,5.96,0.3600000000000003,6.428571428571428,40103493.0
000859,20240104,5.36,5.36,5.42,5.6,0.16999999999999993,3.130755064456725,14243590.0
000859,20240103,5.37,5.33,5.39,5.43,0.0,0.0,5463275.0
000859,20240102,5.32,5.31,5.4,5.43,0.08999999999999986,1.6853932584269593,5108225.0
000859,20231229,5.3,5.21,5.31,5.34,0.03000000000000025,0.5649717514124353,5186323.0
000859,20231228,5.24,5.17,5.27,5.31,0.040000000000000036,0.7590132827324458,5668968.0
000859,20231227,5.18,5.14,5.23,5.27,0.02999999999999936,0.5725190839694472,3820837.0
000859,20231226,5.24,5.14,5.15,5.24,-0.05999999999999961,-1.1320754716981019,3756400.0
000859,20231225,5.28,5.18,5.24,5.3,-0.11000000000000032,-2.0332717190388205,4797380.0
000859,20231222,5.3,5.26,5.32,5.41,0.0600000000000005,1.1214953271028172,5831700.0
000859,20231221,5.27,5.17,5.35,5.35,-0.1900000000000004,-3.429602888086647,6909100.0
000859,20231220,5.31,5.29,5.29,5.54,0.20999999999999996,3.9399624765478425,7708599.0
000859,20231219,5.25,5.22,5.31,5.33,-0.08000000000000007,-1.4787430683918634,4829700.0
000859,20231218,5.4,5.22,5.24,5.41,-0.040000000000000036,-0.7339449541284404,6889150.0
000859,20231215,5.4,5.38,5.41,5.45,-0.009999999999999787,-0.1831501831501825,5507662.0
000859,20231214,5.42,5.38,5.38,5.46,-0.03000000000000025,-0.5464480874316946,4611600.0
000859,20231213,5.38,5.33,5.39,5.49,0.10000000000000053,1.855287569573294,6331800.0
000859,20231212,5.36,5.31,5.37,5.39,0.009999999999999787,0.18587360594795044,4507477.0
000859,20231211,5.32,5.26,5.32,5.38,-0.11000000000000032,-2.0036429872495543,7346391.0
000859,20231208,5.48,5.31,5.33,5.49,-0.0699999999999994,-1.2589928057553879,6343732.0
000859,20231207,5.56,5.44,5.48,5.56,-0.020000000000000462,-0.35842293906810374,5094300.0
000859,20231206,5.52,5.45,5.53,5.58,-0.019999999999999574,-0.35714285714284477,5805635.0
000859,20231205,5.57,5.48,5.48,5.6,-0.040000000000000036,-0.7092198581560294,5049400.0
000859,20231204,5.61,5.55,5.58,5.64,0.0,0.0,4965600.0
000859,20231201,5.6,5.54,5.6,5.64,-0.040000000000000036,-0.7042253521126751,4259800.0
000859,20231130,5.68,5.53,5.6,5.68,-0.11000000000000032,-1.8998272884283351,5636300.0
000859,20231129,5.69,5.67,5.69,5.79,0.08000000000000007,1.4010507880910739,6627810.0
000859,20231128,5.64,5.6,5.7,5.71,0.03000000000000025,0.5281690140845008,5047497.0
000859,20231127,5.6,5.58,5.64,5.68,-0.020000000000000462,-0.35087719298246833,6402147.0
000859,20231124,5.69,5.58,5.62,5.7,-0.03000000000000025,-0.5235602094240899,7623068.0
000859,20231123,5.68,5.64,5.7,5.73,-0.05999999999999961,-1.036269430051806,7986261.0
000859,20231122,5.75,5.64,5.66,5.79,-0.04999999999999982,-0.8561643835616417,10335519.0
000859,20231121,5.8,5.75,5.77,5.84,-0.009999999999999787,-0.17094017094017033,7303900.0
000859,20231120,5.8,5.76,5.79,5.85,0.019999999999999574,0.34305317324183626,8522280.0
000859,20231117,5.69,5.68,5.8,5.83,0.0600000000000005,1.0398613518197708,11293200.0
000859,20231116,5.7,5.68,5.7,5.77,0.02999999999999936,0.522648083623678,7299901.0
000859,20231115,5.72,5.65,5.74,5.74,-0.009999999999999787,-0.17391304347825765,9979480.0
000859,20231114,5.74,5.67,5.69,5.75,-0.009999999999999787,-0.17361111111110494,8028060.0
000859,20231113,5.71,5.63,5.68,5.76,-0.020000000000000462,-0.34602076124568004,11680914.0
000859,20231110,5.63,5.6,5.71,5.78,-0.1200000000000001,-2.033898305084747,20387407.0
000859,20231109,5.77,5.61,5.64,5.9,0.2400000000000002,4.240282685512375,35851870.0
000859,20231108,5.55,5.47,5.66,5.66,0.10000000000000053,1.7985611510791477,11593671.0
000859,20231107,5.53,5.47,5.53,5.56,0.040000000000000036,0.7246376811594235,5164360.0
000859,20231106,5.46,5.46,5.52,5.52,0.019999999999999574,0.363636363636366,5699600.0
000859,20231103,5.45,5.44,5.45,5.5,-0.05999999999999961,-1.0791366906474753,4964900.0
000859,20231102,5.49,5.45,5.47,5.56,0.02999999999999936,0.5424954792043302,5974800.0
000859,20231101,5.48,5.42,5.5,5.53,0.03000000000000025,0.5454545454545601,7358900.0
000859,20231031,5.47,5.41,5.44,5.5,0.0,0.0,4871513.0
000859,20231030,5.46,5.4,5.44,5.5,-0.009999999999999787,-0.1814882032667886,6437732.0
000859,20231027,5.38,5.33,5.47,5.51,0.1299999999999999,2.4163568773234223,6572045.0
000859,20231026,5.29,5.24,5.38,5.38,0.040000000000000036,0.7490636704119868,6267460.0
000859,20231025,5.23,5.23,5.3,5.34,0.1200000000000001,2.298850574712641,6412077.0
000859,20231024,5.0,4.98,5.2,5.22,0.0,0.0,9902400.0
000859,20231023,5.2,4.68,4.99,5.22,-0.08000000000000007,-1.5094339622641506,11448501.0
000859,20231020,5.3,5.19,5.2,5.3,-0.11000000000000032,-2.0332717190388205,4529919.0
000859,20231019,5.32,5.28,5.3,5.41,-0.04999999999999982,-0.9157509157509125,5680100.0
000859,20231018,5.44,5.34,5.35,5.46,-0.05999999999999961,-1.0869565217391242,5227155.0
000859,20231017,5.51,5.42,5.43,5.52,-0.0600000000000005,-1.0752688172043112,4423600.0
000859,20231016,5.46,5.43,5.49,5.58,0.0600000000000005,1.0869565217391353,7744723.0
000859,20231013,5.49,5.44,5.47,5.52,0.0,0.0,5950745.0
000859,20231012,5.45,5.38,5.5,5.52,0.03999999999999915,0.7299270072992581,8825045.0
000859,20231011,5.34,5.32,5.43,5.48,0.13000000000000078,2.4299065420560817,8716329.0
000859,20231010,5.34,5.29,5.33,5.35,-0.040000000000000036,-0.7421150278293154,3429799.0
000859,20231009,5.36,5.31,5.32,5.39,0.0,0.0,4693260.0
000859,20230928,5.26,5.26,5.37,5.39,0.0699999999999994,1.3157894736842035,6033159.0
000859,20230927,5.29,5.26,5.26,5.32,-0.05999999999999961,-1.1152416356877248,4364671.0
000859,20230926,5.38,5.27,5.29,5.38,-0.0600000000000005,-1.1029411764705954,7201200.0
000859,20230925,5.4,5.32,5.4,5.44,0.020000000000000462,0.3690036900369176,7073471.0
000859,20230922,5.34,5.31,5.4,5.42,0.03000000000000025,0.5565862708719838,8144796.0
000859,20230921,5.35,5.29,5.34,5.39,0.040000000000000036,0.7476635514018781,5900930.0
000859,20230920,5.31,5.3,5.32,5.35,-0.0600000000000005,-1.1090573012939142,4607160.0
000859,20230919,5.39,5.31,5.33,5.41,-0.019999999999999574,-0.36832412523019054,5828200.0
000859,20230918,5.35,5.33,5.4,5.43,-0.040000000000000036,-0.7312614259597838,6694888.0
000859,20230915,5.4,5.38,5.43,5.47,0.0,0.0,8244287.0
000859,20230914,5.43,5.36,5.42,5.47,-0.1200000000000001,-2.146690518783545,9413200.0
000859,20230913,5.48,5.4,5.48,5.59,0.019999999999999574,0.35906642728904536,18202514.0
000859,20230912,5.52,5.45,5.48,5.57,-0.1200000000000001,-2.108963093145877,22066032.0
000859,20230911,5.51,5.45,5.54,5.69,-0.10999999999999943,-1.8965517241379182,48448080.0
000859,20230908,5.3,5.28,5.63,5.8,0.33999999999999986,6.227106227106227,47913088.0
000859,20230907,5.45,5.26,5.27,5.46,-0.040000000000000036,-0.727272727272732,10822969.0
000859,20230906,5.24,5.22,5.48,5.5,0.21999999999999975,4.166666666666652,20404663.0
000859,20230905,5.17,5.15,5.26,5.28,0.10000000000000053,1.9305019305019488,5917641.0
000859,20230904,5.11,5.1,5.18,5.18,0.0,0.0,4789700.0
000859,20230901,5.15,5.08,5.11,5.18,0.019999999999999574,0.3875968992248069,4610912.0
000859,20230831,5.08,5.05,5.15,5.16,-0.009999999999999787,-0.19342359767891004,6197360.0
000859,20230830,5.1,5.05,5.09,5.17,0.08000000000000007,1.5717092337917515,5744161.0
000859,20230829,4.98,4.97,5.07,5.09,-0.04999999999999982,-0.9727626459143934,4698413.0
000859,20230828,5.11,4.97,4.99,5.14,0.09999999999999964,1.984126984126977,9269830.0
000859,20230825,4.94,4.85,4.89,5.04,0.009999999999999787,0.1988071570576455,6491630.0
000859,20230824,4.96,4.9,4.98,5.03,-0.019999999999999574,-0.3960396039603853,3924830.0
000859,20230823,5.05,4.95,4.96,5.05,-0.0600000000000005,-1.1741682974559797,2395055.0
000859,20230822,5.06,4.96,5.06,5.11,-0.040000000000000036,-0.7766990291262155,3781590.0
000859,20230821,5.08,5.03,5.05,5.15,-0.040000000000000036,-0.770712909441229,2643100.0
000859,20230818,5.14,5.07,5.08,5.19,0.020000000000000462,0.3868471953578423,3073400.0
000859,20230817,5.08,5.05,5.16,5.17,-0.009999999999999787,-0.19305019305019266,2859287.0
000859,20230816,5.18,5.08,5.08,5.18,-0.040000000000000036,-0.7662835249042099,2678975.0
000859,20230815,5.22,5.09,5.16,5.22,-0.010000000000000675,-0.19120458891014325,4399834.0
000859,20230814,5.18,5.09,5.19,5.23,-0.1299999999999999,-2.425373134328357,4965544.0
000859,20230811,5.36,5.18,5.18,5.36,-0.0699999999999994,-1.2891344383056946,6458201.0
000859,20230810,5.42,5.33,5.35,5.43,-0.03000000000000025,-0.5494505494505586,3928234.0
000859,20230809,5.45,5.38,5.42,5.46,-0.09999999999999964,-1.7985611510791255,4686710.0
000859,20230808,5.41,5.36,5.49,5.56,0.1299999999999999,2.3941068139963217,8767876.0
000859,20230807,5.42,5.39,5.42,5.43,-0.05000000000000071,-0.9124087591241059,2807008.0
000859,20230804,5.45,5.41,5.42,5.48,0.0,0.0,4094715.0
000859,20230803,5.47,5.41,5.43,5.48,-0.04999999999999982,-0.9041591320072317,3700140.0
000859,20230802,5.49,5.44,5.49,5.53,-0.04999999999999982,-0.8960573476702427,5331790.0
000859,20230801,5.45,5.43,5.48,5.58,0.09999999999999964,1.8248175182481674,5730531.0
000859,20230731,5.31,5.3,5.46,5.48,0.17000000000000082,3.201506591337111,8213891.0
000859,20230728,5.29,5.22,5.3,5.31,-0.040000000000000036,-0.747663551401867,6005600.0
000859,20230727,5.32,5.27,5.29,5.35,-0.03000000000000025,-0.5576208178438735,3674300.0
000859,20230726,5.38,5.3,5.32,5.38,0.0,0.0,3749600.0
000859,20230725,5.33,5.33,5.36,5.38,0.009999999999999787,0.18621973929235924,4842000.0
000859,20230724,5.33,5.27,5.29,5.37,-0.05999999999999961,-1.104972375690605,4328144.0
000859,20230721,5.42,5.29,5.33,5.43,-0.16000000000000014,-2.8622540250447304,4783520.0
000859,20230720,5.53,5.36,5.4,5.59,0.03000000000000025,0.5395683453237377,7960400.0
000859,20230719,5.54,5.49,5.52,5.56,-0.10000000000000053,-1.7667844522968323,4645153.0
000859,20230718,5.44,5.41,5.53,5.66,0.20000000000000018,3.663003663003672,15343682.0
000859,20230717,5.24,5.18,5.44,5.46,0.0,0.0,9995154.0
000859,20230714,5.41,5.38,5.43,5.46,0.03000000000000025,0.5524861878453136,6820260.0
000859,20230713,5.39,5.37,5.41,5.43,-0.03000000000000025,-0.5494505494505586,5679646.0
000859,20230712,5.45,5.37,5.37,5.46,-0.009999999999999787,-0.1828153564899404,6943662.0
000859,20230711,5.41,5.38,5.46,5.47,-0.010000000000000675,-0.18248175182482562,8354321.0
000859,20230710,5.42,5.37,5.39,5.48,-0.019999999999999574,-0.3636363636363549,9942100.0
000859,20230707,5.4,5.38,5.42,5.5,0.009999999999999787,0.18214936247722413,10177361.0
000859,20230706,5.4,5.37,5.41,5.49,-0.009999999999999787,-0.181818181818183,10945785.0
000859,20230705,5.47,5.37,5.4,5.5,-0.04999999999999982,-0.9009009009009028,14439913.0
000859,20230704,5.55,5.32,5.44,5.55,0.09999999999999964,1.83486238532109,35941291.0
000859,20230703,5.0,4.99,5.45,5.45,0.46999999999999975,9.437751004016048,22688320.0
000859,20230630,4.9,4.88,4.95,4.98,0.08000000000000007,1.6326530612244872,4743950.0
000859,20230629,4.83,4.8,4.9,4.9,0.05000000000000071,1.030927835051565,4415030.0
000859,20230628,4.84,4.75,4.81,4.85,0.009999999999999787,0.20661157024792765,3123290.0
000859,20230627,4.74,4.72,4.84,4.84,0.05999999999999961,1.2552301255229992,4565290.0
000859,20230626,4.72,4.68,4.7,4.78,-0.04999999999999982,-1.0351966873705987,4482754.0
000859,20230621,4.82,4.75,4.75,4.83,-0.04999999999999982,-1.0245901639344246,3990576.0
000859,20230620,4.83,4.76,4.82,4.88,-0.040000000000000036,-0.8130081300813052,5310566.0
000859,20230619,4.9,4.81,4.83,4.92,0.0,0.0,4698545.0
000859,20230616,4.81,4.8,4.88,4.92,0.08000000000000007,1.6528925619834656,6177173.0
000859,20230615,4.73,4.7,4.81,4.84,0.09999999999999964,2.1097046413502074,4871656.0
000859,20230614,4.71,4.68,4.73,4.74,-0.019999999999999574,-0.42016806722687816,3869400.0
000859,20230613,4.74,4.69,4.71,4.76,0.0,0.0,3238969.0
000859,20230612,4.64,4.6,4.75,4.76,-0.020000000000000462,-0.4184100418410108,4974587.0
000859,20230609,4.77,4.6,4.65,4.78,-0.08000000000000007,-1.6460905349794275,9960086.0
000859,20230608,4.84,4.75,4.77,4.86,-0.0699999999999994,-1.4198782961460377,6827970.0
000859,20230607,4.9,4.83,4.85,4.93,-0.1200000000000001,-2.3762376237623783,6562000.0
000859,20230606,5.04,4.9,4.91,5.05,-0.020000000000000462,-0.39447731755425375,6682953.0
000859,20230605,5.05,5.02,5.04,5.07,0.010000000000000675,0.19762845849804478,4212702.0
000859,20230602,5.01,4.99,5.05,5.06,0.02999999999999936,0.5964214711729587,4125766.0
000859,20230601,4.98,4.96,5.01,5.03,-0.009999999999999787,-0.1984126984126977,3333021.0
000859,20230531,5.03,4.98,4.99,5.04,-0.009999999999999787,-0.1980198019801982,3363526.0
000859,20230530,5.02,4.97,5.05,5.05,-0.04999999999999982,-0.9803921568627416,3344567.0
000859,20230529,5.08,5.02,5.02,5.1,0.009999999999999787,0.19646365422396617,4261025.0
000859,20230526,5.08,5.0,5.08,5.09,-0.08000000000000007,-1.5473887814313358,5108789.0
000859,20230525,5.13,5.02,5.07,5.17,-0.08999999999999986,-1.7110266159695797,9057806.0
000859,20230524,4.99,4.97,5.17,5.26,0.25,4.990019960079839,15550716.0
000859,20230523,4.98,4.93,4.99,5.01,0.040000000000000036,0.8048289738430636,4368826.0
000859,20230522,4.96,4.93,4.97,4.97,-0.010000000000000675,-0.20080321285141922,3364798.0
000859,20230519,4.97,4.9,4.95,4.98,-0.02999999999999936,-0.5988023952095634,4739762.0
000859,20230518,5.01,4.95,4.96,5.01,0.0,0.0,4211668.0
000859,20230517,4.97,4.96,4.99,5.01,-0.03000000000000025,-0.5952380952381042,4483430.0
000859,20230516,5.03,4.96,4.99,5.04,0.009999999999999787,0.1988071570576455,2697450.0
000859,20230515,5.0,4.95,5.03,5.03,-0.02999999999999936,-0.5928853754940566,3534565.0
000859,20230512,5.04,4.98,4.98,5.06,0.009999999999999787,0.1980198019801982,4246478.0
000859,20230511,5.01,4.99,5.05,5.05,0.03000000000000025,0.5976095617529875,4512609.0
000859,20230510,4.97,4.94,5.0,5.02,-0.010000000000000675,-0.19880715705766772,3765730.0
000859,20230509,5.02,4.94,4.95,5.03,0.0,0.0,6340263.0
000859,20230508,5.01,5.0,5.03,5.03,-0.02999999999999936,-0.5928853754940566,5314900.0
000859,20230505,5.06,4.97,5.0,5.06,-0.040000000000000036,-0.7843137254901933,5647950.0
000859,20230504,5.01,5.01,5.06,5.1,0.04999999999999982,0.990099009900991,7145230.0
000859,20230428,5.0,4.98,5.04,5.05,0.009999999999999787,0.1984126984126977,7992448.0
000859,20230427,4.97,4.93,5.0,5.04,-0.1299999999999999,-2.5145067698259194,7523718.0
000859,20230426,5.0,4.99,5.01,5.17,-0.3200000000000003,-5.828779599271405,18170866.0
000859,20230425,5.49,5.32,5.38,5.49,-0.009999999999999787,-0.181818181818183,5711613.0
000859,20230424,5.42,5.35,5.45,5.5,-0.05999999999999961,-1.0791366906474753,4310938.0
000859,20230421,5.56,5.37,5.41,5.56,-0.08000000000000007,-1.4184397163120588,8583127.0
000859,20230420,5.62,5.52,5.53,5.64,-0.010000000000000675,-0.1769911504424848,4200400.0
000859,20230419,5.65,5.59,5.61,5.65,-0.040000000000000036,-0.702987697715296,4779021.0
000859,20230418,5.69,5.6,5.63,5.69,-0.02999999999999936,-0.5244755244755095,5328956.0
000859,20230417,5.63,5.59,5.68,5.72,0.0699999999999994,1.2389380530973382,6431244.0
000859,20230414,5.57,5.48,5.64,5.65,-0.05999999999999961,-1.0507880910682998,8968501.0
000859,20230413,5.7,5.54,5.54,5.71,0.0,0.0,9577400.0
000859,20230412,5.7,5.66,5.7,5.71,-0.05999999999999961,-1.0398613518197486,5820900.0
000859,20230411,5.73,5.64,5.7,5.77,-0.10000000000000053,-1.7035775127768438,7697710.0
000859,20230410,5.86,5.75,5.76,5.87,-0.04999999999999982,-0.8445945945945943,7810340.0
000859,20230407,5.92,5.8,5.88,5.92,-0.009999999999999787,-0.1686340640809414,6800770.0
000859,20230406,5.83,5.78,5.9,5.93,-0.040000000000000036,-0.670016750418756,7857071.0
000859,20230404,5.95,5.84,5.85,5.97,-0.010000000000000675,-0.16722408026756952,10409421.0
000859,20230403,5.9,5.88,5.98,5.98,0.040000000000000036,0.6734006734006703,8871507.0
000859,20230331,5.87,5.86,5.89,5.94,-0.04999999999999982,-0.8347245409014992,6268900.0
000859,20230330,5.97,5.85,5.87,5.99,-0.08999999999999986,-1.4802631578947345,11572442.0
000859,20230329,5.97,5.96,5.99,6.08,-0.040000000000000036,-0.6535947712418277,8763246.0
000859,20230328,6.11,5.96,5.97,6.12,0.0,0.0,8801400.0
000859,20230327,6.01,6.0,6.1,6.12,0.04999999999999982,0.8237232289950658,14891325.0
000859,20230324,6.03,5.97,6.01,6.07,0.03000000000000025,0.4966887417218624,8806089.0
000859,20230323,6.01,5.96,6.03,6.04,-0.040000000000000036,-0.6578947368421018,10226472.0
000859,20230322,6.01,5.96,6.04,6.08,0.07000000000000028,1.1647254575707144,14117600.0
000859,20230321,5.93,5.88,6.0,6.01,0.0699999999999994,1.1784511784511675,14327044.0
000859,20230320,5.87,5.85,5.9,5.94,0.05000000000000071,0.8488964346349936,9789700.0
000859,20230317,5.81,5.78,5.88,5.89,-0.03000000000000025,-0.5067567567567655,10059383.0
000859,20230316,5.88,5.76,5.77,5.92,-0.07000000000000028,-1.16861435726211,11419373.0
000859,20230315,5.69,5.68,5.87,5.99,0.20999999999999996,3.633217993079585,18837600.0
000859,20230314,5.74,5.65,5.66,5.78,-0.09999999999999964,-1.7006802721088343,9314990.0
000859,20230313,5.81,5.72,5.79,5.88,-0.04999999999999982,-0.8431703204047181,10280703.0
000859,20230310,5.78,5.77,5.86,5.93,-0.010000000000000675,-0.16835016835018424,12702475.0
000859,20230309,5.81,5.79,5.87,5.94,0.08000000000000007,1.3651877133105783,17806718.0
000859,20230308,5.63,5.61,5.79,5.86,0.07000000000000028,1.2089810017271274,9841515.0
000859,20230307,5.77,5.62,5.63,5.79,0.0,0.0,8241300.0
000859,20230306,5.77,5.74,5.76,5.79,-0.03000000000000025,-0.5154639175257825,3869301.0
000859,20230303,5.79,5.74,5.76,5.82,-0.0699999999999994,-1.1884550084889534,4180367.0
000859,20230302,5.86,5.77,5.78,5.89,0.09999999999999964,1.7271157167530138,6865200.0
000859,20230301,5.77,5.75,5.79,5.79,0.009999999999999787,0.17301038062282892,4570668.0
000859,20230228,5.73,5.68,5.76,5.78,-0.02999999999999936,-0.5163511187607495,5107768.0
000859,20230227,5.79,5.72,5.72,5.81,-0.05000000000000071,-0.8532423208191253,4203800.0
000859,20230224,5.84,5.78,5.81,5.86,-0.040000000000000036,-0.6779661016949157,4489300.0
000859,20230223,5.9,5.83,5.84,5.9,0.0,0.0,4294609.0
000859,20230222,5.86,5.84,5.87,5.9,0.03000000000000025,0.5110732538330609,4951934.0
000859,20230221,5.79,5.79,5.86,5.87,0.040000000000000036,0.6861063464836947,5635545.0
000859,20230220,5.78,5.75,5.83,5.83,-0.040000000000000036,-0.6814310051107331,5037937.0
000859,20230217,5.79,5.77,5.77,5.87,-0.1299999999999999,-2.166666666666661,6390532.0
000859,20230216,5.96,5.73,5.77,6.0,0.040000000000000036,0.6711409395973256,11756802.0
000859,20230215,5.94,5.91,5.95,5.96,-0.1200000000000001,-1.9736842105263164,6845551.0
000859,20230214,5.89,5.86,5.94,6.08,0.1900000000000004,3.2258064516129004,10793231.0
000859,20230213,5.89,5.85,5.88,5.89,-0.010000000000000675,-0.16949152542373724,4136330.0
000859,20230210,5.86,5.82,5.86,5.9,0.040000000000000036,0.6825938566553003,5416860.0
000859,20230209,5.81,5.77,5.86,5.86,0.020000000000000462,0.34246575342467,5531501.0
000859,20230208,5.81,5.77,5.8,5.84,0.019999999999999574,0.3436426116838476,4560500.0
000859,20230207,5.8,5.76,5.81,5.82,0.010000000000000675,0.1721170395869276,5183709.0
000859,20230206,5.81,5.75,5.79,5.81,-0.040000000000000036,-0.6837606837606813,4027770.0
000859,20230203,5.85,5.7,5.81,5.85,-0.020000000000000462,-0.34071550255537764,7506000.0
000859,20230202,5.86,5.81,5.83,5.87,0.020000000000000462,0.34188034188034067,5624590.0
000859,20230201,5.75,5.75,5.84,5.85,0.09999999999999964,1.7391304347825987,7059763.0
000859,20230131,5.69,5.67,5.73,5.75,-0.009999999999999787,-0.17361111111110494,3582549.0
000859,20230130,5.68,5.68,5.71,5.76,0.1200000000000001,2.127659574468077,5970259.0
000859,20230120,5.59,5.57,5.63,5.64,0.04999999999999982,0.8944543828264706,4345201.0
000859,20230119,5.52,5.5,5.59,5.59,0.05999999999999961,1.0849909584086825,3975898.0
000859,20230118,5.52,5.47,5.52,5.53,0.0,0.0,3384504.0
000859,20230117,5.53,5.47,5.49,5.53,0.010000000000000675,0.18115942028986698,2289855.0
000859,20230116,5.42,5.4,5.5,5.52,0.04999999999999982,0.9140767824497242,4860330.0
000859,20230113,5.44,5.4,5.43,5.47,0.019999999999999574,0.3669724770642091,2843563.0
000859,20230112,5.45,5.4,5.43,5.45,-0.04999999999999982,-0.9090909090909038,2825300.0
000859,20230111,5.46,5.41,5.41,5.5,-0.03000000000000025,-0.5424954792043413,3663148.0
000859,20230110,5.52,5.44,5.45,5.53,-0.019999999999999574,-0.3603603603603567,3622434.0
000859,20230109,5.48,5.48,5.51,5.55,0.040000000000000036,0.7259528130671544,4477400.0
000859,20230106,5.46,5.45,5.47,5.51,0.009999999999999787,0.1818181818181719,4113900.0
000859,20230105,5.49,5.44,5.48,5.5,-0.019999999999999574,-0.36231884057970065,4678908.0
000859,20230104,5.42,5.4,5.46,5.52,0.0699999999999994,1.284403669724754,5970146.0
000859,20230103,5.32,5.3,5.43,5.45,0.11000000000000032,2.059925093632975,5023708.0
000859,20221230,5.3,5.27,5.32,5.34,0.019999999999999574,0.3759398496240518,2470403.0
000859,20221229,5.32,5.26,5.29,5.32,-0.09999999999999964,-1.845018450184499,4011320.0
000859,20221228,5.41,5.3,5.33,5.42,-0.020000000000000462,-0.3676470588235392,3338519.0
000859,20221227,5.42,5.38,5.41,5.44,0.03000000000000025,0.5545286506469571,3101400.0
000859,20221226,5.33,5.32,5.41,5.41,-0.019999999999999574,-0.36832412523019054,3999100.0
000859,20221223,5.37,5.27,5.3,5.43,-0.20999999999999996,-3.7234042553191515,5442700.0
000859,20221222,5.53,5.37,5.37,5.64,0.04999999999999982,0.8944543828264706,6569700.0
000859,20221221,5.58,5.46,5.5,5.59,-0.009999999999999787,-0.17857142857142794,3082255.0
000859,20221220,5.5,5.45,5.57,5.6,-0.1200000000000001,-2.0979020979021046,4983932.0
000859,20221219,5.65,5.48,5.5,5.72,-0.08000000000000007,-1.379310344827589,5652370.0
000859,20221216,5.79,5.63,5.66,5.8,-0.07000000000000028,-1.1925042589437829,8164200.0
000859,20221215,5.84,5.79,5.8,5.87,-0.08999999999999986,-1.5100671140939603,4570000.0
000859,20221214,5.9,5.82,5.83,5.96,0.03000000000000025,0.5059021922428464,5163840.0
000859,20221213,5.93,5.85,5.85,5.93,-0.020000000000000462,-0.3361344537815225,3993940.0
000859,20221212,5.95,5.87,5.92,5.95,-0.03000000000000025,-0.5016722408026753,5229540.0
000859,20221209,5.95,5.88,5.96,5.98,-0.04999999999999982,-0.8291873963515717,6644615.0
000859,20221208,6.0,5.93,5.96,6.03,-0.009999999999999787,-0.16556291390728006,6397701.0
000859,20221207,6.0,5.97,6.0,6.04,0.009999999999999787,0.16583747927030323,7129800.0
000859,20221206,6.01,5.97,5.99,6.03,0.010000000000000675,0.16611295681063787,5738201.0
000859,20221205,5.94,5.94,6.01,6.02,0.04999999999999982,0.8375209380234505,9933528.0
000859,20221202,5.91,5.88,5.95,5.97,-0.020000000000000462,-0.33388981636061077,6867400.0
000859,20221201,5.95,5.88,5.91,5.99,0.020000000000000462,0.3350083752093891,7476700.0
000859,20221130,5.94,5.89,5.9,5.97,0.0,0.0,6109602.0
000859,20221129,5.88,5.87,5.97,5.97,0.0699999999999994,1.186440677966094,10491396.0
000859,20221128,5.82,5.78,5.88,5.9,-0.17999999999999972,-2.960526315789469,8128100.0
000859,20221125,6.04,5.9,5.92,6.08,-0.1899999999999995,-3.0303030303030276,16280215.0
000859,20221124,6.07,5.9,6.14,6.27,0.2999999999999998,5.025125628140703,33673310.0
000859,20221123,5.84,5.73,5.93,5.97,0.009999999999999787,0.1677852348993314,11184005.0
000859,20221122,5.81,5.79,5.83,5.96,0.09999999999999964,1.7064846416382284,7253100.0
000859,20221121,5.86,5.75,5.81,5.86,-0.10999999999999943,-1.8425460636515845,5545100.0
000859,20221118,5.95,5.84,5.86,5.97,-0.010000000000000675,-0.16722408026756952,6278700.0
000859,20221117,5.98,5.86,5.93,5.98,-0.05999999999999961,-0.9933774834437026,7010142.0
000859,20221116,5.97,5.92,5.98,6.04,0.04999999999999982,0.8347245409014992,9555959.0
000859,20221115,5.75,5.7,5.95,5.99,0.16000000000000014,2.7444253859348233,14741500.0
000859,20221114,5.79,5.69,5.73,5.83,-0.040000000000000036,-0.6814310051107331,7308800.0
000859,20221111,5.83,5.75,5.77,5.87,0.08000000000000007,1.3816925734024155,8695851.0
000859,20221110,5.79,5.72,5.73,5.79,-0.03000000000000025,-0.5154639175257825,4242992.0
000859,20221109,5.76,5.76,5.79,5.82,-0.009999999999999787,-0.17152658662091813,4610738.0
000859,20221108,5.8,5.74,5.78,5.83,0.0,0.0,4773590.0
000859,20221107,5.79,5.75,5.81,5.83,0.009999999999999787,0.1718213058419238,6645431.0
000859,20221104,5.74,5.72,5.79,5.82,0.10000000000000053,1.7482517482517501,6989750.0
000859,20221103,5.67,5.66,5.72,5.72,-0.020000000000000462,-0.34843205574913716,5286500.0
000859,20221102,5.66,5.62,5.71,5.74,0.0600000000000005,1.0563380281690238,5605450.0
000859,20221101,5.47,5.45,5.68,5.68,0.16000000000000014,2.898550724637694,8295891.0
000859,20221031,5.33,5.32,5.44,5.52,-0.11000000000000032,-1.9538188277087087,6701073.0
000859,20221028,5.63,5.34,5.36,5.63,-0.08999999999999986,-1.5734265734265729,8694098.0
000859,20221027,5.65,5.62,5.64,5.72,-0.020000000000000462,-0.34843205574913716,6608918.0
000859,20221026,5.6,5.6,5.66,5.74,0.020000000000000462,0.34965034965035446,9110368.0
000859,20221025,5.69,5.52,5.7,5.72,-0.1200000000000001,-2.0547945205479423,7329160.0
000859,20221024,5.7,5.63,5.69,5.84,0.04999999999999982,0.8635578583765069,8338148.0
000859,20221021,5.76,5.67,5.69,5.79,-0.009999999999999787,-0.17241379310344307,4863060.0
000859,20221020,5.74,5.62,5.76,5.8,-0.009999999999999787,-0.1721170395869165,6919767.0
000859,20221019,5.8,5.69,5.69,5.81,-0.05000000000000071,-0.8532423208191253,6790930.0
000859,20221018,5.81,5.77,5.81,5.86,0.040000000000000036,0.6872852233676952,6401330.0
000859,20221017,5.72,5.71,5.81,5.82,0.040000000000000036,0.6920415224913601,6166300.0
000859,20221014,5.75,5.7,5.75,5.78,0.020000000000000462,0.3472222222222321,6746430.0
000859,20221013,5.61,5.6,5.71,5.76,0.0699999999999994,1.2302284710017375,7388422.0
000859,20221012,5.43,5.4,5.68,5.69,0.25,4.595588235294112,7700602.0
000859,20221011,5.35,5.31,5.44,5.44,-0.05999999999999961,-1.0909090909090868,4128850.0
000859,20221010,5.48,5.29,5.33,5.5,-0.04999999999999982,-0.9009009009009028,5381832.0
000859,20220930,5.53,5.45,5.46,5.55,-0.08999999999999986,-1.5957446808510634,5158832.0
000859,20220929,5.6,5.46,5.54,5.64,-0.07000000000000028,-1.2259194395796924,6065893.0
000859,20220928,5.63,5.48,5.5,5.71,0.040000000000000036,0.7054673721340388,6692100.0
000859,20220927,5.43,5.43,5.66,5.67,0.09999999999999964,1.7953321364452268,8163585.0
000859,20220926,5.56,5.4,5.42,5.57,-0.17999999999999972,-3.130434782608693,6902670.0
000859,20220923,5.7,5.55,5.57,5.75,-0.04999999999999982,-0.8620689655172376,7336596.0
000859,20220922,5.7,5.67,5.72,5.8,0.040000000000000036,0.694444444444442,5590045.0
000859,20220921,5.67,5.55,5.76,5.76,0.040000000000000036,0.6993006993007089,6677557.0
000859,20220920,5.65,5.65,5.68,5.72,0.009999999999999787,0.17513134851137035,5436317.0
000859,20220919,5.67,5.55,5.59,5.71,-0.1299999999999999,-2.2260273972602773,6739472.0
000859,20220916,5.82,5.65,5.68,5.84,-0.20000000000000018,-3.311258278145701,8865329.0
000859,20220915,6.0,5.72,5.82,6.04,-0.07000000000000028,-1.1456628477905073,12562027.0
000859,20220914,6.06,5.95,5.99,6.11,-0.1200000000000001,-1.9261637239165297,10403960.0
000859,20220913,6.19,6.13,6.16,6.23,-0.02999999999999936,-0.4792332268370503,7573123.0
000859,20220909,6.25,6.15,6.17,6.26,-0.1900000000000004,-2.945736434108537,10147320.0
000859,20220908,6.44,6.22,6.22,6.45,-0.03000000000000025,-0.462962962962965,12100164.0
000859,20220907,6.46,6.28,6.36,6.48,-0.14999999999999947,-2.262443438914019,25178826.0
000859,20220906,6.35,6.35,6.51,6.63,0.47999999999999954,7.8048780487804725,36994611.0
000859,20220905,6.1,6.06,6.15,6.15,0.03000000000000025,0.4901960784313708,6694697.0
000859,20220902,6.06,6.02,6.1,6.12,-0.03000000000000025,-0.4878048780487809,8784524.0
000859,20220901,6.05,6.03,6.06,6.15,-0.13999999999999968,-2.225755166931631,7796600.0
000859,20220831,6.25,6.05,6.08,6.29,-0.09999999999999964,-1.5649452269170472,17013543.0
000859,20220830,6.39,6.23,6.28,6.39,-0.05000000000000071,-0.7763975155279601,9431700.0
000859,20220829,6.18,6.11,6.36,6.44,0.0,0.0,11780400.0
000859,20220826,6.39,6.24,6.25,6.44,-0.1299999999999999,-1.9786910197869045,14555617.0
000859,20220825,6.47,6.28,6.39,6.57,-0.2599999999999998,-3.8067349926793503,16880527.0
000859,20220824,6.8,6.44,6.44,6.83,0.0,0.0,25313529.0
000859,20220823,6.75,6.73,6.8,6.83,0.009999999999999787,0.14662756598240456,11284050.0
000859,20220822,6.77,6.7,6.78,6.82,-0.14999999999999947,-2.152080344332852,14878230.0
000859,20220819,6.93,6.78,6.79,6.97,-0.1800000000000006,-2.5174825174825277,20872301.0
000859,20220818,7.12,6.85,6.91,7.15,-0.2699999999999996,-3.638814016172498,33311467.0
000859,20220817,7.29,7.18,7.22,7.42,0.11000000000000032,1.5047879616963078,19417646.0
000859,20220816,7.13,7.08,7.3,7.31,0.14999999999999947,2.0949720670391025,18301700.0
000859,20220815,7.1,7.04,7.11,7.16,-0.1899999999999995,-2.585034013605436,12118618.0
000859,20220812,7.24,7.07,7.1,7.35,0.11999999999999922,1.6597510373443924,21173249.0
000859,20220811,7.16,7.14,7.23,7.23,0.03000000000000025,0.4166666666666652,16790470.0
000859,20220810,7.16,7.07,7.14,7.2,-0.03000000000000025,-0.4149377593360981,12879414.0
000859,20220809,7.12,7.1,7.17,7.23,0.05000000000000071,0.6963788300835771,17216549.0
000859,20220808,7.05,7.01,7.17,7.18,0.10999999999999943,1.555869872701554,21566748.0
000859,20220805,6.78,6.76,7.04,7.07,0.2600000000000007,3.8179148311306976,25853090.0
000859,20220804,6.66,6.62,6.76,6.81,-0.1200000000000001,-1.7316017316017285,12875401.0
000859,20220803,6.7,6.58,6.6,6.93,0.009999999999999787,0.14450867052022698,23336473.0
000859,20220802,6.91,6.58,6.64,6.92,-0.1299999999999999,-1.8439716312056764,22011037.0
000859,20220801,7.03,6.84,7.02,7.05,-0.1900000000000004,-2.6243093922652005,18197718.0
000859,20220729,7.22,6.95,7.0,7.24,-0.019999999999999574,-0.2754820936639035,22792357.0
000859,20220728,7.01,6.94,7.17,7.26,0.27999999999999936,4.011461318051568,28581906.0
000859,20220727,6.81,6.8,6.92,6.98,0.09000000000000075,1.3062409288824517,14368213.0
000859,20220726,6.68,6.58,6.82,6.89,0.0,0.0,13538898.0
000859,20220725,6.75,6.68,6.7,6.89,-0.0600000000000005,-0.8633093525179936,12727730.0
000859,20220722,6.7,6.68,6.8,6.95,0.20000000000000018,2.9629629629629672,19955029.0
000859,20220721,6.6,6.57,6.7,6.75,0.08999999999999986,1.3513513513513598,14202682.0
000859,20220720,6.59,6.54,6.63,6.66,-0.019999999999999574,-0.29940119760478723,13567261.0
000859,20220719,6.51,6.48,6.57,6.68,0.05999999999999961,0.9063444108761365,14509414.0
000859,20220718,6.33,6.33,6.51,6.62,0.03000000000000025,0.4552352048558417,12153751.0
000859,20220715,6.51,6.35,6.35,6.59,-0.009999999999999787,-0.15151515151514694,11407200.0
000859,20220714,6.56,6.5,6.55,6.6,-0.020000000000000462,-0.30211480362538623,10372121.0
000859,20220713,6.45,6.4,6.6,6.62,0.08999999999999986,1.3782542113323082,13452111.0
000859,20220712,6.44,6.35,6.35,6.53,-0.009999999999999787,-0.1529051987767538,11767681.0
000859,20220711,6.51,6.38,6.44,6.54,-0.20999999999999996,-3.111111111111109,10628000.0
000859,20220708,6.66,6.48,6.54,6.75,0.019999999999999574,0.2971768202080227,13550914.0
000859,20220707,6.46,6.43,6.66,6.73,0.1200000000000001,1.8154311649016597,17746966.0
000859,20220706,6.53,6.41,6.5,6.61,-0.2699999999999996,-3.9244186046511587,15174701.0
000859,20220705,6.81,6.51,6.64,6.88,0.05999999999999961,0.8797653958944274,26557662.0
000859,20220704,6.61,6.52,6.79,6.82,0.010000000000000675,0.1468428781204123,28620081.0
000859,20220701,6.7,6.54,6.57,6.81,-0.3200000000000003,-4.488078541374474,33867521.0
000859,20220630,6.85,6.68,6.76,7.13,0.03000000000000025,0.42253521126760507,42622283.0
000859,20220629,6.7,6.68,6.86,7.1,0.21999999999999975,3.197674418604657,68544005.0
000859,20220628,6.37,6.34,6.55,6.88,0.5700000000000003,9.033280507131547,38675168.0
000859,20220627,6.19,6.13,6.27,6.31,0.11999999999999922,1.9386106623586308,16466389.0
000859,20220624,6.08,6.06,6.13,6.19,0.13000000000000078,2.1452145214521545,13053670.0
000859,20220623,6.01,5.94,6.06,6.06,-0.25,-3.961965134706813,10153880.0
000859,20220622,6.05,5.99,5.99,6.31,0.2599999999999998,4.297520661157028,21384742.0
000859,20220621,5.96,5.9,6.05,6.05,0.03000000000000025,0.4983388704318914,13626806.0
000859,20220620,6.0,5.94,5.97,6.02,0.03999999999999915,0.6688963210702115,8456131.0
000859,20220617,5.88,5.85,5.98,5.98,-0.0699999999999994,-1.157024793388417,8125411.0
000859,20220616,6.0,5.92,5.93,6.05,-0.04999999999999982,-0.8196721311475419,9015030.0
000859,20220615,6.02,5.95,6.0,6.1,0.08000000000000007,1.3289036544850585,15887962.0
000859,20220614,5.94,5.84,6.02,6.02,0.0,0.0,10557146.0
000859,20220613,5.99,5.92,5.98,6.02,-0.040000000000000036,-0.660066006600657,9139396.0
000859,20220610,5.86,5.77,6.0,6.06,0.09999999999999964,1.6778523489932917,13144506.0
000859,20220609,5.9,5.84,5.86,5.96,-0.009999999999999787,-0.16750418760468344,9423948.0
000859,20220608,5.92,5.77,5.92,5.97,-0.04999999999999982,-0.830564784053156,10454500.0
000859,20220607,6.01,5.89,5.94,6.02,-0.010000000000000675,-0.16583747927032544,9311225.0
000859,20220606,5.96,5.94,6.01,6.03,0.0600000000000005,1.005025125628145,12176430.0
000859,20220602,5.93,5.88,5.96,5.97,-0.03000000000000025,-0.5000000000000004,6773145.0
000859,20220601,5.93,5.9,5.94,6.0,0.009999999999999787,0.16694490818029983,9628979.0
000859,20220531,5.86,5.82,5.96,5.99,0.10000000000000053,1.697792869269965,12815451.0
000859,20220530,5.79,5.73,5.86,5.89,0.09999999999999964,1.7271157167530138,9730733.0
000859,20220527,5.78,5.7,5.75,5.79,0.03000000000000025,0.5208333333333481,7782400.0
000859,20220526,5.71,5.61,5.74,5.76,0.04999999999999982,0.8756567425569184,7700737.0
000859,20220525,5.56,5.55,5.71,5.71,-0.16999999999999993,-2.8911564625850317,8693714.0
000859,20220524,5.83,5.58,5.58,5.88,0.03000000000000025,0.512820512820511,12366920.0
000859,20220523,5.77,5.76,5.85,5.85,0.040000000000000036,0.6884681583476882,7951790.0
000859,20220520,5.71,5.7,5.78,5.81,0.09999999999999964,1.7513134851138368,9818304.0
000859,20220519,5.61,5.58,5.7,5.71,-0.05999999999999961,-1.0398613518197486,9849057.0
000859,20220518,5.67,5.64,5.69,5.77,0.0699999999999994,1.228070175438578,8447776.0
000859,20220517,5.69,5.59,5.66,5.7,-0.019999999999999574,-0.34965034965034336,8004582.0
000859,20220516,5.72,5.61,5.7,5.72,0.0,0.0,8114149.0
000859,20220513,5.61,5.61,5.66,5.72,0.040000000000000036,0.7042253521126751,9334009.0
000859,20220512,5.65,5.53,5.63,5.68,-0.07000000000000028,-1.2173913043478257,9364169.0
000859,20220511,5.6,5.58,5.64,5.75,0.08000000000000007,1.4109347442680775,13673897.0
000859,20220510,5.55,5.52,5.63,5.67,0.1299999999999999,2.3465703971119023,13504699.0
000859,20220509,5.36,5.36,5.47,5.54,0.040000000000000036,0.727272727272732,8176288.0
000859,20220506,5.4,5.35,5.4,5.5,-0.1200000000000001,-2.135231316725983,8603565.0
000859,20220505,5.42,5.4,5.52,5.62,0.1299999999999999,2.3679417122040025,12572820.0
000859,20220429,5.33,5.33,5.46,5.49,0.08000000000000007,1.4787430683918634,16010259.0
000859,20220428,5.34,5.24,5.32,5.41,-0.040000000000000036,-0.7339449541284404,11361529.0
000859,20220427,5.0,4.97,5.42,5.45,0.1800000000000006,3.4155597722960174,18676295.0
000859,20220426,5.15,5.02,5.05,5.27,-0.3000000000000007,-5.3859964093357355,15282625.0
000859,20220425,5.5,5.11,5.15,5.57,-0.10999999999999943,-1.936619718309851,23897942.0
000859,20220422,5.52,5.51,5.61,5.68,-0.20000000000000018,-3.401360544217691,8978897.0
000859,20220421,5.84,5.59,5.62,5.88,-0.15000000000000036,-2.4875621890547372,13545375.0
000859,20220420,5.91,5.84,5.88,6.03,0.07000000000000028,1.1744966442952975,11940880.0
000859,20220419,5.88,5.83,5.9,5.96,0.019999999999999574,0.33670033670032407,7342143.0
000859,20220418,5.75,5.61,5.89,5.94,-0.019999999999999574,-0.3355704697986517,14817339.0
000859,20220415,5.93,5.71,5.8,5.96,-0.08000000000000007,-1.3245033112582738,19923225.0
000859,20220414,5.94,5.89,5.98,6.04,-0.040000000000000036,-0.6578947368421018,14976187.0
000859,20220413,6.08,5.9,5.91,6.08,-0.05999999999999961,-0.9771986970683932,12800800.0
000859,20220412,6.03,5.9,6.13,6.14,-0.15000000000000036,-2.384737678855331,15178398.0
000859,20220411,6.28,5.97,6.04,6.29,-0.09999999999999964,-1.5649452269170472,17712371.0
000859,20220408,6.33,6.17,6.27,6.39,-0.35000000000000053,-5.192878338278939,15588716.0
000859,20220407,6.71,6.33,6.33,6.74,0.0,0.0,23993400.0
000859,20220406,6.72,6.63,6.7,6.74,-0.16999999999999993,-2.460202604920403,13356110.0
000859,20220401,6.91,6.68,6.7,6.91,-0.28000000000000025,-3.894297635605015,28125450.0
000859,20220331,7.19,6.94,6.95,7.19,-0.09999999999999964,-1.3717421124828433,23170748.0
000859,20220330,7.13,7.05,7.2,7.29,0.1200000000000001,1.673640167364021,24430740.0
000859,20220329,6.82,6.8,6.99,7.17,0.20999999999999996,3.0172413793103425,21760072.0
000859,20220328,6.9,6.74,6.8,6.96,-0.28000000000000025,-3.8674033149171283,14942150.0
000859,20220325,6.8,6.77,6.97,7.24,0.29000000000000004,4.172661870503602,28360811.0
000859,20220324,6.95,6.73,6.78,6.95,-0.0699999999999994,-0.9971509971509862,13719191.0
000859,20220323,6.96,6.9,6.94,7.02,-0.0600000000000005,-0.8474576271186529,12046883.0
000859,20220322,7.08,6.85,6.95,7.08,-0.05999999999999961,-0.8403361344537785,17889919.0
000859,20220321,7.05,6.91,6.98,7.14,0.02999999999999936,0.42194092827003704,15764792.0
000859,20220318,6.94,6.88,6.94,7.11,-0.02999999999999936,-0.42016806722687816,21443603.0
000859,20220317,6.75,6.72,6.88,7.14,0.45999999999999996,6.886227544910173,35421788.0
000859,20220316,6.59,6.35,6.65,6.68,-0.14000000000000057,-2.052785923753675,21900783.0
000859,20220315,6.76,6.44,6.44,6.82,-0.3099999999999996,-4.347826086956519,24846000.0
000859,20220314,7.04,6.79,6.79,7.13,-0.0600000000000005,-0.8344923504867929,22334042.0
000859,20220311,7.01,6.8,7.13,7.19,-0.15999999999999925,-2.176870748299309,26218199.0
000859,20220310,7.31,7.09,7.1,7.35,-0.03000000000000025,-0.40650406504065817,27966620.0
000859,20220309,7.24,6.8,7.12,7.38,0.03000000000000025,0.40816326530612734,34398569.0
000859,20220308,7.25,7.04,7.2,7.35,-0.1200000000000001,-1.6064257028112428,27858822.0
000859,20220307,7.37,7.18,7.26,7.47,-0.1800000000000006,-2.352941176470591,23825552.0
000859,20220304,7.59,7.27,7.33,7.65,-0.21999999999999975,-2.7954256670902122,38646100.0
000859,20220303,7.85,7.57,7.63,7.87,-0.04999999999999982,-0.631313131313127,35993110.0
000859,20220302,7.8,7.76,7.82,7.92,-0.10999999999999943,-1.3698630136986245,31674488.0
000859,20220301,7.75,7.7,7.83,8.03,0.22999999999999954,2.9487179487179382,48155016.0
000859,20220228,7.71,7.55,7.78,7.8,-0.2500000000000009,-3.105590062111807,44631313.0
000859,20220225,7.48,7.39,7.7,8.05,0.09000000000000075,1.1306532663316604,78931912.0
000859,20220224,7.26,7.25,7.65,7.96,0.7199999999999998,9.944751381215466,137640768.0
000859,20220223,6.57,6.53,7.24,7.24,0.6200000000000001,9.365558912386707,50344964.0
000859,20220222,6.45,6.42,6.58,6.62,0.1299999999999999,2.003081664098616,15026300.0
000859,20220221,6.37,6.36,6.48,6.49,0.10000000000000053,1.5649452269170583,9733860.0
000859,20220218,6.34,6.28,6.37,6.39,-0.040000000000000036,-0.6220839813374845,6274755.0
000859,20220217,6.36,6.32,6.35,6.43,0.0,0.0,7795559.0
000859,20220216,6.33,6.29,6.39,6.43,0.040000000000000036,0.6259780907668322,7598204.0
000859,20220215,6.35,6.18,6.31,6.39,-0.05000000000000071,-0.7763975155279601,10641600.0
000859,20220214,6.33,6.3,6.35,6.44,-0.13999999999999968,-2.127659574468077,9865728.0
000859,20220211,6.54,6.31,6.35,6.58,-0.05999999999999961,-0.9036144578313143,14229466.0
000859,20220210,6.64,6.54,6.6,6.64,-0.040000000000000036,-0.5988023952095856,9675913.0
000859,20220209,6.62,6.55,6.61,6.68,0.0699999999999994,1.0590015128592922,11361900.0
000859,20220208,6.45,6.42,6.61,6.61,0.10000000000000053,1.5360983102918668,13717563.0
000859,20220207,6.42,6.35,6.45,6.51,0.13999999999999968,2.19780219780219,9969900.0
000859,20220128,6.26,6.2,6.28,6.37,-0.08000000000000007,-1.2403100775193798,9809900.0
000859,20220127,6.45,6.27,6.27,6.45,0.020000000000000462,0.3110419906687367,9921989.0
000859,20220126,6.3,6.24,6.43,6.43,-0.29000000000000004,-4.315476190476186,12088401.0
000859,20220125,6.7,6.26,6.28,6.72,-0.0600000000000005,-0.8849557522124019,20797812.0
000859,20220124,6.63,6.53,6.71,6.78,0.08999999999999986,1.3452914798206317,11414740.0
000859,20220121,6.52,6.52,6.68,6.69,-0.3099999999999996,-4.428571428571426,11438236.0
000859,20220120,6.95,6.58,6.59,7.0,-0.15000000000000036,-2.0979020979021046,26752295.0
000859,20220119,7.1,6.89,6.96,7.15,-0.10999999999999943,-1.5151515151515027,19390528.0
000859,20220118,7.09,7.04,7.1,7.26,0.08000000000000007,1.1142061281337101,20528246.0
000859,20220117,7.08,6.96,7.1,7.18,0.08000000000000007,1.1267605633802802,20074969.0
000859,20220114,7.04,6.87,6.94,7.1,-0.14000000000000057,-1.9337016574585753,16137734.0
000859,20220113,7.24,7.02,7.04,7.24,-0.04999999999999982,-0.6858710562414272,15038027.0
000859,20220112,7.09,7.07,7.18,7.29,0.040000000000000036,0.5517241379310311,20279557.0
000859,20220111,7.12,6.98,7.05,7.25,-0.23000000000000043,-3.074866310160429,19862918.0
000859,20220110,7.19,7.14,7.17,7.48,0.21000000000000085,2.8885832187070193,20828122.0
000859,20220107,7.19,7.11,7.14,7.27,-0.03000000000000025,-0.4109589041095929,19186949.0
000859,20220106,6.89,6.87,7.18,7.3,0.1899999999999995,2.672292545710264,37372973.0
000859,20220105,7.1,6.8,6.86,7.11,-0.1899999999999995,-2.602739726027392,28708382.0
000859,20220104,7.12,7.07,7.14,7.3,0.08000000000000007,1.1080332409972415,22224111.0
000859,20211231,7.11,7.07,7.09,7.22,0.019999999999999574,0.2777777777777768,16065661.0
000859,20211230,7.1,7.08,7.1,7.2,0.03000000000000025,0.4184100418409997,15607985.0
000859,20211229,7.08,7.03,7.1,7.17,-0.04999999999999982,-0.6925207756232621,15458219.0
000859,20211228,7.2,7.07,7.12,7.22,-0.10000000000000053,-1.3661202185792476,20552104.0
000859,20211227,7.12,7.04,7.25,7.32,0.1800000000000006,2.521008403361358,29263400.0
000859,20211224,6.99,6.96,7.04,7.14,-0.0600000000000005,-0.8333333333333415,29448139.0
000859,20211223,7.0,6.91,6.94,7.2,0.0600000000000005,0.8403361344537785,28792666.0
000859,20211222,7.14,6.88,7.02,7.14,0.02999999999999936,0.42194092827003704,52457159.0
000859,20211221,6.79,6.69,7.11,7.11,0.4300000000000006,6.437125748503014,53193422.0
000859,20211220,6.55,6.44,6.46,6.68,-0.08999999999999986,-1.3293943870014702,16182700.0
000859,20211217,6.77,6.55,6.6,6.77,0.0,0.0,16798020.0
000859,20211216,6.71,6.63,6.72,6.77,-0.07000000000000028,-1.023391812865504,15911063.0
000859,20211215,6.55,6.55,6.71,6.84,0.29000000000000004,4.427480916030535,31167766.0
000859,20211214,6.42,6.38,6.44,6.55,-0.03000000000000025,-0.455927051671734,12700630.0
000859,20211213,6.55,6.42,6.44,6.58,0.020000000000000462,0.3048780487804992,14421773.0
000859,20211210,6.52,6.44,6.48,6.56,-0.040000000000000036,-0.60606060606061,13532301.0
000859,20211209,6.42,6.38,6.57,6.6,0.11999999999999922,1.8518518518518379,20136930.0
000859,20211208,6.42,6.31,6.45,6.48,-0.1999999999999993,-2.9940119760478945,19834400.0
000859,20211207,6.65,6.21,6.38,6.68,-0.2600000000000007,-3.746397694524506,42529153.0
000859,20211206,6.61,6.56,6.6,6.94,-0.15999999999999925,-2.2535211267605493,43871059.0
000859,20211203,6.6,6.55,6.75,7.1,0.47999999999999954,7.2507552870090475,69340460.0
000859,20211202,6.22,6.2,6.45,6.62,0.3200000000000003,5.0793650793650835,38952123.0
000859,20211201,6.28,6.18,6.25,6.3,-0.10000000000000053,-1.562500000000011,14725627.0
000859,20211130,6.05,6.04,6.23,6.4,0.34000000000000075,5.610561056105623,29941711.0
000859,20211129,5.98,5.96,6.03,6.06,-0.05000000000000071,-0.8183306055646544,10383220.0
000859,20211126,6.06,6.01,6.08,6.11,-0.040000000000000036,-0.6504065040650375,12034081.0
000859,20211125,6.09,6.04,6.09,6.15,-0.019999999999999574,-0.32414910858994395,12507946.0
000859,20211124,6.12,6.05,6.07,6.17,-0.020000000000000462,-0.3231017770597866,14389496.0
000859,20211123,6.11,6.07,6.14,6.19,0.0600000000000005,0.978792822185981,14415674.0
000859,20211122,6.05,6.03,6.1,6.13,0.04999999999999982,0.8223684210526327,14711063.0
000859,20211119,5.97,5.95,6.07,6.08,-0.040000000000000036,-0.6535947712418277,14962225.0
000859,20211118,6.02,5.97,5.97,6.12,0.08000000000000007,1.324503311258285,15757099.0
000859,20211117,5.92,5.9,6.02,6.04,-0.040000000000000036,-0.6578947368421018,14818909.0
000859,20211116,6.01,5.91,5.92,6.08,0.009999999999999787,0.16474464579900872,19639875.0
000859,20211115,6.03,5.97,6.05,6.07,0.03000000000000025,0.4966887417218624,16927346.0
000859,20211112,5.92,5.89,6.01,6.04,0.03000000000000025,0.4991680532445919,18483139.0
000859,20211111,5.83,5.79,5.96,6.01,0.16000000000000014,2.7350427350427475,24833326.0
000859,20211110,5.78,5.74,5.83,5.85,0.02999999999999936,0.5154639175257714,15620676.0
000859,20211109,5.76,5.72,5.81,5.82,-0.040000000000000036,-0.6825938566552892,15901400.0
000859,20211108,5.7,5.66,5.81,5.86,0.11000000000000032,1.9130434782608674,24010559.0
000859,20211105,5.62,5.54,5.68,5.75,0.11000000000000032,1.9503546099290947,23931687.0
000859,20211104,5.6,5.52,5.63,5.64,-0.020000000000000462,-0.35335689045937757,15834486.0
000859,20211103,5.58,5.54,5.6,5.66,-0.17999999999999972,-3.082191780821908,12909571.0
000859,20211102,5.79,5.51,5.58,5.84,0.0,0.0,18463581.0
000859,20211101,5.71,5.69,5.79,5.84,0.04999999999999982,0.8635578583765069,12004473.0
000859,20211029,5.69,5.64,5.74,5.79,-0.1299999999999999,-2.195945945945943,11427278.0
000859,20211028,5.85,5.66,5.67,5.92,-0.08999999999999986,-1.4975041597337757,15880068.0
000859,20211027,5.95,5.76,5.85,6.01,-0.1800000000000006,-2.9079159935379795,20513957.0
000859,20211026,6.16,5.95,5.99,6.19,0.0,0.0,23981332.0
000859,20211025,6.08,5.94,6.19,6.19,-0.040000000000000036,-0.6420545746388395,14462626.0
000859,20211022,6.09,6.06,6.09,6.23,0.0600000000000005,0.9724473257698651,15256469.0
000859,20211021,6.12,6.04,6.09,6.17,0.009999999999999787,0.16233766233766378,10598331.0
000859,20211020,6.14,6.02,6.13,6.16,-0.019999999999999574,-0.3236245954692518,12818800.0
000859,20211019,6.03,6.03,6.12,6.18,0.0699999999999994,1.1456628477904962,12143145.0
000859,20211018,6.03,6.01,6.08,6.11,-0.019999999999999574,-0.32626427406198255,11243468.0
000859,20211015,6.04,5.95,6.03,6.13,0.019999999999999574,0.3273322422258529,12615796.0
000859,20211014,5.96,5.88,6.05,6.11,0.040000000000000036,0.6589785831960571,14174697.0
000859,20211013,6.07,5.86,5.97,6.07,-0.17999999999999972,-2.8799999999999937,15052282.0
000859,20211012,6.11,5.94,6.07,6.25,-0.16000000000000014,-2.49609984399376,22278571.0
000859,20211011,6.36,6.08,6.13,6.41,-0.2400000000000002,-3.609022556390984,19497169.0
000859,20211008,6.25,6.25,6.38,6.65,0.35000000000000053,5.555555555555558,26973013.0
000859,20210930,6.04,6.01,6.17,6.3,0.10999999999999943,1.7770597738287375,22937407.0
000859,20210929,6.15,5.82,5.82,6.19,-0.09999999999999964,-1.5898251192368762,21719576.0
000859,20210928,6.24,6.13,6.17,6.29,-0.4400000000000004,-6.5378900445765336,17844453.0
000859,20210927,6.7,6.1,6.2,6.73,-0.3799999999999999,-5.344585091420528,32538717.0
000859,20210924,7.11,6.66,6.7,7.11,-0.33000000000000007,-4.435483870967738,37586152.0
000859,20210923,7.33,7.09,7.09,7.44,0.11000000000000032,1.500682128240105,21934944.0
000859,20210922,7.13,7.08,7.26,7.33,-0.13999999999999968,-1.8741633199464536,20936934.0
000859,20210917,7.29,7.05,7.28,7.47,-0.07000000000000028,-0.9283819628647216,30097189.0
000859,20210916,7.43,7.26,7.31,7.54,0.05999999999999961,0.8021390374331583,27867060.0
000859,20210915,7.13,7.1,7.39,7.48,0.020000000000000462,0.2680965147453085,34559982.0
000859,20210914,7.26,7.15,7.16,7.46,0.16999999999999993,2.3319615912208436,28202782.0
000859,20210913,7.2,7.02,7.26,7.29,0.09999999999999964,1.3908205841446364,20902158.0
000859,20210910,7.11,6.98,7.15,7.19,-0.04999999999999982,-0.6906077348066253,22718616.0
000859,20210909,7.17,7.07,7.14,7.24,-0.13999999999999968,-1.8970189701897011,19975804.0
000859,20210908,7.11,7.1,7.22,7.38,0.25,3.5063113604488105,31767020.0
000859,20210907,7.04,6.94,7.1,7.13,-0.1299999999999999,-1.7906336088154284,25026295.0
000859,20210906,7.05,6.83,7.0,7.26,0.10999999999999943,1.538461538461533,32248413.0
000859,20210903,6.73,6.7,6.99,7.15,0.35000000000000053,5.147058823529416,38106423.0
000859,20210902,6.67,6.63,6.73,6.8,-0.14000000000000057,-2.017291066282434,17844488.0
000859,20210901,6.86,6.6,6.66,6.94,-0.02999999999999936,-0.43041606886655703,29459198.0
000859,20210831,6.95,6.8,6.89,6.97,-0.10000000000000053,-1.4144271570014189,20393177.0
000859,20210830,6.81,6.81,6.95,7.07,0.25,3.665689149560114,31117748.0
000859,20210827,6.66,6.53,6.79,6.82,0.040000000000000036,0.5899705014749346,25235115.0
000859,20210826,6.68,6.61,6.65,6.78,0.1299999999999999,1.9548872180451093,23026157.0
000859,20210825,6.59,6.49,6.64,6.65,0.020000000000000462,0.3016591251885359,19211045.0
000859,20210824,6.45,6.41,6.55,6.63,0.16000000000000014,2.472952086553315,24306857.0
000859,20210823,6.3,6.28,6.45,6.47,0.019999999999999574,0.31007751937983663,21390646.0
000859,20210820,6.33,6.2,6.3,6.45,0.07000000000000028,1.0971786833855912,18098240.0
000859,20210819,6.38,6.17,6.32,6.38,-0.07000000000000028,-1.0852713178294615,16840401.0
000859,20210818,6.34,6.28,6.42,6.45,-0.16999999999999993,-2.5679758308157052,18187932.0
000859,20210817,6.56,6.28,6.3,6.62,-0.3899999999999997,-5.563480741797433,28420677.0
000859,20210816,6.77,6.57,6.64,7.01,0.25,3.698224852071008,33688884.0
000859,20210813,6.62,6.47,6.74,6.76,0.0,0.0,35108790.0
000859,20210812,6.72,6.6,6.62,6.76,-0.08000000000000007,-1.1695906432748537,21934689.0
000859,20210811,6.59,6.55,6.72,6.84,0.09999999999999964,1.4836795252225476,24258041.0
000859,20210810,6.66,6.53,6.62,6.74,-0.14999999999999947,-2.1770682148040565,23867007.0
000859,20210809,6.85,6.58,6.64,6.89,-0.040000000000000036,-0.5772005772005762,28036528.0
000859,20210806,6.62,6.53,6.8,6.93,0.2599999999999998,3.8980509745127456,34163663.0
000859,20210805,6.54,6.44,6.6,6.67,0.07000000000000028,1.060606060606073,29632423.0
000859,20210804,6.38,6.34,6.55,6.6,0.0,0.0,34983302.0
000859,20210803,6.44,6.3,6.34,6.6,-0.0600000000000005,-0.9009009009009028,32336582.0
000859,20210802,6.43,6.4,6.47,6.66,-0.03000000000000025,-0.4484304932735439,30005255.0
000859,20210730,6.45,6.34,6.44,6.69,0.15000000000000036,2.2935779816513735,39813521.0
000859,20210729,6.29,6.2,6.47,6.54,0.08999999999999986,1.3953488372093092,42160023.0
000859,20210728,6.22,5.99,6.21,6.45,-0.0699999999999994,-1.0736196319018343,37383782.0
000859,20210727,6.34,6.21,6.25,6.52,0.04999999999999982,0.7727975270479082,35085070.0
000859,20210726,6.42,6.15,6.27,6.47,-0.1299999999999999,-1.9696969696969657,35597660.0
000859,20210723,6.22,6.19,6.31,6.6,0.3899999999999997,6.2801932367149815,52769752.0
000859,20210722,5.89,5.86,6.2,6.21,0.25,4.194630872483218,39716534.0
000859,20210721,5.65,5.63,5.91,5.96,0.28000000000000025,4.929577464788748,37702984.0
000859,20210720,5.55,5.51,5.6,5.68,-0.5300000000000002,-8.534621578099843,23529864.0
000859,20210719,6.19,5.63,5.63,6.21,-0.1900000000000004,-2.968750000000009,70707349.0
000859,20210716,6.33,6.22,6.26,6.4,0.0,0.0,17753983.0
000859,20210715,6.38,6.24,6.27,6.4,-0.1899999999999995,-2.8831562974203306,18862309.0
000859,20210714,6.49,6.37,6.38,6.59,0.09999999999999964,1.5408320493066174,27607839.0
000859,20210713,6.45,6.3,6.38,6.49,0.009999999999999787,0.15432098765431057,26643797.0
000859,20210712,6.09,6.07,6.39,6.48,0.34000000000000075,5.537459283387625,38503322.0
000859,20210709,5.94,5.84,6.09,6.14,0.05999999999999961,0.9868421052631415,20864595.0
000859,20210708,6.02,5.91,5.91,6.08,-0.019999999999999574,-0.3278688524590123,14527943.0
000859,20210707,6.02,5.93,6.05,6.1,-0.16000000000000014,-2.5559105431309903,18703251.0
000859,20210706,6.18,6.01,6.11,6.26,0.20000000000000018,3.300330033003296,28388374.0
000859,20210705,5.95,5.92,6.03,6.06,-0.020000000000000462,-0.328947368421062,16818500.0
000859,20210702,5.94,5.91,6.01,6.08,-0.17999999999999972,-2.875399361022357,20891069.0
000859,20210701,5.93,5.9,5.92,6.26,0.17999999999999972,2.960526315789469,26665497.0
000859,20210630,5.96,5.9,5.93,6.08,-0.05999999999999961,-0.9771986970683932,23655361.0
000859,20210629,6.06,5.87,5.93,6.14,-0.08000000000000007,-1.2861736334405127,53157737.0
000859,20210628,6.0,5.8,6.22,6.22,0.5,8.74125874125875,54838314.0
000859,20210625,5.72,5.59,5.65,5.72,-0.040000000000000036,-0.694444444444442,6452929.0
000859,20210624,5.73,5.61,5.66,5.76,-0.1200000000000001,-2.0408163265306145,10475685.0
000859,20210623,5.86,5.73,5.77,5.88,-0.11000000000000032,-1.8363939899833093,10028644.0
000859,20210622,5.78,5.75,5.83,5.99,0.16999999999999993,2.9209621993127044,11850096.0
000859,20210621,5.76,5.74,5.78,5.82,-0.04999999999999982,-0.8517887563884163,8704420.0
000859,20210618,5.64,5.58,5.79,5.87,0.1900000000000004,3.3450704225352235,14039754.0
000859,20210617,5.6,5.58,5.63,5.68,-0.08000000000000007,-1.388888888888895,7677121.0
000859,20210616,5.74,5.55,5.58,5.76,-0.04999999999999982,-0.8605851979345935,10941477.0
000859,20210615,5.73,5.69,5.79,5.81,-0.16000000000000014,-2.680067001675046,8308659.0
000859,20210611,5.96,5.73,5.76,5.97,0.019999999999999574,0.3361344537815114,12555577.0
000859,20210610,5.91,5.84,5.93,5.95,-0.10999999999999943,-1.8151815181518094,9537728.0
000859,20210609,5.99,5.9,5.92,6.06,-0.11000000000000032,-1.7828200972447417,13672248.0
000859,20210608,6.15,5.95,6.0,6.17,-0.0600000000000005,-0.9630818619582704,20470837.0
000859,20210607,5.88,5.84,6.15,6.23,0.39000000000000057,6.678082191780832,34694106.0
000859,20210604,5.73,5.73,5.79,5.84,-0.020000000000000462,-0.34129692832765013,12470564.0
000859,20210603,5.75,5.7,5.72,5.86,0.0,0.0,15974828.0
000859,20210602,5.7,5.7,5.79,5.86,0.0,0.0,18482586.0
000859,20210601,5.73,5.66,5.75,5.86,0.05000000000000071,0.8605851979346157,20522000.0
000859,20210531,5.72,5.67,5.68,5.81,0.0,0.0,21430123.0
000859,20210528,5.64,5.62,5.7,5.81,-0.08000000000000007,-1.358234295415961,35773943.0
000859,20210527,5.47,5.44,5.71,5.89,0.47999999999999954,8.872458410351204,60058082.0
000859,20210526,5.3,5.28,5.35,5.41,0.08000000000000007,1.5009380863039379,8100881.0
000859,20210525,5.23,5.19,5.3,5.33,0.0600000000000005,1.1385199240986799,6762044.0
000859,20210524,5.23,5.22,5.24,5.27,-0.010000000000000675,-0.18939393939395588,5978760.0
000859,20210521,5.23,5.19,5.21,5.28,-0.05999999999999961,-1.1235955056179692,7229860.0
000859,20210520,5.3,5.21,5.23,5.34,-0.11000000000000032,-2.0183486238532167,7487622.0
000859,20210519,5.37,5.3,5.31,5.45,0.009999999999999787,0.18382352941175295,7200342.0
000859,20210518,5.37,5.35,5.4,5.44,-0.02999999999999936,-0.5484460694698212,5614672.0
000859,20210517,5.43,5.35,5.38,5.47,-0.08999999999999986,-1.618705035971224,9651900.0
000859,20210514,5.52,5.41,5.48,5.56,-0.09000000000000075,-1.592920353982319,8313700.0
000859,20210513,5.51,5.48,5.53,5.65,0.1200000000000001,2.169981916817365,13684121.0
000859,20210512,5.47,5.45,5.51,5.53,-0.019999999999999574,-0.3603603603603567,9188161.0
000859,20210511,5.49,5.41,5.5,5.55,0.019999999999999574,0.3616636528028794,11396500.0
000859,20210510,5.33,5.29,5.52,5.53,0.16000000000000014,2.9795158286778367,18601782.0
000859,20210507,5.22,5.22,5.33,5.37,0.07000000000000028,1.3207547169811429,9616590.0
000859,20210506,5.27,5.19,5.24,5.3,0.04999999999999982,0.952380952380949,5785650.0
000859,20210430,5.24,5.16,5.21,5.25,-0.11000000000000032,-2.0522388059701524,7235038.0
000859,20210429,5.32,5.26,5.27,5.36,-0.040000000000000036,-0.7407407407407418,7061368.0
000859,20210428,5.21,5.21,5.33,5.4,0.08000000000000007,1.5037593984962516,14162463.0
000859,20210427,5.32,5.17,5.26,5.32,-0.05999999999999961,-1.1152416356877248,6315684.0
000859,20210426,5.24,5.2,5.29,5.38,0.05999999999999961,1.1278195488721776,9354888.0
000859,20210423,5.31,5.21,5.24,5.32,-0.040000000000000036,-0.7462686567164201,8114415.0
000859,20210422,5.28,5.27,5.3,5.36,-0.019999999999999574,-0.3717472118959009,10386316.0
000859,20210421,5.29,5.23,5.29,5.38,-0.009999999999999787,-0.18552875695732052,14332670.0
000859,20210420,5.23,5.13,5.34,5.39,0.1200000000000001,2.2770398481973375,22719963.0
000859,20210419,5.17,5.15,5.25,5.27,0.03999999999999915,0.7648183556405286,16612756.0
000859,20210416,5.05,5.04,5.17,5.23,0.10000000000000053,1.949317738791434,15462276.0
000859,20210415,5.01,5.01,5.07,5.13,0.040000000000000036,0.7858546168958647,10298575.0
000859,20210414,4.98,4.97,5.04,5.09,0.17999999999999972,3.665987780040725,14700730.0
000859,20210413,4.9,4.85,4.88,4.91,-0.08000000000000007,-1.603206412825653,3720700.0
000859,20210412,4.98,4.88,4.9,4.99,-0.009999999999999787,-0.20000000000000018,5934600.0
000859,20210409,4.97,4.94,4.98,5.0,-0.09999999999999964,-1.9607843137254832,6049802.0
000859,20210408,5.06,4.99,5.0,5.1,0.009999999999999787,0.19646365422396617,11043388.0
000859,20210407,5.0,4.98,5.08,5.09,0.07000000000000028,1.3944223107569709,5791000.0
000859,20210406,4.99,4.98,5.01,5.02,0.0,0.0,3131300.0
000859,20210402,5.02,4.98,4.99,5.02,0.0,0.0,3278923.0
000859,20210401,4.96,4.96,5.01,5.02,0.02999999999999936,0.6012024048096087,2996265.0
000859,20210331,4.96,4.93,4.97,4.99,-0.040000000000000036,-0.7952286282306154,2574080.0
000859,20210330,5.03,4.93,4.97,5.03,-0.040000000000000036,-0.7889546351084853,4127892.0
000859,20210329,5.05,4.96,4.99,5.07,0.03000000000000025,0.5952380952380931,5003701.0
000859,20210326,5.0,4.98,5.04,5.04,-0.040000000000000036,-0.7874015748031482,4112860.0
000859,20210325,5.02,4.96,4.97,5.08,-0.040000000000000036,-0.78125,6430966.0
000859,20210324,5.1,5.02,5.04,5.12,-0.09999999999999964,-1.9157088122605304,4923171.0
000859,20210323,5.18,5.07,5.1,5.22,-0.020000000000000462,-0.3816793893129833,7554463.0
000859,20210322,5.11,5.09,5.2,5.24,0.08999999999999986,1.747572815533971,8115588.0
000859,20210319,5.07,5.04,5.12,5.15,-0.009999999999999787,-0.19379844961240345,5862900.0
000859,20210318,5.16,5.08,5.08,5.16,0.009999999999999787,0.19417475728154,4901494.0
000859,20210317,5.09,5.08,5.14,5.15,0.03000000000000025,0.5859375,7262517.0
000859,20210316,5.04,5.02,5.09,5.12,0.03000000000000025,0.5893909626719207,6569131.0
000859,20210315,4.99,4.98,5.05,5.09,0.03000000000000025,0.5928853754940677,6273560.0
000859,20210312,4.96,4.9,4.98,5.06,0.09999999999999964,2.0161290322580516,5102884.0
000859,20210311,4.9,4.88,4.95,4.96,-0.040000000000000036,-0.8000000000000007,3805982.0
000859,20210310,4.99,4.85,4.87,5.0,-0.11000000000000032,-2.1526418786692814,5663067.0
000859,20210309,5.11,4.9,4.98,5.11,-0.1200000000000001,-2.294455066921608,8223132.0
000859,20210308,5.1,5.07,5.11,5.23,0.1200000000000001,2.3483365949119372,8738377.0
000859,20210305,5.02,5.02,5.1,5.11,-0.009999999999999787,-0.1953125,5275200.0
000859,20210304,5.05,5.03,5.06,5.12,0.020000000000000462,0.39215686274509665,5686738.0
000859,20210303,4.99,4.98,5.07,5.1,-0.020000000000000462,-0.3906250000000111,7400900.0
000859,20210302,5.12,4.97,5.0,5.12,-0.009999999999999787,-0.19493177387913674,7554243.0
000859,20210301,5.09,5.06,5.11,5.13,0.009999999999999787,0.1953125,5035610.0
000859,20210226,5.04,5.01,5.09,5.12,-0.019999999999999574,-0.38910505836574627,5710368.0
000859,20210225,5.1,5.04,5.1,5.14,-0.020000000000000462,-0.387596899224818,6135188.0
000859,20210224,5.12,5.02,5.08,5.16,-0.05999999999999961,-1.1494252873563093,7281153.0
000859,20210223,5.12,5.09,5.12,5.22,-0.11000000000000032,-2.06378986866792,8703589.0
000859,20210222,5.23,5.14,5.15,5.33,0.2999999999999998,5.96421471172961,19335963.0
000859,20210219,4.91,4.88,5.02,5.03,0.08000000000000007,1.6161616161616266,7663364.0
000859,20210218,4.81,4.81,4.94,4.95,0.1299999999999999,2.6970954356846377,6318702.0
000859,20210210,4.78,4.76,4.77,4.82,0.0,0.0,4666700.0
000859,20210209,4.75,4.72,4.79,4.82,-0.019999999999999574,-0.4132231404958553,4264437.0
000859,20210208,4.84,4.71,4.74,4.84,-0.0600000000000005,-1.224489795918382,6064811.0
000859,20210205,4.85,4.81,4.83,4.9,-0.09999999999999964,-1.9999999999999907,4361388.0
000859,20210204,4.96,4.79,4.85,5.0,-0.1299999999999999,-2.534113060428844,7663417.0
000859,20210203,4.92,4.92,5.02,5.13,0.17999999999999972,3.6363636363636376,11596892.0
000859,20210202,4.95,4.87,4.9,4.95,0.020000000000000462,0.40567951318459805,2950108.0
000859,20210201,4.82,4.82,4.92,4.93,-0.010000000000000675,-0.2024291497975894,3774250.0
000859,20210129,4.89,4.8,4.86,4.94,-0.08999999999999986,-1.7892644135188873,5355800.0
000859,20210128,4.88,4.86,4.94,5.03,0.0600000000000005,1.2072434607645954,5456884.0
000859,20210127,4.94,4.89,4.92,4.97,-0.020000000000000462,-0.40080160320642433,4229493.0
000859,20210126,4.89,4.87,4.97,4.99,-0.040000000000000036,-0.7952286282306154,5318301.0
000859,20210125,4.95,4.91,4.93,5.03,-0.05999999999999961,-1.178781925343808,6490400.0
000859,20210122,5.08,4.93,4.96,5.09,-0.08000000000000007,-1.5473887814313358,10285361.0
000859,20210121,5.11,5.08,5.11,5.17,-0.09999999999999964,-1.8975332068311146,7291339.0
000859,20210120,5.26,5.05,5.11,5.27,-0.1200000000000001,-2.226345083487946,14381800.0
000859,20210119,5.12,5.12,5.24,5.39,-0.0600000000000005,-1.1009174311926717,16589745.0
000859,20210118,5.36,5.23,5.23,5.45,0.1299999999999999,2.443609022556381,34532908.0
000859,20210115,5.32,5.22,5.32,5.32,0.4400000000000004,9.016393442622949,21746718.0
000859,20210114,4.8,4.76,4.84,4.88,-0.10000000000000053,-2.00803212851407,5370370.0
000859,20210113,4.98,4.79,4.82,4.98,-0.0699999999999994,-1.3861386138613763,7952833.0
000859,20210112,4.83,4.82,4.94,5.05,0.13999999999999968,2.851323828920571,8134211.0
000859,20210111,4.84,4.8,4.84,4.91,-0.040000000000000036,-0.8080808080808133,4566100.0
000859,20210108,4.89,4.78,4.85,4.95,-0.08999999999999986,-1.7857142857142794,5630190.0
000859,20210107,5.02,4.86,4.91,5.04,-0.08999999999999986,-1.754385964912275,9027940.0
000859,20210106,5.13,4.99,5.01,5.13,-0.03000000000000025,-0.5813953488372103,9096151.0
000859,20210105,5.14,5.08,5.13,5.16,-0.09999999999999964,-1.9011406844106404,6922137.0
000859,20210104,5.09,5.08,5.17,5.26,0.10999999999999943,2.135922330097073,10978229.0
000859,20201231,5.08,5.05,5.1,5.15,-0.04999999999999982,-0.9615384615384581,6483521.0
000859,20201230,5.13,5.04,5.1,5.2,-0.08999999999999986,-1.7013232514177634,9036527.0
000859,20201229,5.14,5.11,5.13,5.29,-0.1299999999999999,-2.398523985239853,10310900.0
000859,20201228,5.0,4.87,5.23,5.42,0.3799999999999999,7.539682539682535,17834437.0
000859,20201225,4.95,4.94,5.0,5.04,-0.040000000000000036,-0.7874015748031482,5067656.0
000859,20201224,5.0,4.92,4.95,5.08,0.03000000000000025,0.5940594059405946,7236018.0
000859,20201223,5.02,4.99,5.01,5.05,-0.11000000000000032,-2.131782945736438,5382500.0
000859,20201222,5.15,5.01,5.02,5.16,-0.040000000000000036,-0.7692307692307665,9754400.0
000859,20201221,5.11,5.11,5.14,5.2,-0.04999999999999982,-0.952380952380949,6204800.0
000859,20201218,5.23,5.12,5.15,5.25,0.019999999999999574,0.3824091778202643,7399981.0
000859,20201217,5.2,5.01,5.22,5.23,-0.019999999999999574,-0.3809523809523707,10027461.0
000859,20201216,5.24,5.19,5.22,5.25,-0.009999999999999787,-0.1901140684410607,5262301.0
000859,20201215,5.23,5.18,5.22,5.26,-0.03000000000000025,-0.5671077504725952,4724961.0
000859,20201214,5.23,5.17,5.21,5.29,-0.16999999999999993,-3.1135531135531136,8031270.0
000859,20201211,5.45,5.23,5.26,5.46,-0.03000000000000025,-0.5464480874316946,9920390.0
000859,20201210,5.49,5.33,5.34,5.49,-0.20999999999999996,-3.68421052631579,11516050.0
000859,20201209,5.68,5.49,5.49,5.7,-0.040000000000000036,-0.6968641114982632,14166000.0
000859,20201208,5.71,5.64,5.68,5.74,-0.1200000000000001,-2.0477815699658675,11084100.0
000859,20201207,5.84,5.7,5.75,5.86,-0.009999999999999787,-0.17035775127768327,15384512.0
000859,20201204,5.73,5.71,5.76,5.87,-0.09999999999999964,-1.67504187604689,18279780.0
000859,20201203,5.83,5.73,5.82,5.97,0.08000000000000007,1.3582342954159499,30109725.0
000859,20201202,5.69,5.67,5.81,5.89,-0.1200000000000001,-1.9966722129783676,43580533.0
000859,20201201,5.47,5.45,5.85,6.01,0.4399999999999995,7.899461400359065,56032629.0
000859,20201130,5.42,5.4,5.46,5.57,0.08000000000000007,1.4571948998178597,12971480.0
000859,20201127,5.34,5.31,5.44,5.49,0.07000000000000028,1.291512915129167,7518254.0
000859,20201126,5.42,5.3,5.34,5.42,-0.08999999999999986,-1.6333938294010864,7427509.0
000859,20201125,5.5,5.4,5.42,5.51,-0.04999999999999982,-0.8992805755395628,7373238.0
000859,20201124,5.53,5.43,5.45,5.56,-0.010000000000000675,-0.17953321364453378,7248215.0
000859,20201123,5.51,5.48,5.53,5.57,0.040000000000000036,0.723327305605781,8224692.0
000859,20201120,5.49,5.41,5.49,5.53,-0.02999999999999936,-0.5395683453237266,7086385.0
000859,20201119,5.56,5.47,5.5,5.56,-0.07000000000000028,-1.243339253996456,9394772.0
000859,20201118,5.47,5.47,5.57,5.63,0.03000000000000025,0.5357142857142838,10769270.0
000859,20201117,5.51,5.45,5.49,5.6,0.05999999999999961,1.0830324909747224,8496430.0
000859,20201116,5.44,5.42,5.5,5.54,0.05999999999999961,1.0948905109488871,6977200.0
000859,20201113,5.4,5.36,5.45,5.48,0.03000000000000025,0.5504587155963359,6898390.0
000859,20201112,5.38,5.36,5.4,5.45,-0.019999999999999574,-0.3656307129798808,4265880.0
000859,20201111,5.44,5.37,5.39,5.47,-0.0600000000000005,-1.0849909584086936,6323816.0
000859,20201110,5.48,5.42,5.47,5.53,0.0,0.0,9487280.0
000859,20201109,5.4,5.38,5.46,5.53,0.08000000000000007,1.4678899082568808,9230751.0
000859,20201106,5.31,5.31,5.37,5.45,0.08999999999999986,1.679104477611948,10027551.0
000859,20201105,5.26,5.25,5.34,5.36,0.0600000000000005,1.132075471698113,11270400.0
000859,20201104,5.28,5.19,5.23,5.3,0.0,0.0,5129363.0
000859,20201103,5.23,5.22,5.27,5.3,-0.020000000000000462,-0.375939849624074,7270408.0
000859,20201102,5.31,5.1,5.22,5.32,-0.13999999999999968,-2.564102564102555,10196524.0
000859,20201030,5.42,5.31,5.31,5.46,-0.009999999999999787,-0.1828153564899404,8592260.0
000859,20201029,5.25,5.24,5.42,5.47,0.0699999999999994,1.2962962962962843,9574780.0
000859,20201028,5.35,5.27,5.34,5.4,0.040000000000000036,0.746268656716409,5109706.0
000859,20201027,5.25,5.25,5.32,5.36,-0.08999999999999986,-1.6513761467889854,5371500.0
000859,20201026,5.44,5.3,5.33,5.45,-0.09999999999999964,-1.8018018018017945,4965582.0
000859,20201023,5.55,5.41,5.42,5.55,0.040000000000000036,0.7259528130671544,4916392.0
000859,20201022,5.41,5.38,5.45,5.51,0.009999999999999787,0.1818181818181719,5787255.0
000859,20201021,5.46,5.42,5.46,5.5,-0.009999999999999787,-0.1814882032667886,5518378.0
000859,20201020,5.33,5.3,5.49,5.51,0.0699999999999994,1.2867647058823373,7700678.0
000859,20201019,5.4,5.33,5.36,5.44,-0.040000000000000036,-0.7299270072992692,4819582.0
000859,20201016,5.45,5.38,5.4,5.48,-0.0699999999999994,-1.2612612612612484,5311037.0
000859,20201015,5.54,5.42,5.42,5.55,-0.11000000000000032,-1.9434628975265045,6838362.0
000859,20201014,5.57,5.53,5.54,5.66,0.03000000000000025,0.5328596802842034,6807502.0
000859,20201013,5.62,5.5,5.6,5.63,-0.020000000000000462,-0.3539823008849585,9500522.0
000859,20201012,5.51,5.51,5.63,5.65,0.14000000000000057,2.5408348457350405,10768328.0
000859,20201009,5.35,5.35,5.49,5.51,0.1299999999999999,2.4163568773234223,8235077.0
000859,20200930,5.36,5.3,5.3,5.38,-0.04999999999999982,-0.9208103130755041,6771000.0
000859,20200929,5.26,5.21,5.34,5.43,0.019999999999999574,0.3696857670979492,7455437.0
000859,20200928,5.38,5.22,5.23,5.41,-0.1299999999999999,-2.3465703971119134,6789317.0
000859,20200925,5.44,5.35,5.36,5.54,-0.08000000000000007,-1.4234875444839923,6536644.0
000859,20200924,5.62,5.45,5.46,5.62,-0.08000000000000007,-1.403508771929829,7003575.0
000859,20200923,5.6,5.57,5.65,5.7,0.009999999999999787,0.17574692442881013,6260200.0
000859,20200922,5.62,5.57,5.57,5.69,-0.040000000000000036,-0.6980802792321161,6618131.0
000859,20200921,5.69,5.63,5.67,5.73,-0.009999999999999787,-0.17421602787456303,9188078.0
000859,20200918,5.52,5.51,5.69,5.74,0.14000000000000057,2.5000000000000133,12210085.0
000859,20200917,5.49,5.47,5.54,5.6,0.040000000000000036,0.7194244604316502,8000949.0
000859,20200916,5.55,5.43,5.46,5.56,-0.0600000000000005,-1.067615658362997,6697000.0
000859,20200915,5.62,5.51,5.56,5.62,-0.040000000000000036,-0.7067137809187329,7913215.0
000859,20200914,5.57,5.55,5.62,5.66,0.08999999999999986,1.6157989228007263,6831380.0
000859,20200911,5.53,5.47,5.54,5.57,-0.2699999999999996,-4.623287671232868,8335355.0
000859,20200910,5.83,5.42,5.58,5.84,-0.009999999999999787,-0.17094017094017033,20486571.0
000859,20200909,5.66,5.65,5.79,5.85,0.10999999999999943,1.9163763066202044,16363385.0
000859,20200908,5.66,5.62,5.73,5.74,-0.08000000000000007,-1.3745704467354014,10834833.0
000859,20200907,5.73,5.65,5.67,5.82,0.03000000000000025,0.5181347150259086,13761308.0
000859,20200904,5.73,5.68,5.76,5.79,-0.15000000000000036,-2.5252525252525304,13156200.0
000859,20200903,5.87,5.81,5.81,5.94,-0.05999999999999961,-0.9999999999999898,13189974.0
000859,20200902,5.96,5.85,5.9,6.0,0.009999999999999787,0.16694490818029983,17132475.0
000859,20200901,5.92,5.81,5.99,5.99,-0.02999999999999936,-0.4983388704318803,12946697.0
000859,20200831,5.92,5.89,5.9,6.02,0.07999999999999918,1.3468013468013407,14206198.0
000859,20200828,5.92,5.81,5.92,5.94,-0.04999999999999982,-0.8347245409014992,15487587.0
000859,20200827,5.87,5.78,5.91,5.99,-0.20999999999999996,-3.387096774193543,17496928.0
000859,20200826,6.09,5.87,5.87,6.2,-0.2999999999999998,-4.61538461538461,26694069.0
000859,20200825,6.5,6.07,6.14,6.5,0.009999999999999787,0.15408320493066618,38546097.0
000859,20200824,6.36,6.13,6.45,6.49,-0.0699999999999994,-1.0670731707317027,34510593.0
000859,20200821,6.25,6.18,6.36,6.56,0.13999999999999968,2.180685358255441,51293870.0
000859,20200820,6.06,6.03,6.24,6.42,0.13999999999999968,2.2292993630573132,41597978.0
000859,20200819,6.18,6.07,6.08,6.28,0.020000000000000462,0.31948881789138905,23331354.0
000859,20200818,6.22,6.12,6.2,6.26,-0.08000000000000007,-1.2618296529968487,26273246.0
000859,20200817,6.13,6.09,6.27,6.34,0.08000000000000007,1.2779552715654896,36636156.0
000859,20200814,6.02,6.01,6.16,6.26,0.1200000000000001,1.9543973941368087,34493450.0
000859,20200813,6.0,5.96,6.07,6.14,0.05999999999999961,0.9868421052631415,34293696.0
000859,20200812,5.66,5.61,6.07,6.08,0.2400000000000002,4.109589041095885,42004107.0
000859,20200811,5.8,5.62,5.65,5.84,-0.009999999999999787,-0.17094017094017033,14934000.0
000859,20200810,5.73,5.68,5.83,5.85,-0.03000000000000025,-0.5102040816326592,11802351.0
000859,20200807,5.86,5.65,5.74,5.88,-0.15000000000000036,-2.4875621890547372,18780403.0
000859,20200806,5.97,5.86,5.9,6.03,0.04999999999999982,0.836120401337781,17063580.0
000859,20200805,5.93,5.79,5.98,5.98,-0.04999999999999982,-0.8291873963515717,18866436.0
000859,20200804,6.03,5.89,5.92,6.03,-0.10999999999999943,-1.7915309446253969,21660402.0
000859,20200803,5.8,5.79,6.02,6.14,0.2999999999999998,5.13698630136985,30628848.0
000859,20200731,5.74,5.7,5.79,5.84,0.009999999999999787,0.17152658662091813,15717310.0
000859,20200730,5.76,5.71,5.73,5.83,0.0600000000000005,1.0398613518197708,13808295.0
000859,20200729,5.59,5.56,5.77,5.77,0.04999999999999982,0.8741258741258751,15107967.0
000859,20200728,5.63,5.59,5.64,5.72,0.0699999999999994,1.2389380530973382,12796263.0
000859,20200727,5.62,5.49,5.58,5.65,-0.21999999999999975,-3.7478705281090208,11214851.0
000859,20200724,5.8,5.54,5.59,5.87,-0.07000000000000028,-1.1784511784511786,21467808.0
000859,20200723,5.9,5.68,5.83,5.94,-0.16999999999999993,-2.782324058919805,24305661.0
000859,20200722,6.04,5.93,5.95,6.11,-0.040000000000000036,-0.6504065040650375,25912397.0
000859,20200721,5.99,5.96,6.08,6.15,0.16000000000000014,2.6711185308848195,27366616.0
000859,20200720,5.82,5.8,5.97,5.99,0.08999999999999986,1.5254237288135464,20485070.0
000859,20200717,5.86,5.66,5.77,5.9,-0.34999999999999964,-5.599999999999994,23317797.0
000859,20200716,6.15,5.81,5.85,6.25,-0.21999999999999975,-3.4003091190108137,31186852.0
000859,20200715,6.42,6.15,6.15,6.47,-0.1800000000000006,-2.7067669172932463,34659889.0
000859,20200714,6.57,6.26,6.39,6.65,0.040000000000000036,0.605143721633894,47315194.0
000859,20200713,6.27,6.2,6.61,6.61,0.0600000000000005,0.9160305343511421,64682183.0
000859,20200710,6.35,6.21,6.26,6.55,0.1200000000000001,1.8662519440124425,57871895.0
000859,20200709,6.2,6.17,6.35,6.43,0.09999999999999964,1.5797788309636518,51260658.0
000859,20200708,6.18,6.15,6.25,6.33,-0.15000000000000036,-2.314814814814825,45675219.0
000859,20200707,6.3,6.14,6.21,6.48,0.1200000000000001,1.8867924528301883,65844283.0
000859,20200706,6.06,6.01,6.28,6.36,0.05000000000000071,0.7923930269413848,79262771.0
000859,20200703,5.75,5.75,6.12,6.31,0.35999999999999943,6.050420168067228,81579647.0
000859,20200702,5.87,5.68,5.74,5.95,0.33999999999999986,6.060606060606055,46162986.0
000859,20200701,5.6,5.48,5.58,5.61,-0.02999999999999936,-0.5319148936170137,22361454.0
000859,20200630,5.59,5.55,5.6,5.64,0.04999999999999982,0.8944543828264706,15818093.0
000859,20200629,5.55,5.48,5.57,5.59,-0.23000000000000043,-3.9518900343642693,17709854.0
000859,20200624,5.8,5.56,5.56,5.82,-0.05999999999999961,-1.0204081632652962,26954185.0
000859,20200623,5.79,5.73,5.81,5.88,0.0,0.0,33422298.0
000859,20200622,5.56,5.55,5.81,5.88,0.22999999999999954,4.070796460176984,44538246.0
000859,20200619,5.64,5.52,5.58,5.65,-0.08000000000000007,-1.3961605584642212,19481956.0
000859,20200618,5.53,5.48,5.64,5.73,0.07000000000000028,1.2367491166077826,31094078.0
000859,20200617,5.66,5.5,5.57,5.66,-0.08999999999999986,-1.565217391304341,22150145.0
000859,20200616,5.64,5.55,5.68,5.75,-0.16999999999999993,-2.871621621621623,25073749.0
000859,20200615,5.73,5.6,5.6,5.92,0.040000000000000036,0.6802721088435382,35558263.0
000859,20200612,5.52,5.48,5.78,5.88,0.1299999999999999,2.2608695652173827,44364561.0
000859,20200611,5.55,5.43,5.64,5.75,0.13999999999999968,2.4955436720142554,34177461.0
000859,20200610,5.6,5.43,5.54,5.61,-0.1200000000000001,-2.0942408376963373,20038372.0
000859,20200609,5.61,5.48,5.56,5.73,-0.1999999999999993,-3.3726812816188723,25772289.0
000859,20200608,5.52,5.51,5.62,5.93,0.3700000000000001,6.654676258992809,42445683.0
000859,20200605,5.44,5.41,5.5,5.56,-0.09000000000000075,-1.592920353982319,19885253.0
000859,20200604,5.55,5.47,5.47,5.65,0.020000000000000462,0.355239786856143,31285615.0
000859,20200603,5.59,5.47,5.55,5.63,0.07000000000000028,1.25899280575541,47533578.0
000859,20200602,5.08,5.03,5.56,5.56,0.5,9.881422924901194,54685115.0
000859,20200601,4.89,4.85,5.05,5.06,0.13999999999999968,2.8455284552845406,15935858.0
000859,20200529,4.82,4.78,4.89,4.92,-0.03000000000000025,-0.60606060606061,7789816.0
000859,20200528,4.95,4.75,4.85,4.95,-0.009999999999999787,-0.20161290322580072,11588520.0
000859,20200527,4.93,4.9,4.93,4.96,0.0,0.0,7538102.0
000859,20200526,4.92,4.89,4.95,4.96,-0.05999999999999961,-1.195219123505964,13184756.0
000859,20200525,5.01,4.85,4.89,5.02,-0.16000000000000014,-3.0888030888030937,11234043.0
000859,20200522,5.16,5.01,5.02,5.18,-0.07000000000000028,-1.333333333333342,13811240.0
000859,20200521,5.17,5.14,5.19,5.25,-0.08999999999999986,-1.6853932584269593,13548664.0
000859,20200520,5.3,5.12,5.15,5.34,-0.17999999999999972,-3.2608695652173836,21903370.0
000859,20200519,5.46,5.28,5.34,5.52,-0.15000000000000036,-2.645502645502651,25046006.0
000859,20200518,5.58,5.43,5.45,5.67,0.040000000000000036,0.7104795737122638,20797668.0
000859,20200515,5.56,5.45,5.56,5.63,-0.1200000000000001,-2.086956521739136,19944573.0
000859,20200514,5.6,5.56,5.56,5.75,0.21999999999999975,3.9783001808318286,27425428.0
000859,20200513,5.45,5.42,5.5,5.53,-0.17999999999999972,-3.1523642732048995,13402121.0
000859,20200512,5.63,5.42,5.52,5.71,-0.04999999999999982,-0.868055555555558,19962973.0
000859,20200511,5.65,5.57,5.65,5.76,0.04999999999999982,0.8756567425569184,24368096.0
000859,20200508,5.55,5.5,5.68,5.71,0.009999999999999787,0.17543859649122862,27828519.0
000859,20200507,5.56,5.48,5.5,5.7,0.11000000000000032,1.9677996422182487,26555312.0
000859,20200506,5.43,5.4,5.57,5.59,0.04999999999999982,0.902527075812265,24293469.0
000859,20200430,5.39,5.37,5.47,5.54,-0.009999999999999787,-0.18018018018017834,22252112.0
000859,20200429,5.48,5.33,5.33,5.55,-0.15000000000000036,-2.6315789473684292,20761221.0
000859,20200428,5.7,5.17,5.48,5.7,-0.13999999999999968,-2.397260273972601,37132463.0
000859,20200427,5.74,5.56,5.67,5.84,-0.17999999999999972,-2.9900332225913595,27298509.0
000859,20200424,6.0,5.6,5.67,6.02,-0.040000000000000036,-0.660066006600657,47102710.0
000859,20200423,5.81,5.75,5.98,6.06,0.20999999999999996,3.589743589743599,50246135.0
000859,20200422,5.69,5.64,5.8,5.85,-0.020000000000000462,-0.34071550255537764,31726692.0
000859,20200421,5.57,5.51,5.7,5.87,0.20999999999999996,3.7102473498233257,44488039.0
000859,20200420,5.42,5.42,5.65,5.66,0.17999999999999972,3.2846715328467058,38439720.0
000859,20200417,5.36,5.33,5.39,5.48,0.020000000000000462,0.366300366300365,26910611.0
000859,20200416,5.31,5.29,5.36,5.46,-0.08999999999999986,-1.6216216216216162,31084068.0
000859,20200415,5.25,5.19,5.39,5.55,0.2999999999999998,5.714285714285716,53427541.0
000859,20200414,5.2,5.1,5.19,5.25,-0.08000000000000007,-1.5009380863039379,28157932.0
000859,20200413,5.05,4.98,5.23,5.33,0.15000000000000036,2.895752895752901,35078998.0
000859,20200410,5.16,5.0,5.02,5.18,-0.10000000000000053,-1.8939393939394034,25441630.0
000859,20200409,5.2,5.15,5.19,5.28,0.0600000000000005,1.1494252873563315,27877852.0
000859,20200408,5.12,5.07,5.17,5.22,0.0,0.0,24374360.0
000859,20200407,5.11,5.05,5.19,5.22,-0.010000000000000675,-0.19120458891014325,37677484.0
000859,20200403,5.1,5.02,5.1,5.23,0.1900000000000004,3.7698412698412787,57240259.0
000859,20200402,4.62,4.6,5.04,5.04,0.2999999999999998,6.329113924050622,48811901.0
000859,20200401,4.55,4.5,4.58,4.74,0.040000000000000036,0.8510638297872353,13910805.0
000859,20200331,4.68,4.52,4.56,4.7,-0.08000000000000007,-1.673640167364021,11397953.0
000859,20200330,4.78,4.5,4.62,4.78,-0.20000000000000018,-4.016064257028118,19829352.0
000859,20200327,4.96,4.81,4.83,4.98,-0.04999999999999982,-0.994035785288272,10032714.0
000859,20200326,5.02,4.88,4.88,5.03,-0.04999999999999982,-0.9842519685039353,13720148.0
000859,20200325,5.03,4.97,5.02,5.08,0.1299999999999999,2.626262626262621,18060472.0
000859,20200324,4.84,4.75,4.94,4.95,0.040000000000000036,0.8146639511201537,18046253.0
000859,20200323,4.82,4.73,4.75,4.91,-0.1200000000000001,-2.385685884691846,15946037.0
000859,20200320,4.96,4.88,4.96,5.03,0.1200000000000001,2.443991853360483,16841301.0
000859,20200319,4.8,4.75,4.88,4.91,-0.14999999999999947,-2.9644268774703497,19868097.0
000859,20200318,4.97,4.81,4.81,5.06,-0.05000000000000071,-0.9784735812133238,22702878.0
000859,20200317,4.99,4.7,4.9,5.11,-0.2599999999999998,-4.841713221601484,25113143.0
000859,20200316,5.3,4.99,5.0,5.37,0.020000000000000462,0.37383177570093906,25768185.0
000859,20200313,5.09,5.0,5.24,5.35,-0.2400000000000002,-4.29338103756709,32309561.0
000859,20200312,5.5,5.38,5.41,5.59,-0.41000000000000014,-6.833333333333336,33843528.0
000859,20200311,5.74,5.55,5.67,6.0,0.21999999999999975,3.806228373702414,53765203.0
000859,20200310,5.59,5.31,5.74,5.78,-0.6200000000000001,-9.687500000000004,67775848.0
000859,20200309,6.11,5.73,5.79,6.4,-0.009999999999999787,-0.15600624024960652,98087136.0
000859,20200306,5.82,5.73,6.24,6.41,0.4400000000000004,7.370184254606382,129121493.0
000859,20200305,5.93,5.72,5.83,5.97,0.02999999999999936,0.5050505050504972,48043508.0
000859,20200304,5.6,5.54,5.9,5.94,-0.019999999999999574,-0.3355704697986517,50911158.0
000859,20200303,5.65,5.61,5.74,5.96,0.1900000000000004,3.2928942807625816,59530852.0
000859,20200302,5.58,5.4,5.71,5.77,-0.2600000000000007,-4.311774461028206,58241234.0
000859,20200228,5.93,5.63,5.63,6.03,-0.3799999999999999,-5.928237129485181,71302075.0
000859,20200227,6.21,5.96,6.26,6.41,-0.5,-7.23589001447178,73176502.0
000859,20200226,6.3,6.03,6.19,6.91,0.5099999999999998,7.968749999999991,120577214.0
000859,20200225,6.0,5.7,6.32,6.4,0.040000000000000036,0.6289308176100628,107102185.0
000859,20200224,6.17,5.96,6.24,6.36,-0.20999999999999996,-3.1963470319634646,91082384.0
000859,20200221,6.39,6.15,6.17,6.57,0.16999999999999993,2.6562500000000044,119292276.0
000859,20200220,5.8,5.61,6.4,6.4,0.4300000000000006,7.202680067001688,115989727.0
000859,20200219,5.56,5.51,5.82,5.97,0.21999999999999975,3.826086956521735,73885103.0
000859,20200218,5.39,5.31,5.61,5.75,0.33999999999999986,6.284658040665425,74922697.0
000859,20200217,5.06,5.03,5.35,5.41,0.33999999999999986,6.706114398422081,57391684.0
000859,20200214,5.0,4.89,5.01,5.07,0.010000000000000675,0.19762845849804478,27678863.0
000859,20200213,4.98,4.94,4.96,5.06,-0.2400000000000002,-4.528301886792452,30228222.0
000859,20200212,5.04,5.0,5.07,5.3,0.20999999999999996,4.125736738703334,42594758.0
000859,20200211,4.94,4.85,5.01,5.09,0.14999999999999947,3.0364372469635414,38379374.0
000859,20200210,4.75,4.73,4.9,4.94,0.07000000000000028,1.4373716632443578,24824648.0
000859,20200207,4.74,4.66,4.79,4.87,0.03000000000000025,0.6198347107438051,27764684.0
000859,20200206,4.68,4.65,4.77,4.84,0.04999999999999982,1.0438413361169019,32619607.0
000859,20200205,4.53,4.52,4.65,4.79,0.27000000000000046,5.973451327433632,39862972.0
000859,20200204,4.2,4.2,4.47,4.52,-0.15000000000000036,-3.2119914346895206,40437481.0
000859,20200203,4.67,4.67,4.67,4.67,-0.9000000000000004,-16.157989228007185,2921600.0
000859,20200123,5.4,5.12,5.19,5.57,0.040000000000000036,0.723327305605781,28546873.0
000859,20200122,5.49,5.06,5.44,5.53,-0.20000000000000018,-3.4904013961605584,25424742.0
000859,20200121,5.7,5.51,5.52,5.73,-0.08999999999999986,-1.546391752577314,27840367.0
000859,20200120,5.68,5.66,5.77,5.82,0.14000000000000057,2.464788732394374,29717006.0
000859,20200117,5.63,5.59,5.62,5.68,-0.0600000000000005,-1.0452961672474004,17650881.0
000859,20200116,5.64,5.6,5.63,5.74,-0.019999999999999574,-0.3472222222222099,23483565.0
000859,20200115,5.67,5.57,5.68,5.76,-0.1800000000000006,-3.0303030303030387,25150717.0
000859,20200114,5.88,5.66,5.67,5.94,0.08000000000000007,1.3651877133105783,41627283.0
000859,20200113,5.83,5.72,5.86,5.86,-0.33999999999999986,-5.483870967741932,40463953.0
000859,20200110,6.17,5.98,5.98,6.2,-0.019999999999999574,-0.3215434083601254,38143295.0
000859,20200109,6.15,6.06,6.17,6.22,-0.23000000000000043,-3.565891472868221,49715905.0
000859,20200108,5.95,5.91,6.12,6.45,0.3100000000000005,5.048859934853422,85584427.0
000859,20200107,6.01,5.91,6.01,6.14,-0.020000000000000462,-0.32467532467532756,49401689.0
000859,20200106,5.84,5.75,6.06,6.16,0.1900000000000004,3.1825795644891297,65504729.0
000859,20200103,5.9,5.72,5.86,5.97,0.009999999999999787,0.1677852348993314,46698643.0
000859,20200102,5.81,5.76,5.85,5.96,-0.009999999999999787,-0.16750418760468344,46038930.0
000859,20191231,5.94,5.68,5.72,5.97,-0.08000000000000007,-1.3223140495867813,37611606.0
000859,20191230,6.01,5.51,5.86,6.05,-0.28000000000000025,-4.423380726698268,53591605.0
000859,20191227,6.24,6.11,6.11,6.33,0.009999999999999787,0.15822784810126667,44365401.0
000859,20191226,6.15,6.1,6.28,6.32,0.020000000000000462,0.31746031746031633,49055762.0
000859,20191225,6.14,6.05,6.23,6.3,0.08000000000000007,1.2861736334405238,51488390.0
000859,20191224,5.97,5.92,6.14,6.22,-0.1299999999999999,-2.0472440944881876,49164824.0
000859,20191223,6.28,5.95,5.97,6.35,-0.33000000000000007,-4.940119760479044,68040951.0
000859,20191220,6.65,6.38,6.47,6.68,-0.28000000000000025,-4.0229885057471275,95017783.0
000859,20191219,6.32,6.23,6.79,6.96,0.33000000000000007,4.977375565610864,157144940.0
000859,20191218,6.53,6.26,6.33,6.63,-0.13999999999999968,-2.0679468242245203,103249719.0
000859,20191217,6.57,6.43,6.58,6.77,-0.1800000000000006,-2.5899280575539696,113645976.0
000859,20191216,6.42,6.38,6.57,6.95,0.4500000000000002,6.923076923076921,129623374.0
000859,20191213,6.13,5.85,6.45,6.5,-0.11000000000000032,-1.6641452344931973,106174970.0
000859,20191212,6.12,6.1,6.26,6.61,-0.3099999999999996,-4.479768786127158,135257382.0
000859,20191211,6.36,6.0,6.13,6.92,0.54,8.463949843260199,173236629.0
000859,20191210,6.09,6.0,6.38,6.38,0.5800000000000001,10.000000000000009,154101338.0
000859,20191209,5.3,5.21,5.8,5.8,0.47999999999999954,9.022556390977442,107353476.0
000859,20191206,5.23,5.16,5.27,5.32,0.040000000000000036,0.7575757575757569,55516370.0
000859,20191205,5.17,5.1,5.26,5.28,-0.02999999999999936,-0.5649717514124131,67583070.0
000859,20191204,5.14,5.02,5.17,5.31,-0.09000000000000075,-1.666666666666683,62123138.0
000859,20191203,5.35,5.04,5.19,5.4,-0.13999999999999968,-2.5270758122743597,73629538.0
000859,20191202,5.41,5.31,5.46,5.54,-0.20999999999999996,-3.652173913043477,65723459.0
000859,20191129,5.63,5.46,5.49,5.75,-0.08999999999999986,-1.5410958904109595,79390814.0
000859,20191128,5.27,5.27,5.68,5.84,-0.009999999999999787,-0.17094017094017033,126444619.0
000859,20191127,5.61,5.3,5.39,5.85,0.22999999999999954,4.09252669039144,140308026.0
000859,20191126,5.0,4.95,5.62,5.62,0.41000000000000014,7.869481765834929,137294782.0
000859,20191125,5.0,4.6,5.11,5.21,-0.16999999999999993,-3.159851301115235,96625533.0
000859,20191122,4.8,4.78,5.09,5.38,0.41999999999999993,8.467741935483875,124979748.0
000859,20191121,4.85,4.6,4.94,4.96,-0.33000000000000007,-6.238185255198491,118725618.0
000859,20191120,4.93,4.9,5.11,5.29,0.4800000000000004,9.97920997920998,158077689.0
000859,20191119,4.78,4.5,4.81,4.81,0.4399999999999995,10.068649885583515,83201765.0
000859,20191118,4.08,4.08,4.37,4.37,0.3100000000000005,7.635467980295574,9220031.0
000859,20191115,4.04,3.97,3.97,4.06,-0.010000000000000675,-0.24570024570026439,7567399.0
000859,20191114,4.0,3.97,4.01,4.07,0.07000000000000028,1.750000000000007,9230001.0
000859,20191113,3.99,3.92,3.98,4.0,0.009999999999999787,0.25062656641603454,6497918.0
000859,20191112,3.95,3.89,3.99,3.99,-0.10999999999999943,-2.682926829268284,6612289.0
000859,20191111,4.1,3.88,3.95,4.1,-0.10000000000000053,-2.3809523809523947,12924832.0
000859,20191108,4.2,4.11,4.11,4.2,-0.009999999999999787,-0.23752969121139111,7651730.0
000859,20191107,4.11,4.09,4.16,4.21,0.03000000000000025,0.7177033492822948,7799372.0
000859,20191106,4.17,4.1,4.11,4.18,-0.03000000000000025,-0.7125890736342066,7781300.0
000859,20191105,4.2,4.1,4.18,4.21,-0.040000000000000036,-0.9411764705882342,11153133.0
000859,20191104,4.23,4.19,4.2,4.25,-0.009999999999999787,-0.23474178403755097,7745529.0
000859,20191101,4.2,4.15,4.22,4.26,-0.14000000000000057,-3.1818181818181968,9175800.0
000859,20191031,4.39,4.13,4.19,4.4,-0.13999999999999968,-3.083700440528625,19758840.0
000859,20191030,4.52,4.35,4.4,4.54,-0.07000000000000028,-1.5184381778741929,14342400.0
000859,20191029,4.54,4.52,4.52,4.61,0.040000000000000036,0.875273522975939,16850100.0
000859,20191028,4.41,4.41,4.56,4.57,0.1200000000000001,2.696629213483148,18880049.0
000859,20191025,4.38,4.37,4.41,4.45,-0.03000000000000025,-0.6696428571428603,9389800.0
000859,20191024,4.45,4.35,4.38,4.48,-0.08999999999999986,-1.969365426695835,12550437.0
000859,20191023,4.53,4.47,4.49,4.57,0.0,0.0,15535790.0
000859,20191022,4.46,4.42,4.56,4.57,0.0600000000000005,1.330376940133049,20030759.0
000859,20191021,4.4,4.27,4.46,4.51,0.040000000000000036,0.8948545861297452,13758713.0
000859,20191018,4.44,4.37,4.37,4.47,-0.08000000000000007,-1.758241758241763,11625320.0
000859,20191017,4.36,4.36,4.46,4.55,0.04999999999999982,1.1111111111111072,11130001.0
000859,20191016,4.45,4.39,4.39,4.5,-0.04999999999999982,-1.098901098901095,10965860.0
000859,20191015,4.55,4.44,4.47,4.55,-0.0600000000000005,-1.3015184381778844,9243731.0
000859,20191014,4.53,4.52,4.55,4.61,0.03000000000000025,0.6550218340611424,11897941.0
000859,20191011,4.56,4.49,4.5,4.58,0.009999999999999787,0.2188183807439792,13005542.0
000859,20191010,4.49,4.46,4.57,4.57,0.08999999999999986,2.0089285714285587,9943398.0
000859,20191009,4.38,4.33,4.48,4.48,-0.03999999999999915,-0.8849557522123686,7131078.0
000859,20191008,4.45,4.43,4.45,4.52,-0.0600000000000005,-1.310043668122285,7788764.0
000859,20190930,4.56,4.42,4.42,4.58,-0.040000000000000036,-0.8658008658008698,10642588.0
000859,20190927,4.46,4.45,4.54,4.62,-0.040000000000000036,-0.8583690987124526,15713530.0
000859,20190926,4.63,4.43,4.44,4.66,-0.10999999999999943,-2.3060796645702153,14179256.0
000859,20190925,4.77,4.6,4.61,4.77,-0.07000000000000028,-1.446280991735538,15548301.0
000859,20190924,4.74,4.73,4.79,4.84,0.019999999999999574,0.4149377593360981,13728056.0
000859,20190923,4.8,4.65,4.76,4.82,-0.08999999999999986,-1.8329938900203624,14837317.0
000859,20190920,4.9,4.83,4.84,4.91,-0.05999999999999961,-1.2072434607645843,15192763.0
000859,20190919,4.88,4.84,4.93,4.97,0.02999999999999936,0.6072874493926905,18210880.0
000859,20190918,4.9,4.79,4.88,4.94,-0.13999999999999968,-2.7559055118110187,18546450.0
000859,20190917,5.07,4.77,4.87,5.08,-0.04999999999999982,-0.9746588693957059,27266971.0
000859,20190916,5.07,5.0,5.05,5.13,-0.04999999999999982,-0.9652509652509633,26355032.0
000859,20190912,5.14,5.01,5.07,5.18,-0.10000000000000053,-1.8939393939394034,31257476.0
000859,20190911,5.05,5.0,5.14,5.28,0.1299999999999999,2.5242718446601975,52252244.0
000859,20190910,5.06,4.94,5.01,5.15,0.09000000000000075,1.7786561264822254,32148989.0
000859,20190909,4.98,4.91,5.04,5.06,0.019999999999999574,0.3968253968253954,33396205.0
000859,20190906,4.93,4.85,4.92,5.04,-0.040000000000000036,-0.7874015748031482,28534546.0
000859,20190905,4.82,4.77,4.9,5.08,0.2599999999999998,5.394190871369298,53083047.0
000859,20190904,4.75,4.66,4.79,4.82,-0.05999999999999961,-1.2295081967213073,31858094.0
000859,20190903,4.64,4.58,4.76,4.88,0.2400000000000002,5.1724137931034475,36419066.0
000859,20190902,4.44,4.43,4.62,4.64,-0.09000000000000075,-1.9027484143763318,24205757.0
000859,20190830,4.65,4.4,4.46,4.73,-0.05999999999999961,-1.2526096033402823,24963625.0
000859,20190829,4.63,4.54,4.64,4.79,0.1200000000000001,2.569593147751603,31868632.0
000859,20190828,4.63,4.57,4.62,4.67,-0.08999999999999986,-1.8907563025210017,18332500.0
000859,20190827,4.59,4.58,4.68,4.76,0.10999999999999943,2.3655913978494425,33113045.0
000859,20190826,4.38,4.33,4.62,4.65,0.15000000000000036,3.3333333333333437,33530871.0
000859,20190823,4.42,4.4,4.47,4.5,-0.1299999999999999,-2.8077753779697567,17153995.0
000859,20190822,4.39,4.37,4.48,4.63,0.1899999999999995,4.279279279279269,30181925.0
000859,20190821,4.35,4.33,4.4,4.44,0.0,0.0,16685330.0
000859,20190820,4.39,4.34,4.36,4.44,0.07000000000000028,1.6018306636155666,19514200.0
000859,20190819,4.28,4.24,4.37,4.37,0.04999999999999982,1.157407407407396,19179700.0
000859,20190816,4.25,4.22,4.23,4.32,0.040000000000000036,0.9345794392523477,14239500.0
000859,20190815,4.1,4.05,4.26,4.28,-0.08000000000000007,-1.834862385321101,16205000.0
000859,20190814,4.26,4.26,4.26,4.36,0.1200000000000001,2.8301886792452935,16654300.0
000859,20190813,4.23,4.18,4.21,4.24,-0.05999999999999961,-1.3953488372092981,9004601.0
000859,20190812,4.21,4.13,4.3,4.3,-0.03000000000000025,-0.6928406466512715,12621800.0
000859,20190809,4.33,4.19,4.2,4.33,-0.1299999999999999,-2.914798206278024,15200230.0
000859,20190808,4.23,4.23,4.33,4.46,0.11000000000000032,2.5287356321839205,23301772.0
000859,20190807,4.32,4.2,4.2,4.35,0.0,0.0,15418801.0
000859,20190806,4.35,4.1,4.26,4.35,-0.28000000000000025,-6.0475161987041055,26595213.0
000859,20190805,4.54,4.5,4.53,4.63,-0.07000000000000028,-1.4893617021276673,12535306.0
000859,20190802,4.7,4.53,4.58,4.7,-0.20000000000000018,-4.081632653061229,23280482.0
000859,20190801,4.85,4.8,4.81,4.9,-0.08999999999999986,-1.8036072144288595,12811800.0
000859,20190731,4.98,4.89,4.89,4.99,-0.05999999999999961,-1.188118811881178,13322930.0
000859,20190730,4.99,4.95,4.99,5.05,0.03000000000000025,0.5976095617529875,12491800.0
000859,20190729,5.01,4.95,4.98,5.02,-0.040000000000000036,-0.7905138339920903,10318900.0
000859,20190726,5.0,4.96,5.0,5.06,-0.040000000000000036,-0.7843137254901933,12275810.0
000859,20190725,5.0,4.93,5.05,5.1,0.05999999999999961,1.1904761904761862,23681607.0
000859,20190724,4.95,4.94,5.0,5.04,0.040000000000000036,0.8000000000000007,17539108.0
000859,20190723,4.9,4.86,4.92,5.0,-0.11000000000000032,-2.1526418786692814,12394910.0
000859,20190722,5.09,4.8,4.89,5.11,-0.1299999999999999,-2.4809160305343525,26367600.0
000859,20190719,5.14,5.06,5.07,5.24,-0.16999999999999993,-3.1423290203327126,35049596.0
000859,20190718,5.35,5.2,5.2,5.41,-0.34999999999999964,-6.076388888888884,56635531.0
000859,20190717,5.2,5.16,5.46,5.76,0.3700000000000001,6.864564007421148,90504935.0
000859,20190716,5.27,5.17,5.24,5.39,0.05999999999999961,1.1257035647279423,40139836.0
000859,20190715,5.26,5.1,5.24,5.33,-0.019999999999999574,-0.37383177570092796,31402230.0
000859,20190712,4.99,4.89,5.27,5.35,0.0699999999999994,1.325757575757569,52340860.0
000859,20190711,5.18,5.08,5.09,5.28,-0.10999999999999943,-2.0408163265306034,27518949.0
000859,20190710,5.03,5.0,5.23,5.39,0.22999999999999954,4.457364341085257,46961290.0
000859,20190709,4.94,4.87,5.09,5.16,-0.05999999999999961,-1.1494252873563093,24493036.0
000859,20190708,5.21,4.93,4.96,5.22,-0.08000000000000007,-1.5094339622641506,29141736.0
000859,20190705,5.2,5.12,5.27,5.3,-0.15000000000000036,-2.752293577981657,24110910.0
000859,20190704,5.41,5.21,5.25,5.45,-0.14999999999999947,-2.678571428571419,49126710.0
000859,20190703,5.22,5.22,5.51,5.6,-0.2400000000000002,-4.109589041095896,67975009.0
000859,20190702,5.7,5.35,5.35,5.84,0.4500000000000002,8.34879406307978,101151616.0
000859,20190701,5.07,5.03,5.39,5.39,0.2999999999999998,5.893909626719052,53319272.0
000859,20190628,5.07,4.84,4.91,5.09,-0.08999999999999986,-1.737451737451734,24879623.0
000859,20190627,5.05,5.0,5.08,5.18,-0.020000000000000462,-0.38461538461539435,30170654.0
000859,20190626,5.04,5.01,5.04,5.2,0.0,0.0,29511615.0
000859,20190625,5.18,4.93,5.03,5.2,-0.08999999999999986,-1.7013232514177634,22364459.0
000859,20190624,5.26,5.08,5.15,5.29,-0.009999999999999787,-0.18867924528301883,20971033.0
000859,20190621,5.28,5.13,5.19,5.3,0.019999999999999574,0.37878787878786735,35951357.0
000859,20190620,5.11,5.06,5.19,5.28,0.16999999999999993,3.326810176125239,35191709.0
000859,20190619,5.08,5.0,5.02,5.11,0.16999999999999993,3.441295546558698,25584167.0
000859,20190618,4.9,4.81,4.89,4.94,-0.0699999999999994,-1.3972055888223478,14601599.0
000859,20190617,4.99,4.86,4.87,5.01,-0.2400000000000002,-4.571428571428571,18697614.0
000859,20190614,5.22,4.94,4.96,5.25,-0.03000000000000025,-0.5681818181818232,29262367.0
000859,20190613,5.06,5.04,5.21,5.28,0.07000000000000028,1.343570057581589,38847122.0
000859,20190612,5.09,5.06,5.07,5.21,0.0,0.0,33598593.0
000859,20190611,4.94,4.86,5.13,5.21,0.11000000000000032,2.1568627450980538,45780894.0
000859,20190610,4.82,4.67,4.99,5.1,0.1299999999999999,2.6156941649899457,35932341.0
000859,20190606,4.94,4.68,4.75,4.97,-0.08999999999999986,-1.7786561264822143,28394709.0
000859,20190605,5.01,4.91,4.96,5.06,-0.20000000000000018,-3.802281368821292,26718215.0
000859,20190604,5.2,4.88,4.9,5.26,-0.16999999999999993,-3.130755064456725,35258281.0
000859,20190603,5.37,5.16,5.19,5.43,-0.1800000000000006,-3.208556149732633,30524563.0
000859,20190531,5.48,5.38,5.41,5.61,-0.09999999999999964,-1.7513134851138257,30848070.0
000859,20190530,5.67,5.27,5.45,5.71,-0.08000000000000007,-1.3816925734024155,40857669.0
000859,20190529,5.65,5.57,5.67,5.79,-0.040000000000000036,-0.6861063464837058,32555901.0
000859,20190528,5.64,5.59,5.64,5.83,0.11000000000000032,1.9230769230769384,37769381.0
000859,20190527,5.47,5.4,5.69,5.72,0.019999999999999574,0.35087719298245723,40836899.0
000859,20190524,5.45,5.34,5.44,5.7,-0.040000000000000036,-0.6968641114982632,35540366.0
000859,20190523,5.67,5.35,5.45,5.74,-0.10999999999999943,-1.8803418803418737,36590401.0
000859,20190522,5.77,5.56,5.66,5.85,-0.07000000000000028,-1.1824324324324342,39436794.0
000859,20190521,5.54,5.46,5.75,5.92,0.34999999999999964,6.283662477558338,56454922.0
000859,20190520,5.34,5.23,5.53,5.57,-0.29000000000000004,-4.948805460750849,43902898.0
000859,20190517,5.78,5.24,5.29,5.86,-0.16999999999999993,-2.819237147595355,53364962.0
000859,20190516,5.75,5.73,5.81,6.03,0.1200000000000001,2.0304568527918843,52153152.0
000859,20190515,5.66,5.66,5.81,5.91,0.0600000000000005,1.0256410256410442,50852972.0
000859,20190514,5.5,5.42,5.63,5.85,0.15999999999999925,2.8119507908611396,42681656.0
000859,20190513,5.56,5.53,5.61,5.69,0.10000000000000053,1.7889087656529634,36311954.0
000859,20190510,5.49,5.12,5.58,5.59,-0.009999999999999787,-0.17857142857142794,45722039.0
000859,20190509,5.4,5.36,5.38,5.6,-0.13000000000000078,-2.2687609075043746,34374737.0
000859,20190508,5.24,5.18,5.5,5.73,0.1800000000000006,3.2432432432432545,56411450.0
000859,20190507,5.3,5.18,5.41,5.55,-0.07000000000000028,-1.245551601423489,43400581.0
000859,20190506,5.59,5.27,5.27,5.62,-0.41999999999999993,-6.9536423841059625,39578854.0
000859,20190430,5.66,5.64,5.85,6.04,-0.41999999999999993,-6.501547987616096,39139063.0
000859,20190429,6.4,5.8,5.8,6.46,-0.4299999999999997,-6.240928882438313,65702546.0
000859,20190426,6.72,6.4,6.44,6.89,-0.8100000000000005,-10.519480519480528,70897803.0
000859,20190425,7.52,7.0,7.02,7.7,-0.3199999999999994,-3.990024937655856,110549032.0
000859,20190424,7.26,6.95,7.78,8.02,0.2599999999999998,3.350515463917514,153542082.0
000859,20190423,7.21,7.12,7.29,7.76,0.41000000000000014,5.578231292517,106996518.0
000859,20190422,6.87,6.77,7.18,7.35,0.41999999999999993,6.060606060606055,85651708.0
000859,20190419,6.78,6.71,6.88,6.93,-0.15000000000000036,-2.1186440677966156,38321158.0
000859,20190418,6.89,6.76,6.79,7.08,-0.13999999999999968,-1.939058171745145,56783539.0
000859,20190417,7.01,6.9,7.0,7.22,0.23999999999999932,3.4383954154727725,66835855.0
000859,20190416,6.93,6.51,6.95,6.98,-0.7199999999999998,-9.350649350649343,71702590.0
000859,20190415,7.65,7.0,7.04,7.7,-0.3799999999999999,-4.702970297029707,86060626.0
000859,20190412,7.77,7.41,7.49,8.08,-0.05000000000000071,-0.6150061500615145,127693219.0
000859,20190411,7.18,7.09,8.0,8.13,0.27000000000000046,3.435114503816794,188580863.0
000859,20190410,7.05,7.01,7.39,7.86,0.4300000000000006,5.787348586810248,130124464.0
000859,20190409,6.95,6.7,7.29,7.43,0.3799999999999999,5.390070921985823,99855647.0
000859,20190408,6.77,6.7,6.95,7.05,0.03000000000000025,0.42735042735042583,71555007.0
000859,20190404,6.95,6.71,6.75,7.02,-0.0600000000000005,-0.8474576271186529,64247728.0
000859,20190403,6.92,6.78,6.96,7.08,-0.28000000000000025,-3.8043478260869623,58679416.0
000859,20190402,6.89,6.8,7.07,7.36,0.4300000000000006,6.204906204906213,95653800.0
000859,20190401,6.68,6.63,6.89,6.93,0.2599999999999998,3.8980509745127456,67646020.0
000859,20190329,6.48,6.11,6.63,6.67,-0.09999999999999964,-1.477104874446078,71355583.0
000859,20190328,6.47,6.41,6.45,6.77,-0.3600000000000003,-5.049088359046284,55116181.0
000859,20190327,7.08,6.32,6.63,7.13,-0.20000000000000018,-2.7285129604365688,84265002.0
000859,20190326,7.11,6.96,7.0,7.33,0.08999999999999986,1.2430939226519389,61081100.0
000859,20190325,6.98,6.91,7.02,7.24,-0.22999999999999954,-3.07898259705488,54000537.0
000859,20190322,7.3,7.05,7.2,7.47,-0.3700000000000001,-4.719387755102044,78718916.0
000859,20190321,7.35,7.2,7.5,7.84,0.17999999999999972,2.3498694516971286,133375307.0
000859,20190320,6.99,6.92,7.46,7.66,0.2599999999999998,3.5135135135135,122617560.0
000859,20190319,6.98,6.91,7.06,7.4,0.14000000000000057,1.9283746556473913,75049881.0
000859,20190318,7.0,6.45,7.17,7.26,-0.23000000000000043,-3.070761014686252,89029928.0
000859,20190315,7.44,7.0,7.07,7.49,0.020000000000000462,0.2677376171352108,80825757.0
000859,20190314,6.95,6.93,7.39,7.47,-0.22000000000000064,-2.86085825747725,96087923.0
000859,20190313,7.68,7.05,7.12,7.69,-0.27999999999999936,-3.5131744040150514,102513759.0
000859,20190312,7.62,7.54,7.82,7.97,-0.09000000000000075,-1.1166253101737023,123662057.0
000859,20190311,7.73,7.29,7.59,8.06,-0.5099999999999998,-5.950991831971997,126699149.0
000859,20190308,8.17,8.1,8.1,8.57,-1.42,-14.214214214214216,165668434.0
000859,20190307,8.78,8.67,9.0,9.99,0.9100000000000001,10.022026431718057,216228280.0
000859,20190306,8.5,7.7,9.08,9.08,0.8300000000000001,10.060606060606059,223145410.0
000859,20190305,7.23,7.16,8.25,8.25,0.3600000000000003,4.562737642585546,210083793.0
000859,20190304,7.74,7.01,7.5,7.89,0.4499999999999993,6.048387096774177,221559149.0
000859,20190301,6.6,6.58,7.44,7.44,0.40000000000000036,5.681818181818188,194283029.0
000859,20190228,6.48,6.34,6.76,7.04,-0.040000000000000036,-0.5649717514124353,162444701.0
000859,20190227,6.83,6.51,6.51,7.08,-1.7300000000000004,-19.636776390465382,175391029.0
000859,20190226,8.81,7.21,7.23,8.81,0.8000000000000007,9.987515605493137,287153280.0
000859,20190225,7.34,7.26,8.01,8.01,0.7299999999999995,10.027472527472515,133567308.0
000859,20190222,7.0,6.98,7.28,7.28,0.6600000000000001,9.969788519637458,263025864.0
000859,20190221,6.62,6.62,6.62,6.62,0.6000000000000005,9.966777408637872,20480617.0
000859,20190220,6.02,6.02,6.02,6.02,0.5499999999999998,10.05484460694699,9239022.0
000859,20190219,5.47,5.47,5.47,5.47,0.5,10.060362173038229,3924163.0
000859,20190218,4.97,4.97,4.97,4.97,0.4500000000000002,9.95575221238938,2259124.0
000859,20190215,4.52,4.52,4.52,4.52,0.40999999999999925,9.975669099756669,5938945.0
000859,20190214,4.11,4.11,4.11,4.11,0.3700000000000001,9.89304812834224,7301918.0
000859,20190213,3.74,3.74,3.74,3.74,0.3400000000000003,10.000000000000009,6488348.0
000859,20190212,3.09,3.06,3.4,3.4,0.31000000000000005,10.032362459546928,16645903.0
000859,20190211,3.02,3.0,3.09,3.09,0.06999999999999984,2.3178807947019875,4255203.0
000859,20190201,2.93,2.92,3.01,3.02,0.04999999999999982,1.683501683501687,3769576.0
000859,20190131,2.9,2.9,2.92,2.97,0.0,0.0,2930070.0
000859,20190130,2.95,2.91,2.91,2.97,-0.06999999999999984,-2.3026315789473673,2319000.0
000859,20190129,3.04,2.89,2.95,3.04,-0.08999999999999986,-2.875399361022357,5456362.0
000859,20190128,3.12,3.03,3.04,3.13,-0.040000000000000036,-1.2618296529968487,4031220.0
000859,20190125,3.11,3.07,3.1,3.17,0.06000000000000005,1.9292604501607746,6955711.0
000859,20190124,3.07,3.05,3.1,3.11,0.009999999999999787,0.3225806451612856,2708790.0
000859,20190123,3.07,3.05,3.07,3.1,-0.040000000000000036,-1.273885350318471,2286060.0
000859,20190122,3.12,3.07,3.09,3.14,0.0,0.0,2987190.0
000859,20190121,3.1,3.09,3.11,3.14,0.020000000000000018,0.6410256410256387,2391866.0
000859,20190118,3.09,3.07,3.1,3.12,-0.029999999999999805,-0.952380952380949,3004205.0
000859,20190117,3.12,3.08,3.09,3.15,-0.020000000000000018,-0.6309148264984188,2752200.0
000859,20190116,3.13,3.1,3.13,3.17,0.020000000000000018,0.6349206349206327,3806300.0
000859,20190115,3.13,3.09,3.13,3.15,-0.040000000000000036,-1.2539184952978122,4441096.0
000859,20190114,3.08,3.08,3.15,3.19,0.04999999999999982,1.5923566878980777,6424320.0
000859,20190111,3.1,3.08,3.1,3.14,-0.1499999999999999,-4.5592705167173175,6909523.0
000859,20190110,3.03,3.02,3.12,3.29,0.2400000000000002,7.868852459016407,12847960.0
000859,20190109,3.0,3.0,3.03,3.05,0.029999999999999805,0.9933774834437026,3997458.0
000859,20190108,2.98,2.96,3.0,3.02,0.020000000000000018,0.6666666666666599,3209381.0
000859,20190107,2.93,2.92,2.98,3.0,0.06000000000000005,2.0408163265306145,4218342.0
000859,20190104,2.79,2.77,2.92,2.94,0.040000000000000036,1.379310344827589,4093157.0
000859,20190103,2.85,2.8,2.83,2.9,0.029999999999999805,1.0452961672473782,2803475.0
000859,20190102,2.85,2.82,2.85,2.87,0.0,0.0,1930795.0
000859,20181228,2.79,2.79,2.84,2.87,-0.029999999999999805,-1.0344827586206806,2402330.0
000859,20181227,2.89,2.81,2.82,2.9,0.020000000000000018,0.694444444444442,2431555.0
000859,20181226,2.86,2.82,2.86,2.88,0.0,0.0,3677058.0
000859,20181225,2.88,2.76,2.86,2.88,-0.06000000000000005,-2.0408163265306145,5400800.0
000859,20181224,2.93,2.86,2.94,2.94,-0.010000000000000231,-0.3389830508474634,2442374.0
000859,20181221,2.95,2.89,2.94,2.95,-0.020000000000000018,-0.6734006734006703,2620624.0
000859,20181220,2.94,2.89,2.96,2.97,-0.009999999999999787,-0.3355704697986517,4652208.0
000859,20181219,2.96,2.92,2.94,2.98,-0.010000000000000231,-0.33444816053512794,1859700.0
000859,20181218,2.97,2.93,2.97,2.99,0.010000000000000231,0.3355704697986628,2139496.0
000859,20181217,2.94,2.91,2.98,2.98,-0.1200000000000001,-3.8709677419354827,3029430.0
000859,20181214,3.09,2.95,2.95,3.1,-0.009999999999999787,-0.3215434083601254,4355418.0
000859,20181213,3.08,3.05,3.08,3.11,0.020000000000000018,0.6472491909385036,3803118.0
000859,20181212,3.08,3.04,3.07,3.09,-0.03000000000000025,-0.9615384615384692,2311000.0
000859,20181211,3.09,3.04,3.08,3.12,0.0,0.0,2793681.0
000859,20181210,3.08,3.03,3.1,3.12,-0.020000000000000018,-0.6369426751592355,3901250.0
000859,20181207,3.11,3.09,3.1,3.14,-0.06000000000000005,-1.8750000000000044,2563870.0
000859,20181206,3.2,3.08,3.09,3.2,0.0,0.0,4374470.0
000859,20181205,3.13,3.12,3.17,3.2,0.010000000000000231,0.31347962382446415,4710082.0
000859,20181204,3.12,3.11,3.19,3.19,0.040000000000000036,1.2698412698412653,5436170.0
000859,20181203,3.09,3.09,3.13,3.15,0.08999999999999986,2.941176470588225,5840575.0
000859,20181130,2.99,2.98,3.06,3.06,-0.04999999999999982,-1.6077170418006381,3907281.0
000859,20181129,3.08,3.0,3.0,3.11,0.009999999999999787,0.3225806451612856,4766050.0
000859,20181128,3.03,2.97,3.09,3.1,0.050000000000000266,1.6393442622950838,6097931.0
000859,20181127,3.03,3.0,3.03,3.05,-0.03000000000000025,-0.9740259740259827,4778500.0
000859,20181126,3.03,2.97,3.01,3.08,-0.1499999999999999,-4.643962848297212,6758401.0
000859,20181123,3.23,3.02,3.02,3.23,-0.06000000000000005,-1.823708206686936,7377824.0
000859,20181122,3.2,3.18,3.25,3.29,0.08000000000000007,2.492211838006231,5239562.0
000859,20181121,3.15,3.09,3.21,3.21,-0.03000000000000025,-0.92592592592593,5762747.0
000859,20181120,3.2,3.13,3.14,3.24,-0.03999999999999959,-1.2195121951219412,6051706.0
000859,20181119,3.23,3.21,3.26,3.28,0.0,0.0,4925500.0
000859,20181116,3.28,3.21,3.23,3.28,0.009999999999999787,0.3058103975535076,7283436.0
000859,20181115,3.19,3.19,3.25,3.27,0.0,0.0,6236912.0
000859,20181114,3.19,3.18,3.19,3.27,0.029999999999999805,0.92592592592593,5965551.0
000859,20181113,3.05,3.04,3.19,3.24,0.1200000000000001,3.8461538461538547,9072390.0
000859,20181112,2.98,2.98,3.11,3.12,0.11000000000000032,3.6544850498339,5917230.0
000859,20181109,2.99,2.95,2.98,3.01,-0.03000000000000025,-0.9868421052631637,2445240.0
000859,20181108,3.03,2.98,2.99,3.04,0.010000000000000231,0.33003300330034513,2687900.0
000859,20181107,2.98,2.97,3.02,3.03,0.020000000000000018,0.6644518272425293,3999700.0
000859,20181106,2.97,2.89,3.01,3.01,0.0,0.0,3266100.0
000859,20181105,2.98,2.95,2.99,3.01,0.019999999999999574,0.6688963210702115,2272900.0
000859,20181102,2.95,2.93,2.98,2.99,0.010000000000000231,0.3355704697986628,3900380.0
000859,20181101,2.91,2.9,2.94,2.98,-0.08000000000000007,-2.614379084967322,3336656.0
000859,20181031,2.83,2.81,2.91,3.06,0.22999999999999998,8.127208480565361,7610290.0
000859,20181030,2.77,2.77,2.82,2.83,0.0,0.0,3058600.0
000859,20181029,2.81,2.75,2.77,2.83,-0.020000000000000018,-0.7017543859649145,1715590.0
000859,20181026,2.82,2.81,2.82,2.85,0.040000000000000036,1.4234875444839812,2134710.0
000859,20181025,2.75,2.72,2.81,2.81,-0.020000000000000018,-0.7067137809187329,1577641.0
000859,20181024,2.77,2.77,2.81,2.83,-0.029999999999999805,-1.0489510489510412,2052300.0
000859,20181023,2.79,2.75,2.77,2.86,0.020000000000000018,0.7042253521126751,3267261.0
000859,20181022,2.68,2.68,2.79,2.84,0.1599999999999997,5.970149253731338,3942921.0
000859,20181019,2.58,2.54,2.66,2.68,-0.040000000000000036,-1.4705882352941235,2327421.0
000859,20181018,2.72,2.59,2.61,2.72,-0.020000000000000018,-0.7299270072992692,2126885.0
000859,20181017,2.71,2.66,2.72,2.74,-0.029999999999999805,-1.0830324909747224,1533700.0
000859,20181016,2.73,2.67,2.69,2.77,-0.020000000000000018,-0.7168458781361964,1448040.0
000859,20181015,2.76,2.72,2.73,2.79,0.040000000000000036,1.454545454545464,1940300.0
000859,20181012,2.74,2.63,2.75,2.75,-0.18999999999999995,-6.4625850340136015,2497370.0
000859,20181011,2.9,2.7,2.74,2.94,-0.050000000000000266,-1.6722408026755953,4085330.0
000859,20181010,2.98,2.96,2.99,2.99,0.0,0.0,978090.0
000859,20181009,2.96,2.96,2.96,2.99,-0.029999999999999805,-0.9933774834437026,1061840.0
000859,20181008,3.02,2.95,2.96,3.02,-0.029999999999999805,-0.983606557377048,2071891.0
000859,20180928,3.02,3.02,3.04,3.05,-0.03000000000000025,-0.9740259740259827,1411160.0
000859,20180927,3.07,3.01,3.01,3.08,-0.020000000000000018,-0.6451612903225823,1933491.0
000859,20180926,3.07,3.06,3.07,3.1,-0.009999999999999787,-0.3215434083601254,1547300.0
000859,20180925,3.1,3.06,3.07,3.11,-0.010000000000000231,-0.3205128205128305,1971100.0
000859,20180921,3.08,3.07,3.11,3.12,0.010000000000000231,0.3215434083601254,2953691.0
000859,20180920,3.09,3.07,3.08,3.11,-0.010000000000000231,-0.3205128205128305,2306900.0
000859,20180919,3.08,3.05,3.1,3.12,0.03000000000000025,0.9708737864077666,2293422.0
000859,20180918,3.04,3.01,3.09,3.09,0.04999999999999982,1.6447368421052655,2097811.0
000859,20180917,3.03,2.99,3.03,3.04,-0.020000000000000018,-0.6535947712418277,1484700.0
000859,20180914,3.02,3.02,3.03,3.06,0.0,0.0,1342260.0
000859,20180913,3.03,3.02,3.03,3.06,0.020000000000000018,0.6578947368421018,1686800.0
000859,20180912,3.01,2.99,3.02,3.04,0.010000000000000231,0.33003300330034513,1731120.0
000859,20180911,2.98,2.96,3.01,3.03,0.0,0.0,1637356.0
000859,20180910,3.03,2.98,2.99,3.03,-0.020000000000000018,-0.6557377049180357,1461710.0
000859,20180907,3.0,2.99,3.04,3.05,0.020000000000000018,0.660066006600668,1730415.0
000859,20180906,2.99,2.99,3.0,3.03,-0.03000000000000025,-0.9803921568627527,987800.0
000859,20180905,3.03,3.01,3.01,3.06,-0.009999999999999787,-0.32573289902279035,1753330.0
000859,20180904,3.0,2.98,3.04,3.07,0.029999999999999805,0.9868421052631415,2277500.0
000859,20180903,3.01,2.94,3.0,3.04,-0.020000000000000018,-0.6535947712418277,2436290.0
000859,20180831,3.05,3.01,3.03,3.06,-0.06000000000000005,-1.9230769230769273,1526510.0
000859,20180830,3.12,3.05,3.05,3.12,-0.040000000000000036,-1.2658227848101222,1696500.0
000859,20180829,3.16,3.12,3.12,3.16,0.0,0.0,1181700.0
000859,20180828,3.15,3.13,3.16,3.16,0.0,0.0,2301600.0
000859,20180827,3.1,3.1,3.14,3.16,0.010000000000000231,0.31746031746031633,3005130.0
000859,20180824,3.12,3.11,3.11,3.15,0.009999999999999787,0.31847133757960666,1246360.0
000859,20180823,3.1,3.08,3.13,3.14,-0.009999999999999787,-0.31746031746030523,1478260.0
000859,20180822,3.15,3.09,3.1,3.15,-0.040000000000000036,-1.2539184952978122,2411700.0
000859,20180821,3.17,3.11,3.16,3.19,0.0,0.0,2688400.0
000859,20180820,3.14,3.09,3.18,3.19,-0.020000000000000018,-0.6230529595015577,3066050.0
000859,20180817,3.19,3.14,3.15,3.21,0.0,0.0,2799650.0
000859,20180816,3.2,3.13,3.19,3.21,-0.1200000000000001,-3.603603603603611,4614150.0
000859,20180815,3.33,3.21,3.22,3.33,-0.009999999999999787,-0.29940119760478723,6193244.0
000859,20180814,3.24,3.21,3.34,3.34,0.06000000000000005,1.8292682926829285,7015890.0
000859,20180813,3.22,3.16,3.26,3.28,-0.040000000000000036,-1.2048192771084376,4569000.0
000859,20180810,3.2,3.2,3.27,3.32,0.07999999999999963,2.4691358024691246,5210017.0
000859,20180809,3.16,3.16,3.22,3.24,-0.019999999999999574,-0.6134969325153228,3894653.0
000859,20180808,3.22,3.15,3.17,3.26,0.0,0.0,4759940.0
000859,20180807,3.14,3.11,3.25,3.26,0.03999999999999959,1.2422360248447006,6002784.0
000859,20180806,3.21,3.08,3.14,3.22,-0.07999999999999963,-2.4242424242424176,6172823.0
000859,20180803,3.26,3.21,3.21,3.3,0.029999999999999805,0.917431192660545,4511987.0
000859,20180802,3.21,3.07,3.26,3.27,-0.020000000000000018,-0.6079027355623157,7928827.0
000859,20180801,3.23,3.22,3.25,3.29,0.03000000000000025,0.920245398773023,5683232.0
000859,20180731,3.21,3.18,3.25,3.26,-0.08000000000000007,-2.395209580838331,5369017.0
000859,20180730,3.2,3.2,3.22,3.34,0.04999999999999982,1.5197568389057725,9106524.0
000859,20180727,3.25,3.19,3.22,3.29,0.0,0.0,6031400.0
000859,20180726,3.13,3.13,3.24,3.29,0.1200000000000001,3.785488958990535,11088227.0
000859,20180725,3.1,3.09,3.13,3.17,0.040000000000000036,1.2779552715654896,4037918.0
000859,20180724,3.06,3.04,3.11,3.13,0.04999999999999982,1.6233766233766156,4043973.0
000859,20180723,3.03,3.0,3.07,3.08,0.020000000000000018,0.6535947712418277,2749300.0
000859,20180720,2.99,2.94,3.04,3.06,-0.040000000000000036,-1.2903225806451646,4362264.0
000859,20180719,3.01,2.98,3.0,3.1,-0.1299999999999999,-4.024767801857587,4771401.0
000859,20180718,3.0,3.0,3.06,3.23,0.2200000000000002,7.3089700996677776,8672402.0
000859,20180717,2.95,2.95,3.0,3.01,0.009999999999999787,0.3333333333333188,2640969.0
000859,20180716,3.0,2.94,2.97,3.0,-0.029999999999999805,-0.9900990099009799,2963987.0
000859,20180713,2.96,2.95,3.02,3.03,0.08999999999999986,3.0612244897959107,5569904.0
000859,20180712,2.86,2.83,2.94,2.94,0.009999999999999787,0.3412969283276279,2559681.0
000859,20180711,2.93,2.83,2.86,2.93,-0.029999999999999805,-1.0135135135135087,2219230.0
000859,20180710,2.94,2.91,2.95,2.96,0.020000000000000018,0.6802721088435382,1488171.0
000859,20180709,2.89,2.86,2.94,2.94,0.04999999999999982,1.730103806228378,2195024.0
000859,20180706,2.83,2.75,2.88,2.89,-0.04999999999999982,-1.7006802721088343,3125451.0
000859,20180705,2.94,2.84,2.85,2.94,-0.03000000000000025,-1.0101010101010166,2151000.0
000859,20180704,2.97,2.9,2.91,2.97,-0.020000000000000018,-0.6688963210702337,2047400.0
000859,20180703,2.93,2.91,2.99,2.99,-0.019999999999999574,-0.6644518272425071,2490110.0
000859,20180702,2.99,2.92,2.95,3.01,0.029999999999999805,1.0067114093959662,2938603.0
000859,20180629,2.91,2.88,2.98,2.98,0.009999999999999787,0.33670033670032407,2482490.0
000859,20180628,2.93,2.89,2.9,2.97,0.020000000000000018,0.6779661016949268,2396890.0
000859,20180627,2.88,2.88,2.95,2.95,0.040000000000000036,1.3745704467353903,3568115.0
000859,20180626,2.83,2.81,2.9,2.91,0.0,0.0,2269100.0
000859,20180625,2.89,2.85,2.85,2.91,0.03000000000000025,1.041666666666674,2939134.0
000859,20180622,2.78,2.75,2.88,2.88,0.0,0.0,3972249.0
000859,20180621,2.82,2.77,2.79,2.88,0.0,0.0,3935310.0
000859,20180620,2.8,2.79,2.84,2.88,-0.14000000000000012,-4.635761589403975,6671700.0
000859,20180619,3.02,2.73,2.75,3.02,-0.08000000000000007,-2.580645161290329,8911814.0
000859,20180615,3.1,3.01,3.03,3.1,-0.009999999999999787,-0.3215434083601254,3987380.0
000859,20180614,3.07,3.06,3.1,3.11,-0.040000000000000036,-1.2698412698412764,2800558.0
000859,20180613,3.14,3.09,3.11,3.15,0.0,0.0,2926090.0
000859,20180612,3.13,3.09,3.14,3.15,0.0,0.0,2820000.0
000859,20180611,3.14,3.11,3.13,3.15,-0.0900000000000003,-2.77777777777779,1637020.0
000859,20180608,3.24,3.1,3.13,3.24,-0.03999999999999959,-1.2195121951219412,5234216.0
000859,20180607,3.27,3.23,3.23,3.28,-0.010000000000000231,-0.3039513677811634,2156100.0
000859,20180606,3.27,3.26,3.27,3.29,0.0,0.0,1696820.0
000859,20180605,3.27,3.25,3.28,3.29,0.010000000000000231,0.3048780487804992,1940297.0
000859,20180604,3.27,3.25,3.27,3.28,-0.010000000000000231,-0.3039513677811634,1949830.0
000859,20180601,3.25,3.23,3.26,3.29,0.010000000000000231,0.3048780487804992,2849610.0
000859,20180531,3.25,3.23,3.26,3.28,-0.0900000000000003,-2.670623145400597,2837366.0
000859,20180530,3.37,3.22,3.22,3.37,-0.04999999999999982,-1.4619883040935644,4992287.0
000859,20180529,3.38,3.37,3.38,3.42,-0.020000000000000018,-0.5813953488372103,2032202.0
000859,20180528,3.42,3.37,3.38,3.44,-0.08999999999999986,-2.5495750708215303,2486250.0
000859,20180525,3.49,3.41,3.42,3.53,-0.03000000000000025,-0.8426966292134908,4434390.0
000859,20180524,3.54,3.48,3.5,3.56,-0.029999999999999805,-0.835654596100277,3253710.0
000859,20180523,3.59,3.53,3.54,3.59,-0.10000000000000009,-2.7100271002710064,3732648.0
000859,20180522,3.55,3.53,3.61,3.69,0.1299999999999999,3.6516853932584192,9483819.0
000859,20180521,3.52,3.51,3.55,3.56,0.040000000000000036,1.1363636363636465,4207089.0
000859,20180518,3.45,3.45,3.51,3.52,0.04999999999999982,1.4409221902017322,3991330.0
000859,20180517,3.46,3.44,3.45,3.47,-0.020000000000000018,-0.5730659025787954,2162630.0
000859,20180516,3.48,3.44,3.45,3.49,-0.009999999999999787,-0.28571428571427804,2993700.0
000859,20180515,3.46,3.44,3.5,3.5,-0.020000000000000018,-0.5681818181818232,2147287.0
000859,20180514,3.51,3.44,3.46,3.52,-0.040000000000000036,-1.1235955056179803,2756830.0
000859,20180511,3.55,3.5,3.51,3.56,0.010000000000000231,0.28169014084507005,2369000.0
000859,20180510,3.52,3.5,3.55,3.55,0.029999999999999805,0.8522727272727293,3570554.0
000859,20180509,3.49,3.47,3.51,3.52,0.020000000000000018,0.5714285714285783,3206645.0
000859,20180508,3.48,3.46,3.5,3.5,0.009999999999999787,0.2865329512893977,2385934.0
000859,20180507,3.43,3.42,3.48,3.49,0.03000000000000025,0.8670520231213841,3265364.0
000859,20180504,3.45,3.41,3.43,3.46,0.0,0.0,2286112.0
000859,20180503,3.38,3.35,3.45,3.46,-0.010000000000000231,-0.2881844380403509,2605666.0
000859,20180502,3.45,3.39,3.4,3.47,0.0,0.0,2189134.0
000859,20180427,3.44,3.42,3.45,3.47,-0.029999999999999805,-0.8571428571428563,2236030.0
000859,20180426,3.48,3.43,3.43,3.5,-0.029999999999999805,-0.8498583569405027,3625528.0
000859,20180425,3.46,3.44,3.48,3.53,0.029999999999999805,0.8571428571428452,4091555.0
000859,20180424,3.41,3.39,3.47,3.5,0.04999999999999982,1.4492753623188248,4272330.0
000859,20180423,3.43,3.36,3.41,3.45,-0.08999999999999986,-2.5423728813559254,4304801.0
000859,20180420,3.53,3.41,3.44,3.54,-0.04999999999999982,-1.392757660167121,4974751.0
000859,20180419,3.56,3.53,3.54,3.59,-0.03000000000000025,-0.8287292817679592,3253260.0
000859,20180418,3.61,3.45,3.56,3.62,-0.040000000000000036,-1.0928961748633892,4742902.0
000859,20180417,3.61,3.56,3.59,3.66,-0.009999999999999787,-0.27247956403269047,3718962.0
000859,20180416,3.67,3.59,3.62,3.67,-0.08999999999999986,-2.393617021276595,4618972.0
000859,20180413,3.74,3.67,3.69,3.76,-0.03000000000000025,-0.7915567282322011,4067033.0
000859,20180412,3.77,3.71,3.72,3.79,-0.040000000000000036,-1.0443864229765065,4223581.0
000859,20180411,3.74,3.73,3.8,3.83,0.08999999999999986,2.4064171122994527,5558186.0
000859,20180410,3.71,3.68,3.73,3.74,0.010000000000000231,0.2680965147453085,3272430.0
000859,20180409,3.73,3.68,3.71,3.73,-0.06000000000000005,-1.58311345646438,2559853.0
000859,20180404,3.75,3.71,3.73,3.79,0.020000000000000018,0.5305039787798504,3982500.0
000859,20180403,3.75,3.69,3.73,3.77,-0.040000000000000036,-1.049868766404205,3960900.0
000859,20180402,3.77,3.75,3.78,3.81,0.03000000000000025,0.7936507936507908,4087208.0
000859,20180330,3.75,3.74,3.77,3.78,0.020000000000000018,0.5319148936170137,3198052.0
000859,20180329,3.7,3.69,3.75,3.76,0.03999999999999959,1.0752688172043001,3332702.0
000859,20180328,3.68,3.66,3.7,3.72,-0.029999999999999805,-0.7999999999999896,4110602.0
000859,20180327,3.67,3.62,3.73,3.75,0.10999999999999988,3.0219780219780112,6771604.0
000859,20180326,3.6,3.47,3.64,3.64,-0.20999999999999996,-5.454545454545457,7078905.0
000859,20180323,3.85,3.58,3.65,3.85,-0.22999999999999998,-5.6372549019607865,9612043.0
000859,20180322,3.85,3.85,3.94,4.08,0.1299999999999999,3.2911392405063244,12228989.0
000859,20180321,3.85,3.83,3.86,3.95,0.06000000000000005,1.5424164524421524,5091947.0
000859,20180320,3.78,3.76,3.88,3.89,0.06000000000000005,1.5665796344647598,5758952.0
000859,20180319,3.8,3.77,3.81,3.83,0.0,0.0,2740669.0
000859,20180316,3.78,3.76,3.8,3.83,0.0,0.0,2787200.0
000859,20180315,3.82,3.74,3.79,3.83,-0.06999999999999984,-1.7948717948717885,4589401.0
000859,20180314,3.89,3.81,3.84,3.9,-0.03000000000000025,-0.7633587786259555,4177121.0
000859,20180313,3.9,3.9,3.91,3.93,-0.029999999999999805,-0.7575757575757569,2792041.0
000859,20180312,3.88,3.87,3.92,3.96,0.06999999999999984,1.799485861182526,4383101.0
000859,20180309,3.82,3.82,3.88,3.89,0.03000000000000025,0.7772020725388629,4327205.0
000859,20180308,3.79,3.79,3.84,3.86,0.029999999999999805,0.7832898172323688,5577930.0
000859,20180307,3.82,3.79,3.8,3.83,0.010000000000000231,0.2617801047120505,3911504.0
000859,20180306,3.78,3.77,3.82,3.82,0.009999999999999787,0.2624671916010346,3853792.0
000859,20180305,3.76,3.75,3.78,3.81,-0.040000000000000036,-1.0389610389610393,2546752.0
000859,20180302,3.73,3.72,3.78,3.85,0.0900000000000003,2.393617021276606,5170309.0
000859,20180301,3.68,3.66,3.75,3.76,-0.010000000000000231,-0.2652519893899252,4018255.0
000859,20180228,3.68,3.64,3.71,3.77,0.06999999999999984,1.8918918918918948,5862439.0
000859,20180227,3.7,3.66,3.69,3.7,0.0,0.0,3411932.0
000859,20180226,3.62,3.61,3.7,3.7,0.08000000000000007,2.20994475138121,5090462.0
000859,20180223,3.61,3.58,3.62,3.62,0.0,0.0,3409100.0
000859,20180222,3.57,3.57,3.6,3.62,0.040000000000000036,1.1173184357541999,3303222.0
000859,20180214,3.58,3.51,3.56,3.58,-0.029999999999999805,-0.8310249307479145,2873500.0
000859,20180213,3.58,3.54,3.58,3.61,0.009999999999999787,0.2777777777777768,3815315.0
000859,20180212,3.49,3.46,3.57,3.6,0.10000000000000009,2.857142857142869,6362671.0
000859,20180209,3.5,3.38,3.47,3.5,-0.10999999999999988,-3.0470914127423754,5559620.0
000859,20180208,3.51,3.5,3.57,3.61,0.020000000000000018,0.557103064066844,4648330.0
000859,20180207,3.58,3.42,3.5,3.59,-0.13000000000000034,-3.4946236559139865,8697982.0
000859,20180206,3.68,3.49,3.51,3.72,-0.09999999999999964,-2.617801047120405,7689694.0
000859,20180205,3.82,3.74,3.77,3.82,-0.07000000000000028,-1.799485861182526,6054401.0
000859,20180202,3.86,3.75,3.84,3.89,-0.22999999999999998,-5.582524271844658,4806830.0
000859,20180201,4.1,3.86,3.9,4.12,-0.08000000000000007,-1.904761904761909,6928814.0
000859,20180131,4.2,4.11,4.12,4.2,-0.040000000000000036,-0.9433962264150941,5483149.0
000859,20180130,4.16,4.16,4.22,4.24,0.0,0.0,3401403.0
000859,20180129,4.23,4.17,4.17,4.24,-0.02999999999999936,-0.7025761124121677,3242600.0
000859,20180126,4.24,4.22,4.23,4.27,-0.03000000000000025,-0.6976744186046546,2816737.0
000859,20180125,4.23,4.21,4.26,4.3,0.0699999999999994,1.6548463356973908,5348801.0
000859,20180124,4.2,4.18,4.23,4.23,0.010000000000000675,0.23696682464455776,3489940.0
000859,20180123,4.22,4.18,4.2,4.22,0.009999999999999787,0.23752969121140222,2702430.0
000859,20180122,4.18,4.15,4.2,4.21,0.0,0.0,3444703.0
000859,20180119,4.19,4.17,4.18,4.21,0.0,0.0,3071890.0
000859,20180118,4.2,4.17,4.19,4.21,0.0,0.0,2559962.0
000859,20180117,4.2,4.14,4.2,4.21,-0.03000000000000025,-0.7075471698113289,4044450.0
000859,20180116,4.18,4.17,4.2,4.24,-0.040000000000000036,-0.9345794392523366,3304500.0
000859,20180115,4.28,4.16,4.18,4.28,-0.02999999999999936,-0.6960556844547439,5341610.0
000859,20180112,4.3,4.26,4.28,4.31,-0.010000000000000675,-0.23148148148149916,3770400.0
000859,20180111,4.25,4.23,4.31,4.32,-0.009999999999999787,-0.2309468822170868,3652188.0
000859,20180110,4.31,4.23,4.25,4.33,-0.1200000000000001,-2.696629213483148,6159099.0
000859,20180109,4.4,4.33,4.34,4.45,0.08999999999999986,2.064220183486243,8838968.0
000859,20180108,4.36,4.31,4.33,4.36,-0.019999999999999574,-0.45662100456620447,4797012.0
000859,20180105,4.32,4.3,4.37,4.38,0.04999999999999982,1.1547344110854452,4771823.0
000859,20180104,4.28,4.28,4.32,4.33,0.020000000000000462,0.46403712296985145,4764190.0
000859,20180103,4.27,4.24,4.3,4.31,0.02999999999999936,0.7009345794392274,4104988.0
000859,20180102,4.23,4.2,4.27,4.28,0.0600000000000005,1.4218009478673022,3166175.0
000859,20171229,4.19,4.18,4.22,4.22,0.0,0.0,2091333.0
000859,20171228,4.17,4.17,4.19,4.22,0.009999999999999787,0.23752969121140222,2194143.0
000859,20171227,4.2,4.17,4.19,4.21,0.0,0.0,2384276.0
000859,20171226,4.18,4.15,4.2,4.21,-0.07000000000000028,-1.6355140186915973,2819892.0
000859,20171225,4.26,4.16,4.16,4.28,-0.019999999999999574,-0.46511627906975495,4582324.0
000859,20171222,4.26,4.23,4.26,4.3,-0.009999999999999787,-0.23201856148491462,3523060.0
000859,20171221,4.28,4.26,4.29,4.31,-0.010000000000000675,-0.23148148148149916,5087254.0
000859,20171220,4.31,4.2,4.23,4.32,0.0,0.0,2909412.0
000859,20171219,4.27,4.26,4.32,4.32,0.010000000000000675,0.23201856148493682,2489380.0
000859,20171218,4.31,4.26,4.27,4.31,0.0,0.0,2692835.0
000859,20171215,4.26,4.23,4.31,4.31,0.02999999999999936,0.7009345794392274,3564801.0
000859,20171214,4.24,4.22,4.27,4.28,0.020000000000000462,0.46948356807512415,2803913.0
000859,20171213,4.2,4.19,4.25,4.26,-0.020000000000000462,-0.4672897196261738,2693513.0
000859,20171212,4.28,4.2,4.2,4.28,-0.02999999999999936,-0.6960556844547439,2729401.0
000859,20171211,4.27,4.25,4.29,4.31,0.019999999999999574,0.4662004662004504,2505800.0
000859,20171208,4.21,4.19,4.27,4.29,0.03000000000000025,0.7042253521126751,3047000.0
000859,20171207,4.21,4.18,4.22,4.26,0.02999999999999936,0.7092198581560183,2696834.0
000859,20171206,4.21,4.14,4.22,4.23,-0.11999999999999922,-2.7586206896551557,3288400.0
