ts_code,trade_date,open,high,low,close,change,pct_change,vol
000839,20260320,3.62,3.42,3.43,3.66,-0.009999999999999787,-0.27247956403269047,182165243.0
000839,20260319,3.58,3.51,3.62,3.67,-0.08000000000000007,-2.1333333333333315,193460650.0
000839,20260318,3.59,3.57,3.72,3.75,0.029999999999999805,0.8064516129032251,268044192.0
000839,20260317,3.63,3.57,3.6,3.72,-0.1299999999999999,-3.3766233766233777,192322000.0
000839,20260316,3.8,3.63,3.69,3.85,-0.06000000000000005,-1.534526854219953,275338865.0
000839,20260313,3.84,3.62,3.64,3.91,-0.34999999999999964,-8.21596244131455,408540256.0
000839,20260312,4.16,3.86,3.89,4.26,0.2799999999999998,7.035175879396971,632756518.0
000839,20260311,3.98,3.8,3.98,3.98,0.3599999999999999,9.944751381215466,587463306.0
000839,20260310,3.34,3.33,3.62,3.62,0.33000000000000007,10.030395136778125,168157387.0
000839,20260309,3.27,3.18,3.29,3.29,-0.020000000000000018,-0.6042296072507614,115395425.0
000839,20260306,3.21,3.19,3.31,3.31,0.010000000000000231,0.3030303030303161,95149982.0
000839,20260305,3.21,3.21,3.24,3.3,0.10999999999999988,3.4482758620689724,122404377.0
000839,20260304,3.09,3.04,3.16,3.19,-0.16999999999999993,-5.059523809523803,105443350.0
000839,20260303,3.31,3.13,3.15,3.36,-0.16000000000000014,-4.545454545454552,185367785.0
000839,20260302,3.43,3.32,3.33,3.52,-0.20000000000000018,-5.376344086021511,223328792.0
000839,20260227,3.55,3.55,3.59,3.72,-0.020000000000000018,-0.5347593582887722,228483199.0
000839,20260226,3.69,3.55,3.58,3.74,-0.029999999999999805,-0.7957559681697535,362582111.0
000839,20260225,3.4,3.38,3.77,3.77,0.04999999999999982,1.3440860215053752,234238486.0
000839,20260224,3.38,3.28,3.43,3.72,0.33000000000000007,9.734513274336276,436253150.0
000839,20260213,3.39,3.39,3.39,3.39,0.25,7.961783439490455,106106900.0
000839,20260212,3.11,3.05,3.08,3.14,-0.10999999999999988,-3.384615384615386,137530700.0
000839,20260211,3.21,3.1,3.11,3.25,-0.020000000000000018,-0.6116207951070374,258690458.0
000839,20260210,3.0,2.98,3.27,3.27,0.2999999999999998,10.1010101010101,231097872.0
000839,20260209,2.92,2.92,2.97,2.97,0.050000000000000266,1.7123287671233056,79115353.0
000839,20260206,2.87,2.84,2.89,2.92,0.009999999999999787,0.3436426116838476,60198800.0
000839,20260205,2.86,2.85,2.88,2.91,0.020000000000000018,0.6920415224913601,50139652.0
000839,20260204,2.86,2.84,2.88,2.89,-0.020000000000000018,-0.6872852233676952,46318250.0
000839,20260203,2.85,2.84,2.88,2.91,-0.06000000000000005,-2.020202020202022,59873600.0
000839,20260202,2.93,2.85,2.86,2.97,0.050000000000000266,1.7123287671233056,103417925.0
000839,20260130,2.85,2.84,2.88,2.92,0.009999999999999787,0.3436426116838476,85510525.0
000839,20260129,2.84,2.81,2.87,2.91,0.03000000000000025,1.041666666666674,62183752.0
000839,20260128,2.85,2.83,2.85,2.88,-0.040000000000000036,-1.3698630136986356,52843602.0
000839,20260127,2.89,2.82,2.86,2.92,-0.010000000000000231,-0.34129692832765013,81066000.0
000839,20260126,2.9,2.87,2.91,2.93,-0.029999999999999805,-1.0135135135135087,111882636.0
000839,20260123,2.96,2.87,2.89,2.96,-0.010000000000000231,-0.33670033670034627,195863729.0
000839,20260122,2.71,2.7,2.97,2.97,0.22999999999999998,8.394160583941602,140438753.0
000839,20260121,2.69,2.68,2.7,2.74,0.010000000000000231,0.366300366300365,36095900.0
000839,20260120,2.71,2.68,2.71,2.73,0.0,0.0,37386085.0
000839,20260119,2.67,2.66,2.71,2.73,-0.06000000000000005,-2.1505376344086002,33426853.0
000839,20260116,2.79,2.67,2.68,2.79,-0.009999999999999787,-0.35714285714284477,64962600.0
000839,20260115,2.77,2.75,2.78,2.8,-0.06000000000000005,-2.0979020979021046,57687445.0
000839,20260114,2.77,2.76,2.81,2.86,0.0,0.0,95316662.0
000839,20260113,2.79,2.74,2.76,2.86,0.06999999999999984,2.508960573476693,78139454.0
000839,20260112,2.73,2.72,2.78,2.79,0.06999999999999984,2.5735294117646967,80519112.0
000839,20260109,2.66,2.66,2.72,2.72,0.020000000000000018,0.7407407407407307,47119790.0
000839,20260108,2.67,2.65,2.67,2.7,-0.029999999999999805,-1.098901098901095,34207700.0
000839,20260107,2.67,2.62,2.68,2.73,0.04999999999999982,1.8656716417910335,59169787.0
000839,20260106,2.66,2.64,2.67,2.68,0.020000000000000018,0.7518796992481258,36317952.0
000839,20260105,2.64,2.62,2.65,2.66,0.010000000000000231,0.37735849056603765,28226402.0
000839,20251231,2.61,2.6,2.64,2.65,-0.020000000000000018,-0.7490636704119868,24705200.0
000839,20251230,2.62,2.6,2.61,2.67,-0.020000000000000018,-0.743494423791824,27332355.0
000839,20251229,2.63,2.62,2.63,2.69,0.040000000000000036,1.5094339622641506,35990050.0
000839,20251226,2.64,2.62,2.63,2.65,0.009999999999999787,0.37878787878786735,24545150.0
000839,20251225,2.63,2.62,2.64,2.64,0.0,0.0,16131603.0
000839,20251224,2.61,2.6,2.63,2.64,-0.009999999999999787,-0.37735849056602655,17993763.0
000839,20251223,2.64,2.61,2.61,2.65,-0.010000000000000231,-0.375939849624074,20827150.0
000839,20251222,2.65,2.63,2.64,2.66,0.010000000000000231,0.37735849056603765,24206450.0
000839,20251219,2.61,2.6,2.65,2.65,0.029999999999999805,1.1450381679389166,25247241.0
000839,20251218,2.59,2.57,2.6,2.62,0.020000000000000018,0.7692307692307665,21396500.0
000839,20251217,2.59,2.55,2.59,2.6,-0.029999999999999805,-1.1406844106463754,25690150.0
000839,20251216,2.62,2.58,2.59,2.63,-0.020000000000000018,-0.7547169811320753,29073950.0
000839,20251215,2.62,2.6,2.62,2.65,-0.010000000000000231,-0.375939849624074,26388602.0
000839,20251212,2.63,2.62,2.63,2.66,-0.029999999999999805,-1.1152416356877248,21663400.0
000839,20251211,2.68,2.64,2.64,2.69,0.0,0.0,27172250.0
000839,20251210,2.68,2.64,2.68,2.69,-0.03000000000000025,-1.1029411764705954,31250388.0
000839,20251209,2.7,2.68,2.69,2.72,-0.03999999999999959,-1.4492753623188248,24150200.0
000839,20251208,2.74,2.7,2.71,2.76,0.019999999999999574,0.7299270072992581,34574550.0
000839,20251205,2.71,2.69,2.73,2.74,-0.019999999999999574,-0.7246376811594013,21989856.0
000839,20251204,2.76,2.71,2.71,2.76,-0.0900000000000003,-3.157894736842115,36946350.0
000839,20251203,2.83,2.76,2.77,2.85,-0.009999999999999787,-0.34965034965034336,47281600.0
000839,20251202,2.85,2.78,2.85,2.86,-0.050000000000000266,-1.718213058419249,62804212.0
000839,20251201,2.83,2.8,2.87,2.91,0.0900000000000003,3.191489361702149,79393033.0
000839,20251128,2.82,2.78,2.82,2.82,-0.010000000000000231,-0.35335689045937757,36294075.0
000839,20251127,2.8,2.76,2.82,2.83,-0.020000000000000018,-0.7017543859649145,40413883.0
000839,20251126,2.81,2.79,2.8,2.85,0.0,0.0,41481508.0
000839,20251125,2.78,2.78,2.82,2.85,0.07000000000000028,2.517985611510798,43658904.0
000839,20251124,2.77,2.71,2.78,2.78,-0.050000000000000266,-1.7667844522968323,41167400.0
000839,20251121,2.8,2.73,2.74,2.83,-0.10000000000000009,-3.412969283276457,59362300.0
000839,20251120,2.84,2.81,2.84,2.93,0.08000000000000007,2.807017543859658,60206081.0
000839,20251119,2.81,2.77,2.81,2.85,-0.06000000000000005,-2.0618556701030966,46432000.0
000839,20251118,2.9,2.81,2.82,2.91,-0.009999999999999787,-0.3424657534246478,62887950.0
000839,20251117,2.86,2.86,2.9,2.92,0.04999999999999982,1.7421602787456303,81162552.0
000839,20251114,2.82,2.81,2.83,2.87,0.040000000000000036,1.4134275618374659,56295402.0
000839,20251113,2.76,2.75,2.82,2.83,0.050000000000000266,1.7985611510791477,56909231.0
000839,20251112,2.77,2.72,2.77,2.78,-0.010000000000000231,-0.35842293906810374,42812815.0
000839,20251111,2.75,2.73,2.78,2.79,0.040000000000000036,1.454545454545464,52571900.0
000839,20251110,2.72,2.7,2.75,2.75,0.009999999999999787,0.36496350364962904,31860368.0
000839,20251107,2.72,2.7,2.71,2.74,-0.019999999999999574,-0.7246376811594013,23398700.0
000839,20251106,2.76,2.71,2.73,2.76,-0.020000000000000018,-0.7194244604316502,30679905.0
000839,20251105,2.76,2.74,2.75,2.78,0.009999999999999787,0.3610108303248927,37200550.0
000839,20251104,2.75,2.71,2.76,2.77,0.020000000000000018,0.727272727272732,44731950.0
000839,20251103,2.72,2.7,2.74,2.75,0.020000000000000018,0.73260073260073,36932992.0
000839,20251031,2.68,2.67,2.72,2.73,-0.06000000000000005,-2.1505376344086002,43408750.0
000839,20251030,2.65,2.63,2.7,2.79,0.10999999999999988,4.104477611940283,92817852.0
000839,20251029,2.65,2.64,2.67,2.68,0.03000000000000025,1.132075471698113,31653004.0
000839,20251028,2.64,2.62,2.63,2.65,-0.020000000000000018,-0.7490636704119868,21571202.0
000839,20251027,2.66,2.61,2.63,2.67,-0.040000000000000036,-1.4760147601476037,31728075.0
000839,20251024,2.69,2.63,2.65,2.71,0.009999999999999787,0.37037037037035425,31080955.0
000839,20251023,2.66,2.64,2.69,2.7,0.0,0.0,26002093.0
000839,20251022,2.66,2.65,2.67,2.7,0.03000000000000025,1.1235955056179803,26302850.0
000839,20251021,2.61,2.6,2.67,2.67,0.020000000000000018,0.7547169811320753,34055238.0
000839,20251020,2.58,2.57,2.61,2.65,0.020000000000000018,0.7604562737642651,31816898.0
000839,20251017,2.6,2.56,2.56,2.63,-0.020000000000000018,-0.7547169811320753,33861398.0
000839,20251016,2.65,2.6,2.61,2.65,-0.010000000000000231,-0.375939849624074,26761850.0
000839,20251015,2.63,2.62,2.65,2.66,-0.06000000000000005,-2.2058823529411797,21537842.0
000839,20251014,2.66,2.62,2.63,2.72,0.040000000000000036,1.4925373134328401,39853680.0
000839,20251013,2.64,2.58,2.67,2.68,-0.029999999999999805,-1.1070110701106972,38800963.0
000839,20251010,2.67,2.65,2.69,2.71,0.020000000000000018,0.743494423791824,34150530.0
000839,20251009,2.65,2.64,2.68,2.69,0.020000000000000018,0.7490636704119868,29813450.0
000839,20250930,2.66,2.63,2.64,2.67,-0.010000000000000231,-0.3731343283582156,30472274.0
000839,20250929,2.65,2.62,2.66,2.68,-0.029999999999999805,-1.1070110701106972,41303952.0
000839,20250926,2.69,2.66,2.67,2.71,-0.03000000000000025,-1.0948905109489093,37247872.0
000839,20250925,2.74,2.68,2.7,2.74,-0.009999999999999787,-0.3636363636363549,36164725.0
000839,20250924,2.7,2.7,2.74,2.75,-0.08999999999999986,-3.169014084507038,38631450.0
000839,20250923,2.82,2.68,2.73,2.84,0.0,0.0,72573175.0
000839,20250922,2.83,2.78,2.84,2.84,-0.08000000000000007,-2.73972602739726,40257692.0
000839,20250919,2.9,2.82,2.85,2.92,-0.10000000000000009,-3.311258278145701,58203479.0
000839,20250918,2.95,2.87,2.91,3.02,0.020000000000000018,0.6666666666666599,82995000.0
000839,20250917,3.0,2.94,2.96,3.0,0.009999999999999787,0.33444816053511683,58731650.0
000839,20250916,2.96,2.92,2.99,2.99,0.010000000000000231,0.3355704697986628,60438150.0
000839,20250915,2.92,2.88,2.96,2.98,0.04999999999999982,1.7064846416382284,80770843.0
000839,20250912,2.87,2.84,2.9,2.93,0.06000000000000005,2.0905923344947785,78210430.0
000839,20250911,2.83,2.77,2.87,2.87,0.0,0.0,65032378.0
000839,20250910,2.82,2.82,2.84,2.87,-0.009999999999999787,-0.3472222222222099,40255025.0
000839,20250909,2.87,2.81,2.83,2.88,-0.020000000000000018,-0.6896551724137945,51371100.0
000839,20250908,2.86,2.84,2.88,2.9,0.029999999999999805,1.0452961672473782,68746403.0
000839,20250905,2.81,2.79,2.86,2.87,-0.10999999999999988,-3.691275167785235,68038202.0
000839,20250904,2.97,2.77,2.83,2.98,-0.10999999999999988,-3.5598705501618033,137254910.0
000839,20250903,3.03,2.97,3.02,3.09,-0.03000000000000025,-0.9615384615384692,116965736.0
000839,20250902,3.04,2.97,3.01,3.12,-0.06999999999999984,-2.1943573667711602,161328467.0
000839,20250901,3.13,3.02,3.07,3.19,0.1299999999999999,4.2483660130719025,272092100.0
000839,20250829,2.77,2.74,3.06,3.06,0.25,8.896797153024917,220170884.0
000839,20250828,2.78,2.69,2.78,2.81,-0.08000000000000007,-2.768166089965396,64701283.0
000839,20250827,2.83,2.77,2.78,2.89,0.03000000000000025,1.0489510489510634,69573500.0
000839,20250826,2.81,2.79,2.83,2.86,0.020000000000000018,0.7042253521126751,54809764.0
000839,20250825,2.82,2.79,2.82,2.84,-0.06000000000000005,-2.0689655172413834,61046782.0
000839,20250822,2.76,2.76,2.84,2.9,0.10000000000000009,3.571428571428581,89014802.0
000839,20250821,2.76,2.75,2.77,2.8,0.040000000000000036,1.449275362318847,65544690.0
000839,20250820,2.72,2.7,2.76,2.76,0.009999999999999787,0.363636363636366,50977176.0
000839,20250819,2.73,2.7,2.73,2.75,0.0,0.0,40694673.0
000839,20250818,2.69,2.68,2.72,2.75,0.06000000000000005,2.230483271375472,59439423.0
000839,20250815,2.65,2.65,2.69,2.69,-0.040000000000000036,-1.465201465201471,32878420.0
000839,20250814,2.72,2.65,2.66,2.73,-0.020000000000000018,-0.727272727272732,41016752.0
000839,20250813,2.74,2.71,2.72,2.75,-0.020000000000000018,-0.7220216606498187,30304250.0
000839,20250812,2.76,2.73,2.73,2.77,-0.04999999999999982,-1.773049645390068,38711130.0
000839,20250811,2.7,2.67,2.76,2.82,0.09999999999999964,3.676470588235281,85464393.0
000839,20250808,2.7,2.67,2.69,2.72,-0.04999999999999982,-1.805054151624541,27249329.0
000839,20250807,2.68,2.67,2.71,2.77,0.08000000000000007,2.973977695167296,47362150.0
000839,20250806,2.65,2.64,2.68,2.69,0.009999999999999787,0.3731343283581934,27655202.0
000839,20250805,2.65,2.64,2.66,2.68,0.03000000000000025,1.132075471698113,21481300.0
000839,20250804,2.64,2.62,2.64,2.65,-0.03000000000000025,-1.1194029850746356,19855952.0
000839,20250801,2.66,2.63,2.66,2.68,-0.04999999999999982,-1.831501831501825,25113450.0
000839,20250731,2.72,2.65,2.66,2.73,-0.020000000000000018,-0.727272727272732,39781200.0
000839,20250730,2.74,2.71,2.73,2.75,-0.009999999999999787,-0.36231884057970065,34280303.0
000839,20250729,2.74,2.71,2.74,2.76,-0.03000000000000025,-1.0752688172043112,27726357.0
000839,20250728,2.78,2.73,2.74,2.79,0.010000000000000231,0.3597122302158251,32929615.0
000839,20250725,2.76,2.75,2.78,2.78,0.0,0.0,31651071.0
000839,20250724,2.71,2.7,2.77,2.78,0.009999999999999787,0.3610108303248927,50397150.0
000839,20250723,2.74,2.7,2.71,2.77,0.020000000000000018,0.727272727272732,38571850.0
000839,20250722,2.72,2.7,2.74,2.75,0.009999999999999787,0.36496350364962904,39816652.0
000839,20250721,2.68,2.67,2.72,2.74,0.040000000000000036,1.4814814814814836,44086178.0
000839,20250718,2.69,2.66,2.68,2.7,-0.009999999999999787,-0.36900369003689537,17106707.0
000839,20250717,2.69,2.67,2.69,2.71,0.0,0.0,21051016.0
000839,20250716,2.68,2.66,2.69,2.71,-0.03000000000000025,-1.0948905109489093,21493700.0
000839,20250715,2.72,2.66,2.69,2.74,-0.019999999999999574,-0.7246376811594013,35525400.0
000839,20250714,2.75,2.7,2.74,2.76,-0.020000000000000018,-0.7194244604316502,32791700.0
000839,20250711,2.76,2.73,2.76,2.78,0.009999999999999787,0.3610108303248927,27495205.0
000839,20250710,2.73,2.72,2.75,2.77,0.010000000000000231,0.36231884057971175,31664200.0
000839,20250709,2.71,2.69,2.74,2.76,0.029999999999999805,1.098901098901095,44412998.0
000839,20250708,2.67,2.67,2.71,2.73,-0.040000000000000036,-1.4440433212996373,32675445.0
000839,20250707,2.65,2.64,2.67,2.77,0.10000000000000009,3.7453183520599342,62934117.0
000839,20250704,2.66,2.62,2.63,2.67,-0.010000000000000231,-0.3731343283582156,22995770.0
000839,20250703,2.66,2.66,2.66,2.68,-0.020000000000000018,-0.7407407407407418,13780250.0
000839,20250702,2.66,2.64,2.67,2.7,-0.029999999999999805,-1.098901098901095,22769870.0
000839,20250701,2.66,2.65,2.67,2.73,0.04999999999999982,1.8656716417910335,27044950.0
000839,20250630,2.67,2.64,2.66,2.68,-0.009999999999999787,-0.3717472118959009,21459150.0
000839,20250627,2.64,2.63,2.66,2.69,0.029999999999999805,1.1278195488721776,29218100.0
000839,20250626,2.64,2.62,2.63,2.66,0.010000000000000231,0.37735849056603765,21056105.0
000839,20250625,2.63,2.6,2.64,2.65,0.009999999999999787,0.37878787878786735,26143058.0
000839,20250624,2.59,2.58,2.63,2.64,0.050000000000000266,1.9305019305019488,20690055.0
000839,20250623,2.54,2.53,2.58,2.59,-0.020000000000000018,-0.7662835249042099,14921350.0
000839,20250620,2.56,2.55,2.56,2.61,0.0,0.0,15459500.0
000839,20250619,2.59,2.54,2.55,2.61,-0.010000000000000231,-0.3816793893129833,20757553.0
000839,20250618,2.61,2.57,2.58,2.62,-0.009999999999999787,-0.3802281368821214,21700330.0
000839,20250617,2.61,2.6,2.62,2.63,0.009999999999999787,0.3816793893129722,19556392.0
000839,20250616,2.6,2.6,2.61,2.62,-0.08000000000000007,-2.9629629629629672,18730402.0
000839,20250613,2.69,2.62,2.62,2.7,0.0,0.0,31563200.0
000839,20250612,2.69,2.67,2.68,2.7,-0.009999999999999787,-0.36900369003689537,18420050.0
000839,20250611,2.68,2.68,2.7,2.71,-0.03000000000000025,-1.0948905109489093,21902566.0
000839,20250610,2.73,2.66,2.68,2.74,-0.03999999999999959,-1.4388489208632893,30488939.0
000839,20250609,2.71,2.71,2.73,2.78,0.04999999999999982,1.831501831501825,28291202.0
000839,20250606,2.7,2.69,2.71,2.73,0.029999999999999805,1.1111111111111072,27051750.0
000839,20250605,2.67,2.67,2.69,2.7,0.010000000000000231,0.3717472118959231,26561923.0
000839,20250604,2.65,2.65,2.68,2.69,0.020000000000000018,0.7490636704119868,25029250.0
000839,20250603,2.65,2.61,2.65,2.67,-0.050000000000000266,-1.8382352941176516,33559214.0
000839,20250530,2.72,2.67,2.67,2.72,-0.009999999999999787,-0.3663003663003539,25883300.0
000839,20250529,2.67,2.67,2.72,2.73,0.029999999999999805,1.1111111111111072,30336705.0
000839,20250528,2.69,2.65,2.68,2.7,-0.029999999999999805,-1.098901098901095,27101751.0
000839,20250527,2.72,2.67,2.69,2.73,0.0,0.0,29004196.0
000839,20250526,2.66,2.64,2.72,2.73,0.0,0.0,35092167.0
000839,20250523,2.7,2.65,2.67,2.73,-0.06000000000000005,-2.1505376344086002,31845450.0
000839,20250522,2.74,2.67,2.68,2.79,0.020000000000000018,0.7220216606498298,37067350.0
000839,20250521,2.76,2.71,2.73,2.77,-0.020000000000000018,-0.7168458781361964,29264150.0
000839,20250520,2.78,2.73,2.76,2.79,-0.08999999999999986,-3.125,53713996.0
000839,20250519,2.64,2.62,2.78,2.88,0.23999999999999977,9.090909090909083,112355655.0
000839,20250516,2.62,2.61,2.63,2.64,-0.040000000000000036,-1.4925373134328401,24433200.0
000839,20250515,2.68,2.62,2.62,2.68,-0.020000000000000018,-0.7407407407407418,22435805.0
000839,20250514,2.64,2.64,2.68,2.7,-0.009999999999999787,-0.36900369003689537,29481750.0
000839,20250513,2.68,2.64,2.65,2.71,0.04999999999999982,1.8796992481203034,36550302.0
000839,20250512,2.66,2.62,2.65,2.66,-0.06000000000000005,-2.2058823529411797,24317858.0
000839,20250509,2.72,2.61,2.63,2.72,-0.029999999999999805,-1.0909090909090868,36649127.0
000839,20250508,2.71,2.69,2.71,2.75,0.009999999999999787,0.36496350364962904,26832019.0
000839,20250507,2.69,2.67,2.72,2.74,0.06000000000000005,2.238805970149249,51691618.0
000839,20250506,2.59,2.58,2.68,2.68,0.07000000000000028,2.6819923371647514,41186252.0
000839,20250430,2.54,2.52,2.57,2.61,0.08999999999999986,3.5714285714285587,35052052.0
000839,20250429,2.5,2.48,2.51,2.52,-0.06000000000000005,-2.3255813953488413,24221899.0
000839,20250428,2.57,2.51,2.52,2.58,-0.040000000000000036,-1.526717557251911,23346100.0
000839,20250425,2.56,2.56,2.58,2.62,0.010000000000000231,0.3831417624521105,19708650.0
000839,20250424,2.6,2.56,2.57,2.61,-0.06000000000000005,-2.2471910112359605,22926105.0
000839,20250423,2.6,2.59,2.61,2.67,0.04999999999999982,1.9083969465648831,37335509.0
000839,20250422,2.61,2.58,2.59,2.62,0.0,0.0,19101117.0
000839,20250421,2.56,2.53,2.61,2.62,0.040000000000000036,1.5503875968992276,26601522.0
000839,20250418,2.55,2.52,2.56,2.58,0.010000000000000231,0.3891050583657574,19440226.0
000839,20250417,2.55,2.54,2.55,2.57,-0.03000000000000025,-1.1538461538461608,20458409.0
000839,20250416,2.6,2.52,2.56,2.6,-0.020000000000000018,-0.7633587786259555,26114650.0
000839,20250415,2.62,2.57,2.59,2.62,-0.020000000000000018,-0.7575757575757569,18338999.0
000839,20250414,2.61,2.6,2.62,2.64,0.040000000000000036,1.538461538461533,27840075.0
000839,20250411,2.56,2.54,2.58,2.6,-0.04999999999999982,-1.8867924528301772,31245756.0
000839,20250410,2.56,2.55,2.59,2.65,0.10000000000000009,3.9215686274509887,52710850.0
000839,20250409,2.45,2.31,2.53,2.55,0.029999999999999805,1.1904761904761862,58916463.0
000839,20250408,2.49,2.4,2.48,2.52,-0.18000000000000016,-6.666666666666677,55332888.0
000839,20250407,2.69,2.52,2.52,2.7,-0.10999999999999988,-3.9145907473309594,50653100.0
000839,20250403,2.75,2.73,2.8,2.81,-0.020000000000000018,-0.7067137809187329,27522965.0
000839,20250402,2.8,2.77,2.78,2.83,0.0,0.0,27171785.0
000839,20250401,2.8,2.8,2.81,2.83,0.0,0.0,21093250.0
000839,20250331,2.82,2.72,2.81,2.83,-0.08999999999999986,-3.082191780821908,38187459.0
000839,20250328,2.9,2.86,2.88,2.92,-0.040000000000000036,-1.3513513513513487,30607250.0
000839,20250327,2.9,2.87,2.91,2.96,0.040000000000000036,1.3698630136986356,36548451.0
000839,20250326,2.91,2.88,2.89,2.92,-0.040000000000000036,-1.3513513513513487,32842376.0
000839,20250325,2.92,2.91,2.94,2.96,-0.020000000000000018,-0.6711409395973145,22399740.0
000839,20250324,2.96,2.88,2.93,2.98,-0.04999999999999982,-1.650165016501648,45781369.0
000839,20250321,3.02,2.97,2.98,3.03,-0.020000000000000018,-0.6557377049180357,40578500.0
000839,20250320,3.02,3.01,3.02,3.05,0.0,0.0,25048775.0
000839,20250319,3.05,3.01,3.03,3.05,-0.040000000000000036,-1.2944983818770184,27843475.0
000839,20250318,3.07,3.03,3.05,3.09,-0.020000000000000018,-0.6430868167202619,32097008.0
000839,20250317,3.07,3.06,3.07,3.11,0.040000000000000036,1.3029315960912058,34795225.0
000839,20250314,3.02,3.0,3.07,3.07,-0.03000000000000025,-0.967741935483879,41945074.0
000839,20250313,3.1,2.99,3.01,3.1,-0.040000000000000036,-1.273885350318471,58366056.0
000839,20250312,3.06,3.05,3.1,3.14,0.07000000000000028,2.28013029315961,55811201.0
000839,20250311,3.01,3.0,3.05,3.07,-0.020000000000000018,-0.6472491909385147,29925606.0
000839,20250310,3.07,3.03,3.05,3.09,-0.06000000000000005,-1.904761904761909,35497760.0
000839,20250307,3.14,3.06,3.07,3.15,-0.010000000000000231,-0.31645569620254443,50021310.0
000839,20250306,3.11,3.11,3.15,3.16,0.03000000000000025,0.9584664536741228,50321063.0
000839,20250305,3.1,3.07,3.11,3.13,0.009999999999999787,0.3205128205128194,31833561.0
000839,20250304,3.06,3.03,3.11,3.12,0.020000000000000018,0.6451612903225712,35753361.0
000839,20250303,3.07,3.04,3.07,3.1,-0.06999999999999984,-2.208201892744477,39765506.0
000839,20250228,3.15,3.05,3.06,3.17,-0.08999999999999986,-2.7607361963190136,60471803.0
000839,20250227,3.22,3.12,3.16,3.26,-0.010000000000000231,-0.3058103975535187,71960307.0
000839,20250226,3.25,3.2,3.23,3.27,-0.04999999999999982,-1.5060240963855387,68363538.0
000839,20250225,3.27,3.22,3.25,3.32,-0.06000000000000005,-1.7751479289940808,64051678.0
000839,20250224,3.32,3.26,3.28,3.38,0.029999999999999805,0.8955223880596996,84758035.0
000839,20250221,3.28,3.22,3.31,3.35,0.020000000000000018,0.6006006006006093,108467776.0
000839,20250220,3.29,3.24,3.26,3.33,0.0,0.0,82390501.0
000839,20250219,3.25,3.21,3.28,3.33,-0.1200000000000001,-3.4782608695652195,116832728.0
000839,20250218,3.45,3.22,3.24,3.45,0.06000000000000005,1.7699115044247815,235170462.0
000839,20250217,3.16,3.16,3.39,3.39,0.29000000000000004,9.354838709677416,159640596.0
000839,20250214,3.09,3.05,3.08,3.1,-0.04999999999999982,-1.5873015873015817,38065601.0
000839,20250213,3.13,3.08,3.1,3.15,0.020000000000000018,0.6389776357827559,49224480.0
000839,20250212,3.1,3.08,3.13,3.13,-0.06000000000000005,-1.8808777429467072,45954303.0
000839,20250211,3.19,3.09,3.11,3.19,0.0,0.0,60244988.0
000839,20250210,3.08,3.06,3.19,3.19,0.08000000000000007,2.5723472668810254,74942287.0
000839,20250207,2.99,2.97,3.07,3.11,0.10999999999999988,3.6666666666666625,75136501.0
000839,20250206,2.98,2.91,3.0,3.0,0.020000000000000018,0.6711409395973256,56739751.0
000839,20250205,2.91,2.88,2.97,2.98,0.029999999999999805,1.0169491525423568,57645645.0
000839,20250127,2.91,2.87,2.88,2.95,0.040000000000000036,1.3745704467353903,44034425.0
000839,20250124,2.85,2.81,2.9,2.91,-0.08000000000000007,-2.6755852842809347,47918612.0
000839,20250123,2.85,2.85,2.87,2.99,0.10000000000000009,3.460207612456756,70853906.0
000839,20250122,2.88,2.79,2.8,2.89,-0.08999999999999986,-3.0201342281879096,48968895.0
000839,20250121,2.9,2.84,2.9,2.98,0.04999999999999982,1.7064846416382284,65142050.0
000839,20250120,2.89,2.86,2.89,2.93,-0.020000000000000018,-0.6779661016949157,34206306.0
000839,20250117,2.93,2.88,2.89,2.95,-0.1299999999999999,-4.220779220779214,46584405.0
000839,20250116,2.96,2.92,2.95,3.08,-0.020000000000000018,-0.6451612903225823,92635355.0
000839,20250115,2.88,2.81,2.97,3.1,0.22999999999999998,8.013937282229966,117133877.0
000839,20250114,2.73,2.72,2.86,2.87,0.14000000000000012,5.128205128205132,50031853.0
000839,20250113,2.7,2.64,2.72,2.73,-0.10999999999999988,-3.873239436619713,34268335.0
000839,20250110,2.82,2.73,2.74,2.84,-0.050000000000000266,-1.730103806228378,34750503.0
000839,20250109,2.86,2.82,2.84,2.89,0.03000000000000025,1.0489510489510634,42157800.0
000839,20250108,2.85,2.73,2.82,2.86,0.009999999999999787,0.35087719298245723,44622038.0
000839,20250107,2.78,2.77,2.84,2.85,-0.020000000000000018,-0.6968641114982632,37127006.0
000839,20250106,2.85,2.75,2.77,2.87,-0.17999999999999972,-5.901639344262288,49537200.0
000839,20250103,3.04,2.84,2.85,3.05,-0.0900000000000003,-2.866242038216571,65588253.0
000839,20250102,3.08,2.98,3.02,3.14,-0.04999999999999982,-1.5673981191222541,51657057.0
000839,20241231,3.15,3.07,3.08,3.19,-0.020000000000000018,-0.6230529595015577,35488185.0
000839,20241230,3.21,3.12,3.15,3.21,-0.03000000000000025,-0.92592592592593,33050000.0
000839,20241227,3.19,3.16,3.19,3.24,0.040000000000000036,1.2499999999999956,41073100.0
000839,20241226,3.15,3.14,3.18,3.2,-0.04999999999999982,-1.538461538461533,37536879.0
000839,20241225,3.24,3.1,3.14,3.25,-0.029999999999999805,-0.9146341463414531,60639752.0
000839,20241224,3.24,3.18,3.25,3.28,-0.17000000000000037,-4.9275362318840665,51551302.0
000839,20241223,3.42,3.22,3.24,3.45,-0.020000000000000018,-0.5763688760806907,86197602.0
000839,20241220,3.44,3.42,3.46,3.47,-0.03999999999999959,-1.1396011396011319,40965752.0
000839,20241219,3.42,3.38,3.45,3.51,0.019999999999999574,0.5730659025787732,59015200.0
000839,20241218,3.4,3.38,3.44,3.49,-0.04999999999999982,-1.412429378531066,59220375.0
000839,20241217,3.53,3.37,3.39,3.54,-0.06999999999999984,-1.939058171745145,73746382.0
000839,20241216,3.58,3.52,3.53,3.61,-0.14000000000000012,-3.733333333333333,65030284.0
000839,20241213,3.68,3.57,3.57,3.75,0.020000000000000018,0.536193029490617,92562200.0
000839,20241212,3.69,3.6,3.72,3.73,-0.06999999999999984,-1.8421052631578894,109606908.0
000839,20241211,3.63,3.61,3.7,3.8,0.06999999999999984,1.8766756032171594,159531890.0
000839,20241210,3.72,3.59,3.59,3.73,-0.010000000000000231,-0.2673796791443861,86878433.0
000839,20241209,3.7,3.55,3.6,3.74,-0.009999999999999787,-0.2666666666666595,92647825.0
000839,20241206,3.65,3.58,3.69,3.75,0.10000000000000009,2.7397260273972712,109884200.0
000839,20241205,3.51,3.48,3.63,3.65,0.0,0.0,89827645.0
000839,20241204,3.65,3.5,3.53,3.65,-0.07000000000000028,-1.8817204301075363,85523051.0
000839,20241203,3.68,3.6,3.64,3.72,-0.029999999999999805,-0.7999999999999896,76686250.0
000839,20241202,3.5,3.48,3.68,3.75,0.2200000000000002,6.232294617563738,141250108.0
000839,20241129,3.47,3.38,3.51,3.53,-0.10000000000000009,-2.754820936639124,101441951.0
000839,20241128,3.42,3.4,3.51,3.63,0.17999999999999972,5.217391304347818,120647761.0
000839,20241127,3.3,3.25,3.42,3.45,0.010000000000000231,0.29069767441860517,99799498.0
000839,20241126,3.35,3.28,3.29,3.44,0.08999999999999986,2.686567164179099,68733625.0
000839,20241125,3.31,3.23,3.3,3.35,-0.19999999999999973,-5.633802816901401,73141962.0
000839,20241122,3.43,3.31,3.32,3.55,0.04999999999999982,1.4285714285714235,110452900.0
000839,20241121,3.44,3.38,3.42,3.5,0.029999999999999805,0.8645533141210304,80685655.0
000839,20241120,3.38,3.35,3.46,3.47,0.03000000000000025,0.8720930232558155,94941464.0
000839,20241119,3.41,3.2,3.37,3.44,-0.1499999999999999,-4.178272980501385,145605157.0
000839,20241118,3.48,3.33,3.38,3.59,-0.11000000000000032,-2.972972972972987,111299825.0
000839,20241115,3.59,3.46,3.47,3.7,-0.22999999999999998,-5.852417302798985,156585808.0
000839,20241114,3.84,3.69,3.7,3.93,0.0,0.0,135870631.0
000839,20241113,3.82,3.77,3.83,3.93,-0.14000000000000012,-3.439803439803446,119044806.0
000839,20241112,4.06,3.82,3.87,4.07,-0.17999999999999972,-4.235294117647048,208697613.0
000839,20241111,3.9,3.85,4.12,4.25,0.2999999999999998,7.594936708860756,363102857.0
000839,20241108,3.62,3.58,3.95,3.95,0.30000000000000027,8.219178082191792,347773146.0
000839,20241107,3.43,3.39,3.59,3.65,0.020000000000000018,0.5509641873278293,173130069.0
000839,20241106,3.53,3.43,3.47,3.63,0.029999999999999805,0.8333333333333304,155223906.0
000839,20241105,3.4,3.4,3.53,3.6,0.050000000000000266,1.4084507042253502,178545356.0
000839,20241104,3.35,3.33,3.39,3.55,-0.2400000000000002,-6.33245382585752,140640504.0
000839,20241101,3.79,3.36,3.44,3.79,0.06000000000000005,1.608579088471851,318807535.0
000839,20241031,3.38,3.31,3.73,3.73,0.18999999999999995,5.36723163841808,306844417.0
000839,20241030,3.35,3.32,3.39,3.54,-0.25,-6.596306068601587,251116965.0
000839,20241029,3.64,3.36,3.43,3.79,0.31999999999999984,9.22190201729105,396256849.0
000839,20241028,3.15,3.15,3.47,3.47,0.2200000000000002,6.769230769230772,273016213.0
000839,20241025,3.05,2.98,3.15,3.25,0.29000000000000004,9.797297297297302,366501679.0
000839,20241024,2.66,2.65,2.96,2.96,0.20999999999999996,7.636363636363641,144062266.0
000839,20241023,2.64,2.63,2.69,2.75,0.06000000000000005,2.230483271375472,66058950.0
000839,20241022,2.64,2.61,2.66,2.69,-0.020000000000000018,-0.7380073800738018,48870065.0
000839,20241021,2.6,2.57,2.64,2.71,0.10999999999999988,4.230769230769216,91720305.0
000839,20241018,2.53,2.49,2.57,2.6,0.03000000000000025,1.1673151750972943,64252375.0
000839,20241017,2.53,2.52,2.53,2.57,0.009999999999999787,0.390625,44219663.0
000839,20241016,2.52,2.49,2.52,2.56,-0.08000000000000007,-3.0303030303030276,51873759.0
000839,20241015,2.6,2.55,2.55,2.64,0.020000000000000018,0.7633587786259444,51652305.0
000839,20241014,2.6,2.56,2.59,2.62,-0.08000000000000007,-2.9629629629629672,50557038.0
000839,20241011,2.67,2.53,2.58,2.7,-0.07999999999999963,-2.877697841726601,69320329.0
000839,20241010,2.68,2.56,2.7,2.78,-0.14000000000000012,-4.794520547945213,103072906.0
000839,20241009,2.9,2.68,2.68,2.92,-0.1499999999999999,-4.885993485342022,132681491.0
000839,20241008,3.07,2.82,2.98,3.07,0.22999999999999998,8.098591549295776,182156157.0
000839,20240930,2.69,2.63,2.79,2.84,0.19999999999999973,7.575757575757569,141903954.0
000839,20240927,2.53,2.53,2.6,2.64,0.1200000000000001,4.761904761904767,90256952.0
000839,20240926,2.48,2.43,2.51,2.52,-0.04999999999999982,-1.9455252918287869,66292289.0
000839,20240925,2.48,2.45,2.48,2.57,0.009999999999999787,0.390625,148752263.0
000839,20240924,2.34,2.32,2.54,2.56,0.18999999999999995,8.016877637130793,172784704.0
000839,20240923,2.36,2.31,2.33,2.37,-0.020000000000000018,-0.8368200836820106,22696238.0
000839,20240920,2.3,2.3,2.36,2.39,0.07000000000000028,3.0172413793103647,46963527.0
000839,20240919,2.24,2.23,2.31,2.32,0.020000000000000018,0.8695652173912993,30584350.0
000839,20240918,2.28,2.21,2.23,2.3,-0.050000000000000266,-2.1276595744680993,23476602.0
000839,20240913,2.25,2.23,2.29,2.35,0.07000000000000028,3.070175438596512,34027556.0
000839,20240912,2.23,2.23,2.24,2.28,0.020000000000000018,0.8849557522123908,12161223.0
000839,20240911,2.26,2.22,2.23,2.26,0.0,0.0,11702000.0
000839,20240910,2.23,2.21,2.26,2.26,0.009999999999999787,0.4444444444444251,14079555.0
000839,20240909,2.22,2.21,2.23,2.25,-0.040000000000000036,-1.7467248908296984,13862200.0
000839,20240906,2.24,2.23,2.23,2.29,0.020000000000000018,0.8810572687224738,17881469.0
000839,20240905,2.22,2.21,2.25,2.27,-0.04999999999999982,-2.155172413793094,22108882.0
000839,20240904,2.31,2.22,2.24,2.32,-0.0900000000000003,-3.734439834024905,38832177.0
000839,20240903,2.19,2.17,2.33,2.41,0.14000000000000012,6.167400881057272,54765700.0
000839,20240902,2.26,2.18,2.19,2.27,-0.029999999999999805,-1.304347826086949,20846600.0
000839,20240830,2.23,2.22,2.27,2.3,0.05999999999999961,2.678571428571419,21508450.0
000839,20240829,2.2,2.17,2.23,2.24,0.0,0.0,18426158.0
000839,20240828,2.19,2.17,2.21,2.24,0.03000000000000025,1.3574660633484337,20995408.0
000839,20240827,2.19,2.16,2.19,2.21,-0.020000000000000018,-0.8968609865470878,14072403.0
000839,20240826,2.18,2.16,2.19,2.23,0.040000000000000036,1.82648401826484,18361000.0
000839,20240823,2.17,2.15,2.19,2.19,-0.03000000000000025,-1.3513513513513598,16730250.0
000839,20240822,2.2,2.16,2.17,2.22,-0.029999999999999805,-1.3333333333333197,20785192.0
000839,20240821,2.24,2.19,2.21,2.25,-0.040000000000000036,-1.7467248908296984,20354655.0
000839,20240820,2.28,2.24,2.25,2.29,-0.020000000000000018,-0.8658008658008698,13933455.0
000839,20240819,2.3,2.27,2.28,2.31,-0.04999999999999982,-2.1186440677966045,10639150.0
000839,20240816,2.34,2.29,2.3,2.36,0.009999999999999787,0.42553191489360653,14421253.0
000839,20240815,2.26,2.26,2.34,2.35,0.0,0.0,26840150.0
000839,20240814,2.34,2.26,2.26,2.35,-0.029999999999999805,-1.2605042016806678,27494100.0
000839,20240813,2.32,2.32,2.36,2.38,0.020000000000000018,0.8474576271186418,14647489.0
000839,20240812,2.35,2.32,2.33,2.36,-0.040000000000000036,-1.6666666666666718,15133918.0
000839,20240809,2.39,2.36,2.36,2.4,-0.03000000000000025,-1.2345679012345734,13495350.0
000839,20240808,2.39,2.35,2.39,2.43,0.010000000000000231,0.4132231404958775,18521800.0
000839,20240807,2.4,2.37,2.38,2.42,-0.010000000000000231,-0.4115226337448652,14382600.0
000839,20240806,2.4,2.36,2.41,2.43,-0.04999999999999982,-2.0161290322580627,19769650.0
000839,20240805,2.45,2.4,2.4,2.48,-0.029999999999999805,-1.195219123505964,21273450.0
000839,20240802,2.48,2.44,2.46,2.51,-0.040000000000000036,-1.5686274509803977,16475263.0
000839,20240801,2.51,2.48,2.5,2.55,0.029999999999999805,1.1904761904761862,21906300.0
000839,20240731,2.44,2.42,2.51,2.52,0.04999999999999982,2.0242914979756943,25819650.0
000839,20240730,2.39,2.37,2.44,2.47,0.020000000000000018,0.8163265306122547,22432800.0
000839,20240729,2.42,2.34,2.41,2.45,0.020000000000000018,0.8230452674897082,31907106.0
000839,20240726,2.39,2.38,2.42,2.43,0.040000000000000036,1.673640167364021,15628100.0
000839,20240725,2.35,2.33,2.39,2.39,-0.040000000000000036,-1.6460905349794275,22591728.0
000839,20240724,2.39,2.36,2.36,2.43,-0.06999999999999984,-2.7999999999999914,21281000.0
000839,20240723,2.43,2.4,2.4,2.5,0.040000000000000036,1.6260162601626105,22133360.0
000839,20240722,2.46,2.41,2.43,2.46,-0.03000000000000025,-1.2048192771084487,16322105.0
000839,20240719,2.45,2.43,2.46,2.49,0.020000000000000018,0.809716599190291,16377333.0
000839,20240718,2.47,2.41,2.45,2.47,-0.07999999999999963,-3.137254901960773,18447900.0
000839,20240717,2.54,2.46,2.47,2.55,0.009999999999999787,0.3937007874015741,15225200.0
000839,20240716,2.51,2.48,2.51,2.54,-0.040000000000000036,-1.5503875968992276,18876455.0
000839,20240715,2.5,2.49,2.53,2.58,-0.029999999999999805,-1.1494252873563093,21153258.0
000839,20240712,2.55,2.51,2.53,2.61,0.08000000000000007,3.1620553359683834,36492600.0
000839,20240711,2.53,2.48,2.5,2.53,-0.020000000000000018,-0.7843137254901933,24890950.0
000839,20240710,2.47,2.45,2.48,2.55,0.06999999999999984,2.8225806451612767,41122100.0
000839,20240709,2.48,2.41,2.46,2.48,-0.10999999999999988,-4.247104247104239,41784978.0
000839,20240708,2.56,2.46,2.48,2.59,-0.020000000000000018,-0.7662835249042099,37854950.0
000839,20240705,2.55,2.53,2.58,2.61,-0.0900000000000003,-3.3333333333333437,27534850.0
000839,20240704,2.67,2.55,2.56,2.7,-0.04999999999999982,-1.8181818181818077,45601077.0
000839,20240703,2.73,2.65,2.66,2.75,-0.04999999999999982,-1.7857142857142794,30023950.0
000839,20240702,2.72,2.68,2.73,2.8,-0.010000000000000231,-0.3558718861210064,36514250.0
000839,20240701,2.8,2.72,2.74,2.81,-0.020000000000000018,-0.7067137809187329,28120250.0
000839,20240628,2.78,2.73,2.79,2.83,-0.040000000000000036,-1.3937282229965153,36771255.0
000839,20240627,2.79,2.78,2.79,2.87,0.0,0.0,32122755.0
000839,20240626,2.8,2.76,2.82,2.87,-0.020000000000000018,-0.692041522491349,37340786.0
000839,20240625,2.72,2.71,2.82,2.89,0.10000000000000009,3.584229390681015,59662339.0
000839,20240624,2.73,2.68,2.75,2.79,-0.009999999999999787,-0.35714285714284477,47656200.0
000839,20240621,2.71,2.69,2.75,2.8,-0.040000000000000036,-1.4084507042253502,35285903.0
000839,20240620,2.84,2.72,2.74,2.84,-0.08000000000000007,-2.73972602739726,60139603.0
000839,20240619,2.8,2.72,2.84,2.92,0.04999999999999982,1.7421602787456303,90305467.0
000839,20240618,2.85,2.79,2.79,2.87,-0.17999999999999972,-5.901639344262288,144676975.0
000839,20240617,2.76,2.7,2.99,3.05,0.1499999999999999,5.1724137931034475,203877025.0
000839,20240614,2.73,2.67,2.77,2.9,0.25,9.433962264150942,119038564.0
000839,20240613,2.42,2.33,2.65,2.65,0.17999999999999972,7.287449392712531,76154868.0
000839,20240612,2.38,2.36,2.41,2.47,-0.09999999999999964,-3.8910505836575737,33852546.0
000839,20240611,2.57,2.39,2.44,2.57,0.10999999999999988,4.471544715447151,104509597.0
000839,20240606,2.45,2.35,2.36,2.46,-0.040000000000000036,-1.6000000000000014,31600829.0
000839,20240605,2.46,2.43,2.47,2.5,0.020000000000000018,0.8064516129032251,15794353.0
000839,20240604,2.41,2.34,2.47,2.48,-0.08000000000000007,-3.125,30550365.0
000839,20240603,2.54,2.45,2.45,2.56,-0.020000000000000018,-0.7751937984496138,42458191.0
000839,20240531,2.55,2.5,2.58,2.58,0.03000000000000025,1.1764705882353121,28416979.0
000839,20240530,2.47,2.45,2.55,2.55,0.09999999999999964,4.081632653061207,42247356.0
000839,20240529,2.41,2.4,2.43,2.45,-0.10999999999999988,-4.296875,26068926.0
000839,20240528,2.49,2.4,2.41,2.56,0.0,0.0,38635900.0
000839,20240527,2.53,2.48,2.52,2.56,-0.04999999999999982,-1.9157088122605304,21802338.0
000839,20240524,2.5,2.49,2.56,2.61,0.06000000000000005,2.35294117647058,37593352.0
000839,20240523,2.49,2.46,2.5,2.55,0.040000000000000036,1.5936254980079667,20961750.0
000839,20240522,2.49,2.44,2.51,2.51,-0.040000000000000036,-1.5686274509803977,25970391.0
000839,20240521,2.47,2.47,2.52,2.55,-0.010000000000000231,-0.3906250000000111,31445400.0
000839,20240520,2.54,2.43,2.44,2.56,0.0,0.0,52296866.0
000839,20240517,2.48,2.46,2.56,2.56,0.10000000000000009,4.065040650406515,53125369.0
000839,20240516,2.4,2.39,2.44,2.46,0.040000000000000036,1.6528925619834656,26815679.0
000839,20240515,2.32,2.32,2.39,2.42,0.0,0.0,33588097.0
000839,20240514,2.32,2.3,2.31,2.42,0.10000000000000009,4.31034482758621,40980533.0
000839,20240513,2.22,2.19,2.32,2.32,0.09999999999999964,4.504504504504481,34453888.0
000839,20240510,2.21,2.18,2.21,2.22,0.010000000000000231,0.452488687782826,14447757.0
000839,20240509,2.17,2.17,2.19,2.21,-0.03000000000000025,-1.3392857142857206,16312457.0
000839,20240508,2.23,2.17,2.18,2.24,0.0,0.0,15087102.0
000839,20240507,2.2,2.15,2.2,2.24,-0.009999999999999787,-0.4444444444444362,21494506.0
000839,20240506,2.17,2.12,2.2,2.25,0.06999999999999984,3.2110091743119185,37843721.0
000839,20240430,2.08,2.06,2.18,2.18,0.07000000000000028,3.31753554502372,35409919.0
000839,20240429,2.09,2.03,2.08,2.11,0.10000000000000009,4.975124378109452,43930791.0
000839,20240426,2.01,2.0,2.01,2.01,0.09999999999999987,5.235602094240832,25865531.0
000839,20240425,1.91,1.91,1.91,1.91,0.05999999999999983,3.2432432432432323,5209650.0
000839,20240424,1.84,1.81,1.82,1.85,-0.029999999999999805,-1.5957446808510523,9565503.0
000839,20240423,1.85,1.82,1.83,1.88,0.0,0.0,10697600.0
000839,20240422,1.83,1.81,1.86,1.88,-0.010000000000000009,-0.5291005291005346,12920100.0
000839,20240419,1.8,1.79,1.84,1.89,0.05999999999999983,3.2786885245901454,14967850.0
000839,20240418,1.83,1.8,1.8,1.83,-0.010000000000000009,-0.5434782608695676,11308796.0
000839,20240417,1.77,1.76,1.83,1.84,-0.010000000000000009,-0.5405405405405461,17889100.0
000839,20240416,1.84,1.8,1.8,1.85,-0.1399999999999999,-7.0351758793969825,24833630.0
000839,20240415,1.94,1.89,1.89,1.99,-0.010000000000000009,-0.5000000000000004,30451153.0
000839,20240412,1.99,1.98,1.99,2.0,-0.020000000000000018,-0.990099009900991,6302938.0
000839,20240411,2.01,1.99,1.99,2.02,-0.040000000000000036,-1.9417475728155331,10110875.0
000839,20240410,2.06,2.01,2.02,2.06,-0.009999999999999787,-0.48309178743960457,8012950.0
000839,20240409,2.05,2.02,2.05,2.07,-0.010000000000000231,-0.48076923076924016,11803959.0
000839,20240408,2.0,1.99,2.05,2.08,0.07000000000000028,3.4825870646766344,19253876.0
000839,20240403,2.01,1.98,2.0,2.01,-0.020000000000000018,-0.9852216748768461,6438585.0
000839,20240402,2.02,1.99,2.01,2.03,0.0,0.0,8335703.0
000839,20240401,1.96,1.95,2.02,2.03,0.06999999999999984,3.5714285714285587,16304285.0
000839,20240329,1.95,1.93,1.95,1.96,0.0,0.0,7541876.0
000839,20240328,1.95,1.94,1.96,1.96,-0.040000000000000036,-2.0000000000000018,9214578.0
000839,20240327,1.99,1.93,1.94,2.0,-0.009999999999999787,-0.4975124378109319,13009300.0
000839,20240326,1.99,1.98,2.0,2.01,0.0,0.0,8527252.0
000839,20240325,2.01,1.98,2.0,2.01,-0.050000000000000266,-2.4271844660194275,11092711.0
000839,20240322,2.05,1.99,2.02,2.06,-0.009999999999999787,-0.48309178743960457,17929052.0
000839,20240321,2.05,2.04,2.06,2.07,0.0,0.0,10155909.0
000839,20240320,2.05,2.05,2.06,2.07,-0.020000000000000018,-0.9569377990430672,9341936.0
000839,20240319,2.09,2.05,2.06,2.09,-0.010000000000000231,-0.4761904761904856,11839400.0
000839,20240318,2.09,2.07,2.08,2.1,0.020000000000000018,0.9615384615384581,10980687.0
000839,20240315,2.07,2.05,2.08,2.08,-0.020000000000000018,-0.952380952380949,9435470.0
000839,20240314,2.06,2.05,2.07,2.1,-0.020000000000000018,-0.9433962264150941,14720310.0
000839,20240313,2.06,2.05,2.06,2.12,0.08000000000000007,3.9215686274509887,20230250.0
000839,20240312,2.02,2.01,2.03,2.04,-0.009999999999999787,-0.4878048780487698,10197825.0
000839,20240311,2.0,1.99,2.03,2.05,0.029999999999999805,1.4851485148514865,11529825.0
000839,20240308,2.01,1.99,2.01,2.02,-0.06000000000000005,-2.8846153846153855,9987450.0
000839,20240307,2.02,2.01,2.02,2.08,0.06000000000000005,2.970297029702973,16870464.0
000839,20240306,1.98,1.97,2.01,2.02,0.020000000000000018,1.0000000000000009,10326806.0
000839,20240305,1.99,1.98,1.99,2.0,-0.029999999999999805,-1.477832512315258,9518802.0
000839,20240304,2.03,1.98,1.99,2.03,-0.020000000000000018,-0.9756097560975618,11468126.0
000839,20240301,2.03,2.01,2.03,2.05,0.009999999999999787,0.4901960784313708,11053239.0
000839,20240229,1.96,1.96,2.02,2.04,-0.06999999999999984,-3.3175355450236865,12254702.0
000839,20240228,2.05,1.99,2.0,2.11,0.040000000000000036,1.9323671497584627,20276400.0
000839,20240227,2.04,2.03,2.06,2.07,0.0,0.0,13032200.0
000839,20240226,2.01,2.01,2.05,2.07,0.040000000000000036,1.9704433497536922,15522009.0
000839,20240223,2.02,2.0,2.02,2.03,0.009999999999999787,0.4950495049504955,11342250.0
000839,20240222,1.98,1.98,2.02,2.02,-0.009999999999999787,-0.49261083743841194,11647050.0
000839,20240221,1.99,1.96,2.0,2.03,0.0,0.0,17828350.0
000839,20240220,2.0,1.98,2.0,2.03,0.029999999999999805,1.4999999999999902,13968028.0
000839,20240219,1.92,1.92,1.97,2.0,0.09000000000000008,4.712041884816753,18274193.0
000839,20240208,1.82,1.82,1.91,1.91,0.04999999999999982,2.6881720430107503,17889700.0
000839,20240207,1.82,1.79,1.82,1.86,0.0,0.0,16685200.0
000839,20240206,1.76,1.72,1.82,1.86,-0.04999999999999982,-2.617801047120405,30470635.0
000839,20240205,1.9,1.81,1.81,1.91,-0.1100000000000001,-5.44554455445545,26257150.0
000839,20240202,1.98,1.89,1.91,2.02,-0.040000000000000036,-1.9417475728155331,20846425.0
000839,20240201,2.05,1.97,1.99,2.06,-0.08999999999999986,-4.1860465116279055,25046248.0
000839,20240131,2.14,2.07,2.07,2.15,-0.08000000000000007,-3.58744394618834,24562600.0
000839,20240130,2.2,2.17,2.18,2.23,-0.040000000000000036,-1.7621145374449365,9956500.0
000839,20240129,2.26,2.2,2.21,2.27,-0.040000000000000036,-1.7316017316017285,12262942.0
000839,20240126,2.2,2.2,2.26,2.31,0.10000000000000009,4.52488687782806,23724200.0
000839,20240125,2.17,2.15,2.2,2.21,0.040000000000000036,1.8433179723502224,12706200.0
000839,20240124,2.11,2.1,2.17,2.17,0.040000000000000036,1.8779342723004744,11821400.0
000839,20240123,2.11,2.09,2.12,2.13,-0.050000000000000266,-2.2935779816513846,9943270.0
000839,20240122,2.16,2.11,2.12,2.18,-0.009999999999999787,-0.45662100456620447,11964517.0
000839,20240119,2.18,2.16,2.17,2.19,-0.010000000000000231,-0.454545454545463,7612350.0
000839,20240118,2.17,2.15,2.19,2.2,-0.020000000000000018,-0.9009009009009028,13331697.0
000839,20240117,2.21,2.17,2.17,2.22,0.0,0.0,7289917.0
000839,20240116,2.21,2.2,2.21,2.22,-0.009999999999999787,-0.4484304932735328,5899563.0
000839,20240115,2.21,2.2,2.21,2.23,-0.010000000000000231,-0.44642857142858094,5853300.0
000839,20240112,2.22,2.21,2.22,2.24,0.0,0.0,6516000.0
000839,20240111,2.21,2.21,2.23,2.24,0.0,0.0,7465546.0
000839,20240110,2.24,2.2,2.22,2.24,-0.019999999999999574,-0.8849557522123686,7912132.0
000839,20240109,2.23,2.22,2.23,2.26,-0.010000000000000231,-0.440528634361248,8381596.0
000839,20240108,2.27,2.23,2.23,2.27,-0.06000000000000005,-2.5751072961373467,9938094.0
000839,20240105,2.29,2.26,2.28,2.33,-0.020000000000000018,-0.8510638297872353,13457458.0
000839,20240104,2.24,2.23,2.29,2.35,0.08000000000000007,3.524229074889873,20198782.0
000839,20240103,2.27,2.23,2.24,2.27,-0.020000000000000018,-0.8733624454148492,7979452.0
000839,20240102,2.29,2.27,2.27,2.29,-0.009999999999999787,-0.43478260869563856,6321250.0
000839,20231229,2.27,2.27,2.29,2.3,0.020000000000000018,0.8771929824561431,8860900.0
000839,20231228,2.25,2.23,2.28,2.28,0.029999999999999805,1.3333333333333197,9577183.0
000839,20231227,2.23,2.22,2.25,2.25,-0.009999999999999787,-0.4424778761061843,4596200.0
000839,20231226,2.24,2.23,2.23,2.26,0.0,0.0,5231500.0
000839,20231225,2.25,2.23,2.25,2.26,-0.020000000000000018,-0.8771929824561431,5831168.0
000839,20231222,2.25,2.24,2.26,2.28,0.009999999999999787,0.4405286343612147,8619870.0
000839,20231221,2.26,2.22,2.25,2.27,-0.020000000000000018,-0.8733624454148492,9047170.0
000839,20231220,2.28,2.26,2.27,2.29,0.0,0.0,5975882.0
000839,20231219,2.27,2.26,2.28,2.29,-0.020000000000000018,-0.8658008658008698,7082950.0
000839,20231218,2.3,2.27,2.27,2.31,-0.009999999999999787,-0.4310344827586077,8375912.0
000839,20231215,2.3,2.3,2.31,2.32,0.0,0.0,5067508.0
000839,20231214,2.31,2.3,2.3,2.32,-0.020000000000000018,-0.8547008547008517,8778394.0
000839,20231213,2.33,2.3,2.3,2.34,-0.040000000000000036,-1.6806722689075682,7976200.0
000839,20231212,2.34,2.33,2.34,2.38,0.029999999999999805,1.2765957446808418,13657450.0
000839,20231211,2.33,2.31,2.35,2.35,0.010000000000000231,0.42735042735044804,12364950.0
000839,20231208,2.31,2.3,2.33,2.34,0.020000000000000018,0.8620689655172376,14010900.0
000839,20231207,2.29,2.29,2.3,2.32,0.009999999999999787,0.43290043290042934,11570000.0
000839,20231206,2.29,2.28,2.3,2.31,-0.009999999999999787,-0.4310344827586077,9757100.0
000839,20231205,2.29,2.27,2.29,2.32,0.009999999999999787,0.43290043290042934,12287008.0
000839,20231204,2.31,2.29,2.29,2.31,-0.009999999999999787,-0.4310344827586077,8765102.0
000839,20231201,2.3,2.27,2.31,2.32,-0.03000000000000025,-1.276595744680864,15523403.0
000839,20231130,2.35,2.3,2.32,2.35,-0.020000000000000018,-0.8438818565400852,12506703.0
000839,20231129,2.34,2.33,2.35,2.37,-0.009999999999999787,-0.42016806722687816,8635099.0
000839,20231128,2.36,2.32,2.34,2.38,-0.06000000000000005,-2.4590163934426257,16884812.0
000839,20231127,2.44,2.38,2.38,2.44,-0.040000000000000036,-1.6129032258064502,24220628.0
000839,20231124,2.37,2.36,2.44,2.48,0.10000000000000009,4.201680672268915,37681822.0
000839,20231123,2.34,2.33,2.38,2.38,-0.020000000000000018,-0.8333333333333304,17954288.0
000839,20231122,2.32,2.31,2.35,2.4,0.06000000000000005,2.564102564102577,27622818.0
000839,20231121,2.31,2.3,2.32,2.34,-0.020000000000000018,-0.8474576271186418,13036826.0
000839,20231120,2.34,2.3,2.31,2.36,0.040000000000000036,1.724137931034475,14165013.0
000839,20231117,2.28,2.28,2.29,2.32,0.0,0.0,12384776.0
000839,20231116,2.31,2.29,2.29,2.32,0.0,0.0,9905800.0
000839,20231115,2.3,2.29,2.31,2.32,-0.020000000000000018,-0.8547008547008517,10359702.0
000839,20231114,2.3,2.3,2.3,2.34,0.0,0.0,11224300.0
000839,20231113,2.27,2.26,2.31,2.34,0.04999999999999982,2.183406113537112,18713228.0
000839,20231110,2.28,2.25,2.27,2.29,-0.009999999999999787,-0.43478260869563856,10158500.0
000839,20231109,2.28,2.27,2.29,2.3,0.0,0.0,10251254.0
000839,20231108,2.29,2.27,2.28,2.3,-0.010000000000000231,-0.43290043290044045,13972450.0
000839,20231107,2.3,2.27,2.3,2.31,-0.029999999999999805,-1.2820512820512775,18237850.0
000839,20231106,2.28,2.28,2.3,2.34,0.04999999999999982,2.183406113537112,22445250.0
000839,20231103,2.27,2.26,2.28,2.29,-0.009999999999999787,-0.43478260869563856,29413459.0
000839,20231102,2.23,2.23,2.3,2.3,0.09999999999999964,4.545454545454519,52617443.0
000839,20231101,2.19,2.18,2.19,2.2,-0.029999999999999805,-1.3452914798206206,7681200.0
000839,20231031,2.22,2.17,2.18,2.23,-0.010000000000000231,-0.44642857142858094,14673025.0
000839,20231030,2.21,2.2,2.23,2.24,0.0,0.0,12130889.0
000839,20231027,2.19,2.19,2.22,2.24,0.03000000000000025,1.3574660633484337,15719503.0
000839,20231026,2.19,2.18,2.19,2.21,-0.010000000000000231,-0.45045045045045695,9358752.0
000839,20231025,2.16,2.16,2.2,2.22,0.050000000000000266,2.3041474654378113,14480789.0
000839,20231024,2.14,2.14,2.16,2.17,-0.010000000000000231,-0.4587155963302836,7194650.0
000839,20231023,2.18,2.13,2.15,2.18,0.0,0.0,9750147.0
000839,20231020,2.16,2.15,2.18,2.18,0.0,0.0,8452428.0
000839,20231019,2.18,2.15,2.16,2.18,-0.009999999999999787,-0.45662100456620447,9785503.0
000839,20231018,2.17,2.16,2.19,2.19,-0.03000000000000025,-1.3513513513513598,9351797.0
000839,20231017,2.16,2.16,2.18,2.22,0.040000000000000036,1.8348623853211121,11540700.0
000839,20231016,2.18,2.16,2.16,2.18,-0.04999999999999982,-2.2421524663677084,10761552.0
000839,20231013,2.16,2.15,2.18,2.23,0.06000000000000005,2.764976958525356,15746580.0
000839,20231012,2.16,2.14,2.17,2.17,0.0,0.0,8304050.0
000839,20231011,2.15,2.15,2.16,2.17,-0.010000000000000231,-0.4587155963302836,6303650.0
000839,20231010,2.17,2.14,2.16,2.18,0.0,0.0,9699505.0
000839,20231009,2.18,2.16,2.17,2.18,-0.020000000000000018,-0.909090909090915,7243283.0
000839,20230928,2.16,2.16,2.19,2.2,0.010000000000000231,0.4566210045662267,7771800.0
000839,20230927,2.17,2.16,2.16,2.19,0.0,0.0,8397200.0
000839,20230926,2.16,2.16,2.17,2.19,-0.020000000000000018,-0.9049773755656076,6211150.0
000839,20230925,2.21,2.16,2.16,2.21,-0.04999999999999982,-2.212389380530966,13498000.0
000839,20230922,2.17,2.17,2.22,2.26,0.009999999999999787,0.4444444444444251,14085900.0
000839,20230921,2.25,2.17,2.18,2.25,-0.009999999999999787,-0.4424778761061843,21029112.0
000839,20230920,2.15,2.14,2.26,2.26,0.06999999999999984,3.1963470319634535,25158712.0
000839,20230919,2.19,2.14,2.15,2.19,-0.03000000000000025,-1.3513513513513598,12088803.0
000839,20230918,2.19,2.16,2.19,2.22,0.0,0.0,9127900.0
000839,20230915,2.21,2.18,2.19,2.22,0.010000000000000231,0.452488687782826,7848026.0
000839,20230914,2.2,2.18,2.19,2.21,-0.040000000000000036,-1.7777777777777781,7051242.0
000839,20230913,2.24,2.17,2.21,2.25,-0.009999999999999787,-0.4424778761061843,12865400.0
000839,20230912,2.24,2.24,2.24,2.26,-0.010000000000000231,-0.440528634361248,4388050.0
000839,20230911,2.26,2.24,2.24,2.27,0.0,0.0,9659315.0
000839,20230908,2.26,2.25,2.26,2.27,-0.020000000000000018,-0.8733624454148492,6443500.0
000839,20230907,2.29,2.26,2.27,2.29,-0.009999999999999787,-0.43478260869563856,7291400.0
000839,20230906,2.28,2.27,2.29,2.3,-0.010000000000000231,-0.43290043290044045,6566653.0
000839,20230905,2.31,2.27,2.29,2.31,-0.009999999999999787,-0.4310344827586077,10334000.0
000839,20230904,2.3,2.28,2.31,2.32,0.020000000000000018,0.8695652173912993,9996500.0
000839,20230901,2.3,2.27,2.3,2.3,-0.040000000000000036,-1.7094017094017144,7145053.0
000839,20230831,2.34,2.28,2.28,2.34,0.0,0.0,11130603.0
000839,20230830,2.33,2.31,2.34,2.34,0.020000000000000018,0.8620689655172376,8521106.0
000839,20230829,2.27,2.26,2.32,2.32,-0.050000000000000266,-2.1097046413502185,7485600.0
000839,20230828,2.36,2.26,2.27,2.37,0.07000000000000028,3.04347826086957,12154500.0
000839,20230825,2.28,2.26,2.27,2.3,-0.010000000000000231,-0.43290043290044045,8024775.0
000839,20230824,2.26,2.26,2.28,2.31,-0.029999999999999805,-1.2820512820512775,8443500.0
000839,20230823,2.33,2.29,2.29,2.34,-0.010000000000000231,-0.42553191489362874,9511200.0
000839,20230822,2.31,2.28,2.35,2.35,0.010000000000000231,0.42735042735044804,12895767.0
000839,20230821,2.31,2.3,2.3,2.34,-0.020000000000000018,-0.8474576271186418,7481100.0
000839,20230818,2.33,2.32,2.33,2.36,0.020000000000000018,0.8547008547008517,9826675.0
000839,20230817,2.34,2.28,2.34,2.34,-0.03000000000000025,-1.2658227848101333,16364692.0
000839,20230816,2.35,2.34,2.35,2.37,-0.029999999999999805,-1.2499999999999956,9973905.0
000839,20230815,2.4,2.35,2.36,2.4,-0.020000000000000018,-0.8264462809917328,12899893.0
000839,20230814,2.4,2.34,2.39,2.42,-0.07000000000000028,-2.8112449799196915,19898462.0
000839,20230811,2.45,2.42,2.44,2.49,0.03000000000000025,1.2195121951219523,22366037.0
000839,20230810,2.39,2.38,2.46,2.46,0.04999999999999982,2.0746887966804906,28431398.0
000839,20230809,2.37,2.36,2.39,2.41,0.03000000000000025,1.26050420168069,14509580.0
000839,20230808,2.35,2.34,2.37,2.38,0.020000000000000018,0.8474576271186418,11364406.0
000839,20230807,2.36,2.33,2.34,2.36,-0.040000000000000036,-1.6666666666666718,11732852.0
000839,20230804,2.35,2.34,2.36,2.4,0.029999999999999805,1.2658227848101111,18314252.0
000839,20230803,2.36,2.32,2.34,2.37,-0.040000000000000036,-1.6597510373444035,14293650.0
000839,20230802,2.38,2.37,2.37,2.41,-0.029999999999999805,-1.2295081967213073,14785363.0
000839,20230801,2.36,2.34,2.39,2.44,0.08000000000000007,3.3898305084745894,23112860.0
000839,20230731,2.34,2.32,2.36,2.36,0.0,0.0,17681577.0
000839,20230728,2.33,2.32,2.35,2.36,-0.020000000000000018,-0.8403361344537785,10961508.0
000839,20230727,2.33,2.33,2.33,2.38,0.009999999999999787,0.42194092827003704,16129550.0
000839,20230726,2.3,2.29,2.34,2.37,0.050000000000000266,2.155172413793105,23181739.0
000839,20230725,2.29,2.27,2.3,2.32,0.009999999999999787,0.43290043290042934,12389600.0
000839,20230724,2.3,2.25,2.26,2.31,-0.020000000000000018,-0.8583690987124526,13124589.0
000839,20230721,2.28,2.27,2.3,2.33,0.010000000000000231,0.4310344827586299,11195300.0
000839,20230720,2.3,2.27,2.28,2.32,-0.03000000000000025,-1.276595744680864,12303900.0
000839,20230719,2.35,2.29,2.31,2.35,-0.06000000000000005,-2.4896265560165998,17525950.0
000839,20230718,2.36,2.35,2.35,2.41,0.020000000000000018,0.8368200836819994,16975827.0
000839,20230717,2.32,2.3,2.37,2.39,0.020000000000000018,0.8438818565400741,20418635.0
000839,20230714,2.3,2.3,2.34,2.37,0.08000000000000007,3.493449781659397,28962625.0
000839,20230713,2.26,2.25,2.26,2.29,-0.020000000000000018,-0.8658008658008698,13743985.0
000839,20230712,2.29,2.23,2.25,2.31,-0.020000000000000018,-0.8583690987124526,22205640.0
000839,20230711,2.29,2.26,2.3,2.33,-0.04999999999999982,-2.1008403361344463,17452200.0
000839,20230710,2.35,2.27,2.28,2.38,0.009999999999999787,0.42194092827003704,25122575.0
000839,20230707,2.37,2.31,2.34,2.37,-0.04999999999999982,-2.066115702479332,26381177.0
000839,20230706,2.29,2.29,2.36,2.42,0.10999999999999988,4.761904761904767,53904653.0
000839,20230705,2.19,2.18,2.31,2.31,0.050000000000000266,2.212389380530988,46815568.0
000839,20230704,2.24,2.19,2.2,2.26,0.06999999999999984,3.1963470319634535,38071380.0
000839,20230703,2.15,2.13,2.19,2.19,0.08000000000000007,3.791469194312791,25345562.0
000839,20230630,2.03,2.02,2.09,2.11,0.06000000000000005,2.9268292682926855,14942469.0
000839,20230629,2.04,2.03,2.03,2.05,0.0,0.0,6693789.0
000839,20230628,2.03,2.01,2.04,2.05,0.009999999999999787,0.4901960784313708,11368150.0
000839,20230627,2.0,2.0,2.03,2.04,0.020000000000000018,0.990099009900991,9145575.0
000839,20230626,1.98,1.97,1.99,2.02,-0.029999999999999805,-1.4634146341463317,10460650.0
000839,20230621,2.02,2.0,2.0,2.05,-0.03000000000000025,-1.4423076923077094,11875605.0
000839,20230620,2.08,2.02,2.03,2.08,-0.040000000000000036,-1.8867924528301883,19975127.0
000839,20230619,2.1,2.08,2.08,2.12,-0.009999999999999787,-0.46948356807510194,10472150.0
000839,20230616,2.1,2.09,2.1,2.13,0.020000000000000018,0.9478672985782088,10782155.0
000839,20230615,2.1,2.07,2.09,2.11,-0.03000000000000025,-1.4018691588785215,11715790.0
000839,20230614,2.1,2.09,2.1,2.14,0.020000000000000018,0.9433962264151052,14865113.0
000839,20230613,2.05,2.05,2.1,2.12,0.03000000000000025,1.435406698564612,16107500.0
000839,20230612,2.06,2.05,2.06,2.09,0.0,0.0,9985204.0
000839,20230609,2.06,2.05,2.06,2.09,-0.010000000000000231,-0.4761904761904856,12152502.0
000839,20230608,2.04,2.0,2.07,2.1,0.08000000000000007,3.960396039603964,24225754.0
000839,20230607,2.01,1.98,2.01,2.02,-0.029999999999999805,-1.4634146341463317,10433200.0
000839,20230606,2.01,1.99,2.01,2.05,-0.06000000000000005,-2.8436018957346043,13015064.0
000839,20230605,2.04,2.01,2.02,2.11,0.06999999999999984,3.4313725490195957,23032300.0
000839,20230602,2.01,1.99,2.03,2.04,0.010000000000000231,0.49261083743843415,16398750.0
000839,20230601,1.92,1.92,2.03,2.03,0.05999999999999983,3.045685279187804,29951046.0
000839,20230531,1.89,1.88,1.93,1.97,-0.020000000000000018,-1.005025125628145,18064511.0
000839,20230530,1.99,1.91,1.91,1.99,-0.09000000000000008,-4.326923076923084,36755102.0
000839,20230529,2.08,1.98,2.01,2.08,-0.020000000000000018,-0.952380952380949,23696900.0
000839,20230526,2.06,2.0,2.08,2.1,-0.029999999999999805,-1.4084507042253391,21459468.0
000839,20230525,2.12,2.05,2.06,2.13,-0.020000000000000018,-0.9302325581395321,21981151.0
000839,20230524,2.14,2.12,2.13,2.15,-0.020000000000000018,-0.9216589861751112,10837400.0
000839,20230523,2.15,2.14,2.15,2.17,-0.010000000000000231,-0.4587155963302836,10498238.0
000839,20230522,2.17,2.14,2.16,2.18,-0.029999999999999805,-1.3574660633484115,11914872.0
000839,20230519,2.2,2.13,2.17,2.21,-0.020000000000000018,-0.8968609865470878,15967128.0
000839,20230518,2.18,2.17,2.22,2.23,0.040000000000000036,1.82648401826484,11990468.0
000839,20230517,2.17,2.16,2.18,2.19,-0.010000000000000231,-0.454545454545463,6886838.0
000839,20230516,2.2,2.17,2.17,2.2,-0.020000000000000018,-0.9009009009009028,10421253.0
000839,20230515,2.18,2.18,2.2,2.22,0.0,0.0,11109850.0
000839,20230512,2.22,2.19,2.19,2.22,-0.029999999999999805,-1.3333333333333197,9914512.0
000839,20230511,2.21,2.18,2.23,2.25,0.009999999999999787,0.44642857142855874,15661600.0
000839,20230510,2.24,2.2,2.21,2.24,-0.029999999999999805,-1.3215859030836885,13106575.0
000839,20230509,2.26,2.22,2.23,2.27,-0.040000000000000036,-1.7316017316017285,16823472.0
000839,20230508,2.26,2.25,2.28,2.31,0.020000000000000018,0.8733624454148492,15747850.0
000839,20230505,2.28,2.25,2.26,2.29,-0.040000000000000036,-1.716738197424894,12126250.0
000839,20230504,2.28,2.28,2.29,2.33,0.03000000000000025,1.3043478260869712,15156550.0
000839,20230428,2.2,2.2,2.28,2.3,0.029999999999999805,1.3215859030836885,19484200.0
000839,20230427,2.26,2.17,2.2,2.27,0.0,0.0,18183268.0
000839,20230426,2.2,2.16,2.25,2.27,0.0,0.0,17444225.0
000839,20230425,2.25,2.16,2.2,2.27,-0.04999999999999982,-2.155172413793094,22153493.0
000839,20230424,2.31,2.24,2.26,2.32,-0.03000000000000025,-1.276595744680864,13133852.0
000839,20230421,2.33,2.29,2.3,2.35,-0.009999999999999787,-0.4237288135593098,17208719.0
000839,20230420,2.32,2.31,2.34,2.36,0.0,0.0,12315069.0
000839,20230419,2.36,2.32,2.32,2.36,-0.03000000000000025,-1.2552301255230214,12218850.0
000839,20230418,2.35,2.34,2.36,2.39,0.010000000000000231,0.42016806722691147,12021404.0
000839,20230417,2.36,2.34,2.35,2.38,-0.020000000000000018,-0.8333333333333304,16711850.0
000839,20230414,2.38,2.37,2.39,2.4,0.0,0.0,7607850.0
000839,20230413,2.4,2.37,2.38,2.4,-0.020000000000000018,-0.8264462809917328,9588068.0
000839,20230412,2.4,2.39,2.41,2.42,-0.020000000000000018,-0.8196721311475419,7692250.0
000839,20230411,2.37,2.37,2.4,2.44,0.0,0.0,11059704.0
000839,20230410,2.43,2.37,2.38,2.44,-0.03000000000000025,-1.2145748987854366,16937700.0
000839,20230407,2.47,2.43,2.44,2.47,-0.029999999999999805,-1.19999999999999,11908900.0
000839,20230406,2.45,2.44,2.45,2.5,-0.009999999999999787,-0.3984063745019806,18867775.0
000839,20230404,2.4,2.4,2.42,2.51,0.08999999999999986,3.7190082644628086,27081280.0
000839,20230403,2.4,2.38,2.4,2.42,-0.010000000000000231,-0.4115226337448652,19927517.0
000839,20230331,2.31,2.31,2.43,2.43,0.0900000000000003,3.8461538461538547,34005519.0
000839,20230330,2.33,2.3,2.31,2.34,-0.020000000000000018,-0.8474576271186418,11802622.0
000839,20230329,2.36,2.29,2.34,2.36,-0.050000000000000266,-2.0746887966805128,17129202.0
000839,20230328,2.41,2.34,2.35,2.41,-0.029999999999999805,-1.2295081967213073,18727552.0
000839,20230327,2.44,2.39,2.41,2.44,-0.020000000000000018,-0.8130081300813052,17590903.0
000839,20230324,2.44,2.42,2.45,2.46,0.0,0.0,12194115.0
000839,20230323,2.46,2.42,2.45,2.46,-0.020000000000000018,-0.8064516129032251,16050992.0
000839,20230322,2.47,2.44,2.46,2.48,0.0,0.0,12187350.0
000839,20230321,2.44,2.43,2.46,2.48,0.0,0.0,9702675.0
000839,20230320,2.48,2.44,2.45,2.48,-0.010000000000000231,-0.40160642570281624,13286850.0
000839,20230317,2.48,2.47,2.47,2.49,-0.009999999999999787,-0.39999999999998925,9770150.0
000839,20230316,2.48,2.46,2.46,2.5,-0.009999999999999787,-0.3984063745019806,10700300.0
000839,20230315,2.5,2.48,2.49,2.51,0.009999999999999787,0.40000000000000036,9996025.0
000839,20230314,2.48,2.47,2.48,2.5,-0.009999999999999787,-0.3984063745019806,13823702.0
000839,20230313,2.5,2.47,2.49,2.51,-0.040000000000000036,-1.5686274509803977,14086338.0
000839,20230310,2.5,2.48,2.52,2.55,0.0,0.0,17310050.0
000839,20230309,2.53,2.49,2.51,2.55,0.029999999999999805,1.1904761904761862,14718200.0
000839,20230308,2.47,2.45,2.51,2.52,0.029999999999999805,1.2048192771084265,18872500.0
000839,20230307,2.48,2.46,2.46,2.49,-0.009999999999999787,-0.39999999999998925,10607951.0
000839,20230306,2.5,2.47,2.48,2.5,-0.020000000000000018,-0.7936507936507908,10960500.0
000839,20230303,2.46,2.45,2.5,2.52,0.040000000000000036,1.6129032258064502,19837826.0
000839,20230302,2.47,2.45,2.46,2.48,-0.010000000000000231,-0.40160642570281624,14848300.0
000839,20230301,2.47,2.46,2.48,2.49,0.010000000000000231,0.40322580645162365,16215011.0
000839,20230228,2.45,2.45,2.48,2.48,-0.029999999999999805,-1.195219123505964,15616256.0
000839,20230227,2.51,2.44,2.45,2.51,-0.040000000000000036,-1.5686274509803977,28212203.0
000839,20230224,2.54,2.51,2.51,2.55,-0.050000000000000266,-1.9230769230769384,22620879.0
000839,20230223,2.55,2.54,2.55,2.6,-0.10000000000000009,-3.703703703703709,36627224.0
000839,20230222,2.69,2.58,2.59,2.7,0.13000000000000034,5.058365758754868,105432200.0
000839,20230221,2.56,2.53,2.57,2.57,0.040000000000000036,1.5810276679841806,15786167.0
000839,20230220,2.52,2.41,2.45,2.53,-0.020000000000000018,-0.7843137254901933,41043094.0
000839,20230217,2.53,2.52,2.54,2.55,-0.03000000000000025,-1.1627906976744318,13048667.0
000839,20230216,2.57,2.53,2.53,2.58,0.0,0.0,20260650.0
000839,20230215,2.57,2.56,2.57,2.58,-0.029999999999999805,-1.1494252873563093,10563178.0
000839,20230214,2.6,2.57,2.58,2.61,-0.03000000000000025,-1.1363636363636465,13384569.0
000839,20230213,2.61,2.58,2.6,2.64,0.03000000000000025,1.1494252873563315,20548775.0
000839,20230210,2.57,2.57,2.59,2.61,0.020000000000000018,0.7722007722007707,13866702.0
000839,20230209,2.56,2.55,2.58,2.59,0.0,0.0,10468563.0
000839,20230208,2.59,2.56,2.57,2.59,-0.020000000000000018,-0.7662835249042099,12327531.0
000839,20230207,2.58,2.56,2.59,2.61,0.009999999999999787,0.38461538461538325,13551100.0
000839,20230206,2.59,2.56,2.57,2.6,-0.009999999999999787,-0.3831417624520994,15164650.0
000839,20230203,2.57,2.57,2.6,2.61,-0.03000000000000025,-1.1363636363636465,16593150.0
000839,20230202,2.56,2.53,2.59,2.64,0.03000000000000025,1.1494252873563315,29887844.0
000839,20230201,2.59,2.51,2.57,2.61,-0.050000000000000266,-1.8796992481203145,42776584.0
000839,20230131,2.63,2.58,2.6,2.66,-0.020000000000000018,-0.7462686567164201,25318600.0
000839,20230130,2.66,2.62,2.63,2.68,-0.06000000000000005,-2.1897810218978075,32840178.0
000839,20230120,2.62,2.6,2.62,2.74,0.0900000000000003,3.396226415094361,44730331.0
000839,20230119,2.52,2.52,2.62,2.65,0.10999999999999988,4.330708661417315,35210293.0
000839,20230118,2.51,2.51,2.52,2.54,-0.009999999999999787,-0.39215686274508554,6863800.0
000839,20230117,2.53,2.51,2.51,2.55,0.0,0.0,10372550.0
000839,20230116,2.51,2.49,2.52,2.55,0.020000000000000018,0.7905138339920903,12822396.0
000839,20230113,2.48,2.47,2.51,2.53,0.03999999999999959,1.6064257028112205,10747050.0
000839,20230112,2.44,2.42,2.47,2.49,-0.03999999999999959,-1.5810276679841695,12057900.0
000839,20230111,2.53,2.44,2.45,2.53,-0.07000000000000028,-2.692307692307705,35567006.0
000839,20230110,2.58,2.54,2.56,2.6,-0.08000000000000007,-2.985074626865669,14042966.0
000839,20230109,2.64,2.58,2.63,2.68,0.010000000000000231,0.3745318352059934,23463075.0
000839,20230106,2.54,2.51,2.66,2.67,0.10999999999999988,4.296875,28121350.0
000839,20230105,2.55,2.52,2.54,2.56,-0.020000000000000018,-0.7751937984496138,10191513.0
000839,20230104,2.56,2.52,2.54,2.58,0.010000000000000231,0.3891050583657574,11743100.0
000839,20230103,2.54,2.5,2.56,2.57,0.029999999999999805,1.1811023622047223,9991550.0
000839,20221230,2.51,2.49,2.53,2.54,-0.04999999999999982,-1.9305019305019266,9976150.0
000839,20221229,2.58,2.48,2.53,2.59,-0.13000000000000034,-4.779411764705898,26406066.0
000839,20221228,2.69,2.6,2.6,2.72,0.040000000000000036,1.4925373134328401,19177374.0
000839,20221227,2.6,2.58,2.68,2.68,0.08000000000000007,3.076923076923088,22828455.0
000839,20221226,2.47,2.47,2.59,2.6,-0.029999999999999805,-1.1406844106463754,18296327.0
000839,20221223,2.6,2.49,2.5,2.63,-0.03000000000000025,-1.1278195488721887,34826725.0
000839,20221222,2.63,2.61,2.62,2.66,-0.020000000000000018,-0.7462686567164201,14224125.0
000839,20221221,2.6,2.6,2.63,2.68,0.07000000000000028,2.6819923371647514,20882800.0
000839,20221220,2.57,2.57,2.6,2.61,-0.020000000000000018,-0.760456273764254,11533700.0
000839,20221219,2.62,2.57,2.58,2.63,-0.020000000000000018,-0.7547169811320753,15231700.0
000839,20221216,2.6,2.6,2.62,2.65,0.009999999999999787,0.37878787878786735,13588609.0
000839,20221215,2.57,2.57,2.62,2.64,0.03000000000000025,1.1494252873563315,13566700.0
000839,20221214,2.58,2.58,2.59,2.61,0.0,0.0,13725352.0
000839,20221213,2.6,2.58,2.59,2.61,-0.040000000000000036,-1.5094339622641506,15712600.0
000839,20221212,2.61,2.58,2.62,2.65,-0.040000000000000036,-1.486988847583648,17181300.0
000839,20221209,2.68,2.6,2.63,2.69,-0.1200000000000001,-4.270462633451966,35976171.0
000839,20221208,2.77,2.69,2.69,2.81,0.010000000000000231,0.3571428571428559,34220100.0
000839,20221207,2.66,2.66,2.78,2.8,0.040000000000000036,1.449275362318847,37577900.0
000839,20221206,2.7,2.65,2.68,2.76,-0.14000000000000012,-4.827586206896561,48625000.0
000839,20221205,2.88,2.74,2.74,2.9,0.1200000000000001,4.316546762589923,105515521.0
000839,20221202,2.7,2.69,2.76,2.78,0.04999999999999982,1.831501831501825,26018050.0
000839,20221201,2.67,2.66,2.71,2.73,0.020000000000000018,0.7380073800737907,26377925.0
000839,20221130,2.66,2.64,2.66,2.71,-0.010000000000000231,-0.3676470588235392,22931125.0
000839,20221129,2.61,2.59,2.68,2.72,0.07000000000000028,2.6415094339622858,32916885.0
000839,20221128,2.53,2.51,2.62,2.65,0.06999999999999984,2.7131782945736482,24077250.0
000839,20221125,2.55,2.52,2.56,2.58,-0.009999999999999787,-0.3861003861003742,15199050.0
000839,20221124,2.57,2.54,2.54,2.59,-0.010000000000000231,-0.38461538461539435,12758202.0
000839,20221123,2.56,2.52,2.55,2.6,-0.009999999999999787,-0.3831417624520994,13666953.0
000839,20221122,2.57,2.55,2.56,2.61,0.0,0.0,19056550.0
000839,20221121,2.51,2.45,2.58,2.61,0.009999999999999787,0.38461538461538325,28069018.0
000839,20221118,2.58,2.51,2.52,2.6,-0.040000000000000036,-1.5151515151515138,26417600.0
000839,20221117,2.56,2.56,2.59,2.64,0.0,0.0,19454150.0
000839,20221116,2.54,2.53,2.58,2.64,0.040000000000000036,1.538461538461533,21073257.0
000839,20221115,2.47,2.46,2.55,2.6,0.06000000000000005,2.3622047244094446,22286250.0
000839,20221114,2.52,2.45,2.48,2.54,-0.040000000000000036,-1.5503875968992276,24096591.0
000839,20221111,2.55,2.51,2.53,2.58,0.0,0.0,23309316.0
000839,20221110,2.53,2.5,2.51,2.58,0.0,0.0,28229775.0
000839,20221109,2.44,2.43,2.55,2.58,0.10000000000000009,4.0322580645161255,40869828.0
000839,20221108,2.43,2.41,2.46,2.48,0.009999999999999787,0.4048582995951344,15874650.0
000839,20221107,2.37,2.36,2.44,2.47,0.07000000000000028,2.9166666666666785,20849453.0
000839,20221104,2.3,2.3,2.38,2.4,0.04999999999999982,2.127659574468077,22081775.0
000839,20221103,2.35,2.3,2.3,2.35,-0.06000000000000005,-2.4896265560165998,18982700.0
000839,20221102,2.36,2.36,2.37,2.41,0.020000000000000018,0.8368200836819994,17420450.0
000839,20221101,2.33,2.3,2.38,2.39,0.040000000000000036,1.7021276595744705,20103630.0
000839,20221031,2.24,2.21,2.31,2.35,0.03000000000000025,1.2931034482758674,26825755.0
000839,20221028,2.19,2.11,2.24,2.32,0.08999999999999986,4.035874439461873,38731026.0
000839,20221027,2.23,2.2,2.21,2.23,-0.020000000000000018,-0.8888888888888946,12727400.0
000839,20221026,2.2,2.19,2.23,2.25,-0.009999999999999787,-0.4424778761061843,16904503.0
000839,20221025,2.24,2.17,2.19,2.26,-0.1200000000000001,-5.042016806722693,34187743.0
000839,20221024,2.36,2.26,2.28,2.38,0.009999999999999787,0.42194092827003704,23035700.0
000839,20221021,2.35,2.33,2.37,2.37,-0.040000000000000036,-1.6597510373444035,12590350.0
000839,20221020,2.37,2.33,2.35,2.41,-0.029999999999999805,-1.2295081967213073,15638225.0
000839,20221019,2.43,2.36,2.36,2.44,-0.040000000000000036,-1.6129032258064502,15786500.0
000839,20221018,2.38,2.37,2.43,2.48,0.10000000000000009,4.201680672268915,23614900.0
000839,20221017,2.37,2.33,2.38,2.38,-0.010000000000000231,-0.4184100418410108,18831217.0
000839,20221014,2.33,2.33,2.38,2.39,-0.009999999999999787,-0.4166666666666541,18755902.0
000839,20221013,2.39,2.29,2.32,2.4,-0.03000000000000025,-1.2345679012345734,25461934.0
000839,20221012,2.38,2.35,2.39,2.43,-0.17999999999999972,-6.896551724137923,36586975.0
000839,20221011,2.6,2.47,2.47,2.61,-0.0900000000000003,-3.3333333333333437,33195050.0
000839,20221010,2.61,2.58,2.6,2.7,0.050000000000000266,1.8867924528301883,19763750.0
000839,20220930,2.57,2.56,2.62,2.65,0.020000000000000018,0.7604562737642651,14218732.0
000839,20220929,2.63,2.55,2.59,2.63,-0.06000000000000005,-2.230483271375472,15335550.0
000839,20220928,2.63,2.6,2.6,2.69,0.009999999999999787,0.3731343283581934,15131850.0
000839,20220927,2.58,2.56,2.65,2.68,0.040000000000000036,1.5151515151515138,20553603.0
000839,20220926,2.6,2.55,2.57,2.64,-0.06000000000000005,-2.2222222222222254,19644825.0
000839,20220923,2.7,2.6,2.64,2.7,-0.040000000000000036,-1.4598540145985384,16385400.0
000839,20220922,2.66,2.65,2.68,2.74,0.040000000000000036,1.4814814814814836,13572600.0
000839,20220921,2.68,2.62,2.69,2.7,-0.040000000000000036,-1.4598540145985384,17069271.0
000839,20220920,2.74,2.69,2.7,2.74,-0.06999999999999984,-2.491103202846967,15095768.0
000839,20220919,2.8,2.69,2.71,2.81,-0.040000000000000036,-1.403508771929829,28852050.0
000839,20220916,2.73,2.7,2.81,2.85,0.020000000000000018,0.7067137809187329,32476750.0
000839,20220915,2.75,2.71,2.73,2.83,-0.020000000000000018,-0.7017543859649145,32354246.0
000839,20220914,2.8,2.74,2.77,2.85,0.10000000000000009,3.6363636363636376,46375750.0
000839,20220913,2.73,2.7,2.75,2.75,0.10999999999999988,4.166666666666652,17713206.0
000839,20220909,2.61,2.58,2.62,2.64,-0.029999999999999805,-1.1235955056179692,12383903.0
000839,20220908,2.63,2.61,2.61,2.67,-0.020000000000000018,-0.743494423791824,14569000.0
000839,20220907,2.56,2.53,2.65,2.69,0.06999999999999984,2.6717557251908275,26923837.0
000839,20220906,2.55,2.51,2.58,2.62,-0.10999999999999988,-4.029304029304026,18468625.0
000839,20220905,2.72,2.57,2.57,2.73,-0.040000000000000036,-1.4440433212996373,40230925.0
000839,20220902,2.74,2.7,2.71,2.77,-0.029999999999999805,-1.0714285714285676,18756837.0
000839,20220901,2.76,2.73,2.75,2.8,-0.020000000000000018,-0.7092198581560294,19867650.0
000839,20220831,2.74,2.68,2.76,2.82,0.040000000000000036,1.4388489208633004,30322437.0
000839,20220830,2.73,2.69,2.74,2.78,-0.010000000000000231,-0.35842293906810374,20582787.0
000839,20220829,2.72,2.7,2.72,2.79,-0.04999999999999982,-1.7605633802816878,25726600.0
000839,20220826,2.74,2.71,2.77,2.84,0.04999999999999982,1.7921146953404854,30136749.0
000839,20220825,2.78,2.65,2.75,2.79,-0.06999999999999984,-2.447552447552437,38215903.0
000839,20220824,2.84,2.72,2.72,2.86,-0.13000000000000034,-4.34782608695653,51007100.0
000839,20220823,2.92,2.83,2.86,2.99,0.040000000000000036,1.3559322033898313,48896026.0
000839,20220822,2.8,2.78,2.93,2.95,0.0900000000000003,3.146853146853168,51224841.0
000839,20220819,2.71,2.71,2.82,2.86,0.10000000000000009,3.6231884057970953,46043871.0
000839,20220818,2.73,2.67,2.73,2.76,0.019999999999999574,0.7299270072992581,50909822.0
000839,20220817,2.61,2.58,2.74,2.74,0.10000000000000009,3.7878787878787845,67507223.0
000839,20220816,2.57,2.55,2.61,2.64,0.020000000000000018,0.7633587786259444,32820519.0
000839,20220815,2.55,2.54,2.58,2.62,0.010000000000000231,0.3831417624521105,31000537.0
000839,20220812,2.6,2.54,2.55,2.61,-0.07000000000000028,-2.6119402985074758,33936085.0
000839,20220811,2.68,2.53,2.59,2.68,0.010000000000000231,0.3745318352059934,50503853.0
000839,20220810,2.58,2.55,2.62,2.67,-0.010000000000000231,-0.3731343283582156,42948400.0
000839,20220809,2.68,2.55,2.56,2.68,-0.06000000000000005,-2.1897810218978075,57370186.0
000839,20220808,2.7,2.62,2.68,2.74,0.10000000000000009,3.7878787878787845,57122423.0
000839,20220805,2.51,2.51,2.64,2.64,-0.040000000000000036,-1.4925373134328401,57374877.0
000839,20220804,2.61,2.5,2.51,2.68,-0.16999999999999993,-5.964912280701751,82426060.0
000839,20220803,2.74,2.63,2.63,2.85,-0.020000000000000018,-0.6968641114982632,81933932.0
000839,20220802,2.83,2.63,2.77,2.87,0.10000000000000009,3.6101083032491044,115966718.0
000839,20220801,2.6,2.57,2.77,2.77,0.10000000000000009,3.7453183520599342,43411582.0
000839,20220729,2.55,2.47,2.64,2.67,0.1299999999999999,5.118110236220463,96272407.0
000839,20220728,2.46,2.46,2.54,2.54,-0.06000000000000005,-2.3076923076923106,42840450.0
000839,20220727,2.6,2.4,2.42,2.6,0.1200000000000001,4.8387096774193505,134459938.0
000839,20220726,2.48,2.48,2.48,2.48,0.1200000000000001,5.084745762711873,6121703.0
000839,20220725,2.3,2.28,2.36,2.36,0.10999999999999988,4.888888888888876,20655831.0
000839,20220722,2.13,2.13,2.25,2.25,0.040000000000000036,1.8099547511312153,61244140.0
000839,20220721,2.2,2.13,2.14,2.21,0.040000000000000036,1.8433179723502224,44365607.0
000839,20220720,2.07,2.07,2.17,2.17,0.08999999999999986,4.3269230769230616,39488029.0
000839,20220719,2.05,2.05,2.07,2.08,0.010000000000000231,0.48309178743961567,14404132.0
000839,20220718,2.03,2.01,2.05,2.07,-0.03000000000000025,-1.4285714285714457,15190844.0
000839,20220715,2.09,2.0,2.04,2.1,-0.020000000000000018,-0.9433962264150941,38218925.0
000839,20220714,2.11,2.1,2.11,2.12,-0.009999999999999787,-0.46948356807510194,16160925.0
000839,20220713,2.11,2.09,2.12,2.13,-0.010000000000000231,-0.4672897196261738,16963902.0
000839,20220712,2.09,2.08,2.12,2.14,0.040000000000000036,1.904761904761898,25316359.0
000839,20220711,2.1,2.08,2.09,2.1,-0.009999999999999787,-0.4739336492890933,17683388.0
000839,20220708,2.1,2.09,2.1,2.11,0.0,0.0,17561191.0
000839,20220707,2.09,2.08,2.1,2.11,-0.020000000000000018,-0.9389671361502372,16375447.0
000839,20220706,2.07,2.06,2.1,2.13,0.029999999999999805,1.4285714285714235,31252550.0
000839,20220705,2.1,2.07,2.08,2.1,-0.009999999999999787,-0.4739336492890933,20951687.0
000839,20220704,2.1,2.08,2.1,2.11,-0.010000000000000231,-0.4716981132075526,19756212.0
000839,20220701,2.1,2.07,2.1,2.12,-0.009999999999999787,-0.46948356807510194,25003800.0
000839,20220630,2.09,2.08,2.09,2.13,-0.010000000000000231,-0.4672897196261738,21871905.0
000839,20220629,2.1,2.08,2.08,2.14,-0.020000000000000018,-0.92592592592593,35192200.0
000839,20220628,2.13,2.11,2.11,2.16,-0.020000000000000018,-0.9174311926605561,35455114.0
000839,20220627,2.13,2.11,2.14,2.18,0.010000000000000231,0.4608294930875667,32738050.0
000839,20220624,2.09,2.09,2.14,2.17,0.029999999999999805,1.4018691588784993,38097811.0
000839,20220623,2.11,2.06,2.1,2.14,0.010000000000000231,0.46948356807512415,48557463.0
000839,20220622,2.05,2.04,2.13,2.13,0.06999999999999984,3.398058252427183,59208657.0
000839,20220621,2.05,2.02,2.03,2.06,-0.009999999999999787,-0.48309178743960457,30513090.0
000839,20220620,2.06,2.04,2.05,2.07,-0.040000000000000036,-1.8957345971563955,37093533.0
000839,20220617,2.1,2.07,2.07,2.11,-0.020000000000000018,-0.9389671361502372,32094735.0
000839,20220616,2.1,2.09,2.11,2.13,0.009999999999999787,0.4716981132075304,28901737.0
000839,20220615,2.1,2.08,2.09,2.12,-0.020000000000000018,-0.9345794392523366,41067080.0
000839,20220614,2.06,2.04,2.12,2.14,-0.029999999999999805,-1.3824884792626668,59368529.0
000839,20220613,2.15,2.06,2.08,2.17,-0.08999999999999986,-3.9823008849557473,78417958.0
000839,20220610,2.16,2.15,2.17,2.26,-0.010000000000000231,-0.440528634361248,77764811.0
000839,20220609,2.14,2.12,2.2,2.27,0.10000000000000009,4.608294930875578,139223117.0
000839,20220608,2.17,2.1,2.17,2.17,0.10000000000000009,4.8309178743961345,162108025.0
000839,20220607,2.07,2.07,2.07,2.07,0.09999999999999987,5.076142131979688,3389025.0
000839,20220606,1.97,1.97,1.97,1.97,0.050000000000000044,2.604166666666674,7478100.0
000839,20220602,1.9,1.84,1.88,1.92,-0.020000000000000018,-1.0309278350515427,46051851.0
000839,20220601,1.9,1.89,1.91,1.94,0.0,0.0,40320919.0
000839,20220531,1.91,1.89,1.91,1.94,-0.020000000000000018,-1.0204081632653073,54427300.0
000839,20220530,1.89,1.8,1.95,1.96,-0.04999999999999982,-2.487562189054715,120475220.0
000839,20220527,1.99,1.89,1.89,2.01,-0.020000000000000018,-0.9852216748768461,121762645.0
000839,20220526,2.02,1.99,1.99,2.03,-0.020000000000000018,-0.9756097560975618,65250832.0
000839,20220525,2.0,1.98,2.03,2.05,-0.08000000000000007,-3.7558685446009377,70351204.0
000839,20220524,2.1,2.01,2.02,2.13,-0.03000000000000025,-1.388888888888895,112451837.0
000839,20220523,2.06,2.06,2.1,2.16,0.050000000000000266,2.369668246445511,103020210.0
000839,20220520,2.05,2.02,2.06,2.11,0.0,0.0,138532831.0
000839,20220519,2.07,2.02,2.02,2.11,-0.050000000000000266,-2.314814814814825,213263380.0
000839,20220518,1.96,1.96,2.13,2.16,0.10000000000000009,4.854368932038833,350884426.0
000839,20220517,2.06,2.06,2.06,2.06,-0.10999999999999988,-5.069124423963123,10263100.0
000839,20220516,2.17,2.17,2.17,2.17,-0.10999999999999988,-4.824561403508765,9597600.0
000839,20220513,2.28,2.28,2.28,2.28,-0.1200000000000001,-5.000000000000004,4176900.0
000839,20220512,2.4,2.4,2.4,2.4,-0.1299999999999999,-5.138339920948609,2472500.0
000839,20220511,2.53,2.53,2.53,2.53,-0.13000000000000034,-4.887218045112796,2816300.0
000839,20220510,2.66,2.66,2.66,2.66,-0.13999999999999968,-4.999999999999993,1566500.0
000839,20220509,2.8,2.8,2.8,2.8,-0.15000000000000036,-5.084745762711873,966200.0
000839,20220506,2.95,2.95,2.95,2.95,-0.6699999999999999,-18.508287292817684,654200.0
000839,20220429,3.45,3.1,3.1,3.62,0.3200000000000003,9.696969696969715,520942497.0
000839,20220428,3.23,3.1,3.3,3.3,0.2999999999999998,9.999999999999986,159682427.0
000839,20220427,2.6,2.57,3.0,3.0,0.27,9.8901098901099,305215275.0
000839,20220426,2.32,2.32,2.73,2.73,-0.1499999999999999,-5.208333333333326,292177605.0
000839,20220425,2.64,2.47,2.48,2.88,0.23999999999999977,9.090909090909083,283712548.0
000839,20220422,2.52,2.41,2.64,2.64,0.2400000000000002,10.000000000000009,189477523.0
000839,20220421,2.3,2.29,2.4,2.4,0.16999999999999993,7.623318385650224,75818030.0
000839,20220420,2.19,2.17,2.18,2.23,0.029999999999999805,1.3636363636363447,19627781.0
000839,20220419,2.17,2.16,2.17,2.2,0.0,0.0,15749033.0
000839,20220418,2.18,2.15,2.19,2.2,-0.020000000000000018,-0.9009009009009028,16441033.0
000839,20220415,2.22,2.18,2.2,2.22,-0.020000000000000018,-0.8928571428571397,17601110.0
000839,20220414,2.21,2.21,2.22,2.24,-0.019999999999999574,-0.8849557522123686,13077715.0
000839,20220413,2.26,2.2,2.21,2.26,0.0,0.0,15108900.0
000839,20220412,2.21,2.18,2.25,2.26,-0.010000000000000231,-0.440528634361248,22144825.0
000839,20220411,2.27,2.19,2.21,2.27,-0.020000000000000018,-0.8733624454148492,24894567.0
000839,20220408,2.29,2.24,2.27,2.29,-0.04999999999999982,-2.136752136752129,22699116.0
000839,20220407,2.34,2.29,2.29,2.34,-0.020000000000000018,-0.8474576271186418,23939812.0
000839,20220406,2.27,2.26,2.35,2.36,0.08000000000000007,3.5087719298245723,34917359.0
000839,20220401,2.27,2.24,2.28,2.28,-0.03000000000000025,-1.2987012987013102,19435412.0
000839,20220331,2.3,2.26,2.27,2.31,0.020000000000000018,0.8733624454148492,23270230.0
000839,20220330,2.27,2.24,2.29,2.29,0.0,0.0,17190886.0
000839,20220329,2.27,2.24,2.25,2.29,-0.009999999999999787,-0.43478260869563856,16123755.0
000839,20220328,2.26,2.22,2.28,2.3,0.0,0.0,18914605.0
000839,20220325,2.27,2.25,2.26,2.3,-0.010000000000000231,-0.43290043290044045,22238925.0
000839,20220324,2.3,2.27,2.28,2.31,-0.040000000000000036,-1.7021276595744705,17391657.0
000839,20220323,2.34,2.3,2.31,2.35,-0.009999999999999787,-0.4237288135593098,19190105.0
000839,20220322,2.3,2.28,2.33,2.36,-0.020000000000000018,-0.8403361344537785,18064808.0
000839,20220321,2.34,2.29,2.32,2.38,0.040000000000000036,1.7094017094017033,19907051.0
000839,20220318,2.3,2.27,2.33,2.34,0.040000000000000036,1.7391304347826209,26802963.0
000839,20220317,2.27,2.25,2.27,2.3,0.04999999999999982,2.2222222222222143,25030200.0
000839,20220316,2.17,2.14,2.24,2.25,-0.040000000000000036,-1.7467248908296984,33291373.0
000839,20220315,2.28,2.14,2.15,2.29,-0.04999999999999982,-2.136752136752129,41054666.0
000839,20220314,2.33,2.28,2.28,2.34,-0.020000000000000018,-0.8474576271186418,22932300.0
000839,20220311,2.3,2.24,2.34,2.36,-0.010000000000000231,-0.42194092827004814,25202322.0
000839,20220310,2.35,2.31,2.33,2.37,-0.020000000000000018,-0.8368200836820106,22401551.0
000839,20220309,2.37,2.19,2.31,2.39,-0.04999999999999982,-2.049180327868849,44361146.0
000839,20220308,2.42,2.34,2.36,2.44,-0.050000000000000266,-2.00803212851407,30206700.0
000839,20220307,2.46,2.41,2.42,2.49,-0.05999999999999961,-2.3529411764705688,32394792.0
000839,20220304,2.55,2.45,2.46,2.55,-0.07000000000000028,-2.6717557251908497,46981347.0
000839,20220303,2.6,2.53,2.55,2.62,0.0,0.0,38210915.0
000839,20220302,2.58,2.55,2.59,2.62,-0.020000000000000018,-0.7575757575757569,36156048.0
000839,20220301,2.51,2.5,2.6,2.64,0.10000000000000009,3.937007874015741,44910967.0
000839,20220228,2.53,2.48,2.52,2.54,-0.040000000000000036,-1.5503875968992276,25292139.0
000839,20220225,2.55,2.52,2.52,2.58,-0.04999999999999982,-1.9011406844106404,23149149.0
000839,20220224,2.62,2.5,2.54,2.63,-0.040000000000000036,-1.4981273408239737,48401498.0
000839,20220223,2.55,2.54,2.64,2.67,0.040000000000000036,1.520912547528508,49567649.0
000839,20220222,2.63,2.53,2.55,2.63,-0.050000000000000266,-1.8656716417910557,28979678.0
000839,20220221,2.56,2.55,2.61,2.68,0.13000000000000034,5.098039215686279,38994027.0
000839,20220218,2.45,2.45,2.54,2.55,0.020000000000000018,0.7905138339920903,25018611.0
000839,20220217,2.53,2.45,2.46,2.53,-0.020000000000000018,-0.7843137254901933,27339411.0
000839,20220216,2.51,2.5,2.53,2.55,-0.03000000000000025,-1.1627906976744318,22695014.0
000839,20220215,2.57,2.49,2.51,2.58,-0.06999999999999984,-2.6415094339622636,28356045.0
000839,20220214,2.51,2.49,2.55,2.65,0.06999999999999984,2.7131782945736482,36583327.0
000839,20220211,2.55,2.5,2.51,2.58,-0.020000000000000018,-0.7692307692307665,26894203.0
000839,20220210,2.57,2.54,2.56,2.6,0.0,0.0,21129852.0
000839,20220209,2.56,2.55,2.59,2.6,0.020000000000000018,0.7751937984496138,25247306.0
000839,20220208,2.52,2.49,2.57,2.58,-0.009999999999999787,-0.3861003861003742,26972066.0
000839,20220207,2.43,2.42,2.51,2.59,0.10999999999999988,4.435483870967727,36857300.0
000839,20220128,2.34,2.34,2.45,2.48,0.040000000000000036,1.6393442622950838,35854466.0
000839,20220127,2.44,2.33,2.34,2.44,0.0,0.0,25568150.0
000839,20220126,2.4,2.38,2.42,2.44,-0.08000000000000007,-3.1746031746031744,20239802.0
000839,20220125,2.51,2.38,2.39,2.52,-0.040000000000000036,-1.5625,40785614.0
000839,20220124,2.54,2.5,2.52,2.56,-0.06000000000000005,-2.2900763358778664,19646000.0
000839,20220121,2.55,2.52,2.55,2.62,-0.04999999999999982,-1.872659176029956,31042984.0
000839,20220120,2.67,2.53,2.54,2.67,0.0,0.0,43769537.0
000839,20220119,2.67,2.6,2.64,2.67,-0.1299999999999999,-4.642857142857137,29386100.0
000839,20220118,2.68,2.63,2.65,2.8,0.09999999999999964,3.703703703703698,58745551.0
000839,20220117,2.61,2.59,2.67,2.7,-0.020000000000000018,-0.7352941176470562,40215239.0
000839,20220114,2.7,2.62,2.64,2.72,-0.03999999999999959,-1.4492753623188248,38284650.0
000839,20220113,2.74,2.7,2.71,2.76,-0.03000000000000025,-1.0752688172043112,34157115.0
000839,20220112,2.73,2.72,2.74,2.79,0.0,0.0,34792497.0
000839,20220111,2.77,2.72,2.73,2.79,-0.06999999999999984,-2.447552447552437,40149630.0
000839,20220110,2.84,2.74,2.77,2.86,-0.08000000000000007,-2.7210884353741527,63111216.0
000839,20220107,2.86,2.82,2.83,2.94,-0.040000000000000036,-1.342281879194629,90771956.0
000839,20220106,2.72,2.71,2.92,2.98,0.18000000000000016,6.428571428571428,159945714.0
000839,20220105,2.73,2.69,2.71,2.8,-0.03000000000000025,-1.0600706713780994,82912690.0
000839,20220104,2.72,2.6,2.78,2.83,0.1499999999999999,5.597014925373123,167361422.0
000839,20211231,2.46,2.46,2.68,2.68,0.20999999999999996,8.502024291497978,107573447.0
000839,20211230,2.38,2.38,2.44,2.47,0.050000000000000266,2.066115702479343,21992299.0
000839,20211229,2.42,2.38,2.4,2.42,-0.03000000000000025,-1.224489795918382,12682250.0
000839,20211228,2.43,2.39,2.41,2.45,0.010000000000000231,0.4098360655737876,21823885.0
000839,20211227,2.4,2.4,2.42,2.44,-0.08000000000000007,-3.1746031746031744,20688670.0
000839,20211224,2.51,2.43,2.43,2.52,-0.10999999999999988,-4.182509505703413,35861628.0
000839,20211223,2.55,2.51,2.54,2.63,0.020000000000000018,0.766283524904221,46663364.0
000839,20211222,2.58,2.53,2.54,2.61,0.020000000000000018,0.7722007722007707,31480358.0
000839,20211221,2.48,2.46,2.57,2.59,0.08999999999999986,3.600000000000003,62694625.0
000839,20211220,2.5,2.44,2.46,2.5,-0.06000000000000005,-2.34375,28573833.0
000839,20211217,2.52,2.49,2.5,2.56,-0.040000000000000036,-1.538461538461544,32122527.0
000839,20211216,2.48,2.45,2.53,2.6,0.10999999999999988,4.417670682730912,46117379.0
000839,20211215,2.49,2.44,2.46,2.49,-0.019999999999999574,-0.7968127490039723,25134482.0
000839,20211214,2.43,2.41,2.49,2.51,0.06999999999999984,2.86885245901638,41165345.0
000839,20211213,2.41,2.39,2.42,2.44,0.020000000000000018,0.8264462809917328,21577858.0
000839,20211210,2.38,2.37,2.4,2.42,0.0,0.0,17169397.0
000839,20211209,2.36,2.35,2.4,2.42,0.029999999999999805,1.2552301255229992,21192237.0
000839,20211208,2.37,2.35,2.37,2.39,-0.029999999999999805,-1.2396694214875992,16864332.0
000839,20211207,2.4,2.34,2.36,2.42,-0.03000000000000025,-1.224489795918382,19699192.0
000839,20211206,2.42,2.38,2.4,2.45,0.03000000000000025,1.2396694214876103,27799600.0
000839,20211203,2.36,2.36,2.41,2.42,-0.010000000000000231,-0.4115226337448652,19536939.0
000839,20211202,2.41,2.35,2.36,2.43,-0.009999999999999787,-0.4098360655737654,27492587.0
000839,20211201,2.41,2.39,2.42,2.44,-0.040000000000000036,-1.6129032258064502,21441110.0
000839,20211130,2.42,2.41,2.43,2.48,-0.020000000000000018,-0.8000000000000007,24932119.0
000839,20211129,2.47,2.42,2.43,2.5,-0.1299999999999999,-4.942965779467679,38458887.0
000839,20211126,2.51,2.45,2.52,2.63,0.08999999999999986,3.543307086614167,69345400.0
000839,20211125,2.38,2.38,2.5,2.54,0.1200000000000001,4.958677685950419,71892738.0
000839,20211124,2.34,2.33,2.39,2.42,0.04999999999999982,2.1097046413502074,31347293.0
000839,20211123,2.33,2.32,2.35,2.37,0.010000000000000231,0.4237288135593209,17805741.0
000839,20211122,2.35,2.31,2.34,2.36,-0.010000000000000231,-0.42194092827004814,20546046.0
000839,20211119,2.35,2.31,2.36,2.37,-0.040000000000000036,-1.6597510373444035,24609250.0
000839,20211118,2.4,2.34,2.34,2.41,-0.029999999999999805,-1.2295081967213073,34083564.0
000839,20211117,2.35,2.32,2.41,2.44,-0.040000000000000036,-1.6129032258064502,58369293.0
000839,20211116,2.26,2.24,2.37,2.48,0.2200000000000002,9.734513274336297,101774550.0
000839,20211115,2.24,2.21,2.26,2.26,-0.010000000000000231,-0.440528634361248,27221179.0
000839,20211112,2.25,2.22,2.24,2.27,0.010000000000000231,0.4424778761062065,18186053.0
000839,20211111,2.22,2.2,2.25,2.26,0.009999999999999787,0.4444444444444251,26817831.0
000839,20211110,2.25,2.2,2.22,2.25,0.0,0.0,21342036.0
000839,20211109,2.24,2.21,2.25,2.25,-0.020000000000000018,-0.8810572687224627,19389001.0
000839,20211108,2.18,2.16,2.23,2.27,0.04999999999999982,2.2522522522522515,34124039.0
000839,20211105,2.2,2.18,2.18,2.22,0.010000000000000231,0.452488687782826,20417923.0
000839,20211104,2.18,2.17,2.21,2.21,-0.010000000000000231,-0.45045045045045695,18263870.0
000839,20211103,2.17,2.16,2.19,2.22,-0.07999999999999963,-3.4782608695651973,20677335.0
000839,20211102,2.28,2.16,2.19,2.3,0.009999999999999787,0.4366812227074135,36342579.0
000839,20211101,2.26,2.23,2.28,2.29,0.03000000000000025,1.3274336283185972,22111203.0
000839,20211029,2.2,2.19,2.25,2.26,-0.050000000000000266,-2.16450216450218,23952054.0
000839,20211028,2.23,2.2,2.22,2.31,-0.020000000000000018,-0.8583690987124526,33058616.0
000839,20211027,2.3,2.23,2.25,2.33,-0.04999999999999982,-2.1008403361344463,29028137.0
000839,20211026,2.29,2.28,2.31,2.38,0.06000000000000005,2.586206896551735,35503914.0
000839,20211025,2.29,2.25,2.3,2.32,-0.03000000000000025,-1.276595744680864,30045919.0
000839,20211022,2.34,2.29,2.31,2.35,-0.04999999999999982,-2.083333333333326,29110450.0
000839,20211021,2.38,2.31,2.34,2.4,-0.010000000000000231,-0.4149377593361092,33613621.0
000839,20211020,2.4,2.35,2.39,2.41,-0.06999999999999984,-2.822580645161288,25632525.0
000839,20211019,2.47,2.4,2.41,2.48,-0.029999999999999805,-1.195219123505964,27812201.0
000839,20211018,2.39,2.39,2.48,2.51,0.019999999999999574,0.8032128514056103,30228553.0
000839,20211015,2.49,2.41,2.42,2.49,-0.03999999999999959,-1.5810276679841695,29415923.0
000839,20211014,2.48,2.42,2.5,2.53,0.0,0.0,24881395.0
000839,20211013,2.52,2.45,2.5,2.53,-0.07000000000000028,-2.692307692307705,18070501.0
000839,20211012,2.6,2.46,2.49,2.6,-0.06000000000000005,-2.2556390977443663,40423879.0
000839,20211011,2.64,2.58,2.6,2.66,0.0,0.0,22333810.0
000839,20211008,2.63,2.59,2.62,2.66,0.050000000000000266,1.9157088122605526,27969590.0
000839,20210930,2.59,2.53,2.61,2.61,-0.06000000000000005,-2.2471910112359605,27460765.0
000839,20210929,2.6,2.55,2.56,2.67,0.040000000000000036,1.520912547528508,34815367.0
000839,20210928,2.6,2.54,2.61,2.63,-0.10000000000000009,-3.663003663003661,39150087.0
000839,20210927,2.72,2.51,2.56,2.73,-0.14000000000000012,-4.878048780487809,73883397.0
000839,20210924,2.82,2.75,2.76,2.87,-0.009999999999999787,-0.3472222222222099,34863434.0
000839,20210923,2.83,2.8,2.83,2.88,0.029999999999999805,1.0526315789473717,32918375.0
000839,20210922,2.75,2.73,2.82,2.85,-0.08000000000000007,-2.7303754266211677,30366871.0
000839,20210917,2.9,2.7,2.8,2.93,-0.1299999999999999,-4.248366013071891,69892045.0
000839,20210916,3.01,2.9,2.93,3.06,-0.020000000000000018,-0.6493506493506551,58684538.0
000839,20210915,2.94,2.9,3.01,3.08,0.040000000000000036,1.3157894736842035,59691000.0
000839,20210914,3.02,2.93,2.93,3.04,-0.040000000000000036,-1.2987012987012991,55200849.0
000839,20210913,3.02,2.95,3.03,3.08,0.040000000000000036,1.3157894736842035,55171794.0
000839,20210910,3.0,2.92,2.99,3.04,-0.06000000000000005,-1.9354838709677469,67776477.0
000839,20210909,3.07,3.0,3.04,3.1,-0.029999999999999805,-0.9584664536741117,50706922.0
000839,20210908,3.13,3.05,3.07,3.13,-0.010000000000000231,-0.31847133757962887,60317841.0
000839,20210907,2.94,2.93,3.09,3.14,0.050000000000000266,1.6181229773462924,88979784.0
000839,20210906,3.01,2.92,2.96,3.09,-0.16000000000000014,-4.9230769230769305,65314077.0
000839,20210903,3.17,2.91,3.0,3.25,0.08999999999999986,2.848101265822778,134463648.0
000839,20210902,3.04,2.99,3.15,3.16,-0.11999999999999966,-3.658536585365846,105956541.0
000839,20210901,3.09,2.97,3.0,3.28,0.07999999999999963,2.499999999999991,170218755.0
000839,20210831,2.94,2.88,3.08,3.2,0.13000000000000034,4.234527687296419,157227439.0
000839,20210830,2.77,2.75,2.97,3.07,0.21999999999999975,7.719298245614037,144580658.0
000839,20210827,2.74,2.7,2.8,2.85,0.050000000000000266,1.7857142857143016,104516664.0
000839,20210826,2.54,2.53,2.69,2.8,0.23999999999999977,9.375,127812987.0
000839,20210825,2.54,2.47,2.55,2.56,-0.04999999999999982,-1.9157088122605304,59143122.0
000839,20210824,2.61,2.54,2.56,2.61,-0.050000000000000266,-1.8796992481203145,57021919.0
000839,20210823,2.56,2.52,2.62,2.66,0.07000000000000028,2.7027027027027195,76030854.0
000839,20210820,2.58,2.5,2.55,2.59,-0.06000000000000005,-2.264150943396226,69372042.0
000839,20210819,2.57,2.5,2.62,2.65,0.0,0.0,90104930.0
000839,20210818,2.58,2.53,2.59,2.65,-0.10000000000000009,-3.6363636363636376,106374514.0
000839,20210817,2.54,2.52,2.62,2.75,0.14000000000000012,5.363984674329503,191329495.0
000839,20210816,2.5,2.47,2.5,2.61,0.040000000000000036,1.5564202334630295,202355296.0
000839,20210813,2.35,2.32,2.57,2.57,0.17999999999999972,7.531380753138062,208816167.0
000839,20210812,2.28,2.28,2.34,2.39,0.07000000000000028,3.0172413793103647,67902212.0
000839,20210811,2.28,2.27,2.29,2.32,-0.050000000000000266,-2.1097046413502185,39696650.0
000839,20210810,2.35,2.27,2.3,2.37,-0.020000000000000018,-0.8368200836820106,61875566.0
000839,20210809,2.36,2.31,2.34,2.39,-0.10000000000000009,-4.016064257028118,70783501.0
000839,20210806,2.24,2.22,2.39,2.49,0.1200000000000001,5.063291139240511,131309515.0
000839,20210805,2.24,2.23,2.26,2.37,0.0900000000000003,3.947368421052655,63065112.0
000839,20210804,2.22,2.19,2.25,2.28,0.029999999999999805,1.3333333333333197,53397670.0
000839,20210803,2.18,2.17,2.22,2.25,0.009999999999999787,0.44642857142855874,40184715.0
000839,20210802,2.13,2.11,2.19,2.24,0.10000000000000009,4.672897196261694,46990796.0
000839,20210730,2.12,2.1,2.13,2.14,0.0,0.0,19354505.0
000839,20210729,2.12,2.1,2.12,2.14,-0.029999999999999805,-1.3824884792626668,22381227.0
000839,20210728,2.15,2.1,2.11,2.17,-0.07000000000000028,-3.125000000000011,30509725.0
000839,20210727,2.24,2.14,2.16,2.24,-0.04999999999999982,-2.183406113537112,36856453.0
000839,20210726,2.25,2.19,2.24,2.29,0.03000000000000025,1.3274336283185972,46008319.0
000839,20210723,2.22,2.2,2.25,2.26,0.0,0.0,48807003.0
000839,20210722,2.18,2.16,2.2,2.26,0.03999999999999959,1.8018018018017834,50212835.0
000839,20210721,2.11,2.1,2.19,2.22,0.11000000000000032,5.213270142180115,59895497.0
000839,20210720,2.1,2.09,2.1,2.11,-0.010000000000000231,-0.4716981132075526,18458248.0
000839,20210719,2.11,2.08,2.12,2.12,-0.04999999999999982,-2.304147465437778,25170246.0
000839,20210716,2.15,2.11,2.12,2.17,-0.020000000000000018,-0.91324200913242,39219532.0
000839,20210715,2.15,2.13,2.14,2.19,-0.06000000000000005,-2.6666666666666727,59089317.0
000839,20210714,2.24,2.18,2.18,2.25,-0.10000000000000009,-4.255319148936176,118712548.0
000839,20210713,2.16,2.11,2.29,2.35,0.16000000000000014,7.30593607305936,186595794.0
000839,20210712,2.15,2.12,2.14,2.19,0.040000000000000036,1.8604651162790642,37675379.0
000839,20210709,2.06,2.04,2.13,2.15,0.06999999999999984,3.3653846153846034,38202217.0
000839,20210708,2.08,2.05,2.06,2.08,-0.020000000000000018,-0.952380952380949,15222538.0
000839,20210707,2.09,2.07,2.08,2.1,-0.020000000000000018,-0.9433962264150941,15491328.0
000839,20210706,2.06,2.05,2.09,2.12,0.050000000000000266,2.4154589371980784,24905964.0
000839,20210705,2.05,2.03,2.07,2.07,0.0,0.0,14485869.0
000839,20210702,2.06,2.04,2.05,2.07,-0.010000000000000231,-0.48076923076924016,12973855.0
000839,20210701,2.08,2.06,2.06,2.08,-0.009999999999999787,-0.4784688995215225,13464200.0
000839,20210630,2.06,2.05,2.07,2.09,0.0,0.0,15828706.0
000839,20210629,2.08,2.06,2.06,2.09,-0.010000000000000231,-0.4761904761904856,15630317.0
000839,20210628,2.09,2.08,2.08,2.1,0.0,0.0,14386076.0
000839,20210625,2.1,2.07,2.09,2.1,0.0,0.0,17579013.0
000839,20210624,2.1,2.07,2.09,2.1,-0.020000000000000018,-0.9433962264150941,21667114.0
000839,20210623,2.12,2.09,2.1,2.12,-0.009999999999999787,-0.46948356807510194,21686721.0
000839,20210622,2.11,2.09,2.11,2.13,-0.010000000000000231,-0.4672897196261738,18013457.0
000839,20210621,2.12,2.09,2.1,2.14,0.010000000000000231,0.46948356807512415,18851802.0
000839,20210618,2.11,2.09,2.13,2.13,0.009999999999999787,0.4716981132075304,15956853.0
000839,20210617,2.12,2.08,2.09,2.12,-0.06000000000000005,-2.752293577981657,23168844.0
000839,20210616,2.17,2.12,2.12,2.18,-0.04999999999999982,-2.2421524663677084,23681081.0
000839,20210615,2.21,2.15,2.16,2.23,0.009999999999999787,0.45045045045044585,34398822.0
000839,20210611,2.21,2.18,2.21,2.22,0.0,0.0,25323888.0
000839,20210610,2.22,2.19,2.21,2.22,0.0,0.0,21555455.0
000839,20210609,2.18,2.17,2.21,2.22,-0.009999999999999787,-0.4484304932735328,25066853.0
000839,20210608,2.22,2.17,2.18,2.23,-0.020000000000000018,-0.8888888888888946,36011088.0
000839,20210607,2.22,2.2,2.23,2.25,0.0,0.0,25833920.0
000839,20210604,2.24,2.2,2.21,2.25,-0.10000000000000009,-4.255319148936176,33244000.0
000839,20210603,2.23,2.23,2.26,2.35,0.07000000000000028,3.070175438596512,51146495.0
000839,20210602,2.22,2.2,2.24,2.28,0.029999999999999805,1.3333333333333197,39368528.0
000839,20210601,2.22,2.2,2.24,2.25,0.0,0.0,35178290.0
000839,20210531,2.24,2.19,2.21,2.25,-0.029999999999999805,-1.3157894736842035,32829417.0
000839,20210528,2.26,2.22,2.24,2.28,0.0,0.0,35040212.0
000839,20210527,2.24,2.22,2.25,2.28,-0.020000000000000018,-0.8695652173913104,38617234.0
000839,20210526,2.2,2.18,2.24,2.3,0.05999999999999961,2.678571428571419,55388820.0
000839,20210525,2.22,2.18,2.2,2.24,-0.05999999999999961,-2.608695652173898,53451111.0
000839,20210524,2.25,2.23,2.23,2.3,-0.040000000000000036,-1.7094017094017144,59089616.0
000839,20210521,2.23,2.22,2.26,2.34,0.0,0.0,95046730.0
000839,20210520,2.33,2.24,2.25,2.34,-0.03000000000000025,-1.2658227848101333,162528336.0
000839,20210519,2.16,2.14,2.37,2.37,0.20999999999999996,9.72222222222221,162343466.0
000839,20210518,2.11,2.09,2.15,2.16,-0.009999999999999787,-0.4608294930875445,24141282.0
000839,20210517,2.17,2.11,2.11,2.17,0.0,0.0,26244573.0
000839,20210514,2.15,2.14,2.17,2.17,-0.03000000000000025,-1.363636363636378,22585582.0
000839,20210513,2.16,2.13,2.15,2.2,0.010000000000000231,0.4566210045662267,30082852.0
000839,20210512,2.14,2.13,2.16,2.19,0.009999999999999787,0.4587155963302614,32774708.0
000839,20210511,2.08,2.08,2.15,2.18,0.06000000000000005,2.8301886792452935,47676513.0
000839,20210510,2.05,2.04,2.1,2.12,0.03000000000000025,1.435406698564612,29610170.0
000839,20210507,2.09,2.04,2.05,2.09,-0.11000000000000032,-5.000000000000016,33477773.0
000839,20210506,2.0,1.98,2.1,2.2,0.1900000000000004,9.452736318407972,51063176.0
000839,20210430,2.0,1.99,2.0,2.01,-0.020000000000000018,-0.9852216748768461,11616694.0
000839,20210429,2.03,1.99,2.0,2.03,-0.020000000000000018,-0.9756097560975618,17400917.0
000839,20210428,2.01,1.99,2.03,2.05,0.009999999999999787,0.4901960784313708,13522637.0
000839,20210427,2.04,1.98,2.01,2.04,-0.020000000000000018,-0.9708737864077666,18890434.0
000839,20210426,2.05,2.04,2.04,2.06,-0.029999999999999805,-1.4354066985645786,14487067.0
000839,20210423,2.08,2.05,2.05,2.09,-0.040000000000000036,-1.8779342723004744,18833258.0
000839,20210422,2.1,2.08,2.09,2.13,0.0,0.0,19034755.0
000839,20210421,2.11,2.1,2.11,2.13,-0.050000000000000266,-2.2935779816513846,18354500.0
000839,20210420,2.16,2.13,2.13,2.18,-0.009999999999999787,-0.45662100456620447,18996410.0
000839,20210419,2.18,2.15,2.16,2.19,0.009999999999999787,0.4587155963302614,24474068.0
000839,20210416,2.12,2.11,2.16,2.18,0.050000000000000266,2.3474178403755985,31709560.0
000839,20210415,2.1,2.09,2.11,2.13,-0.010000000000000231,-0.4672897196261738,10670615.0
000839,20210414,2.11,2.09,2.13,2.14,0.0,0.0,12562574.0
000839,20210413,2.13,2.09,2.12,2.14,-0.009999999999999787,-0.46511627906975495,15662456.0
000839,20210412,2.14,2.12,2.13,2.15,-0.020000000000000018,-0.9216589861751112,16457037.0
000839,20210409,2.14,2.14,2.15,2.17,-0.03000000000000025,-1.363636363636378,15455901.0
000839,20210408,2.19,2.14,2.15,2.2,0.0,0.0,26159110.0
000839,20210407,2.15,2.1,2.16,2.2,0.0900000000000003,4.2654028436019065,38628747.0
000839,20210406,2.08,2.06,2.1,2.11,-0.010000000000000231,-0.4716981132075526,20243959.0
000839,20210402,2.05,2.04,2.09,2.12,0.040000000000000036,1.9230769230769162,25615690.0
000839,20210401,2.07,2.03,2.05,2.08,-0.009999999999999787,-0.4784688995215225,18853077.0
000839,20210331,2.07,2.05,2.07,2.09,-0.040000000000000036,-1.8779342723004744,14185027.0
000839,20210330,2.12,2.03,2.07,2.13,-0.03000000000000025,-1.388888888888895,23589236.0
000839,20210329,2.15,2.12,2.12,2.16,-0.020000000000000018,-0.9174311926605561,14289755.0
000839,20210326,2.14,2.13,2.15,2.18,0.010000000000000231,0.4608294930875667,16616634.0
000839,20210325,2.15,2.11,2.14,2.17,0.020000000000000018,0.9302325581395321,17149740.0
000839,20210324,2.13,2.11,2.13,2.15,-0.03000000000000025,-1.3761467889908396,12105225.0
000839,20210323,2.16,2.13,2.14,2.18,0.010000000000000231,0.4608294930875667,16678853.0
000839,20210322,2.14,2.13,2.17,2.17,0.009999999999999787,0.4629629629629539,15237150.0
000839,20210319,2.13,2.1,2.13,2.16,-0.020000000000000018,-0.9174311926605561,11891150.0
000839,20210318,2.18,2.13,2.14,2.18,-0.009999999999999787,-0.45662100456620447,16582838.0
000839,20210317,2.18,2.15,2.17,2.19,-0.010000000000000231,-0.454545454545463,13601605.0
000839,20210316,2.18,2.16,2.17,2.2,-0.020000000000000018,-0.9009009009009028,20628842.0
000839,20210315,2.1,2.08,2.17,2.22,0.10000000000000009,4.716981132075482,40749626.0
000839,20210312,2.11,2.08,2.1,2.12,0.020000000000000018,0.952380952380949,15718990.0
000839,20210311,2.04,2.03,2.09,2.1,0.0,0.0,19450770.0
000839,20210310,2.08,2.04,2.04,2.1,-0.04999999999999982,-2.3255813953488302,20881802.0
000839,20210309,2.13,2.03,2.08,2.15,-0.06000000000000005,-2.714932126696834,33670232.0
000839,20210308,2.2,2.14,2.14,2.21,-0.08000000000000007,-3.493449781659397,36694609.0
000839,20210305,2.23,2.2,2.22,2.29,0.040000000000000036,1.7777777777777892,36556150.0
000839,20210304,2.18,2.17,2.2,2.25,0.029999999999999805,1.3513513513513375,41194420.0
000839,20210303,2.17,2.14,2.19,2.22,0.03000000000000025,1.3698630136986356,28826438.0
000839,20210302,2.18,2.14,2.16,2.19,0.0,0.0,24308873.0
000839,20210301,2.15,2.14,2.18,2.19,-0.010000000000000231,-0.454545454545463,27125405.0
000839,20210226,2.17,2.14,2.17,2.2,-0.040000000000000036,-1.7857142857142905,20074638.0
000839,20210225,2.23,2.17,2.17,2.24,-0.029999999999999805,-1.3215859030836885,17981437.0
000839,20210224,2.23,2.2,2.23,2.27,-0.009999999999999787,-0.43859649122806044,20336885.0
000839,20210223,2.23,2.2,2.23,2.28,-0.03000000000000025,-1.2987012987013102,27220212.0
000839,20210222,2.2,2.2,2.24,2.31,0.10999999999999988,5.000000000000004,45268393.0
000839,20210219,2.1,2.09,2.19,2.2,0.0900000000000003,4.2654028436019065,31094635.0
000839,20210218,2.06,2.04,2.1,2.11,0.06000000000000005,2.9268292682926855,27904724.0
000839,20210210,2.01,2.0,2.03,2.05,0.009999999999999787,0.4901960784313708,15576050.0
000839,20210209,2.0,1.99,2.01,2.04,0.0,0.0,22613650.0
000839,20210208,1.95,1.94,2.0,2.04,0.020000000000000018,0.990099009900991,21916954.0
000839,20210205,1.94,1.93,1.95,2.02,0.0,0.0,17350300.0
000839,20210204,2.02,1.92,1.94,2.02,-0.04999999999999982,-2.415458937198056,29644315.0
000839,20210203,2.06,2.02,2.02,2.07,-0.020000000000000018,-0.9569377990430672,17419530.0
000839,20210202,2.05,2.03,2.06,2.09,-0.020000000000000018,-0.9478672985781977,16585375.0
000839,20210201,1.98,1.98,2.06,2.11,-0.10000000000000009,-4.52488687782806,36539759.0
000839,20210129,2.2,2.13,2.15,2.21,-0.03000000000000025,-1.3392857142857206,21857083.0
000839,20210128,2.19,2.19,2.19,2.24,-0.029999999999999805,-1.3215859030836885,20743735.0
000839,20210127,2.21,2.18,2.23,2.27,-0.08999999999999986,-3.813559322033888,30930843.0
000839,20210126,2.21,2.2,2.24,2.36,0.06999999999999984,3.056768558951961,40554325.0
000839,20210125,2.27,2.22,2.24,2.29,-0.10999999999999988,-4.583333333333329,35141300.0
000839,20210122,2.39,2.26,2.3,2.4,-0.010000000000000231,-0.4149377593361092,86232318.0
000839,20210121,2.18,2.17,2.41,2.41,0.16999999999999993,7.589285714285721,73878008.0
000839,20210120,2.22,2.17,2.19,2.24,-0.11999999999999966,-5.084745762711851,25366117.0
000839,20210119,2.17,2.14,2.25,2.36,0.1299999999999999,5.829596412556048,48509544.0
000839,20210118,2.17,2.16,2.18,2.23,-0.010000000000000231,-0.44642857142858094,20161542.0
000839,20210115,2.11,2.09,2.18,2.24,0.1200000000000001,5.660377358490565,33525987.0
000839,20210114,2.07,2.03,2.11,2.12,-0.04999999999999982,-2.304147465437778,25420356.0
000839,20210113,2.16,2.06,2.08,2.17,-0.020000000000000018,-0.91324200913242,35350046.0
000839,20210112,2.15,2.14,2.17,2.19,-0.050000000000000266,-2.2321428571428714,14103850.0
000839,20210111,2.23,2.15,2.17,2.24,0.0,0.0,22932415.0
000839,20210108,2.18,2.12,2.23,2.24,-0.06999999999999984,-3.0303030303030276,28626140.0
000839,20210107,2.3,2.15,2.17,2.31,-0.020000000000000018,-0.8583690987124526,49847615.0
000839,20210106,2.32,2.28,2.29,2.33,-0.029999999999999805,-1.2711864406779627,20380172.0
000839,20210105,2.35,2.3,2.32,2.36,-0.010000000000000231,-0.42194092827004814,24384395.0
000839,20210104,2.37,2.33,2.35,2.37,-0.009999999999999787,-0.42016806722687816,20312676.0
000839,20201231,2.35,2.34,2.36,2.38,0.0,0.0,16295785.0
000839,20201230,2.38,2.31,2.35,2.38,-0.03000000000000025,-1.2448132780083054,23584852.0
000839,20201229,2.33,2.32,2.38,2.41,0.050000000000000266,2.1186440677966267,22621098.0
000839,20201228,2.36,2.31,2.33,2.36,0.0,0.0,11990268.0
000839,20201225,2.32,2.29,2.36,2.36,-0.020000000000000018,-0.8403361344537785,15051068.0
000839,20201224,2.38,2.31,2.32,2.38,-0.03000000000000025,-1.2448132780083054,19098350.0
000839,20201223,2.37,2.36,2.37,2.41,-0.029999999999999805,-1.2295081967213073,15049655.0
000839,20201222,2.42,2.36,2.37,2.44,-0.03000000000000025,-1.2145748987854366,19123189.0
000839,20201221,2.45,2.42,2.44,2.47,-0.009999999999999787,-0.40322580645160144,13129900.0
000839,20201218,2.42,2.4,2.45,2.48,0.06000000000000005,2.4793388429751984,24493201.0
000839,20201217,2.39,2.32,2.41,2.42,0.0,0.0,25071530.0
000839,20201216,2.4,2.37,2.39,2.42,-0.10000000000000009,-3.9682539682539764,19051213.0
000839,20201215,2.51,2.35,2.41,2.52,-0.029999999999999805,-1.17647058823529,43298028.0
000839,20201214,2.53,2.51,2.53,2.55,-0.040000000000000036,-1.5444015444015413,13485987.0
000839,20201211,2.58,2.52,2.53,2.59,0.009999999999999787,0.3875968992248069,20766263.0
000839,20201210,2.57,2.55,2.57,2.58,-0.06999999999999984,-2.6415094339622636,15630961.0
000839,20201209,2.65,2.58,2.58,2.65,-0.020000000000000018,-0.7490636704119868,25126446.0
000839,20201208,2.64,2.63,2.64,2.67,-0.010000000000000231,-0.3731343283582156,16305382.0
000839,20201207,2.67,2.63,2.64,2.68,-0.009999999999999787,-0.3717472118959009,17267493.0
000839,20201204,2.68,2.65,2.67,2.69,-0.050000000000000266,-1.8248175182481896,20328027.0
000839,20201203,2.67,2.65,2.69,2.74,0.07000000000000028,2.621722846441954,47487187.0
000839,20201202,2.65,2.63,2.66,2.67,0.0,0.0,23221479.0
000839,20201201,2.63,2.62,2.65,2.67,0.0,0.0,23030467.0
000839,20201130,2.63,2.62,2.64,2.67,0.029999999999999805,1.1363636363636243,20132529.0
000839,20201127,2.62,2.6,2.63,2.64,0.0,0.0,18075253.0
000839,20201126,2.63,2.6,2.62,2.64,-0.08999999999999986,-3.296703296703296,17492752.0
000839,20201125,2.67,2.63,2.64,2.73,0.009999999999999787,0.3676470588235281,34615620.0
000839,20201124,2.64,2.63,2.68,2.72,0.06000000000000005,2.2556390977443552,47278235.0
000839,20201123,2.63,2.61,2.63,2.66,-0.020000000000000018,-0.7462686567164201,31809981.0
000839,20201120,2.59,2.58,2.64,2.68,0.07000000000000028,2.6819923371647514,31149037.0
000839,20201119,2.6,2.58,2.59,2.61,-0.03000000000000025,-1.1363636363636465,15800904.0
000839,20201118,2.63,2.61,2.61,2.64,-0.040000000000000036,-1.4925373134328401,19303102.0
000839,20201117,2.65,2.62,2.63,2.68,0.03000000000000025,1.132075471698113,23292221.0
000839,20201116,2.61,2.61,2.65,2.65,0.009999999999999787,0.37878787878786735,26206309.0
000839,20201113,2.59,2.56,2.63,2.64,0.040000000000000036,1.538461538461533,22748848.0
000839,20201112,2.58,2.57,2.59,2.6,-0.029999999999999805,-1.1406844106463754,11785908.0
000839,20201111,2.63,2.58,2.59,2.63,-0.020000000000000018,-0.7547169811320753,16776726.0
000839,20201110,2.65,2.61,2.62,2.65,-0.020000000000000018,-0.7490636704119868,18191684.0
000839,20201109,2.61,2.61,2.65,2.67,0.029999999999999805,1.1363636363636243,25979293.0
000839,20201106,2.62,2.59,2.61,2.64,-0.029999999999999805,-1.1235955056179692,16716879.0
000839,20201105,2.58,2.57,2.62,2.67,0.08999999999999986,3.48837209302324,28617632.0
000839,20201104,2.57,2.54,2.57,2.58,-0.009999999999999787,-0.3861003861003742,11614728.0
000839,20201103,2.53,2.53,2.58,2.59,0.020000000000000018,0.7782101167315147,16079646.0
000839,20201102,2.54,2.51,2.53,2.57,-0.08000000000000007,-3.018867924528301,20419712.0
000839,20201030,2.63,2.56,2.57,2.65,-0.020000000000000018,-0.7490636704119868,21580022.0
000839,20201029,2.62,2.59,2.63,2.67,-0.020000000000000018,-0.743494423791824,28827686.0
000839,20201028,2.65,2.61,2.67,2.69,0.029999999999999805,1.1278195488721776,17159303.0
000839,20201027,2.64,2.62,2.65,2.66,-0.04999999999999982,-1.845018450184499,15033920.0
000839,20201026,2.7,2.65,2.67,2.71,-0.06000000000000005,-2.166064981949456,20749101.0
000839,20201023,2.73,2.7,2.71,2.77,-0.04999999999999982,-1.773049645390068,25520183.0
000839,20201022,2.8,2.75,2.75,2.82,-0.040000000000000036,-1.3986013986013957,50395867.0
000839,20201021,2.73,2.66,2.85,2.86,0.020000000000000018,0.7042253521126751,77729339.0
000839,20201020,2.84,2.72,2.77,2.84,0.0,0.0,100452451.0
000839,20201019,2.74,2.7,2.84,2.84,0.25,9.652509652509655,84928530.0
000839,20201016,2.58,2.55,2.58,2.59,-0.03000000000000025,-1.1450381679389388,14869246.0
000839,20201015,2.61,2.57,2.57,2.62,-0.040000000000000036,-1.5037593984962405,14510025.0
000839,20201014,2.65,2.61,2.62,2.66,-0.040000000000000036,-1.4814814814814836,13196350.0
000839,20201013,2.69,2.65,2.66,2.7,0.010000000000000231,0.3717472118959231,11443038.0
000839,20201012,2.62,2.61,2.68,2.69,0.06000000000000005,2.281368821292773,19912217.0
000839,20201009,2.59,2.58,2.61,2.63,0.06000000000000005,2.3346303501945442,14666238.0
000839,20200930,2.57,2.53,2.55,2.57,0.0,0.0,11006462.0
000839,20200929,2.56,2.52,2.57,2.57,-0.050000000000000266,-1.9083969465648942,15951369.0
000839,20200928,2.59,2.55,2.55,2.62,-0.020000000000000018,-0.7575757575757569,11410597.0
000839,20200925,2.63,2.58,2.59,2.64,-0.04999999999999982,-1.8587360594795488,16358470.0
000839,20200924,2.69,2.62,2.62,2.69,-0.020000000000000018,-0.7380073800738018,21352041.0
000839,20200923,2.69,2.68,2.7,2.71,-0.010000000000000231,-0.3676470588235392,11096306.0
000839,20200922,2.71,2.68,2.69,2.72,-0.03999999999999959,-1.4492753623188248,15855700.0
000839,20200921,2.73,2.71,2.72,2.76,0.019999999999999574,0.7299270072992581,19956458.0
000839,20200918,2.69,2.68,2.73,2.74,0.010000000000000231,0.366300366300365,23281217.0
000839,20200917,2.71,2.66,2.69,2.73,-0.020000000000000018,-0.727272727272732,27189444.0
000839,20200916,2.73,2.71,2.73,2.75,-0.009999999999999787,-0.36231884057970065,14399750.0
000839,20200915,2.75,2.72,2.74,2.76,-0.020000000000000018,-0.7194244604316502,19295352.0
000839,20200914,2.72,2.72,2.76,2.78,0.0,0.0,23288220.0
000839,20200911,2.74,2.69,2.74,2.78,-0.17000000000000037,-5.762711864406789,43960221.0
000839,20200910,2.93,2.75,2.77,2.95,-0.05999999999999961,-1.9933554817275656,67963250.0
000839,20200909,2.87,2.86,2.93,3.01,0.08999999999999986,3.082191780821919,103940792.0
000839,20200908,2.77,2.75,2.9,2.92,0.10000000000000009,3.546099290780136,73147928.0
000839,20200907,2.76,2.75,2.77,2.82,0.04999999999999982,1.8050541516245522,29093945.0
000839,20200904,2.73,2.71,2.76,2.77,-0.04999999999999982,-1.773049645390068,22664862.0
000839,20200903,2.81,2.77,2.78,2.82,-0.040000000000000036,-1.3986013986013957,27768413.0
000839,20200902,2.86,2.79,2.81,2.86,0.020000000000000018,0.7042253521126751,26929150.0
000839,20200901,2.82,2.8,2.84,2.84,-0.03000000000000025,-1.0452961672474004,16357003.0
000839,20200831,2.82,2.81,2.82,2.87,0.03000000000000025,1.0563380281690238,26272266.0
000839,20200828,2.82,2.78,2.82,2.84,-0.06000000000000005,-2.0689655172413834,28705021.0
000839,20200827,2.87,2.82,2.85,2.9,0.0,0.0,31131853.0
000839,20200826,2.9,2.8,2.82,2.9,-0.06000000000000005,-2.0270270270270285,34097950.0
000839,20200825,2.94,2.87,2.88,2.96,-0.08000000000000007,-2.631578947368418,45916615.0
000839,20200824,3.04,2.94,2.95,3.04,-0.04999999999999982,-1.6181229773462702,51026506.0
000839,20200821,2.95,2.95,3.02,3.09,0.06999999999999984,2.3178807947019875,82858355.0
000839,20200820,2.92,2.86,2.98,3.02,-0.04999999999999982,-1.6286644951139961,91791131.0
000839,20200819,2.89,2.83,2.94,3.07,0.16999999999999993,5.862068965517242,100530279.0
000839,20200818,2.89,2.85,2.88,2.9,-0.010000000000000231,-0.3436426116838587,39197980.0
000839,20200817,2.85,2.83,2.88,2.91,0.06000000000000005,2.1052631578947434,41740254.0
000839,20200814,2.85,2.79,2.85,2.85,-0.029999999999999805,-1.041666666666663,27183132.0
000839,20200813,2.82,2.82,2.84,2.88,0.009999999999999787,0.34843205574912606,31762387.0
000839,20200812,2.79,2.77,2.85,2.87,-0.06999999999999984,-2.3809523809523725,44486473.0
000839,20200811,2.93,2.8,2.81,2.94,-0.03000000000000025,-1.0101010101010166,60674447.0
000839,20200810,2.82,2.81,2.93,2.97,0.08000000000000007,2.768166089965396,91191083.0
000839,20200807,2.79,2.71,2.84,2.89,0.050000000000000266,1.760563380281699,62512751.0
000839,20200806,2.84,2.76,2.81,2.84,0.0,0.0,37422870.0
000839,20200805,2.82,2.76,2.82,2.84,-0.06000000000000005,-2.0689655172413834,35634809.0
000839,20200804,2.87,2.81,2.82,2.9,0.009999999999999787,0.34602076124565784,47401087.0
000839,20200803,2.79,2.77,2.88,2.89,0.08000000000000007,2.8469750889679846,62190117.0
000839,20200731,2.76,2.74,2.77,2.81,-0.009999999999999787,-0.35460992907800915,31712532.0
000839,20200730,2.8,2.76,2.77,2.82,0.0,0.0,30559853.0
000839,20200729,2.75,2.72,2.81,2.82,0.04999999999999982,1.8050541516245522,36874604.0
000839,20200728,2.73,2.71,2.75,2.77,0.04999999999999982,1.8382352941176405,25988479.0
000839,20200727,2.69,2.63,2.71,2.72,-0.08999999999999986,-3.2028469750889577,27550625.0
000839,20200724,2.79,2.66,2.69,2.81,-0.029999999999999805,-1.0563380281690127,45340225.0
000839,20200723,2.84,2.73,2.79,2.84,-0.040000000000000036,-1.388888888888895,41547065.0
000839,20200722,2.85,2.81,2.85,2.88,-0.040000000000000036,-1.3698630136986356,38735314.0
000839,20200721,2.88,2.81,2.84,2.92,0.040000000000000036,1.388888888888884,38291858.0
000839,20200720,2.79,2.78,2.87,2.88,0.06000000000000005,2.127659574468077,51299748.0
000839,20200717,2.76,2.71,2.75,2.82,-0.07000000000000028,-2.422145328719738,43388150.0
000839,20200716,2.87,2.73,2.76,2.89,-0.16999999999999993,-5.555555555555558,69866882.0
000839,20200715,3.05,2.85,2.87,3.06,-0.10999999999999988,-3.4700315457413256,130853625.0
000839,20200714,3.14,3.04,3.07,3.17,0.020000000000000018,0.6349206349206327,91819145.0
000839,20200713,3.09,3.01,3.12,3.15,-0.020000000000000018,-0.6309148264984188,103069716.0
000839,20200710,3.09,3.02,3.05,3.17,-0.07000000000000028,-2.1604938271605034,110335211.0
000839,20200709,3.08,3.02,3.12,3.24,0.1200000000000001,3.8461538461538547,140475343.0
000839,20200708,3.02,2.98,3.1,3.12,-0.1499999999999999,-4.587155963302747,184482912.0
000839,20200707,3.11,3.0,3.15,3.27,0.2999999999999998,10.1010101010101,301685509.0
000839,20200706,2.87,2.78,2.97,2.97,0.27,10.000000000000009,221214436.0
000839,20200703,2.46,2.45,2.7,2.7,0.2400000000000002,9.756097560975618,80553575.0
000839,20200702,2.39,2.39,2.45,2.46,0.04999999999999982,2.0746887966804906,38224306.0
000839,20200701,2.39,2.37,2.4,2.41,0.0,0.0,30970974.0
000839,20200630,2.39,2.38,2.38,2.41,-0.020000000000000018,-0.8230452674897082,16758005.0
000839,20200629,2.43,2.38,2.38,2.43,-0.04999999999999982,-2.0161290322580627,22870030.0
000839,20200624,2.47,2.43,2.44,2.48,-0.020000000000000018,-0.8000000000000007,19861321.0
000839,20200623,2.5,2.46,2.46,2.5,-0.020000000000000018,-0.7936507936507908,23563343.0
000839,20200622,2.51,2.48,2.5,2.52,0.0,0.0,32411044.0
000839,20200619,2.48,2.47,2.51,2.52,0.010000000000000231,0.3984063745019917,31054032.0
000839,20200618,2.49,2.46,2.48,2.51,-0.010000000000000231,-0.3968253968254065,22337962.0
000839,20200617,2.51,2.46,2.49,2.52,-0.020000000000000018,-0.7874015748031482,25193050.0
000839,20200616,2.48,2.47,2.51,2.54,0.0,0.0,32180797.0
000839,20200615,2.48,2.46,2.47,2.54,0.03000000000000025,1.195219123505975,36862549.0
000839,20200612,2.41,2.41,2.48,2.51,-0.020000000000000018,-0.7905138339920903,40128698.0
000839,20200611,2.5,2.45,2.47,2.53,-0.03000000000000025,-1.171875000000011,33651093.0
000839,20200610,2.56,2.5,2.51,2.56,-0.040000000000000036,-1.538461538461544,34281145.0
000839,20200609,2.55,2.52,2.57,2.6,0.0,0.0,39023099.0
000839,20200608,2.6,2.54,2.54,2.6,-0.14000000000000012,-5.109489051094895,55897234.0
000839,20200605,2.5,2.48,2.63,2.74,0.17000000000000037,6.61478599221792,106872877.0
000839,20200604,2.56,2.48,2.5,2.57,0.0,0.0,34522933.0
000839,20200603,2.55,2.51,2.52,2.57,-0.010000000000000231,-0.387596899224818,48303690.0
000839,20200602,2.54,2.52,2.53,2.58,0.040000000000000036,1.5748031496062964,56438774.0
000839,20200601,2.43,2.43,2.53,2.54,0.020000000000000018,0.7936507936507908,78001890.0
000839,20200529,2.41,2.39,2.42,2.52,0.08000000000000007,3.2786885245901676,92222155.0
000839,20200528,2.35,2.35,2.37,2.44,0.06000000000000005,2.521008403361358,57406756.0
000839,20200527,2.37,2.32,2.34,2.38,-0.03000000000000025,-1.2448132780083054,36541183.0
000839,20200526,2.35,2.34,2.37,2.41,0.040000000000000036,1.6877637130801704,51199306.0
000839,20200525,2.31,2.26,2.36,2.37,-0.06999999999999984,-2.868852459016391,55718730.0
000839,20200522,2.42,2.29,2.32,2.44,-0.16000000000000014,-6.153846153846154,102922059.0
000839,20200521,2.55,2.37,2.46,2.6,-0.14000000000000012,-5.109489051094895,177509936.0
000839,20200520,2.5,2.5,2.63,2.74,0.17000000000000037,6.61478599221792,189915061.0
000839,20200519,2.57,2.57,2.57,2.57,-0.28000000000000025,-9.824561403508781,29287000.0
000839,20200518,2.85,2.85,2.85,2.85,-0.3799999999999999,-11.764705882352933,28475700.0
000839,20200515,3.2,3.17,3.17,3.23,0.029999999999999805,0.9374999999999911,20323796.0
000839,20200514,3.2,3.14,3.2,3.2,-0.020000000000000018,-0.6211180124223614,25071607.0
000839,20200513,3.21,3.17,3.2,3.22,-0.04999999999999982,-1.5290519877675823,16293055.0
000839,20200512,3.26,3.18,3.23,3.27,-0.04999999999999982,-1.5060240963855387,21399450.0
000839,20200511,3.32,3.25,3.27,3.32,0.0,0.0,19676455.0
000839,20200508,3.28,3.26,3.3,3.32,0.0,0.0,24109272.0
000839,20200507,3.29,3.25,3.26,3.32,0.020000000000000018,0.60606060606061,20072570.0
000839,20200506,3.21,3.2,3.29,3.3,0.029999999999999805,0.917431192660545,27479433.0
000839,20200430,3.19,3.19,3.25,3.27,0.04999999999999982,1.552795031055898,24698215.0
000839,20200429,3.16,3.13,3.17,3.22,-0.05999999999999961,-1.8292682926829174,19108477.0
000839,20200428,3.25,3.09,3.17,3.28,-0.03000000000000025,-0.9063444108761365,34493029.0
000839,20200427,3.29,3.24,3.25,3.31,-0.06999999999999984,-2.071005917159763,20209718.0
000839,20200424,3.35,3.25,3.26,3.38,-0.06000000000000005,-1.744186046511631,33873698.0
000839,20200423,3.41,3.35,3.35,3.44,0.009999999999999787,0.2915451895043608,29974792.0
000839,20200422,3.35,3.32,3.41,3.43,0.03000000000000025,0.8823529411764675,31991547.0
000839,20200421,3.39,3.34,3.37,3.4,-0.07000000000000028,-2.017291066282434,29666035.0
000839,20200420,3.43,3.38,3.43,3.47,-0.07999999999999963,-2.2535211267605493,36452294.0
000839,20200417,3.43,3.42,3.44,3.55,0.07999999999999963,2.3054755043227626,52451464.0
000839,20200416,3.4,3.38,3.41,3.47,-0.06999999999999984,-1.9774011299435013,33213086.0
000839,20200415,3.51,3.42,3.43,3.54,-0.1200000000000001,-3.2786885245901676,54994589.0
000839,20200414,3.49,3.48,3.56,3.66,0.03000000000000025,0.8264462809917328,79895973.0
000839,20200413,3.35,3.3,3.54,3.63,-0.07000000000000028,-1.8918918918918948,94452358.0
000839,20200410,3.7,3.38,3.42,3.7,0.07000000000000028,1.9283746556473913,130109297.0
000839,20200409,3.36,3.32,3.63,3.63,0.2799999999999998,8.358208955223878,84196323.0
000839,20200408,3.25,3.21,3.3,3.35,-0.020000000000000018,-0.5934718100890191,43767377.0
000839,20200407,3.17,3.16,3.3,3.37,0.20999999999999996,6.645569620253156,47229469.0
000839,20200403,3.16,3.11,3.12,3.16,-0.009999999999999787,-0.3154574132492094,13023941.0
000839,20200402,3.11,3.06,3.17,3.17,0.020000000000000018,0.6349206349206327,21523511.0
000839,20200401,3.1,3.09,3.12,3.15,0.0,0.0,13426440.0
000839,20200331,3.14,3.1,3.12,3.15,-0.010000000000000231,-0.31645569620254443,13126036.0
000839,20200330,3.15,3.1,3.12,3.16,-0.09999999999999964,-3.0674846625766805,23096116.0
000839,20200327,3.25,3.2,3.2,3.26,0.0,0.0,17997411.0
000839,20200326,3.26,3.19,3.2,3.26,-0.020000000000000018,-0.6097560975609762,21519511.0
000839,20200325,3.22,3.22,3.26,3.28,0.08999999999999986,2.8213166144200663,30129393.0
000839,20200324,3.17,3.11,3.18,3.19,-0.03000000000000025,-0.9316770186335477,23783970.0
000839,20200323,3.2,3.11,3.12,3.22,-0.08999999999999986,-2.7190332326283984,30506449.0
000839,20200320,3.3,3.2,3.26,3.31,0.050000000000000266,1.533742331288357,25248282.0
000839,20200319,3.2,3.15,3.23,3.26,-0.10000000000000009,-2.9761904761904767,38645687.0
000839,20200318,3.32,3.21,3.22,3.36,0.020000000000000018,0.5988023952095745,32918941.0
000839,20200317,3.26,3.15,3.27,3.34,-0.14000000000000012,-4.0229885057471275,40870962.0
000839,20200316,3.41,3.27,3.28,3.48,0.040000000000000036,1.1627906976744207,46609648.0
000839,20200313,3.24,3.21,3.4,3.44,-0.08000000000000007,-2.2727272727272707,54478010.0
000839,20200312,3.49,3.41,3.45,3.52,-0.14000000000000012,-3.825136612021862,47619026.0
000839,20200311,3.61,3.55,3.55,3.66,0.040000000000000036,1.104972375690605,59566029.0
000839,20200310,3.43,3.38,3.61,3.62,-0.009999999999999787,-0.2754820936639035,79138003.0
000839,20200309,3.58,3.52,3.54,3.63,-0.040000000000000036,-1.0899182561307952,52113101.0
000839,20200306,3.65,3.61,3.63,3.67,-0.07000000000000028,-1.8716577540107027,49421127.0
000839,20200305,3.69,3.63,3.71,3.74,0.0900000000000003,2.465753424657535,71313920.0
000839,20200304,3.57,3.53,3.63,3.65,-0.18999999999999995,-4.9479166666666625,52013007.0
000839,20200303,3.79,3.56,3.62,3.84,0.18999999999999995,5.205479452054784,87087263.0
000839,20200302,3.49,3.49,3.62,3.65,0.0,0.0,74849050.0
000839,20200228,3.6,3.44,3.46,3.65,-0.31000000000000005,-7.828282828282829,110197485.0
000839,20200227,3.95,3.7,3.75,3.96,-0.2400000000000002,-5.714285714285716,117352198.0
000839,20200226,4.05,3.87,3.93,4.2,0.040000000000000036,0.9615384615384581,206668593.0
000839,20200225,4.02,3.8,4.09,4.16,0.2400000000000002,6.1224489795918435,335406793.0
000839,20200224,3.5,3.47,3.92,3.92,0.23999999999999977,6.521739130434767,122234774.0
000839,20200221,3.55,3.51,3.56,3.68,0.14000000000000012,3.9548022598870025,96368762.0
000839,20200220,3.37,3.35,3.51,3.54,-0.020000000000000018,-0.5617977528089901,81927671.0
000839,20200219,3.45,3.36,3.37,3.56,0.10999999999999988,3.1884057971014457,65191534.0
000839,20200218,3.33,3.31,3.42,3.45,0.14000000000000012,4.229607250755296,74377804.0
000839,20200217,3.19,3.19,3.3,3.31,0.08000000000000007,2.4767801857585203,52997647.0
000839,20200214,3.19,3.17,3.2,3.23,-0.06999999999999984,-2.1212121212121127,25687606.0
000839,20200213,3.27,3.2,3.22,3.3,0.0,0.0,37880027.0
000839,20200212,3.18,3.17,3.28,3.3,0.04999999999999982,1.538461538461533,45941730.0
000839,20200211,3.25,3.18,3.2,3.25,0.009999999999999787,0.30864197530864335,28084419.0
000839,20200210,3.22,3.16,3.23,3.24,-0.029999999999999805,-0.917431192660545,36047065.0
000839,20200207,3.17,3.12,3.2,3.27,0.029999999999999805,0.92592592592593,58022899.0
000839,20200206,3.06,3.01,3.16,3.24,0.1200000000000001,3.8461538461538547,61133662.0
000839,20200205,2.98,2.98,3.05,3.12,0.07000000000000028,2.2950819672131306,42445507.0
000839,20200204,2.79,2.79,2.99,3.05,-0.050000000000000266,-1.6129032258064613,69027888.0
000839,20200203,3.1,3.1,3.1,3.1,-0.44999999999999973,-12.676056338028163,8382800.0
000839,20200123,3.51,3.4,3.44,3.55,-0.020000000000000018,-0.5602240896358524,40282232.0
000839,20200122,3.48,3.44,3.56,3.57,-0.06000000000000005,-1.6528925619834767,31805999.0
000839,20200121,3.62,3.52,3.52,3.63,-0.03000000000000025,-0.819672131147553,35869813.0
000839,20200120,3.62,3.58,3.63,3.66,-0.040000000000000036,-1.0810810810810811,36624423.0
000839,20200117,3.68,3.62,3.62,3.7,-0.08999999999999986,-2.37467018469657,34962058.0
000839,20200116,3.78,3.64,3.68,3.79,-0.06999999999999984,-1.813471502590669,54991575.0
000839,20200115,3.77,3.72,3.76,3.86,-0.11000000000000032,-2.770780856423183,63291208.0
000839,20200114,3.65,3.63,3.8,3.97,0.3200000000000003,8.767123287671241,130178525.0
000839,20200113,3.58,3.58,3.63,3.65,-0.08000000000000007,-2.144772117962468,27902988.0
000839,20200110,3.72,3.59,3.61,3.73,-0.020000000000000018,-0.5333333333333301,46100289.0
000839,20200109,3.7,3.68,3.7,3.75,0.0,0.0,44473954.0
000839,20200108,3.74,3.64,3.66,3.75,-0.029999999999999805,-0.7936507936507908,75033078.0
000839,20200107,3.66,3.64,3.78,3.78,0.07999999999999963,2.1621621621621623,86041442.0
000839,20200106,3.55,3.52,3.64,3.7,0.11000000000000032,3.064066852367686,81186331.0
000839,20200103,3.57,3.54,3.57,3.59,-0.050000000000000266,-1.3736263736263798,44155778.0
000839,20200102,3.58,3.56,3.57,3.64,0.06000000000000005,1.6759776536312776,62983271.0
000839,20191231,3.5,3.47,3.54,3.58,0.03000000000000025,0.8450704225352101,48159296.0
000839,20191230,3.43,3.38,3.51,3.55,-0.010000000000000231,-0.2808988764045006,52167119.0
000839,20191227,3.41,3.4,3.47,3.56,0.06999999999999984,2.005730659025784,75549896.0
000839,20191226,3.35,3.34,3.43,3.49,0.11000000000000032,3.2544378698224907,44384003.0
000839,20191225,3.38,3.34,3.37,3.38,0.0,0.0,16571444.0
000839,20191224,3.33,3.33,3.38,3.38,-0.07000000000000028,-2.0289855072463836,22866044.0
000839,20191223,3.45,3.32,3.33,3.45,-0.1299999999999999,-3.6312849162011163,46648136.0
000839,20191220,3.57,3.47,3.48,3.58,-0.040000000000000036,-1.104972375690605,40166801.0
000839,20191219,3.51,3.5,3.58,3.62,0.050000000000000266,1.400560224089653,48917066.0
000839,20191218,3.53,3.51,3.51,3.57,-0.010000000000000231,-0.27932960893854997,43556391.0
000839,20191217,3.45,3.44,3.56,3.58,0.10000000000000009,2.8735632183908066,62162481.0
000839,20191216,3.41,3.4,3.48,3.48,0.06999999999999984,2.052785923753664,40416547.0
000839,20191213,3.39,3.36,3.4,3.41,0.010000000000000231,0.2941176470588225,24819408.0
000839,20191212,3.39,3.36,3.36,3.4,-0.050000000000000266,-1.449275362318847,16096319.0
000839,20191211,3.43,3.4,3.4,3.45,0.010000000000000231,0.29069767441860517,16499673.0
000839,20191210,3.38,3.35,3.42,3.44,0.029999999999999805,0.8797653958944274,29093238.0
000839,20191209,3.4,3.37,3.38,3.41,0.010000000000000231,0.2941176470588225,15892339.0
000839,20191206,3.38,3.36,3.4,3.4,0.0,0.0,16203530.0
000839,20191205,3.37,3.36,3.38,3.4,-0.010000000000000231,-0.2932551319648202,18326034.0
000839,20191204,3.39,3.36,3.38,3.41,0.010000000000000231,0.2941176470588225,16339822.0
000839,20191203,3.35,3.33,3.4,3.4,-0.08000000000000007,-2.298850574712641,15188552.0
000839,20191202,3.33,3.28,3.38,3.48,0.14000000000000012,4.191616766467066,33345075.0
000839,20191129,3.3,3.3,3.33,3.34,-0.03000000000000025,-0.8902077151335397,10412420.0
000839,20191128,3.35,3.31,3.31,3.37,-0.020000000000000018,-0.5899705014749235,13830998.0
000839,20191127,3.36,3.33,3.36,3.39,-0.020000000000000018,-0.5865102639296182,12817018.0
000839,20191126,3.35,3.35,3.36,3.41,0.020000000000000018,0.5899705014749346,14019193.0
000839,20191125,3.38,3.32,3.37,3.39,-0.020000000000000018,-0.5865102639296182,12595537.0
000839,20191122,3.35,3.33,3.36,3.41,0.03000000000000025,0.887573964497057,14339920.0
000839,20191121,3.36,3.32,3.34,3.38,-0.050000000000000266,-1.4577259475218707,11449754.0
000839,20191120,3.43,3.36,3.36,3.43,0.020000000000000018,0.5865102639296182,14459500.0
000839,20191119,3.31,3.3,3.41,3.41,0.08000000000000007,2.402402402402415,20689773.0
000839,20191118,3.25,3.25,3.31,3.33,0.010000000000000231,0.3012048192771122,13257203.0
000839,20191115,3.31,3.25,3.25,3.32,0.0,0.0,12983380.0
000839,20191114,3.28,3.27,3.32,3.32,0.0,0.0,12981365.0
000839,20191113,3.32,3.25,3.28,3.32,-0.050000000000000266,-1.4836795252225587,13037526.0
000839,20191112,3.35,3.25,3.32,3.37,-0.04999999999999982,-1.4619883040935644,22469800.0
000839,20191111,3.42,3.33,3.36,3.42,-0.07000000000000028,-2.005730659025795,18191143.0
000839,20191108,3.48,3.42,3.43,3.49,0.03000000000000025,0.8670520231213841,13526264.0
000839,20191107,3.43,3.38,3.45,3.46,-0.020000000000000018,-0.5747126436781658,13150918.0
000839,20191106,3.45,3.43,3.45,3.48,-0.020000000000000018,-0.5714285714285672,13038921.0
000839,20191105,3.48,3.42,3.45,3.5,-0.029999999999999805,-0.8498583569405027,23610263.0
000839,20191104,3.49,3.47,3.48,3.53,0.009999999999999787,0.28409090909089496,18125554.0
000839,20191101,3.43,3.42,3.49,3.52,-0.06999999999999984,-1.949860724233976,17549920.0
000839,20191031,3.55,3.44,3.46,3.59,-0.07000000000000028,-1.9125683060109422,33509941.0
000839,20191030,3.66,3.56,3.57,3.66,-0.10999999999999988,-2.917771883289122,22965907.0
000839,20191029,3.76,3.66,3.66,3.77,0.0,0.0,24989050.0
000839,20191028,3.66,3.63,3.77,3.77,0.14000000000000012,3.8567493112947604,39899216.0
000839,20191025,3.6,3.54,3.63,3.63,0.009999999999999787,0.2762430939226457,18062978.0
000839,20191024,3.61,3.58,3.59,3.62,-0.040000000000000036,-1.0928961748633892,15662748.0
000839,20191023,3.66,3.62,3.63,3.66,-0.009999999999999787,-0.27247956403269047,13805797.0
000839,20191022,3.64,3.62,3.65,3.67,0.0,0.0,12715414.0
000839,20191021,3.66,3.58,3.64,3.67,-0.1299999999999999,-3.421052631578947,15485060.0
000839,20191018,3.78,3.65,3.66,3.8,-0.020000000000000018,-0.5235602094240788,23780812.0
000839,20191017,3.75,3.74,3.77,3.82,0.020000000000000018,0.5263157894736858,21853226.0
000839,20191016,3.76,3.74,3.75,3.8,0.029999999999999805,0.7957559681697646,18165633.0
000839,20191015,3.76,3.71,3.75,3.77,-0.06999999999999984,-1.822916666666663,18574825.0
000839,20191014,3.71,3.71,3.78,3.84,0.11999999999999966,3.2258064516129004,29894852.0
000839,20191011,3.68,3.63,3.69,3.72,0.040000000000000036,1.0869565217391353,20192051.0
000839,20191010,3.63,3.62,3.67,3.68,0.040000000000000036,1.098901098901095,18603921.0
000839,20191009,3.58,3.53,3.64,3.64,-0.009999999999999787,-0.2739726027397249,15436327.0
000839,20191008,3.61,3.59,3.59,3.65,0.0,0.0,18267830.0
000839,20190930,3.62,3.6,3.61,3.65,-0.03000000000000025,-0.815217391304357,13494844.0
000839,20190927,3.58,3.58,3.61,3.68,-0.04999999999999982,-1.3404825737265313,17375929.0
000839,20190926,3.72,3.59,3.59,3.73,-0.04999999999999982,-1.3227513227513144,27806450.0
000839,20190925,3.77,3.69,3.7,3.78,-0.07000000000000028,-1.81818181818183,26189623.0
000839,20190924,3.78,3.76,3.8,3.85,0.0,0.0,23215809.0
000839,20190923,3.85,3.74,3.78,3.85,-0.06999999999999984,-1.7857142857142794,28056034.0
000839,20190920,3.91,3.85,3.88,3.92,0.0,0.0,25727013.0
000839,20190919,3.86,3.82,3.91,3.92,0.009999999999999787,0.2557544757033181,28656787.0
000839,20190918,3.89,3.85,3.86,3.91,-0.1200000000000001,-2.977667493796532,26823284.0
000839,20190917,4.02,3.86,3.89,4.03,-0.05999999999999961,-1.4669926650366705,54560208.0
000839,20190916,4.07,4.02,4.04,4.09,0.019999999999999574,0.49140049140048436,38627538.0
000839,20190912,4.04,3.99,4.05,4.07,-0.04999999999999982,-1.2135922330097082,35980054.0
000839,20190911,4.11,4.02,4.02,4.12,-0.04999999999999982,-1.1990407673860837,49426342.0
000839,20190910,4.16,4.06,4.1,4.17,-0.020000000000000462,-0.4773269689737569,61182663.0
000839,20190909,4.1,4.05,4.16,4.19,0.08000000000000007,1.9464720194647178,94913719.0
000839,20190906,4.08,4.02,4.05,4.11,-0.0699999999999994,-1.6746411483253398,51624896.0
000839,20190905,4.04,4.03,4.06,4.18,0.09999999999999964,2.450980392156854,98549686.0
000839,20190904,4.0,3.96,4.01,4.08,-0.04999999999999982,-1.2106537530266248,75533124.0
000839,20190903,3.85,3.84,4.06,4.13,0.31000000000000005,8.115183246073299,138414380.0
000839,20190902,3.7,3.69,3.82,3.82,-0.040000000000000036,-1.0362694300518172,39545131.0
000839,20190830,3.83,3.66,3.7,3.86,0.0,0.0,36134675.0
000839,20190829,3.79,3.75,3.8,3.86,0.020000000000000018,0.5208333333333259,39768100.0
000839,20190828,3.74,3.7,3.78,3.84,-0.03000000000000025,-0.7751937984496138,47238128.0
000839,20190827,3.63,3.63,3.74,3.87,0.22999999999999998,6.318681318681318,59681708.0
000839,20190826,3.54,3.51,3.61,3.64,-0.10000000000000009,-2.67379679144385,30516584.0
000839,20190823,3.68,3.65,3.67,3.74,0.0,0.0,20665308.0
000839,20190822,3.7,3.65,3.71,3.74,-0.019999999999999574,-0.5319148936170137,23261035.0
000839,20190821,3.72,3.65,3.67,3.76,-0.17000000000000037,-4.325699745547085,28712770.0
000839,20190820,3.67,3.66,3.72,3.93,0.30000000000000027,8.264462809917372,77215609.0
000839,20190819,3.5,3.49,3.61,3.63,0.10999999999999988,3.125,46059187.0
000839,20190816,3.48,3.46,3.48,3.52,0.029999999999999805,0.8595988538681931,23942384.0
000839,20190815,3.39,3.35,3.49,3.49,-0.029999999999999805,-0.8522727272727182,22795671.0
000839,20190814,3.48,3.45,3.46,3.52,0.040000000000000036,1.1494252873563315,20844015.0
000839,20190813,3.41,3.4,3.44,3.48,0.040000000000000036,1.1627906976744207,18274397.0
000839,20190812,3.4,3.38,3.44,3.44,-0.020000000000000018,-0.5780346820809301,22808551.0
000839,20190809,3.45,3.36,3.37,3.46,0.020000000000000018,0.5813953488372103,21323803.0
000839,20190808,3.38,3.37,3.41,3.44,-0.06000000000000005,-1.7142857142857126,24591124.0
000839,20190807,3.45,3.39,3.4,3.5,-0.06000000000000005,-1.6853932584269704,26553409.0
000839,20190806,3.56,3.32,3.46,3.56,-0.18999999999999995,-5.066666666666664,46587009.0
000839,20190805,3.68,3.61,3.62,3.75,0.040000000000000036,1.0781671159029615,29266578.0
000839,20190802,3.67,3.62,3.7,3.71,-0.1200000000000001,-3.1331592689295085,30254169.0
000839,20190801,3.83,3.78,3.79,3.83,-0.06000000000000005,-1.5424164524421635,19427765.0
000839,20190731,3.89,3.83,3.85,3.89,-0.029999999999999805,-0.7653061224489721,18448613.0
000839,20190730,3.87,3.85,3.88,3.92,-0.010000000000000231,-0.2544529262086592,25463390.0
000839,20190729,3.79,3.77,3.86,3.93,0.08000000000000007,2.0779220779220786,37744166.0
000839,20190726,3.82,3.79,3.8,3.85,0.010000000000000231,0.26041666666667407,15706240.0
000839,20190725,3.81,3.8,3.82,3.84,0.0,0.0,19810218.0
000839,20190724,3.78,3.76,3.8,3.84,0.06999999999999984,1.8567639257294433,22966419.0
000839,20190723,3.7,3.7,3.77,3.77,-0.08999999999999986,-2.3316062176165775,16129900.0
000839,20190722,3.86,3.7,3.72,3.86,-0.020000000000000018,-0.5154639175257714,30898997.0
000839,20190719,3.83,3.82,3.85,3.88,-0.010000000000000231,-0.25706940874036244,20377142.0
000839,20190718,3.88,3.8,3.81,3.89,-0.040000000000000036,-1.0178117048346036,24923020.0
000839,20190717,3.91,3.89,3.9,3.93,-0.04999999999999982,-1.2562814070351758,22878637.0
000839,20190716,3.93,3.88,3.91,3.98,0.029999999999999805,0.75949367088608,30678801.0
000839,20190715,3.74,3.72,3.93,3.95,0.18000000000000016,4.774535809018565,67317772.0
000839,20190712,3.76,3.68,3.71,3.77,-0.1200000000000001,-3.084832904884316,29001331.0
000839,20190711,3.85,3.72,3.75,3.89,-0.029999999999999805,-0.7653061224489721,35170883.0
000839,20190710,3.91,3.81,3.83,3.92,-0.010000000000000231,-0.2544529262086592,22919861.0
000839,20190709,3.89,3.86,3.91,3.93,-0.11999999999999966,-2.962962962962956,20191761.0
000839,20190708,4.04,3.86,3.89,4.05,-0.009999999999999787,-0.24630541871920597,41752229.0
000839,20190705,4.01,4.0,4.04,4.06,-0.020000000000000462,-0.4901960784313819,20798474.0
000839,20190704,4.06,4.0,4.02,4.08,-0.04999999999999982,-1.2106537530266248,30383491.0
000839,20190703,4.12,4.03,4.05,4.13,-0.04999999999999982,-1.1961722488038284,33575125.0
000839,20190702,4.18,4.1,4.11,4.18,0.019999999999999574,0.48076923076922906,39268779.0
000839,20190701,4.1,4.06,4.16,4.16,0.04999999999999982,1.2165450121654375,54967090.0
000839,20190628,4.11,3.99,4.02,4.11,-0.08999999999999986,-2.1428571428571352,50868502.0
000839,20190627,4.19,4.1,4.13,4.2,-0.03000000000000025,-0.7092198581560294,39058376.0
000839,20190626,4.06,4.06,4.16,4.23,0.010000000000000675,0.23696682464455776,45397216.0
000839,20190625,4.22,4.08,4.13,4.22,-0.1200000000000001,-2.7649769585253448,59434049.0
000839,20190624,4.33,4.22,4.24,4.34,-0.04999999999999982,-1.1389521640091105,51128273.0
000839,20190621,4.23,4.23,4.32,4.39,0.14999999999999947,3.537735849056589,84635158.0
000839,20190620,4.11,4.08,4.21,4.24,-0.009999999999999787,-0.23529411764705577,64821521.0
000839,20190619,4.19,4.09,4.11,4.25,0.09999999999999964,2.409638554216853,52245652.0
000839,20190618,4.13,4.04,4.08,4.15,-0.08000000000000007,-1.891252955082745,40256601.0
000839,20190617,4.21,4.08,4.12,4.23,-0.16999999999999993,-3.863636363636358,55018580.0
000839,20190614,4.36,4.14,4.19,4.4,-0.02999999999999936,-0.6772009029345272,109122439.0
000839,20190613,4.36,4.3,4.36,4.43,-0.14000000000000057,-3.063457330415764,78703735.0
000839,20190612,4.53,4.37,4.39,4.57,-0.04999999999999982,-1.0822510822510734,122494598.0
000839,20190611,4.45,4.38,4.6,4.62,-0.019999999999999574,-0.4310344827586077,165353946.0
000839,20190610,4.53,4.41,4.54,4.64,-0.020000000000000462,-0.42918454935623185,134213260.0
000839,20190606,4.3,4.23,4.5,4.66,0.27000000000000046,6.150341685649208,199523011.0
000839,20190605,4.16,4.14,4.33,4.39,0.040000000000000036,0.9195402298850519,134026159.0
000839,20190604,4.03,4.02,4.25,4.35,0.27999999999999936,6.87960687960687,160227596.0
000839,20190603,3.99,3.89,4.0,4.07,0.0,0.0,60215860.0
000839,20190531,4.03,3.98,3.99,4.07,-0.009999999999999787,-0.2450980392156854,38285683.0
000839,20190530,4.07,3.95,4.03,4.08,-0.05999999999999961,-1.449275362318836,46945001.0
000839,20190529,4.06,4.02,4.09,4.14,-0.05000000000000071,-1.1933174224343812,50872895.0
000839,20190528,3.99,3.97,4.08,4.19,0.2100000000000004,5.276381909547756,105240943.0
000839,20190527,3.87,3.83,3.95,3.98,0.029999999999999805,0.75949367088608,53177970.0
000839,20190524,3.93,3.83,3.86,3.95,-0.13999999999999968,-3.422982885085568,40542725.0
000839,20190523,4.08,3.86,3.91,4.09,-0.08000000000000007,-1.918465227817745,68786618.0
000839,20190522,4.14,4.02,4.06,4.17,-0.03000000000000025,-0.7142857142857229,53761321.0
000839,20190521,4.12,4.06,4.16,4.2,0.03000000000000025,0.7194244604316502,59253705.0
000839,20190520,4.08,3.93,4.1,4.17,-0.28000000000000025,-6.292134831460682,66192681.0
000839,20190517,4.45,4.04,4.08,4.45,-0.0699999999999994,-1.5486725663716672,125322576.0
000839,20190516,4.4,4.37,4.46,4.52,0.09999999999999964,2.262443438914019,86981608.0
000839,20190515,4.41,4.33,4.39,4.42,-0.04999999999999982,-1.118568232662187,66099086.0
000839,20190514,4.26,4.25,4.35,4.47,0.009999999999999787,0.22421524663676085,83569963.0
000839,20190513,4.46,4.28,4.33,4.46,-0.04999999999999982,-1.1086474501108556,68091014.0
000839,20190510,4.4,4.21,4.48,4.51,0.0699999999999994,1.5765765765765716,87828348.0
000839,20190509,4.34,4.3,4.34,4.44,-0.10999999999999943,-2.417582417582409,61112989.0
000839,20190508,4.35,4.32,4.43,4.55,0.05999999999999961,1.3363028953229383,77791367.0
000839,20190507,4.34,4.33,4.4,4.49,-0.10999999999999943,-2.391304347826073,88628933.0
000839,20190506,4.51,4.21,4.26,4.6,-0.1800000000000006,-3.765690376569053,101485553.0
000839,20190430,4.51,4.51,4.67,4.78,0.03000000000000025,0.6315789473684275,113371246.0
000839,20190429,4.57,4.47,4.48,4.75,-0.07000000000000028,-1.4522821576763545,97281029.0
000839,20190426,4.7,4.58,4.59,4.82,-0.16999999999999993,-3.4068136272545124,82034985.0
000839,20190425,4.96,4.74,4.74,4.99,0.009999999999999787,0.20080321285140812,109393785.0
000839,20190424,4.9,4.76,4.95,4.98,-0.08999999999999986,-1.7751479289940808,101905297.0
000839,20190423,4.88,4.86,4.9,5.07,-0.08999999999999986,-1.74418604651162,140615172.0
000839,20190422,5.12,4.74,4.84,5.16,-0.09999999999999964,-1.9011406844106404,164255011.0
000839,20190419,5.18,5.05,5.12,5.26,-0.16999999999999993,-3.130755064456725,159628488.0
000839,20190418,5.25,5.15,5.28,5.43,-0.39000000000000057,-6.7010309278350615,220630330.0
000839,20190417,5.76,5.68,5.7,5.82,0.020000000000000462,0.34482758620690834,67770373.0
000839,20190416,5.57,5.53,5.76,5.8,-0.07000000000000028,-1.1925042589437829,80427324.0
000839,20190415,5.51,5.51,5.62,5.87,0.20000000000000018,3.527336860670194,121164043.0
000839,20190412,5.64,5.37,5.45,5.67,-0.1200000000000001,-2.0725388601036343,97360442.0
000839,20190411,5.69,5.6,5.61,5.79,-0.05999999999999961,-1.025641025641022,68464495.0
000839,20190410,5.85,5.66,5.71,5.85,-0.16999999999999993,-2.8239202657807327,79971157.0
000839,20190409,5.84,5.7,5.86,6.02,-0.13000000000000078,-2.1138211382113914,66696891.0
000839,20190408,6.13,5.83,5.9,6.15,-0.08000000000000007,-1.2841091492776902,121342670.0
000839,20190404,6.18,6.05,6.12,6.23,0.0600000000000005,0.9724473257698651,116862390.0
000839,20190403,6.06,5.98,6.11,6.17,-0.16000000000000014,-2.5276461295418717,90226754.0
000839,20190402,6.14,6.07,6.11,6.33,0.1299999999999999,2.0967741935483897,142613439.0
000839,20190401,5.85,5.85,6.14,6.2,0.1800000000000006,2.9900332225913706,145933299.0
000839,20190329,5.77,5.57,5.94,6.02,0.0699999999999994,1.17647058823529,139922255.0
000839,20190328,5.76,5.64,5.78,5.95,-0.05999999999999961,-0.9983361064891727,113183019.0
000839,20190327,6.0,5.59,5.8,6.01,-0.33999999999999986,-5.354330708661415,143469261.0
000839,20190326,6.25,5.88,5.91,6.35,-0.1800000000000006,-2.7565084226646386,163564139.0
000839,20190325,6.42,6.13,6.26,6.53,-0.5499999999999998,-7.768361581920901,244641333.0
000839,20190322,6.9,6.56,6.77,7.08,0.009999999999999787,0.14144271570013522,363978975.0
000839,20190321,6.6,6.15,7.07,7.07,0.3700000000000001,5.5223880597014885,363254958.0
000839,20190320,6.56,6.3,6.43,6.7,0.1900000000000004,2.9185867895545448,249206165.0
000839,20190319,5.99,5.9,6.51,6.51,0.41000000000000014,6.721311475409841,258286018.0
000839,20190318,6.05,5.83,6.03,6.1,-0.41000000000000014,-6.298003072196623,200375479.0
000839,20190315,6.15,5.78,6.2,6.51,-0.33000000000000007,-4.824561403508776,294352745.0
000839,20190314,6.77,6.09,6.09,6.84,0.07000000000000028,1.0339734121122657,291051730.0
000839,20190313,6.34,6.18,6.77,6.77,0.5099999999999998,8.146964856230031,441663125.0
000839,20190312,5.67,5.63,6.15,6.26,0.5099999999999998,8.869565217391306,323978265.0
000839,20190311,5.44,5.2,5.69,5.75,-0.08000000000000007,-1.3722126929674117,168212222.0
000839,20190308,5.63,5.31,5.32,5.83,-0.25,-4.111842105263152,216947763.0
000839,20190307,5.5,5.43,5.85,6.08,0.3200000000000003,5.555555555555558,276455007.0
000839,20190306,5.5,5.2,5.66,5.76,0.5199999999999996,9.923664122137389,317967476.0
000839,20190305,4.76,4.68,5.24,5.24,0.2999999999999998,6.072874493927127,221911083.0
000839,20190304,4.76,4.66,4.76,4.94,0.2600000000000007,5.55555555555558,183905796.0
000839,20190301,4.59,4.45,4.62,4.68,-0.08000000000000007,-1.6806722689075682,103214019.0
000839,20190228,4.71,4.55,4.61,4.76,-0.23000000000000043,-4.609218436873752,132426695.0
000839,20190227,4.53,4.53,4.77,4.99,0.16000000000000014,3.31262939958592,213395720.0
000839,20190226,4.55,4.46,4.6,4.83,0.13999999999999968,2.985074626865658,237392120.0
000839,20190225,4.5,4.42,4.6,4.69,0.4300000000000006,10.093896713615047,302281518.0
000839,20190222,3.87,3.83,4.26,4.26,0.22999999999999954,5.707196029776673,152114502.0
000839,20190221,3.89,3.85,3.87,4.03,-0.040000000000000036,-0.9828009828009798,108400998.0
000839,20190220,3.73,3.68,3.95,4.07,0.28000000000000025,7.387862796833788,138605300.0
000839,20190219,3.76,3.67,3.74,3.79,0.03000000000000025,0.7978723404255428,75907518.0
000839,20190218,3.67,3.65,3.75,3.76,0.029999999999999805,0.8042895442359255,79531395.0
000839,20190215,3.62,3.6,3.64,3.73,0.08000000000000007,2.191780821917799,65654860.0
000839,20190214,3.64,3.58,3.62,3.65,-0.020000000000000018,-0.544959128065392,57849739.0
000839,20190213,3.52,3.46,3.65,3.67,0.08000000000000007,2.2284122562674202,93137715.0
000839,20190212,3.43,3.42,3.52,3.59,0.13999999999999968,4.057971014492745,63223888.0
000839,20190211,3.38,3.36,3.44,3.45,0.07000000000000028,2.071005917159763,44759282.0
000839,20190201,3.32,3.31,3.37,3.38,0.0,0.0,29357902.0
000839,20190131,3.3,3.28,3.3,3.38,0.020000000000000018,0.5952380952380931,39597379.0
000839,20190130,3.34,3.28,3.29,3.36,-0.0900000000000003,-2.60869565217392,29178480.0
000839,20190129,3.42,3.26,3.34,3.45,-0.16999999999999993,-4.696132596685077,51436290.0
000839,20190128,3.61,3.42,3.48,3.62,0.08000000000000007,2.259887005649719,95905393.0
000839,20190125,3.37,3.33,3.54,3.54,0.27,8.25688073394495,90718490.0
000839,20190124,3.27,3.22,3.22,3.27,-0.029999999999999805,-0.9090909090909038,20637401.0
000839,20190123,3.26,3.21,3.27,3.3,-0.050000000000000266,-1.4925373134328401,22351847.0
000839,20190122,3.28,3.26,3.26,3.35,0.03000000000000025,0.9036144578313365,27238832.0
000839,20190121,3.21,3.21,3.29,3.32,0.040000000000000036,1.2195121951219523,36529155.0
000839,20190118,3.24,3.18,3.23,3.28,-0.03000000000000025,-0.9063444108761365,40630094.0
000839,20190117,3.18,3.15,3.24,3.31,-0.2999999999999998,-8.310249307479223,48550949.0
000839,20190116,3.6,3.26,3.3,3.61,-0.040000000000000036,-1.0958904109588996,116610846.0
000839,20190115,3.59,3.56,3.61,3.65,-0.03000000000000025,-0.815217391304357,27787986.0
000839,20190114,3.68,3.54,3.59,3.68,0.0,0.0,33468130.0
000839,20190111,3.63,3.57,3.66,3.68,-0.06999999999999984,-1.866666666666661,31531027.0
000839,20190110,3.63,3.59,3.63,3.75,0.0,0.0,39847971.0
000839,20190109,3.67,3.59,3.59,3.75,0.06999999999999984,1.9021739130434812,46765602.0
000839,20190108,3.68,3.61,3.62,3.68,0.0,0.0,24069605.0
000839,20190107,3.58,3.57,3.66,3.68,0.0900000000000003,2.506963788300842,34916896.0
000839,20190104,3.44,3.39,3.56,3.59,0.06999999999999984,1.9886363636363535,35791712.0
000839,20190103,3.42,3.39,3.45,3.52,0.06999999999999984,2.0289855072463725,24404433.0
000839,20190102,3.4,3.38,3.4,3.45,-0.020000000000000018,-0.5763688760806907,16989744.0
000839,20181228,3.45,3.36,3.37,3.47,-0.11999999999999966,-3.342618384401108,19468355.0
000839,20181227,3.55,3.41,3.42,3.59,-0.020000000000000018,-0.5540166204986208,27134523.0
000839,20181226,3.55,3.51,3.52,3.61,0.009999999999999787,0.2777777777777768,25705459.0
000839,20181225,3.47,3.34,3.54,3.6,0.07000000000000028,1.9830028328611915,36118681.0
000839,20181224,3.41,3.39,3.51,3.53,0.029999999999999805,0.8571428571428452,17732635.0
000839,20181221,3.48,3.42,3.44,3.5,-0.029999999999999805,-0.8498583569405027,16808340.0
000839,20181220,3.47,3.45,3.49,3.53,-0.03000000000000025,-0.8426966292134908,14832450.0
000839,20181219,3.56,3.45,3.45,3.56,-0.029999999999999805,-0.835654596100277,14468272.0
000839,20181218,3.54,3.49,3.54,3.59,-0.010000000000000231,-0.2777777777777879,17623850.0
000839,20181217,3.56,3.52,3.59,3.6,-0.10999999999999988,-2.96495956873315,15439924.0
000839,20181214,3.71,3.55,3.57,3.71,-0.020000000000000018,-0.536193029490617,29334171.0
000839,20181213,3.71,3.66,3.72,3.73,-0.029999999999999805,-0.7978723404255317,22536865.0
000839,20181212,3.74,3.67,3.68,3.76,-0.010000000000000231,-0.2652519893899252,20575005.0
000839,20181211,3.66,3.64,3.74,3.77,0.08000000000000007,2.168021680216814,36325153.0
000839,20181210,3.62,3.61,3.62,3.69,-0.050000000000000266,-1.3368983957219305,19608303.0
000839,20181207,3.7,3.63,3.67,3.74,-0.08999999999999986,-2.3498694516971286,22573703.0
000839,20181206,3.8,3.69,3.69,3.83,-0.06000000000000005,-1.5424164524421635,39787925.0
000839,20181205,3.82,3.79,3.83,3.89,-0.04999999999999982,-1.269035532994922,34217094.0
000839,20181204,3.91,3.84,3.9,3.94,-0.050000000000000266,-1.253132832080206,39955746.0
000839,20181203,3.89,3.89,3.9,3.99,0.16000000000000014,4.177545691906004,73708749.0
000839,20181130,3.75,3.67,3.82,3.83,-0.25,-6.127450980392157,72748096.0
000839,20181129,4.0,3.77,3.78,4.08,0.14000000000000012,3.5532994923857864,166916945.0
000839,20181128,3.59,3.47,3.94,3.94,0.31999999999999984,8.83977900552486,166161426.0
000839,20181127,3.57,3.53,3.58,3.62,0.0,0.0,22182453.0
000839,20181126,3.54,3.51,3.53,3.62,-0.10999999999999988,-2.9490616621983934,25723397.0
000839,20181123,3.72,3.48,3.51,3.73,-0.1299999999999999,-3.3678756476683946,40588098.0
000839,20181122,3.83,3.71,3.72,3.86,-0.040000000000000036,-1.025641025641022,40427350.0
000839,20181121,3.56,3.55,3.79,3.9,0.1200000000000001,3.1746031746031855,60756747.0
000839,20181120,3.63,3.62,3.64,3.78,0.029999999999999805,0.8000000000000007,48380214.0
000839,20181119,3.72,3.62,3.67,3.75,-0.040000000000000036,-1.055408970976257,40963841.0
000839,20181116,3.78,3.69,3.72,3.79,0.010000000000000231,0.2645502645502784,48822206.0
000839,20181115,3.68,3.62,3.73,3.78,0.05999999999999961,1.6129032258064502,59185587.0
000839,20181114,3.6,3.6,3.65,3.72,-0.009999999999999787,-0.2680965147452974,50732219.0
000839,20181113,3.42,3.4,3.67,3.73,0.23999999999999977,6.876790830945545,87638216.0
000839,20181112,3.31,3.3,3.47,3.49,0.11000000000000032,3.2544378698224907,58342962.0
000839,20181109,3.35,3.3,3.31,3.38,-0.040000000000000036,-1.1695906432748537,24568863.0
000839,20181108,3.36,3.35,3.36,3.42,-0.03000000000000025,-0.8695652173913104,30908249.0
000839,20181107,3.45,3.34,3.36,3.45,0.03000000000000025,0.8771929824561431,40765853.0
000839,20181106,3.36,3.32,3.41,3.42,0.040000000000000036,1.183431952662728,44135221.0
000839,20181105,3.29,3.26,3.34,3.38,0.06999999999999984,2.114803625377637,39496552.0
000839,20181102,3.25,3.22,3.3,3.31,-0.10999999999999988,-3.2163742690058394,51614203.0
000839,20181101,3.13,3.11,3.26,3.42,0.27,8.571428571428562,79004477.0
000839,20181031,3.11,3.08,3.11,3.15,0.040000000000000036,1.2861736334405238,25198094.0
000839,20181030,3.05,3.01,3.09,3.11,-0.010000000000000231,-0.3205128205128305,20872168.0
000839,20181029,3.1,3.02,3.05,3.12,-0.029999999999999805,-0.952380952380949,21559106.0
000839,20181026,3.04,3.03,3.11,3.15,0.1299999999999999,4.304635761589393,35190247.0
000839,20181025,2.9,2.86,3.0,3.02,-0.08000000000000007,-2.580645161290329,26665854.0
000839,20181024,3.03,3.02,3.04,3.1,-0.06999999999999984,-2.208201892744477,20438995.0
000839,20181023,3.16,3.01,3.03,3.17,-0.03000000000000025,-0.9375000000000022,32876216.0
000839,20181022,2.96,2.94,3.12,3.2,0.28000000000000025,9.589041095890426,44835850.0
000839,20181019,2.76,2.76,2.92,2.92,-0.020000000000000018,-0.6802721088435382,30250913.0
000839,20181018,2.94,2.81,2.82,2.94,-0.040000000000000036,-1.342281879194629,28893925.0
000839,20181017,2.95,2.85,2.92,2.98,-0.029999999999999805,-0.9966777408637828,26477440.0
000839,20181016,2.96,2.9,2.9,3.01,-0.0900000000000003,-2.903225806451626,30781432.0
000839,20181015,3.09,2.94,2.95,3.1,-0.06999999999999984,-2.208201892744477,31712385.0
000839,20181012,3.16,2.94,3.08,3.17,-0.3599999999999999,-10.198300283286121,91248353.0
000839,20181011,3.53,3.27,3.27,3.53,-0.13000000000000034,-3.551912568306015,55386224.0
000839,20181010,3.66,3.61,3.63,3.66,-0.020000000000000018,-0.5434782608695676,13888029.0
000839,20181009,3.64,3.61,3.63,3.68,-0.13999999999999968,-3.6649214659685736,19622864.0
000839,20181008,3.8,3.63,3.63,3.82,-0.07000000000000028,-1.799485861182526,28252257.0
000839,20180928,3.87,3.86,3.87,3.89,-0.06999999999999984,-1.7676767676767624,11292028.0
000839,20180927,3.95,3.85,3.85,3.96,-0.010000000000000231,-0.25188916876575096,22437926.0
000839,20180926,3.95,3.92,3.96,3.97,0.020000000000000018,0.5063291139240533,18116559.0
000839,20180925,3.94,3.91,3.92,3.95,-0.020000000000000018,-0.5037783375314908,12722012.0
000839,20180921,3.89,3.89,3.95,3.97,0.020000000000000018,0.5063291139240533,21703017.0
000839,20180920,3.92,3.88,3.89,3.95,0.0,0.0,16892121.0
000839,20180919,3.88,3.85,3.92,3.95,0.050000000000000266,1.2820512820512997,20341427.0
000839,20180918,3.83,3.82,3.88,3.9,-0.13000000000000034,-3.2258064516129115,18377635.0
000839,20180917,4.03,3.83,3.83,4.03,-0.05999999999999961,-1.4669926650366705,28866305.0
000839,20180914,4.05,4.02,4.03,4.09,0.019999999999999574,0.49140049140048436,19671719.0
000839,20180913,4.04,3.97,4.03,4.07,0.0,0.0,17119670.0
000839,20180912,4.06,4.0,4.03,4.07,-0.09999999999999964,-2.3980815347721784,17544332.0
000839,20180911,4.16,3.95,4.04,4.17,-0.09999999999999964,-2.3419203747072515,35535064.0
000839,20180910,4.25,4.14,4.19,4.27,-0.03000000000000025,-0.6976744186046546,26305152.0
000839,20180907,4.29,4.21,4.27,4.3,-0.03000000000000025,-0.6928406466512715,20878283.0
000839,20180906,4.23,4.19,4.27,4.33,0.009999999999999787,0.23148148148146586,28875125.0
000839,20180905,4.28,4.22,4.26,4.32,0.0,0.0,21888485.0
000839,20180904,4.25,4.22,4.28,4.32,-0.040000000000000036,-0.9174311926605561,20995492.0
000839,20180903,4.34,4.19,4.27,4.36,-0.0699999999999994,-1.5801354401805745,25367803.0
000839,20180831,4.43,4.3,4.36,4.43,-0.11000000000000032,-2.422907488986792,29849632.0
000839,20180830,4.53,4.37,4.45,4.54,-0.08000000000000007,-1.7316017316017285,26230624.0
000839,20180829,4.52,4.49,4.54,4.62,0.07000000000000028,1.5384615384615552,38519812.0
000839,20180828,4.5,4.48,4.52,4.55,0.009999999999999787,0.22026431718060735,19807130.0
000839,20180827,4.46,4.45,4.5,4.54,0.040000000000000036,0.8888888888888946,24636209.0
000839,20180824,4.49,4.46,4.5,4.5,0.0,0.0,13601701.0
000839,20180823,4.47,4.43,4.5,4.5,-0.019999999999999574,-0.4424778761061843,18181657.0
000839,20180822,4.5,4.45,4.5,4.52,-0.03000000000000025,-0.6593406593406681,17039519.0
000839,20180821,4.51,4.47,4.52,4.55,0.040000000000000036,0.8869179600886845,20209228.0
000839,20180820,4.48,4.4,4.51,4.51,-0.0600000000000005,-1.3129102844639085,24401528.0
000839,20180817,4.56,4.44,4.51,4.57,0.010000000000000675,0.21929824561404132,22034540.0
000839,20180816,4.5,4.46,4.55,4.56,-0.15000000000000036,-3.1847133757961887,25928422.0
000839,20180815,4.67,4.54,4.56,4.71,-0.03000000000000025,-0.6329113924050667,21944320.0
000839,20180814,4.63,4.62,4.69,4.74,0.08999999999999986,1.9354838709677358,30551512.0
000839,20180813,4.59,4.55,4.64,4.65,-0.1299999999999999,-2.7196652719665204,23714368.0
000839,20180810,4.65,4.6,4.68,4.78,0.10000000000000053,2.1367521367521514,34321381.0
000839,20180809,4.56,4.53,4.65,4.68,-0.03000000000000025,-0.6369426751592355,32342482.0
000839,20180808,4.63,4.56,4.58,4.71,0.05999999999999961,1.2903225806451424,25443165.0
000839,20180807,4.55,4.48,4.64,4.65,0.07000000000000028,1.5283842794759916,27071217.0
000839,20180806,4.54,4.38,4.55,4.58,-0.019999999999999574,-0.43478260869563856,26177036.0
000839,20180803,4.55,4.52,4.55,4.6,-0.1900000000000004,-3.9665970772442716,17093469.0
000839,20180802,4.72,4.42,4.55,4.79,-0.15000000000000036,-3.0364372469635748,45383850.0
000839,20180801,4.92,4.74,4.76,4.94,0.0,0.0,30979958.0
000839,20180731,4.91,4.85,4.9,4.94,-0.10999999999999943,-2.178217821782169,19401342.0
000839,20180730,5.03,4.87,4.9,5.05,-0.1299999999999999,-2.5096525096525046,40192966.0
000839,20180727,5.12,5.02,5.04,5.18,-0.10000000000000053,-1.8939393939394034,65322939.0
000839,20180726,4.86,4.84,5.17,5.28,0.3700000000000001,7.535641547861505,125632527.0
000839,20180725,4.81,4.79,4.84,4.91,0.040000000000000036,0.8213552361396204,44218820.0
000839,20180724,4.73,4.69,4.83,4.87,0.15000000000000036,3.177966101694918,56363571.0
000839,20180723,4.64,4.6,4.7,4.72,0.02999999999999936,0.6396588486140553,28320745.0
000839,20180720,4.6,4.53,4.66,4.69,-0.02999999999999936,-0.6355932203389703,24319066.0
000839,20180719,4.71,4.6,4.62,4.72,-0.11000000000000032,-2.2774327122153326,26292190.0
000839,20180718,4.74,4.68,4.7,4.83,0.08000000000000007,1.6842105263157992,45386481.0
000839,20180717,4.64,4.59,4.71,4.75,0.1200000000000001,2.591792656587466,44741935.0
000839,20180716,4.62,4.56,4.62,4.63,-0.1200000000000001,-2.5263157894736876,27116157.0
000839,20180713,4.67,4.66,4.67,4.75,-0.040000000000000036,-0.8350730688935326,29582034.0
000839,20180712,4.57,4.55,4.69,4.79,0.13999999999999968,3.010752688172036,51481253.0
000839,20180711,4.65,4.45,4.55,4.65,-0.08999999999999986,-1.898734177215189,35598164.0
000839,20180710,4.7,4.65,4.7,4.74,0.020000000000000462,0.4237288135593209,24293330.0
000839,20180709,4.63,4.62,4.69,4.72,0.019999999999999574,0.42553191489360653,20172773.0
000839,20180706,4.61,4.51,4.62,4.7,-0.09999999999999964,-2.083333333333326,28184128.0
000839,20180705,4.64,4.58,4.63,4.8,0.019999999999999574,0.4184100418409997,34354379.0
000839,20180704,4.78,4.64,4.66,4.78,-0.20000000000000018,-4.016064257028118,32871753.0
000839,20180703,4.65,4.51,4.8,4.98,0.25,5.285412262156441,54428328.0
000839,20180702,4.72,4.58,4.63,4.73,-0.019999999999999574,-0.42105263157893313,32951317.0
000839,20180629,4.63,4.59,4.73,4.75,0.05999999999999961,1.2793176972281328,39202964.0
000839,20180628,4.68,4.59,4.63,4.69,-0.04999999999999982,-1.0548523206751037,28526616.0
000839,20180627,4.72,4.62,4.68,4.74,0.04999999999999982,1.0660980810234477,34341620.0
000839,20180626,4.48,4.45,4.67,4.69,-0.05999999999999961,-1.2631578947368327,32233922.0
000839,20180625,4.67,4.61,4.63,4.75,0.04999999999999982,1.0638297872340496,30984843.0
000839,20180622,4.55,4.46,4.66,4.7,-0.4299999999999997,-8.382066276803112,55237174.0
000839,20180621,5.03,4.51,4.63,5.13,-0.1299999999999999,-2.4714828897338337,86011717.0
000839,20180620,5.1,4.87,5.01,5.26,-0.5800000000000001,-9.931506849315074,72895027.0
000839,20180619,5.77,5.41,5.41,5.84,-0.40000000000000036,-6.410256410256421,56422173.0
000839,20180615,6.22,6.0,6.01,6.24,-0.02999999999999936,-0.4784688995215225,24853276.0
000839,20180614,6.2,6.13,6.27,6.27,-0.010000000000000675,-0.15923566878981443,35127075.0
000839,20180613,6.25,6.2,6.28,6.28,-0.040000000000000036,-0.6329113924050667,19982633.0
000839,20180612,6.2,6.12,6.32,6.32,0.0,0.0,27821826.0
000839,20180611,6.2,5.88,6.32,6.32,-0.33000000000000007,-4.96240601503759,60385594.0
000839,20180608,6.49,6.34,6.36,6.65,0.3100000000000005,4.88958990536279,61867513.0
000839,20180607,6.31,6.29,6.32,6.34,-0.009999999999999787,-0.15748031496062298,16046903.0
000839,20180606,6.33,6.28,6.33,6.35,-0.03000000000000025,-0.4702194357366851,17370170.0
000839,20180605,6.31,6.26,6.37,6.38,0.03000000000000025,0.47244094488190225,17639269.0
000839,20180604,6.33,6.24,6.34,6.35,-0.020000000000000462,-0.31397174254317317,17672078.0
000839,20180601,6.37,6.23,6.33,6.37,-0.019999999999999574,-0.312989045383405,18478340.0
000839,20180531,6.31,6.27,6.38,6.39,0.05999999999999961,0.9478672985781866,21245838.0
000839,20180530,6.31,6.16,6.33,6.33,-0.08000000000000007,-1.2480499219968855,31134115.0
000839,20180529,6.34,6.28,6.4,6.41,-0.08000000000000007,-1.2326656394452962,20518505.0
000839,20180528,6.49,6.25,6.34,6.49,-0.08999999999999986,-1.3677811550151908,29848102.0
000839,20180525,6.55,6.42,6.45,6.58,-0.08000000000000007,-1.2012012012012074,22471335.0
000839,20180524,6.64,6.55,6.55,6.66,-0.07000000000000028,-1.0401188707280906,18390574.0
000839,20180523,6.73,6.61,6.62,6.73,-0.019999999999999574,-0.2962962962962945,22449960.0
000839,20180522,6.69,6.65,6.74,6.75,0.0,0.0,27333677.0
000839,20180521,6.62,6.62,6.69,6.75,0.16000000000000014,2.427921092564489,27385768.0
000839,20180518,6.56,6.5,6.59,6.59,-0.08999999999999986,-1.3473053892215536,18335183.0
000839,20180517,6.67,6.54,6.56,6.68,-0.15000000000000036,-2.196193265007329,24732524.0
000839,20180516,6.71,6.68,6.69,6.83,0.020000000000000462,0.2936857562408246,25949891.0
000839,20180515,6.79,6.67,6.76,6.81,0.019999999999999574,0.2945508100147265,27585096.0
000839,20180514,6.68,6.63,6.75,6.79,0.09999999999999964,1.4947683109117982,37490305.0
000839,20180511,6.65,6.59,6.66,6.69,-0.019999999999999574,-0.29806259314455463,23368987.0
000839,20180510,6.68,6.59,6.64,6.71,-0.020000000000000462,-0.2971768202080338,21087546.0
000839,20180509,6.61,6.61,6.67,6.73,0.05000000000000071,0.7485029940119903,24712099.0
000839,20180508,6.65,6.57,6.65,6.68,0.040000000000000036,0.6024096385542244,27986660.0
000839,20180507,6.52,6.51,6.62,6.64,0.019999999999999574,0.302114803625364,26395958.0
000839,20180504,6.53,6.5,6.51,6.62,0.020000000000000462,0.3030303030303161,17641978.0
000839,20180503,6.52,6.42,6.57,6.6,-0.020000000000000462,-0.30211480362538623,24034454.0
000839,20180502,6.58,6.45,6.51,6.62,-0.08999999999999986,-1.341281669150518,24908476.0
000839,20180427,6.67,6.52,6.56,6.71,-0.13999999999999968,-2.0437956204379493,27820061.0
000839,20180426,6.82,6.6,6.62,6.85,-0.07000000000000028,-1.0115606936416222,37262114.0
000839,20180425,6.84,6.81,6.84,6.92,0.04999999999999982,0.727802037845704,29160636.0
000839,20180424,6.72,6.7,6.86,6.87,0.020000000000000462,0.29197080291971655,29871745.0
000839,20180423,6.82,6.64,6.73,6.85,-0.1200000000000001,-1.7216642754662836,26929356.0
000839,20180420,6.93,6.77,6.78,6.97,-0.11000000000000032,-1.5536723163841804,37035547.0
000839,20180419,6.75,6.68,7.0,7.08,0.28000000000000025,4.117647058823537,59650907.0
000839,20180418,6.75,6.57,6.74,6.8,-0.08000000000000007,-1.1627906976744207,31351065.0
000839,20180417,6.79,6.61,6.69,6.88,-0.07000000000000028,-1.0071942446043258,28277897.0
000839,20180416,6.9,6.74,6.78,6.95,-0.08999999999999986,-1.278409090909094,28029527.0
000839,20180413,6.98,6.92,6.93,7.04,-0.009999999999999787,-0.14184397163120588,17415050.0
000839,20180412,6.99,6.91,6.93,7.05,-0.08000000000000007,-1.1220196353436185,24097912.0
000839,20180411,7.06,7.03,7.04,7.13,0.09999999999999964,1.4224751066856278,25945778.0
000839,20180410,6.93,6.93,7.01,7.03,0.0,0.0,25240834.0
000839,20180409,6.99,6.79,6.93,7.03,-0.1899999999999995,-2.631578947368418,31422259.0
000839,20180404,7.13,7.01,7.03,7.22,0.0699999999999994,0.9790209790209614,28417253.0
000839,20180403,7.14,6.95,7.01,7.15,-0.1999999999999993,-2.7210884353741416,32510608.0
000839,20180402,7.14,7.13,7.22,7.35,0.10999999999999943,1.5193370165745845,37051583.0
000839,20180330,7.1,7.06,7.15,7.24,0.16000000000000014,2.259887005649719,35868920.0
000839,20180329,7.03,6.96,7.04,7.08,0.020000000000000462,0.2832861189801861,23069416.0
000839,20180328,6.95,6.92,6.97,7.06,-0.0600000000000005,-0.8426966292134908,27464828.0
000839,20180327,7.01,6.97,7.07,7.12,0.23000000000000043,3.338171262699574,38154560.0
000839,20180326,6.65,6.42,6.86,6.89,-0.16999999999999993,-2.4079320113314484,41069953.0
000839,20180323,7.03,6.6,6.76,7.06,-0.4200000000000008,-5.6149732620320965,74125317.0
000839,20180322,7.45,7.29,7.31,7.48,-0.10999999999999943,-1.449275362318836,32018488.0
000839,20180321,7.48,7.39,7.41,7.59,-0.009999999999999787,-0.1315789473684159,35716782.0
000839,20180320,7.6,7.35,7.45,7.6,-0.27000000000000046,-3.430749682337997,56657800.0
000839,20180319,7.86,7.68,7.68,7.87,-0.08999999999999986,-1.1306532663316604,33675164.0
000839,20180316,7.72,7.71,7.86,7.96,0.1200000000000001,1.5306122448979664,56923244.0
000839,20180315,7.75,7.68,7.71,7.84,-0.14000000000000057,-1.7543859649122862,35120716.0
000839,20180314,7.94,7.77,7.8,7.98,-0.129999999999999,-1.6029593094944339,48758739.0
000839,20180313,7.95,7.8,8.04,8.11,0.08999999999999986,1.122194513715713,69629618.0
000839,20180312,7.95,7.88,7.98,8.02,0.09999999999999964,1.262626262626254,47787485.0
000839,20180309,7.69,7.68,7.9,7.92,0.1899999999999995,2.457956015523921,56251806.0
000839,20180308,7.55,7.55,7.67,7.73,-0.11999999999999922,-1.5286624203821542,27578526.0
000839,20180307,7.8,7.58,7.62,7.85,0.009999999999999787,0.12755102040815647,41781905.0
000839,20180306,7.74,7.74,7.8,7.84,0.009999999999999787,0.12771392081736277,31359532.0
000839,20180305,7.81,7.7,7.75,7.83,-0.040000000000000036,-0.5082592121982255,30733788.0
000839,20180302,7.79,7.72,7.81,7.87,0.009999999999999787,0.12722646310432406,31809982.0
000839,20180301,7.7,7.66,7.8,7.86,-0.08999999999999986,-1.132075471698113,38741171.0
000839,20180228,7.93,7.65,7.82,7.95,-0.1800000000000006,-2.2140221402214055,61021010.0
000839,20180227,7.77,7.7,8.06,8.13,0.2900000000000009,3.6989795918367374,71651428.0
000839,20180226,7.63,7.51,7.77,7.84,0.2400000000000002,3.157894736842115,49280646.0
000839,20180223,7.6,7.42,7.51,7.6,0.040000000000000036,0.5291005291005346,31533801.0
000839,20180222,7.37,7.32,7.52,7.56,0.21999999999999975,2.9972752043596618,39314642.0
000839,20180214,7.24,7.19,7.27,7.34,0.019999999999999574,0.2732240437158362,26805669.0
000839,20180213,7.07,7.03,7.17,7.32,0.2600000000000007,3.682719546742219,46197091.0
000839,20180212,6.86,6.85,6.98,7.06,-0.05000000000000071,-0.7032348804500765,34198402.0
000839,20180209,7.04,6.62,6.77,7.11,-0.23999999999999932,-3.2653061224489743,65464795.0
000839,20180208,7.19,7.01,7.27,7.35,-0.1800000000000006,-2.390438247011961,33384414.0
000839,20180207,7.39,7.04,7.25,7.53,-0.4500000000000002,-5.6390977443609,59058849.0
000839,20180206,7.85,7.24,7.24,7.98,-0.2400000000000002,-2.919708029197088,95956204.0
000839,20180205,8.0,7.91,8.04,8.22,-0.08000000000000007,-0.9638554216867434,33238928.0
000839,20180202,8.06,7.82,8.13,8.3,-0.3699999999999992,-4.2675893886966465,50450911.0
000839,20180201,8.52,7.85,7.92,8.67,-0.22000000000000064,-2.474690663667045,71783633.0
000839,20180131,8.86,8.48,8.5,8.89,-0.08000000000000007,-0.8918617614269819,73243704.0
000839,20180130,8.88,8.84,8.92,8.97,0.02000000000000135,0.22346368715084886,48629128.0
000839,20180129,8.86,8.69,8.83,8.95,-0.02000000000000135,-0.22296544035675936,44007630.0
000839,20180126,8.93,8.81,8.83,8.97,-0.129999999999999,-1.4285714285714124,41240996.0
000839,20180125,8.87,8.82,8.97,9.1,0.20999999999999908,2.3622047244094446,70061324.0
000839,20180124,8.82,8.75,8.87,8.89,-0.03999999999999915,-0.4479283314669513,38146982.0
000839,20180123,8.7,8.7,8.84,8.93,0.14000000000000057,1.5927189988623525,46156628.0
000839,20180122,8.73,8.63,8.74,8.79,-0.120000000000001,-1.3468013468013629,35272465.0
000839,20180119,8.88,8.74,8.77,8.91,-0.05000000000000071,-0.5580357142857206,43589342.0
000839,20180118,8.79,8.79,8.89,8.96,0.040000000000000924,0.4484304932735439,44211814.0
000839,20180117,8.77,8.66,8.83,8.92,0.11999999999999922,1.3636363636363447,47461930.0
000839,20180116,8.66,8.58,8.8,8.8,-0.17999999999999972,-2.0044543429844075,51273135.0
000839,20180115,8.98,8.65,8.68,8.98,-0.09999999999999964,-1.1013215859030812,60147283.0
000839,20180112,9.04,9.0,9.0,9.08,-0.07000000000000028,-0.7650273224043769,38028641.0
000839,20180111,9.03,8.89,9.07,9.15,-0.07000000000000028,-0.7592190889370909,55255316.0
000839,20180110,9.14,8.95,9.03,9.22,0.030000000000001137,0.32644178454843686,60119402.0
000839,20180109,9.11,9.06,9.12,9.19,-0.030000000000001137,-0.32537960954448497,44952743.0
000839,20180108,9.15,9.01,9.11,9.22,-0.379999999999999,-3.9583333333333193,72986377.0
000839,20180105,9.59,9.18,9.19,9.6,-0.33999999999999986,-3.420523138832998,137210865.0
000839,20180104,9.55,9.51,9.65,9.94,0.1899999999999995,1.9487179487179374,101607892.0
000839,20180103,9.62,9.34,9.6,9.75,-0.2400000000000002,-2.4024024024024038,117495365.0
000839,20180102,9.68,9.5,9.55,9.99,0.15000000000000036,1.5243902439024515,136784263.0
000839,20171229,9.35,9.32,9.59,9.84,0.5199999999999996,5.579399141630903,138372730.0
000839,20171228,9.19,9.11,9.28,9.32,-0.02999999999999936,-0.3208556149732589,66097955.0
000839,20171227,8.91,8.9,9.22,9.35,0.4499999999999993,5.0561797752809,106082674.0
000839,20171226,8.84,8.77,8.9,8.9,-0.03999999999999915,-0.4474272930648726,34948063.0
000839,20171225,8.82,8.72,8.82,8.94,-0.009999999999999787,-0.11173184357541333,44207664.0
000839,20171222,8.64,8.61,8.86,8.95,0.20999999999999908,2.4027459954233388,78643669.0
000839,20171221,8.72,8.43,8.6,8.74,-0.1899999999999995,-2.127659574468077,56000152.0
000839,20171220,8.89,8.58,8.68,8.93,-0.030000000000001137,-0.33482142857144126,77655488.0
000839,20171219,8.96,8.87,8.89,8.96,-0.10999999999999943,-1.2127894156560015,35110207.0
000839,20171218,9.03,8.81,8.84,9.07,-0.10999999999999943,-1.1982570806100101,60220532.0
