ts_code,trade_date,open,high,low,close,change,pct_change,vol
002171,20260320,11.41,11.06,11.07,11.46,-0.21999999999999886,-1.8835616438356073,30324972.0
002171,20260319,11.65,11.25,11.3,11.68,-0.2900000000000009,-2.4227234753550597,41287487.0
002171,20260318,11.93,11.6,11.88,11.97,-0.41000000000000014,-3.3117932148626794,36513270.0
002171,20260317,12.33,11.9,11.92,12.38,0.02000000000000135,0.16181229773464256,37506305.0
002171,20260316,12.31,12.02,12.27,12.36,-0.3600000000000012,-2.8301886792452935,31882632.0
002171,20260313,12.61,12.36,12.4,12.72,-0.34999999999999964,-2.6778882938025994,39132657.0
002171,20260312,12.79,12.57,12.72,13.07,0.33000000000000007,2.590266875981162,54221418.0
002171,20260311,12.55,12.53,12.61,12.74,0.120000000000001,0.9508716323296529,32514708.0
002171,20260310,12.49,12.37,12.55,12.62,-0.07000000000000028,-0.5516154452324673,40896428.0
002171,20260309,12.69,11.98,12.3,12.69,-0.33999999999999986,-2.609363008442056,64844673.0
002171,20260306,12.85,12.74,12.81,13.03,-0.2400000000000002,-1.8085908063300682,37687389.0
002171,20260305,13.1,12.85,12.97,13.27,0.15000000000000036,1.143292682926833,43765956.0
002171,20260304,12.65,12.58,12.85,13.12,-0.620000000000001,-4.512372634643381,43356254.0
002171,20260303,13.7,12.82,12.85,13.74,-0.14000000000000057,-1.008645533141217,79890401.0
002171,20260302,13.59,13.5,13.71,13.88,0.08000000000000007,0.5797101449275477,68356738.0
002171,20260227,13.45,13.37,13.74,13.8,0.19000000000000128,1.3960323291697385,58700792.0
002171,20260226,13.43,13.27,13.52,13.61,0.20999999999999908,1.5671641791044744,57881444.0
002171,20260225,13.1,13.0,13.36,13.4,0.25,1.9011406844106515,56415321.0
002171,20260224,12.96,12.88,13.08,13.15,0.120000000000001,0.9209516500383819,45478851.0
002171,20260213,12.9,12.7,12.71,13.03,-0.07000000000000028,-0.5343511450381699,41411173.0
002171,20260212,12.85,12.83,12.97,13.1,0.049999999999998934,0.3831417624520883,48922050.0
002171,20260211,12.8,12.78,12.91,13.05,0.08000000000000007,0.6168080185042335,43632670.0
002171,20260210,12.9,12.75,12.82,12.97,0.08999999999999986,0.6987577639751441,34355180.0
002171,20260209,12.74,12.7,12.86,12.88,0.15000000000000036,1.178318931657496,37840280.0
002171,20260206,12.46,12.35,12.51,12.73,-0.20999999999999908,-1.6228748068006116,34971532.0
002171,20260205,12.84,12.55,12.61,12.94,-0.23000000000000043,-1.7463933181473101,44114649.0
002171,20260204,13.05,12.84,12.99,13.17,0.11999999999999922,0.9195402298850519,43411630.0
002171,20260203,12.8,12.69,13.03,13.05,-0.11999999999999922,-0.9111617312072884,54277096.0
002171,20260202,13.0,12.58,12.58,13.17,-0.40000000000000036,-2.9476787030213725,66544667.0
002171,20260130,13.53,12.85,13.2,13.57,-0.8699999999999992,-6.02493074792243,96766495.0
002171,20260129,14.44,13.7,13.71,14.44,-0.21000000000000085,-1.433447098976115,112707266.0
002171,20260128,14.24,14.11,14.43,14.65,0.15000000000000036,1.0344827586207028,100995188.0
002171,20260127,14.32,13.71,14.28,14.5,-0.5899999999999999,-3.9098740888005246,97491072.0
002171,20260126,14.95,14.4,14.52,15.09,0.1899999999999995,1.2751677852348875,120106974.0
002171,20260123,14.4,14.26,14.85,14.9,0.40000000000000036,2.758620689655178,110154771.0
002171,20260122,14.14,14.05,14.4,14.5,0.15000000000000036,1.0452961672473782,83243550.0
002171,20260121,13.96,13.88,14.11,14.35,-0.33000000000000007,-2.2479564032697574,63700942.0
002171,20260120,14.55,13.92,13.99,14.68,-0.08999999999999986,-0.6093432633716978,96564502.0
002171,20260119,14.48,14.2,14.61,14.77,0.129999999999999,0.8879781420765065,104780858.0
002171,20260116,14.03,14.0,14.42,14.64,0.45000000000000107,3.1712473572938826,123029371.0
002171,20260115,14.1,13.69,13.89,14.19,-0.8100000000000005,-5.400000000000005,110858389.0
002171,20260114,14.32,14.04,14.34,15.0,-0.9000000000000004,-5.660377358490565,186595422.0
002171,20260113,15.9,14.13,14.33,15.9,0.2599999999999998,1.662404092071612,237887083.0
002171,20260112,14.5,14.5,15.64,15.64,0.9000000000000004,6.105834464043425,223906241.0
002171,20260109,14.06,13.98,14.22,14.74,0.6699999999999999,4.761904761904767,183528613.0
002171,20260108,13.26,13.2,14.03,14.07,0.39000000000000057,2.8508771929824706,180699107.0
002171,20260107,13.15,12.98,13.37,13.68,0.46999999999999886,3.557910673732012,140083325.0
002171,20260106,13.14,12.88,13.18,13.21,-0.23999999999999844,-1.7843866171003642,111656706.0
002171,20260105,13.38,13.0,13.08,13.45,-0.5200000000000014,-3.722261989978537,122685310.0
002171,20251231,13.39,13.2,13.26,13.97,0.4800000000000004,3.55819125277983,144260078.0
002171,20251230,13.1,12.94,13.38,13.49,0.040000000000000924,0.29739776951673846,131177290.0
002171,20251229,13.15,13.0,13.23,13.45,0.17999999999999972,1.35644310474754,139992939.0
002171,20251226,13.08,12.66,12.99,13.27,0.1999999999999993,1.5302218821729108,138341786.0
002171,20251225,12.5,12.43,13.0,13.07,0.4800000000000004,3.8125496425734706,144396636.0
002171,20251224,12.36,12.15,12.49,12.59,0.08999999999999986,0.7200000000000095,94881825.0
002171,20251223,12.18,12.07,12.28,12.5,0.15000000000000036,1.2145748987854255,85441846.0
002171,20251222,12.31,12.14,12.19,12.35,-0.08000000000000007,-0.6436041834271933,59871995.0
002171,20251219,12.04,12.02,12.14,12.43,0.23000000000000043,1.885245901639343,65033522.0
002171,20251218,11.83,11.79,11.92,12.2,0.17999999999999972,1.4975041597337757,55784537.0
002171,20251217,11.72,11.45,11.97,12.02,-0.3800000000000008,-3.0645161290322687,73605604.0
002171,20251216,12.4,11.67,11.8,12.4,-0.16999999999999993,-1.352426412092278,81634713.0
002171,20251215,12.26,12.21,12.36,12.57,0.2900000000000009,2.3615635179153216,111637117.0
002171,20251212,11.88,11.87,12.2,12.28,0.1999999999999993,1.655629139072845,91649168.0
002171,20251211,11.9,11.84,11.85,12.08,0.13000000000000078,1.087866108786617,58960519.0
002171,20251210,11.86,11.71,11.87,11.95,-0.08999999999999986,-0.7475083056478371,50760221.0
002171,20251209,12.0,11.73,11.84,12.04,-0.28000000000000114,-2.272727272727282,70133353.0
002171,20251208,12.18,12.05,12.09,12.32,0.25,2.07125103562551,92339254.0
002171,20251205,11.58,11.48,12.02,12.07,0.25,2.1150592216582,93798198.0
002171,20251204,11.77,11.5,11.54,11.82,-0.20999999999999908,-1.74563591022443,50699801.0
002171,20251203,11.63,11.51,11.77,12.03,0.33999999999999986,2.9084687767322537,97707025.0
002171,20251202,11.61,11.46,11.53,11.69,-0.19000000000000128,-1.5993265993266115,45844370.0
002171,20251201,11.73,11.58,11.72,11.88,0.28000000000000114,2.413793103448292,67756984.0
002171,20251128,11.32,11.2,11.56,11.6,0.0600000000000005,0.5199306759098743,52845377.0
002171,20251127,11.36,11.31,11.35,11.54,-0.07000000000000028,-0.6029285099052539,59069861.0
002171,20251126,11.23,11.23,11.39,11.61,0.25,2.2007042253521236,83652409.0
002171,20251125,11.2,11.1,11.21,11.36,0.2599999999999998,2.3423423423423406,53466642.0
002171,20251124,10.8,10.79,11.04,11.1,-0.15000000000000036,-1.333333333333342,50164204.0
002171,20251121,11.19,10.75,10.79,11.25,-0.39000000000000057,-3.350515463917525,75114001.0
002171,20251120,11.57,11.33,11.37,11.64,-0.08000000000000007,-0.6825938566552892,43446194.0
002171,20251119,11.61,11.41,11.46,11.72,-0.11999999999999922,-1.0135135135135087,50372124.0
002171,20251118,11.8,11.46,11.62,11.84,-0.13000000000000078,-1.0860484544695126,67365340.0
002171,20251117,11.74,11.69,11.83,11.97,-0.28999999999999915,-2.3654159869494262,50065574.0
002171,20251114,12.25,11.83,11.83,12.26,-0.2900000000000009,-2.3107569721115606,98646222.0
002171,20251113,12.3,12.24,12.38,12.55,-0.1999999999999993,-1.5686274509803866,74285552.0
002171,20251112,12.7,12.3,12.38,12.75,-0.3800000000000008,-2.8941355674029,99721989.0
002171,20251111,12.4,12.27,12.95,13.13,0.5500000000000007,4.3720190779014345,163191077.0
002171,20251110,12.26,12.21,12.47,12.58,-0.03999999999999915,-0.31695721077653616,97157147.0
002171,20251107,12.61,12.18,12.22,12.62,-0.22000000000000064,-1.7133956386292892,130993864.0
002171,20251106,12.4,12.35,12.71,12.84,0.08999999999999986,0.7058823529411784,120237009.0
002171,20251105,12.56,12.4,12.57,12.75,-0.4499999999999993,-3.409090909090906,112053525.0
002171,20251104,12.69,12.47,12.93,13.2,-0.4400000000000013,-3.2258064516129115,144645453.0
002171,20251103,13.48,12.7,12.91,13.64,-0.009999999999999787,-0.073260073260073,146588062.0
002171,20251031,13.34,13.04,13.33,13.65,-0.09999999999999964,-0.7272727272727209,145437970.0
002171,20251030,13.75,13.32,13.35,13.75,-0.5600000000000005,-3.9133473095737226,227736645.0
002171,20251029,13.61,13.27,14.01,14.31,0.16999999999999993,1.2022630834511938,370126118.0
002171,20251028,12.98,12.8,13.72,14.14,0.9600000000000009,7.283763277693489,430163937.0
002171,20251027,12.6,12.6,12.85,13.18,0.33000000000000007,2.5680933852139987,294532583.0
002171,20251024,12.22,11.77,12.47,12.85,-0.21000000000000085,-1.607963246554367,240866457.0
002171,20251023,12.52,11.98,12.04,13.06,-0.35999999999999943,-2.682563338301036,204276964.0
002171,20251022,12.33,11.9,12.84,13.42,0.11999999999999922,0.9022556390977376,317443085.0
002171,20251021,12.59,12.4,12.78,13.3,0.20000000000000107,1.526717557251911,294464919.0
002171,20251020,12.3,11.78,12.64,13.1,0.6999999999999993,5.645161290322576,327751284.0
002171,20251017,12.35,11.57,11.91,12.4,-0.3200000000000003,-2.515723270440251,272002802.0
002171,20251016,11.55,11.36,12.72,12.72,0.41999999999999993,3.4146341463414664,345829355.0
002171,20251015,12.05,11.38,11.56,12.3,0.9800000000000004,8.657243816254411,332448518.0
002171,20251014,11.32,11.32,11.32,11.32,1.0,9.689922480620151,38952391.0
002171,20251013,9.65,9.65,10.29,10.32,0.22000000000000064,2.17821782178218,99466744.0
002171,20251010,10.1,9.86,10.0,10.1,0.009999999999999787,0.09910802775023875,70888501.0
002171,20251009,9.85,9.75,10.06,10.09,0.35999999999999943,3.6998972250770645,99787852.0
002171,20250930,9.54,9.51,9.67,9.73,0.15000000000000036,1.565762004175375,39132500.0
002171,20250929,9.45,9.36,9.51,9.58,-0.08000000000000007,-0.8281573498964856,34373561.0
002171,20250926,9.6,9.38,9.38,9.66,-0.15000000000000036,-1.5290519877675823,33093633.0
002171,20250925,9.69,9.56,9.58,9.81,0.2400000000000002,2.5078369905956244,45950490.0
002171,20250924,9.25,9.17,9.53,9.57,0.009999999999999787,0.10460251046024993,38808441.0
002171,20250923,9.48,9.11,9.29,9.56,0.030000000000001137,0.31479538300105414,44893262.0
002171,20250922,9.41,9.32,9.52,9.53,-0.040000000000000924,-0.4179728317659448,32130609.0
002171,20250919,9.49,9.32,9.37,9.57,-0.3200000000000003,-3.2355915065722995,34704604.0
002171,20250918,9.65,9.35,9.46,9.89,0.17999999999999972,1.8537590113285152,67515732.0
002171,20250917,9.48,9.42,9.7,9.71,-0.009999999999999787,-0.10288065843621075,41154485.0
002171,20250916,9.64,9.32,9.52,9.72,-0.1399999999999988,-1.4198782961460377,51261721.0
002171,20250915,9.82,9.6,9.62,9.86,-0.10000000000000142,-1.0040160642570406,37347405.0
002171,20250912,9.68,9.65,9.82,9.96,0.27000000000000135,2.786377708978338,51380803.0
002171,20250911,9.44,9.32,9.68,9.69,-0.05000000000000071,-0.5133470225872738,38856277.0
002171,20250910,9.65,9.4,9.45,9.74,-0.23000000000000043,-2.306920762286868,41113847.0
002171,20250909,9.72,9.6,9.65,9.97,0.07000000000000028,0.7070707070707005,50881972.0
002171,20250908,9.56,9.51,9.76,9.9,0.4299999999999997,4.540654699049629,62066897.0
002171,20250905,9.18,9.15,9.43,9.47,-0.21999999999999886,-2.27038183694529,42448928.0
002171,20250904,9.27,9.06,9.17,9.69,0.05999999999999872,0.6230529595015355,55339632.0
002171,20250903,9.56,9.26,9.31,9.63,-0.35999999999999943,-3.6036036036036,40937497.0
002171,20250902,9.95,9.43,9.54,9.99,-0.0600000000000005,-0.5970149253731405,64743879.0
002171,20250901,9.88,9.81,9.94,10.05,0.14000000000000057,1.4127144298688332,59144703.0
002171,20250829,9.9,9.7,9.79,9.91,-0.15000000000000036,-1.491053677932408,57334782.0
002171,20250828,9.85,9.58,9.89,10.06,-0.08000000000000007,-0.7889546351084853,63014890.0
002171,20250827,9.95,9.79,9.84,10.14,-0.049999999999998934,-0.4906771344455274,70709248.0
002171,20250826,10.1,9.92,9.95,10.19,-0.15000000000000036,-1.4506769825918808,75348855.0
002171,20250825,9.91,9.91,10.26,10.34,0.3699999999999992,3.7111334002005947,99329275.0
002171,20250822,9.89,9.8,9.89,9.97,-0.03999999999999915,-0.39960039960038607,46890100.0
002171,20250821,10.0,9.78,9.85,10.01,-0.08999999999999986,-0.8910891089108919,49451594.0
002171,20250820,10.01,9.83,10.0,10.1,-0.030000000000001137,-0.29615004935835687,61072302.0
002171,20250819,10.09,9.9,9.98,10.13,-0.33000000000000007,-3.1548757170172137,61552039.0
002171,20250818,10.39,10.08,10.13,10.46,0.21000000000000085,2.04878048780488,109011571.0
002171,20250815,9.72,9.72,10.25,10.25,0.15000000000000036,1.4851485148514865,98264212.0
002171,20250814,9.9,9.72,9.77,10.1,0.40000000000000036,4.123711340206193,112264421.0
002171,20250813,9.23,9.23,9.69,9.7,0.34999999999999964,3.743315508021383,80564663.0
002171,20250812,9.33,9.17,9.25,9.35,-0.09999999999999964,-1.0582010582010581,33916902.0
002171,20250811,9.33,9.3,9.33,9.45,0.10999999999999943,1.1777301927194728,44942469.0
002171,20250808,9.2,9.1,9.28,9.34,-0.040000000000000924,-0.4264392324093924,39094030.0
002171,20250807,9.34,9.15,9.24,9.38,0.05000000000000071,0.5359056806002238,41163179.0
002171,20250806,9.11,9.09,9.31,9.33,0.08999999999999986,0.9740259740259827,64214267.0
002171,20250805,9.09,9.07,9.13,9.24,0.16000000000000014,1.7621145374449254,54864444.0
002171,20250804,8.83,8.82,9.08,9.08,0.11999999999999922,1.3392857142856984,35896788.0
002171,20250801,8.85,8.81,8.9,8.96,-0.08999999999999986,-0.9944751381215422,25857396.0
002171,20250731,8.92,8.84,8.87,9.05,-0.10999999999999943,-1.2008733624454093,34151311.0
002171,20250730,9.16,8.9,8.99,9.16,-0.129999999999999,-1.399354144241105,47737564.0
002171,20250729,9.27,9.08,9.18,9.29,-0.14000000000000057,-1.4846235418875975,43602982.0
002171,20250728,9.16,9.04,9.27,9.43,0.129999999999999,1.3978494623655857,79402862.0
002171,20250725,9.0,8.83,9.16,9.3,0.3000000000000007,3.3333333333333437,85689586.0
002171,20250724,8.81,8.79,8.97,9.0,-0.009999999999999787,-0.11098779134295356,49616815.0
002171,20250723,9.01,8.82,8.85,9.01,-0.120000000000001,-1.3143483023001168,46867488.0
002171,20250722,9.13,8.97,9.05,9.13,-0.02999999999999936,-0.3275109170305601,39786492.0
002171,20250721,9.08,9.05,9.14,9.16,0.08000000000000007,0.8810572687224738,39769249.0
002171,20250718,8.98,8.95,9.05,9.08,0.08000000000000007,0.8888888888888946,41816717.0
002171,20250717,8.8,8.75,8.98,9.0,0.009999999999999787,0.11123470522802492,50025609.0
002171,20250716,8.95,8.77,8.81,8.99,-0.08999999999999986,-0.9911894273127775,42373805.0
002171,20250715,8.87,8.82,8.92,9.08,0.05000000000000071,0.5537098560354448,53580209.0
002171,20250714,8.98,8.83,8.86,9.03,-0.009999999999999787,-0.11061946902655162,49951337.0
002171,20250711,8.98,8.74,8.94,9.04,0.0,0.0,60798366.0
002171,20250710,9.01,8.6,8.81,9.04,-0.26000000000000156,-2.7956989247312047,60407957.0
002171,20250709,9.26,8.95,8.98,9.3,0.030000000000001137,0.3236245954692629,57077695.0
002171,20250708,9.18,9.18,9.23,9.27,-0.09999999999999964,-1.0672358591248599,30004730.0
002171,20250707,9.28,9.16,9.2,9.37,-0.05000000000000071,-0.5307855626327074,19851799.0
002171,20250704,9.37,9.13,9.28,9.42,-0.15000000000000036,-1.5673981191222652,34225390.0
002171,20250703,9.54,9.3,9.37,9.57,-0.16000000000000014,-1.6443987667009274,36775435.0
002171,20250702,9.7,9.44,9.54,9.73,-0.09999999999999964,-1.0172939979654072,28588800.0
002171,20250701,9.82,9.59,9.72,9.83,-0.16000000000000014,-1.6016016016015988,19753400.0
002171,20250630,9.65,9.5,9.73,9.99,0.33999999999999986,3.523316062176174,39635099.0
002171,20250627,9.57,9.48,9.53,9.65,-0.09999999999999964,-1.025641025641022,16265400.0
002171,20250626,9.66,9.49,9.51,9.75,0.07000000000000028,0.723140495867769,21959548.0
002171,20250625,9.42,9.36,9.64,9.68,0.25,2.6511134676564074,28390651.0
002171,20250624,9.0,8.96,9.38,9.43,0.379999999999999,4.198895027624294,24469574.0
002171,20250623,8.86,8.86,8.95,9.05,0.040000000000000924,0.4439511653718142,14592255.0
002171,20250620,8.93,8.86,8.91,9.01,-0.27999999999999936,-3.0139935414424057,11721191.0
002171,20250619,9.2,8.92,8.96,9.29,-0.05000000000000071,-0.5353319057815886,16756759.0
002171,20250618,9.24,9.12,9.19,9.34,0.019999999999999574,0.21459227467810482,13521700.0
002171,20250617,9.23,9.19,9.24,9.32,-0.1899999999999995,-1.9978969505783373,11870000.0
002171,20250616,9.37,9.19,9.27,9.51,-0.07000000000000028,-0.7306889352818424,24042621.0
002171,20250613,9.5,9.3,9.37,9.58,-0.0600000000000005,-0.6224066390041583,34343244.0
002171,20250612,9.55,9.41,9.52,9.64,0.08999999999999986,0.9424083769633551,29928133.0
002171,20250611,9.14,9.14,9.45,9.55,0.23000000000000043,2.467811158798283,41181752.0
002171,20250610,9.21,9.01,9.12,9.32,0.08999999999999986,0.9750812567713929,25625316.0
002171,20250609,8.92,8.82,9.18,9.23,0.13000000000000078,1.4285714285714457,34662961.0
002171,20250606,8.83,8.71,9.02,9.1,0.28999999999999915,3.291713961407483,35665306.0
002171,20250605,8.7,8.66,8.79,8.81,0.05000000000000071,0.5707762557077611,26977517.0
002171,20250604,8.69,8.62,8.7,8.76,0.019999999999999574,0.22883295194506825,23389179.0
002171,20250603,8.66,8.61,8.69,8.74,-0.009999999999999787,-0.11428571428571122,19036259.0
002171,20250530,8.74,8.6,8.62,8.75,-0.09999999999999964,-1.1299435028248594,13697480.0
002171,20250529,8.65,8.55,8.78,8.85,0.1399999999999988,1.6073478760045834,27201313.0
002171,20250528,8.38,8.37,8.57,8.71,0.1700000000000017,1.9906323185011843,26114985.0
002171,20250527,8.53,8.29,8.38,8.54,-0.10000000000000142,-1.1574074074074292,14756266.0
002171,20250526,8.43,8.41,8.54,8.64,-0.03999999999999915,-0.4608294930875445,15682866.0
002171,20250523,8.45,8.44,8.45,8.68,0.02999999999999936,0.3468208092485492,19147800.0
002171,20250522,8.51,8.42,8.51,8.65,0.07000000000000028,0.8158508158508271,15404547.0
002171,20250521,8.51,8.39,8.52,8.58,-0.09999999999999964,-1.1520737327188946,12891644.0
002171,20250520,8.45,8.41,8.51,8.68,0.15000000000000036,1.7584994138335253,15921378.0
002171,20250519,8.42,8.21,8.45,8.53,-0.11000000000000121,-1.2731481481481621,14951496.0
002171,20250516,8.46,8.43,8.43,8.64,-0.03999999999999915,-0.4608294930875445,15020526.0
002171,20250515,8.66,8.43,8.52,8.68,-0.09999999999999964,-1.1389521640091105,22241148.0
002171,20250514,8.64,8.59,8.68,8.78,-0.3200000000000003,-3.516483516483515,18085156.0
002171,20250513,9.07,8.61,8.68,9.1,-0.08000000000000007,-0.8714596949891074,38903048.0
002171,20250512,8.69,8.62,8.99,9.18,0.14000000000000057,1.5486725663716783,48684555.0
002171,20250509,8.96,8.59,8.62,9.04,-0.120000000000001,-1.310043668122285,26605839.0
002171,20250508,8.87,8.66,9.02,9.16,0.009999999999999787,0.10928961748633004,28562066.0
002171,20250507,8.88,8.77,8.89,9.15,0.3200000000000003,3.624009060022648,31493207.0
002171,20250506,8.52,8.51,8.81,8.83,-0.02999999999999936,-0.3386004514672636,18185597.0
002171,20250430,8.6,8.43,8.48,8.86,0.20999999999999908,2.4277456647398665,16293152.0
002171,20250429,8.51,8.46,8.6,8.65,-0.10999999999999943,-1.2557077625570678,6211687.0
002171,20250428,8.67,8.5,8.56,8.76,-0.120000000000001,-1.3513513513513598,11418325.0
002171,20250425,8.79,8.73,8.78,8.88,-0.10999999999999943,-1.2235817575083408,9595383.0
002171,20250424,8.95,8.73,8.78,8.99,-0.08999999999999986,-0.9911894273127775,11659991.0
002171,20250423,9.05,8.88,8.95,9.08,0.0,0.0,11228439.0
002171,20250422,8.91,8.76,9.0,9.08,-0.05000000000000071,-0.5476451259583848,15921000.0
002171,20250421,8.78,8.78,8.96,9.13,0.21000000000000085,2.354260089686111,15269800.0
002171,20250418,8.65,8.56,8.77,8.92,0.11999999999999922,1.3636363636363447,11621540.0
002171,20250417,8.69,8.65,8.65,8.8,0.030000000000001137,0.3420752565564511,11458056.0
002171,20250416,8.7,8.41,8.72,8.77,-0.16000000000000014,-1.7917133258678608,20762864.0
002171,20250415,8.9,8.46,8.75,8.93,-0.34999999999999964,-3.7715517241379226,27547302.0
002171,20250414,9.1,8.89,8.93,9.28,0.20999999999999908,2.3153252480705433,26350761.0
002171,20250411,8.74,8.7,8.85,9.07,0.16999999999999993,1.9101123595505642,20316440.0
002171,20250410,8.67,8.54,8.83,8.9,0.120000000000001,1.3667425968109548,25791274.0
002171,20250409,7.95,7.44,8.63,8.78,0.4399999999999995,5.27577937649879,40730774.0
002171,20250408,8.1,7.9,8.1,8.34,-0.25,-2.9103608847497076,34211783.0
002171,20250407,8.5,8.16,8.16,8.59,-0.5400000000000009,-5.914567360350498,22788602.0
002171,20250403,9.05,8.91,9.07,9.13,-0.1999999999999993,-2.143622722400851,15350565.0
002171,20250402,9.06,9.0,9.1,9.33,0.23000000000000043,2.5274725274725407,23404050.0
002171,20250401,8.79,8.72,9.06,9.1,0.15000000000000036,1.6759776536312998,22927728.0
002171,20250331,8.83,8.62,8.78,8.95,-0.25,-2.717391304347827,16260643.0
002171,20250328,9.11,8.85,8.89,9.2,-0.0600000000000005,-0.6479481641468721,15203607.0
002171,20250327,9.13,9.0,9.11,9.26,-0.23000000000000043,-2.423603793466811,14233200.0
002171,20250326,9.2,9.15,9.17,9.49,0.009999999999999787,0.10548523206750371,23083500.0
002171,20250325,9.29,9.06,9.22,9.48,0.11000000000000121,1.1739594450373758,35931817.0
002171,20250324,9.26,8.9,9.08,9.37,-0.2900000000000009,-3.002070393374756,23183510.0
002171,20250321,9.57,9.16,9.26,9.66,-0.07000000000000028,-0.7194244604316613,26376167.0
002171,20250320,9.66,9.46,9.59,9.73,0.05000000000000071,0.5165289256198413,19253500.0
002171,20250319,9.68,9.41,9.64,9.68,-0.20000000000000107,-2.0242914979757165,25311980.0
002171,20250318,9.75,9.47,9.54,9.88,-0.27999999999999936,-2.7559055118110187,40723867.0
002171,20250317,9.83,9.69,9.7,10.16,0.2400000000000002,2.4193548387096753,30847748.0
002171,20250314,9.85,9.64,9.87,9.92,-0.09999999999999964,-0.9980039920159611,20982655.0
002171,20250313,9.99,9.7,9.82,10.02,-0.120000000000001,-1.183431952662728,22416485.0
002171,20250312,9.99,9.92,9.98,10.14,-0.019999999999999574,-0.19685039370078705,31618452.0
002171,20250311,9.84,9.74,9.95,10.16,-0.08000000000000007,-0.78125,20982161.0
002171,20250310,9.86,9.69,9.86,10.24,0.41999999999999993,4.276985743380846,31261603.0
002171,20250307,9.46,9.36,9.76,9.82,0.2599999999999998,2.7196652719665204,28595884.0
002171,20250306,9.47,9.35,9.45,9.56,-0.03999999999999915,-0.4166666666666541,17866984.0
002171,20250305,9.46,9.2,9.47,9.6,0.07000000000000028,0.734522560335793,18913328.0
002171,20250304,9.09,9.05,9.45,9.53,0.22999999999999865,2.473118279569886,30135485.0
002171,20250303,8.77,8.63,9.13,9.3,-0.11999999999999922,-1.27388535031846,30426696.0
002171,20250228,9.09,8.72,8.77,9.42,0.16000000000000014,1.7278617710583255,20881592.0
002171,20250227,9.23,8.78,8.97,9.26,-0.02999999999999936,-0.32292787944024903,24622571.0
002171,20250226,8.85,8.71,9.15,9.29,0.3099999999999987,3.4521158129175777,28461406.0
002171,20250225,8.76,8.58,8.84,8.98,-0.02999999999999936,-0.33296337402884957,18910094.0
002171,20250224,8.65,8.61,8.84,9.01,0.15000000000000036,1.6930022573363512,21781121.0
002171,20250221,8.64,8.63,8.7,8.86,0.07000000000000028,0.7963594994311762,22784521.0
002171,20250220,8.2,8.16,8.74,8.79,0.46999999999999886,5.649038461538458,43480188.0
002171,20250219,7.73,7.71,8.24,8.32,0.41999999999999993,5.316455696202538,34690335.0
002171,20250218,7.65,7.53,7.73,7.9,0.09000000000000075,1.1523687580025754,27104915.0
002171,20250217,7.81,7.49,7.64,7.81,-0.2500000000000009,-3.1017369727047273,34249833.0
002171,20250214,7.96,7.75,7.81,8.06,-0.16000000000000014,-1.9464720194647178,20890460.0
002171,20250213,8.2,7.97,7.99,8.22,0.02000000000000135,0.24390243902441266,18447298.0
002171,20250212,8.12,8.07,8.18,8.2,-0.28000000000000114,-3.301886792452846,12333259.0
002171,20250211,8.42,8.09,8.14,8.48,-0.02999999999999936,-0.3525264394829586,19873292.0
002171,20250210,8.33,8.3,8.38,8.51,0.08999999999999986,1.0688836104512989,21980659.0
002171,20250207,8.02,7.96,8.33,8.42,0.16999999999999993,2.0606060606060517,25944457.0
002171,20250206,8.17,7.96,8.03,8.25,-0.3000000000000007,-3.5087719298245723,28368329.0
002171,20250205,8.52,8.08,8.13,8.55,-0.09999999999999964,-1.1560693641618491,16507100.0
002171,20250127,8.62,8.38,8.42,8.65,0.0,0.0,9402113.0
002171,20250124,8.36,8.35,8.61,8.65,-0.09999999999999964,-1.1428571428571344,12614456.0
002171,20250123,8.57,8.37,8.41,8.75,0.02999999999999936,0.34403669724769603,15763980.0
002171,20250122,8.36,8.33,8.52,8.72,-0.06999999999999851,-0.796359499431154,28868241.0
002171,20250121,8.74,8.31,8.36,8.79,-0.11000000000000121,-1.2359550561797938,21713026.0
002171,20250120,8.83,8.67,8.71,8.9,-0.049999999999998934,-0.5586592178770777,10865769.0
002171,20250117,8.67,8.67,8.77,8.95,0.02999999999999936,0.33632286995515237,15357470.0
002171,20250116,8.78,8.65,8.74,8.92,0.03999999999999915,0.45045045045044585,14963408.0
002171,20250115,8.83,8.54,8.75,8.88,0.0,0.0,16146285.0
002171,20250114,8.36,8.25,8.85,8.88,0.41000000000000014,4.840613931523019,21161567.0
002171,20250113,8.23,8.17,8.34,8.47,-0.3099999999999987,-3.530751708428237,12755203.0
002171,20250110,8.38,8.31,8.31,8.78,0.25,2.9308323563892236,19495720.0
002171,20250109,7.91,7.88,8.42,8.53,0.11999999999999922,1.4268727705112783,23360731.0
002171,20250108,8.41,7.64,8.07,8.41,-0.0600000000000005,-0.7083825265643551,28718269.0
002171,20250107,8.1,8.02,8.46,8.47,0.2599999999999998,3.166869671132755,15488977.0
002171,20250106,8.05,7.92,8.08,8.21,-0.2599999999999998,-3.0696576151121535,17373929.0
002171,20250103,8.04,8.02,8.08,8.47,0.15000000000000036,1.8028846153846256,26434933.0
002171,20250102,8.15,8.0,8.08,8.32,-0.46999999999999886,-5.346985210466427,23890365.0
002171,20241231,8.75,8.19,8.2,8.79,-0.16000000000000014,-1.787709497206702,38162749.0
002171,20241230,8.92,8.7,8.76,8.95,-0.27000000000000135,-2.9284164859002315,18205845.0
002171,20241227,8.99,8.93,8.99,9.22,0.040000000000000924,0.43572984749455923,29645539.0
002171,20241226,8.73,8.6,8.99,9.18,0.34999999999999964,3.9637599093997666,29024434.0
002171,20241225,8.78,8.53,8.75,8.83,-0.2699999999999996,-2.9670329670329676,17265456.0
002171,20241224,8.88,8.7,8.79,9.1,-0.16999999999999993,-1.8338727076591121,25783786.0
002171,20241223,9.06,8.89,8.92,9.27,0.0,0.0,23915311.0
002171,20241220,8.85,8.69,9.06,9.27,0.4299999999999997,4.864253393665163,42598905.0
002171,20241219,8.75,8.5,8.66,8.84,-0.14000000000000057,-1.5590200445434355,24189883.0
002171,20241218,8.76,8.75,8.88,8.98,-0.07000000000000028,-0.7734806629834279,22872400.0
002171,20241217,9.03,8.74,8.81,9.05,-0.25,-2.6881720430107503,18947149.0
002171,20241216,9.16,8.98,9.05,9.3,-0.23999999999999844,-2.51572327044024,28342216.0
002171,20241213,9.5,8.95,9.18,9.54,-0.22000000000000064,-2.254098360655743,56199307.0
002171,20241212,8.94,8.94,9.55,9.76,0.7200000000000006,7.964601769911517,74992626.0
002171,20241211,8.8,8.76,8.93,9.04,-0.05000000000000071,-0.5500550055005604,35245060.0
002171,20241210,9.03,8.66,8.85,9.09,-0.27999999999999936,-2.9882604055496254,55228508.0
002171,20241209,9.1,8.75,8.85,9.37,0.2699999999999996,2.9670329670329565,60025281.0
002171,20241206,8.82,8.7,8.97,9.1,0.33999999999999986,3.8812785388127935,58999190.0
002171,20241205,8.54,8.42,8.73,8.76,-0.1899999999999995,-2.122905027932953,38815906.0
002171,20241204,8.53,8.51,8.6,8.95,0.1999999999999993,2.2857142857142687,49953437.0
002171,20241203,8.69,8.33,8.54,8.75,0.009999999999999787,0.11441647597254523,40376452.0
002171,20241202,8.58,8.44,8.61,8.74,-0.16000000000000014,-1.7977528089887618,51204750.0
002171,20241129,8.63,8.48,8.71,8.9,-0.08999999999999986,-1.0011123470522798,84231116.0
002171,20241128,8.52,8.31,8.7,8.99,0.8200000000000003,10.036719706242359,132362188.0
002171,20241127,7.85,7.61,8.17,8.17,-0.07000000000000028,-0.8495145631068013,49134531.0
002171,20241126,8.03,7.85,7.91,8.24,0.120000000000001,1.4778325123152802,38099198.0
002171,20241125,7.94,7.86,8.04,8.12,-0.25,-2.9868578255675016,54605911.0
002171,20241122,7.95,7.92,7.96,8.37,0.1999999999999993,2.4479804161566587,75578795.0
002171,20241121,7.73,7.72,8.02,8.17,0.3899999999999997,5.0128534704370065,55854335.0
002171,20241120,7.6,7.53,7.71,7.78,0.1800000000000006,2.3684210526315974,22127521.0
002171,20241119,7.43,7.3,7.6,7.6,-0.27000000000000046,-3.430749682337997,25322076.0
002171,20241118,7.76,7.41,7.45,7.87,-0.09999999999999964,-1.2547051442910906,30665733.0
002171,20241115,7.6,7.58,7.79,7.97,0.04999999999999982,0.631313131313127,52625808.0
002171,20241114,7.86,7.64,7.68,7.92,-0.47000000000000064,-5.601907032181175,44355972.0
002171,20241113,7.86,7.7,7.9,8.39,0.22000000000000064,2.692778457772338,75717199.0
002171,20241112,7.5,7.43,7.98,8.17,0.6699999999999999,8.933333333333326,101517407.0
002171,20241111,7.1,7.08,7.43,7.5,0.11000000000000032,1.4884979702300516,43251235.0
002171,20241108,7.3,7.1,7.16,7.39,0.09999999999999964,1.3717421124828544,36459489.0
002171,20241107,7.06,6.99,7.24,7.29,-0.04999999999999982,-0.6811989100817373,51113017.0
002171,20241106,7.06,6.89,7.15,7.34,0.39999999999999947,5.7636887608069065,93753240.0
002171,20241105,6.33,6.31,6.94,6.94,0.6300000000000008,9.984152139461177,60313944.0
002171,20241104,6.21,6.16,6.31,6.31,-0.08000000000000007,-1.2519561815336422,18788118.0
002171,20241101,6.3,6.18,6.21,6.39,0.0,0.0,31498876.0
002171,20241031,6.32,6.27,6.36,6.39,-0.040000000000000036,-0.6220839813374845,24907897.0
002171,20241030,6.29,6.26,6.31,6.43,-0.1200000000000001,-1.8320610687022953,20808853.0
002171,20241029,6.49,6.29,6.32,6.55,0.03000000000000025,0.4601226993865115,34595819.0
002171,20241028,6.23,6.15,6.45,6.52,-0.17000000000000082,-2.5411061285500858,58183386.0
002171,20241025,6.54,6.53,6.69,6.69,0.0600000000000005,0.9049773755656076,21064816.0
002171,20241024,6.63,6.46,6.55,6.63,-0.07000000000000028,-1.0447761194029903,15780185.0
002171,20241023,6.56,6.5,6.62,6.7,0.14000000000000057,2.1341463414634276,22418195.0
002171,20241022,6.49,6.43,6.54,6.56,-0.010000000000000675,-0.15220700152207556,18805372.0
002171,20241021,6.5,6.41,6.48,6.57,0.0,0.0,23208854.0
002171,20241018,6.25,6.22,6.45,6.57,0.1299999999999999,2.0186335403726607,23451249.0
002171,20241017,6.41,6.24,6.25,6.44,0.0,0.0,13581200.0
002171,20241016,6.28,6.26,6.37,6.44,-0.1299999999999999,-1.9786910197869045,14872089.0
002171,20241015,6.5,6.35,6.35,6.57,0.010000000000000675,0.1524390243902607,17983521.0
002171,20241014,6.43,6.31,6.52,6.56,-0.11000000000000032,-1.6491754122938573,15817410.0
002171,20241011,6.67,6.3,6.39,6.67,-0.15000000000000036,-2.1994134897360795,20663347.0
002171,20241010,6.65,6.52,6.62,6.82,-0.3799999999999999,-5.277777777777781,23407214.0
002171,20241009,7.2,6.6,6.62,7.2,-0.3899999999999997,-5.138339920948609,37458516.0
002171,20241008,7.59,6.89,7.31,7.59,0.6899999999999995,9.999999999999986,48849806.0
002171,20240930,6.47,6.42,6.9,6.9,0.5600000000000005,8.83280757097793,42704503.0
002171,20240927,6.1,6.06,6.27,6.34,0.3200000000000003,5.315614617940212,22214376.0
002171,20240926,5.81,5.78,6.02,6.02,0.019999999999999574,0.3333333333333188,14005862.0
002171,20240925,5.88,5.78,5.79,6.0,0.16999999999999993,2.9159519725557415,17883576.0
002171,20240924,5.63,5.63,5.83,5.83,0.1299999999999999,2.280701754385972,14643400.0
002171,20240923,5.58,5.58,5.6,5.7,0.10000000000000053,1.7857142857143016,7564662.0
002171,20240920,5.57,5.5,5.59,5.6,0.019999999999999574,0.35842293906809264,8760200.0
002171,20240919,5.41,5.36,5.56,5.58,0.15000000000000036,2.7624309392265234,11454600.0
002171,20240918,5.34,5.26,5.4,5.43,-0.08999999999999986,-1.6304347826086918,9564638.0
002171,20240913,5.49,5.34,5.34,5.52,-0.07000000000000028,-1.2522361359570744,7406678.0
002171,20240912,5.46,5.45,5.46,5.59,0.09999999999999964,1.821493624772308,7857162.0
002171,20240911,5.41,5.4,5.49,5.49,0.0,0.0,7594500.0
002171,20240910,5.49,5.31,5.45,5.49,0.009999999999999787,0.18248175182480342,10630655.0
002171,20240909,5.41,5.38,5.44,5.48,-0.23999999999999932,-4.195804195804187,11266190.0
002171,20240906,5.55,5.47,5.48,5.72,0.1299999999999999,2.3255813953488413,16819807.0
002171,20240905,5.54,5.5,5.54,5.59,0.0,0.0,7193160.0
002171,20240904,5.5,5.47,5.53,5.59,-0.009999999999999787,-0.17857142857142794,8724300.0
002171,20240903,5.5,5.48,5.54,5.6,-0.11000000000000032,-1.9264448336252293,8844631.0
002171,20240902,5.71,5.51,5.52,5.71,-0.05999999999999961,-1.0398613518197486,10898426.0
002171,20240830,5.6,5.5,5.68,5.77,0.17999999999999972,3.220035778175312,14136557.0
002171,20240829,5.41,5.38,5.56,5.59,-0.03000000000000025,-0.5338078291814985,13729373.0
002171,20240828,5.52,5.41,5.43,5.62,-0.07000000000000028,-1.2302284710017597,15577000.0
002171,20240827,5.65,5.57,5.6,5.69,-0.0699999999999994,-1.215277777777768,7367744.0
002171,20240826,5.6,5.59,5.69,5.76,0.14999999999999947,2.6737967914438387,8999035.0
002171,20240823,5.56,5.51,5.6,5.61,-0.0699999999999994,-1.232394366197176,6283459.0
002171,20240822,5.64,5.56,5.57,5.68,0.0,0.0,8719698.0
002171,20240821,5.64,5.6,5.65,5.68,-0.11000000000000032,-1.8998272884283351,6622730.0
002171,20240820,5.73,5.6,5.64,5.79,-0.04999999999999982,-0.8561643835616417,11097847.0
002171,20240819,5.77,5.71,5.78,5.84,-0.16000000000000014,-2.6666666666666727,11813014.0
002171,20240816,5.94,5.81,5.82,6.0,-0.009999999999999787,-0.16638935108153063,10147865.0
002171,20240815,5.89,5.83,5.91,6.01,-0.020000000000000462,-0.3316749585406398,7408061.0
002171,20240814,6.0,5.89,5.9,6.03,0.010000000000000675,0.16611295681063787,6428912.0
002171,20240813,5.97,5.93,6.01,6.02,-0.03000000000000025,-0.49586776859504855,5119702.0
002171,20240812,5.99,5.92,5.95,6.05,-0.10000000000000053,-1.6260162601626105,5901100.0
002171,20240809,6.06,5.99,5.99,6.15,0.05000000000000071,0.819672131147553,8455402.0
002171,20240808,6.06,5.97,6.05,6.1,-0.040000000000000036,-0.6514657980456029,7678500.0
002171,20240807,6.05,6.02,6.08,6.14,-0.010000000000000675,-0.1626016260162677,8538900.0
002171,20240806,6.09,6.0,6.08,6.15,-0.08000000000000007,-1.2841091492776902,8956414.0
002171,20240805,6.18,6.02,6.02,6.23,-0.08999999999999986,-1.424050632911389,10080810.0
002171,20240802,6.28,6.18,6.19,6.32,-0.05999999999999961,-0.940438871473348,8507700.0
002171,20240801,6.29,6.27,6.32,6.38,0.11000000000000032,1.7543859649122862,16322502.0
002171,20240731,6.05,6.01,6.27,6.27,0.25,4.152823920265791,11910231.0
002171,20240730,6.0,5.92,6.0,6.02,-0.08000000000000007,-1.3114754098360715,5967900.0
002171,20240729,6.1,5.98,6.0,6.1,0.08999999999999986,1.4975041597337757,6411581.0
002171,20240726,5.88,5.84,6.0,6.01,0.08999999999999986,1.520270270270263,8458300.0
002171,20240725,5.81,5.77,5.85,5.92,-0.03000000000000025,-0.5042016806722782,7522584.0
002171,20240724,5.9,5.79,5.84,5.95,-0.20000000000000018,-3.25203252032521,12241600.0
002171,20240723,6.15,5.86,5.89,6.15,-0.10999999999999943,-1.757188498402551,11651512.0
002171,20240722,6.25,6.1,6.14,6.26,-0.020000000000000462,-0.31847133757962887,8494600.0
002171,20240719,6.24,6.12,6.23,6.28,0.010000000000000675,0.15948963317384823,8363347.0
002171,20240718,6.22,6.11,6.25,6.27,-0.09000000000000075,-1.4150943396226578,7421569.0
002171,20240717,6.36,6.22,6.24,6.36,-0.08999999999999986,-1.3953488372092981,7984302.0
002171,20240716,6.43,6.32,6.35,6.45,-0.04999999999999982,-0.7692307692307665,8028255.0
002171,20240715,6.5,6.39,6.44,6.5,-0.1299999999999999,-1.9607843137254832,8192002.0
002171,20240712,6.63,6.47,6.53,6.63,0.009999999999999787,0.15105740181269312,8869838.0
002171,20240711,6.45,6.4,6.62,6.62,0.15000000000000036,2.3183925811437467,13006762.0
002171,20240710,6.36,6.3,6.33,6.47,0.0699999999999994,1.0937499999999822,8356402.0
002171,20240709,6.26,6.2,6.38,6.4,-0.05999999999999961,-0.9287925696594312,9765400.0
002171,20240708,6.42,6.25,6.27,6.46,-0.020000000000000462,-0.30864197530865445,8747400.0
002171,20240705,6.39,6.34,6.47,6.48,-0.13999999999999968,-2.114803625377637,7511176.0
002171,20240704,6.56,6.37,6.43,6.62,0.0,0.0,9642832.0
002171,20240703,6.58,6.53,6.56,6.62,-0.019999999999999574,-0.3012048192771011,5345600.0
002171,20240702,6.63,6.56,6.58,6.64,-0.040000000000000036,-0.5988023952095856,6461800.0
002171,20240701,6.63,6.51,6.63,6.68,-0.010000000000000675,-0.1494768310911887,9049055.0
002171,20240628,6.42,6.42,6.59,6.69,-0.02999999999999936,-0.44642857142855874,12606103.0
002171,20240627,6.71,6.47,6.51,6.72,0.0,0.0,8931951.0
002171,20240626,6.44,6.43,6.71,6.72,0.09999999999999964,1.5105740181268867,10333945.0
002171,20240625,6.5,6.48,6.53,6.62,-0.07000000000000028,-1.0463378176382654,8750520.0
002171,20240624,6.63,6.43,6.49,6.69,-0.11999999999999922,-1.7621145374449254,10229332.0
002171,20240621,6.67,6.66,6.72,6.81,-0.1900000000000004,-2.7142857142857246,6564262.0
002171,20240620,6.94,6.72,6.75,7.0,-0.009999999999999787,-0.14265335235377208,13196125.0
002171,20240619,6.87,6.82,6.94,7.01,0.09999999999999964,1.447178002894356,15875410.0
002171,20240618,6.83,6.81,6.86,6.91,-0.17999999999999972,-2.538787023977429,13141781.0
002171,20240617,6.97,6.92,6.94,7.09,-0.17999999999999972,-2.4759284731774356,14757162.0
002171,20240614,7.07,7.02,7.02,7.27,0.11999999999999922,1.6783216783216703,23528815.0
002171,20240613,7.14,7.06,7.11,7.15,-0.009999999999999787,-0.13966480446927498,12102554.0
002171,20240612,7.02,7.01,7.12,7.16,0.04999999999999982,0.7032348804500765,9196432.0
002171,20240611,7.06,6.96,7.08,7.11,-0.1299999999999999,-1.7955801104972413,11008563.0
002171,20240607,7.2,7.04,7.14,7.24,-0.1299999999999999,-1.7639077340569909,11188600.0
002171,20240606,7.28,7.08,7.13,7.37,-0.04999999999999982,-0.6738544474393482,15043626.0
002171,20240605,7.37,7.28,7.29,7.42,-0.020000000000000462,-0.26881720430108613,9845400.0
002171,20240604,7.26,7.22,7.42,7.44,-0.02999999999999936,-0.40160642570280514,12587440.0
002171,20240603,7.39,7.23,7.29,7.47,0.0,0.0,16041144.0
002171,20240531,7.38,7.32,7.36,7.47,-0.08000000000000007,-1.059602649006619,10071000.0
002171,20240530,7.55,7.37,7.42,7.55,-0.040000000000000036,-0.5270092226614009,13734802.0
002171,20240529,7.33,7.32,7.51,7.59,0.09999999999999964,1.3351134846461887,19794327.0
002171,20240528,7.29,7.28,7.36,7.49,0.1800000000000006,2.4623803009576006,16295079.0
002171,20240527,7.28,7.16,7.31,7.31,-0.09000000000000075,-1.216216216216226,12012400.0
002171,20240524,7.28,7.2,7.3,7.4,-0.04999999999999982,-0.6711409395973145,17498800.0
002171,20240523,7.45,7.24,7.27,7.45,-0.2999999999999998,-3.8709677419354827,23582000.0
002171,20240522,7.72,7.5,7.52,7.75,-0.27999999999999936,-3.486924034869232,26529913.0
002171,20240521,8.02,7.71,7.77,8.03,-0.08999999999999986,-1.1083743842364546,27169300.0
002171,20240520,7.97,7.89,7.99,8.12,0.019999999999999574,0.24691358024691024,38028010.0
002171,20240517,7.81,7.79,7.95,8.1,0.2999999999999998,3.8461538461538547,44737235.0
002171,20240516,7.68,7.68,7.71,7.8,0.03000000000000025,0.38610038610038533,16451900.0
002171,20240515,7.75,7.63,7.68,7.77,0.0,0.0,12353202.0
002171,20240514,7.61,7.6,7.74,7.77,0.009999999999999787,0.12886597938144284,14292903.0
002171,20240513,7.76,7.55,7.66,7.76,-0.15000000000000036,-1.896333754740842,17517327.0
002171,20240510,7.86,7.73,7.8,7.91,0.040000000000000036,0.5082592121982143,16656507.0
002171,20240509,7.55,7.53,7.83,7.87,0.11000000000000032,1.4175257731958713,24416402.0
002171,20240508,7.76,7.58,7.59,7.76,-0.03000000000000025,-0.38510911424903815,16925434.0
002171,20240507,7.73,7.63,7.76,7.79,-0.03000000000000025,-0.38363171355498826,25895725.0
002171,20240506,7.73,7.67,7.73,7.82,-0.10999999999999943,-1.387137452711218,25231500.0
002171,20240430,7.83,7.6,7.63,7.93,0.040000000000000036,0.5069708491761693,28756886.0
002171,20240429,7.87,7.65,7.82,7.89,-0.07000000000000028,-0.8793969849246297,34991063.0
002171,20240426,7.78,7.47,7.91,7.96,-0.22999999999999954,-2.8083028083027983,38330600.0
002171,20240425,8.18,7.98,8.16,8.19,0.02999999999999936,0.3676470588235281,16155700.0
002171,20240424,7.81,7.79,8.15,8.16,0.13000000000000078,1.6189290161892966,19269811.0
002171,20240423,7.95,7.88,7.91,8.03,-0.2599999999999998,-3.136308805790111,15344980.0
002171,20240422,8.16,8.01,8.02,8.29,-0.20000000000000107,-2.355712603062443,20345700.0
002171,20240419,8.33,8.13,8.2,8.49,0.21000000000000085,2.5362318840579823,26990669.0
002171,20240418,8.09,8.08,8.23,8.28,0.1899999999999995,2.348578491965392,23152000.0
002171,20240417,7.78,7.78,8.07,8.09,-0.019999999999999574,-0.2466091245376001,21446277.0
002171,20240416,7.97,7.67,7.71,8.11,-0.0600000000000005,-0.7343941248470043,25638586.0
002171,20240415,8.16,7.84,8.04,8.17,-0.0600000000000005,-0.7290400972053468,26166600.0
002171,20240412,8.15,8.07,8.12,8.23,-0.08999999999999986,-1.081730769230771,17963026.0
002171,20240411,8.0,7.95,8.15,8.32,0.08999999999999986,1.0935601458080146,23276593.0
002171,20240410,8.19,7.98,8.07,8.23,-0.049999999999998934,-0.6038647342995085,19965488.0
002171,20240409,8.04,8.0,8.18,8.28,-0.15000000000000036,-1.7793594306049876,25249605.0
002171,20240408,8.21,8.14,8.15,8.43,0.14000000000000057,1.6887816646562248,37074905.0
002171,20240403,8.21,8.09,8.25,8.29,-0.05000000000000071,-0.5995203836930529,33562612.0
002171,20240402,8.24,8.12,8.29,8.34,0.02999999999999936,0.3610108303248927,43067195.0
002171,20240401,8.2,8.12,8.22,8.31,0.120000000000001,1.4652014652014822,39869862.0
002171,20240329,8.01,7.95,8.18,8.19,0.019999999999999574,0.244798041615657,35372792.0
002171,20240328,7.66,7.59,8.06,8.17,0.05000000000000071,0.6157635467980427,45266122.0
002171,20240327,7.85,7.64,7.66,8.12,-0.21000000000000085,-2.521008403361358,47215479.0
002171,20240326,8.1,7.93,8.04,8.33,-0.4599999999999991,-5.233219567690551,61482722.0
002171,20240325,8.67,8.16,8.18,8.79,0.27999999999999936,3.290246768507621,108801029.0
002171,20240322,7.85,7.77,8.51,8.51,0.6600000000000001,8.407643312101909,93302559.0
002171,20240321,7.81,7.61,7.74,7.85,0.0699999999999994,0.8997429305912519,23207002.0
002171,20240320,7.7,7.61,7.72,7.78,0.040000000000000036,0.5167958656330685,30787497.0
002171,20240319,7.5,7.45,7.63,7.74,0.2400000000000002,3.200000000000003,24293814.0
002171,20240318,7.39,7.33,7.49,7.5,0.1299999999999999,1.7639077340569909,20554301.0
002171,20240315,7.1,7.07,7.36,7.37,0.08999999999999986,1.2362637362637319,18907525.0
002171,20240314,7.17,7.08,7.13,7.28,0.10000000000000053,1.392757660167132,13922908.0
002171,20240313,7.07,6.99,7.11,7.18,0.05999999999999961,0.8426966292134797,13266341.0
002171,20240312,7.11,6.98,7.08,7.12,0.03000000000000025,0.42313117066290484,14084559.0
002171,20240311,7.04,6.97,7.09,7.09,0.04999999999999982,0.7102272727272707,11705793.0
002171,20240308,6.93,6.91,7.03,7.04,-0.07000000000000028,-0.9845288326301049,11640466.0
002171,20240307,6.97,6.92,6.94,7.11,0.11000000000000032,1.5714285714285792,12868827.0
002171,20240306,6.85,6.8,6.93,7.0,0.04999999999999982,0.7194244604316502,14053279.0
002171,20240305,6.9,6.82,6.9,6.95,-0.1299999999999999,-1.836158192090398,11182280.0
002171,20240304,6.98,6.86,6.9,7.08,0.13999999999999968,2.0172910662824117,13317561.0
002171,20240301,6.83,6.79,6.93,6.94,0.11000000000000032,1.6105417276720324,14241110.0
002171,20240229,6.56,6.5,6.83,6.83,-0.11000000000000032,-1.5850144092219076,14951122.0
002171,20240228,6.86,6.56,6.56,6.94,0.11000000000000032,1.6105417276720324,17928835.0
002171,20240227,6.72,6.67,6.83,6.83,-0.019999999999999574,-0.29197080291970545,10456112.0
002171,20240226,6.69,6.64,6.74,6.85,0.16999999999999993,2.5449101796407136,15046466.0
002171,20240223,6.65,6.55,6.67,6.68,0.0,0.0,12756566.0
002171,20240222,6.55,6.52,6.63,6.68,-0.07000000000000028,-1.0370370370370363,11995016.0
002171,20240221,6.49,6.4,6.58,6.75,0.23000000000000043,3.527607361963203,15516071.0
002171,20240220,6.44,6.32,6.5,6.52,-0.0600000000000005,-0.911854103343468,12653151.0
002171,20240219,6.51,6.36,6.44,6.58,0.08000000000000007,1.2307692307692353,24196287.0
002171,20240208,6.14,6.11,6.49,6.5,0.28000000000000025,4.5016077170418,33580685.0
002171,20240207,5.91,5.88,6.14,6.22,0.23999999999999932,4.013377926421402,31768671.0
002171,20240206,5.33,5.31,5.9,5.98,-0.02999999999999936,-0.4991680532445808,32710260.0
002171,20240205,5.97,5.38,5.53,6.01,-0.3600000000000003,-5.651491365777083,33964648.0
002171,20240202,6.28,5.8,5.98,6.37,-0.04999999999999982,-0.7788161993769416,21347687.0
002171,20240201,6.33,6.14,6.28,6.42,-0.1900000000000004,-2.874432677760974,18342760.0
002171,20240131,6.48,6.29,6.31,6.61,-0.13999999999999968,-2.0740740740740726,14515229.0
002171,20240130,6.7,6.5,6.52,6.75,-0.08999999999999986,-1.3157894736842035,12263045.0
002171,20240129,6.75,6.68,6.71,6.84,-0.1200000000000001,-1.7241379310344862,20055365.0
002171,20240126,6.82,6.76,6.79,6.96,0.09999999999999964,1.4577259475218707,19669503.0
002171,20240125,6.65,6.59,6.82,6.86,-0.13999999999999968,-1.9999999999999907,36825315.0
002171,20240124,7.0,6.48,6.66,7.0,0.6200000000000001,9.717868338557988,49120205.0
002171,20240123,6.16,6.05,6.36,6.38,-0.27000000000000046,-4.060150375939853,16398291.0
002171,20240122,6.61,6.11,6.15,6.65,-0.11999999999999922,-1.7725258493352936,15243349.0
002171,20240119,6.71,6.63,6.65,6.77,-0.09000000000000075,-1.3119533527696903,10171576.0
002171,20240118,6.85,6.53,6.7,6.86,-0.21999999999999975,-3.1073446327683607,13930249.0
002171,20240117,7.05,6.86,6.86,7.08,-0.08999999999999986,-1.2552301255230103,7148480.0
002171,20240116,7.09,6.95,7.05,7.17,-0.07000000000000028,-0.9668508287292821,10882614.0
002171,20240115,7.24,7.11,7.12,7.24,-0.0699999999999994,-0.9575923392612817,9031832.0
002171,20240112,7.2,7.17,7.2,7.31,0.04999999999999982,0.688705234159781,8409000.0
002171,20240111,7.17,7.12,7.2,7.26,-0.040000000000000036,-0.5479452054794498,8008208.0
002171,20240110,7.25,7.12,7.16,7.3,0.0,0.0,7609566.0
002171,20240109,7.2,7.19,7.24,7.3,-0.1200000000000001,-1.6172506738544534,7816850.0
002171,20240108,7.42,7.21,7.21,7.42,-0.1200000000000001,-1.5915119363395291,9000644.0
002171,20240105,7.52,7.35,7.4,7.54,-0.009999999999999787,-0.13245033112582183,7478400.0
002171,20240104,7.53,7.42,7.5,7.55,-0.04999999999999982,-0.6578947368421018,7296242.0
002171,20240103,7.6,7.47,7.56,7.6,0.0,0.0,10711904.0
002171,20240102,7.48,7.46,7.56,7.6,0.10999999999999943,1.4686248331108098,9947402.0
002171,20231229,7.37,7.35,7.48,7.49,0.07000000000000028,0.9433962264151052,7747364.0
002171,20231228,7.27,7.25,7.38,7.42,0.1200000000000001,1.6438356164383494,9678804.0
002171,20231227,7.17,7.13,7.27,7.3,0.009999999999999787,0.137174211248281,7215044.0
002171,20231226,7.25,7.16,7.17,7.29,-0.04999999999999982,-0.6811989100817373,7674800.0
002171,20231225,7.28,7.19,7.22,7.34,-0.009999999999999787,-0.1360544217687054,8790800.0
002171,20231222,7.27,7.19,7.28,7.35,0.08999999999999986,1.2396694214876103,8292700.0
002171,20231221,7.21,7.12,7.25,7.26,-0.08000000000000007,-1.0899182561307952,8992300.0
002171,20231220,7.27,7.22,7.22,7.34,0.040000000000000036,0.5479452054794498,5652320.0
002171,20231219,7.26,7.21,7.29,7.3,-0.040000000000000036,-0.544959128065392,5815508.0
002171,20231218,7.32,7.23,7.27,7.34,-0.1299999999999999,-1.7402945113788482,9156500.0
002171,20231215,7.42,7.34,7.35,7.47,-0.03000000000000025,-0.40000000000000036,6529260.0
002171,20231214,7.47,7.35,7.38,7.5,-0.009999999999999787,-0.13315579227696217,6050100.0
002171,20231213,7.5,7.4,7.42,7.51,-0.020000000000000462,-0.26560424966800555,8599802.0
002171,20231212,7.51,7.41,7.44,7.53,-0.02999999999999936,-0.3968253968253843,8560100.0
002171,20231211,7.4,7.34,7.55,7.56,-0.010000000000000675,-0.13210039630119352,13906320.0
002171,20231208,7.54,7.38,7.39,7.57,-0.009999999999999787,-0.13192612137202797,11039014.0
002171,20231207,7.53,7.45,7.54,7.58,-0.019999999999999574,-0.2631578947368318,8459107.0
002171,20231206,7.5,7.45,7.54,7.6,-0.05000000000000071,-0.6535947712418388,7791629.0
002171,20231205,7.57,7.5,7.5,7.65,0.0,0.0,10357900.0
002171,20231204,7.58,7.54,7.62,7.65,0.0,0.0,8901360.0
002171,20231201,7.59,7.55,7.59,7.65,-0.08000000000000007,-1.0349288486416586,9088869.0
002171,20231130,7.72,7.51,7.58,7.73,-0.03999999999999915,-0.5148005148005064,11993209.0
002171,20231129,7.67,7.61,7.71,7.77,0.11999999999999922,1.5686274509803866,12280800.0
002171,20231128,7.58,7.52,7.64,7.65,0.05000000000000071,0.657894736842124,10359967.0
002171,20231127,7.48,7.48,7.58,7.6,0.019999999999999574,0.26385224274405594,11215520.0
002171,20231124,7.57,7.47,7.52,7.58,0.020000000000000462,0.2645502645502784,8721700.0
002171,20231123,7.41,7.4,7.54,7.56,0.009999999999999787,0.13245033112583293,8934200.0
002171,20231122,7.51,7.45,7.45,7.55,-0.11000000000000032,-1.436031331592691,8772102.0
002171,20231121,7.6,7.52,7.54,7.66,-0.05999999999999961,-0.7772020725388518,13785200.0
002171,20231120,7.48,7.45,7.6,7.72,0.22999999999999954,3.0707610146862407,15175219.0
002171,20231117,7.42,7.37,7.48,7.49,0.03000000000000025,0.40214477211797384,9369932.0
002171,20231116,7.45,7.38,7.39,7.46,-0.04999999999999982,-0.665778961384822,8415200.0
002171,20231115,7.49,7.42,7.46,7.51,0.08000000000000007,1.076716016150736,11525343.0
002171,20231114,7.4,7.36,7.4,7.43,0.019999999999999574,0.26990553306343035,9846258.0
002171,20231113,7.35,7.3,7.41,7.41,0.0,0.0,12012417.0
002171,20231110,7.36,7.33,7.36,7.41,-0.040000000000000036,-0.5369127516778538,7007883.0
002171,20231109,7.32,7.31,7.39,7.45,0.040000000000000036,0.5398110661268607,13022471.0
002171,20231108,7.36,7.29,7.35,7.41,-0.019999999999999574,-0.26917900403767847,12349400.0
002171,20231107,7.37,7.3,7.37,7.43,0.02999999999999936,0.40540540540539016,12437025.0
002171,20231106,7.25,7.19,7.36,7.4,0.14000000000000057,1.9283746556473913,17139500.0
002171,20231103,7.2,7.15,7.22,7.26,-0.040000000000000036,-0.5479452054794498,10015922.0
002171,20231102,7.3,7.13,7.15,7.3,-0.009999999999999787,-0.1367989056087482,10195553.0
002171,20231101,7.26,7.22,7.29,7.31,0.019999999999999574,0.274348422496562,11742576.0
002171,20231031,7.21,7.18,7.28,7.29,0.03000000000000025,0.4132231404958775,15166079.0
002171,20231030,7.2,7.15,7.21,7.26,0.009999999999999787,0.13793103448276334,17134849.0
002171,20231027,7.1,7.05,7.21,7.25,0.1299999999999999,1.8258426966292207,18605873.0
002171,20231026,6.89,6.85,7.11,7.12,-0.019999999999999574,-0.2801120448179262,23902919.0
002171,20231025,6.79,6.71,6.91,7.14,0.6200000000000001,9.509202453987742,31988424.0
002171,20231024,6.48,6.42,6.5,6.52,-0.13000000000000078,-1.9548872180451204,8641582.0
002171,20231023,6.63,6.41,6.46,6.65,-0.08000000000000007,-1.1887072808320909,9161900.0
002171,20231020,6.69,6.64,6.65,6.73,-0.08999999999999986,-1.319648093841641,6210301.0
002171,20231019,6.76,6.67,6.68,6.82,-0.09999999999999964,-1.445086705202303,9799806.0
002171,20231018,6.91,6.79,6.79,6.92,-0.04999999999999982,-0.717360114777621,6760700.0
002171,20231017,6.94,6.88,6.91,6.97,-0.08000000000000007,-1.134751773049647,7169901.0
002171,20231016,7.05,6.9,6.92,7.05,0.009999999999999787,0.14204545454545858,8321302.0
002171,20231013,7.02,6.98,7.03,7.04,-0.03000000000000025,-0.4243281471004279,5195400.0
002171,20231012,6.99,6.95,7.06,7.07,0.03000000000000025,0.42613636363637575,7988099.0
002171,20231011,7.03,6.93,6.95,7.04,-0.040000000000000036,-0.5649717514124353,8661800.0
002171,20231010,7.02,7.0,7.03,7.08,0.020000000000000462,0.2832861189801861,5430602.0
002171,20231009,7.0,6.97,7.02,7.06,0.040000000000000036,0.5698005698005604,10326381.0
002171,20230928,6.96,6.94,7.01,7.02,0.03999999999999915,0.5730659025787732,6480600.0
002171,20230927,6.92,6.87,6.93,6.98,-0.02999999999999936,-0.42796005706132734,4691008.0
002171,20230926,6.95,6.92,6.93,7.01,-0.07000000000000028,-0.9887005649717562,5367394.0
002171,20230925,7.06,6.95,6.99,7.08,0.0,0.0,6094700.0
002171,20230922,6.99,6.93,7.08,7.08,0.040000000000000036,0.5681818181818121,5545732.0
002171,20230921,7.0,6.92,6.95,7.04,-0.08000000000000007,-1.1235955056179803,6429180.0
002171,20230920,7.1,6.99,7.01,7.12,-0.040000000000000036,-0.5586592178770999,7279500.0
002171,20230919,7.15,7.07,7.09,7.16,-0.019999999999999574,-0.278551532033422,6013000.0
002171,20230918,7.12,7.09,7.16,7.18,-0.03000000000000025,-0.4160887656033285,6476037.0
002171,20230915,7.19,7.11,7.16,7.21,0.019999999999999574,0.2781641168289273,5374353.0
002171,20230914,7.18,7.12,7.15,7.19,0.020000000000000462,0.2789400278940146,6319715.0
002171,20230913,7.15,7.08,7.12,7.17,-0.040000000000000036,-0.554785020804438,5034665.0
002171,20230912,7.16,7.14,7.16,7.21,0.009999999999999787,0.1388888888888884,4554400.0
002171,20230911,7.08,7.05,7.17,7.2,0.0600000000000005,0.8403361344537785,6456885.0
002171,20230908,7.06,7.06,7.08,7.14,-0.10000000000000053,-1.3812154696132617,4677502.0
002171,20230907,7.18,7.09,7.1,7.24,0.009999999999999787,0.13831258644536604,7112900.0
002171,20230906,7.18,7.11,7.22,7.23,0.0600000000000005,0.8368200836820217,5984107.0
002171,20230905,7.15,7.1,7.16,7.17,0.040000000000000036,0.5610098176718203,8186185.0
002171,20230904,6.97,6.96,7.12,7.13,0.09999999999999964,1.4224751066856278,9704020.0
002171,20230901,6.98,6.94,6.97,7.03,-0.04999999999999982,-0.7062146892655385,5681678.0
002171,20230831,7.0,6.95,7.01,7.08,0.040000000000000036,0.5681818181818121,8935788.0
002171,20230830,6.98,6.93,6.98,7.04,0.08000000000000007,1.1494252873563315,7597456.0
002171,20230829,6.75,6.75,6.95,6.96,-0.11000000000000032,-1.5558698727015652,9015915.0
002171,20230828,7.01,6.76,6.77,7.07,0.25,3.665689149560114,11895381.0
002171,20230825,6.81,6.66,6.71,6.82,-0.09999999999999964,-1.445086705202303,7622600.0
002171,20230824,6.81,6.74,6.82,6.92,0.019999999999999574,0.28985507246375164,6496900.0
002171,20230823,6.9,6.76,6.77,6.9,-0.05999999999999961,-0.8620689655172376,5516932.0
002171,20230822,6.9,6.8,6.88,6.96,-0.04999999999999982,-0.7132667617688937,7077158.0
002171,20230821,6.92,6.86,6.86,7.01,-0.10000000000000053,-1.406469760900153,8681451.0
002171,20230818,7.03,6.94,6.95,7.11,0.040000000000000036,0.5657708628005631,6671847.0
002171,20230817,6.95,6.88,7.06,7.07,0.0,0.0,5801254.0
002171,20230816,7.04,6.97,6.99,7.07,-0.04999999999999982,-0.7022471910112293,5402200.0
002171,20230815,7.12,6.99,7.04,7.12,0.03000000000000025,0.42313117066290484,5480702.0
002171,20230814,7.04,6.97,7.08,7.09,-0.20000000000000018,-2.7434842249657088,7395500.0
002171,20230811,7.28,7.09,7.1,7.29,0.0,0.0,7490102.0
002171,20230810,7.25,7.21,7.27,7.29,-0.08000000000000007,-1.085481682496614,5149904.0
002171,20230809,7.36,7.23,7.25,7.37,-0.08999999999999986,-1.2064343163538882,6134828.0
002171,20230808,7.44,7.33,7.37,7.46,-0.04999999999999982,-0.665778961384822,6506500.0
002171,20230807,7.43,7.37,7.46,7.51,0.0,0.0,9393855.0
002171,20230804,7.48,7.37,7.43,7.51,-0.009999999999999787,-0.13297872340425343,9772856.0
002171,20230803,7.52,7.34,7.48,7.52,-0.1200000000000001,-1.5706806282722474,16616195.0
002171,20230802,7.63,7.48,7.52,7.64,0.15999999999999925,2.1390374331550666,19240721.0
002171,20230801,7.4,7.37,7.47,7.48,0.03000000000000025,0.402684563758382,10134509.0
002171,20230731,7.35,7.34,7.4,7.45,0.08999999999999986,1.2228260869565188,8730600.0
002171,20230728,7.26,7.21,7.35,7.36,0.0,0.0,7487410.0
002171,20230727,7.32,7.27,7.29,7.36,-0.019999999999999574,-0.27100271002709064,5018642.0
002171,20230726,7.36,7.26,7.3,7.38,-0.009999999999999787,-0.13531799729363803,6134460.0
002171,20230725,7.3,7.3,7.37,7.39,0.02999999999999936,0.40760869565217295,8994805.0
002171,20230724,7.36,7.22,7.24,7.36,-0.05999999999999961,-0.8086253369272156,7572803.0
002171,20230721,7.33,7.31,7.36,7.42,-0.04999999999999982,-0.669344042838016,9030000.0
002171,20230720,7.46,7.3,7.33,7.47,-0.08000000000000007,-1.059602649006619,10677096.0
002171,20230719,7.4,7.35,7.42,7.55,0.08999999999999986,1.206434316353877,14409902.0
002171,20230718,7.39,7.27,7.4,7.46,-0.3099999999999996,-3.9897039897039854,27155992.0
002171,20230717,7.3,7.22,7.51,7.77,0.45999999999999996,6.292749658002728,28335758.0
002171,20230714,7.26,7.24,7.26,7.31,0.0,0.0,5376132.0
002171,20230713,7.25,7.23,7.27,7.31,-0.010000000000000675,-0.1366120218579292,5918748.0
002171,20230712,7.27,7.2,7.22,7.32,0.0,0.0,5770900.0
002171,20230711,7.23,7.23,7.29,7.32,0.010000000000000675,0.1367989056087593,5880400.0
002171,20230710,7.27,7.21,7.24,7.31,0.009999999999999787,0.136986301369868,5124253.0
002171,20230707,7.27,7.19,7.24,7.3,-0.020000000000000462,-0.2732240437158584,6612800.0
002171,20230706,7.3,7.16,7.29,7.32,0.020000000000000462,0.273972602739736,11827015.0
002171,20230705,7.17,7.14,7.24,7.3,0.009999999999999787,0.137174211248281,9822730.0
002171,20230704,7.28,7.16,7.19,7.29,0.05999999999999961,0.8298755186721962,9599120.0
002171,20230703,7.13,7.13,7.2,7.23,0.08000000000000007,1.118881118881121,10608352.0
002171,20230630,7.01,7.01,7.12,7.15,0.08000000000000007,1.1315417256011262,7858060.0
002171,20230629,6.92,6.92,7.04,7.07,0.10000000000000053,1.434720229555242,7605235.0
002171,20230628,6.92,6.82,6.94,6.97,0.0,0.0,6227600.0
002171,20230627,6.84,6.78,6.93,6.97,0.02999999999999936,0.4322766570605152,6597760.0
002171,20230626,6.85,6.81,6.83,6.94,-0.10999999999999943,-1.5602836879432536,8687551.0
002171,20230621,7.01,6.88,6.88,7.05,-0.20999999999999996,-2.892561983471076,11478914.0
002171,20230620,7.2,7.03,7.04,7.26,-0.10000000000000053,-1.3586956521739246,16541300.0
002171,20230619,7.04,6.99,7.24,7.36,0.3000000000000007,4.249291784702569,24377530.0
002171,20230616,7.0,6.98,7.04,7.06,-0.010000000000000675,-0.14144271570014633,7627802.0
002171,20230615,6.87,6.85,7.0,7.07,0.03000000000000025,0.42613636363637575,9958015.0
002171,20230614,7.02,6.95,6.98,7.04,-0.08000000000000007,-1.1235955056179803,5985874.0
002171,20230613,7.06,7.0,7.02,7.12,0.020000000000000462,0.28169014084507005,6156371.0
002171,20230612,6.89,6.85,7.06,7.1,0.10999999999999943,1.573676680972813,8578507.0
002171,20230609,6.99,6.85,6.88,6.99,-0.040000000000000036,-0.5689900426742556,6961425.0
002171,20230608,7.01,6.91,6.95,7.03,0.0,0.0,5319217.0
002171,20230607,6.99,6.96,6.98,7.03,-0.16999999999999993,-2.361111111111114,5151200.0
002171,20230606,7.18,6.98,6.99,7.2,-0.019999999999999574,-0.27700831024930483,7850518.0
002171,20230605,7.2,7.13,7.17,7.22,0.009999999999999787,0.1386962552011095,7634580.0
002171,20230602,7.0,7.0,7.18,7.21,0.16999999999999993,2.4147727272727293,10846562.0
002171,20230601,7.03,6.96,6.99,7.04,-0.03000000000000025,-0.4243281471004279,6689086.0
002171,20230531,7.05,6.98,7.0,7.07,-0.02999999999999936,-0.42253521126759397,5612450.0
002171,20230530,7.02,6.97,7.09,7.1,-0.25,-3.401360544217691,8345735.0
002171,20230529,7.15,7.03,7.06,7.35,0.2599999999999998,3.667136812411842,15286792.0
002171,20230526,7.08,6.91,7.01,7.09,-0.020000000000000462,-0.2812939521800395,7669100.0
002171,20230525,7.02,6.9,7.03,7.11,-0.05999999999999961,-0.8368200836819994,7903837.0
002171,20230524,7.1,7.01,7.06,7.17,-0.09999999999999964,-1.375515818431905,7157934.0
002171,20230523,7.21,7.11,7.13,7.27,-0.17000000000000082,-2.284946236559149,7691868.0
002171,20230522,7.43,7.21,7.22,7.44,0.010000000000000675,0.1345895020188559,9711494.0
002171,20230519,7.19,7.11,7.41,7.43,0.1899999999999995,2.6243093922651894,11791137.0
002171,20230518,7.21,7.11,7.19,7.24,0.009999999999999787,0.13831258644536604,5639028.0
002171,20230517,7.22,7.15,7.21,7.23,-0.08999999999999986,-1.2295081967213073,5005062.0
002171,20230516,7.29,7.2,7.2,7.32,0.0,0.0,6217805.0
002171,20230515,7.28,7.21,7.27,7.32,-0.04999999999999982,-0.6784260515603768,6128201.0
002171,20230512,7.35,7.22,7.25,7.37,-0.019999999999999574,-0.27063599458727605,5668538.0
002171,20230511,7.36,7.3,7.33,7.39,0.009999999999999787,0.13550135501354532,5008606.0
002171,20230510,7.3,7.26,7.36,7.38,-0.0600000000000005,-0.8064516129032362,6374301.0
002171,20230509,7.35,7.25,7.32,7.44,-0.05999999999999961,-0.7999999999999896,8783482.0
002171,20230508,7.2,7.15,7.36,7.5,0.009999999999999787,0.1335113484646211,15943357.0
002171,20230505,7.09,7.0,7.26,7.49,0.2400000000000002,3.310344827586209,17404048.0
002171,20230504,7.11,7.08,7.1,7.25,0.09999999999999964,1.3986013986013957,10853301.0
002171,20230428,6.85,6.85,7.13,7.15,0.2400000000000002,3.47322720694645,13459435.0
002171,20230427,6.8,6.77,6.85,6.91,-0.040000000000000036,-0.575539568345329,9695583.0
002171,20230426,6.76,6.72,6.82,6.95,-0.05999999999999961,-0.8559201141226769,8139782.0
002171,20230425,6.9,6.61,6.75,7.01,-0.03000000000000025,-0.42613636363636465,15549524.0
002171,20230424,6.98,6.87,6.94,7.04,-0.2699999999999996,-3.6935704514363787,11983684.0
002171,20230421,7.28,6.99,6.99,7.31,-0.16000000000000014,-2.1419009370816644,17171968.0
002171,20230420,7.47,7.22,7.26,7.47,-0.14000000000000057,-1.8396846254927768,13349193.0
002171,20230419,7.6,7.48,7.49,7.61,-0.15999999999999925,-2.0592020592020477,9477672.0
002171,20230418,7.77,7.55,7.59,7.77,-0.010000000000000675,-0.12853470437018677,10418920.0
002171,20230417,7.72,7.68,7.73,7.78,0.010000000000000675,0.12870012870014325,8186632.0
002171,20230414,7.75,7.66,7.69,7.77,-0.0600000000000005,-0.766283524904221,6589680.0
002171,20230413,7.79,7.68,7.7,7.83,0.009999999999999787,0.12787723785165905,7212098.0
002171,20230412,7.73,7.7,7.79,7.82,0.05000000000000071,0.6435006435006496,9377500.0
002171,20230411,7.75,7.62,7.71,7.77,-0.040000000000000036,-0.5121638924455829,7333539.0
002171,20230410,7.71,7.68,7.74,7.81,0.040000000000000036,0.5148005148005064,9963524.0
002171,20230407,7.6,7.56,7.74,7.77,0.1999999999999993,2.6420079260237594,13181628.0
002171,20230406,7.55,7.49,7.54,7.57,-0.1899999999999995,-2.448453608247414,7829791.0
002171,20230404,7.59,7.53,7.55,7.76,0.13999999999999968,1.8372703412073532,12889257.0
002171,20230403,7.52,7.49,7.6,7.62,0.020000000000000462,0.263157894736854,9474666.0
002171,20230331,7.5,7.45,7.49,7.6,0.040000000000000036,0.5291005291005346,8826381.0
002171,20230330,7.53,7.43,7.51,7.56,-0.040000000000000036,-0.5263157894736858,8248608.0
002171,20230329,7.6,7.52,7.54,7.6,-0.1200000000000001,-1.5544041450777257,5783400.0
002171,20230328,7.7,7.54,7.57,7.72,-0.020000000000000462,-0.25839793281654533,8820400.0
002171,20230327,7.7,7.59,7.68,7.74,-0.040000000000000036,-0.5141388174807249,9680388.0
002171,20230324,7.76,7.71,7.73,7.78,0.010000000000000675,0.12870012870014325,6321748.0
002171,20230323,7.73,7.68,7.75,7.77,-0.03000000000000025,-0.38461538461538325,6149456.0
002171,20230322,7.8,7.7,7.72,7.8,0.019999999999999574,0.25706940874035134,6227174.0
002171,20230321,7.59,7.56,7.76,7.78,0.16999999999999993,2.233902759526929,9478357.0
002171,20230320,7.53,7.52,7.54,7.61,-0.02999999999999936,-0.3926701570680535,7866777.0
002171,20230317,7.57,7.52,7.53,7.64,-0.1299999999999999,-1.6731016731016735,7873442.0
002171,20230316,7.7,7.47,7.51,7.77,-0.040000000000000036,-0.5121638924455829,12262698.0
002171,20230315,7.7,7.7,7.76,7.81,-0.11000000000000032,-1.388888888888895,6699600.0
002171,20230314,7.89,7.59,7.67,7.92,-0.03000000000000025,-0.37735849056603765,13299509.0
002171,20230313,7.86,7.75,7.89,7.95,-0.10000000000000053,-1.2422360248447228,9526524.0
002171,20230310,8.02,7.85,7.9,8.05,-0.08999999999999986,-1.1056511056511065,12470426.0
002171,20230309,8.12,8.02,8.06,8.14,0.02000000000000135,0.24630541871923928,6201038.0
002171,20230308,8.02,8.01,8.08,8.12,-0.15000000000000036,-1.8137847642079818,5614373.0
002171,20230307,8.27,8.03,8.05,8.27,-0.07000000000000028,-0.8393285371702697,11174813.0
002171,20230306,8.24,8.16,8.27,8.34,-0.02999999999999936,-0.35842293906809264,8902063.0
002171,20230303,8.3,8.21,8.24,8.37,-0.07000000000000028,-0.82938388625593,8109133.0
002171,20230302,8.35,8.27,8.3,8.44,0.07000000000000028,0.8363201911589124,13443718.0
002171,20230301,8.19,8.1,8.34,8.37,0.08999999999999986,1.0869565217391353,19020394.0
002171,20230228,8.13,8.12,8.2,8.28,0.02999999999999936,0.363636363636366,11254804.0
002171,20230227,8.16,8.08,8.12,8.25,0.07000000000000028,0.8557457212714059,9320267.0
002171,20230224,8.15,8.08,8.17,8.18,-0.009999999999999787,-0.12210012210012167,7737557.0
002171,20230223,8.19,8.07,8.15,8.19,0.019999999999999574,0.244798041615657,9023232.0
002171,20230222,8.14,8.1,8.14,8.17,-0.07000000000000028,-0.8495145631068013,7249009.0
002171,20230221,8.06,8.04,8.15,8.24,0.16999999999999993,2.106567534076831,14366276.0
002171,20230220,7.93,7.86,8.05,8.07,0.009999999999999787,0.12406947890819531,11233860.0
002171,20230217,7.95,7.89,7.92,8.06,-0.10999999999999943,-1.3463892288861579,11960905.0
002171,20230216,8.15,7.8,7.91,8.17,-0.07000000000000028,-0.8495145631068013,20852686.0
002171,20230215,8.2,8.14,8.15,8.24,-0.07000000000000028,-0.8423586040914643,10213545.0
002171,20230214,8.15,8.11,8.2,8.31,0.16999999999999993,2.0884520884520974,15494276.0
002171,20230213,8.11,8.07,8.09,8.14,-0.07000000000000028,-0.8526187576126665,10676759.0
002171,20230210,8.2,8.02,8.1,8.21,-0.019999999999999574,-0.2430133657351119,17010731.0
002171,20230209,8.15,8.11,8.22,8.23,-0.049999999999998934,-0.6038647342995085,12884808.0
002171,20230208,8.26,8.14,8.16,8.28,-0.05000000000000071,-0.6002400960384291,14935886.0
002171,20230207,8.18,8.12,8.25,8.33,-0.23000000000000043,-2.6869158878504718,16995044.0
002171,20230206,8.4,8.08,8.15,8.56,-0.05999999999999872,-0.6960556844547439,29655718.0
002171,20230203,8.6,8.18,8.47,8.62,0.3099999999999987,3.730445246690728,39347477.0
002171,20230202,8.22,8.09,8.27,8.31,0.009999999999999787,0.12048192771083599,22366960.0
002171,20230201,8.08,8.06,8.2,8.3,0.22000000000000064,2.722772277227725,19725025.0
002171,20230131,7.88,7.87,8.06,8.08,0.08999999999999986,1.126408010012514,16825381.0
002171,20230130,7.8,7.78,7.92,7.99,0.0600000000000005,0.7566204287515754,20120066.0
002171,20230120,7.82,7.62,7.75,7.93,0.08000000000000007,1.0191082802547768,23563246.0
002171,20230119,7.7,7.68,7.82,7.85,0.08000000000000007,1.029601029601035,9008758.0
002171,20230118,7.73,7.68,7.73,7.77,0.03999999999999915,0.5174644243208126,7896291.0
002171,20230117,7.62,7.59,7.73,7.73,0.10000000000000053,1.3106159895150737,11104458.0
002171,20230116,7.55,7.54,7.59,7.63,-0.009999999999999787,-0.13089005235601414,10124682.0
002171,20230113,7.5,7.49,7.54,7.64,0.08999999999999986,1.192052980132452,11940776.0
002171,20230112,7.42,7.41,7.47,7.55,0.0,0.0,6892771.0
002171,20230111,7.51,7.42,7.43,7.55,-0.009999999999999787,-0.1322751322751281,10299942.0
002171,20230110,7.54,7.42,7.48,7.56,0.009999999999999787,0.13245033112583293,8876746.0
002171,20230109,7.48,7.47,7.52,7.55,0.0,0.0,8554575.0
002171,20230106,7.43,7.4,7.47,7.55,0.05999999999999961,0.8010680907877044,9801498.0
002171,20230105,7.42,7.37,7.45,7.49,-0.019999999999999574,-0.26631158455392434,6710082.0
002171,20230104,7.5,7.38,7.41,7.51,0.009999999999999787,0.13333333333334085,7304182.0
002171,20230103,7.35,7.29,7.46,7.5,0.07000000000000028,0.9421265141319024,9011614.0
002171,20221230,7.4,7.32,7.35,7.43,-0.040000000000000036,-0.5354752342704105,5818681.0
002171,20221229,7.44,7.32,7.34,7.47,-0.08999999999999986,-1.1904761904761862,6278261.0
002171,20221228,7.46,7.37,7.48,7.56,0.05999999999999961,0.8000000000000007,7539815.0
002171,20221227,7.47,7.41,7.45,7.5,0.009999999999999787,0.1335113484646211,6867869.0
002171,20221226,7.26,7.26,7.47,7.49,0.1800000000000006,2.4623803009576006,8326158.0
002171,20221223,7.13,7.13,7.26,7.31,-0.09000000000000075,-1.216216216216226,6853094.0
002171,20221222,7.38,7.16,7.2,7.4,-0.13999999999999968,-1.8567639257294433,8653891.0
002171,20221221,7.5,7.28,7.36,7.54,-0.04999999999999982,-0.6587615283267456,10988081.0
002171,20221220,7.49,7.43,7.5,7.59,-0.1299999999999999,-1.6839378238341918,6938176.0
002171,20221219,7.64,7.44,7.49,7.72,-0.1800000000000006,-2.27848101265824,9922127.0
002171,20221216,7.9,7.62,7.68,7.9,-0.019999999999999574,-0.2525252525252486,14188888.0
002171,20221215,7.71,7.71,7.9,7.92,0.009999999999999787,0.12642225031604948,11661914.0
002171,20221214,7.81,7.73,7.76,7.91,0.0600000000000005,0.7643312101910826,11949141.0
002171,20221213,7.77,7.72,7.79,7.85,-0.040000000000000036,-0.5069708491761693,11743287.0
002171,20221212,7.87,7.74,7.77,7.89,-0.07000000000000028,-0.8793969849246297,10609135.0
002171,20221209,7.88,7.84,7.88,7.96,-0.03000000000000025,-0.3754693366708417,13351562.0
002171,20221208,7.95,7.85,7.87,7.99,-0.16000000000000014,-1.9631901840490795,11652791.0
002171,20221207,8.1,7.91,7.96,8.15,-0.02999999999999936,-0.3667481662591565,20918405.0
002171,20221206,7.99,7.97,8.14,8.18,0.1999999999999993,2.5062656641603898,27782816.0
002171,20221205,7.9,7.85,7.94,7.98,0.05000000000000071,0.6305170239596647,17325875.0
002171,20221202,7.69,7.69,7.87,7.93,0.05999999999999961,0.7623888182973326,21545793.0
002171,20221201,7.65,7.63,7.69,7.87,0.1900000000000004,2.473958333333348,18907886.0
002171,20221130,7.68,7.56,7.59,7.68,0.02999999999999936,0.39215686274509665,15534800.0
002171,20221129,7.55,7.51,7.65,7.65,0.03000000000000025,0.3937007874015741,15467535.0
002171,20221128,7.6,7.45,7.55,7.62,-0.16000000000000014,-2.0565552699228773,16981465.0
002171,20221125,7.75,7.64,7.69,7.78,-0.3600000000000003,-4.422604422604426,19317712.0
002171,20221124,7.56,7.56,7.83,8.14,0.5600000000000005,7.387862796833788,46400425.0
002171,20221123,7.46,7.4,7.54,7.58,0.020000000000000462,0.2645502645502784,17679850.0
002171,20221122,7.47,7.37,7.42,7.56,0.07999999999999918,1.0695187165775222,12148071.0
002171,20221121,7.39,7.28,7.48,7.48,-0.13999999999999968,-1.8372703412073421,11866030.0
002171,20221118,7.56,7.42,7.43,7.62,0.009999999999999787,0.13140604467805073,18083014.0
002171,20221117,7.58,7.46,7.56,7.61,-0.09999999999999964,-1.2970168612191912,13082504.0
002171,20221116,7.68,7.55,7.58,7.71,0.04999999999999982,0.6527415143602999,15351952.0
002171,20221115,7.43,7.35,7.65,7.66,0.040000000000000036,0.5249343832020914,19549751.0
002171,20221114,7.59,7.4,7.43,7.62,-0.1200000000000001,-1.5503875968992276,19804874.0
002171,20221111,7.71,7.58,7.58,7.74,0.1200000000000001,1.5748031496062964,24105733.0
002171,20221110,7.54,7.42,7.53,7.62,-0.1200000000000001,-1.5503875968992276,19470026.0
002171,20221109,7.73,7.59,7.62,7.74,0.009999999999999787,0.1293661060802087,17792323.0
002171,20221108,7.71,7.53,7.61,7.73,-0.04999999999999982,-0.6426735218509005,17756702.0
002171,20221107,7.69,7.6,7.67,7.78,0.20000000000000018,2.638522427440626,30410573.0
002171,20221104,7.29,7.28,7.56,7.58,0.020000000000000462,0.2645502645502784,38246816.0
002171,20221103,7.38,7.31,7.34,7.56,0.009999999999999787,0.13245033112583293,34693325.0
002171,20221102,7.3,7.17,7.45,7.55,0.14999999999999947,2.0270270270270174,46285844.0
002171,20221101,7.32,7.11,7.24,7.4,-0.05999999999999961,-0.8042895442359144,47907950.0
002171,20221031,7.35,7.35,7.35,7.46,-0.71,-8.690330477356179,36179882.0
002171,20221028,8.17,8.17,8.17,8.17,-1.1500000000000004,-12.339055793991417,5222500.0
002171,20221027,9.2,9.07,9.08,9.32,-0.02999999999999936,-0.3208556149732589,12108547.0
002171,20221026,9.1,9.0,9.22,9.35,0.17999999999999972,1.9629225736095934,15499622.0
002171,20221025,8.94,8.76,9.1,9.17,-0.17999999999999972,-1.9251336898395643,15851060.0
002171,20221024,9.02,9.01,9.07,9.35,0.16999999999999993,1.85185185185186,21486749.0
002171,20221021,9.14,8.93,8.98,9.18,-0.05000000000000071,-0.5417118093174467,13575581.0
002171,20221020,9.0,8.85,9.14,9.23,-0.05999999999999872,-0.6458557588804981,17543438.0
002171,20221019,9.11,9.03,9.04,9.29,0.009999999999999787,0.10775862068965747,16328545.0
002171,20221018,9.03,8.88,9.18,9.28,0.22999999999999865,2.5414364640883758,24024464.0
002171,20221017,8.64,8.6,9.04,9.05,0.33999999999999986,3.9035591274397152,24234537.0
002171,20221014,8.56,8.49,8.67,8.71,0.05000000000000071,0.5773672055427337,21787847.0
002171,20221013,8.42,8.41,8.45,8.66,0.10999999999999943,1.2865497076023358,15389835.0
002171,20221012,8.28,8.08,8.52,8.55,0.11000000000000121,1.3033175355450455,19153420.0
002171,20221011,8.31,8.23,8.3,8.44,-0.2599999999999998,-2.9885057471264354,13025135.0
002171,20221010,8.65,8.2,8.35,8.7,-0.45000000000000107,-4.918032786885263,20572546.0
002171,20220930,8.84,8.56,8.59,9.15,-0.33000000000000007,-3.4810126582278444,28414081.0
002171,20220929,9.3,8.74,8.82,9.48,-1.0099999999999998,-9.628217349857005,42778803.0
002171,20220928,10.49,9.47,9.47,10.49,-0.09999999999999964,-0.9442870632672351,34463912.0
002171,20220927,10.22,10.16,10.52,10.59,0.03999999999999915,0.37914691943126133,25461039.0
002171,20220926,10.55,10.13,10.15,10.55,-0.3199999999999985,-2.943882244710194,25330829.0
002171,20220923,10.75,10.58,10.68,10.87,-0.13000000000000078,-1.1818181818181839,24188605.0
002171,20220922,10.47,10.43,10.79,11.0,0.35999999999999943,3.383458646616533,31164454.0
002171,20220921,10.52,10.18,10.57,10.64,-0.1999999999999993,-1.845018450184499,20028689.0
002171,20220920,10.36,10.31,10.55,10.84,0.09999999999999964,0.9310986964618184,25668423.0
002171,20220919,10.56,10.26,10.35,10.74,-0.10999999999999943,-1.0138248847926246,27343614.0
002171,20220916,10.2,9.94,10.55,10.85,0.07000000000000028,0.6493506493506551,41039881.0
002171,20220915,10.78,10.0,10.17,10.78,-0.20000000000000107,-1.821493624772319,35765134.0
002171,20220914,10.29,10.21,10.79,10.98,0.3000000000000007,2.8089887640449396,43254900.0
002171,20220913,9.99,9.99,10.48,10.68,0.4599999999999991,4.500978473581196,33360385.0
002171,20220909,10.12,9.88,9.98,10.22,-0.049999999999998934,-0.4868549172346581,17333092.0
002171,20220908,9.78,9.72,10.17,10.27,0.4399999999999995,4.476093591047814,25132807.0
002171,20220907,9.69,9.63,9.79,9.83,0.13000000000000078,1.3402061855670278,10766685.0
002171,20220906,9.5,9.44,9.69,9.7,0.10999999999999943,1.147028154327412,9003464.0
002171,20220905,9.43,9.37,9.5,9.59,0.03999999999999915,0.41884816753925413,7531526.0
002171,20220902,9.35,9.29,9.46,9.55,-0.009999999999999787,-0.10460251046024993,8040907.0
002171,20220901,9.48,9.28,9.34,9.56,-0.46999999999999886,-4.685942173479551,10467142.0
002171,20220831,10.0,9.39,9.42,10.03,-0.20000000000000107,-1.9550342130987386,21188935.0
002171,20220830,10.18,9.95,9.99,10.23,-0.019999999999999574,-0.19512195121951237,9903254.0
002171,20220829,10.02,9.84,10.22,10.25,-0.21000000000000085,-2.0076481835564097,12776982.0
002171,20220826,10.26,10.07,10.13,10.46,-0.05999999999999872,-0.5703422053231821,15434866.0
002171,20220825,10.42,10.05,10.19,10.52,-0.4800000000000004,-4.3636363636363695,19525609.0
002171,20220824,10.8,10.38,10.47,11.0,-0.02999999999999936,-0.27198549410697437,26893635.0
002171,20220823,10.77,10.58,10.75,11.03,0.14999999999999858,1.3786764705882248,17222464.0
002171,20220822,10.78,10.37,10.79,10.88,-0.6599999999999984,-5.719237435008651,27840171.0
002171,20220819,11.3,10.91,10.98,11.54,0.4399999999999995,3.963963963963968,32597041.0
002171,20220818,10.81,10.79,11.04,11.1,0.10999999999999943,1.0009099181073733,19848996.0
002171,20220817,10.95,10.81,10.84,10.99,-0.019999999999999574,-0.1816530426884566,14063500.0
002171,20220816,11.0,10.83,10.92,11.01,-0.16000000000000014,-1.43240823634736,22580846.0
002171,20220815,10.69,10.62,11.06,11.17,0.33000000000000007,3.0442804428044257,32748740.0
002171,20220812,10.72,10.6,10.68,10.84,-0.019999999999999574,-0.18416206261510082,18191450.0
002171,20220811,10.67,10.55,10.82,10.86,-0.009999999999999787,-0.09199632014719183,27880468.0
002171,20220810,10.67,10.58,10.63,10.87,-0.120000000000001,-1.0919017288444133,26080959.0
002171,20220809,10.92,10.57,10.69,10.99,-0.07000000000000028,-0.6329113924050667,36927075.0
002171,20220808,10.85,10.62,11.03,11.06,-0.29999999999999893,-2.640845070422526,23321549.0
002171,20220805,11.22,10.86,10.9,11.36,0.03999999999999915,0.35335689045936647,36104271.0
002171,20220804,10.86,10.61,11.3,11.32,0.0,0.0,51504885.0
002171,20220803,10.89,10.76,10.87,11.32,0.23000000000000043,2.073940486925152,49142881.0
002171,20220802,10.87,10.47,10.82,11.09,-0.120000000000001,-1.0704727921498791,46939456.0
002171,20220801,11.19,10.81,11.03,11.21,-0.21999999999999886,-1.924759405074361,35862220.0
002171,20220729,10.83,10.71,11.06,11.43,0.4800000000000004,4.383561643835621,61856193.0
002171,20220728,10.4,10.35,10.75,10.95,0.75,7.352941176470584,60962850.0
002171,20220727,9.77,9.69,10.16,10.2,0.35999999999999943,3.658536585365857,32847665.0
002171,20220726,9.67,9.4,9.82,9.84,-0.5099999999999998,-4.927536231884055,21533461.0
002171,20220725,10.2,9.71,9.78,10.35,0.21999999999999886,2.1717670286278246,38433946.0
002171,20220722,9.91,9.69,9.93,10.13,0.0,0.0,31970378.0
002171,20220721,9.54,9.54,9.69,10.13,0.5400000000000009,5.630865484880099,36174999.0
002171,20220720,9.56,9.37,9.54,9.59,0.02999999999999936,0.3138075313807498,15959155.0
002171,20220719,9.2,9.13,9.51,9.56,0.34999999999999964,3.800217155266017,19825760.0
002171,20220718,9.01,9.0,9.21,9.21,-0.05999999999999872,-0.6472491909384925,10903153.0
002171,20220715,9.17,9.01,9.01,9.27,-0.05000000000000071,-0.5364806866952843,9899845.0
002171,20220714,8.86,8.86,9.21,9.32,0.3000000000000007,3.3259423503326113,16646796.0
002171,20220713,8.86,8.73,8.92,9.02,0.0,0.0,10495949.0
002171,20220712,8.98,8.84,8.84,9.02,-0.22000000000000064,-2.3809523809523836,9961854.0
002171,20220711,9.19,8.83,8.92,9.24,-0.20999999999999908,-2.2222222222222143,15373722.0
002171,20220708,9.35,9.11,9.19,9.45,0.03999999999999915,0.4250797024442088,17249365.0
002171,20220707,9.21,9.17,9.34,9.41,0.009999999999999787,0.10638297872340718,16294165.0
002171,20220706,9.39,9.04,9.17,9.4,-0.09999999999999964,-1.0526315789473606,13269947.0
002171,20220705,9.41,9.11,9.39,9.5,-0.0600000000000005,-0.6276150627615107,15774192.0
002171,20220704,9.2,9.05,9.39,9.56,0.17999999999999972,1.9189765458422103,16924511.0
002171,20220701,9.37,9.09,9.22,9.38,-0.1399999999999988,-1.4705882352941013,15524079.0
002171,20220630,9.31,9.25,9.33,9.52,-0.33000000000000007,-3.3502538071065957,13065462.0
002171,20220629,9.73,9.2,9.25,9.85,-0.07000000000000028,-0.7056451612903247,28784221.0
002171,20220628,9.41,9.4,9.86,9.92,0.4900000000000002,5.1961823966065745,27393168.0
002171,20220627,9.36,9.21,9.4,9.43,-0.05000000000000071,-0.527426160337563,16872586.0
002171,20220624,9.13,9.09,9.39,9.48,0.19000000000000128,2.0452099031216475,25517847.0
002171,20220623,8.71,8.68,9.19,9.29,0.3899999999999988,4.3820224719101075,21031072.0
002171,20220622,8.85,8.67,8.7,8.9,-0.16000000000000014,-1.7660044150110354,13249949.0
002171,20220621,8.97,8.81,8.88,9.06,-0.1399999999999988,-1.5217391304347738,20520207.0
002171,20220620,8.9,8.9,9.02,9.2,0.17999999999999972,1.9955654101995624,28191950.0
002171,20220617,8.36,8.32,8.89,9.02,0.4900000000000002,5.744431418522855,31818629.0
002171,20220616,8.3,8.28,8.43,8.53,-0.120000000000001,-1.38728323699423,18882257.0
002171,20220615,8.47,8.28,8.28,8.65,0.08000000000000007,0.9334889148191472,20052483.0
002171,20220614,8.51,8.21,8.55,8.57,-0.049999999999998934,-0.5800464037122866,17898061.0
002171,20220613,8.48,8.41,8.62,8.62,0.05999999999999872,0.7009345794392274,13030936.0
002171,20220610,8.33,8.21,8.55,8.56,0.040000000000000924,0.46948356807512415,15310770.0
002171,20220609,8.44,8.25,8.34,8.52,-0.09999999999999964,-1.1600928074245953,12393101.0
002171,20220608,8.61,8.23,8.52,8.62,0.08000000000000007,0.936768149882905,14502230.0
002171,20220607,8.53,8.33,8.43,8.54,-0.040000000000000924,-0.4662004662004726,11401567.0
002171,20220606,8.35,8.33,8.53,8.58,0.23000000000000043,2.754491017964078,13676953.0
002171,20220602,8.21,8.15,8.33,8.35,0.11999999999999922,1.4580801944106936,12888628.0
002171,20220601,8.16,8.09,8.14,8.23,0.0,0.0,10057893.0
002171,20220531,8.09,8.01,8.22,8.23,0.05000000000000071,0.6112469437652868,12152057.0
002171,20220530,8.15,8.02,8.08,8.18,-0.09999999999999964,-1.207729468599028,9802209.0
002171,20220527,8.23,8.07,8.15,8.28,0.009999999999999787,0.12091898428052694,14516267.0
002171,20220526,8.07,7.94,8.18,8.27,0.21999999999999886,2.7329192546583725,16103213.0
002171,20220525,7.98,7.87,8.04,8.05,-0.28999999999999915,-3.4772182254196538,12539758.0
002171,20220524,8.23,7.88,7.89,8.34,0.05000000000000071,0.6031363088057962,19566390.0
002171,20220523,8.18,8.1,8.26,8.29,0.08999999999999986,1.097560975609757,12284529.0
002171,20220520,7.96,7.95,8.18,8.2,0.21999999999999886,2.7568922305764243,18165636.0
002171,20220519,7.78,7.74,7.96,7.98,-0.09999999999999964,-1.2376237623762387,12328303.0
002171,20220518,7.98,7.89,7.92,8.08,0.1200000000000001,1.5075376884422065,14491180.0
002171,20220517,7.79,7.72,7.96,7.96,-0.009999999999999787,-0.12547051442910462,18918651.0
002171,20220516,7.89,7.73,7.8,7.97,0.02999999999999936,0.37783375314861534,17031640.0
002171,20220513,7.77,7.68,7.73,7.94,0.03000000000000025,0.37926675094817064,22743737.0
002171,20220512,7.82,7.64,7.66,7.91,-0.14000000000000057,-1.7391304347826209,35675415.0
002171,20220511,7.83,7.76,7.97,8.05,0.7000000000000011,9.523809523809534,39280591.0
002171,20220510,7.08,7.08,7.32,7.35,0.019999999999999574,0.27285129604364133,11157900.0
002171,20220509,7.03,7.02,7.26,7.33,0.1200000000000001,1.664355062413314,11239601.0
002171,20220506,7.12,7.06,7.09,7.21,-0.21999999999999975,-2.96096904441453,9819913.0
002171,20220505,7.4,7.2,7.29,7.43,0.05999999999999961,0.8141112618724522,12722595.0
002171,20220429,7.19,7.11,7.34,7.37,0.15000000000000036,2.0775623268698196,13756254.0
002171,20220428,7.05,6.98,7.13,7.22,-0.07000000000000028,-0.9602194787380003,19972294.0
002171,20220427,6.6,6.5,7.21,7.29,0.1900000000000004,2.6760563380281654,24835315.0
002171,20220426,7.0,6.65,6.67,7.1,-0.4800000000000004,-6.33245382585752,19158382.0
002171,20220425,7.5,6.98,6.99,7.58,-0.33000000000000007,-4.171934260429833,26434622.0
002171,20220422,7.88,7.68,7.76,7.91,-0.4900000000000002,-5.833333333333335,10452336.0
002171,20220421,8.13,7.8,7.88,8.4,-0.049999999999998934,-0.5917159763313529,12909984.0
002171,20220420,8.39,8.19,8.22,8.45,-0.08000000000000007,-0.9378663540445475,8505495.0
002171,20220419,8.37,8.32,8.38,8.53,0.05999999999999872,0.7083825265643329,8720789.0
002171,20220418,8.37,8.2,8.4,8.47,-0.08999999999999986,-1.0514018691588745,10166459.0
002171,20220415,8.55,8.32,8.47,8.56,-0.28999999999999915,-3.2768361581920757,12021633.0
002171,20220414,8.84,8.37,8.5,8.85,0.35999999999999943,4.240282685512353,10695384.0
002171,20220413,8.3,8.22,8.34,8.49,0.07000000000000028,0.8313539192399189,7562448.0
002171,20220412,8.08,8.04,8.4,8.42,-0.17999999999999972,-2.0930232558139528,9278840.0
002171,20220411,8.6,8.07,8.09,8.6,-0.14000000000000057,-1.6018306636155666,14789099.0
002171,20220408,8.73,8.38,8.6,8.74,-0.1999999999999993,-2.237136465324374,11702634.0
002171,20220407,8.92,8.58,8.66,8.94,-0.05000000000000071,-0.556173526140169,15320104.0
002171,20220406,8.99,8.69,8.94,8.99,-0.40000000000000036,-4.259850905218321,21669744.0
002171,20220401,9.22,9.16,9.27,9.39,-0.08999999999999986,-0.9493670886075889,5420637.0
002171,20220331,9.45,9.28,9.31,9.48,-0.049999999999998934,-0.5246589716684014,8151135.0
002171,20220330,9.43,9.35,9.5,9.53,-0.009999999999999787,-0.10482180293500676,6267813.0
002171,20220329,9.4,9.3,9.37,9.54,-0.05000000000000071,-0.5213764337852034,6445947.0
002171,20220328,9.31,9.22,9.41,9.59,0.0,0.0,8149100.0
002171,20220325,9.58,9.35,9.36,9.59,-0.019999999999999574,-0.20811654526534662,8312264.0
002171,20220324,9.56,9.41,9.46,9.61,-0.040000000000000924,-0.4145077720207335,7183491.0
002171,20220323,9.51,9.51,9.62,9.65,-0.1399999999999988,-1.43003064351378,9723977.0
002171,20220322,9.67,9.49,9.55,9.79,0.11999999999999922,1.2409513960703222,11288437.0
002171,20220321,9.58,9.4,9.53,9.67,0.14000000000000057,1.4690451206715638,10243513.0
002171,20220318,9.48,9.32,9.53,9.53,-0.120000000000001,-1.2435233160621895,8991126.0
002171,20220317,9.32,9.3,9.49,9.65,0.3800000000000008,4.099244875943908,18524259.0
002171,20220316,9.02,8.6,9.2,9.27,-0.3200000000000003,-3.3368091762252416,20368178.0
002171,20220315,9.59,8.81,8.83,9.59,-0.3100000000000005,-3.1313131313131404,22628200.0
002171,20220314,9.81,9.6,9.61,9.9,-0.08000000000000007,-0.8016032064128265,12497515.0
002171,20220311,9.8,9.56,9.94,9.98,-0.09999999999999964,-0.9920634920634885,12397627.0
002171,20220310,9.99,9.86,9.98,10.08,0.040000000000000924,0.3984063745019917,13095467.0
002171,20220309,9.93,9.27,9.7,10.04,-0.3800000000000008,-3.646833013435713,18707974.0
002171,20220308,10.28,9.85,9.92,10.42,-0.2900000000000009,-2.7077497665733086,17798113.0
002171,20220307,10.67,10.2,10.28,10.71,-0.23999999999999844,-2.191780821917799,13972647.0
002171,20220304,10.7,10.6,10.67,10.95,-0.14000000000000057,-1.2623985572587926,11837930.0
002171,20220303,11.01,10.75,10.79,11.09,0.009999999999999787,0.09025270758122872,13697361.0
002171,20220302,11.02,10.9,10.98,11.08,-0.16999999999999993,-1.5111111111111075,9571839.0
002171,20220301,11.23,10.96,11.1,11.25,0.0600000000000005,0.536193029490617,11923554.0
002171,20220228,11.15,10.95,11.17,11.19,-0.11000000000000121,-0.9734513274336387,10661971.0
002171,20220225,11.06,11.06,11.1,11.3,-0.03999999999999915,-0.3527336860670083,14530904.0
002171,20220224,11.25,10.85,11.0,11.34,0.02999999999999936,0.2652519893899141,19281043.0
002171,20220223,11.05,10.99,11.31,11.31,0.15000000000000036,1.3440860215053752,17466343.0
002171,20220222,11.09,10.85,10.99,11.16,0.009999999999999787,0.08968609865471766,15175000.0
002171,20220221,11.1,11.03,11.15,11.15,0.0,0.0,10012414.0
002171,20220218,10.9,10.87,11.1,11.15,-0.08000000000000007,-0.7123775601068583,8272302.0
002171,20220217,11.03,10.93,11.0,11.23,0.11000000000000121,0.9892086330935301,13682273.0
002171,20220216,11.01,10.91,11.05,11.12,0.08999999999999986,0.8159564823209342,11321404.0
002171,20220215,10.55,10.52,11.01,11.03,0.20999999999999908,1.9408502772643166,14520027.0
002171,20220214,10.63,10.48,10.57,10.82,-0.2400000000000002,-2.169981916817365,10008323.0
002171,20220211,11.0,10.74,10.76,11.06,-0.22999999999999865,-2.037201062887495,12427969.0
002171,20220210,11.1,10.98,11.06,11.29,0.06999999999999851,0.6238859180035528,17684068.0
002171,20220209,10.69,10.59,11.15,11.22,0.46000000000000085,4.275092936802971,18783263.0
002171,20220208,10.39,10.37,10.73,10.76,0.08999999999999986,0.8434864104967188,13536189.0
002171,20220207,10.5,10.32,10.42,10.67,0.07000000000000028,0.6603773584905603,14511444.0
002171,20220128,10.59,10.09,10.28,10.6,-0.28000000000000114,-2.573529411764719,15000008.0
002171,20220127,10.74,10.25,10.29,10.88,-0.049999999999998934,-0.45745654162853144,14050981.0
002171,20220126,10.69,10.62,10.8,10.93,-0.3100000000000005,-2.758007117437722,9693543.0
002171,20220125,10.98,10.62,10.65,11.24,0.1899999999999995,1.7194570135746545,16401206.0
002171,20220124,10.88,10.78,10.98,11.05,-0.3699999999999992,-3.2399299474605847,11806027.0
002171,20220121,11.41,10.85,10.88,11.42,-0.47000000000000064,-3.9529015979815063,18805555.0
002171,20220120,11.83,11.19,11.24,11.89,-0.3999999999999986,-3.2546786004881922,21414678.0
002171,20220119,12.16,11.63,11.76,12.29,-0.4800000000000004,-3.758809710258426,21573071.0
002171,20220118,12.16,12.06,12.21,12.77,0.41999999999999993,3.4008097165991957,29779724.0
002171,20220117,11.4,11.33,12.2,12.35,0.8899999999999988,7.766143106457224,31041206.0
002171,20220114,11.24,11.13,11.38,11.46,-0.7599999999999998,-6.2193126022913265,15830171.0
002171,20220113,12.0,11.15,11.24,12.22,0.370000000000001,3.122362869198314,35970814.0
002171,20220112,11.6,11.51,11.74,11.85,-0.030000000000001137,-0.2525252525252597,18750056.0
002171,20220111,11.76,11.45,11.5,11.88,-0.27999999999999936,-2.3026315789473673,17323146.0
002171,20220110,12.08,11.7,11.85,12.16,-0.4599999999999991,-3.6450079239302657,19990554.0
002171,20220107,12.48,11.87,11.92,12.62,0.16999999999999993,1.3654618473895486,28887537.0
002171,20220106,12.18,12.13,12.3,12.45,-0.6400000000000006,-4.88922841864019,17351414.0
002171,20220105,13.05,12.15,12.27,13.09,-0.3200000000000003,-2.386278896346017,28942442.0
002171,20220104,13.25,12.55,12.82,13.41,0.14000000000000057,1.0550113036925435,39940230.0
002171,20211231,13.1,12.89,13.26,13.27,-0.22000000000000064,-1.630837657524098,31443690.0
002171,20211230,12.9,12.75,13.01,13.49,0.46000000000000085,3.530314658480438,56031210.0
002171,20211229,12.59,12.51,12.95,13.03,0.33000000000000007,2.5984251968503846,42555147.0
002171,20211228,12.5,12.36,12.6,12.7,0.05999999999999872,0.4746835443037778,23691457.0
002171,20211227,12.45,12.04,12.59,12.64,-0.16000000000000014,-1.2499999999999956,36844144.0
002171,20211224,12.02,12.02,12.21,12.8,0.3600000000000012,2.893890675241173,53245478.0
002171,20211223,11.3,11.21,12.44,12.44,1.08,9.507042253521124,50518103.0
002171,20211222,11.04,10.99,11.31,11.36,0.3200000000000003,2.898550724637694,15176311.0
002171,20211221,10.91,10.85,11.0,11.04,-0.2900000000000009,-2.559576345984116,10747785.0
002171,20211220,11.16,10.85,10.87,11.33,-0.2599999999999998,-2.2433132010353685,15599917.0
002171,20211217,11.59,11.19,11.19,11.59,-0.009999999999999787,-0.08620689655172153,16936666.0
002171,20211216,11.5,11.4,11.57,11.6,-0.15000000000000036,-1.276595744680853,11031566.0
002171,20211215,11.59,11.45,11.46,11.75,-0.1999999999999993,-1.67364016736401,14868375.0
002171,20211214,11.93,11.56,11.58,11.95,-0.22000000000000064,-1.8077239112571974,16977016.0
002171,20211213,12.15,11.92,11.95,12.17,0.03999999999999915,0.3297609233305687,15145695.0
002171,20211210,11.68,11.45,12.1,12.13,0.26000000000000156,2.190395956192104,22226667.0
002171,20211209,11.74,11.66,11.68,11.87,0.019999999999999574,0.16877637130801038,13001000.0
002171,20211208,11.58,11.52,11.75,11.85,-0.14000000000000057,-1.1676396997498006,16108742.0
002171,20211207,11.84,11.32,11.51,11.99,-0.2400000000000002,-1.9623875715453765,29071230.0
002171,20211206,12.08,11.71,11.81,12.23,-0.05999999999999872,-0.4882017900732172,22728505.0
002171,20211203,12.1,12.07,12.11,12.29,-0.07000000000000028,-0.5663430420712046,19637052.0
002171,20211202,12.28,11.91,12.1,12.36,-0.20000000000000107,-1.5923566878981,25746303.0
002171,20211201,12.49,12.24,12.34,12.56,-0.16999999999999993,-1.335428122545168,23066882.0
002171,20211130,12.66,12.39,12.57,12.73,0.15000000000000036,1.19236883942766,40643775.0
002171,20211129,12.0,11.94,12.5,12.58,-0.0600000000000005,-0.4746835443038,34155256.0
002171,20211126,12.5,12.13,12.28,12.64,0.08999999999999986,0.7171314741035939,28736694.0
002171,20211125,12.26,12.16,12.43,12.55,-0.17999999999999972,-1.413982717989004,24465843.0
002171,20211124,12.6,12.33,12.37,12.73,0.14000000000000057,1.1119936457506086,37540421.0
002171,20211123,11.99,11.85,12.51,12.59,0.14000000000000057,1.1244979919678766,51941968.0
002171,20211122,11.76,11.76,12.05,12.45,0.6799999999999997,5.777400169923541,47010464.0
002171,20211119,11.65,11.49,11.7,11.77,0.08000000000000007,0.6843455945252375,22106884.0
002171,20211118,11.36,11.25,11.68,11.69,0.28999999999999915,2.543859649122804,32479990.0
002171,20211117,10.98,10.9,11.34,11.4,-0.08000000000000007,-0.6968641114982632,24141995.0
002171,20211116,11.35,10.92,10.96,11.48,-0.41999999999999993,-3.529411764705881,29260077.0
002171,20211115,11.52,11.39,11.41,11.9,0.41000000000000014,3.5683202785030455,32470787.0
002171,20211112,11.43,11.21,11.39,11.49,-0.20999999999999908,-1.7948717948717885,24166227.0
002171,20211111,11.56,11.46,11.53,11.7,-0.07000000000000028,-0.5947323704333041,18315369.0
002171,20211110,11.59,11.32,11.71,11.77,0.08999999999999986,0.7705479452054798,26728672.0
002171,20211109,11.31,11.18,11.57,11.68,0.2400000000000002,2.0979020979021046,29933325.0
002171,20211108,11.08,11.06,11.16,11.44,0.05999999999999872,0.5272407732864526,19237556.0
002171,20211105,11.3,11.06,11.08,11.38,-0.08000000000000007,-0.6980802792321161,27249734.0
002171,20211104,10.85,10.68,11.31,11.46,0.5900000000000016,5.427782888684463,47931977.0
002171,20211103,10.26,9.98,10.85,10.87,0.1899999999999995,1.7790262172284521,31814637.0
002171,20211102,10.59,10.21,10.28,10.68,0.02999999999999936,0.28169014084507005,20126750.0
002171,20211101,10.39,10.26,10.55,10.65,-0.23000000000000043,-2.1139705882353033,21314308.0
002171,20211029,9.88,9.87,10.4,10.88,0.6800000000000015,6.666666666666687,25949431.0
002171,20211028,10.15,9.49,9.89,10.2,-0.47000000000000064,-4.404873477038429,30103798.0
002171,20211027,10.44,10.22,10.22,10.67,0.0600000000000005,0.5655042412818112,19611616.0
002171,20211026,10.53,10.37,10.49,10.61,-0.11000000000000121,-1.0261194029850818,26867042.0
002171,20211025,10.35,10.13,10.7,10.72,0.13000000000000078,1.2275731822474212,25029454.0
002171,20211022,10.21,9.96,10.37,10.59,0.14000000000000057,1.3397129186602852,26904482.0
002171,20211021,10.4,10.21,10.25,10.45,-0.08999999999999986,-0.8538899430740043,14667607.0
002171,20211020,10.27,10.15,10.4,10.54,0.1399999999999988,1.3461538461538414,16695925.0
002171,20211019,10.38,10.2,10.31,10.4,0.030000000000001137,0.2892960462873795,13364462.0
002171,20211018,10.2,10.1,10.37,10.37,-0.08000000000000007,-0.7655502392344471,16876276.0
002171,20211015,10.24,10.05,10.23,10.45,0.1899999999999995,1.8518518518518379,24589065.0
002171,20211014,9.7,9.58,10.25,10.26,0.5199999999999996,5.338809034907599,32396832.0
002171,20211013,9.68,9.44,9.73,9.74,-0.379999999999999,-3.75494071146244,15535973.0
002171,20211012,10.06,9.49,9.67,10.12,-0.07000000000000028,-0.6869479882237517,23361015.0
002171,20211011,10.06,9.9,10.1,10.19,-0.16000000000000014,-1.545893719806768,16565600.0
002171,20211008,10.31,9.96,10.06,10.35,0.20999999999999908,2.071005917159763,20093630.0
002171,20210930,10.08,9.98,10.11,10.14,-0.29999999999999893,-2.8735632183907955,19509221.0
002171,20210929,10.3,9.86,9.97,10.44,-0.3800000000000008,-3.512014787430695,35718585.0
002171,20210928,10.64,10.56,10.59,10.82,-0.6099999999999994,-5.33683289588801,20287914.0
002171,20210927,11.33,10.44,10.59,11.43,-0.6899999999999995,-5.693069306930687,38392809.0
002171,20210924,11.92,11.2,11.28,12.12,-0.07000000000000028,-0.5742411812961423,46025643.0
002171,20210923,12.05,11.79,11.96,12.19,0.009999999999999787,0.08210180623973162,28401371.0
002171,20210922,11.79,11.71,11.95,12.18,-0.3800000000000008,-3.0254777070063743,28119626.0
002171,20210917,12.33,11.8,11.98,12.56,-0.7799999999999994,-5.847076461769108,44845910.0
002171,20210916,13.3,12.51,12.52,13.34,-0.15000000000000036,-1.1119347664937052,53479959.0
002171,20210915,12.8,12.7,13.42,13.49,0.15000000000000036,1.1244377811094441,54265842.0
002171,20210914,13.07,12.62,12.97,13.34,-0.5600000000000005,-4.02877697841727,53308240.0
002171,20210913,13.37,12.99,13.43,13.9,0.5600000000000005,4.197901049475261,82749890.0
002171,20210910,12.32,12.25,13.26,13.34,0.8900000000000006,7.1485943775100536,87113864.0
002171,20210909,12.15,11.8,12.39,12.45,0.0,0.0,60255496.0
002171,20210908,12.3,11.96,12.14,12.45,-0.20000000000000107,-1.5810276679842028,55270974.0
002171,20210907,12.03,11.83,12.51,12.65,0.25,2.016129032258074,63105642.0
002171,20210906,12.23,11.52,11.96,12.4,-0.9199999999999999,-6.906906906906906,67691099.0
002171,20210903,13.06,12.05,12.23,13.32,-0.17999999999999972,-1.3333333333333308,91524536.0
002171,20210902,12.51,12.51,13.19,13.5,-0.27999999999999936,-2.0319303338171224,87794130.0
002171,20210901,13.65,12.61,12.63,13.78,-0.6500000000000004,-4.504504504504503,115620821.0
002171,20210831,13.79,13.23,14.01,14.43,1.0600000000000005,7.928197456993269,131313547.0
002171,20210830,12.6,12.6,13.37,13.37,1.0,8.08407437348424,98426508.0
002171,20210827,11.51,11.34,12.15,12.37,0.41999999999999993,3.5146443514644243,105960858.0
002171,20210826,10.88,10.88,11.64,11.95,0.47999999999999865,4.184829991281602,130460657.0
002171,20210825,10.98,10.64,10.86,11.47,0.3600000000000012,3.240324032403241,93772366.0
002171,20210824,10.47,10.36,10.97,11.11,0.47999999999999865,4.515522107243641,65492216.0
002171,20210823,10.54,10.25,10.48,10.63,0.28000000000000114,2.705314009661852,42089205.0
002171,20210820,9.93,9.83,10.34,10.35,0.33999999999999986,3.3966033966033926,35012014.0
002171,20210819,9.94,9.6,9.95,10.01,-0.27999999999999936,-2.7210884353741416,31076495.0
002171,20210818,9.91,9.87,10.12,10.29,-0.07000000000000028,-0.6756756756756799,34787593.0
002171,20210817,10.35,9.8,9.83,10.36,-0.3500000000000014,-3.267973856209161,43057674.0
002171,20210816,10.7,10.28,10.4,10.71,-0.02999999999999936,-0.27932960893853886,48896057.0
002171,20210813,10.11,10.05,10.69,10.74,0.4900000000000002,4.780487804878053,58518630.0
002171,20210812,10.08,9.97,10.13,10.25,0.0600000000000005,0.5888125613346507,34393992.0
002171,20210811,10.0,9.93,10.16,10.19,-0.02000000000000135,-0.19588638589619345,38193707.0
002171,20210810,9.65,9.62,10.08,10.21,0.33000000000000007,3.34008097165992,57212530.0
002171,20210809,9.71,9.56,9.74,9.88,-0.11999999999999922,-1.19999999999999,24674614.0
002171,20210806,9.84,9.65,9.81,10.0,0.09999999999999964,1.0101010101010166,35862277.0
002171,20210805,9.7,9.51,9.82,9.9,0.15000000000000036,1.538461538461533,32730870.0
002171,20210804,9.48,9.46,9.73,9.75,-0.11999999999999922,-1.2158054711246091,31492627.0
002171,20210803,9.87,9.4,9.46,9.87,-0.20000000000000107,-1.9860973187686315,40936491.0
002171,20210802,9.71,9.53,9.95,10.07,0.33999999999999986,3.4943473792394597,57665149.0
002171,20210730,9.52,9.32,9.6,9.73,0.25,2.6371308016877704,39827341.0
002171,20210729,9.07,9.02,9.4,9.48,0.22000000000000064,2.3758099352051865,40371371.0
002171,20210728,9.25,8.56,8.87,9.26,-0.6500000000000004,-6.559031281533811,43757672.0
002171,20210727,9.63,9.26,9.28,9.91,0.05000000000000071,0.5070993914807476,49862005.0
002171,20210726,9.44,9.37,9.55,9.86,0.35999999999999943,3.7894736842105203,55489130.0
002171,20210723,9.27,9.2,9.44,9.5,0.13000000000000078,1.3874066168623411,42837201.0
002171,20210722,9.17,9.09,9.31,9.37,0.16999999999999993,1.8478260869565277,31147419.0
002171,20210721,9.08,8.99,9.19,9.2,0.09999999999999964,1.098901098901095,25427645.0
002171,20210720,9.0,8.88,9.08,9.1,-0.28000000000000114,-2.9850746268656803,20448323.0
002171,20210719,9.31,9.03,9.09,9.38,-0.08000000000000007,-0.8456659619450302,27046919.0
002171,20210716,8.97,8.93,9.26,9.46,0.4200000000000017,4.646017699115057,46823397.0
002171,20210715,8.95,8.74,8.92,9.04,-0.11000000000000121,-1.2021857923497414,24271099.0
002171,20210714,9.13,8.91,8.99,9.15,-0.10999999999999943,-1.1879049676025821,25277801.0
002171,20210713,9.13,8.98,9.19,9.26,-0.13000000000000078,-1.3844515441959637,32054313.0
002171,20210712,9.34,9.08,9.15,9.39,0.15000000000000036,1.6233766233766378,40224820.0
002171,20210709,8.81,8.76,9.16,9.24,0.2400000000000002,2.6666666666666616,42189443.0
002171,20210708,8.98,8.84,8.89,9.0,0.019999999999999574,0.22271714922048602,26480575.0
002171,20210707,8.72,8.58,8.93,8.98,0.08000000000000007,0.8988764044943753,32852339.0
002171,20210706,8.78,8.58,8.73,8.9,0.05000000000000071,0.5649717514124353,25325960.0
002171,20210705,8.5,8.48,8.78,8.85,0.2699999999999996,3.1468531468531458,26477346.0
002171,20210702,8.47,8.38,8.42,8.58,-0.1999999999999993,-2.27790432801821,16245673.0
002171,20210701,8.75,8.43,8.43,8.78,-0.13000000000000078,-1.4590347923681302,18213458.0
002171,20210630,8.69,8.64,8.73,8.91,0.009999999999999787,0.11235955056179137,19341642.0
002171,20210629,8.9,8.53,8.66,8.9,-0.17999999999999972,-1.9823788546255439,32959842.0
002171,20210628,8.81,8.73,8.92,9.08,0.22000000000000064,2.483069977426644,26718054.0
002171,20210625,8.86,8.59,8.75,8.86,-0.23000000000000043,-2.5302530253025313,34006492.0
002171,20210624,8.97,8.91,9.01,9.09,-0.16999999999999993,-1.8358531317494542,21308850.0
002171,20210623,8.85,8.81,9.05,9.26,0.2599999999999998,2.8888888888888964,36663988.0
002171,20210622,8.95,8.73,8.87,9.0,-0.02999999999999936,-0.33222591362125353,26990731.0
002171,20210621,8.68,8.67,8.93,9.03,0.28999999999999915,3.318077803203656,42598188.0
002171,20210618,8.38,8.35,8.67,8.74,0.16000000000000014,1.8648018648018683,41338197.0
002171,20210617,8.08,8.07,8.43,8.58,0.35999999999999943,4.379562043795615,34536040.0
002171,20210616,8.11,7.97,8.03,8.22,-0.049999999999998934,-0.6045949214026458,14415436.0
002171,20210615,8.23,8.11,8.15,8.27,-0.120000000000001,-1.430274135876053,10378565.0
002171,20210611,8.39,8.18,8.24,8.39,0.009999999999999787,0.11933174224343368,14948043.0
002171,20210610,8.28,8.23,8.34,8.38,-0.08000000000000007,-0.9456264775413725,16534037.0
002171,20210609,8.33,8.21,8.3,8.46,-0.009999999999999787,-0.11806375442738881,17643506.0
002171,20210608,8.43,8.26,8.31,8.47,-0.1999999999999993,-2.306805074971152,20222796.0
002171,20210607,8.25,8.21,8.44,8.67,0.5099999999999998,6.25,37783735.0
002171,20210604,8.07,8.0,8.15,8.16,-0.0600000000000005,-0.7299270072992803,12793706.0
002171,20210603,8.03,8.0,8.14,8.22,0.040000000000000924,0.4889975550122383,14845321.0
002171,20210602,8.1,7.98,8.05,8.18,0.02999999999999936,0.36809815950920033,13006908.0
002171,20210601,8.06,7.92,8.1,8.15,0.05000000000000071,0.6172839506172867,15032896.0
002171,20210531,8.04,7.98,8.03,8.1,-0.11000000000000121,-1.3398294762484886,15035383.0
002171,20210528,8.09,8.02,8.06,8.21,0.09000000000000163,1.1083743842364768,12416035.0
002171,20210527,7.84,7.8,8.07,8.12,0.1899999999999995,2.395964691046659,17831809.0
002171,20210526,7.84,7.74,7.86,7.93,0.040000000000000036,0.5069708491761693,14883021.0
002171,20210525,7.73,7.69,7.83,7.89,0.08999999999999986,1.1538461538461497,10765541.0
002171,20210524,7.74,7.65,7.76,7.8,-0.03000000000000025,-0.3831417624521105,8685049.0
002171,20210521,7.78,7.7,7.76,7.83,-0.15000000000000036,-1.8796992481203034,8482299.0
002171,20210520,7.98,7.76,7.77,7.98,-0.1399999999999988,-1.724137931034464,17368980.0
002171,20210519,8.1,7.95,8.05,8.12,-0.05000000000000071,-0.6119951040391758,12157333.0
002171,20210518,7.97,7.97,8.1,8.17,0.08999999999999986,1.1138613861386037,12561909.0
002171,20210517,8.07,7.94,8.0,8.08,-0.03999999999999915,-0.49261083743841194,10051189.0
002171,20210514,8.08,7.98,8.05,8.12,-0.08000000000000007,-0.9756097560975618,11700157.0
002171,20210513,8.07,7.97,8.06,8.2,-0.010000000000001563,-0.12180267965896663,12905630.0
002171,20210512,8.02,7.99,8.19,8.21,0.13000000000000078,1.6089108910891214,16788216.0
002171,20210511,7.98,7.84,8.07,8.08,-0.20999999999999908,-2.533172496984304,21947036.0
002171,20210510,8.15,8.12,8.21,8.29,0.019999999999999574,0.24183796856105388,18950650.0
002171,20210507,8.22,8.05,8.11,8.27,-0.019999999999999574,-0.24125452352231624,15035782.0
002171,20210506,8.12,8.1,8.15,8.29,0.1399999999999988,1.7177914110429349,16181852.0
002171,20210430,8.03,7.95,8.04,8.15,-0.019999999999999574,-0.244798041615657,19066270.0
002171,20210429,8.13,8.05,8.09,8.17,0.0,0.0,12772423.0
002171,20210428,8.15,7.98,8.16,8.17,-0.07000000000000028,-0.8495145631068013,17948659.0
002171,20210427,8.0,7.97,8.16,8.24,0.10999999999999943,1.3530135301353052,40276401.0
002171,20210426,7.96,7.7,8.0,8.13,0.2500000000000009,3.172588832487322,42229899.0
002171,20210423,7.8,7.67,7.81,7.88,-0.0600000000000005,-0.7556675062972307,12563728.0
002171,20210422,7.6,7.59,7.81,7.94,0.35000000000000053,4.61133069828723,17003727.0
002171,20210421,7.56,7.43,7.55,7.59,-0.08999999999999986,-1.171875,8343890.0
002171,20210420,7.56,7.54,7.6,7.68,0.009999999999999787,0.1303780964797996,8741324.0
002171,20210419,7.53,7.49,7.62,7.67,0.07000000000000028,0.9210526315789558,11257602.0
002171,20210416,7.5,7.46,7.56,7.6,0.09999999999999964,1.3333333333333197,9702879.0
002171,20210415,7.38,7.33,7.49,7.5,-0.16999999999999993,-2.2164276401564487,10553661.0
002171,20210414,7.24,7.2,7.42,7.67,0.46999999999999975,6.527777777777777,17933697.0
002171,20210413,7.14,7.09,7.13,7.2,-0.14999999999999947,-2.0408163265306034,5726206.0
002171,20210412,7.32,7.11,7.2,7.35,-0.09000000000000075,-1.2096774193548487,9364391.0
002171,20210409,7.38,7.32,7.35,7.44,-0.040000000000000036,-0.5347593582887722,7680451.0
002171,20210408,7.33,7.31,7.37,7.48,0.05000000000000071,0.6729475100942128,11911452.0
002171,20210407,7.43,7.21,7.31,7.43,-0.05000000000000071,-0.6684491978609763,6817054.0
002171,20210406,7.45,7.32,7.38,7.48,0.07000000000000028,0.9446693657219951,7027818.0
002171,20210402,7.2,7.14,7.36,7.41,0.20000000000000018,2.77392510402219,11248247.0
002171,20210401,7.08,7.06,7.17,7.21,-0.020000000000000462,-0.2766251728907432,7971323.0
002171,20210331,7.18,7.05,7.11,7.23,-0.08999999999999986,-1.2295081967213073,10420463.0
002171,20210330,7.32,7.19,7.19,7.32,-0.02999999999999936,-0.40816326530611624,12926929.0
002171,20210329,7.3,7.24,7.32,7.35,0.04999999999999982,0.6849315068493178,6488361.0
002171,20210326,7.25,7.21,7.29,7.3,-0.11000000000000032,-1.4844804318488558,7889015.0
002171,20210325,7.39,7.19,7.25,7.41,-0.17999999999999972,-2.371541501976282,10666248.0
002171,20210324,7.55,7.33,7.38,7.59,-0.21999999999999975,-2.8169014084507005,11125324.0
002171,20210323,7.76,7.53,7.56,7.81,-0.010000000000000675,-0.12787723785167016,12036878.0
002171,20210322,7.62,7.62,7.77,7.82,0.0600000000000005,0.773195876288657,9472100.0
002171,20210319,7.58,7.54,7.64,7.76,-0.1299999999999999,-1.6476552598225558,9983323.0
002171,20210318,7.84,7.63,7.67,7.89,-0.1200000000000001,-1.4981273408239737,13583243.0
002171,20210317,8.01,7.8,7.87,8.01,0.02999999999999936,0.3759398496240518,9328705.0
002171,20210316,7.83,7.74,7.96,7.98,-0.10999999999999943,-1.3597033374536438,11061257.0
002171,20210315,7.99,7.8,7.88,8.09,-0.08999999999999986,-1.1002444987775029,15748210.0
002171,20210312,8.11,7.9,8.03,8.18,0.2699999999999996,3.4134007585334913,21586742.0
002171,20210311,7.46,7.46,7.88,7.91,0.17999999999999972,2.3285899094437124,14920467.0
002171,20210310,7.69,7.45,7.46,7.73,-0.14999999999999947,-1.9035532994923776,11202616.0
002171,20210309,7.82,7.46,7.6,7.88,-0.21999999999999975,-2.716049382716046,13178042.0
002171,20210308,7.98,7.84,7.84,8.1,0.03999999999999915,0.4962779156327368,11473531.0
002171,20210305,7.97,7.83,8.05,8.06,-0.08000000000000007,-0.9828009828009798,11205430.0
002171,20210304,8.0,7.94,7.98,8.14,0.08999999999999986,1.1180124223602483,12714118.0
002171,20210303,7.82,7.76,8.05,8.05,-0.019999999999999574,-0.24783147459727095,13751670.0
002171,20210302,8.02,7.81,7.87,8.07,0.1299999999999999,1.6372795969773257,11695679.0
002171,20210301,7.8,7.75,7.93,7.94,0.15000000000000036,1.9255455712451797,13060168.0
002171,20210226,7.7,7.66,7.74,7.79,-0.4300000000000006,-5.231143552311446,13933965.0
002171,20210225,8.19,7.84,7.85,8.22,0.02000000000000135,0.24390243902441266,18836573.0
002171,20210224,8.08,8.01,8.1,8.2,-0.030000000000001137,-0.36452004860269005,20181993.0
002171,20210223,8.14,8.02,8.08,8.23,-0.1399999999999988,-1.6726403823177916,20588305.0
002171,20210222,8.04,8.02,8.1,8.37,0.4999999999999991,6.353240152477757,35823144.0
002171,20210219,7.55,7.44,7.81,7.87,0.2999999999999998,3.9630118890356725,19829292.0
002171,20210218,7.25,7.25,7.52,7.57,0.20999999999999996,2.8532608695652106,16645093.0
002171,20210210,7.33,7.09,7.11,7.36,-0.05999999999999961,-0.8086253369272156,17193565.0
002171,20210209,7.15,7.12,7.35,7.42,0.16000000000000014,2.203856749311295,10114373.0
002171,20210208,7.19,7.06,7.19,7.26,-0.10000000000000053,-1.3586956521739246,8325705.0
002171,20210205,7.27,7.08,7.19,7.36,-0.009999999999999787,-0.13568521031207537,8061433.0
002171,20210204,7.31,7.12,7.21,7.37,-0.2999999999999998,-3.9113428943937434,9896551.0
002171,20210203,7.64,7.29,7.34,7.67,-0.04999999999999982,-0.6476683937823857,10916002.0
002171,20210202,7.5,7.4,7.65,7.72,0.13999999999999968,1.846965699208436,9621745.0
002171,20210201,7.52,7.28,7.5,7.58,-0.3799999999999999,-4.773869346733672,14577017.0
002171,20210129,7.96,7.31,7.6,7.96,-0.1800000000000006,-2.211302211302224,23969986.0
002171,20210128,8.0,7.89,7.89,8.14,-0.009999999999999787,-0.12269938650306678,10411421.0
002171,20210127,8.14,7.89,8.0,8.15,-0.379999999999999,-4.4548651817115985,14729202.0
002171,20210126,8.53,8.07,8.13,8.53,-0.120000000000001,-1.38728323699423,23755699.0
002171,20210125,8.12,8.11,8.52,8.65,0.33000000000000007,3.9663461538461453,29999031.0
002171,20210122,8.25,8.1,8.12,8.32,-0.08000000000000007,-0.952380952380949,15885952.0
002171,20210121,8.29,8.2,8.34,8.4,0.0,0.0,13765052.0
002171,20210120,8.35,8.25,8.3,8.4,-0.20999999999999908,-2.4390243902438935,10657097.0
002171,20210119,8.47,8.35,8.37,8.61,-0.0600000000000005,-0.6920415224913601,12493759.0
002171,20210118,8.35,8.34,8.51,8.67,0.11999999999999922,1.4035087719298067,9887188.0
002171,20210115,8.45,8.31,8.38,8.55,-0.17999999999999972,-2.0618556701030855,10632763.0
002171,20210114,8.72,8.4,8.43,8.73,-0.17999999999999972,-2.020202020202022,16120608.0
002171,20210113,8.63,8.46,8.75,8.91,0.1899999999999995,2.178899082568808,22274495.0
002171,20210112,8.46,8.35,8.65,8.72,-0.05999999999999872,-0.6833712984054552,16636109.0
002171,20210111,8.6,8.38,8.48,8.78,-0.02000000000000135,-0.22727272727274261,19685966.0
002171,20210108,8.8,8.37,8.59,8.8,-0.1899999999999995,-2.1134593993325845,20710817.0
002171,20210107,8.95,8.67,8.83,8.99,-0.28999999999999915,-3.124999999999989,24060911.0
002171,20210106,9.14,8.94,8.96,9.28,-0.13000000000000078,-1.381509032943684,21402139.0
002171,20210105,9.16,9.05,9.14,9.41,0.14000000000000057,1.5102481121898714,33576534.0
002171,20210104,8.57,8.56,9.08,9.27,0.5899999999999999,6.797235023041481,38054973.0
002171,20201231,8.2,8.15,8.54,8.68,0.28999999999999915,3.45649582836709,28188950.0
002171,20201230,8.37,8.07,8.11,8.39,-0.16000000000000014,-1.8713450292397682,20175825.0
002171,20201229,8.43,8.3,8.33,8.55,-0.11999999999999922,-1.3840830449826869,12579553.0
002171,20201228,8.55,8.35,8.46,8.67,-0.02999999999999936,-0.34482758620688614,15859581.0
002171,20201225,8.55,8.48,8.51,8.7,-0.13000000000000078,-1.4722536806342057,11034728.0
002171,20201224,8.47,8.41,8.59,8.83,0.3000000000000007,3.5169988276670727,15127100.0
002171,20201223,8.39,8.31,8.47,8.53,-0.27000000000000135,-3.0681818181818366,14224397.0
002171,20201222,8.8,8.28,8.37,8.8,-0.09999999999999964,-1.1235955056179692,25348861.0
002171,20201221,8.74,8.6,8.85,8.9,-0.08000000000000007,-0.8908685968819552,12432389.0
002171,20201218,8.89,8.7,8.75,8.98,0.08000000000000007,0.8988764044943753,12690883.0
002171,20201217,8.8,8.55,8.88,8.9,-0.0600000000000005,-0.6696428571428603,14169325.0
002171,20201216,8.85,8.77,8.82,8.96,0.05000000000000071,0.561167227833903,7798361.0
002171,20201215,8.85,8.76,8.81,8.91,-0.03999999999999915,-0.4469273743016644,8805408.0
002171,20201214,8.86,8.75,8.93,8.95,-0.13000000000000078,-1.4317180616740144,7869333.0
002171,20201211,9.04,8.78,8.88,9.08,-0.16999999999999993,-1.8378378378378413,17631283.0
002171,20201210,9.09,8.93,9.07,9.25,-0.23000000000000043,-2.426160337552752,21555270.0
002171,20201209,9.4,9.08,9.09,9.48,-0.019999999999999574,-0.21052631578947212,25244660.0
002171,20201208,9.35,9.3,9.43,9.5,-0.08999999999999986,-0.9384775808133461,12661160.0
002171,20201207,9.5,9.32,9.38,9.59,-0.040000000000000924,-0.41536863966771254,17197621.0
002171,20201204,9.58,9.37,9.43,9.63,-0.29999999999999893,-3.0211480362537624,22296001.0
002171,20201203,9.93,9.58,9.58,9.93,-0.10999999999999943,-1.0956175298804771,31511104.0
002171,20201202,9.77,9.73,9.96,10.04,0.23999999999999844,2.4489795918367196,33472569.0
002171,20201201,9.75,9.53,9.76,9.8,-0.21999999999999886,-2.195608782435121,22916024.0
002171,20201130,9.83,9.6,9.69,10.02,0.11999999999999922,1.2121212121211977,29429917.0
002171,20201127,9.8,9.7,9.83,9.9,-0.009999999999999787,-0.10090817356205317,19954729.0
002171,20201126,9.86,9.68,9.89,9.91,-0.2599999999999998,-2.5565388397246758,21174049.0
002171,20201125,10.05,9.84,9.84,10.17,0.07000000000000028,0.6930693069306937,34192065.0
002171,20201124,9.69,9.61,10.09,10.1,-0.15000000000000036,-1.4634146341463428,48541189.0
002171,20201123,9.53,9.48,9.77,10.25,0.8300000000000001,8.81104033970277,63637164.0
002171,20201120,9.28,9.18,9.36,9.42,0.02999999999999936,0.31948881789136685,14386787.0
002171,20201119,9.28,9.16,9.29,9.39,-0.05999999999999872,-0.6349206349206216,13563969.0
002171,20201118,9.3,9.22,9.3,9.45,-0.33000000000000007,-3.3742331288343586,15699055.0
002171,20201117,9.78,9.23,9.41,9.78,-0.16000000000000014,-1.6096579476861161,28742288.0
002171,20201116,9.59,9.53,9.86,9.94,0.25,2.579979360165119,26237342.0
002171,20201113,9.5,9.4,9.54,9.69,-0.08999999999999986,-0.9202453987730008,13339872.0
002171,20201112,9.7,9.45,9.51,9.78,-0.14000000000000057,-1.4112903225806495,14890520.0
002171,20201111,9.8,9.65,9.73,9.92,-0.07000000000000028,-0.7007007007007071,14519682.0
002171,20201110,9.97,9.78,9.86,9.99,-0.16000000000000014,-1.5763546798029604,18578637.0
002171,20201109,9.63,9.62,10.02,10.15,0.3200000000000003,3.2553407934893253,30360531.0
002171,20201106,9.76,9.51,9.63,9.83,0.1899999999999995,1.970954356846466,18710712.0
002171,20201105,9.37,9.32,9.6,9.64,0.16000000000000014,1.6877637130801704,19124963.0
002171,20201104,9.47,9.22,9.33,9.48,-0.1399999999999988,-1.4553014553014387,13543486.0
002171,20201103,9.08,9.06,9.48,9.62,0.15999999999999837,1.6913319238900382,22486465.0
002171,20201102,9.45,8.98,9.08,9.46,-0.48999999999999844,-4.924623115577875,25438812.0
002171,20201030,9.78,9.31,9.37,9.95,0.02999999999999936,0.3024193548387011,25996275.0
002171,20201029,9.78,9.73,9.79,9.92,-0.019999999999999574,-0.2012072434607548,13519149.0
002171,20201028,9.68,9.58,9.92,9.94,0.15000000000000036,1.532175689479054,20272277.0
002171,20201027,9.67,9.5,9.59,9.79,-0.02000000000000135,-0.20387359836901986,11636157.0
002171,20201026,9.68,9.49,9.69,9.81,-0.2400000000000002,-2.3880597014925398,13058020.0
002171,20201023,9.97,9.68,9.72,10.05,-0.03999999999999915,-0.3964321110009772,14624684.0
002171,20201022,9.9,9.76,9.99,10.09,-0.16999999999999993,-1.6569200779727122,16051700.0
002171,20201021,10.18,9.83,9.94,10.26,0.019999999999999574,0.1953125,21619002.0
002171,20201020,10.03,9.84,10.24,10.24,-0.08999999999999986,-0.871248789932233,18838308.0
002171,20201019,10.08,9.96,10.13,10.33,0.08999999999999986,0.87890625,23984254.0
002171,20201016,10.2,9.94,10.05,10.24,-0.2699999999999996,-2.5689819219790633,18200476.0
002171,20201015,10.4,10.1,10.14,10.51,-0.13000000000000078,-1.2218045112782017,24032350.0
002171,20201014,10.56,10.3,10.35,10.64,-0.1399999999999988,-1.298701298701288,26740159.0
002171,20201013,10.51,10.44,10.55,10.78,0.11999999999999922,1.1257035647279423,38337285.0
002171,20201012,10.15,10.05,10.62,10.66,0.40000000000000036,3.898635477582846,54205669.0
002171,20201009,10.18,9.85,10.21,10.26,0.20999999999999908,2.0895522388059584,39700169.0
002171,20200930,9.98,9.74,9.89,10.05,0.030000000000001137,0.29940119760480943,26698995.0
002171,20200929,9.3,9.23,9.89,10.02,0.2400000000000002,2.4539877300613577,40607198.0
002171,20200928,9.59,9.19,9.2,9.78,-0.05000000000000071,-0.5086469989827092,25002023.0
002171,20200925,9.79,9.36,9.49,9.83,-0.28999999999999915,-2.8656126482213384,28556201.0
002171,20200924,9.91,9.74,9.77,10.12,-0.120000000000001,-1.171875000000011,31510521.0
002171,20200923,9.9,9.88,9.94,10.24,0.1899999999999995,1.8905472636815857,37973548.0
002171,20200922,9.94,9.76,9.77,10.05,-0.4299999999999997,-4.103053435114501,29159876.0
002171,20200921,10.12,9.99,10.07,10.48,0.17999999999999972,1.747572815533971,43378800.0
002171,20200918,9.76,9.76,9.99,10.3,0.3800000000000008,3.8306451612903247,59026762.0
002171,20200917,9.62,9.47,9.7,9.92,-0.16000000000000014,-1.5873015873015928,36305935.0
002171,20200916,9.7,9.62,9.72,10.08,-0.0600000000000005,-0.591715976331364,52027209.0
002171,20200915,10.14,9.47,9.55,10.14,0.3500000000000014,3.5750766087844887,54002352.0
002171,20200914,8.93,8.88,9.79,9.79,0.8699999999999992,9.753363228699552,58929821.0
002171,20200911,8.57,8.56,8.9,8.92,-0.33000000000000007,-3.5675675675675644,16666818.0
002171,20200910,9.14,8.45,8.56,9.25,-0.23000000000000043,-2.426160337552752,28533175.0
002171,20200909,9.39,9.1,9.11,9.48,-0.1999999999999993,-2.066115702479332,23155236.0
002171,20200908,9.4,9.25,9.54,9.68,-0.2400000000000002,-2.4193548387096753,32159943.0
002171,20200907,9.9,9.51,9.68,9.92,0.25,2.585315408479838,63983365.0
002171,20200904,9.2,9.1,9.59,9.67,0.4499999999999993,4.88069414316703,34734830.0
002171,20200903,9.2,9.04,9.08,9.22,-0.08999999999999986,-0.9667024704618665,12945348.0
002171,20200902,9.23,8.99,9.28,9.31,0.009999999999999787,0.10752688172042113,17031613.0
002171,20200901,9.2,9.1,9.23,9.3,-0.019999999999999574,-0.21459227467810482,10813184.0
002171,20200831,9.29,9.15,9.23,9.32,0.019999999999999574,0.21505376344086446,12544571.0
002171,20200828,9.05,9.01,9.22,9.3,0.20000000000000107,2.197802197802212,14383751.0
002171,20200827,8.93,8.85,9.05,9.1,-0.07000000000000028,-0.7633587786259555,15324686.0
002171,20200826,9.1,8.85,8.91,9.17,-0.34999999999999964,-3.676470588235292,20704587.0
002171,20200825,9.52,9.08,9.12,9.52,-0.120000000000001,-1.2448132780083054,22488753.0
002171,20200824,9.6,9.36,9.45,9.64,-0.10999999999999943,-1.1282051282051175,12441757.0
002171,20200821,9.62,9.39,9.51,9.75,-0.09999999999999964,-1.015228426395931,15689852.0
002171,20200820,9.78,9.51,9.54,9.85,-0.3100000000000005,-3.0511811023622104,17487937.0
002171,20200819,10.16,9.85,9.89,10.16,-0.11999999999999922,-1.1673151750972721,20365803.0
002171,20200818,9.8,9.79,10.2,10.28,0.33000000000000007,3.316582914572863,28147713.0
002171,20200817,9.71,9.59,9.87,9.95,0.16000000000000014,1.634320735444339,24028716.0
002171,20200814,9.51,9.5,9.68,9.79,-0.0600000000000005,-0.6091370558375719,14749094.0
002171,20200813,9.77,9.49,9.5,9.85,-0.3000000000000007,-2.9556650246305494,22276745.0
002171,20200812,9.93,9.51,9.78,10.15,-0.41000000000000014,-3.882575757575757,30604677.0
002171,20200811,10.55,9.79,9.85,10.56,-0.5899999999999999,-5.2914798206277975,48105564.0
002171,20200810,10.4,10.33,10.68,11.15,0.6100000000000012,5.787476280834936,67493177.0
002171,20200807,10.42,10.02,10.31,10.54,0.3099999999999987,3.0303030303030276,55218270.0
002171,20200806,9.79,9.71,10.12,10.23,0.3200000000000003,3.229061553985879,45196712.0
002171,20200805,9.61,9.41,9.79,9.91,0.08999999999999986,0.9164969450101923,33356426.0
002171,20200804,9.79,9.49,9.58,9.82,0.08000000000000007,0.8213552361396204,27225955.0
002171,20200803,9.17,9.13,9.67,9.74,0.5199999999999996,5.63991323210411,36299472.0
002171,20200731,8.98,8.89,9.12,9.22,-0.11999999999999922,-1.2847965738757905,23737982.0
002171,20200730,9.25,8.97,8.99,9.34,0.07000000000000028,0.7551240560949246,25753279.0
002171,20200729,9.12,9.01,9.25,9.27,-0.16000000000000014,-1.6967126193001114,19432970.0
002171,20200728,9.05,8.96,9.09,9.43,0.1999999999999993,2.1668472372697645,28966775.0
002171,20200727,9.0,8.68,8.91,9.23,-0.8399999999999999,-8.3416087388282,43570877.0
002171,20200724,10.05,9.51,9.55,10.07,-0.009999999999999787,-0.09920634920634885,29319961.0
002171,20200723,9.78,9.69,10.08,10.08,0.009999999999999787,0.09930486593843213,30869201.0
002171,20200722,9.79,9.63,9.88,10.07,0.019999999999999574,0.19900497512437276,28501039.0
002171,20200721,9.98,9.56,9.87,10.05,0.05000000000000071,0.5000000000000115,30265916.0
002171,20200720,9.33,9.26,9.96,10.0,0.5600000000000005,5.932203389830515,37786799.0
002171,20200717,9.23,8.96,9.19,9.44,-0.8800000000000008,-8.527131782945741,32044761.0
002171,20200716,10.1,9.16,9.19,10.32,-0.4499999999999993,-4.178272980501385,51362189.0
002171,20200715,10.43,9.95,10.0,10.77,-0.7300000000000004,-6.347826086956521,68068602.0
002171,20200714,11.39,10.68,10.85,11.5,-0.02999999999999936,-0.2601908065914982,40120138.0
002171,20200713,10.79,10.79,11.36,11.53,0.2699999999999996,2.3978685612788597,35695103.0
002171,20200710,10.78,10.65,10.79,11.26,0.14000000000000057,1.25899280575541,35567217.0
002171,20200709,10.76,10.66,10.85,11.12,0.3199999999999985,2.962962962962945,50304312.0
002171,20200708,10.1,9.9,10.8,10.8,0.47000000000000064,4.549854791868357,45342818.0
002171,20200707,9.72,9.72,10.0,10.33,0.5299999999999994,5.40816326530611,44513963.0
002171,20200706,9.5,9.34,9.67,9.8,0.41999999999999993,4.477611940298498,37926594.0
002171,20200703,9.36,9.13,9.3,9.38,0.040000000000000924,0.4282655246252709,28131307.0
002171,20200702,9.23,9.12,9.33,9.34,-0.22000000000000064,-2.301255230125532,26969355.0
002171,20200701,9.39,9.05,9.19,9.56,0.13000000000000078,1.378579003181346,28686872.0
002171,20200630,9.33,9.2,9.34,9.43,0.049999999999998934,0.5330490405117239,25003769.0
002171,20200629,8.72,8.71,9.29,9.38,0.34000000000000163,3.7610619469026663,44046007.0
002171,20200624,8.93,8.68,8.78,9.04,-0.02000000000000135,-0.22075055187639192,22711706.0
002171,20200623,8.9,8.78,8.86,9.06,-0.03999999999999915,-0.4395604395604269,24739222.0
002171,20200622,8.6,8.6,8.88,9.1,0.3899999999999988,4.477611940298498,33871133.0
002171,20200619,8.7,8.56,8.62,8.71,-0.129999999999999,-1.4705882352941013,17963192.0
002171,20200618,8.5,8.37,8.71,8.84,0.2400000000000002,2.7906976744185963,29327917.0
002171,20200617,8.56,8.4,8.45,8.6,0.0,0.0,15888208.0
002171,20200616,8.47,8.45,8.54,8.6,-0.040000000000000924,-0.4629629629629761,15755266.0
002171,20200615,8.46,8.43,8.43,8.64,0.0,0.0,17846691.0
002171,20200612,8.36,8.3,8.56,8.64,-0.20999999999999908,-2.372881355932188,21820078.0
002171,20200611,8.53,8.45,8.59,8.85,0.23000000000000043,2.6682134570765736,28115876.0
002171,20200610,8.62,8.42,8.51,8.62,-0.02000000000000135,-0.23148148148149916,14949376.0
002171,20200609,8.48,8.39,8.58,8.64,0.0,0.0,19350957.0
002171,20200608,8.52,8.43,8.51,8.64,0.0,0.0,17725959.0
002171,20200605,8.63,8.43,8.53,8.64,-0.049999999999998934,-0.575373993095496,19131468.0
002171,20200604,8.68,8.4,8.6,8.69,-0.2900000000000009,-3.229398663697114,32216640.0
002171,20200603,8.82,8.67,8.83,8.98,-0.16000000000000014,-1.7505470459518668,40346052.0
002171,20200602,8.95,8.8,8.87,9.14,0.3000000000000007,3.393665158371051,49900571.0
002171,20200601,8.71,8.61,8.7,8.84,-0.10999999999999943,-1.229050279329602,49497763.0
002171,20200529,8.21,8.21,8.67,8.95,0.3199999999999985,3.7079953650057673,60054399.0
002171,20200528,8.43,8.17,8.24,8.63,-0.08999999999999986,-1.0321100917431214,48811289.0
002171,20200527,8.36,8.36,8.57,8.72,0.7800000000000002,9.823677581863976,73571250.0
002171,20200526,7.79,7.73,7.93,7.94,0.10000000000000053,1.2755102040816313,11542405.0
002171,20200525,7.8,7.69,7.8,7.84,-0.1999999999999993,-2.487562189054715,7286745.0
002171,20200522,8.02,7.65,7.75,8.04,-0.46000000000000085,-5.41176470588236,21097846.0
002171,20200521,8.47,8.02,8.09,8.5,-0.3699999999999992,-4.171364148816226,21443794.0
002171,20200520,8.81,8.38,8.44,8.87,0.0,0.0,25323530.0
002171,20200519,8.75,8.66,8.78,8.87,0.03999999999999915,0.45300113250281715,17698875.0
002171,20200518,8.49,8.43,8.78,8.83,0.2699999999999996,3.1542056074766345,37712224.0
002171,20200515,8.29,8.22,8.43,8.56,0.22000000000000064,2.6378896882494063,16132173.0
002171,20200514,8.25,8.2,8.25,8.34,-0.019999999999999574,-0.23923444976076125,9275514.0
002171,20200513,8.25,8.22,8.27,8.36,0.0,0.0,8563363.0
002171,20200512,8.29,8.17,8.32,8.36,-0.10000000000000142,-1.1820330969267268,9033598.0
002171,20200511,8.45,8.22,8.27,8.46,-0.09999999999999964,-1.1682242990654124,16759563.0
002171,20200508,8.49,8.35,8.4,8.56,-0.08000000000000007,-0.92592592592593,20015446.0
002171,20200507,8.5,8.39,8.44,8.64,0.10000000000000142,1.1709601873536535,17623619.0
002171,20200506,8.36,8.29,8.5,8.54,-0.0600000000000005,-0.6976744186046546,27074886.0
002171,20200430,8.2,8.18,8.45,8.6,0.09999999999999964,1.17647058823529,29522943.0
002171,20200429,8.35,8.13,8.18,8.5,-0.09999999999999964,-1.1627906976744096,19756711.0
002171,20200428,8.49,8.19,8.38,8.6,-0.05000000000000071,-0.5780346820809301,25500075.0
002171,20200427,8.25,8.1,8.49,8.65,0.20000000000000107,2.366863905325456,33265353.0
002171,20200424,8.31,8.04,8.12,8.45,0.21999999999999886,2.673147023086253,24586336.0
002171,20200423,7.85,7.85,8.13,8.23,0.28000000000000025,3.5220125786163514,29055011.0
002171,20200422,7.77,7.73,7.85,7.95,0.04999999999999982,0.6329113924050667,15261654.0
002171,20200421,7.74,7.59,7.83,7.9,0.0,0.0,18710000.0
002171,20200420,7.6,7.6,7.71,7.9,0.20000000000000018,2.5974025974025983,20229808.0
002171,20200417,7.53,7.49,7.57,7.7,0.1299999999999999,1.7173051519154603,15715688.0
002171,20200416,7.51,7.44,7.5,7.57,-0.08000000000000007,-1.0457516339869244,12819127.0
002171,20200415,7.59,7.46,7.52,7.65,-0.13999999999999968,-1.797175866495504,21636424.0
002171,20200414,7.7,7.61,7.74,7.79,0.0,0.0,13294473.0
002171,20200413,7.72,7.58,7.63,7.79,-0.3299999999999992,-4.064039408866982,12268979.0
002171,20200410,8.1,7.78,7.89,8.12,-0.0600000000000005,-0.7334963325183463,17785493.0
002171,20200409,8.16,8.01,8.06,8.18,-0.030000000000001137,-0.3654080389768666,15249344.0
002171,20200408,8.1,7.96,8.05,8.21,-0.08999999999999986,-1.0843373493975905,21269028.0
002171,20200407,8.07,8.05,8.09,8.3,0.2900000000000009,3.6204744069912698,18126262.0
002171,20200403,7.91,7.8,7.88,8.01,0.02999999999999936,0.3759398496240518,11517663.0
002171,20200402,7.56,7.5,7.95,7.98,0.1900000000000004,2.4390243902439046,17981397.0
002171,20200401,7.45,7.42,7.54,7.79,0.020000000000000462,0.2574002574002643,13712537.0
002171,20200331,7.69,7.45,7.46,7.77,-0.22000000000000064,-2.7534418022528206,12847842.0
002171,20200330,7.96,7.51,7.6,7.99,-0.5800000000000001,-6.76779463243874,24194345.0
002171,20200327,8.56,8.09,8.11,8.57,-0.09999999999999964,-1.1534025374855816,21733887.0
002171,20200326,8.32,8.23,8.44,8.67,-0.02999999999999936,-0.34482758620688614,22726152.0
002171,20200325,8.59,8.19,8.42,8.7,-0.08999999999999986,-1.0238907849829282,31837568.0
002171,20200324,8.75,7.98,8.4,8.79,-0.11000000000000121,-1.2359550561797938,35547474.0
002171,20200323,8.67,8.4,8.5,8.9,-0.25,-2.732240437158473,36111097.0
002171,20200320,8.62,8.52,9.0,9.15,0.5099999999999998,5.902777777777768,49988075.0
002171,20200319,8.45,8.18,8.54,8.64,-0.5499999999999989,-5.984766050054391,36885972.0
002171,20200318,9.12,8.45,8.49,9.19,-0.08000000000000007,-0.8629989212513456,54181682.0
002171,20200317,8.94,8.41,9.11,9.27,-0.4900000000000002,-5.020491803278693,55269907.0
002171,20200316,9.5,8.66,8.73,9.76,0.0600000000000005,0.6185567010309256,55982404.0
002171,20200313,8.69,8.5,9.36,9.7,-0.16000000000000014,-1.6227180527383367,66547800.0
002171,20200312,9.65,9.02,9.18,9.86,-0.17999999999999972,-1.7928286852589626,68245442.0
002171,20200311,9.23,9.23,9.88,10.04,0.7399999999999984,7.956989247311808,105565121.0
002171,20200310,8.55,8.42,9.13,9.3,0.11000000000000121,1.1969532100108982,51805599.0
002171,20200309,8.86,8.66,8.68,9.19,-0.370000000000001,-3.870292887029303,43546672.0
002171,20200306,9.2,8.92,8.97,9.56,-0.05999999999999872,-0.6237006237006071,46488861.0
002171,20200305,9.11,9.11,9.44,9.62,0.41999999999999993,4.565217391304355,47023449.0
002171,20200304,8.87,8.61,9.0,9.2,0.08999999999999986,0.9879253567508295,39285648.0
002171,20200303,8.57,8.51,9.01,9.11,0.6899999999999995,8.194774346793343,64166686.0
002171,20200302,7.98,7.86,8.28,8.42,-0.02999999999999936,-0.35502958579880506,42550434.0
002171,20200228,8.2,7.8,7.82,8.45,-0.8800000000000008,-9.431939978563786,62703989.0
002171,20200227,9.08,8.65,8.67,9.33,-0.5500000000000007,-5.566801619433203,57325969.0
002171,20200226,9.0,8.87,8.99,9.88,0.8900000000000006,9.899888765294772,114504083.0
002171,20200225,7.9,7.84,8.99,8.99,0.5500000000000007,6.516587677725116,76989334.0
002171,20200224,8.11,8.05,8.17,8.44,0.09999999999999964,1.1990407673860837,51435823.0
002171,20200221,7.84,7.84,8.2,8.34,0.5599999999999996,7.197943444730082,65123995.0
002171,20200220,7.71,7.5,7.73,7.78,-0.5799999999999992,-6.937799043062187,30732211.0
002171,20200219,8.0,7.6,7.63,8.36,0.3699999999999992,4.630788485607007,55583372.0
002171,20200218,7.88,7.66,7.82,7.99,0.1900000000000004,2.4358974358974494,38937629.0
002171,20200217,7.44,7.29,7.78,7.8,0.46999999999999975,6.4120054570259155,39578359.0
002171,20200214,7.07,7.0,7.24,7.33,0.09999999999999964,1.3831258644536604,21643570.0
002171,20200213,7.01,6.87,7.15,7.23,0.3100000000000005,4.4797687861271696,23842339.0
002171,20200212,6.82,6.76,6.9,6.92,-0.009999999999999787,-0.1443001443001357,12586954.0
002171,20200211,6.83,6.76,6.85,6.93,0.08000000000000007,1.167883211678844,15651498.0
002171,20200210,6.6,6.5,6.85,6.85,0.3099999999999996,4.740061162079501,22879421.0
002171,20200207,6.45,6.38,6.53,6.54,-0.03000000000000025,-0.45662100456621557,16391693.0
002171,20200206,6.5,6.38,6.53,6.57,-0.08000000000000007,-1.2030075187969946,18008862.0
002171,20200205,6.5,6.4,6.49,6.65,0.05000000000000071,0.7575757575757791,14177195.0
002171,20200204,5.9,5.9,6.43,6.6,0.1899999999999995,2.9641185647425905,19245744.0
002171,20200203,6.32,6.32,6.32,6.41,-0.8300000000000001,-11.46408839779005,8752100.0
002171,20200123,7.06,6.89,7.02,7.24,0.07000000000000028,0.9762900976290068,16790985.0
002171,20200122,7.0,6.9,7.13,7.17,-0.08000000000000007,-1.1034482758620734,11707487.0
002171,20200121,7.25,6.94,6.96,7.25,0.019999999999999574,0.2766251728907321,13481246.0
002171,20200120,7.2,7.09,7.21,7.23,-0.07999999999999918,-1.09439124487003,12878684.0
002171,20200117,7.3,7.1,7.13,7.31,-0.0600000000000005,-0.8141112618724633,16803299.0
002171,20200116,7.27,7.22,7.26,7.37,-0.11000000000000032,-1.4705882352941235,8647182.0
002171,20200115,7.36,7.25,7.32,7.48,0.0,0.0,8907145.0
002171,20200114,7.44,7.36,7.36,7.48,0.03000000000000025,0.402684563758382,12292684.0
002171,20200113,7.23,7.15,7.44,7.45,0.10000000000000053,1.3605442176870763,13179867.0
002171,20200110,7.33,7.2,7.24,7.35,0.0,0.0,8013852.0
002171,20200109,7.26,7.23,7.3,7.35,-0.10000000000000053,-1.34228187919464,13261178.0
002171,20200108,7.33,7.16,7.2,7.45,-0.04999999999999982,-0.6666666666666599,20286493.0
002171,20200107,7.44,7.32,7.39,7.5,-0.07000000000000028,-0.9247027741083214,17474422.0
002171,20200106,7.32,7.32,7.38,7.57,-0.14999999999999947,-1.943005181347146,24638557.0
002171,20200103,7.41,7.38,7.44,7.72,0.16999999999999993,2.251655629139071,21967584.0
002171,20200102,7.49,7.4,7.41,7.55,-0.009999999999999787,-0.1322751322751281,24749205.0
002171,20191231,7.35,7.16,7.41,7.56,0.13999999999999968,1.8867924528301883,28023931.0
002171,20191230,7.19,7.12,7.36,7.42,-0.020000000000000462,-0.26881720430108613,22271882.0
002171,20191227,7.31,7.18,7.23,7.44,0.0,0.0,24408598.0
002171,20191226,6.98,6.96,7.37,7.44,0.3000000000000007,4.201680672268915,36093708.0
002171,20191225,7.02,6.94,7.02,7.14,0.040000000000000036,0.5633802816901401,16093794.0
002171,20191224,6.8,6.72,7.06,7.1,0.02999999999999936,0.4243281471004057,24757332.0
002171,20191223,7.06,6.74,6.77,7.07,-0.25,-3.4153005464480857,30573639.0
002171,20191220,7.22,7.0,7.09,7.32,-0.040000000000000036,-0.5434782608695676,26765278.0
002171,20191219,7.28,7.02,7.27,7.36,-0.29000000000000004,-3.790849673202612,38046030.0
002171,20191218,7.25,7.09,7.22,7.65,0.4300000000000006,5.9556786703601095,64357911.0
002171,20191217,6.57,6.51,7.22,7.22,0.34999999999999964,5.094614264919928,54159361.0
002171,20191216,6.87,6.54,6.56,6.87,0.4500000000000002,7.009345794392519,29737229.0
002171,20191213,6.3,6.27,6.38,6.42,0.08000000000000007,1.2618296529968376,16281576.0
002171,20191212,6.26,6.22,6.3,6.34,0.07000000000000028,1.1164274322169154,8376623.0
002171,20191211,6.23,6.21,6.25,6.27,0.0,0.0,4464519.0
002171,20191210,6.22,6.18,6.24,6.27,-0.08000000000000007,-1.2598425196850394,4109359.0
002171,20191209,6.25,6.19,6.22,6.35,0.05999999999999961,0.9538950715421324,7407780.0
002171,20191206,6.26,6.19,6.28,6.29,0.04999999999999982,0.8012820512820484,7978218.0
002171,20191205,6.19,6.13,6.23,6.24,0.020000000000000462,0.3215434083601254,6422323.0
002171,20191204,6.18,6.13,6.16,6.22,0.009999999999999787,0.16103059581320522,3698449.0
002171,20191203,6.12,6.06,6.19,6.21,0.009999999999999787,0.1612903225806317,5677578.0
002171,20191202,6.1,6.09,6.14,6.2,-0.05999999999999961,-0.9584664536741117,5174005.0
002171,20191129,6.12,6.04,6.12,6.26,0.0699999999999994,1.1308562197092087,7001500.0
002171,20191128,6.19,6.06,6.09,6.19,-0.040000000000000036,-0.6420545746388395,4918781.0
002171,20191127,6.13,6.12,6.13,6.23,-0.019999999999999574,-0.31999999999999806,5564400.0
002171,20191126,6.17,6.12,6.16,6.25,0.03000000000000025,0.4823151125401992,6136704.0
002171,20191125,6.1,6.1,6.16,6.22,-0.020000000000000462,-0.3205128205128305,5398337.0
002171,20191122,6.09,6.03,6.13,6.24,0.009999999999999787,0.16051364365969878,7014958.0
002171,20191121,5.95,5.92,6.08,6.23,0.20000000000000018,3.316749585406309,6589446.0
002171,20191120,5.96,5.92,5.98,6.03,0.03000000000000025,0.5000000000000115,3375507.0
002171,20191119,5.83,5.83,5.98,6.0,0.08000000000000007,1.3513513513513598,4632346.0
002171,20191118,5.86,5.79,5.86,5.92,-0.009999999999999787,-0.1686340640809414,2545100.0
002171,20191115,5.92,5.81,5.88,5.93,-0.010000000000000675,-0.16835016835018424,2822430.0
002171,20191114,5.82,5.81,5.93,5.94,0.020000000000000462,0.33783783783785104,2356030.0
002171,20191113,5.91,5.81,5.86,5.92,-0.08999999999999986,-1.4975041597337757,3797164.0
002171,20191112,5.94,5.87,5.93,6.01,-0.08000000000000007,-1.3136288998357948,3539877.0
002171,20191111,6.09,5.91,5.95,6.09,-0.03000000000000025,-0.4901960784313819,5155026.0
002171,20191108,6.08,6.06,6.08,6.12,0.040000000000000036,0.6578947368421018,3520857.0
002171,20191107,6.07,6.01,6.05,6.08,-0.040000000000000036,-0.6535947712418277,2638575.0
002171,20191106,6.07,6.04,6.04,6.12,0.020000000000000462,0.3278688524590345,3847443.0
002171,20191105,5.99,5.98,6.08,6.1,0.05999999999999961,0.9933774834437026,4548450.0
002171,20191104,6.01,5.95,6.0,6.04,-0.07000000000000028,-1.1456628477905073,4252705.0
002171,20191101,6.1,5.94,6.01,6.11,-0.27999999999999936,-4.381846635367747,10006142.0
002171,20191031,6.15,6.02,6.1,6.39,0.13999999999999968,2.2399999999999975,12628259.0
002171,20191030,6.21,6.1,6.14,6.25,-0.11000000000000032,-1.7295597484276781,7897362.0
002171,20191029,6.35,6.21,6.23,6.36,-0.04999999999999982,-0.7800312012480437,5359583.0
002171,20191028,6.3,6.29,6.37,6.41,0.04999999999999982,0.7861635220125729,7862147.0
002171,20191025,6.27,6.21,6.32,6.36,0.0600000000000005,0.9523809523809712,4737168.0
002171,20191024,6.24,6.19,6.27,6.3,-0.07000000000000028,-1.098901098901106,3534351.0
002171,20191023,6.24,6.23,6.26,6.37,0.11000000000000032,1.757188498402562,5881154.0
002171,20191022,6.2,6.13,6.23,6.26,0.0699999999999994,1.1308562197092087,3166717.0
002171,20191021,6.12,6.05,6.18,6.19,-0.10999999999999943,-1.7460317460317398,3740813.0
002171,20191018,6.28,6.05,6.13,6.3,0.009999999999999787,0.15898251192367763,4875302.0
002171,20191017,6.26,6.22,6.28,6.29,0.0,0.0,2822417.0
002171,20191016,6.29,6.23,6.25,6.29,-0.08000000000000007,-1.2558869701726816,3331157.0
002171,20191015,6.31,6.22,6.25,6.37,-0.040000000000000036,-0.6240249609984372,4787102.0
002171,20191014,6.29,6.27,6.35,6.41,0.10000000000000053,1.5847860538827252,6267045.0
002171,20191011,6.3,6.17,6.24,6.31,-0.05000000000000071,-0.7861635220125951,4565800.0
002171,20191010,6.26,6.18,6.3,6.36,0.11000000000000032,1.760000000000006,5010330.0
002171,20191009,6.12,6.02,6.24,6.25,0.019999999999999574,0.32102728731941976,4687802.0
002171,20191008,6.21,6.03,6.11,6.23,-0.07999999999999918,-1.2678288431061668,6209600.0
002171,20190930,6.25,6.18,6.19,6.31,-0.05000000000000071,-0.7861635220125951,4439096.0
002171,20190927,6.3,6.24,6.26,6.36,-0.14999999999999947,-2.304147465437778,7264567.0
002171,20190926,6.49,6.25,6.27,6.51,-0.10000000000000053,-1.5128593040847238,10490139.0
002171,20190925,6.54,6.38,6.45,6.61,-0.08999999999999986,-1.3432835820895495,9617758.0
002171,20190924,6.56,6.54,6.65,6.7,-0.009999999999999787,-0.14903129657227732,8597649.0
002171,20190923,6.71,6.48,6.56,6.71,-0.040000000000000036,-0.592592592592589,10575002.0
002171,20190920,6.56,6.54,6.7,6.75,0.15000000000000036,2.2727272727272707,12991875.0
002171,20190919,6.51,6.51,6.57,6.6,0.019999999999999574,0.3039513677811412,6208174.0
002171,20190918,6.5,6.5,6.52,6.58,-0.15000000000000036,-2.2288261515601815,6229224.0
002171,20190917,6.71,6.47,6.5,6.73,-0.15999999999999925,-2.3222060957909907,14304973.0
002171,20190916,6.81,6.68,6.75,6.89,0.05999999999999961,0.8784773060029227,15292507.0
002171,20190912,6.75,6.72,6.81,6.83,-0.13999999999999968,-2.0086083213773254,13044382.0
002171,20190911,6.89,6.74,6.78,6.97,-0.33000000000000007,-4.520547945205477,22811102.0
002171,20190910,7.0,6.82,6.89,7.3,0.6099999999999994,9.118086696562022,59184187.0
002171,20190909,6.6,6.49,6.65,6.69,0.07000000000000028,1.0574018126888296,15263876.0
002171,20190906,6.57,6.41,6.56,6.62,0.07000000000000028,1.0687022900763399,15367912.0
002171,20190905,6.32,6.31,6.5,6.55,0.13999999999999968,2.1840873634945357,19737835.0
002171,20190904,6.39,6.24,6.31,6.41,-0.08000000000000007,-1.2326656394452962,12286122.0
002171,20190903,6.44,6.32,6.41,6.49,0.009999999999999787,0.15432098765431057,11627681.0
002171,20190902,6.25,6.2,6.43,6.48,0.05000000000000071,0.7776049766718529,15863036.0
002171,20190830,6.36,6.2,6.29,6.43,0.08000000000000007,1.2598425196850505,12021166.0
002171,20190829,6.35,6.21,6.3,6.35,-0.0600000000000005,-0.9360374414976724,9161000.0
002171,20190828,6.26,6.18,6.28,6.41,-0.05999999999999961,-0.9273570324574876,11644562.0
002171,20190827,6.33,6.24,6.3,6.47,-0.020000000000000462,-0.30816640986133237,18043554.0
002171,20190826,6.3,6.15,6.23,6.49,0.040000000000000036,0.6201550387596955,18956796.0
002171,20190823,6.12,6.11,6.41,6.45,0.23000000000000043,3.6977491961414755,18144077.0
002171,20190822,5.97,5.97,6.16,6.22,0.20000000000000018,3.322259136212624,15041518.0
002171,20190821,5.93,5.86,5.97,6.02,0.02999999999999936,0.5008347245408995,7479824.0
002171,20190820,5.94,5.86,5.95,5.99,0.03000000000000025,0.5033557046979942,5834458.0
002171,20190819,5.87,5.76,5.95,5.96,0.009999999999999787,0.1680672268907557,8993490.0
002171,20190816,5.54,5.54,5.85,5.95,0.33999999999999986,6.060606060606055,8561606.0
002171,20190815,5.58,5.44,5.61,5.61,-0.05999999999999961,-1.058201058201047,3177602.0
002171,20190814,5.61,5.58,5.64,5.67,0.08000000000000007,1.4311270125223707,4272922.0
002171,20190813,5.59,5.52,5.57,5.59,-0.03000000000000025,-0.5338078291814985,1923000.0
002171,20190812,5.54,5.48,5.6,5.62,0.03000000000000025,0.5366726296959001,2900857.0
002171,20190809,5.56,5.4,5.54,5.59,-0.040000000000000036,-0.7104795737122527,5596700.0
002171,20190808,5.56,5.52,5.56,5.63,0.019999999999999574,0.35650623885916666,3929008.0
002171,20190807,5.56,5.5,5.56,5.61,-0.02999999999999936,-0.5319148936170137,3304026.0
002171,20190806,5.61,5.38,5.54,5.64,-0.16999999999999993,-2.9259896729776247,7064126.0
002171,20190805,5.75,5.7,5.7,5.81,0.0,0.0,3464862.0
002171,20190802,5.68,5.66,5.81,5.81,-0.020000000000000462,-0.34305317324185847,3704742.0
002171,20190801,5.8,5.73,5.77,5.83,-0.03000000000000025,-0.5119453924914752,2627100.0
002171,20190731,5.83,5.76,5.8,5.86,-0.05999999999999961,-1.0135135135135087,3086687.0
002171,20190730,5.88,5.85,5.86,5.92,-0.009999999999999787,-0.1686340640809414,3679886.0
002171,20190729,5.93,5.85,5.87,5.93,-0.010000000000000675,-0.16835016835018424,3323184.0
002171,20190726,5.88,5.78,5.94,5.94,0.05000000000000071,0.8488964346349936,5359190.0
002171,20190725,5.84,5.74,5.87,5.89,0.0699999999999994,1.2027491408934665,7657476.0
002171,20190724,5.71,5.68,5.78,5.82,0.10000000000000053,1.7482517482517501,5131621.0
002171,20190723,5.72,5.62,5.67,5.72,-0.15000000000000036,-2.555366269165249,4309810.0
002171,20190722,5.83,5.59,5.68,5.87,-0.05999999999999961,-1.0118043844856595,7160298.0
002171,20190719,5.79,5.76,5.88,5.93,0.040000000000000036,0.679117147707986,5710500.0
002171,20190718,5.87,5.78,5.79,5.89,-0.05000000000000071,-0.8417508417508546,4446808.0
002171,20190717,5.92,5.86,5.87,5.94,-0.09999999999999964,-1.655629139072845,4383730.0
002171,20190716,6.04,5.89,5.91,6.04,0.020000000000000462,0.33222591362127574,5108269.0
002171,20190715,5.92,5.85,5.98,6.02,0.0699999999999994,1.17647058823529,6297169.0
002171,20190712,5.88,5.75,5.95,5.95,-0.08999999999999986,-1.490066225165565,6557326.0
002171,20190711,5.93,5.77,5.86,6.04,0.1200000000000001,2.0270270270270396,8669026.0
002171,20190710,5.91,5.78,5.87,5.92,-0.1900000000000004,-3.109656301145669,4013300.0
002171,20190709,6.09,5.81,5.87,6.11,-0.17999999999999972,-2.861685214626386,7786353.0
002171,20190708,6.25,6.08,6.08,6.29,-0.03000000000000025,-0.4746835443038,4781486.0
002171,20190705,6.24,6.24,6.3,6.32,-0.02999999999999936,-0.47244094488188004,3623870.0
002171,20190704,6.35,6.24,6.31,6.35,-0.13000000000000078,-2.0061728395061817,4677314.0
002171,20190703,6.46,6.18,6.26,6.48,-0.009999999999999787,-0.15408320493065508,7940541.0
002171,20190702,6.47,6.39,6.43,6.49,-0.009999999999999787,-0.15384615384614886,5180100.0
002171,20190701,6.48,6.37,6.47,6.5,0.1299999999999999,2.0408163265306145,11139461.0
002171,20190628,6.21,6.2,6.36,6.37,-0.08000000000000007,-1.2403100775193798,6835408.0
002171,20190627,6.21,6.18,6.27,6.45,0.1200000000000001,1.8957345971563955,11820304.0
002171,20190626,6.24,6.19,6.22,6.33,-0.04999999999999982,-0.7836990595611271,4338615.0
002171,20190625,6.38,6.22,6.25,6.38,-0.13999999999999968,-2.1472392638036797,7437868.0
002171,20190624,6.44,6.35,6.38,6.52,-0.010000000000000675,-0.15313935681471325,16640703.0
002171,20190621,6.44,6.4,6.49,6.53,0.03000000000000025,0.4615384615384688,13102039.0
002171,20190620,6.43,6.27,6.45,6.5,-0.21999999999999975,-3.2738095238095233,15318736.0
002171,20190619,6.66,6.38,6.43,6.72,0.20999999999999996,3.2258064516129004,20291900.0
002171,20190618,6.5,6.4,6.46,6.51,-0.08999999999999986,-1.3636363636363669,4555539.0
002171,20190617,6.54,6.44,6.46,6.6,-0.22000000000000064,-3.2258064516129115,6455456.0
002171,20190614,6.82,6.41,6.54,6.82,0.040000000000000036,0.5899705014749346,19225554.0
002171,20190613,6.69,6.54,6.71,6.78,-0.04999999999999982,-0.7320644216691097,14345085.0
002171,20190612,6.69,6.63,6.66,6.83,0.1200000000000001,1.7883755588673722,15890080.0
002171,20190611,6.3,6.17,6.68,6.71,0.3200000000000003,5.007824726134591,21012539.0
002171,20190610,6.37,6.06,6.21,6.39,-0.0600000000000005,-0.9302325581395432,8775946.0
002171,20190606,6.42,6.35,6.41,6.45,-0.05999999999999961,-0.9216589861751112,6973555.0
002171,20190605,6.44,6.41,6.42,6.51,0.05999999999999961,0.9302325581395321,8447219.0
002171,20190604,6.4,6.28,6.37,6.45,-0.13999999999999968,-2.124430955993928,9742188.0
002171,20190603,6.5,6.33,6.4,6.59,-0.07000000000000028,-1.0510510510510551,12483250.0
002171,20190531,6.65,6.47,6.59,6.66,0.040000000000000036,0.6042296072507503,14643809.0
002171,20190530,6.43,6.37,6.58,6.62,0.04999999999999982,0.7610350076103556,16674200.0
002171,20190529,6.27,6.25,6.48,6.57,0.1200000000000001,1.8604651162790642,21190454.0
002171,20190528,6.2,6.15,6.37,6.45,0.20000000000000018,3.200000000000003,18473390.0
002171,20190527,6.0,5.98,6.2,6.25,0.13999999999999968,2.2913256955810146,8622035.0
002171,20190524,5.95,5.94,6.02,6.11,-0.10999999999999943,-1.7684887459807008,6458208.0
002171,20190523,6.16,6.01,6.01,6.22,-0.15000000000000036,-2.3547880690737877,7596934.0
002171,20190522,6.32,6.19,6.21,6.37,-0.1200000000000001,-1.8489984591679498,12104450.0
002171,20190521,6.21,6.1,6.39,6.49,0.20999999999999996,3.343949044585992,22617901.0
002171,20190520,5.93,5.72,6.25,6.28,-0.1200000000000001,-1.8750000000000044,17183400.0
002171,20190517,6.33,5.81,6.02,6.4,0.020000000000000462,0.31347962382446415,18545618.0
002171,20190516,6.09,6.0,6.28,6.38,0.2599999999999998,4.2483660130719025,14382680.0
002171,20190515,6.03,5.91,6.12,6.12,0.07000000000000028,1.1570247933884392,9602072.0
002171,20190514,5.9,5.85,5.9,6.05,-0.04999999999999982,-0.8196721311475419,7317243.0
002171,20190513,5.77,5.74,6.06,6.1,0.1299999999999999,2.1775544388609624,14059638.0
002171,20190510,5.55,5.35,5.97,5.97,0.39999999999999947,7.181328545780952,12176570.0
002171,20190509,5.52,5.45,5.5,5.57,-0.0699999999999994,-1.241134751773043,5504130.0
002171,20190508,5.39,5.39,5.55,5.64,0.009999999999999787,0.1776198934280604,5817378.0
002171,20190507,5.5,5.41,5.56,5.63,-0.25,-4.2517006802721085,4905630.0
002171,20190506,5.88,5.4,5.49,5.88,-0.1200000000000001,-2.0000000000000018,10986924.0
002171,20190430,5.81,5.78,6.0,6.0,-0.1200000000000001,-1.9607843137254943,5750052.0
002171,20190429,6.12,5.73,5.83,6.12,-0.05999999999999961,-0.9708737864077555,10751782.0
002171,20190426,6.12,5.97,6.16,6.18,-0.3200000000000003,-4.9230769230769305,12251490.0
002171,20190425,6.44,6.15,6.16,6.5,0.0,0.0,15093826.0
002171,20190424,6.22,6.22,6.44,6.5,-0.11000000000000032,-1.6641452344931973,13147400.0
002171,20190423,6.61,6.4,6.43,6.61,-0.10999999999999943,-1.636904761904756,9072397.0
002171,20190422,6.71,6.58,6.58,6.72,-0.020000000000000462,-0.29673590504452063,10336310.0
002171,20190419,6.74,6.59,6.73,6.74,-0.10999999999999943,-1.6058394160583855,12885405.0
002171,20190418,6.78,6.7,6.74,6.85,0.009999999999999787,0.14619883040936088,11424229.0
002171,20190417,6.8,6.71,6.77,6.84,0.040000000000000036,0.588235294117645,10606546.0
002171,20190416,6.63,6.52,6.8,6.8,-0.07000000000000028,-1.0189228529839944,10960361.0
002171,20190415,6.82,6.62,6.65,6.87,0.0,0.0,10385765.0
002171,20190412,6.73,6.61,6.7,6.87,-0.13999999999999968,-1.9971469329529201,13006297.0
002171,20190411,6.92,6.72,6.73,7.01,-0.03000000000000025,-0.42613636363636465,13292324.0
002171,20190410,6.96,6.85,6.93,7.04,-0.05999999999999961,-0.8450704225352101,15523307.0
002171,20190409,7.01,6.88,6.95,7.1,-0.1800000000000006,-2.472527472527486,15054197.0
002171,20190408,7.16,6.96,7.06,7.28,-0.009999999999999787,-0.137174211248281,26272901.0
002171,20190404,7.05,6.98,7.2,7.29,0.20999999999999996,2.9661016949152463,30844893.0
002171,20190403,7.01,6.88,7.03,7.08,-0.04999999999999982,-0.7012622720897643,24110170.0
002171,20190402,6.98,6.79,7.07,7.13,0.17999999999999972,2.5899280575539585,35930584.0
002171,20190401,6.75,6.74,6.86,6.95,0.1800000000000006,2.6587887740029625,28231009.0
002171,20190329,6.29,6.29,6.75,6.77,0.17999999999999972,2.73141122913505,25143887.0
002171,20190328,6.57,6.2,6.24,6.59,-0.14000000000000057,-2.08023774145617,18203116.0
002171,20190327,6.67,6.52,6.56,6.73,-0.28999999999999915,-4.131054131054124,12087802.0
002171,20190326,6.9,6.47,6.52,7.02,-0.0600000000000005,-0.8474576271186529,22882767.0
002171,20190325,6.85,6.77,6.93,7.08,0.03000000000000025,0.42553191489362874,29427051.0
002171,20190322,6.7,6.63,6.9,7.05,0.3099999999999996,4.599406528189909,27943302.0
002171,20190321,6.59,6.48,6.66,6.74,0.10000000000000053,1.506024096385561,19151324.0
002171,20190320,6.64,6.36,6.53,6.64,-0.15000000000000036,-2.20913107511046,15844776.0
002171,20190319,6.71,6.55,6.62,6.79,0.07000000000000028,1.041666666666674,15391725.0
002171,20190318,6.49,6.46,6.7,6.72,0.1899999999999995,2.9096477794793074,22998903.0
002171,20190315,6.45,6.38,6.4,6.53,-0.14999999999999947,-2.2455089820359153,13117805.0
002171,20190314,6.51,6.28,6.39,6.68,-0.22000000000000064,-3.1884057971014568,17999958.0
002171,20190313,6.82,6.46,6.54,6.9,-0.1999999999999993,-2.8169014084506894,26891285.0
002171,20190312,6.91,6.75,6.9,7.1,0.14999999999999947,2.1582733812949506,33738888.0
002171,20190311,6.73,6.55,6.9,6.95,-0.22999999999999954,-3.203342618384397,30020030.0
002171,20190308,6.5,6.44,6.67,7.18,0.33999999999999986,4.970760233918137,50637301.0
002171,20190307,6.14,6.12,6.74,6.84,0.3899999999999997,6.04651162790697,60180697.0
002171,20190306,5.98,5.98,6.22,6.45,0.5200000000000005,8.768971332209109,31296909.0
002171,20190305,5.74,5.69,5.93,5.93,0.02999999999999936,0.5084745762711673,17598215.0
002171,20190304,5.85,5.68,5.74,5.9,0.13000000000000078,2.253032928942811,21531794.0
002171,20190301,5.64,5.64,5.74,5.77,0.009999999999999787,0.17361111111111605,11403438.0
002171,20190228,5.71,5.62,5.68,5.76,-0.04999999999999982,-0.8605851979345935,12420326.0
002171,20190227,5.71,5.63,5.72,5.81,-0.05000000000000071,-0.8532423208191253,18959052.0
002171,20190226,5.78,5.67,5.67,5.86,0.0,0.0,22596248.0
002171,20190225,5.58,5.51,5.8,5.86,0.29000000000000004,5.206463195691202,28973382.0
002171,20190222,5.34,5.25,5.53,5.57,0.10000000000000053,1.8281535648994707,18881002.0
002171,20190221,5.29,5.26,5.31,5.47,0.09999999999999964,1.8621973929236368,16054464.0
002171,20190220,5.25,5.21,5.27,5.37,-0.03000000000000025,-0.5555555555555647,11765200.0
002171,20190219,5.29,5.17,5.26,5.4,0.09000000000000075,1.6949152542373058,14099885.0
002171,20190218,5.1,5.1,5.29,5.31,0.16999999999999993,3.3073929961089377,13481275.0
002171,20190215,5.05,5.02,5.05,5.14,0.0699999999999994,1.380670611439827,6617200.0
002171,20190214,5.03,5.0,5.05,5.07,0.0,0.0,6336145.0
002171,20190213,4.91,4.88,5.04,5.07,0.14000000000000057,2.8397565922920975,8933954.0
002171,20190212,4.89,4.85,4.9,4.93,0.02999999999999936,0.6122448979591688,5676230.0
002171,20190211,4.73,4.69,4.89,4.9,0.1900000000000004,4.033970276008492,7425744.0
002171,20190201,4.59,4.56,4.69,4.71,0.03000000000000025,0.6410256410256387,3621040.0
002171,20190131,4.67,4.54,4.55,4.68,-0.040000000000000036,-0.8474576271186418,6718211.0
002171,20190130,4.69,4.62,4.67,4.72,-0.0600000000000005,-1.2552301255230214,4231900.0
002171,20190129,4.78,4.59,4.69,4.78,-0.16999999999999993,-3.4343434343434343,6126906.0
002171,20190128,4.92,4.78,4.8,4.95,-0.019999999999999574,-0.4024144869215207,4806011.0
002171,20190125,4.94,4.87,4.88,4.97,-0.04999999999999982,-0.9960159362549792,5616106.0
002171,20190124,4.9,4.81,4.96,5.02,0.1299999999999999,2.658486707566454,10673599.0
002171,20190123,4.71,4.71,4.88,4.89,-0.20000000000000018,-3.929273084479379,10639974.0
002171,20190122,5.09,4.68,4.72,5.09,-0.04999999999999982,-0.9727626459143934,23504583.0
002171,20190121,5.08,5.05,5.07,5.14,0.040000000000000036,0.7843137254901933,4596216.0
002171,20190118,5.02,5.02,5.08,5.1,-0.010000000000000675,-0.1956947162426781,3406658.0
002171,20190117,5.11,5.02,5.03,5.11,-0.0699999999999994,-1.3513513513513375,3740868.0
002171,20190116,5.16,5.04,5.08,5.18,0.0,0.0,4470506.0
002171,20190115,5.09,5.08,5.18,5.18,0.019999999999999574,0.3875968992248069,6517850.0
002171,20190114,5.16,5.02,5.08,5.16,-0.09999999999999964,-1.9011406844106404,6432109.0
002171,20190111,5.01,4.98,5.16,5.26,0.17999999999999972,3.543307086614167,8545268.0
002171,20190110,5.04,4.99,5.01,5.08,-0.04999999999999982,-0.9746588693957059,4080792.0
002171,20190109,5.05,5.03,5.05,5.13,-0.020000000000000462,-0.3883495145631133,4967490.0
002171,20190108,5.12,5.03,5.06,5.15,0.020000000000000462,0.3898635477582957,6876195.0
002171,20190107,4.94,4.88,5.13,5.13,0.21999999999999975,4.480651731160901,9982464.0
002171,20190104,4.7,4.64,4.85,4.91,0.07000000000000028,1.446280991735538,5390103.0
002171,20190103,4.63,4.6,4.74,4.84,0.16999999999999993,3.6402569593147804,4798708.0
002171,20190102,4.67,4.58,4.63,4.67,-0.0600000000000005,-1.268498942917562,3338900.0
002171,20181228,4.73,4.63,4.63,4.73,-0.10999999999999943,-2.2727272727272596,3361313.0
002171,20181227,4.78,4.67,4.68,4.84,0.040000000000000036,0.8333333333333304,4726133.0
002171,20181226,4.76,4.7,4.73,4.8,-0.040000000000000036,-0.8264462809917328,4949004.0
002171,20181225,4.84,4.62,4.77,4.84,-0.08000000000000007,-1.6260162601625994,7330465.0
002171,20181224,4.86,4.82,4.9,4.92,-0.009999999999999787,-0.20283975659228792,4585213.0
002171,20181221,4.88,4.85,4.89,4.93,0.009999999999999787,0.20325203252031798,3314200.0
002171,20181220,4.81,4.81,4.86,4.92,-0.040000000000000036,-0.8064516129032251,3559409.0
002171,20181219,4.87,4.84,4.87,4.96,-0.07000000000000028,-1.3916500994035852,4845179.0
002171,20181218,4.93,4.78,4.84,5.03,-0.09999999999999964,-1.9493177387914118,8672540.0
002171,20181217,5.06,4.88,4.94,5.13,-0.1900000000000004,-3.571428571428581,8090800.0
002171,20181214,5.3,5.08,5.08,5.32,-0.02999999999999936,-0.5607476635513864,5469100.0
002171,20181213,5.32,5.24,5.29,5.35,-0.05000000000000071,-0.9259259259259411,4594000.0
002171,20181212,5.33,5.25,5.29,5.4,0.040000000000000036,0.746268656716409,3141702.0
002171,20181211,5.35,5.26,5.29,5.36,-0.0699999999999994,-1.2891344383056946,4479871.0
002171,20181210,5.38,5.27,5.35,5.43,-0.10000000000000053,-1.8083182640144746,6893464.0
002171,20181207,5.18,5.18,5.46,5.53,0.1900000000000004,3.5580524344569264,13530148.0
002171,20181206,5.28,5.15,5.18,5.34,-0.07000000000000028,-1.2939001848428888,5653256.0
002171,20181205,5.38,5.29,5.34,5.41,-0.09999999999999964,-1.814882032667875,6509204.0
002171,20181204,5.5,5.4,5.45,5.51,-0.10000000000000053,-1.782531194295911,5091952.0
002171,20181203,5.42,5.42,5.5,5.61,0.25,4.664179104477606,6941211.0
002171,20181130,5.21,5.21,5.33,5.36,-0.14999999999999947,-2.722323049001807,4674742.0
002171,20181129,5.43,5.22,5.27,5.51,0.02999999999999936,0.5474452554744325,5633838.0
002171,20181128,5.43,5.3,5.41,5.48,-0.009999999999999787,-0.18214936247722413,5886716.0
002171,20181127,5.35,5.35,5.44,5.49,0.08000000000000007,1.4787430683918634,7908473.0
002171,20181126,5.12,5.12,5.27,5.41,-0.28000000000000025,-4.920913884007039,7307969.0
002171,20181123,5.58,5.21,5.24,5.69,0.010000000000000675,0.17605633802817433,11416014.0
002171,20181122,5.65,5.48,5.52,5.68,-0.05000000000000071,-0.8726003490401535,8334183.0
002171,20181121,5.68,5.4,5.68,5.73,-0.09999999999999964,-1.715265866209259,9083589.0
002171,20181119,5.83,5.66,5.83,5.83,0.0600000000000005,1.0398613518197708,11328193.0
002171,20181116,5.51,5.47,5.77,5.77,0.25,4.528985507246386,16191116.0
002171,20181115,5.31,5.24,5.47,5.52,0.03999999999999915,0.7299270072992581,13115280.0
002171,20181114,5.36,5.24,5.31,5.48,0.1900000000000004,3.5916824196597474,9909017.0
002171,20181113,5.07,5.05,5.28,5.29,0.15000000000000036,2.9182879377432025,8944282.0
002171,20181112,5.05,5.0,5.14,5.14,0.08999999999999986,1.7821782178217838,7404844.0
002171,20181109,4.85,4.85,5.02,5.05,-0.020000000000000462,-0.39447731755425375,8414778.0
002171,20181108,5.05,4.88,4.88,5.07,-0.040000000000000036,-0.7827788649706457,7512112.0
002171,20181107,4.95,4.94,5.04,5.11,0.1299999999999999,2.610441767068261,8626784.0
002171,20181106,4.98,4.85,4.93,4.98,-0.019999999999999574,-0.39999999999998925,6247526.0
002171,20181105,4.9,4.86,4.97,5.0,0.08000000000000007,1.6260162601626105,9447008.0
002171,20181102,4.77,4.73,4.9,4.92,0.15000000000000036,3.1446540880503138,10532600.0
002171,20181101,4.67,4.67,4.69,4.77,-0.05000000000000071,-1.0373443983402675,7399500.0
002171,20181031,4.64,4.64,4.69,4.82,0.1299999999999999,2.771855010660973,8737447.0
002171,20181030,4.62,4.55,4.64,4.69,-0.019999999999999574,-0.4246284501061459,5271528.0
002171,20181029,4.7,4.58,4.63,4.71,-0.16999999999999993,-3.4836065573770503,8668288.0
002171,20181026,4.59,4.53,4.75,4.88,0.3099999999999996,6.783369803063444,15964430.0
002171,20181025,4.44,4.38,4.55,4.57,-0.1899999999999995,-3.991596638655448,7064802.0
002171,20181024,4.57,4.55,4.61,4.76,-0.16000000000000014,-3.25203252032521,9625290.0
002171,20181023,4.56,4.53,4.59,4.92,0.2400000000000002,5.128205128205132,18468369.0
002171,20181022,4.34,4.32,4.61,4.68,0.3799999999999999,8.837209302325588,11451100.0
002171,20181019,4.16,4.08,4.28,4.3,-0.07000000000000028,-1.6018306636155666,6085960.0
002171,20181018,4.36,4.21,4.22,4.37,-0.04999999999999982,-1.1312217194570096,4070746.0
002171,20181017,4.36,4.3,4.39,4.42,0.0,0.0,5203790.0
002171,20181016,4.33,4.28,4.31,4.42,-0.21999999999999975,-4.741379310344818,5717590.0
002171,20181015,4.63,4.27,4.34,4.64,0.05999999999999961,1.3100436681222627,8794367.0
002171,20181012,4.4,4.15,4.5,4.58,-0.3700000000000001,-7.4747474747474785,10605821.0
002171,20181011,4.83,4.55,4.55,4.95,-0.1200000000000001,-2.3668639053254448,8305152.0
002171,20181010,5.04,5.0,5.06,5.07,-0.13999999999999968,-2.6871401151631447,4166013.0
002171,20181009,5.15,4.98,5.04,5.21,-0.05999999999999961,-1.1385199240986688,6671524.0
002171,20181008,5.27,5.15,5.15,5.27,-0.1200000000000001,-2.226345083487946,5624389.0
002171,20180928,5.29,5.28,5.35,5.39,-0.05000000000000071,-0.9191176470588314,4862420.0
002171,20180927,5.38,5.27,5.28,5.44,-0.04999999999999982,-0.910746812386154,5380600.0
002171,20180926,5.46,5.34,5.39,5.49,-0.09999999999999964,-1.7889087656529412,6762947.0
002171,20180925,5.55,5.41,5.44,5.59,-0.03000000000000025,-0.5338078291814985,5244400.0
002171,20180921,5.59,5.49,5.6,5.62,-0.019999999999999574,-0.35460992907800915,4751616.0
002171,20180920,5.6,5.53,5.53,5.64,-0.020000000000000462,-0.35335689045937757,3469125.0
002171,20180919,5.57,5.56,5.62,5.66,-0.16999999999999993,-2.9159519725557415,5468889.0
002171,20180918,5.51,5.51,5.64,5.83,0.28000000000000025,5.04504504504506,6551187.0
002171,20180917,5.46,5.44,5.49,5.55,-0.0600000000000005,-1.0695187165775444,2399700.0
002171,20180914,5.55,5.49,5.51,5.61,-0.019999999999999574,-0.3552397868561208,3625540.0
002171,20180913,5.59,5.45,5.55,5.63,-0.08999999999999986,-1.5734265734265729,4873259.0
002171,20180912,5.33,5.31,5.54,5.72,0.33000000000000007,6.1224489795918435,8400214.0
002171,20180911,5.3,5.22,5.33,5.39,-0.16999999999999993,-3.0575539568345356,3036804.0
002171,20180910,5.55,5.29,5.3,5.56,-0.20000000000000018,-3.472222222222221,5106602.0
002171,20180907,5.68,5.51,5.55,5.76,-0.040000000000000036,-0.6896551724137945,5513336.0
002171,20180906,5.7,5.66,5.67,5.8,-0.14000000000000057,-2.3569023569023684,4326073.0
002171,20180905,5.73,5.64,5.75,5.94,0.11000000000000032,1.8867924528301883,6509808.0
002171,20180904,5.7,5.68,5.78,5.83,-0.20999999999999996,-3.4768211920529812,6646727.0
002171,20180903,6.04,5.66,5.8,6.04,-0.29000000000000004,-4.581358609794628,9055265.0
002171,20180831,6.2,5.99,6.04,6.33,-0.6200000000000001,-8.920863309352523,16434939.0
002171,20180830,6.11,6.11,6.66,6.95,0.11000000000000032,1.6081871345029253,24572683.0
002171,20180606,6.75,6.73,6.78,6.84,0.05999999999999961,0.8849557522123908,3541950.0
002171,20180605,6.56,6.54,6.78,6.78,0.1900000000000004,2.8831562974203306,4878705.0
002171,20180604,6.57,6.49,6.52,6.59,0.009999999999999787,0.1519756838905817,2770200.0
002171,20180601,6.46,6.44,6.52,6.58,-0.009999999999999787,-0.15174506828528056,2622220.0
002171,20180531,6.49,6.41,6.51,6.59,-0.07000000000000028,-1.0510510510510551,4318724.0
002171,20180530,6.59,6.35,6.4,6.66,-0.20999999999999996,-3.056768558951961,5710122.0
002171,20180529,6.81,6.71,6.71,6.87,-0.019999999999999574,-0.2902757619738683,3584746.0
002171,20180528,6.78,6.78,6.81,6.89,-0.1299999999999999,-1.851851851851849,3332962.0
002171,20180525,7.02,6.8,6.82,7.02,-0.08000000000000007,-1.1267605633802802,6861077.0
002171,20180524,7.02,6.96,6.98,7.1,-0.07000000000000028,-0.9762900976290179,4384300.0
002171,20180523,7.16,7.03,7.03,7.17,-0.009999999999999787,-0.139275766016711,6098635.0
002171,20180522,7.12,7.06,7.17,7.18,0.040000000000000036,0.5602240896358524,7948626.0
002171,20180521,7.03,7.03,7.11,7.14,0.1200000000000001,1.7094017094017033,5364567.0
002171,20180518,6.94,6.93,7.01,7.02,-0.0600000000000005,-0.8474576271186529,3764137.0
002171,20180517,7.02,6.93,6.96,7.08,-0.04999999999999982,-0.7012622720897643,5209720.0
002171,20180516,7.12,7.03,7.03,7.13,-0.020000000000000462,-0.2797202797202858,5607449.0
002171,20180515,7.13,7.03,7.14,7.15,-0.009999999999999787,-0.13966480446927498,7041077.0
002171,20180514,7.11,7.02,7.11,7.16,-0.07000000000000028,-0.9681881051175734,6541057.0
002171,20180511,7.21,7.06,7.1,7.23,-0.02999999999999936,-0.4132231404958553,8100552.0
002171,20180510,7.13,7.12,7.17,7.26,-0.11000000000000032,-1.4925373134328401,10642626.0
002171,20180509,7.15,7.12,7.17,7.37,0.23000000000000043,3.2212885154061732,16739820.0
002171,20180508,7.08,6.98,7.04,7.14,0.15999999999999925,2.2922636103151817,6262300.0
002171,20180507,6.9,6.85,6.95,6.98,0.0600000000000005,0.8670520231213841,5914862.0
002171,20180504,6.86,6.79,6.85,6.92,0.03000000000000025,0.43541364296082463,4960462.0
002171,20180503,6.8,6.73,6.88,6.89,-0.10000000000000053,-1.4306151645207543,4284600.0
002171,20180502,6.96,6.72,6.82,6.99,-0.08000000000000007,-1.1315417256011373,5642342.0
002171,20180427,7.03,6.91,6.94,7.07,0.010000000000000675,0.14164305949009304,4859838.0
002171,20180426,7.03,6.92,7.03,7.06,-0.08000000000000007,-1.1204481792717047,7887144.0
002171,20180425,7.13,6.97,7.02,7.14,-0.10000000000000053,-1.3812154696132617,9156608.0
002171,20180424,7.06,7.06,7.15,7.24,0.14000000000000057,1.9718309859154903,11646156.0
002171,20180423,7.07,6.96,7.05,7.1,0.009999999999999787,0.14104372355430161,6799992.0
002171,20180420,7.09,6.92,7.06,7.09,-0.10000000000000053,-1.3908205841446475,12091401.0
002171,20180419,6.97,6.95,7.16,7.19,0.29000000000000004,4.202898550724643,21103605.0
002171,20180418,6.7,6.48,6.9,6.9,-0.040000000000000036,-0.5763688760806907,7357026.0
002171,20180417,6.9,6.6,6.63,6.94,-0.05999999999999961,-0.8571428571428563,7703668.0
002171,20180416,6.85,6.85,6.91,7.0,-0.040000000000000036,-0.5681818181818232,6869212.0
002171,20180413,6.96,6.88,6.89,7.04,0.04999999999999982,0.7153075822603716,5796316.0
002171,20180412,6.87,6.8,6.98,6.99,0.07000000000000028,1.0115606936416333,7141818.0
002171,20180411,6.82,6.82,6.85,6.92,0.07000000000000028,1.0218978102189746,5560257.0
002171,20180410,6.82,6.72,6.82,6.85,0.009999999999999787,0.14619883040936088,5727173.0
002171,20180409,6.7,6.64,6.81,6.84,-0.11000000000000032,-1.5827338129496438,6220549.0
002171,20180404,6.91,6.76,6.76,6.95,-0.040000000000000036,-0.5722460658083017,5618995.0
002171,20180403,6.83,6.78,6.9,6.99,-0.05999999999999961,-0.8510638297872242,7887793.0
002171,20180402,6.76,6.74,6.89,7.05,0.22999999999999954,3.372434017595305,9757305.0
002171,20180330,6.7,6.66,6.77,6.82,0.07000000000000028,1.0370370370370363,7148702.0
002171,20180329,6.68,6.62,6.68,6.75,-0.009999999999999787,-0.14792899408283544,5704004.0
002171,20180328,6.66,6.61,6.66,6.76,-0.04999999999999982,-0.7342143906020504,5731224.0
002171,20180327,6.67,6.66,6.72,6.81,0.20999999999999996,3.1818181818181746,7050674.0
002171,20180326,6.29,6.16,6.6,6.6,-0.2600000000000007,-3.790087463556857,8254711.0
002171,20180323,6.78,6.37,6.44,6.86,-0.41999999999999993,-5.769230769230771,14690918.0
002171,20180322,6.83,6.83,7.04,7.28,0.20000000000000018,2.824858757062154,19487826.0
002171,20180321,7.04,6.86,6.89,7.08,-0.009999999999999787,-0.14104372355430161,7338796.0
002171,20180320,7.05,6.93,7.02,7.09,-0.08000000000000007,-1.115760111576014,9544949.0
002171,20180319,7.1,7.04,7.08,7.17,-0.040000000000000036,-0.554785020804438,8233418.0
002171,20180316,7.15,7.07,7.1,7.21,-0.07000000000000028,-0.9615384615384692,9760302.0
002171,20180315,7.18,7.07,7.14,7.28,-0.14999999999999947,-2.0188425302826274,14265785.0
002171,20180314,6.92,6.89,7.22,7.43,0.3799999999999999,5.390070921985823,28585594.0
002171,20180313,7.05,6.92,6.92,7.05,-0.0600000000000005,-0.8438818565400963,7657025.0
002171,20180312,6.98,6.98,7.04,7.11,0.07000000000000028,0.9943181818181879,9850400.0
002171,20180309,6.83,6.77,6.95,7.04,0.16999999999999993,2.4745269286754024,12365447.0
002171,20180308,6.82,6.71,6.76,6.87,-0.09999999999999964,-1.4347202295552308,6063225.0
002171,20180307,6.9,6.78,6.8,6.97,-0.1800000000000006,-2.5174825174825277,9082962.0
002171,20180306,6.56,6.55,6.91,7.15,0.5600000000000005,8.497723823975733,18477180.0
002171,20180305,6.41,6.4,6.54,6.59,-0.040000000000000036,-0.6033182503770718,8324114.0
002171,20180302,6.52,6.38,6.41,6.63,0.05999999999999961,0.9132420091324089,10140754.0
002171,20180301,6.52,6.46,6.56,6.57,-0.009999999999999787,-0.1519756838905706,5699036.0
002171,20180228,6.38,6.36,6.55,6.58,-0.04999999999999982,-0.7541478129713397,8446656.0
002171,20180227,6.53,6.47,6.47,6.63,0.08000000000000007,1.2213740458015376,8620773.0
002171,20180226,6.48,6.43,6.51,6.55,0.1299999999999999,2.024922118380057,7389764.0
002171,20180223,6.37,6.31,6.42,6.42,-0.08000000000000007,-1.2307692307692353,4653261.0
002171,20180222,6.4,6.35,6.42,6.5,0.07000000000000028,1.0886469673405896,5249190.0
002171,20180214,6.31,6.21,6.38,6.43,-0.08999999999999986,-1.3803680981595123,4867152.0
002171,20180213,6.42,6.3,6.34,6.52,0.16999999999999993,2.677165354330713,13883740.0
002171,20180212,5.93,5.93,6.29,6.35,0.2999999999999998,4.958677685950419,12332521.0
002171,20180209,5.92,5.79,5.86,6.05,0.009999999999999787,0.16556291390728006,8741716.0
002171,20180208,5.82,5.8,6.02,6.04,0.020000000000000462,0.33222591362127574,6690982.0
002171,20180207,5.96,5.72,5.88,6.02,-0.2600000000000007,-4.140127388535042,8676841.0
002171,20180206,6.18,5.71,5.76,6.28,-0.05999999999999961,-0.9463722397476282,11459322.0
002171,20180205,6.21,6.18,6.26,6.34,-0.10000000000000053,-1.552795031055909,6361698.0
002171,20180202,6.17,6.1,6.39,6.44,-0.6099999999999994,-8.652482269503537,12141540.0
002171,20180201,6.98,6.33,6.33,7.05,-0.2999999999999998,-4.081632653061218,34791548.0
002171,20180131,7.29,6.95,7.03,7.35,-0.09000000000000075,-1.2096774193548487,14462730.0
002171,20180130,7.33,7.25,7.35,7.44,-0.02999999999999936,-0.40160642570280514,9122508.0
002171,20180129,7.47,7.3,7.35,7.47,-0.08999999999999986,-1.1904761904761862,17058690.0
002171,20180126,7.13,7.12,7.48,7.56,0.2599999999999998,3.561643835616435,29996194.0
002171,20180125,7.01,7.01,7.22,7.3,0.28000000000000025,3.9886039886039892,22737519.0
002171,20180124,7.0,6.91,7.0,7.02,-0.010000000000000675,-0.14224751066856944,8570693.0
002171,20180123,6.95,6.92,6.98,7.03,-0.04999999999999982,-0.7062146892655385,8033800.0
002171,20180122,6.88,6.64,7.02,7.08,0.13999999999999968,2.0172910662824117,17858718.0
002171,20180119,6.88,6.82,6.87,6.94,0.010000000000000675,0.14430014430015792,3844766.0
002171,20180118,6.9,6.81,6.82,6.93,-0.08000000000000007,-1.1412268188302432,4209700.0
002171,20180117,7.0,6.83,6.88,7.01,0.02999999999999936,0.42979942693408546,5252983.0
002171,20180116,6.86,6.85,6.97,6.98,-0.10999999999999943,-1.5514809590973067,4526075.0
002171,20180115,7.09,6.88,6.89,7.09,-0.16999999999999993,-2.3415977961432466,5812500.0
002171,20180112,7.16,7.11,7.12,7.26,0.17999999999999972,2.5423728813559254,7060110.0
002171,20180111,7.02,7.0,7.06,7.08,-0.03000000000000025,-0.42194092827004814,3288402.0
002171,20180110,7.06,6.96,7.02,7.11,-0.08999999999999986,-1.2499999999999956,5688908.0
002171,20180109,7.18,7.05,7.07,7.2,-0.040000000000000036,-0.5524861878453025,6498475.0
002171,20180108,7.15,7.09,7.22,7.24,-0.1299999999999999,-1.7639077340569909,8224575.0
002171,20180105,7.29,7.17,7.19,7.37,0.1299999999999999,1.7955801104972302,8324000.0
002171,20180104,7.21,7.12,7.23,7.24,-0.0699999999999994,-0.9575923392612817,6832001.0
002171,20180103,7.19,7.19,7.22,7.31,0.05999999999999961,0.8275862068965356,8686527.0
002171,20180102,7.22,7.11,7.21,7.25,0.03000000000000025,0.41551246537396835,7036082.0
002171,20171229,7.22,7.14,7.22,7.22,-0.07000000000000028,-0.9602194787380003,4636582.0
002171,20171228,7.02,7.0,7.24,7.29,0.20999999999999996,2.9661016949152463,10198362.0
002171,20171227,6.93,6.89,7.01,7.08,0.11000000000000032,1.5781922525107683,5170800.0
002171,20171226,6.93,6.84,6.92,6.97,-0.11000000000000032,-1.5536723163841804,4466202.0
002171,20171225,6.98,6.85,6.94,7.08,0.0,0.0,3800449.0
002171,20171222,7.04,6.95,6.98,7.08,-0.009999999999999787,-0.14104372355430161,3591000.0
002171,20171221,7.0,6.92,7.05,7.09,-0.16000000000000014,-2.2068965517241357,3863200.0
002171,20171220,7.24,6.89,7.0,7.25,-0.05999999999999961,-0.8207934336525224,7103464.0
002171,20171219,7.23,7.18,7.25,7.31,0.02999999999999936,0.4120879120879106,4014411.0
002171,20171218,7.17,7.14,7.26,7.28,-0.1200000000000001,-1.6216216216216273,4103554.0
002171,20171215,7.34,7.18,7.2,7.4,-0.09999999999999964,-1.3333333333333308,7209928.0
002171,20171214,7.39,7.22,7.45,7.5,0.09999999999999964,1.3513513513513375,10084128.0
002171,20171213,7.13,7.1,7.39,7.4,0.11000000000000032,1.5089163237311354,11433218.0
002171,20171212,7.16,7.09,7.18,7.29,0.15000000000000036,2.1008403361344685,8177018.0
002171,20171211,6.93,6.92,7.12,7.14,0.13999999999999968,2.0000000000000018,4946302.0
002171,20171208,6.92,6.85,6.95,7.0,-0.019999999999999574,-0.2849002849002802,2979300.0
002171,20171207,6.85,6.81,6.95,7.02,0.07999999999999918,1.1527377521613813,4402392.0
002171,20171206,6.91,6.68,6.91,6.94,-0.23999999999999932,-3.342618384401108,7156578.0
002171,20171205,7.13,6.88,6.94,7.18,-0.03000000000000025,-0.4160887656033285,5286416.0
002171,20171204,7.08,7.08,7.18,7.21,0.019999999999999574,0.2781641168289273,4746314.0
002171,20171201,7.13,7.08,7.11,7.19,-0.14999999999999947,-2.043596730245223,4870768.0
002171,20171130,7.32,7.13,7.15,7.34,0.03000000000000025,0.4103967168262779,5648985.0
002171,20171129,7.22,7.12,7.3,7.31,0.040000000000000036,0.5502063273727709,8018273.0
002171,20171128,7.1,7.09,7.21,7.27,0.0699999999999994,0.9722222222222188,6020714.0
002171,20171127,7.09,7.07,7.14,7.2,0.04999999999999982,0.6993006993006867,6645516.0
002171,20171124,6.97,6.9,7.11,7.15,-0.13999999999999968,-1.9204389574759895,4887550.0
002171,20171123,6.98,6.94,7.02,7.29,0.23000000000000043,3.2577903682719622,8487904.0
002171,20171122,7.0,6.93,6.97,7.06,-0.040000000000000036,-0.5633802816901401,3877802.0
002171,20171121,7.1,6.98,7.0,7.1,-0.020000000000000462,-0.2808988764045006,4410090.0
002171,20171120,7.02,6.83,7.1,7.12,-0.34999999999999964,-4.685408299866123,5100841.0
002171,20171117,7.44,7.01,7.04,7.47,-0.03000000000000025,-0.40000000000000036,10120940.0
002171,20171116,7.45,7.41,7.43,7.5,-0.08999999999999986,-1.1857707509881354,4499750.0
002171,20171115,7.58,7.42,7.45,7.59,-0.11000000000000032,-1.4285714285714346,6438334.0
002171,20171114,7.53,7.53,7.57,7.7,-0.040000000000000036,-0.5167958656330796,5621658.0
002171,20171113,7.71,7.5,7.54,7.74,-0.02999999999999936,-0.3861003861003742,8425654.0
002171,20171110,7.74,7.66,7.67,7.77,-0.020000000000000462,-0.25673940949936247,5406068.0
002171,20171109,7.61,7.61,7.77,7.79,-0.03000000000000025,-0.38363171355498826,4334466.0
002171,20171108,7.77,7.68,7.7,7.82,-0.02999999999999936,-0.3821656050955302,6134104.0
002171,20171107,7.55,7.54,7.76,7.85,0.29000000000000004,3.835978835978837,8403010.0
002171,20171106,7.45,7.42,7.55,7.56,-0.11000000000000032,-1.4341590612777066,4107490.0
002171,20171103,7.61,7.41,7.45,7.67,-0.11000000000000032,-1.4138817480719879,6705452.0
002171,20171102,7.75,7.61,7.61,7.78,-0.019999999999999574,-0.2564102564102555,6098282.0
002171,20171101,7.63,7.63,7.77,7.8,0.16000000000000014,2.0942408376963373,8256354.0
002171,20171031,7.56,7.42,7.63,7.64,-0.3799999999999999,-4.738154613466328,8577522.0
002171,20171030,8.02,7.56,7.59,8.02,-0.120000000000001,-1.4742014742014864,11607808.0
002171,20171027,8.07,8.0,8.05,8.14,0.02000000000000135,0.24630541871923928,7558740.0
002171,20171026,8.0,8.0,8.07,8.12,0.019999999999999574,0.24691358024691024,8016608.0
002171,20171025,8.09,7.94,8.01,8.1,-0.019999999999999574,-0.24630541871920597,7648508.0
002171,20171024,7.96,7.91,8.07,8.12,0.129999999999999,1.6270337922402955,9869396.0
002171,20171023,7.99,7.82,7.94,7.99,-0.0600000000000005,-0.7453416149068359,7807350.0
002171,20171020,7.85,7.81,7.99,8.05,-0.049999999999998934,-0.6172839506172756,10345134.0
002171,20171019,8.08,7.9,7.92,8.1,-0.2400000000000002,-2.877697841726623,7973602.0
002171,20171018,8.26,8.05,8.08,8.34,-0.10999999999999943,-1.3017751479289852,9800768.0
002171,20171017,8.33,8.23,8.29,8.45,-0.21000000000000085,-2.4249422632794504,13886466.0
002171,20171016,8.23,8.05,8.55,8.66,0.33999999999999986,4.086538461538458,23998774.0
002171,20171013,8.2,7.97,8.27,8.32,-0.3200000000000003,-3.703703703703709,18986990.0
002171,20171012,8.58,8.26,8.37,8.64,-0.1999999999999993,-2.262443438914019,18759534.0
002171,20171011,8.81,8.6,8.66,8.84,-0.0600000000000005,-0.6741573033707926,13147832.0
002171,20171010,8.8,8.74,8.83,8.9,-0.16000000000000014,-1.7660044150110354,12716760.0
002171,20171009,9.01,8.72,8.92,9.06,-0.009999999999999787,-0.11025358324144863,19216610.0
002171,20170929,8.96,8.81,8.94,9.07,-0.41000000000000014,-4.32489451476793,18334052.0
002171,20170928,8.67,8.67,9.08,9.48,0.5600000000000005,6.278026905829592,35658888.0
002171,20170927,8.4,8.4,8.74,8.92,0.17999999999999972,2.0594965675057253,15677928.0
002171,20170926,8.4,8.37,8.58,8.74,-9.24,-51.39043381535039,9776002.0
002171,20170925,17.5,17.08,17.17,17.98,-0.75,-4.004271222637479,9939840.0
002171,20170922,18.73,17.59,17.75,18.73,-0.5700000000000003,-2.9533678756476722,15002719.0
002171,20170921,18.78,18.6,18.7,19.3,0.39000000000000057,2.062400846113177,12121600.0
002171,20170920,18.7,18.18,18.85,18.91,0.21000000000000085,1.1229946524064172,12858248.0
