ts_code,trade_date,open,high,low,close,change,pct_change,vol
2202,2017-12-12,16.85,17.05,16.59,16.67,-0.2299999999999968,-1.3609467455621085,21013235.0
2202,2017-12-13,16.72,18.34,16.49,18.34,1.6699999999999982,10.017996400719852,75858762.0
2202,2017-12-14,18.28,18.45,17.88,18.4,0.0599999999999987,0.3271537622682618,59224421.0
2202,2017-12-15,18.28,18.83,17.78,18.0,-0.3999999999999986,-2.1739130434782483,53001840.0
2202,2017-12-18,18.1,18.1,17.2,17.29,-0.7100000000000009,-3.9444444444444504,49460514.0
2202,2017-12-19,17.4,17.83,17.29,17.54,0.25,1.4459224985540864,33070857.0
2202,2017-12-20,17.59,18.82,17.58,18.52,0.9800000000000004,5.587229190421894,53760010.0
2202,2017-12-21,18.6,19.4,18.2,19.05,0.5300000000000011,2.861771058315332,54617299.0
2202,2017-12-22,19.16,19.34,18.8,18.88,-0.1700000000000017,-0.892388451443582,36608798.0
2202,2017-12-25,18.87,19.37,18.73,19.23,0.3500000000000014,1.8538135593220373,39111780.0
2202,2017-12-26,19.05,19.28,18.55,19.08,-0.1500000000000021,-0.7800312012480659,32631615.0
2202,2017-12-27,18.86,18.95,17.91,18.03,-1.0499999999999972,-5.503144654088032,38059466.0
2202,2017-12-28,18.12,18.94,17.85,18.57,0.5399999999999991,2.9950083194675514,33494939.0
2202,2017-12-29,18.82,19.02,18.6,18.85,0.2800000000000011,1.5078082929456116,24281808.0
2202,2018-01-02,18.87,19.52,18.68,19.38,0.5299999999999976,2.811671087533152,49384875.0
2202,2018-01-03,19.35,19.75,18.9,19.17,-0.2099999999999973,-1.0835913312693402,44255054.0
2202,2018-01-04,19.1,19.25,18.55,19.07,-0.1000000000000014,-0.5216484089723639,34090668.0
2202,2018-01-05,19.07,19.11,18.58,18.72,-0.3500000000000014,-1.8353434714210912,25484627.0
2202,2018-01-08,18.75,18.75,17.96,18.69,-0.0299999999999975,-0.1602564102563985,47071235.0
2202,2018-01-09,18.5,19.05,18.3,18.83,0.139999999999997,0.7490636704119646,31816735.0
2202,2018-01-10,18.69,18.76,18.18,18.48,-0.3499999999999978,-1.8587360594795377,28629222.0
2202,2018-01-11,18.44,18.49,18.05,18.17,-0.3099999999999987,-1.6774891774891665,20547376.0
2202,2018-01-12,18.11,18.5,18.05,18.25,0.0799999999999983,0.4402861860208995,15535997.0
2202,2018-01-15,18.1,18.33,16.9,17.48,-0.7699999999999996,-4.219178082191776,53156756.0
2202,2018-01-16,17.37,17.88,17.13,17.75,0.2699999999999996,1.544622425629294,28456800.0
2202,2018-01-17,17.73,17.89,16.97,17.49,-0.2600000000000015,-1.4647887323943731,25924083.0
2202,2018-01-18,17.43,18.53,17.4,18.4,0.91,5.20297312750142,38797290.0
2202,2018-01-19,18.17,18.88,18.16,18.23,-0.1699999999999981,-0.9239130434782528,27224510.0
2202,2018-01-22,18.36,18.88,18.36,18.64,0.4100000000000001,2.24904004388371,21889654.0
2202,2018-01-23,18.55,18.99,18.3,18.4,-0.240000000000002,-1.2875536480686844,21765238.0
2202,2018-01-24,18.39,18.39,17.71,17.97,-0.4299999999999997,-2.336956521739131,26637709.0
2202,2018-01-25,18.09,18.85,17.83,18.77,0.8000000000000007,4.451864218141344,39018436.0
2202,2018-01-26,18.6,18.68,18.3,18.4,-0.370000000000001,-1.9712306872669227,18883543.0
2202,2018-01-29,18.43,19.22,18.37,18.65,0.25,1.3586956521739024,38979847.0
2202,2018-01-30,18.64,19.07,18.02,18.29,-0.3599999999999994,-1.930294906166219,26929775.0
2202,2018-01-31,18.02,18.49,18.01,18.13,-0.1600000000000001,-0.874794969928927,17617065.0
2202,2018-02-01,18.05,18.17,16.96,16.97,-1.16,-6.398234969663541,42325877.0
2202,2018-02-02,16.6,17.43,16.38,17.05,0.0800000000000018,0.4714201532115547,23219710.0
2202,2018-02-05,16.83,17.35,16.25,16.3,-0.75,-4.398826979472137,37083900.0
2202,2018-02-06,15.8,16.3,15.71,16.0,-0.3000000000000007,-1.8404907975460127,25272453.0
2202,2018-02-07,16.5,16.8,15.3,15.66,-0.3399999999999998,-2.124999999999999,32252845.0
2202,2018-02-08,15.64,15.95,15.2,15.9,0.2400000000000002,1.5325670498084198,26735141.0
2202,2018-02-09,15.29,15.46,14.71,14.9,-1.0,-6.2893081761006275,30970256.0
2202,2018-02-12,14.9,15.69,14.9,15.62,0.7199999999999989,4.832214765100673,30462205.0
2202,2018-02-13,15.77,16.32,15.7,15.9,0.2800000000000011,1.7925736235595569,19166814.0
2202,2018-02-14,16.0,16.13,15.8,15.92,0.0199999999999995,0.1257861635220125,7554463.0
2202,2018-02-22,16.2,16.52,15.9,16.43,0.5099999999999998,3.203517587939708,14530703.0
2202,2018-02-23,16.45,16.54,16.0,16.11,-0.3200000000000003,-1.9476567255021335,14132942.0
2202,2018-02-26,16.13,17.03,16.12,16.74,0.629999999999999,3.910614525139655,22782432.0
2202,2018-02-27,16.73,17.32,16.69,17.05,0.3100000000000023,1.85185185185186,25949152.0
2202,2018-02-28,16.6,17.8,15.99,17.67,0.620000000000001,3.6363636363636376,34208956.0
2202,2018-03-01,17.28,18.09,17.28,17.75,0.0799999999999983,0.4527447651386351,24523822.0
2202,2018-03-02,17.6,18.06,17.29,17.41,-0.3399999999999998,-1.9154929577464783,18371948.0
2202,2018-03-05,17.4,17.66,17.0,17.25,-0.1600000000000001,-0.9190120620333198,14416969.0
2202,2018-03-06,17.35,17.5,16.97,17.5,0.25,1.449275362318847,20537305.0
2202,2018-03-07,17.39,17.54,16.8,16.87,-0.629999999999999,-3.599999999999992,17025839.0
2202,2018-03-08,17.2,17.36,16.94,17.27,0.3999999999999986,2.371072910491989,19682185.0
2202,2018-03-09,17.4,17.75,17.34,17.65,0.379999999999999,2.200347423277349,24718663.0
2202,2018-03-12,17.91,18.47,17.88,18.18,0.5300000000000011,3.002832861189808,33876428.0
2202,2018-03-13,18.18,18.48,17.98,18.02,-0.1600000000000001,-0.8800880088008833,21959686.0
2202,2018-03-14,17.9,18.76,17.89,18.37,0.3500000000000014,1.942286348501665,34033745.0
2202,2018-03-15,18.25,19.05,18.22,18.92,0.5500000000000007,2.9940119760479167,37969740.0
2202,2018-03-16,19.0,19.67,18.66,18.88,-0.0400000000000027,-0.2114164904862714,29507827.0
2202,2018-03-19,18.95,19.15,18.42,18.86,-0.0199999999999995,-0.1059322033898246,19473191.0
2202,2018-03-20,18.61,18.95,18.41,18.68,-0.1799999999999997,-0.9544008483563072,16326747.0
2202,2018-03-21,19.33,20.0,19.12,19.23,0.5500000000000007,2.9443254817987263,42634927.0
2202,2018-03-22,19.42,19.82,18.88,19.08,-0.1500000000000021,-0.7800312012480659,24773040.0
2202,2018-03-23,18.38,19.68,18.08,19.08,0.0,0.0,40934872.0
2202,2018-03-26,18.45,18.88,17.22,17.87,-1.2099999999999973,-6.34171907756812,58492273.0
2202,2018-03-27,18.11,18.58,17.9,18.21,0.3399999999999998,1.9026301063234552,44940867.0
2202,2018-03-28,18.0,18.79,17.8,18.26,0.0500000000000007,0.2745744096650293,45557058.0
2202,2018-03-29,18.49,18.6,17.42,17.77,-0.490000000000002,-2.683461117196073,36315770.0
2202,2018-03-30,17.77,18.18,17.64,18.12,0.3500000000000014,1.9696117051209991,25657743.0
2202,2018-04-02,18.19,18.2,16.85,16.88,-1.240000000000002,-6.843267108167783,62415927.0
2202,2018-04-03,16.45,17.08,16.32,16.95,0.0700000000000002,0.4146919431279539,27522908.0
2202,2018-04-04,16.99,17.41,16.95,16.99,0.0399999999999991,0.2359882005899649,23463936.0
2202,2018-04-09,16.95,17.53,16.85,17.3,0.3100000000000023,1.8246027074749984,25544748.0
2202,2018-04-10,17.43,17.51,17.2,17.45,0.1499999999999985,0.8670520231213841,15794463.0
2202,2018-04-11,17.48,17.88,17.32,17.73,0.2800000000000011,1.6045845272206316,20149957.0
2202,2018-04-12,17.66,17.66,17.03,17.08,-0.6500000000000021,-3.6661026508742367,21749228.0
2202,2018-04-13,17.18,17.3,16.09,16.36,-0.7199999999999989,-4.215456674473062,36950595.0
2202,2018-04-16,16.21,16.21,15.8,16.08,-0.2800000000000011,-1.7114914425427896,25162470.0
2202,2018-04-17,16.08,16.42,15.92,16.17,0.0900000000000034,0.5597014925373456,21785603.0
2202,2018-04-18,16.21,16.45,15.78,16.01,-0.1600000000000001,-0.9894867037724242,23351818.0
2202,2018-04-19,15.9,17.03,15.89,16.93,0.9199999999999982,5.746408494690813,30671084.0
2202,2018-04-20,16.82,16.82,16.37,16.6,-0.3299999999999983,-1.9492025989367832,15618396.0
2202,2018-04-23,16.63,16.75,16.16,16.29,-0.3100000000000023,-1.867469879518091,12918276.0
2202,2018-04-24,16.51,17.03,16.4,16.75,0.4600000000000008,2.823818293431568,18745315.0
2202,2018-04-25,16.73,17.1,16.67,16.79,0.0399999999999991,0.2388059701492473,10495146.0
2202,2018-04-26,17.05,17.41,16.75,16.82,0.0300000000000011,0.1786777843954867,23178070.0
2202,2018-04-27,16.86,17.39,16.86,17.24,0.4199999999999981,2.4970273483947647,19466469.0
2202,2018-05-02,17.75,17.92,17.47,17.56,0.3200000000000003,1.8561484918793616,25116615.0
2202,2018-05-03,17.55,18.1,17.41,17.91,0.3500000000000014,1.9931662870159572,19927020.0
2202,2018-05-04,17.8,18.26,17.71,17.95,0.0399999999999991,0.2233389168062594,15675210.0
2202,2018-05-07,18.05,18.14,17.81,18.0,0.0500000000000007,0.278551532033422,17020782.0
2202,2018-05-08,17.96,18.35,17.63,17.84,-0.1600000000000001,-0.8888888888888946,18503565.0
2202,2018-05-09,17.85,17.85,17.29,17.77,-0.0700000000000002,-0.3923766816143481,22988566.0
2202,2018-05-10,17.7,18.04,17.5,17.72,-0.0500000000000007,-0.2813731007315745,21664186.0
2202,2018-05-11,17.79,18.05,17.58,17.68,-0.0399999999999991,-0.225733634311509,15550031.0
2202,2018-05-14,17.7,17.95,17.45,17.86,0.1799999999999997,1.0180995475113086,16573327.0
2202,2018-05-15,17.93,18.36,17.84,18.2,0.3399999999999998,1.903695408734607,29388450.0
2202,2018-05-16,18.1,18.38,17.92,18.26,0.0600000000000022,0.3296703296703507,20576423.0
2202,2018-05-17,18.19,18.26,17.5,17.65,-0.610000000000003,-3.340635268346126,20369446.0
2202,2018-05-18,17.68,17.76,16.95,17.37,-0.2799999999999976,-1.5864022662889332,22836032.0
2202,2018-05-21,17.5,17.67,17.38,17.52,0.1499999999999985,0.8635578583765069,16153454.0
2202,2018-05-22,17.51,17.68,16.95,17.2,-0.3200000000000003,-1.82648401826484,18382020.0
2202,2018-05-23,17.28,17.45,17.06,17.15,-0.0500000000000007,-0.2906976744186051,16591653.0
2202,2018-05-24,17.29,17.29,16.56,16.77,-0.379999999999999,-2.215743440233231,19769742.0
2202,2018-05-25,16.3,16.44,15.5,16.16,-0.6099999999999994,-3.637447823494333,57480603.0
2202,2018-05-28,16.13,16.73,15.79,16.67,0.5100000000000016,3.1559405940594143,22101052.0
2202,2018-05-29,16.7,16.73,16.36,16.39,-0.2800000000000011,-1.6796640671865704,12939533.0
2202,2018-05-30,16.06,16.37,15.82,16.03,-0.3599999999999994,-2.1964612568639352,16843594.0
2202,2018-05-31,16.1,16.48,15.8,16.14,0.1099999999999994,0.6862133499688117,20900742.0
2202,2018-06-01,16.09,16.09,15.0,15.57,-0.5700000000000003,-3.5315985130111582,36877004.0
2202,2018-06-04,14.21,14.7,14.01,14.01,-1.5600000000000005,-10.019267822736031,59831494.0
2202,2018-06-05,14.06,15.03,14.02,15.0,0.9900000000000002,7.066381156316925,42894401.0
2202,2018-06-06,15.1,15.54,14.91,15.19,0.1899999999999995,1.2666666666666604,20211162.0
2202,2018-06-07,15.38,15.67,15.3,15.51,0.3200000000000003,2.106649111257397,19042690.0
2202,2018-06-08,15.37,15.54,14.89,15.29,-0.2200000000000006,-1.4184397163120588,14787571.0
2202,2018-06-11,15.29,15.5,15.05,15.32,0.0300000000000011,0.1962066710268217,10327776.0
2202,2018-06-12,15.36,15.49,14.83,14.98,-0.3399999999999998,-2.2193211488250597,16448785.0
2202,2018-06-13,15.0,15.19,14.64,14.69,-0.2900000000000009,-1.9359145527369837,11736135.0
2202,2018-06-14,14.61,14.96,14.53,14.59,-0.0999999999999996,-0.6807351940095296,8368894.0
2202,2018-06-15,14.64,15.07,14.48,14.76,0.1699999999999999,1.165181631254275,10474431.0
2202,2018-06-19,14.5,14.5,13.45,14.0,-0.7599999999999998,-5.1490514905149,27001073.0
2202,2018-06-20,13.91,14.2,13.57,13.99,-0.0099999999999997,-0.0714285714285667,14267741.0
2202,2018-06-21,13.99,14.46,13.75,14.01,0.0199999999999995,0.142959256611852,12720404.0
2202,2018-06-22,13.9,14.52,13.66,14.42,0.4100000000000001,2.9264810849393363,13939800.0
2202,2018-06-25,14.51,14.56,13.88,13.91,-0.5099999999999998,-3.5367545076282925,13444023.0
2202,2018-06-26,13.79,13.79,12.74,13.18,-0.7300000000000004,-5.248023005032354,36832342.0
2202,2018-06-27,13.12,13.15,12.66,12.74,-0.4399999999999995,-3.3383915022761723,22364217.0
2202,2018-06-28,12.63,12.98,12.58,12.67,-0.0700000000000002,-0.5494505494505475,13039335.0
2202,2018-06-29,12.74,12.75,12.13,12.64,-0.0299999999999993,-0.2367797947908423,23342912.0
2202,2018-07-02,12.66,12.95,12.35,12.49,-0.1500000000000003,-1.1867088607595,18146954.0
2202,2018-07-03,12.58,12.88,12.17,12.83,0.3399999999999998,2.722177742193743,17036138.0
2202,2018-07-04,12.7,12.78,12.11,12.18,-0.6500000000000004,-5.066250974279041,19699232.0
2202,2018-07-05,12.2,12.23,10.96,11.1,-1.08,-8.866995073891626,51570734.0
2202,2018-07-06,11.15,12.09,11.15,11.75,0.6500000000000004,5.855855855855863,41368034.0
2202,2018-07-09,12.15,12.93,12.15,12.93,1.1799999999999995,10.042553191489368,30988715.0
2202,2018-07-10,13.42,13.42,12.74,12.98,0.0500000000000007,0.3866976024748725,40371572.0
2202,2018-07-11,12.94,12.94,12.29,12.65,-0.33,-2.5423728813559365,26727711.0
2202,2018-07-12,12.68,13.13,12.51,12.9,0.25,1.976284584980248,24733191.0
2202,2018-07-13,12.94,12.95,12.58,12.65,-0.25,-1.9379844961240345,17175694.0
2202,2018-07-16,12.66,12.86,12.5,12.85,0.1999999999999993,1.5810276679841806,14917202.0
2202,2018-07-17,12.72,12.91,12.62,12.8,-0.0499999999999989,-0.3891050583657462,11262166.0
2202,2018-07-18,12.85,13.49,12.85,13.28,0.4799999999999986,3.7499999999999862,22701450.0
2202,2018-07-19,13.41,13.95,13.25,13.82,0.5400000000000009,4.06626506024097,28189762.0
2202,2018-07-20,13.79,13.99,13.49,13.91,0.0899999999999998,0.651230101302458,18925307.0
2202,2018-07-23,13.91,14.3,13.75,13.84,-0.0700000000000002,-0.5032350826743359,15288293.0
2202,2018-07-24,13.85,14.79,13.85,14.43,0.5899999999999999,4.263005780346818,22549488.0
2202,2018-07-25,14.46,14.86,14.27,14.45,0.0199999999999995,0.1386001386001423,15882956.0
2202,2018-07-26,14.4,14.4,13.77,13.85,-0.5999999999999996,-4.152249134948094,15719846.0
2202,2018-07-27,14.13,14.53,14.05,14.08,0.2300000000000004,1.6606498194945862,19252037.0
2202,2018-07-30,14.1,14.43,13.87,14.02,-0.0600000000000005,-0.4261363636363646,10072424.0
2202,2018-07-31,14.0,14.15,13.65,13.94,-0.08,-0.5706134094151216,9062615.0
2202,2018-08-01,13.93,13.93,13.28,13.5,-0.4399999999999995,-3.1563845050215145,18125352.0
2202,2018-08-02,13.45,13.45,12.54,13.13,-0.3699999999999992,-2.7407407407407325,18357721.0
2202,2018-08-03,13.08,13.27,12.69,12.81,-0.3200000000000003,-2.437166793602441,11687632.0
2202,2018-08-06,12.81,12.9,12.15,12.37,-0.4400000000000013,-3.434816549570663,14338390.0
2202,2018-08-07,12.37,13.2,12.37,13.2,0.8300000000000001,6.709781729991926,11937678.0
2202,2018-08-08,13.4,13.41,12.83,12.87,-0.33,-2.500000000000002,12395972.0
2202,2018-08-09,12.54,13.48,12.5,13.26,0.3900000000000005,3.0303030303030276,14541823.0
2202,2018-08-10,13.26,13.4,12.96,13.15,-0.1099999999999994,-0.8295625942684737,13480924.0
2202,2018-08-13,13.01,13.08,12.5,12.93,-0.2200000000000006,-1.6730038022813698,17645394.0
2202,2018-08-14,12.86,13.05,12.71,12.89,-0.0399999999999991,-0.3093580819798824,8152052.0
2202,2018-08-15,12.9,12.97,12.15,12.28,-0.6100000000000012,-4.732350659425921,19894839.0
2202,2018-08-16,12.12,12.38,11.9,12.02,-0.2599999999999998,-2.1172638436482094,10747097.0
2202,2018-08-17,12.14,12.34,11.71,11.75,-0.2699999999999996,-2.2462562396006636,10148634.0
2202,2018-08-20,11.75,12.37,11.58,12.36,0.6099999999999994,5.1914893617021285,16897361.0
2202,2018-08-21,12.58,13.0,12.58,12.77,0.4100000000000001,3.3171521035598728,19824031.0
2202,2018-08-22,12.83,12.95,12.57,12.69,-0.08,-0.6264682850430692,11963491.0
2202,2018-08-23,12.73,13.1,12.69,12.9,0.2100000000000008,1.654846335697413,12046300.0
2202,2018-08-24,12.8,12.96,12.63,12.9,0.0,0.0,11347384.0
2202,2018-08-27,13.28,13.33,12.73,12.91,0.0099999999999997,0.0775193798449702,24667035.0
2202,2018-08-28,12.99,13.05,12.67,12.88,-0.0299999999999993,-0.2323780015491827,16912843.0
2202,2018-08-29,12.77,12.91,12.42,12.55,-0.33,-2.5621118012422395,16484896.0
2202,2018-08-30,12.45,12.75,12.37,12.45,-0.1000000000000014,-0.7968127490039945,13718268.0
2202,2018-08-31,12.58,12.59,12.02,12.17,-0.2799999999999993,-2.248995983935742,16026144.0
2202,2018-09-03,12.19,12.33,11.92,12.25,0.08,0.6573541495480617,12667996.0
2202,2018-09-04,12.26,12.59,12.17,12.5,0.25,2.0408163265306145,17359702.0
2202,2018-09-05,12.5,12.5,12.08,12.11,-0.3900000000000005,-3.120000000000001,11854739.0
2202,2018-09-06,12.07,12.16,11.8,11.92,-0.1899999999999995,-1.568951279933939,11143168.0
2202,2018-09-07,11.92,12.11,11.82,11.93,0.0099999999999997,0.0838926174496546,8814850.0
2202,2018-09-10,11.86,12.02,11.63,11.66,-0.2699999999999996,-2.2632020117351215,10734319.0
2202,2018-09-11,11.7,11.8,11.53,11.77,0.1099999999999994,0.943396226415083,10188198.0
2202,2018-09-12,11.7,11.7,11.43,11.51,-0.2599999999999998,-2.2090059473237056,9956854.0
2202,2018-09-13,11.65,11.74,11.31,11.52,0.0099999999999997,0.0868809730669051,13812039.0
2202,2018-09-14,11.54,11.55,11.28,11.44,-0.08,-0.694444444444442,12272521.0
2202,2018-09-17,11.42,11.43,11.11,11.15,-0.2899999999999991,-2.534965034965031,10065132.0
2202,2018-09-18,11.01,11.71,11.01,11.69,0.5399999999999991,4.843049327354243,16059006.0
2202,2018-09-19,11.83,12.0,11.68,11.8,0.1100000000000012,0.9409751924722044,18662513.0
2202,2018-09-20,11.78,11.83,11.49,11.56,-0.2400000000000002,-2.033898305084747,16291961.0
2202,2018-09-21,11.61,11.75,11.29,11.7,0.1399999999999988,1.2110726643598468,28512185.0
2202,2018-09-25,11.6,11.63,11.36,11.37,-0.33,-2.8205128205128216,16534310.0
2202,2018-09-26,11.42,12.15,11.42,12.0,0.6300000000000008,5.54089709762533,47176806.0
2202,2018-09-27,12.05,12.12,11.85,11.93,-0.0700000000000002,-0.5833333333333357,26108115.0
2202,2018-09-28,12.0,12.06,11.74,12.01,0.08,0.6705783738474524,24786426.0
2202,2018-10-08,11.7,11.71,11.03,11.21,-0.7999999999999989,-6.661115736885915,32070070.0
2202,2018-10-09,11.1,11.24,10.97,11.0,-0.2100000000000008,-1.873327386262269,26148001.0
2202,2018-10-10,11.03,11.04,9.9,9.91,-1.09,-9.909090909090912,75013868.0
2202,2018-10-11,9.42,9.68,9.09,9.13,-0.7799999999999994,-7.870837537840558,54034412.0
2202,2018-10-12,9.0,9.64,9.0,9.52,0.3899999999999988,4.271631982475332,31887359.0
2202,2018-10-15,9.59,9.59,9.14,9.25,-0.2699999999999996,-2.8361344537815136,25449022.0
2202,2018-10-16,9.28,9.39,9.18,9.24,-0.0099999999999997,-0.108108108108107,16817069.0
2202,2018-10-17,9.38,9.46,8.79,9.19,-0.0500000000000007,-0.5411255411255533,26418306.0
2202,2018-10-18,9.14,9.28,8.95,9.05,-0.1399999999999988,-1.5233949945592906,16875004.0
2202,2018-10-19,8.92,9.35,8.91,9.28,0.2299999999999986,2.541436464088376,18487920.0
2202,2018-10-22,9.33,10.1,9.33,9.94,0.6600000000000001,7.1120689655172376,31731940.0
2202,2018-10-23,9.94,9.94,9.51,9.65,-0.2899999999999991,-2.917505030181078,23443927.0
2202,2018-10-24,9.65,9.77,9.44,9.51,-0.1400000000000005,-1.4507772020725396,16665925.0
2202,2018-10-25,9.19,9.45,9.05,9.39,-0.1199999999999992,-1.2618296529968376,18715238.0
2202,2018-10-26,9.45,9.55,9.34,9.5,0.1099999999999994,1.1714589989350266,17641992.0
2202,2018-10-29,9.05,9.3,8.55,8.65,-0.8499999999999996,-8.947368421052627,48764882.0
2202,2018-10-30,8.56,8.73,8.42,8.62,-0.0300000000000011,-0.3468208092485714,28616768.0
2202,2018-10-31,8.64,8.86,8.61,8.79,0.1699999999999999,1.9721577726218076,24028686.0
2202,2018-11-01,8.89,9.15,8.8,8.92,0.1300000000000007,1.4789533560864765,31360126.0
2202,2018-11-02,9.15,9.73,9.12,9.64,0.7200000000000006,8.071748878923767,53443431.0
2202,2018-11-05,10.01,10.41,9.93,10.21,0.5700000000000003,5.91286307053942,67404071.0
2202,2018-11-06,10.1,10.28,10.0,10.16,-0.0500000000000007,-0.4897159647404558,33239144.0
2202,2018-11-07,10.13,10.32,10.11,10.19,0.0299999999999993,0.2952755905511806,27222732.0
2202,2018-11-08,10.31,10.37,9.9,9.9,-0.2899999999999991,-2.8459273797840967,22695813.0
2202,2018-11-09,9.89,10.03,9.8,9.89,-0.0099999999999997,-0.1010101010101016,15439808.0
2202,2018-11-12,9.93,10.88,9.92,10.88,0.9900000000000002,10.01011122345803,66944649.0
2202,2018-11-13,10.9,11.63,10.68,11.37,0.4899999999999984,4.503676470588225,71753938.0
2202,2018-11-14,11.21,11.37,10.93,11.25,-0.1199999999999992,-1.055408970976246,35664236.0
2202,2018-11-15,11.15,11.29,11.04,11.27,0.0199999999999995,0.1777777777777656,24948598.0
2202,2018-11-16,11.27,11.3,11.03,11.14,-0.129999999999999,-1.153504880212941,27286214.0
2202,2018-11-19,11.13,11.25,10.94,11.15,0.0099999999999997,0.0897666068222502,21411881.0
2202,2018-11-20,11.08,11.09,10.62,10.68,-0.4700000000000006,-4.215246636771308,25322420.0
2202,2018-11-21,10.55,10.95,10.38,10.94,0.2599999999999998,2.434456928838946,24226436.0
2202,2018-11-22,11.0,11.04,10.72,10.78,-0.1600000000000001,-1.4625228519195677,15156028.0
2202,2018-11-23,10.8,10.84,10.31,10.35,-0.4299999999999997,-3.9888682745825577,17147804.0
2202,2018-11-26,10.4,10.64,10.36,10.52,0.1699999999999999,1.6425120772946888,14452027.0
2202,2018-11-27,10.64,10.71,10.55,10.63,0.1100000000000012,1.0456273764258617,14924203.0
2202,2018-11-28,10.6,11.28,10.54,11.27,0.6399999999999988,6.020696142991522,37079713.0
2202,2018-11-29,11.19,11.36,10.81,10.9,-0.3699999999999992,-3.2830523513753262,22710324.0
2202,2018-11-30,10.87,11.13,10.78,11.02,0.1199999999999992,1.1009174311926495,16294696.0
2202,2018-12-03,11.4,11.5,11.2,11.24,0.2200000000000006,1.9963702359346636,31445112.0
2202,2018-12-04,11.23,11.48,11.13,11.44,0.1999999999999993,1.7793594306049654,20956514.0
2202,2018-12-05,11.21,11.6,11.15,11.3,-0.1399999999999988,-1.2237762237762184,22946639.0
2202,2018-12-06,11.19,11.52,11.13,11.31,0.0099999999999997,0.0884955752212368,24074899.0
2202,2018-12-07,11.32,11.38,11.1,11.21,-0.0999999999999996,-0.8841732979663952,12383626.0
2202,2018-12-10,11.1,11.25,10.45,10.74,-0.4700000000000006,-4.19268510258698,27859890.0
2202,2018-12-11,10.8,10.95,10.72,10.89,0.1500000000000003,1.3966480446927498,14970005.0
2202,2018-12-12,11.14,11.18,11.01,11.05,0.1600000000000001,1.469237832874204,16430672.0
2202,2018-12-13,11.15,11.41,11.05,11.32,0.2699999999999996,2.4434389140271406,25936066.0
2202,2018-12-14,11.28,11.28,10.85,10.95,-0.370000000000001,-3.2685512367491287,15910387.0
2202,2018-12-17,10.96,10.97,10.55,10.77,-0.1799999999999997,-1.6438356164383494,13403952.0
2202,2018-12-18,10.61,10.8,10.55,10.73,-0.0399999999999991,-0.3714020427112219,14022630.0
2202,2018-12-19,10.69,10.75,10.12,10.25,-0.4800000000000004,-4.473438956197584,25595368.0
2202,2018-12-20,10.27,10.39,10.16,10.21,-0.0399999999999991,-0.3902439024390136,11529594.0
2202,2018-12-21,10.22,10.3,10.0,10.07,-0.1400000000000005,-1.371204701273265,11106964.0
2202,2018-12-24,10.11,10.38,10.05,10.31,0.2400000000000002,2.383316782522349,12420190.0
2202,2018-12-25,10.25,10.49,10.1,10.37,0.0599999999999987,0.5819592628515835,13363136.0
2202,2018-12-26,10.36,10.46,10.17,10.28,-0.0899999999999998,-0.8678881388621051,8917397.0
2202,2018-12-27,10.51,10.56,10.23,10.23,-0.0499999999999989,-0.4863813229571856,11695874.0
2202,2018-12-28,10.24,10.28,9.8,9.99,-0.2400000000000002,-2.346041055718473,22716125.0
2202,2019-01-02,9.98,10.04,9.65,9.66,-0.33,-3.3033033033033066,17310055.0
2202,2019-01-03,9.7,9.87,9.01,9.34,-0.3200000000000003,-3.31262939958592,27220136.0
2202,2019-01-04,9.2,9.85,9.18,9.8,0.4600000000000008,4.925053533190593,20736355.0
2202,2019-01-07,9.96,10.06,9.79,9.98,0.1799999999999997,1.8367346938775508,17691035.0
2202,2019-01-08,10.0,10.35,9.9,10.24,0.2599999999999998,2.605210420841675,16825652.0
2202,2019-01-09,10.24,10.58,10.17,10.31,0.0700000000000002,0.68359375,18937526.0
2202,2019-01-10,10.4,10.96,10.4,10.73,0.4199999999999999,4.0737148399611955,36516660.0
2202,2019-01-11,10.6,10.63,10.45,10.55,-0.1799999999999997,-1.6775396085740857,15295085.0
2202,2019-01-14,10.55,10.63,10.32,10.4,-0.1500000000000003,-1.4218009478673022,12670888.0
2202,2019-01-15,10.33,10.64,10.27,10.61,0.209999999999999,2.019230769230762,13843072.0
2202,2019-01-16,10.61,10.72,10.52,10.66,0.0500000000000007,0.4712535344015167,11777138.0
2202,2019-01-17,10.7,10.74,10.48,10.52,-0.1400000000000005,-1.3133208255159512,8896622.0
2202,2019-01-18,10.59,11.0,10.53,10.99,0.4700000000000006,4.467680608365021,22867016.0
2202,2019-01-21,11.1,11.38,10.81,11.28,0.2899999999999991,2.63876251137396,27727481.0
2202,2019-01-22,11.23,11.23,10.85,10.97,-0.3099999999999987,-2.748226950354604,16454292.0
2202,2019-01-23,10.86,10.97,10.72,10.87,-0.1000000000000014,-0.9115770282589032,14791013.0
2202,2019-01-24,10.88,11.68,10.88,11.44,0.5700000000000003,5.243790248390057,34579326.0
2202,2019-01-25,11.48,12.35,11.45,11.88,0.4400000000000013,3.8461538461538542,44092592.0
2202,2019-01-28,12.35,13.07,12.35,13.06,1.1799999999999995,9.932659932659927,75910794.0
2202,2019-01-29,12.73,12.99,12.42,12.78,-0.2800000000000011,-2.14395099540583,43100780.0
2202,2019-01-30,12.69,13.1,12.53,12.94,0.1600000000000001,1.2519561815336422,40205197.0
2202,2019-01-31,12.95,13.35,12.66,12.85,-0.0899999999999998,-0.695517774343124,28890666.0
2202,2019-02-01,12.96,13.85,12.96,13.66,0.8100000000000005,6.303501945525292,38362767.0
2202,2019-02-11,13.66,13.93,13.51,13.84,0.1799999999999997,1.317715959004384,30005106.0
2202,2019-02-12,13.65,13.73,13.37,13.6,-0.2400000000000002,-1.7341040462427793,27835324.0
2202,2019-02-13,13.5,13.69,13.24,13.62,0.0199999999999995,0.1470588235294112,38191261.0
2202,2019-02-14,13.4,13.86,13.3,13.49,-0.129999999999999,-0.9544787077826687,31550402.0
2202,2019-02-15,13.5,13.62,13.15,13.33,-0.1600000000000001,-1.1860637509266136,24023533.0
2202,2019-02-18,13.38,14.05,13.38,14.0,0.6699999999999999,5.026256564141041,35131215.0
2202,2019-02-19,14.08,14.16,13.25,13.4,-0.5999999999999996,-4.285714285714281,43936773.0
2202,2019-02-20,13.41,13.73,13.19,13.73,0.33,2.462686567164174,28759485.0
2202,2019-02-21,13.7,13.85,13.38,13.42,-0.3100000000000005,-2.2578295702840534,26702210.0
2202,2019-02-22,13.3,13.52,13.09,13.41,-0.0099999999999997,-0.0745156482861331,30711437.0
2202,2019-02-25,13.62,14.75,13.62,14.75,1.34,9.992542878448909,72327093.0
2202,2019-02-26,14.9,14.9,14.1,14.18,-0.5700000000000003,-3.864406779661022,47676867.0
2202,2019-02-27,14.18,14.18,13.54,13.72,-0.4599999999999991,-3.244005641748937,38032038.0
2202,2019-02-28,13.68,13.95,13.54,13.82,0.0999999999999996,0.7288629737609353,24632902.0
2202,2019-03-01,13.9,14.21,13.71,14.09,0.2699999999999996,1.953690303907374,29038547.0
2202,2019-03-04,14.15,15.01,13.95,14.55,0.4600000000000008,3.2647267565649507,60070871.0
2202,2019-03-05,14.5,15.36,14.42,15.36,0.8099999999999987,5.567010309278331,49959278.0
2202,2019-03-06,15.3,15.5,15.1,15.4,0.0400000000000009,0.260416666666674,31332759.0
2202,2019-03-07,15.4,15.4,14.71,14.92,-0.4800000000000004,-3.116883116883118,31445498.0
2202,2019-03-08,14.6,14.88,14.29,14.31,-0.6099999999999994,-4.0884718498659485,25618263.0
2202,2019-03-11,14.31,15.53,14.08,15.42,1.1099999999999994,7.756813417190767,41027239.0
2202,2019-03-12,15.82,16.2,15.45,15.6,0.1799999999999997,1.167315175097272,42436857.0
2202,2019-03-13,15.88,15.91,15.11,15.23,-0.3699999999999992,-2.3717948717948634,25963693.0
2202,2019-03-14,15.2,15.4,14.5,14.64,-0.5899999999999999,-3.8739330269205503,22351010.0
2202,2019-03-15,14.77,15.54,14.77,15.26,0.6199999999999992,4.234972677595628,38273393.0
2202,2019-03-18,15.37,15.57,14.48,14.99,-0.2699999999999996,-1.7693315858453462,60122868.0
2202,2019-03-19,14.86,14.96,14.56,14.68,-0.3100000000000005,-2.068045363575721,43525030.0
2202,2019-03-20,15.15,16.15,15.1,16.05,1.370000000000001,9.332425068119887,114100431.0
2202,2019-03-29,13.65,14.71,13.16,14.55,-1.5,-9.345794392523366,79285243.0
2202,2019-04-01,14.48,14.95,14.0,14.6,0.0499999999999989,0.3436426116838476,105979777.0
2202,2019-04-02,14.52,14.52,14.0,14.09,-0.5099999999999998,-3.493150684931501,83383644.0
2202,2019-04-03,14.09,14.09,13.79,13.96,-0.129999999999999,-0.9226401703335664,48971177.0
2202,2019-04-04,14.02,14.04,13.58,13.71,-0.25,-1.7908309455587412,69007170.0
2202,2019-04-08,13.71,13.84,13.31,13.49,-0.2200000000000006,-1.604668125455877,60196483.0
2202,2019-04-09,13.55,13.84,13.46,13.8,0.3100000000000005,2.297998517420319,50904429.0
2202,2019-04-10,13.79,13.88,13.6,13.68,-0.120000000000001,-0.8695652173913104,34866990.0
2202,2019-04-11,13.5,13.65,12.96,13.01,-0.6699999999999999,-4.897660818713446,80468211.0
2202,2019-04-12,13.01,13.08,12.5,12.86,-0.1500000000000003,-1.1529592621060791,69170458.0
2202,2019-04-15,12.99,13.26,12.78,12.79,-0.0700000000000002,-0.5443234836702948,52317572.0
2202,2019-04-16,12.79,12.97,12.5,12.96,0.1700000000000017,1.3291634089132254,43184400.0
2202,2019-04-17,12.96,13.35,12.86,13.3,0.3399999999999998,2.6234567901234573,63101326.0
2202,2019-04-18,13.28,13.28,13.0,13.03,-0.2700000000000013,-2.0300751879699375,36091060.0
2202,2019-04-19,13.08,13.08,12.68,12.89,-0.1399999999999988,-1.074443591711427,36937869.0
2202,2019-04-22,12.95,12.97,12.6,12.65,-0.2400000000000002,-1.8619084561675712,35269711.0
2202,2019-04-23,12.69,12.69,12.27,12.35,-0.3000000000000007,-2.371541501976293,36001434.0
2202,2019-04-24,12.34,12.52,12.28,12.52,0.1699999999999999,1.3765182186234792,26613493.0
2202,2019-04-25,12.41,12.49,12.08,12.12,-0.4000000000000003,-3.194888178913746,27189839.0
2202,2019-04-26,12.1,12.11,11.3,11.59,-0.5299999999999994,-4.372937293729374,64389350.0
2202,2019-04-29,11.49,11.62,11.26,11.5,-0.0899999999999998,-0.7765314926660882,40337184.0
2202,2019-04-30,11.48,11.69,11.4,11.56,0.0600000000000005,0.521739130434784,22391147.0
2202,2019-05-06,11.3,11.3,10.5,11.0,-0.5600000000000005,-4.844290657439454,49125235.0
2202,2019-05-07,10.92,11.13,10.71,10.93,-0.0700000000000002,-0.6363636363636349,25464545.0
2202,2019-05-08,10.76,11.02,10.56,10.77,-0.1600000000000001,-1.4638609332113472,20718689.0
2202,2019-05-09,10.76,10.88,10.61,10.64,-0.129999999999999,-1.207056638811499,19086684.0
2202,2019-05-10,10.74,11.05,10.56,11.03,0.3899999999999988,3.665413533834583,38163995.0
2202,2019-05-13,10.95,10.95,10.62,10.73,-0.2999999999999989,-2.719854941069799,25300531.0
2202,2019-05-14,10.6,10.95,10.53,10.78,0.0499999999999989,0.4659832246038942,23474435.0
2202,2019-05-15,10.95,11.26,10.93,11.23,0.450000000000001,4.1743970315399,38745668.0
2202,2019-05-16,11.25,11.35,11.11,11.22,-0.0099999999999997,-0.0890471950133586,26115768.0
2202,2019-05-17,11.28,11.3,10.6,10.71,-0.5099999999999998,-4.545454545454541,35813535.0
2202,2019-05-20,10.73,10.77,10.31,10.42,-0.2900000000000009,-2.707749766573309,27995727.0
2202,2019-05-21,10.5,10.74,10.42,10.68,0.2599999999999998,2.49520153550864,20456370.0
2202,2019-05-22,10.7,10.75,10.48,10.56,-0.1199999999999992,-1.1235955056179692,21034639.0
2202,2019-05-23,10.48,10.55,10.31,10.34,-0.2200000000000006,-2.083333333333337,15525178.0
2202,2019-05-24,10.37,10.69,10.25,10.56,0.2200000000000006,2.1276595744680993,20591571.0
2202,2019-05-27,10.6,11.27,10.6,11.19,0.629999999999999,5.965909090909083,50877848.0
2202,2019-05-28,11.2,11.26,11.07,11.18,-0.0099999999999997,-0.0893655049150954,31336535.0
2202,2019-05-29,11.08,11.26,10.96,11.18,0.0,0.0,26831972.0
2202,2019-05-30,11.16,11.2,10.95,11.17,-0.0099999999999997,-0.0894454382826426,19608592.0
2202,2019-05-31,11.22,11.57,11.22,11.43,0.2599999999999998,2.327663384064449,37270881.0
2202,2019-06-03,11.43,11.52,11.14,11.4,-0.0299999999999993,-0.2624671916010457,27794421.0
2202,2019-06-04,11.36,11.38,11.06,11.14,-0.2599999999999998,-2.280701754385961,16177740.0
2202,2019-06-05,11.25,11.35,11.08,11.09,-0.0500000000000007,-0.4488330341113178,13181597.0
2202,2019-06-06,11.06,11.13,10.6,10.84,-0.25,-2.254283137962132,28423314.0
2202,2019-06-10,10.88,10.98,10.72,10.85,0.0099999999999997,0.0922509225092182,18590452.0
2202,2019-06-11,10.87,11.29,10.83,11.23,0.3800000000000008,3.5023041474654404,27736954.0
2202,2019-06-12,11.23,11.24,11.06,11.11,-0.120000000000001,-1.068566340160293,18996566.0
2202,2019-06-13,11.11,11.18,10.92,11.12,0.0099999999999997,0.090009000900082,16773447.0
2202,2019-06-14,11.13,11.14,11.0,11.03,-0.0899999999999998,-0.8093525179856065,16195175.0
2202,2019-06-17,11.08,11.23,11.04,11.09,0.0600000000000005,0.5439709882139709,11217753.0
2202,2019-06-18,11.16,11.21,11.06,11.1,0.0099999999999997,0.0901713255184732,11829678.0
2202,2019-06-19,11.31,11.44,11.18,11.23,0.1300000000000007,1.1711711711711814,29059705.0
2202,2019-06-20,11.21,11.63,11.2,11.48,0.25,2.2261798753339335,39763876.0
2202,2019-06-21,11.58,11.92,11.54,11.87,0.3899999999999988,3.397212543554007,45844273.0
2202,2019-06-24,11.8,12.34,11.74,12.22,0.3500000000000014,2.9486099410278133,47135831.0
2202,2019-06-25,12.21,12.65,12.16,12.41,0.1899999999999995,1.554828150572818,44563717.0
2202,2019-06-26,12.32,12.5,12.27,12.36,-0.0500000000000007,-0.4029008863819516,20641691.0
2202,2019-06-27,12.52,12.66,12.17,12.33,-0.0299999999999993,-0.2427184466019416,34209552.0
2202,2019-06-28,12.39,12.45,12.14,12.43,0.0999999999999996,0.8110300081102917,23430378.0
2202,2019-07-01,12.75,12.81,12.4,12.56,0.1300000000000007,1.045856798069189,33028245.0
2202,2019-07-02,12.62,12.63,12.31,12.35,-0.2100000000000008,-1.671974522292996,20811897.0
2202,2019-07-03,12.4,12.42,12.24,12.34,-0.0099999999999997,-0.0809716599190268,13236003.0
2202,2019-07-04,12.34,12.43,12.15,12.21,-0.129999999999999,-1.0534846029173317,12465725.0
2202,2019-07-05,12.3,12.34,12.2,12.3,0.0899999999999998,0.7371007371007376,10018498.0
2202,2019-07-08,12.28,12.28,11.82,12.0,-0.3000000000000007,-2.4390243902439046,19801256.0
2202,2019-07-09,11.99,12.16,11.9,12.14,0.1400000000000005,1.1666666666666714,10517449.0
2202,2019-07-10,12.13,12.76,12.03,12.71,0.5700000000000003,4.695222405271826,51663075.0
2202,2019-07-11,12.75,12.79,12.53,12.6,-0.1100000000000012,-0.8654602675059131,23871107.0
2202,2019-07-12,12.59,13.1,12.52,12.96,0.3600000000000012,2.857142857142869,38372858.0
2202,2019-07-15,12.9,13.0,12.66,12.82,-0.1400000000000005,-1.0802469135802517,27239343.0
2202,2019-07-16,12.85,12.85,12.48,12.52,-0.3000000000000007,-2.3400936037441533,24114999.0
2202,2019-07-17,12.48,12.67,12.41,12.63,0.1100000000000012,0.8785942492012921,17487582.0
2202,2019-07-18,12.52,12.57,12.09,12.17,-0.4600000000000008,-3.64212193190816,23214352.0
2202,2019-07-19,12.17,12.75,12.17,12.62,0.4499999999999993,3.697617091207883,28499221.0
2202,2019-07-22,12.73,12.73,12.28,12.29,-0.33,-2.614896988906501,20079634.0
2202,2019-07-23,12.3,12.62,12.29,12.39,0.1000000000000014,0.8136696501220619,17734502.0
2202,2019-07-24,12.42,12.65,12.36,12.44,0.0499999999999989,0.4035512510088601,19199640.0
2202,2019-07-25,12.5,12.8,12.41,12.75,0.3100000000000005,2.4919614147909996,28418075.0
2202,2019-07-26,12.66,12.71,12.31,12.43,-0.3200000000000003,-2.509803921568632,27383272.0
2202,2019-07-29,12.44,12.45,12.01,12.1,-0.33,-2.6548672566371723,27720206.0
2202,2019-07-30,12.08,12.27,12.07,12.14,0.0400000000000009,0.3305785123967064,15498274.0
2202,2019-07-31,12.11,12.2,11.91,11.96,-0.1799999999999997,-1.4827018121911006,16107285.0
2202,2019-08-01,11.92,12.01,11.71,11.78,-0.1800000000000015,-1.5050167224080369,20542632.0
2202,2019-08-02,11.59,11.79,11.43,11.68,-0.0999999999999996,-0.8488964346349714,17338674.0
2202,2019-08-05,11.62,11.77,11.55,11.55,-0.129999999999999,-1.1130136986301276,12597400.0
2202,2019-08-06,11.3,11.73,11.22,11.63,0.08,0.6926406926407003,22469115.0
2202,2019-08-07,11.65,11.9,11.44,11.75,0.1199999999999992,1.0318142734307756,19749167.0
2202,2019-08-08,11.59,11.86,11.5,11.67,-0.08,-0.6808510638297904,21243201.0
2202,2019-08-09,11.69,11.73,11.38,11.44,-0.2300000000000004,-1.9708654670094303,15581667.0
2202,2019-08-12,11.44,11.69,11.4,11.66,0.2200000000000006,1.9230769230769384,9564472.0
2202,2019-08-13,11.65,11.65,11.51,11.56,-0.0999999999999996,-0.857632933104624,6340742.0
2202,2019-08-14,11.75,11.8,11.4,11.46,-0.0999999999999996,-0.865051903114189,11860863.0
2202,2019-08-15,11.26,11.47,11.18,11.41,-0.0500000000000007,-0.4363001745200767,12123249.0
2202,2019-08-16,11.49,11.53,11.34,11.4,-0.0099999999999997,-0.0876424189307556,14131073.0
2202,2019-08-19,11.52,12.04,11.41,12.02,0.6199999999999992,5.438596491228065,30829527.0
2202,2019-08-20,12.13,12.13,11.81,11.88,-0.1399999999999988,-1.1647254575707031,14218133.0
2202,2019-08-21,11.86,12.29,11.8,12.16,0.2799999999999993,2.3569023569023573,24120865.0
2202,2019-08-22,12.17,12.36,12.07,12.31,0.1500000000000003,1.2335526315789602,22367880.0
2202,2019-08-23,12.24,12.59,12.17,12.39,0.08,0.6498781478472715,26436379.0
2202,2019-08-26,11.73,12.56,11.69,12.3,-0.0899999999999998,-0.7263922518159771,46955696.0
2202,2019-08-27,12.34,13.13,12.31,13.08,0.7799999999999994,6.34146341463413,69546481.0
2202,2019-08-28,12.88,13.28,12.87,13.01,-0.0700000000000002,-0.5351681957186605,47560597.0
2202,2019-08-29,13.08,13.31,12.93,13.09,0.08,0.6149116064565696,30260578.0
2202,2019-08-30,13.16,13.3,12.89,12.95,-0.1400000000000005,-1.0695187165775444,22400126.0
2202,2019-09-02,12.99,13.52,12.99,13.43,0.4800000000000004,3.706563706563704,36817472.0
2202,2019-09-03,13.5,13.78,13.31,13.56,0.1300000000000007,0.967982129560685,37627209.0
2202,2019-09-04,13.63,14.14,13.59,13.78,0.2199999999999988,1.6224188790560312,38879867.0
2202,2019-09-05,13.78,13.98,13.49,13.6,-0.1799999999999997,-1.3062409288824406,39057388.0
2202,2019-09-06,13.5,13.73,13.41,13.57,-0.0299999999999993,-0.2205882352941168,19783522.0
2202,2019-09-09,13.87,13.97,13.7,13.84,0.2699999999999996,1.9896831245394209,29293051.0
2202,2019-09-10,13.92,13.99,13.5,13.82,-0.0199999999999995,-0.1445086705202269,25660573.0
2202,2019-09-11,13.8,13.85,13.45,13.58,-0.2400000000000002,-1.736613603473225,24892266.0
2202,2019-09-12,13.58,13.74,13.51,13.72,0.1400000000000005,1.0309278350515427,21185185.0
2202,2019-09-16,13.85,13.88,13.32,13.49,-0.2300000000000004,-1.6763848396501468,22533387.0
2202,2019-09-17,13.37,13.59,13.02,13.09,-0.4000000000000003,-2.965159377316529,23049718.0
2202,2019-09-18,13.25,13.29,13.0,13.08,-0.0099999999999997,-0.0763941940412515,14256085.0
2202,2019-09-19,13.23,13.33,13.01,13.16,0.08,0.6116207951070374,20959591.0
2202,2019-09-20,13.21,13.44,13.14,13.27,0.1099999999999994,0.8358662613981771,24510184.0
2202,2019-09-23,13.33,13.37,12.81,12.92,-0.3499999999999996,-2.6375282592313476,22442923.0
2202,2019-09-24,13.03,13.25,12.94,13.11,0.1899999999999995,1.4705882352941124,18326910.0
2202,2019-09-25,13.08,13.08,12.7,13.0,-0.1099999999999994,-0.8390541571319576,16556126.0
2202,2019-09-26,12.96,13.19,12.56,12.56,-0.4399999999999995,-3.384615384615386,20675271.0
2202,2019-09-27,12.57,12.89,12.51,12.66,0.0999999999999996,0.79617834394905,17646593.0
2202,2019-09-30,12.65,12.84,12.4,12.52,-0.1400000000000005,-1.1058451816745696,16294754.0
2202,2019-10-08,12.61,13.5,12.61,13.11,0.5899999999999999,4.712460063897761,41425473.0
2202,2019-10-09,12.99,13.35,12.86,13.15,0.0400000000000009,0.3051106025934391,30247176.0
2202,2019-10-10,13.2,13.49,13.14,13.38,0.2300000000000004,1.7490494296577896,30064456.0
2202,2019-10-11,13.48,13.49,13.1,13.23,-0.1500000000000003,-1.1210762331838595,19995621.0
2202,2019-10-14,13.3,13.45,13.16,13.25,0.0199999999999995,0.1511715797430035,22954086.0
2202,2019-10-15,13.19,13.19,12.69,12.77,-0.4800000000000004,-3.622641509433966,26329173.0
2202,2019-10-16,12.79,12.89,12.59,12.68,-0.0899999999999998,-0.7047768206734473,20611219.0
2202,2019-10-17,12.7,12.83,12.65,12.74,0.0600000000000005,0.4731861198738141,14297560.0
2202,2019-10-18,12.79,12.79,12.22,12.26,-0.4800000000000004,-3.767660910518056,25092785.0
2202,2019-10-21,12.22,12.23,11.9,12.16,-0.0999999999999996,-0.815660685154973,13618555.0
2202,2019-10-22,12.27,12.39,12.19,12.38,0.2200000000000006,1.8092105263157965,10658369.0
2202,2019-10-23,12.38,12.4,12.18,12.29,-0.0900000000000016,-0.7269789983845087,9981285.0
2202,2019-10-24,12.24,12.27,11.95,12.0,-0.2899999999999991,-2.359641985353944,19665819.0
2202,2019-10-25,12.16,12.44,11.95,12.42,0.4199999999999999,3.499999999999992,20391801.0
2202,2019-10-28,12.8,13.5,12.79,13.11,0.6899999999999995,5.555555555555558,81380609.0
2202,2019-10-29,13.26,13.26,12.92,13.03,-0.08,-0.6102212051868783,26081843.0
2202,2019-10-30,12.93,12.99,12.45,12.52,-0.5099999999999998,-3.914044512663084,30565644.0
2202,2019-10-31,12.58,12.7,12.5,12.57,0.0500000000000007,0.3993610223642196,20669003.0
2202,2019-11-01,12.46,12.81,12.42,12.62,0.0499999999999989,0.3977724741447863,21341381.0
2202,2019-11-04,12.68,12.72,12.36,12.49,-0.129999999999999,-1.0301109350237647,23407414.0
2202,2019-11-05,12.55,13.18,12.51,13.04,0.5499999999999989,4.403522818254602,45190280.0
2202,2019-11-06,13.05,13.1,12.83,12.86,-0.1799999999999997,-1.3803680981595123,21971173.0
2202,2019-11-07,12.91,13.07,12.68,12.74,-0.1199999999999992,-0.9331259720062102,23439815.0
2202,2019-11-08,12.86,13.1,12.83,12.87,0.129999999999999,1.0204081632652962,18861360.0
2202,2019-11-11,12.7,12.8,12.46,12.52,-0.3499999999999996,-2.71950271950272,19711274.0
2202,2019-11-12,12.48,12.58,12.25,12.43,-0.0899999999999998,-0.7188498402555865,13449595.0
2202,2019-11-13,12.45,12.61,12.33,12.56,0.1300000000000007,1.045856798069189,13269816.0
2202,2019-11-14,12.53,12.62,12.4,12.48,-0.08,-0.6369426751592355,12999672.0
2202,2019-11-15,12.43,12.49,12.19,12.19,-0.2900000000000009,-2.3237179487179516,21655955.0
2202,2019-11-18,12.2,12.43,12.06,12.41,0.2200000000000006,1.8047579983593076,11978398.0
2202,2019-11-19,12.4,12.52,12.32,12.47,0.0600000000000005,0.483481063658342,14571757.0
2202,2019-11-20,12.46,12.47,11.96,12.0,-0.4700000000000006,-3.7690457097032897,33301180.0
2202,2019-11-21,12.08,12.17,11.91,12.07,0.0700000000000002,0.5833333333333357,11028553.0
2202,2019-11-22,12.15,12.38,12.07,12.1,0.0299999999999993,0.2485501242750487,16242668.0
2202,2019-11-25,12.04,12.15,11.69,12.11,0.0099999999999997,0.082644628099171,17305591.0
2202,2019-11-26,12.12,12.18,11.91,12.03,-0.08,-0.6606110652353392,13224792.0
2202,2019-11-27,12.03,12.09,11.85,11.87,-0.1600000000000001,-1.3300083125519555,13670118.0
2202,2019-11-28,11.76,11.76,11.36,11.57,-0.2999999999999989,-2.5273799494523908,29480605.0
2202,2019-11-29,11.57,11.76,11.54,11.59,0.0199999999999995,0.1728608470181525,14047323.0
2202,2019-12-02,11.64,11.7,11.45,11.54,-0.0500000000000007,-0.4314063848145033,14639760.0
2202,2019-12-03,11.5,11.54,11.32,11.48,-0.0599999999999987,-0.5199306759098632,19514775.0
2202,2019-12-04,11.45,11.5,11.33,11.45,-0.0300000000000011,-0.2613240418118612,12462421.0
2202,2019-12-05,11.45,11.67,11.45,11.56,0.1100000000000012,0.9606986899563408,20230200.0
2202,2019-12-06,11.64,11.64,11.46,11.61,0.0499999999999989,0.4325259515570945,15173492.0
2202,2019-12-09,11.62,11.97,11.57,11.88,0.2700000000000013,2.3255813953488413,27204028.0
2202,2019-12-10,11.8,11.81,11.62,11.73,-0.1500000000000003,-1.2626262626262652,25326821.0
2202,2019-12-11,11.72,11.73,11.59,11.62,-0.1100000000000012,-0.9377664109121996,12533599.0
2202,2019-12-12,11.61,11.68,11.51,11.65,0.0300000000000011,0.2581755593803914,13420503.0
2202,2019-12-13,11.7,11.94,11.69,11.91,0.2599999999999998,2.2317596566523656,29332417.0
2202,2019-12-16,11.98,12.01,11.79,11.94,0.0299999999999993,0.2518891687657287,23546188.0
2202,2019-12-17,11.98,12.26,11.91,12.14,0.200000000000001,1.675041876046901,25428122.0
2202,2019-12-18,12.15,12.16,11.92,11.94,-0.200000000000001,-1.6474464579901205,27700490.0
2202,2019-12-19,11.99,11.99,11.8,11.9,-0.0399999999999991,-0.335008375209378,18455851.0
2202,2019-12-20,11.93,12.04,11.87,11.89,-0.0099999999999997,-0.0840336134453778,15013278.0
2202,2019-12-23,11.8,11.94,11.69,11.69,-0.200000000000001,-1.6820857863751093,18873738.0
2202,2019-12-24,11.7,11.8,11.5,11.62,-0.0700000000000002,-0.5988023952095856,21150261.0
2202,2019-12-25,11.61,11.61,11.37,11.42,-0.1999999999999993,-1.721170395869187,29590609.0
2202,2019-12-26,11.42,11.49,11.38,11.45,0.0299999999999993,0.2626970227670666,22298966.0
2202,2019-12-27,11.5,11.67,11.42,11.53,0.08,0.6986899563318882,25043432.0
2202,2019-12-30,11.52,11.68,11.5,11.67,0.1400000000000005,1.2142237640936804,24654743.0
2202,2019-12-31,11.69,12.11,11.68,11.95,0.2799999999999993,2.3993144815766865,35677325.0
2202,2020-01-02,12.01,12.58,12.01,12.43,0.4800000000000004,4.016736401673637,59126411.0
2202,2020-01-03,12.54,12.72,12.42,12.56,0.1300000000000007,1.045856798069189,36288924.0
2202,2020-01-06,12.43,13.09,12.43,12.85,0.2899999999999991,2.3089171974522316,47606971.0
2202,2020-01-07,12.84,13.05,12.68,12.8,-0.0499999999999989,-0.3891050583657462,27729675.0
2202,2020-01-08,12.85,12.88,12.65,12.69,-0.1100000000000012,-0.8593750000000067,25513241.0
2202,2020-01-09,12.71,12.92,12.62,12.8,0.1100000000000012,0.8668242710796026,27776022.0
2202,2020-01-10,12.8,12.84,12.48,12.55,-0.25,-1.953125,23800936.0
2202,2020-01-13,12.53,12.68,12.48,12.62,0.0699999999999985,0.5577689243027706,23265649.0
2202,2020-01-14,12.69,12.85,12.52,12.53,-0.0899999999999998,-0.7131537242472286,22429583.0
2202,2020-01-15,12.53,12.64,12.35,12.44,-0.0899999999999998,-0.718276137270546,26924148.0
2202,2020-01-16,12.45,12.58,12.33,12.53,0.0899999999999998,0.7234726688102988,17515699.0
2202,2020-01-17,12.6,12.79,12.36,12.43,-0.0999999999999996,-0.7980845969672745,27900621.0
2202,2020-01-20,12.38,12.62,12.33,12.54,0.1099999999999994,0.8849557522123908,22928181.0
2202,2020-01-21,12.57,12.57,12.05,12.09,-0.4499999999999993,-3.5885167464114742,31802106.0
2202,2020-01-22,12.05,12.13,11.74,12.1,0.0099999999999997,0.082712985938782,25322927.0
2202,2020-01-23,11.95,12.04,11.67,11.77,-0.33,-2.727272727272722,26861797.0
2202,2020-02-03,10.59,10.77,10.59,10.59,-1.1799999999999995,-10.02548853016143,35834986.0
2202,2020-02-04,10.21,10.84,10.21,10.55,-0.0399999999999991,-0.3777148253068851,34188386.0
2202,2020-02-05,10.6,11.06,10.53,10.98,0.4299999999999997,4.0758293838862425,32142964.0
2202,2020-02-06,11.06,11.12,10.87,11.08,0.0999999999999996,0.9107468123861427,21707934.0
2202,2020-02-07,11.1,11.1,10.73,10.9,-0.1799999999999997,-1.6245487364620947,30624671.0
2202,2020-02-10,10.75,11.06,10.74,11.05,0.1500000000000003,1.3761467889908283,24068132.0
2202,2020-02-11,11.09,11.17,10.91,11.01,-0.0400000000000009,-0.3619909502262541,20800168.0
2202,2020-02-12,10.94,11.28,10.9,11.16,0.1500000000000003,1.3623978201634968,33456006.0
2202,2020-02-13,11.12,11.38,11.0,11.05,-0.1099999999999994,-0.9856630824372714,21345560.0
2202,2020-02-14,11.07,11.07,10.86,11.0,-0.0500000000000007,-0.4524886877828149,21498676.0
2202,2020-02-17,10.99,11.36,10.99,11.34,0.3399999999999998,3.0909090909090997,41694644.0
2202,2020-02-18,11.32,11.4,11.15,11.32,-0.0199999999999995,-0.1763668430335041,24795005.0
2202,2020-02-19,11.36,11.55,11.26,11.39,0.0700000000000002,0.6183745583038913,34566305.0
2202,2020-02-20,11.44,11.67,11.3,11.63,0.2400000000000002,2.1071115013169495,35749901.0
2202,2020-02-21,11.58,11.62,11.44,11.47,-0.1600000000000001,-1.3757523645743786,37431173.0
2202,2020-02-24,11.39,11.39,11.11,11.31,-0.1600000000000001,-1.3949433304272008,33730192.0
2202,2020-02-25,11.09,11.19,10.72,11.02,-0.2900000000000009,-2.564102564102577,44595335.0
2202,2020-02-26,10.89,11.15,10.76,10.98,-0.0399999999999991,-0.3629764065335661,45596750.0
2202,2020-02-27,10.98,11.08,10.89,10.99,0.0099999999999997,0.091074681238612,32241418.0
2202,2020-02-28,10.76,10.76,10.42,10.52,-0.4700000000000006,-4.276615104640591,46778990.0
2202,2020-03-02,10.53,10.99,10.53,10.95,0.4299999999999997,4.0874524714828775,31811549.0
2202,2020-03-03,11.09,11.25,10.75,10.82,-0.129999999999999,-1.1872146118721338,40105685.0
2202,2020-03-04,10.75,10.82,10.62,10.8,-0.0199999999999995,-0.1848428835489746,22445132.0
2202,2020-03-05,10.9,11.24,10.85,11.24,0.4399999999999995,4.074074074074074,52483590.0
2202,2020-03-06,11.08,11.15,10.92,10.96,-0.2799999999999993,-2.491103202846967,34281807.0
2202,2020-03-09,10.65,10.77,10.5,10.5,-0.4600000000000008,-4.197080291970812,45138459.0
2202,2020-03-10,10.34,10.63,10.24,10.63,0.1300000000000007,1.238095238095238,38763923.0
2202,2020-03-11,10.69,10.69,10.5,10.51,-0.120000000000001,-1.128880526810927,28140304.0
2202,2020-03-12,10.4,10.4,10.2,10.22,-0.2899999999999991,-2.7592768791626976,26416175.0
2202,2020-03-13,9.65,10.08,9.52,9.93,-0.2900000000000009,-2.837573385518599,35257727.0
2202,2020-03-16,9.97,10.02,9.49,9.54,-0.3900000000000005,-3.92749244712991,25628715.0
2202,2020-03-17,9.53,9.67,8.93,9.19,-0.3499999999999996,-3.668763102725358,31548276.0
2202,2020-03-18,9.26,9.47,9.15,9.23,0.0400000000000009,0.4352557127312417,27336317.0
2202,2020-03-19,9.19,9.25,8.92,9.18,-0.0500000000000007,-0.5417118093174467,28152313.0
2202,2020-03-20,9.19,9.53,9.16,9.45,0.2699999999999996,2.941176470588225,26760895.0
2202,2020-03-23,9.28,9.38,9.08,9.13,-0.3199999999999985,-3.3862433862433705,16705111.0
2202,2020-03-24,9.3,9.39,9.02,9.24,0.1099999999999994,1.2048192771084263,20365123.0
2202,2020-03-25,9.5,10.02,9.34,9.93,0.6899999999999995,7.467532467532467,45449486.0
2202,2020-03-26,9.82,9.94,9.66,9.69,-0.2400000000000002,-2.4169184290030232,19601413.0
2202,2020-03-27,9.82,9.89,9.7,9.73,0.0400000000000009,0.4127966976264385,16002526.0
2202,2020-03-30,9.63,9.63,9.44,9.53,-0.200000000000001,-2.0554984583761704,11550244.0
2202,2020-03-31,9.62,9.7,9.45,9.5,-0.0299999999999993,-0.314795383001043,9773550.0
2202,2020-04-01,9.7,9.79,9.48,9.49,-0.0099999999999997,-0.1052631578947305,19045242.0
2202,2020-04-02,9.54,9.58,9.38,9.53,0.0399999999999991,0.4214963119072656,17858518.0
2202,2020-04-03,9.54,9.65,9.5,9.55,0.0200000000000013,0.2098635886673694,13970630.0
2202,2020-04-07,9.75,9.92,9.72,9.9,0.3499999999999996,3.6649214659685736,25313792.0
2202,2020-04-08,9.95,10.23,9.9,10.1,0.1999999999999993,2.020202020202011,31886560.0
2202,2020-04-09,10.2,10.22,10.0,10.02,-0.08,-0.7920792079207928,18459979.0
2202,2020-04-10,10.05,10.11,9.8,9.86,-0.1600000000000001,-1.596806387225547,15442353.0
2202,2020-04-13,9.85,9.98,9.75,9.9,0.0400000000000009,0.405679513184598,9218813.0
2202,2020-04-14,9.94,10.13,9.84,10.12,0.2199999999999988,2.2222222222222143,21681432.0
2202,2020-04-15,10.12,10.13,9.94,9.97,-0.1499999999999985,-1.4822134387351693,15765123.0
2202,2020-04-16,9.92,10.03,9.83,10.02,0.0499999999999989,0.5015045135406071,14932642.0
2202,2020-04-17,10.05,10.13,9.93,9.97,-0.0499999999999989,-0.499001996007975,17508357.0
2202,2020-04-20,10.04,10.05,9.88,9.95,-0.0200000000000013,-0.2006018054162672,15071160.0
2202,2020-04-21,9.88,9.89,9.68,9.75,-0.1999999999999993,-2.010050251256279,17289147.0
2202,2020-04-22,9.69,9.94,9.66,9.93,0.1799999999999997,1.846153846153853,15011422.0
2202,2020-04-23,9.97,10.01,9.85,9.91,-0.0199999999999995,-0.2014098690835797,13920691.0
2202,2020-04-24,9.95,9.96,9.7,9.75,-0.1600000000000001,-1.6145307769929396,13395770.0
2202,2020-04-27,9.8,9.97,9.76,9.83,0.08,0.8205128205128309,12047355.0
2202,2020-04-28,9.85,9.89,9.41,9.73,-0.0999999999999996,-1.0172939979654072,17349717.0
2202,2020-04-29,9.89,9.89,9.55,9.59,-0.1400000000000005,-1.4388489208633115,21411181.0
2202,2020-04-30,9.69,10.05,9.64,9.98,0.3900000000000005,4.066736183524511,31366733.0
2202,2020-05-06,9.96,10.45,9.89,10.34,0.3599999999999994,3.607214428857719,53595275.0
2202,2020-05-07,10.41,10.5,10.22,10.29,-0.0500000000000007,-0.4835589941972973,29012681.0
2202,2020-05-08,10.31,10.38,10.24,10.34,0.0500000000000007,0.4859086491739717,22944185.0
2202,2020-05-11,10.38,10.48,10.24,10.3,-0.0399999999999991,-0.3868471953578201,22785594.0
2202,2020-05-12,10.31,10.34,10.1,10.22,-0.08,-0.7766990291262155,25022688.0
2202,2020-05-13,10.17,10.34,10.08,10.28,0.0599999999999987,0.5870841487279677,25888643.0
2202,2020-05-14,10.29,10.31,10.0,10.04,-0.2400000000000002,-2.3346303501945553,23449387.0
2202,2020-05-15,10.09,10.13,9.83,9.84,-0.1999999999999993,-1.9920318725099584,28220787.0
2202,2020-05-18,9.99,10.33,9.95,10.0,0.1600000000000001,1.6260162601626105,41929514.0
2202,2020-05-19,10.2,10.23,9.98,10.1,0.0999999999999996,1.0000000000000009,25996606.0
2202,2020-05-20,10.02,10.06,9.9,9.95,-0.1500000000000003,-1.4851485148514865,20982421.0
2202,2020-05-21,9.98,9.99,9.77,9.85,-0.0999999999999996,-1.005025125628134,26353590.0
2202,2020-05-22,9.86,9.86,9.61,9.66,-0.1899999999999995,-1.9289340101522832,18824598.0
2202,2020-05-25,9.66,9.77,9.59,9.69,0.0299999999999993,0.3105590062111751,10267731.0
2202,2020-05-26,9.7,9.77,9.69,9.74,0.0500000000000007,0.5159958720330371,13591679.0
2202,2020-05-27,9.74,9.76,9.48,9.51,-0.2300000000000004,-2.361396303901442,21503877.0
2202,2020-05-28,9.56,9.62,9.35,9.41,-0.0999999999999996,-1.051524710830698,17116841.0
2202,2020-05-29,9.4,9.49,9.35,9.48,0.0700000000000002,0.7438894792773709,16813259.0
2202,2020-06-01,9.48,9.69,9.48,9.66,0.1799999999999997,1.8987341772151776,25590811.0
2202,2020-06-02,9.65,9.74,9.63,9.72,0.0600000000000005,0.6211180124223725,21158002.0
2202,2020-06-03,9.74,9.78,9.6,9.61,-0.1100000000000012,-1.1316872427983626,30194464.0
2202,2020-06-04,9.66,9.69,9.53,9.6,-0.0099999999999997,-0.1040582726326677,21233338.0
2202,2020-06-05,9.74,9.98,9.67,9.74,0.1400000000000005,1.4583333333333393,40201656.0
2202,2020-06-08,9.78,10.25,9.76,10.14,0.4000000000000003,4.106776180698146,60574591.0
2202,2020-06-09,10.15,10.2,9.98,10.05,-0.0899999999999998,-0.8875739644970349,39384807.0
2202,2020-06-10,10.06,10.1,9.85,10.09,0.0399999999999991,0.3980099502487455,41572307.0
2202,2020-06-11,10.04,10.14,9.95,10.1,0.0099999999999997,0.0991080277502387,38479550.0
2202,2020-06-12,9.91,10.41,9.88,10.37,0.2699999999999996,2.6732673267326756,70706113.0
2202,2020-06-15,10.27,10.46,10.18,10.37,0.0,0.0,41982310.0
2202,2020-06-16,10.42,10.5,10.22,10.3,-0.0699999999999985,-0.675024108003841,33977714.0
2202,2020-06-17,10.3,10.32,10.1,10.18,-0.120000000000001,-1.1650485436893288,26770398.0
2202,2020-06-18,10.18,10.25,10.08,10.18,0.0,0.0,19235164.0
2202,2020-06-19,10.16,10.2,10.1,10.12,-0.0600000000000005,-0.5893909626719096,23962866.0
2202,2020-06-22,10.11,10.19,10.03,10.11,-0.0099999999999997,-0.0988142292490112,25576583.0
2202,2020-06-23,10.13,10.14,9.94,9.99,-0.1199999999999992,-1.186943620178038,25128278.0
2202,2020-06-24,10.0,10.1,9.95,9.98,-0.0099999999999997,-0.1001001001000978,23820823.0
2202,2020-06-29,9.95,10.15,9.87,9.98,0.0,0.0,29756121.0
2202,2020-06-30,10.0,10.09,9.92,9.97,-0.0099999999999997,-0.1002004008015977,30874912.0
2202,2020-07-01,9.97,10.02,9.92,10.01,0.0399999999999991,0.4012036108324901,34987013.0
2202,2020-07-02,10.02,10.33,10.01,10.21,0.200000000000001,1.9980019980020192,71852843.0
2202,2020-07-03,10.26,10.41,10.16,10.31,0.0999999999999996,0.9794319294808896,56715935.0
2202,2020-07-06,10.41,10.9,10.4,10.86,0.5499999999999989,5.334626576139656,89621269.0
2202,2020-07-07,10.96,11.12,10.67,10.89,0.0300000000000011,0.2762430939226679,86294950.0
2202,2020-07-08,10.88,11.07,10.71,11.0,0.1099999999999994,1.0101010101009944,74401062.0
2202,2020-07-09,11.03,11.46,10.98,11.46,0.4600000000000008,4.181818181818198,104872744.0
2202,2020-07-10,11.39,11.4,11.12,11.12,-0.3400000000000016,-2.9668411867364908,79981992.0
2202,2020-07-13,11.15,11.54,11.09,11.46,0.3400000000000016,3.0575539568345578,74777737.0
2202,2020-07-14,11.46,11.46,11.02,11.26,-0.200000000000001,-1.7452006980802848,77346199.0
2202,2020-07-15,11.25,11.25,10.68,10.74,-0.5199999999999996,-4.618117229129659,82030789.0
2202,2020-07-16,10.7,10.9,10.34,10.37,-0.370000000000001,-3.445065176908757,58679123.0
2202,2020-07-17,10.4,10.51,10.28,10.43,0.0600000000000005,0.5785920925747368,41077133.0
2202,2020-07-20,10.48,11.03,10.48,11.03,0.5999999999999996,5.752636625119845,60416332.0
2202,2020-07-21,11.05,11.07,10.78,10.94,-0.0899999999999998,-0.8159564823209453,37552306.0
2202,2020-07-22,10.9,11.12,10.8,11.05,0.1100000000000012,1.0054844606947055,47768977.0
2202,2020-07-23,10.95,11.43,10.86,11.41,0.3599999999999994,3.2579185520361875,101386403.0
2202,2020-07-24,11.3,11.35,10.76,10.93,-0.4800000000000004,-4.206836108676604,63085549.0
2202,2020-07-27,10.94,11.0,10.46,10.61,-0.3200000000000003,-2.9277218664226945,59624137.0
2202,2020-07-28,10.68,10.68,10.44,10.56,-0.0499999999999989,-0.4712535344014945,46036280.0
2202,2020-07-29,10.52,10.84,10.37,10.77,0.209999999999999,1.9886363636363535,59738035.0
2202,2020-07-30,10.79,11.85,10.55,11.85,1.08,10.027855153203348,176706062.0
2202,2020-07-31,12.3,13.04,12.3,13.0,1.1500000000000004,9.704641350210965,323212977.0
2202,2020-08-03,12.75,13.65,12.66,13.11,0.1099999999999994,0.846153846153852,259196306.0
2202,2020-08-04,13.0,13.07,12.5,12.78,-0.33,-2.517162471395884,167663236.0
2202,2020-08-05,12.74,12.83,12.5,12.79,0.0099999999999997,0.0782472613458429,105530356.0
2202,2020-08-06,12.81,12.81,12.08,12.35,-0.4399999999999995,-3.4401876465989023,124263050.0
2202,2020-08-07,12.23,12.48,11.95,12.27,-0.08,-0.6477732793522262,81326126.0
2202,2020-08-10,12.1,12.28,12.01,12.18,-0.0899999999999998,-0.7334963325183352,63245004.0
2202,2020-08-11,12.19,12.44,11.95,11.99,-0.1899999999999995,-1.5599343185550008,78052238.0
2202,2020-08-12,11.85,11.97,11.62,11.73,-0.2599999999999998,-2.1684737281067568,83893803.0
2202,2020-08-13,11.76,12.12,11.71,11.82,0.0899999999999998,0.7672634271099765,58699731.0
2202,2020-08-14,11.78,11.8,11.38,11.71,-0.1099999999999994,-0.9306260575296044,58648585.0
2202,2020-08-17,11.75,12.1,11.65,12.04,0.3299999999999983,2.818104184457715,70906326.0
2202,2020-08-18,12.05,12.12,11.84,11.91,-0.129999999999999,-1.0797342192690906,53502223.0
2202,2020-08-19,11.91,11.92,11.51,11.57,-0.3399999999999998,-2.8547439126784258,56529103.0
2202,2020-08-20,11.48,11.67,11.38,11.43,-0.1400000000000005,-1.2100259291270563,40632687.0
2202,2020-08-21,11.55,11.63,11.28,11.33,-0.0999999999999996,-0.8748906386701671,37889838.0
2202,2020-08-24,11.33,11.46,11.24,11.42,0.0899999999999998,0.7943512797881747,32636595.0
2202,2020-08-25,11.42,11.61,11.3,11.33,-0.0899999999999998,-0.7880910683012221,35183621.0
2202,2020-08-26,11.32,11.33,11.01,11.03,-0.3000000000000007,-2.647837599293912,38127904.0
2202,2020-08-27,11.09,11.15,10.95,11.08,0.0500000000000007,0.4533091568449832,29880300.0
2202,2020-08-28,11.1,11.53,11.06,11.53,0.4499999999999993,4.061371841155226,54131620.0
2202,2020-08-31,11.15,11.19,10.58,10.92,-0.6099999999999994,-5.290546400693841,108399158.0
2202,2020-09-01,10.8,10.87,10.42,10.55,-0.3699999999999992,-3.388278388278376,97100462.0
2202,2020-09-02,10.57,10.6,10.3,10.45,-0.1000000000000014,-0.9478672985782088,66439459.0
2202,2020-09-03,10.46,10.47,10.21,10.26,-0.1899999999999995,-1.8181818181818188,51974773.0
2202,2020-09-04,10.1,10.26,10.05,10.25,-0.0099999999999997,-0.0974658869395739,37689589.0
2202,2020-09-07,10.25,10.34,10.1,10.15,-0.0999999999999996,-0.9756097560975618,42001983.0
2202,2020-09-08,10.18,10.35,10.07,10.35,0.1999999999999993,1.970443349753692,39307204.0
2202,2020-09-09,10.25,10.3,10.09,10.14,-0.209999999999999,-2.0289855072463725,36939032.0
2202,2020-09-10,10.2,10.24,9.86,9.88,-0.2599999999999998,-2.564102564102566,44730366.0
2202,2020-09-11,9.82,10.5,9.81,10.4,0.5199999999999996,5.263157894736836,72126240.0
2202,2020-09-14,10.4,10.75,10.36,10.5,0.0999999999999996,0.961538461538458,78405779.0
2202,2020-09-15,10.5,10.5,10.32,10.44,-0.0600000000000005,-0.5714285714285783,30851400.0
2202,2020-09-16,10.41,10.51,10.27,10.33,-0.1099999999999994,-1.0536398467432928,26053201.0
2202,2020-09-17,10.35,10.48,10.21,10.28,-0.0500000000000007,-0.4840271055179146,34367627.0
2202,2020-09-18,10.26,10.37,10.15,10.34,0.0600000000000005,0.5836575875486361,33544011.0
2202,2020-09-21,10.4,10.44,10.23,10.25,-0.0899999999999998,-0.8704061895551285,27928477.0
2202,2020-09-22,10.15,10.17,9.98,10.0,-0.25,-2.4390243902439046,39409403.0
2202,2020-09-23,10.03,10.15,9.97,10.1,0.0999999999999996,1.0000000000000009,26960246.0
2202,2020-09-24,10.01,10.05,9.9,9.91,-0.1899999999999995,-1.881188118811872,25817076.0
2202,2020-09-25,9.95,9.98,9.86,9.91,0.0,0.0,15737315.0
2202,2020-09-28,9.95,10.07,9.91,9.95,0.0399999999999991,0.4036326942482349,20179750.0
2202,2020-09-29,10.03,10.07,9.95,9.99,0.0400000000000009,0.4020100502512669,22165754.0
2202,2020-09-30,10.04,10.39,9.97,10.23,0.2400000000000002,2.402402402402415,47048844.0
2202,2020-10-09,10.85,10.95,10.6,10.62,0.3899999999999988,3.8123167155425186,92331274.0
2202,2020-10-12,10.75,10.91,10.67,10.75,0.1300000000000007,1.2241054613935989,74759061.0
2202,2020-10-13,10.75,11.09,10.58,10.91,0.1600000000000001,1.4883720930232602,60127761.0
2202,2020-10-14,11.2,12.0,11.05,12.0,1.09,9.990834097158574,154841668.0
2202,2020-10-15,12.66,12.94,12.32,12.46,0.4600000000000008,3.833333333333333,330330350.0
2202,2020-10-16,12.4,12.5,11.57,11.63,-0.8300000000000001,-6.66131621187801,208345216.0
2202,2020-10-19,11.64,11.72,11.23,11.27,-0.3600000000000012,-3.09544282029236,117294001.0
2202,2020-10-20,11.29,11.38,11.13,11.35,0.08,0.709849157054121,80684265.0
2202,2020-10-21,11.32,11.33,10.82,10.88,-0.4699999999999988,-4.140969162995589,105543657.0
2202,2020-10-22,10.77,10.97,10.73,10.87,-0.0100000000000015,-0.0919117647058986,58422930.0
2202,2020-10-23,10.83,11.5,10.83,11.18,0.3100000000000005,2.8518859245630246,107832357.0
2202,2020-10-26,11.15,11.57,10.82,11.47,0.2900000000000009,2.5939177101967914,90328459.0
2202,2020-10-27,11.25,11.31,10.95,11.13,-0.3399999999999998,-2.964254577157799,59627563.0
2202,2020-10-28,11.15,11.19,10.61,10.88,-0.25,-2.246181491464505,73514965.0
2202,2020-10-29,10.96,11.97,10.96,11.97,1.09,10.018382352941169,166554415.0
2202,2020-10-30,12.07,12.07,11.43,11.58,-0.3900000000000005,-3.2581453634085267,140712999.0
2202,2020-11-02,11.74,11.84,11.42,11.71,0.1300000000000007,1.1226252158894612,111244086.0
2202,2020-11-03,11.71,11.95,11.61,11.79,0.0799999999999983,0.6831767719897464,93073460.0
2202,2020-11-04,11.78,12.06,11.68,11.85,0.0600000000000005,0.5089058524172962,80552337.0
2202,2020-11-05,12.06,12.25,11.68,11.98,0.1300000000000007,1.097046413502123,103398453.0
2202,2020-11-06,12.15,12.19,11.48,11.59,-0.3900000000000005,-3.255425709515869,93481774.0
2202,2020-11-09,11.79,12.4,11.74,12.13,0.5400000000000009,4.659188955996552,118518432.0
2202,2020-11-10,12.22,12.42,12.0,12.28,0.1499999999999985,1.236603462489683,109681955.0
2202,2020-11-11,12.49,12.52,12.02,12.07,-0.209999999999999,-1.7100977198696965,76583462.0
2202,2020-11-12,12.04,12.1,11.64,11.78,-0.2900000000000009,-2.402651201325612,68821493.0
2202,2020-11-13,11.67,11.81,11.48,11.74,-0.0399999999999991,-0.3395585738539819,46562094.0
2202,2020-11-16,11.75,11.86,11.51,11.76,0.0199999999999995,0.1703577512776721,47408601.0
2202,2020-11-17,11.76,11.76,11.28,11.39,-0.3699999999999992,-3.1462585034013557,61098197.0
2202,2020-11-18,11.39,12.22,11.32,12.06,0.6699999999999999,5.882352941176472,113861295.0
2202,2020-11-19,11.98,12.33,11.94,12.19,0.129999999999999,1.0779436152570376,89751856.0
2202,2020-11-20,12.33,12.36,12.02,12.26,0.0700000000000002,0.5742411812961423,63144266.0
2202,2020-11-23,12.26,12.72,12.1,12.67,0.4100000000000001,3.344208809135396,112628144.0
2202,2020-11-24,12.75,12.84,12.47,12.78,0.1099999999999994,0.8681925808997626,82454795.0
2202,2020-11-25,12.87,13.28,12.59,12.64,-0.1399999999999988,-1.095461658841934,119355593.0
2202,2020-11-26,12.8,13.03,12.62,12.84,0.1999999999999993,1.5822784810126445,64388315.0
2202,2020-11-27,12.84,12.84,12.38,12.57,-0.2699999999999996,-2.102803738317749,67436807.0
2202,2020-11-30,12.65,12.84,12.43,12.51,-0.0600000000000005,-0.4773269689737458,57881850.0
2202,2020-12-01,12.4,13.01,12.3,12.92,0.4100000000000001,3.277378097521977,74138699.0
2202,2020-12-02,12.92,12.98,12.58,12.66,-0.2599999999999998,-2.0123839009287936,54185961.0
2202,2020-12-03,12.68,12.68,12.21,12.35,-0.3100000000000005,-2.448657187993686,54031998.0
2202,2020-12-04,12.37,12.47,12.17,12.41,0.0600000000000005,0.4858299595141835,37773409.0
2202,2020-12-07,12.41,12.55,12.31,12.4,-0.0099999999999997,-0.0805801772763903,37923680.0
2202,2020-12-08,12.39,12.77,12.26,12.51,0.1099999999999994,0.8870967741935409,47127111.0
2202,2020-12-09,12.5,12.53,11.75,11.77,-0.7400000000000002,-5.915267785771383,77019092.0
2202,2020-12-10,11.73,12.23,11.55,11.99,0.2200000000000006,1.869158878504673,56961270.0
2202,2020-12-11,12.0,12.09,11.45,11.7,-0.2900000000000009,-2.4186822351960013,54002095.0
2202,2020-12-14,11.97,12.43,11.95,12.21,0.5100000000000016,4.358974358974366,67349219.0
2202,2020-12-15,12.22,12.72,12.1,12.58,0.3699999999999992,3.0303030303030276,72660857.0
2202,2020-12-16,12.8,13.17,12.62,12.68,0.0999999999999996,0.7949125596184325,112552354.0
2202,2020-12-17,12.77,12.89,12.4,12.81,0.1300000000000007,1.0252365930599527,77248176.0
2202,2020-12-18,13.0,13.21,12.9,13.1,0.2899999999999991,2.2638563622170205,99472758.0
2202,2020-12-21,13.25,13.72,13.04,13.71,0.6100000000000012,4.656488549618332,135268023.0
2202,2020-12-22,13.56,13.56,12.75,12.85,-0.8600000000000012,-6.272793581327507,127942403.0
2202,2020-12-23,13.1,14.14,13.0,13.88,1.0300000000000011,8.015564202334646,249152371.0
2202,2020-12-24,13.85,14.29,13.58,14.22,0.3399999999999998,2.449567723342949,146664335.0
2202,2020-12-25,14.0,14.52,13.88,14.33,0.1099999999999994,0.7735583684950642,107873642.0
2202,2020-12-28,14.39,14.77,14.03,14.2,-0.1300000000000007,-0.9071877180739762,111784124.0
2202,2020-12-29,14.32,14.38,13.52,13.85,-0.3499999999999996,-2.464788732394363,103136942.0
2202,2020-12-30,13.86,14.54,13.74,14.03,0.1799999999999997,1.2996389891696714,113657436.0
2202,2020-12-31,14.28,14.44,14.09,14.25,0.2200000000000006,1.5680684248039922,88471614.0
2202,2021-01-04,14.19,15.62,14.01,15.3,1.0500000000000007,7.36842105263158,157458688.0
2202,2021-01-05,15.2,15.64,14.99,15.13,-0.1699999999999999,-1.1111111111111072,122803982.0
2202,2021-01-06,15.19,15.92,14.95,15.71,0.5800000000000001,3.8334434897554504,133514760.0
2202,2021-01-07,15.86,16.68,15.68,16.39,0.6799999999999997,4.3284532145130505,147795984.0
2202,2021-01-08,16.66,16.8,15.74,16.23,-0.1600000000000001,-0.9762050030506452,130399320.0
2202,2021-01-11,16.7,16.7,15.13,15.22,-1.0099999999999998,-6.223043746149104,165228962.0
2202,2021-01-12,15.5,15.86,15.33,15.84,0.6199999999999992,4.073587385019706,118189760.0
2202,2021-01-13,15.89,16.49,15.61,15.8,-0.0399999999999991,-0.2525252525252486,110542190.0
2202,2021-01-14,15.62,15.7,14.77,14.81,-0.9900000000000002,-6.265822784810126,133651368.0
2202,2021-01-15,14.7,14.97,14.25,14.66,-0.1500000000000003,-1.0128291694800784,92469443.0
2202,2021-01-18,14.6,15.05,14.51,14.84,0.1799999999999997,1.2278308321964415,84469216.0
2202,2021-01-19,14.88,15.09,14.2,14.35,-0.4900000000000002,-3.301886792452835,81890884.0
2202,2021-01-20,14.45,15.25,14.45,15.1,0.75,5.226480836236935,114429606.0
2202,2021-01-21,15.23,15.69,15.04,15.35,0.25,1.655629139072845,104799752.0
2202,2021-01-22,15.52,16.82,15.47,16.82,1.4700000000000006,9.576547231270371,160740020.0
2202,2021-01-25,16.82,17.91,16.71,16.94,0.120000000000001,0.7134363852556502,187741418.0
2202,2021-01-26,16.81,17.23,16.34,16.68,-0.2600000000000015,-1.534828807556088,123530851.0
2202,2021-01-27,16.68,16.68,15.62,16.13,-0.5500000000000007,-3.2973621103117523,142423476.0
2202,2021-01-28,15.8,15.93,14.9,14.99,-1.1399999999999988,-7.067575945443272,141483986.0
2202,2021-01-29,15.25,15.34,14.1,14.49,-0.5,-3.3355570380253496,136004316.0
2202,2021-02-01,14.35,14.65,13.98,14.35,-0.1400000000000005,-0.9661835748792312,108985989.0
2202,2021-02-02,14.59,14.93,14.38,14.76,0.4100000000000001,2.857142857142869,116874653.0
2202,2021-02-03,14.85,15.1,14.18,14.23,-0.5299999999999994,-3.590785907859073,117701767.0
2202,2021-02-04,14.27,14.85,14.14,14.37,0.1399999999999988,0.9838369641602228,103585810.0
2202,2021-02-05,14.61,14.69,13.57,13.6,-0.7699999999999996,-5.358385525400133,127445682.0
2202,2021-02-08,13.6,14.32,13.45,14.29,0.6899999999999995,5.07352941176471,90903638.0
2202,2021-02-09,14.35,15.03,14.26,14.97,0.6800000000000015,4.758572428271535,90959119.0
2202,2021-02-10,15.08,15.47,14.98,15.17,0.1999999999999993,1.3360053440213626,101037301.0
2202,2021-02-18,16.06,16.17,15.3,15.5,0.33,2.175346077785112,111933953.0
2202,2021-02-19,15.35,15.55,15.0,15.54,0.0399999999999991,0.2580645161290196,85017020.0
2202,2021-02-22,15.4,15.76,14.93,15.76,0.2200000000000006,1.4157014157014205,112151565.0
2202,2021-02-23,15.9,16.49,15.51,16.44,0.6800000000000015,4.31472081218276,176896925.0
2202,2021-02-24,16.08,16.22,15.3,15.46,-0.9800000000000004,-5.961070559610704,125379955.0
2202,2021-02-25,15.6,15.66,14.7,14.74,-0.7200000000000006,-4.6571798188874585,94817082.0
2202,2021-02-26,14.34,15.36,14.22,15.15,0.4100000000000001,2.7815468113975506,86345943.0
2202,2021-03-01,15.2,15.37,14.92,15.36,0.209999999999999,1.3861386138613874,66233264.0
2202,2021-03-02,15.6,16.35,15.24,16.12,0.7600000000000016,4.947916666666674,128976632.0
2202,2021-03-03,15.4,15.54,14.88,15.42,-0.7000000000000011,-4.342431761786603,139799501.0
2202,2021-03-04,15.13,15.21,14.46,14.49,-0.9299999999999996,-6.0311284046692615,106541928.0
2202,2021-03-05,13.9,14.4,13.82,14.0,-0.4900000000000002,-3.3816425120772986,84706722.0
2202,2021-03-08,14.05,14.23,13.07,13.18,-0.8200000000000003,-5.857142857142861,112736650.0
2202,2021-03-09,13.16,13.79,12.7,13.23,0.0500000000000007,0.3793626707132125,84128055.0
2202,2021-03-10,13.45,13.5,12.97,13.0,-0.2300000000000004,-1.7384731670445963,52661747.0
2202,2021-03-11,13.09,13.48,13.02,13.33,0.33,2.538461538461534,58168965.0
2202,2021-03-12,13.8,13.86,13.37,13.66,0.33,2.4756189047261845,73379266.0
2202,2021-03-15,13.59,13.82,13.37,13.61,-0.0500000000000007,-0.3660322108345548,55463762.0
2202,2021-03-16,13.62,13.85,13.48,13.71,0.1000000000000014,0.7347538574577595,47184249.0
2202,2021-03-17,13.61,13.78,13.23,13.53,-0.1800000000000015,-1.3129102844639085,44305501.0
2202,2021-03-18,13.5,13.6,13.35,13.58,0.0500000000000007,0.3695491500369519,42540723.0
2202,2021-03-19,13.3,14.08,13.23,13.61,0.0299999999999993,0.2209131075110448,75386776.0
2202,2021-03-22,13.58,14.35,13.51,14.23,0.620000000000001,4.555473916238073,100802986.0
2202,2021-03-23,14.14,14.16,13.5,13.66,-0.5700000000000003,-4.005621925509484,80940060.0
2202,2021-03-24,13.55,13.95,13.45,13.56,-0.0999999999999996,-0.7320644216691097,47656725.0
2202,2021-03-25,13.45,13.45,13.01,13.31,-0.25,-1.8436578171091456,48296516.0
2202,2021-03-26,13.45,14.64,13.44,14.64,1.33,9.99248685199099,168536977.0
2202,2021-03-29,14.91,15.33,14.6,14.77,0.129999999999999,0.8879781420765065,194134569.0
2202,2021-03-30,14.72,14.77,13.98,14.28,-0.4900000000000002,-3.3175355450236976,132719109.0
2202,2021-03-31,14.19,14.3,14.03,14.17,-0.1099999999999994,-0.770308123249297,76319091.0
2202,2021-04-01,14.19,14.33,14.07,14.2,0.0299999999999993,0.2117148906139787,65934812.0
2202,2021-04-02,14.2,14.2,13.84,13.99,-0.209999999999999,-1.4788732394366175,63879712.0
2202,2021-04-06,14.03,14.29,13.95,14.12,0.129999999999999,0.929235167977116,51910016.0
2202,2021-04-07,14.13,14.22,13.85,14.05,-0.0699999999999985,-0.4957507082152923,55440476.0
2202,2021-04-08,13.94,13.95,13.68,13.86,-0.1900000000000012,-1.3523131672598,50635373.0
2202,2021-04-09,13.77,13.79,13.49,13.59,-0.2699999999999996,-1.9480519480519431,51121287.0
2202,2021-04-12,13.52,13.59,12.98,13.07,-0.5199999999999996,-3.8263428991905823,65325728.0
2202,2021-04-13,13.1,13.22,12.89,13.06,-0.0099999999999997,-0.0765110941086444,35456987.0
2202,2021-04-14,13.09,13.27,13.02,13.1,0.0399999999999991,0.3062787136294043,36845813.0
2202,2021-04-15,13.0,13.1,12.79,13.03,-0.0700000000000002,-0.5343511450381699,37348768.0
2202,2021-04-16,12.99,13.16,12.95,13.15,0.120000000000001,0.920951650038382,32875985.0
2202,2021-04-19,13.19,13.53,13.16,13.46,0.3100000000000005,2.357414448669215,57955828.0
2202,2021-04-20,13.44,13.53,13.28,13.4,-0.0600000000000005,-0.4457652303120341,42601861.0
2202,2021-04-21,13.29,13.37,13.08,13.13,-0.2699999999999996,-2.014925373134324,34642337.0
2202,2021-04-22,13.2,13.29,13.1,13.14,0.0099999999999997,0.0761614623000728,28249903.0
2202,2021-04-23,13.17,13.47,13.06,13.28,0.1399999999999988,1.0654490106544845,42678444.0
2202,2021-04-26,13.34,13.39,13.0,13.1,-0.1799999999999997,-1.3554216867469826,50561991.0
2202,2021-04-27,13.1,13.1,12.21,12.25,-0.8499999999999996,-6.488549618320604,99245923.0
2202,2021-04-28,12.41,12.43,12.21,12.33,0.08,0.6530612244898037,39113768.0
2202,2021-04-29,12.28,12.41,12.15,12.34,0.0099999999999997,0.0811030008110336,28265249.0
2202,2021-04-30,12.37,12.48,12.15,12.19,-0.1500000000000003,-1.2155591572123203,43780516.0
2202,2021-05-06,12.01,12.26,11.95,12.13,-0.0599999999999987,-0.4922067268252617,31855554.0
2202,2021-05-07,12.14,12.35,12.02,12.19,0.0599999999999987,0.4946413849958642,37701906.0
2202,2021-05-10,12.23,12.49,12.12,12.32,0.1300000000000007,1.0664479081214262,37277123.0
2202,2021-05-11,12.17,12.24,12.06,12.22,-0.0999999999999996,-0.8116883116883078,30558868.0
2202,2021-05-12,12.16,12.16,11.77,11.84,-0.3800000000000008,-3.109656301145669,64247677.0
2202,2021-05-13,11.69,11.77,11.35,11.36,-0.4800000000000004,-4.054054054054057,71497688.0
2202,2021-05-14,11.37,11.7,11.3,11.66,0.3000000000000007,2.6408450704225483,49304642.0
2202,2021-05-17,11.66,11.87,11.58,11.78,0.1199999999999992,1.0291595197255532,44333216.0
2202,2021-05-18,11.71,11.76,11.51,11.69,-0.0899999999999998,-0.7640067911714787,36100850.0
2202,2021-05-19,11.77,11.83,11.66,11.79,0.0999999999999996,0.8554319931565413,32167744.0
2202,2021-05-20,11.98,12.08,11.82,11.89,0.1000000000000014,0.8481764206955233,48589708.0
2202,2021-05-21,11.98,12.14,11.75,11.78,-0.1100000000000012,-0.925147182506314,44089483.0
2202,2021-05-24,11.85,11.88,11.61,11.85,0.0700000000000002,0.5942275042444933,31712900.0
2202,2021-05-25,11.84,12.05,11.67,12.0,0.1500000000000003,1.265822784810133,49580233.0
2202,2021-05-26,11.98,12.03,11.88,11.94,-0.0600000000000005,-0.5000000000000004,33328815.0
2202,2021-05-27,11.95,12.67,11.91,12.4,0.4600000000000008,3.8525963149078857,96745992.0
2202,2021-05-28,12.2,12.31,12.06,12.13,-0.2699999999999996,-2.1774193548387055,66982133.0
2202,2021-05-31,12.18,12.27,12.09,12.22,0.0899999999999998,0.7419620774938185,44379612.0
2202,2021-06-01,12.18,12.18,11.96,12.07,-0.1500000000000003,-1.227495908346976,42804101.0
2202,2021-06-02,12.08,12.31,12.05,12.09,0.0199999999999995,0.1657000828500399,44389927.0
2202,2021-06-03,12.0,12.05,11.71,11.71,-0.379999999999999,-3.143093465674107,53333902.0
2202,2021-06-04,11.68,11.86,11.56,11.74,0.0299999999999993,0.2561912894961438,33072432.0
2202,2021-06-07,11.76,11.87,11.7,11.75,0.0099999999999997,0.085178875638836,25949462.0
2202,2021-06-08,11.77,11.92,11.72,11.84,0.0899999999999998,0.7659574468085184,28147913.0
2202,2021-06-09,11.84,11.97,11.76,11.92,0.08,0.6756756756756799,30154149.0
2202,2021-06-10,11.9,12.24,11.88,12.12,0.1999999999999993,1.6778523489932915,59213462.0
2202,2021-06-11,12.1,12.1,11.82,11.9,-0.2199999999999988,-1.8151815181518096,46053202.0
2202,2021-06-15,11.89,12.13,11.69,11.72,-0.1799999999999997,-1.5126050420168011,42219059.0
2202,2021-06-16,11.7,11.75,11.46,11.49,-0.2300000000000004,-1.9624573378839605,33999901.0
2202,2021-06-17,11.48,11.64,11.42,11.52,0.0299999999999993,0.2610966057441155,22592308.0
2202,2021-06-18,11.5,11.57,11.44,11.48,-0.0399999999999991,-0.3472222222222099,26030167.0
2202,2021-06-21,11.66,12.14,11.56,11.96,0.4800000000000004,4.181184668989557,65491296.0
2202,2021-06-22,11.99,12.12,11.79,11.96,0.0,0.0,48778292.0
2202,2021-06-23,12.01,12.26,12.01,12.06,0.0999999999999996,0.836120401337781,54210518.0
2202,2021-06-24,12.06,12.53,12.05,12.38,0.3200000000000003,2.6533996683250516,94014862.0
2202,2021-06-25,12.37,12.57,12.19,12.37,-0.0100000000000015,-0.0807754442649577,63015711.0
2202,2021-06-28,12.36,12.45,12.06,12.18,-0.1899999999999995,-1.5359741309620034,53979673.0
2202,2021-06-29,12.18,12.47,12.15,12.23,0.0500000000000007,0.4105090311987025,45540984.0
2202,2021-06-30,12.24,12.35,12.06,12.16,-0.0700000000000002,-0.5723630417007408,35381219.0
2202,2021-07-01,12.18,12.19,11.72,11.73,-0.4299999999999997,-3.5361842105263164,45985073.0
2202,2021-07-02,11.71,11.94,11.65,11.69,-0.0400000000000009,-0.3410059676044463,41158043.0
2202,2021-07-05,11.64,11.86,11.53,11.69,0.0,0.0,36239028.0
2202,2021-07-06,11.69,11.94,11.63,11.87,0.1799999999999997,1.5397775876817787,35740265.0
2202,2021-07-07,11.86,12.16,11.72,12.06,0.1900000000000012,1.6006739679865325,55601462.0
2202,2021-07-08,12.07,12.48,12.02,12.28,0.2199999999999988,1.8242122719734464,79761708.0
2202,2021-07-09,12.28,12.34,12.13,12.32,0.0400000000000009,0.3257328990228014,55195178.0
2202,2021-07-12,12.42,12.56,12.28,12.29,-0.0300000000000011,-0.2435064935065067,75445974.0
2202,2021-07-13,12.38,12.97,12.26,12.97,0.6800000000000015,5.53295362082995,137036322.0
2202,2021-07-14,13.05,13.22,12.6,12.63,-0.3399999999999998,-2.6214340786430257,110674197.0
2202,2021-07-15,12.55,12.8,12.23,12.53,-0.1000000000000014,-0.7917656373713444,77838455.0
2202,2021-07-16,12.41,12.92,12.38,12.8,0.2700000000000013,2.154828411811671,93814317.0
2202,2021-07-19,12.9,13.0,12.55,12.61,-0.1900000000000012,-1.4843750000000044,66801792.0
2202,2021-07-20,12.48,12.52,12.29,12.44,-0.1699999999999999,-1.3481363996827866,51760461.0
2202,2021-07-21,12.44,12.72,12.37,12.63,0.1900000000000012,1.5273311897106234,64464859.0
2202,2021-07-22,12.61,12.95,12.41,12.78,0.1499999999999985,1.1876484560569889,85583986.0
2202,2021-07-23,12.71,13.43,12.67,13.36,0.5800000000000001,4.538341158059467,155820247.0
2202,2021-07-26,13.45,13.73,13.06,13.62,0.2599999999999998,1.9461077844311392,173594382.0
2202,2021-07-27,13.62,14.56,13.4,13.79,0.1699999999999999,1.2481644640234937,216429238.0
2202,2021-07-28,13.58,13.73,12.5,13.14,-0.6499999999999986,-4.713560551123996,136904918.0
2202,2021-07-29,13.38,14.04,13.19,14.02,0.879999999999999,6.69710806697108,144727725.0
2202,2021-07-30,13.95,14.66,13.8,14.45,0.4299999999999997,3.0670470756062773,175536110.0
2202,2021-08-02,14.67,14.91,14.06,14.5,0.0500000000000007,0.34602076124568,145207777.0
2202,2021-08-03,14.61,14.89,13.81,14.01,-0.4900000000000002,-3.3793103448275907,144203417.0
2202,2021-08-04,13.81,14.55,13.8,14.53,0.5199999999999996,3.711634546752318,124833908.0
2202,2021-08-05,14.78,14.81,14.25,14.31,-0.2199999999999988,-1.5141087405368123,122030378.0
2202,2021-08-06,14.2,14.34,14.02,14.16,-0.1500000000000003,-1.048218029350112,101933360.0
2202,2021-08-09,14.14,14.16,13.6,13.8,-0.3599999999999994,-2.5423728813559254,88011230.0
2202,2021-08-10,13.8,14.17,13.62,14.06,0.2599999999999998,1.884057971014497,92097258.0
2202,2021-08-11,14.02,14.32,13.76,14.24,0.1799999999999997,1.2802275960170697,102047150.0
2202,2021-08-12,14.2,14.22,13.88,13.94,-0.3000000000000007,-2.1067415730337102,75441600.0
2202,2021-08-13,13.82,14.11,13.76,13.89,-0.0499999999999989,-0.3586800573888049,64339624.0
2202,2021-08-16,13.87,13.88,13.41,13.45,-0.4400000000000013,-3.16774658027359,75434536.0
2202,2021-08-17,13.2,13.43,12.7,12.76,-0.6899999999999995,-5.130111524163561,83522981.0
2202,2021-08-18,12.77,13.26,12.77,13.12,0.3599999999999994,2.8213166144200663,63708798.0
2202,2021-08-19,13.12,13.13,12.82,12.98,-0.1399999999999988,-1.0670731707317027,43987222.0
2202,2021-08-20,12.92,14.14,12.75,13.65,0.6699999999999999,5.161787365177184,133356779.0
2202,2021-08-23,13.79,14.53,13.75,14.24,0.5899999999999999,4.322344322344329,176832708.0
2202,2021-08-24,14.29,14.4,14.06,14.13,-0.1099999999999994,-0.77247191011236,131965195.0
2202,2021-08-25,14.13,14.39,13.98,14.26,0.129999999999999,0.9200283085633254,102270831.0
2202,2021-08-26,14.27,14.41,13.89,13.94,-0.3200000000000003,-2.244039270687237,91427745.0
2202,2021-08-27,13.83,14.14,13.74,13.96,0.0200000000000013,0.1434720229555264,81004870.0
2202,2021-08-30,13.95,14.79,13.92,14.77,0.8099999999999987,5.802292263610309,173244737.0
2202,2021-08-31,14.69,14.69,14.26,14.59,-0.1799999999999997,-1.2186865267433955,121804997.0
2202,2021-09-01,14.5,14.95,13.85,14.17,-0.4199999999999999,-2.878684030157641,130835098.0
2202,2021-09-02,14.05,15.59,14.05,15.59,1.42,10.021171489061388,159249737.0
2202,2021-09-03,16.31,17.15,16.18,17.15,1.5599999999999987,10.006414368184725,508806960.0
2202,2021-09-06,17.4,17.53,16.27,17.01,-0.139999999999997,-0.8163265306122325,343701337.0
2202,2021-09-07,16.79,17.06,16.52,17.06,0.0499999999999971,0.2939447383891735,223385699.0
2202,2021-09-08,17.36,18.18,16.84,17.18,0.120000000000001,0.703399765533419,368634847.0
2202,2021-09-09,16.9,17.1,16.41,16.61,-0.5700000000000003,-3.317811408614668,214455277.0
2202,2021-09-10,16.81,16.94,16.28,16.57,-0.0399999999999991,-0.2408187838651376,164603836.0
2202,2021-09-13,16.75,17.32,16.57,16.85,0.2800000000000011,1.6898008449004245,196701788.0
2202,2021-09-14,16.98,17.94,16.37,17.18,0.3299999999999983,1.958456973293754,222261669.0
2202,2021-09-15,16.96,18.9,16.66,18.9,1.7199999999999989,10.011641443538988,320580599.0
2202,2021-09-16,19.0,19.24,18.0,18.23,-0.6699999999999982,-3.54497354497354,313299810.0
2202,2021-09-17,18.18,19.65,18.16,18.95,0.7199999999999989,3.949533735600652,272783804.0
2202,2021-09-22,18.0,19.05,17.6,18.71,-0.2399999999999984,-1.2664907651714907,301960710.0
2202,2021-09-23,18.9,19.18,17.09,17.24,-1.4700000000000024,-7.856761090326037,329100198.0
2202,2021-09-24,17.02,17.89,16.66,17.54,0.3000000000000007,1.740139211136893,246547950.0
2202,2021-09-27,17.99,18.11,16.68,16.88,-0.6600000000000001,-3.762827822120862,157111935.0
2202,2021-09-28,17.11,18.39,16.99,18.0,1.120000000000001,6.635071090047395,215549968.0
2202,2021-09-29,17.83,18.75,17.6,17.66,-0.3399999999999998,-1.8888888888888844,217990096.0
2202,2021-09-30,17.66,17.93,16.55,17.39,-0.2699999999999996,-1.528878822197055,198670452.0
2202,2021-10-08,17.59,17.66,16.05,16.23,-1.16,-6.6705002875215635,183123436.0
2202,2021-10-11,16.2,16.47,15.78,15.94,-0.2900000000000009,-1.7868145409735137,105890402.0
2202,2021-10-12,15.79,16.24,14.96,15.38,-0.5599999999999987,-3.513174404015051,149119617.0
2202,2021-10-13,15.3,15.57,15.11,15.45,0.0699999999999985,0.4551365409622754,85537742.0
2202,2021-10-14,15.46,16.4,15.21,15.98,0.5300000000000011,3.430420711974125,129332124.0
2202,2021-10-15,15.8,16.04,15.37,15.8,-0.1799999999999997,-1.126408010012514,111055678.0
2202,2021-10-18,16.3,16.8,16.2,16.45,0.6499999999999986,4.113924050632911,152917337.0
2202,2021-10-19,16.15,16.63,16.15,16.37,-0.0799999999999983,-0.4863221884498392,93517454.0
2202,2021-10-20,16.28,17.12,16.13,16.8,0.4299999999999997,2.6267562614538775,159800284.0
2202,2021-10-21,16.75,16.87,16.43,16.6,-0.1999999999999993,-1.1904761904761862,96864716.0
2202,2021-10-22,16.51,16.52,16.09,16.09,-0.5100000000000016,-3.0722891566265176,92239529.0
2202,2021-10-25,16.22,16.86,16.12,16.59,0.5,3.1075201988812973,128553814.0
2202,2021-10-26,16.93,17.16,16.53,16.67,0.0800000000000018,0.4822182037371947,123366510.0
2202,2021-10-27,17.16,18.34,16.99,18.34,1.6699999999999982,10.017996400719852,206263485.0
2202,2021-10-28,18.5,19.28,18.26,18.69,0.3500000000000014,1.9083969465648831,343150409.0
2202,2021-10-29,18.4,18.88,17.56,18.53,-0.1600000000000001,-0.8560727661851231,246901047.0
2202,2021-11-01,17.95,18.77,17.82,18.2,-0.3300000000000018,-1.780895844576369,227652710.0
2202,2021-11-02,18.06,19.46,17.6,18.75,0.5500000000000007,3.0219780219780334,284766529.0
2202,2021-11-03,18.68,19.98,18.19,18.69,-0.0599999999999987,-0.319999999999998,251216724.0
2202,2021-11-04,18.93,20.56,18.7,20.56,1.8699999999999977,10.005350454788651,302589623.0
2202,2021-11-05,20.79,20.95,20.1,20.1,-0.4599999999999973,-2.237354085603105,297398770.0
2202,2021-11-08,19.85,20.08,19.18,19.35,-0.75,-3.731343283582089,192465903.0
2202,2021-11-09,19.8,20.11,19.1,19.59,0.2399999999999984,1.2403100775193687,197678320.0
2202,2021-11-10,19.2,19.36,18.33,19.17,-0.4199999999999981,-2.143950995405808,186167992.0
2202,2021-11-11,18.98,19.45,18.71,18.9,-0.2700000000000031,-1.4084507042253724,123102442.0
2202,2021-11-12,18.89,19.28,18.81,19.13,0.2300000000000004,1.2169312169312274,121551469.0
2202,2021-11-15,19.0,19.05,18.14,18.37,-0.759999999999998,-3.972817564035536,136098675.0
2202,2021-11-16,18.3,18.65,17.9,18.15,-0.2200000000000024,-1.1976047904191711,132779398.0
2202,2021-11-17,18.1,18.79,17.99,18.57,0.4200000000000017,2.3140495867768784,151538178.0
2202,2021-11-18,18.39,19.12,18.16,18.79,0.2199999999999988,1.184706515885825,166803576.0
2202,2021-11-19,18.69,19.1,18.4,19.01,0.2200000000000024,1.1708355508249113,130237530.0
2202,2021-11-22,19.07,19.39,18.75,19.04,0.0299999999999975,0.157811678064168,153453165.0
2202,2021-11-23,18.99,18.99,18.12,18.15,-0.8900000000000006,-4.674369747899165,155911039.0
2202,2021-11-24,18.0,18.22,17.63,17.9,-0.25,-1.377410468319562,123291304.0
2202,2021-11-25,17.83,18.37,17.71,18.16,0.2600000000000015,1.452513966480451,90993040.0
2202,2021-11-26,18.1,18.66,17.92,18.49,0.3299999999999983,1.8171806167400772,110942846.0
2202,2021-11-29,18.1,18.84,17.97,18.3,-0.1899999999999977,-1.027582477014588,112540143.0
2202,2021-11-30,18.5,18.77,18.01,18.3,0.0,0.0,111058579.0
2202,2021-12-01,18.25,18.39,17.7,18.08,-0.2200000000000024,-1.2021857923497414,98238220.0
2202,2021-12-02,17.91,18.0,17.6,17.62,-0.4599999999999973,-2.5442477876106095,93938152.0
2202,2021-12-03,17.6,17.63,16.83,17.43,-0.1900000000000012,-1.0783200908059063,142619496.0
2202,2021-12-06,17.7,18.13,17.48,17.5,0.0700000000000002,0.4016064257028162,104056132.0
2202,2021-12-07,17.5,17.84,17.06,17.8,0.3000000000000007,1.7142857142857126,95707539.0
2202,2021-12-08,18.06,18.58,17.98,18.14,0.3399999999999998,1.910112359550564,149516473.0
2202,2021-12-09,18.02,18.33,17.86,18.06,-0.0800000000000018,-0.4410143329658278,84278442.0
2202,2021-12-10,17.91,18.14,17.74,17.77,-0.2899999999999991,-1.6057585825027587,80060720.0
2202,2021-12-13,17.67,18.44,17.55,18.13,0.3599999999999994,2.025886325267301,114514369.0
2202,2021-12-14,18.24,18.48,18.07,18.17,0.0400000000000027,0.2206287920573757,89662542.0
2202,2021-12-15,18.12,18.51,17.78,18.25,0.0799999999999983,0.4402861860208995,101960925.0
2202,2021-12-16,18.23,18.7,18.11,18.7,0.4499999999999993,2.465753424657535,116279294.0
2202,2021-12-17,18.65,18.89,18.18,18.2,-0.5,-2.67379679144385,115872661.0
2202,2021-12-20,17.95,17.96,16.47,16.51,-1.6899999999999975,-9.285714285714274,189179816.0
2202,2021-12-21,16.5,16.64,16.15,16.43,-0.0800000000000018,-0.4845548152634826,80119540.0
2202,2021-12-22,16.48,16.57,16.22,16.32,-0.1099999999999994,-0.669506999391356,55249846.0
2202,2021-12-23,16.35,16.78,16.25,16.73,0.4100000000000001,2.5122549019607865,75484271.0
2202,2021-12-24,16.75,16.96,16.23,16.29,-0.4400000000000013,-2.6300059772863205,70776301.0
2202,2021-12-27,16.22,16.55,16.03,16.09,-0.1999999999999993,-1.227747084100672,59476929.0
2202,2021-12-28,16.15,16.4,15.86,16.35,0.2600000000000015,1.615910503418272,67307753.0
2202,2021-12-29,16.36,16.51,16.18,16.25,-0.1000000000000014,-0.6116207951070374,43311977.0
2202,2021-12-30,16.26,16.38,16.1,16.11,-0.1400000000000005,-0.8615384615384691,47098842.0
2202,2021-12-31,16.29,16.64,16.28,16.47,0.3599999999999994,2.2346368715083775,65301206.0
2202,2022-01-04,16.61,16.66,16.03,16.23,-0.2399999999999984,-1.4571948998178377,58126522.0
2202,2022-01-05,16.24,16.26,15.19,15.25,-0.9800000000000004,-6.03820086260013,119728309.0
2202,2022-01-06,15.15,15.68,15.05,15.46,0.2100000000000008,1.3770491803278828,62322956.0
2202,2022-01-07,15.48,15.56,15.17,15.24,-0.2200000000000006,-1.4230271668822847,53149511.0
2202,2022-01-10,15.21,15.31,15.0,15.3,0.0600000000000005,0.3937007874015741,41707159.0
2202,2022-01-11,15.29,15.37,14.94,15.0,-0.3000000000000007,-1.9607843137254943,49061568.0
2202,2022-01-12,15.06,15.34,15.06,15.3,0.3000000000000007,2.0000000000000018,45777336.0
2202,2022-01-13,15.21,15.29,15.01,15.03,-0.2700000000000013,-1.764705882352946,37004601.0
2202,2022-01-14,14.99,15.15,14.85,15.0,-0.0299999999999993,-0.1996007984031877,39724507.0
2202,2022-01-17,14.9,15.1,14.71,15.03,0.0299999999999993,0.2000000000000001,34565923.0
2202,2022-01-18,15.03,15.39,14.9,15.23,0.200000000000001,1.330671989354637,53750122.0
2202,2022-01-19,15.13,15.18,14.95,14.99,-0.2400000000000002,-1.57583716349311,38574228.0
2202,2022-01-20,14.94,15.1,14.85,14.95,-0.0400000000000009,-0.2668445630420346,34738765.0
2202,2022-01-21,14.95,14.98,14.39,14.74,-0.209999999999999,-1.4046822742474818,53417461.0
2202,2022-01-24,14.6,15.02,14.55,14.86,0.1199999999999992,0.8141112618724522,34156681.0
2202,2022-01-25,14.8,14.92,14.31,14.34,-0.5199999999999996,-3.499327052489898,42764991.0
2202,2022-01-26,14.49,15.23,14.49,14.96,0.620000000000001,4.323570432357049,66720432.0
2202,2022-01-27,14.88,15.04,14.61,14.63,-0.33,-2.2058823529411797,41678310.0
2202,2022-01-28,14.72,15.15,14.2,14.93,0.2999999999999989,2.050580997949414,69099799.0
2202,2022-02-07,15.24,15.29,14.93,15.05,0.120000000000001,0.8037508372404689,50677829.0
2202,2022-02-08,15.0,15.28,14.65,15.22,0.1699999999999999,1.1295681063122842,61774693.0
2202,2022-02-09,15.1,15.35,15.02,15.24,0.0199999999999995,0.1314060446780507,53849636.0
2202,2022-02-10,15.26,15.33,15.03,15.12,-0.120000000000001,-0.7874015748031593,46631809.0
2202,2022-02-11,15.01,15.02,14.5,14.53,-0.5899999999999999,-3.9021164021164063,58277916.0
2202,2022-02-14,14.33,14.59,14.22,14.44,-0.0899999999999998,-0.619408121128695,35026973.0
2202,2022-02-15,14.49,14.83,14.4,14.8,0.3600000000000012,2.4930747922437657,40716599.0
2202,2022-02-16,14.84,14.89,14.66,14.71,-0.0899999999999998,-0.6081081081081074,33378508.0
2202,2022-02-17,14.63,15.15,14.59,14.98,0.2699999999999996,1.8354860639021144,59248468.0
2202,2022-02-18,14.85,14.98,14.76,14.92,-0.0600000000000005,-0.4005340453938633,34188198.0
2202,2022-02-21,14.85,14.99,14.8,14.97,0.0500000000000007,0.3351206434316411,28774956.0
2202,2022-02-22,14.8,14.92,14.61,14.77,-0.200000000000001,-1.3360053440213848,37193729.0
2202,2022-02-23,14.79,15.38,14.79,15.33,0.5600000000000005,3.791469194312791,85521735.0
2202,2022-02-24,15.21,15.46,14.76,14.97,-0.3599999999999994,-2.3483365949119372,76914827.0
2202,2022-02-25,14.98,15.26,14.94,15.1,0.129999999999999,0.8684034736138768,53017101.0
2202,2022-02-28,15.15,15.18,14.83,14.95,-0.1500000000000003,-0.9933774834437136,45116815.0
2202,2022-03-01,15.1,15.38,15.08,15.21,0.2600000000000015,1.7391304347826209,67476233.0
2202,2022-03-02,15.08,15.26,15.0,15.16,-0.0500000000000007,-0.3287310979618763,39089718.0
2202,2022-03-03,15.33,15.43,15.18,15.25,0.0899999999999998,0.593667546174137,60451035.0
2202,2022-03-04,15.08,15.22,14.84,14.96,-0.2899999999999991,-1.9016393442622848,49295476.0
2202,2022-03-07,15.0,15.03,14.39,14.53,-0.4300000000000015,-2.874331550802145,53307069.0
2202,2022-03-08,14.41,14.56,13.71,13.73,-0.7999999999999989,-5.505849965588427,65359176.0
2202,2022-03-09,13.88,13.93,12.93,13.59,-0.1400000000000005,-1.0196649672250535,65215738.0
2202,2022-03-10,13.9,14.43,13.88,14.17,0.5800000000000001,4.267844002943333,81973443.0
2202,2022-03-11,14.02,14.35,13.93,14.29,0.1199999999999992,0.8468595624558928,66407609.0
2202,2022-03-14,14.15,14.25,13.93,13.93,-0.3599999999999994,-2.519244226731976,34817162.0
2202,2022-03-15,13.81,13.92,13.11,13.12,-0.8100000000000005,-5.814788226848533,55421970.0
2202,2022-03-16,13.4,13.6,12.86,13.58,0.4600000000000008,3.5060975609756184,57477404.0
2202,2022-03-17,13.8,14.0,13.6,13.64,0.0600000000000005,0.4418262150220897,51316668.0
2202,2022-03-18,13.57,13.78,13.5,13.72,0.08,0.5865102639296182,32798399.0
2202,2022-03-21,13.75,13.98,13.62,13.75,0.0299999999999993,0.218658892128265,35195076.0
2202,2022-03-22,13.63,13.79,13.53,13.58,-0.1699999999999999,-1.2363636363636354,34394769.0
2202,2022-03-23,13.91,14.25,13.84,14.04,0.4599999999999991,3.3873343151693547,79779823.0
2202,2022-03-24,13.9,13.93,13.63,13.67,-0.3699999999999992,-2.635327635327634,45285749.0
2202,2022-03-25,13.67,13.71,13.38,13.44,-0.2300000000000004,-1.6825164594001518,37664251.0
2202,2022-03-28,12.99,13.12,12.7,13.1,-0.3399999999999998,-2.529761904761907,61408625.0
2202,2022-03-29,13.06,13.22,12.92,12.95,-0.1500000000000003,-1.1450381679389388,27501389.0
2202,2022-03-30,13.15,13.4,13.15,13.37,0.4199999999999999,3.2432432432432323,45368303.0
2202,2022-03-31,13.36,13.36,13.05,13.13,-0.2399999999999984,-1.7950635751682764,32974020.0
2202,2022-04-01,13.02,13.21,12.92,13.18,0.0499999999999989,0.380807311500364,23860955.0
2202,2022-04-06,13.13,13.13,12.91,13.06,-0.1199999999999992,-0.9104704097116834,27541088.0
2202,2022-04-07,13.01,13.03,12.74,12.75,-0.3100000000000005,-2.3736600306278777,32752366.0
2202,2022-04-08,12.86,13.13,12.78,13.01,0.2599999999999998,2.039215686274498,40370056.0
2202,2022-04-11,12.9,12.9,12.38,12.53,-0.4800000000000004,-3.68946963873944,38415049.0
2202,2022-04-12,12.45,12.64,12.35,12.63,0.1000000000000014,0.7980845969672856,24271655.0
2202,2022-04-13,12.58,12.61,12.42,12.43,-0.200000000000001,-1.5835312747426888,17750036.0
2202,2022-04-14,12.69,12.9,12.61,12.64,0.2100000000000008,1.6894609814963824,27287635.0
2202,2022-04-15,12.2,12.26,11.81,11.94,-0.7000000000000011,-5.537974683544311,59507873.0
2202,2022-04-18,11.85,11.93,11.41,11.92,-0.0199999999999995,-0.1675041876046834,32410286.0
2202,2022-04-19,11.91,12.12,11.81,11.98,0.0600000000000005,0.5033557046979942,26831924.0
2202,2022-04-20,12.04,12.06,11.7,11.75,-0.2300000000000004,-1.9198664440734592,26972330.0
2202,2022-04-21,11.72,11.72,11.22,11.26,-0.4900000000000002,-4.170212765957448,35397858.0
2202,2022-04-22,11.17,11.35,11.04,11.3,0.0400000000000009,0.355239786856143,28030238.0
2202,2022-04-25,11.1,11.2,10.49,10.51,-0.7900000000000009,-6.991150442477889,48358332.0
2202,2022-04-26,10.51,10.65,10.15,10.26,-0.25,-2.378686964795429,40003078.0
2202,2022-04-27,10.2,10.93,10.16,10.89,0.6300000000000008,6.140350877192979,57481148.0
2202,2022-04-28,10.88,11.11,10.78,10.96,0.0700000000000002,0.6427915518824712,41796217.0
2202,2022-04-29,11.13,11.31,10.93,11.29,0.3299999999999983,3.0109489051094673,39748607.0
2202,2022-05-05,11.29,11.45,11.16,11.33,0.0400000000000009,0.3542958370239324,38254889.0
2202,2022-05-06,11.08,11.16,10.93,11.06,-0.2699999999999996,-2.383053839364513,26882457.0
2202,2022-05-09,10.96,11.22,10.93,11.12,0.0599999999999987,0.5424954792043302,19580282.0
2202,2022-05-10,10.95,11.61,10.89,11.55,0.4300000000000015,3.866906474820153,57633984.0
2202,2022-05-11,11.46,11.88,11.46,11.61,0.0599999999999987,0.5194805194804974,59694607.0
2202,2022-05-12,11.6,11.84,11.54,11.67,0.0600000000000005,0.5167958656330685,34582122.0
2202,2022-05-13,11.75,11.84,11.53,11.66,-0.0099999999999997,-0.0856898029134467,32210811.0
2202,2022-05-16,11.68,11.75,11.45,11.52,-0.1400000000000005,-1.2006861063464935,27021409.0
2202,2022-05-17,11.51,11.77,11.46,11.77,0.25,2.170138888888884,35221779.0
2202,2022-05-18,11.78,11.87,11.62,11.76,-0.0099999999999997,-0.0849617672047609,32803162.0
2202,2022-05-19,11.53,12.45,11.5,12.26,0.5,4.251700680272119,86293035.0
2202,2022-05-20,12.26,12.43,12.12,12.32,0.0600000000000005,0.4893964110929794,62254562.0
2202,2022-05-23,12.3,12.3,12.07,12.27,-0.0500000000000007,-0.4058441558441594,40369103.0
2202,2022-05-24,12.27,12.43,11.85,11.86,-0.4100000000000001,-3.341483292583536,60518083.0
2202,2022-05-25,11.78,12.08,11.7,12.08,0.2200000000000006,1.8549747048903995,43037973.0
2202,2022-05-26,12.08,12.37,11.96,12.23,0.1500000000000003,1.2417218543046449,51840016.0
2202,2022-05-27,12.26,12.31,11.92,12.04,-0.1900000000000012,-1.5535568274734346,40271574.0
2202,2022-05-30,12.04,12.12,11.94,12.04,0.0,0.0,26517402.0
2202,2022-05-31,12.33,12.44,12.11,12.36,0.3200000000000003,2.657807308970095,65225319.0
2202,2022-06-01,12.26,12.43,12.17,12.29,-0.0700000000000002,-0.5663430420712046,35468612.0
2202,2022-06-02,12.29,12.71,12.22,12.63,0.3400000000000016,2.766476810414975,75607017.0
2202,2022-06-06,12.65,12.85,12.5,12.75,0.1199999999999992,0.9501187648456088,66772103.0
2202,2022-06-07,12.75,12.87,12.5,12.58,-0.1699999999999999,-1.3333333333333308,49243434.0
2202,2022-06-08,12.59,12.63,12.21,12.49,-0.0899999999999998,-0.7154213036565937,53038886.0
2202,2022-06-09,12.5,12.57,12.17,12.28,-0.2100000000000008,-1.6813450760608584,42594823.0
2202,2022-06-10,12.18,12.67,12.17,12.66,0.3800000000000008,3.0944625407166138,56496337.0
2202,2022-06-13,12.58,12.94,12.52,12.82,0.1600000000000001,1.2638230647709303,63850440.0
2202,2022-06-14,12.55,12.75,12.27,12.72,-0.0999999999999996,-0.7800312012480437,55596047.0
2202,2022-06-15,12.66,12.88,12.56,12.61,-0.1100000000000012,-0.8647798742138502,65590871.0
2202,2022-06-16,12.63,12.89,12.6,12.64,0.0300000000000011,0.2379064234734329,57026394.0
2202,2022-06-17,12.48,13.3,12.48,13.23,0.5899999999999999,4.667721518987333,114216284.0
2202,2022-06-20,13.37,14.14,13.34,13.93,0.6999999999999993,5.29100529100528,149401583.0
2202,2022-06-21,13.95,13.95,13.54,13.69,-0.2400000000000002,-1.7229002153625328,85999075.0
2202,2022-06-22,13.71,13.98,13.6,13.7,0.0099999999999997,0.0730460189919623,68305319.0
2202,2022-06-23,13.65,13.86,13.4,13.84,0.1400000000000005,1.0218978102189746,67920796.0
2202,2022-06-24,13.83,14.41,13.79,14.24,0.4000000000000003,2.8901734104046284,96383475.0
2202,2022-06-27,14.2,14.24,13.97,14.12,-0.120000000000001,-0.8426966292134908,71013065.0
2202,2022-06-28,14.11,14.4,13.92,14.38,0.2600000000000015,1.841359773371121,71953893.0
2202,2022-06-29,14.22,14.45,13.94,13.94,-0.4400000000000013,-3.059805285118234,73672614.0
2202,2022-06-30,13.92,14.97,13.84,14.8,0.8600000000000012,6.169296987087525,119262947.0
2202,2022-07-01,14.78,14.99,14.67,14.82,0.0199999999999995,0.1351351351351226,69652188.0
2202,2022-07-04,14.7,15.2,14.5,15.16,0.3399999999999998,2.2941970310391246,82280027.0
2202,2022-07-05,15.09,15.23,14.87,15.17,0.0099999999999997,0.065963060686025,63521470.0
2202,2022-07-06,15.19,15.75,14.97,15.05,-0.1199999999999992,-0.7910349373764003,91888970.0
2202,2022-07-07,14.84,15.29,14.78,15.13,0.08,0.5315614617940279,55123065.0
2202,2022-07-08,15.1,15.13,14.58,14.58,-0.5500000000000007,-3.6351619299405225,74021236.0
2202,2022-07-11,14.55,14.74,14.34,14.6,0.0199999999999995,0.137174211248281,46386117.0
2202,2022-07-12,14.6,15.25,14.54,14.89,0.2900000000000009,1.9863013698630192,67268770.0
2202,2022-07-13,14.89,15.78,14.81,15.59,0.6999999999999993,4.701141705842837,120824405.0
2202,2022-07-14,15.57,15.59,15.31,15.43,-0.1600000000000001,-1.0262989095574104,67002079.0
2202,2022-07-15,15.43,15.77,15.3,15.31,-0.1199999999999992,-0.7777057679844379,72612395.0
2202,2022-07-18,15.35,15.5,14.93,15.17,-0.1400000000000005,-0.9144350097975208,80398541.0
2202,2022-07-19,15.15,15.17,14.85,15.03,-0.1400000000000005,-0.9228740936058076,59015239.0
2202,2022-07-20,15.05,15.46,14.92,15.36,0.33,2.195608782435121,77701490.0
2202,2022-07-21,15.22,15.33,14.45,14.49,-0.8699999999999992,-5.6640625,108756166.0
2202,2022-07-22,14.59,15.17,14.51,14.87,0.379999999999999,2.6224982746721803,84978756.0
2202,2022-07-25,15.0,15.04,14.32,14.43,-0.4399999999999995,-2.958977807666441,57030278.0
2202,2022-07-26,14.34,14.57,14.31,14.47,0.0400000000000009,0.2772002772002846,28982329.0
2202,2022-07-27,14.45,14.68,14.22,14.68,0.209999999999999,1.4512785072563927,38577282.0
2202,2022-07-28,14.8,14.9,14.5,14.53,-0.1500000000000003,-1.021798365122617,37984389.0
2202,2022-07-29,14.48,15.3,14.46,14.92,0.3900000000000005,2.6841018582243636,79246288.0
2202,2022-08-01,14.77,15.08,14.4,15.0,0.08,0.536193029490617,61514507.0
2202,2022-08-02,14.8,14.83,14.32,14.6,-0.4000000000000003,-2.6666666666666727,58837072.0
2202,2022-08-03,14.73,15.3,14.67,14.76,0.1600000000000001,1.0958904109588996,71314787.0
2202,2022-08-04,14.97,15.08,14.51,14.7,-0.0600000000000005,-0.4065040650406581,41210263.0
2202,2022-08-05,14.75,14.89,14.31,14.6,-0.0999999999999996,-0.6802721088435382,46614464.0
2202,2022-08-08,14.51,15.06,14.36,15.06,0.4600000000000008,3.150684931506853,51890014.0
2202,2022-08-09,15.08,15.33,14.95,14.98,-0.08,-0.5312084993359889,53266588.0
2202,2022-08-10,14.98,15.19,14.72,15.03,0.0499999999999989,0.3337783711615305,37301208.0
2202,2022-08-11,15.11,15.18,14.95,15.17,0.1400000000000005,0.9314703925482392,36663243.0
2202,2022-08-12,15.17,15.18,14.92,14.96,-0.209999999999999,-1.3843111404087003,32088433.0
2202,2022-08-15,14.78,15.1,14.65,15.03,0.0699999999999985,0.4679144385026701,42386271.0
2202,2022-08-16,15.35,15.76,15.23,15.26,0.2300000000000004,1.5302727877578135,90033222.0
2202,2022-08-17,15.26,15.5,15.05,15.14,-0.1199999999999992,-0.7863695937090354,53445532.0
2202,2022-08-18,15.07,15.31,14.95,15.07,-0.0700000000000002,-0.4623513870541607,42654358.0
2202,2022-08-19,15.01,15.24,14.86,15.09,0.0199999999999995,0.1327140013271277,45583677.0
2202,2022-08-22,14.7,14.73,13.9,14.19,-0.9000000000000004,-5.964214711729621,97372714.0
2202,2022-08-23,14.03,14.08,13.6,13.64,-0.5499999999999989,-3.875968992248058,80028387.0
2202,2022-08-24,13.64,13.73,13.23,13.26,-0.3800000000000008,-2.7859237536656978,54787487.0
2202,2022-08-25,13.26,13.35,12.91,13.2,-0.0600000000000005,-0.4524886877828038,37733725.0
2202,2022-08-26,13.25,13.4,13.13,13.14,-0.0599999999999987,-0.4545454545454408,32714009.0
2202,2022-08-29,12.96,13.37,12.91,13.34,0.1999999999999993,1.522070015220689,27397120.0
2202,2022-08-30,13.37,13.38,13.14,13.23,-0.1099999999999994,-0.8245877061469176,18924389.0
2202,2022-08-31,13.2,13.27,12.79,12.83,-0.4000000000000003,-3.023431594860171,33755028.0
2202,2022-09-01,12.88,13.05,12.8,12.8,-0.0299999999999993,-0.2338269680436377,20013835.0
2202,2022-09-02,12.78,12.87,12.58,12.73,-0.0700000000000002,-0.5468750000000022,23505000.0
2202,2022-09-05,12.8,13.12,12.8,12.85,0.1199999999999992,0.942655145325988,31118677.0
2202,2022-09-06,12.92,13.15,12.72,13.14,0.2900000000000009,2.256809338521415,28577519.0
2202,2022-09-07,13.04,13.3,13.04,13.25,0.1099999999999994,0.8371385083713712,23623539.0
2202,2022-09-08,13.25,13.33,13.11,13.12,-0.1300000000000007,-0.9811320754717024,20006538.0
2202,2022-09-09,13.19,13.22,13.06,13.13,0.0100000000000015,0.0762195121951414,15244862.0
2202,2022-09-13,13.13,13.17,13.0,13.05,-0.08,-0.6092916984006047,17713126.0
2202,2022-09-14,12.9,12.98,12.72,12.83,-0.2200000000000006,-1.685823754789273,17576035.0
2202,2022-09-15,12.94,12.96,12.17,12.3,-0.5299999999999994,-4.130943102104434,33410451.0
2202,2022-09-16,12.28,12.34,11.97,11.97,-0.33,-2.682926829268295,22047887.0
2202,2022-09-19,11.95,12.11,11.86,12.0,0.0299999999999993,0.2506265664160345,15830041.0
2202,2022-09-20,12.09,12.28,12.09,12.15,0.1500000000000003,1.2499999999999956,16488732.0
2202,2022-09-21,12.2,12.2,11.95,12.12,-0.0300000000000011,-0.2469135802469213,13426221.0
2202,2022-09-22,12.05,12.26,11.96,12.06,-0.0599999999999987,-0.4950495049504844,13742134.0
2202,2022-09-23,12.04,12.18,11.63,11.79,-0.2700000000000013,-2.23880597014926,25261303.0
2202,2022-09-26,11.7,11.96,11.62,11.65,-0.1399999999999988,-1.187446988973695,18636379.0
2202,2022-09-27,11.68,12.06,11.67,11.91,0.2599999999999998,2.2317596566523656,19918666.0
2202,2022-09-28,11.93,11.95,11.42,11.46,-0.4499999999999993,-3.7783375314861423,23546176.0
2202,2022-09-29,11.53,11.69,11.44,11.56,0.0999999999999996,0.8726003490401313,16730269.0
2202,2022-09-30,11.51,11.61,11.34,11.34,-0.2200000000000006,-1.903114186851218,13191758.0
2202,2022-10-10,11.34,11.53,11.11,11.15,-0.1899999999999995,-1.6754850088183335,16289570.0
2202,2022-10-11,11.18,11.37,11.12,11.31,0.1600000000000001,1.4349775784753271,16324243.0
2202,2022-10-12,11.37,11.91,11.26,11.88,0.5700000000000003,5.039787798408479,40097270.0
2202,2022-10-13,11.81,12.1,11.66,11.92,0.0399999999999991,0.336700336700324,25912004.0
2202,2022-10-14,11.99,12.34,11.93,12.21,0.2900000000000009,2.432885906040272,29919326.0
2202,2022-10-17,12.17,12.27,12.08,12.24,0.0299999999999993,0.245700245700231,20544698.0
2202,2022-10-18,12.27,12.42,12.2,12.29,0.0499999999999989,0.4084967320261423,21507028.0
2202,2022-10-19,12.28,12.29,12.03,12.06,-0.2299999999999986,-1.8714401952807047,20256721.0
2202,2022-10-20,12.01,12.18,11.76,11.9,-0.1600000000000001,-1.3266998341625258,22735132.0
2202,2022-10-21,11.96,12.36,11.96,12.15,0.25,2.1008403361344463,30749212.0
2202,2022-10-24,12.17,12.34,11.97,12.1,-0.0500000000000007,-0.4115226337448652,31153469.0
2202,2022-10-25,12.01,12.25,11.79,12.07,-0.0299999999999993,-0.2479338842975131,22916983.0
2202,2022-10-26,12.11,12.31,12.01,12.08,0.0099999999999997,0.0828500414250088,33387537.0
2202,2022-10-27,11.36,11.59,11.11,11.12,-0.9600000000000009,-7.947019867549676,91885303.0
2202,2022-10-28,11.0,11.01,10.48,10.48,-0.6399999999999988,-5.755395683453224,56430309.0
2202,2022-10-31,10.47,10.58,10.34,10.45,-0.0300000000000011,-0.2862595419847458,27262995.0
2202,2022-11-01,10.45,10.87,10.35,10.84,0.3900000000000005,3.732057416267942,37123871.0
2202,2022-11-02,10.82,11.0,10.73,10.94,0.0999999999999996,0.9225092250922496,28122486.0
2202,2022-11-03,10.85,11.03,10.83,10.99,0.0500000000000007,0.4570383912248621,22699377.0
2202,2022-11-04,10.95,11.31,10.92,11.26,0.2699999999999996,2.456778889899902,37226236.0
2202,2022-11-07,11.27,11.47,11.18,11.36,0.0999999999999996,0.8880994671403242,36392156.0
2202,2022-11-08,11.31,11.56,11.24,11.39,0.0300000000000011,0.2640845070422726,29078356.0
2202,2022-11-09,11.4,11.4,11.23,11.26,-0.1300000000000007,-1.1413520632133525,20053721.0
2202,2022-11-10,11.27,11.27,11.09,11.14,-0.1199999999999992,-1.0657193605683737,19452611.0
2202,2022-11-11,11.35,11.45,11.31,11.37,0.2299999999999986,2.064631956912022,33745630.0
2202,2022-11-14,11.41,11.57,11.34,11.39,0.0200000000000013,0.1759014951627113,25737030.0
2202,2022-11-15,11.42,11.59,11.4,11.56,0.1699999999999999,1.49253731343284,34297787.0
2202,2022-11-16,11.57,11.68,11.42,11.44,-0.120000000000001,-1.038062283737029,24447065.0
2202,2022-11-17,11.4,11.42,11.29,11.4,-0.0399999999999991,-0.3496503496503433,19125293.0
2202,2022-11-18,11.4,11.6,11.34,11.47,0.0700000000000002,0.6140350877193113,27233442.0
2202,2022-11-21,11.44,11.5,11.36,11.44,-0.0300000000000011,-0.2615518744551126,16277806.0
2202,2022-11-22,11.41,11.47,11.3,11.32,-0.1199999999999992,-1.0489510489510412,16507078.0
2202,2022-11-23,11.33,11.54,11.25,11.46,0.1400000000000005,1.2367491166077826,25439427.0
2202,2022-11-24,11.6,11.76,11.47,11.49,0.0299999999999993,0.2617801047120283,30767539.0
2202,2022-11-25,11.47,11.58,11.42,11.5,0.0099999999999997,0.0870322019147051,17696604.0
2202,2022-11-28,11.4,11.64,11.27,11.61,0.1099999999999994,0.9565217391304336,32118333.0
2202,2022-11-29,11.59,11.67,11.49,11.65,0.0400000000000009,0.3445305770887197,26248883.0
2202,2022-11-30,11.66,11.68,11.49,11.51,-0.1400000000000005,-1.2017167381974336,26134660.0
2202,2022-12-01,11.58,11.82,11.57,11.69,0.1799999999999997,1.563857515204159,34605772.0
2202,2022-12-02,11.65,11.75,11.61,11.63,-0.0599999999999987,-0.5132591958939114,22583162.0
2202,2022-12-05,11.69,11.8,11.55,11.79,0.1599999999999983,1.3757523645743674,33866540.0
2202,2022-12-06,11.71,11.91,11.69,11.85,0.0600000000000005,0.5089058524172962,32131464.0
2202,2022-12-07,11.85,11.88,11.57,11.64,-0.209999999999999,-1.7721518987341645,35589588.0
2202,2022-12-08,11.6,11.63,11.39,11.43,-0.2100000000000008,-1.8041237113402109,33703037.0
2202,2022-12-09,11.41,11.52,11.24,11.38,-0.0499999999999989,-0.4374453193350724,39653551.0
2202,2022-12-12,11.34,11.34,11.11,11.12,-0.2600000000000015,-2.2847100175747093,33344450.0
2202,2022-12-13,11.11,11.18,11.07,11.11,-0.0099999999999997,-0.0899280575539562,17052275.0
2202,2022-12-14,11.11,11.15,11.02,11.07,-0.0399999999999991,-0.3600360036003502,18093832.0
2202,2022-12-15,11.03,11.15,11.01,11.15,0.08,0.7226738934056121,14463423.0
2202,2022-12-16,11.13,11.13,11.01,11.07,-0.08,-0.7174887892376636,16582845.0
2202,2022-12-19,11.02,11.09,10.77,10.83,-0.2400000000000002,-2.168021680216803,19418505.0
2202,2022-12-20,10.82,10.98,10.74,10.96,0.1300000000000007,1.2003693444136765,14845787.0
2202,2022-12-21,11.01,11.07,10.78,10.83,-0.1300000000000007,-1.186131386861322,11841881.0
2202,2022-12-22,10.86,10.92,10.57,10.62,-0.2100000000000008,-1.939058171745156,16964096.0
2202,2022-12-23,10.58,10.66,10.55,10.6,-0.0199999999999995,-0.1883239171374673,9152899.0
2202,2022-12-26,10.6,10.95,10.58,10.93,0.33,3.113207547169816,20728836.0
2202,2022-12-27,10.94,11.04,10.87,11.0,0.0700000000000002,0.6404391582799596,16923941.0
2202,2022-12-28,11.02,11.12,10.92,11.02,0.0199999999999995,0.1818181818181719,17700611.0
2202,2022-12-29,11.0,11.02,10.9,10.95,-0.0700000000000002,-0.6352087114337546,10883388.0
2202,2022-12-30,10.98,11.09,10.98,11.0,0.0500000000000007,0.4566210045662267,13142793.0
2202,2023-01-03,11.01,11.34,11.01,11.29,0.2899999999999991,2.6363636363636367,30787764.0
2202,2023-01-04,11.24,11.29,11.12,11.17,-0.1199999999999992,-1.0628875110717415,19360946.0
2202,2023-01-05,11.17,11.25,11.14,11.19,0.0199999999999995,0.1790510295434089,16608860.0
2202,2023-01-06,11.2,11.36,11.16,11.28,0.0899999999999998,0.8042895442359255,25705307.0
2202,2023-01-09,11.32,11.42,11.25,11.3,0.0200000000000013,0.1773049645390267,21713286.0
2202,2023-01-10,11.29,11.31,11.17,11.21,-0.0899999999999998,-0.7964601769911539,14488118.0
2202,2023-01-11,11.22,11.28,11.12,11.15,-0.0600000000000005,-0.535236396074934,16211530.0
2202,2023-01-12,11.16,11.33,11.13,11.21,0.0600000000000005,0.5381165919282616,16341855.0
2202,2023-01-13,11.21,11.26,11.05,11.11,-0.1000000000000014,-0.8920606601249048,19444284.0
2202,2023-01-16,11.09,11.38,11.09,11.16,0.0500000000000007,0.4500450045004545,39088405.0
2202,2023-01-17,11.2,11.27,11.13,11.19,0.0299999999999993,0.268817204301075,15929887.0
2202,2023-01-18,11.19,11.27,11.19,11.25,0.0600000000000005,0.536193029490617,12123684.0
2202,2023-01-19,11.22,11.34,11.16,11.33,0.08,0.7111111111111068,18521393.0
2202,2023-01-20,11.35,11.53,11.35,11.51,0.1799999999999997,1.588702559576349,31273564.0
2202,2023-01-30,11.68,11.72,11.56,11.6,0.0899999999999998,0.7819287576020795,36364809.0
2202,2023-01-31,11.6,11.75,11.57,11.72,0.120000000000001,1.0344827586207028,27213427.0
2202,2023-02-01,11.72,11.79,11.65,11.77,0.0499999999999989,0.426621160409546,30279777.0
2202,2023-02-02,11.8,11.82,11.66,11.68,-0.0899999999999998,-0.7646559048428148,23880743.0
2202,2023-02-03,11.66,11.66,11.41,11.56,-0.1199999999999992,-1.0273972602739656,27604678.0
2202,2023-02-06,11.53,11.61,11.49,11.54,-0.0200000000000013,-0.1730103806228511,15325507.0
2202,2023-02-07,11.54,11.63,11.51,11.58,0.0400000000000009,0.3466204506065828,16350267.0
2202,2023-02-08,11.58,11.62,11.48,11.49,-0.0899999999999998,-0.7772020725388629,15149739.0
2202,2023-02-09,11.49,11.69,11.44,11.64,0.1500000000000003,1.305483028720622,25562445.0
2202,2023-02-10,11.64,11.75,11.6,11.68,0.0399999999999991,0.3436426116838476,21631757.0
2202,2023-02-13,11.7,11.74,11.61,11.69,0.0099999999999997,0.0856164383561619,19030884.0
2202,2023-02-14,11.7,11.73,11.62,11.67,-0.0199999999999995,-0.1710863986313038,18524893.0
2202,2023-02-15,11.66,11.71,11.56,11.63,-0.0399999999999991,-0.3427592116538092,18886721.0
2202,2023-02-16,11.64,11.66,11.24,11.38,-0.25,-2.14961306964746,34402463.0
2202,2023-02-17,11.35,11.42,11.21,11.25,-0.1300000000000007,-1.1423550087873546,23671071.0
2202,2023-02-20,11.21,11.42,11.12,11.39,0.1400000000000005,1.244444444444448,23615857.0
2202,2023-02-21,11.37,11.63,11.36,11.58,0.1899999999999995,1.668129938542573,27069500.0
2202,2023-02-22,11.52,11.67,11.49,11.54,-0.0400000000000009,-0.3454231433506094,20442005.0
2202,2023-02-23,11.56,11.6,11.5,11.54,0.0,0.0,12186044.0
2202,2023-02-24,11.54,11.56,11.36,11.43,-0.1099999999999994,-0.9532062391681028,15492323.0
2202,2023-02-27,11.39,11.45,11.29,11.36,-0.0700000000000002,-0.6124234470691214,11637501.0
2202,2023-02-28,11.37,11.43,11.23,11.36,0.0,0.0,24418853.0
2202,2023-03-01,11.34,11.52,11.27,11.48,0.120000000000001,1.0563380281690238,23815376.0
2202,2023-03-02,11.47,11.85,11.45,11.62,0.1399999999999988,1.21951219512193,41827997.0
2202,2023-03-03,11.73,11.75,11.58,11.66,0.0400000000000009,0.3442340791738552,21039499.0
2202,2023-03-06,11.68,11.75,11.58,11.72,0.0600000000000005,0.5145797598627766,26013805.0
2202,2023-03-07,11.69,11.69,11.44,11.46,-0.2599999999999998,-2.2184300341296925,24452140.0
2202,2023-03-08,11.42,11.54,11.37,11.46,0.0,0.0,14719967.0
2202,2023-03-09,11.47,11.51,11.34,11.38,-0.08,-0.6980802792321161,15284790.0
2202,2023-03-10,11.31,11.32,11.1,11.11,-0.2700000000000013,-2.3725834797891143,30672447.0
2202,2023-03-13,11.09,11.17,10.91,11.0,-0.1099999999999994,-0.99009900990098,24985716.0
2202,2023-03-14,10.99,11.0,10.77,10.9,-0.0999999999999996,-0.9090909090909038,20160574.0
2202,2023-03-15,10.95,11.14,10.94,11.12,0.2199999999999988,2.0183486238531945,18770924.0
2202,2023-03-16,11.05,11.08,10.91,10.94,-0.1799999999999997,-1.618705035971224,16206565.0
2202,2023-03-17,11.06,11.07,10.94,10.94,0.0,0.0,17159343.0
2202,2023-03-20,10.94,11.04,10.85,10.93,-0.0099999999999997,-0.0914076782449702,16013274.0
2202,2023-03-21,10.97,11.03,10.9,11.03,0.0999999999999996,0.9149130832570852,15178809.0
2202,2023-03-22,11.06,11.1,10.98,11.05,0.0200000000000013,0.1813236627379977,15797322.0
2202,2023-03-23,11.01,11.06,10.98,11.05,0.0,0.0,13547103.0
2202,2023-03-24,11.06,11.16,11.03,11.14,0.0899999999999998,0.8144796380090469,17507505.0
2202,2023-03-27,11.16,11.3,11.08,11.27,0.129999999999999,1.1669658886894083,27027008.0
2202,2023-03-28,11.28,11.32,11.1,11.12,-0.1500000000000003,-1.3309671694764935,18351998.0
2202,2023-03-29,11.1,11.2,11.06,11.08,-0.0399999999999991,-0.3597122302158251,12257563.0
2202,2023-03-30,11.1,11.15,10.91,11.15,0.0700000000000002,0.631768953068601,17421686.0
2202,2023-03-31,10.98,11.1,10.96,11.04,-0.1100000000000012,-0.9865470852018056,18525663.0
2202,2023-04-03,11.04,11.13,10.96,11.08,0.0400000000000009,0.3623188405797117,20816902.0
2202,2023-04-04,11.1,11.12,10.98,11.03,-0.0500000000000007,-0.4512635379061436,18905534.0
2202,2023-04-06,11.02,11.02,10.93,11.01,-0.0199999999999995,-0.1813236627379866,15197231.0
2202,2023-04-07,10.97,11.05,10.97,11.02,0.0099999999999997,0.0908265213442227,10774422.0
2202,2023-04-10,11.02,11.08,11.0,11.02,0.0,0.0,13869240.0
2202,2023-04-11,10.98,11.1,10.93,11.1,0.08,0.7259528130671544,17557220.0
2202,2023-04-12,11.11,11.16,11.05,11.08,-0.0199999999999995,-0.1801801801801783,15401542.0
2202,2023-04-13,11.16,11.39,11.16,11.24,0.1600000000000001,1.4440433212996373,43399734.0
2202,2023-04-14,11.22,11.31,11.17,11.25,0.0099999999999997,0.0889679715302405,20639223.0
2202,2023-04-17,11.2,11.41,11.2,11.37,0.1199999999999992,1.0666666666666602,30140197.0
2202,2023-04-18,11.37,11.44,11.28,11.31,-0.0599999999999987,-0.5277044854881119,24963024.0
2202,2023-04-19,11.3,11.3,11.17,11.25,-0.0600000000000005,-0.5305039787798504,21083293.0
2202,2023-04-20,11.27,11.28,11.05,11.07,-0.1799999999999997,-1.6000000000000014,20575205.0
2202,2023-04-21,11.14,11.15,10.88,10.9,-0.1699999999999999,-1.5356820234869062,24463506.0
2202,2023-04-24,10.87,10.92,10.79,10.82,-0.08,-0.7339449541284404,15920919.0
2202,2023-04-25,10.82,10.89,10.45,10.6,-0.2200000000000006,-2.0332717190388205,29478254.0
2202,2023-04-26,10.53,10.88,10.51,10.77,0.1699999999999999,1.6037735849056656,21391031.0
2202,2023-04-27,10.84,11.03,10.75,10.99,0.2200000000000006,2.042711234911798,22359208.0
2202,2023-04-28,10.94,11.04,10.93,10.96,-0.0299999999999993,-0.2729754322110977,16147199.0
2202,2023-05-04,10.88,10.98,10.8,10.97,0.0099999999999997,0.0912408759124128,17340348.0
2202,2023-05-05,10.97,10.97,10.72,10.83,-0.1400000000000005,-1.2762078395624488,19607991.0
2202,2023-05-08,10.83,11.19,10.83,11.11,0.2799999999999993,2.5854108956602007,32639701.0
2202,2023-05-09,11.12,11.17,11.0,11.02,-0.0899999999999998,-0.8100810081008047,19229599.0
2202,2023-05-10,10.99,11.29,10.96,11.2,0.1799999999999997,1.6333938294010864,31737493.0
2202,2023-05-11,11.24,11.26,11.13,11.19,-0.0099999999999997,-0.0892857142857139,16807956.0
2202,2023-05-12,11.18,11.2,11.05,11.1,-0.0899999999999998,-0.8042895442359255,15999203.0
2202,2023-05-15,11.09,11.28,11.08,11.25,0.1500000000000003,1.3513513513513598,21766214.0
2202,2023-05-16,11.27,11.48,11.23,11.28,0.0299999999999993,0.2666666666666595,40858027.0
2202,2023-05-17,11.29,11.37,11.22,11.28,0.0,0.0,17286042.0
2202,2023-05-18,11.25,11.3,11.15,11.22,-0.0599999999999987,-0.5319148936170137,17476716.0
2202,2023-05-19,11.21,11.22,11.09,11.15,-0.0700000000000002,-0.6238859180035639,13117708.0
2202,2023-05-22,11.13,11.28,11.11,11.22,0.0700000000000002,0.627802690582957,13678112.0
2202,2023-05-23,11.24,11.25,11.1,11.11,-0.1100000000000012,-0.9803921568627528,12843083.0
2202,2023-05-24,11.1,11.14,10.91,10.92,-0.1899999999999995,-1.7101710171017026,17180998.0
2202,2023-05-25,10.88,11.17,10.88,11.1,0.1799999999999997,1.6483516483516425,20783185.0
2202,2023-05-26,11.11,11.13,10.86,11.0,-0.0999999999999996,-0.9009009009009028,13541844.0
2202,2023-05-29,11.0,11.03,10.88,10.9,-0.0999999999999996,-0.9090909090909038,13178501.0
2202,2023-05-30,10.91,10.97,10.74,10.86,-0.0400000000000009,-0.3669724770642313,14700915.0
2202,2023-05-31,10.85,10.9,10.8,10.88,0.0200000000000013,0.1841620626151119,15270479.0
2202,2023-06-01,10.85,10.96,10.81,10.85,-0.0300000000000011,-0.2757352941176627,14972135.0
2202,2023-06-02,10.9,11.1,10.86,10.99,0.1400000000000005,1.2903225806451646,18520162.0
2202,2023-06-05,10.99,11.01,10.9,10.94,-0.0500000000000007,-0.4549590536851777,11623376.0
2202,2023-06-06,10.91,10.91,10.67,10.71,-0.2299999999999986,-2.102376599634359,19775078.0
2202,2023-06-07,10.72,10.74,10.52,10.58,-0.1300000000000007,-1.2138188608776912,18735735.0
2202,2023-06-08,10.59,10.66,10.54,10.63,0.0500000000000007,0.4725897920605071,10930301.0
2202,2023-06-09,10.65,10.74,10.61,10.73,0.0999999999999996,0.940733772342428,15274025.0
2202,2023-06-12,10.72,10.72,10.61,10.66,-0.0700000000000002,-0.6523765144454852,10943108.0
2202,2023-06-13,10.67,10.71,10.61,10.66,0.0,0.0,8955132.0
2202,2023-06-14,10.69,10.69,10.59,10.61,-0.0500000000000007,-0.4690431519699833,11662927.0
2202,2023-06-15,10.62,10.85,10.6,10.85,0.2400000000000002,2.262016965127245,23070500.0
2202,2023-06-16,10.85,10.89,10.75,10.82,-0.0299999999999993,-0.2764976958525289,18914658.0
2202,2023-06-19,10.83,10.86,10.77,10.84,0.0199999999999995,0.1848428835489857,12663980.0
2202,2023-06-20,10.83,10.84,10.73,10.78,-0.0600000000000005,-0.5535055350553542,9100484.0
2202,2023-06-21,10.77,10.83,10.68,10.7,-0.08,-0.7421150278293154,11616346.0
2202,2023-06-26,10.11,10.51,10.0,10.37,-0.33,-3.084112149532714,32635285.0
2202,2023-06-27,10.36,10.5,10.3,10.43,0.0600000000000005,0.5785920925747368,13463586.0
2202,2023-06-28,10.45,10.5,10.34,10.47,0.0400000000000009,0.3835091083413289,12276360.0
2202,2023-06-29,10.47,10.67,10.45,10.64,0.1699999999999999,1.623686723973261,16135648.0
2202,2023-06-30,10.62,10.71,10.58,10.62,-0.0200000000000013,-0.1879699248120481,11286133.0
2202,2023-07-03,10.68,10.82,10.67,10.77,0.1500000000000003,1.412429378531077,13786914.0
2202,2023-07-04,10.78,10.8,10.67,10.74,-0.0299999999999993,-0.278551532033422,10268483.0
2202,2023-07-05,10.7,10.75,10.63,10.64,-0.0999999999999996,-0.9310986964618184,8071646.0
2202,2023-07-06,10.64,10.79,10.64,10.73,0.0899999999999998,0.8458646616541277,13149179.0
2202,2023-07-07,10.71,10.74,10.58,10.64,-0.0899999999999998,-0.8387698042870428,9407611.0
2202,2023-07-10,10.66,10.8,10.66,10.74,0.0999999999999996,0.9398496240601516,10012200.0
2202,2023-07-11,10.72,10.83,10.7,10.83,0.0899999999999998,0.8379888268156499,11253839.0
2202,2023-07-12,10.83,10.88,10.76,10.78,-0.0500000000000007,-0.4616805170821858,10378230.0
2202,2023-07-13,10.88,10.93,10.84,10.92,0.1400000000000005,1.2987012987013102,14589175.0
2202,2023-07-14,10.88,10.91,10.81,10.85,-0.0700000000000002,-0.6410256410256387,9734533.0
2202,2023-07-17,10.85,10.89,10.76,10.83,-0.0199999999999995,-0.1843317972350155,9624597.0
2202,2023-07-18,10.87,10.98,10.81,10.93,0.0999999999999996,0.9233610341643494,19261405.0
2202,2023-07-19,10.93,10.97,10.83,10.91,-0.0199999999999995,-0.182982616651417,8039073.0
2202,2023-07-20,10.88,10.97,10.81,10.81,-0.0999999999999996,-0.9165902841429818,8913856.0
2202,2023-07-21,10.81,10.85,10.73,10.8,-0.0099999999999997,-0.0925069380203535,8831285.0
2202,2023-07-24,10.74,10.84,10.74,10.82,0.0199999999999995,0.1851851851851771,6907351.0
2202,2023-07-25,10.85,10.94,10.85,10.93,0.1099999999999994,1.0166358595194105,15777898.0
2202,2023-07-26,10.94,10.98,10.9,10.94,0.0099999999999997,0.0914913083257085,9654865.0
2202,2023-07-27,10.9,11.06,10.9,10.95,0.0099999999999997,0.0914076782449813,14368397.0
2202,2023-07-28,10.93,11.1,10.86,11.07,0.120000000000001,1.0958904109589218,18472753.0
2202,2023-07-31,11.12,11.24,11.11,11.2,0.129999999999999,1.174345076784089,19698761.0
2202,2023-08-01,11.19,11.23,11.14,11.19,-0.0099999999999997,-0.0892857142857139,13436872.0
2202,2023-08-02,11.2,11.22,11.12,11.16,-0.0299999999999993,-0.2680965147452974,9508755.0
2202,2023-08-03,11.13,11.22,11.09,11.21,0.0500000000000007,0.4480286738351324,11753293.0
2202,2023-08-04,11.25,11.32,11.18,11.19,-0.0200000000000013,-0.1784121320249854,12101690.0
2202,2023-08-07,11.18,11.21,11.12,11.15,-0.0399999999999991,-0.3574620196604039,9080699.0
2202,2023-08-08,11.12,11.17,11.02,11.13,-0.0199999999999995,-0.1793721973094131,9667683.0
2202,2023-08-09,11.13,11.13,10.99,11.03,-0.1000000000000014,-0.8984725965858198,10454955.0
2202,2023-08-10,11.05,11.16,11.03,11.12,0.0899999999999998,0.8159564823209342,9253132.0
2202,2023-08-11,11.1,11.1,10.88,10.88,-0.2399999999999984,-2.1582733812949506,10515148.0
2202,2023-08-14,10.85,10.96,10.73,10.91,0.0299999999999993,0.2757352941176405,11268752.0
2202,2023-08-15,10.92,10.93,10.76,10.82,-0.0899999999999998,-0.8249312557286892,8239823.0
2202,2023-08-16,10.82,10.84,10.74,10.77,-0.0500000000000007,-0.4621072088724642,7994848.0
2202,2023-08-17,10.72,10.85,10.52,10.82,0.0500000000000007,0.464252553389044,14688033.0
2202,2023-08-18,10.75,10.76,10.61,10.61,-0.2100000000000008,-1.9408502772643277,8618738.0
2202,2023-08-21,10.61,10.66,10.41,10.42,-0.1899999999999995,-1.790763430725728,14363451.0
2202,2023-08-22,10.34,10.36,9.83,10.01,-0.4100000000000001,-3.9347408829174646,49391455.0
2202,2023-08-23,9.99,9.99,9.72,9.73,-0.2799999999999993,-2.7972027972027913,25446425.0
2202,2023-08-24,9.74,9.8,9.45,9.46,-0.2699999999999996,-2.7749229188078095,32878791.0
2202,2023-08-25,9.42,9.44,9.22,9.28,-0.1800000000000015,-1.902748414376332,22365202.0
2202,2023-08-28,9.8,9.83,9.33,9.43,0.1500000000000003,1.6163793103448398,32889584.0
2202,2023-08-29,9.43,9.59,9.38,9.54,0.1099999999999994,1.166489925768821,23766455.0
2202,2023-08-30,9.54,9.64,9.52,9.54,0.0,0.0,14724893.0
2202,2023-08-31,9.55,9.55,9.46,9.5,-0.0399999999999991,-0.4192872117400381,11652332.0
2202,2023-09-01,9.5,9.54,9.39,9.44,-0.0600000000000005,-0.6315789473684275,13726430.0
2202,2023-09-04,9.48,9.59,9.41,9.58,0.1400000000000005,1.4830508474576345,23517218.0
2202,2023-09-05,9.58,9.65,9.49,9.51,-0.0700000000000002,-0.7306889352818424,16924809.0
2202,2023-09-06,9.51,9.61,9.46,9.59,0.08,0.8412197686645584,16659180.0
2202,2023-09-07,9.58,9.58,9.4,9.4,-0.1899999999999995,-1.9812304483837304,14793172.0
2202,2023-09-08,9.4,9.45,9.36,9.43,0.0299999999999993,0.3191489361701993,7183377.0
2202,2023-09-11,9.43,9.54,9.39,9.52,0.0899999999999998,0.9544008483563182,16356970.0
2202,2023-09-12,9.5,9.55,9.47,9.51,-0.0099999999999997,-0.1050420168067223,9668996.0
2202,2023-09-13,9.5,9.52,9.36,9.42,-0.0899999999999998,-0.9463722397476282,12095964.0
2202,2023-09-14,9.39,9.43,9.26,9.31,-0.1099999999999994,-1.1677282377919207,16038076.0
2202,2023-09-15,9.32,9.37,9.25,9.26,-0.0500000000000007,-0.537056928034374,13995122.0
2202,2023-09-18,9.22,9.35,9.16,9.27,0.0099999999999997,0.1079913606911509,10960639.0
2202,2023-09-19,9.23,9.3,9.18,9.2,-0.0700000000000002,-0.7551240560949357,11493098.0
2202,2023-09-20,9.18,9.22,9.14,9.15,-0.0499999999999989,-0.5434782608695565,10076860.0
2202,2023-09-21,9.13,9.17,9.0,9.02,-0.1300000000000007,-1.4207650273224126,15907219.0
2202,2023-09-22,8.99,9.19,8.97,9.18,0.1600000000000001,1.7738359201773912,16339986.0
2202,2023-09-25,9.18,9.2,9.09,9.15,-0.0299999999999993,-0.3267973856209027,11680755.0
2202,2023-09-26,9.16,9.23,9.08,9.14,-0.0099999999999997,-0.1092896174863411,10335853.0
2202,2023-09-27,9.12,9.34,9.1,9.25,0.1099999999999994,1.2035010940919078,21469731.0
2202,2023-09-28,9.23,9.31,9.2,9.23,-0.0199999999999995,-0.216216216216214,13708388.0
2202,2023-10-09,9.2,9.32,9.14,9.28,0.0499999999999989,0.5417118093174356,15701276.0
2202,2023-10-10,9.3,9.3,9.19,9.22,-0.0599999999999987,-0.6465517241379226,11154747.0
2202,2023-10-11,9.24,9.28,9.17,9.2,-0.0200000000000013,-0.2169197396963307,10990056.0
2202,2023-10-12,9.22,9.37,9.2,9.33,0.1300000000000007,1.413043478260878,19635375.0
2202,2023-10-13,9.26,9.28,9.16,9.23,-0.0999999999999996,-1.0718113612004254,12037024.0
2202,2023-10-16,9.23,9.32,9.16,9.19,-0.0400000000000009,-0.4333694474539684,11615582.0
2202,2023-10-17,9.22,9.3,9.18,9.19,0.0,0.0,13164678.0
2202,2023-10-18,9.17,9.2,9.05,9.06,-0.129999999999999,-1.4145810663764855,11509496.0
2202,2023-10-19,9.03,9.06,8.89,8.9,-0.1600000000000001,-1.7660044150110354,17264148.0
2202,2023-10-20,8.89,9.07,8.84,8.97,0.0700000000000002,0.786516853932584,19764368.0
2202,2023-10-23,8.95,8.97,8.55,8.62,-0.3500000000000014,-3.901895206243045,25139420.0
2202,2023-10-24,8.62,8.7,8.42,8.67,0.0500000000000007,0.5800464037122977,26752270.0
2202,2023-10-25,8.72,8.94,8.72,8.82,0.1500000000000003,1.730103806228378,21819385.0
2202,2023-10-26,8.78,8.82,8.63,8.8,-0.0199999999999995,-0.2267573696145053,15722979.0
2202,2023-10-27,8.7,8.84,8.36,8.79,-0.0100000000000015,-0.1136363636363824,29335948.0
2202,2023-10-30,8.8,8.91,8.76,8.9,0.1100000000000012,1.2514220705347023,20558516.0
2202,2023-10-31,8.91,8.91,8.77,8.79,-0.1100000000000012,-1.2359550561797938,14181177.0
2202,2023-11-01,8.88,8.93,8.76,8.89,0.1000000000000014,1.1376564277588264,19121144.0
2202,2023-11-02,8.86,8.91,8.78,8.79,-0.1000000000000014,-1.1248593925759387,12128949.0
2202,2023-11-03,8.78,8.91,8.78,8.85,0.0600000000000005,0.6825938566553003,13621023.0
2202,2023-11-06,8.9,9.1,8.88,9.09,0.2400000000000002,2.7118644067796627,23234955.0
2202,2023-11-07,9.09,9.09,9.01,9.06,-0.0299999999999993,-0.3300330033003229,12137112.0
2202,2023-11-08,9.04,9.08,8.98,9.05,-0.0099999999999997,-0.1103752759381904,14903164.0
2202,2023-11-09,9.02,9.17,9.01,9.09,0.0399999999999991,0.4419889502762286,14982168.0
2202,2023-11-10,9.08,9.09,8.98,9.02,-0.0700000000000002,-0.7700770077007757,10830930.0
2202,2023-11-13,9.02,9.09,8.99,9.06,0.0400000000000009,0.4434589800443644,9866315.0
2202,2023-11-14,9.06,9.14,9.03,9.07,0.0099999999999997,0.1103752759381793,10809519.0
2202,2023-11-15,9.14,9.18,9.08,9.15,0.08,0.8820286659316334,14351706.0
2202,2023-11-16,9.17,9.18,9.04,9.05,-0.0999999999999996,-1.0928961748633892,13620464.0
2202,2023-11-17,9.04,9.08,9.0,9.05,0.0,0.0,10310411.0
2202,2023-11-20,9.05,9.09,9.0,9.08,0.0299999999999993,0.3314917127071659,9416189.0
2202,2023-11-21,9.06,9.12,9.02,9.04,-0.0400000000000009,-0.440528634361248,12626494.0
2202,2023-11-22,9.02,9.06,8.96,8.96,-0.0799999999999983,-0.8849557522123686,13467755.0
2202,2023-11-23,8.96,9.0,8.92,9.0,0.0399999999999991,0.4464285714285587,11123495.0
2202,2023-11-24,8.97,8.98,8.88,8.9,-0.0999999999999996,-1.1111111111111072,13642271.0
2202,2023-11-27,8.86,8.9,8.73,8.81,-0.0899999999999998,-1.0112359550561778,13572930.0
2202,2023-11-28,8.82,8.88,8.75,8.86,0.0499999999999989,0.567536889897835,11899890.0
2202,2023-11-29,8.88,8.91,8.75,8.77,-0.0899999999999998,-1.015801354401802,10350844.0
2202,2023-11-30,8.74,8.8,8.68,8.7,-0.0700000000000002,-0.7981755986317007,13930076.0
2202,2023-12-01,8.69,8.71,8.47,8.53,-0.1699999999999999,-1.9540229885057436,26933272.0
2202,2023-12-04,8.53,8.57,8.49,8.5,-0.0299999999999993,-0.3516998827666984,14583526.0
2202,2023-12-05,8.49,8.51,8.36,8.37,-0.1300000000000007,-1.5294117647058902,18247795.0
2202,2023-12-06,8.37,8.44,8.28,8.32,-0.0499999999999989,-0.5973715651134914,20213117.0
2202,2023-12-07,8.34,8.36,8.17,8.23,-0.0899999999999998,-1.081730769230771,18486747.0
2202,2023-12-08,8.28,8.43,8.25,8.34,0.1099999999999994,1.3365735115431263,24988368.0
2202,2023-12-11,8.3,8.31,8.12,8.28,-0.0600000000000005,-0.7194244604316613,20450133.0
2202,2023-12-12,8.27,8.27,8.16,8.19,-0.0899999999999998,-1.0869565217391242,15681391.0
2202,2023-12-13,8.16,8.18,7.97,7.97,-0.2199999999999997,-2.686202686202688,28573465.0
2202,2023-12-14,7.98,8.05,7.91,7.92,-0.0499999999999998,-0.6273525721455453,16198932.0
2202,2023-12-15,7.91,8.0,7.83,7.84,-0.08,-1.0101010101010055,22074720.0
2202,2023-12-18,7.84,7.84,7.66,7.69,-0.1499999999999994,-1.913265306122447,22718117.0
2202,2023-12-19,7.66,7.71,7.55,7.6,-0.0900000000000007,-1.170351105331613,24261424.0
2202,2023-12-20,7.62,7.64,7.48,7.48,-0.1199999999999992,-1.5789473684210464,25236629.0
2202,2023-12-21,7.45,7.59,7.39,7.55,0.0699999999999994,0.9358288770053402,28055611.0
2202,2023-12-22,7.54,7.69,7.4,7.59,0.04,0.5298013245033095,32131311.0
2202,2023-12-25,7.58,7.65,7.55,7.62,0.0300000000000002,0.3952569169960451,15488526.0
2202,2023-12-26,7.61,7.72,7.6,7.68,0.0599999999999996,0.7874015748031482,21831395.0
2202,2023-12-27,7.73,7.74,7.53,7.63,-0.0499999999999998,-0.651041666666663,19774827.0
2202,2023-12-28,7.6,7.94,7.6,7.93,0.2999999999999998,3.931847968545221,39103997.0
2202,2023-12-29,7.91,8.0,7.87,8.0,0.0700000000000002,0.8827238335435084,25533410.0
2202,2024-01-02,8.0,8.02,7.91,7.92,-0.08,-1.0000000000000009,18001727.0
2202,2024-01-03,7.89,7.95,7.86,7.92,0.0,0.0,17961436.0
2202,2024-01-04,7.92,7.92,7.68,7.79,-0.1299999999999999,-1.6414141414141437,21364782.0
2202,2024-01-05,7.78,7.85,7.63,7.67,-0.1200000000000001,-1.5404364569961526,14993686.0
2202,2024-01-08,7.68,7.77,7.56,7.58,-0.0899999999999998,-1.1734028683181186,15259614.0
2202,2024-01-09,7.57,7.7,7.5,7.62,0.04,0.5277044854881341,16702969.0
2202,2024-01-10,7.6,7.67,7.48,7.59,-0.0300000000000002,-0.3937007874015741,18057118.0
2202,2024-01-11,7.58,7.75,7.53,7.72,0.1299999999999999,1.7127799736495364,20185797.0
2202,2024-01-12,7.7,7.85,7.68,7.77,0.0499999999999998,0.6476683937823857,17021043.0
2202,2024-01-15,7.75,7.75,7.61,7.66,-0.1099999999999994,-1.4157014157014092,13150663.0
2202,2024-01-16,7.65,7.72,7.55,7.66,0.0,0.0,15761283.0
2202,2024-01-17,7.66,7.66,7.45,7.45,-0.2099999999999999,-2.741514360313313,17932782.0
2202,2024-01-18,7.41,7.47,7.2,7.46,0.0099999999999997,0.1342281879194606,30196749.0
2202,2024-01-19,7.43,7.53,7.34,7.37,-0.0899999999999998,-1.2064343163538882,15325853.0
2202,2024-01-22,7.35,7.35,7.01,7.08,-0.29,-3.934871099050208,27314995.0
2202,2024-01-23,7.05,7.22,6.96,7.14,0.0599999999999996,0.8474576271186418,19051725.0
2202,2024-01-24,7.2,7.32,7.03,7.3,0.1600000000000001,2.2408963585434094,19377161.0
2202,2024-01-25,7.31,7.48,7.24,7.48,0.1800000000000006,2.465753424657535,19110533.0
2202,2024-01-26,7.45,7.54,7.43,7.47,-0.0100000000000006,-0.1336898395722041,14758612.0
2202,2024-01-29,7.51,7.55,7.36,7.37,-0.0999999999999996,-1.338688085676032,12940819.0
2202,2024-01-30,7.35,7.41,7.18,7.23,-0.1399999999999996,-1.8995929443690551,13330484.0
2202,2024-01-31,7.17,7.26,6.97,6.98,-0.25,-3.457814661134162,20804644.0
2202,2024-02-01,6.91,7.11,6.87,6.98,0.0,0.0,18423790.0
2202,2024-02-02,6.98,7.05,6.51,6.7,-0.2800000000000002,-4.011461318051579,29038951.0
2202,2024-02-05,6.7,6.84,6.37,6.62,-0.08,-1.19402985074627,37591157.0
2202,2024-02-06,6.57,6.98,6.48,6.96,0.3399999999999998,5.1359516616314105,31554581.0
2202,2024-02-07,6.99,7.3,6.93,7.2,0.2400000000000002,3.4482758620689724,37320244.0
2202,2024-02-08,7.2,7.4,7.16,7.34,0.1399999999999996,1.9444444444444375,31722288.0
2202,2024-02-19,7.44,7.44,7.23,7.31,-0.0300000000000002,-0.4087193460490468,23576557.0
2202,2024-02-20,7.3,7.35,7.21,7.28,-0.0299999999999993,-0.4103967168262556,16195819.0
2202,2024-02-21,7.25,7.47,7.18,7.35,0.0699999999999994,0.961538461538458,23998158.0
2202,2024-02-22,7.32,7.41,7.31,7.38,0.0300000000000002,0.4081632653061273,16462505.0
2202,2024-02-23,7.4,7.44,7.32,7.42,0.04,0.5420054200542035,17345886.0
2202,2024-02-26,7.45,7.58,7.41,7.5,0.08,1.0781671159029615,24999715.0
2202,2024-02-27,7.47,7.56,7.43,7.56,0.0599999999999996,0.8000000000000007,19594386.0
2202,2024-02-28,7.56,7.77,7.43,7.45,-0.1099999999999994,-1.4550264550264425,35695895.0
2202,2024-02-29,7.36,7.65,7.35,7.64,0.1899999999999995,2.550335570469797,28834506.0
2202,2024-03-01,7.65,7.7,7.57,7.68,0.04,0.5235602094240788,21413385.0
2202,2024-03-04,7.69,7.79,7.66,7.7,0.0200000000000004,0.260416666666674,23314788.0
2202,2024-03-05,7.67,7.68,7.55,7.57,-0.1299999999999999,-1.688311688311683,20528528.0
2202,2024-03-06,7.53,8.06,7.53,7.95,0.3799999999999999,5.019815059445176,57014333.0
2202,2024-03-07,7.99,7.99,7.7,7.71,-0.2400000000000002,-3.018867924528301,42116347.0
2202,2024-03-08,7.66,8.2,7.65,8.02,0.3099999999999996,4.020752269779493,38173787.0
2202,2024-03-11,7.96,8.14,7.89,8.08,0.0600000000000005,0.7481296758104827,62524999.0
2202,2024-03-12,8.08,8.26,8.06,8.12,0.0399999999999991,0.4950495049504955,61914239.0
2202,2024-03-13,8.06,8.07,7.93,7.96,-0.1599999999999992,-1.970443349753681,37639081.0
2202,2024-03-14,7.96,8.02,7.8,7.86,-0.0999999999999996,-1.2562814070351758,26973540.0
2202,2024-03-15,7.83,7.93,7.75,7.87,0.0099999999999997,0.127226463104324,23579319.0
2202,2024-03-18,7.88,7.96,7.84,7.96,0.0899999999999998,1.1435832274459878,25552230.0
2202,2024-03-19,7.95,7.95,7.85,7.85,-0.1100000000000003,-1.3819095477387022,21056401.0
2202,2024-03-20,7.85,7.87,7.8,7.86,0.0100000000000006,0.1273885350318471,16650522.0
2202,2024-03-21,7.88,7.89,7.76,7.82,-0.04,-0.5089058524173073,23435791.0
2202,2024-03-22,7.78,7.81,7.61,7.64,-0.1800000000000006,-2.3017902813299296,22115602.0
2202,2024-03-25,7.59,7.69,7.5,7.51,-0.1299999999999999,-1.7015706806282729,19162537.0
2202,2024-03-26,7.47,7.56,7.4,7.56,0.0499999999999998,0.665778961384822,17487236.0
2202,2024-03-27,7.54,7.57,7.33,7.33,-0.2299999999999995,-3.042328042328035,15334470.0
2202,2024-03-28,7.32,7.52,7.3,7.43,0.0999999999999996,1.3642564802182733,14511576.0
2202,2024-03-29,7.41,7.57,7.4,7.53,0.1000000000000005,1.3458950201884257,16331952.0
2202,2024-04-01,7.57,7.68,7.55,7.66,0.1299999999999999,1.726427622841964,18886505.0
2202,2024-04-02,7.9,7.97,7.81,7.92,0.2599999999999998,3.394255874673635,55416133.0
2202,2024-04-03,7.87,7.92,7.79,7.84,-0.08,-1.0101010101010055,26243166.0
2202,2024-04-08,7.8,7.85,7.69,7.69,-0.1499999999999994,-1.913265306122447,22423391.0
2202,2024-04-09,7.68,7.85,7.67,7.84,0.1499999999999994,1.950585175552666,19735878.0
2202,2024-04-10,7.8,7.81,7.68,7.71,-0.1299999999999999,-1.658163265306123,15635629.0
2202,2024-04-11,7.63,7.82,7.61,7.76,0.0499999999999998,0.6485084306095956,16713961.0
2202,2024-04-12,7.76,7.82,7.64,7.65,-0.1099999999999994,-1.4175257731958713,14943613.0
2202,2024-04-15,7.6,7.76,7.54,7.68,0.0299999999999993,0.3921568627450966,19264618.0
2202,2024-04-16,7.6,7.69,7.39,7.4,-0.2799999999999993,-3.645833333333326,24141992.0
2202,2024-04-17,7.44,7.68,7.43,7.68,0.2799999999999993,3.7837837837837673,21033342.0
2202,2024-04-18,7.68,7.71,7.6,7.67,-0.0099999999999997,-0.1302083333333259,18355609.0
2202,2024-04-19,7.65,7.68,7.42,7.44,-0.2299999999999995,-2.9986962190351907,23189341.0
2202,2024-04-22,7.46,7.51,7.33,7.35,-0.0900000000000007,-1.2096774193548487,18961797.0
2202,2024-04-23,7.36,7.42,7.26,7.26,-0.0899999999999998,-1.224489795918371,16305085.0
2202,2024-04-24,7.28,7.31,7.21,7.31,0.0499999999999998,0.688705234159781,13793485.0
2202,2024-04-25,7.27,7.37,7.24,7.33,0.0200000000000004,0.2735978112175186,13310076.0
2202,2024-04-26,7.3,7.44,7.29,7.43,0.0999999999999996,1.3642564802182733,18198748.0
2202,2024-04-29,7.4,7.87,7.37,7.84,0.4100000000000001,5.518169582772536,58270899.0
2202,2024-04-30,7.82,7.83,7.56,7.63,-0.2099999999999999,-2.67857142857143,38167073.0
2202,2024-05-06,7.83,7.9,7.79,7.85,0.2199999999999997,2.8833551769331445,39783526.0
2202,2024-05-07,7.86,7.9,7.76,7.9,0.0500000000000007,0.6369426751592355,27941549.0
2202,2024-05-08,7.89,7.95,7.78,7.8,-0.1000000000000005,-1.265822784810133,22386406.0
2202,2024-05-09,7.77,7.94,7.77,7.92,0.1200000000000001,1.538461538461533,25777719.0
2202,2024-05-10,8.0,8.04,7.88,8.0,0.08,1.0101010101010166,38645904.0
2202,2024-05-13,7.95,8.08,7.88,8.04,0.0399999999999991,0.4999999999999893,31069307.0
2202,2024-05-14,8.06,8.15,7.97,7.99,-0.0499999999999989,-0.6218905472636704,30987995.0
2202,2024-05-15,7.96,8.04,7.87,7.89,-0.1000000000000005,-1.251564455569465,21112822.0
2202,2024-05-16,7.9,7.98,7.82,7.84,-0.0499999999999998,-0.6337135614702172,19103346.0
2202,2024-05-17,7.85,7.92,7.79,7.92,0.08,1.0204081632652962,15851920.0
2202,2024-05-20,7.9,8.03,7.88,7.96,0.04,0.5050505050504972,19609547.0
2202,2024-05-21,7.94,7.97,7.86,7.89,-0.0700000000000002,-0.8793969849246297,15062857.0
2202,2024-05-22,7.88,8.04,7.87,8.04,0.1499999999999994,1.9011406844106291,23561730.0
2202,2024-05-23,8.0,8.02,7.82,7.85,-0.1899999999999995,-2.3631840796019876,19065530.0
2202,2024-05-24,7.8,7.95,7.8,7.85,0.0,0.0,17701727.0
2202,2024-05-27,7.86,7.9,7.8,7.9,0.0500000000000007,0.6369426751592355,14484782.0
2202,2024-05-28,7.88,8.1,7.87,7.97,0.0699999999999994,0.8860759493670711,38495134.0
2202,2024-05-29,8.12,8.14,7.88,7.94,-0.0299999999999993,-0.3764115432873249,47329794.0
2202,2024-05-30,7.99,8.04,7.9,7.92,-0.0200000000000004,-0.2518891687657509,28144290.0
2202,2024-05-31,7.91,7.94,7.8,7.8,-0.1200000000000001,-1.5151515151515138,28573429.0
2202,2024-06-03,7.8,7.8,7.57,7.67,-0.1299999999999999,-1.6666666666666607,33127400.0
2202,2024-06-04,7.66,7.81,7.54,7.79,0.1200000000000001,1.5645371577575062,26850794.0
2202,2024-06-05,7.78,7.84,7.72,7.73,-0.0599999999999996,-0.7702182284980652,19168424.0
2202,2024-06-06,7.73,7.78,7.65,7.69,-0.04,-0.5174644243208237,22416673.0
2202,2024-06-07,7.69,7.77,7.5,7.62,-0.0700000000000002,-0.910273081924584,28526041.0
2202,2024-06-11,7.59,7.64,7.48,7.53,-0.0899999999999998,-1.1811023622047223,26716417.0
2202,2024-06-12,7.54,7.55,7.38,7.43,-0.1000000000000005,-1.3280212483399834,33495826.0
2202,2024-06-13,7.43,7.49,7.34,7.37,-0.0599999999999996,-0.8075370121130465,43585837.0
2202,2024-06-14,7.36,7.7,7.3,7.7,0.33,4.477611940298498,87308779.0
2202,2024-06-17,7.55,7.55,7.17,7.32,-0.3799999999999999,-4.935064935064936,79453251.0
2202,2024-06-18,7.26,7.35,7.22,7.34,0.0199999999999995,0.2732240437158362,26303527.0
2202,2024-06-19,7.35,7.35,7.18,7.2,-0.1399999999999996,-1.9073569482288777,24496038.0
2202,2024-06-20,7.16,7.21,7.01,7.02,-0.1800000000000006,-2.5000000000000133,23669599.0
2202,2024-06-21,7.0,7.07,6.96,6.96,-0.0599999999999996,-0.8547008547008517,20230484.0
2202,2024-06-24,6.95,6.95,6.76,6.82,-0.1399999999999996,-2.011494252873558,23484931.0
2202,2024-06-25,6.81,6.9,6.75,6.79,-0.0300000000000002,-0.4398826979472137,17898647.0
2202,2024-06-26,6.77,6.86,6.7,6.84,0.0499999999999998,0.7363770250368162,22150464.0
2202,2024-06-27,6.85,6.86,6.69,6.69,-0.1499999999999994,-2.1929824561403466,19134336.0
2202,2024-06-28,6.68,6.84,6.67,6.72,0.0299999999999993,0.4484304932735439,21278392.0
2202,2024-07-01,6.73,6.8,6.66,6.76,0.04,0.5952380952380931,19477240.0
2202,2024-07-02,6.75,6.82,6.7,6.79,0.0300000000000002,0.4437869822485174,20978856.0
2202,2024-07-03,6.78,6.83,6.74,6.78,-0.0099999999999997,-0.1472754050073632,18315020.0
2202,2024-07-04,6.78,6.82,6.59,6.59,-0.1900000000000004,-2.8023598820059004,19339207.0
2202,2024-07-05,6.58,6.65,6.53,6.63,0.04,0.6069802731411222,13297630.0
2202,2024-07-08,6.66,6.66,6.5,6.53,-0.0999999999999996,-1.5082956259426794,13796504.0
2202,2024-07-09,6.53,6.7,6.46,6.69,0.1600000000000001,2.4502297090352343,19321563.0
2202,2024-07-10,6.68,6.77,6.63,6.69,0.0,0.0,14557357.0
2202,2024-07-11,6.77,6.99,6.77,6.95,0.2599999999999998,3.8863976083707064,26981457.0
2202,2024-07-12,6.95,6.98,6.91,6.94,-0.0099999999999997,-0.1438848920863322,14790319.0
2202,2024-07-15,6.93,6.93,6.83,6.86,-0.08,-1.1527377521613813,12292025.0
2202,2024-07-16,6.86,6.89,6.77,6.87,0.0099999999999997,0.1457725947521915,12314250.0
2202,2024-07-17,6.9,6.96,6.86,6.89,0.0199999999999995,0.2911208151382682,15015675.0
2202,2024-07-18,6.88,6.96,6.78,6.94,0.0500000000000007,0.7256894049346929,15091838.0
2202,2024-07-19,6.92,6.98,6.9,6.97,0.0299999999999993,0.4322766570605152,14302983.0
2202,2024-07-22,6.97,7.15,6.95,7.08,0.1100000000000003,1.5781922525107683,29272824.0
2202,2024-07-23,7.06,7.41,7.02,7.26,0.1799999999999997,2.5423728813559254,62576099.0
2202,2024-07-24,7.22,7.59,7.19,7.41,0.1500000000000003,2.066115702479343,64496901.0
2202,2024-07-25,7.43,7.82,7.37,7.79,0.3799999999999999,5.128205128205132,95604682.0
2202,2024-07-26,7.72,8.36,7.7,8.24,0.4500000000000002,5.776636713735561,135496240.0
2202,2024-07-29,8.21,8.21,7.85,7.93,-0.3100000000000005,-3.762135922330101,84449989.0
2202,2024-07-30,7.88,8.14,7.85,8.04,0.1099999999999994,1.387137452711218,66851838.0
2202,2024-07-31,8.0,8.08,7.94,8.01,-0.0299999999999993,-0.3731343283582045,55300327.0
2202,2024-08-01,7.97,8.15,7.94,7.99,-0.0199999999999995,-0.2496878901373178,39298932.0
2202,2024-08-02,7.94,8.07,7.73,7.74,-0.25,-3.1289111389236512,52863750.0
2202,2024-08-05,7.7,7.84,7.66,7.66,-0.08,-1.033591731266148,39940009.0
2202,2024-08-06,7.76,7.84,7.67,7.72,0.0599999999999996,0.7832898172323688,27823163.0
2202,2024-08-07,7.75,7.88,7.69,7.81,0.0899999999999998,1.1658031088082943,24321830.0
2202,2024-08-08,7.76,7.83,7.68,7.81,0.0,0.0,25612600.0
2202,2024-08-09,7.81,7.91,7.71,7.73,-0.0799999999999991,-1.0243277848911547,18190215.0
2202,2024-08-12,7.87,7.98,7.68,7.75,0.0199999999999995,0.2587322121604174,26961338.0
2202,2024-08-13,7.68,7.88,7.64,7.81,0.0599999999999996,0.774193548387081,23550358.0
2202,2024-08-14,7.82,7.86,7.65,7.65,-0.1599999999999992,-2.048655569782321,19676400.0
2202,2024-08-15,7.65,7.78,7.63,7.7,0.0499999999999998,0.6535947712418277,17131049.0
2202,2024-08-16,7.65,7.68,7.5,7.53,-0.1699999999999999,-2.207792207792203,15747529.0
2202,2024-08-19,7.51,7.62,7.45,7.47,-0.0600000000000005,-0.7968127490039945,19924141.0
2202,2024-08-20,7.5,7.51,7.31,7.34,-0.1299999999999999,-1.7402945113788482,17000647.0
2202,2024-08-21,7.34,7.36,7.26,7.32,-0.0199999999999995,-0.2724795640326904,11874851.0
2202,2024-08-22,7.38,7.49,7.32,7.36,0.04,0.5464480874316946,20423441.0
2202,2024-08-23,7.33,7.47,7.3,7.39,0.0299999999999993,0.4076086956521729,18808720.0
2202,2024-08-26,7.72,8.13,7.66,7.96,0.5700000000000003,7.71312584573749,122732461.0
2202,2024-08-27,7.99,8.35,7.92,8.25,0.29,3.643216080402012,128059846.0
2202,2024-08-28,8.22,8.47,8.09,8.42,0.1699999999999999,2.0606060606060517,82154311.0
2202,2024-08-29,8.41,8.5,8.33,8.35,-0.0700000000000002,-0.8313539192399078,61205276.0
2202,2024-08-30,8.34,8.42,8.24,8.26,-0.0899999999999998,-1.077844311377241,75313181.0
2202,2024-09-02,8.22,8.4,8.2,8.28,0.0199999999999995,0.2421307506053294,44510825.0
2202,2024-09-03,8.23,8.44,8.21,8.37,0.0899999999999998,1.0869565217391353,37306120.0
2202,2024-09-04,8.33,8.6,8.28,8.4,0.0300000000000011,0.3584229390681148,52303400.0
2202,2024-09-05,8.4,8.49,8.32,8.34,-0.0600000000000005,-0.7142857142857229,29819847.0
2202,2024-09-06,8.34,8.39,8.2,8.2,-0.1400000000000005,-1.6786570743405391,26599225.0
2202,2024-09-09,8.19,8.25,8.14,8.19,-0.0099999999999997,-0.1219512195121952,28341374.0
2202,2024-09-10,8.19,8.25,8.08,8.22,0.0300000000000011,0.3663003663003872,26284594.0
2202,2024-09-11,8.16,8.28,8.16,8.23,0.0099999999999997,0.1216545012165504,19387481.0
2202,2024-09-12,8.19,8.34,8.18,8.22,-0.0099999999999997,-0.1215066828675559,25952809.0
2202,2024-09-13,8.25,8.31,8.14,8.16,-0.0600000000000005,-0.7299270072992803,21615872.0
2202,2024-09-18,8.11,8.25,8.06,8.24,0.08,0.9803921568627416,20162229.0
2202,2024-09-19,8.26,8.31,8.17,8.22,-0.0199999999999995,-0.2427184466019416,30920662.0
2202,2024-09-20,8.22,8.28,8.16,8.21,-0.0099999999999997,-0.1216545012165393,22905157.0
2202,2024-09-23,8.22,8.25,8.12,8.16,-0.0500000000000007,-0.6090133982947665,24837160.0
2202,2024-09-24,8.24,8.43,8.19,8.42,0.2599999999999998,3.1862745098039102,45302613.0
2202,2024-09-25,8.47,8.72,8.43,8.57,0.1500000000000003,1.7814726840855055,53403479.0
2202,2024-09-26,8.57,8.76,8.49,8.75,0.1799999999999997,2.100350058343059,45535352.0
2202,2024-09-27,8.88,9.27,8.81,9.14,0.3900000000000005,4.457142857142871,74235347.0
2202,2024-09-30,9.41,10.04,9.31,10.02,0.879999999999999,9.628008752735218,118538781.0
2202,2024-10-08,11.02,11.02,10.6,11.02,1.0,9.980039920159678,162669821.0
2202,2024-10-09,10.81,10.81,10.23,10.39,-0.629999999999999,-5.716878402903802,115101306.0
2202,2024-10-10,10.38,10.76,10.29,10.42,0.0299999999999993,0.2887391722810273,80026727.0
2202,2024-10-11,10.44,10.44,9.7,9.83,-0.5899999999999999,-5.662188099808063,67023987.0
2202,2024-10-14,9.84,10.12,9.8,10.07,0.2400000000000002,2.4415055951169995,48702329.0
2202,2024-10-15,10.08,10.08,9.71,9.73,-0.3399999999999998,-3.376365441906648,45288941.0
2202,2024-10-16,9.68,9.82,9.51,9.65,-0.08,-0.8221993833504637,44348134.0
2202,2024-10-17,9.65,9.78,9.41,9.44,-0.2100000000000008,-2.1761658031088205,36421627.0
2202,2024-10-18,9.43,10.03,9.38,9.82,0.3800000000000008,4.02542372881356,61925489.0
2202,2024-10-21,9.84,10.16,9.76,10.02,0.1999999999999993,2.0366598778003953,63558199.0
2202,2024-10-22,10.01,10.78,9.94,10.66,0.6400000000000006,6.387225548902209,100334617.0
2202,2024-10-23,10.66,11.42,10.66,11.12,0.4599999999999991,4.315196998123816,143527080.0
2202,2024-10-24,11.05,11.05,10.75,10.8,-0.3199999999999985,-2.877697841726601,66362629.0
2202,2024-10-25,10.77,11.15,10.75,11.0,0.1999999999999993,1.851851851851838,61450973.0
2202,2024-10-28,11.07,11.21,10.81,10.88,-0.1199999999999992,-1.0909090909090868,65553677.0
2202,2024-10-29,10.89,10.99,10.58,10.73,-0.1500000000000003,-1.378676470588236,56396778.0
2202,2024-10-30,10.63,10.85,10.53,10.66,-0.0700000000000002,-0.6523765144454852,39559943.0
2202,2024-10-31,11.02,11.1,10.8,10.88,0.2200000000000006,2.0637898686679312,78750001.0
2202,2024-11-01,11.02,11.06,10.53,10.88,0.0,0.0,64738221.0
2202,2024-11-04,10.86,11.1,10.79,10.89,0.0099999999999997,0.0919117647058875,60163104.0
2202,2024-11-05,10.87,11.2,10.74,11.16,0.2699999999999996,2.4793388429751984,84377707.0
2202,2024-11-06,11.17,11.88,11.17,11.43,0.2699999999999996,2.4193548387096753,116903757.0
2202,2024-11-07,11.18,11.38,11.08,11.35,-0.08,-0.6999125109361293,65659410.0
2202,2024-11-08,11.42,11.63,11.17,11.19,-0.1600000000000001,-1.4096916299559448,66437293.0
2202,2024-11-11,11.16,11.26,11.01,11.12,-0.0700000000000002,-0.6255585344057235,56836644.0
2202,2024-11-12,11.23,11.23,10.83,10.94,-0.1799999999999997,-1.618705035971224,66459561.0
2202,2024-11-13,10.92,11.03,10.82,10.99,0.0500000000000007,0.4570383912248621,36403764.0
2202,2024-11-14,10.94,10.98,10.7,10.72,-0.2699999999999996,-2.456778889899902,41661627.0
2202,2024-11-15,10.66,10.76,10.33,10.35,-0.370000000000001,-3.451492537313438,49415146.0
2202,2024-11-18,10.41,10.8,10.41,10.49,0.1400000000000005,1.352657004830915,47257981.0
2202,2024-11-19,10.45,10.65,10.43,10.62,0.129999999999999,1.2392755004766445,35083274.0
2202,2024-11-20,10.62,10.62,10.41,10.44,-0.1799999999999997,-1.6949152542372836,41510815.0
2202,2024-11-21,10.49,10.52,10.3,10.36,-0.08,-0.7662835249042099,35320949.0
2202,2024-11-22,10.37,10.39,9.93,9.99,-0.3699999999999992,-3.5714285714285587,39232101.0
2202,2024-11-25,10.08,10.67,10.08,10.39,0.4000000000000003,4.004004004004003,93035218.0
2202,2024-11-26,10.41,10.69,10.3,10.46,0.0700000000000002,0.673724735322434,55914246.0
2202,2024-11-27,10.4,11.4,10.39,11.34,0.879999999999999,8.413001912045882,120093191.0
2202,2024-11-28,11.18,11.23,10.83,10.96,-0.379999999999999,-3.3509700176366786,72276864.0
2202,2024-11-29,10.93,11.35,10.88,11.16,0.1999999999999993,1.8248175182481672,79854865.0
2202,2024-12-02,11.2,11.4,11.03,11.18,0.0199999999999995,0.1792114695340574,62598265.0
2202,2024-12-03,11.25,11.45,11.16,11.32,0.1400000000000005,1.2522361359570633,65231760.0
2202,2024-12-04,11.21,11.38,11.1,11.19,-0.1300000000000007,-1.148409893992941,55623547.0
2202,2024-12-05,11.13,11.17,10.94,11.0,-0.1899999999999995,-1.6979445933869464,33363011.0
2202,2024-12-06,11.06,11.09,10.79,10.99,-0.0099999999999997,-0.0909090909090859,35984753.0
2202,2024-12-09,11.0,11.02,10.8,10.94,-0.0500000000000007,-0.4549590536851777,30145151.0
2202,2024-12-10,11.18,11.28,10.81,10.83,-0.1099999999999994,-1.0054844606946944,57174382.0
2202,2024-12-11,10.8,10.97,10.79,10.87,0.0399999999999991,0.3693444136657398,26788254.0
2202,2024-12-12,10.86,11.0,10.8,10.98,0.1100000000000012,1.0119595216191437,32960409.0
2202,2024-12-13,10.91,11.02,10.79,10.81,-0.1699999999999999,-1.5482695810564606,33787021.0
2202,2024-12-16,10.85,11.14,10.61,10.68,-0.1300000000000007,-1.2025901942645745,48782246.0
2202,2024-12-17,10.66,10.82,10.58,10.66,-0.0199999999999995,-0.1872659176029967,24700304.0
2202,2024-12-18,10.64,10.75,10.6,10.63,-0.0299999999999993,-0.2814258911819856,19419447.0
2202,2024-12-19,10.57,10.81,10.4,10.78,0.1499999999999985,1.41110065851362,25981539.0
2202,2024-12-20,10.79,10.94,10.68,10.78,0.0,0.0,23300576.0
2202,2024-12-23,10.71,10.9,10.65,10.69,-0.0899999999999998,-0.8348794063079756,30516614.0
2202,2024-12-24,10.69,10.99,10.58,10.9,0.2100000000000008,1.9644527595884087,31592972.0
2202,2024-12-25,10.91,10.94,10.54,10.64,-0.2599999999999998,-2.3853211009174258,28485609.0
2202,2024-12-26,10.61,10.7,10.46,10.59,-0.0500000000000007,-0.4699248120300869,26297065.0
2202,2024-12-27,10.4,10.51,10.14,10.39,-0.1999999999999993,-1.888574126534459,47857630.0
2202,2024-12-30,10.31,10.6,10.26,10.51,0.1199999999999992,1.1549566891241536,30357624.0
2202,2024-12-31,10.52,10.6,10.33,10.33,-0.1799999999999997,-1.7126546146527089,24596863.0
2202,2025-01-02,10.31,10.39,9.91,10.01,-0.3200000000000003,-3.0977734753146247,32280229.0
2202,2025-01-03,10.01,10.23,9.85,9.88,-0.129999999999999,-1.298701298701288,28221875.0
2202,2025-01-06,9.91,10.18,9.89,10.09,0.209999999999999,2.1255060728744946,27133817.0
2202,2025-01-07,10.04,10.25,10.0,10.25,0.1600000000000001,1.5857284440039754,25261888.0
2202,2025-01-08,10.25,10.25,9.87,10.08,-0.1699999999999999,-1.6585365853658551,25159987.0
2202,2025-01-09,10.01,10.16,9.99,9.99,-0.0899999999999998,-0.8928571428571397,16043416.0
2202,2025-01-10,10.0,10.09,9.8,9.82,-0.1699999999999999,-1.7017017017016969,18836809.0
2202,2025-01-13,9.75,9.97,9.71,9.83,0.0099999999999997,0.1018329938900164,20290739.0
2202,2025-01-14,9.83,10.08,9.72,10.02,0.1899999999999995,1.9328585961342792,22725586.0
2202,2025-01-15,10.0,10.01,9.85,9.92,-0.0999999999999996,-0.9980039920159612,19420290.0
2202,2025-01-16,9.92,10.15,9.86,9.91,-0.0099999999999997,-0.1008064516129003,19195823.0
2202,2025-01-17,9.92,10.13,9.87,9.89,-0.0199999999999995,-0.2018163471241174,21032811.0
2202,2025-01-20,9.93,10.18,9.93,10.08,0.1899999999999995,1.921132457027297,26216274.0
2202,2025-01-21,10.07,10.15,9.94,10.0,-0.08,-0.7936507936507908,22953104.0
2202,2025-01-22,9.97,10.05,9.81,9.95,-0.0500000000000007,-0.5000000000000115,19608819.0
2202,2025-01-23,10.02,10.15,9.84,9.87,-0.08,-0.8040201005025116,23036495.0
2202,2025-01-24,9.84,10.0,9.82,9.91,0.0400000000000009,0.4052684903748771,19736842.0
2202,2025-01-27,9.9,9.91,9.61,9.61,-0.3000000000000007,-3.0272452068617617,32507825.0
2202,2025-02-05,9.55,9.58,8.99,9.07,-0.5399999999999991,-5.619146722164404,74027296.0
2202,2025-02-06,9.09,9.16,8.9,9.12,0.0499999999999989,0.5512679162072542,54486638.0
2202,2025-02-07,9.13,9.45,9.01,9.34,0.2200000000000006,2.412280701754388,48328757.0
2202,2025-02-10,9.45,9.48,9.27,9.31,-0.0299999999999993,-0.321199143468942,39209988.0
2202,2025-02-11,9.32,9.34,9.13,9.24,-0.0700000000000002,-0.7518796992481258,33072282.0
2202,2025-02-12,9.24,9.32,9.2,9.32,0.08,0.8658008658008587,24990759.0
2202,2025-02-13,9.32,9.34,9.1,9.1,-0.2200000000000006,-2.3605150214592308,43551096.0
2202,2025-02-14,9.1,9.16,9.03,9.13,0.0300000000000011,0.3296703296703507,29110244.0
2202,2025-02-17,9.14,9.17,9.03,9.11,-0.0200000000000013,-0.2190580503833694,32586621.0
2202,2025-02-18,9.12,9.18,8.92,8.96,-0.1499999999999985,-1.6465422612513605,36238716.0
2202,2025-02-19,8.94,9.09,8.88,9.08,0.1199999999999992,1.3392857142856984,35586132.0
2202,2025-02-20,9.08,9.09,8.9,8.92,-0.1600000000000001,-1.7621145374449363,35861911.0
2202,2025-02-21,8.93,9.02,8.9,9.01,0.0899999999999998,1.008968609865479,39919216.0
2202,2025-02-24,9.01,9.07,8.83,8.88,-0.129999999999999,-1.442841287458374,53637079.0
2202,2025-02-25,8.89,9.17,8.8,9.08,0.1999999999999993,2.2522522522522515,72650892.0
2202,2025-02-26,9.15,9.4,9.11,9.29,0.209999999999999,2.312775330396466,83898888.0
2202,2025-02-27,9.29,9.32,9.02,9.16,-0.129999999999999,-1.399354144241105,56827174.0
2202,2025-02-28,9.13,9.19,9.05,9.05,-0.1099999999999994,-1.200873362445409,42763706.0
2202,2025-03-03,9.06,9.23,8.99,9.03,-0.0200000000000013,-0.2209944751381365,51157452.0
2202,2025-03-04,9.0,9.12,8.9,9.05,0.0200000000000013,0.2214839424141912,45765326.0
2202,2025-03-05,9.05,9.07,8.9,8.96,-0.0899999999999998,-0.9944751381215422,28828162.0
2202,2025-03-06,8.97,9.08,8.91,9.06,0.0999999999999996,1.116071428571419,40489223.0
2202,2025-03-07,9.02,9.06,8.89,8.95,-0.1100000000000012,-1.2141280353201056,47680544.0
2202,2025-03-10,8.96,9.08,8.96,9.01,0.0600000000000005,0.6703910614525244,32264695.0
2202,2025-03-11,8.96,9.05,8.89,9.05,0.0400000000000009,0.4439511653718142,33412855.0
2202,2025-03-12,9.05,9.12,8.98,9.06,0.0099999999999997,0.1104972375690627,38195424.0
2202,2025-03-13,9.08,9.14,8.9,9.03,-0.0300000000000011,-0.3311258278145823,46851819.0
2202,2025-03-14,9.02,9.25,8.99,9.15,0.120000000000001,1.3289036544850583,62698115.0
2202,2025-03-17,9.18,9.44,9.18,9.23,0.08,0.8743169398907069,77109412.0
2202,2025-03-18,9.32,9.41,9.26,9.31,0.08,0.8667388949079147,48002378.0
2202,2025-03-19,9.32,9.4,9.25,9.31,0.0,0.0,50473165.0
2202,2025-03-20,9.31,9.57,9.25,9.55,0.2400000000000002,2.5778732545649774,83034516.0
2202,2025-03-21,9.52,9.89,9.47,9.67,0.1199999999999992,1.2565445026177846,99053102.0
2202,2025-03-24,9.75,9.75,9.37,9.5,-0.1699999999999999,-1.7580144777662898,75495697.0
2202,2025-03-25,9.5,9.62,9.37,9.4,-0.0999999999999996,-1.0526315789473606,41815719.0
2202,2025-03-26,9.4,9.49,9.32,9.41,0.0099999999999997,0.1063829787234071,32808637.0
2202,2025-03-27,9.41,9.41,9.18,9.3,-0.1099999999999994,-1.1689691817215686,40238266.0
2202,2025-03-28,9.24,9.31,9.1,9.12,-0.1800000000000015,-1.935483870967758,38660909.0
2202,2025-03-31,9.11,9.22,8.86,8.88,-0.2399999999999984,-2.631578947368407,58731044.0
2202,2025-04-01,8.89,9.06,8.87,8.89,0.0099999999999997,0.112612612612617,45556234.0
2202,2025-04-02,8.9,9.01,8.72,8.94,0.0499999999999989,0.5624296962879471,52506037.0
2202,2025-04-03,8.87,8.98,8.84,8.88,-0.0599999999999987,-0.6711409395973034,34260584.0
2202,2025-04-07,8.46,8.46,7.99,7.99,-0.8900000000000006,-10.022522522522523,56264218.0
2202,2025-04-08,7.8,8.02,7.78,7.92,-0.0700000000000002,-0.8760951188986232,64531305.0
2202,2025-04-09,7.81,8.02,7.64,7.98,0.0600000000000005,0.7575757575757569,50778025.0
2202,2025-04-10,8.13,8.23,8.02,8.13,0.1500000000000003,1.8796992481203032,42379789.0
2202,2025-04-11,8.1,8.21,8.02,8.15,0.0199999999999995,0.2460024600245969,31144966.0
2202,2025-04-14,8.22,8.29,8.18,8.23,0.08,0.9815950920245342,30168987.0
2202,2025-04-15,8.23,8.25,8.11,8.19,-0.0400000000000009,-0.486026731470246,24173312.0
2202,2025-04-16,8.18,8.25,8.1,8.15,-0.0399999999999991,-0.4884004884004755,25223197.0
2202,2025-04-17,8.15,8.21,8.11,8.16,0.0099999999999997,0.1226993865030667,17244073.0
2202,2025-04-18,8.15,8.2,8.11,8.17,0.0099999999999997,0.1225490196078427,19739628.0
2202,2025-04-21,8.19,8.29,8.13,8.19,0.0199999999999995,0.244798041615657,38239720.0
2202,2025-04-22,8.18,8.37,8.13,8.27,0.08,0.9768009768009732,49950504.0
2202,2025-04-23,8.28,8.38,8.22,8.24,-0.0299999999999993,-0.3627569528415919,28017408.0
2202,2025-04-24,8.27,8.44,8.23,8.35,0.1099999999999994,1.3349514563106624,43217580.0
2202,2025-04-25,8.37,8.44,8.33,8.39,0.0400000000000009,0.4790419161676773,28110298.0
2202,2025-04-28,8.68,9.14,8.6,8.96,0.5700000000000003,6.79380214541121,119759524.0
2202,2025-04-29,8.9,9.08,8.88,8.96,0.0,0.0,48663715.0
2202,2025-04-30,8.93,8.96,8.73,8.75,-0.2100000000000008,-2.343750000000011,44227869.0
2202,2025-05-06,8.81,8.86,8.71,8.84,0.0899999999999998,1.0285714285714231,39833528.0
2202,2025-05-07,8.95,9.19,8.93,9.12,0.2799999999999993,3.1674208144796268,69836906.0
2202,2025-05-08,9.09,9.16,9.02,9.04,-0.08,-0.8771929824561431,41970568.0
2202,2025-05-09,9.09,9.28,9.04,9.16,0.120000000000001,1.3274336283185972,47829185.0
2202,2025-05-12,9.16,9.33,9.11,9.29,0.129999999999999,1.419213973799116,58401059.0
2202,2025-05-13,9.36,9.44,9.26,9.32,0.0300000000000011,0.3229278794402601,44538630.0
2202,2025-05-14,9.28,9.3,9.11,9.23,-0.0899999999999998,-0.965665236051505,38665553.0
2202,2025-05-15,9.23,9.32,9.18,9.19,-0.0400000000000009,-0.4333694474539684,28817756.0
2202,2025-05-16,9.17,9.25,9.12,9.15,-0.0399999999999991,-0.4352557127312195,18600025.0
2202,2025-05-19,9.11,9.22,9.07,9.19,0.0399999999999991,0.4371584699453423,21242149.0
2202,2025-05-20,9.2,9.31,9.19,9.31,0.120000000000001,1.305767138193703,33554559.0
2202,2025-05-21,9.4,9.53,9.28,9.37,0.0599999999999987,0.6444683136412221,34834717.0
2202,2025-05-22,9.32,9.38,9.2,9.22,-0.1499999999999985,-1.6008537886872842,20527514.0
2202,2025-05-23,9.22,9.28,9.05,9.06,-0.1600000000000001,-1.7353579175705014,25603509.0
2202,2025-05-26,9.04,9.1,9.0,9.05,-0.0099999999999997,-0.1103752759381904,19713056.0
2202,2025-05-27,9.06,9.23,9.0,9.12,0.0699999999999985,0.7734806629834168,23080422.0
2202,2025-05-28,9.1,9.33,9.08,9.28,0.1600000000000001,1.7543859649122862,30638626.0
2202,2025-05-29,9.29,9.44,9.24,9.38,0.1000000000000014,1.0775862068965747,30431083.0
2202,2025-05-30,9.33,9.36,9.25,9.25,-0.1300000000000007,-1.3859275053304976,20952541.0
2202,2025-06-03,9.2,9.58,9.09,9.49,0.2400000000000002,2.5945945945945903,61572863.0
2202,2025-06-04,9.47,9.68,9.36,9.37,-0.120000000000001,-1.2644889357218192,35473460.0
2202,2025-06-05,9.4,9.43,9.25,9.3,-0.0699999999999985,-0.7470651013873897,24183976.0
2202,2025-06-06,9.3,9.38,9.27,9.34,0.0399999999999991,0.4301075268817067,17145559.0
2202,2025-06-09,9.34,9.62,9.34,9.46,0.120000000000001,1.2847965738758127,48926902.0
2202,2025-06-10,9.47,9.51,9.21,9.27,-0.1900000000000012,-2.008456659619462,31433936.0
2202,2025-06-11,9.27,9.53,9.25,9.52,0.25,2.6968716289104577,40307432.0
2202,2025-06-12,9.51,9.54,9.42,9.5,-0.0199999999999995,-0.2100840336134446,25579297.0
2202,2025-06-13,9.48,9.68,9.4,9.6,0.0999999999999996,1.0526315789473717,66838767.0
2202,2025-06-16,9.76,10.25,9.76,10.1,0.5,5.208333333333326,103108899.0
2202,2025-06-17,10.14,10.25,10.03,10.05,-0.0499999999999989,-0.4950495049504844,53336538.0
2202,2025-06-18,10.04,10.2,9.95,10.14,0.0899999999999998,0.8955223880596996,36214529.0
2202,2025-06-19,10.16,10.22,9.81,9.87,-0.2700000000000013,-2.662721893491138,49710073.0
2202,2025-06-20,9.87,9.93,9.75,9.8,-0.0699999999999985,-0.7092198581560183,27144746.0
2202,2025-06-23,9.8,9.99,9.72,9.96,0.1600000000000001,1.6326530612244872,45707461.0
2202,2025-06-24,9.96,10.07,9.92,10.01,0.0499999999999989,0.5020080321284981,42521013.0
2202,2025-06-25,10.05,10.2,9.91,10.16,0.1500000000000003,1.4985014985015033,48071870.0
2202,2025-06-26,10.1,10.27,10.1,10.19,0.0299999999999993,0.2952755905511806,39857638.0
2202,2025-06-27,10.18,10.27,10.11,10.23,0.0400000000000009,0.3925417075564263,38591614.0
2202,2025-06-30,10.24,10.35,10.21,10.25,0.0199999999999995,0.1955034213098727,30482618.0
2202,2025-07-01,10.23,10.33,10.19,10.32,0.0700000000000002,0.6829268292682933,32752558.0
2202,2025-07-02,10.48,10.54,10.23,10.26,-0.0600000000000005,-0.5813953488372103,43429145.0
2202,2025-07-03,10.25,10.3,10.11,10.16,-0.0999999999999996,-0.974658869395706,37226660.0
2202,2025-07-04,10.17,10.18,9.88,9.89,-0.2699999999999996,-2.657480314960625,49784244.0
2202,2025-07-07,9.89,9.97,9.85,9.91,0.0199999999999995,0.2022244691607611,26408476.0
2202,2025-07-08,9.92,10.22,9.9,10.22,0.3100000000000005,3.128153380423826,47265746.0
2202,2025-07-09,10.51,10.75,10.18,10.2,-0.0200000000000013,-0.1956947162426781,53855843.0
2202,2025-07-10,10.16,10.2,10.06,10.11,-0.0899999999999998,-0.8823529411764675,31953594.0
2202,2025-07-11,9.98,10.02,9.77,9.95,-0.1600000000000001,-1.5825914935707286,43856768.0
2202,2025-07-14,9.98,10.02,9.88,9.88,-0.0699999999999985,-0.7035175879396838,31710339.0
2202,2025-07-15,9.89,9.92,9.7,9.74,-0.1400000000000005,-1.4170040485830038,33928802.0
2202,2025-07-16,9.75,9.81,9.68,9.72,-0.0199999999999995,-0.2053388090349051,26389572.0
2202,2025-07-17,9.72,9.76,9.66,9.75,0.0299999999999993,0.3086419753086433,26761257.0
2202,2025-07-18,9.78,9.98,9.72,9.91,0.1600000000000001,1.6410256410256396,45568582.0
2202,2025-07-21,10.04,10.04,9.93,9.97,0.0600000000000005,0.6054490413723634,39591662.0
2202,2025-07-22,10.0,10.05,9.89,10.05,0.08,0.8024072216650024,40235860.0
2202,2025-07-23,10.06,10.09,9.88,9.89,-0.1600000000000001,-1.5920398009950265,35386732.0
2202,2025-07-24,9.93,9.97,9.84,9.97,0.08,0.8088978766430666,27940298.0
2202,2025-07-25,9.99,9.99,9.86,9.87,-0.1000000000000014,-1.0030090270812586,30039254.0
2202,2025-07-28,9.86,9.92,9.76,9.86,-0.0099999999999997,-0.1013171225937137,27687157.0
2202,2025-07-29,9.83,9.86,9.73,9.83,-0.0299999999999993,-0.3042596348884263,21492166.0
2202,2025-07-30,10.02,10.29,9.82,9.86,0.0299999999999993,0.3051881993896277,68301735.0
2202,2025-07-31,9.85,9.9,9.59,9.63,-0.2299999999999986,-2.33265720081135,50319424.0
2202,2025-08-01,9.6,9.87,9.58,9.74,0.1099999999999994,1.1422637590861928,39611654.0
2202,2025-08-04,9.71,9.72,9.58,9.63,-0.1099999999999994,-1.129363449691989,30724651.0
2202,2025-08-05,9.66,9.79,9.65,9.78,0.1499999999999985,1.5576323987538832,27574497.0
2202,2025-08-06,9.78,9.79,9.68,9.77,-0.0099999999999997,-0.1022494887525593,20073439.0
2202,2025-08-07,9.76,9.93,9.71,9.75,-0.0199999999999995,-0.2047082906857733,33474195.0
2202,2025-08-08,9.74,10.26,9.71,10.15,0.4000000000000003,4.10256410256411,114403452.0
2202,2025-08-11,10.2,10.28,10.1,10.25,0.0999999999999996,0.985221674876846,60599178.0
2202,2025-08-12,10.22,10.36,10.15,10.34,0.0899999999999998,0.8780487804878057,45228722.0
2202,2025-08-13,10.32,10.48,10.28,10.41,0.0700000000000002,0.6769825918762074,45618148.0
2202,2025-08-14,10.41,10.44,10.17,10.22,-0.1899999999999995,-1.825168107588848,39119112.0
2202,2025-08-15,10.11,10.52,10.07,10.47,0.25,2.446183953033265,64192253.0
2202,2025-08-18,10.47,10.5,10.35,10.4,-0.0700000000000002,-0.6685768863419317,53000306.0
2202,2025-08-19,10.41,10.48,10.33,10.38,-0.0199999999999995,-0.1923076923076916,39284930.0
2202,2025-08-20,10.38,10.56,10.27,10.55,0.1699999999999999,1.6377649325626242,44825008.0
2202,2025-08-21,10.55,10.62,10.45,10.52,-0.0300000000000011,-0.2843601895734737,41452279.0
2202,2025-08-22,10.47,10.59,10.43,10.56,0.0400000000000009,0.3802281368821436,41519127.0
2202,2025-08-25,11.01,11.62,11.01,11.62,1.0599999999999987,10.037878787878784,193887455.0
2202,2025-08-26,11.73,12.15,11.6,11.95,0.33,2.839931153184172,270543413.0
2202,2025-08-27,11.74,11.9,11.52,11.52,-0.4299999999999997,-3.5983263598326376,134516638.0
2202,2025-08-28,11.52,11.68,11.19,11.46,-0.0599999999999987,-0.5208333333333259,84533241.0
2202,2025-08-29,11.47,11.56,11.3,11.42,-0.0400000000000009,-0.3490401396160636,62903668.0
2202,2025-09-01,11.41,11.47,11.14,11.26,-0.1600000000000001,-1.401050788091074,71940203.0
2202,2025-09-02,11.33,11.34,10.9,10.99,-0.2699999999999996,-2.3978685612788597,67050415.0
2202,2025-09-03,11.06,11.42,11.02,11.36,0.3699999999999992,3.3666969972702354,96649139.0
2202,2025-09-04,11.31,11.45,10.94,11.11,-0.25,-2.2007042253521125,73424504.0
2202,2025-09-05,11.1,12.22,11.07,12.22,1.1100000000000012,9.990999099909992,169079768.0
2202,2025-09-08,12.49,12.78,12.01,12.28,0.0599999999999987,0.4909983633387682,185261509.0
2202,2025-09-09,12.32,12.56,12.09,12.25,-0.0299999999999993,-0.244299674267101,95553843.0
2202,2025-09-10,12.25,12.38,12.04,12.16,-0.0899999999999998,-0.7346938775510181,71459302.0
2202,2025-09-11,12.55,12.68,11.91,12.52,0.3599999999999994,2.960526315789469,192863396.0
2202,2025-09-12,12.7,12.8,12.32,12.36,-0.1600000000000001,-1.2779552715655007,133912718.0
2202,2025-09-15,12.37,12.5,12.19,12.31,-0.0499999999999989,-0.404530744336562,99964196.0
2202,2025-09-16,12.37,12.4,12.11,12.31,0.0,0.0,77782521.0
2202,2025-09-17,12.45,13.44,12.33,13.23,0.92,7.473598700243711,178124012.0
2202,2025-09-18,13.15,13.81,13.02,13.5,0.2699999999999996,2.0408163265306145,202360986.0
2202,2025-09-19,13.4,13.98,13.25,13.71,0.2100000000000008,1.5555555555555545,131763281.0
2202,2025-09-22,13.66,13.71,13.3,13.54,-0.1700000000000017,-1.239970824215908,105429282.0
2202,2025-09-23,13.42,13.56,12.92,13.12,-0.4199999999999999,-3.101920236336775,109504374.0
2202,2025-09-24,13.11,13.42,13.01,13.41,0.2900000000000009,2.210365853658547,94388822.0
2202,2025-09-25,13.49,14.46,13.4,14.07,0.6600000000000001,4.921700223713654,190842728.0
2202,2025-09-26,14.06,14.76,13.9,14.34,0.2699999999999996,1.9189765458422103,189356232.0
2202,2025-09-29,14.7,15.23,14.15,14.57,0.2300000000000004,1.6039051603905286,204884645.0
2202,2025-09-30,14.5,15.1,14.41,14.97,0.4000000000000003,2.745367192862047,141524237.0
2202,2025-10-09,15.2,16.47,15.02,16.24,1.2699999999999978,8.483633934535728,195490867.0
2202,2025-10-10,16.25,16.27,15.72,15.94,-0.2999999999999989,-1.8472906403940836,170921983.0
2202,2025-10-13,15.3,17.19,15.3,17.18,1.2400000000000002,7.779171894604775,210091419.0
2202,2025-10-14,17.18,18.5,16.41,16.5,-0.6799999999999997,-3.9580908032596063,263707825.0
2202,2025-10-15,16.9,16.99,16.01,16.73,0.2300000000000004,1.3939393939393918,186956917.0
2202,2025-10-16,16.58,16.66,15.95,16.0,-0.7300000000000004,-4.363419007770474,182079290.0
2202,2025-10-17,16.0,16.05,14.85,14.9,-1.0999999999999996,-6.874999999999998,188008806.0
2202,2025-10-20,15.31,15.43,14.34,14.5,-0.4000000000000003,-2.684563758389269,197658703.0
2202,2025-10-21,14.66,15.15,14.51,14.83,0.33,2.2758620689655285,149831767.0
2202,2025-10-22,14.94,15.38,14.65,15.07,0.2400000000000002,1.618341200269735,202223055.0
2202,2025-10-23,14.9,15.26,14.6,15.25,0.1799999999999997,1.194426011944261,136716977.0
2202,2025-10-24,15.15,15.97,15.08,15.83,0.5800000000000001,3.803278688524592,177930358.0
2202,2025-10-27,16.0,16.04,15.22,15.57,-0.2599999999999998,-1.6424510423246996,203451289.0
2202,2025-10-28,15.58,15.6,14.88,14.97,-0.5999999999999996,-3.853564547206167,165084287.0
2202,2025-10-29,14.84,15.68,14.82,15.67,0.6999999999999993,4.676018704074814,156988731.0
2202,2025-10-30,15.68,16.93,15.52,16.38,0.7099999999999991,4.530950861518823,230351142.0
2202,2025-10-31,16.32,16.64,15.65,15.7,-0.6799999999999997,-4.151404151404147,170183746.0
2202,2025-11-03,15.87,16.97,15.49,16.79,1.09,6.942675159235678,222527872.0
2202,2025-11-04,16.63,16.67,16.01,16.22,-0.5700000000000003,-3.394877903513993,153944948.0
2202,2025-11-05,15.8,16.93,15.7,16.77,0.5500000000000007,3.390875462392118,174149573.0
2202,2025-11-06,16.75,17.55,16.52,16.93,0.1600000000000001,0.954084675014899,197890853.0
2202,2025-11-07,16.71,17.09,16.53,16.66,-0.2699999999999996,-1.5948021264028278,121786548.0
2202,2025-11-10,16.4,16.5,15.46,15.6,-1.0600000000000005,-6.362545018007204,194329151.0
2202,2025-11-11,15.7,15.96,15.41,15.53,-0.0700000000000002,-0.4487179487179471,99431070.0
2202,2025-11-12,15.41,15.49,14.8,14.98,-0.5499999999999989,-3.5415325177076573,114933606.0
2202,2025-11-13,15.05,15.54,15.05,15.35,0.3699999999999992,2.469959946595446,89841454.0
2202,2025-11-14,15.12,15.62,14.98,15.2,-0.1500000000000003,-0.9771986970684045,72028283.0
2202,2025-11-17,15.13,15.18,14.8,14.92,-0.2799999999999993,-1.8421052631578896,66905719.0
2202,2025-11-18,14.97,15.03,14.58,14.69,-0.2300000000000004,-1.5415549597855294,62129652.0
2202,2025-11-19,14.69,14.94,14.56,14.89,0.200000000000001,1.3614703880190593,65272949.0
2202,2025-11-20,14.89,15.22,14.75,14.76,-0.1300000000000007,-0.8730691739422536,55105748.0
2202,2025-11-21,14.55,14.76,14.27,14.28,-0.4800000000000004,-3.25203252032521,76369489.0
2202,2025-11-24,14.1,15.0,13.96,14.73,0.450000000000001,3.1512605042016917,89323276.0
2202,2025-11-25,14.8,15.02,14.7,14.88,0.1500000000000003,1.0183299389002087,66604859.0
2202,2025-11-26,15.0,15.58,14.91,15.4,0.5199999999999996,3.4946236559139754,106151458.0
2202,2025-11-27,15.37,15.46,15.12,15.19,-0.2100000000000008,-1.3636363636363669,65734667.0
2202,2025-11-28,15.27,15.56,15.18,15.41,0.2200000000000006,1.4483212639894605,72119210.0
2202,2025-12-01,15.4,15.4,14.8,15.04,-0.370000000000001,-2.40103828682674,96137326.0
2202,2025-12-02,15.01,16.06,14.73,15.67,0.6300000000000008,4.18882978723405,136342863.0
2202,2025-12-03,15.52,16.39,15.1,15.29,-0.3800000000000008,-2.425015954052334,207059497.0
2202,2025-12-04,14.9,15.36,14.58,15.03,-0.2599999999999998,-1.7004578155657255,120552781.0
2202,2025-12-05,15.02,16.38,14.99,15.85,0.8200000000000003,5.45575515635397,173438722.0
2202,2025-12-08,16.11,16.27,15.75,15.9,0.0500000000000007,0.3154574132492094,105674589.0
2202,2025-12-09,15.78,15.97,15.51,15.59,-0.3100000000000005,-1.9496855345911943,72372540.0
2202,2025-12-10,15.51,15.58,15.3,15.44,-0.1500000000000003,-0.9621552277100708,51872745.0
2202,2025-12-11,15.76,16.98,15.7,16.98,1.540000000000001,9.97409326424872,242456428.0
2202,2025-12-12,16.82,16.98,16.4,16.98,0.0,0.0,264437727.0
2202,2025-12-15,17.1,17.95,16.82,17.5,0.5199999999999996,3.062426383981154,257473304.0
2202,2025-12-16,17.2,17.28,16.25,16.39,-1.1099999999999994,-6.342857142857139,172133097.0
2202,2025-12-17,16.31,16.58,16.12,16.52,0.129999999999999,0.7931665649786312,110185719.0
2202,2025-12-18,16.37,17.08,16.05,16.53,0.0100000000000015,0.0605326876513379,122386812.0
2202,2025-12-19,16.42,16.75,16.06,16.2,-0.3300000000000018,-1.9963702359346749,124210800.0
2202,2025-12-22,16.51,17.19,16.51,16.89,0.6900000000000013,4.259259259259274,159448734.0
2202,2025-12-23,17.41,17.85,16.77,17.05,0.1600000000000001,0.9473060982830184,194336248.0
2202,2025-12-24,16.77,17.7,16.61,17.43,0.379999999999999,2.228739002932545,152370787.0
2202,2025-12-25,17.69,19.17,17.56,19.17,1.740000000000002,9.982788296041312,266527573.0
2202,2025-12-26,19.95,20.39,19.42,19.69,0.5199999999999996,2.712571726656221,350621881.0
2202,2025-12-29,21.0,21.66,20.52,21.66,1.9699999999999989,10.00507872016252,220386528.0
2202,2025-12-30,22.01,22.78,19.54,20.2,-1.4600000000000009,-6.740535549399818,682739403.0
2202,2025-12-31,19.6,20.88,19.45,20.4,0.1999999999999993,0.990099009900991,427962622.0
2202,2026-01-05,22.44,22.44,21.69,21.82,1.4200000000000017,6.96078431372551,648782714.0
2202,2026-01-06,21.21,24.0,20.8,24.0,2.1799999999999997,9.990834097158574,617622769.0
2202,2026-01-07,24.5,26.4,23.81,26.4,2.3999999999999986,9.999999999999986,680173149.0
2202,2026-01-08,26.0,29.04,25.53,29.04,2.640000000000001,10.000000000000009,608126695.0
2202,2026-01-09,31.94,31.94,30.74,31.94,2.900000000000002,9.986225895316814,563292926.0
2202,2026-01-12,33.99,35.13,33.55,35.13,3.1900000000000013,9.98747651847214,379619360.0
2202,2026-01-13,36.0,37.03,31.62,33.95,-1.1799999999999995,-3.358952462282949,896332514.0
2202,2026-01-14,34.47,35.55,32.63,33.38,-0.5700000000000003,-1.678939617083952,755042355.0
2202,2026-01-15,30.39,31.62,30.04,30.04,-3.3400000000000034,-10.00599161174357,180717032.0
2202,2026-01-16,27.04,27.04,27.04,27.04,-3.0,-9.986684420772306,69043500.0
2202,2026-01-19,24.34,28.51,24.34,27.7,0.6600000000000001,2.440828402366857,711645193.0
2202,2026-01-20,26.93,27.33,25.65,26.06,-1.6400000000000006,-5.920577617328526,499095375.0
2202,2026-01-21,25.94,26.58,25.38,25.45,-0.6099999999999994,-2.3407521105141993,333692997.0
2202,2026-01-22,25.63,27.19,25.34,26.89,1.4400000000000013,5.65815324165031,430490807.0
2202,2026-01-23,27.69,29.58,27.69,29.58,2.6899999999999977,10.003718854592767,348966174.0
2202,2026-01-26,29.79,30.53,28.01,28.4,-1.1799999999999995,-3.989181879648407,576971449.0
2202,2026-01-27,28.24,29.49,28.09,28.59,0.1900000000000012,0.6690140845070358,340380657.0
2202,2026-01-28,28.31,28.76,27.25,27.71,-0.879999999999999,-3.0779993004547035,308117957.0
2202,2026-01-29,27.48,28.47,26.81,26.9,-0.8100000000000023,-2.923132443161325,289889354.0
2202,2026-01-30,26.91,27.63,25.78,26.11,-0.7899999999999991,-2.9368029739776924,238130952.0
2202,2026-02-02,26.1,26.8,25.53,25.63,-0.4800000000000004,-1.8383761011106836,207352167.0
2202,2026-02-03,26.01,27.4,25.47,27.16,1.5300000000000011,5.969566913772928,324880085.0
2202,2026-02-04,26.81,27.97,26.66,27.28,0.120000000000001,0.4418262150220897,297686827.0
2202,2026-02-05,25.53,25.94,24.56,24.82,-2.460000000000001,-9.017595307917892,351446415.0
2202,2026-02-06,24.76,26.07,24.76,25.51,0.6900000000000013,2.7800161160354664,242844099.0
2202,2026-02-09,26.02,26.58,25.43,26.19,0.6799999999999997,2.6656213249705907,225527450.0
2202,2026-02-10,26.2,26.33,25.52,25.67,-0.5199999999999996,-1.98549064528446,143220504.0
2202,2026-02-11,25.65,26.13,25.4,25.46,-0.2100000000000008,-0.8180755746007073,133745689.0
2202,2026-02-12,25.2,25.6,25.05,25.13,-0.3300000000000018,-1.2961508248232612,125780403.0
2202,2026-02-13,25.05,25.29,24.85,24.9,-0.2300000000000004,-0.9152407481098356,100779424.0
2202,2026-02-24,25.23,26.65,25.03,26.08,1.1799999999999995,4.738955823293178,229020511.0
2202,2026-02-25,26.2,27.57,26.08,27.26,1.1800000000000033,4.524539877300637,260800514.0
2202,2026-02-26,27.0,28.73,26.62,28.38,1.1199999999999974,4.108584005869398,337077469.0
2202,2026-02-27,28.0,28.99,27.88,28.45,0.0700000000000002,0.246652572233974,261815293.0
2202,2026-03-02,28.08,29.58,28.07,28.11,-0.3399999999999998,-1.195079086115991,312082215.0
2202,2026-03-03,28.12,28.25,26.26,26.33,-1.7800000000000011,-6.332266097474215,260184289.0
2202,2026-03-04,25.87,27.98,25.87,27.01,0.6800000000000033,2.5826053930877446,211912526.0
2202,2026-03-05,27.6,28.15,27.11,28.0,0.9899999999999984,3.6653091447611974,241512672.0
2202,2026-03-06,27.88,28.98,27.72,28.47,0.4699999999999988,1.6785714285714182,246520317.0
2202,2026-03-09,27.7,28.58,27.5,28.47,0.0,0.0,197276190.0
2202,2026-03-10,28.59,29.2,28.23,28.48,0.0100000000000015,0.0351246926589388,201005873.0
2202,2026-03-11,28.51,31.0,27.82,30.24,1.759999999999998,6.17977528089888,434392923.0
2202,2026-03-12,29.94,33.0,29.15,31.29,1.0500000000000007,3.472222222222232,478142907.0
2202,2026-03-13,31.35,32.68,31.0,31.43,0.1400000000000005,0.4474272930648837,394195605.0
2202,2026-03-16,31.9,33.3,29.39,31.01,-0.4199999999999981,-1.3363028953229383,449637748.0
2202,2026-03-17,30.01,30.7,28.5,28.55,-2.460000000000001,-7.932924862947443,321617886.0
2202,2026-03-18,28.56,31.41,28.2,31.0,2.4499999999999993,8.581436077057791,454315119.0
2202,2026-03-19,30.0,31.17,29.65,29.81,-1.1900000000000013,-3.8387096774193608,316113905.0
2202,2026-03-20,29.9,30.39,29.15,29.2,-0.6099999999999994,-2.046293190204629,241263670.0
