ts_code,trade_date,open,high,low,close,change,pct_change,vol
2278,20171206,14.13,14.48,13.76,14.24,0.2200000000000006,1.5691868758915817,10470748.0
2278,20171207,14.24,14.65,14.09,14.65,0.4100000000000001,2.879213483146059,10047169.0
2278,20171208,14.75,14.98,14.5,14.96,0.3100000000000005,2.116040955631404,25082735.0
2278,20171211,14.51,15.09,14.51,14.69,-0.2700000000000013,-1.8048128342246117,8344021.0
2278,20171212,14.88,15.23,14.35,15.0,0.3100000000000005,2.1102791014295574,24627275.0
2278,20171213,15.0,15.0,14.55,14.67,-0.33,-2.200000000000002,8734823.0
2278,20171214,14.7,14.84,14.49,14.68,0.0099999999999997,0.0681663258350395,3637746.0
2278,20171215,14.71,14.75,14.25,14.43,-0.25,-1.7029972752043545,5662718.0
2278,20171218,14.4,14.69,14.22,14.58,0.1500000000000003,1.039501039501034,6107283.0
2278,20171219,14.64,15.5,14.48,15.3,0.7200000000000006,4.938271604938271,9948738.0
2278,20171220,15.23,15.56,15.2,15.4,0.0999999999999996,0.6535947712418277,5161194.0
2278,20171221,15.4,15.45,14.67,15.03,-0.370000000000001,-2.402597402597406,6708690.0
2278,20171222,14.78,15.15,14.73,14.81,-0.2199999999999988,-1.4637391882900808,2857173.0
2278,20171225,14.85,14.88,13.98,14.85,0.0399999999999991,0.2700877785280164,6506631.0
2278,20171226,14.71,15.22,14.54,14.87,0.0199999999999995,0.1346801346801207,10330729.0
2278,20171227,14.88,14.93,14.45,14.79,-0.08,-0.5379959650302579,10135792.0
2278,20171228,14.85,15.3,14.0,14.45,-0.3399999999999998,-2.298850574712641,9509962.0
2278,20171229,14.68,14.68,14.31,14.4,-0.0499999999999989,-0.3460207612456689,3122718.0
2278,20180102,14.38,14.79,14.26,14.58,0.1799999999999997,1.2499999999999956,5899561.0
2278,20180103,14.8,14.8,14.58,14.8,0.2200000000000006,1.5089163237311354,3086991.0
2278,20180104,14.78,14.85,14.61,14.79,-0.0100000000000015,-0.0675675675675835,4332829.0
2278,20180105,14.68,14.98,14.52,14.69,-0.0999999999999996,-0.6761325219743042,3665838.0
2278,20180108,14.7,14.72,14.38,14.55,-0.1399999999999988,-0.9530292716133372,6488169.0
2278,20180109,14.61,14.73,14.53,14.56,0.0099999999999997,0.0687285223367695,7865249.0
2278,20180110,14.76,14.76,14.29,14.4,-0.1600000000000001,-1.098901098901095,3442302.0
2278,20180111,14.5,15.22,14.37,15.08,0.6799999999999997,4.722222222222228,12622191.0
2278,20180112,15.1,15.36,14.65,14.78,-0.3000000000000007,-1.9893899204244112,11934495.0
2278,20180115,14.75,14.91,14.25,14.44,-0.3399999999999998,-2.3004059539918797,5436446.0
2278,20180116,14.28,14.68,14.26,14.4,-0.0399999999999991,-0.2770083102493048,9525467.0
2278,20180117,14.49,14.54,14.2,14.4,0.0,0.0,5784571.0
2278,20180118,14.4,14.75,14.3,14.6,0.1999999999999993,1.388888888888884,7544430.0
2278,20180119,14.68,14.99,14.41,14.99,0.3900000000000005,2.6712328767123372,11601236.0
2278,20180122,14.95,14.96,14.52,14.6,-0.3900000000000005,-2.6017344896597794,3714720.0
2278,20180123,14.62,14.64,14.31,14.55,-0.0499999999999989,-0.3424657534246478,6307627.0
2278,20180124,14.66,14.71,14.26,14.48,-0.0700000000000002,-0.4810996563573866,6115696.0
2278,20180125,14.56,14.65,14.36,14.62,0.1399999999999988,0.966850828729271,2926102.0
2278,20180126,14.68,14.84,14.5,14.63,0.0100000000000015,0.0683994528043907,6050561.0
2278,20180129,15.1,15.18,14.25,14.39,-0.2400000000000002,-1.640464798359531,8965936.0
2278,20180130,13.98,14.46,13.98,14.26,-0.1300000000000007,-0.9034051424600452,8021818.0
2278,20180131,14.09,14.3,14.01,14.22,-0.0399999999999991,-0.280504908835899,4175400.0
2278,20180201,14.77,14.77,12.8,12.8,-1.42,-9.985935302391002,16207000.0
2278,20180223,12.8,13.09,11.52,11.52,-1.2800000000000011,-10.000000000000009,31310241.0
2278,20180226,10.37,10.37,10.37,10.37,-1.1500000000000004,-9.982638888888896,15524900.0
2278,20180227,10.12,10.86,9.92,10.44,0.0700000000000002,0.6750241080038633,39855054.0
2278,20180228,10.1,10.45,9.8,10.13,-0.3099999999999987,-2.969348659003823,15038913.0
2278,20180301,10.16,10.3,10.1,10.13,0.0,0.0,8427478.0
2278,20180302,10.15,10.47,10.07,10.47,0.3399999999999998,3.3563672260612076,13094731.0
2278,20180305,10.48,10.55,10.33,10.48,0.0099999999999997,0.0955109837631251,8081859.0
2278,20180306,10.45,10.7,10.45,10.64,0.1600000000000001,1.526717557251911,9013904.0
2278,20180307,10.55,11.26,10.53,11.06,0.4199999999999999,3.9473684210526327,11897594.0
2278,20180308,10.99,11.5,10.99,11.13,0.0700000000000002,0.6329113924050667,8063773.0
2278,20180309,11.1,11.41,11.05,11.25,0.1199999999999992,1.0781671159029615,8556756.0
2278,20180312,11.23,11.87,11.18,11.34,0.0899999999999998,0.8000000000000007,12477643.0
2278,20180313,11.23,11.65,11.08,11.19,-0.1500000000000003,-1.3227513227513257,8231914.0
2278,20180314,11.12,11.59,11.12,11.45,0.2599999999999998,2.323503127792681,10413085.0
2278,20180315,11.44,11.54,11.25,11.34,-0.1099999999999994,-0.9606986899563296,4334141.0
2278,20180316,11.31,11.45,11.25,11.37,0.0299999999999993,0.2645502645502562,3127800.0
2278,20180319,11.35,11.65,11.1,11.45,0.08,0.7036059806508455,5339186.0
2278,20180320,11.32,11.57,11.25,11.5,0.0500000000000007,0.4366812227074357,4157342.0
2278,20180321,11.49,12.05,11.19,11.8,0.3000000000000007,2.60869565217392,12952911.0
2278,20180322,11.78,11.99,11.65,11.92,0.1199999999999992,1.0169491525423568,7574800.0
2278,20180323,11.6,11.88,10.96,11.7,-0.2200000000000006,-1.8456375838926231,6827177.0
2278,20180326,11.59,11.7,11.3,11.63,-0.0699999999999985,-0.5982905982905851,5609900.0
2278,20180327,11.65,11.99,11.65,11.99,0.3599999999999994,3.095442820292349,6655749.0
2278,20180328,11.8,12.14,11.77,11.96,-0.0299999999999993,-0.2502085070892335,3971432.0
2278,20180329,12.0,12.14,11.97,12.07,0.1099999999999994,0.9197324414715656,5176255.0
2278,20180330,12.01,12.33,12.01,12.33,0.2599999999999998,2.154101077050541,4107323.0
2278,20180402,12.41,12.85,12.25,12.7,0.3699999999999992,3.0008110300081103,8119115.0
2278,20180403,12.52,12.99,12.52,12.87,0.1699999999999999,1.3385826771653564,6665285.0
2278,20180404,12.89,13.05,12.66,12.74,-0.129999999999999,-1.0101010101010055,6447823.0
2278,20180409,12.72,13.09,12.45,12.99,0.25,1.9623233908948157,7966691.0
2278,20180410,12.86,13.08,12.82,12.91,-0.08,-0.6158583525789019,7401220.0
2278,20180411,12.83,12.97,12.58,12.62,-0.2900000000000009,-2.2463206816421444,5007540.0
2278,20180412,12.57,12.59,12.14,12.15,-0.4699999999999988,-3.7242472266244,5602851.0
2278,20180413,12.21,12.83,12.21,12.77,0.6199999999999992,5.102880658436204,7778131.0
2278,20180416,12.68,13.02,12.24,12.3,-0.4699999999999988,-3.680501174628026,5708100.0
2278,20180417,12.25,12.58,12.18,12.36,0.0599999999999987,0.4878048780487809,3978000.0
2278,20180418,12.47,12.49,12.02,12.12,-0.2400000000000002,-1.9417475728155331,6530539.0
2278,20180419,12.15,12.31,11.5,12.29,0.1699999999999999,1.4026402640264113,7174843.0
2278,20180420,12.19,12.31,11.8,11.8,-0.4899999999999984,-3.986981285598034,2820450.0
2278,20180423,11.77,12.29,11.66,12.16,0.3599999999999994,3.050847457627115,3361100.0
2278,20180424,12.18,12.44,12.03,12.28,0.1199999999999992,0.9868421052631416,7017721.0
2278,20180425,12.31,12.35,12.1,12.17,-0.1099999999999994,-0.895765472312704,1942230.0
2278,20180426,12.2,12.5,11.62,11.83,-0.3399999999999998,-2.79375513557929,3365921.0
2278,20180427,11.77,12.0,11.59,11.86,0.0299999999999993,0.2535925612848544,2658400.0
2278,20180502,11.86,11.97,11.6,11.86,0.0,0.0,1424081.0
2278,20180503,11.86,12.03,11.7,11.96,0.1000000000000014,0.8431703204047292,2369925.0
2278,20180504,11.98,12.0,11.78,11.93,-0.0300000000000011,-0.2508361204013432,1195000.0
2278,20180507,11.83,11.97,11.8,11.94,0.0099999999999997,0.0838222967309176,2866964.0
2278,20180508,11.9,12.09,11.87,12.02,0.08,0.670016750418756,6496193.0
2278,20180509,12.03,12.08,11.8,12.01,-0.0099999999999997,-0.0831946755407653,2328170.0
2278,20180510,11.97,12.09,11.83,11.83,-0.1799999999999997,-1.4987510407993287,2141700.0
2278,20180511,11.83,11.99,11.65,11.92,0.0899999999999998,0.7607776838546076,3496608.0
2278,20180514,11.85,11.97,11.75,11.76,-0.1600000000000001,-1.342281879194629,1591500.0
2278,20180515,11.69,11.93,11.6,11.75,-0.0099999999999997,-0.085034013605445,1419686.0
2278,20180516,11.74,11.76,11.52,11.75,0.0,0.0,1575316.0
2278,20180517,11.63,11.74,11.55,11.68,-0.0700000000000002,-0.5957446808510625,1762501.0
2278,20180518,11.67,12.0,11.4,11.81,0.1300000000000007,1.1130136986301498,2342580.0
2278,20180521,11.76,11.92,11.62,11.79,-0.0200000000000013,-0.1693480101608968,2145233.0
2278,20180522,11.76,11.94,11.69,11.83,0.0400000000000009,0.3392705682782049,2065554.0
2278,20180523,11.71,11.95,11.69,11.83,0.0,0.0,1759900.0
2278,20180524,11.86,11.89,11.75,11.75,-0.08,-0.6762468300929858,2058900.0
2278,20180525,11.69,11.82,11.65,11.77,0.0199999999999995,0.1702127659574337,1379784.0
2278,20180528,11.71,11.83,11.45,11.45,-0.3200000000000003,-2.7187765505522488,1960200.0
2278,20180529,11.5,11.65,10.48,10.86,-0.5899999999999999,-5.152838427947593,5021183.0
2278,20180530,9.77,9.77,9.77,9.77,-1.09,-10.036832412523022,4974500.0
2278,20180531,8.79,8.79,8.79,8.79,-0.9800000000000004,-10.030706243602872,1064800.0
2278,20180601,7.91,7.91,7.91,7.91,-0.879999999999999,-10.011376564277574,3376900.0
2278,20180604,7.32,8.7,7.32,8.37,0.4599999999999991,5.8154235145385424,37426722.0
2278,20180605,7.84,8.42,7.75,8.2,-0.1699999999999999,-2.0310633213859064,22401150.0
2278,20180606,8.04,8.26,7.94,8.06,-0.1399999999999988,-1.707317073170722,6653189.0
2278,20180607,8.04,8.1,7.86,7.92,-0.1400000000000005,-1.7369727047146457,4566141.0
2278,20180608,7.92,7.99,7.59,7.78,-0.1399999999999996,-1.7676767676767624,12808709.0
2278,20180611,7.75,7.85,7.51,7.75,-0.0300000000000002,-0.3856041131105381,11182064.0
2278,20180612,7.71,7.77,7.58,7.62,-0.1299999999999999,-1.677419354838705,3565008.0
2278,20180613,7.63,8.3,7.48,8.3,0.6800000000000006,8.92388451443571,10013859.0
2278,20180614,7.81,8.15,7.8,7.9,-0.4000000000000003,-4.81927710843374,8346061.0
2278,20180615,7.89,8.13,7.69,7.93,0.0299999999999993,0.37974683544304,7564287.0
2278,20180619,7.68,7.99,7.14,7.99,0.0600000000000005,0.7566204287515754,8579900.0
2278,20180620,7.19,7.97,7.19,7.71,-0.2800000000000002,-3.504380475594493,7636535.0
2278,20180621,7.58,7.59,6.97,7.36,-0.3499999999999996,-4.53955901426718,12784651.0
2278,20180622,7.03,7.25,6.66,6.7,-0.6600000000000001,-8.967391304347828,15278483.0
2278,20180625,6.72,6.76,6.33,6.64,-0.0600000000000005,-0.8955223880597107,7653420.0
2278,20180626,6.42,6.7,6.11,6.62,-0.0199999999999995,-0.3012048192771011,12537161.0
2278,20180627,6.65,6.69,6.5,6.6,-0.0200000000000004,-0.3021148036253862,6764300.0
2278,20180628,6.6,6.73,6.52,6.6,0.0,0.0,5180605.0
2278,20180629,6.6,6.75,6.51,6.71,0.1100000000000003,1.6666666666666607,3372523.0
2278,20180702,6.71,7.37,6.69,7.19,0.4800000000000004,7.153502235469444,9749255.0
2278,20180703,7.23,7.34,7.06,7.22,0.0299999999999993,0.4172461752433909,4348704.0
2278,20180704,7.19,7.94,7.19,7.55,0.33,4.570637119113585,10413386.0
2278,20180705,7.38,7.83,7.38,7.6,0.0499999999999998,0.6622516556291425,6637706.0
2278,20180706,7.56,8.13,7.53,7.95,0.3500000000000005,4.6052631578947345,7006137.0
2278,20180709,7.93,8.34,7.93,8.29,0.3399999999999989,4.2767295597484045,9865028.0
2278,20180710,8.29,9.06,8.2,8.92,0.6300000000000008,7.599517490952956,12152554.0
2278,20180711,8.97,9.0,8.12,8.37,-0.5500000000000007,-6.165919282511223,11654022.0
2278,20180712,8.15,8.74,8.15,8.63,0.2600000000000015,3.1063321385902176,5352771.0
2278,20180713,8.45,9.05,8.45,8.9,0.2699999999999996,3.1286210892236266,5996170.0
2278,20180716,8.94,9.17,8.6,8.95,0.0499999999999989,0.561797752808979,6525776.0
2278,20180717,8.91,9.41,8.78,9.36,0.4100000000000001,4.5810055865921795,11565931.0
2278,20180718,10.0,10.0,9.36,9.41,0.0500000000000007,0.5341880341880323,7013441.0
2278,20180719,9.3,9.87,9.25,9.84,0.4299999999999997,4.569606801275228,9394357.0
2278,20180720,9.79,10.09,9.74,9.81,-0.0299999999999993,-0.304878048780477,6025300.0
2278,20180723,9.79,9.85,9.3,9.64,-0.1699999999999999,-1.732925586136591,7948538.0
2278,20180724,9.52,9.63,9.31,9.46,-0.1799999999999997,-1.8672199170124415,5989737.0
2278,20180725,9.5,9.88,9.46,9.86,0.3999999999999986,4.22832980972514,5854978.0
2278,20180726,9.97,10.49,9.88,10.47,0.6100000000000012,6.18661257606492,8319383.0
2278,20180727,10.38,10.94,10.38,10.75,0.2799999999999993,2.6743075453677045,8143411.0
2278,20180730,10.75,11.07,10.71,10.78,0.0299999999999993,0.2790697674418529,5615571.0
2278,20180731,10.79,10.98,10.3,10.37,-0.4100000000000001,-3.803339517625237,4789611.0
2278,20180801,10.39,11.05,10.31,10.87,0.5,4.821600771456125,8332710.0
2278,20180802,11.2,11.2,9.78,9.78,-1.09,-10.027598896044154,17725556.0
2278,20180803,9.8,10.3,9.78,10.13,0.3500000000000014,3.5787321063394772,7072209.0
2278,20180806,10.22,10.22,9.52,10.03,-0.1000000000000014,-0.987166831194486,12344479.0
2278,20180807,9.89,10.05,9.03,9.87,-0.1600000000000001,-1.5952143569292088,10356678.0
2278,20180808,9.97,10.0,9.5,9.5,-0.3699999999999992,-3.7487335359675744,5406353.0
2278,20180809,9.6,9.6,9.15,9.37,-0.1300000000000007,-1.3684210526315854,3691020.0
2278,20180810,9.4,10.09,9.33,10.02,0.6500000000000004,6.937033084311639,6302735.0
2278,20180813,9.95,11.02,9.77,10.84,0.8200000000000003,8.183632734530931,13839010.0
2278,20180814,10.94,11.24,10.73,10.87,0.0299999999999993,0.2767527675276771,10309883.0
2278,20180815,11.0,11.19,10.77,10.83,-0.0399999999999991,-0.3679852805887673,4803008.0
2278,20180816,10.96,11.23,10.75,11.18,0.3499999999999996,3.2317636195752453,7736510.0
2278,20180817,11.28,11.8,11.19,11.7,0.5199999999999996,4.6511627906976605,12714233.0
2278,20180820,11.56,12.2,11.05,12.2,0.5,4.2735042735042805,16844532.0
2278,20180821,12.16,12.85,12.01,12.8,0.6000000000000014,4.918032786885251,19257058.0
2278,20180822,12.81,13.24,12.2,13.0,0.1999999999999993,1.5625,23449257.0
2278,20180823,12.9,12.9,11.7,11.7,-1.3000000000000007,-10.000000000000009,21950656.0
2278,20180824,10.53,10.53,10.53,10.53,-1.17,-9.999999999999998,6214600.0
2278,20180827,9.48,9.48,9.48,9.48,-1.049999999999999,-9.971509971509962,793000.0
2278,20180828,8.53,8.53,8.53,8.53,-0.9500000000000012,-10.021097046413509,1316700.0
2278,20180829,7.68,8.93,7.68,8.4,-0.129999999999999,-1.5240328253223745,49106158.0
2278,20180830,7.9,8.12,7.7,7.72,-0.6800000000000006,-8.0952380952381,24440538.0
2278,20180831,7.8,7.8,7.12,7.23,-0.4899999999999993,-6.347150259067346,18034690.0
2278,20180903,7.15,7.83,6.99,7.73,0.5,6.915629322268324,15423821.0
2278,20180904,7.73,8.32,7.6,8.22,0.4900000000000002,6.338939197930138,18670544.0
2278,20180905,8.1,8.55,7.94,8.05,-0.1699999999999999,-2.068126520681268,15603342.0
2278,20180906,8.2,8.34,7.91,8.07,0.0199999999999995,0.248447204968949,9821611.0
2278,20180907,7.99,8.13,7.95,8.04,-0.0300000000000011,-0.3717472118959231,7089504.0
2278,20180910,8.08,8.11,7.76,7.77,-0.2699999999999996,-3.3582089552238736,6257336.0
2278,20180911,7.79,8.35,7.52,8.2,0.4299999999999997,5.534105534105538,14819443.0
2278,20180912,8.27,8.27,7.65,7.94,-0.2599999999999989,-3.170731707317065,10058222.0
2278,20180913,7.81,8.2,7.6,8.11,0.169999999999999,2.1410579345088054,11571017.0
2278,20180914,8.12,8.12,7.79,7.83,-0.2799999999999993,-3.452527743526501,7178160.0
2278,20180917,7.81,7.95,7.52,7.73,-0.0999999999999996,-1.2771392081736832,4722415.0
2278,20180918,7.64,8.03,7.64,7.96,0.2299999999999995,2.975420439844756,7414383.0
2278,20180919,8.0,8.21,7.88,8.02,0.0599999999999996,0.7537688442210921,8835909.0
2278,20180920,8.04,8.04,7.84,7.88,-0.1399999999999996,-1.74563591022443,4968200.0
2278,20180921,7.77,7.89,7.77,7.82,-0.0599999999999996,-0.761421319796951,3396300.0
2278,20180925,7.82,8.0,7.77,7.81,-0.0100000000000006,-0.1278772378516701,6499694.0
2278,20180926,7.83,8.06,7.8,7.99,0.1800000000000006,2.3047375160051287,9047584.0
2278,20180927,7.99,8.06,7.52,7.59,-0.4000000000000003,-5.006257822277849,9779890.0
2278,20180928,7.59,7.71,7.5,7.6,0.0099999999999997,0.1317523056653557,4165741.0
2278,20181008,7.59,7.74,7.38,7.46,-0.1399999999999996,-1.8421052631578896,5553937.0
2278,20181009,7.47,7.49,7.02,7.36,-0.0999999999999996,-1.3404825737265311,7593591.0
2278,20181010,7.44,7.5,7.27,7.32,-0.04,-0.5434782608695676,5534521.0
2278,20181011,7.07,7.16,6.59,6.59,-0.7300000000000004,-9.97267759562842,7880500.0
2278,20181012,6.45,6.53,5.93,6.4,-0.1899999999999995,-2.88315629742033,16030427.0
2278,20181015,6.37,6.52,6.3,6.33,-0.0700000000000002,-1.0937500000000044,5900790.0
2278,20181016,6.28,6.39,6.1,6.3,-0.0300000000000002,-0.4739336492891044,6012003.0
2278,20181017,6.38,6.42,6.15,6.32,0.0200000000000004,0.3174603174603163,3550620.0
2278,20181018,6.23,6.28,6.0,6.04,-0.2800000000000002,-4.430379746835444,5940201.0
2278,20181019,5.88,6.16,5.88,6.12,0.08,1.324503311258285,4116467.0
2278,20181022,6.18,6.53,6.12,6.44,0.3200000000000003,5.228758169934644,6457131.0
2278,20181023,6.52,6.55,6.28,6.32,-0.1200000000000001,-1.8633540372670845,5002493.0
2278,20181024,6.41,6.41,6.25,6.35,0.0299999999999993,0.4746835443037778,3413174.0
2278,20181025,6.12,6.26,6.0,6.16,-0.1899999999999995,-2.9921259842519587,4176545.0
2278,20181026,6.27,6.32,6.18,6.23,0.0700000000000002,1.1363636363636465,3681197.0
2278,20181029,6.32,6.32,6.12,6.15,-0.08,-1.2841091492776902,3118213.0
2278,20181030,6.08,6.51,6.05,6.4,0.25,4.065040650406493,6149904.0
2278,20181031,6.4,6.7,6.33,6.47,0.0699999999999994,1.0937499999999822,7148677.0
2278,20181101,6.45,6.78,6.0,6.69,0.2200000000000006,3.400309119010836,10107915.0
2278,20181102,6.62,6.82,6.56,6.76,0.0699999999999994,1.0463378176382545,10737685.0
2278,20181105,6.7,6.92,6.66,6.9,0.1400000000000005,2.071005917159763,8898278.0
2278,20181106,6.9,6.95,6.75,6.85,-0.0500000000000007,-0.7246376811594346,5617563.0
2278,20181107,6.85,6.93,6.73,6.75,-0.0999999999999996,-1.4598540145985384,4635821.0
2278,20181108,6.81,6.93,6.73,6.74,-0.0099999999999997,-0.1481481481481417,4884140.0
2278,20181109,6.66,6.82,6.58,6.67,-0.0700000000000002,-1.0385756676557945,5097793.0
2278,20181112,6.66,7.0,6.51,6.96,0.29,4.347826086956519,7784993.0
2278,20181113,6.93,7.32,6.91,7.16,0.2000000000000001,2.873563218390806,10633098.0
2278,20181114,7.19,7.35,7.03,7.1,-0.0600000000000005,-0.8379888268156499,8353587.0
2278,20181115,7.12,7.2,7.05,7.12,0.0200000000000004,0.28169014084507,6629343.0
2278,20181116,7.17,7.33,7.11,7.3,0.1799999999999997,2.528089887640439,6917627.0
2278,20181119,7.32,7.33,7.09,7.14,-0.1600000000000001,-2.1917808219178103,6705280.0
2278,20181120,7.1,7.2,6.9,6.93,-0.2099999999999999,-2.941176470588236,5220302.0
2278,20181121,6.81,7.2,6.64,7.19,0.2600000000000007,3.751803751803773,6454172.0
2278,20181122,7.22,7.24,7.05,7.05,-0.1400000000000005,-1.9471488178025131,5468889.0
2278,20181123,7.08,7.09,6.61,6.77,-0.2800000000000002,-3.9716312056737646,5586916.0
2278,20181126,6.76,6.98,6.61,6.72,-0.0499999999999998,-0.738552437223039,3721008.0
2278,20181127,6.72,6.83,6.67,6.75,0.0300000000000002,0.4464285714285809,2701625.0
2278,20181128,6.77,6.78,6.33,6.71,-0.04,-0.592592592592589,4243543.0
2278,20181129,6.7,6.83,6.51,6.52,-0.1900000000000004,-2.8315946348733245,3948099.0
2278,20181130,6.52,7.17,6.46,7.1,0.5800000000000001,8.895705521472387,18004418.0
2278,20181203,7.09,7.6,7.01,7.3,0.2000000000000001,2.8169014084507005,18544153.0
2278,20181204,7.3,7.43,7.17,7.33,0.0300000000000002,0.4109589041095818,9497285.0
2278,20181205,7.14,7.29,7.1,7.16,-0.1699999999999999,-2.3192360163710735,6435311.0
2278,20181206,7.14,7.23,6.95,6.99,-0.1699999999999999,-2.3743016759776525,4958524.0
2278,20181207,7.03,7.15,6.95,6.97,-0.0200000000000004,-0.2861230329041508,3972324.0
2278,20181210,7.0,7.02,6.66,6.71,-0.2599999999999998,-3.730272596843609,4958760.0
2278,20181211,6.77,6.84,6.71,6.76,0.0499999999999998,0.7451564828613977,3087416.0
2278,20181212,6.8,6.95,6.74,6.88,0.1200000000000001,1.775147928994092,4188957.0
2278,20181213,6.88,6.93,6.79,6.85,-0.0300000000000002,-0.4360465116279077,3679960.0
2278,20181214,6.84,6.87,6.61,6.69,-0.1599999999999992,-2.3357664233576547,4076450.0
2278,20181217,6.59,6.71,6.49,6.6,-0.0900000000000007,-1.3452914798206428,4110478.0
2278,20181218,6.6,6.69,6.52,6.59,-0.0099999999999997,-0.1515151515151469,2279751.0
2278,20181219,6.6,6.65,6.43,6.46,-0.1299999999999999,-1.9726858877086473,2422388.0
2278,20181220,6.46,6.52,6.39,6.47,0.0099999999999997,0.1547987616099089,1930300.0
2278,20181221,6.45,6.48,6.36,6.42,-0.0499999999999998,-0.7727975270479082,1910600.0
2278,20181224,6.42,6.42,6.3,6.37,-0.0499999999999998,-0.7788161993769416,2294850.0
2278,20181225,6.28,6.51,6.03,6.48,0.1100000000000003,1.7268445839874411,3502326.0
2278,20181226,6.45,6.72,6.4,6.61,0.1299999999999999,2.00617283950617,3293000.0
2278,20181227,6.7,6.83,6.55,6.57,-0.04,-0.605143721633894,3960300.0
2278,20181228,6.54,6.76,6.54,6.64,0.0699999999999994,1.0654490106544845,2316817.0
2278,20190102,6.64,6.74,6.62,6.66,0.0200000000000004,0.3012048192771122,1492501.0
2278,20190103,6.64,6.7,6.52,6.54,-0.1200000000000001,-1.8018018018018056,1590300.0
2278,20190104,6.5,6.69,6.25,6.69,0.1500000000000003,2.2935779816513735,3061417.0
2278,20190107,6.77,7.05,6.66,6.89,0.1999999999999993,2.9895366218235964,5701373.0
2278,20190108,6.86,6.86,6.65,6.72,-0.1699999999999999,-2.467343976777936,4156635.0
2278,20190109,6.72,6.82,6.69,6.69,-0.0299999999999993,-0.4464285714285587,2706500.0
2278,20190110,6.76,6.76,6.63,6.66,-0.0300000000000002,-0.4484304932735439,1772900.0
2278,20190111,6.66,7.3,6.61,6.9,0.2400000000000002,3.603603603603611,11422227.0
2278,20190114,6.86,7.13,6.77,6.8,-0.1000000000000005,-1.449275362318847,4334245.0
2278,20190115,6.73,6.84,6.67,6.79,-0.0099999999999997,-0.1470588235294112,2896440.0
2278,20190116,6.85,6.85,6.73,6.77,-0.0200000000000004,-0.2945508100147376,1841500.0
2278,20190117,6.74,6.77,6.63,6.66,-0.1099999999999994,-1.6248153618906858,2551362.0
2278,20190118,6.7,6.75,6.64,6.64,-0.0200000000000004,-0.3003003003003046,2251475.0
2278,20190121,6.68,6.7,6.6,6.66,0.0200000000000004,0.3012048192771122,2069938.0
2278,20190122,6.68,6.71,6.53,6.54,-0.1200000000000001,-1.8018018018018056,2075360.0
2278,20190123,6.55,6.58,6.47,6.48,-0.0599999999999996,-0.917431192660545,1789500.0
2278,20190124,6.47,6.52,6.38,6.47,-0.0100000000000006,-0.1543209876543327,2012168.0
2278,20190125,6.49,6.49,6.32,6.35,-0.1200000000000001,-1.8547140649149976,2402714.0
2278,20190128,6.38,6.5,6.32,6.33,-0.0199999999999995,-0.314960629921257,2606600.0
2278,20190129,6.39,6.39,6.16,6.24,-0.0899999999999998,-1.421800947867291,2240667.0
2278,20190130,6.22,6.28,6.16,6.22,-0.0200000000000004,-0.3205128205128305,1664400.0
2278,20190131,6.25,6.29,6.14,6.2,-0.0199999999999995,-0.3215434083601254,2563813.0
2278,20190201,6.26,6.4,6.21,6.38,0.1799999999999997,2.9032258064516148,2185914.0
2278,20190211,6.38,6.57,6.38,6.54,0.1600000000000001,2.5078369905956244,2103801.0
2278,20190212,6.53,6.73,6.52,6.66,0.1200000000000001,1.834862385321112,3960700.0
2278,20190213,6.62,6.86,6.62,6.81,0.1499999999999994,2.2522522522522515,5454466.0
2278,20190214,6.81,6.89,6.74,6.79,-0.0199999999999995,-0.2936857562408135,3753900.0
2278,20190215,6.83,7.17,6.77,6.89,0.0999999999999996,1.4727540500736325,8231555.0
2278,20190218,6.84,7.12,6.84,7.02,0.1299999999999999,1.8867924528301885,7948897.0
2278,20190219,7.03,7.17,6.94,7.06,0.04,0.5698005698005604,5138002.0
2278,20190220,7.04,7.09,6.87,6.98,-0.0799999999999991,-1.1331444759206666,5161100.0
2278,20190221,7.05,7.07,6.91,6.96,-0.0200000000000004,-0.2865329512894088,3965586.0
2278,20190222,6.98,7.06,6.88,6.99,0.0300000000000002,0.4310344827586299,5405917.0
2278,20190225,7.03,7.27,6.99,7.26,0.2699999999999996,3.862660944205998,12659052.0
2278,20190226,7.44,7.44,7.11,7.11,-0.1499999999999994,-2.066115702479332,10792802.0
2278,20190227,7.11,7.22,7.02,7.07,-0.04,-0.5625879043600568,6925422.0
2278,20190228,7.04,7.25,7.03,7.11,0.04,0.5657708628005631,5870810.0
2278,20190301,7.13,7.21,7.08,7.19,0.08,1.1251758087201136,4579812.0
2278,20190304,7.22,7.4,7.14,7.34,0.1499999999999994,2.0862308762169546,11978328.0
2278,20190305,7.31,7.47,7.19,7.47,0.1299999999999999,1.7711171662125436,10281325.0
2278,20190306,7.48,7.63,7.38,7.62,0.1500000000000003,2.008032128514059,14980824.0
2278,20190307,7.6,7.89,7.52,7.79,0.1699999999999999,2.2309711286089273,14799853.0
2278,20190308,7.67,7.69,7.18,7.3,-0.4900000000000002,-6.290115532734275,9878910.0
2278,20190311,7.44,7.76,7.3,7.7,0.4000000000000003,5.47945205479452,9152358.0
2278,20190312,7.66,7.85,7.63,7.79,0.0899999999999998,1.1688311688311748,11496034.0
2278,20190313,7.84,7.93,7.71,7.9,0.1100000000000003,1.412066752246477,13340152.0
2278,20190314,7.86,8.08,7.67,7.79,-0.1100000000000003,-1.3924050632911469,10344111.0
2278,20190315,7.8,7.85,7.68,7.74,-0.0499999999999998,-0.6418485237483895,6533422.0
2278,20190318,7.7,7.87,7.56,7.83,0.0899999999999998,1.162790697674421,6810255.0
2278,20190319,7.79,8.0,7.75,7.91,0.08,1.0217113665389466,12350081.0
2278,20190320,7.9,7.97,7.7,7.81,-0.1000000000000005,-1.2642225031605614,8878260.0
2278,20190321,7.76,7.9,7.73,7.82,0.0100000000000006,0.1280409731114096,9750308.0
2278,20190322,7.83,7.83,7.58,7.69,-0.1299999999999999,-1.662404092071612,9637211.0
2278,20190325,7.59,7.69,7.53,7.6,-0.0900000000000007,-1.170351105331613,5254912.0
2278,20190326,7.67,7.76,7.44,7.45,-0.1499999999999994,-1.9736842105263053,5679039.0
2278,20190327,7.44,7.5,7.23,7.41,-0.04,-0.5369127516778538,9257682.0
2278,20190328,7.37,7.45,7.3,7.42,0.0099999999999997,0.134952766531704,6527074.0
2278,20190329,7.42,7.59,7.32,7.56,0.1399999999999996,1.8867924528301885,9668350.0
2278,20190401,7.59,7.8,7.56,7.79,0.2300000000000004,3.0423280423280463,9205254.0
2278,20190402,7.83,7.91,7.74,7.79,0.0,0.0,8008646.0
2278,20190403,7.75,8.39,7.73,8.17,0.3799999999999999,4.878048780487809,19824949.0
2278,20190404,8.15,8.75,7.94,8.47,0.3000000000000007,3.6719706242350103,23486615.0
2278,20190408,8.48,8.74,8.31,8.73,0.2599999999999998,3.0696576151121535,18328273.0
2278,20190409,8.75,8.75,8.42,8.49,-0.2400000000000002,-2.7491408934707917,12155505.0
2278,20190410,8.4,8.62,8.15,8.41,-0.08,-0.942285041224966,10091831.0
2278,20190411,8.42,8.42,8.19,8.23,-0.1799999999999997,-2.1403091557669396,7353285.0
2278,20190412,8.19,8.47,8.19,8.43,0.1999999999999993,2.430133657351141,10933467.0
2278,20190415,8.36,8.66,8.21,8.23,-0.1999999999999993,-2.3724792408066353,6747798.0
2278,20190416,8.15,8.36,8.15,8.35,0.1199999999999992,1.4580801944106936,4875047.0
2278,20190417,8.35,8.37,8.24,8.29,-0.0600000000000005,-0.7185628742515049,6874156.0
2278,20190418,8.27,8.35,8.19,8.27,-0.0199999999999995,-0.2412545235223162,3468497.0
2278,20190419,8.28,8.3,8.1,8.27,0.0,0.0,4686611.0
2278,20190422,8.29,8.72,8.29,8.6,0.33,3.9903264812575663,11060375.0
2278,20190423,8.5,8.97,8.41,8.57,-0.0299999999999993,-0.3488372093023217,11788098.0
2278,20190424,8.65,8.87,8.24,8.83,0.2599999999999998,3.033838973162184,12892757.0
2278,20190425,8.72,8.98,8.29,8.41,-0.4199999999999999,-4.756511891279724,9813327.0
2278,20190426,8.26,8.44,7.88,8.34,-0.0700000000000002,-0.832342449464929,6764862.0
2278,20190429,8.25,8.33,7.86,8.17,-0.1699999999999999,-2.0383693045563533,6135737.0
2278,20190430,8.17,8.32,8.15,8.18,0.0099999999999997,0.1223990208078396,3171306.0
2278,20190506,7.98,7.98,7.36,7.5,-0.6799999999999997,-8.312958435207818,7239397.0
2278,20190507,7.5,7.64,7.45,7.53,0.0300000000000002,0.4000000000000003,3462300.0
2278,20190508,7.43,7.63,7.18,7.45,-0.08,-1.0624169986719778,4795800.0
2278,20190509,7.49,7.65,7.36,7.51,0.0599999999999996,0.805369127516764,2755643.0
2278,20190510,7.53,7.69,7.39,7.66,0.1500000000000003,1.997336884154466,3656702.0
2278,20190513,7.6,7.79,7.52,7.65,-0.0099999999999997,-0.1305483028720577,2280087.0
2278,20190514,7.7,7.7,7.44,7.5,-0.1500000000000003,-1.9607843137254943,4800200.0
2278,20190515,7.53,7.6,7.42,7.56,0.0599999999999996,0.8000000000000007,9830870.0
2278,20190516,7.48,7.53,7.37,7.48,-0.0799999999999991,-1.058201058201047,7175431.0
2278,20190517,7.49,7.5,7.06,7.06,-0.4200000000000008,-5.6149732620320965,4576100.0
2278,20190520,7.07,7.07,6.35,6.81,-0.25,-3.541076487252126,4651879.0
2278,20190521,6.8,6.92,6.76,6.88,0.0700000000000002,1.027900146842886,2360563.0
2278,20190522,6.89,7.0,6.78,6.98,0.1000000000000005,1.4534883720930258,3459986.0
2278,20190523,6.97,7.24,6.88,7.17,0.1899999999999995,2.722063037249267,5172486.0
2278,20190524,7.05,7.51,7.05,7.43,0.2599999999999998,3.6262203626220346,6396796.0
2278,20190527,7.46,7.49,7.27,7.46,0.0300000000000002,0.4037685060565232,3654502.0
2278,20190528,7.41,7.48,7.24,7.26,-0.2000000000000001,-2.680965147453085,2957748.0
2278,20190529,7.26,7.3,7.12,7.16,-0.0999999999999996,-1.377410468319551,2818020.0
2278,20190530,7.21,7.47,7.1,7.44,0.2800000000000002,3.9106145251396778,5567377.0
2278,20190531,7.25,7.48,7.17,7.3,-0.1400000000000005,-1.8817204301075363,4701422.0
2278,20190603,7.2,7.28,7.0,7.0,-0.2999999999999998,-4.109589041095885,2895442.0
2278,20190604,6.97,7.26,6.97,7.25,0.25,3.571428571428581,3145002.0
2278,20190605,7.26,7.29,7.1,7.17,-0.08,-1.1034482758620734,2647852.0
2278,20190606,7.17,7.17,6.88,6.88,-0.29,-4.044630404463046,1716415.0
2278,20190610,6.91,6.97,6.74,6.86,-0.0199999999999995,-0.290697674418594,1801879.0
2278,20190611,6.86,7.05,6.73,7.0,0.1399999999999996,2.0408163265306145,2397003.0
2278,20190612,7.0,7.02,6.9,6.92,-0.08,-1.1428571428571457,1596300.0
2278,20190613,6.92,7.01,6.8,7.0,0.08,1.1560693641618602,2073749.0
2278,20190614,6.99,7.28,6.88,7.06,0.0599999999999996,0.8571428571428452,3734566.0
2278,20190617,7.0,7.05,6.85,6.93,-0.1299999999999999,-1.8413597733710985,1807877.0
2278,20190618,6.83,7.01,6.83,6.91,-0.0199999999999995,-0.2886002886002825,1145014.0
2278,20190619,7.02,7.16,6.97,7.01,0.0999999999999996,1.447178002894356,1706401.0
2278,20190620,7.06,7.55,6.98,7.29,0.2800000000000002,3.9942938659058624,7930891.0
2278,20190621,7.29,7.36,7.19,7.26,-0.0300000000000002,-0.4115226337448541,5862885.0
2278,20190624,7.21,7.55,7.13,7.44,0.1800000000000006,2.479338842975221,9750002.0
2278,20190625,7.32,7.43,7.19,7.33,-0.1100000000000003,-1.4784946236559129,4744787.0
2278,20190626,7.26,7.47,7.23,7.29,-0.04,-0.545702592087316,3591768.0
2278,20190627,7.3,7.31,7.19,7.2,-0.0899999999999998,-1.2345679012345625,3452300.0
2278,20190628,7.11,7.2,7.05,7.12,-0.08,-1.1111111111111072,2715100.0
2278,20190701,7.15,7.3,7.12,7.28,0.1600000000000001,2.2471910112359605,3678772.0
2278,20190702,7.25,7.88,7.23,7.51,0.2299999999999995,3.159340659340648,16376390.0
2278,20190703,7.4,7.67,7.37,7.45,-0.0599999999999996,-0.7989347536617841,7533402.0
2278,20190704,7.53,7.76,7.45,7.63,0.1799999999999997,2.4161073825503365,8949474.0
2278,20190705,7.56,7.68,7.47,7.55,-0.08,-1.0484927916120546,4158504.0
2278,20190708,7.54,7.87,7.32,7.7,0.1500000000000003,1.9867549668874271,22484764.0
2278,20190709,7.71,8.23,7.35,7.38,-0.3200000000000003,-4.155844155844157,22500281.0
2278,20190710,7.8,7.8,6.7,6.88,-0.5,-6.77506775067751,20920638.0
2278,20190711,6.8,6.81,6.52,6.58,-0.2999999999999998,-4.360465116279066,13484942.0
2278,20190712,6.55,6.61,6.41,6.58,0.0,0.0,7004101.0
2278,20190715,6.5,6.69,6.41,6.59,0.0099999999999997,0.1519756838905817,5715411.0
2278,20190716,6.59,6.65,6.5,6.52,-0.0700000000000002,-1.062215477996964,4089002.0
2278,20190717,6.48,6.55,6.45,6.47,-0.0499999999999998,-0.7668711656441674,3554949.0
2278,20190718,6.45,6.46,6.27,6.28,-0.1899999999999995,-2.9366306027820643,5975489.0
2278,20190719,6.3,6.4,6.28,6.33,0.0499999999999998,0.79617834394905,2415600.0
2278,20190722,6.33,6.35,6.02,6.05,-0.2800000000000002,-4.423380726698268,4676100.0
2278,20190723,6.05,6.14,6.03,6.1,0.0499999999999998,0.8264462809917328,2832001.0
2278,20190724,6.12,6.27,6.12,6.2,0.1000000000000005,1.6393442622950838,3161617.0
2278,20190725,6.21,6.24,6.15,6.19,-0.0099999999999997,-0.1612903225806428,2916218.0
2278,20190726,6.17,6.24,6.14,6.23,0.04,0.646203554119551,2105113.0
2278,20190729,6.24,6.28,6.16,6.2,-0.0300000000000002,-0.4815409309791407,1696500.0
2278,20190730,6.22,6.26,6.16,6.17,-0.0300000000000002,-0.4838709677419395,2546201.0
2278,20190731,6.19,6.19,6.07,6.08,-0.0899999999999998,-1.4586709886547755,2422886.0
2278,20190801,6.1,6.14,6.03,6.14,0.0599999999999996,0.9868421052631416,2213600.0
2278,20190802,5.91,6.06,5.91,6.0,-0.1399999999999996,-2.280130293159599,3583093.0
2278,20190805,5.99,6.04,5.9,5.92,-0.08,-1.3333333333333308,2226272.0
2278,20190806,5.85,5.85,5.35,5.64,-0.2800000000000002,-4.729729729729737,5184968.0
2278,20190807,5.67,5.82,5.65,5.75,0.1100000000000003,1.9503546099290947,3411135.0
2278,20190808,5.74,5.96,5.74,5.88,0.1299999999999999,2.2608695652173827,3986821.0
2278,20190809,5.92,5.99,5.8,5.82,-0.0599999999999996,-1.0204081632652962,2726366.0
2278,20190812,5.81,6.18,5.81,6.12,0.2999999999999998,5.154639175257736,6428943.0
2278,20190813,6.12,6.16,6.02,6.06,-0.0600000000000005,-0.9803921568627528,3230152.0
2278,20190814,6.12,6.19,6.0,6.04,-0.0199999999999995,-0.3300330033003229,2832400.0
2278,20190815,5.87,6.04,5.87,6.0,-0.04,-0.6622516556291425,2963996.0
2278,20190816,6.05,6.15,5.95,6.1,0.0999999999999996,1.6666666666666607,3417568.0
2278,20190819,6.15,6.2,6.09,6.18,0.08,1.3114754098360717,5803416.0
2278,20190820,6.21,6.21,6.03,6.09,-0.0899999999999998,-1.4563106796116498,4679673.0
2278,20190821,6.07,6.1,5.96,5.99,-0.0999999999999996,-1.6420361247947437,3670727.0
2278,20190822,6.05,6.05,5.98,6.0,0.0099999999999997,0.1669449081802998,2717115.0
2278,20190823,6.0,6.03,5.89,5.92,-0.08,-1.3333333333333308,2804584.0
2278,20190826,5.73,5.92,5.71,5.92,0.0,0.0,2849127.0
2278,20190827,5.91,6.02,5.88,6.0,0.08,1.3513513513513598,3267689.0
2278,20190828,5.96,6.04,5.96,6.0,0.0,0.0,2638100.0
2278,20190829,6.01,6.11,6.0,6.09,0.0899999999999998,1.4999999999999902,4001210.0
2278,20190830,6.08,6.13,5.87,5.93,-0.1600000000000001,-2.6272577996716007,3818448.0
2278,20190902,5.92,6.07,5.85,6.06,0.1299999999999999,2.1922428330522825,3248616.0
2278,20190903,6.08,6.11,6.01,6.06,0.0,0.0,2491900.0
2278,20190904,6.06,6.13,6.03,6.12,0.0600000000000005,0.990099009900991,2974217.0
2278,20190905,6.14,6.24,6.11,6.15,0.0300000000000002,0.4901960784313708,6801938.0
2278,20190906,6.22,6.22,6.12,6.15,0.0,0.0,3289733.0
2278,20190909,6.2,6.3,6.17,6.3,0.1499999999999994,2.4390243902439046,5195045.0
2278,20190910,6.26,6.32,6.22,6.3,0.0,0.0,4188165.0
2278,20190911,6.33,6.38,6.25,6.27,-0.0300000000000002,-0.4761904761904856,3622400.0
2278,20190912,6.25,6.36,6.21,6.33,0.0600000000000005,0.9569377990430672,4324358.0
2278,20190916,6.65,6.76,6.39,6.49,0.1600000000000001,2.5276461295418606,8915238.0
2278,20190917,6.49,6.49,6.25,6.28,-0.2099999999999999,-3.235747303543912,6242940.0
2278,20190918,6.23,6.23,6.13,6.16,-0.1200000000000001,-1.9108280254777064,4467063.0
2278,20190919,6.16,6.2,6.15,6.2,0.04,0.6493506493506551,2460000.0
2278,20190920,6.21,6.38,6.18,6.36,0.1600000000000001,2.580645161290329,5492796.0
2278,20190923,6.36,6.5,6.18,6.25,-0.1100000000000003,-1.729559748427678,3880500.0
2278,20190924,6.15,6.31,6.13,6.22,-0.0300000000000002,-0.4800000000000026,3683425.0
2278,20190925,6.23,6.23,6.05,6.06,-0.1600000000000001,-2.5723472668810365,2539915.0
2278,20190926,6.14,6.14,5.75,5.88,-0.1799999999999997,-2.970297029702962,3802900.0
2278,20190927,5.96,5.96,5.85,5.87,-0.0099999999999997,-0.170068027210879,2202000.0
2278,20190930,5.92,5.94,5.71,5.72,-0.1500000000000003,-2.555366269165249,2738123.0
2278,20191008,5.78,5.87,5.7,5.75,0.0300000000000002,0.5244755244755206,1971933.0
2278,20191009,5.74,5.93,5.65,5.92,0.1699999999999999,2.9565217391304355,2936031.0
2278,20191010,5.88,6.01,5.86,5.99,0.0700000000000002,1.1824324324324342,2392142.0
2278,20191011,6.07,6.1,5.96,6.07,0.08,1.335559265442399,2784033.0
2278,20191014,6.06,6.14,6.01,6.05,-0.0200000000000004,-0.3294892915980285,4310422.0
2278,20191015,6.07,6.07,5.96,5.97,-0.08,-1.3223140495867811,2575830.0
2278,20191016,5.98,6.04,5.89,5.9,-0.0699999999999994,-1.1725293132328174,1803700.0
2278,20191017,5.91,5.95,5.88,5.91,0.0099999999999997,0.169491525423715,1375900.0
2278,20191018,5.92,5.97,5.76,5.77,-0.1400000000000005,-2.368866328257202,2857342.0
2278,20191021,5.8,5.83,5.61,5.74,-0.0299999999999993,-0.5199306759098632,1794400.0
2278,20191022,5.75,5.86,5.72,5.86,0.1200000000000001,2.0905923344947785,2070115.0
2278,20191023,5.9,5.9,5.77,5.85,-0.0100000000000006,-0.1706484641638361,1783600.0
2278,20191024,5.89,5.93,5.82,5.86,0.0100000000000006,0.1709401709401925,1955415.0
2278,20191025,5.87,5.97,5.84,5.96,0.0999999999999996,1.7064846416382284,2347257.0
2278,20191028,5.9,6.04,5.9,6.03,0.0700000000000002,1.1744966442952975,2842800.0
2278,20191029,6.04,6.05,5.88,5.88,-0.1500000000000003,-2.4875621890547372,2999128.0
2278,20191030,5.89,5.89,5.76,5.76,-0.1200000000000001,-2.0408163265306145,1921460.0
2278,20191031,5.74,5.82,5.7,5.71,-0.0499999999999998,-0.868055555555558,1945300.0
2278,20191101,5.68,6.01,5.67,5.85,0.1399999999999996,2.4518388791593626,4932545.0
2278,20191104,5.92,5.93,5.81,5.87,0.0200000000000004,0.3418803418803406,3071544.0
2278,20191105,5.91,6.0,5.85,5.94,0.0700000000000002,1.192504258943794,2681713.0
2278,20191106,6.01,6.01,5.86,5.89,-0.0500000000000007,-0.8417508417508546,1884315.0
2278,20191107,5.84,5.91,5.82,5.84,-0.0499999999999998,-0.8488964346349714,1948149.0
2278,20191108,5.87,6.08,5.82,6.0,0.1600000000000001,2.7397260273972712,4985102.0
2278,20191111,5.9,6.18,5.82,6.11,0.1100000000000003,1.8333333333333313,7631917.0
2278,20191112,6.07,6.14,6.01,6.09,-0.0200000000000004,-0.327332242225864,4589107.0
2278,20191113,6.1,6.24,6.04,6.24,0.1500000000000003,2.4630541871921263,7991319.0
2278,20191114,6.21,6.21,6.1,6.18,-0.0600000000000005,-0.9615384615384692,4795544.0
2278,20191115,6.19,6.19,6.03,6.11,-0.0699999999999994,-1.132686084142387,3979705.0
2278,20191118,6.11,6.23,6.05,6.22,0.1099999999999994,1.8003273322422242,4367109.0
2278,20191119,6.18,6.26,6.16,6.2,-0.0199999999999995,-0.3215434083601254,3819800.0
2278,20191120,6.22,6.22,6.04,6.12,-0.08,-1.2903225806451646,4367836.0
2278,20191121,6.11,6.11,6.03,6.06,-0.0600000000000005,-0.9803921568627528,2101000.0
2278,20191122,6.06,6.16,6.02,6.04,-0.0199999999999995,-0.3300330033003229,2841800.0
2278,20191125,6.04,6.1,6.01,6.09,0.0499999999999998,0.8278145695364225,2072114.0
2278,20191126,6.08,6.11,6.02,6.05,-0.04,-0.6568144499178974,1263300.0
2278,20191127,6.03,6.04,5.8,5.83,-0.2199999999999997,-3.6363636363636376,3419799.0
2278,20191128,5.83,5.89,5.78,5.79,-0.04,-0.6861063464837058,1917582.0
2278,20191129,5.82,5.82,5.73,5.79,0.0,0.0,1633106.0
2278,20191202,5.79,5.83,5.76,5.8,0.0099999999999997,0.172711571675288,1127935.0
2278,20191203,5.77,5.82,5.73,5.8,0.0,0.0,1087200.0
2278,20191204,5.74,5.82,5.74,5.8,0.0,0.0,996500.0
2278,20191205,5.81,5.99,5.79,5.97,0.1699999999999999,2.931034482758621,4999087.0
2278,20191206,5.95,6.12,5.94,6.08,0.1100000000000003,1.8425460636515956,3219290.0
2278,20191209,6.15,6.46,6.08,6.38,0.2999999999999998,4.9342105263157965,12123913.0
2278,20191210,6.42,6.53,6.29,6.49,0.1100000000000003,1.7241379310344973,8436548.0
2278,20191211,6.55,6.55,6.4,6.46,-0.0300000000000002,-0.4622496147919874,5675388.0
2278,20191212,6.5,6.52,6.33,6.39,-0.0700000000000002,-1.0835913312693513,4665406.0
2278,20191213,6.46,6.55,6.31,6.41,0.0200000000000004,0.3129890453834161,5486102.0
2278,20191216,6.42,6.48,6.26,6.34,-0.0700000000000002,-1.092043681747279,5650171.0
2278,20191217,6.34,6.44,6.31,6.41,0.0700000000000002,1.104100946372255,5320500.0
2278,20191218,6.39,6.44,6.24,6.28,-0.1299999999999999,-2.028081123244929,4749372.0
2278,20191219,6.36,6.6,6.28,6.57,0.29,4.617834394904463,10476840.0
2278,20191220,6.7,6.7,6.26,6.31,-0.2600000000000007,-3.9573820395738313,7600597.0
2278,20191223,6.32,6.53,6.2,6.35,0.04,0.6339144215530945,5617619.0
2278,20191224,6.32,6.46,6.31,6.42,0.0700000000000002,1.1023622047244164,4048504.0
2278,20191225,6.46,6.46,6.27,6.35,-0.0700000000000002,-1.0903426791277315,3459334.0
2278,20191226,6.35,6.35,6.25,6.34,-0.0099999999999997,-0.1574803149606229,2471639.0
2278,20191227,6.34,6.37,6.26,6.32,-0.0199999999999995,-0.3154574132492094,2571500.0
2278,20191230,6.28,6.34,6.18,6.29,-0.0300000000000002,-0.4746835443038,2778599.0
2278,20191231,6.29,6.33,6.24,6.33,0.04,0.6359300476947549,2538005.0
2278,20200102,6.36,6.49,6.33,6.46,0.1299999999999999,2.0537124802527673,4221575.0
2278,20200103,6.49,6.64,6.44,6.62,0.1600000000000001,2.4767801857585203,5562457.0
2278,20200106,6.57,6.9,6.54,6.82,0.2000000000000001,3.0211480362537735,8465820.0
2278,20200107,6.81,6.89,6.73,6.87,0.0499999999999998,0.7331378299120228,6124461.0
2278,20200108,6.93,6.95,6.67,6.73,-0.1399999999999996,-2.0378457059679667,6143119.0
2278,20200109,6.72,6.84,6.56,6.72,-0.0100000000000006,-0.1485884101040224,8406762.0
2278,20200110,6.78,6.78,6.51,6.57,-0.1499999999999994,-2.232142857142849,5508806.0
2278,20200113,6.57,6.8,6.47,6.67,0.0999999999999996,1.522070015220689,5710551.0
2278,20200114,6.62,6.75,6.51,6.63,-0.04,-0.5997001499250421,5788801.0
2278,20200115,6.6,6.62,6.42,6.5,-0.1299999999999999,-1.9607843137254832,3740326.0
2278,20200116,6.49,6.49,6.33,6.45,-0.0499999999999998,-0.7692307692307665,3396278.0
2278,20200117,6.46,6.75,6.33,6.71,0.2599999999999998,4.031007751937987,8210134.0
2278,20200120,6.76,6.95,6.75,6.86,0.1500000000000003,2.2354694485842153,12073711.0
2278,20200121,6.85,7.06,6.81,6.9,0.04,0.5830903790087438,9356098.0
2278,20200122,6.94,6.98,6.7,6.85,-0.0500000000000007,-0.7246376811594346,6280403.0
2278,20200123,6.85,6.85,6.38,6.5,-0.3499999999999996,-5.109489051094885,5558686.0
2278,20200203,5.85,5.85,5.85,5.85,-0.6500000000000004,-10.000000000000009,848600.0
2278,20200204,5.33,5.6,5.33,5.39,-0.4599999999999999,-7.863247863247869,10891866.0
2278,20200205,5.43,5.59,5.43,5.56,0.1699999999999999,3.153988868274582,5226501.0
2278,20200206,5.59,5.71,5.53,5.7,0.1400000000000005,2.517985611510798,4650224.0
2278,20200207,5.75,6.19,5.65,6.05,0.3499999999999996,6.140350877192979,4271589.0
2278,20200210,6.15,6.15,5.81,5.96,-0.0899999999999998,-1.4876033057851237,5234788.0
2278,20200211,5.96,6.0,5.87,5.92,-0.04,-0.6711409395973145,2932400.0
2278,20200212,5.92,5.98,5.9,5.95,0.0300000000000002,0.5067567567567544,2660578.0
2278,20200213,5.98,6.02,5.89,5.9,-0.0499999999999998,-0.8403361344537785,3793185.0
2278,20200214,5.92,5.92,5.83,5.86,-0.04,-0.6779661016949157,2624200.0
2278,20200217,5.87,6.01,5.87,6.0,0.1399999999999996,2.3890784982935065,6423668.0
2278,20200218,5.95,6.05,5.91,6.03,0.0300000000000002,0.5000000000000115,4975920.0
2278,20200219,6.01,6.02,5.88,5.88,-0.1500000000000003,-2.4875621890547372,6423525.0
2278,20200220,5.89,5.98,5.85,5.95,0.0700000000000002,1.1904761904761862,5303950.0
2278,20200221,6.0,6.09,5.97,6.03,0.08,1.3445378151260456,6872154.0
2278,20200224,6.03,6.04,5.94,5.98,-0.0499999999999998,-0.8291873963515717,4276904.0
2278,20200225,5.84,5.9,5.61,5.83,-0.1500000000000003,-2.5083612040133874,7514677.0
2278,20200226,5.76,5.94,5.73,5.85,0.0199999999999995,0.3430531732418362,4650640.0
2278,20200227,5.8,5.89,5.77,5.79,-0.0599999999999996,-1.025641025641022,4219285.0
2278,20200228,5.61,5.73,5.52,5.53,-0.2599999999999998,-4.490500863557855,5380237.0
2278,20200302,5.55,5.74,5.55,5.69,0.1600000000000001,2.893309222423146,4022588.0
2278,20200303,5.74,5.82,5.67,5.74,0.0499999999999998,0.8787346221441172,4315578.0
2278,20200304,5.7,5.84,5.69,5.84,0.0999999999999996,1.7421602787456305,3559334.0
2278,20200305,5.85,6.1,5.84,6.03,0.1900000000000004,3.253424657534243,7797396.0
2278,20200306,5.95,6.1,5.76,6.02,-0.0100000000000006,-0.1658374792703254,6177462.0
2278,20200309,5.92,6.04,5.87,6.0,-0.0199999999999995,-0.3322259136212535,8455288.0
2278,20200310,5.9,6.02,5.78,6.0,0.0,0.0,9945159.0
2278,20200311,6.01,6.22,5.98,6.11,0.1100000000000003,1.8333333333333313,10429363.0
2278,20200312,6.04,6.19,5.91,6.15,0.04,0.654664484451728,7356690.0
2278,20200313,5.91,6.27,5.88,6.13,-0.0200000000000004,-0.3252032520325243,10943651.0
2278,20200316,6.27,6.32,5.89,5.9,-0.2299999999999995,-3.7520391517128826,6196170.0
2278,20200317,5.88,6.17,5.5,5.94,0.04,0.6779661016949268,7235211.0
2278,20200318,5.97,6.05,5.83,5.87,-0.0700000000000002,-1.1784511784511786,3974186.0
2278,20200319,5.76,6.33,5.75,6.13,0.2599999999999998,4.429301533219765,9964314.0
2278,20200320,6.2,6.2,6.05,6.14,0.0099999999999997,0.1631321370309857,4897100.0
2278,20200323,6.0,6.12,5.93,6.01,-0.1299999999999999,-2.1172638436482094,5372000.0
2278,20200324,6.07,6.34,6.04,6.33,0.3200000000000003,5.32445923460898,13149464.0
2278,20200325,6.34,6.61,6.25,6.6,0.2699999999999996,4.265402843601884,18918658.0
2278,20200326,6.47,6.75,6.4,6.46,-0.1399999999999996,-2.1212121212121127,16843195.0
2278,20200327,6.6,6.66,6.17,6.17,-0.29,-4.489164086687303,9657385.0
2278,20200330,6.07,6.08,5.78,5.79,-0.3799999999999999,-6.158833063209079,11110552.0
2278,20200331,5.76,5.82,5.6,5.68,-0.1100000000000003,-1.8998272884283351,7349688.0
2278,20200401,5.64,6.03,5.63,5.98,0.3000000000000007,5.2816901408450745,10435092.0
2278,20200402,5.92,6.58,5.87,6.28,0.2999999999999998,5.0167224080267525,17072310.0
2278,20200403,6.34,6.38,6.05,6.15,-0.1299999999999999,-2.07006369426751,14055827.0
2278,20200407,6.31,6.33,6.03,6.17,0.0199999999999995,0.3252032520325132,13886867.0
2278,20200408,6.1,6.1,5.97,6.01,-0.1600000000000001,-2.593192868719618,6439126.0
2278,20200409,6.03,6.05,5.9,5.94,-0.0699999999999994,-1.1647254575707031,6343000.0
2278,20200410,5.88,5.91,5.71,5.8,-0.1400000000000005,-2.3569023569023684,8446336.0
2278,20200413,5.75,5.88,5.74,5.77,-0.0300000000000002,-0.5172413793103514,5224859.0
2278,20200414,5.79,5.84,5.72,5.83,0.0600000000000005,1.0398613518197708,4127313.0
2278,20200415,5.8,5.82,5.76,5.76,-0.0700000000000002,-1.2006861063464935,2868372.0
2278,20200416,5.78,5.84,5.72,5.83,0.0700000000000002,1.21527777777779,2995041.0
2278,20200417,5.83,5.85,5.74,5.75,-0.08,-1.3722126929674117,2925496.0
2278,20200420,5.75,5.76,5.66,5.68,-0.0700000000000002,-1.2173913043478255,3997766.0
2278,20200421,5.64,5.65,5.52,5.59,-0.0899999999999998,-1.5845070422535137,3235178.0
2278,20200422,5.5,5.63,5.5,5.61,0.0200000000000004,0.3577817531305927,2194850.0
2278,20200423,5.62,5.68,5.58,5.65,0.04,0.7130124777183555,2695993.0
2278,20200424,5.66,5.66,5.45,5.45,-0.2000000000000001,-3.539823008849563,4063117.0
2278,20200427,5.46,5.48,5.41,5.43,-0.0200000000000004,-0.3669724770642313,1623785.0
2278,20200428,5.42,5.48,5.13,5.15,-0.2799999999999993,-5.156537753222823,4343133.0
2278,20200429,5.13,5.15,4.95,4.95,-0.2000000000000001,-3.8834951456310662,4999056.0
2278,20200430,5.0,5.07,4.95,5.07,0.1200000000000001,2.4242424242424176,3511502.0
2278,20200506,5.06,5.12,5.02,5.11,0.04,0.7889546351084853,2717958.0
2278,20200507,5.12,5.12,5.04,5.05,-0.0600000000000005,-1.1741682974559795,3119056.0
2278,20200508,5.08,5.14,5.04,5.11,0.0600000000000005,1.1881188118811892,2469703.0
2278,20200511,5.11,5.13,5.04,5.07,-0.04,-0.7827788649706457,2862001.0
2278,20200512,5.09,5.1,5.02,5.06,-0.0100000000000006,-0.1972386587771324,2705000.0
2278,20200513,5.07,5.28,5.0,5.18,0.1200000000000001,2.371541501976293,3840186.0
2278,20200514,5.13,5.15,5.08,5.09,-0.0899999999999998,-1.737451737451734,1946501.0
2278,20200515,5.11,5.18,5.1,5.13,0.04,0.7858546168958647,2312989.0
2278,20200518,5.14,5.16,5.1,5.13,0.0,0.0,1764104.0
2278,20200519,5.18,5.19,5.12,5.16,0.0300000000000002,0.5847953216374213,1745925.0
2278,20200520,5.13,5.23,5.13,5.18,0.0199999999999995,0.3875968992248069,2762544.0
2278,20200521,5.18,5.2,5.1,5.11,-0.0699999999999994,-1.3513513513513375,2383867.0
2278,20200522,5.1,5.13,4.98,5.0,-0.1100000000000003,-2.152641878669282,3315415.0
2278,20200525,4.98,5.02,4.97,5.01,0.0099999999999997,0.2000000000000001,1743170.0
2278,20200526,5.02,5.19,5.02,5.14,0.1299999999999999,2.594810379241519,4744306.0
2278,20200527,5.11,5.15,5.07,5.08,-0.0599999999999996,-1.167315175097272,2565144.0
2278,20200528,5.09,5.12,5.03,5.08,0.0,0.0,2296722.0
2278,20200529,5.09,5.13,5.03,5.09,0.0099999999999997,0.196850393700787,2030402.0
2278,20200601,5.12,5.19,5.08,5.19,0.1000000000000005,1.964636542239706,3219826.0
2278,20200602,5.38,5.71,5.38,5.71,0.5199999999999996,10.019267822736012,17461030.0
2278,20200603,5.73,5.73,5.45,5.52,-0.1900000000000004,-3.327495621716292,17178818.0
2278,20200604,5.5,5.71,5.42,5.55,0.0300000000000002,0.5434782608695787,11219919.0
2278,20200605,5.53,5.53,5.33,5.34,-0.2099999999999999,-3.7837837837837784,7893820.0
2278,20200608,5.44,5.48,5.35,5.43,0.0899999999999998,1.6853932584269593,5198756.0
2278,20200609,5.39,5.42,5.34,5.37,-0.0599999999999996,-1.104972375690605,3478520.0
2278,20200610,5.36,5.36,5.24,5.25,-0.1200000000000001,-2.2346368715083775,4345822.0
2278,20200611,5.26,5.3,5.2,5.27,0.0199999999999995,0.3809523809523707,3119681.0
2278,20200612,5.17,5.24,5.12,5.22,-0.0499999999999998,-0.9487666034155516,2602786.0
2278,20200615,5.2,5.25,5.19,5.22,0.0,0.0,3738237.0
2278,20200616,5.25,5.29,5.21,5.25,0.0300000000000002,0.5747126436781658,4576400.0
2278,20200617,5.25,5.25,5.21,5.23,-0.0199999999999995,-0.3809523809523707,2824300.0
2278,20200618,5.22,5.34,5.21,5.32,0.0899999999999998,1.7208413001912115,5785618.0
2278,20200619,5.32,5.35,5.27,5.32,0.0,0.0,3007500.0
2278,20200622,5.31,5.35,5.25,5.29,-0.0300000000000002,-0.5639097744360999,3573012.0
2278,20200623,5.32,5.41,5.32,5.4,0.1100000000000003,2.07939508506616,4342672.0
2278,20200624,5.4,5.4,5.3,5.32,-0.08,-1.4814814814814836,2461773.0
2278,20200629,5.31,5.31,5.11,5.14,-0.1800000000000006,-3.383458646616555,3876842.0
2278,20200630,5.16,5.23,5.16,5.18,0.04,0.7782101167315147,1735580.0
2278,20200701,5.14,5.64,5.09,5.61,0.4300000000000006,8.301158301158317,20328278.0
2278,20200702,5.63,5.87,5.62,5.77,0.1599999999999992,2.852049910873422,12738909.0
2278,20200703,5.78,5.84,5.64,5.72,-0.0499999999999998,-0.8665511265164572,10747242.0
2278,20200706,5.76,5.97,5.72,5.78,0.0600000000000005,1.0489510489510634,15651546.0
2278,20200707,5.8,5.85,5.67,5.71,-0.0700000000000002,-1.211072664359869,12680012.0
2278,20200708,5.68,5.81,5.61,5.77,0.0599999999999996,1.0507880910682887,8568991.0
2278,20200709,5.77,5.94,5.75,5.9,0.1300000000000007,2.253032928942811,10688745.0
2278,20200710,5.89,6.37,5.75,6.12,0.2199999999999997,3.728813559322019,17904471.0
2278,20200713,6.11,6.21,5.98,6.13,0.0099999999999997,0.1633986928104569,9754923.0
2278,20200714,6.14,6.26,5.94,6.06,-0.0700000000000002,-1.141924959216967,10638614.0
2278,20200715,6.04,6.09,5.8,5.81,-0.25,-4.125412541254125,7417733.0
2278,20200716,5.8,5.87,5.64,5.64,-0.1699999999999999,-2.9259896729776247,6527735.0
2278,20200717,5.66,5.74,5.51,5.69,0.0500000000000007,0.8865248226950451,5763319.0
2278,20200720,5.69,6.19,5.69,6.19,0.5,8.787346221441128,9843170.0
2278,20200721,6.25,6.29,5.57,6.22,0.0299999999999993,0.4846526655896577,11413305.0
2278,20200722,6.19,6.23,6.05,6.15,-0.0699999999999994,-1.125401929260439,7714286.0
2278,20200723,6.14,6.56,6.06,6.31,0.1599999999999992,2.60162601626015,16431118.0
2278,20200724,6.39,6.6,6.1,6.17,-0.1399999999999996,-2.2187004754358086,13548383.0
2278,20200727,6.2,6.44,6.1,6.19,0.0200000000000004,0.324149108589955,6854239.0
2278,20200728,6.12,6.37,6.1,6.21,0.0199999999999995,0.3231017770597644,5718119.0
2278,20200729,6.26,6.26,6.01,6.14,-0.0700000000000002,-1.1272141706924366,8348471.0
2278,20200730,6.15,6.28,6.08,6.18,0.04,0.6514657980456029,7375550.0
2278,20200731,6.15,6.8,6.13,6.6,0.4199999999999999,6.796116504854366,18470772.0
2278,20200803,6.69,7.26,6.64,7.26,0.6600000000000001,10.000000000000009,20221227.0
2278,20200804,7.5,7.57,7.13,7.42,0.1600000000000001,2.203856749311295,20387425.0
2278,20200805,7.41,8.07,7.35,8.03,0.6099999999999994,8.221024258760101,23409109.0
2278,20200806,7.95,7.95,7.23,7.23,-0.7999999999999989,-9.962640099626386,29899050.0
2278,20200807,7.15,7.62,7.07,7.52,0.2899999999999991,4.011065006915615,15777516.0
2278,20200810,7.39,7.66,7.21,7.25,-0.2699999999999996,-3.590425531914887,8689525.0
2278,20200811,7.31,7.31,7.1,7.11,-0.1399999999999996,-1.93103448275862,6324948.0
2278,20200812,7.11,7.24,6.7,7.15,0.04,0.5625879043600568,8664532.0
2278,20200813,7.21,7.61,7.16,7.37,0.2199999999999997,3.076923076923066,7720666.0
2278,20200814,7.58,7.58,7.18,7.36,-0.0099999999999997,-0.1356852103120753,4705823.0
2278,20200817,7.37,7.72,7.3,7.68,0.3199999999999994,4.347826086956519,7861709.0
2278,20200818,7.78,7.82,7.37,7.43,-0.25,-3.255208333333337,8414624.0
2278,20200819,7.49,7.49,7.18,7.2,-0.2299999999999995,-3.0955585464333746,7847400.0
2278,20200820,7.19,7.32,7.05,7.18,-0.0200000000000004,-0.2777777777777879,4669501.0
2278,20200821,7.3,7.51,7.15,7.3,0.1200000000000001,1.671309192200554,6338098.0
2278,20200824,7.43,7.64,7.09,7.37,0.0700000000000002,0.9589041095890538,10962232.0
2278,20200825,7.54,7.58,7.26,7.37,0.0,0.0,3983300.0
2278,20200826,7.33,7.46,7.05,7.12,-0.25,-3.3921302578018953,4906546.0
2278,20200827,7.13,7.22,7.0,7.19,0.0700000000000002,0.9831460674157412,3324319.0
2278,20200828,7.25,7.49,7.1,7.39,0.1999999999999993,2.7816411682892728,7218088.0
2278,20200831,7.39,7.49,7.3,7.36,-0.0299999999999993,-0.4059539918809141,7431610.0
2278,20200901,7.36,7.38,7.19,7.19,-0.1699999999999999,-2.309782608695654,4809330.0
2278,20200902,7.21,7.32,7.1,7.27,0.0799999999999991,1.112656467315709,6443800.0
2278,20200903,7.27,7.77,7.18,7.71,0.4400000000000004,6.052269601100413,14889826.0
2278,20200904,7.67,7.86,7.5,7.69,-0.0199999999999995,-0.2594033722438382,9563780.0
2278,20200907,7.7,8.08,7.47,7.54,-0.1500000000000003,-1.950585175552666,14746796.0
2278,20200908,7.76,7.76,7.27,7.59,0.0499999999999998,0.6631299734747964,9270201.0
2278,20200909,7.44,7.63,7.35,7.4,-0.1899999999999995,-2.5032938076416267,6658957.0
2278,20200910,7.45,7.5,6.88,7.24,-0.1600000000000001,-2.1621621621621623,8959874.0
2278,20200911,7.2,7.22,6.85,7.15,-0.0899999999999998,-1.2430939226519278,6534895.0
2278,20200914,7.26,7.29,6.98,7.1,-0.0500000000000007,-0.6993006993007089,6502904.0
2278,20200915,7.1,7.1,6.88,6.91,-0.1899999999999995,-2.6760563380281654,4994538.0
2278,20200916,6.95,7.07,6.69,6.75,-0.1600000000000001,-2.315484804630974,5927100.0
2278,20200917,6.9,6.9,6.38,6.63,-0.1200000000000001,-1.777777777777778,11951000.0
2278,20200918,6.55,7.23,6.55,7.15,0.5200000000000005,7.843137254901977,14185437.0
2278,20200921,7.14,7.58,7.05,7.43,0.2799999999999993,3.916083916083912,10766606.0
2278,20200922,7.34,7.46,7.26,7.32,-0.1099999999999994,-1.4804845222072591,6468291.0
2278,20200923,7.34,7.58,7.17,7.4,0.08,1.0928961748633892,8014727.0
2278,20200924,7.38,7.38,7.17,7.37,-0.0300000000000002,-0.4054054054054123,5267836.0
2278,20200925,7.36,7.43,7.17,7.23,-0.1399999999999996,-1.8995929443690551,5185800.0
2278,20200928,7.24,7.5,7.04,7.07,-0.1600000000000001,-2.2130013831258677,7178938.0
2278,20200929,7.2,7.2,6.83,6.85,-0.2200000000000006,-3.1117397454031193,5445423.0
2278,20200930,6.86,6.88,6.6,6.6,-0.25,-3.649635036496346,6250401.0
2278,20201009,6.71,7.26,6.71,7.26,0.6600000000000001,10.000000000000009,6553105.0
2278,20201012,7.34,7.48,7.21,7.47,0.2099999999999999,2.892561983471076,9666633.0
2278,20201013,7.5,7.5,7.23,7.34,-0.1299999999999999,-1.7402945113788482,6453865.0
2278,20201014,7.4,7.47,7.28,7.33,-0.0099999999999997,-0.1362397820163452,7006183.0
2278,20201015,7.4,7.42,7.0,7.16,-0.1699999999999999,-2.3192360163710735,9508543.0
2278,20201016,7.07,7.34,6.95,7.03,-0.1299999999999999,-1.8156424581005528,7767600.0
2278,20201019,7.02,7.16,6.9,6.9,-0.1299999999999999,-1.849217638691325,5192885.0
2278,20201020,6.88,7.59,6.84,7.2,0.2999999999999998,4.347826086956519,20804575.0
2278,20201021,7.19,7.24,6.9,6.94,-0.2599999999999998,-3.6111111111111094,10867514.0
2278,20201022,6.88,6.99,6.77,6.78,-0.1600000000000001,-2.3054755043227737,7052080.0
2278,20201023,6.85,7.3,6.79,6.8,0.0199999999999995,0.2949852507374562,12250886.0
2278,20201026,6.7,7.48,6.65,7.07,0.2700000000000004,3.9705882352941257,21701180.0
2278,20201027,7.07,7.35,6.92,7.27,0.1999999999999993,2.8288543140028155,14761235.0
2278,20201028,7.3,7.43,7.24,7.3,0.0300000000000002,0.4126547455295837,9064300.0
2278,20201029,7.22,7.49,7.06,7.36,0.0600000000000005,0.8219178082191858,10250328.0
2278,20201030,7.45,7.45,7.11,7.25,-0.1100000000000003,-1.4945652173913082,8040148.0
2278,20201102,7.17,7.32,7.13,7.26,0.0099999999999997,0.1379310344827633,5961700.0
2278,20201103,7.22,7.36,7.13,7.2,-0.0599999999999996,-0.8264462809917328,6227300.0
2278,20201104,7.23,7.25,7.05,7.14,-0.0600000000000005,-0.8333333333333415,3300000.0
2278,20201105,7.1,7.25,7.07,7.25,0.1100000000000003,1.540616246498594,5323631.0
2278,20201106,7.25,7.34,7.16,7.23,-0.0199999999999995,-0.2758620689655155,5940381.0
2278,20201109,7.28,7.35,7.08,7.26,0.0299999999999993,0.4149377593360981,15646889.0
2278,20201110,7.25,7.32,7.1,7.16,-0.0999999999999996,-1.377410468319551,8506850.0
2278,20201111,7.18,7.26,7.06,7.17,0.0099999999999997,0.1396648044692749,6953276.0
2278,20201112,7.17,7.19,7.11,7.15,-0.0199999999999995,-0.2789400278939924,3362017.0
2278,20201113,7.16,7.25,7.05,7.09,-0.0600000000000005,-0.8391608391608463,8153625.0
2278,20201116,7.14,7.15,6.97,7.07,-0.0199999999999995,-0.2820874471085921,6743663.0
2278,20201117,7.08,7.14,6.85,6.94,-0.1299999999999999,-1.8387553041018356,6073525.0
2278,20201118,6.93,6.96,6.84,6.93,-0.0100000000000006,-0.1440922190201865,3881540.0
2278,20201119,6.93,7.02,6.85,7.01,0.08,1.1544011544011523,3530079.0
2278,20201120,7.08,7.08,6.85,6.87,-0.1399999999999996,-1.99714693295292,3539889.0
2278,20201123,6.9,6.9,6.65,6.78,-0.0899999999999998,-1.3100436681222738,5169660.0
2278,20201124,6.77,6.9,6.74,6.85,0.0699999999999994,1.0324483775811188,2424360.0
2278,20201125,6.84,6.84,6.67,6.68,-0.1699999999999999,-2.481751824817513,3693427.0
2278,20201126,6.65,6.66,6.38,6.48,-0.1999999999999993,-2.9940119760478945,6627732.0
2278,20201127,6.5,6.51,5.83,6.18,-0.3000000000000007,-4.629629629629639,14865364.0
2278,20201130,6.06,6.24,5.96,5.99,-0.1899999999999995,-3.07443365695792,7531979.0
2278,20201201,5.64,6.3,5.64,6.23,0.2400000000000002,4.006677796327218,10981316.0
2278,20201202,6.31,6.33,6.02,6.02,-0.2100000000000008,-3.370786516853941,7527224.0
2278,20201203,6.06,6.06,5.88,5.98,-0.0399999999999991,-0.6644518272425071,4288300.0
2278,20201204,5.95,6.08,5.9,6.03,0.0499999999999998,0.836120401337781,3124175.0
2278,20201207,6.07,6.19,6.0,6.04,0.0099999999999997,0.1658374792703032,3739327.0
2278,20201208,6.05,6.07,5.94,6.05,0.0099999999999997,0.16556291390728,2858705.0
2278,20201209,6.02,6.11,6.0,6.06,0.0099999999999997,0.1652892561983421,3769200.0
2278,20201210,6.09,6.23,6.01,6.11,0.0500000000000007,0.8250825082508406,5486601.0
2278,20201211,6.06,6.2,6.06,6.17,0.0599999999999996,0.9819967266775808,4616809.0
2278,20201214,6.17,6.3,6.08,6.25,0.08,1.296596434359798,5811000.0
2278,20201215,6.25,6.48,6.18,6.45,0.2000000000000001,3.200000000000003,5235396.0
2278,20201216,6.4,6.63,6.39,6.56,0.1099999999999994,1.705426356589146,5223911.0
2278,20201217,6.54,6.6,6.47,6.6,0.04,0.6097560975609762,4452875.0
2278,20201218,6.63,6.7,6.54,6.6,0.0,0.0,4690801.0
2278,20201221,6.51,6.62,6.45,6.56,-0.04,-0.60606060606061,6508034.0
2278,20201222,6.56,6.56,6.41,6.41,-0.1499999999999994,-2.286585365853655,5628956.0
2278,20201223,6.41,6.62,6.35,6.56,0.1499999999999994,2.340093603744142,5631484.0
2278,20201224,6.57,6.57,6.4,6.4,-0.1599999999999992,-2.4390243902438935,2871017.0
2278,20201225,6.36,6.83,6.29,6.72,0.3199999999999994,4.999999999999982,10365502.0
2278,20201228,6.72,7.0,6.62,6.96,0.2400000000000002,3.571428571428581,12251851.0
2278,20201229,6.97,7.15,6.68,6.73,-0.2299999999999995,-3.3045977011494143,8670028.0
2278,20201230,6.75,6.77,6.38,6.43,-0.3000000000000007,-4.457652303120363,5222357.0
2278,20201231,6.5,6.88,6.45,6.82,0.3900000000000005,6.065318818040444,6041455.0
2278,20210104,6.82,6.86,6.67,6.73,-0.0899999999999998,-1.319648093841641,4161602.0
2278,20210105,6.68,6.72,6.52,6.55,-0.1800000000000006,-2.6745913818722267,3804200.0
2278,20210106,6.55,6.86,6.53,6.63,0.08,1.2213740458015376,4322116.0
2278,20210107,6.46,6.62,6.2,6.32,-0.3099999999999996,-4.675716440422317,6300004.0
2278,20210108,6.41,6.7,6.19,6.48,0.1600000000000001,2.5316455696202445,4065709.0
2278,20210111,6.48,6.72,6.32,6.58,0.0999999999999996,1.5432098765431943,5565591.0
2278,20210112,6.68,6.68,6.35,6.43,-0.1500000000000003,-2.27963525835867,4285824.0
2278,20210113,6.65,6.65,6.05,6.11,-0.3199999999999994,-4.976671850699832,5332005.0
2278,20210114,6.08,6.12,5.97,6.01,-0.1000000000000005,-1.6366612111293088,2572025.0
2278,20210115,6.03,6.47,6.0,6.37,0.3600000000000003,5.990016638935103,3618976.0
2278,20210118,6.35,6.47,6.17,6.2,-0.1699999999999999,-2.6687598116169498,3144702.0
2278,20210119,6.24,6.4,6.15,6.2,0.0,0.0,1791900.0
2278,20210120,6.15,6.34,6.15,6.2,0.0,0.0,1338500.0
2278,20210121,6.2,6.25,6.15,6.18,-0.0200000000000004,-0.3225806451612967,2472924.0
2278,20210122,6.16,6.19,5.99,6.05,-0.1299999999999999,-2.1035598705501646,3347270.0
2278,20210125,6.04,6.04,5.88,5.92,-0.1299999999999999,-2.148760330578514,2713809.0
2278,20210126,5.92,5.92,5.72,5.75,-0.1699999999999999,-2.871621621621623,2243402.0
2278,20210127,5.76,5.82,5.58,5.7,-0.0499999999999998,-0.8695652173912993,1759157.0
2278,20210128,5.65,5.67,5.52,5.52,-0.1800000000000006,-3.157894736842115,2096100.0
2278,20210129,5.63,5.63,5.28,5.41,-0.1099999999999994,-1.9927536231883924,2858100.0
2278,20210201,5.4,5.48,5.31,5.35,-0.0600000000000005,-1.1090573012939142,1437521.0
2278,20210202,5.37,5.42,5.28,5.34,-0.0099999999999997,-0.1869158878504584,904035.0
2278,20210203,5.36,5.4,5.09,5.12,-0.2199999999999997,-4.119850187265916,2524769.0
2278,20210204,5.12,5.12,4.91,5.05,-0.0700000000000002,-1.3671875,3488376.0
2278,20210205,5.07,5.2,5.0,5.13,0.08,1.5841584158415856,1958885.0
2278,20210208,5.15,5.5,5.14,5.42,0.29,5.653021442495132,3207209.0
2278,20210209,5.63,5.63,5.3,5.44,0.0200000000000004,0.3690036900369176,1997639.0
2278,20210210,5.39,5.51,5.36,5.42,-0.0200000000000004,-0.3676470588235392,1101700.0
2278,20210218,5.8,5.8,5.42,5.54,0.1200000000000001,2.2140221402213944,3171434.0
2278,20210219,5.55,5.65,5.4,5.64,0.0999999999999996,1.805054151624552,3176416.0
2278,20210222,5.59,5.86,5.58,5.79,0.1500000000000003,2.659574468085113,4318169.0
2278,20210223,5.79,5.87,5.66,5.72,-0.0700000000000002,-1.2089810017271163,1770900.0
2278,20210224,5.71,5.77,5.64,5.67,-0.0499999999999998,-0.8741258741258751,1465900.0
2278,20210225,5.67,5.81,5.66,5.7,0.0300000000000002,0.5291005291005346,1512600.0
2278,20210226,5.7,5.75,5.59,5.66,-0.04,-0.7017543859649145,1322059.0
2278,20210301,5.61,5.89,5.58,5.89,0.2299999999999995,4.06360424028267,3078174.0
2278,20210302,5.84,5.94,5.71,5.78,-0.1099999999999994,-1.8675721561969392,2013948.0
2278,20210303,5.95,6.33,5.87,6.22,0.4399999999999995,7.612456747404828,6874528.0
2278,20210304,6.12,6.3,6.12,6.14,-0.08,-1.2861736334405127,3687635.0
2278,20210305,6.1,6.24,6.1,6.14,0.0,0.0,2683200.0
2278,20210308,6.18,6.19,5.95,6.0,-0.1399999999999996,-2.280130293159599,3152400.0
2278,20210309,6.08,6.09,5.8,5.88,-0.1200000000000001,-2.0000000000000018,2666080.0
2278,20210310,5.87,5.89,5.73,5.74,-0.1399999999999996,-2.3809523809523725,1790650.0
2278,20210311,5.8,5.95,5.72,5.94,0.2000000000000001,3.4843205574912828,2113300.0
2278,20210312,5.92,6.35,5.87,6.26,0.3199999999999994,5.387205387205385,6570543.0
2278,20210315,6.29,6.3,6.04,6.1,-0.1600000000000001,-2.5559105431309903,3429252.0
2278,20210316,6.09,6.15,6.04,6.06,-0.04,-0.6557377049180357,2153919.0
2278,20210317,6.04,6.08,5.93,5.97,-0.0899999999999998,-1.4851485148514865,2264100.0
2278,20210318,5.94,6.02,5.9,5.97,0.0,0.0,2195848.0
2278,20210319,5.96,6.01,5.88,5.89,-0.08,-1.340033500837523,2063005.0
2278,20210322,5.88,5.98,5.87,5.9,0.0100000000000006,0.1697792869270076,1525401.0
2278,20210323,5.9,6.0,5.82,5.88,-0.0200000000000004,-0.3389830508474634,1888142.0
2278,20210324,5.88,5.94,5.81,5.86,-0.0199999999999995,-0.340136054421758,1010171.0
2278,20210325,5.89,5.89,5.77,5.79,-0.0700000000000002,-1.1945392491467643,801411.0
2278,20210326,5.79,5.87,5.76,5.82,0.0300000000000002,0.5181347150259086,741761.0
2278,20210329,5.82,5.99,5.82,5.91,0.0899999999999998,1.546391752577314,1627400.0
2278,20210330,5.92,5.95,5.87,5.9,-0.0099999999999997,-0.1692047377326533,1443600.0
2278,20210331,5.87,5.99,5.83,5.96,0.0599999999999996,1.0169491525423568,1886550.0
2278,20210401,5.95,5.97,5.89,5.94,-0.0199999999999995,-0.3355704697986517,750001.0
2278,20210402,5.94,5.97,5.87,5.96,0.0199999999999995,0.336700336700324,905100.0
2278,20210406,5.98,6.2,5.96,6.12,0.1600000000000001,2.684563758389258,4617377.0
2278,20210407,6.11,6.2,6.0,6.02,-0.1000000000000005,-1.6339869281045805,1573300.0
2278,20210408,6.03,6.1,5.91,5.94,-0.0799999999999991,-1.3289036544850363,1806700.0
2278,20210409,5.91,5.98,5.88,5.91,-0.0300000000000002,-0.5050505050505083,1102700.0
2278,20210412,5.91,5.93,5.85,5.88,-0.0300000000000002,-0.5076142131979711,1008401.0
2278,20210413,5.88,5.9,5.8,5.82,-0.0599999999999996,-1.0204081632652962,921250.0
2278,20210414,5.82,5.9,5.73,5.87,0.0499999999999998,0.8591065292096189,1367796.0
2278,20210415,5.87,6.11,5.85,6.05,0.1799999999999997,3.066439522998299,3225608.0
2278,20210416,6.06,6.24,5.95,6.17,0.1200000000000001,1.983471074380172,3901080.0
2278,20210419,6.17,6.26,6.12,6.13,-0.04,-0.648298217179899,2754767.0
2278,20210420,6.11,6.22,6.08,6.18,0.0499999999999998,0.815660685154973,2368942.0
2278,20210421,6.18,6.22,6.1,6.12,-0.0599999999999996,-0.9708737864077556,1126831.0
2278,20210422,6.15,6.22,6.15,6.2,0.08,1.3071895424836557,1746400.0
2278,20210423,6.18,6.2,6.1,6.15,-0.0499999999999998,-0.8064516129032251,1460600.0
2278,20210426,6.18,6.22,6.11,6.2,0.0499999999999998,0.8130081300812941,1098891.0
2278,20210427,6.18,6.24,6.11,6.23,0.0300000000000002,0.4838709677419395,1473530.0
2278,20210428,6.23,6.23,6.12,6.15,-0.08,-1.2841091492776902,1344561.0
2278,20210429,6.15,6.16,6.09,6.09,-0.0600000000000005,-0.9756097560975728,1147942.0
2278,20210430,6.08,6.15,6.07,6.09,0.0,0.0,1046400.0
2278,20210506,6.19,6.29,6.09,6.22,0.1299999999999999,2.1346469622331776,2676813.0
2278,20210507,6.22,6.44,6.2,6.39,0.1699999999999999,2.7331189710610992,3689707.0
2278,20210510,6.38,6.43,6.29,6.43,0.04,0.6259780907668322,1951100.0
2278,20210511,6.43,6.47,6.33,6.44,0.0100000000000006,0.1555209953343794,1535601.0
2278,20210512,6.48,6.48,6.34,6.4,-0.04,-0.6211180124223614,1735001.0
2278,20210513,6.31,6.46,6.31,6.39,-0.0100000000000006,-0.1562500000000133,1989484.0
2278,20210514,6.39,6.45,6.3,6.43,0.04,0.6259780907668322,2093414.0
2278,20210517,6.38,6.78,6.3,6.64,0.2099999999999999,3.265940902021769,6885136.0
2278,20210518,6.64,6.64,6.43,6.46,-0.1799999999999997,-2.7108433734939763,2494900.0
2278,20210519,6.48,6.49,6.35,6.35,-0.1100000000000003,-1.7027863777089869,1787300.0
2278,20210520,6.39,6.44,6.21,6.24,-0.1099999999999994,-1.7322834645669194,2148006.0
2278,20210521,6.24,6.62,6.23,6.52,0.2799999999999993,4.487179487179471,5087278.0
2278,20210524,6.54,6.54,6.34,6.36,-0.1599999999999992,-2.4539877300613355,2675728.0
2278,20210525,6.42,6.46,6.31,6.34,-0.0200000000000004,-0.3144654088050425,1549841.0
2278,20210526,6.32,6.42,6.24,6.29,-0.0499999999999998,-0.7886435331230235,2804702.0
2278,20210527,6.29,6.33,6.21,6.25,-0.04,-0.6359300476947549,2305249.0
2278,20210528,6.28,6.31,6.14,6.15,-0.0999999999999996,-1.5999999999999903,2498920.0
2278,20210531,6.17,6.21,5.97,6.19,0.04,0.6504065040650486,3266088.0
2278,20210601,6.19,6.36,6.15,6.28,0.0899999999999998,1.453957996768973,2443333.0
2278,20210602,6.31,6.34,6.17,6.22,-0.0600000000000005,-0.9554140127388644,1677275.0
2278,20210603,6.18,6.27,6.12,6.22,0.0,0.0,1776050.0
2278,20210604,6.13,6.32,6.13,6.18,-0.04,-0.6430868167202619,1282680.0
2278,20210607,6.2,6.23,6.05,6.19,0.0100000000000006,0.1618122977346425,1804402.0
2278,20210608,6.19,6.22,6.12,6.22,0.0299999999999993,0.4846526655896577,1244956.0
2278,20210609,6.26,6.27,6.15,6.2,-0.0199999999999995,-0.3215434083601254,1510812.0
2278,20210610,6.2,6.2,6.09,6.1,-0.1000000000000005,-1.6129032258064613,2022330.0
2278,20210611,6.14,6.2,6.09,6.16,0.0600000000000005,0.9836065573770592,1888692.0
2278,20210615,6.16,6.19,6.0,6.03,-0.1299999999999999,-2.110389610389607,1435515.0
2278,20210616,6.04,6.1,5.94,6.0,-0.0300000000000002,-0.4975124378109541,1332839.0
2278,20210617,6.01,6.01,5.8,5.89,-0.1100000000000003,-1.8333333333333424,3086467.0
2278,20210618,5.89,6.01,5.84,5.9,0.0100000000000006,0.1697792869270076,2443711.0
2278,20210621,5.9,6.01,5.85,5.99,0.0899999999999998,1.5254237288135464,2242100.0
2278,20210622,5.95,6.35,5.95,6.19,0.2000000000000001,3.338898163606019,5121801.0
2278,20210623,6.2,6.23,6.06,6.08,-0.1100000000000003,-1.7770597738287597,1893986.0
2278,20210624,6.05,6.07,5.98,6.06,-0.0200000000000004,-0.328947368421062,1712969.0
2278,20210625,6.03,6.03,5.92,5.93,-0.1299999999999999,-2.1452145214521434,1823167.0
2278,20210628,5.97,5.97,5.76,5.87,-0.0599999999999996,-1.0118043844856597,3286014.0
2278,20210629,5.89,6.01,5.81,5.93,0.0599999999999996,1.0221465076660996,2097177.0
2278,20210630,5.93,5.98,5.88,5.92,-0.0099999999999997,-0.1686340640809414,1533025.0
2278,20210701,5.92,5.92,5.7,5.81,-0.1100000000000003,-1.858108108108114,1909000.0
2278,20210702,5.79,5.88,5.77,5.87,0.0600000000000005,1.0327022375215211,1244100.0
2278,20210705,5.87,5.94,5.83,5.92,0.0499999999999998,0.8517887563884052,1166851.0
2278,20210706,5.92,5.93,5.82,5.87,-0.0499999999999998,-0.8445945945945943,1437501.0
2278,20210707,5.87,5.94,5.82,5.82,-0.0499999999999998,-0.8517887563884163,2098125.0
2278,20210708,5.82,5.85,5.77,5.79,-0.0300000000000002,-0.5154639175257825,1891425.0
2278,20210709,5.79,5.87,5.77,5.82,0.0300000000000002,0.5181347150259086,1784803.0
2278,20210712,5.83,6.0,5.83,5.99,0.1699999999999999,2.9209621993127044,2698175.0
2278,20210713,6.0,6.13,5.95,6.08,0.0899999999999998,1.5025041736226985,5889576.0
2278,20210714,6.18,6.18,6.04,6.1,0.0199999999999995,0.3289473684210398,3873213.0
2278,20210715,6.1,6.1,5.99,6.08,-0.0199999999999995,-0.3278688524590123,2115200.0
2278,20210716,6.08,6.19,6.03,6.15,0.0700000000000002,1.1513157894736947,4608026.0
2278,20210719,6.16,6.27,6.03,6.19,0.04,0.6504065040650486,3983850.0
2278,20210720,6.15,6.27,6.1,6.25,0.0599999999999996,0.9693053311793154,3983313.0
2278,20210721,6.26,6.29,6.15,6.18,-0.0700000000000002,-1.12000000000001,3477900.0
2278,20210722,6.19,6.22,6.11,6.17,-0.0099999999999997,-0.1618122977346203,3956314.0
2278,20210723,6.12,6.24,6.1,6.18,0.0099999999999997,0.1620745542949775,3415925.0
2278,20210726,6.28,6.68,6.25,6.47,0.29,4.692556634304212,14955643.0
2278,20210727,6.41,6.55,6.4,6.45,-0.0199999999999995,-0.3091190108191588,7026355.0
2278,20210728,6.48,6.55,6.25,6.33,-0.1200000000000001,-1.8604651162790753,5278906.0
2278,20210729,6.47,6.47,6.27,6.32,-0.0099999999999997,-0.1579778830963607,4732257.0
2278,20210730,6.32,6.53,6.31,6.49,0.1699999999999999,2.689873417721511,5973815.0
2278,20210802,6.5,6.55,6.4,6.47,-0.0200000000000004,-0.3081664098613323,4801386.0
2278,20210803,6.46,6.57,6.41,6.47,0.0,0.0,4904459.0
2278,20210804,6.44,6.51,6.22,6.31,-0.1600000000000001,-2.472952086553326,9525915.0
2278,20210805,6.32,6.33,6.14,6.18,-0.1299999999999999,-2.0602218700475405,6519727.0
2278,20210806,6.13,6.2,6.02,6.2,0.0200000000000004,0.3236245954692629,4488812.0
2278,20210809,6.19,6.32,6.13,6.31,0.1099999999999994,1.774193548387082,6641623.0
2278,20210810,6.3,6.44,6.23,6.42,0.1100000000000003,1.7432646592709933,8378477.0
2278,20210811,6.42,6.47,6.35,6.4,-0.0199999999999995,-0.3115264797507677,4424499.0
2278,20210812,6.38,6.53,6.36,6.5,0.0999999999999996,1.5625,4844596.0
2278,20210813,6.5,6.51,6.36,6.39,-0.1100000000000003,-1.692307692307693,4213527.0
2278,20210816,6.37,6.46,6.2,6.26,-0.1299999999999999,-2.0344287949921713,5188200.0
2278,20210817,6.26,6.29,6.07,6.11,-0.1499999999999994,-2.396166134185296,4928200.0
2278,20210818,6.13,6.38,6.08,6.36,0.25,4.091653027823239,5024550.0
2278,20210819,6.3,6.44,6.22,6.26,-0.1000000000000005,-1.572327044025168,4034800.0
2278,20210820,6.2,6.25,6.14,6.24,-0.0199999999999995,-0.3194888178913668,3289667.0
2278,20210823,6.24,6.48,6.24,6.44,0.2000000000000001,3.205128205128216,5650069.0
2278,20210824,6.44,6.5,6.39,6.49,0.0499999999999998,0.7763975155279379,4665871.0
2278,20210825,6.51,6.51,6.35,6.36,-0.1299999999999999,-2.003081664098616,8032636.0
2278,20210826,6.36,6.4,6.28,6.31,-0.0500000000000007,-0.7861635220125951,8626501.0
2278,20210827,6.28,6.42,6.15,6.38,0.0700000000000002,1.109350237717921,6765216.0
2278,20210830,6.39,6.43,6.24,6.27,-0.1100000000000003,-1.7241379310344862,5016400.0
2278,20210831,6.25,6.4,6.19,6.36,0.0900000000000007,1.435406698564612,5131766.0
2278,20210901,6.39,6.39,6.21,6.27,-0.0900000000000007,-1.4150943396226578,6267415.0
2278,20210902,6.27,6.32,6.19,6.25,-0.0199999999999995,-0.3189792663476853,4634449.0
2278,20210903,6.24,6.53,6.23,6.48,0.2300000000000004,3.6800000000000166,12257562.0
2278,20210906,6.45,6.48,6.4,6.47,-0.0100000000000006,-0.1543209876543327,6667402.0
2278,20210907,6.47,6.51,6.41,6.49,0.0200000000000004,0.309119010819181,7248803.0
2278,20210908,6.5,6.63,6.46,6.6,0.1099999999999994,1.6949152542372836,10308499.0
2278,20210909,6.62,7.1,6.55,6.85,0.25,3.787878787878785,22986155.0
2278,20210910,6.81,6.87,6.51,6.65,-0.1999999999999993,-2.9197080291970656,16177787.0
2278,20210913,6.65,6.83,6.55,6.73,0.08,1.2030075187969835,9498828.0
2278,20210914,6.77,6.93,6.7,6.73,0.0,0.0,12110300.0
2278,20210915,6.63,6.9,6.58,6.68,-0.0500000000000007,-0.7429420505200679,14530006.0
2278,20210916,6.78,6.87,6.54,6.57,-0.1099999999999994,-1.6467065868263409,12300652.0
2278,20210917,6.55,6.55,6.2,6.35,-0.2200000000000006,-3.3485540334855513,11862483.0
2278,20210922,6.28,6.44,6.23,6.43,0.08,1.2598425196850505,6208203.0
2278,20210923,6.48,6.49,6.29,6.38,-0.0499999999999998,-0.7776049766718529,6750689.0
2278,20210924,6.4,6.43,6.27,6.27,-0.1100000000000003,-1.7241379310344862,5974031.0
2278,20210927,6.27,6.3,5.93,6.14,-0.1299999999999999,-2.0733652312599715,10294133.0
2278,20210928,6.14,6.32,6.09,6.3,0.1600000000000001,2.6058631921824116,5330726.0
2278,20210929,6.24,6.25,6.0,6.01,-0.29,-4.603174603174609,6315700.0
2278,20210930,6.0,6.15,6.0,6.08,0.0700000000000002,1.1647254575707144,3331057.0
2278,20211008,6.18,6.35,6.18,6.32,0.2400000000000002,3.9473684210526327,5597762.0
2278,20211011,6.32,6.38,6.17,6.28,-0.04,-0.6329113924050667,4729271.0
2278,20211012,6.28,6.41,6.1,6.21,-0.0700000000000002,-1.1146496815286675,4993044.0
2278,20211013,6.23,6.23,6.01,6.12,-0.0899999999999998,-1.449275362318836,3990900.0
2278,20211014,6.1,6.13,6.02,6.12,0.0,0.0,2435313.0
2278,20211015,6.11,6.15,6.0,6.01,-0.1100000000000003,-1.7973856209150374,2918830.0
2278,20211018,6.01,6.2,6.0,6.16,0.1500000000000003,2.4958402662229595,3916143.0
2278,20211019,6.1,6.2,6.1,6.15,-0.0099999999999997,-0.1623376623376637,2107608.0
2278,20211020,6.15,6.15,6.02,6.03,-0.1200000000000001,-1.9512195121951237,2247399.0
2278,20211021,6.05,6.1,6.0,6.02,-0.0100000000000006,-0.1658374792703254,2407113.0
2278,20211022,6.02,6.08,5.93,5.97,-0.0499999999999998,-0.830564784053156,3430313.0
2278,20211025,6.14,6.14,5.9,5.95,-0.0199999999999995,-0.335008375209378,2943902.0
2278,20211026,6.09,6.09,5.82,5.85,-0.1000000000000005,-1.6806722689075682,4142590.0
2278,20211027,5.89,5.96,5.66,5.77,-0.08,-1.3675213675213738,4189500.0
2278,20211028,5.73,5.74,5.62,5.64,-0.1299999999999999,-2.253032928942811,2906315.0
2278,20211029,5.61,5.76,5.61,5.75,0.1100000000000003,1.9503546099290947,2219360.0
2278,20211101,5.58,5.68,5.58,5.59,-0.1600000000000001,-2.782608695652178,3223277.0
2278,20211102,5.61,5.65,5.29,5.38,-0.2099999999999999,-3.756708407871201,5279992.0
2278,20211103,5.07,5.56,5.07,5.5,0.1200000000000001,2.230483271375472,4142737.0
2278,20211104,5.41,5.57,5.37,5.46,-0.04,-0.727272727272732,3926261.0
2278,20211105,5.46,5.46,5.31,5.33,-0.1299999999999999,-2.3809523809523836,2823130.0
2278,20211108,5.37,5.45,5.22,5.42,0.0899999999999998,1.6885553470919357,2198616.0
2278,20211109,5.42,5.45,5.34,5.35,-0.0700000000000002,-1.291512915129156,2064400.0
2278,20211110,5.38,5.42,5.33,5.41,0.0600000000000005,1.1214953271028172,2182417.0
2278,20211111,5.41,5.45,5.38,5.41,0.0,0.0,3600947.0
2278,20211112,5.43,5.43,5.32,5.36,-0.0499999999999998,-0.9242144177449174,2792426.0
2278,20211115,5.38,5.42,5.31,5.41,0.0499999999999998,0.9328358208955168,3235772.0
2278,20211116,5.41,5.9,5.37,5.57,0.1600000000000001,2.957486136783727,10100537.0
2278,20211117,5.53,5.77,5.47,5.67,0.0999999999999996,1.7953321364452268,5822920.0
2278,20211118,5.64,5.7,5.6,5.65,-0.0199999999999995,-0.3527336860670083,3417040.0
2278,20211119,5.64,5.7,5.58,5.68,0.0299999999999993,0.5309734513274211,3027448.0
2278,20211122,5.65,5.76,5.64,5.68,0.0,0.0,4199567.0
2278,20211123,5.69,5.7,5.58,5.61,-0.0699999999999994,-1.232394366197176,3138200.0
2278,20211124,5.63,5.63,5.56,5.57,-0.04,-0.7130124777183555,2160062.0
2278,20211125,5.57,5.66,5.52,5.61,0.04,0.7181328545780907,2162300.0
2278,20211126,5.65,5.65,5.53,5.58,-0.0300000000000002,-0.5347593582887722,1785000.0
2278,20211129,5.5,5.53,5.43,5.45,-0.1299999999999999,-2.3297491039426466,3120574.0
2278,20211130,5.48,5.59,5.45,5.55,0.0999999999999996,1.83486238532109,2934347.0
2278,20211201,5.53,5.63,5.49,5.63,0.08,1.441441441441449,3221204.0
2278,20211202,5.62,5.83,5.6,5.79,0.1600000000000001,2.841918294849033,7531117.0
2278,20211203,5.82,5.9,5.71,5.75,-0.04,-0.6908462867012077,5521360.0
2278,20211206,5.71,5.76,5.67,5.68,-0.0700000000000002,-1.2173913043478255,3206300.0
2278,20211207,5.68,5.71,5.62,5.68,0.0,0.0,3106074.0
2278,20211208,5.7,5.73,5.63,5.72,0.04,0.7042253521126751,1578026.0
2278,20211209,5.7,5.73,5.65,5.68,-0.04,-0.6993006993006978,2278700.0
2278,20211210,5.72,5.74,5.65,5.72,0.04,0.7042253521126751,2091216.0
2278,20211213,5.72,5.78,5.7,5.77,0.0499999999999998,0.8741258741258751,3645100.0
2278,20211214,5.77,5.85,5.69,5.7,-0.0699999999999994,-1.21317157712304,3185658.0
2278,20211215,5.7,5.78,5.64,5.7,0.0,0.0,4312803.0
2278,20211216,5.7,5.78,5.68,5.77,0.0699999999999994,1.228070175438578,3678131.0
2278,20211217,5.79,5.83,5.67,5.71,-0.0599999999999996,-1.0398613518197486,4207968.0
2278,20211220,5.68,5.8,5.65,5.8,0.0899999999999998,1.5761821366024442,4219167.0
2278,20211221,5.78,5.9,5.75,5.88,0.08,1.379310344827589,5925924.0
2278,20211222,5.88,5.94,5.82,5.87,-0.0099999999999997,-0.170068027210879,5031000.0
2278,20211223,5.86,5.87,5.75,5.76,-0.1100000000000003,-1.873935264054516,4232876.0
2278,20211224,5.76,5.76,5.67,5.67,-0.0899999999999998,-1.5625,3071200.0
2278,20211227,5.67,5.75,5.65,5.73,0.0600000000000005,1.0582010582010692,1977213.0
2278,20211228,5.73,5.89,5.58,5.59,-0.1400000000000005,-2.443280977312401,7166637.0
2278,20211229,5.61,5.99,5.56,5.79,0.2000000000000001,3.5778175313059046,10883204.0
2278,20211230,5.79,5.86,5.77,5.82,0.0300000000000002,0.5181347150259086,4335617.0
2278,20211231,5.8,5.85,5.77,5.83,0.0099999999999997,0.1718213058419238,3207007.0
2278,20220104,5.85,5.99,5.84,5.91,0.08,1.3722126929674117,5218400.0
2278,20220105,5.95,5.95,5.79,5.86,-0.0499999999999998,-0.8460236886632777,3638077.0
2278,20220106,5.82,5.95,5.81,5.89,0.0299999999999993,0.5119453924914641,3322507.0
2278,20220107,5.88,5.95,5.81,5.83,-0.0599999999999996,-1.018675721561968,5116900.0
2278,20220110,5.85,6.04,5.82,6.01,0.1799999999999997,3.0874785591766596,6235277.0
2278,20220111,6.0,6.25,5.97,6.15,0.1400000000000005,2.329450915141451,8568130.0
2278,20220112,6.15,6.22,6.05,6.18,0.0299999999999993,0.4878048780487809,5130111.0
2278,20220113,6.17,6.21,6.12,6.13,-0.0499999999999998,-0.8090614886731351,3532630.0
2278,20220114,6.13,6.21,6.07,6.1,-0.0300000000000002,-0.4893964110929905,6174177.0
2278,20220117,6.1,6.22,6.1,6.16,0.0600000000000005,0.9836065573770592,4589226.0
2278,20220118,6.16,6.2,5.95,5.97,-0.1900000000000004,-3.0844155844155896,6246450.0
2278,20220119,6.01,6.07,5.93,6.0,0.0300000000000002,0.5025125628140836,4185796.0
2278,20220120,5.99,6.04,5.78,5.81,-0.1900000000000004,-3.166666666666673,4526549.0
2278,20220121,5.78,5.98,5.73,5.83,0.0200000000000004,0.3442340791738552,3918177.0
2278,20220124,5.83,5.83,5.65,5.66,-0.1699999999999999,-2.9159519725557415,3300022.0
2278,20220125,5.68,5.68,5.39,5.43,-0.2300000000000004,-4.063604240282692,4972025.0
2278,20220126,5.48,5.83,5.44,5.79,0.3600000000000003,6.629834254143652,6531927.0
2278,20220127,5.71,5.81,5.51,5.52,-0.2700000000000004,-4.6632124352331665,5765900.0
2278,20220128,5.57,5.82,5.54,5.74,0.2200000000000006,3.9855072463768297,3397835.0
2278,20220207,5.77,6.26,5.75,6.14,0.3999999999999994,6.9686411149825656,8871802.0
2278,20220208,6.07,6.13,5.99,6.11,-0.0299999999999993,-0.488599348534191,5471401.0
2278,20220209,6.1,6.12,6.0,6.05,-0.0600000000000005,-0.9819967266775808,4054325.0
2278,20220210,6.03,6.06,5.95,6.01,-0.04,-0.6611570247933907,3370100.0
2278,20220211,6.0,6.0,5.84,5.87,-0.1399999999999996,-2.329450915141429,3959300.0
2278,20220214,5.99,6.1,5.93,6.07,0.2000000000000001,3.4071550255536653,7574827.0
2278,20220215,6.04,6.1,5.88,5.91,-0.1600000000000001,-2.635914332784184,5710900.0
2278,20220216,5.95,6.01,5.88,5.98,0.0700000000000002,1.1844331641285957,3870500.0
2278,20220217,5.95,6.0,5.9,5.92,-0.0600000000000005,-1.0033444816053616,2770984.0
2278,20220218,5.89,6.05,5.87,5.99,0.0700000000000002,1.1824324324324342,3728736.0
2278,20220221,5.99,6.1,5.97,6.06,0.0699999999999994,1.1686143572620988,4108900.0
2278,20220222,6.03,6.13,5.96,6.0,-0.0599999999999996,-0.99009900990098,4332399.0
2278,20220223,5.96,6.04,5.9,5.96,-0.04,-0.666666666666671,4121478.0
2278,20220224,5.92,6.22,5.92,6.07,0.1100000000000003,1.8456375838926231,18012692.0
2278,20220225,6.16,6.33,6.01,6.3,0.2299999999999995,3.789126853377267,23154544.0
2278,20220228,6.31,6.58,6.19,6.4,0.1000000000000005,1.587301587301604,23660461.0
2278,20220301,6.35,6.55,6.25,6.5,0.0999999999999996,1.5625,20410378.0
2278,20220302,6.93,7.15,6.43,6.68,0.1799999999999997,2.7692307692307683,30792173.0
2278,20220303,6.64,7.12,6.64,6.91,0.2300000000000004,3.4431137724550975,36312953.0
2278,20220304,6.69,6.78,6.46,6.49,-0.4199999999999999,-6.078147612156293,25876803.0
2278,20220307,6.65,6.86,6.39,6.43,-0.0600000000000005,-0.924499229583986,21564226.0
2278,20220308,6.42,6.5,6.13,6.2,-0.2299999999999995,-3.5769828926905056,18305203.0
2278,20220309,6.26,6.3,5.71,6.01,-0.1900000000000004,-3.0645161290322687,13263456.0
2278,20220310,6.03,6.08,5.9,6.0,-0.0099999999999997,-0.1663893510815306,11668000.0
2278,20220311,5.85,5.97,5.73,5.95,-0.0499999999999998,-0.8333333333333304,8832100.0
2278,20220314,5.93,6.01,5.79,5.79,-0.1600000000000001,-2.6890756302521024,6698884.0
2278,20220315,5.7,5.79,5.34,5.38,-0.4100000000000001,-7.081174438687398,9190900.0
2278,20220316,5.39,5.55,4.86,5.46,0.08,1.486988847583648,14277871.0
2278,20220317,5.49,5.62,5.42,5.5,0.04,0.73260073260073,9057827.0
2278,20220318,5.49,6.05,5.48,5.85,0.3499999999999996,6.363636363636349,17217876.0
2278,20220321,5.75,6.26,5.74,6.2,0.3500000000000005,5.982905982905984,15569900.0
2278,20220322,6.12,6.2,6.08,6.16,-0.04,-0.6451612903225823,9474800.0
2278,20220323,6.11,6.18,5.96,6.09,-0.0700000000000002,-1.1363636363636465,8493800.0
2278,20220324,6.07,6.43,6.07,6.2,0.1100000000000003,1.806239737274229,16277420.0
2278,20220325,6.21,6.37,6.2,6.27,0.0699999999999994,1.129032258064511,11059200.0
2278,20220328,6.26,6.42,6.1,6.3,0.0300000000000002,0.4784688995215447,7922500.0
2278,20220329,6.3,6.3,6.17,6.3,0.0,0.0,6097901.0
2278,20220330,6.33,6.38,6.12,6.17,-0.1299999999999999,-2.0634920634920673,9698507.0
2278,20220331,6.22,6.25,6.13,6.15,-0.0199999999999995,-0.3241491085899439,5009813.0
2278,20220401,6.15,6.2,6.05,6.12,-0.0300000000000002,-0.4878048780487809,5543900.0
2278,20220406,6.12,6.28,6.1,6.25,0.1299999999999999,2.12418300653594,9059100.0
2278,20220407,6.28,6.3,6.17,6.23,-0.0199999999999995,-0.319999999999998,5139982.0
2278,20220408,6.23,6.34,6.09,6.34,0.1099999999999994,1.7656500802568198,8781416.0
2278,20220411,6.31,6.45,6.14,6.19,-0.1499999999999994,-2.3659305993690816,9833801.0
2278,20220412,6.11,6.45,6.05,6.44,0.25,4.038772213247177,9308269.0
2278,20220413,6.44,6.5,6.35,6.39,-0.0500000000000007,-0.7763975155279601,6478969.0
2278,20220414,6.39,6.48,6.35,6.44,0.0500000000000007,0.7824726134585402,8748416.0
2278,20220415,6.44,6.45,6.15,6.16,-0.2800000000000002,-4.34782608695653,8951700.0
2278,20220418,6.1,6.4,5.96,6.38,0.2199999999999997,3.5714285714285587,6927500.0
2278,20220419,6.33,6.44,6.33,6.44,0.0600000000000005,0.9404388714733702,6979213.0
2278,20220420,6.39,6.43,6.22,6.27,-0.1700000000000008,-2.6397515527950444,5459600.0
2278,20220421,6.34,6.34,5.91,5.95,-0.3199999999999994,-5.103668261562988,7448839.0
2278,20220422,5.88,5.95,5.68,5.77,-0.1800000000000006,-3.025210084033625,6510885.0
2278,20220425,5.77,5.77,5.19,5.19,-0.5799999999999992,-10.05199306759097,8179371.0
2278,20220426,5.01,5.08,4.67,4.67,-0.5200000000000005,-10.019267822736044,17588868.0
2278,20220427,4.53,4.66,4.2,4.61,-0.0599999999999996,-1.2847965738757905,14853845.0
2278,20220428,4.65,4.71,4.38,4.49,-0.1200000000000001,-2.6030368763557465,8407170.0
2278,20220429,4.45,4.71,4.44,4.59,0.0999999999999996,2.2271714922048824,8569810.0
2278,20220505,4.57,4.72,4.51,4.62,0.0300000000000002,0.6535947712418277,8813737.0
2278,20220506,4.55,4.67,4.44,4.57,-0.0499999999999998,-1.0822510822510734,6195400.0
2278,20220509,4.59,4.69,4.52,4.66,0.0899999999999998,1.969365426695835,6484815.0
2278,20220510,4.55,4.69,4.54,4.66,0.0,0.0,6559601.0
2278,20220511,4.71,4.75,4.58,4.58,-0.08,-1.716738197424894,7126903.0
2278,20220512,4.58,4.74,4.56,4.65,0.0700000000000002,1.5283842794759916,6307539.0
2278,20220513,4.77,5.1,4.74,4.85,0.1999999999999993,4.301075268817178,13290021.0
2278,20220516,4.79,4.96,4.79,4.89,0.04,0.8247422680412342,7337802.0
2278,20220517,4.89,5.04,4.83,4.88,-0.0099999999999997,-0.2044989775051076,6761800.0
2278,20220518,4.9,4.97,4.85,4.92,0.04,0.8196721311475308,6033300.0
2278,20220519,4.86,4.92,4.8,4.91,-0.0099999999999997,-0.2032520325203179,4472100.0
2278,20220520,4.93,5.4,4.88,5.13,0.2199999999999997,4.480651731160901,13139295.0
2278,20220523,5.09,5.19,5.0,5.08,-0.0499999999999998,-0.974658869395706,9838956.0
2278,20220524,5.13,5.13,4.82,4.82,-0.2599999999999998,-5.118110236220463,9834480.0
2278,20220525,4.83,4.92,4.77,4.9,0.08,1.6597510373443924,5483901.0
2278,20220526,4.9,4.93,4.81,4.92,0.0199999999999995,0.4081632653061051,4560813.0
2278,20220527,4.92,5.02,4.87,4.94,0.0200000000000004,0.4065040650406581,4401513.0
2278,20220530,4.95,5.2,4.95,5.0,0.0599999999999996,1.2145748987854257,6605166.0
2278,20220531,5.0,5.03,4.95,5.02,0.0199999999999995,0.4000000000000003,4400141.0
2278,20220601,5.0,5.06,4.97,5.04,0.0200000000000004,0.3984063745019917,4932740.0
2278,20220602,5.02,5.07,4.92,5.06,0.0199999999999995,0.3968253968253954,4637825.0
2278,20220606,5.06,5.16,5.06,5.08,0.0200000000000004,0.3952569169960673,5613600.0
2278,20220607,5.11,5.11,5.0,5.07,-0.0099999999999997,-0.196850393700787,4606406.0
2278,20220608,5.03,5.09,4.94,5.04,-0.0300000000000002,-0.591715976331364,5916993.0
2278,20220609,5.02,5.21,5.0,5.07,0.0300000000000002,0.5952380952380931,10695625.0
2278,20220610,5.02,5.16,4.98,5.11,0.04,0.7889546351084853,7530856.0
2278,20220613,5.08,5.2,5.07,5.14,0.0299999999999993,0.5870841487279677,5448793.0
2278,20220614,5.11,5.65,5.03,5.65,0.5100000000000007,9.922178988326856,17896900.0
2278,20220615,6.18,6.22,5.65,6.22,0.5699999999999994,10.088495575221224,31848161.0
2278,20220616,6.2,6.69,5.6,5.71,-0.5099999999999998,-8.199356913183276,50034371.0
2278,20220617,5.61,5.72,5.45,5.66,-0.0499999999999998,-0.8756567425569184,33887947.0
2278,20220620,5.56,5.65,5.42,5.49,-0.1699999999999999,-3.0035335689045928,23370902.0
2278,20220621,5.5,5.88,5.37,5.41,-0.08,-1.4571948998178486,23085734.0
2278,20220622,5.31,5.42,5.2,5.2,-0.2099999999999999,-3.8817005545286554,16206313.0
2278,20220623,5.18,5.26,5.12,5.24,0.04,0.7692307692307665,12037215.0
2278,20220624,5.21,5.27,5.2,5.24,0.0,0.0,8774301.0
2278,20220627,5.26,5.27,5.18,5.2,-0.04,-0.7633587786259555,6179988.0
2278,20220628,5.22,5.27,5.18,5.24,0.04,0.7692307692307665,8106239.0
2278,20220629,5.25,5.25,5.13,5.13,-0.1100000000000003,-2.0992366412213803,8250319.0
2278,20220630,5.16,5.19,5.12,5.13,0.0,0.0,5388997.0
2278,20220701,5.14,5.14,5.07,5.1,-0.0300000000000002,-0.5847953216374324,4936987.0
2278,20220704,5.11,5.12,5.06,5.1,0.0,0.0,3249885.0
2278,20220705,5.09,5.13,5.03,5.08,-0.0199999999999995,-0.3921568627450855,4775065.0
2278,20220706,5.06,5.06,4.97,5.02,-0.0600000000000005,-1.1811023622047334,4310400.0
2278,20220707,5.01,5.05,5.01,5.02,0.0,0.0,3657800.0
2278,20220708,5.05,5.13,5.02,5.08,0.0600000000000005,1.195219123505975,4680801.0
2278,20220711,5.1,5.11,5.02,5.09,0.0099999999999997,0.196850393700787,3670965.0
2278,20220712,5.06,5.07,4.98,5.0,-0.0899999999999998,-1.7681728880157177,3899575.0
2278,20220713,4.99,5.1,4.92,5.1,0.0999999999999996,2.0000000000000018,4558301.0
2278,20220714,5.05,5.09,5.02,5.07,-0.0299999999999993,-0.5882352941176339,3688500.0
2278,20220715,5.05,5.07,4.93,4.94,-0.1299999999999999,-2.564102564102566,4963800.0
2278,20220718,4.94,5.09,4.94,5.08,0.1399999999999996,2.8340080971659853,5389600.0
2278,20220719,5.09,5.14,5.07,5.13,0.0499999999999998,0.9842519685039351,5005900.0
2278,20220720,5.18,5.19,5.13,5.19,0.0600000000000005,1.1695906432748648,4497050.0
2278,20220721,5.22,5.22,5.13,5.14,-0.0500000000000007,-0.9633911368015502,5026700.0
2278,20220722,5.12,5.26,5.12,5.22,0.08,1.5564202334630295,6458800.0
2278,20220725,5.22,5.32,5.21,5.26,0.04,0.766283524904221,6156246.0
2278,20220726,5.27,5.3,5.2,5.29,0.0300000000000002,0.5703422053231932,4548140.0
2278,20220727,5.27,5.41,5.23,5.39,0.0999999999999996,1.8903591682419616,6903716.0
2278,20220728,5.43,5.53,5.38,5.4,0.0100000000000006,0.1855287569573427,7113465.0
2278,20220729,5.44,5.46,5.38,5.42,0.0199999999999995,0.3703703703703542,5533382.0
2278,20220801,5.37,5.5,5.34,5.35,-0.0700000000000002,-1.291512915129156,5209738.0
2278,20220802,5.31,5.34,5.06,5.14,-0.2099999999999999,-3.925233644859816,8438069.0
2278,20220803,5.14,5.28,5.06,5.07,-0.0699999999999994,-1.3618677042801397,6997231.0
2278,20220804,5.07,5.22,5.07,5.22,0.1499999999999994,2.9585798816567976,3692000.0
2278,20220805,5.25,5.27,5.12,5.23,0.0100000000000006,0.1915708812260774,3696100.0
2278,20220808,5.23,5.3,5.15,5.28,0.0499999999999998,0.9560229445506608,4182000.0
2278,20220809,5.28,5.3,5.24,5.29,0.0099999999999997,0.1893939393939447,3379968.0
2278,20220810,5.27,5.29,5.23,5.26,-0.0300000000000002,-0.5671077504725952,2609800.0
2278,20220811,5.27,5.42,5.27,5.37,0.1100000000000003,2.0912547528517234,4799500.0
2278,20220812,5.42,5.62,5.38,5.45,0.08,1.4897579143389184,9677115.0
2278,20220815,5.45,5.53,5.4,5.5,0.0499999999999998,0.917431192660545,5304670.0
2278,20220816,5.49,5.52,5.43,5.49,-0.0099999999999997,-0.181818181818183,3817377.0
2278,20220817,5.5,5.54,5.44,5.46,-0.0300000000000002,-0.5464480874316946,3345800.0
2278,20220818,5.45,5.46,5.37,5.42,-0.04,-0.73260073260073,4359100.0
2278,20220819,5.44,5.48,5.33,5.34,-0.08,-1.4760147601476037,5170750.0
2278,20220822,5.36,5.43,5.28,5.39,0.0499999999999998,0.9363295880149723,4481840.0
2278,20220823,5.42,5.68,5.39,5.61,0.2200000000000006,4.081632653061229,12219035.0
2278,20220824,5.59,5.61,5.38,5.44,-0.1699999999999999,-3.0303030303030276,8312688.0
2278,20220825,5.46,5.98,5.36,5.81,0.3699999999999992,6.801470588235281,32305761.0
2278,20220826,5.62,6.38,5.5,6.04,0.2300000000000004,3.958691910499157,37838264.0
2278,20220829,5.81,5.98,5.73,5.88,-0.1600000000000001,-2.6490066225165587,23477205.0
2278,20220830,5.83,5.95,5.6,5.68,-0.2000000000000001,-3.401360544217691,20953720.0
2278,20220831,5.63,5.67,5.26,5.34,-0.3399999999999998,-5.98591549295775,21897349.0
2278,20220901,5.31,5.5,5.22,5.28,-0.0599999999999996,-1.1235955056179692,12873215.0
2278,20220902,5.35,5.49,5.28,5.46,0.1799999999999997,3.409090909090895,11180969.0
2278,20220905,5.46,5.85,5.43,5.74,0.2800000000000002,5.128205128205132,15041814.0
2278,20220906,5.74,5.74,5.61,5.65,-0.0899999999999998,-1.5679442508710784,9572500.0
2278,20220907,5.65,5.74,5.54,5.7,0.0499999999999998,0.8849557522123908,9933300.0
2278,20220908,5.7,5.71,5.55,5.58,-0.1200000000000001,-2.1052631578947434,6752801.0
2278,20220909,5.59,5.78,5.46,5.66,0.08,1.4336917562723928,10496950.0
2278,20220913,5.68,6.23,5.68,6.23,0.5700000000000003,10.070671378091877,45477189.0
2278,20220914,6.4,6.85,6.4,6.85,0.6199999999999992,9.95184590690208,76262608.0
2278,20220915,6.17,6.99,6.17,6.17,-0.6799999999999997,-9.927007299270072,100421920.0
2278,20220916,5.84,5.84,5.55,5.55,-0.6200000000000001,-10.048622366288496,64115974.0
2278,20220919,5.2,5.44,5.0,5.0,-0.5499999999999998,-9.909909909909908,53531888.0
2278,20220920,4.99,5.09,4.95,5.06,0.0599999999999996,1.200000000000001,29502760.0
2278,20220921,5.03,5.27,4.92,5.19,0.1300000000000007,2.5691699604743157,33125822.0
2278,20220922,5.1,5.45,5.09,5.36,0.1699999999999999,3.2755298651252485,33585127.0
2278,20220923,5.35,5.45,5.13,5.16,-0.2000000000000001,-3.731343283582089,22606400.0
2278,20220926,5.15,5.16,4.88,4.89,-0.2700000000000004,-5.232558139534893,22391112.0
2278,20220927,4.99,5.14,4.94,5.04,0.1500000000000003,3.0674846625766916,18708300.0
2278,20220928,5.12,5.21,4.93,4.96,-0.08,-1.5873015873015928,17635401.0
2278,20220929,4.97,5.05,4.81,4.84,-0.1200000000000001,-2.4193548387096753,15153645.0
2278,20220930,4.8,4.87,4.7,4.78,-0.0599999999999996,-1.2396694214875992,10522845.0
2278,20221010,4.84,5.1,4.8,4.95,0.1699999999999999,3.556485355648542,18283400.0
2278,20221011,4.92,4.98,4.78,4.92,-0.0300000000000002,-0.60606060606061,17302073.0
2278,20221012,4.85,4.96,4.78,4.96,0.04,0.8130081300812941,13882800.0
2278,20221013,4.94,5.18,4.85,5.1,0.1399999999999996,2.8225806451612767,22937211.0
2278,20221014,5.05,5.28,5.01,5.15,0.0500000000000007,0.9803921568627638,24338999.0
2278,20221017,5.12,5.25,5.07,5.19,0.04,0.7766990291262044,17945399.0
2278,20221018,5.21,5.26,5.11,5.12,-0.0700000000000002,-1.3487475915221592,13285200.0
2278,20221019,5.13,5.19,5.04,5.11,-0.0099999999999997,-0.1953125,11216501.0
2278,20221020,5.09,5.25,5.08,5.13,0.0199999999999995,0.3913894324853118,10256000.0
2278,20221021,5.13,5.18,5.09,5.14,0.0099999999999997,0.1949317738791478,8338354.0
2278,20221024,5.15,5.27,5.09,5.13,-0.0099999999999997,-0.1945525291828787,11771002.0
2278,20221025,5.08,5.11,4.92,5.05,-0.08,-1.5594541910331383,10201251.0
2278,20221026,5.06,5.16,5.04,5.11,0.0600000000000005,1.1881188118811892,7978579.0
2278,20221027,5.11,5.17,5.04,5.05,-0.0600000000000005,-1.1741682974559795,6715879.0
2278,20221028,5.03,5.05,4.8,4.83,-0.2199999999999997,-4.35643564356435,8527300.0
2278,20221031,4.83,4.9,4.8,4.83,0.0,0.0,6922300.0
2278,20221101,4.86,4.99,4.85,4.98,0.1500000000000003,3.105590062111818,6204716.0
2278,20221102,5.0,5.04,4.98,5.01,0.0299999999999993,0.6024096385542022,5620600.0
2278,20221103,4.99,5.04,4.95,5.02,0.0099999999999997,0.1996007984031989,4342871.0
2278,20221104,5.05,5.11,5.02,5.09,0.0700000000000002,1.3944223107569709,6430200.0
2278,20221107,5.09,5.21,5.09,5.18,0.0899999999999998,1.7681728880157177,10215200.0
2278,20221108,5.18,5.21,5.13,5.2,0.0200000000000004,0.3861003861003853,7203169.0
2278,20221109,5.2,5.22,5.16,5.17,-0.0300000000000002,-0.576923076923086,6551801.0
2278,20221110,5.18,5.19,5.11,5.16,-0.0099999999999997,-0.19342359767891,5858702.0
2278,20221111,5.22,5.3,5.16,5.17,0.0099999999999997,0.1937984496124034,9185500.0
2278,20221114,5.16,5.26,5.13,5.2,0.0300000000000002,0.5802707930367523,8734600.0
2278,20221115,5.19,5.26,5.17,5.26,0.0599999999999996,1.1538461538461495,6669140.0
2278,20221116,5.29,5.36,5.24,5.31,0.0499999999999998,0.9505703422053148,10806450.0
2278,20221117,5.32,5.33,5.26,5.32,0.0100000000000006,0.1883239171374784,5536469.0
2278,20221118,5.36,5.38,5.26,5.29,-0.0300000000000002,-0.5639097744360999,7111650.0
2278,20221121,5.29,5.31,5.17,5.29,0.0,0.0,5493100.0
2278,20221122,5.29,5.38,5.23,5.28,-0.0099999999999997,-0.1890359168241873,8387300.0
2278,20221123,5.28,5.29,5.15,5.25,-0.0300000000000002,-0.5681818181818232,5568369.0
2278,20221124,5.32,5.33,5.24,5.3,0.0499999999999998,0.952380952380949,6236978.0
2278,20221125,5.32,5.32,5.25,5.26,-0.04,-0.7547169811320753,4894401.0
2278,20221128,5.2,5.3,5.17,5.27,0.0099999999999997,0.1901140684410496,6631000.0
2278,20221129,5.32,5.35,5.27,5.35,0.08,1.5180265654648917,8116100.0
2278,20221130,5.35,5.42,5.32,5.4,0.0500000000000007,0.9345794392523477,8265800.0
2278,20221201,5.41,5.44,5.35,5.37,-0.0300000000000002,-0.5555555555555647,6856850.0
2278,20221202,5.37,5.7,5.36,5.54,0.1699999999999999,3.165735567970196,18687700.0
2278,20221205,5.54,5.8,5.5,5.64,0.0999999999999996,1.805054151624552,23495472.0
2278,20221206,5.6,5.68,5.52,5.65,0.0100000000000006,0.1773049645390267,14240380.0
2278,20221207,5.64,5.8,5.56,5.71,0.0599999999999996,1.0619469026548645,14843156.0
2278,20221208,5.72,5.81,5.61,5.62,-0.0899999999999998,-1.5761821366024442,12180915.0
2278,20221209,5.65,5.68,5.54,5.59,-0.0300000000000002,-0.5338078291814985,8975970.0
2278,20221212,6.06,6.06,5.62,5.63,0.04,0.7155635062611854,32324400.0
2278,20221213,5.63,5.82,5.61,5.68,0.0499999999999998,0.8880994671403242,18280926.0
2278,20221214,5.65,5.69,5.51,5.54,-0.1399999999999996,-2.464788732394363,15560233.0
2278,20221215,5.57,5.63,5.51,5.55,0.0099999999999997,0.1805054151624574,7573121.0
2278,20221216,5.56,5.59,5.5,5.52,-0.0300000000000002,-0.5405405405405461,6258772.0
2278,20221219,5.5,5.55,5.33,5.36,-0.1599999999999992,-2.898550724637672,8007310.0
2278,20221220,5.39,5.52,5.32,5.48,0.1200000000000001,2.238805970149249,7217500.0
2278,20221221,5.48,5.5,5.34,5.39,-0.0900000000000007,-1.642335766423375,4803300.0
2278,20221222,5.41,5.47,5.24,5.27,-0.1200000000000001,-2.226345083487946,5194079.0
2278,20221223,5.27,5.35,5.21,5.3,0.0300000000000002,0.569259962049351,5152671.0
2278,20221226,5.34,5.39,5.27,5.31,0.0099999999999997,0.1886792452830077,3799980.0
2278,20221227,5.31,5.48,5.28,5.35,0.04,0.7532956685499137,6135500.0
2278,20221228,5.32,5.33,5.18,5.19,-0.1599999999999992,-2.990654205607468,4580500.0
2278,20221229,5.18,5.22,5.1,5.14,-0.0500000000000007,-0.9633911368015502,4430000.0
2278,20221230,5.14,5.24,5.12,5.23,0.0900000000000007,1.7509727626459304,4078100.0
2278,20230103,5.26,5.38,5.18,5.37,0.1399999999999996,2.676864244741872,6506300.0
2278,20230104,5.37,5.49,5.32,5.47,0.0999999999999996,1.8621973929236368,7337501.0
2278,20230105,5.46,5.48,5.38,5.45,-0.0199999999999995,-0.3656307129798808,4430900.0
2278,20230106,5.41,5.46,5.31,5.34,-0.1100000000000003,-2.0183486238532167,4738501.0
2278,20230109,5.35,5.4,5.32,5.38,0.04,0.7490636704119868,3120802.0
2278,20230110,5.39,5.39,5.28,5.29,-0.0899999999999998,-1.6728624535315983,3919257.0
2278,20230111,5.29,5.36,5.2,5.22,-0.0700000000000002,-1.3232514177693775,4397102.0
2278,20230112,5.22,5.26,5.16,5.18,-0.04,-0.7662835249042099,3489900.0
2278,20230113,5.18,5.23,5.16,5.2,0.0200000000000004,0.3861003861003853,3372400.0
2278,20230116,5.24,5.31,5.21,5.3,0.0999999999999996,1.923076923076916,3691302.0
2278,20230117,5.29,5.34,5.17,5.23,-0.0699999999999994,-1.320754716981121,5197200.0
2278,20230118,5.24,5.34,5.22,5.32,0.0899999999999998,1.7208413001912115,4336200.0
2278,20230119,5.29,5.4,5.29,5.39,0.0699999999999994,1.3157894736842035,4522000.0
2278,20230120,5.4,5.46,5.38,5.44,0.0500000000000007,0.927643784786647,3694500.0
2278,20230130,5.46,5.59,5.46,5.57,0.1299999999999999,2.389705882352944,6774910.0
2278,20230131,5.55,5.6,5.48,5.6,0.0299999999999993,0.538599640933568,6916302.0
2278,20230201,5.6,5.67,5.56,5.67,0.0700000000000002,1.2499999999999956,6489400.0
2278,20230202,5.67,5.69,5.61,5.64,-0.0300000000000002,-0.5291005291005346,5004544.0
2278,20230203,5.64,5.64,5.54,5.62,-0.0199999999999995,-0.3546099290780091,5797119.0
2278,20230206,5.64,5.65,5.57,5.65,0.0300000000000002,0.5338078291815096,5253200.0
2278,20230207,5.65,5.69,5.61,5.69,0.04,0.707964601769917,4470494.0
2278,20230208,5.69,5.78,5.64,5.73,0.04,0.7029876977152849,5512375.0
2278,20230209,5.67,5.75,5.66,5.7,-0.0300000000000002,-0.5235602094240899,5547500.0
2278,20230210,5.7,5.76,5.68,5.75,0.0499999999999998,0.8771929824561431,6098400.0
2278,20230213,5.75,5.87,5.75,5.82,0.0700000000000002,1.2173913043478368,7064500.0
2278,20230214,5.82,5.86,5.73,5.81,-0.0100000000000006,-0.1718213058419349,5531530.0
2278,20230215,5.82,5.82,5.74,5.79,-0.0199999999999995,-0.344234079173833,4658788.0
2278,20230216,5.8,5.83,5.59,5.64,-0.1500000000000003,-2.590673575129543,7152662.0
2278,20230217,5.66,5.78,5.64,5.66,0.0200000000000004,0.3546099290780313,5757998.0
2278,20230220,5.68,5.8,5.62,5.74,0.08,1.413427561837466,5237200.0
2278,20230221,5.75,5.79,5.68,5.76,0.0199999999999995,0.348432055749126,4329979.0
2278,20230222,5.72,5.84,5.7,5.81,0.0499999999999998,0.868055555555558,7859599.0
2278,20230223,5.83,5.88,5.71,5.77,-0.04,-0.688468158347677,4696900.0
2278,20230224,5.8,5.8,5.69,5.77,0.0,0.0,4277600.0
2278,20230227,5.75,5.79,5.6,5.65,-0.1199999999999992,-2.079722703639497,6374350.0
2278,20230228,5.69,5.78,5.59,5.76,0.1099999999999994,1.9469026548672552,6010059.0
2278,20230301,5.8,5.8,5.73,5.75,-0.0099999999999997,-0.1736111111111049,4740600.0
2278,20230302,5.79,5.84,5.73,5.8,0.0499999999999998,0.8695652173912993,5849974.0
2278,20230303,5.77,5.81,5.71,5.76,-0.04,-0.6896551724137945,4082249.0
2278,20230306,5.77,5.82,5.73,5.8,0.04,0.694444444444442,4644764.0
2278,20230307,5.78,5.91,5.7,5.71,-0.0899999999999998,-1.551724137931032,8645909.0
2278,20230308,5.7,5.78,5.66,5.78,0.0700000000000002,1.2259194395796813,4833500.0
2278,20230309,5.78,5.79,5.68,5.73,-0.0499999999999998,-0.865051903114189,4251209.0
2278,20230310,5.73,5.75,5.59,5.61,-0.1200000000000001,-2.0942408376963373,5048320.0
2278,20230313,5.7,5.71,5.57,5.63,0.0199999999999995,0.3565062388591666,4241412.0
2278,20230314,5.63,5.64,5.42,5.49,-0.1399999999999996,-2.48667850799289,5374100.0
2278,20230315,5.53,5.65,5.48,5.62,0.1299999999999999,2.3679417122040025,5968000.0
2278,20230316,5.58,5.62,5.48,5.48,-0.1399999999999996,-2.491103202846967,5915200.0
2278,20230317,5.51,5.67,5.49,5.67,0.1899999999999995,3.4671532846715314,7452500.0
2278,20230320,5.7,6.24,5.65,6.24,0.5700000000000003,10.052910052910068,33114396.0
2278,20230321,6.41,6.57,6.05,6.11,-0.1299999999999999,-2.083333333333337,80161055.0
2278,20230322,5.99,6.49,5.92,6.26,0.1499999999999994,2.45499181669393,70038653.0
2278,20230323,6.13,6.31,5.98,6.0,-0.2599999999999998,-4.153354632587858,47411427.0
2278,20230324,6.01,6.04,5.8,5.87,-0.1299999999999999,-2.166666666666661,31517147.0
2278,20230327,5.81,5.82,5.6,5.65,-0.2199999999999997,-3.7478705281090208,29059865.0
2278,20230328,5.7,5.73,5.6,5.61,-0.04,-0.707964601769917,18773885.0
2278,20230329,5.49,5.56,5.44,5.51,-0.1000000000000005,-1.782531194295911,15460271.0
2278,20230330,5.53,5.54,5.32,5.33,-0.1799999999999997,-3.2667876588021727,15401811.0
2278,20230331,5.36,5.51,5.31,5.48,0.1500000000000003,2.8142589118199,14039632.0
2278,20230403,5.48,5.54,5.42,5.44,-0.04,-0.7299270072992692,11109862.0
2278,20230404,5.46,5.46,5.27,5.32,-0.1200000000000001,-2.2058823529411797,11627898.0
2278,20230406,5.32,5.33,5.23,5.24,-0.08,-1.5037593984962403,6943239.0
2278,20230407,5.24,5.33,5.24,5.29,0.0499999999999998,0.9541984732824416,5186753.0
2278,20230410,5.31,5.37,5.19,5.21,-0.08,-1.512287334593576,8717201.0
2278,20230411,5.24,5.25,5.18,5.23,0.0200000000000004,0.3838771593090317,5256055.0
2278,20230412,5.23,5.34,5.21,5.31,0.0799999999999991,1.5296367112810572,5595154.0
2278,20230413,5.34,5.41,5.29,5.31,0.0,0.0,6342000.0
2278,20230414,5.34,5.34,5.26,5.28,-0.0299999999999993,-0.5649717514124131,4021700.0
2278,20230417,5.29,5.36,5.24,5.34,0.0599999999999996,1.1363636363636245,4854200.0
2278,20230418,5.33,5.33,5.21,5.23,-0.1099999999999994,-2.0599250936329527,5139400.0
2278,20230419,5.24,5.24,5.16,5.17,-0.0600000000000005,-1.147227533460815,3869400.0
2278,20230420,5.18,5.21,5.08,5.2,0.0300000000000002,0.5802707930367523,5141800.0
2278,20230421,5.2,5.2,5.02,5.03,-0.1699999999999999,-3.2692307692307687,5479926.0
2278,20230424,5.03,5.13,4.95,5.11,0.08,1.5904572564612307,4789346.0
2278,20230425,5.08,5.11,4.93,5.01,-0.1000000000000005,-1.9569471624266257,4811115.0
2278,20230426,4.97,5.08,4.97,5.05,0.04,0.7984031936127733,2736400.0
2278,20230427,5.02,5.13,4.99,5.09,0.04,0.7920792079207928,4223072.0
2278,20230428,5.12,5.24,5.07,5.22,0.1299999999999999,2.5540275049115824,4967501.0
2278,20230504,5.19,5.3,5.18,5.28,0.0600000000000005,1.1494252873563315,5575200.0
2278,20230505,5.27,5.31,5.19,5.22,-0.0600000000000005,-1.1363636363636465,4492600.0
2278,20230508,5.25,5.3,5.23,5.27,0.0499999999999998,0.957854406130254,3135200.0
2278,20230509,5.27,5.28,5.17,5.19,-0.0799999999999991,-1.5180265654648806,4398500.0
2278,20230510,5.19,5.21,5.14,5.2,0.0099999999999997,0.19267822736031,2981479.0
2278,20230511,5.2,5.27,5.16,5.26,0.0599999999999996,1.1538461538461495,3355801.0
2278,20230512,5.25,5.3,5.2,5.22,-0.04,-0.760456273764254,3297101.0
2278,20230515,5.22,5.25,5.16,5.24,0.0200000000000004,0.3831417624521105,3043100.0
2278,20230516,5.22,5.26,5.19,5.21,-0.0300000000000002,-0.5725190839694694,2576260.0
2278,20230517,5.18,5.34,5.16,5.32,0.1100000000000003,2.1113243761996303,3968301.0
2278,20230518,5.35,5.37,5.3,5.33,0.0099999999999997,0.1879699248120259,2922913.0
2278,20230519,5.32,5.38,5.29,5.37,0.04,0.7504690431519689,3825255.0
2278,20230522,5.39,5.45,5.33,5.39,0.0199999999999995,0.3724394785847185,4078803.0
2278,20230523,5.37,5.43,5.35,5.38,-0.0099999999999997,-0.1855287569573205,3095429.0
2278,20230524,5.37,5.44,5.34,5.4,0.0200000000000004,0.3717472118959231,3626203.0
2278,20230525,5.4,5.43,5.32,5.39,-0.0100000000000006,-0.1851851851851993,4082570.0
2278,20230526,5.41,5.43,5.34,5.4,0.0100000000000006,0.1855287569573427,4797770.0
2278,20230529,5.39,5.44,5.34,5.34,-0.0600000000000005,-1.1111111111111185,3469070.0
2278,20230530,5.35,5.41,5.3,5.37,0.0300000000000002,0.5617977528090012,4068259.0
2278,20230531,5.36,5.38,5.28,5.28,-0.0899999999999998,-1.6759776536312776,2512039.0
2278,20230601,5.27,5.34,5.27,5.27,-0.0100000000000006,-0.1893939393939558,2723700.0
2278,20230602,5.27,5.32,5.26,5.27,0.0,0.0,3253300.0
2278,20230605,5.28,5.29,5.22,5.26,-0.0099999999999997,-0.1897533206831059,2737100.0
2278,20230606,5.23,5.26,5.15,5.17,-0.0899999999999998,-1.7110266159695795,4611400.0
2278,20230607,5.14,5.24,5.1,5.2,0.0300000000000002,0.5802707930367523,3628516.0
2278,20230608,5.2,5.25,5.14,5.21,0.0099999999999997,0.1923076923076916,2546900.0
2278,20230609,5.21,5.23,5.15,5.19,-0.0199999999999995,-0.3838771593090095,2742400.0
2278,20230612,5.17,5.25,5.12,5.24,0.0499999999999998,0.963391136801528,3315501.0
2278,20230613,5.23,5.27,5.2,5.26,0.0199999999999995,0.3816793893129722,1830435.0
2278,20230614,5.28,5.28,5.21,5.24,-0.0199999999999995,-0.3802281368821214,2346900.0
2278,20230615,5.24,5.27,5.2,5.22,-0.0200000000000004,-0.3816793893129833,2319300.0
2278,20230616,5.22,5.31,5.22,5.31,0.0899999999999998,1.724137931034475,3737291.0
2278,20230619,5.33,5.33,5.18,5.18,-0.1299999999999999,-2.4482109227871973,3448603.0
2278,20230620,5.2,5.22,5.1,5.1,-0.08,-1.544401544401541,3038500.0
2278,20230621,5.1,5.19,5.08,5.1,0.0,0.0,3142700.0
2278,20230626,5.08,5.16,5.04,5.05,-0.0499999999999998,-0.9803921568627416,2989100.0
2278,20230627,5.14,5.22,5.05,5.19,0.1400000000000005,2.7722772277227747,4357200.0
2278,20230628,5.2,5.24,5.07,5.22,0.0299999999999993,0.5780346820809079,3292459.0
2278,20230629,5.23,5.32,5.22,5.29,0.0700000000000002,1.3409961685823868,5123682.0
2278,20230630,5.32,5.35,5.28,5.33,0.04,0.7561436672967936,6053550.0
2278,20230703,5.35,5.48,5.35,5.43,0.0999999999999996,1.8761726078799112,6828500.0
2278,20230704,5.43,5.53,5.38,5.51,0.08,1.4732965009208066,6255935.0
2278,20230705,5.5,5.54,5.43,5.46,-0.0499999999999998,-0.907441016333932,5260134.0
2278,20230706,5.47,5.49,5.43,5.46,0.0,0.0,2860071.0
2278,20230707,5.46,5.5,5.43,5.48,0.0200000000000004,0.366300366300365,4106808.0
2278,20230710,5.46,5.52,5.44,5.48,0.0,0.0,2730916.0
2278,20230711,5.48,5.53,5.46,5.52,0.0399999999999991,0.7299270072992581,3410015.0
2278,20230712,5.52,5.55,5.47,5.49,-0.0299999999999993,-0.5434782608695565,2840001.0
2278,20230713,5.5,5.54,5.46,5.53,0.04,0.7285974499089187,3378800.0
2278,20230714,5.54,5.54,5.48,5.52,-0.0100000000000006,-0.1808318264014619,2785503.0
2278,20230717,5.52,5.59,5.47,5.59,0.0700000000000002,1.26811594202898,4645256.0
2278,20230718,5.61,5.65,5.55,5.63,0.04,0.7155635062611854,4725950.0
2278,20230719,5.65,5.66,5.58,5.61,-0.0199999999999995,-0.3552397868561208,3286980.0
2278,20230720,5.63,5.66,5.57,5.59,-0.0200000000000004,-0.3565062388591888,4254095.0
2278,20230721,5.59,5.61,5.54,5.56,-0.0300000000000002,-0.536672629695889,4423100.0
2278,20230724,5.57,5.61,5.51,5.58,0.0200000000000004,0.3597122302158251,3243300.0
2278,20230725,5.6,5.64,5.55,5.63,0.0499999999999998,0.8960573476702427,3350700.0
2278,20230726,5.65,5.68,5.6,5.66,0.0300000000000002,0.5328596802842034,3204501.0
2278,20230727,5.68,5.74,5.62,5.65,-0.0099999999999997,-0.1766784452296832,3818733.0
2278,20230728,5.62,5.76,5.61,5.66,0.0099999999999997,0.1769911504424737,5440434.0
2278,20230731,5.66,5.74,5.64,5.68,0.0199999999999995,0.3533568904593664,4089766.0
2278,20230801,5.67,5.77,5.64,5.74,0.0600000000000005,1.0563380281690238,7326700.0
2278,20230802,5.72,5.74,5.67,5.71,-0.0300000000000002,-0.5226480836237002,5250300.0
2278,20230803,5.7,5.72,5.64,5.67,-0.04,-0.7005253940455369,3863252.0
2278,20230804,5.7,5.73,5.63,5.65,-0.0199999999999995,-0.3527336860670083,4422339.0
2278,20230807,5.62,5.66,5.56,5.59,-0.0600000000000005,-1.0619469026548756,3641700.0
2278,20230808,5.61,5.63,5.55,5.57,-0.0199999999999995,-0.3577817531305816,2516000.0
2278,20230809,5.58,5.58,5.5,5.54,-0.0300000000000002,-0.5385996409335791,2856601.0
2278,20230810,5.53,5.62,5.46,5.6,0.0599999999999996,1.0830324909747224,3461600.0
2278,20230811,5.62,5.62,5.48,5.48,-0.1199999999999992,-2.142857142857124,3522300.0
2278,20230814,5.5,5.53,5.42,5.53,0.0499999999999998,0.9124087591240836,3089765.0
2278,20230815,5.53,5.57,5.48,5.51,-0.0200000000000004,-0.3616636528029016,2680055.0
2278,20230816,5.51,5.54,5.41,5.47,-0.04,-0.7259528130671544,2950411.0
2278,20230817,5.49,5.64,5.39,5.64,0.1699999999999999,3.1078610603290757,6268896.0
2278,20230818,5.63,5.69,5.57,5.57,-0.0699999999999994,-1.241134751773043,5253200.0
2278,20230821,5.61,5.72,5.59,5.63,0.0599999999999996,1.077199281867136,7766512.0
2278,20230822,5.61,5.65,5.45,5.55,-0.08,-1.4209591474245165,6877000.0
2278,20230823,5.58,5.58,5.48,5.48,-0.0699999999999994,-1.2612612612612484,4280757.0
2278,20230824,5.48,5.53,5.36,5.49,0.0099999999999997,0.1824817518248034,5563412.0
2278,20230825,5.44,5.56,5.35,5.35,-0.1400000000000005,-2.550091074681249,6257412.0
2278,20230828,5.76,5.77,5.55,5.56,0.2099999999999999,3.925233644859816,16677450.0
2278,20230829,5.52,5.82,5.52,5.78,0.2200000000000006,3.956834532374121,11611583.0
2278,20230830,5.75,5.86,5.68,5.7,-0.08,-1.384083044982698,7308582.0
2278,20230831,5.7,5.77,5.64,5.71,0.0099999999999997,0.1754385964912286,5572810.0
2278,20230901,5.71,5.76,5.65,5.74,0.0300000000000002,0.5253940455341555,7300200.0
2278,20230904,5.74,5.88,5.74,5.87,0.1299999999999999,2.2648083623693305,7313200.0
2278,20230905,5.83,5.88,5.77,5.81,-0.0600000000000005,-1.0221465076661107,4382400.0
2278,20230906,5.81,5.88,5.79,5.85,0.04,0.6884681583476882,5766500.0
2278,20230907,5.85,5.85,5.72,5.76,-0.0899999999999998,-1.538461538461533,5416700.0
2278,20230908,5.76,5.82,5.72,5.75,-0.0099999999999997,-0.1736111111111049,4118416.0
2278,20230911,5.79,5.87,5.75,5.82,0.0700000000000002,1.2173913043478368,5306400.0
2278,20230912,5.81,5.85,5.77,5.81,-0.0100000000000006,-0.1718213058419349,3809101.0
2278,20230913,5.81,5.85,5.74,5.79,-0.0199999999999995,-0.344234079173833,5507740.0
2278,20230914,5.78,5.83,5.75,5.78,-0.0099999999999997,-0.1727115716752991,5967101.0
2278,20230915,5.79,5.85,5.72,5.75,-0.0300000000000002,-0.5190311418685201,6969100.0
2278,20230918,5.77,5.84,5.67,5.83,0.08,1.3913043478260834,6932503.0
2278,20230919,5.86,5.86,5.73,5.76,-0.0700000000000002,-1.2006861063464935,4915206.0
2278,20230920,5.75,5.8,5.7,5.74,-0.0199999999999995,-0.3472222222222099,4931500.0
2278,20230921,5.73,5.8,5.7,5.73,-0.0099999999999997,-0.174216027874563,4449000.0
2278,20230922,5.75,5.84,5.7,5.82,0.0899999999999998,1.5706806282722583,5967800.0
2278,20230925,5.85,5.86,5.74,5.78,-0.04,-0.6872852233676952,4034400.0
2278,20230926,5.78,5.84,5.74,5.8,0.0199999999999995,0.3460207612456578,4410502.0
2278,20230927,5.8,5.92,5.77,5.87,0.0700000000000002,1.206896551724146,9301864.0
2278,20230928,5.95,6.2,5.91,6.04,0.1699999999999999,2.8960817717206044,17117751.0
2278,20231009,6.19,6.19,5.93,5.97,-0.0700000000000002,-1.1589403973509935,15864289.0
2278,20231010,5.98,6.22,5.95,6.04,0.0700000000000002,1.1725293132328396,14507100.0
2278,20231011,6.02,6.02,5.81,5.83,-0.2099999999999999,-3.4768211920529812,12534915.0
2278,20231012,5.82,5.87,5.74,5.77,-0.0600000000000005,-1.0291595197255643,8835700.0
2278,20231013,5.78,5.82,5.73,5.74,-0.0299999999999993,-0.5199306759098632,7053000.0
2278,20231016,5.74,6.12,5.74,5.98,0.2400000000000002,4.181184668989557,15418834.0
2278,20231017,6.01,6.05,5.86,6.0,0.0199999999999995,0.3344481605351168,13341934.0
2278,20231018,5.98,6.04,5.86,5.89,-0.1100000000000003,-1.8333333333333424,8088700.0
2278,20231019,5.84,5.9,5.74,5.78,-0.1099999999999994,-1.8675721561969392,7019500.0
2278,20231020,5.8,5.86,5.74,5.79,0.0099999999999997,0.1730103806228289,6049515.0
2278,20231023,5.58,5.58,5.3,5.39,-0.4000000000000003,-6.9084628670120996,22848959.0
2278,20231024,5.45,5.68,5.39,5.68,0.29,5.380333951762517,15951487.0
2278,20231025,5.72,5.88,5.68,5.84,0.1600000000000001,2.8169014084507005,9188600.0
2278,20231026,5.83,5.93,5.72,5.74,-0.0999999999999996,-1.7123287671232834,6187348.0
2278,20231027,5.81,5.88,5.7,5.82,0.08,1.3937282229965264,7292581.0
2278,20231030,5.78,5.92,5.78,5.9,0.08,1.3745704467353903,7438664.0
2278,20231031,5.93,5.95,5.84,5.88,-0.0200000000000004,-0.3389830508474634,5791564.0
2278,20231101,5.87,5.98,5.87,5.95,0.0700000000000002,1.1904761904761862,5902403.0
2278,20231102,5.96,6.0,5.89,5.9,-0.0499999999999998,-0.8403361344537785,5337067.0
2278,20231103,5.91,5.99,5.89,5.91,0.0099999999999997,0.169491525423715,4850300.0
2278,20231106,5.93,5.97,5.87,5.93,0.0199999999999995,0.3384094754653066,4454300.0
2278,20231107,5.96,5.99,5.87,5.98,0.0500000000000007,0.8431703204047292,4296715.0
2278,20231108,5.96,5.99,5.91,5.98,0.0,0.0,4540429.0
2278,20231109,5.96,6.01,5.91,5.94,-0.04,-0.6688963210702337,4897684.0
2278,20231110,5.96,5.99,5.88,5.98,0.04,0.6734006734006703,4932301.0
2278,20231113,5.99,6.06,5.98,6.06,0.0799999999999991,1.3377926421404451,5446039.0
2278,20231114,6.06,6.07,5.98,6.03,-0.0299999999999993,-0.4950495049504844,4071400.0
2278,20231115,6.06,6.06,5.97,6.01,-0.0200000000000004,-0.3316749585406398,3271800.0
2278,20231116,6.02,6.05,5.98,5.99,-0.0199999999999995,-0.3327787021630501,4646484.0
2278,20231117,5.99,6.03,5.94,5.99,0.0,0.0,3688400.0
2278,20231120,6.01,6.09,6.0,6.07,0.08,1.335559265442399,4112500.0
2278,20231121,6.08,6.08,5.99,6.0,-0.0700000000000002,-1.1532125205930832,4861902.0
2278,20231122,5.99,6.04,5.96,5.97,-0.0300000000000002,-0.5000000000000004,4131765.0
2278,20231123,5.9,6.03,5.9,6.02,0.0499999999999998,0.8375209380234505,3593800.0
2278,20231124,6.01,6.04,5.89,5.93,-0.0899999999999998,-1.4950166112956742,4261200.0
2278,20231127,5.95,5.98,5.87,5.93,0.0,0.0,7327300.0
2278,20231128,5.95,6.05,5.89,6.02,0.0899999999999998,1.5177065767284947,5179779.0
2278,20231129,6.01,6.12,6.01,6.04,0.0200000000000004,0.3322259136212757,4982000.0
2278,20231130,6.04,6.08,5.95,6.0,-0.04,-0.6622516556291425,4071300.0
2278,20231201,5.99,6.04,5.93,5.98,-0.0199999999999995,-0.3333333333333299,6211000.0
2278,20231204,6.0,6.07,5.97,6.04,0.0599999999999996,1.0033444816053505,5608180.0
2278,20231205,6.03,6.05,5.92,5.92,-0.1200000000000001,-1.9867549668874165,4902000.0
2278,20231206,5.92,5.99,5.89,5.98,0.0600000000000005,1.013513513513531,4662100.0
2278,20231207,5.98,6.03,5.89,5.92,-0.0600000000000005,-1.0033444816053616,4562717.0
2278,20231208,5.95,5.97,5.75,5.76,-0.1600000000000001,-2.7027027027027084,6145730.0
2278,20231211,5.73,5.88,5.73,5.81,0.0499999999999998,0.868055555555558,5749600.0
2278,20231212,5.86,5.91,5.77,5.9,0.0900000000000007,1.5490533562822817,5792800.0
2278,20231213,5.91,5.97,5.86,5.92,0.0199999999999995,0.3389830508474523,4522500.0
2278,20231214,5.87,5.99,5.87,5.95,0.0300000000000002,0.5067567567567544,4381584.0
2278,20231215,5.96,5.99,5.89,5.98,0.0300000000000002,0.5042016806722671,4921884.0
2278,20231218,5.96,6.02,5.85,5.86,-0.1200000000000001,-2.006688963210701,6013700.0
2278,20231219,5.89,6.0,5.79,5.85,-0.0100000000000006,-0.1706484641638361,4857900.0
2278,20231220,5.85,5.94,5.78,5.82,-0.0299999999999993,-0.5128205128204999,5689200.0
2278,20231221,5.83,5.91,5.7,5.9,0.08,1.3745704467353903,6141215.0
2278,20231222,5.9,5.92,5.76,5.8,-0.1000000000000005,-1.6949152542372947,5106100.0
2278,20231225,5.86,5.86,5.65,5.72,-0.08,-1.379310344827589,6391900.0
2278,20231226,5.73,5.75,5.63,5.67,-0.0499999999999998,-0.8741258741258751,4010900.0
2278,20231227,5.66,5.79,5.64,5.74,0.0700000000000002,1.2345679012345734,3438145.0
2278,20231228,5.71,5.88,5.67,5.85,0.1099999999999994,1.9163763066202044,4758514.0
2278,20231229,5.85,5.9,5.81,5.87,0.0200000000000004,0.3418803418803406,6325600.0
2278,20240102,5.9,6.03,5.89,6.03,0.1600000000000001,2.7257240204429323,9566400.0
2278,20240103,6.03,6.05,5.95,6.03,0.0,0.0,6098984.0
2278,20240104,6.01,6.07,6.0,6.05,0.0199999999999995,0.3316749585406287,5689502.0
2278,20240105,6.07,6.1,5.96,5.99,-0.0599999999999996,-0.9917355371900748,6239200.0
2278,20240108,5.94,5.99,5.85,5.86,-0.1299999999999999,-2.170283806343909,7720010.0
2278,20240109,5.85,6.0,5.85,5.98,0.1200000000000001,2.0477815699658786,7244300.0
2278,20240110,5.97,6.05,5.87,5.92,-0.0600000000000005,-1.0033444816053616,6785200.0
2278,20240111,5.92,5.97,5.88,5.97,0.0499999999999998,0.8445945945945832,4583200.0
2278,20240112,5.95,6.01,5.88,5.89,-0.08,-1.340033500837523,4861500.0
2278,20240115,5.96,5.96,5.85,5.91,0.0200000000000004,0.339558573853993,4844550.0
2278,20240116,5.91,5.97,5.83,5.92,0.0099999999999997,0.1692047377326533,7170700.0
2278,20240117,5.9,6.0,5.81,5.82,-0.0999999999999996,-1.6891891891891886,6414000.0
2278,20240118,5.79,5.82,5.53,5.68,-0.1400000000000005,-2.4054982817869552,10807800.0
2278,20240119,5.65,5.69,5.53,5.55,-0.1299999999999999,-2.2887323943661997,7912350.0
2278,20240122,5.53,5.57,5.0,5.07,-0.4799999999999995,-8.648648648648638,12662737.0
2278,20240123,5.05,5.07,4.86,4.97,-0.1000000000000005,-1.9723865877712132,12987200.0
2278,20240124,4.99,5.1,4.83,5.02,0.0499999999999998,1.0060362173038184,12930901.0
2278,20240125,5.11,5.5,5.11,5.46,0.4400000000000004,8.764940239043838,15114943.0
2278,20240126,5.46,5.58,5.43,5.46,0.0,0.0,9750392.0
2278,20240129,5.47,5.48,5.24,5.25,-0.2099999999999999,-3.846153846153843,7822100.0
2278,20240130,5.25,5.3,5.04,5.07,-0.1799999999999997,-3.4285714285714253,8180600.0
2278,20240131,5.1,5.11,4.79,4.8,-0.2700000000000004,-5.3254437869822535,15627967.0
2278,20240201,4.8,4.83,4.49,4.62,-0.1799999999999997,-3.749999999999998,15288802.0
2278,20240202,4.67,4.8,4.23,4.36,-0.2599999999999998,-5.627705627705626,15216283.0
2278,20240205,4.3,4.33,3.92,3.92,-0.4400000000000004,-10.09174311926606,15147700.0
2278,20240206,3.64,3.89,3.53,3.63,-0.29,-7.397959183673475,25270007.0
2278,20240207,3.68,3.77,3.27,3.35,-0.2799999999999998,-7.7134986225895315,20278267.0
2278,20240208,3.33,3.65,3.23,3.63,0.2799999999999998,8.358208955223878,14371486.0
2278,20240219,3.7,3.92,3.65,3.84,0.2099999999999999,5.785123966942152,14197769.0
2278,20240220,3.84,3.95,3.75,3.93,0.0900000000000003,2.34375,8910855.0
2278,20240221,3.9,4.18,3.85,4.03,0.1,2.5445292620865256,10878900.0
2278,20240222,4.04,4.19,4.02,4.18,0.1499999999999994,3.722084367245637,8214864.0
2278,20240223,4.2,4.38,4.17,4.36,0.1800000000000006,4.306220095693791,8741094.0
2278,20240226,4.4,4.56,4.37,4.44,0.08,1.834862385321112,10454833.0
2278,20240227,4.42,4.62,4.38,4.6,0.1599999999999992,3.603603603603589,8746400.0
2278,20240228,4.62,4.69,4.14,4.14,-0.4599999999999999,-9.999999999999998,19397807.0
2278,20240229,4.09,4.27,3.94,4.25,0.1100000000000003,2.657004830917886,15334045.0
2278,20240301,4.28,4.35,4.21,4.31,0.0599999999999996,1.4117647058823346,9844501.0
2278,20240304,4.31,4.37,4.18,4.29,-0.0199999999999995,-0.4640371229698292,9190900.0
2278,20240305,4.28,4.32,4.14,4.18,-0.1100000000000003,-2.564102564102566,9018714.0
2278,20240306,4.15,4.28,4.13,4.27,0.0899999999999998,2.1531100478468845,7877502.0
2278,20240307,4.32,4.41,4.25,4.3,0.0300000000000002,0.7025761124121788,10202100.0
2278,20240308,4.31,4.39,4.26,4.36,0.0600000000000005,1.3953488372093092,6523300.0
2278,20240311,4.35,4.4,4.33,4.4,0.04,0.917431192660545,5970900.0
2278,20240312,4.4,4.5,4.36,4.5,0.0999999999999996,2.2727272727272707,7996764.0
2278,20240313,4.51,4.53,4.41,4.46,-0.04,-0.8888888888888946,6052078.0
2278,20240314,4.45,4.49,4.36,4.46,0.0,0.0,6905148.0
2278,20240315,4.44,4.59,4.42,4.58,0.1200000000000001,2.6905829596412634,7752706.0
2278,20240318,4.58,4.67,4.58,4.66,0.08,1.7467248908296984,5726078.0
2278,20240319,4.65,4.69,4.64,4.64,-0.0200000000000004,-0.4291845493562318,5688100.0
2278,20240320,4.64,4.75,4.63,4.75,0.1100000000000003,2.37068965517242,6599900.0
2278,20240321,4.78,4.82,4.65,4.77,0.0199999999999995,0.4210526315789442,6300106.0
2278,20240322,4.77,4.79,4.62,4.66,-0.1099999999999994,-2.3060796645702153,7462753.0
2278,20240325,4.66,4.77,4.58,4.61,-0.0499999999999998,-1.0729613733905574,9261379.0
2278,20240326,4.59,4.74,4.51,4.63,0.0199999999999995,0.433839479392617,9317437.0
2278,20240327,4.63,4.66,4.5,4.51,-0.1200000000000001,-2.591792656587477,6008715.0
2278,20240328,4.53,4.69,4.47,4.66,0.1500000000000003,3.3259423503326113,7798100.0
2278,20240329,4.69,4.8,4.69,4.78,0.1200000000000001,2.5751072961373467,7767301.0
2278,20240401,4.81,4.89,4.8,4.88,0.0999999999999996,2.092050209205021,7128032.0
2278,20240402,4.88,5.05,4.88,4.98,0.1000000000000005,2.0491803278688714,7588858.0
2278,20240403,4.97,5.05,4.89,4.95,-0.0300000000000002,-0.6024096385542244,7482900.0
2278,20240408,4.98,4.98,4.74,4.77,-0.1800000000000006,-3.6363636363636487,9224418.0
2278,20240409,4.77,4.83,4.71,4.81,0.04,0.8385744234800763,5580734.0
2278,20240410,4.81,4.82,4.6,4.67,-0.1399999999999996,-2.9106029106028997,6826927.0
2278,20240411,4.64,4.87,4.58,4.84,0.1699999999999999,3.640256959314781,9211700.0
2278,20240412,4.84,5.02,4.8,4.84,0.0,0.0,9673097.0
2278,20240415,4.81,4.83,4.36,4.36,-0.4799999999999995,-9.917355371900817,18183979.0
2278,20240416,4.28,4.28,3.92,3.92,-0.4400000000000004,-10.09174311926606,14556915.0
2278,20240417,3.95,4.25,3.95,4.22,0.2999999999999998,7.653061224489788,9576555.0
2278,20240418,4.24,4.28,4.11,4.15,-0.0699999999999994,-1.6587677725118375,7069500.0
2278,20240419,4.15,4.57,4.14,4.57,0.4199999999999999,10.120481927710845,12761563.0
2278,20240422,4.88,5.03,4.23,5.03,0.4599999999999999,10.0656455142232,53402028.0
2278,20240423,5.08,5.24,4.58,4.69,-0.3399999999999998,-6.759443339960236,66504341.0
2278,20240424,4.22,4.44,4.22,4.37,-0.3200000000000003,-6.823027718550112,45017755.0
2278,20240425,4.34,4.37,4.25,4.3,-0.0700000000000002,-1.6018306636155666,26945037.0
2278,20240426,4.28,4.35,4.23,4.3,0.0,0.0,18899835.0
2278,20240429,4.28,4.39,4.23,4.39,0.0899999999999998,2.0930232558139528,20946856.0
2278,20240430,4.39,4.6,4.38,4.5,0.1100000000000003,2.505694760820054,25765892.0
2278,20240506,4.55,4.59,4.45,4.57,0.0700000000000002,1.5555555555555545,15797233.0
2278,20240507,4.54,4.62,4.49,4.57,0.0,0.0,11816515.0
2278,20240508,4.56,4.57,4.44,4.48,-0.0899999999999998,-1.969365426695835,12243201.0
2278,20240509,4.51,4.6,4.51,4.54,0.0599999999999996,1.3392857142856984,8863800.0
2278,20240510,4.54,4.59,4.46,4.49,-0.0499999999999998,-1.1013215859030812,9738930.0
2278,20240513,4.44,4.53,4.33,4.4,-0.0899999999999998,-2.0044543429844075,9350221.0
2278,20240514,4.43,4.47,4.39,4.43,0.0299999999999993,0.6818181818181612,6268751.0
2278,20240515,4.45,4.48,4.38,4.42,-0.0099999999999997,-0.225733634311509,6568645.0
2278,20240516,4.45,4.51,4.44,4.49,0.0700000000000002,1.5837104072398356,7216210.0
2278,20240517,4.5,4.57,4.49,4.57,0.08,1.7817371937639104,7652800.0
2278,20240520,4.7,4.87,4.57,4.72,0.1499999999999994,3.2822757111597323,19073863.0
2278,20240521,4.65,4.69,4.53,4.56,-0.1600000000000001,-3.3898305084745783,10282000.0
2278,20240522,4.55,4.6,4.52,4.54,-0.0199999999999995,-0.4385964912280604,8021300.0
2278,20240523,4.54,4.58,4.37,4.4,-0.1399999999999996,-3.083700440528625,9771300.0
2278,20240524,4.41,4.44,4.36,4.39,-0.0100000000000006,-0.2272727272727426,8040000.0
2278,20240527,4.42,4.42,4.33,4.41,0.0200000000000004,0.4555808656036442,5127200.0
2278,20240528,4.42,4.46,4.38,4.39,-0.0200000000000004,-0.4535147392290328,4175200.0
2278,20240529,4.83,4.83,4.73,4.83,0.4400000000000004,10.022779043280195,43654405.0
2278,20240530,4.74,5.31,4.65,5.31,0.4799999999999995,9.93788819875776,70067569.0
2278,20240531,5.25,5.55,4.83,4.83,-0.4799999999999995,-9.039548022598863,98365512.0
2278,20240603,4.77,5.09,4.55,4.6,-0.2300000000000004,-4.761904761904767,69959393.0
2278,20240604,4.41,4.54,4.15,4.41,-0.1899999999999995,-4.130434782608683,50325733.0
2278,20240605,4.41,4.59,4.13,4.17,-0.2400000000000002,-5.442176870748305,42408282.0
2278,20240606,4.1,4.1,3.83,3.89,-0.2799999999999998,-6.714628297362102,34243026.0
2278,20240607,3.98,4.26,3.98,4.14,0.2499999999999995,6.426735218508983,31922177.0
2278,20240611,4.2,4.22,3.99,4.11,-0.0299999999999993,-0.7246376811594013,16627814.0
2278,20240612,4.08,4.26,4.06,4.21,0.0999999999999996,2.4330900243308973,21250375.0
2278,20240613,4.21,4.21,4.08,4.12,-0.0899999999999998,-2.137767220902609,13705900.0
2278,20240614,4.12,4.13,4.06,4.11,-0.0099999999999997,-0.2427184466019416,9889800.0
2278,20240617,4.07,4.11,4.01,4.01,-0.1000000000000005,-2.4330900243309084,9523800.0
2278,20240618,4.01,4.15,4.01,4.12,0.1100000000000003,2.743142144638422,11529893.0
2278,20240619,4.13,4.17,4.08,4.1,-0.0200000000000004,-0.4854368932038944,8430427.0
2278,20240620,4.1,4.12,4.0,4.02,-0.08,-1.9512195121951237,9088614.0
2278,20240621,4.0,4.12,3.92,4.11,0.0900000000000007,2.2388059701492713,11244222.0
2278,20240624,4.09,4.11,3.96,3.97,-0.1400000000000001,-3.4063260340632673,11419381.0
2278,20240625,3.97,4.08,3.95,4.01,0.0399999999999995,1.0075566750629594,9076439.0
2278,20240626,3.99,4.12,3.96,4.12,0.1100000000000003,2.743142144638422,9458412.0
2278,20240627,4.1,4.16,4.08,4.09,-0.0300000000000002,-0.728155339805836,8443805.0
2278,20240628,4.09,4.21,4.09,4.14,0.0499999999999998,1.222493887530551,10604725.0
2278,20240701,4.12,4.34,4.12,4.32,0.1800000000000006,4.347826086956541,12590830.0
2278,20240702,4.32,4.39,4.29,4.34,0.0199999999999995,0.4629629629629539,9762082.0
2278,20240703,4.34,4.35,4.26,4.31,-0.0300000000000002,-0.691244239631339,7374700.0
2278,20240704,4.3,4.33,4.13,4.15,-0.1599999999999992,-3.7122969837586783,8760412.0
2278,20240705,4.16,4.26,4.15,4.23,0.08,1.9277108433734869,8015987.0
2278,20240708,4.23,4.23,4.06,4.07,-0.1600000000000001,-3.78250591016549,5728700.0
2278,20240709,4.04,4.12,3.94,4.11,0.04,0.9828009828009908,11101401.0
2278,20240710,4.11,4.13,4.02,4.04,-0.0700000000000002,-1.7031630170316392,5500117.0
2278,20240711,4.1,4.16,4.08,4.15,0.1100000000000003,2.722772277227725,7156600.0
2278,20240712,4.15,4.18,4.1,4.12,-0.0300000000000002,-0.7228915662650715,5409200.0
2278,20240715,4.14,4.17,4.03,4.05,-0.0700000000000002,-1.6990291262136026,4892510.0
2278,20240716,4.08,4.08,4.0,4.03,-0.0199999999999995,-0.4938271604938204,3507500.0
2278,20240717,4.0,4.02,3.94,3.98,-0.0500000000000002,-1.2406947890818976,5743314.0
2278,20240718,3.97,4.01,3.88,4.0,0.02,0.5025125628140614,5110211.0
2278,20240719,3.98,4.04,3.95,4.0,0.0,0.0,2950200.0
2278,20240722,4.0,4.03,3.96,4.01,0.0099999999999997,0.2499999999999946,2633869.0
2278,20240723,4.0,4.04,3.91,3.92,-0.0899999999999998,-2.244389027431415,4563911.0
2278,20240724,3.88,3.95,3.86,3.88,-0.04,-1.0204081632653073,5008400.0
2278,20240725,3.86,3.95,3.85,3.95,0.0700000000000002,1.804123711340222,4240869.0
2278,20240726,3.95,4.35,3.95,4.35,0.3999999999999994,10.126582278481,21424573.0
2278,20240729,4.45,4.79,4.45,4.79,0.4400000000000004,10.114942528735638,49170896.0
2278,20240730,4.92,5.27,4.65,4.83,0.04,0.8350730688935215,100331811.0
2278,20240731,4.35,4.73,4.35,4.63,-0.2000000000000001,-4.140786749482405,79263298.0
2278,20240801,4.49,4.72,4.47,4.6,-0.0300000000000002,-0.6479481641468721,49834150.0
2278,20240802,4.6,4.66,4.41,4.41,-0.1899999999999995,-4.130434782608683,41526955.0
2278,20240805,4.35,4.85,4.35,4.85,0.4399999999999995,9.977324263038543,25580314.0
2278,20240806,5.19,5.34,4.89,4.98,0.1300000000000007,2.6804123711340333,93797391.0
2278,20240807,4.53,4.89,4.53,4.78,-0.2000000000000001,-4.016064257028118,58631693.0
2278,20240808,4.72,4.73,4.44,4.53,-0.25,-5.230125523012552,41523267.0
2278,20240809,4.54,4.71,4.46,4.57,0.04,0.8830022075055233,33131100.0
2278,20240812,4.48,4.55,4.35,4.49,-0.08,-1.7505470459518668,23482207.0
2278,20240813,4.52,4.72,4.43,4.68,0.1899999999999995,4.231625835189301,34909394.0
2278,20240814,4.72,4.79,4.58,4.58,-0.0999999999999996,-2.136752136752129,27151007.0
2278,20240815,4.6,4.61,4.47,4.56,-0.0200000000000004,-0.4366812227074357,18887314.0
2278,20240816,4.61,4.67,4.43,4.45,-0.1099999999999994,-2.412280701754377,19980463.0
2278,20240819,4.44,4.51,4.31,4.41,-0.04,-0.8988764044943864,15979992.0
2278,20240820,4.41,4.44,4.21,4.24,-0.1699999999999999,-3.8548752834467126,17586300.0
2278,20240821,4.21,4.26,4.17,4.24,0.0,0.0,8994667.0
2278,20240822,4.25,4.3,4.18,4.24,0.0,0.0,11632492.0
2278,20240823,4.21,4.22,4.11,4.15,-0.0899999999999998,-2.1226415094339535,10416300.0
2278,20240826,4.14,4.28,4.14,4.27,0.1199999999999992,2.891566265060219,9837401.0
2278,20240827,4.26,4.3,4.18,4.2,-0.0699999999999994,-1.639344262295073,8901900.0
2278,20240828,4.19,4.31,4.17,4.25,0.0499999999999998,1.1904761904761862,8424000.0
2278,20240829,4.26,4.29,4.2,4.26,0.0099999999999997,0.2352941176470446,6652401.0
2278,20240830,4.27,4.36,4.25,4.32,0.0600000000000005,1.4084507042253724,10183140.0
2278,20240902,4.3,4.37,4.25,4.27,-0.0500000000000007,-1.1574074074074292,7873140.0
2278,20240903,4.25,4.31,4.23,4.27,0.0,0.0,7662311.0
2278,20240904,4.25,4.28,4.2,4.24,-0.0299999999999993,-0.7025761124121677,7033600.0
2278,20240905,4.22,4.28,4.22,4.27,0.0299999999999993,0.7075471698112956,6361436.0
2278,20240906,4.27,4.28,4.2,4.2,-0.0699999999999994,-1.639344262295073,5979100.0
2278,20240909,4.2,4.28,4.15,4.26,0.0599999999999996,1.4285714285714235,5502400.0
2278,20240910,4.26,4.35,4.23,4.33,0.0700000000000002,1.6431924882629234,7845749.0
2278,20240911,4.31,4.33,4.23,4.24,-0.0899999999999998,-2.0785219399538035,4690600.0
2278,20240912,4.26,4.31,4.26,4.26,0.0199999999999995,0.4716981132075304,3743300.0
2278,20240913,4.26,4.27,4.2,4.21,-0.0499999999999998,-1.1737089201877882,4603200.0
2278,20240918,4.21,4.25,4.09,4.15,-0.0599999999999996,-1.4251781472684022,7010215.0
2278,20240919,4.18,4.28,4.15,4.26,0.1099999999999994,2.650602409638547,6565401.0
2278,20240920,4.27,4.3,4.21,4.26,0.0,0.0,5796700.0
2278,20240923,4.26,4.28,4.22,4.28,0.0200000000000004,0.4694835680751241,4633250.0
2278,20240924,4.28,4.42,4.28,4.39,0.1099999999999994,2.5700934579439227,9982872.0
2278,20240925,4.42,4.54,4.41,4.44,0.0500000000000007,1.1389521640091216,12504913.0
2278,20240926,4.43,4.52,4.37,4.52,0.0799999999999991,1.8018018018017832,9389010.0
2278,20240927,4.55,4.7,4.5,4.66,0.1400000000000005,3.0973451327433787,18729620.0
2278,20240930,4.8,5.08,4.68,5.03,0.3700000000000001,7.939914163090123,30841033.0
2278,20241008,5.52,5.52,5.06,5.32,0.29,5.765407554671964,34995243.0
2278,20241009,5.24,5.24,4.81,4.88,-0.4400000000000004,-8.270676691729328,22934688.0
2278,20241010,4.88,5.06,4.82,4.94,0.0600000000000005,1.2295081967213184,17507854.0
2278,20241011,4.94,4.98,4.8,4.82,-0.1200000000000001,-2.429149797570851,12866746.0
2278,20241014,4.87,4.96,4.81,4.93,0.1099999999999994,2.2821576763485396,10690300.0
2278,20241015,4.9,4.98,4.85,4.89,-0.04,-0.8113590263691739,9168500.0
2278,20241016,4.85,4.92,4.82,4.86,-0.0299999999999993,-0.6134969325153228,9103200.0
2278,20241017,4.87,4.94,4.8,4.82,-0.04,-0.8230452674897082,9891800.0
2278,20241018,4.83,5.13,4.83,5.03,0.2099999999999999,4.356846473029052,23220903.0
2278,20241021,5.03,5.08,4.95,4.99,-0.04,-0.7952286282306154,16765090.0
2278,20241022,4.99,5.07,4.98,5.05,0.0599999999999996,1.2024048096192397,11652513.0
2278,20241023,5.05,5.14,5.02,5.05,0.0,0.0,11208933.0
2278,20241024,5.07,5.13,5.04,5.11,0.0600000000000005,1.1881188118811892,8903415.0
2278,20241025,5.13,5.34,5.11,5.28,0.1699999999999999,3.326810176125239,17772584.0
2278,20241028,5.3,5.69,5.24,5.61,0.33,6.25,26059653.0
2278,20241029,5.66,5.86,5.53,5.55,-0.0600000000000005,-1.0695187165775444,28307117.0
2278,20241030,5.54,5.63,5.43,5.54,-0.0099999999999997,-0.1801801801801783,17446753.0
2278,20241031,5.56,5.64,5.47,5.59,0.0499999999999998,0.902527075812265,14381312.0
2278,20241101,5.52,5.69,5.28,5.31,-0.2800000000000002,-5.008944543828264,17367123.0
2278,20241104,5.31,5.4,5.27,5.36,0.0500000000000007,0.941619585687392,9581228.0
2278,20241105,5.39,5.44,5.35,5.39,0.0299999999999993,0.5597014925373012,12687849.0
2278,20241106,5.4,5.56,5.38,5.51,0.1200000000000001,2.226345083487935,14786222.0
2278,20241107,5.53,5.65,5.47,5.63,0.1200000000000001,2.1778584392014633,13574300.0
2278,20241108,5.63,5.71,5.57,5.63,0.0,0.0,13006770.0
2278,20241111,5.63,5.7,5.52,5.65,0.0200000000000004,0.355239786856143,10401715.0
2278,20241112,5.68,5.83,5.61,5.65,0.0,0.0,17532786.0
2278,20241113,5.62,5.82,5.52,5.77,0.1199999999999992,2.123893805309729,15706913.0
2278,20241114,5.82,5.93,5.56,5.59,-0.1799999999999997,-3.119584055459268,16920928.0
2278,20241115,5.59,5.64,5.41,5.43,-0.1600000000000001,-2.8622540250447304,10334750.0
2278,20241118,5.46,5.52,5.21,5.3,-0.1299999999999999,-2.39410681399631,11151200.0
2278,20241119,5.28,5.41,5.25,5.39,0.0899999999999998,1.6981132075471583,7582193.0
2278,20241120,5.41,5.64,5.32,5.6,0.2099999999999999,3.8961038961038863,10688936.0
2278,20241121,5.59,5.65,5.49,5.58,-0.0199999999999995,-0.3571428571428447,9489318.0
2278,20241122,5.6,5.65,5.43,5.46,-0.1200000000000001,-2.1505376344086,10465205.0
2278,20241125,5.55,5.65,5.42,5.59,0.1299999999999999,2.3809523809523725,10326100.0
2278,20241126,5.56,5.7,5.5,5.51,-0.08,-1.4311270125223596,8595515.0
2278,20241127,5.55,5.58,5.34,5.54,0.0300000000000002,0.5444646098003769,9058430.0
2278,20241128,5.53,5.84,5.49,5.7,0.1600000000000001,2.8880866425992746,15643800.0
2278,20241129,5.7,5.78,5.62,5.74,0.04,0.7017543859649145,11314517.0
2278,20241202,5.74,5.93,5.74,5.88,0.1399999999999996,2.4390243902439046,15226109.0
2278,20241203,5.92,6.28,5.8,6.12,0.2400000000000002,4.081632653061229,25618785.0
2278,20241204,6.06,6.14,5.82,5.87,-0.25,-4.084967320261434,23957024.0
2278,20241205,5.82,5.88,5.79,5.87,0.0,0.0,10632200.0
2278,20241206,5.86,5.96,5.82,5.91,0.04,0.6814310051107331,10357700.0
2278,20241209,5.93,6.02,5.81,5.91,0.0,0.0,10712650.0
2278,20241210,6.06,6.09,5.84,5.87,-0.04,-0.6768189509306244,9902900.0
2278,20241211,5.82,5.94,5.82,5.94,0.0700000000000002,1.192504258943794,8075931.0
2278,20241212,5.95,6.06,5.93,6.06,0.1199999999999992,2.020202020202011,9703304.0
2278,20241213,6.07,6.16,5.95,6.0,-0.0599999999999996,-0.99009900990098,15732028.0
2278,20241216,6.01,6.05,5.86,5.9,-0.0999999999999996,-1.6666666666666607,14535868.0
2278,20241217,5.94,5.94,5.54,5.56,-0.3400000000000007,-5.762711864406789,14587000.0
2278,20241218,5.61,5.65,5.39,5.53,-0.0299999999999993,-0.5395683453237266,10053000.0
2278,20241219,5.53,5.58,5.42,5.56,0.0299999999999993,0.5424954792043302,8230104.0
2278,20241220,5.59,5.78,5.54,5.69,0.1300000000000007,2.338129496402886,9633400.0
2278,20241223,5.59,5.67,5.3,5.34,-0.3500000000000005,-6.1511423550087985,13634230.0
2278,20241224,5.38,5.46,5.26,5.37,0.0300000000000002,0.5617977528090012,7908030.0
2278,20241225,5.33,5.4,5.13,5.19,-0.1799999999999997,-3.3519553072625663,8753102.0
2278,20241226,5.19,5.36,5.18,5.26,0.0699999999999994,1.348747591522148,5960403.0
2278,20241227,5.3,5.53,5.27,5.46,0.2000000000000001,3.802281368821303,8903400.0
2278,20241230,5.46,5.5,5.29,5.36,-0.0999999999999996,-1.831501831501825,7648300.0
2278,20241231,5.41,5.52,5.29,5.33,-0.0300000000000002,-0.5597014925373234,7937000.0
2278,20250102,5.32,5.44,5.19,5.23,-0.0999999999999996,-1.8761726078799223,7925918.0
2278,20250103,5.3,5.31,4.96,4.98,-0.25,-4.780114722753348,10881117.0
2278,20250106,4.98,5.04,4.73,4.94,-0.04,-0.8032128514056214,9030501.0
2278,20250107,5.0,5.19,4.96,5.18,0.2399999999999993,4.85829959514168,8410510.0
2278,20250108,5.18,5.24,5.02,5.18,0.0,0.0,7127336.0
2278,20250109,5.15,5.21,5.12,5.17,-0.0099999999999997,-0.1930501930501926,4182800.0
2278,20250110,5.17,5.2,5.01,5.02,-0.1500000000000003,-2.9013539651837617,5339700.0
2278,20250113,4.99,5.08,4.88,5.04,0.0200000000000004,0.3984063745019917,5375416.0
2278,20250114,5.02,5.27,5.02,5.26,0.2199999999999997,4.36507936507935,6536500.0
2278,20250115,5.3,5.33,5.23,5.31,0.0499999999999998,0.9505703422053148,7213900.0
2278,20250116,5.31,5.46,5.3,5.36,0.0500000000000007,0.941619585687392,6038016.0
2278,20250117,5.4,5.62,5.28,5.43,0.0699999999999994,1.30597014925371,8965900.0
2278,20250120,5.48,5.97,5.46,5.97,0.54,9.944751381215466,31223984.0
2278,20250121,6.0,6.0,5.54,5.68,-0.29,-4.85762144053602,48827743.0
2278,20250122,5.64,5.66,5.42,5.51,-0.1699999999999999,-2.992957746478875,23417276.0
2278,20250123,5.56,5.62,5.35,5.35,-0.1600000000000001,-2.9038112522686066,20637140.0
2278,20250124,5.35,5.48,5.27,5.43,0.08,1.495327102803734,13090623.0
2278,20250127,5.44,5.52,5.35,5.36,-0.0699999999999994,-1.2891344383056946,10284842.0
2278,20250205,5.4,5.45,5.36,5.41,0.0499999999999998,0.9328358208955168,7999000.0
2278,20250206,5.39,5.58,5.37,5.57,0.1600000000000001,2.957486136783727,12815564.0
2278,20250207,5.58,5.6,5.48,5.53,-0.04,-0.7181328545781018,14304807.0
2278,20250210,5.53,5.62,5.51,5.62,0.0899999999999998,1.6274864376130127,10178032.0
2278,20250211,5.6,5.65,5.54,5.64,0.0199999999999995,0.3558718861209842,10113467.0
2278,20250212,5.65,5.68,5.53,5.6,-0.04,-0.7092198581560294,9192436.0
2278,20250213,5.6,5.63,5.49,5.49,-0.1099999999999994,-1.9642857142857073,7485495.0
2278,20250214,5.49,5.53,5.42,5.47,-0.0200000000000004,-0.3642987249544704,7722600.0
2278,20250217,5.52,5.64,5.48,5.63,0.1600000000000001,2.9250457038391353,9359300.0
2278,20250218,5.68,5.68,5.45,5.48,-0.1499999999999994,-2.6642984014209503,8346501.0
2278,20250219,5.53,5.65,5.46,5.63,0.1499999999999994,2.737226277372251,8518200.0
2278,20250220,5.63,5.75,5.61,5.71,0.08,1.4209591474245054,11944807.0
2278,20250221,5.68,5.73,5.61,5.69,-0.0199999999999995,-0.3502626970227629,9897069.0
2278,20250224,5.66,5.76,5.64,5.74,0.0499999999999998,0.8787346221441172,9761627.0
2278,20250225,5.66,5.75,5.6,5.63,-0.1100000000000003,-1.9163763066202155,8026000.0
2278,20250226,5.63,5.76,5.63,5.68,0.0499999999999998,0.8880994671403242,9612202.0
2278,20250227,5.69,5.77,5.55,5.65,-0.0299999999999993,-0.5281690140845008,7559200.0
2278,20250228,5.61,5.73,5.55,5.59,-0.0600000000000005,-1.0619469026548756,11374800.0
2278,20250303,5.6,5.7,5.56,5.61,0.0200000000000004,0.3577817531305927,8571200.0
2278,20250304,5.57,5.75,5.55,5.74,0.1299999999999999,2.317290552584672,10567410.0
2278,20250305,5.74,5.76,5.6,5.72,-0.0200000000000004,-0.3484320557491371,7784197.0
2278,20250306,5.72,5.77,5.67,5.73,0.0100000000000006,0.1748251748251883,8705700.0
2278,20250307,5.74,5.82,5.66,5.7,-0.0300000000000002,-0.5235602094240899,11835400.0
2278,20250310,5.7,5.79,5.67,5.78,0.08,1.403508771929829,10702450.0
2278,20250311,5.71,5.75,5.65,5.73,-0.0499999999999998,-0.865051903114189,8109700.0
2278,20250312,5.77,5.81,5.71,5.79,0.0599999999999996,1.0471204188481575,9970028.0
2278,20250313,5.79,6.37,5.66,6.37,0.5800000000000001,10.017271157167528,58189499.0
2278,20250314,7.01,7.01,6.85,7.01,0.6399999999999997,10.047095761381474,44718971.0
2278,20250317,7.71,7.71,7.63,7.71,0.7000000000000002,9.985734664764625,40844893.0
2278,20250318,8.33,8.48,8.1,8.48,0.7700000000000005,9.987029831387815,39123673.0
2278,20250319,9.33,9.33,9.33,9.33,0.8499999999999996,10.023584905660377,8153232.0
2278,20250320,10.01,10.26,9.06,10.26,0.9299999999999996,9.967845659163975,155628745.0
2278,20250321,10.73,11.29,10.73,11.29,1.0299999999999994,10.038986354775826,129928323.0
2278,20250324,11.18,11.49,10.16,10.6,-0.6899999999999995,-6.111603188662529,169342484.0
2278,20250325,10.19,11.34,9.75,11.09,0.4900000000000002,4.622641509433967,159912402.0
2278,20250326,10.75,12.0,10.61,11.56,0.4700000000000006,4.2380522993688,156153902.0
2278,20250327,10.4,10.68,10.4,10.4,-1.16,-10.034602076124566,23975800.0
2278,20250328,9.36,9.87,9.36,9.36,-1.040000000000001,-10.000000000000009,105739799.0
2278,20250331,8.44,8.68,8.42,8.42,-0.9399999999999996,-10.04273504273504,18278200.0
2278,20250401,8.18,8.71,8.02,8.13,-0.2899999999999991,-3.44418052256531,105170562.0
2278,20250402,8.03,8.17,7.77,7.95,-0.1800000000000006,-2.2140221402214055,75457499.0
2278,20250403,7.8,7.94,7.58,7.62,-0.33,-4.150943396226414,64545110.0
2278,20250407,7.13,7.14,6.86,6.86,-0.7599999999999998,-9.973753280839892,48297603.0
2278,20250408,6.7,7.09,6.56,6.9,0.04,0.5830903790087438,68511397.0
2278,20250409,6.67,7.2,6.21,7.1,0.1999999999999993,2.898550724637672,73484909.0
2278,20250410,7.15,7.58,7.1,7.22,0.1200000000000001,1.6901408450704205,78854277.0
2278,20250411,7.13,7.36,7.1,7.17,-0.0499999999999998,-0.6925207756232621,54691417.0
2278,20250414,7.35,7.47,7.22,7.4,0.2300000000000004,3.207810320781035,57206962.0
2278,20250415,7.42,7.46,7.18,7.28,-0.1200000000000001,-1.6216216216216273,37455203.0
2278,20250416,7.21,7.25,6.87,6.98,-0.2999999999999998,-4.120879120879117,39126800.0
2278,20250417,7.02,7.44,7.01,7.02,0.0399999999999991,0.5730659025787732,36568200.0
2278,20250418,7.19,7.72,7.05,7.72,0.7000000000000002,9.971509971509974,70188117.0
2278,20250421,7.65,8.0,7.51,7.74,0.0200000000000004,0.2590673575129543,109415578.0
2278,20250422,7.65,7.72,7.37,7.39,-0.3500000000000005,-4.52196382428941,64942759.0
2278,20250423,7.48,8.13,7.31,8.13,0.7400000000000011,10.01353179972937,72665466.0
2278,20250424,8.1,8.25,7.78,7.82,-0.3100000000000005,-3.813038130381308,94703108.0
2278,20250425,8.1,8.38,7.89,7.96,0.1399999999999996,1.7902813299232712,89843918.0
2278,20250428,8.18,8.33,7.97,8.11,0.1499999999999994,1.8844221105527523,64599001.0
2278,20250429,7.92,8.2,7.61,8.01,-0.0999999999999996,-1.2330456226880335,57872130.0
2278,20250430,8.0,8.14,7.71,7.93,-0.08,-0.9987515605493158,56485958.0
2278,20250506,7.93,8.47,7.9,8.33,0.4000000000000003,5.044136191677184,72871432.0
2278,20250507,8.36,9.16,8.25,8.71,0.3800000000000008,4.561824729891972,109187788.0
2278,20250508,8.45,8.63,8.31,8.53,-0.1800000000000015,-2.066590126291634,67568001.0
2278,20250509,8.51,8.78,8.32,8.36,-0.1699999999999999,-1.992966002344665,47262003.0
2278,20250512,8.31,8.5,8.21,8.37,0.0099999999999997,0.1196172248803861,38384000.0
2278,20250513,8.42,8.67,8.37,8.48,0.1100000000000012,1.31421744324971,45739410.0
2278,20250514,8.38,8.69,8.22,8.59,0.1099999999999994,1.297169811320753,60745814.0
2278,20250515,8.49,8.9,8.33,8.82,0.2300000000000004,2.677532013969741,78002645.0
2278,20250516,8.7,8.99,8.62,8.84,0.0199999999999995,0.2267573696145053,62013726.0
2278,20250519,8.86,8.89,8.52,8.62,-0.2200000000000006,-2.488687782805432,43607420.0
2278,20250520,8.62,8.79,8.43,8.44,-0.1799999999999997,-2.088167053364265,40035757.0
2278,20250521,8.38,8.48,8.13,8.18,-0.2599999999999998,-3.08056872037914,39688988.0
2278,20250522,8.17,8.17,7.97,7.99,-0.1899999999999995,-2.3227383863080653,29860426.0
2278,20250523,7.92,8.23,7.87,7.97,-0.0200000000000004,-0.2503128911139018,29790400.0
2278,20250526,7.98,8.17,7.92,8.13,0.160000000000001,2.0075282308657627,26569711.0
2278,20250527,8.12,8.21,8.02,8.1,-0.0300000000000011,-0.3690036900369176,21486015.0
2278,20250528,8.06,8.91,8.06,8.91,0.8100000000000005,10.000000000000009,80964011.0
2278,20250529,9.08,9.53,8.98,9.14,0.2300000000000004,2.581369248035914,131769695.0
2278,20250530,9.11,9.98,8.92,9.44,0.2999999999999989,3.2822757111597323,114345365.0
2278,20250603,9.15,9.55,9.04,9.32,-0.1199999999999992,-1.2711864406779627,74537257.0
2278,20250604,9.18,10.25,9.18,9.66,0.3399999999999998,3.648068669527893,105649930.0
2278,20250605,9.42,9.59,9.21,9.28,-0.3800000000000008,-3.9337474120082927,76698001.0
2278,20250606,9.33,9.33,8.97,9.04,-0.2400000000000002,-2.586206896551724,48240283.0
2278,20250609,9.22,9.36,9.08,9.15,0.1100000000000012,1.2168141592920456,39560634.0
2278,20250610,9.15,9.23,8.72,8.87,-0.2800000000000011,-3.0601092896174964,47186990.0
2278,20250611,8.85,9.23,8.7,8.94,0.0700000000000002,0.7891770011273946,45906227.0
2278,20250612,8.84,9.03,8.81,8.87,-0.0700000000000002,-0.7829977628635354,29577485.0
2278,20250613,9.0,9.68,8.88,9.3,0.4300000000000015,4.847801578354027,101242362.0
2278,20250616,9.31,9.58,9.1,9.19,-0.1100000000000012,-1.1827956989247437,80718811.0
2278,20250617,8.96,9.34,8.92,9.31,0.120000000000001,1.305767138193703,63649200.0
2278,20250618,9.3,9.4,9.0,9.02,-0.2900000000000009,-3.1149301825993625,47322104.0
2278,20250619,8.9,8.95,8.18,8.36,-0.6600000000000001,-7.317073170731714,60339108.0
2278,20250620,8.25,8.25,7.98,8.06,-0.2999999999999989,-3.5885167464114742,39634342.0
2278,20250623,8.75,8.87,8.59,8.87,0.8099999999999987,10.049627791563264,26911675.0
2278,20250624,8.6,8.98,8.41,8.6,-0.2699999999999996,-3.0439684329199523,64112504.0
2278,20250625,8.58,9.14,8.45,8.74,0.1400000000000005,1.6279069767441978,66690977.0
2278,20250626,8.7,9.43,8.7,9.19,0.4499999999999993,5.148741418764291,91924348.0
2278,20250627,9.04,9.04,8.84,8.86,-0.33,-3.59085963003265,56928897.0
2278,20250630,8.82,8.93,8.69,8.93,0.0700000000000002,0.7900677200902928,36817643.0
2278,20250701,8.93,9.38,8.84,9.19,0.2599999999999998,2.911534154535267,63281546.0
2278,20250702,10.11,10.11,10.11,10.11,0.92,10.010881392818272,26173861.0
2278,20250703,11.12,11.12,10.09,10.15,0.0400000000000009,0.3956478733926794,157071318.0
2278,20250704,9.96,10.15,9.21,9.29,-0.8600000000000012,-8.472906403940893,108385779.0
2278,20250707,9.29,9.48,9.04,9.28,-0.0099999999999997,-0.1076426264800867,62636230.0
2278,20250708,9.47,9.98,9.29,9.68,0.4000000000000003,4.31034482758621,89000468.0
2278,20250709,9.51,9.94,9.51,9.58,-0.0999999999999996,-1.0330578512396604,70616389.0
2278,20250710,9.47,9.69,9.31,9.33,-0.25,-2.609603340292277,52954375.0
2278,20250711,9.34,9.38,9.15,9.3,-0.0299999999999993,-0.3215434083601254,31526100.0
2278,20250714,9.41,9.46,9.27,9.33,0.0299999999999993,0.3225806451612856,27472210.0
2278,20250715,9.27,9.42,9.19,9.27,-0.0600000000000005,-0.6430868167202619,31020200.0
2278,20250716,9.28,9.34,9.08,9.27,0.0,0.0,25754113.0
2278,20250717,9.26,9.35,9.18,9.32,0.0500000000000007,0.5393743257821049,24007411.0
2278,20250718,9.36,9.36,9.23,9.28,-0.0400000000000009,-0.4291845493562318,22786486.0
2278,20250721,9.22,9.37,9.19,9.35,0.0700000000000002,0.7543103448275801,26735495.0
2278,20250722,9.31,9.57,9.3,9.46,0.1100000000000012,1.176470588235312,42112412.0
2278,20250723,9.5,9.5,9.13,9.14,-0.3200000000000003,-3.382663847780132,34780270.0
2278,20250724,9.12,9.19,9.03,9.19,0.0499999999999989,0.547045951859948,18271700.0
2278,20250725,9.19,9.19,9.09,9.14,-0.0499999999999989,-0.5440696409140244,14906096.0
2278,20250728,9.55,10.05,9.55,10.05,0.91,9.956236323851208,60696543.0
2278,20250729,9.94,9.94,9.6,9.66,-0.3900000000000005,-3.88059701492538,83080874.0
2278,20250730,9.67,10.57,9.57,10.12,0.4599999999999991,4.761904761904745,95977471.0
2278,20250731,10.0,10.07,9.7,9.79,-0.33,-3.2608695652173947,58872203.0
2278,20250801,9.65,9.8,9.54,9.62,-0.1699999999999999,-1.7364657814096018,35127656.0
2278,20250804,9.49,9.69,9.33,9.68,0.0600000000000005,0.6237006237006293,27192026.0
2278,20250805,9.67,10.15,9.61,9.98,0.3000000000000007,3.0991735537190257,50322984.0
2278,20250806,9.85,10.13,9.82,10.02,0.0399999999999991,0.4008016032064132,46020326.0
2278,20250807,9.96,10.04,9.83,9.87,-0.1500000000000003,-1.4970059880239583,33504770.0
2278,20250808,9.86,10.11,9.83,9.97,0.1000000000000014,1.013171225937204,40570501.0
2278,20250811,9.88,10.07,9.81,9.97,0.0,0.0,28882065.0
2278,20250812,9.91,10.03,9.8,9.82,-0.1500000000000003,-1.5045135406218657,26855175.0
2278,20250813,9.84,9.97,9.76,9.85,0.0299999999999993,0.3054989816700493,24163376.0
2278,20250814,9.82,10.36,9.71,10.09,0.2400000000000002,2.4365482233502656,66324223.0
2278,20250815,9.95,10.55,9.91,10.35,0.2599999999999998,2.5768087215064295,68826580.0
2278,20250818,10.4,10.98,10.29,10.86,0.5099999999999998,4.9275362318840665,83054140.0
2278,20250819,10.88,10.88,10.47,10.51,-0.3499999999999996,-3.22283609576427,60247703.0
2278,20250820,10.48,10.62,10.35,10.4,-0.1099999999999994,-1.0466222645099887,33733608.0
2278,20250821,10.48,11.44,10.26,11.44,1.0399999999999991,9.999999999999986,80684585.0
2278,20250822,11.52,11.68,11.06,11.19,-0.25,-2.1853146853146876,96081425.0
2278,20250825,11.14,11.25,11.01,11.07,-0.1199999999999992,-1.0723860589812229,51498615.0
2278,20250826,11.08,11.1,10.88,10.99,-0.08,-0.722673893405601,32968732.0
2278,20250827,11.0,11.22,10.68,10.78,-0.2100000000000008,-1.9108280254777177,46234411.0
2278,20250828,10.75,10.89,10.31,10.88,0.1000000000000014,0.927643784786647,39647287.0
2278,20250829,10.79,11.17,10.59,10.81,-0.0700000000000002,-0.6433823529411797,30248950.0
2278,20250901,10.72,10.79,10.62,10.64,-0.1699999999999999,-1.5726179463459775,22573153.0
2278,20250902,10.69,10.84,10.33,10.35,-0.2900000000000009,-2.725563909774442,24190369.0
2278,20250903,10.34,10.36,9.7,9.82,-0.5299999999999994,-5.120772946859898,25993352.0
2278,20250904,9.87,9.93,9.59,9.79,-0.0300000000000011,-0.3054989816700715,18781060.0
2278,20250905,9.8,10.0,9.67,10.0,0.2100000000000008,2.1450459652706977,17990808.0
2278,20250908,9.99,10.2,9.92,10.11,0.1099999999999994,1.09999999999999,16630454.0
2278,20250909,10.09,10.09,9.8,9.83,-0.2799999999999993,-2.7695351137487556,15791858.0
2278,20250910,9.86,10.07,9.82,9.94,0.1099999999999994,1.1190233977619537,15741780.0
2278,20250911,9.86,10.03,9.76,10.03,0.0899999999999998,0.90543259557343,17538100.0
2278,20250912,9.98,10.27,9.94,10.08,0.0500000000000007,0.4985044865403853,19902992.0
2278,20250915,10.01,10.03,9.87,9.93,-0.1500000000000003,-1.488095238095244,14950752.0
2278,20250916,9.93,10.92,9.93,10.55,0.620000000000001,6.243705941591138,63120352.0
2278,20250917,10.38,10.44,10.2,10.23,-0.3200000000000003,-3.033175355450235,42245601.0
2278,20250918,10.25,10.74,10.1,10.39,0.1600000000000001,1.564027370478982,43621542.0
2278,20250919,10.57,10.79,10.04,10.2,-0.1900000000000012,-1.8286814244465988,34504267.0
2278,20250922,10.11,10.17,9.8,9.85,-0.3499999999999996,-3.4313725490196068,29432041.0
2278,20250923,9.85,9.95,9.33,9.53,-0.3200000000000003,-3.248730964467006,22162870.0
2278,20250924,9.45,9.65,9.41,9.63,0.1000000000000014,1.0493179433368471,14871520.0
2278,20250925,9.59,9.68,9.52,9.57,-0.0600000000000005,-0.6230529595015577,11524600.0
2278,20250926,9.53,9.58,9.41,9.41,-0.1600000000000001,-1.671891327063746,11151800.0
2278,20250929,9.4,9.48,9.18,9.4,-0.0099999999999997,-0.1062699256110466,14084582.0
2278,20250930,9.41,9.44,9.25,9.27,-0.1300000000000007,-1.38297872340426,12696955.0
2278,20251009,9.31,9.56,9.27,9.55,0.2800000000000011,3.020496224379743,16717251.0
2278,20251010,9.58,9.65,9.46,9.51,-0.0400000000000009,-0.4188481675392763,12464328.0
2278,20251013,9.01,9.41,9.0,9.38,-0.129999999999999,-1.3669821240799074,11215102.0
2278,20251014,9.38,9.65,9.38,9.56,0.1799999999999997,1.9189765458422103,19366192.0
2278,20251015,9.48,9.62,9.4,9.57,0.0099999999999997,0.1046025104602499,11750011.0
2278,20251016,9.57,9.79,9.36,9.65,0.08,0.8359456635318674,21259800.0
2278,20251017,9.5,9.56,9.21,9.26,-0.3900000000000005,-4.0414507772020825,15033011.0
2278,20251020,9.39,10.19,9.32,10.19,0.9299999999999996,10.043196544276457,36680339.0
2278,20251021,11.21,11.21,11.21,11.21,1.0200000000000014,10.009813542688928,21154903.0
2278,20251022,12.33,12.33,12.33,12.33,1.1199999999999992,9.99107939339874,9221125.0
2278,20251023,12.92,13.56,12.7,13.56,1.2300000000000004,9.97566909975669,125540120.0
2278,20251024,13.6,14.92,13.5,14.44,0.879999999999999,6.4896755162241915,178473329.0
2278,20251027,13.0,15.88,13.0,15.88,1.4400000000000013,9.972299168975084,190909902.0
2278,20251028,14.76,15.66,14.29,14.36,-1.5200000000000014,-9.571788413098249,153304505.0
2278,20251029,14.29,14.29,12.99,13.26,-1.0999999999999996,-7.660167130919215,125432351.0
2278,20251030,12.99,13.32,12.42,12.42,-0.8399999999999999,-6.334841628959276,94347177.0
2278,20251031,12.26,13.23,12.11,12.52,0.0999999999999996,0.8051529790660261,80333332.0
2278,20251103,12.3,12.82,12.16,12.81,0.2900000000000009,2.316293929712465,69260053.0
2278,20251104,12.62,12.81,12.3,12.44,-0.370000000000001,-2.888368462138957,50456664.0
2278,20251105,12.21,12.85,12.2,12.76,0.3200000000000003,2.5723472668810254,60636261.0
2278,20251106,12.61,12.7,12.32,12.5,-0.2599999999999998,-2.037617554858928,44341440.0
2278,20251107,12.4,12.56,12.16,12.28,-0.2200000000000006,-1.760000000000006,34366429.0
2278,20251110,12.27,12.33,11.93,12.12,-0.1600000000000001,-1.3029315960912058,36329016.0
2278,20251111,12.12,12.22,12.02,12.18,0.0600000000000005,0.4950495049504955,25232506.0
2278,20251112,12.21,13.15,11.93,12.95,0.7699999999999996,6.321839080459757,106505431.0
2278,20251113,12.46,12.91,12.1,12.68,-0.2699999999999996,-2.0849420849420763,76361169.0
2278,20251114,12.38,12.63,12.17,12.19,-0.4900000000000002,-3.8643533123028377,47847664.0
2278,20251117,12.0,12.09,11.73,11.81,-0.379999999999999,-3.1173092698933424,43253094.0
2278,20251118,11.85,11.9,11.5,11.63,-0.1799999999999997,-1.5241320914479273,31335970.0
2278,20251119,11.52,11.75,11.34,11.44,-0.1900000000000012,-1.6337059329320835,27715430.0
2278,20251120,11.4,11.47,11.16,11.28,-0.1600000000000001,-1.3986013986013957,25509686.0
2278,20251121,11.11,11.24,10.79,10.81,-0.4699999999999988,-4.166666666666652,26980514.0
2278,20251124,10.92,11.04,10.78,11.01,0.1999999999999993,1.8501387604070272,19231200.0
2278,20251125,11.1,11.38,11.03,11.27,0.2599999999999998,2.361489554950036,22463400.0
2278,20251126,11.21,11.39,11.15,11.2,-0.0700000000000002,-0.6211180124223614,16539700.0
2278,20251127,11.2,11.26,11.1,11.13,-0.0699999999999985,-0.6249999999999867,13053944.0
2278,20251128,11.1,11.84,11.1,11.39,0.2599999999999998,2.336028751123087,29208900.0
2278,20251201,11.46,11.68,11.46,11.53,0.1399999999999988,1.2291483757681965,23313602.0
2278,20251202,11.45,11.49,11.31,11.41,-0.1199999999999992,-1.0407632263659927,15675999.0
2278,20251203,11.49,12.4,11.4,11.9,0.4900000000000002,4.294478527607359,69763475.0
2278,20251204,11.69,11.84,11.46,11.52,-0.3800000000000008,-3.1932773109243806,37558896.0
2278,20251205,11.41,11.74,11.41,11.72,0.200000000000001,1.736111111111116,26612355.0
2278,20251208,11.95,12.1,11.27,12.0,0.2799999999999993,2.3890784982935065,40064651.0
2278,20251209,12.0,12.09,11.71,11.75,-0.25,-2.083333333333337,27793600.0
2278,20251210,11.67,11.99,11.51,11.61,-0.1400000000000005,-1.191489361702136,19070800.0
2278,20251211,11.6,11.79,11.45,11.5,-0.1099999999999994,-0.9474590869939624,18445800.0
2278,20251212,11.5,12.0,11.45,11.93,0.4299999999999997,3.7391304347826,39558200.0
2278,20251215,11.82,12.49,11.77,12.28,0.3499999999999996,2.933780385582563,64138215.0
2278,20251216,12.11,12.11,11.46,11.57,-0.7099999999999991,-5.781758957654715,41246399.0
2278,20251217,11.39,11.43,11.02,11.25,-0.3200000000000003,-2.765773552290407,32722102.0
2278,20251218,11.17,11.7,11.07,11.39,0.1400000000000005,1.244444444444448,25262300.0
2278,20251219,11.3,11.71,11.3,11.47,0.08,0.7023705004389758,19893235.0
2278,20251222,11.61,11.96,11.6,11.75,0.2799999999999993,2.441150828247607,25956300.0
2278,20251223,11.88,11.88,11.54,11.6,-0.1500000000000003,-1.276595744680853,22297800.0
2278,20251224,11.55,12.16,11.46,12.09,0.4900000000000002,4.224137931034488,50514582.0
2278,20251225,12.01,12.38,11.93,12.24,0.1500000000000003,1.2406947890818865,42214272.0
2278,20251226,12.34,12.99,12.15,12.53,0.2899999999999991,2.3692810457516256,88356338.0
2278,20251229,12.27,13.16,12.24,12.72,0.1900000000000012,1.516360734237843,72449400.0
2278,20251230,12.54,13.56,12.54,13.14,0.4199999999999999,3.301886792452824,84139601.0
2278,20251231,12.9,13.14,12.41,12.7,-0.4400000000000013,-3.3485540334855513,63911516.0
2278,20260105,12.87,13.0,12.5,12.6,-0.0999999999999996,-0.7874015748031482,47770129.0
2278,20260106,12.5,12.85,12.45,12.65,0.0500000000000007,0.3968253968253954,39989767.0
2278,20260107,12.56,12.56,12.23,12.34,-0.3100000000000005,-2.450592885375502,38963008.0
2278,20260108,12.3,12.82,12.25,12.74,0.4000000000000003,3.241491085899506,41047846.0
2278,20260109,12.99,14.01,12.8,14.01,1.2699999999999996,9.968602825745675,61026944.0
2278,20260112,15.01,15.05,14.33,14.44,0.4299999999999997,3.069236259814412,125764163.0
2278,20260113,14.73,15.88,14.05,15.25,0.8100000000000005,5.609418282548484,129985023.0
2278,20260114,14.51,15.88,14.32,15.0,-0.25,-1.6393442622950838,107676590.0
2278,20260115,14.4,14.56,13.5,13.5,-1.5,-9.999999999999998,62456514.0
2278,20260116,13.32,13.54,12.8,12.91,-0.5899999999999999,-4.3703703703703685,49963063.0
2278,20260119,12.79,13.02,12.66,12.92,0.0099999999999997,0.0774593338497275,27977101.0
2278,20260120,12.93,12.94,12.37,12.45,-0.4700000000000006,-3.637770897832826,30296239.0
2278,20260121,12.36,12.89,12.24,12.74,0.2900000000000009,2.329317269076303,29530200.0
2278,20260122,12.66,13.46,12.66,13.36,0.6199999999999992,4.866562009419151,46419045.0
2278,20260123,13.23,13.45,13.07,13.3,-0.0599999999999987,-0.4491017964071808,39299397.0
2278,20260126,13.51,13.83,13.35,13.59,0.2899999999999991,2.1804511278195493,49676275.0
2278,20260127,13.3,13.48,12.93,13.19,-0.4000000000000003,-2.94334069168507,32512600.0
2278,20260128,13.22,13.82,13.13,13.73,0.5400000000000009,4.094010614101595,47559235.0
2278,20260129,13.6,14.08,13.34,13.9,0.1699999999999999,1.2381646030589888,57414448.0
2278,20260130,13.85,13.85,13.0,13.0,-0.9000000000000004,-6.474820143884896,39265915.0
2278,20260202,12.5,12.99,12.43,12.64,-0.3599999999999994,-2.7692307692307683,19667800.0
2278,20260203,12.7,13.08,12.58,13.08,0.4399999999999995,3.4810126582278444,22715106.0
2278,20260204,13.29,14.39,13.19,14.39,1.3100000000000005,10.015290519877684,51102301.0
2278,20260205,14.25,14.5,13.98,14.06,-0.33,-2.2932592077831826,72458632.0
2278,20260206,13.99,14.25,13.77,14.03,-0.0300000000000011,-0.2133712660028486,45686604.0
2278,20260209,14.03,14.35,14.01,14.2,0.1699999999999999,1.2116892373485344,44254600.0
2278,20260210,14.17,14.25,13.95,13.99,-0.209999999999999,-1.4788732394366175,32020000.0
2278,20260211,13.89,14.1,13.82,13.83,-0.1600000000000001,-1.1436740528949274,21516700.0
2278,20260212,13.95,13.96,13.48,13.53,-0.3000000000000007,-2.1691973969631295,23667604.0
2278,20260213,13.5,13.68,13.35,13.35,-0.1799999999999997,-1.330376940133038,17692000.0
2278,20260224,13.69,14.49,13.69,14.29,0.9399999999999996,7.041198501872659,58004891.0
2278,20260225,14.3,14.47,14.17,14.25,-0.0399999999999991,-0.2799160251924393,46073277.0
2278,20260226,14.24,14.34,14.11,14.18,-0.0700000000000002,-0.4912280701754423,24539100.0
2278,20260227,14.22,14.45,14.15,14.39,0.2100000000000008,1.480959097320178,38953879.0
2278,20260302,14.63,15.41,14.37,15.24,0.8499999999999996,5.906879777623342,96954835.0
2278,20260303,15.08,16.5,14.5,15.22,-0.0199999999999995,-0.1312335958005173,103235904.0
2278,20260304,14.65,14.98,13.7,14.6,-0.620000000000001,-4.073587385019717,68271313.0
2278,20260305,14.89,14.94,14.06,14.11,-0.4900000000000002,-3.356164383561644,53167696.0
2278,20260306,13.92,13.99,13.6,13.84,-0.2699999999999996,-1.9135364989369184,35143452.0
2278,20260309,14.41,14.5,13.62,13.63,-0.209999999999999,-1.5173410404624166,49820990.0
2278,20260310,13.41,13.73,13.22,13.66,0.0299999999999993,0.2201027146001344,33105799.0
2278,20260311,13.5,13.5,13.11,13.2,-0.4600000000000008,-3.3674963396779,34267227.0
2278,20260312,13.34,13.37,12.8,12.8,-0.3999999999999986,-3.0303030303030165,27343709.0
2278,20260313,12.8,12.93,12.48,12.5,-0.3000000000000007,-2.34375,20639316.0
2278,20260316,13.29,13.75,13.1,13.75,1.25,10.000000000000009,38148899.0
2278,20260317,13.76,13.88,12.73,12.77,-0.9800000000000004,-7.127272727272727,55557222.0
2278,20260318,12.78,12.88,12.36,12.63,-0.1399999999999988,-1.09631949882536,29263526.0
2278,20260319,12.84,13.0,12.45,12.46,-0.1699999999999999,-1.3460015835312755,27256508.0
2278,20260320,12.28,12.35,11.66,11.68,-0.7800000000000011,-6.260032102728741,27908000.0
