ts_code,trade_date,open,high,low,close,change,pct_change,vol
002470,20260320,3.14,3.2,3.02,3.02,-0.33999999999999986,-10.119047619047617,569650618.0
002470,20260319,3.69,3.82,3.34,3.36,-0.22999999999999998,-6.406685236768805,691586313.0
002470,20260318,3.55,3.78,3.31,3.59,-0.010000000000000231,-0.2777777777777879,939418457.0
002470,20260317,3.15,3.6,3.15,3.6,0.33000000000000007,10.091743119266061,914997972.0
002470,20260316,3.45,3.54,3.12,3.27,0.04999999999999982,1.552795031055898,1000291650.0
002470,20260313,2.9,3.22,2.9,3.22,0.29000000000000004,9.897610921501698,357108518.0
002470,20260312,3.0,3.12,2.88,2.93,-0.07999999999999963,-2.6578073089700838,516030714.0
002470,20260311,2.97,3.05,2.88,3.01,0.05999999999999961,2.033898305084736,579215443.0
002470,20260310,2.79,3.01,2.79,2.95,-0.009999999999999787,-0.33783783783782884,592005306.0
002470,20260309,3.14,3.15,2.94,2.96,0.10000000000000009,3.4965034965035002,896632101.0
002470,20260306,2.6,2.86,2.59,2.86,0.2599999999999998,9.999999999999986,419167230.0
002470,20260305,2.76,2.79,2.55,2.6,-0.21999999999999975,-7.801418439716301,503418341.0
002470,20260304,2.65,2.94,2.58,2.82,0.029999999999999805,1.0752688172043001,553805981.0
002470,20260303,2.94,3.09,2.7,2.79,-0.1200000000000001,-4.123711340206193,791447217.0
002470,20260302,3.35,3.41,2.86,2.91,-0.18999999999999995,-6.129032258064515,1012222228.0
002470,20260227,2.96,3.1,2.9,3.1,0.28000000000000025,9.929078014184412,1085244346.0
002470,20260226,2.82,2.82,2.82,2.82,0.2599999999999998,10.15625,29377449.0
002470,20260225,2.45,2.56,2.44,2.56,0.22999999999999998,9.871244635193133,97878637.0
002470,20260224,2.21,2.33,2.19,2.33,0.20999999999999996,9.905660377358494,317695787.0
002470,20260213,2.21,2.22,2.11,2.12,-0.08000000000000007,-3.6363636363636376,184608600.0
002470,20260212,2.25,2.25,2.19,2.2,-0.06999999999999984,-3.083700440528625,259507072.0
002470,20260211,2.06,2.27,2.04,2.27,0.20999999999999996,10.194174757281548,247766513.0
002470,20260210,2.05,2.1,2.03,2.06,0.020000000000000018,0.9803921568627416,115629900.0
002470,20260209,2.05,2.07,2.02,2.04,0.010000000000000231,0.49261083743843415,104737400.0
002470,20260206,1.97,2.09,1.95,2.03,0.039999999999999813,2.010050251256268,143278800.0
002470,20260205,2.03,2.06,1.98,1.99,-0.039999999999999813,-1.970443349753681,113294300.0
002470,20260204,1.94,2.07,1.93,2.03,0.10999999999999988,5.729166666666652,179272200.0
002470,20260203,1.9,1.92,1.87,1.92,0.030000000000000027,1.5873015873015817,65999909.0
002470,20260202,1.96,1.97,1.88,1.89,-0.06000000000000005,-3.076923076923077,113870500.0
002470,20260130,1.96,2.0,1.9,1.95,-0.020000000000000018,-1.0152284263959421,132465400.0
002470,20260129,1.95,2.0,1.94,1.97,0.030000000000000027,1.546391752577314,139617400.0
002470,20260128,1.91,1.96,1.91,1.94,0.020000000000000018,1.041666666666674,109385170.0
002470,20260127,1.91,1.96,1.88,1.92,0.0,0.0,113022900.0
002470,20260126,1.94,1.96,1.89,1.92,-0.020000000000000018,-1.0309278350515427,118461098.0
002470,20260123,1.91,1.96,1.9,1.94,0.040000000000000036,2.1052631578947434,155178200.0
002470,20260122,1.81,1.94,1.8,1.9,0.09999999999999987,5.555555555555558,210535300.0
002470,20260121,1.81,1.81,1.77,1.8,-0.010000000000000009,-0.5524861878453025,62994600.0
002470,20260120,1.8,1.82,1.79,1.81,0.030000000000000027,1.6853932584269593,94431200.0
002470,20260119,1.73,1.79,1.73,1.78,0.040000000000000036,2.298850574712641,71496100.0
002470,20260116,1.79,1.8,1.74,1.74,-0.050000000000000044,-2.7932960893854775,96232400.0
002470,20260115,1.77,1.8,1.76,1.79,0.010000000000000009,0.561797752808979,80935904.0
002470,20260114,1.8,1.81,1.76,1.78,-0.020000000000000018,-1.1111111111111072,102881044.0
002470,20260113,1.82,1.83,1.79,1.8,-0.020000000000000018,-1.098901098901095,85444400.0
002470,20260112,1.78,1.82,1.78,1.82,0.030000000000000027,1.6759776536312776,85677344.0
002470,20260109,1.79,1.81,1.78,1.79,0.0,0.0,44112700.0
002470,20260108,1.77,1.8,1.76,1.79,0.010000000000000009,0.561797752808979,63933100.0
002470,20260107,1.81,1.81,1.77,1.78,-0.020000000000000018,-1.1111111111111072,69983900.0
002470,20260106,1.77,1.81,1.76,1.8,0.030000000000000027,1.6949152542372836,87056800.0
002470,20260105,1.78,1.79,1.76,1.77,-0.010000000000000009,-0.5617977528089901,67084033.0
002470,20251231,1.79,1.8,1.75,1.78,-0.010000000000000009,-0.5586592178770999,58169533.0
002470,20251230,1.77,1.81,1.75,1.79,0.010000000000000009,0.561797752808979,63516700.0
002470,20251229,1.79,1.8,1.77,1.78,-0.010000000000000009,-0.5586592178770999,45782800.0
002470,20251226,1.78,1.81,1.78,1.79,0.010000000000000009,0.561797752808979,46551500.0
002470,20251225,1.78,1.79,1.77,1.78,0.0,0.0,23141800.0
002470,20251224,1.78,1.79,1.76,1.78,0.0,0.0,29116900.0
002470,20251223,1.8,1.81,1.77,1.78,-0.030000000000000027,-1.6574585635359185,45526804.0
002470,20251222,1.8,1.82,1.79,1.81,0.020000000000000018,1.1173184357541999,44250200.0
002470,20251219,1.75,1.8,1.74,1.79,0.040000000000000036,2.285714285714291,59870404.0
002470,20251218,1.74,1.77,1.73,1.75,0.0,0.0,40897504.0
002470,20251217,1.73,1.76,1.71,1.75,0.020000000000000018,1.1560693641618602,58770306.0
002470,20251216,1.76,1.77,1.73,1.73,-0.040000000000000036,-2.259887005649719,52936600.0
002470,20251215,1.74,1.78,1.73,1.77,0.020000000000000018,1.1428571428571344,52514500.0
002470,20251212,1.78,1.79,1.75,1.75,-0.040000000000000036,-2.2346368715083775,69610600.0
002470,20251211,1.83,1.84,1.78,1.79,-0.040000000000000036,-2.1857923497267784,70445500.0
002470,20251210,1.83,1.84,1.81,1.83,0.010000000000000009,0.5494505494505475,47710400.0
002470,20251209,1.86,1.87,1.82,1.82,-0.050000000000000044,-2.67379679144385,64991700.0
002470,20251208,1.89,1.9,1.86,1.87,-0.019999999999999796,-1.058201058201047,48876300.0
002470,20251205,1.85,1.9,1.83,1.89,0.039999999999999813,2.1621621621621623,56414900.0
002470,20251204,1.89,1.9,1.83,1.85,-0.039999999999999813,-2.116402116402105,69314200.0
002470,20251203,1.91,1.93,1.88,1.89,-0.010000000000000009,-0.5263157894736858,57758600.0
002470,20251202,1.91,1.92,1.87,1.9,-0.020000000000000018,-1.041666666666663,58592200.0
002470,20251201,1.91,1.96,1.91,1.92,0.010000000000000009,0.5235602094240788,71093400.0
002470,20251128,1.86,1.91,1.84,1.91,0.05999999999999983,3.2432432432432323,88051400.0
002470,20251127,1.84,1.87,1.83,1.85,0.0,0.0,74980608.0
002470,20251126,1.82,1.88,1.82,1.85,0.030000000000000027,1.6483516483516425,96953700.0
002470,20251125,1.82,1.83,1.8,1.82,0.0,0.0,66204600.0
002470,20251124,1.85,1.86,1.79,1.82,-0.010000000000000009,-0.5464480874316946,91189100.0
002470,20251121,1.95,1.95,1.83,1.83,-0.1399999999999999,-7.106598984771573,121286900.0
002470,20251120,1.97,1.99,1.95,1.97,0.010000000000000009,0.5102040816326481,68315800.0
002470,20251119,1.99,2.01,1.93,1.96,-0.030000000000000027,-1.5075376884422176,93841700.0
002470,20251118,2.07,2.08,1.97,1.99,-0.07999999999999985,-3.864734299516903,116597800.0
002470,20251117,2.07,2.1,2.05,2.07,0.0,0.0,77092166.0
002470,20251114,2.06,2.1,2.05,2.07,-0.010000000000000231,-0.48076923076924016,88435800.0
002470,20251113,2.03,2.09,2.01,2.08,0.050000000000000266,2.4630541871921263,115864300.0
002470,20251112,2.05,2.06,2.01,2.03,-0.03000000000000025,-1.456310679611661,107884000.0
002470,20251111,2.03,2.08,2.02,2.06,0.020000000000000018,0.9803921568627416,147419800.0
002470,20251110,2.02,2.1,2.01,2.04,0.040000000000000036,2.0000000000000018,180176400.0
002470,20251107,1.95,2.06,1.95,2.0,0.050000000000000044,2.564102564102577,215404919.0
002470,20251106,1.89,1.99,1.87,1.95,0.07000000000000006,3.7234042553191626,196828500.0
002470,20251105,1.85,1.9,1.84,1.88,0.019999999999999796,1.0752688172043001,78950500.0
002470,20251104,1.86,1.88,1.84,1.86,0.0,0.0,79243100.0
002470,20251103,1.84,1.87,1.84,1.86,0.020000000000000018,1.0869565217391353,84789800.0
002470,20251031,1.8,1.88,1.8,1.84,0.050000000000000044,2.7932960893854775,126381000.0
002470,20251030,1.82,1.82,1.78,1.79,-0.030000000000000027,-1.6483516483516536,65153500.0
002470,20251029,1.78,1.84,1.76,1.82,0.030000000000000027,1.6759776536312776,85980000.0
002470,20251028,1.8,1.82,1.78,1.79,0.0,0.0,41555100.0
002470,20251027,1.82,1.83,1.79,1.79,-0.020000000000000018,-1.104972375690605,67621800.0
002470,20251024,1.86,1.9,1.8,1.81,-0.020000000000000018,-1.0928961748633892,114835600.0
002470,20251023,1.81,1.85,1.79,1.83,0.010000000000000009,0.5494505494505475,84273200.0
002470,20251022,1.82,1.84,1.8,1.82,0.010000000000000009,0.5524861878453136,74725400.0
002470,20251021,1.76,1.82,1.75,1.81,0.050000000000000044,2.840909090909083,111994800.0
002470,20251020,1.75,1.77,1.73,1.76,0.030000000000000027,1.7341040462427681,59938000.0
002470,20251017,1.75,1.77,1.72,1.73,-0.020000000000000018,-1.1428571428571455,65884500.0
002470,20251016,1.78,1.78,1.73,1.75,-0.030000000000000027,-1.6853932584269704,63133550.0
002470,20251015,1.8,1.83,1.77,1.78,-0.020000000000000018,-1.1111111111111072,71707952.0
002470,20251014,1.76,1.82,1.76,1.8,0.050000000000000044,2.857142857142869,125095376.0
002470,20251013,1.72,1.75,1.7,1.75,-0.010000000000000009,-0.5681818181818232,62610752.0
002470,20251010,1.75,1.79,1.74,1.76,0.010000000000000009,0.5714285714285783,86372029.0
002470,20251009,1.72,1.75,1.72,1.75,0.030000000000000027,1.744186046511631,68161304.0
002470,20250930,1.72,1.73,1.71,1.72,0.0,0.0,35075425.0
002470,20250929,1.73,1.73,1.7,1.72,0.0,0.0,62295804.0
002470,20250926,1.72,1.75,1.71,1.72,-0.010000000000000009,-0.5780346820809301,57188200.0
002470,20250925,1.74,1.75,1.72,1.73,-0.010000000000000009,-0.5747126436781658,54099300.0
002470,20250924,1.73,1.75,1.72,1.74,0.0,0.0,69360900.0
002470,20250923,1.79,1.8,1.72,1.74,-0.06000000000000005,-3.3333333333333326,100444900.0
002470,20250922,1.83,1.84,1.78,1.8,-0.040000000000000036,-2.1739130434782594,86281900.0
002470,20250919,1.93,1.93,1.81,1.84,-0.08999999999999986,-4.663212435233155,131729000.0
002470,20250918,1.89,1.99,1.89,1.93,0.030000000000000027,1.5789473684210575,171179911.0
002470,20250917,1.92,1.92,1.86,1.9,-0.020000000000000018,-1.041666666666663,113188212.0
002470,20250916,1.9,1.94,1.87,1.92,0.020000000000000018,1.0526315789473717,135859200.0
002470,20250915,1.86,1.92,1.85,1.9,0.06999999999999984,3.82513661202184,181448807.0
002470,20250912,1.79,1.86,1.78,1.83,0.040000000000000036,2.2346368715083775,202431608.0
002470,20250911,1.78,1.79,1.74,1.79,0.0,0.0,83557000.0
002470,20250910,1.78,1.8,1.76,1.79,0.010000000000000009,0.561797752808979,80347800.0
002470,20250909,1.76,1.8,1.75,1.78,0.010000000000000009,0.5649717514124353,99846440.0
002470,20250908,1.74,1.79,1.74,1.77,0.030000000000000027,1.724137931034475,110406708.0
002470,20250905,1.73,1.75,1.71,1.74,0.010000000000000009,0.5780346820809301,74475900.0
002470,20250904,1.74,1.77,1.72,1.73,-0.010000000000000009,-0.5747126436781658,95510000.0
002470,20250903,1.78,1.8,1.73,1.74,-0.030000000000000027,-1.6949152542372947,88073804.0
002470,20250902,1.73,1.8,1.71,1.77,0.040000000000000036,2.3121387283236983,145459562.0
002470,20250901,1.7,1.75,1.69,1.73,0.030000000000000027,1.764705882352935,70956900.0
002470,20250829,1.72,1.74,1.7,1.7,-0.030000000000000027,-1.7341040462427793,50834700.0
002470,20250828,1.73,1.75,1.68,1.73,0.010000000000000009,0.5813953488372103,97400200.0
002470,20250827,1.79,1.8,1.72,1.72,-0.07000000000000006,-3.9106145251396662,98322800.0
002470,20250826,1.76,1.79,1.74,1.79,0.020000000000000018,1.1299435028248705,88148200.0
002470,20250825,1.76,1.79,1.74,1.77,0.020000000000000018,1.1428571428571344,98612028.0
002470,20250822,1.76,1.77,1.73,1.75,-0.010000000000000009,-0.5681818181818232,69534253.0
002470,20250821,1.74,1.77,1.73,1.76,0.020000000000000018,1.1494252873563315,92719400.0
002470,20250820,1.72,1.74,1.72,1.74,0.010000000000000009,0.5780346820809301,48615300.0
002470,20250819,1.73,1.75,1.71,1.73,0.010000000000000009,0.5813953488372103,69325100.0
002470,20250818,1.7,1.73,1.69,1.72,0.030000000000000027,1.775147928994092,67693000.0
002470,20250815,1.69,1.71,1.68,1.69,0.0,0.0,42783283.0
002470,20250814,1.73,1.74,1.69,1.69,-0.040000000000000036,-2.3121387283236983,76593300.0
002470,20250813,1.74,1.74,1.72,1.73,-0.010000000000000009,-0.5747126436781658,48776000.0
002470,20250812,1.74,1.75,1.73,1.74,0.0,0.0,30023600.0
002470,20250811,1.73,1.75,1.72,1.74,0.010000000000000009,0.5780346820809301,48037400.0
002470,20250808,1.73,1.74,1.72,1.73,0.0,0.0,37859000.0
002470,20250807,1.73,1.74,1.72,1.73,0.0,0.0,35548800.0
002470,20250806,1.75,1.76,1.72,1.73,-0.020000000000000018,-1.1428571428571455,43538200.0
002470,20250805,1.72,1.75,1.72,1.75,0.030000000000000027,1.744186046511631,53776900.0
002470,20250804,1.71,1.73,1.69,1.72,0.0,0.0,44929092.0
002470,20250801,1.71,1.73,1.71,1.72,0.010000000000000009,0.5847953216374213,42499804.0
002470,20250731,1.75,1.76,1.71,1.71,-0.040000000000000036,-2.285714285714291,52432100.0
002470,20250730,1.76,1.78,1.75,1.75,-0.010000000000000009,-0.5681818181818232,53327400.0
002470,20250729,1.77,1.79,1.74,1.76,-0.010000000000000009,-0.5649717514124353,55882400.0
002470,20250728,1.79,1.8,1.76,1.77,-0.020000000000000018,-1.1173184357541888,53525628.0
002470,20250725,1.81,1.82,1.78,1.79,-0.020000000000000018,-1.104972375690605,58158100.0
002470,20250724,1.77,1.81,1.76,1.81,0.040000000000000036,2.259887005649719,78757800.0
002470,20250723,1.79,1.81,1.76,1.77,0.0,0.0,82455400.0
002470,20250722,1.76,1.78,1.73,1.77,0.010000000000000009,0.5681818181818121,64743403.0
002470,20250721,1.72,1.77,1.71,1.76,0.040000000000000036,2.3255813953488413,91436500.0
002470,20250718,1.72,1.74,1.71,1.72,0.0,0.0,56661200.0
002470,20250717,1.72,1.73,1.71,1.72,0.0,0.0,45200000.0
002470,20250716,1.73,1.74,1.71,1.72,-0.010000000000000009,-0.5780346820809301,57717700.0
002470,20250715,1.79,1.8,1.71,1.73,-0.10000000000000009,-5.464480874316946,110949130.0
002470,20250714,1.85,1.86,1.82,1.83,-0.010000000000000009,-0.5434782608695676,53099600.0
002470,20250711,1.86,1.91,1.84,1.84,0.0,0.0,84846600.0
002470,20250710,1.82,1.85,1.82,1.84,0.020000000000000018,1.098901098901095,83638100.0
002470,20250709,1.79,1.87,1.77,1.82,0.030000000000000027,1.6759776536312776,106909400.0
002470,20250708,1.77,1.79,1.76,1.79,0.020000000000000018,1.1299435028248705,40132900.0
002470,20250707,1.75,1.78,1.74,1.77,0.020000000000000018,1.1428571428571344,39695900.0
002470,20250704,1.77,1.79,1.75,1.75,-0.020000000000000018,-1.1299435028248594,51715700.0
002470,20250703,1.75,1.79,1.75,1.77,0.020000000000000018,1.1428571428571344,60904100.0
002470,20250702,1.72,1.76,1.72,1.75,0.020000000000000018,1.1560693641618602,65144230.0
002470,20250701,1.73,1.74,1.71,1.73,0.0,0.0,26947404.0
002470,20250630,1.74,1.74,1.72,1.73,-0.010000000000000009,-0.5747126436781658,30114900.0
002470,20250627,1.72,1.76,1.72,1.74,0.020000000000000018,1.1627906976744207,33747600.0
002470,20250626,1.73,1.76,1.72,1.72,-0.010000000000000009,-0.5780346820809301,55803166.0
002470,20250625,1.73,1.74,1.72,1.73,0.0,0.0,32968791.0
002470,20250624,1.71,1.73,1.69,1.73,0.030000000000000027,1.764705882352935,36160400.0
002470,20250623,1.68,1.71,1.66,1.7,0.020000000000000018,1.1904761904761862,35334400.0
002470,20250620,1.7,1.72,1.68,1.68,-0.020000000000000018,-1.17647058823529,38974800.0
002470,20250619,1.74,1.75,1.7,1.7,-0.040000000000000036,-2.298850574712641,55270200.0
002470,20250618,1.77,1.79,1.74,1.74,-0.030000000000000027,-1.6949152542372947,52330500.0
002470,20250617,1.75,1.79,1.74,1.77,0.020000000000000018,1.1428571428571344,58146600.0
002470,20250616,1.72,1.77,1.72,1.75,0.020000000000000018,1.1560693641618602,50534191.0
002470,20250613,1.76,1.77,1.72,1.73,-0.040000000000000036,-2.259887005649719,57989725.0
002470,20250612,1.75,1.78,1.73,1.77,0.010000000000000009,0.5681818181818121,74378400.0
002470,20250611,1.72,1.8,1.71,1.76,0.040000000000000036,2.3255813953488413,98445575.0
002470,20250610,1.71,1.76,1.69,1.72,0.010000000000000009,0.5847953216374213,102736600.0
002470,20250609,1.7,1.71,1.69,1.71,0.010000000000000009,0.588235294117645,27023100.0
002470,20250606,1.69,1.72,1.68,1.7,0.010000000000000009,0.591715976331364,40983200.0
002470,20250605,1.69,1.7,1.68,1.69,0.0,0.0,21412400.0
002470,20250604,1.68,1.7,1.67,1.69,0.010000000000000009,0.5952380952380931,35409400.0
002470,20250603,1.68,1.69,1.66,1.68,0.0,0.0,22824500.0
002470,20250530,1.7,1.7,1.67,1.68,-0.020000000000000018,-1.17647058823529,30204300.0
002470,20250529,1.68,1.72,1.67,1.7,0.010000000000000009,0.591715976331364,44872600.0
002470,20250528,1.71,1.72,1.67,1.69,-0.020000000000000018,-1.1695906432748537,32540800.0
002470,20250527,1.67,1.72,1.66,1.71,0.040000000000000036,2.39520958083832,45583500.0
002470,20250526,1.67,1.68,1.66,1.67,0.0,0.0,26326500.0
002470,20250523,1.7,1.71,1.67,1.67,-0.030000000000000027,-1.764705882352946,45777800.0
002470,20250522,1.71,1.73,1.69,1.7,-0.020000000000000018,-1.1627906976744207,52024500.0
002470,20250521,1.73,1.74,1.71,1.72,-0.020000000000000018,-1.1494252873563204,31771600.0
002470,20250520,1.75,1.76,1.72,1.74,0.0,0.0,31943204.0
002470,20250519,1.69,1.75,1.69,1.74,0.050000000000000044,2.9585798816567976,70662000.0
002470,20250516,1.69,1.7,1.68,1.69,0.0,0.0,28139004.0
002470,20250515,1.71,1.74,1.69,1.69,-0.030000000000000027,-1.744186046511631,52472204.0
002470,20250514,1.7,1.72,1.69,1.72,0.020000000000000018,1.17647058823529,45665304.0
002470,20250513,1.71,1.72,1.69,1.7,0.0,0.0,34038881.0
002470,20250512,1.71,1.71,1.68,1.7,0.0,0.0,31480100.0
002470,20250509,1.73,1.73,1.69,1.7,-0.020000000000000018,-1.1627906976744207,40410300.0
002470,20250508,1.72,1.74,1.71,1.72,-0.010000000000000009,-0.5780346820809301,42111300.0
002470,20250507,1.72,1.76,1.71,1.73,0.020000000000000018,1.1695906432748648,63552500.0
002470,20250506,1.66,1.71,1.66,1.71,0.06000000000000005,3.6363636363636376,60047830.0
002470,20250430,1.66,1.68,1.65,1.65,-0.020000000000000018,-1.19760479041916,22743200.0
002470,20250429,1.67,1.68,1.66,1.67,-0.010000000000000009,-0.5952380952380931,28624000.0
002470,20250428,1.71,1.72,1.67,1.68,-0.030000000000000027,-1.7543859649122862,40334300.0
002470,20250425,1.67,1.73,1.67,1.71,0.040000000000000036,2.39520958083832,58238289.0
002470,20250424,1.67,1.69,1.66,1.67,-0.010000000000000009,-0.5952380952380931,25830950.0
002470,20250423,1.71,1.71,1.67,1.68,-0.020000000000000018,-1.17647058823529,38749900.0
002470,20250422,1.68,1.72,1.67,1.7,0.020000000000000018,1.1904761904761862,39310248.0
002470,20250421,1.67,1.69,1.66,1.68,0.010000000000000009,0.5988023952095745,35061400.0
002470,20250418,1.68,1.68,1.65,1.67,-0.010000000000000009,-0.5952380952380931,31926900.0
002470,20250417,1.65,1.69,1.64,1.68,0.020000000000000018,1.2048192771084265,33276700.0
002470,20250416,1.68,1.69,1.63,1.66,-0.030000000000000027,-1.7751479289940808,39591600.0
002470,20250415,1.71,1.71,1.68,1.69,-0.020000000000000018,-1.1695906432748537,35175200.0
002470,20250414,1.7,1.72,1.69,1.71,0.020000000000000018,1.183431952662728,51550389.0
002470,20250411,1.67,1.71,1.67,1.69,0.0,0.0,46257100.0
002470,20250410,1.69,1.72,1.68,1.69,0.010000000000000009,0.5952380952380931,76667000.0
002470,20250409,1.65,1.69,1.56,1.68,0.020000000000000018,1.2048192771084265,92042323.0
002470,20250408,1.58,1.66,1.58,1.66,0.05999999999999983,3.7499999999999867,93556010.0
002470,20250407,1.72,1.72,1.6,1.6,-0.17999999999999994,-10.11235955056179,76197189.0
002470,20250403,1.76,1.79,1.75,1.78,0.0,0.0,34894150.0
002470,20250402,1.77,1.78,1.76,1.78,0.010000000000000009,0.5649717514124353,23548955.0
002470,20250401,1.78,1.8,1.77,1.77,-0.010000000000000009,-0.5617977528089901,24859479.0
002470,20250331,1.8,1.81,1.75,1.78,-0.030000000000000027,-1.6574585635359185,48955700.0
002470,20250328,1.87,1.88,1.81,1.81,-0.06999999999999984,-3.7234042553191404,71891055.0
002470,20250327,1.84,1.91,1.83,1.88,0.029999999999999805,1.621621621621605,85525041.0
002470,20250326,1.84,1.86,1.83,1.85,0.0,0.0,38327400.0
002470,20250325,1.8,1.86,1.8,1.85,0.040000000000000036,2.20994475138121,64669396.0
002470,20250324,1.84,1.85,1.78,1.81,-0.040000000000000036,-2.1621621621621623,66105000.0
002470,20250321,1.87,1.89,1.84,1.85,-0.029999999999999805,-1.5957446808510523,65298326.0
002470,20250320,1.87,1.89,1.86,1.88,0.009999999999999787,0.53475935828875,37929362.0
002470,20250319,1.88,1.89,1.86,1.87,-0.019999999999999796,-1.058201058201047,39202762.0
002470,20250318,1.91,1.92,1.88,1.89,-0.020000000000000018,-1.0471204188481686,41849709.0
002470,20250317,1.89,1.94,1.89,1.91,0.010000000000000009,0.5263157894736858,65576230.0
002470,20250314,1.86,1.9,1.85,1.9,0.029999999999999805,1.6042780748662944,54686978.0
002470,20250313,1.88,1.89,1.84,1.87,-0.019999999999999796,-1.058201058201047,54961129.0
002470,20250312,1.9,1.92,1.88,1.89,-0.010000000000000009,-0.5263157894736858,46974800.0
002470,20250311,1.86,1.9,1.84,1.9,0.029999999999999805,1.6042780748662944,65315000.0
002470,20250310,1.88,1.9,1.87,1.87,-0.009999999999999787,-0.5319148936170137,36144700.0
002470,20250307,1.89,1.91,1.87,1.88,-0.020000000000000018,-1.0526315789473717,64357300.0
002470,20250306,1.89,1.91,1.88,1.9,0.0,0.0,54654690.0
002470,20250305,1.93,1.94,1.87,1.9,-0.030000000000000027,-1.5544041450777257,66367500.0
002470,20250304,1.92,1.94,1.9,1.93,0.0,0.0,45092900.0
002470,20250303,1.93,1.96,1.91,1.93,0.0,0.0,65809608.0
002470,20250228,1.98,1.98,1.93,1.93,-0.06000000000000005,-3.015075376884424,74951800.0
002470,20250227,2.01,2.04,1.96,1.99,-0.019999999999999796,-0.995024875621886,92838400.0
002470,20250226,2.01,2.06,2.0,2.01,0.009999999999999787,0.49999999999998934,111378242.0
002470,20250225,2.03,2.08,1.99,2.0,-0.06000000000000005,-2.9126213592232997,134502600.0
002470,20250224,2.0,2.13,1.99,2.06,0.1100000000000001,5.641025641025643,222999989.0
002470,20250221,1.96,1.97,1.91,1.95,-0.020000000000000018,-1.0152284263959421,72172535.0
002470,20250220,1.93,1.97,1.91,1.97,0.040000000000000036,2.0725388601036343,73776859.0
002470,20250219,1.92,1.94,1.9,1.93,0.020000000000000018,1.0471204188481575,59438900.0
002470,20250218,1.99,2.0,1.91,1.91,-0.08000000000000007,-4.02010050251257,81933309.0
002470,20250217,1.94,2.01,1.92,1.99,0.06000000000000005,3.1088082901554515,92134600.0
002470,20250214,1.99,1.99,1.93,1.93,-0.06000000000000005,-3.015075376884424,94520500.0
002470,20250213,1.99,2.02,1.99,1.99,-0.010000000000000009,-0.5000000000000004,82109404.0
002470,20250212,2.0,2.04,1.97,2.0,-0.009999999999999787,-0.4975124378109319,80875100.0
002470,20250211,2.0,2.03,1.95,2.01,0.019999999999999796,1.0050251256281229,97336509.0
002470,20250210,1.94,2.02,1.93,1.99,0.050000000000000044,2.577319587628879,79783962.0
002470,20250207,1.89,1.96,1.89,1.94,0.040000000000000036,2.1052631578947434,122098626.0
002470,20250206,1.88,1.9,1.84,1.9,0.010000000000000009,0.5291005291005346,81442138.0
002470,20250205,1.88,1.91,1.85,1.89,0.0,0.0,64598304.0
002470,20250127,1.91,1.95,1.87,1.89,0.0,0.0,84136109.0
002470,20250124,1.85,1.92,1.82,1.89,0.039999999999999813,2.1621621621621623,109276720.0
002470,20250123,1.82,1.96,1.82,1.85,0.06000000000000005,3.3519553072625774,150008038.0
002470,20250122,1.81,1.82,1.78,1.79,-0.030000000000000027,-1.6483516483516536,45173690.0
002470,20250121,1.87,1.87,1.81,1.82,-0.040000000000000036,-2.1505376344086002,57283900.0
002470,20250120,1.87,1.89,1.83,1.86,-0.010000000000000009,-0.5347593582887722,60791300.0
002470,20250117,1.85,1.89,1.82,1.87,0.020000000000000018,1.0810810810810922,58002400.0
002470,20250116,1.84,1.89,1.83,1.85,0.020000000000000018,1.0928961748633892,66745500.0
002470,20250115,1.86,1.87,1.81,1.83,-0.020000000000000018,-1.0810810810810811,57915347.0
002470,20250114,1.77,1.86,1.76,1.85,0.09000000000000008,5.113636363636376,81126214.0
002470,20250113,1.75,1.78,1.72,1.76,-0.030000000000000027,-1.6759776536312887,59476500.0
002470,20250110,1.88,1.89,1.79,1.79,-0.08999999999999986,-4.7872340425531785,67656600.0
002470,20250109,1.87,1.92,1.87,1.88,-0.010000000000000009,-0.5291005291005346,55463200.0
002470,20250108,1.86,1.9,1.82,1.89,0.010000000000000009,0.5319148936170137,88538600.0
002470,20250107,1.83,1.88,1.82,1.88,0.039999999999999813,2.1739130434782483,67568000.0
002470,20250106,1.84,1.88,1.78,1.84,-0.010000000000000009,-0.5405405405405461,71189947.0
002470,20250103,1.96,1.97,1.84,1.85,-0.10999999999999988,-5.612244897959173,110036700.0
002470,20250102,1.97,2.04,1.93,1.96,0.0,0.0,97148940.0
002470,20241231,2.01,2.02,1.94,1.96,-0.040000000000000036,-2.0000000000000018,82014882.0
002470,20241230,2.04,2.04,1.97,2.0,-0.029999999999999805,-1.477832512315258,77764500.0
002470,20241227,1.95,2.14,1.94,2.03,0.06999999999999984,3.5714285714285587,132249100.0
002470,20241226,1.93,1.98,1.93,1.96,0.020000000000000018,1.0309278350515427,61273400.0
002470,20241225,2.01,2.02,1.91,1.94,-0.06999999999999984,-3.482587064676612,87396100.0
002470,20241224,2.01,2.04,1.97,2.01,-0.010000000000000231,-0.4950495049505066,94753500.0
002470,20241223,2.16,2.16,2.01,2.02,-0.14000000000000012,-6.481481481481488,136671700.0
002470,20241220,2.16,2.19,2.14,2.16,0.0,0.0,81023796.0
002470,20241219,2.18,2.21,2.12,2.16,-0.029999999999999805,-1.3698630136986245,102671400.0
002470,20241218,2.21,2.24,2.17,2.19,-0.03000000000000025,-1.3513513513513598,128635432.0
002470,20241217,2.37,2.38,2.21,2.22,-0.16999999999999993,-7.1129707112970735,205728532.0
002470,20241216,2.36,2.45,2.31,2.39,0.040000000000000036,1.7021276595744705,207479432.0
002470,20241213,2.4,2.48,2.34,2.35,-0.04999999999999982,-2.083333333333326,247648832.0
002470,20241212,2.42,2.48,2.36,2.4,-0.050000000000000266,-2.0408163265306256,309687504.0
002470,20241211,2.2,2.45,2.2,2.45,0.2200000000000002,9.865470852017943,284375708.0
002470,20241210,2.33,2.37,2.21,2.23,-0.06000000000000005,-2.6200873362445476,281686909.0
002470,20241209,2.4,2.46,2.26,2.29,0.0,0.0,445665226.0
002470,20241206,2.09,2.29,2.08,2.29,0.20999999999999996,10.096153846153854,209715471.0
002470,20241205,1.97,2.1,1.96,2.08,0.09000000000000008,4.522613065326642,153385665.0
002470,20241204,2.04,2.15,1.98,1.99,-0.030000000000000027,-1.4851485148514865,164818800.0
002470,20241203,2.01,2.04,1.97,2.02,0.020000000000000018,1.0000000000000009,105450799.0
002470,20241202,1.9,2.02,1.89,2.0,0.10000000000000009,5.263157894736836,141018890.0
002470,20241129,1.88,1.9,1.83,1.9,0.020000000000000018,1.0638297872340496,90188490.0
002470,20241128,1.83,1.92,1.82,1.88,0.04999999999999982,2.7322404371584508,109640440.0
002470,20241127,1.82,1.84,1.76,1.83,0.0,0.0,69144444.0
002470,20241126,1.82,1.85,1.81,1.83,0.0,0.0,61886640.0
002470,20241125,1.8,1.84,1.76,1.83,0.030000000000000027,1.6666666666666607,78356300.0
002470,20241122,1.86,1.89,1.8,1.8,-0.07000000000000006,-3.7433155080213942,83986600.0
002470,20241121,1.91,1.93,1.85,1.87,-0.029999999999999805,-1.5789473684210464,89090300.0
002470,20241120,1.81,1.91,1.81,1.9,0.06999999999999984,3.82513661202184,114136604.0
002470,20241119,1.82,1.83,1.76,1.83,0.020000000000000018,1.104972375690605,92363900.0
002470,20241118,1.81,1.87,1.8,1.81,0.0,0.0,97570500.0
002470,20241115,1.86,1.9,1.81,1.81,-0.06999999999999984,-3.7234042553191404,81299200.0
002470,20241114,1.95,1.95,1.87,1.88,-0.08000000000000007,-4.081632653061229,97456403.0
002470,20241113,1.98,2.0,1.92,1.96,-0.030000000000000027,-1.5075376884422176,104414612.0
002470,20241112,2.07,2.08,1.96,1.99,-0.07999999999999985,-3.864734299516903,155556720.0
002470,20241111,2.02,2.13,2.02,2.07,0.029999999999999805,1.4705882352941124,152820524.0
002470,20241108,2.12,2.14,2.03,2.04,-0.04999999999999982,-2.392344497607646,197932938.0
002470,20241107,2.01,2.17,1.94,2.09,0.06000000000000005,2.9556650246305383,295262550.0
002470,20241106,1.89,2.08,1.89,2.03,0.1399999999999999,7.407407407407396,313915032.0
002470,20241105,1.78,1.92,1.77,1.89,0.09999999999999987,5.586592178770933,157245088.0
002470,20241104,1.77,1.8,1.74,1.79,0.020000000000000018,1.1299435028248705,93683600.0
002470,20241101,1.79,1.93,1.75,1.77,-0.020000000000000018,-1.1173184357541888,196499968.0
002470,20241031,1.72,1.81,1.71,1.79,0.06000000000000005,3.4682080924855585,132845443.0
002470,20241030,1.65,1.73,1.64,1.73,0.07000000000000006,4.216867469879526,107665254.0
002470,20241029,1.75,1.77,1.65,1.66,-0.08000000000000007,-4.597701149425292,119071620.0
002470,20241028,1.64,1.75,1.64,1.74,0.10000000000000009,6.0975609756097615,126744845.0
002470,20241025,1.62,1.66,1.61,1.64,0.019999999999999796,1.2345679012345512,86070900.0
002470,20241024,1.6,1.63,1.56,1.62,0.010000000000000009,0.6211180124223503,91590143.0
002470,20241023,1.52,1.62,1.52,1.61,0.08000000000000007,5.228758169934644,107240060.0
002470,20241022,1.5,1.53,1.49,1.53,0.030000000000000027,2.0000000000000018,57567460.0
002470,20241021,1.5,1.53,1.49,1.5,-0.010000000000000009,-0.6622516556291425,57915040.0
002470,20241018,1.47,1.53,1.47,1.51,0.030000000000000027,2.0270270270270396,57705308.0
002470,20241017,1.54,1.55,1.48,1.48,-0.050000000000000044,-3.26797385620915,44862100.0
002470,20241016,1.51,1.55,1.49,1.53,0.010000000000000009,0.6578947368421018,45323900.0
002470,20241015,1.56,1.57,1.52,1.52,-0.040000000000000036,-2.564102564102566,44467146.0
002470,20241014,1.56,1.59,1.54,1.56,0.020000000000000018,1.2987012987013102,54534773.0
002470,20241011,1.56,1.58,1.53,1.54,-0.030000000000000027,-1.9108280254777066,61830804.0
002470,20241010,1.57,1.61,1.54,1.57,0.020000000000000018,1.2903225806451646,73446563.0
002470,20241009,1.71,1.71,1.55,1.55,-0.16999999999999993,-9.883720930232553,111216465.0
002470,20241008,1.83,1.83,1.66,1.72,0.06000000000000005,3.6144578313253017,169914100.0
002470,20240930,1.59,1.67,1.54,1.66,0.1399999999999999,9.210526315789469,140442345.0
002470,20240927,1.49,1.54,1.47,1.52,0.06000000000000005,4.109589041095885,85844292.0
002470,20240926,1.4,1.47,1.4,1.46,0.050000000000000044,3.546099290780136,60098800.0
002470,20240925,1.39,1.45,1.38,1.41,0.030000000000000027,2.1739130434782705,50983388.0
002470,20240924,1.33,1.38,1.33,1.38,0.04999999999999982,3.7593984962405846,36259588.0
002470,20240923,1.33,1.34,1.32,1.33,0.0,0.0,15989900.0
002470,20240920,1.34,1.35,1.32,1.33,-0.010000000000000009,-0.7462686567164201,12551200.0
002470,20240919,1.32,1.35,1.31,1.34,0.030000000000000027,2.2900763358778553,20194204.0
002470,20240918,1.32,1.33,1.29,1.31,-0.010000000000000009,-0.7575757575757569,19986300.0
002470,20240913,1.32,1.33,1.31,1.32,0.0,0.0,16386800.0
002470,20240912,1.31,1.34,1.31,1.32,0.0,0.0,10739100.0
002470,20240911,1.33,1.34,1.31,1.32,-0.020000000000000018,-1.4925373134328401,23303446.0
002470,20240910,1.38,1.39,1.31,1.34,-0.039999999999999813,-2.898550724637672,42670002.0
002470,20240909,1.38,1.4,1.37,1.38,-0.010000000000000009,-0.7194244604316502,11065363.0
002470,20240906,1.4,1.41,1.37,1.39,-0.010000000000000009,-0.7142857142857117,11431363.0
002470,20240905,1.39,1.41,1.38,1.4,0.010000000000000009,0.7194244604316502,9523400.0
002470,20240904,1.41,1.42,1.39,1.39,-0.030000000000000027,-2.1126760563380254,14113600.0
002470,20240903,1.42,1.43,1.41,1.42,0.0,0.0,10963900.0
002470,20240902,1.42,1.44,1.41,1.42,-0.010000000000000009,-0.6993006993006978,16204700.0
002470,20240830,1.41,1.44,1.41,1.43,0.020000000000000018,1.4184397163120588,20368100.0
002470,20240829,1.41,1.42,1.4,1.41,0.0,0.0,13806300.0
002470,20240828,1.4,1.44,1.39,1.41,0.010000000000000009,0.7142857142857117,20643000.0
002470,20240827,1.41,1.42,1.39,1.4,-0.010000000000000009,-0.7092198581560294,14699500.0
002470,20240826,1.37,1.41,1.37,1.41,0.039999999999999813,2.9197080291970767,13786409.0
002470,20240823,1.38,1.38,1.36,1.37,-0.009999999999999787,-0.7246376811594013,11010200.0
002470,20240822,1.4,1.41,1.37,1.38,-0.020000000000000018,-1.4285714285714346,10194800.0
002470,20240821,1.39,1.4,1.38,1.4,0.010000000000000009,0.7194244604316502,6761700.0
002470,20240820,1.4,1.42,1.38,1.39,-0.020000000000000018,-1.4184397163120588,12871400.0
002470,20240819,1.41,1.42,1.4,1.41,0.0,0.0,11076700.0
002470,20240816,1.43,1.43,1.4,1.41,-0.010000000000000009,-0.7042253521126751,14259600.0
002470,20240815,1.41,1.44,1.4,1.42,0.010000000000000009,0.7092198581560183,16557478.0
002470,20240814,1.42,1.44,1.41,1.41,-0.020000000000000018,-1.3986013986013957,10129500.0
002470,20240813,1.41,1.43,1.4,1.43,0.010000000000000009,0.7042253521126751,12450377.0
002470,20240812,1.45,1.45,1.42,1.42,-0.020000000000000018,-1.388888888888895,16665800.0
002470,20240809,1.43,1.46,1.42,1.44,0.010000000000000009,0.6993006993007089,27562700.0
002470,20240808,1.41,1.43,1.4,1.43,0.020000000000000018,1.4184397163120588,16494900.0
002470,20240807,1.41,1.42,1.4,1.41,0.0,0.0,12816463.0
002470,20240806,1.42,1.43,1.4,1.41,0.0,0.0,13540500.0
002470,20240805,1.41,1.46,1.4,1.41,-0.010000000000000009,-0.7042253521126751,27749900.0
002470,20240802,1.41,1.43,1.4,1.42,0.0,0.0,18934500.0
002470,20240801,1.4,1.43,1.4,1.42,0.010000000000000009,0.7092198581560183,25487700.0
002470,20240731,1.38,1.41,1.37,1.41,0.030000000000000027,2.1739130434782705,19431500.0
002470,20240730,1.36,1.38,1.35,1.38,0.009999999999999787,0.7299270072992581,17246100.0
002470,20240729,1.36,1.38,1.35,1.37,-0.009999999999999787,-0.7246376811594013,10153100.0
002470,20240726,1.36,1.38,1.35,1.38,0.019999999999999796,1.4705882352941124,10115100.0
002470,20240725,1.34,1.38,1.34,1.36,0.010000000000000009,0.7407407407407307,11495800.0
002470,20240724,1.37,1.38,1.33,1.35,-0.020000000000000018,-1.4598540145985384,19354407.0
002470,20240723,1.39,1.41,1.37,1.37,-0.019999999999999796,-1.4388489208632893,15858793.0
002470,20240722,1.39,1.41,1.38,1.39,-0.010000000000000009,-0.7142857142857117,12403300.0
002470,20240719,1.39,1.41,1.37,1.4,0.010000000000000009,0.7194244604316502,15949800.0
002470,20240718,1.39,1.4,1.37,1.39,-0.010000000000000009,-0.7142857142857117,14739238.0
002470,20240717,1.41,1.42,1.38,1.4,-0.020000000000000018,-1.4084507042253502,17014300.0
002470,20240716,1.43,1.44,1.41,1.42,-0.010000000000000009,-0.6993006993006978,16170200.0
002470,20240715,1.43,1.44,1.42,1.43,0.0,0.0,17437100.0
002470,20240712,1.41,1.46,1.41,1.43,0.020000000000000018,1.4184397163120588,25885949.0
002470,20240711,1.41,1.42,1.4,1.41,0.020000000000000018,1.4388489208633004,20668288.0
002470,20240710,1.4,1.42,1.38,1.39,-0.020000000000000018,-1.4184397163120588,31283900.0
002470,20240709,1.47,1.49,1.39,1.41,0.05999999999999983,4.444444444444429,55704802.0
002470,20240708,1.37,1.38,1.35,1.35,-0.020000000000000018,-1.4598540145985384,11867300.0
002470,20240705,1.35,1.38,1.33,1.37,0.010000000000000009,0.7352941176470562,15387395.0
002470,20240704,1.42,1.43,1.35,1.36,-0.05999999999999983,-4.22535211267604,25684000.0
002470,20240703,1.39,1.45,1.38,1.42,0.030000000000000027,2.158273381294973,24619599.0
002470,20240702,1.37,1.4,1.36,1.39,0.019999999999999796,1.4598540145985162,13842420.0
002470,20240701,1.34,1.39,1.33,1.37,0.030000000000000027,2.238805970149249,21842000.0
002470,20240628,1.33,1.36,1.33,1.34,0.0,0.0,14607800.0
002470,20240627,1.34,1.37,1.31,1.34,-0.010000000000000009,-0.7407407407407418,18898600.0
002470,20240626,1.34,1.36,1.29,1.35,0.0,0.0,33781900.0
002470,20240625,1.34,1.36,1.33,1.35,0.020000000000000018,1.5037593984962516,13503988.0
002470,20240624,1.37,1.38,1.31,1.33,-0.030000000000000027,-2.2058823529411797,23391598.0
002470,20240621,1.37,1.39,1.36,1.36,-0.010000000000000009,-0.7299270072992692,13634300.0
002470,20240620,1.4,1.41,1.37,1.37,-0.029999999999999805,-2.142857142857124,14230400.0
002470,20240619,1.41,1.42,1.4,1.4,-0.010000000000000009,-0.7092198581560294,8234900.0
002470,20240618,1.4,1.42,1.39,1.41,0.010000000000000009,0.7142857142857117,12161704.0
002470,20240617,1.41,1.43,1.39,1.4,-0.010000000000000009,-0.7092198581560294,14371000.0
002470,20240614,1.4,1.43,1.39,1.41,0.010000000000000009,0.7142857142857117,10997700.0
002470,20240613,1.44,1.45,1.39,1.4,-0.040000000000000036,-2.777777777777779,18975600.0
002470,20240612,1.43,1.46,1.43,1.44,0.0,0.0,12788600.0
002470,20240611,1.46,1.46,1.43,1.44,-0.020000000000000018,-1.3698630136986356,14429100.0
002470,20240607,1.4,1.48,1.39,1.46,0.08000000000000007,5.797101449275366,33590300.0
002470,20240606,1.44,1.46,1.37,1.38,-0.06000000000000005,-4.166666666666674,36711404.0
002470,20240605,1.45,1.48,1.43,1.44,-0.010000000000000009,-0.6896551724137945,17911398.0
002470,20240604,1.46,1.46,1.42,1.45,-0.010000000000000009,-0.6849315068493178,19974500.0
002470,20240603,1.5,1.51,1.44,1.46,-0.040000000000000036,-2.6666666666666727,29254088.0
002470,20240531,1.51,1.52,1.5,1.5,-0.010000000000000009,-0.6622516556291425,13245100.0
002470,20240530,1.51,1.54,1.5,1.51,-0.010000000000000009,-0.6578947368421018,19481400.0
002470,20240529,1.56,1.58,1.51,1.52,0.020000000000000018,1.333333333333342,37077100.0
002470,20240528,1.52,1.54,1.49,1.5,-0.020000000000000018,-1.3157894736842146,25478500.0
002470,20240527,1.53,1.55,1.49,1.52,-0.010000000000000009,-0.6535947712418277,27623687.0
002470,20240524,1.54,1.55,1.52,1.53,0.0,0.0,26019500.0
002470,20240523,1.58,1.59,1.53,1.53,-0.06000000000000005,-3.7735849056603765,42951604.0
002470,20240522,1.61,1.62,1.57,1.59,-0.020000000000000018,-1.2422360248447228,44372200.0
002470,20240521,1.63,1.7,1.6,1.61,-0.019999999999999796,-1.2269938650306678,55912500.0
002470,20240520,1.62,1.65,1.6,1.63,0.009999999999999787,0.6172839506172645,60317980.0
002470,20240517,1.65,1.71,1.61,1.62,-0.08999999999999986,-5.263157894736836,142159127.0
002470,20240516,1.68,1.71,1.67,1.71,0.15999999999999992,10.322580645161295,120923647.0
002470,20240515,1.49,1.61,1.47,1.55,0.07000000000000006,4.729729729729737,57570800.0
002470,20240514,1.48,1.5,1.47,1.48,0.0,0.0,16305300.0
002470,20240513,1.47,1.5,1.45,1.48,0.0,0.0,25862500.0
002470,20240510,1.51,1.52,1.47,1.48,-0.030000000000000027,-1.9867549668874163,25845600.0
002470,20240509,1.51,1.54,1.5,1.51,0.0,0.0,23754730.0
002470,20240508,1.53,1.56,1.5,1.51,-0.030000000000000027,-1.9480519480519543,31743504.0
002470,20240507,1.53,1.56,1.52,1.54,0.030000000000000027,1.9867549668874274,47065319.0
002470,20240506,1.48,1.52,1.48,1.51,0.030000000000000027,2.0270270270270396,45346402.0
002470,20240430,1.48,1.52,1.45,1.48,0.07000000000000006,4.964539007092195,58093776.0
002470,20240429,1.36,1.41,1.35,1.41,0.039999999999999813,2.9197080291970767,31416700.0
002470,20240426,1.34,1.37,1.34,1.37,0.020000000000000018,1.4814814814814836,18485700.0
002470,20240425,1.34,1.37,1.34,1.35,0.0,0.0,16721200.0
002470,20240424,1.35,1.36,1.33,1.35,0.0,0.0,14884808.0
002470,20240423,1.36,1.37,1.34,1.35,-0.010000000000000009,-0.7352941176470562,13670100.0
002470,20240422,1.39,1.4,1.35,1.36,-0.029999999999999805,-2.1582733812949506,18628800.0
002470,20240419,1.37,1.41,1.36,1.39,0.019999999999999796,1.4598540145985162,22119507.0
002470,20240418,1.37,1.39,1.36,1.37,0.0,0.0,17365300.0
002470,20240417,1.34,1.43,1.34,1.37,0.050000000000000044,3.7878787878787845,28681900.0
002470,20240416,1.42,1.42,1.31,1.32,-0.10999999999999988,-7.692307692307687,48920000.0
002470,20240415,1.49,1.51,1.35,1.43,-0.07000000000000006,-4.666666666666675,46963841.0
002470,20240412,1.52,1.54,1.49,1.5,-0.030000000000000027,-1.9607843137254943,23289000.0
002470,20240411,1.54,1.56,1.52,1.53,-0.010000000000000009,-0.6493506493506551,21010300.0
002470,20240410,1.59,1.59,1.53,1.54,-0.050000000000000044,-3.1446540880503138,25408304.0
002470,20240409,1.57,1.59,1.57,1.59,0.020000000000000018,1.273885350318471,16237100.0
002470,20240408,1.62,1.63,1.56,1.57,-0.05999999999999983,-3.6809815950920144,28903100.0
002470,20240403,1.6,1.64,1.58,1.63,0.009999999999999787,0.6172839506172645,45649000.0
002470,20240402,1.55,1.68,1.55,1.62,0.06000000000000005,3.8461538461538547,68196719.0
002470,20240401,1.54,1.61,1.54,1.56,0.030000000000000027,1.9607843137254832,26228400.0
002470,20240329,1.52,1.54,1.51,1.53,0.010000000000000009,0.6578947368421018,13899100.0
002470,20240328,1.5,1.54,1.5,1.52,0.020000000000000018,1.333333333333342,24522000.0
002470,20240327,1.56,1.57,1.5,1.5,-0.07000000000000006,-4.458598726114649,28227490.0
002470,20240326,1.58,1.59,1.54,1.57,-0.010000000000000009,-0.6329113924050667,41697142.0
002470,20240325,1.54,1.69,1.53,1.58,0.040000000000000036,2.5974025974025983,74701200.0
002470,20240322,1.57,1.58,1.54,1.54,-0.030000000000000027,-1.9108280254777066,32303000.0
002470,20240321,1.58,1.59,1.56,1.57,-0.010000000000000009,-0.6329113924050667,26926640.0
002470,20240320,1.57,1.61,1.56,1.58,0.0,0.0,35415200.0
002470,20240319,1.61,1.62,1.57,1.58,-0.020000000000000018,-1.2499999999999956,43612900.0
002470,20240318,1.63,1.66,1.57,1.6,-0.029999999999999805,-1.8404907975460016,99878099.0
002470,20240315,1.48,1.63,1.47,1.63,0.1499999999999999,10.135135135135132,69066005.0
002470,20240314,1.49,1.51,1.46,1.48,-0.020000000000000018,-1.3333333333333308,30105800.0
002470,20240313,1.49,1.52,1.47,1.5,0.020000000000000018,1.3513513513513598,33501830.0
002470,20240312,1.48,1.49,1.46,1.48,0.0,0.0,24800400.0
002470,20240311,1.46,1.48,1.45,1.48,0.020000000000000018,1.3698630136986356,24502800.0
002470,20240308,1.46,1.47,1.44,1.46,0.010000000000000009,0.6896551724137945,13934700.0
002470,20240307,1.44,1.49,1.44,1.45,0.0,0.0,28550200.0
002470,20240306,1.43,1.46,1.42,1.45,0.020000000000000018,1.3986013986013957,21661400.0
002470,20240305,1.47,1.47,1.43,1.43,-0.040000000000000036,-2.7210884353741527,26689300.0
002470,20240304,1.49,1.5,1.46,1.47,-0.020000000000000018,-1.342281879194629,23874000.0
002470,20240301,1.5,1.52,1.48,1.49,-0.010000000000000009,-0.666666666666671,23055700.0
002470,20240229,1.45,1.51,1.44,1.5,0.040000000000000036,2.7397260273972712,34157000.0
002470,20240228,1.52,1.59,1.46,1.46,-0.06000000000000005,-3.9473684210526327,57448500.0
002470,20240227,1.5,1.52,1.49,1.52,0.010000000000000009,0.6622516556291425,28645700.0
002470,20240226,1.46,1.54,1.45,1.51,0.050000000000000044,3.424657534246589,48372000.0
002470,20240223,1.45,1.47,1.44,1.46,0.010000000000000009,0.6896551724137945,33084600.0
002470,20240222,1.44,1.46,1.43,1.45,0.010000000000000009,0.694444444444442,29412900.0
002470,20240221,1.42,1.47,1.41,1.44,0.020000000000000018,1.4084507042253502,33725200.0
002470,20240220,1.43,1.43,1.4,1.42,-0.010000000000000009,-0.6993006993006978,17540400.0
002470,20240219,1.42,1.45,1.4,1.43,0.040000000000000036,2.877697841726623,31153283.0
002470,20240208,1.28,1.41,1.27,1.39,0.10999999999999988,8.59375,48270000.0
002470,20240207,1.33,1.35,1.28,1.28,-0.050000000000000044,-3.759398496240607,34225500.0
002470,20240206,1.28,1.37,1.22,1.33,0.030000000000000027,2.3076923076922995,42858300.0
002470,20240205,1.4,1.4,1.28,1.3,-0.09999999999999987,-7.142857142857128,51631053.0
002470,20240202,1.45,1.47,1.32,1.4,-0.040000000000000036,-2.777777777777779,50193500.0
002470,20240201,1.45,1.48,1.43,1.44,-0.020000000000000018,-1.3698630136986356,28305200.0
002470,20240131,1.54,1.55,1.45,1.46,-0.10000000000000009,-6.410256410256421,46097800.0
002470,20240130,1.59,1.61,1.56,1.56,-0.030000000000000027,-1.8867924528301883,21435200.0
002470,20240129,1.65,1.67,1.59,1.59,-0.06999999999999984,-4.216867469879504,28445100.0
002470,20240126,1.64,1.68,1.64,1.66,0.020000000000000018,1.2195121951219523,29697700.0
002470,20240125,1.61,1.66,1.6,1.64,0.029999999999999805,1.8633540372670732,25766800.0
002470,20240124,1.58,1.62,1.56,1.61,0.040000000000000036,2.547770700636942,30697687.0
002470,20240123,1.56,1.59,1.53,1.57,0.010000000000000009,0.6410256410256387,25486526.0
002470,20240122,1.65,1.66,1.55,1.56,-0.07999999999999985,-4.8780487804877986,32230800.0
002470,20240119,1.65,1.67,1.63,1.64,-0.010000000000000009,-0.60606060606061,17036800.0
002470,20240118,1.66,1.67,1.61,1.65,-0.010000000000000009,-0.6024096385542133,31626100.0
002470,20240117,1.69,1.69,1.66,1.66,-0.030000000000000027,-1.7751479289940808,23378400.0
002470,20240116,1.71,1.72,1.67,1.69,-0.020000000000000018,-1.1695906432748537,31563900.0
002470,20240115,1.72,1.73,1.7,1.71,-0.020000000000000018,-1.1560693641618491,21234800.0
002470,20240112,1.72,1.77,1.72,1.73,0.010000000000000009,0.5813953488372103,33912830.0
002470,20240111,1.7,1.73,1.68,1.72,0.020000000000000018,1.17647058823529,23657830.0
002470,20240110,1.69,1.72,1.67,1.7,0.010000000000000009,0.591715976331364,23010825.0
002470,20240109,1.72,1.73,1.68,1.69,-0.010000000000000009,-0.588235294117645,21805800.0
002470,20240108,1.74,1.74,1.69,1.7,-0.040000000000000036,-2.298850574712641,27035800.0
002470,20240105,1.78,1.8,1.73,1.74,-0.040000000000000036,-2.2471910112359605,28904300.0
002470,20240104,1.8,1.81,1.77,1.78,-0.030000000000000027,-1.6574585635359185,28235300.0
002470,20240103,1.76,1.83,1.76,1.81,0.040000000000000036,2.259887005649719,44189200.0
002470,20240102,1.75,1.82,1.74,1.77,0.030000000000000027,1.724137931034475,40514100.0
002470,20231229,1.74,1.77,1.73,1.74,0.0,0.0,22355800.0
002470,20231228,1.69,1.75,1.68,1.74,0.040000000000000036,2.35294117647058,36553665.0
002470,20231227,1.7,1.71,1.67,1.7,-0.010000000000000009,-0.5847953216374324,25892600.0
002470,20231226,1.67,1.75,1.66,1.71,0.040000000000000036,2.39520958083832,43127100.0
002470,20231225,1.69,1.7,1.66,1.67,-0.030000000000000027,-1.764705882352946,21099600.0
002470,20231222,1.71,1.72,1.69,1.7,-0.020000000000000018,-1.1627906976744207,26231900.0
002470,20231221,1.72,1.73,1.69,1.72,0.010000000000000009,0.5847953216374213,31365900.0
002470,20231220,1.74,1.75,1.71,1.71,-0.030000000000000027,-1.7241379310344862,25350000.0
002470,20231219,1.73,1.75,1.72,1.74,0.010000000000000009,0.5780346820809301,19284100.0
002470,20231218,1.78,1.79,1.73,1.73,-0.06000000000000005,-3.3519553072625774,37345300.0
002470,20231215,1.79,1.81,1.77,1.79,0.010000000000000009,0.561797752808979,23899500.0
002470,20231214,1.79,1.8,1.77,1.78,-0.010000000000000009,-0.5586592178770999,24276500.0
002470,20231213,1.8,1.83,1.78,1.79,-0.010000000000000009,-0.5555555555555536,34251032.0
002470,20231212,1.77,1.82,1.76,1.8,0.030000000000000027,1.6949152542372836,34362000.0
002470,20231211,1.74,1.78,1.72,1.77,0.030000000000000027,1.724137931034475,37941432.0
002470,20231208,1.75,1.77,1.74,1.74,-0.020000000000000018,-1.1363636363636354,23098800.0
002470,20231207,1.78,1.78,1.75,1.76,-0.020000000000000018,-1.1235955056179803,28180200.0
002470,20231206,1.77,1.79,1.76,1.78,0.0,0.0,23270300.0
002470,20231205,1.81,1.84,1.78,1.78,-0.040000000000000036,-2.197802197802201,39308600.0
002470,20231204,1.8,1.84,1.8,1.82,0.030000000000000027,1.6759776536312776,43897514.0
002470,20231201,1.78,1.8,1.77,1.79,0.0,0.0,26525600.0
002470,20231130,1.8,1.81,1.78,1.79,-0.010000000000000009,-0.5555555555555536,27027800.0
002470,20231129,1.8,1.83,1.77,1.8,0.0,0.0,54222316.0
002470,20231128,1.82,1.83,1.79,1.8,-0.030000000000000027,-1.6393442622950838,45933565.0
002470,20231127,1.8,1.87,1.78,1.83,0.020000000000000018,1.104972375690605,74985000.0
002470,20231124,1.82,1.84,1.79,1.81,-0.020000000000000018,-1.0928961748633892,62256300.0
002470,20231123,1.85,1.85,1.8,1.83,-0.010000000000000009,-0.5434782608695676,58934265.0
002470,20231122,1.87,1.88,1.82,1.84,-0.039999999999999813,-2.127659574468077,92633000.0
002470,20231121,1.97,1.98,1.88,1.88,0.0,0.0,185943700.0
002470,20231120,1.74,1.88,1.74,1.88,0.16999999999999993,9.941520467836252,64641420.0
002470,20231117,1.73,1.73,1.71,1.71,-0.020000000000000018,-1.1560693641618491,27819300.0
002470,20231116,1.74,1.74,1.72,1.73,-0.010000000000000009,-0.5747126436781658,28296500.0
002470,20231115,1.74,1.75,1.73,1.74,0.010000000000000009,0.5780346820809301,20494600.0
002470,20231114,1.74,1.75,1.73,1.73,-0.020000000000000018,-1.1428571428571455,24520561.0
002470,20231113,1.73,1.75,1.73,1.75,0.020000000000000018,1.1560693641618602,22916500.0
002470,20231110,1.74,1.74,1.7,1.73,-0.010000000000000009,-0.5747126436781658,31091504.0
002470,20231109,1.77,1.77,1.74,1.74,-0.030000000000000027,-1.6949152542372947,31943339.0
002470,20231108,1.78,1.78,1.76,1.77,-0.010000000000000009,-0.5617977528089901,25867920.0
002470,20231107,1.8,1.8,1.76,1.78,-0.030000000000000027,-1.6574585635359185,43968000.0
002470,20231106,1.77,1.81,1.76,1.81,0.050000000000000044,2.840909090909083,48018400.0
002470,20231103,1.76,1.79,1.76,1.76,0.0,0.0,29378600.0
002470,20231102,1.8,1.81,1.76,1.76,-0.040000000000000036,-2.2222222222222254,29634300.0
002470,20231101,1.83,1.84,1.79,1.8,-0.020000000000000018,-1.098901098901095,27389408.0
002470,20231031,1.84,1.86,1.82,1.82,-0.040000000000000036,-2.1505376344086002,22864000.0
002470,20231030,1.83,1.87,1.82,1.86,0.030000000000000027,1.6393442622950838,17546922.0
002470,20231027,1.8,1.84,1.8,1.83,0.030000000000000027,1.6666666666666607,18145104.0
002470,20231026,1.81,1.82,1.79,1.8,-0.020000000000000018,-1.098901098901095,14464200.0
002470,20231025,1.8,1.85,1.79,1.82,0.030000000000000027,1.6759776536312776,24874004.0
002470,20231024,1.73,1.8,1.73,1.79,0.050000000000000044,2.8735632183908066,30079600.0
002470,20231023,1.79,1.8,1.73,1.74,-0.050000000000000044,-2.7932960893854775,18188700.0
002470,20231020,1.77,1.81,1.75,1.79,0.010000000000000009,0.561797752808979,23986700.0
002470,20231019,1.8,1.83,1.77,1.78,-0.020000000000000018,-1.1111111111111072,21168500.0
002470,20231018,1.83,1.84,1.8,1.8,-0.030000000000000027,-1.6393442622950838,17495802.0
002470,20231017,1.87,1.88,1.83,1.83,-0.04999999999999982,-2.659574468085102,23502100.0
002470,20231016,1.85,1.9,1.83,1.88,0.029999999999999805,1.621621621621605,26968500.0
002470,20231013,1.86,1.87,1.84,1.85,-0.010000000000000009,-0.5376344086021501,14425900.0
002470,20231012,1.85,1.87,1.84,1.86,0.010000000000000009,0.540540540540535,17196500.0
002470,20231011,1.91,1.92,1.84,1.85,-0.06999999999999984,-3.645833333333326,44271700.0
002470,20231010,1.88,2.02,1.87,1.92,0.04999999999999982,2.6737967914438387,63928765.0
002470,20231009,1.9,1.91,1.87,1.87,-0.039999999999999813,-2.094240837696326,17364700.0
002470,20230928,1.88,1.93,1.87,1.91,0.030000000000000027,1.5957446808510634,20376479.0
002470,20230927,1.89,1.91,1.88,1.88,0.0,0.0,17294300.0
002470,20230926,1.92,1.92,1.88,1.88,-0.040000000000000036,-2.083333333333337,19430100.0
002470,20230925,1.94,1.95,1.91,1.92,-0.020000000000000018,-1.0309278350515427,17892900.0
002470,20230922,1.92,1.95,1.9,1.94,0.020000000000000018,1.041666666666674,27779400.0
002470,20230921,1.93,1.94,1.89,1.92,-0.010000000000000009,-0.5181347150259086,39956100.0
002470,20230920,1.93,1.95,1.92,1.93,-0.010000000000000009,-0.5154639175257714,31713400.0
002470,20230919,1.96,1.98,1.93,1.94,-0.020000000000000018,-1.0204081632653073,38073500.0
002470,20230918,2.0,2.0,1.94,1.96,-0.04999999999999982,-2.487562189054715,46812640.0
002470,20230915,2.03,2.04,2.0,2.01,-0.010000000000000231,-0.4950495049505066,18376700.0
002470,20230914,2.03,2.06,2.01,2.02,-0.020000000000000018,-0.9803921568627416,17795620.0
002470,20230913,2.08,2.09,2.02,2.04,-0.04999999999999982,-2.392344497607646,23948700.0
002470,20230912,2.04,2.11,2.04,2.09,0.04999999999999982,2.450980392156854,29787100.0
002470,20230911,2.07,2.07,2.03,2.04,-0.029999999999999805,-1.449275362318836,24099300.0
002470,20230908,2.1,2.1,2.06,2.07,-0.020000000000000018,-0.9569377990430672,16619600.0
002470,20230907,2.13,2.14,2.09,2.09,-0.03000000000000025,-1.4150943396226578,21101800.0
002470,20230906,2.1,2.14,2.08,2.12,0.0,0.0,19931585.0
002470,20230905,2.15,2.16,2.11,2.12,-0.040000000000000036,-1.851851851851849,23359700.0
002470,20230904,2.1,2.17,2.09,2.16,0.07000000000000028,3.349282296650724,42463300.0
002470,20230901,2.12,2.13,2.07,2.09,-0.03000000000000025,-1.4150943396226578,31075276.0
002470,20230831,2.14,2.18,2.11,2.12,-0.029999999999999805,-1.3953488372092981,33616700.0
002470,20230830,2.2,2.21,2.15,2.15,-0.08000000000000007,-3.58744394618834,47043000.0
002470,20230829,2.23,2.23,2.18,2.23,-0.010000000000000231,-0.44642857142858094,32127400.0
002470,20230828,2.27,2.32,2.22,2.24,0.040000000000000036,1.81818181818183,51673208.0
002470,20230825,2.19,2.22,2.16,2.2,0.010000000000000231,0.4566210045662267,20070900.0
002470,20230824,2.25,2.25,2.18,2.19,-0.050000000000000266,-2.2321428571428714,26596900.0
002470,20230823,2.21,2.27,2.2,2.24,0.040000000000000036,1.81818181818183,33972400.0
002470,20230822,2.2,2.23,2.17,2.2,-0.009999999999999787,-0.4524886877827927,23770800.0
002470,20230821,2.24,2.25,2.19,2.21,-0.03000000000000025,-1.3392857142857206,18338200.0
002470,20230818,2.24,2.29,2.23,2.24,0.0,0.0,22476600.0
002470,20230817,2.27,2.27,2.22,2.24,-0.029999999999999805,-1.3215859030836885,24712700.0
002470,20230816,2.28,2.31,2.26,2.27,0.0,0.0,23775800.0
002470,20230815,2.24,2.32,2.23,2.27,0.040000000000000036,1.7937219730941756,37615760.0
002470,20230814,2.21,2.27,2.2,2.23,0.0,0.0,21670833.0
002470,20230811,2.29,2.3,2.22,2.23,-0.06999999999999984,-3.0434782608695587,37527700.0
002470,20230810,2.26,2.31,2.24,2.3,0.029999999999999805,1.3215859030836885,28828865.0
002470,20230809,2.25,2.31,2.23,2.27,0.010000000000000231,0.4424778761062065,29430200.0
002470,20230808,2.3,2.31,2.25,2.26,-0.040000000000000036,-1.7391304347826098,32503100.0
002470,20230807,2.3,2.33,2.28,2.3,-0.010000000000000231,-0.43290043290044045,30090200.0
002470,20230804,2.34,2.36,2.3,2.31,-0.029999999999999805,-1.2820512820512775,44130326.0
002470,20230803,2.35,2.36,2.28,2.34,-0.010000000000000231,-0.42553191489362874,50357100.0
002470,20230802,2.35,2.42,2.34,2.35,0.0,0.0,52489700.0
002470,20230801,2.36,2.38,2.32,2.35,-0.020000000000000018,-0.8438818565400852,50956687.0
002470,20230731,2.38,2.39,2.32,2.37,-0.009999999999999787,-0.42016806722687816,69740387.0
002470,20230728,2.38,2.46,2.33,2.38,0.0,0.0,75107387.0
002470,20230727,2.46,2.5,2.38,2.38,-0.18999999999999995,-7.392996108949412,147505864.0
002470,20230726,2.4,2.65,2.33,2.57,0.1599999999999997,6.63900414937757,229949177.0
002470,20230725,2.37,2.58,2.33,2.41,0.040000000000000036,1.6877637130801704,190541737.0
002470,20230724,2.27,2.37,2.2,2.37,0.2200000000000002,10.232558139534898,139981421.0
002470,20230720,2.11,2.18,2.1,2.15,0.040000000000000036,1.8957345971563955,28809333.0
002470,20230719,2.08,2.13,2.07,2.11,0.029999999999999805,1.4423076923076872,32511400.0
002470,20230718,2.19,2.22,2.08,2.08,-0.10999999999999988,-5.022831050228305,59784600.0
002470,20230717,2.16,2.21,2.14,2.19,-0.020000000000000018,-0.9049773755656076,43362383.0
002470,20230714,2.2,2.24,2.19,2.21,0.0,0.0,27938443.0
002470,20230713,2.14,2.23,2.13,2.21,0.08000000000000007,3.7558685446009488,37661683.0
002470,20230712,2.13,2.15,2.11,2.13,-0.010000000000000231,-0.4672897196261738,22698700.0
002470,20230711,2.12,2.16,2.11,2.14,0.010000000000000231,0.46948356807512415,16046900.0
002470,20230710,2.16,2.19,2.13,2.13,-0.050000000000000266,-2.2935779816513846,22549843.0
002470,20230707,2.16,2.22,2.15,2.18,0.010000000000000231,0.4608294930875667,27182400.0
002470,20230706,2.17,2.19,2.14,2.17,-0.010000000000000231,-0.4587155963302836,27463900.0
002470,20230705,2.11,2.2,2.09,2.18,0.06000000000000005,2.8301886792452935,38781176.0
002470,20230704,2.09,2.14,2.07,2.12,0.020000000000000018,0.952380952380949,37309400.0
002470,20230703,2.03,2.11,2.02,2.1,0.08000000000000007,3.960396039603964,55581055.0
002470,20230630,2.02,2.02,2.01,2.02,0.10000000000000009,5.208333333333348,27775955.0
002470,20230629,1.92,1.93,1.89,1.92,-0.010000000000000009,-0.5181347150259086,16035400.0
002470,20230628,1.97,1.98,1.92,1.93,-0.040000000000000036,-2.0304568527918843,16716800.0
002470,20230627,1.94,1.99,1.93,1.97,0.030000000000000027,1.546391752577314,15194690.0
002470,20230626,1.92,1.96,1.91,1.94,0.0,0.0,19006383.0
002470,20230621,1.96,1.99,1.93,1.94,-0.030000000000000027,-1.5228426395939132,23832352.0
002470,20230620,2.0,2.0,1.96,1.97,-0.039999999999999813,-1.990049751243772,27820900.0
002470,20230619,1.94,2.03,1.93,2.01,0.06999999999999984,3.6082474226803996,38224200.0
002470,20230616,1.91,1.99,1.91,1.94,0.020000000000000018,1.041666666666674,32775500.0
002470,20230615,1.89,1.94,1.87,1.92,0.010000000000000009,0.5235602094240788,40087608.0
002470,20230614,1.86,1.91,1.83,1.91,0.08999999999999986,4.9450549450549275,63421512.0
002470,20230613,1.87,1.88,1.81,1.82,0.030000000000000027,1.6759776536312776,35673900.0
002470,20230612,1.77,1.8,1.76,1.79,0.020000000000000018,1.1299435028248705,14789276.0
002470,20230609,1.74,1.79,1.73,1.77,0.020000000000000018,1.1428571428571344,16675300.0
002470,20230608,1.75,1.76,1.73,1.75,0.0,0.0,11669506.0
002470,20230607,1.76,1.77,1.72,1.75,-0.050000000000000044,-2.777777777777779,33492554.0
002470,20230606,1.73,1.81,1.72,1.8,0.08000000000000007,4.651162790697683,54076013.0
002470,20230605,1.72,1.73,1.7,1.72,0.0,0.0,9968200.0
002470,20230602,1.7,1.73,1.7,1.72,0.020000000000000018,1.17647058823529,9941300.0
002470,20230601,1.71,1.73,1.7,1.7,-0.030000000000000027,-1.7341040462427793,14670500.0
002470,20230531,1.7,1.76,1.68,1.73,0.030000000000000027,1.764705882352935,15864500.0
002470,20230530,1.67,1.71,1.65,1.7,0.020000000000000018,1.1904761904761862,12522135.0
002470,20230529,1.68,1.71,1.67,1.68,-0.010000000000000009,-0.591715976331364,14189935.0
002470,20230526,1.7,1.71,1.67,1.69,-0.020000000000000018,-1.1695906432748537,13539080.0
002470,20230525,1.74,1.75,1.7,1.71,-0.040000000000000036,-2.285714285714291,17170800.0
002470,20230524,1.76,1.77,1.74,1.75,-0.020000000000000018,-1.1299435028248594,12480500.0
002470,20230523,1.76,1.78,1.75,1.77,0.010000000000000009,0.5681818181818121,10025000.0
002470,20230522,1.74,1.77,1.73,1.76,0.020000000000000018,1.1494252873563315,8655000.0
002470,20230519,1.78,1.78,1.74,1.74,-0.040000000000000036,-2.2471910112359605,12847300.0
002470,20230518,1.8,1.81,1.77,1.78,-0.030000000000000027,-1.6574585635359185,14038500.0
002470,20230517,1.8,1.82,1.79,1.81,0.0,0.0,11069000.0
002470,20230516,1.81,1.86,1.8,1.81,-0.010000000000000009,-0.5494505494505475,18763000.0
002470,20230515,1.79,1.82,1.78,1.82,0.020000000000000018,1.1111111111111072,14885100.0
002470,20230512,1.83,1.85,1.79,1.8,-0.030000000000000027,-1.6393442622950838,19910332.0
002470,20230511,1.79,1.86,1.79,1.83,0.050000000000000044,2.8089887640449396,29067234.0
002470,20230510,1.77,1.83,1.76,1.78,-0.020000000000000018,-1.1111111111111072,28597532.0
002470,20230509,1.7,1.8,1.66,1.8,0.09000000000000008,5.263157894736836,50162762.0
002470,20230508,1.74,1.75,1.7,1.71,-0.030000000000000027,-1.7241379310344862,18265100.0
002470,20230505,1.73,1.76,1.71,1.74,0.0,0.0,21918600.0
002470,20230504,1.78,1.78,1.74,1.74,-0.08000000000000007,-4.395604395604402,33484400.0
002470,20230428,1.82,1.85,1.8,1.82,0.0,0.0,25166232.0
002470,20230427,1.75,1.84,1.73,1.82,0.07000000000000006,4.0000000000000036,35919686.0
002470,20230426,1.73,1.76,1.71,1.75,-0.020000000000000018,-1.1299435028248594,33233635.0
002470,20230425,1.74,1.77,1.73,1.77,0.08000000000000007,4.7337278106508895,45957235.0
002470,20230424,1.66,1.69,1.59,1.69,0.030000000000000027,1.8072289156626509,30959810.0
002470,20230421,1.65,1.7,1.64,1.66,0.0,0.0,22762300.0
002470,20230420,1.74,1.74,1.65,1.66,-0.08000000000000007,-4.597701149425292,46199728.0
002470,20230419,1.75,1.75,1.72,1.74,-0.020000000000000018,-1.1363636363636354,17170100.0
002470,20230418,1.78,1.79,1.72,1.76,-0.030000000000000027,-1.6759776536312887,23447000.0
002470,20230417,1.77,1.8,1.76,1.79,0.010000000000000009,0.561797752808979,14189700.0
002470,20230414,1.77,1.8,1.76,1.78,0.020000000000000018,1.1363636363636465,17652600.0
002470,20230413,1.75,1.78,1.74,1.76,0.0,0.0,20442532.0
002470,20230412,1.74,1.79,1.74,1.76,0.0,0.0,20997300.0
002470,20230411,1.84,1.84,1.75,1.76,-0.08000000000000007,-4.34782608695653,44567800.0
002470,20230410,1.87,1.88,1.83,1.84,-0.030000000000000027,-1.6042780748663166,19877400.0
002470,20230407,1.86,1.88,1.85,1.87,0.010000000000000009,0.5376344086021501,9962000.0
002470,20230406,1.88,1.88,1.85,1.86,-0.029999999999999805,-1.5873015873015817,17846100.0
002470,20230404,1.9,1.91,1.87,1.89,-0.020000000000000018,-1.0471204188481686,21520904.0
002470,20230403,1.89,1.94,1.88,1.91,0.039999999999999813,2.1390374331550666,22972904.0
002470,20230331,1.85,1.88,1.84,1.87,0.020000000000000018,1.0810810810810922,15940400.0
002470,20230330,1.85,1.89,1.83,1.85,-0.020000000000000018,-1.0695187165775444,27289100.0
002470,20230329,1.95,1.96,1.86,1.87,-0.08999999999999986,-4.5918367346938656,52649604.0
002470,20230328,2.01,2.01,1.96,1.96,-0.04999999999999982,-2.487562189054715,34257500.0
002470,20230327,2.02,2.02,2.0,2.01,-0.010000000000000231,-0.4950495049505066,19716104.0
002470,20230324,2.02,2.03,2.02,2.02,-0.020000000000000018,-0.9803921568627416,12647700.0
002470,20230323,2.02,2.05,2.01,2.04,0.020000000000000018,0.990099009900991,18925300.0
002470,20230322,2.03,2.03,2.02,2.02,-0.009999999999999787,-0.49261083743841194,11785500.0
002470,20230321,2.02,2.03,2.02,2.03,0.009999999999999787,0.4950495049504955,11041300.0
002470,20230320,2.04,2.04,2.01,2.02,-0.029999999999999805,-1.4634146341463317,16163700.0
002470,20230317,2.04,2.06,2.03,2.05,0.009999999999999787,0.4901960784313708,17087200.0
002470,20230316,2.03,2.08,2.02,2.04,0.010000000000000231,0.49261083743843415,27785800.0
002470,20230315,2.02,2.05,2.01,2.03,0.020000000000000018,0.995024875621886,14932100.0
002470,20230314,2.03,2.04,2.0,2.01,-0.020000000000000018,-0.9852216748768461,17964700.0
002470,20230313,2.03,2.05,2.02,2.03,-0.010000000000000231,-0.4901960784313819,15862400.0
002470,20230310,2.05,2.06,2.03,2.04,-0.020000000000000018,-0.9708737864077666,16431500.0
002470,20230309,2.07,2.08,2.05,2.06,-0.009999999999999787,-0.48309178743960457,14761100.0
002470,20230308,2.05,2.09,2.04,2.07,0.020000000000000018,0.9756097560975618,25294540.0
002470,20230307,2.09,2.1,2.05,2.05,-0.040000000000000036,-1.9138755980861233,29072940.0
002470,20230306,2.14,2.14,2.07,2.09,-0.03000000000000025,-1.4150943396226578,52157000.0
002470,20230303,2.12,2.12,2.1,2.12,0.10000000000000009,4.950495049504955,24968532.0
002470,20230302,2.02,2.03,2.02,2.02,0.0,0.0,9445231.0
002470,20230301,2.02,2.03,2.01,2.02,0.010000000000000231,0.4975124378109541,12529650.0
002470,20230228,2.01,2.04,2.01,2.01,0.0,0.0,14845104.0
002470,20230227,2.02,2.03,2.0,2.01,-0.010000000000000231,-0.4950495049505066,13360668.0
002470,20230224,2.02,2.03,2.01,2.02,0.0,0.0,7819200.0
002470,20230223,2.03,2.04,2.01,2.02,-0.020000000000000018,-0.9803921568627416,11993700.0
002470,20230222,2.04,2.05,2.03,2.04,-0.009999999999999787,-0.4878048780487698,9726900.0
002470,20230221,2.02,2.07,2.01,2.05,0.040000000000000036,1.990049751243772,19512200.0
002470,20230220,2.03,2.03,2.01,2.01,-0.020000000000000018,-0.9852216748768461,16991200.0
002470,20230217,2.03,2.04,2.02,2.03,0.0,0.0,12515687.0
002470,20230216,2.04,2.06,2.02,2.03,-0.020000000000000018,-0.9756097560975618,22790787.0
002470,20230215,2.06,2.06,2.04,2.05,-0.010000000000000231,-0.4854368932038944,14977200.0
002470,20230214,2.07,2.07,2.05,2.06,0.0,0.0,12851802.0
002470,20230213,2.06,2.07,2.05,2.06,0.0,0.0,11713800.0
002470,20230210,2.06,2.07,2.05,2.06,-0.009999999999999787,-0.48309178743960457,15143000.0
002470,20230209,2.06,2.07,2.05,2.07,0.009999999999999787,0.4854368932038833,8545667.0
002470,20230208,2.07,2.08,2.06,2.06,-0.009999999999999787,-0.48309178743960457,12139400.0
002470,20230207,2.08,2.09,2.06,2.07,-0.010000000000000231,-0.48076923076924016,11587200.0
002470,20230206,2.09,2.1,2.07,2.08,-0.020000000000000018,-0.952380952380949,12724400.0
002470,20230203,2.09,2.1,2.08,2.1,0.020000000000000018,0.9615384615384581,10790000.0
002470,20230202,2.1,2.12,2.08,2.08,-0.029999999999999805,-1.421800947867291,21105400.0
002470,20230201,2.08,2.13,2.07,2.11,0.029999999999999805,1.4423076923076872,25347300.0
002470,20230131,2.06,2.09,2.06,2.08,0.0,0.0,16359700.0
002470,20230130,2.08,2.09,2.07,2.08,0.010000000000000231,0.48309178743961567,17946200.0
002470,20230120,2.06,2.08,2.06,2.07,0.009999999999999787,0.4854368932038833,11174278.0
002470,20230119,2.06,2.07,2.05,2.06,0.010000000000000231,0.4878048780487809,9166400.0
002470,20230118,2.06,2.08,2.05,2.05,-0.010000000000000231,-0.4854368932038944,12813500.0
002470,20230117,2.06,2.09,2.05,2.06,0.0,0.0,13763800.0
002470,20230116,2.05,2.07,2.05,2.06,0.0,0.0,11208800.0
002470,20230113,2.05,2.06,2.04,2.06,0.020000000000000018,0.9803921568627416,8013200.0
002470,20230112,2.05,2.06,2.04,2.04,-0.009999999999999787,-0.4878048780487698,10132800.0
002470,20230111,2.05,2.07,2.05,2.05,0.0,0.0,8396800.0
002470,20230110,2.06,2.07,2.05,2.05,-0.010000000000000231,-0.4854368932038944,9082300.0
002470,20230109,2.07,2.08,2.05,2.06,-0.009999999999999787,-0.48309178743960457,15218400.0
002470,20230106,2.09,2.09,2.06,2.07,-0.020000000000000018,-0.9569377990430672,13837200.0
002470,20230105,2.09,2.13,2.08,2.09,0.009999999999999787,0.48076923076922906,16489300.0
002470,20230104,2.07,2.08,2.06,2.08,0.010000000000000231,0.48309178743961567,9131600.0
002470,20230103,2.03,2.08,2.03,2.07,0.0,0.0,16842100.0
002470,20221230,2.06,2.08,2.06,2.07,0.020000000000000018,0.9756097560975618,7977500.0
002470,20221229,2.08,2.09,2.05,2.05,-0.03000000000000025,-1.4423076923077094,13567000.0
002470,20221228,2.09,2.1,2.07,2.08,-0.029999999999999805,-1.421800947867291,10119900.0
002470,20221227,2.11,2.12,2.08,2.11,-0.010000000000000231,-0.4716981132075526,10045600.0
002470,20221226,2.1,2.12,2.09,2.12,0.020000000000000018,0.952380952380949,11212800.0
002470,20221223,2.06,2.14,2.06,2.1,0.03000000000000025,1.449275362318847,20770175.0
002470,20221222,2.1,2.12,2.05,2.07,-0.03000000000000025,-1.4285714285714457,16748600.0
002470,20221221,2.1,2.13,2.09,2.1,0.010000000000000231,0.4784688995215447,11262000.0
002470,20221220,2.08,2.11,2.07,2.09,0.0,0.0,12617900.0
002470,20221219,2.14,2.15,2.08,2.09,-0.06000000000000005,-2.7906976744186074,20447400.0
002470,20221216,2.16,2.17,2.14,2.15,-0.020000000000000018,-0.9216589861751112,15978100.0
002470,20221215,2.15,2.19,2.15,2.17,0.020000000000000018,0.9302325581395321,17414775.0
002470,20221214,2.17,2.17,2.14,2.15,-0.020000000000000018,-0.9216589861751112,16287800.0
002470,20221213,2.14,2.2,2.14,2.17,0.029999999999999805,1.4018691588784993,23583500.0
002470,20221212,2.19,2.2,2.14,2.14,-0.04999999999999982,-2.2831050228310446,25721400.0
002470,20221209,2.23,2.26,2.19,2.19,-0.06000000000000005,-2.6666666666666727,32854100.0
002470,20221208,2.2,2.32,2.18,2.25,0.040000000000000036,1.8099547511312153,60064100.0
002470,20221207,2.26,2.29,2.2,2.21,-0.03000000000000025,-1.3392857142857206,60167000.0
002470,20221206,2.12,2.24,2.11,2.24,0.11000000000000032,5.164319248826299,57924100.0
002470,20221205,2.14,2.15,2.12,2.13,0.009999999999999787,0.4716981132075304,22441900.0
002470,20221202,2.1,2.13,2.1,2.12,0.010000000000000231,0.4739336492891155,20189100.0
002470,20221201,2.13,2.14,2.1,2.11,-0.03000000000000025,-1.4018691588785215,33988600.0
002470,20221130,2.09,2.15,2.08,2.14,0.050000000000000266,2.392344497607679,44928300.0
002470,20221129,2.06,2.12,2.05,2.09,0.029999999999999805,1.4563106796116498,30464600.0
002470,20221128,2.04,2.06,2.02,2.06,0.010000000000000231,0.4878048780487809,21726650.0
002470,20221125,2.05,2.06,2.03,2.05,0.0,0.0,15645600.0
002470,20221124,2.03,2.07,2.02,2.05,0.020000000000000018,0.9852216748768461,24288350.0
002470,20221123,2.04,2.05,2.01,2.03,-0.020000000000000018,-0.9756097560975618,25890650.0
002470,20221122,2.05,2.07,2.04,2.05,0.0,0.0,20346650.0
002470,20221121,2.07,2.07,2.03,2.05,-0.03000000000000025,-1.4423076923077094,27852323.0
002470,20221118,2.07,2.11,2.06,2.08,0.020000000000000018,0.9708737864077666,30367300.0
002470,20221117,2.08,2.09,2.05,2.06,-0.020000000000000018,-0.9615384615384581,26103566.0
002470,20221116,2.08,2.11,2.06,2.08,0.0,0.0,26187300.0
002470,20221115,2.07,2.09,2.05,2.08,0.010000000000000231,0.48309178743961567,21649900.0
002470,20221114,2.07,2.09,2.05,2.07,-0.020000000000000018,-0.9569377990430672,27616100.0
002470,20221111,2.16,2.17,2.07,2.09,-0.040000000000000036,-1.8779342723004744,55775873.0
002470,20221110,2.1,2.16,2.08,2.13,0.029999999999999805,1.4285714285714235,30159773.0
002470,20221109,2.12,2.13,2.07,2.1,-0.029999999999999805,-1.4084507042253391,42701900.0
002470,20221108,2.06,2.15,2.05,2.13,0.08000000000000007,3.9024390243902474,45787864.0
002470,20221107,2.06,2.09,2.03,2.05,-0.020000000000000018,-0.9661835748792313,35462100.0
002470,20221104,2.04,2.08,2.04,2.07,0.020000000000000018,0.9756097560975618,23380666.0
002470,20221103,2.03,2.08,2.02,2.05,0.009999999999999787,0.4901960784313708,17868688.0
002470,20221102,2.04,2.12,2.03,2.04,0.0,0.0,37039408.0
002470,20221101,2.02,2.05,2.0,2.04,0.020000000000000018,0.990099009900991,16953179.0
002470,20221031,2.01,2.05,2.0,2.02,-0.009999999999999787,-0.49261083743841194,16155554.0
002470,20221028,2.03,2.07,2.03,2.03,-0.11000000000000032,-5.140186915887868,37149000.0
002470,20221027,2.11,2.15,2.11,2.14,0.020000000000000018,0.9433962264151052,14102700.0
002470,20221026,2.11,2.14,2.09,2.12,0.020000000000000018,0.952380952380949,13344000.0
002470,20221025,2.1,2.13,2.06,2.1,-0.009999999999999787,-0.4739336492890933,16934700.0
002470,20221024,2.16,2.17,2.1,2.11,-0.050000000000000266,-2.314814814814825,17484700.0
002470,20221021,2.18,2.19,2.16,2.16,0.0,0.0,12135054.0
002470,20221020,2.19,2.19,2.15,2.16,-0.029999999999999805,-1.3698630136986245,16802400.0
002470,20221019,2.19,2.21,2.18,2.19,0.0,0.0,9436600.0
002470,20221018,2.21,2.23,2.18,2.19,-0.020000000000000018,-0.9049773755656076,14172300.0
002470,20221017,2.19,2.23,2.18,2.21,-0.010000000000000231,-0.45045045045045695,13743500.0
002470,20221014,2.22,2.27,2.2,2.22,-0.009999999999999787,-0.4484304932735328,18434700.0
002470,20221013,2.18,2.28,2.17,2.23,0.029999999999999805,1.3636363636363447,20654500.0
002470,20221012,2.18,2.23,2.16,2.2,0.010000000000000231,0.4566210045662267,24451300.0
002470,20221011,2.07,2.19,2.07,2.19,0.10000000000000009,4.784688995215314,21051500.0
002470,20221010,2.15,2.15,2.09,2.09,-0.06000000000000005,-2.7906976744186074,15224100.0
002470,20220930,2.04,2.15,2.02,2.15,0.10000000000000009,4.878048780487809,26038300.0
002470,20220929,2.09,2.1,2.04,2.05,-0.020000000000000018,-0.9661835748792313,13280100.0
002470,20220928,2.12,2.13,2.07,2.07,-0.06000000000000005,-2.8169014084507116,13076700.0
002470,20220927,2.12,2.14,2.03,2.13,0.009999999999999787,0.4716981132075304,14703302.0
002470,20220926,2.16,2.16,2.11,2.12,-0.04999999999999982,-2.304147465437778,15466800.0
002470,20220923,2.16,2.2,2.15,2.17,0.009999999999999787,0.4629629629629539,19280204.0
002470,20220922,2.14,2.16,2.13,2.16,0.0,0.0,8624600.0
002470,20220921,2.16,2.17,2.12,2.16,0.0,0.0,16370000.0
002470,20220920,2.17,2.18,2.14,2.16,0.0,0.0,12896100.0
002470,20220919,2.17,2.17,2.13,2.16,-0.009999999999999787,-0.4608294930875445,16183300.0
002470,20220916,2.2,2.21,2.16,2.17,-0.040000000000000036,-1.8099547511312264,15286800.0
002470,20220915,2.24,2.26,2.19,2.21,-0.03000000000000025,-1.3392857142857206,20488600.0
002470,20220914,2.25,2.25,2.22,2.24,-0.029999999999999805,-1.3215859030836885,19108800.0
002470,20220913,2.28,2.28,2.26,2.27,-0.009999999999999787,-0.43859649122806044,12609900.0
002470,20220909,2.27,2.29,2.26,2.28,0.009999999999999787,0.4405286343612147,13278800.0
002470,20220908,2.31,2.32,2.27,2.27,-0.040000000000000036,-1.7316017316017285,16455000.0
002470,20220907,2.33,2.33,2.3,2.31,-0.029999999999999805,-1.2820512820512775,15576900.0
002470,20220906,2.29,2.36,2.28,2.34,0.04999999999999982,2.183406113537112,25510500.0
002470,20220905,2.29,2.3,2.28,2.29,-0.009999999999999787,-0.43478260869563856,10223700.0
002470,20220902,2.31,2.32,2.26,2.3,0.0,0.0,17463600.0
002470,20220901,2.33,2.33,2.29,2.3,-0.010000000000000231,-0.43290043290044045,16125600.0
002470,20220831,2.39,2.41,2.3,2.31,-0.020000000000000018,-0.8583690987124526,29446900.0
002470,20220830,2.31,2.35,2.31,2.33,0.0,0.0,14594469.0
002470,20220829,2.32,2.35,2.3,2.33,-0.029999999999999805,-1.2711864406779627,21480400.0
002470,20220826,2.38,2.43,2.35,2.36,0.04999999999999982,2.1645021645021467,33687600.0
002470,20220825,2.32,2.37,2.3,2.31,-0.040000000000000036,-1.7021276595744705,26278500.0
002470,20220824,2.37,2.42,2.34,2.35,-0.020000000000000018,-0.8438818565400852,31035500.0
002470,20220823,2.37,2.38,2.35,2.37,-0.020000000000000018,-0.8368200836820106,21395900.0
002470,20220822,2.36,2.4,2.34,2.39,0.03000000000000025,1.271186440677985,25333300.0
002470,20220819,2.32,2.39,2.32,2.36,0.029999999999999805,1.2875536480686511,23938004.0
002470,20220818,2.35,2.38,2.33,2.33,-0.020000000000000018,-0.8510638297872353,18533300.0
002470,20220817,2.39,2.4,2.35,2.35,-0.029999999999999805,-1.2605042016806678,26139100.0
002470,20220816,2.42,2.47,2.37,2.38,-0.050000000000000266,-2.0576131687242927,31895400.0
002470,20220815,2.38,2.43,2.35,2.43,0.07000000000000028,2.9661016949152685,39187355.0
002470,20220812,2.31,2.4,2.3,2.36,0.020000000000000018,0.8547008547008517,35999371.0
002470,20220811,2.44,2.44,2.33,2.34,0.020000000000000018,0.8620689655172376,67248155.0
002470,20220810,2.32,2.32,2.32,2.32,0.10999999999999988,4.977375565610864,5903000.0
002470,20220809,2.21,2.22,2.2,2.21,0.0,0.0,9722500.0
002470,20220808,2.2,2.23,2.2,2.21,0.0,0.0,12087300.0
002470,20220805,2.19,2.22,2.17,2.21,0.020000000000000018,0.9132420091324311,12070200.0
002470,20220804,2.18,2.2,2.16,2.19,0.029999999999999805,1.388888888888884,13260300.0
002470,20220803,2.14,2.19,2.14,2.16,0.020000000000000018,0.9345794392523477,20954500.0
002470,20220802,2.22,2.22,2.13,2.14,-0.08999999999999986,-4.035874439461873,29906900.0
002470,20220801,2.27,2.28,2.22,2.23,-0.040000000000000036,-1.7621145374449365,17822100.0
002470,20220729,2.3,2.3,2.26,2.27,-0.020000000000000018,-0.8733624454148492,15351000.0
002470,20220728,2.33,2.34,2.29,2.29,-0.020000000000000018,-0.8658008658008698,18797147.0
002470,20220727,2.3,2.34,2.28,2.31,0.010000000000000231,0.43478260869567187,17732476.0
002470,20220726,2.28,2.34,2.26,2.3,0.020000000000000018,0.8771929824561431,19977000.0
002470,20220725,2.29,2.31,2.26,2.28,0.0,0.0,15050000.0
002470,20220722,2.29,2.3,2.27,2.28,-0.010000000000000231,-0.4366812227074357,15046770.0
002470,20220721,2.32,2.32,2.28,2.29,-0.040000000000000036,-1.716738197424894,21844700.0
002470,20220720,2.27,2.37,2.26,2.33,0.050000000000000266,2.192982456140369,28268900.0
002470,20220719,2.28,2.31,2.26,2.28,-0.010000000000000231,-0.4366812227074357,20436600.0
002470,20220718,2.3,2.31,2.26,2.29,-0.029999999999999805,-1.2931034482758563,17645000.0
002470,20220715,2.37,2.42,2.31,2.32,0.009999999999999787,0.43290043290042934,25766900.0
002470,20220714,2.32,2.34,2.29,2.31,0.0,0.0,15221500.0
002470,20220713,2.28,2.33,2.27,2.31,0.03000000000000025,1.3157894736842257,15453104.0
002470,20220712,2.28,2.35,2.28,2.28,0.020000000000000018,0.8849557522123908,20267708.0
002470,20220711,2.3,2.3,2.24,2.26,-0.06000000000000005,-2.5862068965517238,21355600.0
002470,20220708,2.38,2.38,2.31,2.32,-0.06000000000000005,-2.5210084033613467,24532670.0
002470,20220707,2.33,2.42,2.31,2.38,0.04999999999999982,2.145922746781115,38853355.0
002470,20220706,2.4,2.43,2.33,2.33,-0.06000000000000005,-2.5104602510460317,36823300.0
002470,20220705,2.38,2.44,2.34,2.39,0.07000000000000028,3.0172413793103647,76843834.0
002470,20220704,2.27,2.32,2.24,2.32,0.10999999999999988,4.977375565610864,34831342.0
002470,20220701,2.17,2.21,2.17,2.21,0.10999999999999988,5.238095238095242,24484008.0
002470,20220630,2.11,2.15,2.1,2.1,-0.009999999999999787,-0.4739336492890933,22620100.0
002470,20220629,2.16,2.17,2.1,2.11,-0.050000000000000266,-2.314814814814825,26740200.0
002470,20220628,2.14,2.2,2.13,2.16,0.010000000000000231,0.46511627906977715,21791100.0
002470,20220627,2.19,2.2,2.13,2.15,-0.040000000000000036,-1.82648401826484,28355000.0
002470,20220624,2.22,2.22,2.18,2.19,-0.03000000000000025,-1.3513513513513598,19348200.0
002470,20220623,2.24,2.25,2.16,2.22,-0.029999999999999805,-1.3333333333333197,34294114.0
002470,20220622,2.27,2.27,2.24,2.25,-0.020000000000000018,-0.8810572687224627,14271900.0
002470,20220621,2.24,2.3,2.24,2.27,0.040000000000000036,1.7937219730941756,24010400.0
002470,20220620,2.28,2.28,2.23,2.23,-0.029999999999999805,-1.327433628318575,23181400.0
002470,20220617,2.28,2.31,2.24,2.26,-0.03000000000000025,-1.310043668122285,32581100.0
002470,20220616,2.31,2.33,2.28,2.29,-0.020000000000000018,-0.8658008658008698,23963200.0
002470,20220615,2.33,2.34,2.3,2.31,-0.020000000000000018,-0.8583690987124526,27224300.0
002470,20220614,2.36,2.36,2.3,2.33,-0.029999999999999805,-1.2711864406779627,27800800.0
002470,20220613,2.36,2.39,2.34,2.36,0.0,0.0,30741100.0
002470,20220610,2.36,2.38,2.32,2.36,-0.050000000000000266,-2.0746887966805128,32349610.0
002470,20220609,2.34,2.43,2.34,2.41,0.10000000000000009,4.329004329004338,50800208.0
002470,20220608,2.34,2.37,2.24,2.31,-0.040000000000000036,-1.7021276595744705,36471800.0
002470,20220607,2.34,2.38,2.32,2.35,0.010000000000000231,0.42735042735044804,23474104.0
002470,20220606,2.35,2.36,2.32,2.34,-0.020000000000000018,-0.8474576271186418,22510700.0
002470,20220602,2.38,2.39,2.33,2.36,-0.03000000000000025,-1.2552301255230214,20961400.0
002470,20220601,2.33,2.41,2.32,2.39,0.06000000000000005,2.5751072961373467,28152800.0
002470,20220531,2.32,2.36,2.31,2.33,0.010000000000000231,0.4310344827586299,21795600.0
002470,20220530,2.34,2.35,2.3,2.32,-0.020000000000000018,-0.8547008547008517,20762000.0
002470,20220527,2.37,2.39,2.3,2.34,-0.03000000000000025,-1.2658227848101333,38494600.0
002470,20220526,2.38,2.43,2.37,2.37,-0.020000000000000018,-0.8368200836820106,27451600.0
002470,20220525,2.36,2.4,2.32,2.39,0.010000000000000231,0.42016806722691147,25090975.0
002470,20220524,2.49,2.5,2.38,2.38,-0.1299999999999999,-5.179282868525892,53869200.0
002470,20220523,2.45,2.54,2.44,2.51,0.03999999999999959,1.6194331983805599,34542100.0
002470,20220520,2.41,2.5,2.41,2.47,0.06000000000000005,2.4896265560165887,36001700.0
002470,20220519,2.36,2.45,2.34,2.41,0.020000000000000018,0.8368200836819994,26326000.0
002470,20220518,2.39,2.44,2.36,2.39,-0.020000000000000018,-0.8298755186721962,24129700.0
002470,20220517,2.43,2.46,2.39,2.41,-0.020000000000000018,-0.8230452674897082,36636736.0
002470,20220516,2.31,2.43,2.31,2.43,0.1200000000000001,5.1948051948051965,59368223.0
002470,20220513,2.37,2.46,2.29,2.31,-0.10000000000000009,-4.149377593361003,86156200.0
002470,20220512,2.53,2.55,2.41,2.41,-0.1299999999999999,-5.118110236220463,64255336.0
002470,20220511,2.58,2.58,2.46,2.54,-0.040000000000000036,-1.5503875968992276,47231300.0
002470,20220510,2.68,2.7,2.57,2.58,-0.1200000000000001,-4.444444444444451,63229602.0
002470,20220509,2.72,2.75,2.68,2.7,0.0,0.0,31289800.0
002470,20220506,2.61,2.72,2.61,2.7,0.050000000000000266,1.8867924528301883,39876576.0
002470,20220505,2.67,2.73,2.65,2.65,-0.14000000000000012,-5.017921146953408,59198400.0
002470,20220429,2.85,2.88,2.66,2.79,-0.009999999999999787,-0.35714285714284477,65063874.0
002470,20220428,2.88,2.93,2.8,2.8,-0.15000000000000036,-5.084745762711873,51074600.0
002470,20220427,3.1,3.1,2.95,2.95,-0.1499999999999999,-4.8387096774193505,57452900.0
002470,20220426,3.09,3.1,3.02,3.1,0.1499999999999999,5.084745762711851,29195073.0
002470,20220425,3.0,3.17,2.94,2.95,-0.07999999999999963,-2.640264026402628,83943800.0
002470,20220422,3.12,3.15,3.03,3.03,-0.16000000000000014,-5.0156739811912265,71435336.0
002470,20220421,3.24,3.31,3.17,3.19,0.020000000000000018,0.6309148264984188,98424913.0
002470,20220420,3.24,3.24,3.05,3.17,0.08000000000000007,2.5889967637540368,139125696.0
002470,20220419,3.09,3.09,3.09,3.09,0.1499999999999999,5.102040816326525,2868900.0
002470,20220418,2.81,2.94,2.76,2.94,0.14000000000000012,5.000000000000004,38821600.0
002470,20220415,2.84,2.89,2.78,2.8,-0.050000000000000266,-1.7543859649122862,42015100.0
002470,20220414,2.76,2.89,2.74,2.85,0.0900000000000003,3.260869565217406,49207700.0
002470,20220413,2.73,2.78,2.71,2.76,0.019999999999999574,0.7299270072992581,27435280.0
002470,20220412,2.71,2.76,2.7,2.74,0.020000000000000018,0.7352941176470562,23789700.0
002470,20220411,2.73,2.76,2.69,2.72,-0.04999999999999982,-1.805054151624541,45413480.0
002470,20220408,2.66,2.79,2.66,2.77,0.10999999999999988,4.135338345864659,63538224.0
002470,20220407,2.64,2.7,2.63,2.66,0.010000000000000231,0.37735849056603765,22996879.0
002470,20220406,2.67,2.68,2.63,2.65,-0.03000000000000025,-1.1194029850746356,24915600.0
002470,20220401,2.66,2.69,2.65,2.68,0.0,0.0,19580660.0
002470,20220331,2.7,2.73,2.67,2.68,0.020000000000000018,0.7518796992481258,24437500.0
002470,20220330,2.7,2.71,2.65,2.66,-0.06000000000000005,-2.2058823529411797,26677503.0
002470,20220329,2.66,2.76,2.66,2.72,0.07000000000000028,2.6415094339622858,33987972.0
002470,20220328,2.68,2.69,2.63,2.65,-0.050000000000000266,-1.85185185185186,32493100.0
002470,20220325,2.76,2.78,2.7,2.7,-0.08999999999999986,-3.2258064516129004,36843400.0
002470,20220324,2.83,2.85,2.79,2.79,-0.029999999999999805,-1.0638297872340385,33357200.0
002470,20220323,2.79,2.86,2.79,2.82,0.009999999999999787,0.3558718861209842,27561586.0
002470,20220322,2.77,2.93,2.77,2.81,-0.009999999999999787,-0.35460992907800915,51204434.0
002470,20220321,2.72,2.82,2.69,2.82,0.1299999999999999,4.832713754646845,55699829.0
002470,20220318,2.66,2.7,2.64,2.69,0.029999999999999805,1.1278195488721776,26786500.0
002470,20220317,2.65,2.69,2.62,2.66,0.020000000000000018,0.7575757575757569,25065060.0
002470,20220316,2.66,2.66,2.53,2.64,0.020000000000000018,0.7633587786259444,35821865.0
002470,20220315,2.71,2.71,2.6,2.62,-0.10000000000000009,-3.676470588235292,34179200.0
002470,20220314,2.75,2.77,2.71,2.72,-0.029999999999999805,-1.0909090909090868,19678000.0
002470,20220311,2.71,2.79,2.67,2.75,0.040000000000000036,1.4760147601476037,28754362.0
002470,20220310,2.71,2.75,2.68,2.71,0.029999999999999805,1.1194029850746245,20154400.0
002470,20220309,2.7,2.74,2.6,2.68,-0.04999999999999982,-1.831501831501825,35805910.0
002470,20220308,2.75,2.78,2.67,2.73,-0.020000000000000018,-0.727272727272732,29116800.0
002470,20220307,2.82,2.82,2.75,2.75,-0.020000000000000018,-0.7220216606498187,27881600.0
002470,20220304,2.69,2.78,2.69,2.77,0.08999999999999986,3.3582089552238736,28046700.0
002470,20220303,2.72,2.74,2.68,2.68,-0.04999999999999982,-1.831501831501825,28515600.0
002470,20220302,2.77,2.8,2.68,2.73,-0.020000000000000018,-0.727272727272732,30881900.0
002470,20220301,2.78,2.81,2.75,2.75,-0.020000000000000018,-0.7220216606498187,25848900.0
002470,20220228,2.76,2.8,2.75,2.77,-0.009999999999999787,-0.3597122302158251,35455795.0
002470,20220225,2.68,2.79,2.68,2.78,0.11999999999999966,4.5112781954887105,64352398.0
002470,20220224,2.74,2.77,2.62,2.66,-0.08999999999999986,-3.2727272727272716,43900600.0
002470,20220223,2.75,2.78,2.72,2.75,0.029999999999999805,1.1029411764705843,20465800.0
002470,20220222,2.74,2.75,2.71,2.72,-0.03999999999999959,-1.4492753623188248,20768514.0
002470,20220221,2.75,2.78,2.73,2.76,0.0,0.0,21140150.0
002470,20220218,2.79,2.82,2.74,2.76,0.0,0.0,28344844.0
002470,20220217,2.71,2.83,2.71,2.76,0.019999999999999574,0.7299270072992581,28303600.0
002470,20220216,2.7,2.77,2.68,2.74,0.03000000000000025,1.1070110701107083,16311900.0
002470,20220215,2.76,2.78,2.67,2.71,-0.08000000000000007,-2.8673835125448077,35444250.0
002470,20220214,2.66,2.82,2.65,2.79,0.10000000000000009,3.7174721189591198,42292600.0
002470,20220211,2.67,2.74,2.65,2.69,0.009999999999999787,0.3731343283581934,25569400.0
002470,20220210,2.73,2.83,2.67,2.68,-0.06000000000000005,-2.1897810218978075,38654200.0
002470,20220209,2.72,2.78,2.64,2.74,0.020000000000000018,0.7352941176470562,41928069.0
002470,20220208,2.74,2.74,2.64,2.72,0.11000000000000032,4.214559386973193,74352369.0
002470,20220207,2.55,2.61,2.54,2.61,0.11999999999999966,4.819277108433728,18704500.0
002470,20220128,2.45,2.49,2.41,2.49,0.1200000000000001,5.063291139240511,15320800.0
002470,20220127,2.3,2.38,2.26,2.37,0.08000000000000007,3.493449781659397,45718704.0
002470,20220126,2.26,2.38,2.26,2.29,0.020000000000000018,0.8810572687224738,38446900.0
002470,20220125,2.39,2.42,2.27,2.27,-0.1200000000000001,-5.020920502092052,47433504.0
002470,20220124,2.39,2.42,2.39,2.39,-0.1299999999999999,-5.158730158730151,41159700.0
002470,20220121,2.52,2.6,2.52,2.52,-0.1299999999999999,-4.9056603773584895,45272200.0
002470,20220120,2.77,2.79,2.64,2.65,-0.0900000000000003,-3.284671532846728,49095200.0
002470,20220119,2.67,2.79,2.6,2.74,0.07000000000000028,2.621722846441954,46274700.0
002470,20220118,2.84,2.84,2.65,2.67,-0.03000000000000025,-1.1111111111111183,65802600.0
002470,20220117,2.83,2.84,2.69,2.7,-0.1299999999999999,-4.59363957597173,46893500.0
002470,20220114,2.86,2.88,2.82,2.83,-0.009999999999999787,-0.35211267605632646,32394884.0
002470,20220113,2.91,2.92,2.83,2.84,-0.06000000000000005,-2.0689655172413834,29128065.0
002470,20220112,2.9,2.93,2.88,2.9,0.009999999999999787,0.34602076124565784,21474800.0
002470,20220111,2.89,2.95,2.85,2.89,-0.06999999999999984,-2.3648648648648574,48852600.0
002470,20220110,2.9,3.02,2.9,2.96,0.009999999999999787,0.3389830508474523,35751200.0
002470,20220107,2.94,3.1,2.91,2.95,-0.05999999999999961,-1.9933554817275656,65363953.0
002470,20220106,3.07,3.09,2.96,3.01,-0.0900000000000003,-2.903225806451626,53175339.0
002470,20220105,3.18,3.26,3.07,3.1,-0.06000000000000005,-1.898734177215189,90220344.0
002470,20220104,3.01,3.16,2.98,3.16,0.15000000000000036,4.983388704318958,62604587.0
002470,20211231,3.1,3.1,3.0,3.01,-0.0900000000000003,-2.903225806451626,102393606.0
002470,20211230,3.1,3.1,3.1,3.1,0.1499999999999999,5.084745762711851,2965014.0
002470,20211229,2.95,2.95,2.95,2.95,0.14000000000000012,4.982206405693956,1260100.0
002470,20211227,2.67,2.81,2.62,2.81,0.1299999999999999,4.850746268656714,46448869.0
002470,20211224,2.73,2.76,2.66,2.68,-0.04999999999999982,-1.831501831501825,29852105.0
002470,20211223,2.78,2.83,2.72,2.73,-0.08000000000000007,-2.8469750889679735,36482827.0
002470,20211222,2.69,2.85,2.66,2.81,0.10000000000000009,3.690036900368998,51794300.0
002470,20211221,2.64,2.77,2.62,2.71,0.04999999999999982,1.8796992481203034,34956754.0
002470,20211220,2.76,2.82,2.66,2.66,-0.13999999999999968,-4.999999999999993,54944962.0
002470,20211217,2.79,2.84,2.74,2.8,0.0,0.0,44477100.0
002470,20211216,2.92,2.95,2.79,2.8,-0.14000000000000012,-4.761904761904767,73711526.0
002470,20211215,2.91,3.01,2.9,2.94,0.0,0.0,44808724.0
002470,20211214,2.89,3.01,2.84,2.94,0.009999999999999787,0.3412969283276279,55184800.0
002470,20211213,2.94,3.03,2.81,2.93,0.040000000000000036,1.384083044982698,85659936.0
002470,20211210,2.72,2.89,2.7,2.89,0.14000000000000012,5.0909090909091015,70317300.0
002470,20211209,2.83,2.89,2.72,2.75,-0.10999999999999988,-3.8461538461538436,78521381.0
002470,20211208,3.11,3.11,2.86,2.86,-0.1499999999999999,-4.983388704318936,125796431.0
002470,20211207,3.01,3.01,3.01,3.01,0.13999999999999968,4.878048780487787,8513108.0
002470,20211206,2.73,2.87,2.71,2.87,0.14000000000000012,5.128205128205132,76271008.0
002470,20211203,2.78,2.83,2.66,2.73,0.009999999999999787,0.3676470588235281,86381567.0
002470,20211202,2.65,2.72,2.6,2.72,0.13000000000000034,5.0193050193050315,78806600.0
002470,20211201,2.45,2.59,2.44,2.59,0.11999999999999966,4.85829959514168,67083500.0
002470,20211130,2.47,2.56,2.46,2.47,-0.029999999999999805,-1.19999999999999,52856109.0
002470,20211129,2.34,2.52,2.33,2.5,0.10000000000000009,4.166666666666674,96584713.0
002470,20211126,2.32,2.4,2.3,2.4,0.10999999999999988,4.8034934497816595,28871556.0
002470,20211125,2.25,2.34,2.21,2.29,0.03000000000000025,1.3274336283185972,39168215.0
002470,20211124,2.29,2.33,2.25,2.26,-0.040000000000000036,-1.7391304347826098,47023914.0
002470,20211123,2.19,2.3,2.19,2.3,0.10999999999999988,5.022831050228316,62676268.0
002470,20211122,2.21,2.24,2.17,2.19,-0.06999999999999984,-3.0973451327433565,52393178.0
002470,20211119,2.22,2.27,2.19,2.26,0.029999999999999805,1.3452914798206095,48269800.0
002470,20211118,2.28,2.28,2.23,2.23,-0.04999999999999982,-2.1929824561403466,39392100.0
002470,20211117,2.24,2.33,2.23,2.28,0.029999999999999805,1.3333333333333197,47955900.0
002470,20211116,2.21,2.29,2.19,2.25,-0.009999999999999787,-0.4424778761061843,61991100.0
002470,20211115,2.21,2.39,2.21,2.26,-0.03000000000000025,-1.310043668122285,94087096.0
002470,20211112,2.29,2.29,2.29,2.29,-0.1200000000000001,-4.9792531120331995,6427900.0
002470,20211111,2.41,2.41,2.41,2.41,-0.1299999999999999,-5.118110236220463,10537000.0
002470,20211110,2.47,2.56,2.46,2.54,0.03000000000000025,1.195219123505975,43900200.0
002470,20211109,2.46,2.58,2.42,2.51,0.03999999999999959,1.6194331983805599,55081655.0
002470,20211108,2.42,2.52,2.36,2.47,0.050000000000000266,2.066115702479343,52783612.0
002470,20211105,2.28,2.42,2.27,2.42,0.1200000000000001,5.21739130434784,49579312.0
002470,20211104,2.31,2.39,2.29,2.3,-0.03000000000000025,-1.2875536480686844,35001194.0
002470,20211103,2.26,2.34,2.2,2.33,0.03000000000000025,1.3043478260869712,44908394.0
002470,20211102,2.42,2.46,2.3,2.3,-0.1200000000000001,-4.958677685950419,70469300.0
002470,20211101,2.5,2.5,2.4,2.42,-0.10999999999999988,-4.347826086956519,48613500.0
002470,20211029,2.51,2.59,2.51,2.53,-0.010000000000000231,-0.3937007874015852,34774000.0
002470,20211028,2.63,2.64,2.53,2.54,-0.08999999999999986,-3.4220532319391594,50791200.0
002470,20211027,2.52,2.63,2.5,2.63,0.1299999999999999,5.200000000000005,61864000.0
002470,20211026,2.57,2.63,2.5,2.5,-0.10000000000000009,-3.8461538461538547,50341700.0
002470,20211025,2.56,2.65,2.51,2.6,0.08000000000000007,3.1746031746031855,83693468.0
002470,20211022,2.4,2.52,2.35,2.52,0.1200000000000001,5.000000000000004,53265468.0
002470,20211021,2.36,2.46,2.32,2.4,0.020000000000000018,0.8403361344537785,60358400.0
002470,20211020,2.47,2.49,2.38,2.38,-0.1299999999999999,-5.179282868525892,80710004.0
002470,20211019,2.62,2.63,2.51,2.51,-0.13000000000000034,-4.924242424242442,70015800.0
002470,20211018,2.55,2.68,2.55,2.64,0.07000000000000028,2.723735408560324,54272540.0
002470,20211015,2.58,2.63,2.57,2.57,-0.14000000000000012,-5.166051660516613,46534200.0
002470,20211014,2.82,2.83,2.67,2.71,-0.10000000000000009,-3.558718861209964,57160900.0
002470,20211013,2.84,2.91,2.8,2.81,-0.14000000000000012,-4.74576271186441,67204800.0
002470,20211012,3.01,3.07,2.91,2.95,-0.08999999999999986,-2.960526315789469,46990177.0
002470,20211011,2.97,3.14,2.97,3.04,0.0,0.0,45191777.0
002470,20211008,3.06,3.1,3.01,3.04,0.020000000000000018,0.6622516556291425,36531000.0
002470,20210930,2.95,3.08,2.94,3.02,0.06999999999999984,2.372881355932188,38249650.0
002470,20210929,2.96,3.02,2.89,2.95,-0.020000000000000018,-0.6734006734006703,44242281.0
002470,20210928,2.97,3.07,2.97,2.97,-0.1599999999999997,-5.111821086261969,92879772.0
002470,20210927,3.13,3.13,3.05,3.13,0.1499999999999999,5.033557046979853,118502464.0
002470,20210924,3.03,3.06,2.94,2.98,-0.08999999999999986,-2.931596091205202,53261100.0
002470,20210923,3.06,3.18,3.05,3.07,0.020000000000000018,0.6557377049180246,71832762.0
002470,20210922,2.87,3.05,2.84,3.05,0.1499999999999999,5.1724137931034475,78554378.0
002470,20210917,3.02,3.03,2.89,2.9,-0.14000000000000012,-4.605263157894745,89932394.0
002470,20210916,3.01,3.15,2.96,3.04,0.040000000000000036,1.333333333333342,91467271.0
002470,20210915,3.0,3.06,3.0,3.0,-0.16000000000000014,-5.063291139240511,88042100.0
002470,20210914,3.26,3.27,3.15,3.16,-0.1599999999999997,-4.819277108433728,115684203.0
002470,20210913,3.2,3.34,3.14,3.32,0.13999999999999968,4.402515723270439,119911182.0
002470,20210910,3.17,3.24,3.05,3.18,-0.020000000000000018,-0.6249999999999978,99280458.0
002470,20210909,3.27,3.33,3.16,3.2,-0.1299999999999999,-3.9039039039039047,103551162.0
002470,20210908,3.34,3.43,3.23,3.33,-0.009999999999999787,-0.29940119760478723,119710279.0
002470,20210907,3.26,3.34,3.17,3.34,0.1599999999999997,5.031446540880502,130394448.0
002470,20210906,3.25,3.3,3.18,3.18,-0.16999999999999993,-5.074626865671639,126156044.0
002470,20210903,3.44,3.45,3.18,3.35,0.06000000000000005,1.823708206686936,216613145.0
002470,20210902,3.27,3.29,3.06,3.29,0.16000000000000014,5.111821086261981,155430007.0
002470,20210901,3.45,3.45,3.13,3.13,-0.16000000000000014,-4.863221884498481,282172672.0
002470,20210831,3.29,3.29,3.29,3.29,0.16000000000000014,5.111821086261981,6978708.0
002470,20210830,3.13,3.13,3.13,3.13,0.1499999999999999,5.033557046979853,11376500.0
002470,20210827,2.98,2.98,2.98,2.98,0.14000000000000012,4.929577464788748,16937806.0
002470,20210826,2.8,2.84,2.73,2.84,0.13999999999999968,5.185185185185182,93620203.0
002470,20210825,2.7,2.7,2.7,2.7,0.13000000000000034,5.058365758754868,12730220.0
002470,20210824,2.54,2.57,2.49,2.57,0.11999999999999966,4.8979591836734615,49090772.0
002470,20210823,2.45,2.45,2.33,2.45,0.1200000000000001,5.150214592274693,100693995.0
002470,20210820,2.27,2.33,2.26,2.33,0.10999999999999988,4.954954954954949,76735279.0
002470,20210819,2.21,2.33,2.21,2.22,-0.04999999999999982,-2.2026431718061623,104532251.0
002470,20210818,2.15,2.29,2.08,2.27,0.08999999999999986,4.128440366972463,172506021.0
002470,20210817,2.18,2.18,2.09,2.18,0.10000000000000009,4.807692307692313,67878766.0
002470,20210816,2.08,2.08,2.08,2.08,0.10000000000000009,5.050505050505061,2664700.0
002470,20210813,1.92,1.98,1.91,1.98,0.09000000000000008,4.761904761904767,85697366.0
002470,20210812,1.84,1.92,1.84,1.89,0.04999999999999982,2.717391304347827,51039104.0
002470,20210811,1.87,1.89,1.84,1.84,-0.09999999999999987,-5.154639175257724,61573510.0
002470,20210810,1.87,1.95,1.85,1.94,0.07999999999999985,4.3010752688172005,63737500.0
002470,20210809,1.82,1.89,1.82,1.86,0.030000000000000027,1.6393442622950838,37416100.0
002470,20210806,1.77,1.85,1.76,1.83,0.07000000000000006,3.9772727272727293,46186894.0
002470,20210805,1.77,1.78,1.75,1.76,-0.020000000000000018,-1.1235955056179803,17187200.0
002470,20210804,1.75,1.79,1.74,1.78,0.020000000000000018,1.1363636363636465,17238034.0
002470,20210803,1.79,1.82,1.76,1.76,-0.020000000000000018,-1.1235955056179803,25419900.0
002470,20210802,1.78,1.8,1.77,1.78,0.0,0.0,21321100.0
002470,20210730,1.74,1.79,1.71,1.78,0.030000000000000027,1.7142857142857126,24411900.0
002470,20210729,1.7,1.77,1.68,1.75,0.020000000000000018,1.1560693641618602,29274640.0
002470,20210728,1.8,1.8,1.73,1.73,-0.09000000000000008,-4.94505494505495,46841700.0
002470,20210727,1.85,1.87,1.81,1.82,-0.020000000000000018,-1.0869565217391353,34171700.0
002470,20210726,1.84,1.88,1.82,1.84,-0.010000000000000009,-0.5405405405405461,34126200.0
002470,20210723,1.83,1.88,1.8,1.85,0.020000000000000018,1.0928961748633892,42943700.0
002470,20210722,1.84,1.84,1.82,1.83,-0.010000000000000009,-0.5434782608695676,25629300.0
002470,20210721,1.84,1.86,1.83,1.84,0.010000000000000009,0.5464480874316946,21754353.0
002470,20210720,1.83,1.83,1.8,1.83,-0.030000000000000027,-1.6129032258064502,29128467.0
002470,20210719,1.87,1.9,1.85,1.86,0.010000000000000009,0.540540540540535,36572179.0
002470,20210716,1.82,1.87,1.8,1.85,0.030000000000000027,1.6483516483516425,28126046.0
002470,20210715,1.82,1.83,1.8,1.82,-0.030000000000000027,-1.6216216216216273,28527025.0
002470,20210714,1.83,1.86,1.8,1.85,0.030000000000000027,1.6483516483516425,34226545.0
002470,20210713,1.83,1.83,1.78,1.82,-0.040000000000000036,-2.1505376344086002,43690249.0
002470,20210712,1.89,1.92,1.86,1.86,-0.010000000000000009,-0.5347593582887722,33657504.0
002470,20210709,1.82,1.88,1.81,1.87,0.07000000000000006,3.8888888888888973,37003200.0
002470,20210708,1.78,1.83,1.77,1.8,0.0,0.0,32427333.0
002470,20210707,1.84,1.84,1.8,1.8,-0.08999999999999986,-4.761904761904756,65543070.0
002470,20210706,1.91,1.92,1.88,1.89,-0.050000000000000044,-2.577319587628868,44949059.0
002470,20210705,1.86,1.94,1.84,1.94,0.08999999999999986,4.86486486486486,52113145.0
002470,20210702,1.85,1.86,1.81,1.85,0.030000000000000027,1.6483516483516425,30187245.0
002470,20210701,1.83,1.87,1.81,1.82,-0.020000000000000018,-1.0869565217391353,28187209.0
002470,20210630,1.82,1.88,1.82,1.84,0.020000000000000018,1.098901098901095,30712104.0
002470,20210629,1.82,1.86,1.77,1.82,-0.020000000000000018,-1.0869565217391353,42485004.0
002470,20210628,1.87,1.95,1.82,1.84,-0.04999999999999982,-2.64550264550264,64733361.0
002470,20210625,1.82,1.92,1.8,1.89,0.039999999999999813,2.1621621621621623,66324438.0
002470,20210624,1.88,1.9,1.83,1.85,0.040000000000000036,2.20994475138121,103794080.0
002470,20210623,1.72,1.81,1.72,1.81,0.09000000000000008,5.232558139534893,38556467.0
002470,20210622,1.77,1.8,1.7,1.72,-0.030000000000000027,-1.7142857142857126,75474980.0
002470,20210621,1.67,1.75,1.65,1.75,0.08000000000000007,4.790419161676662,62921377.0
002470,20210618,1.62,1.69,1.61,1.67,0.04999999999999982,3.0864197530864113,52947800.0
002470,20210617,1.6,1.63,1.59,1.62,0.020000000000000018,1.2499999999999956,29121699.0
002470,20210616,1.59,1.64,1.59,1.6,0.0,0.0,30092100.0
002470,20210615,1.61,1.62,1.58,1.6,-0.029999999999999805,-1.8404907975460016,41300800.0
002470,20210611,1.58,1.66,1.57,1.63,0.04999999999999982,3.164556962025311,55927300.0
002470,20210610,1.6,1.61,1.56,1.58,-0.010000000000000009,-0.6289308176100628,39331704.0
002470,20210609,1.59,1.63,1.57,1.59,-0.010000000000000009,-0.6249999999999978,48239364.0
002470,20210608,1.56,1.61,1.53,1.6,0.020000000000000018,1.2658227848101333,56898156.0
002470,20210607,1.6,1.61,1.56,1.58,0.050000000000000044,3.267973856209161,95175302.0
002470,20210604,1.49,1.53,1.47,1.53,0.07000000000000006,4.794520547945202,42752915.0
002470,20210603,1.46,1.46,1.46,1.46,0.07000000000000006,5.035971223021596,6061700.0
002470,20210602,1.4,1.41,1.37,1.39,-0.020000000000000018,-1.4184397163120588,32108700.0
002470,20210601,1.41,1.44,1.4,1.41,-0.010000000000000009,-0.7042253521126751,23513300.0
002470,20210531,1.39,1.46,1.39,1.42,0.020000000000000018,1.4285714285714235,36988600.0
002470,20210528,1.39,1.4,1.35,1.4,0.0,0.0,38560872.0
002470,20210527,1.41,1.43,1.4,1.4,-0.010000000000000009,-0.7092198581560294,25995604.0
002470,20210526,1.39,1.42,1.38,1.41,0.010000000000000009,0.7142857142857117,31821247.0
002470,20210525,1.38,1.44,1.38,1.4,-0.050000000000000044,-3.4482758620689724,73647206.0
002470,20210524,1.45,1.45,1.45,1.45,-0.08000000000000007,-5.228758169934644,7069800.0
002470,20210521,1.58,1.58,1.53,1.53,-0.08000000000000007,-4.968944099378891,32917200.0
002470,20210520,1.55,1.63,1.53,1.61,0.06000000000000005,3.8709677419354938,39815400.0
002470,20210519,1.54,1.58,1.53,1.55,0.010000000000000009,0.6493506493506551,21490000.0
002470,20210518,1.54,1.57,1.53,1.54,-0.020000000000000018,-1.2820512820512886,23020104.0
002470,20210517,1.62,1.63,1.56,1.56,-0.07999999999999985,-4.8780487804877986,40704477.0
002470,20210514,1.63,1.66,1.61,1.64,-0.010000000000000009,-0.60606060606061,36321312.0
002470,20210513,1.67,1.68,1.62,1.65,0.010000000000000009,0.6097560975609762,55946477.0
002470,20210512,1.61,1.64,1.58,1.64,0.07999999999999985,5.12820512820511,56573644.0
002470,20210511,1.58,1.59,1.55,1.56,-0.030000000000000027,-1.8867924528301883,27537480.0
002470,20210510,1.57,1.61,1.56,1.59,0.010000000000000009,0.6329113924050667,25439123.0
002470,20210507,1.63,1.63,1.57,1.58,0.010000000000000009,0.6369426751592355,34244800.0
002470,20210506,1.56,1.59,1.53,1.57,0.040000000000000036,2.614379084967333,37619030.0
002470,20210430,1.51,1.53,1.51,1.53,0.07000000000000006,4.794520547945202,33634204.0
002470,20210429,1.5,1.55,1.46,1.46,-0.050000000000000044,-3.311258278145701,38659400.0
002470,20210428,1.54,1.55,1.5,1.51,-0.030000000000000027,-1.9480519480519543,18025000.0
002470,20210427,1.57,1.59,1.53,1.54,-0.010000000000000009,-0.6451612903225823,24221400.0
002470,20210426,1.53,1.6,1.53,1.55,0.030000000000000027,1.9736842105263275,28825500.0
002470,20210423,1.53,1.54,1.5,1.52,-0.020000000000000018,-1.2987012987012991,30031935.0
002470,20210422,1.55,1.57,1.54,1.54,-0.010000000000000009,-0.6451612903225823,18657200.0
002470,20210421,1.57,1.58,1.53,1.55,-0.030000000000000027,-1.898734177215189,28295700.0
002470,20210420,1.58,1.61,1.57,1.58,-0.010000000000000009,-0.6289308176100628,23667100.0
002470,20210419,1.58,1.61,1.57,1.59,0.0,0.0,31640304.0
002470,20210416,1.6,1.61,1.55,1.59,-0.039999999999999813,-2.4539877300613355,57933400.0
002470,20210415,1.6,1.64,1.56,1.63,0.06999999999999984,4.487179487179471,69145200.0
002470,20210414,1.54,1.57,1.5,1.56,0.020000000000000018,1.2987012987013102,32988440.0
002470,20210413,1.55,1.57,1.53,1.54,-0.020000000000000018,-1.2820512820512886,25509940.0
002470,20210412,1.6,1.62,1.55,1.56,-0.050000000000000044,-3.105590062111807,34084647.0
002470,20210409,1.56,1.62,1.54,1.61,0.040000000000000036,2.547770700636942,38356640.0
002470,20210408,1.56,1.61,1.54,1.57,0.010000000000000009,0.6410256410256387,36548000.0
002470,20210407,1.57,1.6,1.53,1.56,-0.030000000000000027,-1.8867924528301883,55078000.0
002470,20210406,1.64,1.65,1.58,1.59,-0.05999999999999983,-3.6363636363636265,53889521.0
002470,20210402,1.7,1.75,1.65,1.65,-0.030000000000000027,-1.7857142857142905,91495642.0
002470,20210401,1.65,1.68,1.62,1.68,0.07999999999999985,4.999999999999982,46058227.0
002470,20210331,1.71,1.71,1.55,1.6,-0.029999999999999805,-1.8404907975460016,107193000.0
002470,20210330,1.6,1.63,1.57,1.63,0.07999999999999985,5.161290322580636,26981527.0
002470,20210329,1.49,1.55,1.48,1.55,0.07000000000000006,4.729729729729737,48812307.0
002470,20210326,1.43,1.48,1.43,1.48,0.030000000000000027,2.0689655172413834,26942297.0
002470,20210325,1.51,1.54,1.44,1.45,-0.050000000000000044,-3.3333333333333326,54904557.0
002470,20210324,1.47,1.53,1.46,1.5,0.030000000000000027,2.0408163265306145,46322200.0
002470,20210323,1.44,1.5,1.41,1.47,0.030000000000000027,2.083333333333326,48990840.0
002470,20210322,1.45,1.47,1.42,1.44,0.010000000000000009,0.6993006993007089,52730728.0
002470,20210319,1.39,1.43,1.38,1.43,0.06999999999999984,5.1470588235293935,67862668.0
002470,20210318,1.37,1.39,1.34,1.36,-0.019999999999999796,-1.4492753623188248,24044204.0
002470,20210317,1.38,1.39,1.37,1.38,-0.010000000000000009,-0.7194244604316502,19097500.0
002470,20210316,1.37,1.43,1.37,1.39,0.010000000000000009,0.7246376811594235,25482100.0
002470,20210315,1.37,1.39,1.36,1.38,0.0,0.0,17928804.0
002470,20210312,1.37,1.4,1.35,1.38,0.009999999999999787,0.7299270072992581,22086700.0
002470,20210311,1.39,1.42,1.35,1.37,-0.009999999999999787,-0.7246376811594013,32246640.0
002470,20210310,1.33,1.4,1.31,1.38,0.04999999999999982,3.7593984962405846,38526633.0
002470,20210309,1.37,1.39,1.31,1.33,-0.040000000000000036,-2.919708029197088,39273600.0
002470,20210308,1.38,1.41,1.37,1.37,-0.029999999999999805,-2.142857142857124,35427200.0
002470,20210305,1.42,1.48,1.39,1.4,-0.020000000000000018,-1.4084507042253502,51119340.0
002470,20210304,1.49,1.49,1.42,1.42,-0.07000000000000006,-4.697986577181212,65679104.0
002470,20210303,1.44,1.52,1.43,1.49,0.040000000000000036,2.758620689655178,54706036.0
002470,20210302,1.38,1.45,1.36,1.45,0.07000000000000006,5.072463768115942,46486057.0
002470,20210301,1.37,1.39,1.36,1.38,0.009999999999999787,0.7299270072992581,22531000.0
002470,20210226,1.37,1.38,1.34,1.37,-0.019999999999999796,-1.4388489208632893,28359400.0
002470,20210225,1.39,1.43,1.37,1.39,0.010000000000000009,0.7246376811594235,32898533.0
002470,20210224,1.36,1.42,1.35,1.38,0.0,0.0,37962533.0
002470,20210223,1.4,1.42,1.38,1.38,-0.07000000000000006,-4.827586206896561,55994400.0
002470,20210222,1.44,1.49,1.42,1.45,0.0,0.0,54879190.0
002470,20210219,1.39,1.45,1.36,1.45,0.07000000000000006,5.072463768115942,56780402.0
002470,20210218,1.33,1.38,1.31,1.38,0.06999999999999984,5.343511450381677,44793620.0
002470,20210210,1.33,1.35,1.3,1.31,-0.020000000000000018,-1.5037593984962405,27552290.0
002470,20210209,1.29,1.34,1.28,1.33,0.050000000000000044,3.90625,54904867.0
002470,20210208,1.25,1.31,1.21,1.28,0.020000000000000018,1.5873015873015817,65409011.0
002470,20210205,1.21,1.26,1.21,1.26,0.06000000000000005,5.000000000000004,41980711.0
002470,20210204,1.23,1.24,1.19,1.2,-0.040000000000000036,-3.2258064516129115,31023100.0
002470,20210203,1.28,1.28,1.23,1.24,0.020000000000000018,1.6393442622950838,63106908.0
002470,20210202,1.22,1.22,1.2,1.22,0.06000000000000005,5.1724137931034475,23813610.0
002470,20210201,1.16,1.16,1.16,1.16,0.05999999999999983,5.454545454545445,9625620.0
002470,20210129,1.13,1.14,1.08,1.1,-0.029999999999999805,-2.65486725663715,28435882.0
002470,20210128,1.15,1.16,1.13,1.13,-0.010000000000000009,-0.8771929824561431,18419000.0
002470,20210127,1.17,1.17,1.14,1.14,-0.040000000000000036,-3.3898305084745783,16915700.0
002470,20210126,1.14,1.2,1.14,1.18,0.030000000000000027,2.60869565217392,21711804.0
002470,20210125,1.14,1.16,1.14,1.15,-0.010000000000000009,-0.8620689655172376,15703500.0
002470,20210122,1.19,1.19,1.14,1.16,-0.030000000000000027,-2.5210084033613467,34436000.0
002470,20210121,1.2,1.22,1.19,1.19,-0.020000000000000018,-1.6528925619834767,18367800.0
002470,20210120,1.21,1.22,1.19,1.21,0.0,0.0,21690200.0
002470,20210119,1.21,1.23,1.2,1.21,-0.010000000000000009,-0.8196721311475419,21838800.0
002470,20210118,1.18,1.24,1.18,1.22,0.030000000000000027,2.521008403361358,37447132.0
002470,20210115,1.18,1.21,1.17,1.19,0.0,0.0,24205586.0
002470,20210114,1.18,1.19,1.15,1.19,0.010000000000000009,0.8474576271186418,30037000.0
002470,20210113,1.18,1.2,1.14,1.18,-0.010000000000000009,-0.8403361344537785,40241781.0
002470,20210112,1.17,1.25,1.17,1.19,0.0,0.0,35578220.0
002470,20210111,1.23,1.27,1.18,1.19,-0.040000000000000036,-3.25203252032521,41330300.0
002470,20210108,1.16,1.23,1.16,1.23,0.06000000000000005,5.128205128205132,54302621.0
002470,20210107,1.21,1.22,1.17,1.17,-0.06000000000000005,-4.878048780487809,43660572.0
002470,20210106,1.23,1.25,1.2,1.23,-0.010000000000000009,-0.8064516129032251,35168762.0
002470,20210105,1.28,1.3,1.24,1.24,-0.06000000000000005,-4.615384615384621,60567688.0
002470,20210104,1.29,1.34,1.26,1.3,0.020000000000000018,1.5625,65696465.0
002470,20201231,1.26,1.3,1.23,1.28,-0.010000000000000009,-0.7751937984496138,66724740.0
002470,20201230,1.31,1.31,1.23,1.29,0.040000000000000036,3.200000000000003,177485666.0
002470,20201229,1.25,1.25,1.25,1.25,0.06000000000000005,5.042016806722693,2607600.0
002470,20201228,1.19,1.19,1.19,1.19,0.06000000000000005,5.3097345132743445,3712700.0
002470,20201225,1.13,1.13,1.13,1.13,0.04999999999999982,4.629629629629606,6334600.0
002470,20201224,1.05,1.08,1.05,1.08,0.050000000000000044,4.854368932038833,34804355.0
002470,20201223,1.04,1.06,1.02,1.03,-0.020000000000000018,-1.904761904761909,38832100.0
002470,20201222,1.06,1.07,1.03,1.05,-0.030000000000000027,-2.777777777777779,42738501.0
002470,20201221,1.09,1.12,1.06,1.08,-0.020000000000000018,-1.8181818181818188,54908630.0
002470,20201218,1.03,1.1,1.03,1.1,0.050000000000000044,4.761904761904767,82683755.0
002470,20201217,1.02,1.07,1.02,1.05,-0.020000000000000018,-1.869158878504673,83069851.0
002470,20201216,1.11,1.13,1.07,1.07,-0.05999999999999983,-5.309734513274322,71463272.0
002470,20201215,1.19,1.19,1.13,1.13,-0.06000000000000005,-5.042016806722693,96975645.0
002470,20201214,1.21,1.24,1.17,1.19,0.010000000000000009,0.8474576271186418,118052800.0
002470,20201211,1.18,1.21,1.18,1.18,-0.06000000000000005,-4.838709677419361,112323522.0
002470,20201210,1.27,1.28,1.24,1.24,-0.06000000000000005,-4.615384615384621,48592400.0
002470,20201209,1.35,1.36,1.3,1.3,-0.07000000000000006,-5.109489051094895,47658282.0
002470,20201208,1.35,1.38,1.34,1.37,0.020000000000000018,1.4814814814814836,14901400.0
002470,20201207,1.37,1.38,1.35,1.35,-0.029999999999999805,-2.1739130434782483,12887304.0
002470,20201204,1.37,1.39,1.34,1.38,0.029999999999999805,2.2222222222222143,29516304.0
002470,20201203,1.34,1.36,1.33,1.35,-0.010000000000000009,-0.7352941176470562,15613212.0
002470,20201202,1.36,1.37,1.34,1.36,-0.010000000000000009,-0.7299270072992692,20883359.0
002470,20201201,1.36,1.4,1.35,1.37,0.0,0.0,30024512.0
002470,20201130,1.33,1.39,1.32,1.37,0.040000000000000036,3.007518796992481,24950300.0
002470,20201127,1.35,1.36,1.31,1.33,-0.010000000000000009,-0.7462686567164201,17979588.0
002470,20201126,1.34,1.36,1.33,1.34,0.0,0.0,14135904.0
002470,20201125,1.35,1.38,1.34,1.34,-0.020000000000000018,-1.4705882352941235,17929790.0
002470,20201124,1.33,1.39,1.32,1.36,0.030000000000000027,2.2556390977443552,32862678.0
002470,20201123,1.32,1.35,1.31,1.33,-0.010000000000000009,-0.7462686567164201,35731104.0
002470,20201120,1.29,1.34,1.28,1.34,0.06000000000000005,4.6875,46596982.0
002470,20201119,1.3,1.3,1.27,1.28,-0.020000000000000018,-1.538461538461544,13918246.0
002470,20201118,1.28,1.31,1.27,1.3,0.020000000000000018,1.5625,16878360.0
002470,20201117,1.28,1.29,1.25,1.28,-0.020000000000000018,-1.538461538461544,29108050.0
002470,20201116,1.3,1.34,1.29,1.3,-0.010000000000000009,-0.7633587786259555,34187200.0
002470,20201113,1.27,1.33,1.27,1.31,0.020000000000000018,1.5503875968992276,51715479.0
002470,20201112,1.23,1.29,1.23,1.29,0.06000000000000005,4.878048780487809,55200068.0
002470,20201111,1.23,1.24,1.22,1.23,-0.010000000000000009,-0.8064516129032251,21781757.0
002470,20201110,1.23,1.28,1.22,1.24,0.0,0.0,39065800.0
002470,20201109,1.26,1.27,1.22,1.24,-0.020000000000000018,-1.5873015873015928,41521766.0
002470,20201106,1.28,1.28,1.25,1.26,-0.020000000000000018,-1.5625,24567481.0
002470,20201105,1.27,1.29,1.25,1.28,0.010000000000000009,0.7874015748031482,25377564.0
002470,20201104,1.29,1.3,1.24,1.27,-0.020000000000000018,-1.5503875968992276,35875373.0
002470,20201103,1.34,1.35,1.28,1.29,-0.06000000000000005,-4.444444444444451,54017555.0
002470,20201102,1.38,1.38,1.33,1.35,0.0,0.0,21153579.0
002470,20201030,1.34,1.4,1.34,1.35,0.010000000000000009,0.746268656716409,30950240.0
002470,20201029,1.35,1.36,1.34,1.34,-0.020000000000000018,-1.4705882352941235,14472200.0
002470,20201028,1.35,1.37,1.34,1.36,0.010000000000000009,0.7407407407407307,18454624.0
002470,20201027,1.34,1.36,1.34,1.35,-0.010000000000000009,-0.7352941176470562,13561000.0
002470,20201026,1.37,1.37,1.33,1.36,-0.039999999999999813,-2.857142857142847,32032344.0
002470,20201023,1.4,1.43,1.39,1.4,0.0,0.0,18249840.0
002470,20201022,1.45,1.45,1.39,1.4,-0.050000000000000044,-3.4482758620689724,27363177.0
002470,20201021,1.45,1.46,1.44,1.45,-0.010000000000000009,-0.6849315068493178,11091400.0
002470,20201020,1.44,1.46,1.44,1.46,0.010000000000000009,0.6896551724137945,10671504.0
002470,20201019,1.45,1.46,1.44,1.45,-0.010000000000000009,-0.6849315068493178,18345631.0
002470,20201016,1.45,1.46,1.44,1.46,0.010000000000000009,0.6896551724137945,22880492.0
002470,20201015,1.46,1.48,1.45,1.45,-0.08000000000000007,-5.228758169934644,46039045.0
002470,20201014,1.56,1.57,1.52,1.53,-0.030000000000000027,-1.9230769230769273,22425010.0
002470,20201013,1.58,1.58,1.55,1.56,-0.020000000000000018,-1.2658227848101222,16846600.0
002470,20201012,1.56,1.58,1.55,1.58,0.010000000000000009,0.6369426751592355,20669528.0
002470,20201009,1.55,1.59,1.55,1.57,0.040000000000000036,2.614379084967333,28354100.0
002470,20200930,1.5,1.55,1.49,1.53,0.040000000000000036,2.684563758389258,28985100.0
002470,20200929,1.5,1.51,1.48,1.49,-0.010000000000000009,-0.666666666666671,13186200.0
002470,20200928,1.5,1.51,1.49,1.5,0.0,0.0,14410608.0
002470,20200925,1.5,1.51,1.48,1.5,0.0,0.0,13034700.0
002470,20200924,1.52,1.52,1.49,1.5,-0.030000000000000027,-1.9607843137254943,20813845.0
002470,20200923,1.52,1.55,1.51,1.53,0.0,0.0,22777600.0
002470,20200922,1.58,1.59,1.52,1.53,-0.050000000000000044,-3.164556962025322,49552800.0
002470,20200921,1.53,1.58,1.52,1.58,0.08000000000000007,5.3333333333333455,30512539.0
002470,20200918,1.5,1.52,1.49,1.5,-0.010000000000000009,-0.6622516556291425,23367095.0
002470,20200917,1.49,1.52,1.48,1.51,0.0,0.0,29052710.0
002470,20200916,1.48,1.55,1.48,1.51,0.0,0.0,39246858.0
002470,20200915,1.51,1.53,1.51,1.51,-0.08000000000000007,-5.031446540880502,53186422.0
002470,20200914,1.58,1.61,1.58,1.59,0.0,0.0,15398300.0
002470,20200911,1.55,1.59,1.54,1.59,0.0,0.0,25376095.0
002470,20200910,1.67,1.68,1.59,1.59,-0.07999999999999985,-4.79041916167664,59644500.0
002470,20200909,1.68,1.69,1.67,1.67,-0.020000000000000018,-1.183431952662728,31257359.0
002470,20200908,1.67,1.7,1.66,1.69,0.020000000000000018,1.1976047904191711,29749207.0
002470,20200907,1.68,1.71,1.67,1.67,-0.020000000000000018,-1.183431952662728,28600004.0
002470,20200904,1.65,1.69,1.64,1.69,0.020000000000000018,1.1976047904191711,27225500.0
002470,20200903,1.69,1.7,1.66,1.67,-0.020000000000000018,-1.183431952662728,26559700.0
002470,20200902,1.7,1.73,1.68,1.69,-0.010000000000000009,-0.588235294117645,33644376.0
002470,20200901,1.66,1.71,1.65,1.7,0.040000000000000036,2.4096385542168752,35226407.0
002470,20200831,1.68,1.69,1.66,1.66,-0.030000000000000027,-1.7751479289940808,33277704.0
002470,20200828,1.64,1.71,1.64,1.69,0.050000000000000044,3.0487804878048808,52883795.0
002470,20200827,1.63,1.66,1.62,1.64,0.010000000000000009,0.6134969325153339,28523962.0
002470,20200826,1.66,1.66,1.62,1.63,-0.030000000000000027,-1.8072289156626509,36656104.0
002470,20200825,1.64,1.71,1.64,1.66,0.020000000000000018,1.2195121951219523,48713800.0
002470,20200824,1.65,1.66,1.62,1.64,-0.020000000000000018,-1.2048192771084376,42768260.0
002470,20200821,1.71,1.74,1.65,1.66,-0.030000000000000027,-1.7751479289940808,88311952.0
002470,20200820,1.61,1.69,1.6,1.69,0.07999999999999985,4.968944099378869,59398934.0
002470,20200819,1.6,1.63,1.59,1.61,0.0,0.0,47265795.0
002470,20200818,1.59,1.63,1.58,1.61,0.020000000000000018,1.2578616352201255,46436420.0
002470,20200817,1.58,1.6,1.57,1.59,0.0,0.0,37633326.0
002470,20200814,1.59,1.61,1.57,1.59,0.0,0.0,32575252.0
002470,20200813,1.57,1.63,1.55,1.59,0.030000000000000027,1.9230769230769162,51656912.0
002470,20200812,1.56,1.58,1.54,1.56,0.010000000000000009,0.6451612903225712,31905576.0
002470,20200811,1.57,1.58,1.55,1.55,-0.020000000000000018,-1.273885350318471,30667400.0
002470,20200810,1.58,1.6,1.56,1.57,-0.020000000000000018,-1.2578616352201255,38772012.0
002470,20200807,1.61,1.63,1.57,1.59,-0.030000000000000027,-1.851851851851849,51729677.0
002470,20200806,1.57,1.65,1.56,1.62,0.040000000000000036,2.5316455696202445,75615870.0
002470,20200805,1.55,1.58,1.54,1.58,0.020000000000000018,1.2820512820512775,41219045.0
002470,20200804,1.58,1.59,1.54,1.56,-0.020000000000000018,-1.2658227848101222,39595192.0
002470,20200803,1.56,1.59,1.55,1.58,0.020000000000000018,1.2820512820512775,49743048.0
002470,20200731,1.56,1.58,1.54,1.56,0.0,0.0,32305600.0
002470,20200730,1.57,1.59,1.56,1.56,-0.020000000000000018,-1.2658227848101222,28137800.0
002470,20200729,1.57,1.59,1.53,1.58,-0.010000000000000009,-0.6289308176100628,42638334.0
002470,20200728,1.56,1.62,1.56,1.59,0.020000000000000018,1.273885350318471,38624178.0
002470,20200727,1.62,1.62,1.54,1.57,-0.050000000000000044,-3.0864197530864224,53162170.0
002470,20200724,1.63,1.66,1.6,1.62,0.030000000000000027,1.8867924528301883,108268094.0
002470,20200723,1.51,1.59,1.51,1.59,0.08000000000000007,5.298013245033117,48807148.0
002470,20200722,1.52,1.52,1.5,1.51,-0.010000000000000009,-0.6578947368421018,37811300.0
002470,20200721,1.52,1.55,1.49,1.52,-0.010000000000000009,-0.6535947712418277,60953009.0
002470,20200720,1.58,1.59,1.5,1.53,-0.050000000000000044,-3.164556962025322,83427103.0
002470,20200717,1.66,1.68,1.58,1.58,-0.07999999999999985,-4.819277108433728,87500526.0
002470,20200716,1.68,1.72,1.65,1.66,-0.020000000000000018,-1.1904761904761862,51618044.0
002470,20200715,1.75,1.75,1.67,1.68,-0.07000000000000006,-4.0000000000000036,77332347.0
002470,20200714,1.76,1.77,1.73,1.75,-0.020000000000000018,-1.1299435028248594,63415229.0
002470,20200713,1.75,1.77,1.75,1.77,0.020000000000000018,1.1428571428571344,61867963.0
002470,20200710,1.77,1.77,1.74,1.75,-0.020000000000000018,-1.1299435028248594,60032256.0
002470,20200709,1.74,1.78,1.74,1.77,0.030000000000000027,1.724137931034475,74168271.0
002470,20200708,1.72,1.76,1.72,1.74,-0.020000000000000018,-1.1363636363636354,94230072.0
002470,20200707,1.76,1.82,1.76,1.76,-0.09000000000000008,-4.86486486486487,261957400.0
002470,20200706,1.85,1.85,1.85,1.85,-0.09999999999999987,-5.128205128205121,12333800.0
002470,20200703,1.95,1.95,1.95,1.95,-0.09999999999999987,-4.8780487804877986,4420800.0
002470,20200702,2.05,2.05,2.05,2.05,-0.11000000000000032,-5.092592592592604,1376100.0
002470,20200701,2.16,2.16,2.16,2.16,-0.10999999999999988,-4.8458149779735615,1409600.0
002470,20200629,2.24,2.27,2.2,2.27,0.020000000000000018,0.8888888888888946,26016285.0
002470,20200624,2.29,2.29,2.25,2.25,-0.04999999999999982,-2.1739130434782483,31192200.0
002470,20200623,2.32,2.33,2.29,2.3,-0.03000000000000025,-1.2875536480686844,26448383.0
002470,20200622,2.36,2.36,2.32,2.33,-0.029999999999999805,-1.2711864406779627,27655239.0
002470,20200619,2.35,2.36,2.34,2.36,0.009999999999999787,0.42553191489360653,18671573.0
002470,20200618,2.34,2.37,2.31,2.35,0.010000000000000231,0.42735042735044804,22900053.0
002470,20200617,2.35,2.36,2.31,2.34,-0.010000000000000231,-0.42553191489362874,25502612.0
002470,20200616,2.35,2.37,2.34,2.35,0.010000000000000231,0.42735042735044804,18685420.0
002470,20200615,2.33,2.37,2.32,2.34,0.0,0.0,18229838.0
002470,20200612,2.31,2.35,2.29,2.34,-0.010000000000000231,-0.42553191489362874,17691700.0
002470,20200611,2.38,2.38,2.33,2.35,-0.020000000000000018,-0.8438818565400852,23471306.0
002470,20200610,2.38,2.39,2.36,2.37,-0.009999999999999787,-0.42016806722687816,14885210.0
002470,20200609,2.38,2.4,2.36,2.38,0.0,0.0,18262098.0
002470,20200608,2.41,2.42,2.37,2.38,-0.020000000000000018,-0.8333333333333304,18322100.0
002470,20200605,2.42,2.44,2.4,2.4,-0.040000000000000036,-1.6393442622950838,24352518.0
002470,20200604,2.39,2.47,2.37,2.44,0.06000000000000005,2.521008403361358,43822851.0
002470,20200603,2.4,2.41,2.37,2.38,-0.03000000000000025,-1.2448132780083054,29155836.0
002470,20200602,2.4,2.42,2.38,2.41,0.010000000000000231,0.4166666666666874,26549066.0
002470,20200601,2.34,2.4,2.34,2.4,0.06000000000000005,2.564102564102577,31447912.0
002470,20200529,2.34,2.37,2.32,2.34,-0.010000000000000231,-0.42553191489362874,17726520.0
002470,20200528,2.36,2.4,2.32,2.35,0.0,0.0,20755415.0
002470,20200527,2.33,2.39,2.32,2.35,0.020000000000000018,0.8583690987124415,28999781.0
002470,20200526,2.29,2.34,2.29,2.33,0.050000000000000266,2.192982456140369,22142687.0
002470,20200525,2.28,2.31,2.27,2.28,-0.020000000000000018,-0.8695652173913104,18522400.0
002470,20200522,2.33,2.35,2.29,2.3,-0.040000000000000036,-1.7094017094017144,29918706.0
002470,20200521,2.44,2.44,2.31,2.34,-0.0900000000000003,-3.70370370370372,56328089.0
002470,20200520,2.49,2.49,2.42,2.43,-0.04999999999999982,-2.0161290322580627,30855979.0
002470,20200519,2.5,2.52,2.46,2.48,-0.010000000000000231,-0.40160642570281624,26522495.0
002470,20200518,2.46,2.51,2.42,2.49,0.040000000000000036,1.6326530612244872,36429301.0
002470,20200515,2.45,2.5,2.45,2.45,0.010000000000000231,0.4098360655737876,29785541.0
002470,20200514,2.49,2.49,2.44,2.44,-0.06999999999999984,-2.7888446215139417,43519864.0
002470,20200513,2.48,2.52,2.45,2.51,0.0,0.0,43217487.0
002470,20200512,2.64,2.65,2.41,2.51,-0.17000000000000037,-6.343283582089565,111862850.0
002470,20200511,2.72,2.73,2.66,2.68,-0.04999999999999982,-1.831501831501825,44591832.0
002470,20200508,2.74,2.76,2.71,2.73,-0.010000000000000231,-0.36496350364964014,36297371.0
002470,20200507,2.7,2.8,2.7,2.74,0.020000000000000018,0.7352941176470562,53472516.0
002470,20200506,2.65,2.73,2.64,2.72,0.040000000000000036,1.4925373134328401,42851719.0
002470,20200430,2.62,2.69,2.62,2.68,-0.009999999999999787,-0.3717472118959009,65923534.0
002470,20200429,2.68,2.77,2.67,2.69,-0.020000000000000018,-0.7380073800738018,43920677.0
002470,20200428,2.84,2.86,2.59,2.71,-0.16000000000000014,-5.574912891986072,91734647.0
002470,20200427,2.79,2.93,2.73,2.87,0.07000000000000028,2.5000000000000133,95801091.0
002470,20200424,2.9,2.92,2.78,2.8,-0.14000000000000012,-4.761904761904767,92290423.0
002470,20200423,2.89,3.02,2.86,2.94,0.06000000000000005,2.083333333333326,147568195.0
002470,20200422,2.73,2.9,2.72,2.88,0.1299999999999999,4.727272727272713,100331250.0
002470,20200421,2.78,2.78,2.71,2.75,-0.040000000000000036,-1.4336917562724039,45723742.0
002470,20200420,2.74,2.83,2.71,2.79,0.04999999999999982,1.8248175182481674,65405408.0
002470,20200417,2.78,2.79,2.71,2.74,-0.019999999999999574,-0.7246376811594013,63962174.0
002470,20200416,2.82,2.84,2.73,2.76,-0.10000000000000009,-3.4965034965035002,88422072.0
002470,20200415,2.97,3.03,2.82,2.86,-0.13000000000000034,-4.34782608695653,140043484.0
002470,20200414,2.98,3.05,2.92,2.99,-0.009999999999999787,-0.33333333333332993,84128816.0
002470,20200413,2.92,3.09,2.85,3.0,0.06000000000000005,2.0408163265306145,121042115.0
002470,20200410,3.08,3.09,2.93,2.94,-0.20000000000000018,-6.369426751592366,161498283.0
002470,20200409,3.23,3.32,3.09,3.14,0.06000000000000005,1.9480519480519431,198830275.0
002470,20200408,3.2,3.38,3.06,3.08,-0.14000000000000012,-4.34782608695653,336352704.0
002470,20200407,2.94,3.22,2.94,3.22,0.29000000000000004,9.897610921501698,319002173.0
002470,20200403,2.73,3.04,2.71,2.93,0.17000000000000037,6.159420289855078,239604023.0
002470,20200402,2.72,2.79,2.69,2.76,0.03999999999999959,1.4705882352941124,64843745.0
002470,20200401,2.86,2.87,2.71,2.72,-0.17999999999999972,-6.206896551724128,107610194.0
002470,20200331,2.81,2.98,2.76,2.9,0.06999999999999984,2.473498233215543,143657029.0
002470,20200330,2.72,2.87,2.69,2.83,0.08000000000000007,2.9090909090909056,99358438.0
002470,20200327,2.63,2.88,2.63,2.75,0.1299999999999999,4.961832061068705,111666037.0
002470,20200326,2.54,2.66,2.52,2.62,0.07000000000000028,2.7450980392156987,58854116.0
002470,20200325,2.51,2.6,2.51,2.55,0.06999999999999984,2.8225806451612767,37655547.0
002470,20200324,2.48,2.5,2.43,2.48,0.029999999999999805,1.2244897959183598,28113851.0
002470,20200323,2.5,2.52,2.44,2.45,-0.09999999999999964,-3.9215686274509665,41346928.0
002470,20200320,2.52,2.55,2.5,2.55,0.040000000000000036,1.5936254980079667,28868799.0
002470,20200319,2.5,2.54,2.42,2.51,0.009999999999999787,0.40000000000000036,45535983.0
002470,20200318,2.62,2.64,2.5,2.5,-0.10000000000000009,-3.8461538461538547,58361468.0
002470,20200317,2.63,2.68,2.52,2.6,-0.040000000000000036,-1.5151515151515138,57375557.0
002470,20200316,2.81,2.82,2.62,2.64,-0.11999999999999966,-4.347826086956507,64263598.0
002470,20200313,2.65,2.79,2.55,2.76,-0.040000000000000036,-1.4285714285714346,80659587.0
002470,20200312,2.88,2.92,2.78,2.8,-0.14000000000000012,-4.761904761904767,89064855.0
002470,20200311,2.85,2.99,2.79,2.94,0.08999999999999986,3.157894736842093,134737406.0
002470,20200310,2.75,2.86,2.68,2.85,0.020000000000000018,0.7067137809187329,90540885.0
002470,20200309,2.78,2.92,2.73,2.83,0.010000000000000231,0.35460992907803135,103224727.0
002470,20200306,2.8,2.9,2.77,2.82,0.029999999999999805,1.0752688172043001,96966941.0
002470,20200305,2.7,2.82,2.67,2.79,0.10999999999999988,4.104477611940283,114144041.0
002470,20200304,2.6,2.68,2.57,2.68,0.0900000000000003,3.47490347490349,55925036.0
002470,20200303,2.6,2.65,2.57,2.59,0.020000000000000018,0.7782101167315147,54177072.0
002470,20200302,2.49,2.59,2.49,2.57,0.07999999999999963,3.2128514056224855,50451291.0
002470,20200228,2.6,2.62,2.48,2.49,-0.17999999999999972,-6.741573033707859,78349512.0
002470,20200227,2.72,2.74,2.64,2.67,-0.010000000000000231,-0.3731343283582156,56932920.0
002470,20200226,2.61,2.77,2.59,2.68,0.050000000000000266,1.9011406844106515,98206368.0
002470,20200225,2.64,2.66,2.55,2.63,-0.06000000000000005,-2.230483271375472,66742415.0
002470,20200224,2.67,2.72,2.62,2.69,0.0,0.0,64000268.0
002470,20200221,2.69,2.72,2.67,2.69,-0.020000000000000018,-0.7380073800738018,53643794.0
002470,20200220,2.69,2.72,2.63,2.71,0.020000000000000018,0.743494423791824,60925954.0
002470,20200219,2.72,2.75,2.67,2.69,-0.020000000000000018,-0.7380073800738018,51562100.0
002470,20200218,2.72,2.72,2.67,2.71,-0.020000000000000018,-0.73260073260073,60810872.0
002470,20200217,2.62,2.74,2.62,2.73,0.1299999999999999,5.000000000000004,79954999.0
002470,20200214,2.58,2.65,2.53,2.6,0.0,0.0,57975403.0
002470,20200213,2.55,2.67,2.54,2.6,0.050000000000000266,1.9607843137255054,79698589.0
002470,20200212,2.5,2.58,2.49,2.55,0.029999999999999805,1.1904761904761862,40624974.0
002470,20200211,2.58,2.59,2.51,2.52,-0.06000000000000005,-2.3255813953488413,57881052.0
002470,20200210,2.41,2.6,2.4,2.58,0.14000000000000012,5.737704918032782,74427616.0
002470,20200207,2.43,2.48,2.39,2.44,0.0,0.0,48932623.0
002470,20200206,2.38,2.47,2.33,2.44,0.08999999999999986,3.8297872340425476,59816589.0
002470,20200205,2.31,2.41,2.29,2.35,0.040000000000000036,1.7316017316017396,48041231.0
002470,20200204,2.18,2.32,2.18,2.31,0.010000000000000231,0.43478260869567187,50759251.0
002470,20200203,2.3,2.35,2.3,2.3,-0.26000000000000023,-10.15625000000001,46534900.0
002470,20200123,2.64,2.64,2.52,2.56,-0.10000000000000009,-3.759398496240607,53846042.0
002470,20200122,2.67,2.68,2.61,2.66,-0.020000000000000018,-0.7462686567164201,35956189.0
002470,20200121,2.73,2.76,2.67,2.68,-0.1299999999999999,-4.62633451957295,66198569.0
002470,20200120,2.8,2.82,2.75,2.81,-0.009999999999999787,-0.35460992907800915,38702427.0
002470,20200117,2.81,2.86,2.79,2.82,0.009999999999999787,0.3558718861209842,33040651.0
002470,20200116,2.88,2.88,2.81,2.81,-0.08000000000000007,-2.768166089965396,50210728.0
002470,20200115,2.93,2.93,2.87,2.89,-0.04999999999999982,-1.7006802721088343,43191179.0
002470,20200114,2.91,3.03,2.89,2.94,0.020000000000000018,0.6849315068493178,71159764.0
002470,20200113,2.85,2.92,2.81,2.92,0.04999999999999982,1.7421602787456303,57378985.0
002470,20200110,2.95,2.95,2.85,2.87,-0.06999999999999984,-2.3809523809523725,61913512.0
002470,20200109,2.96,2.99,2.92,2.94,0.020000000000000018,0.6849315068493178,59943373.0
002470,20200108,3.01,3.03,2.91,2.92,-0.1299999999999999,-4.2622950819672045,103324630.0
002470,20200107,2.93,3.09,2.9,3.05,0.07999999999999963,2.6936026936026813,140778688.0
002470,20200106,2.79,3.09,2.77,2.97,0.16000000000000014,5.693950177935947,206170567.0
002470,20200103,2.72,2.83,2.7,2.81,0.10000000000000009,3.690036900368998,100034915.0
002470,20200102,2.67,2.72,2.67,2.71,0.04999999999999982,1.8796992481203034,59999342.0
002470,20191231,2.64,2.68,2.63,2.66,0.010000000000000231,0.37735849056603765,44457115.0
002470,20191230,2.61,2.65,2.57,2.65,0.040000000000000036,1.5325670498084198,48612036.0
002470,20191227,2.6,2.63,2.59,2.61,0.0,0.0,50762197.0
002470,20191226,2.57,2.61,2.56,2.61,0.029999999999999805,1.1627906976744207,43853996.0
002470,20191225,2.6,2.62,2.56,2.58,-0.029999999999999805,-1.1494252873563093,45664748.0
002470,20191224,2.58,2.62,2.56,2.61,0.040000000000000036,1.5564202334630295,43517345.0
002470,20191223,2.64,2.66,2.57,2.57,-0.08000000000000007,-3.018867924528301,72768280.0
002470,20191220,2.69,2.74,2.64,2.65,-0.040000000000000036,-1.486988847583648,61385398.0
002470,20191219,2.64,2.72,2.61,2.69,0.06000000000000005,2.281368821292773,84639479.0
002470,20191218,2.66,2.7,2.62,2.63,0.009999999999999787,0.3816793893129722,93042458.0
002470,20191217,2.55,2.65,2.54,2.62,0.07000000000000028,2.7450980392156987,108452277.0
002470,20191216,2.49,2.56,2.46,2.55,0.07999999999999963,3.2388663967611198,95614662.0
002470,20191213,2.46,2.48,2.44,2.47,0.020000000000000018,0.8163265306122547,40002362.0
002470,20191212,2.5,2.5,2.44,2.45,-0.04999999999999982,-1.9999999999999907,45643446.0
002470,20191211,2.5,2.52,2.48,2.5,0.0,0.0,37803033.0
002470,20191210,2.51,2.51,2.48,2.5,-0.009999999999999787,-0.3984063745019806,31624724.0
002470,20191209,2.51,2.53,2.48,2.51,0.0,0.0,37321406.0
002470,20191206,2.52,2.52,2.47,2.51,-0.010000000000000231,-0.3968253968254065,30077817.0
002470,20191205,2.54,2.54,2.5,2.52,-0.020000000000000018,-0.7874015748031482,30980602.0
002470,20191204,2.49,2.59,2.48,2.54,0.03000000000000025,1.195219123505975,44041931.0
002470,20191203,2.45,2.51,2.44,2.51,0.03999999999999959,1.6194331983805599,30231151.0
002470,20191202,2.47,2.49,2.44,2.47,-0.020000000000000018,-0.8032128514056214,28057565.0
002470,20191129,2.5,2.51,2.45,2.49,-0.019999999999999574,-0.7968127490039723,33714817.0
002470,20191128,2.51,2.54,2.49,2.51,-0.010000000000000231,-0.3968253968254065,29227065.0
002470,20191127,2.57,2.58,2.51,2.52,-0.06000000000000005,-2.3255813953488413,34989149.0
002470,20191126,2.6,2.61,2.56,2.58,-0.04999999999999982,-1.9011406844106404,31256405.0
002470,20191125,2.57,2.64,2.55,2.63,0.06999999999999984,2.734375,36221507.0
002470,20191122,2.58,2.62,2.54,2.56,-0.009999999999999787,-0.38910505836574627,29891433.0
002470,20191121,2.55,2.62,2.54,2.57,0.020000000000000018,0.7843137254901933,22855444.0
002470,20191120,2.6,2.61,2.55,2.55,-0.050000000000000266,-1.9230769230769384,25307415.0
002470,20191119,2.54,2.61,2.53,2.6,0.06000000000000005,2.3622047244094446,34131900.0
002470,20191118,2.53,2.56,2.49,2.54,-0.009999999999999787,-0.39215686274508554,25419103.0
002470,20191115,2.62,2.62,2.54,2.55,-0.07000000000000028,-2.6717557251908497,27180561.0
002470,20191114,2.63,2.64,2.6,2.62,-0.020000000000000018,-0.7575757575757569,19777082.0
002470,20191113,2.68,2.68,2.63,2.64,-0.040000000000000036,-1.4925373134328401,16647600.0
002470,20191112,2.71,2.71,2.63,2.68,-0.020000000000000018,-0.7407407407407418,25362620.0
002470,20191111,2.85,2.86,2.69,2.7,-0.1599999999999997,-5.594405594405583,44445112.0
002470,20191108,2.87,2.89,2.85,2.86,0.0,0.0,12178700.0
002470,20191107,2.86,2.88,2.84,2.86,-0.010000000000000231,-0.34843205574913716,14741722.0
002470,20191106,2.89,2.9,2.85,2.87,-0.040000000000000036,-1.3745704467354014,15873653.0
002470,20191105,2.91,2.92,2.85,2.91,0.0,0.0,23264472.0
002470,20191104,2.94,2.94,2.9,2.91,-0.020000000000000018,-0.6825938566552892,18474804.0
002470,20191101,2.91,2.94,2.89,2.93,0.020000000000000018,0.6872852233676952,15790232.0
002470,20191031,2.95,2.96,2.91,2.91,-0.029999999999999805,-1.0204081632652962,15956707.0
002470,20191030,2.96,2.98,2.93,2.94,-0.040000000000000036,-1.342281879194629,18578848.0
002470,20191029,3.05,3.06,2.98,2.98,-0.08999999999999986,-2.931596091205202,31072550.0
002470,20191028,2.96,3.11,2.95,3.07,0.08999999999999986,3.0201342281879207,49414815.0
002470,20191025,2.94,2.99,2.91,2.98,0.029999999999999805,1.0169491525423568,20978953.0
002470,20191024,2.95,2.97,2.92,2.95,0.0,0.0,16754009.0
002470,20191023,2.97,2.99,2.94,2.95,-0.029999999999999805,-1.0067114093959662,12612400.0
002470,20191022,2.97,2.99,2.96,2.98,0.020000000000000018,0.6756756756756799,14630052.0
002470,20191021,2.96,2.97,2.93,2.96,0.0,0.0,14135624.0
002470,20191018,3.01,3.01,2.93,2.96,-0.04999999999999982,-1.661129568106301,21303535.0
002470,20191017,2.99,3.02,2.99,3.01,0.009999999999999787,0.3333333333333188,11729700.0
002470,20191016,3.02,3.04,3.0,3.0,-0.020000000000000018,-0.6622516556291425,13751383.0
002470,20191015,3.04,3.05,3.01,3.02,-0.029999999999999805,-0.983606557377048,17668083.0
002470,20191014,3.03,3.07,3.01,3.05,0.040000000000000036,1.3289036544850585,37703801.0
002470,20191011,3.01,3.01,2.96,3.01,0.0,0.0,30336677.0
002470,20191010,3.01,3.03,2.97,3.01,0.019999999999999574,0.6688963210702115,29339557.0
002470,20191009,2.93,3.0,2.92,2.99,0.03000000000000025,1.013513513513531,21441192.0
002470,20191008,2.98,3.01,2.96,2.96,-0.04999999999999982,-1.661129568106301,21660981.0
002470,20190930,3.03,3.05,2.99,3.01,-0.010000000000000231,-0.33112582781458233,15409495.0
002470,20190927,2.99,3.06,2.99,3.02,0.010000000000000231,0.33222591362127574,19150083.0
002470,20190926,3.05,3.06,2.99,3.01,-0.020000000000000018,-0.660066006600657,28291900.0
002470,20190925,3.1,3.11,2.99,3.03,-0.11000000000000032,-3.5031847133758065,42886931.0
002470,20190924,3.15,3.19,3.13,3.14,-0.020000000000000018,-0.6329113924050667,26959265.0
002470,20190923,3.24,3.24,3.13,3.16,-0.08000000000000007,-2.4691358024691357,32719783.0
002470,20190920,3.26,3.27,3.22,3.24,-0.019999999999999574,-0.6134969325153228,23399143.0
002470,20190919,3.25,3.28,3.21,3.26,0.0,0.0,35060777.0
002470,20190918,3.3,3.33,3.24,3.26,-0.07000000000000028,-2.1021021021021102,43642276.0
002470,20190917,3.42,3.48,3.3,3.33,-0.19999999999999973,-5.665722379603388,76430176.0
002470,20190916,3.57,3.59,3.49,3.53,-0.040000000000000036,-1.1204481792717047,58406570.0
002470,20190912,3.58,3.61,3.51,3.57,0.009999999999999787,0.2808988764044784,47955533.0
002470,20190911,3.51,3.68,3.46,3.56,0.06999999999999984,2.005730659025784,72903701.0
002470,20190910,3.39,3.53,3.37,3.49,0.10000000000000009,2.9498525073746285,73483577.0
002470,20190909,3.35,3.41,3.27,3.39,0.0900000000000003,2.7272727272727337,53181474.0
002470,20190906,3.34,3.36,3.26,3.3,-0.020000000000000018,-0.6024096385542133,37792475.0
002470,20190905,3.27,3.47,3.25,3.32,0.06000000000000005,1.8404907975460238,70158197.0
002470,20190904,3.22,3.28,3.19,3.26,0.029999999999999805,0.9287925696594312,31134581.0
002470,20190903,3.29,3.31,3.2,3.23,-0.06000000000000005,-1.823708206686936,37731988.0
002470,20190902,3.18,3.29,3.16,3.29,0.10999999999999988,3.459119496855334,34321034.0
002470,20190830,3.31,3.32,3.17,3.18,-0.10999999999999988,-3.3434650455926973,38118990.0
002470,20190829,3.3,3.37,3.28,3.29,-0.020000000000000018,-0.6042296072507614,27593200.0
002470,20190828,3.35,3.4,3.29,3.31,-0.040000000000000036,-1.1940298507462699,46827700.0
002470,20190827,3.2,3.37,3.2,3.35,0.16000000000000014,5.0156739811912265,53738565.0
002470,20190826,3.15,3.2,3.11,3.19,-0.040000000000000036,-1.2383900928792602,29487969.0
002470,20190823,3.26,3.28,3.18,3.23,-0.04999999999999982,-1.5243902439024293,48811663.0
002470,20190822,3.09,3.35,3.07,3.28,0.19999999999999973,6.493506493506485,76464816.0
002470,20190821,3.05,3.09,3.04,3.08,0.020000000000000018,0.6535947712418277,17990636.0
002470,20190820,3.07,3.1,3.04,3.06,-0.020000000000000018,-0.6493506493506551,27252500.0
002470,20190819,3.0,3.08,2.99,3.08,0.10000000000000009,3.3557046979865834,33797244.0
002470,20190816,2.96,3.0,2.95,2.98,0.0,0.0,24356577.0
002470,20190815,2.93,2.98,2.88,2.98,-0.010000000000000231,-0.33444816053512794,28981115.0
002470,20190814,2.99,3.02,2.96,2.99,0.03000000000000025,1.013513513513531,21387874.0
002470,20190813,2.96,2.97,2.94,2.96,-0.020000000000000018,-0.6711409395973145,16273374.0
002470,20190812,2.95,2.98,2.93,2.98,0.040000000000000036,1.3605442176870763,20029300.0
002470,20190809,3.02,3.03,2.94,2.94,-0.06000000000000005,-2.0000000000000018,23124160.0
002470,20190808,2.97,3.01,2.97,3.0,0.040000000000000036,1.3513513513513598,18801500.0
002470,20190807,3.02,3.02,2.96,2.96,-0.03000000000000025,-1.0033444816053616,21656460.0
002470,20190806,3.03,3.08,2.92,2.99,-0.1299999999999999,-4.1666666666666625,40747010.0
002470,20190805,3.15,3.18,3.11,3.12,-0.040000000000000036,-1.2658227848101222,21646870.0
002470,20190802,3.2,3.2,3.14,3.16,-0.08000000000000007,-2.4691358024691357,30386835.0
002470,20190801,3.21,3.26,3.19,3.24,0.020000000000000018,0.6211180124223503,20743687.0
002470,20190731,3.24,3.24,3.21,3.22,-0.03999999999999959,-1.2269938650306678,18438000.0
002470,20190730,3.18,3.26,3.18,3.26,0.06999999999999984,2.1943573667711602,29977192.0
002470,20190729,3.23,3.24,3.18,3.19,-0.040000000000000036,-1.2383900928792602,19804900.0
002470,20190726,3.24,3.25,3.21,3.23,-0.029999999999999805,-0.9202453987730008,24775600.0
002470,20190725,3.28,3.29,3.24,3.26,-0.020000000000000018,-0.6097560975609762,24015223.0
002470,20190724,3.25,3.31,3.24,3.28,0.03999999999999959,1.2345679012345512,30731519.0
002470,20190723,3.21,3.26,3.2,3.24,0.03000000000000025,0.9345794392523477,27980888.0
002470,20190722,3.39,3.41,3.18,3.21,-0.18000000000000016,-5.3097345132743445,46990332.0
002470,20190719,3.42,3.45,3.38,3.39,-0.009999999999999787,-0.2941176470588225,36754976.0
002470,20190718,3.51,3.51,3.4,3.4,-0.1200000000000001,-3.409090909090917,48587283.0
002470,20190717,3.51,3.59,3.49,3.52,0.010000000000000231,0.2849002849002913,62564071.0
002470,20190716,3.5,3.58,3.47,3.51,0.009999999999999787,0.28571428571428914,54595762.0
002470,20190715,3.47,3.59,3.36,3.5,0.0,0.0,64259655.0
002470,20190712,3.39,3.58,3.39,3.5,0.10000000000000009,2.941176470588247,53849622.0
002470,20190711,3.45,3.48,3.38,3.4,-0.040000000000000036,-1.1627906976744207,27775152.0
002470,20190710,3.54,3.54,3.43,3.44,-0.10000000000000009,-2.824858757062154,32056212.0
002470,20190709,3.4,3.6,3.39,3.54,0.1299999999999999,3.8123167155425186,46390390.0
002470,20190708,3.58,3.58,3.35,3.41,-0.18999999999999995,-5.277777777777781,46628325.0
002470,20190705,3.63,3.63,3.57,3.6,-0.029999999999999805,-0.8264462809917328,27626164.0
002470,20190704,3.65,3.68,3.61,3.63,-0.03000000000000025,-0.819672131147553,27765679.0
002470,20190703,3.69,3.69,3.62,3.66,-0.009999999999999787,-0.27247956403269047,38503773.0
002470,20190702,3.71,3.72,3.65,3.67,-0.040000000000000036,-1.0781671159029615,48204115.0
002470,20190701,3.66,3.72,3.63,3.71,0.06999999999999984,1.9230769230769162,57112541.0
002470,20190628,3.78,3.78,3.61,3.64,-0.1499999999999999,-3.95778364116095,54707282.0
002470,20190627,3.84,3.87,3.75,3.79,-0.040000000000000036,-1.0443864229765065,58299038.0
002470,20190626,3.86,3.9,3.82,3.83,-0.04999999999999982,-1.2886597938144284,35958311.0
002470,20190625,3.98,3.99,3.86,3.88,-0.11000000000000032,-2.7568922305764465,36307473.0
002470,20190624,4.04,4.05,3.93,3.99,-0.02999999999999936,-0.7462686567163979,33901199.0
002470,20190621,4.03,4.07,3.99,4.02,0.02999999999999936,0.7518796992481036,32930415.0
002470,20190620,3.93,4.03,3.89,3.99,0.050000000000000266,1.2690355329949332,23385035.0
002470,20190619,3.96,3.99,3.93,3.94,0.04999999999999982,1.285347043701801,22956983.0
002470,20190618,3.92,3.93,3.87,3.89,-0.040000000000000036,-1.0178117048346036,14659751.0
002470,20190617,3.97,3.97,3.88,3.93,-0.06000000000000005,-1.5037593984962405,22575118.0
002470,20190614,3.96,4.14,3.94,3.99,0.040000000000000036,1.0126582278481067,46141421.0
002470,20190613,3.93,3.97,3.87,3.95,0.040000000000000036,1.0230179028132946,20131133.0
002470,20190612,3.94,4.01,3.91,3.91,-0.04999999999999982,-1.262626262626254,26850580.0
002470,20190611,3.82,3.97,3.81,3.96,0.14000000000000012,3.664921465968596,30815005.0
002470,20190610,3.8,3.88,3.8,3.82,0.0,0.0,16811636.0
002470,20190606,3.92,3.95,3.81,3.82,-0.13000000000000034,-3.2911392405063356,21517613.0
002470,20190605,4.08,4.09,3.91,3.95,-0.0699999999999994,-1.741293532338295,24363800.0
002470,20190604,3.89,4.1,3.86,4.02,0.04999999999999938,1.2594458438287104,35055108.0
002470,20190603,4.08,4.1,3.94,3.97,-0.14000000000000012,-3.4063260340632673,31941598.0
002470,20190531,4.14,4.17,4.07,4.11,-0.02999999999999936,-0.7246376811594013,24812680.0
002470,20190530,4.11,4.21,4.07,4.14,-0.010000000000000675,-0.2409638554217053,26919922.0
002470,20190529,4.11,4.18,4.09,4.15,0.0,0.0,19595362.0
002470,20190528,4.18,4.24,4.12,4.15,-0.04999999999999982,-1.1904761904761862,26435786.0
002470,20190527,4.08,4.21,4.07,4.2,0.1200000000000001,2.941176470588247,35655841.0
002470,20190524,4.16,4.18,4.03,4.08,-0.04999999999999982,-1.2106537530266248,25497763.0
002470,20190523,4.15,4.26,4.09,4.13,-0.040000000000000036,-0.959232613908878,34251998.0
002470,20190522,4.29,4.32,4.14,4.17,-0.1299999999999999,-3.023255813953485,34521943.0
002470,20190521,4.11,4.36,4.11,4.3,0.1899999999999995,4.622871046228694,45991646.0
002470,20190520,4.21,4.24,3.98,4.11,-0.1899999999999995,-4.418604651162783,56931940.0
002470,20190517,4.51,4.52,4.29,4.3,-0.1900000000000004,-4.231625835189323,41723869.0
002470,20190516,4.47,4.5,4.44,4.49,-0.009999999999999787,-0.22222222222221255,39932030.0
002470,20190515,4.37,4.56,4.37,4.5,0.13999999999999968,3.2110091743119185,57031906.0
002470,20190514,4.28,4.42,4.21,4.36,0.0,0.0,43680826.0
002470,20190513,4.42,4.46,4.33,4.36,-0.14999999999999947,-3.325942350332578,48867054.0
002470,20190510,4.46,4.54,4.36,4.51,0.09999999999999964,2.26757369614512,75898926.0
002470,20190509,4.39,4.56,4.34,4.41,-0.040000000000000036,-0.8988764044943864,73589528.0
002470,20190508,4.52,4.59,4.32,4.45,-0.25,-5.319148936170215,129074757.0
002470,20190507,4.7,4.85,4.7,4.7,-0.5199999999999996,-9.961685823754785,146522054.0
002470,20190506,5.22,5.22,5.22,5.22,-0.5800000000000001,-9.999999999999998,9241700.0
002470,20190430,5.99,6.19,5.8,5.8,-0.6400000000000006,-9.937888198757772,37889604.0
002470,20190429,6.55,6.56,6.2,6.44,-0.11999999999999922,-1.8292682926829174,12886854.0
002470,20190426,6.72,6.76,6.55,6.56,-0.14000000000000057,-2.0895522388059806,11182865.0
002470,20190425,6.85,6.93,6.68,6.7,-0.17999999999999972,-2.6162790697674354,8426432.0
002470,20190424,6.75,6.9,6.65,6.88,0.13999999999999968,2.0771513353115667,9989746.0
002470,20190423,6.95,6.95,6.73,6.74,-0.21999999999999975,-3.1609195402298784,11414007.0
002470,20190422,7.14,7.15,6.9,6.96,-0.16999999999999993,-2.384291725105192,11824825.0
002470,20190419,7.07,7.16,7.03,7.13,0.019999999999999574,0.2812939521800173,8337088.0
002470,20190418,7.15,7.16,7.09,7.11,-0.040000000000000036,-0.5594405594405605,5232916.0
002470,20190417,7.12,7.18,7.08,7.15,0.03000000000000025,0.4213483146067398,9354876.0
002470,20190416,7.04,7.13,6.87,7.12,0.08999999999999986,1.2802275960170695,12127115.0
002470,20190415,7.12,7.15,7.01,7.03,-0.040000000000000036,-0.5657708628005631,11358598.0
002470,20190412,7.06,7.12,7.0,7.07,0.0,0.0,9370927.0
002470,20190411,7.28,7.34,7.01,7.07,-0.22999999999999954,-3.150684931506842,17463510.0
002470,20190410,7.35,7.38,7.16,7.3,-0.040000000000000036,-0.544959128065392,15700381.0
002470,20190409,7.6,7.6,7.26,7.34,-0.2999999999999998,-3.926701570680624,21188763.0
002470,20190408,7.7,7.97,7.59,7.64,0.040000000000000036,0.5263157894736858,28580754.0
002470,20190404,7.65,7.66,7.54,7.6,0.0,0.0,10311301.0
002470,20190403,7.58,7.62,7.5,7.6,0.04999999999999982,0.6622516556291425,9530118.0
002470,20190402,7.6,7.72,7.5,7.55,0.009999999999999787,0.13262599469496816,10941600.0
002470,20190401,7.46,7.69,7.42,7.54,0.1200000000000001,1.6172506738544534,16062232.0
002470,20190329,7.2,7.52,7.18,7.42,0.21999999999999975,3.0555555555555447,11993474.0
002470,20190328,7.31,7.33,7.1,7.2,-0.10999999999999943,-1.5047879616962967,9748169.0
002470,20190327,7.6,7.6,7.22,7.31,-0.45999999999999996,-5.920205920205923,21959199.0
002470,20190326,7.51,7.98,7.08,7.77,-0.10000000000000053,-1.270648030495558,43345982.0
002470,20190325,7.98,8.2,7.85,7.87,-0.20999999999999996,-2.5990099009901013,11018274.0
002470,20190322,7.93,8.09,7.86,8.08,0.15000000000000036,1.8915510718789497,7709439.0
002470,20190321,7.96,7.98,7.78,7.93,0.02999999999999936,0.37974683544304,8794586.0
002470,20190320,8.01,8.08,7.82,7.9,-0.08999999999999986,-1.126408010012514,7277676.0
002470,20190319,8.25,8.28,7.96,7.99,-0.17999999999999972,-2.2031823745410017,7838511.0
002470,20190318,7.99,8.18,7.91,8.17,0.15000000000000036,1.8703241895261957,10784531.0
002470,20190315,7.72,8.05,7.7,8.02,0.27999999999999936,3.6175710594315236,10609222.0
002470,20190314,7.71,7.83,7.63,7.74,-0.009999999999999787,-0.1290322580645098,7746491.0
002470,20190313,7.91,7.98,7.71,7.75,-0.16000000000000014,-2.0227560050568916,10580556.0
002470,20190312,7.99,8.04,7.87,7.91,0.0,0.0,11774524.0
002470,20190311,7.65,7.92,7.65,7.91,0.23000000000000043,2.994791666666674,10665462.0
002470,20190308,7.9,8.07,7.68,7.68,-0.1800000000000006,-2.2900763358778664,17450158.0
002470,20190307,7.8,7.95,7.69,7.86,-0.019999999999999574,-0.25380710659898,16783080.0
002470,20190306,8.05,8.07,7.7,7.88,-0.10000000000000053,-1.253132832080206,17786146.0
002470,20190305,7.83,7.98,7.76,7.98,0.1900000000000004,2.4390243902439046,10547500.0
002470,20190304,7.85,8.04,7.75,7.79,-0.05999999999999961,-0.7643312101910826,13702503.0
002470,20190301,7.75,7.87,7.62,7.85,0.10999999999999943,1.4211886304909438,8176373.0
002470,20190228,7.82,7.91,7.67,7.74,-0.08000000000000007,-1.0230179028132946,12441956.0
002470,20190227,7.99,8.14,7.77,7.82,-0.17999999999999972,-2.2499999999999964,8844523.0
002470,20190226,8.01,8.21,7.94,8.0,0.07000000000000028,0.8827238335435084,15143348.0
002470,20190225,7.61,7.99,7.58,7.93,0.3199999999999994,4.2049934296977565,13560274.0
002470,20190222,7.3,7.62,7.3,7.61,0.23000000000000043,3.1165311653116534,10511268.0
002470,20190221,7.34,7.47,7.19,7.38,0.019999999999999574,0.27173913043476716,9841252.0
002470,20190220,7.43,7.46,7.24,7.36,0.0600000000000005,0.8219178082191858,7095994.0
002470,20190219,7.34,7.56,7.24,7.3,-0.03000000000000025,-0.4092769440654842,10106194.0
002470,20190218,7.11,7.33,7.11,7.33,0.2400000000000002,3.3850493653032387,10247150.0
002470,20190215,7.2,7.28,7.08,7.09,-0.11000000000000032,-1.5277777777777835,5778042.0
002470,20190214,7.29,7.3,7.18,7.2,-0.09999999999999964,-1.3698630136986245,7270339.0
002470,20190213,6.98,7.35,6.87,7.3,0.2699999999999996,3.8406827880512084,15807836.0
002470,20190212,7.28,7.32,6.77,7.03,-0.21999999999999975,-3.0344827586206824,22634429.0
002470,20190211,7.3,7.33,7.15,7.25,0.04999999999999982,0.694444444444442,8614125.0
002470,20190201,6.84,7.2,6.8,7.2,0.41999999999999993,6.194690265486735,9846283.0
002470,20190131,6.89,6.91,6.71,6.78,-0.10999999999999943,-1.5965166908563089,7847887.0
002470,20190130,6.8,6.94,6.7,6.89,0.040000000000000036,0.5839416058394109,4570630.0
002470,20190129,6.95,6.95,6.69,6.85,-0.05000000000000071,-0.7246376811594346,6317037.0
002470,20190128,6.79,7.04,6.79,6.9,0.11000000000000032,1.6200294550809957,5492161.0
002470,20190125,6.87,6.92,6.76,6.79,-0.04999999999999982,-0.7309941520467822,5415639.0
002470,20190124,6.87,6.97,6.77,6.84,-0.020000000000000462,-0.291545189504383,5929053.0
002470,20190123,6.88,6.92,6.76,6.86,0.010000000000000675,0.14598540145986938,5444083.0
002470,20190122,6.95,7.02,6.83,6.85,-0.07000000000000028,-1.0115606936416222,6056126.0
002470,20190121,6.98,7.04,6.9,6.92,-0.07000000000000028,-1.0014306151645225,5565548.0
002470,20190118,7.0,7.03,6.87,6.99,0.0,0.0,6687561.0
002470,20190117,7.06,7.08,6.93,6.99,-0.019999999999999574,-0.28530670470755526,4187678.0
002470,20190116,7.1,7.17,6.96,7.01,-0.0600000000000005,-0.8486562942008558,6194217.0
002470,20190115,6.81,7.1,6.78,7.07,0.20000000000000018,2.911208151382816,8684924.0
002470,20190114,6.82,6.95,6.7,6.87,0.07000000000000028,1.0294117647058787,6455963.0
002470,20190111,6.78,6.88,6.71,6.8,0.019999999999999574,0.2949852507374562,7185358.0
002470,20190110,6.78,6.88,6.66,6.78,-0.0699999999999994,-1.0218978102189746,9124119.0
002470,20190109,6.8,7.02,6.75,6.85,0.04999999999999982,0.7352941176470562,11271442.0
002470,20190108,6.57,6.85,6.55,6.8,0.21999999999999975,3.3434650455927084,9768611.0
002470,20190107,6.39,6.6,6.39,6.58,0.16000000000000014,2.492211838006231,7339376.0
002470,20190104,6.22,6.55,6.21,6.42,0.15000000000000036,2.392344497607657,6857156.0
002470,20190103,6.34,6.43,6.21,6.27,-0.08000000000000007,-1.2598425196850394,6468536.0
002470,20190102,6.35,6.41,6.27,6.35,0.02999999999999936,0.4746835443037778,4612912.0
002470,20181228,6.28,6.36,6.26,6.32,0.0,0.0,5141922.0
002470,20181227,6.35,6.41,6.29,6.32,0.040000000000000036,0.6369426751592355,5992180.0
002470,20181226,6.3,6.44,6.28,6.28,-0.009999999999999787,-0.15898251192368873,5181180.0
002470,20181225,6.25,6.36,6.17,6.29,-0.009999999999999787,-0.15873015873015817,6498864.0
002470,20181224,6.02,6.31,5.96,6.3,0.2999999999999998,5.000000000000004,9944242.0
002470,20181221,5.91,6.03,5.9,6.0,0.05999999999999961,1.0101010101009944,5343524.0
002470,20181220,5.94,6.06,5.85,5.94,-0.040000000000000036,-0.6688963210702337,5281286.0
002470,20181219,6.04,6.07,5.96,5.98,-0.05999999999999961,-0.9933774834437026,3894312.0
002470,20181218,6.1,6.12,5.96,6.04,-0.09999999999999964,-1.6286644951139961,5452822.0
002470,20181217,6.04,6.18,6.04,6.14,0.05999999999999961,0.9868421052631415,6969004.0
002470,20181214,6.3,6.3,6.08,6.08,-0.1899999999999995,-3.0303030303030276,16748300.0
002470,20181213,6.47,6.47,6.22,6.27,-0.10000000000000053,-1.5698587127158659,13595594.0
002470,20181212,6.38,6.45,6.3,6.37,0.04999999999999982,0.7911392405063333,11720121.0
002470,20181211,6.02,6.38,6.01,6.32,0.35000000000000053,5.862646566164154,15994670.0
002470,20181210,6.18,6.24,5.9,5.97,-0.25,-4.0192926045016115,11934212.0
002470,20181207,6.3,6.3,6.14,6.22,0.0699999999999994,1.1382113821138073,6157978.0
002470,20181206,6.36,6.36,6.15,6.15,-0.22999999999999954,-3.6050156739811823,7837382.0
002470,20181205,6.2,6.49,6.15,6.38,0.11000000000000032,1.7543859649122862,13669539.0
002470,20181204,6.36,6.39,6.22,6.27,-0.08000000000000007,-1.2598425196850394,7244671.0
002470,20181203,6.11,6.44,6.11,6.35,0.33000000000000007,5.481727574750828,9009833.0
002470,20181130,6.06,6.13,5.8,6.02,-0.020000000000000462,-0.33112582781458233,7374154.0
002470,20181129,6.04,6.17,6.01,6.04,0.03000000000000025,0.4991680532445919,7946897.0
002470,20181128,5.98,6.1,5.93,6.01,0.05999999999999961,1.0084033613445342,8182710.0
002470,20181127,5.86,5.96,5.81,5.95,0.15000000000000036,2.586206896551735,12233845.0
002470,20181126,6.17,6.24,5.55,5.8,-0.3700000000000001,-5.996758508914102,14166627.0
002470,20181123,6.38,6.41,6.17,6.17,-0.20999999999999996,-3.2915360501567403,5202271.0
002470,20181122,6.23,6.45,6.23,6.38,0.04999999999999982,0.789889415481837,4138067.0
002470,20181121,6.35,6.45,6.21,6.33,-0.04999999999999982,-0.7836990595611271,5736752.0
002470,20181120,6.48,6.6,6.36,6.38,-0.10000000000000053,-1.5432098765432167,7564502.0
002470,20181119,6.57,6.61,6.37,6.48,0.010000000000000675,0.15455950540959051,8461383.0
002470,20181116,6.23,6.62,6.21,6.47,0.23999999999999932,3.8523274478330594,12082233.0
002470,20181115,6.19,6.25,6.11,6.23,0.08000000000000007,1.300813008130075,5124582.0
002470,20181114,6.32,6.32,6.08,6.15,-0.14999999999999947,-2.3809523809523725,5689671.0
002470,20181113,6.1,6.32,6.09,6.3,0.13999999999999968,2.2727272727272707,4817902.0
002470,20181112,6.07,6.17,6.07,6.16,0.1200000000000001,1.9867549668874274,3741196.0
002470,20181109,6.05,6.1,5.99,6.04,0.020000000000000462,0.33222591362127574,2660470.0
002470,20181108,6.08,6.1,6.01,6.02,0.0,0.0,2799477.0
002470,20181107,6.05,6.1,5.99,6.02,-0.040000000000000036,-0.660066006600657,3432082.0
002470,20181106,6.03,6.09,5.94,6.06,0.05999999999999961,1.0000000000000009,3965976.0
002470,20181105,5.94,6.08,5.9,6.0,0.03000000000000025,0.5025125628140836,4843068.0
002470,20181102,5.78,5.99,5.78,5.97,0.25,4.370629370629375,8695812.0
002470,20181101,5.7,5.82,5.59,5.72,0.05999999999999961,1.0600706713780772,7280589.0
002470,20181031,5.63,5.72,5.61,5.66,0.04999999999999982,0.8912655971479388,5090403.0
002470,20181030,5.54,5.68,5.42,5.61,0.020000000000000462,0.3577817531305927,4360985.0
002470,20181029,5.58,5.65,5.51,5.59,0.0,0.0,2860100.0
002470,20181026,5.64,5.78,5.56,5.59,-0.03000000000000025,-0.5338078291814985,4273853.0
002470,20181025,5.46,5.67,5.4,5.62,0.009999999999999787,0.17825311942958333,5528030.0
002470,20181024,5.59,5.71,5.55,5.61,-0.02999999999999936,-0.5319148936170137,7905807.0
002470,20181023,5.73,5.89,5.57,5.64,-0.08000000000000007,-1.3986013986013957,7069485.0
002470,20181022,5.68,5.9,5.58,5.72,0.13999999999999968,2.508960573476693,10572514.0
002470,20181019,5.36,5.6,5.36,5.58,0.08000000000000007,1.454545454545464,6096568.0
002470,20181018,5.57,5.64,5.31,5.5,-0.15000000000000036,-2.6548672566371723,9432235.0
002470,20181017,5.75,5.81,5.52,5.65,-0.02999999999999936,-0.5281690140845008,4528590.0
002470,20181016,5.87,5.93,5.62,5.68,-0.20999999999999996,-3.5653650254668934,4946240.0
002470,20181015,6.12,6.12,5.75,5.89,-0.14000000000000057,-2.321724709784423,7114130.0
002470,20181012,6.1,6.15,5.89,6.03,-0.0699999999999994,-1.147540983606543,6451996.0
002470,20181011,6.2,6.4,5.82,6.1,-0.35000000000000053,-5.4263565891472965,7046018.0
002470,20181010,6.48,6.49,6.38,6.45,0.040000000000000036,0.6240249609984483,2495865.0
002470,20181009,6.58,6.63,6.36,6.41,-0.16999999999999993,-2.583586626139811,5870591.0
002470,20181008,6.66,6.76,6.57,6.58,-0.17999999999999972,-2.6627218934911157,5287416.0
002470,20180928,6.54,6.79,6.48,6.76,0.21999999999999975,3.3639143730886722,10654040.0
002470,20180927,6.52,6.61,6.44,6.54,0.009999999999999787,0.15313935681469104,6352626.0
002470,20180926,6.51,6.59,6.42,6.53,0.04999999999999982,0.7716049382715973,4663484.0
002470,20180925,6.55,6.55,6.44,6.48,-0.09999999999999964,-1.5197568389057725,4134308.0
002470,20180921,6.35,6.6,6.34,6.58,0.2400000000000002,3.785488958990535,9604162.0
002470,20180920,6.6,6.62,6.28,6.34,-0.16000000000000014,-2.4615384615384595,7393987.0
002470,20180919,6.33,6.53,6.33,6.5,0.16999999999999993,2.6856240126382325,6464761.0
002470,20180918,6.4,6.46,6.28,6.33,0.040000000000000036,0.6359300476947549,7949100.0
002470,20180917,6.47,6.53,6.22,6.29,-0.20000000000000018,-3.081664098613257,6691409.0
002470,20180914,6.46,6.54,6.37,6.49,0.020000000000000462,0.30911901081918103,7874568.0
002470,20180913,6.11,6.57,6.11,6.47,0.35999999999999943,5.891980360065463,13094160.0
002470,20180912,6.05,6.17,6.01,6.11,0.0,0.0,7087203.0
002470,20180911,5.81,6.2,5.81,6.11,0.27000000000000046,4.6232876712328785,8971022.0
002470,20180910,5.91,5.94,5.8,5.84,-0.10000000000000053,-1.683501683501687,4999904.0
002470,20180907,6.1,6.16,5.92,5.94,-0.1299999999999999,-2.1416803953871466,7655157.0
002470,20180906,6.18,6.24,6.06,6.07,-0.10999999999999943,-1.7799352750809017,5775848.0
002470,20180905,6.33,6.35,6.17,6.18,-0.1800000000000006,-2.8301886792452935,8315052.0
002470,20180904,6.4,6.42,6.19,6.36,-0.05999999999999961,-0.9345794392523255,11829011.0
002470,20180903,6.6,6.64,6.13,6.42,-0.2400000000000002,-3.603603603603611,14084610.0
002470,20180831,6.56,6.7,6.34,6.66,0.1299999999999999,1.9908116385911168,10744776.0
002470,20180830,6.71,6.73,6.51,6.53,-0.1899999999999995,-2.8273809523809423,6157085.0
002470,20180829,6.77,6.83,6.66,6.72,-0.04999999999999982,-0.738552437223039,2948267.0
002470,20180828,6.79,6.84,6.72,6.77,0.019999999999999574,0.2962962962962834,4302178.0
002470,20180827,6.56,6.84,6.54,6.75,0.16000000000000014,2.427921092564489,8111751.0
002470,20180824,6.7,6.7,6.5,6.59,-0.16999999999999993,-2.51479289940828,9515846.0
002470,20180823,6.79,6.92,6.6,6.76,-0.14000000000000057,-2.0289855072463836,11477499.0
002470,20180822,6.95,6.96,6.81,6.9,-0.08999999999999986,-1.2875536480686622,6399497.0
002470,20180821,6.92,7.01,6.81,6.99,0.0600000000000005,0.8658008658008809,8642325.0
002470,20180820,6.61,6.94,6.51,6.93,0.2999999999999998,4.52488687782806,10681415.0
002470,20180817,6.81,7.16,6.56,6.63,-0.16999999999999993,-2.500000000000002,11539412.0
002470,20180816,6.72,6.96,6.62,6.8,0.0,0.0,7182974.0
002470,20180815,6.96,7.03,6.78,6.8,-0.15000000000000036,-2.158273381294973,5492725.0
002470,20180814,6.96,7.01,6.87,6.95,0.009999999999999787,0.14409221902016434,8397012.0
002470,20180813,6.95,7.05,6.86,6.94,-0.11999999999999922,-1.6997167138810054,7580329.0
002470,20180810,6.99,7.18,6.93,7.06,0.0,0.0,13112776.0
002470,20180809,6.83,7.06,6.61,7.06,0.20999999999999996,3.065693430656924,13105578.0
002470,20180808,6.9,6.97,6.78,6.85,0.0,0.0,11136996.0
002470,20180807,6.35,6.92,6.35,6.85,0.54,8.557844690966721,15406009.0
002470,20180806,6.54,6.74,6.26,6.31,-0.3700000000000001,-5.538922155688619,9699031.0
002470,20180803,6.53,6.8,6.48,6.68,0.13999999999999968,2.1406727828746197,10009514.0
002470,20180802,6.76,6.77,6.35,6.54,-0.20999999999999996,-3.111111111111109,7316766.0
002470,20180801,7.04,7.06,6.7,6.75,-0.28000000000000025,-3.982930298719778,8318189.0
002470,20180731,7.02,7.08,6.94,7.03,0.0600000000000005,0.8608321377331585,5234972.0
002470,20180730,7.01,7.07,6.94,6.97,-0.07000000000000028,-0.9943181818181879,5448897.0
002470,20180727,7.03,7.15,7.02,7.04,0.0,0.0,5946499.0
002470,20180726,7.09,7.16,7.0,7.04,-0.08000000000000007,-1.1235955056179803,6583568.0
002470,20180725,7.22,7.25,7.09,7.12,-0.07000000000000028,-0.9735744089012566,7309482.0
002470,20180724,7.2,7.3,7.16,7.19,-0.009999999999999787,-0.1388888888888884,11984112.0
002470,20180723,7.17,7.27,7.07,7.2,0.0600000000000005,0.8403361344537785,9715251.0
002470,20180720,7.11,7.18,6.94,7.14,0.04999999999999982,0.7052186177715081,12670005.0
002470,20180719,7.35,7.42,7.02,7.09,-0.3799999999999999,-5.087014725568939,20265735.0
002470,20180718,6.77,7.47,6.77,7.47,0.6799999999999997,10.014727540500722,20350430.0
002470,20180717,6.93,6.95,6.71,6.79,-0.15000000000000036,-2.1613832853025983,7126616.0
002470,20180716,6.86,7.0,6.83,6.94,0.0600000000000005,0.8720930232558155,4381340.0
002470,20180713,6.87,6.96,6.8,6.88,0.009999999999999787,0.14556040756914523,5855054.0
002470,20180712,6.49,6.99,6.49,6.87,0.28000000000000025,4.248861911987856,10634564.0
002470,20180711,6.46,6.65,6.4,6.59,-0.04999999999999982,-0.7530120481927693,6406949.0
002470,20180710,6.51,6.69,6.45,6.64,0.17999999999999972,2.786377708978316,8443842.0
002470,20180709,6.38,6.61,6.37,6.46,0.08999999999999986,1.4128728414442682,11873707.0
002470,20180706,6.2,6.44,6.13,6.37,0.20000000000000018,3.241491085899506,10148415.0
002470,20180705,6.73,6.73,6.16,6.17,-0.5600000000000005,-8.32095096582467,13454632.0
002470,20180704,6.75,6.76,6.62,6.73,-0.009999999999999787,-0.14836795252225476,7611911.0
002470,20180703,6.78,6.9,6.45,6.74,-0.0699999999999994,-1.027900146842864,15222604.0
002470,20180702,6.88,7.0,6.77,6.81,-0.07000000000000028,-1.017441860465118,6053692.0
002470,20180629,6.7,6.93,6.68,6.88,0.13999999999999968,2.0771513353115667,8729430.0
002470,20180628,6.96,7.06,6.68,6.74,-0.2599999999999998,-3.7142857142857144,8758030.0
002470,20180627,7.1,7.15,7.0,7.0,-0.08999999999999986,-1.2693935119887145,6899065.0
002470,20180626,7.18,7.39,7.05,7.09,-0.20999999999999996,-2.876712328767128,14486074.0
002470,20180625,7.08,8.05,6.65,7.3,-0.16999999999999993,-2.2757697456492587,27783001.0
002470,20180614,8.12,8.12,7.35,7.47,-0.7000000000000002,-8.56793145654835,26817231.0
002470,20180613,8.15,8.25,8.07,8.17,0.0600000000000005,0.7398273736128225,8571875.0
002470,20180612,7.77,8.15,7.77,8.11,0.33999999999999986,4.375804375804382,8807717.0
002470,20180611,8.02,8.07,7.69,7.77,-0.33000000000000007,-4.074074074074074,8489283.0
002470,20180608,8.15,8.22,7.97,8.1,-0.040000000000000924,-0.49140049140050657,6501792.0
002470,20180607,8.33,8.38,8.13,8.14,-0.14999999999999858,-1.8094089264173552,4970475.0
002470,20180606,8.29,8.41,8.27,8.29,-0.02000000000000135,-0.2406738868832914,4874582.0
002470,20180605,8.2,8.32,8.15,8.31,0.11000000000000121,1.3414634146341697,4610017.0
002470,20180604,8.28,8.28,8.12,8.2,0.009999999999999787,0.12210012210012167,4744914.0
002470,20180601,8.29,8.33,8.12,8.19,-0.120000000000001,-1.4440433212996484,6522782.0
002470,20180531,8.08,8.33,8.04,8.31,0.2900000000000009,3.615960099750626,10113215.0
002470,20180530,8.1,8.14,7.92,8.02,-0.16000000000000014,-1.9559902200488977,8355343.0
002470,20180529,8.2,8.25,8.11,8.18,0.02999999999999936,0.36809815950920033,5320310.0
002470,20180528,8.04,8.29,8.04,8.15,0.009999999999999787,0.12285012285011554,8883449.0
002470,20180525,8.41,8.5,8.13,8.14,-0.2699999999999996,-3.210463733650415,13956590.0
002470,20180524,8.83,8.83,8.36,8.41,-0.39000000000000057,-4.431818181818192,19688332.0
002470,20180523,8.8,8.9,8.72,8.8,0.02000000000000135,0.2277904328018332,10362051.0
002470,20180522,8.9,8.92,8.65,8.78,-0.10000000000000142,-1.1261261261261368,10391341.0
002470,20180521,8.93,8.93,8.73,8.88,0.0,0.0,11612672.0
002470,20180518,8.8,8.96,8.75,8.88,0.10000000000000142,1.1389521640091216,10303158.0
002470,20180517,8.91,8.98,8.71,8.78,-0.16999999999999993,-1.8994413407821265,12887597.0
002470,20180516,9.34,9.34,8.92,8.95,-0.41999999999999993,-4.4823906083244385,15917338.0
002470,20180515,9.4,9.52,9.22,9.37,-0.040000000000000924,-0.4250797024442199,12183278.0
002470,20180514,9.01,9.42,8.93,9.41,0.40000000000000036,4.439511653718098,14257646.0
002470,20180511,9.24,9.29,8.99,9.01,-0.1899999999999995,-2.0652173913043415,6286449.0
002470,20180510,9.19,9.36,9.04,9.2,-0.010000000000001563,-0.10857763300762269,8034283.0
002470,20180509,9.2,9.25,9.08,9.21,0.010000000000001563,0.10869565217392907,4710552.0
002470,20180508,9.2,9.29,9.12,9.2,-0.07000000000000028,-0.7551240560949357,6949558.0
002470,20180507,8.95,9.29,8.79,9.27,0.3699999999999992,4.157303370786503,12828267.0
002470,20180504,8.91,9.1,8.77,8.9,-0.009999999999999787,-0.11223344556677839,7935842.0
002470,20180503,9.04,9.04,8.8,8.91,-0.02999999999999936,-0.3355704697986517,9416746.0
002470,20180502,8.68,9.17,8.68,8.94,0.27999999999999936,3.23325635103926,15708736.0
002470,20180427,8.35,8.77,8.35,8.66,0.3200000000000003,3.83693045563549,16654972.0
002470,20180426,8.75,8.77,8.34,8.34,-0.3800000000000008,-4.357798165137627,5638768.0
002470,20180425,8.6,8.88,8.58,8.72,0.07000000000000028,0.8092485549132888,8854964.0
002470,20180424,8.46,8.68,8.36,8.65,0.22000000000000064,2.609727164887321,9399421.0
002470,20180423,8.7,8.77,8.25,8.43,-0.33000000000000007,-3.767123287671237,15810418.0
002470,20180420,8.65,8.86,8.63,8.76,0.049999999999998934,0.5740528128587608,13903164.0
002470,20180419,9.04,9.04,8.65,8.71,-0.3299999999999983,-3.6504424778760924,16084615.0
002470,20180418,8.98,9.11,8.8,9.04,0.0799999999999983,0.8928571428571175,14888448.0
002470,20180417,9.27,9.34,8.9,8.96,-0.3299999999999983,-3.552206673842828,18413695.0
002470,20180416,9.38,9.46,9.2,9.29,-0.09000000000000163,-0.9594882729211274,15807430.0
002470,20180413,9.63,9.67,9.3,9.38,-0.08000000000000007,-0.8456659619450302,11085397.0
002470,20180412,9.63,9.75,9.44,9.46,-0.16999999999999993,-1.7653167185877505,22065636.0
002470,20180411,9.02,9.69,9.01,9.63,0.5500000000000007,6.057268722466969,31324350.0
002470,20180410,9.02,9.11,8.89,9.08,0.11999999999999922,1.3392857142856984,9478748.0
002470,20180409,8.93,9.16,8.89,8.96,0.0,0.0,11240795.0
002470,20180404,9.2,9.27,8.8,8.96,-0.16999999999999993,-1.8619934282584905,14645011.0
002470,20180403,8.82,9.18,8.75,9.13,0.2900000000000009,3.28054298642535,17990168.0
002470,20180402,8.8,9.04,8.6,8.84,0.1899999999999995,2.196531791907508,13743239.0
002470,20180330,8.52,8.73,8.47,8.65,0.1899999999999995,2.245862884160754,11285067.0
002470,20180329,8.28,8.49,8.22,8.46,0.14000000000000057,1.6826923076923128,8084924.0
002470,20180328,8.49,8.49,8.08,8.32,-0.21999999999999886,-2.5761124121779777,19082304.0
002470,20180327,8.7,8.8,8.49,8.54,-0.09000000000000163,-1.0428736964078977,18352404.0
002470,20180326,8.2,8.66,7.92,8.63,0.15000000000000036,1.7688679245283057,11982322.0
002470,20180323,8.42,8.92,8.31,8.48,-0.15000000000000036,-1.7381228273464666,18242366.0
002470,20180322,8.55,8.84,8.43,8.63,0.15000000000000036,1.7688679245283057,10531301.0
002470,20180321,8.52,8.79,8.47,8.48,-0.03999999999999915,-0.46948356807510194,15425550.0
002470,20180320,8.36,8.6,8.21,8.52,0.21999999999999886,2.650602409638547,10898298.0
002470,20180319,8.48,8.62,8.26,8.3,-0.10999999999999943,-1.3079667063020106,14462608.0
002470,20180316,8.55,8.63,8.36,8.41,-0.0600000000000005,-0.7083825265643551,14532891.0
002470,20180315,8.86,9.07,8.43,8.47,-0.2400000000000002,-2.7554535017221604,13673878.0
002470,20180314,8.97,9.1,8.7,8.71,-0.1999999999999993,-2.244668911335568,11089805.0
002470,20180313,9.0,9.19,8.87,8.91,-0.08999999999999986,-1.0000000000000009,14018248.0
002470,20180312,8.76,9.13,8.71,9.0,0.25,2.857142857142847,15084935.0
002470,20180309,8.57,8.87,8.57,8.75,0.25,2.941176470588225,11371587.0
002470,20180308,8.47,8.65,8.47,8.5,0.019999999999999574,0.2358490566037652,5916991.0
002470,20180307,8.48,8.69,8.45,8.48,0.019999999999999574,0.23640661938533203,8063462.0
002470,20180306,8.5,8.55,8.31,8.46,-0.08999999999999986,-1.0526315789473717,10158667.0
002470,20180305,8.48,8.69,8.45,8.55,0.05000000000000071,0.588235294117645,9519973.0
002470,20180302,8.6,8.72,8.45,8.5,-0.21000000000000085,-2.4110218140068973,12056898.0
002470,20180301,8.5,8.86,8.3,8.71,0.23000000000000043,2.712264150943411,21701977.0
002470,20180228,8.11,8.91,8.11,8.48,0.3800000000000008,4.691358024691361,36528020.0
002470,20180227,7.9,8.14,7.77,8.1,0.1899999999999995,2.402022756005051,10406585.0
002470,20180226,7.57,8.05,7.55,7.91,0.3600000000000003,4.768211920529808,13786421.0
002470,20180223,7.64,7.72,7.48,7.55,-0.1200000000000001,-1.5645371577574951,12254483.0
002470,20180222,7.62,7.72,7.45,7.67,0.019999999999999574,0.2614379084967311,11877499.0
002470,20180214,7.48,7.68,7.36,7.65,0.25,3.378378378378377,10866732.0
002470,20180213,7.93,8.0,7.38,7.4,-0.7999999999999989,-9.756097560975597,20839559.0
002470,20180212,7.42,8.2,7.42,8.2,-0.040000000000000924,-0.4854368932038944,41198804.0
002470,20180209,8.24,8.24,8.24,8.24,-0.9100000000000001,-9.945355191256834,1694600.0
002470,20171024,9.0,9.28,8.81,9.15,0.09999999999999964,1.104972375690605,16172823.0
002470,20171023,8.98,9.08,8.93,9.05,0.02000000000000135,0.22148394241419123,7982508.0
002470,20171020,8.96,9.12,8.81,9.03,0.009999999999999787,0.11086474501107446,11218031.0
002470,20171019,8.54,9.17,8.53,9.02,0.41000000000000014,4.761904761904767,23450858.0
002470,20171018,8.63,8.65,8.52,8.61,-0.009999999999999787,-0.11600928074245731,9826040.0
002470,20171017,8.65,8.68,8.52,8.62,-0.010000000000001563,-0.11587485515645035,6919466.0
002470,20171016,8.45,8.66,8.43,8.63,0.1800000000000015,2.130177514792919,15102557.0
002470,20171013,8.49,8.55,8.43,8.45,-0.040000000000000924,-0.4711425206124997,6777300.0
002470,20171012,8.37,8.53,8.32,8.49,0.09999999999999964,1.1918951132300348,12746099.0
002470,20171011,8.24,8.39,8.22,8.39,0.14000000000000057,1.696969696969708,14283861.0
002470,20171010,8.22,8.25,8.16,8.25,0.03999999999999915,0.4872107186357999,5603410.0
002470,20171009,8.1,8.23,8.08,8.21,0.16000000000000014,1.9875776397515477,10237058.0
002470,20170929,8.06,8.08,8.01,8.05,0.02000000000000135,0.24906600249068322,4263247.0
002470,20170928,7.98,8.06,7.95,8.03,0.049999999999998934,0.6265664160400863,4435260.0
002470,20170927,8.02,8.05,7.95,7.98,-0.03999999999999915,-0.4987531172069737,5272097.0
002470,20170926,7.79,8.03,7.79,8.02,0.21999999999999975,2.8205128205128105,10033823.0
002470,20170925,7.88,7.9,7.71,7.8,-0.07000000000000028,-0.8894536213468918,9745682.0
002470,20170922,7.95,8.0,7.73,7.87,-0.11000000000000032,-1.3784461152882233,10808630.0
002470,20170921,8.1,8.1,7.98,7.98,-0.09999999999999964,-1.2376237623762387,6954302.0
002470,20170920,8.14,8.16,8.04,8.08,-0.09999999999999964,-1.2224938875305624,6973509.0
002470,20170919,8.2,8.2,8.06,8.18,-0.030000000000001137,-0.3654080389768666,8569858.0
002470,20170918,8.16,8.22,8.14,8.21,0.030000000000001137,0.3667481662591898,5559188.0
002470,20170915,8.2,8.25,8.14,8.18,-0.019999999999999574,-0.24390243902439046,4660154.0
002470,20170914,8.23,8.28,8.19,8.2,-0.02000000000000135,-0.24330900243311193,7897401.0
002470,20170913,8.1,8.22,8.08,8.22,0.120000000000001,1.4814814814814836,10993294.0
002470,20170912,8.14,8.19,8.0,8.1,-0.019999999999999574,-0.24630541871920597,12006400.0
002470,20170911,8.0,8.16,7.99,8.12,0.09999999999999964,1.2468827930174564,6193710.0
002470,20170908,8.06,8.1,7.99,8.02,-0.040000000000000924,-0.49627791563277013,6467300.0
002470,20170907,8.03,8.09,8.01,8.06,0.02000000000000135,0.24875621890549926,8710928.0
002470,20170906,8.06,8.14,8.0,8.04,-0.08000000000000007,-0.9852216748768461,13789648.0
002470,20170905,8.25,8.27,8.04,8.12,-0.120000000000001,-1.456310679611661,12676343.0
002470,20170904,8.16,8.27,8.14,8.24,0.0600000000000005,0.7334963325183352,8714493.0
002470,20170901,8.17,8.2,8.1,8.18,0.009999999999999787,0.1223990208078396,5480300.0
002470,20170831,8.15,8.2,8.12,8.17,0.009999999999999787,0.1225490196078427,5083705.0
002470,20170830,8.1,8.17,8.05,8.16,0.08000000000000007,0.990099009900991,6016832.0
002470,20170829,8.23,8.23,8.02,8.08,-0.11999999999999922,-1.4634146341463317,12013833.0
002470,20170828,8.19,8.31,8.19,8.2,0.02999999999999936,0.3671970624234966,11482079.0
002470,20170825,8.15,8.23,8.1,8.17,-0.019999999999999574,-0.24420024420024333,8662042.0
002470,20170824,8.08,8.23,8.08,8.19,0.129999999999999,1.6129032258064502,15100341.0
002470,20170823,8.1,8.11,8.02,8.06,-0.03999999999999915,-0.49382716049382047,5079859.0
002470,20170822,8.03,8.12,7.96,8.1,0.019999999999999574,0.24752475247524774,10926169.0
002470,20170821,7.97,8.09,7.92,8.08,0.11000000000000032,1.3801756587201952,11779738.0
002470,20170818,7.88,8.01,7.84,7.97,0.08000000000000007,1.0139416983523386,8152637.0
002470,20170817,7.95,7.95,7.86,7.89,-0.03000000000000025,-0.37878787878787845,7263367.0
