ts_code,trade_date,open,high,low,close,change,pct_change,vol
2506,2017-12-07,3.85,3.97,3.83,3.92,0.0699999999999998,1.8181818181818077,17881844.0
2506,2017-12-08,3.92,4.02,3.87,3.94,0.02,0.5102040816326481,18842800.0
2506,2017-12-11,3.94,4.0,3.92,3.97,0.0300000000000002,0.761421319796951,11411400.0
2506,2017-12-12,3.96,4.13,3.96,4.05,0.0799999999999996,2.015113350125941,24111440.0
2506,2017-12-13,4.03,4.13,4.0,4.12,0.0700000000000002,1.728395061728394,27487930.0
2506,2017-12-14,4.1,4.48,4.1,4.32,0.2000000000000001,4.854368932038833,57474324.0
2506,2017-12-15,4.33,4.75,4.29,4.75,0.4299999999999997,9.9537037037037,163531861.0
2506,2017-12-18,4.74,4.84,4.62,4.66,-0.0899999999999998,-1.89473684210526,100678378.0
2506,2017-12-19,4.64,4.7,4.49,4.6,-0.0600000000000005,-1.2875536480686844,62522386.0
2506,2017-12-20,4.57,4.67,4.54,4.55,-0.0499999999999998,-1.0869565217391242,46417107.0
2506,2017-12-21,4.53,4.54,4.4,4.47,-0.08,-1.758241758241763,52572343.0
2506,2017-12-22,4.47,4.53,4.42,4.45,-0.0199999999999995,-0.4474272930648726,34511529.0
2506,2017-12-25,4.45,4.89,4.45,4.77,0.3199999999999994,7.191011235955047,96537189.0
2506,2017-12-26,4.71,4.77,4.56,4.61,-0.1599999999999992,-3.354297693920316,56996687.0
2506,2017-12-27,4.56,4.68,4.46,4.46,-0.1500000000000003,-3.2537960954446943,38720393.0
2506,2017-12-28,4.44,4.45,4.23,4.27,-0.1900000000000004,-4.260089686098667,65440670.0
2506,2017-12-29,4.27,4.36,4.22,4.27,0.0,0.0,50136780.0
2506,2018-01-02,4.28,4.33,4.19,4.25,-0.0199999999999995,-0.4683840749414414,57353440.0
2506,2018-01-03,4.28,4.33,4.25,4.29,0.04,0.9411764705882452,45328080.0
2506,2018-01-04,4.29,4.3,4.24,4.26,-0.0300000000000002,-0.6993006993007089,26077292.0
2506,2018-01-05,4.25,4.29,4.2,4.24,-0.0199999999999995,-0.4694835680751019,24114386.0
2506,2018-01-08,4.25,4.34,4.24,4.26,0.0199999999999995,0.4716981132075304,36141280.0
2506,2018-01-09,4.26,4.27,4.15,4.18,-0.08,-1.8779342723004744,38696535.0
2506,2018-01-10,4.17,4.21,4.12,4.17,-0.0099999999999997,-0.2392344497607612,22074602.0
2506,2018-01-11,4.17,4.23,4.16,4.18,0.0099999999999997,0.2398081534772167,19537848.0
2506,2018-01-12,4.19,4.21,4.13,4.15,-0.0299999999999993,-0.7177033492822837,21500140.0
2506,2018-01-15,4.16,4.17,3.92,3.99,-0.1600000000000001,-3.855421686746996,36316279.0
2506,2018-01-16,3.99,4.02,3.86,3.98,-0.0100000000000002,-0.2506265664160456,30810980.0
2506,2018-01-17,3.96,4.02,3.9,3.98,0.0,0.0,23422169.0
2506,2018-01-18,3.97,4.01,3.95,3.97,-0.0099999999999997,-0.2512562814070307,13430500.0
2506,2018-01-19,3.97,4.01,3.89,3.92,-0.0500000000000002,-1.2594458438287215,24323210.0
2506,2018-01-22,3.92,3.99,3.88,3.95,0.0300000000000002,0.7653061224489832,21973912.0
2506,2018-01-23,3.95,4.0,3.91,3.94,-0.0100000000000002,-0.2531645569620266,15632740.0
2506,2018-01-24,3.92,3.99,3.91,3.98,0.04,1.015228426395942,19425902.0
2506,2018-01-25,3.98,4.07,3.96,4.02,0.0399999999999995,1.0050251256281229,24124412.0
2506,2018-01-26,4.04,4.2,4.02,4.17,0.1500000000000003,3.731343283582089,44401061.0
2506,2018-01-29,4.17,4.24,4.11,4.18,0.0099999999999997,0.2398081534772167,28509208.0
2506,2018-01-30,4.16,4.2,4.13,4.14,-0.04,-0.9569377990430672,17586688.0
2506,2018-01-31,4.14,4.16,4.05,4.12,-0.0199999999999995,-0.4830917874396045,23265788.0
2506,2018-02-01,4.11,4.2,4.04,4.13,0.0099999999999997,0.2427184466019305,28060140.0
2506,2018-02-02,4.12,4.22,4.08,4.21,0.08,1.937046004842613,28965335.0
2506,2018-02-05,4.15,4.24,4.12,4.14,-0.0700000000000002,-1.6627078384798155,18022602.0
2506,2018-02-06,4.06,4.1,3.88,3.96,-0.1799999999999997,-4.347826086956519,30807400.0
2506,2018-02-07,3.98,4.03,3.91,3.93,-0.0299999999999998,-0.7575757575757569,17092729.0
2506,2018-02-08,3.95,3.98,3.91,3.91,-0.02,-0.5089058524173073,15395302.0
2506,2018-02-09,3.86,3.92,3.64,3.74,-0.1699999999999999,-4.347826086956519,28998260.0
2506,2018-02-12,3.8,3.93,3.8,3.85,0.1099999999999998,2.941176470588225,17012260.0
2506,2018-02-13,3.88,4.05,3.87,3.97,0.1200000000000001,3.116883116883118,21641800.0
2506,2018-02-14,4.0,4.05,3.97,4.0,0.0299999999999998,0.7556675062972307,10057900.0
2506,2018-02-22,4.0,4.08,4.0,4.02,0.0199999999999995,0.4999999999999893,9653203.0
2506,2018-02-23,4.02,4.06,4.01,4.06,0.04,0.995024875621886,11346234.0
2506,2018-02-26,4.08,4.1,4.02,4.06,0.0,0.0,17865720.0
2506,2018-02-27,4.06,4.07,3.99,4.02,-0.04,-0.985221674876846,13853201.0
2506,2018-02-28,4.01,4.09,3.98,4.06,0.04,0.995024875621886,16262256.0
2506,2018-03-01,4.06,4.13,4.04,4.11,0.0500000000000007,1.2315270935960854,17182692.0
2506,2018-03-02,4.1,4.22,4.08,4.2,0.0899999999999998,2.1897810218977964,29483849.0
2506,2018-03-05,4.24,4.31,4.15,4.17,-0.0300000000000002,-0.7142857142857229,17462246.0
2506,2018-03-06,4.16,4.2,4.11,4.18,0.0099999999999997,0.2398081534772167,12776849.0
2506,2018-03-07,4.19,4.27,4.16,4.23,0.0500000000000007,1.1961722488038395,20230132.0
2506,2018-03-08,4.24,4.31,4.22,4.29,0.0599999999999996,1.4184397163120366,21038529.0
2506,2018-03-09,4.28,4.3,4.24,4.26,-0.0300000000000002,-0.6993006993007089,13352364.0
2506,2018-03-12,4.26,4.29,4.23,4.27,0.0099999999999997,0.2347417840375509,14074302.0
2506,2018-03-13,4.27,4.47,4.22,4.4,0.1300000000000007,3.0444964871194635,47810016.0
2506,2018-03-14,4.36,4.49,4.25,4.27,-0.1300000000000007,-2.9545454545454763,38043601.0
2506,2018-03-15,4.27,4.29,4.17,4.2,-0.0699999999999994,-1.639344262295073,19465523.0
2506,2018-03-16,4.19,4.28,4.18,4.23,0.0300000000000002,0.7142857142857117,13239916.0
2506,2018-03-19,4.23,4.25,4.18,4.23,0.0,0.0,8316801.0
2506,2018-03-20,4.21,4.26,4.16,4.25,0.0199999999999995,0.4728132387706862,14313241.0
2506,2018-03-21,4.25,4.3,4.23,4.25,0.0,0.0,13861548.0
2506,2018-03-22,4.24,4.32,4.21,4.29,0.04,0.9411764705882452,17091618.0
2506,2018-03-23,4.22,4.41,4.16,4.38,0.0899999999999998,2.0979020979021046,66824676.0
2506,2018-03-26,4.34,4.45,4.3,4.42,0.04,0.9132420091324313,36948018.0
2506,2018-03-27,4.44,4.55,4.42,4.42,0.0,0.0,40872855.0
2506,2018-03-28,4.35,4.48,4.33,4.43,0.0099999999999997,0.2262443438914019,20113721.0
2506,2018-03-29,4.41,4.51,4.38,4.39,-0.04,-0.9029345372460472,15374444.0
2506,2018-03-30,4.4,4.44,4.37,4.42,0.0300000000000002,0.6833712984054774,12013036.0
2506,2018-04-02,4.42,4.67,4.42,4.58,0.1600000000000001,3.619909502262453,49876950.0
2506,2018-04-03,4.5,4.54,4.44,4.48,-0.0999999999999996,-2.183406113537112,25783800.0
2506,2018-04-04,4.48,4.5,4.39,4.41,-0.0700000000000002,-1.562500000000011,21968963.0
2506,2018-04-09,4.36,4.49,4.29,4.43,0.0199999999999995,0.4535147392290106,25485429.0
2506,2018-04-10,4.44,4.44,4.37,4.38,-0.0499999999999998,-1.1286681715575564,15536853.0
2506,2018-04-11,4.38,4.58,4.37,4.57,0.1900000000000004,4.337899543378998,35988200.0
2506,2018-04-12,4.57,4.58,4.48,4.49,-0.08,-1.7505470459518668,15711640.0
2506,2018-04-13,4.5,4.59,4.48,4.5,0.0099999999999997,0.222717149220486,16089276.0
2506,2018-04-16,4.51,4.62,4.47,4.61,0.1100000000000003,2.444444444444449,24548528.0
2506,2018-04-17,4.61,4.77,4.61,4.71,0.0999999999999996,2.1691973969631073,40375922.0
2506,2018-04-18,4.7,4.79,4.64,4.71,0.0,0.0,20484147.0
2506,2018-04-19,4.69,4.8,4.68,4.79,0.08,1.698513800424628,19287221.0
2506,2018-04-20,4.79,4.79,4.5,4.62,-0.1699999999999999,-3.5490605427974886,46349773.0
2506,2018-04-23,4.53,4.66,4.51,4.65,0.0300000000000002,0.6493506493506551,24687691.0
2506,2018-04-24,4.64,4.76,4.63,4.67,0.0199999999999995,0.4301075268817067,21681372.0
2506,2018-04-25,4.65,4.67,4.56,4.58,-0.0899999999999998,-1.9271948608136968,23449480.0
2506,2018-04-26,4.58,4.68,4.55,4.56,-0.0200000000000004,-0.4366812227074357,26828741.0
2506,2018-05-14,4.6,4.99,4.58,4.79,0.2300000000000004,5.043859649122817,61241171.0
2506,2018-05-15,4.79,4.87,4.7,4.75,-0.04,-0.8350730688935326,31084633.0
2506,2018-05-16,4.73,4.82,4.72,4.77,0.0199999999999995,0.4210526315789442,20163925.0
2506,2018-05-17,4.75,4.78,4.66,4.71,-0.0599999999999996,-1.2578616352201144,16895042.0
2506,2018-05-18,4.69,4.84,4.69,4.83,0.1200000000000001,2.547770700636942,21486676.0
2506,2018-05-21,4.85,5.04,4.85,4.99,0.1600000000000001,3.31262939958592,33474419.0
2506,2018-05-22,5.0,5.05,4.92,5.02,0.0299999999999993,0.6012024048096087,24626621.0
2506,2018-05-23,5.0,5.29,4.99,5.23,0.2100000000000008,4.183266932270935,41246539.0
2506,2018-05-24,5.23,5.26,5.13,5.17,-0.0600000000000005,-1.147227533460815,21930711.0
2506,2018-05-25,5.16,5.2,5.11,5.16,-0.0099999999999997,-0.19342359767891,19727411.0
2506,2018-05-28,5.17,5.22,5.16,5.18,0.0199999999999995,0.3875968992248069,16157459.0
2506,2018-05-29,5.19,5.2,5.06,5.06,-0.1200000000000001,-2.316602316602323,24868655.0
2506,2018-05-30,5.06,5.14,5.02,5.1,0.04,0.7905138339920903,24316503.0
2506,2018-05-31,5.12,5.25,5.07,5.19,0.0900000000000007,1.7647058823529571,18690400.0
2506,2018-06-01,5.06,5.19,5.05,5.08,-0.1100000000000003,-2.1194605009633993,20111860.0
2506,2018-06-04,5.01,5.01,4.86,4.98,-0.0999999999999996,-1.9685039370078703,43908973.0
2506,2018-06-05,4.99,5.18,4.92,5.14,0.1599999999999992,3.2128514056224855,28049777.0
2506,2018-06-06,5.14,5.25,5.11,5.18,0.04,0.7782101167315147,19735214.0
2506,2018-06-07,5.22,5.35,5.22,5.34,0.1600000000000001,3.088803088803082,27192001.0
2506,2018-06-08,5.27,5.38,5.21,5.23,-0.1099999999999994,-2.0599250936329527,22863126.0
2506,2018-06-11,5.3,5.33,5.21,5.23,0.0,0.0,17560253.0
2506,2018-06-12,5.25,5.3,5.18,5.26,0.0299999999999993,0.5736137667303964,20360421.0
2506,2018-06-13,5.24,5.24,5.11,5.12,-0.1399999999999996,-2.6615969581748944,15026761.0
2506,2018-06-14,5.12,5.25,5.1,5.18,0.0599999999999996,1.171875,15902540.0
2506,2018-06-15,5.15,5.21,5.0,5.09,-0.0899999999999998,-1.737451737451734,22651689.0
2506,2018-06-19,5.0,5.12,4.84,4.96,-0.1299999999999999,-2.5540275049115935,32797786.0
2506,2018-06-20,4.97,5.03,4.92,4.95,-0.0099999999999997,-0.2016129032258007,21996241.0
2506,2018-06-21,4.93,4.99,4.46,4.61,-0.3399999999999998,-6.8686868686868685,38069940.0
2506,2018-06-22,4.59,4.78,4.58,4.76,0.1499999999999994,3.253796095444672,29724720.0
2506,2018-06-25,4.77,4.96,4.76,4.89,0.1299999999999999,2.73109243697478,20271791.0
2506,2018-06-26,4.86,4.93,4.82,4.87,-0.0199999999999995,-0.4089979550102152,13857760.0
2506,2018-06-27,4.86,5.01,4.86,4.88,0.0099999999999997,0.2053388090349051,20932391.0
2506,2018-06-28,4.88,4.94,4.65,4.75,-0.1299999999999999,-2.6639344262295084,16537167.0
2506,2018-06-29,4.71,4.81,4.58,4.68,-0.0700000000000002,-1.473684210526327,23466376.0
2506,2018-07-02,4.65,4.7,4.56,4.59,-0.0899999999999998,-1.923076923076916,18442900.0
2506,2018-07-03,4.62,4.8,4.59,4.68,0.0899999999999998,1.9607843137254832,19164309.0
2506,2018-07-04,4.65,4.68,4.52,4.58,-0.0999999999999996,-2.136752136752129,14993586.0
2506,2018-07-05,4.58,4.64,4.26,4.3,-0.2800000000000002,-6.113537117903933,25901706.0
2506,2018-07-06,4.36,4.37,3.87,4.23,-0.0699999999999994,-1.6279069767441756,34199769.0
2506,2018-07-09,4.24,4.38,4.24,4.31,0.0799999999999991,1.8912529550827228,19871676.0
2506,2018-07-10,4.4,4.63,4.4,4.61,0.3000000000000007,6.960556844547572,25532187.0
2506,2018-07-11,4.56,4.58,4.46,4.58,-0.0300000000000002,-0.6507592190889477,17026069.0
2506,2018-07-12,4.67,4.79,4.63,4.76,0.1799999999999997,3.9301310043668103,27386913.0
2506,2018-07-13,4.76,4.82,4.69,4.7,-0.0599999999999996,-1.2605042016806678,17565400.0
2506,2018-07-16,4.71,4.73,4.57,4.62,-0.08,-1.7021276595744703,14027700.0
2506,2018-07-17,4.62,4.7,4.58,4.68,0.0599999999999996,1.298701298701288,9577941.0
2506,2018-07-18,4.7,4.77,4.6,4.6,-0.08,-1.7094017094017144,9924061.0
2506,2018-07-19,4.58,4.68,4.57,4.58,-0.0199999999999995,-0.4347826086956385,9354017.0
2506,2018-07-20,4.65,4.67,4.53,4.63,0.0499999999999998,1.091703056768556,14470954.0
2506,2018-07-23,4.59,4.7,4.55,4.63,0.0,0.0,11109351.0
2506,2018-07-24,4.64,4.7,4.63,4.64,0.0099999999999997,0.2159827213822795,9794674.0
2506,2018-07-25,4.65,4.75,4.6,4.63,-0.0099999999999997,-0.2155172413793038,15073418.0
2506,2018-07-26,4.63,4.65,4.6,4.62,-0.0099999999999997,-0.2159827213822795,7192940.0
2506,2018-07-27,4.63,4.68,4.59,4.66,0.04,0.8658008658008587,12998330.0
2506,2018-07-30,4.66,4.68,4.56,4.62,-0.04,-0.8583690987124526,14084397.0
2506,2018-07-31,4.59,4.64,4.58,4.63,0.0099999999999997,0.2164502164502035,15658475.0
2506,2018-08-01,4.61,4.65,4.51,4.57,-0.0599999999999996,-1.295896328293733,12970300.0
2506,2018-08-02,4.56,4.59,4.51,4.52,-0.0500000000000007,-1.0940919037199293,14562475.0
2506,2018-08-03,4.52,4.65,4.52,4.53,0.0100000000000006,0.2212389380531032,20762603.0
2506,2018-08-06,4.53,4.57,4.51,4.57,0.04,0.8830022075055233,8906836.0
2506,2018-08-07,4.56,4.6,4.53,4.58,0.0099999999999997,0.2188183807439792,11773189.0
2506,2018-08-08,4.59,4.67,4.57,4.59,0.0099999999999997,0.2183406113537067,12682640.0
2506,2018-08-09,4.59,4.75,4.57,4.7,0.1100000000000003,2.3965141612200425,20967123.0
2506,2018-08-10,4.69,4.78,4.67,4.71,0.0099999999999997,0.2127659574468143,15386100.0
2506,2018-08-13,4.7,4.7,4.61,4.69,-0.0199999999999995,-0.4246284501061459,10950440.0
2506,2018-08-14,4.68,4.69,4.63,4.65,-0.04,-0.8528784648187626,8419851.0
2506,2018-08-15,4.66,4.66,4.58,4.61,-0.04,-0.8602150537634468,8340200.0
2506,2018-08-16,4.57,4.69,4.54,4.64,0.0299999999999993,0.6507592190889255,14440767.0
2506,2018-08-17,4.64,4.7,4.58,4.62,-0.0199999999999995,-0.4310344827586077,6046863.0
2506,2018-08-20,4.58,4.68,4.55,4.63,0.0099999999999997,0.2164502164502035,10812526.0
2506,2018-08-21,4.63,4.73,4.6,4.69,0.0600000000000005,1.295896328293744,10725475.0
2506,2018-08-22,4.66,4.71,4.61,4.61,-0.08,-1.7057569296375252,7147013.0
2506,2018-08-23,4.61,4.69,4.61,4.67,0.0599999999999996,1.3015184381778733,10239963.0
2506,2018-08-24,4.68,4.8,4.65,4.7,0.0300000000000002,0.6423982869379063,14063800.0
2506,2018-08-27,4.72,4.82,4.7,4.81,0.1099999999999994,2.340425531914891,15439685.0
2506,2018-08-28,4.81,4.9,4.79,4.89,0.08,1.6632016632016633,12317050.0
2506,2018-08-29,4.89,4.9,4.77,4.77,-0.1200000000000001,-2.453987730061346,14424314.0
2506,2018-08-30,4.86,4.86,4.7,4.72,-0.0499999999999998,-1.0482180293501009,8019773.0
2506,2018-08-31,4.68,4.73,4.66,4.71,-0.0099999999999997,-0.2118644067796604,10245800.0
2506,2018-09-03,4.81,4.98,4.72,4.82,0.1100000000000003,2.3354564755838636,28033010.0
2506,2018-09-04,4.77,4.78,4.69,4.72,-0.1000000000000005,-2.0746887966805128,21856671.0
2506,2018-09-05,4.73,4.73,4.54,4.6,-0.1200000000000001,-2.5423728813559365,26555853.0
2506,2018-09-06,4.57,4.65,4.55,4.6,0.0,0.0,11641407.0
2506,2018-09-07,4.59,4.72,4.56,4.57,-0.0299999999999993,-0.6521739130434634,15307008.0
2506,2018-09-10,4.61,4.63,4.55,4.56,-0.0100000000000006,-0.2188183807440014,8302741.0
2506,2018-09-11,4.56,4.68,4.56,4.64,0.08,1.7543859649122862,14741488.0
2506,2018-09-12,4.62,4.69,4.62,4.63,-0.0099999999999997,-0.2155172413793038,9897917.0
2506,2018-09-13,4.69,4.74,4.64,4.66,0.0300000000000002,0.6479481641468832,9601140.0
2506,2018-09-14,4.66,4.71,4.63,4.65,-0.0099999999999997,-0.2145922746781048,7162820.0
2506,2018-09-17,4.63,4.67,4.6,4.61,-0.04,-0.8602150537634468,6907900.0
2506,2018-09-18,4.61,4.7,4.6,4.68,0.0699999999999994,1.5184381778741818,18047898.0
2506,2018-09-19,4.67,4.77,4.65,4.74,0.0600000000000005,1.2820512820512997,15849395.0
2506,2018-09-20,4.76,4.78,4.68,4.73,-0.0099999999999997,-0.2109704641350185,10168910.0
2506,2018-09-21,4.72,4.78,4.66,4.77,0.0399999999999991,0.8456659619450191,12829362.0
2506,2018-09-25,4.77,4.83,4.72,4.8,0.0300000000000002,0.6289308176100628,16085981.0
2506,2018-09-26,4.82,4.9,4.78,4.83,0.0300000000000002,0.6250000000000089,12739280.0
2506,2018-09-27,4.81,4.86,4.78,4.8,-0.0300000000000002,-0.6211180124223614,10380694.0
2506,2018-09-28,4.79,4.98,4.79,4.95,0.1500000000000003,3.125,32841800.0
2506,2018-10-08,4.96,4.96,4.84,4.88,-0.0700000000000002,-1.4141414141414232,16983336.0
2506,2018-10-09,4.86,4.95,4.8,4.9,0.0200000000000004,0.4098360655737876,18283526.0
2506,2018-10-10,4.88,4.91,4.84,4.84,-0.0600000000000005,-1.224489795918382,7887800.0
2506,2018-10-11,4.78,4.86,4.55,4.72,-0.1200000000000001,-2.4793388429752095,34804736.0
2506,2018-10-12,4.7,4.82,4.68,4.8,0.08,1.6949152542372836,13679339.0
2506,2018-10-15,4.82,4.88,4.76,4.8,0.0,0.0,8178550.0
2506,2018-10-16,4.8,4.85,4.79,4.85,0.0499999999999998,1.041666666666674,12794977.0
2506,2018-10-17,4.87,4.93,4.84,4.87,0.0200000000000004,0.4123711340206171,12051851.0
2506,2018-10-18,4.86,4.87,4.78,4.8,-0.0700000000000002,-1.4373716632443578,12699890.0
2506,2018-10-19,4.78,5.05,4.76,4.82,0.0200000000000004,0.4166666666666874,19512762.0
2506,2018-10-22,4.88,5.08,4.88,5.05,0.2299999999999995,4.771784232365128,37654084.0
2506,2018-10-23,5.04,5.16,5.01,5.02,-0.0300000000000002,-0.5940594059405946,37656823.0
2506,2018-10-24,5.02,5.09,5.0,5.08,0.0600000000000005,1.195219123505975,28769802.0
2506,2018-10-25,4.98,5.09,4.97,5.08,0.0,0.0,16630698.0
2506,2018-10-26,5.08,5.15,5.07,5.14,0.0599999999999996,1.1811023622047223,21849954.0
2506,2018-10-29,5.12,5.19,5.03,5.08,-0.0599999999999996,-1.167315175097272,20267696.0
2506,2018-10-30,5.04,5.13,5.04,5.12,0.04,0.7874015748031482,16418601.0
2506,2018-10-31,4.99,5.25,4.98,5.15,0.0300000000000002,0.5859375,28075570.0
2506,2018-11-01,5.17,5.25,5.1,5.15,0.0,0.0,22966452.0
2506,2018-11-02,5.19,5.4,5.17,5.24,0.0899999999999998,1.747572815533971,29632512.0
2506,2018-11-05,5.25,5.28,5.14,5.16,-0.08,-1.526717557251911,19879500.0
2506,2018-11-06,5.16,5.2,5.12,5.18,0.0199999999999995,0.3875968992248069,10043373.0
2506,2018-11-07,5.15,5.18,5.06,5.1,-0.08,-1.544401544401541,20456939.0
2506,2018-11-08,5.1,5.15,5.05,5.07,-0.0299999999999993,-0.5882352941176339,9395440.0
2506,2018-11-09,5.06,5.1,5.04,5.09,0.0199999999999995,0.3944773175542426,14568061.0
2506,2018-11-12,5.07,5.14,5.06,5.13,0.04,0.7858546168958647,16000777.0
2506,2018-11-13,5.12,5.13,5.07,5.11,-0.0199999999999995,-0.3898635477582735,13012980.0
2506,2018-11-14,5.12,5.14,5.02,5.05,-0.0600000000000005,-1.1741682974559795,23585736.0
2506,2018-11-15,5.02,5.07,5.02,5.05,0.0,0.0,12006724.0
2506,2018-11-16,5.04,5.19,5.03,5.13,0.08,1.5841584158415856,26134497.0
2506,2018-11-19,5.12,5.12,4.97,5.02,-0.1100000000000003,-2.1442495126705707,20936983.0
2506,2018-11-20,4.94,4.97,4.84,4.85,-0.1699999999999999,-3.3864541832669293,30898900.0
2506,2018-11-21,4.82,4.88,4.81,4.85,0.0,0.0,13693924.0
2506,2018-11-22,4.85,4.93,4.81,4.89,0.04,0.8247422680412342,15368787.0
2506,2018-11-23,4.89,4.89,4.77,4.81,-0.08,-1.6359918200409052,13488371.0
2506,2018-11-26,4.8,4.88,4.8,4.83,0.0200000000000004,0.4158004158004269,12397331.0
2506,2018-11-27,4.83,4.87,4.83,4.86,0.0300000000000002,0.6211180124223725,11803300.0
2506,2018-11-28,4.85,4.99,4.85,4.98,0.1200000000000001,2.4691358024691468,25442466.0
2506,2018-11-29,5.0,5.06,4.94,4.97,-0.0100000000000006,-0.2008032128514192,21017468.0
2506,2018-11-30,4.96,4.99,4.93,4.98,0.0100000000000006,0.201207243460777,13002939.0
2506,2018-12-03,5.0,5.12,5.0,5.03,0.0499999999999998,1.0040160642570184,21324630.0
2506,2018-12-04,5.01,5.06,4.98,5.0,-0.0300000000000002,-0.5964214711729698,14689100.0
2506,2018-12-05,4.94,4.97,4.85,4.9,-0.0999999999999996,-1.999999999999991,14669080.0
2506,2018-12-06,4.93,5.02,4.92,5.0,0.0999999999999996,2.0408163265306145,21016906.0
2506,2018-12-07,5.0,5.04,4.96,4.99,-0.0099999999999997,-0.2000000000000001,12955360.0
2506,2018-12-10,5.03,5.12,4.99,5.03,0.04,0.8016032064128265,24101266.0
2506,2018-12-11,5.0,5.06,4.95,4.99,-0.04,-0.7952286282306154,12861624.0
2506,2018-12-12,4.96,4.99,4.93,4.96,-0.0300000000000002,-0.6012024048096198,6439308.0
2506,2018-12-13,4.96,4.98,4.89,4.96,0.0,0.0,9693082.0
2506,2018-12-14,4.94,4.97,4.92,4.96,0.0,0.0,7135525.0
2506,2018-12-17,4.94,4.97,4.92,4.97,0.0099999999999997,0.2016129032258007,21132372.0
2506,2018-12-18,4.96,5.03,4.94,5.03,0.0600000000000005,1.2072434607645954,27219511.0
2506,2018-12-19,5.05,5.1,5.02,5.04,0.0099999999999997,0.1988071570576455,27814590.0
2506,2018-12-20,5.03,5.05,4.98,5.0,-0.04,-0.7936507936507908,10351924.0
2506,2018-12-21,4.98,5.0,4.96,4.99,-0.0099999999999997,-0.2000000000000001,11866072.0
2506,2018-12-24,4.98,4.99,4.94,4.96,-0.0300000000000002,-0.6012024048096198,14033900.0
2506,2018-12-25,4.95,5.05,4.88,5.02,0.0599999999999996,1.2096774193548263,29069700.0
2506,2018-12-26,5.02,5.04,4.98,4.99,-0.0299999999999993,-0.5976095617529764,12051876.0
2506,2018-12-27,5.0,5.05,4.96,5.01,0.0199999999999995,0.4008016032064132,20301971.0
2506,2018-12-28,5.0,5.02,4.95,5.0,-0.0099999999999997,-0.1996007984031877,15200383.0
2506,2019-01-02,5.0,5.05,4.96,4.99,-0.0099999999999997,-0.2000000000000001,9958500.0
2506,2019-01-03,4.98,5.01,4.96,4.99,0.0,0.0,5701800.0
2506,2019-01-04,4.99,5.03,4.96,5.03,0.04,0.8016032064128265,12757154.0
2506,2019-01-07,5.05,5.05,4.98,5.01,-0.0200000000000004,-0.3976143141153132,15016500.0
2506,2019-01-08,5.01,5.02,4.99,5.01,0.0,0.0,7972665.0
2506,2019-01-09,5.02,5.06,4.98,5.02,0.0099999999999997,0.1996007984031989,14107260.0
2506,2019-01-10,5.0,5.04,4.99,5.03,0.0100000000000006,0.199203187251018,25431025.0
2506,2019-01-11,5.03,5.16,5.01,5.06,0.0299999999999993,0.5964214711729587,26727971.0
2506,2019-01-14,5.06,5.06,5.0,5.02,-0.04,-0.7905138339920903,16844074.0
2506,2019-01-15,5.0,5.03,4.96,4.99,-0.0299999999999993,-0.5976095617529764,19348405.0
2506,2019-01-16,4.98,4.99,4.95,4.96,-0.0300000000000002,-0.6012024048096198,15231800.0
2506,2019-01-17,4.95,4.98,4.92,4.96,0.0,0.0,26136400.0
2506,2019-01-18,4.96,5.0,4.94,5.0,0.04,0.8064516129032251,22292200.0
2506,2019-01-21,5.0,5.05,4.9,5.01,0.0099999999999997,0.2000000000000001,20849655.0
2506,2019-01-22,5.01,5.02,4.95,4.98,-0.0299999999999993,-0.5988023952095634,15961439.0
2506,2019-01-23,4.98,4.99,4.91,4.93,-0.0500000000000007,-1.0040160642570406,19560135.0
2506,2019-01-24,4.91,4.96,4.9,4.93,0.0,0.0,10139851.0
2506,2019-01-25,4.92,4.94,4.88,4.89,-0.04,-0.8113590263691739,6022660.0
2506,2019-01-28,4.9,4.95,4.85,4.93,0.04,0.8179959100204526,40187400.0
2506,2019-01-29,4.92,4.98,4.91,4.97,0.04,0.8113590263691739,24077900.0
2506,2019-01-30,4.96,5.0,4.95,4.98,0.0100000000000006,0.201207243460777,10116706.0
2506,2019-01-31,4.97,5.01,4.89,4.93,-0.0500000000000007,-1.0040160642570406,32944865.0
2506,2019-02-01,4.92,5.06,4.92,5.05,0.1200000000000001,2.4340770791074995,19737947.0
2506,2019-02-11,5.04,5.09,5.03,5.08,0.0300000000000002,0.5940594059405946,16595579.0
2506,2019-02-12,5.06,5.15,5.06,5.12,0.04,0.7874015748031482,24708722.0
2506,2019-02-13,5.15,5.17,5.05,5.12,0.0,0.0,17489960.0
2506,2019-02-14,5.1,5.12,5.06,5.09,-0.0300000000000002,-0.5859375,9611613.0
2506,2019-02-15,5.08,5.12,5.04,5.11,0.0200000000000004,0.3929273084479545,14873900.0
2506,2019-02-18,5.11,5.16,5.09,5.15,0.04,0.7827788649706457,19748100.0
2506,2019-02-19,5.15,5.18,5.08,5.13,-0.0200000000000004,-0.3883495145631133,17496320.0
2506,2019-02-20,5.17,5.61,5.16,5.52,0.3899999999999997,7.602339181286544,62841587.0
2506,2019-02-21,5.51,5.52,5.29,5.35,-0.1699999999999999,-3.079710144927539,57310302.0
2506,2019-02-22,5.31,5.36,5.21,5.33,-0.0199999999999995,-0.3738317757009279,45225551.0
2506,2019-02-25,5.33,5.58,5.28,5.45,0.1200000000000001,2.251407129455907,64251908.0
2506,2019-02-26,5.42,5.43,5.28,5.33,-0.1200000000000001,-2.2018348623853212,53482101.0
2506,2019-02-27,5.31,5.34,5.17,5.18,-0.1500000000000003,-2.814258911819889,36525394.0
2506,2019-02-28,5.19,5.26,5.16,5.21,0.0300000000000002,0.5791505791505891,24703803.0
2506,2019-03-01,5.3,5.3,5.16,5.21,0.0,0.0,26572417.0
2506,2019-03-04,5.21,5.35,5.2,5.27,0.0599999999999996,1.151631477927051,48574096.0
2506,2019-03-05,5.25,5.29,5.19,5.26,-0.0099999999999997,-0.1897533206831059,39756719.0
2506,2019-03-06,5.28,5.3,5.2,5.28,0.0200000000000004,0.3802281368821436,48626866.0
2506,2019-03-07,5.3,5.49,5.29,5.39,0.1099999999999994,2.083333333333326,74065720.0
2506,2019-03-08,5.38,5.44,5.23,5.24,-0.1499999999999994,-2.782931354359919,63068700.0
2506,2019-03-11,5.24,5.5,5.24,5.46,0.2199999999999997,4.198473282442738,77451971.0
2506,2019-03-12,5.58,5.65,5.37,5.45,-0.0099999999999997,-0.1831501831501825,74822668.0
2506,2019-03-13,5.47,5.49,5.25,5.31,-0.1400000000000005,-2.5688073394495525,51294192.0
2506,2019-03-14,5.26,5.32,5.13,5.17,-0.1399999999999996,-2.6365348399246646,33834234.0
2506,2019-03-15,5.18,5.26,5.14,5.19,0.0200000000000004,0.3868471953578423,28844739.0
2506,2019-03-18,5.18,5.23,5.15,5.22,0.0299999999999993,0.5780346820809079,23741105.0
2506,2019-03-19,5.22,5.27,5.18,5.2,-0.0199999999999995,-0.3831417624520994,31847160.0
2506,2019-03-20,5.2,5.26,5.04,5.11,-0.0899999999999998,-1.7307692307692246,35487360.0
2506,2019-03-21,5.12,5.16,5.1,5.14,0.0299999999999993,0.5870841487279677,27747993.0
2506,2019-03-22,5.13,5.15,5.01,5.12,-0.0199999999999995,-0.3891050583657462,37309340.0
2506,2019-03-25,5.06,5.21,5.04,5.16,0.04,0.78125,28877795.0
2506,2019-03-26,5.19,5.32,5.12,5.27,0.1099999999999994,2.1317829457364157,43180462.0
2506,2019-03-27,5.31,5.32,5.2,5.28,0.0100000000000006,0.189753320683117,26687280.0
2506,2019-03-28,5.26,5.28,5.2,5.28,0.0,0.0,25298669.0
2506,2019-03-29,5.29,5.33,5.27,5.31,0.0299999999999993,0.5681818181818121,34203892.0
2506,2019-04-01,5.34,5.48,5.34,5.47,0.1600000000000001,3.0131826741996326,58236081.0
2506,2019-04-02,5.5,6.02,5.45,6.02,0.5499999999999998,10.05484460694699,107660312.0
2506,2019-04-03,6.0,6.11,5.91,6.0,-0.0199999999999995,-0.3322259136212535,117839988.0
2506,2019-04-04,5.97,6.6,5.84,6.47,0.4699999999999997,7.833333333333337,135440209.0
2506,2019-04-08,6.46,6.9,6.4,6.85,0.3799999999999999,5.873261205564151,137393183.0
2506,2019-04-09,7.01,7.54,6.77,7.54,0.6900000000000004,10.072992700729944,168168833.0
2506,2019-04-10,7.88,8.27,7.54,7.55,0.0099999999999997,0.1326259946949681,186469495.0
2506,2019-04-11,7.54,7.75,7.22,7.55,0.0,0.0,144209735.0
2506,2019-04-12,7.55,7.55,6.95,7.2,-0.3499999999999996,-4.635761589403964,95183178.0
2506,2019-04-15,7.54,7.82,7.27,7.4,0.2000000000000001,2.77777777777779,93373422.0
2506,2019-04-16,7.38,7.54,7.14,7.47,0.0699999999999994,0.9459459459459474,72068545.0
2506,2019-04-17,7.55,7.75,7.25,7.35,-0.1200000000000001,-1.6064257028112428,60384051.0
2506,2019-04-18,7.27,7.44,7.08,7.2,-0.1499999999999994,-2.0408163265306034,57207144.0
2506,2019-04-19,7.13,7.45,7.1,7.29,0.0899999999999998,1.2499999999999956,58237779.0
2506,2019-04-22,7.33,7.59,7.18,7.41,0.1200000000000001,1.6460905349794164,71079277.0
2506,2019-04-23,7.31,7.4,7.05,7.07,-0.3399999999999998,-4.5883940620782715,56423015.0
2506,2019-04-24,7.19,7.55,7.11,7.42,0.3499999999999996,4.950495049504955,90411620.0
2506,2019-04-25,7.45,7.62,7.14,7.26,-0.1600000000000001,-2.156334231805934,70149700.0
2506,2019-04-26,7.16,7.45,6.99,7.31,0.0499999999999998,0.688705234159781,57711774.0
2506,2019-04-29,7.38,7.45,7.1,7.18,-0.1299999999999999,-1.7783857729138153,74236905.0
2506,2019-04-30,7.19,7.28,6.46,6.46,-0.7199999999999998,-10.027855153203337,78503841.0
2506,2019-05-06,6.2,6.38,5.85,5.97,-0.4900000000000002,-7.585139318885448,82933637.0
2506,2019-05-07,6.04,6.19,5.89,6.0,0.0300000000000002,0.5025125628140836,39320140.0
2506,2019-05-08,5.9,6.13,5.7,6.0,0.0,0.0,40547772.0
2506,2019-05-09,6.0,6.08,5.95,5.98,-0.0199999999999995,-0.3333333333333299,23182305.0
2506,2019-05-10,6.02,6.12,5.74,6.06,0.0799999999999991,1.3377926421404451,42294365.0
2506,2019-05-13,6.04,6.18,5.93,6.07,0.0100000000000006,0.1650165016501725,34465417.0
2506,2019-05-14,5.98,6.02,5.83,5.85,-0.2200000000000006,-3.6243822075782695,30641746.0
2506,2019-05-15,5.83,5.94,5.81,5.89,0.04,0.6837606837606813,46341207.0
2506,2019-05-16,5.89,5.94,5.8,5.9,0.0100000000000006,0.1697792869270076,39196779.0
2506,2019-05-17,5.9,5.96,5.67,5.79,-0.1100000000000003,-1.8644067796610209,45071713.0
2506,2019-05-20,5.8,5.86,5.5,5.52,-0.2700000000000004,-4.6632124352331665,31435543.0
2506,2019-05-21,5.49,6.07,5.49,5.97,0.4500000000000002,8.15217391304348,81819155.0
2506,2019-05-22,5.96,6.09,5.85,5.91,-0.0599999999999996,-1.005025125628134,45561139.0
2506,2019-05-23,5.96,6.05,5.7,5.82,-0.0899999999999998,-1.522842639593902,44744500.0
2506,2019-05-24,5.76,5.88,5.67,5.8,-0.0200000000000004,-0.3436426116838587,31627584.0
2506,2019-05-27,5.76,6.01,5.73,5.94,0.1400000000000005,2.413793103448292,39369533.0
2506,2019-05-28,5.94,6.1,5.9,5.96,0.0199999999999995,0.336700336700324,44954559.0
2506,2019-05-29,5.91,6.13,5.9,6.05,0.0899999999999998,1.5100671140939603,49848210.0
2506,2019-05-30,6.03,6.11,5.95,6.05,0.0,0.0,66147658.0
2506,2019-05-31,6.11,6.63,6.11,6.49,0.4400000000000004,7.272727272727275,106707314.0
2506,2019-06-03,6.4,6.6,6.36,6.44,-0.0499999999999998,-0.7704160246533087,57202510.0
2506,2019-06-04,6.54,6.54,6.22,6.28,-0.1600000000000001,-2.4844720496894457,50962335.0
2506,2019-06-05,6.25,6.39,6.18,6.27,-0.0100000000000006,-0.1592356687898144,45323713.0
2506,2019-06-06,6.25,6.38,6.23,6.34,0.0700000000000002,1.1164274322169154,52613859.0
2506,2019-06-10,6.34,6.54,6.34,6.48,0.1400000000000005,2.208201892744488,41419625.0
2506,2019-06-11,6.48,6.54,6.35,6.49,0.0099999999999997,0.1543209876543105,52170899.0
2506,2019-06-12,6.51,6.51,6.33,6.4,-0.0899999999999998,-1.3867488443759624,34019100.0
2506,2019-06-13,6.37,6.5,6.31,6.42,0.0199999999999995,0.3124999999999822,37455553.0
2506,2019-06-14,6.42,6.54,6.31,6.39,-0.0300000000000002,-0.4672897196261738,36963194.0
2506,2019-06-17,6.45,6.5,6.34,6.46,0.0700000000000002,1.095461658841934,29405192.0
2506,2019-06-18,6.45,6.52,6.17,6.36,-0.0999999999999996,-1.5479876160990669,69077780.0
2506,2019-06-19,6.43,6.59,6.35,6.36,0.0,0.0,38796067.0
2506,2019-06-20,6.33,6.51,6.28,6.44,0.08,1.2578616352201255,47696097.0
2506,2019-06-21,6.56,6.58,6.44,6.57,0.1299999999999999,2.0186335403726607,42835626.0
2506,2019-06-24,6.62,7.18,6.56,6.89,0.3199999999999994,4.87062404870624,77389034.0
2506,2019-06-25,6.86,6.94,6.72,6.77,-0.1200000000000001,-1.741654571843254,40873544.0
2506,2019-06-26,6.76,6.84,6.7,6.79,0.0200000000000004,0.2954209748892156,27610514.0
2506,2019-06-27,6.77,6.95,6.72,6.79,0.0,0.0,41416601.0
2506,2019-06-28,6.77,6.78,6.56,6.68,-0.1100000000000003,-1.6200294550810068,26008377.0
2506,2019-07-01,6.79,6.88,6.64,6.67,-0.0099999999999997,-0.1497005988023936,35970714.0
2506,2019-07-02,6.68,6.69,6.54,6.59,-0.08,-1.199400299850073,25057269.0
2506,2019-07-03,6.57,6.69,6.51,6.6,0.0099999999999997,0.1517450682852805,21499512.0
2506,2019-07-04,6.61,6.64,6.5,6.5,-0.0999999999999996,-1.5151515151515138,25703822.0
2506,2019-07-05,6.48,6.62,6.41,6.56,0.0599999999999996,0.9230769230769154,28293627.0
2506,2019-07-08,6.54,6.56,6.32,6.39,-0.1699999999999999,-2.591463414634143,28947251.0
2506,2019-07-09,6.39,6.53,6.38,6.48,0.0900000000000007,1.4084507042253724,23696802.0
2506,2019-07-10,6.46,6.68,6.46,6.67,0.1899999999999995,2.9320987654321007,36292942.0
2506,2019-07-11,6.67,6.74,6.49,6.5,-0.1699999999999999,-2.548725637181404,37652200.0
2506,2019-07-12,6.53,6.67,6.51,6.59,0.0899999999999998,1.384615384615384,27201942.0
2506,2019-07-15,6.6,6.74,6.46,6.63,0.04,0.6069802731411222,24637100.0
2506,2019-07-16,6.6,6.67,6.52,6.54,-0.0899999999999998,-1.3574660633484117,16002040.0
2506,2019-07-17,6.53,6.59,6.45,6.57,0.0300000000000002,0.4587155963302836,19824522.0
2506,2019-07-18,6.54,6.54,6.42,6.46,-0.1100000000000003,-1.6742770167427756,13412300.0
2506,2019-07-19,6.44,6.64,6.44,6.53,0.0700000000000002,1.0835913312693624,25618851.0
2506,2019-07-22,6.55,6.55,6.42,6.52,-0.0100000000000006,-0.1531393568147132,18733771.0
2506,2019-07-23,6.47,6.58,6.47,6.52,0.0,0.0,16732886.0
2506,2019-07-24,6.51,6.6,6.45,6.57,0.0500000000000007,0.7668711656441785,58701830.0
2506,2019-07-25,6.55,6.66,6.45,6.58,0.0099999999999997,0.1522070015220755,71946201.0
2506,2019-07-26,6.57,6.62,6.5,6.55,-0.0300000000000002,-0.455927051671734,20472002.0
2506,2019-07-29,6.53,6.6,6.5,6.59,0.04,0.6106870229007688,37004820.0
2506,2019-07-30,6.6,6.89,6.56,6.77,0.1799999999999997,2.73141122913505,40062970.0
2506,2019-07-31,6.78,6.9,6.75,6.84,0.0700000000000002,1.0339734121122657,31278700.0
2506,2019-08-01,6.79,6.85,6.56,6.57,-0.2699999999999996,-3.9473684210526216,44423570.0
2506,2019-08-02,6.49,6.59,6.45,6.57,0.0,0.0,26575955.0
2506,2019-08-05,6.53,6.55,6.43,6.44,-0.1299999999999999,-1.9786910197869043,27515500.0
2506,2019-08-06,6.36,6.44,6.01,6.15,-0.29,-4.503105590062118,42004814.0
2506,2019-08-07,6.15,6.25,6.02,6.19,0.04,0.6504065040650486,28318800.0
2506,2019-08-08,6.21,6.22,6.12,6.15,-0.04,-0.646203554119551,20672760.0
2506,2019-08-09,6.11,6.17,6.02,6.07,-0.08,-1.3008130081300862,37679586.0
2506,2019-08-12,6.03,6.15,5.96,6.12,0.0499999999999998,0.8237232289950658,67133573.0
2506,2019-08-13,6.1,6.17,6.06,6.15,0.0300000000000002,0.4901960784313708,25874213.0
2506,2019-08-14,6.13,6.21,6.09,6.12,-0.0300000000000002,-0.4878048780487809,27776400.0
2506,2019-08-15,6.05,6.19,6.01,6.18,0.0599999999999996,0.9803921568627416,37763419.0
2506,2019-08-16,6.16,6.19,6.11,6.15,-0.0299999999999993,-0.4854368932038722,19123692.0
2506,2019-08-19,6.13,6.24,6.12,6.15,0.0,0.0,34450821.0
2506,2019-08-20,6.16,6.24,6.08,6.09,-0.0600000000000005,-0.9756097560975728,27978389.0
2506,2019-08-21,6.08,6.12,6.06,6.11,0.0200000000000004,0.3284072249589487,16535202.0
2506,2019-08-22,6.09,6.15,6.05,6.09,-0.0200000000000004,-0.327332242225864,19881214.0
2506,2019-08-23,6.13,6.44,6.13,6.31,0.2199999999999997,3.612479474548436,68849124.0
2506,2019-08-26,6.18,6.36,6.15,6.22,-0.0899999999999998,-1.426307448494446,33669740.0
2506,2019-08-27,6.21,6.32,6.13,6.15,-0.0699999999999994,-1.125401929260439,43809101.0
2506,2019-08-28,6.11,6.16,6.07,6.14,-0.0100000000000006,-0.1626016260162677,23713039.0
2506,2019-08-29,6.12,6.14,6.08,6.14,0.0,0.0,16687157.0
2506,2019-08-30,6.13,6.17,6.09,6.17,0.0300000000000002,0.4885993485342021,25279247.0
2506,2019-09-02,6.14,6.32,6.1,6.22,0.0499999999999998,0.8103727714748654,34925200.0
2506,2019-09-03,6.2,6.24,6.14,6.19,-0.0299999999999993,-0.4823151125401881,21948700.0
2506,2019-09-04,6.18,6.28,6.13,6.22,0.0299999999999993,0.4846526655896577,31397633.0
2506,2019-09-05,6.23,6.49,6.21,6.38,0.1600000000000001,2.5723472668810254,57254539.0
2506,2019-09-06,6.38,6.54,6.38,6.48,0.1000000000000005,1.5673981191222763,55227190.0
2506,2019-09-09,6.56,6.57,6.22,6.27,-0.2100000000000008,-3.240740740740755,73612568.0
2506,2019-09-10,6.25,6.32,6.22,6.29,0.0200000000000004,0.3189792663476964,35096737.0
2506,2019-09-11,6.29,6.35,6.26,6.31,0.0199999999999995,0.3179650238473774,49722937.0
2506,2019-09-12,6.31,6.4,6.29,6.36,0.0500000000000007,0.7923930269413848,29673120.0
2506,2019-09-16,6.37,6.74,6.25,6.35,-0.0100000000000006,-0.1572327044025212,129834861.0
2506,2019-09-17,6.34,6.35,6.19,6.35,0.0,0.0,87849529.0
2506,2019-09-18,6.32,6.34,6.24,6.27,-0.08,-1.2598425196850394,36996802.0
2506,2019-09-19,6.26,6.41,6.25,6.36,0.0900000000000007,1.435406698564612,79209505.0
2506,2019-09-20,6.35,6.51,6.32,6.41,0.0499999999999998,0.7861635220125729,128805553.0
2506,2019-09-23,6.41,6.45,6.31,6.43,0.0199999999999995,0.312012480499213,80983976.0
2506,2019-09-24,6.42,6.93,6.42,6.77,0.3399999999999998,5.287713841368591,112301986.0
2506,2019-09-25,6.85,6.98,6.77,6.79,0.0200000000000004,0.2954209748892156,83735481.0
2506,2019-09-26,6.77,6.92,6.52,6.61,-0.1799999999999997,-2.6509572901325384,71242039.0
2506,2019-09-27,6.57,6.64,6.5,6.6,-0.0100000000000006,-0.1512859304084846,60578904.0
2506,2019-09-30,6.57,6.8,6.5,6.71,0.1100000000000003,1.6666666666666607,53697382.0
2506,2019-10-08,6.7,6.7,6.49,6.57,-0.1399999999999996,-2.0864381520119157,40534781.0
2506,2019-10-09,6.54,6.58,6.39,6.42,-0.1500000000000003,-2.2831050228310557,32710656.0
2506,2019-10-10,6.39,6.65,6.38,6.54,0.1200000000000001,1.869158878504673,54406538.0
2506,2019-10-11,6.51,6.61,6.44,6.52,-0.0200000000000004,-0.3058103975535187,35679680.0
2506,2019-10-14,6.51,6.57,6.41,6.44,-0.0799999999999991,-1.2269938650306678,28884611.0
2506,2019-10-15,6.4,6.52,6.35,6.51,0.0699999999999994,1.086956521739113,30172445.0
2506,2019-10-16,6.48,6.55,6.38,6.43,-0.08,-1.228878648233489,20032800.0
2506,2019-10-17,6.41,6.45,6.39,6.45,0.0200000000000004,0.3110419906687367,19968730.0
2506,2019-10-18,6.43,6.47,6.42,6.46,0.0099999999999997,0.1550387596899183,17104776.0
2506,2019-10-21,6.44,6.49,6.42,6.49,0.0300000000000002,0.4643962848297267,15720700.0
2506,2019-10-22,6.48,6.58,6.48,6.52,0.0299999999999993,0.4622496147919763,28889521.0
2506,2019-10-23,6.51,6.6,6.48,6.58,0.0600000000000005,0.920245398773023,52883448.0
2506,2019-10-24,6.57,6.64,6.53,6.58,0.0,0.0,44076044.0
2506,2019-10-25,6.56,6.59,6.45,6.47,-0.1100000000000003,-1.6717325227963542,32548185.0
2506,2019-10-28,6.46,6.54,6.41,6.46,-0.0099999999999997,-0.1545595054095794,41478000.0
2506,2019-10-29,6.44,6.48,6.41,6.48,0.0200000000000004,0.3095975232198178,18275000.0
2506,2019-10-30,6.45,6.48,6.39,6.4,-0.08,-1.2345679012345734,21447910.0
2506,2019-10-31,6.41,6.44,6.39,6.42,0.0199999999999995,0.3124999999999822,11621319.0
2506,2019-11-01,6.41,6.58,6.4,6.56,0.1399999999999996,2.180685358255441,33407513.0
2506,2019-11-04,6.53,6.73,6.42,6.5,-0.0599999999999996,-0.9146341463414532,36472177.0
2506,2019-11-05,6.43,6.51,6.4,6.51,0.0099999999999997,0.1538461538461488,21908100.0
2506,2019-11-06,6.49,6.5,6.41,6.42,-0.0899999999999998,-1.3824884792626668,36739984.0
2506,2019-11-07,6.41,6.55,6.41,6.51,0.0899999999999998,1.4018691588784993,41437861.0
2506,2019-11-08,6.51,6.73,6.51,6.69,0.1800000000000006,2.764976958525356,57096090.0
2506,2019-11-11,6.67,6.78,6.58,6.6,-0.0900000000000007,-1.3452914798206428,54792205.0
2506,2019-11-12,6.59,6.85,6.59,6.64,0.04,0.60606060606061,62112128.0
2506,2019-11-13,6.63,6.66,6.46,6.59,-0.0499999999999998,-0.7530120481927693,51599671.0
2506,2019-11-14,6.55,6.64,6.54,6.63,0.04,0.6069802731411222,42126791.0
2506,2019-11-15,6.59,6.63,6.51,6.58,-0.0499999999999998,-0.7541478129713397,45557678.0
2506,2019-11-18,6.55,6.63,6.52,6.62,0.04,0.6079027355623046,37956685.0
2506,2019-11-19,6.58,6.69,6.58,6.64,0.0199999999999995,0.302114803625364,40442582.0
2506,2019-11-20,6.64,6.68,6.57,6.59,-0.0499999999999998,-0.7530120481927693,19277374.0
2506,2019-11-21,6.59,6.6,6.49,6.54,-0.0499999999999998,-0.7587253414264028,38416600.0
2506,2019-11-22,6.52,6.6,6.41,6.47,-0.0700000000000002,-1.07033639143731,23430054.0
2506,2019-11-25,6.45,6.48,6.27,6.3,-0.1699999999999999,-2.6275115919629055,35797843.0
2506,2019-11-26,6.25,6.37,6.25,6.32,0.0200000000000004,0.3174603174603163,49058254.0
2506,2019-11-27,6.3,6.3,5.69,6.0,-0.3200000000000003,-5.063291139240511,88021656.0
2506,2019-11-28,5.94,6.12,5.9,6.09,0.0899999999999998,1.4999999999999902,53653576.0
2506,2019-11-29,6.13,6.17,6.08,6.14,0.0499999999999998,0.8210180623973606,36012637.0
2506,2019-12-02,6.12,6.32,6.11,6.3,0.1600000000000001,2.6058631921824116,41521250.0
2506,2019-12-03,6.29,6.33,6.19,6.26,-0.04,-0.6349206349206327,50141645.0
2506,2019-12-04,6.24,6.31,6.21,6.3,0.04,0.6389776357827559,38498954.0
2506,2019-12-05,6.3,6.34,6.22,6.32,0.0200000000000004,0.3174603174603163,45747365.0
2506,2019-12-06,6.33,6.41,6.25,6.3,-0.0200000000000004,-0.3164556962025444,43007901.0
2506,2019-12-09,6.31,6.32,6.16,6.19,-0.1099999999999994,-1.7460317460317398,68742814.0
2506,2019-12-10,6.2,6.41,6.17,6.4,0.2099999999999999,3.392568659127626,92912867.0
2506,2019-12-11,6.39,6.45,6.18,6.24,-0.1600000000000001,-2.500000000000002,62715684.0
2506,2019-12-12,6.24,6.26,5.83,6.04,-0.2000000000000001,-3.205128205128205,58611479.0
2506,2019-12-13,6.02,6.16,5.99,6.05,0.0099999999999997,0.16556291390728,48264002.0
2506,2019-12-16,6.0,6.07,5.9,6.04,-0.0099999999999997,-0.1652892561983421,44433532.0
2506,2019-12-17,6.03,6.08,5.97,6.0,-0.04,-0.6622516556291425,40449045.0
2506,2019-12-18,6.0,6.01,5.71,5.87,-0.1299999999999999,-2.166666666666661,89067537.0
2506,2019-12-19,5.9,6.04,5.78,5.99,0.1200000000000001,2.044293015332199,61173493.0
2506,2019-12-20,5.99,6.02,5.79,5.86,-0.1299999999999999,-2.170283806343909,68593570.0
2506,2019-12-23,5.83,5.84,5.74,5.8,-0.0600000000000005,-1.0238907849829393,40105892.0
2506,2019-12-24,5.75,5.85,5.7,5.8,0.0,0.0,35209774.0
2506,2019-12-25,5.82,5.87,5.76,5.82,0.0200000000000004,0.3448275862069083,21221127.0
2506,2019-12-26,5.8,5.8,5.47,5.47,-0.3500000000000005,-6.013745704467366,53566389.0
2506,2019-12-27,5.55,6.02,5.55,6.02,0.5499999999999998,10.05484460694699,207205125.0
2506,2019-12-30,6.03,6.04,5.83,5.91,-0.1099999999999994,-1.8272425249169388,128434782.0
2506,2019-12-31,5.9,6.0,5.79,5.91,0.0,0.0,78743795.0
2506,2020-01-02,5.88,5.95,5.85,5.93,0.0199999999999995,0.3384094754653066,63169434.0
2506,2020-01-03,5.91,5.94,5.78,5.86,-0.0699999999999994,-1.1804384485666009,50978065.0
2506,2020-01-06,5.84,5.84,5.55,5.63,-0.2300000000000004,-3.924914675767921,76768514.0
2506,2020-01-07,5.65,5.86,5.45,5.73,0.1000000000000005,1.7761989342806483,119299341.0
2506,2020-01-08,5.66,5.72,5.58,5.63,-0.1000000000000005,-1.7452006980802848,60833682.0
2506,2020-01-09,5.63,5.67,5.49,5.51,-0.1200000000000001,-2.131438721136769,99693855.0
2506,2020-01-10,5.52,5.6,5.45,5.54,0.0300000000000002,0.5444646098003769,86157822.0
2506,2020-01-13,5.52,5.54,5.3,5.49,-0.0499999999999998,-0.902527075812276,66669917.0
2506,2020-01-14,5.49,5.57,5.46,5.5,0.0099999999999997,0.1821493624772241,65152985.0
2506,2020-01-15,5.5,5.59,5.49,5.57,0.0700000000000002,1.2727272727272698,52899028.0
2506,2020-01-16,5.57,5.72,5.56,5.67,0.0999999999999996,1.7953321364452268,66841979.0
2506,2020-01-17,5.68,5.75,5.61,5.64,-0.0300000000000002,-0.5291005291005346,50890963.0
2506,2020-01-20,5.65,5.74,5.62,5.73,0.0900000000000007,1.5957446808510856,55977405.0
2506,2020-01-21,5.72,5.97,5.7,5.85,0.1199999999999992,2.094240837696315,118100450.0
2506,2020-01-22,5.83,6.13,5.76,6.03,0.1800000000000006,3.076923076923088,99583061.0
2506,2020-01-23,6.02,6.15,5.83,5.89,-0.1400000000000005,-2.321724709784423,72720241.0
2506,2020-02-03,5.4,5.41,5.3,5.3,-0.5899999999999999,-10.016977928692691,68466000.0
2506,2020-02-04,4.77,5.6,4.77,5.33,0.0300000000000002,0.5660377358490676,83510629.0
2506,2020-02-05,5.34,5.67,5.29,5.41,0.08,1.500938086303938,76745015.0
2506,2020-02-06,5.41,5.5,5.33,5.4,-0.0099999999999997,-0.1848428835489746,58168924.0
2506,2020-02-07,5.45,5.45,5.22,5.34,-0.0600000000000005,-1.1111111111111185,51216915.0
2506,2020-02-10,5.3,5.34,5.18,5.19,-0.1499999999999994,-2.8089887640449285,50696726.0
2506,2020-02-11,5.22,5.7,5.18,5.59,0.3999999999999994,7.707129094412313,150088896.0
2506,2020-02-12,5.59,5.94,5.55,5.82,0.2300000000000004,4.114490161001805,120693443.0
2506,2020-02-13,5.87,5.88,5.52,5.57,-0.25,-4.295532646048105,91874955.0
2506,2020-02-14,5.57,5.72,5.42,5.42,-0.1500000000000003,-2.6929982046678735,74263067.0
2506,2020-02-17,5.49,5.63,5.43,5.55,0.1299999999999999,2.398523985239853,93005629.0
2506,2020-02-18,5.54,5.64,5.51,5.58,0.0300000000000002,0.540540540540535,104640435.0
2506,2020-02-19,5.55,5.6,5.45,5.49,-0.0899999999999998,-1.6129032258064502,67278779.0
2506,2020-02-20,5.48,5.55,5.42,5.49,0.0,0.0,54595239.0
2506,2020-02-21,5.48,5.55,5.41,5.43,-0.0600000000000005,-1.0928961748634003,62709488.0
2506,2020-02-24,5.43,5.93,5.39,5.69,0.2600000000000007,4.7882136279926435,187202944.0
2506,2020-02-25,5.58,5.86,5.54,5.81,0.1199999999999992,2.1089630931458547,161934088.0
2506,2020-02-26,5.85,6.1,5.71,5.72,-0.0899999999999998,-1.5490533562822706,133437881.0
2506,2020-02-27,5.78,6.03,5.66,5.88,0.1600000000000001,2.7972027972027913,169840199.0
2506,2020-02-28,5.71,5.78,5.47,5.52,-0.3600000000000003,-6.1224489795918435,102419544.0
2506,2020-03-02,5.52,5.79,5.48,5.67,0.1500000000000003,2.717391304347827,96114813.0
2506,2020-03-03,5.67,5.78,5.5,5.54,-0.1299999999999999,-2.2927689594356204,81188711.0
2506,2020-03-04,5.49,5.53,5.37,5.46,-0.08,-1.4440433212996373,60092510.0
2506,2020-03-05,5.45,5.49,5.44,5.47,0.0099999999999997,0.1831501831501825,55396334.0
2506,2020-03-06,5.46,5.56,5.38,5.46,-0.0099999999999997,-0.1828153564899404,82775906.0
2506,2020-03-09,5.37,5.45,4.91,5.3,-0.1600000000000001,-2.930402930402931,206548541.0
2506,2020-03-10,5.05,5.21,4.97,5.14,-0.1600000000000001,-3.018867924528301,106550616.0
2506,2020-03-11,5.2,5.25,5.06,5.09,-0.0499999999999998,-0.9727626459143934,85425772.0
2506,2020-03-12,5.0,5.33,4.95,5.18,0.0899999999999998,1.7681728880157177,128611900.0
2506,2020-03-13,5.09,5.47,5.01,5.41,0.2300000000000004,4.440154440154442,149153945.0
2506,2020-03-16,5.46,5.5,5.37,5.38,-0.0300000000000002,-0.5545286506469571,89021696.0
2506,2020-03-17,5.47,5.5,5.27,5.29,-0.0899999999999998,-1.6728624535315983,75886789.0
2506,2020-03-18,5.27,5.31,5.06,5.15,-0.1399999999999996,-2.6465028355387443,112780763.0
2506,2020-03-19,5.1,5.13,4.92,5.08,-0.0700000000000002,-1.3592233009708798,51337502.0
2506,2020-03-20,5.08,5.11,5.01,5.1,0.0199999999999995,0.3937007874015741,125573709.0
2506,2020-03-23,5.0,5.03,4.87,4.89,-0.2099999999999999,-4.117647058823525,93002403.0
2506,2020-03-24,4.93,4.99,4.4,4.4,-0.4899999999999993,-10.020449897750494,81258458.0
2506,2020-03-25,3.96,3.96,3.96,3.96,-0.4400000000000004,-10.000000000000009,233500400.0
2506,2020-03-26,3.56,3.96,3.56,3.7,-0.2599999999999998,-6.565656565656564,1280113304.0
2506,2020-03-27,3.5,3.55,3.33,3.33,-0.3700000000000001,-9.999999999999998,707458131.0
2506,2020-03-30,3.33,3.43,3.12,3.28,-0.0500000000000002,-1.501501501501512,337379867.0
2506,2020-03-31,3.22,3.28,3.01,3.03,-0.25,-7.621951219512191,477010655.0
2506,2020-04-01,3.02,3.17,3.02,3.09,0.06,1.980198019801982,348502288.0
2506,2020-04-02,3.05,3.08,2.95,3.07,-0.02,-0.6472491909385147,315281104.0
2506,2020-04-03,3.04,3.11,2.98,2.98,-0.0899999999999998,-2.931596091205202,261797852.0
2506,2020-04-07,3.04,3.09,2.98,3.07,0.0899999999999998,3.0201342281879207,299060703.0
2506,2020-04-08,3.05,3.06,3.0,3.02,-0.0499999999999998,-1.628664495113996,199030170.0
2506,2020-04-09,3.04,3.04,2.99,3.0,-0.02,-0.6622516556291425,176098545.0
2506,2020-04-10,3.02,3.02,2.82,2.87,-0.1299999999999999,-4.333333333333334,262931020.0
2506,2020-04-13,2.81,2.83,2.61,2.67,-0.2000000000000001,-6.968641114982588,236369931.0
2506,2020-04-14,2.7,2.94,2.67,2.94,0.27,10.1123595505618,330087791.0
2506,2020-04-15,2.97,3.02,2.87,2.89,-0.0499999999999998,-1.7006802721088343,344003243.0
2506,2020-04-16,2.85,2.88,2.78,2.84,-0.0500000000000002,-1.730103806228378,198747301.0
2506,2020-04-17,2.87,2.96,2.82,2.84,0.0,0.0,231121121.0
2506,2020-04-20,2.81,2.82,2.76,2.78,-0.06,-2.112676056338026,153666283.0
2506,2020-04-21,2.77,2.87,2.76,2.79,0.0100000000000002,0.3597122302158251,148988314.0
2506,2020-04-22,2.76,2.77,2.72,2.75,-0.04,-1.433691756272404,143398929.0
2506,2020-04-23,2.76,2.77,2.69,2.69,-0.06,-2.1818181818181848,143863089.0
2506,2020-04-24,2.67,2.72,2.62,2.63,-0.06,-2.230483271375472,118583129.0
2506,2020-04-27,2.62,2.7,2.56,2.62,-0.0099999999999997,-0.3802281368821214,142912991.0
2506,2020-04-28,2.61,2.62,2.41,2.51,-0.1100000000000003,-4.198473282442761,161159756.0
2506,2020-04-29,2.49,2.55,2.45,2.46,-0.0499999999999998,-1.9920318725099584,99458171.0
2506,2020-04-30,2.47,2.56,2.47,2.52,0.06,2.4390243902439046,107601029.0
2506,2020-05-06,2.49,2.76,2.47,2.69,0.1699999999999999,6.746031746031744,249189143.0
2506,2020-05-07,2.67,2.71,2.59,2.6,-0.0899999999999998,-3.3457249070631967,167234800.0
2506,2020-05-08,2.63,2.66,2.59,2.61,0.0099999999999997,0.3846153846153832,114713483.0
2506,2020-05-11,2.61,2.65,2.56,2.57,-0.04,-1.532567049808431,91806456.0
2506,2020-05-12,2.56,2.58,2.48,2.52,-0.0499999999999998,-1.9455252918287869,110187665.0
2506,2020-05-13,2.5,2.61,2.49,2.57,0.0499999999999998,1.984126984126977,116345838.0
2506,2020-05-14,2.55,2.56,2.49,2.51,-0.06,-2.3346303501945553,98188567.0
2506,2020-05-15,2.52,2.56,2.49,2.52,0.0100000000000002,0.3984063745019917,82193312.0
2506,2020-05-18,2.54,2.69,2.52,2.61,0.0899999999999998,3.5714285714285587,184745634.0
2506,2020-05-19,2.6,2.68,2.58,2.64,0.0300000000000002,1.1494252873563315,143017688.0
2506,2020-05-20,2.63,2.73,2.61,2.7,0.06,2.2727272727272707,174551962.0
2506,2020-05-21,2.7,2.94,2.63,2.75,0.0499999999999998,1.851851851851838,308764138.0
2506,2020-05-22,2.7,2.82,2.66,2.67,-0.08,-2.9090909090909167,178591559.0
2506,2020-05-25,2.64,2.72,2.61,2.62,-0.0499999999999998,-1.872659176029956,104421542.0
2506,2020-05-26,2.62,2.69,2.59,2.66,0.04,1.526717557251911,134458828.0
2506,2020-05-27,2.66,2.68,2.6,2.61,-0.0500000000000002,-1.8796992481203143,77694786.0
2506,2020-05-28,2.6,2.65,2.53,2.55,-0.06,-2.298850574712641,95252082.0
2506,2020-05-29,2.55,2.59,2.54,2.55,0.0,0.0,69800030.0
2506,2020-06-01,2.56,2.66,2.56,2.65,0.1,3.9215686274509887,131799423.0
2506,2020-06-02,2.69,2.74,2.63,2.65,0.0,0.0,113080026.0
2506,2020-06-03,2.67,2.71,2.63,2.66,0.0100000000000002,0.3773584905660376,114689388.0
2506,2020-06-04,2.67,2.67,2.62,2.64,-0.02,-0.7518796992481258,77973699.0
2506,2020-06-05,2.65,2.71,2.62,2.67,0.0299999999999998,1.1363636363636245,107919827.0
2506,2020-06-08,2.68,2.68,2.59,2.61,-0.06,-2.2471910112359605,125033529.0
2506,2020-06-09,2.61,2.62,2.57,2.6,-0.0099999999999997,-0.3831417624520994,64019691.0
2506,2020-06-10,2.59,2.59,2.54,2.56,-0.04,-1.538461538461544,71416587.0
2506,2020-06-11,2.55,2.6,2.54,2.56,0.0,0.0,70220085.0
2506,2020-06-12,2.51,2.6,2.49,2.57,0.0099999999999997,0.390625,104353465.0
2506,2020-06-15,2.57,2.59,2.53,2.54,-0.0299999999999998,-1.167315175097272,73537831.0
2506,2020-06-16,2.55,2.56,2.53,2.55,0.0099999999999997,0.3937007874015741,60322042.0
2506,2020-06-17,2.55,2.55,2.5,2.53,-0.02,-0.7843137254901933,73939649.0
2506,2020-06-18,2.54,2.62,2.51,2.59,0.06,2.371541501976293,129048401.0
2506,2020-06-19,2.58,2.62,2.56,2.59,0.0,0.0,99144676.0
2506,2020-06-22,2.58,2.65,2.57,2.61,0.02,0.7722007722007707,102197293.0
2506,2020-06-23,2.61,2.7,2.58,2.62,0.0100000000000002,0.3831417624521105,174523227.0
2506,2020-06-24,2.63,2.65,2.57,2.57,-0.0500000000000002,-1.9083969465648944,91800963.0
2506,2020-06-29,2.55,2.71,2.53,2.62,0.0500000000000002,1.945525291828809,175456219.0
2506,2020-06-30,2.62,2.65,2.59,2.61,-0.0100000000000002,-0.3816793893129833,96410184.0
2506,2020-07-01,2.61,2.63,2.59,2.61,0.0,0.0,70988853.0
2506,2020-07-02,2.62,2.74,2.6,2.73,0.1200000000000001,4.597701149425282,224641145.0
2506,2020-07-03,2.73,2.95,2.72,2.78,0.0499999999999998,1.831501831501825,309769908.0
2506,2020-07-06,2.82,3.05,2.79,3.02,0.2400000000000002,8.63309352517987,399449562.0
2506,2020-07-07,3.03,3.14,2.95,2.95,-0.0699999999999998,-2.3178807947019764,364789181.0
2506,2020-07-08,2.94,3.01,2.9,2.97,0.02,0.6779661016949268,227144681.0
2506,2020-07-09,2.99,3.27,2.98,3.27,0.2999999999999998,10.1010101010101,406630484.0
2506,2020-07-10,3.3,3.43,3.16,3.19,-0.08,-2.4464831804281384,433968697.0
2506,2020-07-13,3.14,3.3,3.11,3.28,0.0899999999999998,2.8213166144200663,279794308.0
2506,2020-07-14,3.3,3.38,3.06,3.13,-0.1499999999999999,-4.57317073170731,274392200.0
2506,2020-07-15,3.09,3.13,2.87,2.88,-0.25,-7.987220447284349,318865020.0
2506,2020-07-16,2.87,2.9,2.73,2.77,-0.1099999999999998,-3.819444444444442,188025093.0
2506,2020-07-17,2.75,2.8,2.72,2.75,-0.02,-0.7220216606498187,111386184.0
2506,2020-07-20,2.77,2.85,2.76,2.85,0.1,3.6363636363636376,132394218.0
2506,2020-07-21,2.87,2.97,2.84,2.91,0.06,2.1052631578947434,152463633.0
2506,2020-07-22,2.89,2.9,2.84,2.87,-0.04,-1.3745704467354014,128987756.0
2506,2020-07-23,2.83,2.86,2.76,2.83,-0.04,-1.393728222996515,114870608.0
2506,2020-07-24,2.82,3.1,2.82,2.96,0.1299999999999999,4.59363957597172,346576121.0
2506,2020-07-27,2.99,3.0,2.81,2.91,-0.0499999999999998,-1.6891891891891886,167235611.0
2506,2020-07-28,2.9,2.92,2.85,2.88,-0.0300000000000002,-1.0309278350515538,111211025.0
2506,2020-07-29,2.87,2.96,2.83,2.94,0.06,2.083333333333326,169177145.0
2506,2020-07-30,2.92,3.2,2.89,3.09,0.1499999999999999,5.102040816326525,378266663.0
2506,2020-07-31,3.04,3.18,3.03,3.07,-0.02,-0.6472491909385147,243084296.0
2506,2020-08-03,3.07,3.16,3.06,3.11,0.04,1.3029315960912058,207384968.0
2506,2020-08-04,3.29,3.29,3.1,3.12,0.0100000000000002,0.3215434083601254,281547728.0
2506,2020-08-05,3.17,3.43,3.15,3.43,0.31,9.935897435897443,229045216.0
2506,2020-08-06,3.77,3.77,3.77,3.77,0.3399999999999998,9.912536443148689,53692508.0
2506,2020-08-07,4.15,4.15,3.77,3.92,0.1499999999999999,3.9787798408488007,847488082.0
2506,2020-08-10,4.05,4.31,4.05,4.31,0.3899999999999997,9.948979591836736,156195014.0
2506,2020-08-11,4.5,4.74,4.42,4.74,0.4300000000000006,9.976798143851529,178939177.0
2506,2020-08-12,5.1,5.21,4.51,5.21,0.4699999999999997,9.915611814345992,878873721.0
2506,2020-08-13,5.5,5.73,5.49,5.73,0.5200000000000005,9.98080614203456,387505248.0
2506,2020-08-14,5.98,6.29,5.16,5.16,-0.5700000000000003,-9.947643979057595,1126137327.0
2506,2020-08-17,4.89,5.68,4.72,5.68,0.5199999999999996,10.077519379844958,1040071527.0
2506,2020-08-18,5.7,6.25,5.51,5.98,0.3000000000000007,5.2816901408450745,1166098274.0
2506,2020-08-19,5.76,5.86,5.38,5.44,-0.54,-9.030100334448166,919951735.0
2506,2020-08-20,5.09,5.19,4.9,5.01,-0.4300000000000006,-7.904411764705888,594499493.0
2506,2020-08-21,5.0,5.27,4.82,5.14,0.1299999999999999,2.594810379241519,534436842.0
2506,2020-08-24,5.17,5.17,4.76,4.88,-0.2599999999999998,-5.0583657587548565,446817295.0
2506,2020-08-25,4.81,4.94,4.53,4.59,-0.29,-5.9426229508196755,494508151.0
2506,2020-08-26,4.53,4.77,4.43,4.61,0.0200000000000004,0.4357298474945592,429521613.0
2506,2020-08-27,4.48,4.52,4.31,4.32,-0.29,-6.290672451193058,408264692.0
2506,2020-08-28,4.32,4.42,4.25,4.33,0.0099999999999997,0.2314814814814658,287612074.0
2506,2020-08-31,4.42,4.46,4.31,4.31,-0.0200000000000004,-0.4618937644341958,293358859.0
2506,2020-09-01,4.23,4.37,4.15,4.32,0.0100000000000006,0.2320185614849368,304418572.0
2506,2020-09-02,4.3,4.35,4.21,4.24,-0.08,-1.851851851851849,247691017.0
2506,2020-09-03,4.23,4.24,4.04,4.05,-0.1900000000000004,-4.481132075471706,303408052.0
2506,2020-09-04,3.99,4.19,3.95,4.13,0.08,1.975308641975304,279338980.0
2506,2020-09-07,4.12,4.14,3.93,3.95,-0.1799999999999997,-4.358353510895874,246178553.0
2506,2020-09-08,3.94,4.04,3.86,3.97,0.02,0.5063291139240533,207770933.0
2506,2020-09-09,3.91,4.05,3.88,3.88,-0.0900000000000003,-2.267002518891692,210433897.0
2506,2020-09-10,3.7,3.82,3.63,3.64,-0.2399999999999997,-6.185567010309267,259792026.0
2506,2020-09-11,3.66,3.97,3.62,3.79,0.1499999999999999,4.120879120879128,251303550.0
2506,2020-09-14,3.78,3.86,3.72,3.76,-0.0300000000000002,-0.7915567282322011,197318858.0
2506,2020-09-15,3.77,3.82,3.67,3.79,0.0300000000000002,0.7978723404255428,230795014.0
2506,2020-09-16,3.76,3.88,3.69,3.76,-0.0300000000000002,-0.7915567282322011,258257866.0
2506,2020-09-17,3.72,3.74,3.56,3.65,-0.1099999999999998,-2.9255319148936088,229488616.0
2506,2020-09-18,3.65,3.74,3.6,3.74,0.0900000000000003,2.465753424657535,199376556.0
2506,2020-09-21,3.73,3.77,3.69,3.69,-0.0500000000000002,-1.3368983957219305,132556602.0
2506,2020-09-22,3.65,3.67,3.55,3.55,-0.1400000000000001,-3.7940379403794022,146629149.0
2506,2020-09-23,3.57,3.91,3.56,3.91,0.3600000000000003,10.140845070422545,222160439.0
2506,2020-09-24,3.98,4.16,3.94,4.02,0.1099999999999994,2.813299232736566,555362859.0
2506,2020-09-25,3.98,3.99,3.73,3.8,-0.2199999999999997,-5.472636815920396,297706849.0
2506,2020-09-28,3.77,4.06,3.71,3.8,0.0,0.0,264954516.0
2506,2020-09-29,3.84,3.85,3.66,3.71,-0.0899999999999998,-2.368421052631575,216564983.0
2506,2020-09-30,3.71,3.82,3.67,3.78,0.0699999999999998,1.8867924528301885,191976024.0
2506,2020-10-09,4.08,4.16,3.97,4.16,0.3800000000000003,10.052910052910068,204022946.0
2506,2020-10-12,4.2,4.32,4.12,4.24,0.08,1.923076923076916,460726154.0
2506,2020-10-13,4.19,4.21,4.09,4.15,-0.0899999999999998,-2.1226415094339535,225682789.0
2506,2020-10-14,4.15,4.23,4.07,4.16,0.0099999999999997,0.2409638554216719,262579442.0
2506,2020-10-15,4.08,4.12,3.96,3.97,-0.1899999999999999,-4.567307692307687,218785031.0
2506,2020-10-16,3.95,4.0,3.87,3.88,-0.0900000000000003,-2.267002518891692,136402213.0
2506,2020-10-19,3.89,4.08,3.86,4.06,0.1799999999999997,4.639175257731942,174985215.0
2506,2020-10-20,4.06,4.07,3.94,4.03,-0.0299999999999993,-0.7389162561576179,154309341.0
2506,2020-10-21,4.01,4.03,3.92,3.93,-0.1,-2.481389578163773,103698821.0
2506,2020-10-22,3.91,4.01,3.82,3.95,0.02,0.5089058524172962,135223102.0
2506,2020-10-23,3.92,4.01,3.88,3.89,-0.06,-1.518987341772149,84283262.0
2506,2020-10-26,3.74,3.9,3.69,3.8,-0.0900000000000003,-2.313624678663251,112485281.0
2506,2020-10-27,3.77,3.82,3.73,3.75,-0.0499999999999998,-1.3157894736842035,61391812.0
2506,2020-10-28,3.75,3.76,3.65,3.67,-0.08,-2.1333333333333315,80462840.0
2506,2020-10-29,3.63,3.69,3.59,3.62,-0.0499999999999998,-1.3623978201634857,77466206.0
2506,2020-10-30,3.61,3.67,3.45,3.46,-0.1600000000000001,-4.41988950276243,107849559.0
2506,2020-11-02,3.46,3.56,3.37,3.51,0.0499999999999998,1.4450867052023142,85128853.0
2506,2020-11-03,3.51,3.78,3.5,3.72,0.2100000000000004,5.982905982905984,151564249.0
2506,2020-11-04,3.69,3.72,3.6,3.6,-0.1200000000000001,-3.2258064516129115,96992822.0
2506,2020-11-05,3.63,3.7,3.62,3.64,0.04,1.1111111111111072,78979491.0
2506,2020-11-06,3.66,3.68,3.53,3.57,-0.0700000000000002,-1.9230769230769271,76432358.0
2506,2020-11-09,3.58,3.83,3.58,3.75,0.1800000000000001,5.042016806722693,173935121.0
2506,2020-11-10,3.76,3.84,3.69,3.83,0.08,2.133333333333342,178665555.0
2506,2020-11-11,3.79,3.82,3.68,3.71,-0.1200000000000001,-3.1331592689295085,107720540.0
2506,2020-11-12,3.75,3.8,3.68,3.71,0.0,0.0,77910776.0
2506,2020-11-13,3.69,3.73,3.63,3.67,-0.04,-1.0781671159029615,66618349.0
2506,2020-11-16,3.66,3.7,3.57,3.65,-0.02,-0.544959128065392,78405092.0
2506,2020-11-17,3.65,3.66,3.56,3.58,-0.0699999999999998,-1.9178082191780743,69594841.0
2506,2020-11-18,3.58,3.63,3.57,3.59,0.0099999999999997,0.2793296089385499,47611958.0
2506,2020-11-19,3.57,3.58,3.52,3.56,-0.0299999999999998,-0.835654596100277,64973432.0
2506,2020-11-20,3.53,3.63,3.51,3.58,0.02,0.561797752808979,67453985.0
2506,2020-11-23,3.63,3.87,3.63,3.71,0.1299999999999999,3.631284916201105,139547421.0
2506,2020-11-24,3.71,4.08,3.67,4.08,0.3700000000000001,9.973045822102431,475725778.0
2506,2020-11-25,4.01,4.12,3.92,3.94,-0.1400000000000001,-3.4313725490196068,345906475.0
2506,2020-11-26,3.89,4.01,3.82,3.96,0.02,0.50761421319796,210157615.0
2506,2020-11-27,3.95,4.03,3.87,3.89,-0.0699999999999998,-1.7676767676767624,182133718.0
2506,2020-11-30,3.91,4.03,3.79,3.98,0.0899999999999998,2.3136246786632286,173675222.0
2506,2020-12-01,3.95,4.03,3.92,3.98,0.0,0.0,134097668.0
2506,2020-12-02,3.96,4.28,3.92,4.1,0.1199999999999996,3.015075376884413,270937164.0
2506,2020-12-03,4.1,4.34,4.09,4.16,0.0600000000000005,1.4634146341463428,267908673.0
2506,2020-12-04,4.14,4.24,4.07,4.16,0.0,0.0,172143815.0
2506,2020-12-07,4.19,4.58,4.18,4.52,0.3599999999999994,8.653846153846146,502862362.0
2506,2020-12-08,4.4,4.46,4.15,4.16,-0.3599999999999994,-7.964601769911495,404699994.0
2506,2020-12-09,4.16,4.23,3.96,3.98,-0.1800000000000001,-4.326923076923084,241619487.0
2506,2020-12-10,3.94,4.14,3.91,4.06,0.0799999999999996,2.010050251256268,175012785.0
2506,2020-12-11,4.09,4.23,3.98,4.08,0.0200000000000004,0.4926108374384341,160378576.0
2506,2020-12-14,4.13,4.21,4.01,4.1,0.0199999999999995,0.4901960784313708,160263051.0
2506,2020-12-15,4.08,4.26,4.04,4.19,0.0900000000000007,2.1951219512195363,194199913.0
2506,2020-12-16,4.2,4.32,4.14,4.23,0.04,0.9546539379474916,173090544.0
2506,2020-12-17,4.2,4.26,4.06,4.19,-0.04,-0.9456264775413724,188590926.0
2506,2020-12-18,4.21,4.35,4.17,4.33,0.1399999999999996,3.341288782816232,218551769.0
2506,2020-12-21,4.34,4.43,4.26,4.28,-0.0499999999999998,-1.1547344110854452,217410662.0
2506,2020-12-22,4.23,4.32,4.05,4.07,-0.2099999999999999,-4.90654205607477,168363674.0
2506,2020-12-23,4.1,4.45,4.1,4.38,0.3099999999999996,7.616707616707608,299574582.0
2506,2020-12-24,4.44,4.55,4.26,4.36,-0.0199999999999995,-0.4566210045662044,190327497.0
2506,2020-12-25,4.33,4.77,4.28,4.61,0.25,5.733944954128445,290055145.0
2506,2020-12-28,4.73,4.89,4.54,4.6,-0.0100000000000006,-0.2169197396963307,283792656.0
2506,2020-12-29,4.55,4.55,4.14,4.16,-0.4399999999999995,-9.565217391304335,290391964.0
2506,2020-12-30,4.14,4.25,4.13,4.16,0.0,0.0,149637801.0
2506,2020-12-31,4.3,4.43,4.2,4.25,0.0899999999999998,2.163461538461542,196910904.0
2506,2021-01-04,4.19,4.34,4.11,4.27,0.0199999999999995,0.4705882352941115,211584119.0
2506,2021-01-05,4.28,4.3,4.05,4.11,-0.1599999999999992,-3.747072599531598,198425100.0
2506,2021-01-06,4.08,4.1,3.92,3.96,-0.1500000000000003,-3.649635036496357,162384545.0
2506,2021-01-07,3.96,3.99,3.8,3.83,-0.1299999999999999,-3.282828282828276,164994062.0
2506,2021-01-08,3.88,4.18,3.88,4.11,0.2800000000000002,7.3107049608355235,219292284.0
2506,2021-01-11,4.08,4.25,3.96,4.14,0.0299999999999993,0.7299270072992581,216310516.0
2506,2021-01-12,4.09,4.16,4.02,4.07,-0.0699999999999994,-1.6908212560386326,106747714.0
2506,2021-01-13,4.06,4.18,4.0,4.13,0.0599999999999996,1.4742014742014753,109745601.0
2506,2021-01-14,4.08,4.13,3.97,4.08,-0.0499999999999998,-1.2106537530266248,81873455.0
2506,2021-01-15,4.11,4.21,4.03,4.14,0.0599999999999996,1.4705882352941124,111575447.0
2506,2021-01-18,4.09,4.44,4.07,4.35,0.2099999999999999,5.072463768115942,186796020.0
2506,2021-01-19,4.29,4.55,4.29,4.37,0.0200000000000004,0.459770114942537,196686246.0
2506,2021-01-20,4.37,4.55,4.3,4.55,0.1799999999999997,4.118993135011428,194515757.0
2506,2021-01-21,4.48,4.56,4.42,4.48,-0.0699999999999994,-1.538461538461522,171038218.0
2506,2021-01-22,4.43,4.43,4.03,4.07,-0.4100000000000001,-9.15178571428572,300379047.0
2506,2021-01-25,4.14,4.48,4.05,4.48,0.4100000000000001,10.073710073710076,232116247.0
2506,2021-01-26,4.48,4.54,4.16,4.18,-0.3000000000000007,-6.6964285714285925,313162556.0
2506,2021-01-27,4.23,4.34,4.08,4.2,0.0200000000000004,0.4784688995215447,174471129.0
2506,2021-01-28,4.08,4.19,3.98,3.99,-0.2099999999999999,-5.000000000000004,165550630.0
2506,2021-01-29,4.0,4.12,3.98,4.04,0.0499999999999998,1.2531328320801949,110014103.0
2506,2021-02-01,3.81,3.95,3.78,3.83,-0.2099999999999999,-5.198019801980203,155669274.0
2506,2021-02-02,3.82,3.99,3.62,3.88,0.0499999999999998,1.305483028720622,128319145.0
2506,2021-02-03,3.88,3.93,3.74,3.74,-0.1399999999999996,-3.6082474226804,89270216.0
2506,2021-02-04,3.74,3.75,3.47,3.55,-0.1900000000000004,-5.080213903743324,129736438.0
2506,2021-02-05,3.55,3.66,3.38,3.41,-0.1399999999999996,-3.9436619718309807,95785670.0
2506,2021-02-08,3.34,3.6,3.32,3.5,0.0899999999999998,2.639296187683282,78197163.0
2506,2021-02-09,3.47,3.54,3.44,3.48,-0.02,-0.5714285714285672,55209102.0
2506,2021-02-10,3.49,3.58,3.46,3.55,0.0699999999999998,2.011494252873569,68582784.0
2506,2021-02-18,3.6,3.78,3.59,3.64,0.0900000000000003,2.5352112676056526,77859566.0
2506,2021-02-19,3.64,3.75,3.6,3.71,0.0699999999999998,1.923076923076916,64800000.0
2506,2021-02-22,3.7,3.84,3.68,3.72,0.0100000000000002,0.269541778975757,89036118.0
2506,2021-02-23,3.75,3.78,3.65,3.69,-0.0300000000000002,-0.8064516129032362,71634717.0
2506,2021-02-24,3.7,3.71,3.57,3.59,-0.1,-2.7100271002710064,77322703.0
2506,2021-02-25,3.6,3.62,3.47,3.49,-0.0999999999999996,-2.785515320334253,67465815.0
2506,2021-02-26,3.44,3.53,3.42,3.49,0.0,0.0,46374078.0
2506,2021-03-01,3.52,3.55,3.49,3.52,0.0299999999999998,0.8595988538681931,45928014.0
2506,2021-03-02,3.53,3.53,3.44,3.48,-0.04,-1.1363636363636354,48370365.0
2506,2021-03-03,3.48,3.63,3.45,3.57,0.0899999999999998,2.5862068965517127,67480842.0
2506,2021-03-04,3.57,3.66,3.52,3.63,0.06,1.680672268907557,90883695.0
2506,2021-03-05,3.6,3.66,3.56,3.63,0.0,0.0,54704523.0
2506,2021-03-08,3.64,3.65,3.54,3.56,-0.0699999999999998,-1.92837465564738,55133800.0
2506,2021-03-09,3.56,3.58,3.4,3.46,-0.1,-2.8089887640449507,68144694.0
2506,2021-03-10,3.5,3.52,3.43,3.43,-0.0299999999999998,-0.8670520231213841,35393484.0
2506,2021-03-11,3.43,3.48,3.39,3.46,0.0299999999999998,0.8746355685131046,44733073.0
2506,2021-03-12,3.46,3.48,3.41,3.45,-0.0099999999999997,-0.2890173410404539,45355423.0
2506,2021-03-15,3.42,3.43,3.38,3.4,-0.0500000000000002,-1.449275362318847,44298182.0
2506,2021-03-16,3.4,3.46,3.36,3.43,0.0300000000000002,0.8823529411764675,43811860.0
2506,2021-03-17,3.41,3.42,3.38,3.41,-0.02,-0.5830903790087438,38295744.0
2506,2021-03-18,3.4,3.41,3.37,3.37,-0.04,-1.1730205278592365,38931978.0
2506,2021-03-19,3.36,3.36,3.31,3.31,-0.06,-1.7804154302670685,47550595.0
2506,2021-03-22,3.35,3.59,3.35,3.49,0.1800000000000001,5.438066465256797,100489936.0
2506,2021-03-23,3.49,3.52,3.38,3.41,-0.08,-2.2922636103151928,56115500.0
2506,2021-03-24,3.4,3.46,3.36,3.42,0.0099999999999997,0.2932551319648091,41568013.0
2506,2021-03-25,3.41,3.44,3.36,3.38,-0.04,-1.1695906432748535,39326283.0
2506,2021-03-26,3.38,3.43,3.35,3.41,0.0300000000000002,0.887573964497057,36922543.0
2506,2021-03-29,3.41,3.43,3.37,3.39,-0.02,-0.5865102639296182,35436145.0
2506,2021-03-30,3.39,3.4,3.33,3.36,-0.0300000000000002,-0.8849557522124019,46688435.0
2506,2021-03-31,3.34,3.35,3.3,3.3,-0.06,-1.7857142857142905,49783800.0
2506,2021-04-01,3.29,3.37,3.25,3.33,0.0300000000000002,0.909090909090926,57098786.0
2506,2021-04-02,3.32,3.36,3.29,3.34,0.0099999999999997,0.3003003003003046,39477687.0
2506,2021-04-06,3.36,3.42,3.32,3.38,0.04,1.1976047904191711,66655902.0
2506,2021-04-07,3.36,3.55,3.35,3.48,0.1,2.9585798816567976,108163635.0
2506,2021-04-08,3.44,3.47,3.39,3.4,-0.08,-2.298850574712641,54141130.0
2506,2021-04-09,3.4,3.42,3.37,3.38,-0.02,-0.588235294117645,32030874.0
2506,2021-04-12,3.36,3.38,3.33,3.35,-0.0299999999999998,-0.8875739644970349,30353154.0
2506,2021-04-13,3.35,3.36,3.31,3.32,-0.0300000000000002,-0.8955223880597107,25597500.0
2506,2021-04-14,3.33,3.36,3.31,3.33,0.0100000000000002,0.3012048192771122,21461322.0
2506,2021-04-15,3.31,3.32,3.25,3.28,-0.0500000000000002,-1.501501501501512,44317182.0
2506,2021-04-16,3.27,3.35,3.26,3.32,0.04,1.2195121951219523,34861351.0
2506,2021-04-19,3.32,3.37,3.3,3.32,0.0,0.0,41484551.0
2506,2021-04-20,3.32,3.37,3.31,3.32,0.0,0.0,47451414.0
2506,2021-04-21,3.31,3.39,3.28,3.34,0.02,0.6024096385542244,49164414.0
2506,2021-04-22,3.33,3.36,3.28,3.29,-0.0499999999999998,-1.4970059880239472,53666793.0
2506,2021-04-23,3.29,3.29,3.24,3.25,-0.04,-1.2158054711246202,41413419.0
2506,2021-04-26,3.25,3.26,3.08,3.14,-0.1099999999999998,-3.384615384615386,75284069.0
2506,2021-04-27,3.14,3.14,3.06,3.07,-0.0700000000000002,-2.229299363057335,48460372.0
2506,2021-04-28,3.08,3.29,3.08,3.22,0.1500000000000003,4.885993485342022,81760162.0
2506,2021-04-29,3.19,3.23,3.14,3.15,-0.0700000000000002,-2.1739130434782705,41409860.0
2506,2021-04-30,3.13,3.18,3.09,3.11,-0.04,-1.2698412698412764,37990248.0
2506,2021-05-06,3.13,3.26,3.11,3.21,0.1,3.2154340836012985,66985209.0
2506,2021-05-07,3.2,3.21,3.17,3.18,-0.0299999999999998,-0.9345794392523256,30173953.0
2506,2021-05-10,3.18,3.18,3.1,3.13,-0.0500000000000002,-1.572327044025168,40944726.0
2506,2021-05-11,3.12,3.15,3.08,3.14,0.0100000000000002,0.319488817891389,36274540.0
2506,2021-05-12,3.13,3.13,3.08,3.11,-0.0300000000000002,-0.9554140127388644,44469572.0
2506,2021-05-13,3.09,3.2,3.08,3.11,0.0,0.0,54021300.0
2506,2021-05-14,3.11,3.16,3.1,3.15,0.04,1.2861736334405238,42010054.0
2506,2021-05-17,3.15,3.19,3.12,3.15,0.0,0.0,43947321.0
2506,2021-05-18,3.13,3.15,3.11,3.11,-0.04,-1.2698412698412764,29063326.0
2506,2021-05-19,3.12,3.13,3.09,3.09,-0.02,-0.6430868167202619,30342001.0
2506,2021-05-20,3.09,3.11,3.07,3.09,0.0,0.0,32557029.0
2506,2021-05-21,3.1,3.11,3.07,3.09,0.0,0.0,35493435.0
2506,2021-05-24,3.08,3.1,3.06,3.08,-0.0099999999999997,-0.3236245954692518,33200339.0
2506,2021-05-25,3.08,3.11,3.04,3.1,0.02,0.6493506493506551,61268320.0
2506,2021-05-26,3.08,3.13,3.07,3.09,-0.0100000000000002,-0.3225806451612967,44951950.0
2506,2021-05-27,3.08,3.1,3.07,3.08,-0.0099999999999997,-0.3236245954692518,41435133.0
2506,2021-05-28,3.08,3.09,3.0,3.01,-0.0700000000000002,-2.272727272727282,83293628.0
2506,2021-05-31,3.0,3.01,2.9,2.93,-0.0799999999999996,-2.657807308970084,83420969.0
2506,2021-06-01,2.93,2.99,2.9,2.95,0.02,0.6825938566553003,53816734.0
2506,2021-06-02,2.96,2.97,2.9,2.92,-0.0300000000000002,-1.016949152542379,48347300.0
2506,2021-06-03,2.92,2.93,2.88,2.91,-0.0099999999999997,-0.3424657534246478,39073665.0
2506,2021-06-04,2.9,2.9,2.86,2.87,-0.04,-1.3745704467354014,54955575.0
2506,2021-06-07,2.87,2.92,2.87,2.91,0.04,1.3937282229965264,49986969.0
2506,2021-06-08,2.9,2.91,2.86,2.87,-0.04,-1.3745704467354014,47803800.0
2506,2021-06-09,2.88,3.16,2.86,3.16,0.29,10.104529616724744,178427175.0
2506,2021-06-10,3.2,3.37,3.16,3.3,0.1399999999999996,4.430379746835422,303558459.0
2506,2021-06-11,3.21,3.63,3.2,3.47,0.1700000000000003,5.151515151515174,324689928.0
2506,2021-06-15,3.45,3.52,3.3,3.34,-0.1300000000000003,-3.746397694524506,175206324.0
2506,2021-06-16,3.33,3.43,3.25,3.31,-0.0299999999999998,-0.8982035928143617,120105338.0
2506,2021-06-17,3.3,3.38,3.24,3.35,0.04,1.2084592145015227,120631353.0
2506,2021-06-18,3.32,3.35,3.22,3.22,-0.1299999999999999,-3.880597014925369,95665225.0
2506,2021-06-21,3.21,3.32,3.19,3.27,0.0499999999999998,1.552795031055898,84298352.0
2506,2021-06-22,3.27,3.53,3.23,3.41,0.1400000000000001,4.281345565749239,160644270.0
2506,2021-06-23,3.4,3.48,3.35,3.37,-0.04,-1.1730205278592365,111020896.0
2506,2021-06-24,3.39,3.49,3.38,3.43,0.06,1.7804154302670572,124278606.0
2506,2021-06-25,3.4,3.42,3.29,3.33,-0.1,-2.9154518950437303,86484291.0
2506,2021-06-28,3.35,3.39,3.29,3.31,-0.02,-0.6006006006005982,53466175.0
2506,2021-06-29,3.28,3.3,3.23,3.25,-0.06,-1.812688821752273,61640383.0
2506,2021-06-30,3.25,3.51,3.25,3.48,0.2299999999999999,7.0769230769230695,172461073.0
2506,2021-07-01,3.48,3.83,3.43,3.59,0.1099999999999998,3.1609195402298784,383657256.0
2506,2021-07-02,3.55,3.88,3.52,3.71,0.1200000000000001,3.342618384401108,309479801.0
2506,2021-07-05,3.61,3.77,3.56,3.68,-0.0299999999999998,-0.8086253369272156,184261834.0
2506,2021-07-06,3.75,4.05,3.66,4.05,0.3699999999999996,10.05434782608694,302672281.0
2506,2021-07-07,4.08,4.26,3.91,4.09,0.04,0.9876543209876631,397596053.0
2506,2021-07-08,4.04,4.34,3.97,4.17,0.08,1.9559902200489088,300569119.0
2506,2021-07-09,4.13,4.21,4.06,4.16,-0.0099999999999997,-0.2398081534772167,214753864.0
2506,2021-07-12,4.15,4.16,3.88,3.92,-0.2400000000000002,-5.769230769230771,269267503.0
2506,2021-07-13,3.92,4.09,3.9,3.94,0.02,0.5102040816326481,165711505.0
2506,2021-07-14,3.9,3.9,3.73,3.76,-0.1800000000000001,-4.5685279187817285,160445979.0
2506,2021-07-15,3.65,3.88,3.62,3.81,0.0500000000000002,1.3297872340425565,167120810.0
2506,2021-07-16,3.85,4.19,3.81,4.01,0.1999999999999997,5.249343832020981,410192441.0
2506,2021-07-19,4.08,4.18,3.84,3.84,-0.1699999999999999,-4.2394014962593545,266744454.0
2506,2021-07-20,3.81,3.89,3.66,3.77,-0.0699999999999998,-1.822916666666663,223188979.0
2506,2021-07-21,3.76,4.15,3.74,4.06,0.2899999999999996,7.692307692307687,406269583.0
2506,2021-07-22,4.03,4.46,3.95,4.34,0.2800000000000002,6.896551724137945,514091236.0
2506,2021-07-23,4.4,4.46,4.08,4.08,-0.2599999999999998,-5.990783410138246,364144800.0
2506,2021-07-26,4.14,4.49,4.14,4.49,0.4100000000000001,10.049019607843146,428928716.0
2506,2021-07-27,4.51,4.63,4.25,4.31,-0.1800000000000006,-4.008908685968837,609710659.0
2506,2021-07-28,4.25,4.28,3.88,4.0,-0.3099999999999996,-7.192575406032475,356630599.0
2506,2021-07-29,4.05,4.23,3.94,4.14,0.1399999999999996,3.499999999999992,279943601.0
2506,2021-07-30,4.12,4.34,4.12,4.26,0.1200000000000001,2.898550724637694,318523056.0
2506,2021-08-02,4.26,4.32,4.09,4.14,-0.1200000000000001,-2.8169014084507116,218109206.0
2506,2021-08-03,4.1,4.34,4.03,4.16,0.0200000000000004,0.4830917874396156,244741518.0
2506,2021-08-04,4.13,4.33,4.1,4.19,0.0300000000000002,0.7211538461538547,261041460.0
2506,2021-08-05,4.16,4.18,4.05,4.07,-0.1200000000000001,-2.863961813842486,200043857.0
2506,2021-08-06,4.09,4.21,3.99,4.11,0.04,0.9828009828009908,175936018.0
2506,2021-08-09,4.12,4.27,4.06,4.18,0.0699999999999994,1.703163017031617,188997805.0
2506,2021-08-10,4.24,4.6,4.19,4.6,0.4199999999999999,10.047846889952153,499292348.0
2506,2021-08-11,4.7,4.88,4.64,4.75,0.1500000000000003,3.260869565217406,589265667.0
2506,2021-08-12,4.75,4.82,4.6,4.63,-0.1200000000000001,-2.5263157894736876,346714047.0
2506,2021-08-13,4.73,4.87,4.61,4.63,0.0,0.0,286973730.0
2506,2021-08-16,4.64,4.68,4.46,4.46,-0.1699999999999999,-3.671706263498919,196592191.0
2506,2021-08-17,4.47,4.84,4.44,4.6,0.1399999999999996,3.139013452914785,280139275.0
2506,2021-08-18,4.56,4.68,4.5,4.56,-0.04,-0.8695652173913104,154412770.0
2506,2021-08-19,4.57,4.9,4.52,4.82,0.2600000000000007,5.701754385964919,351365082.0
2506,2021-08-20,4.79,5.23,4.65,4.95,0.1299999999999999,2.6970954356846377,371045132.0
2506,2021-08-23,5.0,5.15,4.9,5.02,0.0699999999999994,1.414141414141401,282374813.0
2506,2021-08-24,4.96,5.52,4.93,5.52,0.5,9.960159362549792,475862233.0
2506,2021-08-25,5.55,5.78,5.46,5.71,0.1900000000000004,3.4420289855072506,528907419.0
2506,2021-08-26,5.64,5.74,5.5,5.53,-0.1799999999999997,-3.1523642732048995,337227748.0
2506,2021-08-27,5.52,5.62,5.4,5.53,0.0,0.0,259236930.0
2506,2021-08-30,5.5,5.57,5.25,5.4,-0.1299999999999999,-2.3508137432188048,277895100.0
2506,2021-08-31,5.43,5.75,5.31,5.45,0.0499999999999998,0.92592592592593,250380336.0
2506,2021-09-01,5.62,5.62,5.04,5.05,-0.4000000000000003,-7.339449541284415,337403393.0
2506,2021-09-02,5.02,5.35,5.01,5.24,0.1900000000000004,3.7623762376237657,218213688.0
2506,2021-09-03,5.4,5.74,5.19,5.29,0.0499999999999998,0.9541984732824416,339606523.0
2506,2021-09-06,5.29,5.29,4.76,4.76,-0.5300000000000002,-10.018903591682427,360413681.0
2506,2021-09-07,4.82,4.9,4.57,4.8,0.04,0.8403361344537785,323413173.0
2506,2021-09-08,4.8,4.81,4.62,4.68,-0.1200000000000001,-2.500000000000002,225834882.0
2506,2021-09-09,4.66,4.67,4.36,4.47,-0.2099999999999999,-4.487179487179482,308221070.0
2506,2021-09-10,4.48,4.52,4.34,4.46,-0.0099999999999997,-0.2237136465324307,214080514.0
2506,2021-09-13,4.48,4.52,4.33,4.5,0.04,0.8968609865470878,206544267.0
2506,2021-09-14,4.47,4.64,4.37,4.46,-0.04,-0.8888888888888946,228173083.0
2506,2021-09-15,4.5,4.68,4.45,4.65,0.1900000000000004,4.260089686098656,292471135.0
2506,2021-09-16,4.66,4.66,4.3,4.42,-0.2300000000000004,-4.946236559139794,251477715.0
2506,2021-09-17,4.42,4.42,3.98,4.15,-0.2699999999999996,-6.108597285067862,300992901.0
2506,2021-09-22,4.02,4.22,4.0,4.14,-0.0100000000000006,-0.2409638554217053,123354536.0
2506,2021-09-23,4.17,4.42,4.17,4.32,0.1800000000000006,4.347826086956541,174231574.0
2506,2021-09-24,4.33,4.38,4.19,4.23,-0.0899999999999998,-2.083333333333326,127800887.0
2506,2021-09-27,4.24,4.28,3.94,4.0,-0.2300000000000004,-5.437352245862892,147340794.0
2506,2021-09-28,4.0,4.14,4.0,4.08,0.08,2.0000000000000018,81297559.0
2506,2021-09-29,4.11,4.32,4.04,4.18,0.0999999999999996,2.450980392156854,168103500.0
2506,2021-09-30,4.18,4.21,4.07,4.1,-0.08,-1.9138755980861233,98043205.0
2506,2021-10-08,4.13,4.24,4.11,4.18,0.08,1.9512195121951237,82039050.0
2506,2021-10-11,4.17,4.21,4.06,4.15,-0.0299999999999993,-0.7177033492822837,70361563.0
2506,2021-10-12,4.12,4.15,4.0,4.08,-0.0700000000000002,-1.6867469879518149,72684240.0
2506,2021-10-13,4.07,4.19,4.02,4.16,0.08,1.9607843137254832,71799922.0
2506,2021-10-14,4.12,4.28,4.07,4.19,0.0300000000000002,0.7211538461538547,88295336.0
2506,2021-10-15,4.1,4.13,4.05,4.09,-0.1000000000000005,-2.3866348448687513,80529705.0
2506,2021-10-18,4.07,4.22,4.06,4.19,0.1000000000000005,2.444987775061147,84715242.0
2506,2021-10-19,4.18,4.3,4.17,4.22,0.0299999999999993,0.7159904534606021,118730511.0
2506,2021-10-20,4.19,4.41,4.16,4.32,0.1000000000000005,2.369668246445511,166692292.0
2506,2021-10-21,4.3,4.3,4.17,4.19,-0.1299999999999999,-3.009259259259256,101488221.0
2506,2021-10-22,4.17,4.18,4.09,4.11,-0.08,-1.9093078758949944,75367130.0
2506,2021-10-25,4.11,4.25,4.11,4.14,0.0299999999999993,0.7299270072992581,83943207.0
2506,2021-10-26,4.13,4.22,4.08,4.11,-0.0299999999999993,-0.7246376811594013,77344170.0
2506,2021-10-27,4.11,4.16,4.03,4.1,-0.0100000000000006,-0.2433090024331119,72885759.0
2506,2021-10-28,4.03,4.11,3.73,3.78,-0.3199999999999998,-7.804878048780484,172224677.0
2506,2021-10-29,3.77,4.07,3.75,4.03,0.2500000000000004,6.613756613756627,138419698.0
2506,2021-11-01,4.11,4.4,4.1,4.22,0.1899999999999995,4.714640198511155,240171535.0
2506,2021-11-02,4.19,4.24,4.03,4.09,-0.1299999999999999,-3.08056872037914,122803276.0
2506,2021-11-03,4.06,4.08,3.96,4.0,-0.0899999999999998,-2.2004889975550057,84875257.0
2506,2021-11-04,4.02,4.15,4.0,4.09,0.0899999999999998,2.2499999999999964,108390949.0
2506,2021-11-05,4.06,4.13,4.02,4.04,-0.0499999999999998,-1.2224938875305624,72623976.0
2506,2021-11-08,4.07,4.1,4.04,4.08,0.04,0.990099009900991,58747952.0
2506,2021-11-09,4.11,4.18,4.07,4.09,0.0099999999999997,0.2450980392156854,82575402.0
2506,2021-11-10,4.06,4.09,3.99,4.04,-0.0499999999999998,-1.2224938875305624,78806606.0
2506,2021-11-11,4.03,4.11,4.02,4.05,0.0099999999999997,0.2475247524752477,64223470.0
2506,2021-11-12,4.06,4.37,4.06,4.29,0.2400000000000002,5.9259259259259345,242201065.0
2506,2021-11-15,4.29,4.3,4.13,4.2,-0.0899999999999998,-2.0979020979020935,146709909.0
2506,2021-11-16,4.17,4.23,4.11,4.12,-0.08,-1.904761904761909,107132930.0
2506,2021-11-17,4.11,4.28,4.1,4.25,0.1299999999999999,3.15533980582523,129430016.0
2506,2021-11-18,4.25,4.38,4.21,4.31,0.0599999999999996,1.4117647058823346,150607028.0
2506,2021-11-19,4.28,4.39,4.2,4.33,0.0200000000000004,0.4640371229698514,148730209.0
2506,2021-11-22,4.38,4.6,4.35,4.5,0.1699999999999999,3.9260969976905313,246078790.0
2506,2021-11-23,4.48,4.88,4.46,4.61,0.1100000000000003,2.444444444444449,357294140.0
2506,2021-11-24,4.65,4.68,4.48,4.5,-0.1100000000000003,-2.386117136659438,174455688.0
2506,2021-11-25,4.5,4.53,4.41,4.42,-0.08,-1.777777777777778,128564527.0
2506,2021-11-26,4.42,4.48,4.34,4.37,-0.0499999999999998,-1.1312217194570096,103389783.0
2506,2021-11-29,4.29,4.35,4.24,4.28,-0.0899999999999998,-2.059496567505714,110935089.0
2506,2021-11-30,4.3,4.42,4.27,4.32,0.04,0.9345794392523477,144331424.0
2506,2021-12-01,4.35,4.37,4.11,4.18,-0.1400000000000005,-3.240740740740755,187997382.0
2506,2021-12-02,4.16,4.18,4.06,4.07,-0.1099999999999994,-2.631578947368407,126047850.0
2506,2021-12-03,4.08,4.16,4.02,4.11,0.04,0.9828009828009908,100087268.0
2506,2021-12-06,4.1,4.14,4.06,4.08,-0.0300000000000002,-0.7299270072992803,77142558.0
2506,2021-12-07,4.09,4.11,3.98,4.1,0.0199999999999995,0.4901960784313708,87825294.0
2506,2021-12-08,4.11,4.14,4.07,4.1,0.0,0.0,71382198.0
2506,2021-12-09,4.1,4.11,4.05,4.07,-0.0299999999999993,-0.7317073170731603,67855690.0
2506,2021-12-10,4.04,4.09,4.04,4.05,-0.0200000000000004,-0.4914004914005065,60350682.0
2506,2021-12-13,4.02,4.08,4.02,4.03,-0.0199999999999995,-0.4938271604938204,66327893.0
2506,2021-12-14,4.03,4.05,4.0,4.01,-0.0200000000000004,-0.4962779156327701,58181706.0
2506,2021-12-15,4.02,4.21,3.98,4.15,0.1400000000000005,3.4912718204488824,173713396.0
2506,2021-12-16,4.14,4.32,4.1,4.25,0.0999999999999996,2.409638554216853,177639113.0
2506,2021-12-17,4.25,4.32,4.16,4.18,-0.0700000000000002,-1.6470588235294237,107093832.0
2506,2021-12-20,4.15,4.2,4.01,4.07,-0.1099999999999994,-2.631578947368407,87504816.0
2506,2021-12-21,4.05,4.18,4.04,4.14,0.0699999999999994,1.7199017199017064,89081561.0
2506,2021-12-22,4.13,4.15,4.08,4.09,-0.0499999999999998,-1.207729468599028,51601297.0
2506,2021-12-23,4.09,4.18,4.07,4.1,0.0099999999999997,0.2444987775060969,82987096.0
2506,2021-12-24,4.1,4.15,4.05,4.07,-0.0299999999999993,-0.7317073170731603,95072514.0
2506,2021-12-27,4.07,4.07,4.01,4.02,-0.0500000000000007,-1.2285012285012442,68209367.0
2506,2021-12-28,4.02,4.05,3.99,4.02,0.0,0.0,65658286.0
2506,2021-12-29,4.0,4.01,3.85,3.87,-0.1499999999999994,-3.731343283582078,159587534.0
2506,2021-12-30,3.87,3.88,3.74,3.8,-0.0700000000000002,-1.8087855297157729,133301257.0
2506,2021-12-31,3.81,3.86,3.79,3.8,0.0,0.0,89518986.0
2506,2022-01-04,3.81,3.83,3.77,3.82,0.02,0.5263157894736858,86441239.0
2506,2022-01-05,3.84,3.92,3.82,3.88,0.06,1.5706806282722583,112380777.0
2506,2022-01-06,3.85,3.86,3.78,3.82,-0.06,-1.5463917525773252,64357536.0
2506,2022-01-07,3.83,3.84,3.77,3.78,-0.04,-1.0471204188481686,61253800.0
2506,2022-01-10,3.76,3.77,3.62,3.72,-0.0599999999999996,-1.5873015873015817,61244664.0
2506,2022-01-11,3.7,3.75,3.65,3.67,-0.0500000000000002,-1.3440860215053865,64009336.0
2506,2022-01-12,3.66,3.78,3.66,3.75,0.08,2.1798365122615904,70556394.0
2506,2022-01-13,3.73,3.74,3.68,3.69,-0.06,-1.6000000000000014,49236153.0
2506,2022-01-14,3.69,3.72,3.56,3.59,-0.1,-2.7100271002710064,69425061.0
2506,2022-01-17,3.59,3.62,3.46,3.5,-0.0899999999999998,-2.506963788300831,122118055.0
2506,2022-01-18,3.5,3.56,3.38,3.43,-0.0699999999999998,-1.999999999999991,130321896.0
2506,2022-01-19,3.41,3.47,3.38,3.43,0.0,0.0,75281397.0
2506,2022-01-20,3.45,3.51,3.4,3.41,-0.02,-0.5830903790087438,72707801.0
2506,2022-01-21,3.4,3.42,3.33,3.36,-0.0500000000000002,-1.4662756598240567,65298244.0
2506,2022-01-24,3.38,3.42,3.34,3.38,0.02,0.5952380952380931,46797480.0
2506,2022-01-25,3.36,3.42,3.22,3.24,-0.1399999999999996,-4.142011834319515,73895293.0
2506,2022-01-26,3.25,3.36,3.24,3.3,0.0599999999999996,1.851851851851838,60786699.0
2506,2022-01-27,3.3,3.31,3.14,3.17,-0.1299999999999999,-3.939393939393931,81775084.0
2506,2022-01-28,3.21,3.24,3.14,3.19,0.02,0.6309148264984188,50473479.0
2506,2022-02-07,3.19,3.31,3.18,3.27,0.08,2.5078369905956244,66845409.0
2506,2022-02-08,3.27,3.41,3.23,3.36,0.0899999999999998,2.752293577981657,88980796.0
2506,2022-02-09,3.38,3.38,3.33,3.36,0.0,0.0,52130565.0
2506,2022-02-10,3.47,3.7,3.47,3.7,0.3400000000000003,10.119047619047628,234160179.0
2506,2022-02-11,3.71,3.72,3.59,3.59,-0.1100000000000003,-2.972972972972987,178789856.0
2506,2022-02-14,3.56,3.59,3.51,3.57,-0.02,-0.5571030640668551,85801764.0
2506,2022-02-15,3.53,3.56,3.49,3.55,-0.02,-0.5602240896358524,52332521.0
2506,2022-02-16,3.58,3.59,3.51,3.54,-0.0099999999999997,-0.2816901408450589,50005083.0
2506,2022-02-17,3.53,3.68,3.51,3.57,0.0299999999999998,0.8474576271186418,97076822.0
2506,2022-02-18,3.52,3.56,3.52,3.56,-0.0099999999999997,-0.2801120448179262,46345476.0
2506,2022-02-21,3.55,3.69,3.5,3.64,0.08,2.2471910112359605,98722926.0
2506,2022-02-22,3.64,3.74,3.59,3.62,-0.02,-0.5494505494505475,95023586.0
2506,2022-02-23,3.62,3.68,3.6,3.65,0.0299999999999998,0.8287292817679592,70091269.0
2506,2022-02-24,3.63,3.75,3.54,3.63,-0.02,-0.5479452054794498,141534946.0
2506,2022-02-25,3.64,3.71,3.64,3.67,0.04,1.1019283746556583,76715920.0
2506,2022-02-28,3.64,3.68,3.54,3.67,0.0,0.0,62093687.0
2506,2022-03-01,3.7,3.77,3.65,3.68,0.0100000000000002,0.2724795640327127,72539823.0
2506,2022-03-02,3.67,3.8,3.65,3.76,0.0799999999999996,2.1739130434782483,122058327.0
2506,2022-03-03,3.77,3.79,3.69,3.7,-0.0599999999999996,-1.5957446808510525,82780118.0
2506,2022-03-04,3.66,3.71,3.61,3.64,-0.06,-1.6216216216216273,69436826.0
2506,2022-03-07,3.6,3.64,3.54,3.56,-0.08,-2.197802197802201,59782790.0
2506,2022-03-08,3.55,3.69,3.53,3.59,0.0299999999999998,0.8426966292134797,96358864.0
2506,2022-03-09,3.59,3.65,3.32,3.5,-0.0899999999999998,-2.506963788300831,105598590.0
2506,2022-03-10,3.56,3.84,3.53,3.77,0.27,7.714285714285718,253437541.0
2506,2022-03-11,3.78,3.79,3.62,3.72,-0.0499999999999998,-1.3262599469495928,149417598.0
2506,2022-03-14,3.66,3.75,3.62,3.63,-0.0900000000000003,-2.4193548387096864,78024200.0
2506,2022-03-15,3.6,3.63,3.42,3.43,-0.1999999999999997,-5.509641873278226,106425942.0
2506,2022-03-16,3.51,3.61,3.35,3.59,0.1599999999999997,4.664723032069973,99364010.0
2506,2022-03-17,3.65,3.66,3.52,3.54,-0.0499999999999998,-1.392757660167121,92541854.0
2506,2022-03-18,3.52,3.54,3.47,3.53,-0.0100000000000002,-0.2824858757062176,56858708.0
2506,2022-03-21,3.53,3.61,3.5,3.51,-0.02,-0.5665722379603388,76163673.0
2506,2022-03-22,3.48,3.51,3.42,3.43,-0.0799999999999996,-2.2792022792022637,78161978.0
2506,2022-03-23,3.47,3.51,3.42,3.46,0.0299999999999998,0.8746355685131046,56602564.0
2506,2022-03-24,3.42,3.43,3.35,3.37,-0.0899999999999998,-2.601156069364152,65591260.0
2506,2022-03-25,3.38,3.47,3.35,3.41,0.04,1.186943620178038,64515294.0
2506,2022-03-28,3.41,3.45,3.32,3.45,0.04,1.1730205278592365,55336350.0
2506,2022-03-29,3.44,3.62,3.42,3.55,0.0999999999999996,2.898550724637672,118432719.0
2506,2022-03-30,3.53,3.6,3.52,3.58,0.0300000000000002,0.8450704225352101,64796745.0
2506,2022-03-31,3.57,3.63,3.54,3.59,0.0099999999999997,0.2793296089385499,70064435.0
2506,2022-04-01,3.59,3.6,3.5,3.53,-0.06,-1.671309192200554,56436420.0
2506,2022-04-06,3.49,3.51,3.45,3.47,-0.0599999999999996,-1.6997167138810054,46046522.0
2506,2022-04-07,3.47,3.49,3.39,3.39,-0.08,-2.3054755043227737,44446400.0
2506,2022-04-08,3.4,3.41,3.32,3.37,-0.02,-0.5899705014749235,46765705.0
2506,2022-04-11,3.35,3.37,3.23,3.23,-0.1400000000000001,-4.154302670623144,47555356.0
2506,2022-04-12,3.24,3.37,3.23,3.35,0.1200000000000001,3.7151702786377694,41059689.0
2506,2022-04-13,3.35,3.35,3.27,3.28,-0.0700000000000002,-2.0895522388059806,32585814.0
2506,2022-04-14,3.28,3.34,3.28,3.3,0.02,0.6097560975609762,23058847.0
2506,2022-04-15,3.29,3.29,3.22,3.23,-0.0699999999999998,-2.1212121212121127,30571434.0
2506,2022-04-18,3.21,3.26,3.16,3.25,0.02,0.6191950464396356,25139200.0
2506,2022-04-19,3.22,3.28,3.22,3.23,-0.02,-0.6153846153846176,24459618.0
2506,2022-04-20,3.25,3.25,3.16,3.18,-0.0499999999999998,-1.5479876160990669,31468225.0
2506,2022-04-21,3.2,3.21,3.03,3.05,-0.1300000000000003,-4.088050314465419,45236697.0
2506,2022-04-22,3.05,3.05,2.95,2.97,-0.0799999999999996,-2.6229508196721207,49632125.0
2506,2022-04-25,2.93,2.93,2.67,2.67,-0.3000000000000002,-10.101010101010113,106488322.0
2506,2022-04-26,2.65,2.66,2.43,2.45,-0.2199999999999997,-8.239700374531822,116642172.0
2506,2022-04-27,2.4,2.58,2.33,2.57,0.1199999999999996,4.8979591836734615,82671656.0
2506,2022-04-28,2.57,2.59,2.49,2.52,-0.0499999999999998,-1.9455252918287869,55125975.0
2506,2022-04-29,2.56,2.77,2.55,2.75,0.2299999999999999,9.126984126984116,100142316.0
2506,2022-05-05,2.77,2.82,2.72,2.79,0.04,1.454545454545464,69757069.0
2506,2022-05-06,2.71,2.81,2.69,2.76,-0.0300000000000002,-1.0752688172043112,54111566.0
2506,2022-05-09,2.75,2.82,2.74,2.79,0.0300000000000002,1.0869565217391353,39612010.0
2506,2022-05-10,2.76,2.94,2.75,2.88,0.0899999999999998,3.2258064516129004,89881549.0
2506,2022-05-11,2.88,3.07,2.85,2.96,0.08,2.77777777777779,108879749.0
2506,2022-05-12,2.98,3.01,2.94,3.0,0.04,1.3513513513513598,67675082.0
2506,2022-05-13,3.02,3.07,2.98,3.06,0.06,2.0000000000000018,63181307.0
2506,2022-05-16,3.1,3.15,3.04,3.07,0.0099999999999997,0.3267973856209138,58600615.0
2506,2022-05-17,3.1,3.13,3.04,3.11,0.04,1.3029315960912058,66027665.0
2506,2022-05-18,3.11,3.23,3.09,3.19,0.08,2.5723472668810254,80514153.0
2506,2022-05-19,3.16,3.32,3.15,3.31,0.1200000000000001,3.7617554858934144,103879132.0
2506,2022-05-20,3.31,3.39,3.28,3.39,0.08,2.4169184290030232,129814711.0
2506,2022-05-23,3.45,3.5,3.4,3.43,0.04,1.179941002949847,100877420.0
2506,2022-05-24,3.45,3.47,3.26,3.28,-0.1500000000000003,-4.373177842565612,115100949.0
2506,2022-05-25,3.3,3.38,3.27,3.34,0.06,1.8292682926829285,79926354.0
2506,2022-05-26,3.38,3.38,3.25,3.3,-0.04,-1.19760479041916,60681245.0
2506,2022-05-27,3.3,3.34,3.17,3.22,-0.0799999999999996,-2.4242424242424176,84289237.0
2506,2022-05-30,3.23,3.24,3.15,3.18,-0.04,-1.2422360248447228,49583220.0
2506,2022-05-31,3.2,3.27,3.16,3.23,0.0499999999999998,1.5723270440251458,69766806.0
2506,2022-06-01,3.2,3.25,3.17,3.19,-0.04,-1.2383900928792602,60043134.0
2506,2022-06-02,3.2,3.3,3.16,3.29,0.1,3.1347962382445083,85607190.0
2506,2022-06-06,3.29,3.45,3.29,3.4,0.1099999999999998,3.3434650455927084,90408811.0
2506,2022-06-07,3.45,3.49,3.32,3.34,-0.06,-1.764705882352946,81236856.0
2506,2022-06-08,3.38,3.38,3.24,3.31,-0.0299999999999998,-0.8982035928143617,69542539.0
2506,2022-06-09,3.31,3.32,3.17,3.19,-0.1200000000000001,-3.625377643504535,66121895.0
2506,2022-06-10,3.19,3.33,3.17,3.33,0.1400000000000001,4.38871473354232,84417587.0
2506,2022-06-13,3.32,3.4,3.3,3.36,0.0299999999999998,0.9009009009008916,78460935.0
2506,2022-06-14,3.31,3.35,3.2,3.33,-0.0299999999999998,-0.8928571428571397,71239450.0
2506,2022-06-15,3.36,3.36,3.25,3.26,-0.0700000000000002,-2.1021021021021102,74655645.0
2506,2022-06-16,3.26,3.4,3.25,3.32,0.06,1.840490797546024,88113823.0
2506,2022-06-17,3.31,3.44,3.29,3.35,0.0300000000000002,0.9036144578313364,89185947.0
2506,2022-06-20,3.68,3.69,3.63,3.69,0.3399999999999998,10.149253731343276,96778200.0
2506,2022-06-21,3.87,3.9,3.49,3.51,-0.1800000000000001,-4.878048780487809,425766381.0
2506,2022-06-22,3.56,3.86,3.51,3.86,0.3500000000000001,9.971509971509974,243695492.0
2506,2022-06-23,4.0,4.25,3.87,4.05,0.1899999999999999,4.922279792746109,656837875.0
2506,2022-06-24,3.98,4.39,3.95,4.17,0.1200000000000001,2.9629629629629672,498069427.0
2506,2022-06-27,4.1,4.22,4.01,4.09,-0.08,-1.918465227817745,377794775.0
2506,2022-06-28,4.07,4.08,3.91,4.0,-0.0899999999999998,-2.2004889975550057,308440650.0
2506,2022-06-29,3.96,4.0,3.75,3.78,-0.2200000000000002,-5.500000000000005,287626670.0
2506,2022-06-30,3.78,3.82,3.72,3.72,-0.0599999999999996,-1.5873015873015817,167426810.0
2506,2022-07-01,3.72,3.79,3.63,3.67,-0.0500000000000002,-1.3440860215053865,136427153.0
2506,2022-07-04,3.64,3.82,3.57,3.76,0.0899999999999998,2.452316076294281,179130782.0
2506,2022-07-05,3.76,3.85,3.7,3.79,0.0300000000000002,0.7978723404255428,160716812.0
2506,2022-07-06,3.76,3.88,3.72,3.75,-0.04,-1.055408970976257,156088359.0
2506,2022-07-07,3.73,3.95,3.72,3.9,0.1499999999999999,4.0000000000000036,198159114.0
2506,2022-07-08,3.89,3.97,3.8,3.81,-0.0899999999999998,-2.3076923076922995,148229125.0
2506,2022-07-11,3.82,3.96,3.75,3.83,0.02,0.5249343832020914,153663581.0
2506,2022-07-12,3.78,3.95,3.71,3.81,-0.02,-0.5221932114882533,168472495.0
2506,2022-07-13,3.75,3.87,3.66,3.83,0.02,0.5249343832020914,161417298.0
2506,2022-07-14,3.85,4.01,3.83,3.9,0.0699999999999998,1.827676240208875,205686400.0
2506,2022-07-15,3.84,3.91,3.69,3.7,-0.1999999999999997,-5.128205128205121,166146119.0
2506,2022-07-18,3.7,3.85,3.7,3.84,0.1399999999999996,3.7837837837837673,142860839.0
2506,2022-07-19,3.85,3.86,3.72,3.75,-0.0899999999999998,-2.34375,135597994.0
2506,2022-07-20,3.74,3.78,3.72,3.76,0.0099999999999997,0.2666666666666595,88066301.0
2506,2022-07-21,3.73,3.84,3.69,3.76,0.0,0.0,137005368.0
2506,2022-07-22,3.79,4.14,3.78,4.14,0.3799999999999999,10.106382978723394,174375472.0
2506,2022-07-25,4.48,4.48,4.16,4.22,0.08,1.932367149758463,643036612.0
2506,2022-07-26,4.13,4.64,3.98,4.5,0.2800000000000002,6.635071090047395,713724679.0
2506,2022-07-27,4.4,4.73,4.33,4.53,0.0300000000000002,0.6666666666666821,659185152.0
2506,2022-07-28,4.53,4.58,4.38,4.38,-0.1500000000000003,-3.311258278145701,445977920.0
2506,2022-07-29,4.35,4.49,4.26,4.42,0.04,0.9132420091324313,405160317.0
2506,2022-08-01,4.33,4.35,4.23,4.28,-0.1399999999999996,-3.1674208144796268,248271270.0
2506,2022-08-02,4.16,4.18,3.98,4.03,-0.25,-5.841121495327107,298460896.0
2506,2022-08-03,4.06,4.14,3.9,3.9,-0.1300000000000003,-3.2258064516129115,246705101.0
2506,2022-08-04,3.96,4.08,3.92,4.06,0.1599999999999997,4.102564102564088,205699870.0
2506,2022-08-05,4.06,4.08,3.96,4.04,-0.0199999999999995,-0.4926108374384119,171191800.0
2506,2022-08-08,4.02,4.15,3.95,4.09,0.0499999999999998,1.2376237623762387,181066701.0
2506,2022-08-09,4.17,4.25,4.1,4.15,0.0600000000000005,1.466992665036693,238889544.0
2506,2022-08-10,4.11,4.46,4.11,4.35,0.1999999999999993,4.819277108433728,357374347.0
2506,2022-08-11,4.35,4.39,4.25,4.34,-0.0099999999999997,-0.2298850574712574,242083108.0
2506,2022-08-12,4.34,4.36,4.21,4.22,-0.1200000000000001,-2.7649769585253448,168786849.0
2506,2022-08-15,4.2,4.37,4.17,4.32,0.1000000000000005,2.369668246445511,182609987.0
2506,2022-08-16,4.3,4.42,4.26,4.37,0.0499999999999998,1.157407407407396,233315549.0
2506,2022-08-17,4.35,4.47,4.26,4.28,-0.0899999999999998,-2.059496567505714,245817300.0
2506,2022-08-18,4.28,4.54,4.26,4.51,0.2299999999999995,5.373831775700921,379946122.0
2506,2022-08-19,4.45,4.49,4.3,4.31,-0.2000000000000001,-4.434589800443467,272570380.0
2506,2022-08-22,4.24,4.3,4.11,4.13,-0.1799999999999997,-4.17633410672853,222061203.0
2506,2022-08-23,4.11,4.28,4.09,4.19,0.0600000000000005,1.4527845036319764,166258071.0
2506,2022-08-24,4.18,4.2,4.0,4.02,-0.1700000000000008,-4.057279236276868,188686754.0
2506,2022-08-25,4.1,4.13,3.87,3.95,-0.0699999999999994,-1.741293532338295,157520444.0
2506,2022-08-26,3.94,4.03,3.91,3.92,-0.0300000000000002,-0.75949367088608,91282765.0
2506,2022-08-29,3.83,3.96,3.78,3.94,0.02,0.5102040816326481,91965112.0
2506,2022-08-30,3.97,3.99,3.81,3.82,-0.1200000000000001,-3.0456852791878153,112768379.0
2506,2022-08-31,3.81,3.83,3.66,3.67,-0.1499999999999999,-3.926701570680624,122698429.0
2506,2022-09-01,3.67,3.71,3.59,3.6,-0.0699999999999998,-1.9073569482288777,88437370.0
2506,2022-09-02,3.6,3.65,3.57,3.65,0.0499999999999998,1.388888888888884,69602621.0
2506,2022-09-05,3.64,3.72,3.61,3.68,0.0300000000000002,0.8219178082191858,64344476.0
2506,2022-09-06,3.69,3.78,3.65,3.76,0.0799999999999996,2.1739130434782483,87808173.0
2506,2022-09-07,3.76,3.79,3.73,3.75,-0.0099999999999997,-0.2659574468085068,69867805.0
2506,2022-09-08,3.76,3.82,3.73,3.75,0.0,0.0,71569678.0
2506,2022-09-09,3.77,3.79,3.65,3.76,0.0099999999999997,0.2666666666666595,61856354.0
2506,2022-09-13,3.76,3.78,3.7,3.72,-0.0399999999999995,-1.0638297872340274,62472669.0
2506,2022-09-14,3.64,3.69,3.61,3.65,-0.0700000000000002,-1.8817204301075363,67457391.0
2506,2022-09-15,3.65,3.67,3.37,3.46,-0.1899999999999999,-5.205479452054796,133272751.0
2506,2022-09-16,3.45,3.47,3.34,3.34,-0.1200000000000001,-3.4682080924855474,72645237.0
2506,2022-09-19,3.34,3.39,3.3,3.32,-0.02,-0.5988023952095856,54150671.0
2506,2022-09-20,3.35,3.45,3.34,3.41,0.0900000000000003,2.7108433734939874,67156670.0
2506,2022-09-21,3.41,3.44,3.32,3.41,0.0,0.0,49114503.0
2506,2022-09-22,3.4,3.51,3.37,3.45,0.04,1.1730205278592365,66726027.0
2506,2022-09-23,3.45,3.51,3.35,3.39,-0.06,-1.7391304347826098,61687055.0
2506,2022-09-26,3.4,3.44,3.35,3.35,-0.04,-1.179941002949858,58430252.0
2506,2022-09-27,3.35,3.44,3.33,3.42,0.0699999999999998,2.0895522388059584,81613647.0
2506,2022-09-28,3.4,3.43,3.23,3.24,-0.1799999999999997,-5.263157894736836,92053566.0
2506,2022-09-29,3.28,3.31,3.2,3.25,0.0099999999999997,0.3086419753086433,64343817.0
2506,2022-09-30,3.24,3.25,3.16,3.16,-0.0899999999999998,-2.7692307692307683,49450475.0
2506,2022-10-10,3.17,3.19,3.08,3.1,-0.06,-1.898734177215189,54171125.0
2506,2022-10-11,3.1,3.21,3.1,3.2,0.1,3.2258064516129004,60947411.0
2506,2022-10-12,3.21,3.31,3.14,3.31,0.1099999999999998,3.4375000000000044,68415205.0
2506,2022-10-13,3.28,3.34,3.26,3.31,0.0,0.0,59794649.0
2506,2022-10-14,3.33,3.42,3.3,3.4,0.0899999999999998,2.7190332326283873,83086940.0
2506,2022-10-17,3.37,3.42,3.35,3.41,0.0100000000000002,0.2941176470588225,58583745.0
2506,2022-10-18,3.43,3.48,3.4,3.43,0.02,0.5865102639296182,69563701.0
2506,2022-10-19,3.46,3.51,3.41,3.42,-0.0100000000000002,-0.291545189504383,88499106.0
2506,2022-10-20,3.4,3.47,3.36,3.42,0.0,0.0,65765434.0
2506,2022-10-21,3.45,3.5,3.41,3.45,0.0300000000000002,0.8771929824561431,64524707.0
2506,2022-10-24,3.42,3.5,3.36,3.39,-0.06,-1.7391304347826098,71419171.0
2506,2022-10-25,3.5,3.68,3.43,3.59,0.1999999999999997,5.899705014749257,203917813.0
2506,2022-10-26,3.5,3.57,3.48,3.53,-0.06,-1.671309192200554,127584709.0
2506,2022-10-27,3.52,3.59,3.44,3.44,-0.0899999999999998,-2.5495750708215303,90033970.0
2506,2022-10-28,3.39,3.49,3.37,3.4,-0.04,-1.162790697674421,80541313.0
2506,2022-10-31,3.26,3.31,3.09,3.27,-0.1299999999999999,-3.8235294117647034,103756401.0
2506,2022-11-01,3.27,3.43,3.27,3.42,0.1499999999999999,4.587155963302747,90731162.0
2506,2022-11-02,3.43,3.43,3.35,3.38,-0.04,-1.1695906432748535,75491204.0
2506,2022-11-03,3.38,3.44,3.35,3.4,0.02,0.591715976331364,57756965.0
2506,2022-11-04,3.42,3.49,3.39,3.47,0.0700000000000002,2.0588235294117796,91189561.0
2506,2022-11-07,3.46,3.5,3.43,3.46,-0.0100000000000002,-0.2881844380403509,64046107.0
2506,2022-11-08,3.46,3.46,3.36,3.4,-0.06,-1.7341040462427793,64480198.0
2506,2022-11-09,3.4,3.4,3.36,3.37,-0.0299999999999998,-0.8823529411764675,42198501.0
2506,2022-11-10,3.37,3.37,3.29,3.3,-0.0700000000000002,-2.077151335311578,55575679.0
2506,2022-11-11,3.37,3.39,3.31,3.31,0.0100000000000002,0.3030303030303161,59060385.0
2506,2022-11-14,3.31,3.33,3.25,3.27,-0.04,-1.2084592145015116,52456422.0
2506,2022-11-15,3.26,3.35,3.24,3.34,0.0699999999999998,2.1406727828746197,59521791.0
2506,2022-11-16,3.35,3.43,3.31,3.38,0.04,1.1976047904191711,91575942.0
2506,2022-11-17,3.35,3.36,3.31,3.34,-0.04,-1.183431952662728,51430125.0
2506,2022-11-18,3.35,3.37,3.31,3.31,-0.0299999999999998,-0.8982035928143617,49094563.0
2506,2022-11-21,3.28,3.33,3.27,3.29,-0.02,-0.6042296072507614,41000387.0
2506,2022-11-22,3.28,3.29,3.22,3.24,-0.0499999999999998,-1.5197568389057723,51942952.0
2506,2022-11-23,3.23,3.27,3.17,3.27,0.0299999999999998,0.92592592592593,57195653.0
2506,2022-11-24,3.27,3.28,3.22,3.23,-0.04,-1.2232415902140636,33711990.0
2506,2022-11-25,3.21,3.23,3.18,3.19,-0.04,-1.2383900928792602,32030798.0
2506,2022-11-28,3.19,3.19,3.13,3.18,-0.0099999999999997,-0.3134796238244419,36721793.0
2506,2022-11-29,3.19,3.24,3.18,3.22,0.04,1.2578616352201255,41081813.0
2506,2022-11-30,3.24,3.25,3.21,3.23,0.0099999999999997,0.3105590062111751,36850090.0
2506,2022-12-01,3.26,3.26,3.23,3.23,0.0,0.0,40141952.0
2506,2022-12-02,3.23,3.27,3.21,3.25,0.02,0.6191950464396356,37761145.0
2506,2022-12-05,3.25,3.29,3.23,3.26,0.0099999999999997,0.3076923076922977,66115102.0
2506,2022-12-06,3.25,3.28,3.25,3.27,0.0100000000000002,0.3067484662576669,47097762.0
2506,2022-12-07,3.27,3.27,3.21,3.22,-0.0499999999999998,-1.5290519877675823,48409870.0
2506,2022-12-08,3.22,3.24,3.18,3.19,-0.0300000000000002,-0.9316770186335476,38334695.0
2506,2022-12-09,3.19,3.21,3.16,3.17,-0.02,-0.6269592476489061,49458420.0
2506,2022-12-12,3.19,3.19,3.13,3.15,-0.02,-0.6309148264984188,37183640.0
2506,2022-12-13,3.17,3.17,3.12,3.13,-0.02,-0.6349206349206327,33148583.0
2506,2022-12-14,3.13,3.16,3.11,3.12,-0.0099999999999997,-0.3194888178913668,32736822.0
2506,2022-12-15,3.12,3.15,3.11,3.15,0.0299999999999998,0.961538461538458,27918877.0
2506,2022-12-16,3.13,3.14,3.08,3.1,-0.0499999999999998,-1.5873015873015817,42320880.0
2506,2022-12-19,3.1,3.1,3.0,3.02,-0.08,-2.580645161290329,57989258.0
2506,2022-12-20,3.01,3.07,2.99,3.06,0.04,1.324503311258285,32726271.0
2506,2022-12-21,3.04,3.05,2.97,2.99,-0.0699999999999998,-2.287581699346397,40241100.0
2506,2022-12-22,3.0,3.01,2.87,2.89,-0.1,-3.3444816053511683,56634610.0
2506,2022-12-23,2.88,2.92,2.86,2.87,-0.02,-0.692041522491349,31752236.0
2506,2022-12-26,2.88,2.93,2.86,2.92,0.0499999999999998,1.7421602787456305,41003786.0
2506,2022-12-27,2.94,2.97,2.91,2.93,0.0100000000000002,0.34246575342467,29956372.0
2506,2022-12-28,2.91,2.95,2.9,2.94,0.0099999999999997,0.3412969283276279,34889201.0
2506,2022-12-29,2.93,2.94,2.88,2.89,-0.0499999999999998,-1.7006802721088343,30796006.0
2506,2022-12-30,2.9,2.93,2.89,2.91,0.02,0.6920415224913601,21991116.0
2506,2023-01-03,2.93,3.02,2.91,3.0,0.0899999999999998,3.092783505154628,54285266.0
2506,2023-01-04,3.01,3.02,2.97,2.98,-0.02,-0.666666666666671,37204012.0
2506,2023-01-05,3.0,3.01,2.98,3.01,0.0299999999999998,1.0067114093959662,29258661.0
2506,2023-01-06,3.01,3.09,3.0,3.05,0.04,1.3289036544850583,62187307.0
2506,2023-01-09,3.06,3.07,3.02,3.05,0.0,0.0,41262339.0
2506,2023-01-10,3.05,3.08,3.03,3.04,-0.0099999999999997,-0.3278688524590123,35026764.0
2506,2023-01-11,3.04,3.05,2.99,3.01,-0.0300000000000002,-0.9868421052631636,37441119.0
2506,2023-01-12,3.01,3.04,2.99,3.0,-0.0099999999999997,-0.3322259136212535,27719532.0
2506,2023-01-13,3.02,3.02,2.97,3.01,0.0099999999999997,0.3333333333333188,32951722.0
2506,2023-01-16,3.01,3.06,2.98,3.04,0.0300000000000002,0.996677740863805,43059826.0
2506,2023-01-17,3.04,3.07,3.02,3.04,0.0,0.0,30060312.0
2506,2023-01-18,3.05,3.08,3.03,3.08,0.04,1.3157894736842035,39019865.0
2506,2023-01-19,3.08,3.08,3.05,3.07,-0.0100000000000002,-0.3246753246753275,38149347.0
2506,2023-01-20,3.08,3.11,3.06,3.11,0.04,1.3029315960912058,37104806.0
2506,2023-01-30,3.13,3.18,3.12,3.13,0.02,0.6430868167202508,64584809.0
2506,2023-01-31,3.16,3.24,3.15,3.24,0.1100000000000003,3.514376996805124,107247169.0
2506,2023-02-01,3.25,3.33,3.24,3.27,0.0299999999999998,0.92592592592593,100245389.0
2506,2023-02-02,3.27,3.28,3.22,3.22,-0.0499999999999998,-1.5290519877675823,64162858.0
2506,2023-02-03,3.22,3.26,3.17,3.21,-0.0100000000000002,-0.3105590062111862,52830307.0
2506,2023-02-06,3.2,3.22,3.17,3.19,-0.02,-0.6230529595015577,48174709.0
2506,2023-02-07,3.2,3.25,3.19,3.22,0.0300000000000002,0.9404388714733702,52980024.0
2506,2023-02-08,3.22,3.27,3.2,3.24,0.02,0.6211180124223503,69715652.0
2506,2023-02-09,3.22,3.27,3.21,3.25,0.0099999999999997,0.3086419753086433,56567462.0
2506,2023-02-10,3.25,3.28,3.22,3.25,0.0,0.0,62658672.0
2506,2023-02-13,3.25,3.31,3.25,3.27,0.02,0.6153846153846176,84968775.0
2506,2023-02-14,3.29,3.29,3.25,3.26,-0.0100000000000002,-0.3058103975535187,45062367.0
2506,2023-02-15,3.27,3.28,3.24,3.26,0.0,0.0,44760900.0
2506,2023-02-16,3.32,3.38,3.2,3.23,-0.0299999999999998,-0.9202453987730008,122216329.0
2506,2023-02-17,3.21,3.23,3.15,3.15,-0.08,-2.4767801857585203,68492331.0
2506,2023-02-20,3.14,3.19,3.12,3.19,0.04,1.269841269841265,53508340.0
2506,2023-02-21,3.19,3.25,3.17,3.23,0.04,1.2539184952978122,49502800.0
2506,2023-02-22,3.2,3.26,3.19,3.22,-0.0099999999999997,-0.3095975232198067,38947069.0
2506,2023-02-23,3.21,3.24,3.2,3.22,0.0,0.0,35430609.0
2506,2023-02-24,3.21,3.22,3.17,3.19,-0.0300000000000002,-0.9316770186335476,34246676.0
2506,2023-02-27,3.18,3.24,3.16,3.19,0.0,0.0,43934743.0
2506,2023-02-28,3.16,3.2,3.15,3.17,-0.02,-0.6269592476489061,72510883.0
2506,2023-03-01,3.15,3.18,3.14,3.17,0.0,0.0,42784148.0
2506,2023-03-02,3.17,3.17,3.12,3.13,-0.04,-1.261829652996849,49341706.0
2506,2023-03-03,3.13,3.16,3.12,3.14,0.0100000000000002,0.319488817891389,37752726.0
2506,2023-03-06,3.13,3.18,3.11,3.16,0.02,0.6369426751592355,58725555.0
2506,2023-03-07,3.16,3.16,3.08,3.08,-0.08,-2.5316455696202556,50216185.0
2506,2023-03-08,3.08,3.11,3.05,3.09,0.0099999999999997,0.3246753246753275,37901331.0
2506,2023-03-09,3.08,3.09,3.05,3.06,-0.0299999999999998,-0.9708737864077556,30015832.0
2506,2023-03-10,3.04,3.07,3.02,3.03,-0.0300000000000002,-0.9803921568627528,40645228.0
2506,2023-03-13,3.02,3.04,2.98,3.01,-0.02,-0.660066006600657,39531440.0
2506,2023-03-14,3.0,3.03,2.93,3.02,0.0100000000000002,0.3322259136212757,56109143.0
2506,2023-03-15,3.03,3.08,3.02,3.04,0.02,0.6622516556291425,49782630.0
2506,2023-03-16,3.02,3.03,2.96,2.97,-0.0699999999999998,-2.3026315789473673,37609387.0
2506,2023-03-17,3.01,3.01,2.96,2.97,0.0,0.0,34172211.0
2506,2023-03-20,2.98,3.03,2.96,3.02,0.0499999999999998,1.683501683501687,51874104.0
2506,2023-03-21,3.03,3.03,2.98,3.01,-0.0100000000000002,-0.3311258278145823,40052701.0
2506,2023-03-22,3.01,3.03,2.99,3.0,-0.0099999999999997,-0.3322259136212535,34112828.0
2506,2023-03-23,3.0,3.26,2.98,3.19,0.1899999999999999,6.333333333333324,198496813.0
2506,2023-03-24,3.19,3.19,3.11,3.13,-0.06,-1.8808777429467072,101888937.0
2506,2023-03-27,3.14,3.15,3.1,3.13,0.0,0.0,61603492.0
2506,2023-03-28,3.13,3.13,3.06,3.09,-0.04,-1.2779552715655007,50994308.0
2506,2023-03-29,3.08,3.11,3.06,3.07,-0.02,-0.6472491909385147,41067579.0
2506,2023-03-30,3.07,3.08,3.03,3.08,0.0100000000000002,0.3257328990228014,42406699.0
2506,2023-03-31,3.07,3.15,3.07,3.12,0.04,1.2987012987013102,64753132.0
2506,2023-04-03,3.12,3.16,3.11,3.15,0.0299999999999998,0.961538461538458,57781379.0
2506,2023-04-04,3.14,3.14,3.11,3.13,-0.02,-0.6349206349206327,48237968.0
2506,2023-04-06,3.13,3.16,3.11,3.14,0.0100000000000002,0.319488817891389,44786428.0
2506,2023-04-07,3.14,3.15,3.12,3.13,-0.0100000000000002,-0.3184713375796288,35221779.0
2506,2023-04-10,3.14,3.15,3.07,3.09,-0.04,-1.2779552715655007,47427507.0
2506,2023-04-11,3.08,3.11,3.06,3.07,-0.02,-0.6472491909385147,37771646.0
2506,2023-04-12,3.09,3.09,3.04,3.05,-0.02,-0.6514657980456029,41963700.0
2506,2023-04-13,3.07,3.13,3.03,3.03,-0.02,-0.6557377049180357,62764548.0
2506,2023-04-14,3.03,3.06,3.02,3.05,0.02,0.660066006600668,40164040.0
2506,2023-04-17,3.04,3.09,3.04,3.07,0.02,0.6557377049180246,37205120.0
2506,2023-04-18,3.07,3.07,3.03,3.04,-0.0299999999999998,-0.9771986970683932,38247033.0
2506,2023-04-19,3.04,3.05,3.01,3.03,-0.0100000000000002,-0.328947368421062,36914807.0
2506,2023-04-20,3.02,3.03,2.98,3.0,-0.0299999999999998,-0.99009900990098,42022900.0
2506,2023-04-21,2.99,3.03,2.97,2.97,-0.0299999999999998,-0.9999999999999898,49072628.0
2506,2023-04-24,2.97,2.98,2.91,2.94,-0.0300000000000002,-1.0101010101010166,40454195.0
2506,2023-04-25,2.94,3.03,2.94,2.96,0.02,0.6802721088435382,56699400.0
2506,2023-04-26,2.96,3.05,2.92,3.05,0.0899999999999998,3.040540540540526,62245891.0
2506,2023-04-27,3.06,3.06,3.0,3.01,-0.04,-1.3114754098360717,47011083.0
2506,2023-04-28,3.02,3.06,3.02,3.06,0.0500000000000002,1.661129568106312,43260392.0
2506,2023-05-04,3.06,3.22,3.06,3.14,0.08,2.614379084967333,105881535.0
2506,2023-05-05,3.15,3.16,3.08,3.1,-0.04,-1.273885350318471,60579164.0
2506,2023-05-08,3.1,3.11,3.04,3.05,-0.0500000000000002,-1.6129032258064613,53856263.0
2506,2023-05-09,3.04,3.06,3.0,3.01,-0.04,-1.3114754098360717,47164016.0
2506,2023-05-10,3.01,3.05,2.99,3.04,0.0300000000000002,0.996677740863805,30820657.0
2506,2023-05-11,3.05,3.06,3.02,3.03,-0.0100000000000002,-0.328947368421062,25963958.0
2506,2023-05-12,3.03,3.04,3.0,3.0,-0.0299999999999998,-0.99009900990098,25256684.0
2506,2023-05-15,3.0,3.04,2.98,3.03,0.0299999999999998,1.0000000000000009,36194442.0
2506,2023-05-16,3.04,3.05,3.0,3.01,-0.02,-0.660066006600657,30372819.0
2506,2023-05-17,3.01,3.01,2.98,3.01,0.0,0.0,39985182.0
2506,2023-05-18,3.01,3.01,2.97,2.97,-0.0399999999999995,-1.3289036544850363,34568043.0
2506,2023-05-19,2.99,2.99,2.96,2.99,0.02,0.6734006734006703,23755891.0
2506,2023-05-22,2.98,3.0,2.96,3.0,0.0099999999999997,0.3344481605351168,24412751.0
2506,2023-05-23,2.98,3.01,2.97,2.98,-0.02,-0.666666666666671,29834429.0
2506,2023-05-24,2.96,3.01,2.95,2.98,0.0,0.0,38160354.0
2506,2023-05-25,2.97,3.01,2.96,2.99,0.0100000000000002,0.3355704697986628,40096493.0
2506,2023-05-26,2.99,3.02,2.96,3.01,0.0199999999999995,0.6688963210702115,37165530.0
2506,2023-05-29,3.01,3.02,2.95,2.95,-0.0599999999999996,-1.9933554817275656,45966700.0
2506,2023-05-30,2.94,2.97,2.91,2.94,-0.0100000000000002,-0.3389830508474634,34696405.0
2506,2023-05-31,2.94,2.95,2.91,2.92,-0.02,-0.6802721088435382,25115910.0
2506,2023-06-01,2.92,2.94,2.9,2.93,0.0100000000000002,0.34246575342467,27496802.0
2506,2023-06-02,2.92,2.95,2.92,2.94,0.0099999999999997,0.3412969283276279,22757744.0
2506,2023-06-05,2.94,2.94,2.91,2.92,-0.02,-0.6802721088435382,24398900.0
2506,2023-06-06,2.91,2.93,2.87,2.88,-0.04,-1.3698630136986356,36700151.0
2506,2023-06-07,2.86,2.88,2.86,2.87,-0.0099999999999997,-0.3472222222222099,20957726.0
2506,2023-06-08,2.86,2.92,2.86,2.9,0.0299999999999998,1.0452961672473782,27671301.0
2506,2023-06-09,2.9,2.91,2.87,2.9,0.0,0.0,39874943.0
2506,2023-06-12,2.89,2.9,2.87,2.88,-0.02,-0.6896551724137945,30397057.0
2506,2023-06-13,2.87,2.9,2.87,2.88,0.0,0.0,21020030.0
2506,2023-06-14,2.88,2.89,2.87,2.87,-0.0099999999999997,-0.3472222222222099,21424400.0
2506,2023-06-15,2.87,2.92,2.86,2.92,0.0499999999999998,1.7421602787456305,39919812.0
2506,2023-06-16,2.93,2.93,2.89,2.91,-0.0099999999999997,-0.3424657534246478,33087810.0
2506,2023-06-19,2.91,2.92,2.89,2.89,-0.02,-0.6872852233676952,26521381.0
2506,2023-06-20,2.89,2.9,2.86,2.87,-0.02,-0.692041522491349,23220430.0
2506,2023-06-21,2.88,2.94,2.87,2.88,0.0099999999999997,0.348432055749126,39337922.0
2506,2023-06-26,2.87,2.89,2.83,2.85,-0.0299999999999998,-1.041666666666663,36402285.0
2506,2023-06-27,2.85,2.89,2.83,2.88,0.0299999999999998,1.0526315789473717,28509152.0
2506,2023-06-28,2.88,2.88,2.84,2.87,-0.0099999999999997,-0.3472222222222099,26898791.0
2506,2023-06-29,2.87,2.91,2.86,2.89,0.02,0.6968641114982521,32226447.0
2506,2023-06-30,2.89,2.93,2.87,2.93,0.04,1.384083044982698,39454459.0
2506,2023-07-03,2.93,2.96,2.93,2.93,0.0,0.0,36446758.0
2506,2023-07-04,2.92,2.94,2.92,2.93,0.0,0.0,27538262.0
2506,2023-07-05,2.94,2.95,2.9,2.91,-0.02,-0.6825938566552892,27264111.0
2506,2023-07-06,2.92,2.92,2.88,2.88,-0.0300000000000002,-1.0309278350515538,26859436.0
2506,2023-07-07,2.88,2.9,2.86,2.89,0.0100000000000002,0.3472222222222321,24414201.0
2506,2023-07-10,2.88,2.93,2.88,2.93,0.04,1.384083044982698,36643927.0
2506,2023-07-11,3.0,3.14,2.95,3.06,0.1299999999999999,4.436860068259385,159794562.0
2506,2023-07-12,3.07,3.09,3.02,3.03,-0.0300000000000002,-0.9803921568627528,93783039.0
2506,2023-07-13,3.03,3.07,3.02,3.04,0.0100000000000002,0.3300330033003451,56441980.0
2506,2023-07-14,3.03,3.04,2.98,2.99,-0.0499999999999998,-1.6447368421052544,44532700.0
2506,2023-07-17,2.98,3.01,2.97,2.99,0.0,0.0,30481847.0
2506,2023-07-18,2.99,3.04,2.96,3.01,0.0199999999999995,0.6688963210702115,64827936.0
2506,2023-07-19,3.01,3.02,2.98,3.0,-0.0099999999999997,-0.3322259136212535,27162254.0
2506,2023-07-20,3.0,3.01,2.97,2.97,-0.0299999999999998,-0.9999999999999898,35795873.0
2506,2023-07-21,2.96,2.98,2.95,2.97,0.0,0.0,28150000.0
2506,2023-07-24,2.97,2.98,2.93,2.93,-0.04,-1.3468013468013518,32746120.0
2506,2023-07-25,2.94,2.99,2.94,2.98,0.0499999999999998,1.7064846416382284,38690729.0
2506,2023-07-26,2.98,3.03,2.97,3.03,0.0499999999999998,1.6778523489932915,55463057.0
2506,2023-07-27,3.04,3.04,3.0,3.01,-0.02,-0.660066006600657,33084294.0
2506,2023-07-28,3.01,3.03,2.98,3.03,0.02,0.6644518272425293,39474904.0
2506,2023-07-31,3.03,3.09,3.02,3.07,0.04,1.320132013201314,79621878.0
2506,2023-08-01,3.07,3.08,3.04,3.07,0.0,0.0,39703434.0
2506,2023-08-02,3.07,3.12,3.06,3.07,0.0,0.0,63471763.0
2506,2023-08-03,3.06,3.14,3.05,3.08,0.0100000000000002,0.3257328990228014,82289280.0
2506,2023-08-04,3.07,3.09,3.05,3.07,-0.0100000000000002,-0.3246753246753275,60250442.0
2506,2023-08-07,3.08,3.09,3.05,3.07,0.0,0.0,33531267.0
2506,2023-08-08,3.06,3.07,3.04,3.06,-0.0099999999999997,-0.3257328990227903,33568675.0
2506,2023-08-09,3.04,3.06,3.03,3.05,-0.0100000000000002,-0.326797385620925,27570335.0
2506,2023-08-10,3.05,3.07,3.03,3.06,0.0100000000000002,0.3278688524590345,30540948.0
2506,2023-08-11,3.07,3.07,2.99,2.99,-0.0699999999999998,-2.287581699346397,39522400.0
2506,2023-08-14,2.98,3.01,2.96,3.0,0.0099999999999997,0.3344481605351168,37130653.0
2506,2023-08-15,3.0,3.01,2.95,2.97,-0.0299999999999998,-0.9999999999999898,34011600.0
2506,2023-08-16,2.99,2.99,2.93,2.95,-0.02,-0.6734006734006703,38666201.0
2506,2023-08-17,2.93,2.97,2.91,2.95,0.0,0.0,45141717.0
2506,2023-08-18,2.95,2.98,2.93,2.93,-0.02,-0.6779661016949157,45295301.0
2506,2023-08-21,2.93,2.96,2.89,2.89,-0.04,-1.3651877133105783,41684426.0
2506,2023-08-22,2.9,2.92,2.83,2.87,-0.02,-0.692041522491349,48000701.0
2506,2023-08-23,2.87,2.87,2.8,2.8,-0.0700000000000002,-2.4390243902439157,37575981.0
2506,2023-08-24,2.81,2.87,2.79,2.85,0.0500000000000002,1.7857142857143016,42124846.0
2506,2023-08-25,2.84,2.87,2.8,2.81,-0.04,-1.403508771929829,37744756.0
2506,2023-08-28,2.91,2.94,2.84,2.86,0.0499999999999998,1.7793594306049654,59119540.0
2506,2023-08-29,2.85,2.91,2.83,2.9,0.04,1.3986013986013957,44926597.0
2506,2023-08-30,2.9,2.92,2.88,2.9,0.0,0.0,31800929.0
2506,2023-08-31,2.9,2.91,2.87,2.88,-0.02,-0.6896551724137945,25077000.0
2506,2023-09-01,2.88,2.9,2.87,2.89,0.0100000000000002,0.3472222222222321,15527900.0
2506,2023-09-04,2.9,2.95,2.9,2.95,0.06,2.076124567474058,43454571.0
2506,2023-09-05,2.94,2.99,2.93,2.98,0.0299999999999998,1.0169491525423568,55442806.0
2506,2023-09-06,2.98,3.02,2.96,3.0,0.02,0.6711409395973256,41510384.0
2506,2023-09-07,3.01,3.01,2.94,2.94,-0.06,-2.0000000000000018,40809259.0
2506,2023-09-08,2.93,2.95,2.91,2.92,-0.02,-0.6802721088435382,31297000.0
2506,2023-09-11,2.93,2.94,2.91,2.92,0.0,0.0,33232373.0
2506,2023-09-12,2.91,2.93,2.9,2.91,-0.0099999999999997,-0.3424657534246478,26360657.0
2506,2023-09-13,2.9,2.91,2.86,2.88,-0.0300000000000002,-1.0309278350515538,36083200.0
2506,2023-09-14,2.89,2.91,2.87,2.87,-0.0099999999999997,-0.3472222222222099,32274700.0
2506,2023-09-15,2.89,2.93,2.87,2.87,0.0,0.0,28536395.0
2506,2023-09-18,2.88,2.91,2.83,2.9,0.0299999999999998,1.0452961672473782,33947417.0
2506,2023-09-19,2.9,2.9,2.86,2.87,-0.0299999999999998,-1.0344827586206806,22842000.0
2506,2023-09-20,2.87,2.88,2.84,2.84,-0.0300000000000002,-1.0452961672474004,19774452.0
2506,2023-09-21,2.83,2.85,2.82,2.82,-0.02,-0.7042253521126751,25322816.0
2506,2023-09-22,2.82,2.87,2.82,2.85,0.0300000000000002,1.0638297872340496,23742716.0
2506,2023-09-25,2.85,2.86,2.81,2.82,-0.0300000000000002,-1.0526315789473717,30157100.0
2506,2023-09-26,2.82,2.84,2.81,2.82,0.0,0.0,23447681.0
2506,2023-09-27,2.82,2.87,2.81,2.85,0.0300000000000002,1.0638297872340496,34196823.0
2506,2023-09-28,2.86,2.88,2.85,2.87,0.02,0.7017543859649145,26389707.0
2506,2023-10-09,2.86,2.9,2.86,2.89,0.02,0.6968641114982521,29932074.0
2506,2023-10-10,2.88,2.9,2.86,2.87,-0.02,-0.692041522491349,21647400.0
2506,2023-10-11,2.87,2.88,2.83,2.84,-0.0300000000000002,-1.0452961672474004,25666818.0
2506,2023-10-12,2.85,2.9,2.85,2.9,0.06,2.112676056338026,35600001.0
2506,2023-10-13,2.88,2.89,2.86,2.88,-0.02,-0.6896551724137945,23218995.0
2506,2023-10-16,2.88,2.89,2.83,2.84,-0.04,-1.388888888888895,36728800.0
2506,2023-10-17,2.85,2.87,2.82,2.85,0.0100000000000002,0.3521126760563486,33969220.0
2506,2023-10-18,2.85,2.85,2.81,2.81,-0.04,-1.403508771929829,29616580.0
2506,2023-10-19,2.8,2.81,2.75,2.77,-0.04,-1.4234875444839925,59334861.0
2506,2023-10-20,2.75,2.8,2.73,2.8,0.0299999999999998,1.0830324909747224,51288358.0
2506,2023-10-23,2.78,2.78,2.66,2.66,-0.1399999999999996,-4.999999999999993,47684777.0
2506,2023-10-24,2.67,2.71,2.66,2.69,0.0299999999999998,1.1278195488721776,31537676.0
2506,2023-10-25,2.7,2.77,2.7,2.75,0.06,2.230483271375472,36589096.0
2506,2023-10-26,2.74,2.76,2.71,2.75,0.0,0.0,27640057.0
2506,2023-10-27,2.74,2.8,2.74,2.8,0.0499999999999998,1.8181818181818077,31095344.0
2506,2023-10-30,2.79,2.81,2.78,2.79,-0.0099999999999997,-0.3571428571428447,46210210.0
2506,2023-10-31,2.8,2.8,2.75,2.76,-0.0300000000000002,-1.0752688172043112,35177400.0
2506,2023-11-01,2.77,2.78,2.73,2.76,0.0,0.0,27725859.0
2506,2023-11-02,2.76,2.77,2.72,2.72,-0.0399999999999995,-1.4492753623188248,28383873.0
2506,2023-11-03,2.72,2.75,2.71,2.74,0.02,0.7352941176470562,29583000.0
2506,2023-11-06,2.75,2.86,2.74,2.82,0.0799999999999996,2.9197080291970767,78850433.0
2506,2023-11-07,2.82,2.83,2.79,2.82,0.0,0.0,32191887.0
2506,2023-11-08,2.81,2.82,2.79,2.81,-0.0099999999999997,-0.3546099290780091,30581097.0
2506,2023-11-09,2.81,2.85,2.8,2.82,0.0099999999999997,0.3558718861209842,43459563.0
2506,2023-11-10,2.82,2.82,2.77,2.78,-0.04,-1.4184397163120588,29822400.0
2506,2023-11-13,2.78,2.82,2.77,2.81,0.0300000000000002,1.0791366906474975,36243876.0
2506,2023-11-14,2.81,2.82,2.79,2.81,0.0,0.0,23524810.0
2506,2023-11-15,2.82,2.87,2.82,2.86,0.0499999999999998,1.7793594306049654,56372973.0
2506,2023-11-16,2.85,2.86,2.81,2.81,-0.0499999999999998,-1.748251748251739,35956076.0
2506,2023-11-17,2.81,2.83,2.79,2.81,0.0,0.0,28841861.0
2506,2023-11-20,2.81,2.82,2.79,2.81,0.0,0.0,28004120.0
2506,2023-11-21,2.82,2.83,2.79,2.81,0.0,0.0,32687472.0
2506,2023-11-22,2.8,2.8,2.76,2.76,-0.0500000000000002,-1.7793594306049876,34722260.0
2506,2023-11-23,2.77,2.8,2.76,2.79,0.0300000000000002,1.0869565217391353,26743982.0
2506,2023-11-24,2.8,2.8,2.76,2.77,-0.02,-0.7168458781361964,25443332.0
2506,2023-11-27,2.76,2.78,2.74,2.77,0.0,0.0,27191964.0
2506,2023-11-28,2.76,2.77,2.74,2.75,-0.02,-0.7220216606498187,25678166.0
2506,2023-11-29,2.75,2.76,2.72,2.73,-0.02,-0.727272727272732,27662569.0
2506,2023-11-30,2.73,2.74,2.69,2.71,-0.02,-0.73260073260073,39882275.0
2506,2023-12-01,2.7,2.73,2.67,2.72,0.0100000000000002,0.3690036900369176,35530899.0
2506,2023-12-04,2.71,2.73,2.69,2.69,-0.0300000000000002,-1.1029411764705954,34132509.0
2506,2023-12-05,2.69,2.71,2.66,2.66,-0.0299999999999998,-1.1152416356877248,44511075.0
2506,2023-12-06,2.66,2.7,2.65,2.69,0.0299999999999998,1.1278195488721776,33421074.0
2506,2023-12-07,2.68,2.69,2.66,2.68,-0.0099999999999997,-0.3717472118959009,29528001.0
2506,2023-12-08,2.68,2.69,2.66,2.66,-0.02,-0.7462686567164201,32432053.0
2506,2023-12-11,2.66,2.68,2.6,2.67,0.0099999999999997,0.3759398496240518,36711195.0
2506,2023-12-12,2.66,2.69,2.65,2.68,0.0100000000000002,0.3745318352059934,20309300.0
2506,2023-12-13,2.68,2.68,2.65,2.65,-0.0300000000000002,-1.1194029850746356,18431592.0
2506,2023-12-14,2.66,2.68,2.64,2.64,-0.0099999999999997,-0.3773584905660265,21994901.0
2506,2023-12-15,2.64,2.68,2.63,2.64,0.0,0.0,31861200.0
2506,2023-12-18,2.62,2.62,2.57,2.58,-0.06,-2.2727272727272707,41547631.0
2506,2023-12-19,2.57,2.6,2.56,2.59,0.0099999999999997,0.3875968992248069,23632691.0
2506,2023-12-20,2.58,2.59,2.54,2.55,-0.04,-1.544401544401541,25832700.0
2506,2023-12-21,2.54,2.59,2.52,2.57,0.02,0.7843137254901933,40146159.0
2506,2023-12-22,2.57,2.6,2.53,2.58,0.0100000000000002,0.3891050583657574,39541001.0
2506,2023-12-25,2.57,2.59,2.54,2.56,-0.02,-0.7751937984496138,26129100.0
2506,2023-12-26,2.56,2.56,2.52,2.53,-0.0300000000000002,-1.171875000000011,23456171.0
2506,2023-12-27,2.53,2.54,2.51,2.53,0.0,0.0,21955600.0
2506,2023-12-28,2.53,2.74,2.53,2.71,0.1800000000000001,7.114624505928857,122834124.0
2506,2023-12-29,2.68,2.76,2.66,2.74,0.0300000000000002,1.1070110701107083,94369777.0
2506,2024-01-02,2.73,2.77,2.71,2.72,-0.02,-0.7299270072992692,42310980.0
2506,2024-01-03,2.71,2.74,2.69,2.71,-0.0100000000000002,-0.3676470588235392,36077004.0
2506,2024-01-04,2.7,2.7,2.65,2.67,-0.04,-1.4760147601476037,32634873.0
2506,2024-01-05,2.67,2.71,2.63,2.64,-0.0299999999999998,-1.1235955056179692,35421072.0
2506,2024-01-08,2.64,2.82,2.61,2.7,0.06,2.2727272727272707,102319901.0
2506,2024-01-09,2.68,2.74,2.63,2.73,0.0299999999999998,1.1111111111111072,114640099.0
2506,2024-01-10,2.7,2.87,2.68,2.78,0.0499999999999998,1.831501831501825,167643210.0
2506,2024-01-11,2.75,2.81,2.71,2.75,-0.0299999999999998,-1.0791366906474753,108190800.0
2506,2024-01-12,2.73,2.8,2.71,2.71,-0.04,-1.4545454545454528,90175588.0
2506,2024-01-15,2.69,2.74,2.68,2.69,-0.02,-0.7380073800738018,66567387.0
2506,2024-01-16,2.7,2.76,2.68,2.71,0.02,0.743494423791824,75038000.0
2506,2024-01-17,2.7,2.71,2.6,2.6,-0.1099999999999998,-4.059040590405905,78694078.0
2506,2024-01-18,2.58,2.64,2.56,2.64,0.04,1.538461538461533,74345625.0
2506,2024-01-19,2.63,2.65,2.58,2.58,-0.06,-2.2727272727272707,51746715.0
2506,2024-01-22,2.57,2.57,2.4,2.42,-0.1600000000000001,-6.2015503875969,83198590.0
2506,2024-01-23,2.42,2.51,2.39,2.48,0.06,2.4793388429751984,60899553.0
2506,2024-01-24,2.49,2.52,2.43,2.51,0.0299999999999998,1.2096774193548263,54779352.0
2506,2024-01-25,2.51,2.55,2.48,2.54,0.0300000000000002,1.195219123505975,50387124.0
2506,2024-01-26,2.53,2.58,2.52,2.54,0.0,0.0,49785898.0
2506,2024-01-29,2.54,2.55,2.46,2.46,-0.08,-3.149606299212604,47955814.0
2506,2024-01-30,2.46,2.49,2.38,2.39,-0.0699999999999998,-2.8455284552845517,44845300.0
2506,2024-01-31,2.41,2.44,2.37,2.42,0.0299999999999998,1.2552301255229992,55472673.0
2506,2024-02-01,2.38,2.44,2.38,2.4,-0.02,-0.8264462809917328,54119987.0
2506,2024-02-02,2.4,2.41,2.18,2.29,-0.1099999999999998,-4.583333333333329,80650348.0
2506,2024-02-05,2.26,2.27,2.08,2.11,-0.1800000000000001,-7.860262008733631,80240532.0
2506,2024-02-06,2.1,2.32,2.09,2.32,0.2099999999999999,9.952606635071092,123110002.0
2506,2024-02-07,2.34,2.54,2.31,2.53,0.2099999999999999,9.051724137931028,201409307.0
2506,2024-02-08,2.48,2.66,2.47,2.55,0.02,0.7905138339920903,136388036.0
2506,2024-02-19,2.58,2.6,2.52,2.55,0.0,0.0,75282543.0
2506,2024-02-20,2.56,2.56,2.51,2.54,-0.0099999999999997,-0.3921568627450855,48463926.0
2506,2024-02-21,2.54,2.6,2.51,2.54,0.0,0.0,76877298.0
2506,2024-02-22,2.53,2.58,2.51,2.55,0.0099999999999997,0.3937007874015741,58330653.0
2506,2024-02-23,2.56,2.59,2.53,2.56,0.0100000000000002,0.3921568627450966,65567250.0
2506,2024-02-26,2.57,2.63,2.55,2.6,0.04,1.5625,90698832.0
2506,2024-02-27,2.61,2.65,2.58,2.64,0.04,1.538461538461533,63781702.0
2506,2024-02-28,2.65,2.75,2.58,2.58,-0.06,-2.2727272727272707,116776370.0
2506,2024-02-29,2.57,2.65,2.56,2.64,0.06,2.3255813953488413,66841798.0
2506,2024-03-01,2.68,2.72,2.65,2.7,0.06,2.2727272727272707,69516997.0
2506,2024-03-04,2.71,2.73,2.67,2.69,-0.0100000000000002,-0.3703703703703764,52760687.0
2506,2024-03-05,2.67,2.68,2.63,2.64,-0.0499999999999998,-1.8587360594795488,47822051.0
2506,2024-03-06,2.63,2.72,2.63,2.68,0.04,1.5151515151515138,52498400.0
2506,2024-03-07,2.69,2.69,2.63,2.63,-0.0500000000000002,-1.8656716417910555,45565000.0
2506,2024-03-08,2.64,2.7,2.63,2.68,0.0500000000000002,1.9011406844106515,46135454.0
2506,2024-03-11,2.7,2.75,2.69,2.75,0.0699999999999998,2.6119402985074647,78874013.0
2506,2024-03-12,2.76,2.77,2.73,2.74,-0.0099999999999997,-0.3636363636363549,58528301.0
2506,2024-03-13,2.72,2.75,2.71,2.73,-0.0100000000000002,-0.3649635036496401,49899831.0
2506,2024-03-14,2.72,2.75,2.67,2.69,-0.04,-1.465201465201471,47664609.0
2506,2024-03-15,2.69,2.73,2.67,2.72,0.0300000000000002,1.115241635687747,41853762.0
2506,2024-03-18,2.73,2.75,2.71,2.74,0.02,0.7352941176470562,41562788.0
2506,2024-03-19,2.74,2.75,2.7,2.71,-0.0300000000000002,-1.094890510948909,39654974.0
2506,2024-03-20,2.7,2.73,2.7,2.72,0.0100000000000002,0.3690036900369176,33418001.0
2506,2024-03-21,2.72,2.73,2.68,2.69,-0.0300000000000002,-1.1029411764705954,44553950.0
2506,2024-03-22,2.69,2.7,2.62,2.63,-0.06,-2.230483271375472,49927581.0
2506,2024-03-25,2.63,2.65,2.59,2.59,-0.04,-1.520912547528519,47212300.0
2506,2024-03-26,2.6,2.61,2.56,2.6,0.0100000000000002,0.3861003861003853,43870201.0
2506,2024-03-27,2.61,2.61,2.5,2.5,-0.1,-3.8461538461538542,52962521.0
2506,2024-03-28,2.5,2.55,2.49,2.51,0.0099999999999997,0.4000000000000003,47984002.0
2506,2024-03-29,2.5,2.53,2.5,2.52,0.0100000000000002,0.3984063745019917,39308828.0
2506,2024-04-01,2.53,2.61,2.52,2.61,0.0899999999999998,3.5714285714285587,57526978.0
2506,2024-04-02,2.62,2.63,2.57,2.61,0.0,0.0,40778066.0
2506,2024-04-03,2.6,2.61,2.58,2.59,-0.02,-0.7662835249042099,34385243.0
2506,2024-04-08,2.59,2.59,2.53,2.53,-0.06,-2.316602316602323,44578720.0
2506,2024-04-09,2.54,2.58,2.53,2.56,0.0300000000000002,1.1857707509881577,33021500.0
2506,2024-04-10,2.56,2.57,2.49,2.5,-0.06,-2.34375,40785575.0
2506,2024-04-11,2.49,2.55,2.47,2.52,0.02,0.8000000000000007,44837391.0
2506,2024-04-12,2.51,2.53,2.46,2.46,-0.06,-2.3809523809523836,44008253.0
2506,2024-04-15,2.46,2.5,2.4,2.44,-0.02,-0.8130081300813052,54559238.0
2506,2024-04-16,2.44,2.46,2.34,2.35,-0.0899999999999998,-3.688524590163933,63545751.0
2506,2024-04-17,2.36,2.43,2.36,2.42,0.0699999999999998,2.9787234042553123,50681677.0
2506,2024-04-18,2.42,2.45,2.38,2.41,-0.0099999999999997,-0.4132231404958553,41617470.0
2506,2024-04-19,2.41,2.42,2.35,2.36,-0.0500000000000002,-2.0746887966805128,45203400.0
2506,2024-04-22,2.36,2.4,2.31,2.37,0.0100000000000002,0.4237288135593209,44382915.0
2506,2024-04-23,2.37,2.4,2.34,2.35,-0.02,-0.8438818565400852,31806100.0
2506,2024-04-24,2.35,2.37,2.31,2.37,0.02,0.8510638297872353,33350700.0
2506,2024-04-25,2.36,2.4,2.33,2.35,-0.02,-0.8438818565400852,45002900.0
2506,2024-04-26,2.35,2.44,2.34,2.43,0.08,3.404255319148941,53681955.0
2506,2024-04-29,2.44,2.48,2.42,2.46,0.0299999999999998,1.2345679012345512,55269034.0
2506,2024-04-30,2.46,2.46,2.41,2.44,-0.02,-0.8130081300813052,43752263.0
2506,2024-05-06,2.45,2.48,2.44,2.45,0.0100000000000002,0.4098360655737876,47682162.0
2506,2024-05-07,2.45,2.46,2.41,2.43,-0.02,-0.8163265306122436,38814900.0
2506,2024-05-08,2.42,2.43,2.37,2.37,-0.06,-2.4691358024691357,44479900.0
2506,2024-05-09,2.37,2.45,2.37,2.42,0.0499999999999998,2.1097046413502074,58333968.0
2506,2024-05-10,2.42,2.43,2.37,2.39,-0.0299999999999998,-1.2396694214875992,42737301.0
2506,2024-05-13,2.4,2.41,2.36,2.37,-0.02,-0.8368200836820106,53495955.0
2506,2024-05-14,2.37,2.39,2.34,2.35,-0.02,-0.8438818565400852,41289275.0
2506,2024-05-15,2.36,2.38,2.32,2.32,-0.0300000000000002,-1.276595744680864,42587660.0
2506,2024-05-16,2.32,2.34,2.3,2.3,-0.02,-0.8620689655172376,44359552.0
2506,2024-05-17,2.3,2.34,2.26,2.34,0.04,1.7391304347826209,49993399.0
2506,2024-05-20,2.34,2.36,2.31,2.32,-0.02,-0.8547008547008517,48389682.0
2506,2024-05-21,2.31,2.32,2.27,2.28,-0.04,-1.7241379310344862,48158029.0
2506,2024-05-22,2.28,2.41,2.27,2.4,0.1200000000000001,5.263157894736836,125559303.0
2506,2024-05-23,2.38,2.39,2.29,2.3,-0.1,-4.166666666666674,89324892.0
2506,2024-05-24,2.3,2.35,2.29,2.29,-0.0099999999999997,-0.4347826086956385,58153936.0
2506,2024-05-27,2.29,2.3,2.22,2.25,-0.04,-1.7467248908296984,65794835.0
2506,2024-05-28,2.24,2.27,2.22,2.24,-0.0099999999999997,-0.4444444444444362,43547024.0
2506,2024-05-29,2.24,2.33,2.24,2.27,0.0299999999999998,1.3392857142856984,73204278.0
2506,2024-05-30,2.28,2.3,2.24,2.25,-0.02,-0.8810572687224627,45062989.0
2506,2024-05-31,2.26,2.27,2.23,2.24,-0.0099999999999997,-0.4444444444444362,42384578.0
2506,2024-06-03,2.24,2.24,2.15,2.19,-0.0500000000000002,-2.2321428571428714,71544131.0
2506,2024-06-04,2.18,2.22,2.16,2.21,0.02,0.9132420091324313,48422815.0
2506,2024-06-05,2.22,2.24,2.19,2.19,-0.02,-0.9049773755656076,39758900.0
2506,2024-06-06,2.2,2.22,2.13,2.14,-0.0499999999999998,-2.283105022831045,60906314.0
2506,2024-06-07,2.15,2.17,2.12,2.15,0.0099999999999997,0.4672897196261516,49291200.0
2506,2024-06-11,2.14,2.18,2.11,2.17,0.02,0.930232558139532,45081119.0
2506,2024-06-12,2.16,2.18,2.15,2.16,-0.0099999999999997,-0.4608294930875445,29506220.0
2506,2024-06-13,2.17,2.2,2.15,2.16,0.0,0.0,42033617.0
2506,2024-06-14,2.15,2.19,2.12,2.17,0.0099999999999997,0.4629629629629539,66304943.0
2506,2024-06-17,2.16,2.2,2.16,2.17,0.0,0.0,44554564.0
2506,2024-06-18,2.17,2.19,2.15,2.17,0.0,0.0,40106101.0
2506,2024-06-19,2.17,2.18,2.12,2.12,-0.0499999999999998,-2.304147465437778,47695840.0
2506,2024-06-20,2.12,2.13,2.04,2.06,-0.06,-2.8301886792452824,64172598.0
2506,2024-06-21,2.06,2.09,2.03,2.03,-0.0300000000000002,-1.456310679611661,41710200.0
2506,2024-06-24,2.01,2.01,1.94,2.0,-0.0299999999999998,-1.477832512315258,77230472.0
2506,2024-06-25,2.01,2.03,1.96,1.97,-0.03,-1.500000000000001,41967376.0
2506,2024-06-26,1.97,2.03,1.94,2.02,0.05,2.538071065989844,53729410.0
2506,2024-06-27,2.02,2.03,1.97,1.98,-0.04,-1.980198019801982,37977200.0
2506,2024-06-28,1.97,2.01,1.94,1.94,-0.04,-2.020202020202022,47426212.0
2506,2024-07-01,1.94,1.97,1.92,1.95,0.01,0.5154639175257714,47315159.0
2506,2024-07-02,1.94,1.98,1.93,1.95,0.0,0.0,46286763.0
2506,2024-07-03,1.95,2.06,1.94,1.99,0.04,2.051282051282044,82327080.0
2506,2024-07-04,1.98,1.99,1.92,1.92,-0.07,-3.5175879396984966,60607507.0
2506,2024-07-05,1.92,1.95,1.92,1.94,0.02,1.041666666666674,32915513.0
2506,2024-07-08,1.94,1.94,1.87,1.88,-0.06,-3.0927835051546393,44061965.0
2506,2024-07-09,1.87,1.9,1.83,1.88,0.0,0.0,48929750.0
2506,2024-07-10,1.87,1.91,1.84,1.87,-0.0099999999999997,-0.5319148936170137,40817243.0
2506,2024-07-11,1.89,1.97,1.89,1.96,0.0899999999999998,4.8128342245989275,86459027.0
2506,2024-07-12,1.95,1.97,1.94,1.97,0.01,0.5102040816326481,57208269.0
2506,2024-07-15,1.98,1.98,1.92,1.93,-0.04,-2.0304568527918843,36103318.0
2506,2024-07-16,1.93,1.94,1.91,1.92,-0.01,-0.5181347150259086,26922200.0
2506,2024-07-17,1.93,1.97,1.92,1.93,0.01,0.5208333333333259,38386600.0
2506,2024-07-18,1.92,1.93,1.88,1.93,0.0,0.0,37262600.0
2506,2024-07-19,1.91,1.94,1.9,1.92,-0.01,-0.5181347150259086,37048500.0
2506,2024-07-22,1.91,1.94,1.9,1.92,0.0,0.0,33986900.0
2506,2024-07-23,1.91,1.94,1.87,1.88,-0.04,-2.083333333333337,38170300.0
2506,2024-07-24,1.87,1.88,1.82,1.83,-0.0499999999999998,-2.659574468085102,47402460.0
2506,2024-07-25,1.82,1.87,1.8,1.84,0.01,0.5464480874316946,45925216.0
2506,2024-07-26,1.84,1.87,1.83,1.86,0.02,1.0869565217391353,33535200.0
2506,2024-07-29,1.87,1.88,1.83,1.85,-0.01,-0.5376344086021501,29067532.0
2506,2024-07-30,1.85,1.88,1.84,1.87,0.02,1.0810810810810922,34608432.0
2506,2024-07-31,1.87,1.95,1.85,1.95,0.0799999999999998,4.278074866310155,66874200.0
2506,2024-08-01,1.94,1.98,1.93,1.95,0.0,0.0,50219200.0
2506,2024-08-02,1.94,1.99,1.93,1.94,-0.01,-0.512820512820511,51242000.0
2506,2024-08-05,1.93,1.98,1.92,1.94,0.0,0.0,72421500.0
2506,2024-08-06,1.95,2.01,1.94,1.98,0.04,2.0618556701030855,71098679.0
2506,2024-08-07,1.98,1.99,1.94,1.95,-0.03,-1.5151515151515138,39701700.0
2506,2024-08-08,1.95,1.98,1.93,1.96,0.01,0.512820512820511,44120368.0
2506,2024-08-09,1.96,1.98,1.93,1.93,-0.03,-1.530612244897955,42859098.0
2506,2024-08-12,1.94,1.96,1.9,1.91,-0.02,-1.0362694300518172,36696000.0
2506,2024-08-13,1.91,1.94,1.88,1.93,0.02,1.0471204188481575,38086123.0
2506,2024-08-14,1.93,1.95,1.9,1.91,-0.02,-1.0362694300518172,26796700.0
2506,2024-08-15,1.9,1.95,1.89,1.93,0.02,1.0471204188481575,39285201.0
2506,2024-08-16,1.93,1.94,1.89,1.9,-0.03,-1.5544041450777255,36419502.0
2506,2024-08-19,1.89,1.91,1.85,1.85,-0.0499999999999998,-2.631578947368407,43892123.0
2506,2024-08-20,1.85,1.86,1.81,1.83,-0.02,-1.0810810810810811,34477734.0
2506,2024-08-21,1.81,1.83,1.78,1.79,-0.04,-2.1857923497267784,34806936.0
2506,2024-08-22,1.79,1.81,1.75,1.76,-0.03,-1.6759776536312887,37427700.0
2506,2024-08-23,1.76,1.77,1.74,1.76,0.0,0.0,28565196.0
2506,2024-08-26,1.77,1.8,1.76,1.78,0.02,1.1363636363636465,29890560.0
2506,2024-08-27,1.77,1.79,1.74,1.75,-0.03,-1.6853932584269704,31120761.0
2506,2024-08-28,1.74,1.78,1.73,1.76,0.01,0.5714285714285783,22522300.0
2506,2024-08-29,1.75,1.83,1.75,1.81,0.05,2.840909090909083,45522799.0
2506,2024-08-30,1.82,1.88,1.81,1.85,0.04,2.20994475138121,47442943.0
2506,2024-09-02,1.85,1.88,1.83,1.84,-0.01,-0.5405405405405461,46185160.0
2506,2024-09-03,1.83,1.86,1.83,1.84,0.0,0.0,30611264.0
2506,2024-09-04,1.84,1.87,1.83,1.85,0.01,0.5434782608695565,35754161.0
2506,2024-09-05,1.85,1.88,1.84,1.86,0.01,0.540540540540535,31694800.0
2506,2024-09-06,1.86,1.87,1.82,1.83,-0.03,-1.6129032258064502,23450100.0
2506,2024-09-09,1.83,1.84,1.8,1.81,-0.02,-1.0928961748633892,27065638.0
2506,2024-09-10,1.8,1.82,1.78,1.81,0.0,0.0,33405491.0
2506,2024-09-11,1.8,1.84,1.79,1.81,0.0,0.0,34760543.0
2506,2024-09-12,1.82,1.88,1.81,1.83,0.02,1.104972375690605,53616096.0
2506,2024-09-13,1.83,1.84,1.78,1.79,-0.04,-2.1857923497267784,33769100.0
2506,2024-09-18,1.79,1.79,1.74,1.77,-0.02,-1.1173184357541888,35065800.0
2506,2024-09-19,1.78,1.83,1.77,1.82,0.05,2.824858757062154,45941862.0
2506,2024-09-20,1.82,1.83,1.77,1.78,-0.04,-2.197802197802201,33641300.0
2506,2024-09-23,1.79,1.8,1.77,1.78,0.0,0.0,27163800.0
2506,2024-09-24,1.78,1.87,1.78,1.87,0.09,5.0561797752809,79396804.0
2506,2024-09-25,1.89,1.95,1.89,1.9,0.0299999999999998,1.6042780748662944,75912270.0
2506,2024-09-26,1.89,1.99,1.89,1.99,0.09,4.736842105263173,92223832.0
2506,2024-09-27,2.01,2.14,2.01,2.1,0.1100000000000001,5.527638190954787,123054268.0
2506,2024-09-30,2.2,2.31,2.16,2.31,0.2099999999999999,10.000000000000009,183989653.0
2506,2024-10-08,2.54,2.54,2.32,2.46,0.1499999999999999,6.493506493506485,220686161.0
2506,2024-10-09,2.45,2.45,2.23,2.24,-0.2199999999999997,-8.943089430894302,162358051.0
2506,2024-10-10,2.27,2.35,2.21,2.25,0.0099999999999997,0.4464285714285587,107360940.0
2506,2024-10-11,2.24,2.25,2.1,2.13,-0.1200000000000001,-5.333333333333334,89617660.0
2506,2024-10-14,2.13,2.18,2.11,2.17,0.04,1.8779342723004744,82579789.0
2506,2024-10-15,2.16,2.19,2.11,2.12,-0.0499999999999998,-2.304147465437778,84228673.0
2506,2024-10-16,2.11,2.14,2.09,2.11,-0.0100000000000002,-0.4716981132075526,71608174.0
2506,2024-10-17,2.12,2.14,2.05,2.06,-0.0499999999999998,-2.369668246445489,74994843.0
2506,2024-10-18,2.05,2.17,2.03,2.13,0.0699999999999998,3.398058252427183,111873545.0
2506,2024-10-21,2.15,2.22,2.13,2.16,0.0300000000000002,1.4084507042253724,126011303.0
2506,2024-10-22,2.15,2.23,2.13,2.22,0.06,2.77777777777779,129872628.0
2506,2024-10-23,2.23,2.38,2.19,2.32,0.0999999999999996,4.504504504504481,215865525.0
2506,2024-10-24,2.33,2.33,2.24,2.27,-0.0499999999999998,-2.155172413793094,111881098.0
2506,2024-10-25,2.26,2.5,2.24,2.5,0.2299999999999999,10.13215859030836,214993078.0
2506,2024-10-28,2.65,2.68,2.54,2.56,0.06,2.400000000000002,446653506.0
2506,2024-10-29,2.64,2.75,2.46,2.47,-0.0899999999999998,-3.515624999999989,306682412.0
2506,2024-10-30,2.41,2.53,2.4,2.45,-0.02,-0.8097165991902799,181551831.0
2506,2024-10-31,2.53,2.7,2.53,2.7,0.25,10.20408163265305,157667256.0
2506,2024-11-01,2.97,2.97,2.83,2.97,0.27,10.000000000000009,431042211.0
2506,2024-11-04,3.17,3.27,2.9,3.03,0.0599999999999996,2.020202020202011,722555710.0
2506,2024-11-05,2.93,3.33,2.93,3.33,0.3000000000000002,9.90099009900991,437550750.0
2506,2024-11-06,3.6,3.6,3.33,3.38,0.0499999999999998,1.501501501501501,769989719.0
2506,2024-11-07,3.25,3.29,3.07,3.17,-0.2099999999999999,-6.213017751479288,517052737.0
2506,2024-11-08,3.17,3.27,3.09,3.11,-0.06,-1.8927444794952677,389662432.0
2506,2024-11-11,3.11,3.17,3.1,3.14,0.0300000000000002,0.9646302250803984,273250518.0
2506,2024-11-12,3.15,3.2,3.03,3.07,-0.0700000000000002,-2.229299363057335,256942500.0
2506,2024-11-13,3.07,3.07,2.94,3.0,-0.0699999999999998,-2.280130293159599,227407401.0
2506,2024-11-14,2.99,3.0,2.86,2.88,-0.1200000000000001,-4.0000000000000036,180911355.0
2506,2024-11-15,2.86,2.89,2.75,2.76,-0.1200000000000001,-4.166666666666674,177792651.0
2506,2024-11-18,2.74,2.83,2.68,2.72,-0.0399999999999995,-1.4492753623188248,190745902.0
2506,2024-11-19,2.75,2.78,2.68,2.78,0.0599999999999996,2.2058823529411686,139696144.0
2506,2024-11-20,2.79,2.82,2.74,2.81,0.0300000000000002,1.0791366906474975,142527637.0
2506,2024-11-21,2.85,3.03,2.84,2.99,0.1800000000000001,6.4056939501779375,360453714.0
2506,2024-11-22,2.93,2.93,2.77,2.78,-0.2100000000000004,-7.023411371237476,222724440.0
2506,2024-11-25,2.76,2.78,2.68,2.72,-0.0599999999999996,-2.1582733812949506,131968726.0
2506,2024-11-26,2.74,2.8,2.7,2.7,-0.02,-0.7352941176470562,99973500.0
2506,2024-11-27,2.69,2.76,2.63,2.76,0.0599999999999996,2.2222222222222143,130168960.0
2506,2024-11-28,2.75,2.82,2.72,2.76,0.0,0.0,118758207.0
2506,2024-11-29,2.74,2.8,2.71,2.77,0.0100000000000002,0.3623188405797117,102678203.0
2506,2024-12-02,2.72,2.88,2.72,2.87,0.1,3.610108303249104,162516456.0
2506,2024-12-03,2.87,2.91,2.81,2.84,-0.0300000000000002,-1.0452961672474004,116024813.0
2506,2024-12-04,2.83,2.85,2.75,2.77,-0.0699999999999998,-2.464788732394363,114463750.0
2506,2024-12-05,2.77,3.05,2.75,3.05,0.2799999999999998,10.10830324909746,298098397.0
2506,2024-12-06,3.08,3.21,3.05,3.11,0.06,1.967213114754096,512532241.0
2506,2024-12-09,3.11,3.21,3.0,3.05,-0.06,-1.9292604501607744,279973813.0
2506,2024-12-10,3.15,3.17,3.02,3.04,-0.0099999999999997,-0.3278688524590123,208804610.0
2506,2024-12-11,3.0,3.15,3.0,3.12,0.08,2.6315789473684292,237066660.0
2506,2024-12-12,3.1,3.13,3.03,3.1,-0.02,-0.6410256410256387,192492480.0
2506,2024-12-13,3.08,3.14,3.01,3.07,-0.0300000000000002,-0.967741935483879,272404783.0
2506,2024-12-16,3.07,3.12,2.96,3.0,-0.0699999999999998,-2.280130293159599,195339243.0
2506,2024-12-17,3.0,3.01,2.86,2.87,-0.1299999999999999,-4.333333333333334,143245104.0
2506,2024-12-18,2.87,2.92,2.86,2.87,0.0,0.0,91795989.0
2506,2024-12-19,2.83,2.9,2.81,2.85,-0.02,-0.6968641114982632,92588979.0
2506,2024-12-20,2.88,2.91,2.84,2.87,0.02,0.7017543859649145,79609942.0
2506,2024-12-23,2.86,2.86,2.76,2.77,-0.1,-3.484320557491294,101833286.0
2506,2024-12-24,2.76,2.83,2.76,2.81,0.04,1.4440433212996373,91342978.0
2506,2024-12-25,2.82,2.85,2.73,2.79,-0.02,-0.7117437722419906,106199680.0
2506,2024-12-26,2.79,2.81,2.76,2.8,0.0099999999999997,0.3584229390680926,80058811.0
2506,2024-12-27,2.8,2.85,2.77,2.8,0.0,0.0,87598179.0
2506,2024-12-30,2.79,2.8,2.71,2.75,-0.0499999999999998,-1.7857142857142794,83260463.0
2506,2024-12-31,2.75,2.79,2.66,2.67,-0.08,-2.9090909090909167,78325147.0
2506,2025-01-02,2.67,2.69,2.55,2.57,-0.1,-3.745318352059923,100288400.0
2506,2025-01-03,2.57,2.61,2.48,2.48,-0.0899999999999998,-3.5019455252918275,98702940.0
2506,2025-01-06,2.49,2.63,2.49,2.54,0.06,2.4193548387096753,120653360.0
2506,2025-01-07,2.54,2.62,2.51,2.61,0.0699999999999998,2.7559055118110187,87421688.0
2506,2025-01-08,2.61,2.62,2.49,2.57,-0.04,-1.532567049808431,94339700.0
2506,2025-01-09,2.55,2.6,2.53,2.57,0.0,0.0,66037091.0
2506,2025-01-10,2.56,2.58,2.48,2.49,-0.0799999999999996,-3.112840466926059,69083286.0
2506,2025-01-13,2.45,2.51,2.43,2.49,0.0,0.0,72047393.0
2506,2025-01-14,2.5,2.61,2.48,2.6,0.1099999999999998,4.417670682730912,95286319.0
2506,2025-01-15,2.61,2.65,2.53,2.59,-0.0100000000000002,-0.3846153846153943,107157940.0
2506,2025-01-16,2.58,2.69,2.58,2.6,0.0100000000000002,0.3861003861003853,90618762.0
2506,2025-01-17,2.6,2.61,2.55,2.59,-0.0100000000000002,-0.3846153846153943,61116513.0
2506,2025-01-20,2.61,2.65,2.57,2.61,0.02,0.7722007722007707,61431004.0
2506,2025-01-21,2.64,2.64,2.56,2.58,-0.0299999999999998,-1.1494252873563091,55415640.0
2506,2025-01-22,2.57,2.58,2.53,2.55,-0.0300000000000002,-1.1627906976744318,49948720.0
2506,2025-01-23,2.57,2.61,2.52,2.52,-0.0299999999999998,-1.17647058823529,66133224.0
2506,2025-01-24,2.52,2.57,2.5,2.56,0.04,1.5873015873015817,65001404.0
2506,2025-01-27,2.56,2.61,2.49,2.49,-0.0699999999999998,-2.734374999999989,68733804.0
2506,2025-02-05,2.5,2.53,2.47,2.48,-0.0100000000000002,-0.4016064257028162,68460600.0
2506,2025-02-06,2.48,2.55,2.45,2.55,0.0699999999999998,2.8225806451612767,85734799.0
2506,2025-02-07,2.54,2.68,2.53,2.64,0.0900000000000003,3.529411764705892,134795205.0
2506,2025-02-10,2.64,2.66,2.6,2.63,-0.0100000000000002,-0.3787878787878895,93805620.0
2506,2025-02-11,2.65,2.66,2.56,2.58,-0.0499999999999998,-1.9011406844106404,82390700.0
2506,2025-02-12,2.58,2.63,2.57,2.63,0.0499999999999998,1.9379844961240345,87053700.0
2506,2025-02-13,2.64,2.64,2.59,2.59,-0.04,-1.520912547528519,86203924.0
2506,2025-02-14,2.6,2.65,2.56,2.56,-0.0299999999999998,-1.158301158301156,103191729.0
2506,2025-02-17,2.57,2.62,2.55,2.59,0.0299999999999998,1.171875,99660861.0
2506,2025-02-18,2.61,2.61,2.5,2.51,-0.08,-3.0888030888030937,99756291.0
2506,2025-02-19,2.5,2.56,2.49,2.55,0.04,1.5936254980079667,79076500.0
2506,2025-02-20,2.56,2.59,2.51,2.55,0.0,0.0,100020376.0
2506,2025-02-21,2.55,2.58,2.51,2.56,0.0100000000000002,0.3921568627450966,94552531.0
2506,2025-02-24,2.57,2.6,2.53,2.57,0.0099999999999997,0.390625,110877862.0
2506,2025-02-25,2.55,2.64,2.53,2.61,0.04,1.5564202334630295,154470147.0
2506,2025-02-26,2.61,2.71,2.6,2.7,0.0900000000000003,3.4482758620689724,184522232.0
2506,2025-02-27,2.72,2.74,2.59,2.63,-0.0700000000000002,-2.592592592592602,124028220.0
2506,2025-02-28,2.62,2.64,2.54,2.55,-0.08,-3.041825095057038,99859212.0
2506,2025-03-03,2.55,2.61,2.53,2.54,-0.0099999999999997,-0.3921568627450855,93577055.0
2506,2025-03-04,2.54,2.55,2.5,2.54,0.0,0.0,77239260.0
2506,2025-03-05,2.53,2.54,2.45,2.49,-0.0499999999999998,-1.9685039370078703,102249600.0
2506,2025-03-06,2.5,2.54,2.47,2.52,0.0299999999999998,1.2048192771084263,90400337.0
2506,2025-03-07,2.52,2.53,2.46,2.48,-0.04,-1.5873015873015928,99476227.0
2506,2025-03-10,2.49,2.54,2.47,2.51,0.0299999999999998,1.2096774193548263,98293325.0
2506,2025-03-11,2.49,2.53,2.46,2.53,0.02,0.7968127490039834,86893580.0
2506,2025-03-12,2.54,2.58,2.51,2.52,-0.0099999999999997,-0.395256916996034,87061701.0
2506,2025-03-13,2.51,2.52,2.45,2.47,-0.0499999999999998,-1.984126984126977,95224830.0
2506,2025-03-14,2.47,2.53,2.45,2.52,0.0499999999999998,2.0242914979756943,97895862.0
2506,2025-03-17,2.54,2.66,2.53,2.56,0.04,1.5873015873015817,135218790.0
2506,2025-03-18,2.57,2.6,2.54,2.57,0.0099999999999997,0.390625,86040561.0
2506,2025-03-19,2.57,2.59,2.53,2.56,-0.0099999999999997,-0.3891050583657462,64359400.0
2506,2025-03-20,2.55,2.58,2.54,2.55,-0.0100000000000002,-0.3906250000000111,56021810.0
2506,2025-03-21,2.55,2.59,2.52,2.54,-0.0099999999999997,-0.3921568627450855,94341316.0
2506,2025-03-24,2.54,2.54,2.45,2.48,-0.06,-2.3622047244094557,100017065.0
2506,2025-03-25,2.48,2.53,2.46,2.5,0.02,0.8064516129032251,64265810.0
2506,2025-03-26,2.49,2.58,2.48,2.55,0.0499999999999998,2.0000000000000018,107708606.0
2506,2025-03-27,2.54,2.55,2.49,2.49,-0.0599999999999996,-2.3529411764705688,76480760.0
2506,2025-03-28,2.5,2.52,2.46,2.46,-0.0300000000000002,-1.2048192771084487,57169197.0
2506,2025-03-31,2.46,2.47,2.4,2.41,-0.0499999999999998,-2.0325203252032464,83519500.0
2506,2025-04-01,2.42,2.43,2.38,2.4,-0.0100000000000002,-0.4149377593361092,57099528.0
2506,2025-04-02,2.4,2.42,2.38,2.4,0.0,0.0,40669987.0
2506,2025-04-03,2.38,2.43,2.37,2.4,0.0,0.0,48431600.0
2506,2025-04-07,2.29,2.29,2.16,2.16,-0.2399999999999997,-9.999999999999986,92051000.0
2506,2025-04-08,2.09,2.19,2.09,2.14,-0.02,-0.92592592592593,103812983.0
2506,2025-04-09,2.11,2.18,1.98,2.16,0.02,0.9345794392523477,102333871.0
2506,2025-04-10,2.19,2.23,2.18,2.19,0.0299999999999998,1.388888888888884,79284132.0
2506,2025-04-11,2.17,2.22,2.15,2.2,0.0100000000000002,0.4566210045662267,60470625.0
2506,2025-04-14,2.23,2.25,2.21,2.22,0.02,0.9090909090909038,63604630.0
2506,2025-04-15,2.22,2.23,2.18,2.2,-0.02,-0.9009009009009028,47128300.0
2506,2025-04-16,2.19,2.2,2.13,2.17,-0.0300000000000002,-1.363636363636378,53828900.0
2506,2025-04-17,2.16,2.2,2.15,2.18,0.0100000000000002,0.4608294930875667,46436302.0
2506,2025-04-18,2.17,2.2,2.15,2.18,0.0,0.0,51237700.0
2506,2025-04-21,2.19,2.21,2.17,2.2,0.02,0.917431192660545,40383965.0
2506,2025-04-22,2.19,2.21,2.17,2.19,-0.0100000000000002,-0.454545454545463,50343593.0
2506,2025-04-23,2.19,2.23,2.17,2.19,0.0,0.0,57316750.0
2506,2025-04-24,2.18,2.21,2.16,2.17,-0.02,-0.91324200913242,60451929.0
2506,2025-04-25,2.17,2.25,2.16,2.19,0.02,0.9216589861751112,85867460.0
2506,2025-04-28,2.2,2.21,2.14,2.15,-0.04,-1.82648401826484,63871000.0
2506,2025-04-29,2.12,2.13,2.08,2.09,-0.06,-2.7906976744186074,76096721.0
2506,2025-04-30,2.09,2.19,2.09,2.11,0.02,0.9569377990430672,93953785.0
2506,2025-05-06,2.12,2.21,2.12,2.21,0.1,4.739336492891,93861492.0
2506,2025-05-07,2.24,2.26,2.18,2.2,-0.0099999999999997,-0.4524886877827927,73845280.0
2506,2025-05-08,2.19,2.25,2.18,2.23,0.0299999999999998,1.3636363636363449,80516394.0
2506,2025-05-09,2.24,2.24,2.17,2.18,-0.0499999999999998,-2.2421524663677084,60666700.0
2506,2025-05-12,2.2,2.23,2.19,2.21,0.0299999999999998,1.3761467889908063,55536267.0
2506,2025-05-13,2.25,2.43,2.23,2.43,0.2200000000000002,9.954751131221728,212871292.0
2506,2025-05-14,2.36,2.4,2.34,2.38,-0.0500000000000002,-2.0576131687242927,240454493.0
2506,2025-05-15,2.38,2.38,2.29,2.31,-0.0699999999999998,-2.941176470588225,153915158.0
2506,2025-05-16,2.3,2.35,2.3,2.3,-0.0100000000000002,-0.4329004329004404,103129673.0
2506,2025-05-19,2.31,2.33,2.28,2.32,0.02,0.8695652173912993,83288825.0
2506,2025-05-20,2.32,2.33,2.28,2.31,-0.0099999999999997,-0.4310344827586077,64326040.0
2506,2025-05-21,2.31,2.31,2.26,2.27,-0.04,-1.7316017316017285,69769904.0
2506,2025-05-22,2.26,2.29,2.24,2.25,-0.02,-0.8810572687224627,56953200.0
2506,2025-05-23,2.26,2.28,2.21,2.21,-0.04,-1.777777777777778,70661300.0
2506,2025-05-26,2.2,2.24,2.19,2.23,0.02,0.9049773755656076,52014322.0
2506,2025-05-27,2.24,2.26,2.21,2.24,0.0100000000000002,0.4484304932735439,48317156.0
2506,2025-05-28,2.25,2.26,2.18,2.19,-0.0500000000000002,-2.2321428571428714,63405000.0
2506,2025-05-29,2.2,2.26,2.2,2.24,0.0500000000000002,2.2831050228310668,79023100.0
2506,2025-05-30,2.23,2.24,2.19,2.2,-0.04,-1.7857142857142905,54372200.0
2506,2025-06-03,2.19,2.22,2.18,2.21,0.0099999999999997,0.4545454545454408,43096176.0
2506,2025-06-04,2.21,2.24,2.21,2.22,0.0100000000000002,0.452488687782826,34122145.0
2506,2025-06-05,2.23,2.24,2.21,2.22,0.0,0.0,40794100.0
2506,2025-06-06,2.23,2.24,2.21,2.21,-0.0100000000000002,-0.4504504504504569,39541800.0
2506,2025-06-09,2.22,2.26,2.21,2.24,0.0300000000000002,1.3574660633484337,59416072.0
2506,2025-06-10,2.24,2.26,2.19,2.21,-0.0300000000000002,-1.3392857142857206,62874500.0
2506,2025-06-11,2.21,2.28,2.21,2.23,0.02,0.9049773755656076,63532501.0
2506,2025-06-12,2.24,2.26,2.21,2.24,0.0100000000000002,0.4484304932735439,64871124.0
2506,2025-06-13,2.27,2.33,2.23,2.23,-0.0100000000000002,-0.4464285714285809,108814454.0
2506,2025-06-16,2.22,2.29,2.22,2.28,0.0499999999999998,2.2421524663676973,100214602.0
2506,2025-06-17,2.31,2.51,2.26,2.42,0.1400000000000001,6.140350877192979,420406633.0
2506,2025-06-18,2.36,2.5,2.34,2.39,-0.0299999999999998,-1.2396694214875992,298201898.0
2506,2025-06-19,2.43,2.45,2.3,2.32,-0.0700000000000002,-2.9288702928870425,171256368.0
2506,2025-06-20,2.33,2.55,2.33,2.55,0.2299999999999999,9.913793103448263,179086736.0
2506,2025-06-23,2.54,2.62,2.46,2.58,0.0300000000000002,1.176470588235312,437404555.0
2506,2025-06-24,2.56,2.59,2.5,2.56,-0.02,-0.7751937984496138,294328200.0
2506,2025-06-25,2.55,2.6,2.5,2.54,-0.02,-0.78125,188374020.0
2506,2025-06-26,2.53,2.56,2.5,2.5,-0.04,-1.5748031496062964,155926440.0
2506,2025-06-27,2.5,2.58,2.5,2.51,0.0099999999999997,0.4000000000000003,161071400.0
2506,2025-06-30,2.58,2.76,2.53,2.67,0.1600000000000001,6.374501992031889,385310765.0
2506,2025-07-01,2.64,2.68,2.55,2.57,-0.1,-3.745318352059923,252043257.0
2506,2025-07-02,2.58,2.65,2.55,2.61,0.04,1.5564202334630295,241605051.0
2506,2025-07-03,2.63,2.65,2.52,2.54,-0.0699999999999998,-2.6819923371647403,164489597.0
2506,2025-07-04,2.64,2.67,2.57,2.58,0.04,1.5748031496062964,179637781.0
2506,2025-07-07,2.52,2.57,2.51,2.54,-0.04,-1.5503875968992276,119036361.0
2506,2025-07-08,2.54,2.66,2.52,2.64,0.1,3.937007874015741,255833297.0
2506,2025-07-09,2.64,2.66,2.59,2.6,-0.04,-1.5151515151515138,162243567.0
2506,2025-07-10,2.59,2.86,2.59,2.86,0.2599999999999998,9.999999999999986,507672214.0
2506,2025-07-11,2.91,3.06,2.86,2.94,0.08,2.7972027972027913,762774864.0
2506,2025-07-14,2.87,2.96,2.83,2.9,-0.04,-1.3605442176870763,372011010.0
2506,2025-07-15,2.84,2.86,2.71,2.73,-0.1699999999999999,-5.862068965517242,324120403.0
2506,2025-07-16,2.77,2.78,2.66,2.68,-0.0499999999999998,-1.831501831501825,175660397.0
2506,2025-07-17,2.78,2.8,2.68,2.71,0.0299999999999998,1.1194029850746243,221248289.0
2506,2025-07-18,2.78,2.93,2.74,2.75,0.04,1.4760147601476037,258924019.0
2506,2025-07-21,2.7,2.79,2.68,2.77,0.02,0.727272727272732,194899015.0
2506,2025-07-22,2.75,2.83,2.7,2.81,0.04,1.4440433212996373,234242698.0
2506,2025-07-23,2.8,2.85,2.74,2.74,-0.0699999999999998,-2.491103202846967,201786719.0
2506,2025-07-24,2.73,2.79,2.72,2.78,0.0399999999999995,1.4598540145985162,147444099.0
2506,2025-07-25,2.78,2.79,2.73,2.75,-0.0299999999999998,-1.0791366906474753,102034400.0
2506,2025-07-28,2.74,2.76,2.7,2.71,-0.04,-1.4545454545454528,117137144.0
2506,2025-07-29,2.71,2.73,2.66,2.73,0.02,0.7380073800737907,102423887.0
2506,2025-07-30,2.7,2.74,2.66,2.68,-0.0499999999999998,-1.831501831501825,120306929.0
2506,2025-07-31,2.66,2.68,2.56,2.57,-0.1100000000000003,-4.104477611940305,163152376.0
2506,2025-08-01,2.58,2.63,2.57,2.58,0.0100000000000002,0.3891050583657574,94279597.0
2506,2025-08-04,2.56,2.56,2.52,2.55,-0.0300000000000002,-1.1627906976744318,84863600.0
2506,2025-08-05,2.55,2.57,2.54,2.57,0.02,0.7843137254901933,60802930.0
2506,2025-08-06,2.58,2.6,2.54,2.6,0.0300000000000002,1.1673151750972943,81695971.0
2506,2025-08-07,2.6,2.61,2.54,2.56,-0.04,-1.538461538461544,78704701.0
2506,2025-08-08,2.56,2.59,2.55,2.56,0.0,0.0,69727300.0
2506,2025-08-11,2.56,2.61,2.54,2.59,0.0299999999999998,1.171875,96784800.0
2506,2025-08-12,2.59,2.6,2.54,2.57,-0.02,-0.7722007722007707,82900153.0
2506,2025-08-13,2.57,2.58,2.55,2.56,-0.0099999999999997,-0.3891050583657462,71841000.0
2506,2025-08-14,2.56,2.57,2.48,2.48,-0.08,-3.125,113068361.0
2506,2025-08-15,2.48,2.57,2.48,2.54,0.06,2.4193548387096753,131967854.0
2506,2025-08-18,2.55,2.61,2.55,2.57,0.0299999999999998,1.1811023622047223,132003161.0
2506,2025-08-19,2.58,2.59,2.55,2.57,0.0,0.0,100086441.0
2506,2025-08-20,2.62,2.68,2.57,2.63,0.06,2.334630350194544,194793594.0
2506,2025-08-21,2.6,2.65,2.59,2.62,-0.0099999999999997,-0.3802281368821214,129217408.0
2506,2025-08-22,2.6,2.65,2.6,2.63,0.0099999999999997,0.3816793893129722,124908088.0
2506,2025-08-25,2.65,2.69,2.63,2.65,0.02,0.7604562737642651,171108592.0
2506,2025-08-26,2.66,2.7,2.62,2.69,0.04,1.5094339622641506,174137175.0
2506,2025-08-27,2.68,2.75,2.63,2.64,-0.0499999999999998,-1.8587360594795488,194093858.0
2506,2025-08-28,2.64,2.69,2.56,2.67,0.0299999999999998,1.1363636363636245,148317922.0
2506,2025-08-29,2.67,2.69,2.63,2.66,-0.0099999999999997,-0.3745318352059823,107282027.0
2506,2025-09-01,2.67,2.76,2.64,2.74,0.08,3.007518796992481,200683224.0
2506,2025-09-02,2.72,2.83,2.68,2.7,-0.04,-1.4598540145985384,229853933.0
2506,2025-09-03,2.68,2.73,2.63,2.67,-0.0300000000000002,-1.1111111111111185,155876608.0
2506,2025-09-04,2.66,2.77,2.65,2.69,0.02,0.7490636704119868,236194366.0
2506,2025-09-05,2.68,2.8,2.66,2.78,0.0899999999999998,3.3457249070631967,272640472.0
2506,2025-09-08,2.77,2.79,2.72,2.75,-0.0299999999999998,-1.0791366906474753,178646832.0
2506,2025-09-09,2.74,2.77,2.67,2.69,-0.06,-2.1818181818181848,153990530.0
2506,2025-09-10,2.68,2.69,2.6,2.64,-0.0499999999999998,-1.8587360594795488,155982962.0
2506,2025-09-11,2.62,2.65,2.57,2.65,0.0099999999999997,0.3787878787878673,115835300.0
2506,2025-09-12,2.64,2.68,2.62,2.64,-0.0099999999999997,-0.3773584905660265,119177504.0
2506,2025-09-15,2.65,2.76,2.64,2.67,0.0299999999999998,1.1363636363636245,174837552.0
2506,2025-09-16,2.68,2.94,2.68,2.82,0.1499999999999999,5.617977528089879,515796890.0
2506,2025-09-17,2.76,2.83,2.7,2.82,0.0,0.0,349940530.0
2506,2025-09-18,2.79,2.83,2.69,2.73,-0.0899999999999998,-3.1914893617021267,293623680.0
2506,2025-09-19,2.73,2.77,2.61,2.62,-0.1099999999999998,-4.029304029304026,199027163.0
2506,2025-09-22,2.62,2.62,2.52,2.56,-0.06,-2.2900763358778664,134871923.0
2506,2025-09-23,2.56,2.58,2.45,2.51,-0.0500000000000002,-1.953125000000011,130219075.0
2506,2025-09-24,2.49,2.6,2.48,2.59,0.08,3.1872509960159334,129313048.0
2506,2025-09-25,2.58,2.67,2.57,2.6,0.0100000000000002,0.3861003861003853,144509107.0
2506,2025-09-26,2.58,2.62,2.54,2.54,-0.06,-2.3076923076923106,85253377.0
2506,2025-09-29,2.55,2.58,2.5,2.54,0.0,0.0,83596221.0
2506,2025-09-30,2.53,2.58,2.53,2.55,0.0099999999999997,0.3937007874015741,79704701.0
2506,2025-10-09,2.56,2.65,2.54,2.62,0.0700000000000002,2.7450980392156987,133167311.0
2506,2025-10-10,2.61,2.62,2.55,2.56,-0.06,-2.2900763358778664,112719189.0
2506,2025-10-13,2.46,2.5,2.43,2.5,-0.06,-2.34375,117523100.0
2506,2025-10-14,2.5,2.64,2.5,2.55,0.0499999999999998,2.0000000000000018,192213556.0
2506,2025-10-15,2.55,2.64,2.52,2.6,0.0500000000000002,1.9607843137255057,153252120.0
2506,2025-10-16,2.6,2.6,2.52,2.54,-0.06,-2.3076923076923106,106164301.0
2506,2025-10-17,2.56,2.6,2.45,2.47,-0.0699999999999998,-2.7559055118110187,134288734.0
2506,2025-10-20,2.48,2.49,2.43,2.45,-0.02,-0.8097165991902799,77009754.0
2506,2025-10-21,2.46,2.5,2.44,2.49,0.04,1.6326530612244872,81470620.0
2506,2025-10-22,2.48,2.51,2.46,2.48,-0.0100000000000002,-0.4016064257028162,75805560.0
2506,2025-10-23,2.47,2.49,2.44,2.48,0.0,0.0,67363600.0
2506,2025-10-24,2.48,2.51,2.45,2.46,-0.02,-0.8064516129032251,65525852.0
2506,2025-10-27,2.47,2.49,2.44,2.45,-0.0099999999999997,-0.406504065040647,81344185.0
2506,2025-10-28,2.44,2.45,2.42,2.43,-0.02,-0.8163265306122436,64682707.0
2506,2025-10-29,2.42,2.51,2.4,2.5,0.0699999999999998,2.8806584362139898,142423025.0
2506,2025-10-30,2.49,2.51,2.46,2.48,-0.02,-0.8000000000000007,114062442.0
2506,2025-10-31,2.45,2.53,2.45,2.49,0.0100000000000002,0.4032258064516236,119581841.0
2506,2025-11-03,2.5,2.57,2.49,2.57,0.0799999999999996,3.2128514056224855,146786314.0
2506,2025-11-04,2.57,2.58,2.53,2.55,-0.02,-0.7782101167315147,89053800.0
2506,2025-11-05,2.53,2.64,2.52,2.62,0.0700000000000002,2.7450980392156987,156057747.0
2506,2025-11-06,2.62,2.67,2.6,2.61,-0.0100000000000002,-0.3816793893129833,111924620.0
2506,2025-11-07,2.62,2.69,2.61,2.66,0.0500000000000002,1.9157088122605528,154812232.0
2506,2025-11-10,2.67,2.72,2.66,2.69,0.0299999999999998,1.1278195488721776,158332546.0
2506,2025-11-11,2.74,2.96,2.72,2.96,0.27,10.03717472118959,427841955.0
2506,2025-11-12,3.07,3.25,3.03,3.13,0.1699999999999999,5.743243243243246,1223328751.0
2506,2025-11-13,3.09,3.3,3.03,3.17,0.04,1.2779552715654896,900521501.0
2506,2025-11-14,3.12,3.37,3.07,3.22,0.0500000000000002,1.5772870662460692,813500848.0
2506,2025-11-17,3.23,3.25,3.08,3.14,-0.08,-2.4844720496894457,553461804.0
2506,2025-11-18,3.11,3.15,2.94,2.97,-0.1699999999999999,-5.414012738853502,506839608.0
2506,2025-11-19,2.92,2.99,2.81,2.87,-0.1,-3.367003367003374,395679538.0
2506,2025-11-20,2.9,2.92,2.76,2.78,-0.0900000000000003,-3.135888501742168,271400898.0
2506,2025-11-21,2.74,2.75,2.53,2.55,-0.2299999999999999,-8.273381294964032,344772139.0
2506,2025-11-24,2.58,2.59,2.51,2.54,-0.0099999999999997,-0.3921568627450855,194584667.0
2506,2025-11-25,2.56,2.57,2.53,2.56,0.02,0.7874015748031482,196004838.0
2506,2025-11-26,2.56,2.61,2.53,2.57,0.0099999999999997,0.390625,211929750.0
2506,2025-11-27,2.57,2.62,2.55,2.57,0.0,0.0,202971885.0
2506,2025-11-28,2.56,2.59,2.54,2.58,0.0100000000000002,0.3891050583657574,132820375.0
2506,2025-12-01,2.6,2.64,2.59,2.62,0.04,1.5503875968992276,168347608.0
2506,2025-12-02,2.61,2.62,2.56,2.59,-0.0300000000000002,-1.1450381679389388,123738988.0
2506,2025-12-03,2.59,2.6,2.52,2.53,-0.06,-2.316602316602323,146399635.0
2506,2025-12-04,2.52,2.54,2.46,2.46,-0.0699999999999998,-2.766798418972327,141791362.0
2506,2025-12-05,2.46,2.51,2.45,2.51,0.0499999999999998,2.0325203252032464,109654638.0
2506,2025-12-08,2.5,2.76,2.48,2.76,0.25,9.960159362549792,280291105.0
2506,2025-12-09,2.76,2.95,2.7,2.86,0.1,3.6231884057970953,695192443.0
2506,2025-12-10,2.78,2.84,2.73,2.77,-0.0899999999999998,-3.1468531468531458,363804849.0
2506,2025-12-11,2.79,2.88,2.77,2.81,0.04,1.4440433212996373,400962263.0
2506,2025-12-12,2.75,2.8,2.71,2.75,-0.06,-2.135231316725983,267178252.0
2506,2025-12-15,2.72,2.82,2.71,2.76,0.0099999999999997,0.363636363636366,258873215.0
2506,2025-12-16,2.73,2.74,2.58,2.59,-0.1699999999999999,-6.159420289855067,281747969.0
2506,2025-12-17,2.59,2.62,2.55,2.61,0.02,0.7722007722007707,172531913.0
2506,2025-12-18,2.59,2.65,2.57,2.59,-0.02,-0.7662835249042099,147783100.0
2506,2025-12-19,2.6,2.67,2.59,2.63,0.04,1.544401544401541,145378379.0
2506,2025-12-22,2.63,2.65,2.6,2.61,-0.02,-0.760456273764254,131406132.0
2506,2025-12-23,2.61,2.64,2.57,2.57,-0.04,-1.532567049808431,135633151.0
2506,2025-12-24,2.56,2.66,2.54,2.65,0.08,3.112840466926081,194633982.0
2506,2025-12-25,2.66,2.68,2.59,2.66,0.0100000000000002,0.3773584905660376,168621770.0
2506,2025-12-26,2.71,2.93,2.71,2.93,0.27,10.15037593984962,447574371.0
2506,2025-12-29,2.89,2.97,2.85,2.87,-0.06,-2.0477815699658675,569255251.0
2506,2025-12-30,2.87,2.94,2.8,2.82,-0.0500000000000002,-1.7421602787456525,301701518.0
2506,2025-12-31,2.84,2.92,2.76,2.8,-0.02,-0.7092198581560294,278181573.0
2506,2026-01-05,2.84,2.86,2.76,2.81,0.0100000000000002,0.3571428571428559,225699405.0
2506,2026-01-06,2.82,2.94,2.81,2.91,0.1,3.558718861209975,390363398.0
2506,2026-01-07,2.89,2.96,2.86,2.89,-0.02,-0.6872852233676952,311278484.0
2506,2026-01-08,2.87,2.94,2.84,2.93,0.04,1.384083044982698,293665819.0
2506,2026-01-09,2.9,2.98,2.86,2.89,-0.04,-1.3651877133105783,316626502.0
2506,2026-01-12,2.86,3.04,2.85,3.0,0.1099999999999998,3.806228373702414,420457191.0
2506,2026-01-13,3.02,3.03,2.85,2.91,-0.0899999999999998,-2.9999999999999916,339727245.0
2506,2026-01-14,2.9,3.14,2.89,2.95,0.04,1.3745704467353903,422772329.0
2506,2026-01-15,2.94,3.05,2.86,2.9,-0.0500000000000002,-1.6949152542372947,277098801.0
2506,2026-01-16,2.93,3.01,2.88,2.9,0.0,0.0,270442361.0
2506,2026-01-19,2.85,2.98,2.82,2.92,0.02,0.6896551724137945,268066323.0
2506,2026-01-20,2.92,3.0,2.76,2.79,-0.1299999999999999,-4.452054794520544,357377972.0
2506,2026-01-21,2.76,2.8,2.72,2.76,-0.0300000000000002,-1.0752688172043112,180158000.0
2506,2026-01-22,2.75,2.88,2.75,2.85,0.0900000000000003,3.260869565217406,291724822.0
2506,2026-01-23,2.89,3.14,2.89,3.14,0.29,10.175438596491237,235380072.0
2506,2026-01-26,3.45,3.45,3.31,3.45,0.31,9.872611464968164,394121923.0
2506,2026-01-27,3.38,3.8,3.22,3.69,0.2399999999999997,6.956521739130417,1653052253.0
2506,2026-01-28,3.71,3.83,3.46,3.51,-0.1800000000000001,-4.878048780487809,1128188213.0
2506,2026-01-29,3.5,3.73,3.37,3.56,0.0500000000000002,1.4245014245014342,1025930839.0
2506,2026-01-30,3.43,3.66,3.25,3.29,-0.27,-7.584269662921351,864249589.0
2506,2026-02-02,3.34,3.5,3.29,3.3,0.0099999999999997,0.3039513677811412,672309869.0
2506,2026-02-03,3.3,3.47,3.29,3.44,0.1400000000000001,4.2424242424242475,613067830.0
2506,2026-02-04,3.44,3.78,3.42,3.78,0.3399999999999998,9.883720930232553,1466889057.0
2506,2026-02-05,4.01,4.16,3.92,4.16,0.3800000000000003,10.052910052910068,1266659499.0
2506,2026-02-06,4.01,4.58,3.8,4.58,0.4199999999999999,10.096153846153854,1767168986.0
2506,2026-02-09,5.02,5.04,4.75,5.04,0.4599999999999999,10.043668122270732,446804707.0
2506,2026-02-10,5.41,5.46,5.05,5.26,0.2199999999999997,4.36507936507935,2059314982.0
2506,2026-02-11,5.27,5.74,5.1,5.26,0.0,0.0,1915342362.0
2506,2026-02-12,5.04,5.3,4.73,4.77,-0.4900000000000002,-9.315589353612175,1615173165.0
2506,2026-02-13,4.73,4.85,4.3,4.31,-0.4599999999999999,-9.643605870020966,1201146823.0
2506,2026-02-24,4.5,4.74,4.5,4.74,0.4300000000000006,9.976798143851529,919021479.0
2506,2026-02-25,4.87,5.17,4.76,4.88,0.1399999999999996,2.9535864978902815,1507944742.0
2506,2026-02-26,4.93,5.26,4.8,5.03,0.1500000000000003,3.073770491803285,1645106507.0
2506,2026-02-27,4.98,5.27,4.94,5.01,-0.0200000000000004,-0.3976143141153132,1406311031.0
2506,2026-03-02,4.66,5.12,4.66,4.69,-0.3199999999999994,-6.387225548902187,1171455239.0
2506,2026-03-03,4.75,5.16,4.74,5.16,0.4699999999999997,10.021321961620464,734697971.0
2506,2026-03-04,4.94,5.22,4.74,5.15,-0.0099999999999997,-0.1937984496124034,1435188069.0
2506,2026-03-05,5.29,5.3,4.95,5.05,-0.1000000000000005,-1.941747572815544,1082436359.0
2506,2026-03-06,5.07,5.56,5.0,5.56,0.5099999999999998,10.099009900990088,1091928526.0
2506,2026-03-09,5.65,6.05,5.65,5.78,0.2200000000000006,3.956834532374121,1691454711.0
2506,2026-03-10,5.78,6.19,5.6,6.07,0.29,5.017301038062283,1416593417.0
2506,2026-03-11,6.0,6.36,5.8,5.96,-0.1100000000000003,-1.8121911037891292,1563213274.0
2506,2026-03-12,5.8,6.06,5.7,5.87,-0.0899999999999998,-1.5100671140939603,1104367475.0
2506,2026-03-13,5.77,5.78,5.38,5.42,-0.4500000000000002,-7.666098807495747,1013515482.0
2506,2026-03-16,5.37,5.41,5.03,5.12,-0.2999999999999998,-5.535055350553497,824691126.0
2506,2026-03-17,5.16,5.63,5.14,5.63,0.5099999999999998,9.9609375,956007419.0
2506,2026-03-18,5.6,5.68,5.39,5.52,-0.1100000000000003,-1.9538188277087087,1107457333.0
2506,2026-03-19,5.48,5.6,5.25,5.31,-0.2099999999999999,-3.804347826086951,720426458.0
2506,2026-03-20,5.23,5.66,5.05,5.37,0.0600000000000005,1.1299435028248703,1151947428.0
