ts_code,trade_date,open,high,low,close,change,pct_change,vol
2990,2020-05-26,58.31,58.31,58.31,58.31,5.300000000000004,9.998113563478594,41198.0
2990,2020-05-27,64.14,64.14,64.14,64.14,5.829999999999998,9.998285028297026,50194.0
2990,2020-05-28,70.55,70.55,70.55,70.55,6.409999999999997,9.993763642033038,97318.0
2990,2020-05-29,77.61,77.61,77.61,77.61,7.060000000000002,10.0070871722183,170656.0
2990,2020-06-01,85.37,85.37,81.56,85.37,7.760000000000005,9.998711506249204,16524624.0
2990,2020-06-02,85.37,89.5,83.6,84.62,-0.75,-0.878528757174657,14354827.0
2990,2020-06-03,83.0,85.03,80.68,80.8,-3.8200000000000074,-4.514299220042551,9578458.0
2990,2020-06-04,80.01,84.78,78.51,81.98,1.1800000000000068,1.4603960396039728,8489896.0
2990,2020-06-05,81.13,83.8,79.81,81.25,-0.730000000000004,-0.8904610880702712,5503749.0
2990,2020-06-08,81.8,89.38,79.81,89.38,8.129999999999995,10.006153846153843,11346984.0
2990,2020-06-09,87.11,88.36,84.51,85.98,-3.3999999999999915,-3.803982993958366,8888390.0
2990,2020-06-10,89.88,94.0,86.55,86.87,0.8900000000000006,1.0351244475459431,9483043.0
2990,2020-06-11,88.89,93.0,87.0,91.45,4.579999999999998,5.2722458846552245,9070944.0
2990,2020-06-12,88.5,96.27,86.9,94.06,2.609999999999999,2.8540185893931147,8869028.0
2990,2020-06-15,103.47,103.47,97.02,103.47,9.409999999999997,10.0042526047204,11852686.0
2990,2020-06-16,103.3,103.3,96.27,98.37,-5.099999999999994,-4.928964917367351,10524506.0
2990,2020-06-17,95.95,95.95,90.05,92.06,-6.310000000000002,-6.41455728372472,9687976.0
2990,2020-06-18,90.82,92.97,89.04,90.5,-1.5600000000000025,-1.6945470345426927,6007589.0
2990,2020-06-19,90.0,90.86,88.33,89.06,-1.4399999999999975,-1.5911602209944695,4635752.0
2990,2020-06-22,89.5,90.86,87.76,90.26,1.2000000000000028,1.347406242982263,5122306.0
2990,2020-06-23,89.75,92.69,88.51,91.75,1.4899999999999949,1.6507866164413798,4990566.0
2990,2020-06-24,91.5,93.18,89.9,90.0,-1.75,-1.9073569482288777,3922297.0
2990,2020-06-29,88.85,89.7,85.8,85.9,-4.099999999999994,-4.5555555555555465,4848184.0
2990,2020-06-30,86.0,88.76,86.0,87.92,2.019999999999996,2.351571594877755,3440882.0
2990,2020-07-01,88.02,89.86,87.2,88.32,0.3999999999999915,0.4549590536851555,3366009.0
2990,2020-07-02,88.05,91.28,87.53,90.55,2.230000000000004,2.524909420289867,4070584.0
2990,2020-07-03,91.6,94.11,89.8,89.99,-0.5600000000000023,-0.6184428492545635,4216890.0
2990,2020-07-06,90.06,91.68,88.0,91.37,1.3800000000000097,1.533503722635854,5186334.0
2990,2020-07-07,92.98,97.57,91.51,93.9,2.530000000000001,2.768961365875011,6288543.0
2990,2020-07-08,93.9,97.67,93.0,96.09,2.1899999999999977,2.332268370607027,5143604.0
2990,2020-07-09,96.4,102.94,95.48,101.39,5.299999999999997,5.515662399833476,6460037.0
2990,2020-07-10,102.0,104.88,98.5,98.82,-2.5700000000000074,-2.5347667422822795,5289697.0
2990,2020-07-13,98.74,102.95,98.06,100.82,2.0,2.023881805302574,4538873.0
2990,2020-07-14,100.1,108.9,97.7,106.84,6.02000000000001,5.971037492561004,7921341.0
2990,2020-07-15,104.71,106.7,100.0,100.05,-6.790000000000006,-6.355297641332836,5334768.0
2990,2020-07-16,99.91,99.91,90.05,90.05,-10.0,-9.995002498750626,5296051.0
2990,2020-07-17,89.1,90.98,86.01,87.27,-2.780000000000001,-3.087173792337594,3480317.0
2990,2020-07-20,87.37,89.06,86.31,88.6,1.3299999999999983,1.5240059585195365,2908610.0
2990,2020-07-21,88.12,89.46,87.01,89.08,0.480000000000004,0.5417607223476395,2298828.0
2990,2020-07-22,88.8,90.5,88.2,89.15,0.0700000000000073,0.0785810507409223,2683274.0
2990,2020-07-23,88.01,88.85,84.01,86.54,-2.609999999999999,-2.9276500280426276,3412417.0
2990,2020-07-24,85.88,87.77,81.3,82.73,-3.8100000000000023,-4.402588398428476,2727028.0
2990,2020-07-27,83.02,83.69,80.6,83.29,0.5600000000000023,0.676900761513366,1739360.0
2990,2020-07-28,84.0,91.62,83.17,91.62,8.329999999999998,10.001200624324635,5990550.0
2990,2020-07-29,92.18,99.21,91.62,97.37,5.75,6.275922287710101,6201749.0
2990,2020-07-30,96.8,99.99,96.55,97.9,0.5300000000000011,0.5443154975865339,3990525.0
2990,2020-07-31,98.5,106.96,98.08,105.69,7.789999999999992,7.957099080694574,5563333.0
2990,2020-08-03,108.55,116.26,108.55,116.26,10.570000000000007,10.0009461633078,6145277.0
2990,2020-08-04,118.0,118.0,109.01,114.09,-2.1700000000000017,-1.8665061070015532,4626175.0
2990,2020-08-05,113.43,113.43,108.7,111.17,-2.9200000000000017,-2.559382943290389,3761008.0
2990,2020-08-06,110.51,115.3,107.68,111.0,-0.1700000000000017,-0.152918952954939,4224339.0
2990,2020-08-07,110.51,112.99,103.25,107.8,-3.200000000000003,-2.8828828828828867,3646602.0
2990,2020-08-10,109.07,109.98,102.73,108.25,0.4500000000000028,0.4174397031539989,2535956.0
2990,2020-08-11,108.98,114.8,104.9,104.9,-3.3499999999999943,-3.0946882217089966,2700739.0
2990,2020-08-12,104.06,107.92,99.8,103.58,-1.3200000000000074,-1.25834127740706,2633457.0
2990,2020-08-13,104.0,104.75,101.56,103.66,0.0799999999999983,0.077234987449315,1490516.0
2990,2020-08-14,103.62,105.46,101.38,104.05,0.3900000000000005,0.3762299826355342,1368257.0
2990,2020-08-17,105.5,107.64,104.13,105.0,0.9500000000000028,0.9130225852955308,1860224.0
2990,2020-08-18,104.5,106.87,102.56,106.02,1.019999999999996,0.9714285714285786,1848501.0
2990,2020-08-19,106.97,109.84,102.88,102.88,-3.140000000000001,-2.9617053386153613,2772633.0
2990,2020-08-20,100.05,101.36,96.98,98.59,-4.289999999999992,-4.169906687402792,2715902.0
2990,2020-08-21,99.9,99.9,96.63,97.38,-1.210000000000008,-1.2273050005071615,1574298.0
2990,2020-08-24,97.31,101.29,95.1,100.5,3.1200000000000045,3.203943314849056,1841358.0
2990,2020-08-25,100.94,100.94,98.78,99.7,-0.7999999999999972,-0.7960199004975133,1027399.0
2990,2020-08-26,99.06,100.44,91.3,91.8,-7.900000000000006,-7.923771313941829,3276270.0
2990,2020-08-27,91.78,93.0,89.0,90.5,-1.2999999999999972,-1.4161220043573008,2187062.0
2990,2020-08-28,90.31,93.16,90.09,92.83,2.3299999999999983,2.5745856353591057,1218659.0
2990,2020-08-31,93.24,96.6,93.23,93.87,1.0400000000000065,1.1203274803404106,1627283.0
2990,2020-09-01,93.89,95.88,92.0,95.42,1.5499999999999972,1.6512197720251365,1285436.0
2990,2020-09-02,95.42,96.2,93.12,93.48,-1.9399999999999975,-2.0331167470131972,1169812.0
2990,2020-09-03,93.05,94.49,92.23,93.73,0.25,0.2674368848951669,962424.0
2990,2020-09-04,92.0,92.84,90.01,92.5,-1.230000000000004,-1.312279953056661,1078251.0
2990,2020-09-07,91.8,93.28,88.11,88.11,-4.390000000000001,-4.745945945945951,1400289.0
2990,2020-09-08,88.51,90.86,87.0,90.05,1.9399999999999975,2.2017932130291573,1064517.0
2990,2020-09-09,88.49,88.79,85.68,85.7,-4.349999999999994,-4.8306496390893905,1344299.0
2990,2020-09-10,86.51,87.64,83.78,83.9,-1.7999999999999972,-2.100350058343059,1172200.0
2990,2020-09-11,83.67,90.7,83.67,88.09,4.189999999999998,4.99404052443384,1544500.0
2990,2020-09-14,88.15,88.88,83.78,84.58,-3.510000000000005,-3.9845612441820943,2383900.0
2990,2020-09-15,84.1,85.41,83.78,84.76,0.1800000000000068,0.2128162686214407,1351042.0
2990,2020-09-16,83.98,87.87,83.9,85.31,0.5499999999999972,0.6488909863142878,1654899.0
2990,2020-09-17,84.6,88.47,82.99,87.99,2.6799999999999926,3.141483999531114,2062358.0
2990,2020-09-18,87.0,89.55,86.22,88.87,0.8800000000000097,1.000113649278345,1845963.0
2990,2020-09-21,88.88,89.19,87.0,87.28,-1.5900000000000034,-1.789130190165411,1233738.0
2990,2020-09-22,86.24,87.49,84.66,85.18,-2.0999999999999943,-2.40604949587534,1216800.0
2990,2020-09-23,85.44,88.48,85.11,87.82,2.6399999999999864,3.0993190889880173,1395252.0
2990,2020-09-24,86.85,88.75,85.36,85.7,-2.1199999999999903,-2.414028695058068,1309400.0
2990,2020-09-25,86.1,86.95,83.58,84.6,-1.1000000000000083,-1.2835472578763274,1148300.0
2990,2020-09-28,84.61,84.9,78.5,78.89,-5.709999999999994,-6.7494089834515325,2441155.0
2990,2020-09-29,79.8,81.27,79.22,79.91,1.019999999999996,1.2929395360628648,1561722.0
2990,2020-09-30,80.0,80.9,78.53,78.72,-1.1899999999999975,-1.4891753222375126,1025951.0
2990,2020-10-09,81.0,81.76,80.33,81.68,2.960000000000008,3.760162601626016,1023509.0
2990,2020-10-12,82.52,85.18,82.52,84.77,3.089999999999989,3.7830558276199744,1280902.0
2990,2020-10-13,85.1,85.55,84.05,84.88,0.1099999999999994,0.1297628878140777,1070079.0
2990,2020-10-14,84.78,86.72,83.69,84.0,-0.8799999999999955,-1.0367577756833168,1342220.0
2990,2020-10-15,84.13,85.28,82.73,83.35,-0.6500000000000057,-0.7738095238095322,991520.0
2990,2020-10-16,83.55,83.65,81.7,82.95,-0.3999999999999915,-0.4799040191961534,943200.0
2990,2020-10-19,83.5,84.48,80.78,80.96,-1.990000000000009,-2.399035563592533,1099640.0
2990,2020-10-20,80.77,82.17,79.89,81.33,0.3700000000000045,0.4570158102766841,993900.0
2990,2020-10-21,81.57,81.57,79.02,79.4,-1.9299999999999928,-2.3730480757408023,1197099.0
2990,2020-10-22,79.6,79.98,78.82,79.44,0.039999999999992,0.0503778337531457,715600.0
2990,2020-10-23,79.62,80.21,75.53,76.2,-3.239999999999995,-4.0785498489425915,1666563.0
2990,2020-10-26,76.2,77.99,75.22,77.05,0.8499999999999943,1.1154855643044526,873199.0
2990,2020-10-27,76.15,79.38,76.08,79.07,2.019999999999996,2.621674237508098,900833.0
2990,2020-10-28,75.5,77.0,73.7,73.92,-5.1499999999999915,-6.513216137599587,2686944.0
2990,2020-10-29,71.65,73.17,71.42,72.24,-1.6800000000000068,-2.272727272727282,1263374.0
2990,2020-10-30,72.23,72.94,69.71,69.88,-2.359999999999999,-3.266888150609082,1602175.0
2990,2020-11-02,69.5,69.99,67.9,68.79,-1.0899999999999892,-1.5598168288494365,1324000.0
2990,2020-11-03,68.99,72.03,68.86,71.85,3.059999999999988,4.4483209768861665,1288798.0
2990,2020-11-04,72.0,73.58,71.7,72.44,0.5900000000000034,0.8211551844119702,1155411.0
2990,2020-11-05,73.11,73.68,72.86,73.41,0.9699999999999988,1.3390392048591826,982299.0
2990,2020-11-06,73.4,74.46,72.4,73.47,0.0600000000000022,0.0817327339599494,1037000.0
2990,2020-11-09,73.66,76.45,73.47,76.03,2.5600000000000023,3.4844154076493883,1513412.0
2990,2020-11-10,76.56,76.89,74.05,74.34,-1.6899999999999975,-2.2228067867946844,1144511.0
2990,2020-11-11,73.97,74.34,72.3,72.35,-1.990000000000009,-2.676889965025575,916311.0
2990,2020-11-12,72.84,73.28,71.5,71.52,-0.8299999999999983,-1.1472011057360063,641700.0
2990,2020-11-13,70.98,73.97,70.26,73.75,2.230000000000004,3.1180089485458584,1058711.0
2990,2020-11-16,74.47,75.36,73.5,74.27,0.519999999999996,0.7050847457626963,892124.0
2990,2020-11-17,73.91,74.35,71.9,72.82,-1.4500000000000028,-1.9523360710919648,835527.0
2990,2020-11-18,72.8,73.2,72.02,72.62,-0.1999999999999886,-0.2746498214776016,593440.0
2990,2020-11-19,72.59,73.51,71.54,73.38,0.7599999999999909,1.0465436518865223,643949.0
2990,2020-11-20,72.98,73.3,72.36,73.19,-0.1899999999999977,-0.2589261379122298,674100.0
2990,2020-11-23,73.8,73.9,72.7,72.77,-0.4200000000000017,-0.5738488864599045,728200.0
2990,2020-11-24,72.78,72.78,71.68,71.95,-0.8199999999999932,-1.1268379826851582,793199.0
2990,2020-11-25,72.0,75.25,71.8,73.55,1.5999999999999943,2.2237665045170107,1579657.0
2990,2020-11-26,73.55,75.28,73.35,74.27,0.7199999999999989,0.9789259007477956,1216887.0
2990,2020-11-27,74.0,74.93,73.15,74.09,-0.1799999999999926,-0.2423589605493381,879098.0
2990,2020-11-30,74.14,74.56,72.3,72.4,-1.6899999999999975,-2.2810095829396637,1086596.0
2990,2020-12-01,72.46,75.19,72.43,75.04,2.640000000000001,3.646408839779003,1520675.0
2990,2020-12-02,75.52,78.2,75.52,76.33,1.289999999999992,1.7190831556503028,1887156.0
2990,2020-12-03,76.25,78.44,76.25,77.25,0.9200000000000016,1.2052928075461766,1530702.0
2990,2020-12-04,79.99,84.48,79.9,80.9,3.6500000000000057,4.724919093851132,2664465.0
2990,2020-12-07,81.0,81.99,79.41,79.55,-1.3500000000000083,-1.6687268232385757,1583145.0
2990,2020-12-08,80.0,82.96,79.15,82.0,2.450000000000003,3.0798240100565755,1728576.0
2990,2020-12-09,82.5,85.2,81.52,81.59,-0.4099999999999966,-0.5000000000000004,2071988.0
2990,2020-12-10,81.5,82.5,80.58,81.72,0.1299999999999954,0.1593332516239609,1233636.0
2990,2020-12-11,81.5,81.58,78.81,79.65,-2.069999999999993,-2.5330396475770844,1416629.0
2990,2020-12-14,80.09,82.48,79.58,80.65,1.0,1.2554927809165006,964208.0
2990,2020-12-15,79.6,80.5,79.0,79.71,-0.940000000000012,-1.165530068195919,639033.0
2990,2020-12-16,79.7,83.37,79.44,82.75,3.0400000000000063,3.813825116045666,1712562.0
2990,2020-12-17,82.67,83.7,81.51,83.5,0.75,0.9063444108761364,1319044.0
2990,2020-12-18,83.27,83.5,81.81,82.27,-1.230000000000004,-1.47305389221557,885611.0
2990,2020-12-21,81.85,85.36,81.54,84.8,2.530000000000001,3.075240063206519,1312902.0
2990,2020-12-22,84.71,85.31,82.3,82.73,-2.069999999999993,-2.44103773584905,1297551.0
2990,2020-12-23,82.66,84.4,80.5,81.09,-1.6400000000000006,-1.982352230146256,1287050.0
2990,2020-12-24,81.11,82.72,80.65,81.24,0.1499999999999914,0.1849796522382485,1120203.0
2990,2020-12-25,81.24,83.35,79.5,82.92,1.6800000000000068,2.0679468242245314,1308226.0
2990,2020-12-28,82.88,84.8,82.4,84.1,1.1799999999999926,1.4230583695127752,1202985.0
2990,2020-12-29,84.75,87.38,83.82,87.32,3.219999999999999,3.828775267538642,2098894.0
2990,2020-12-30,86.94,87.83,85.78,85.95,-1.3699999999999903,-1.568941823179104,1322864.0
2990,2020-12-31,86.02,86.99,85.45,86.2,0.25,0.2908667830133771,969510.0
2990,2021-01-04,85.95,88.79,84.51,84.9,-1.2999999999999972,-1.5081206496519672,1492335.0
2990,2021-01-05,84.5,85.46,82.5,83.91,-0.9900000000000092,-1.1660777385159138,1440290.0
2990,2021-01-06,83.5,84.88,82.39,83.63,-0.2800000000000011,-0.3336908592539656,900443.0
2990,2021-01-07,82.99,83.44,80.12,81.05,-2.5799999999999983,-3.0850173382757418,1324536.0
2990,2021-01-08,80.04,82.31,78.1,80.81,-0.2399999999999948,-0.296113510178897,1373489.0
2990,2021-01-11,80.71,85.61,80.11,82.93,2.1200000000000045,2.62343769335478,1439321.0
2990,2021-01-12,82.93,83.8,82.33,82.89,-0.0400000000000062,-0.0482334498975167,835563.0
2990,2021-01-13,82.43,84.1,80.3,82.44,-0.4500000000000028,-0.5428881650380024,1171822.0
2990,2021-01-14,82.44,84.4,80.88,83.2,0.7600000000000051,0.9218825812712385,1463785.0
2990,2021-01-15,83.2,86.0,83.2,85.38,2.1799999999999926,2.620192307692304,1374872.0
2990,2021-01-18,85.9,85.9,83.53,83.8,-1.5799999999999983,-1.8505504802061368,1245327.0
2990,2021-01-19,83.8,84.8,81.36,81.58,-2.219999999999999,-2.6491646778042943,1323660.0
2990,2021-01-20,81.58,83.5,81.3,82.18,0.6000000000000085,0.7354743809757425,885745.0
2990,2021-01-21,82.18,82.2,80.3,80.5,-1.6800000000000068,-2.0442930153322103,1391450.0
2990,2021-01-22,80.59,80.6,77.58,78.5,-2.0,-2.4844720496894457,1421098.0
2990,2021-01-25,78.48,78.48,75.01,75.01,-3.489999999999995,-4.445859872611457,1215913.0
2990,2021-01-26,75.02,76.8,74.8,74.93,-0.0799999999999983,-0.1066524463404827,638602.0
2990,2021-01-27,75.49,76.26,74.61,76.08,1.1499999999999917,1.5347657813959523,690898.0
2990,2021-01-28,75.35,76.2,72.84,73.0,-3.0799999999999983,-4.048370136698209,830313.0
2990,2021-01-29,73.12,74.95,70.68,71.43,-1.5699999999999932,-2.150684931506841,575683.0
2990,2021-02-01,71.02,72.5,71.02,72.12,0.6899999999999977,0.9659806803863802,380010.0
2990,2021-02-02,72.49,72.49,71.24,71.98,-0.1400000000000005,-0.194120909595119,401810.0
2990,2021-02-03,71.9,72.26,69.18,69.22,-2.760000000000005,-3.834398444012233,759299.0
2990,2021-02-04,69.16,69.62,65.18,65.71,-3.510000000000005,-5.070788789367242,1143748.0
2990,2021-02-05,65.76,67.14,65.01,65.49,-0.2199999999999988,-0.3348044437680664,532900.0
2990,2021-02-08,65.01,67.88,63.0,67.06,1.5700000000000074,2.39731256680411,808248.0
2990,2021-02-09,66.6,68.09,65.82,67.31,0.25,0.3728004771846205,927700.0
2990,2021-02-10,67.43,69.05,67.15,68.79,1.480000000000004,2.19878175605408,455611.0
2990,2021-02-18,69.99,70.2,68.0,69.11,0.3199999999999932,0.4651838930076923,536411.0
2990,2021-02-19,69.09,71.68,68.33,71.45,2.3400000000000034,3.385906525828397,572637.0
2990,2021-02-22,74.2,75.52,72.54,74.42,2.969999999999999,4.156752974107758,1038914.0
2990,2021-02-23,74.14,77.8,73.51,73.83,-0.5900000000000034,-0.7927976350443511,1180183.0
2990,2021-02-24,73.0,74.8,72.89,73.38,-0.4500000000000028,-0.6095083299471837,524900.0
2990,2021-02-25,75.15,75.18,72.0,72.33,-1.0499999999999972,-1.430907604251841,503346.0
2990,2021-02-26,71.57,72.5,69.88,70.43,-1.8999999999999917,-2.626849163555911,612600.0
2990,2021-03-01,70.91,76.59,70.9,76.19,5.759999999999991,8.178333096691738,1285328.0
2990,2021-03-02,76.35,76.99,75.06,76.65,0.4600000000000079,0.6037537734610909,787870.0
2990,2021-03-03,75.8,77.97,75.6,76.67,0.019999999999996,0.0260926288323526,568542.0
2990,2021-03-04,76.3,77.75,75.62,75.86,-0.8100000000000023,-1.0564758053997705,512232.0
2990,2021-03-05,75.82,76.95,74.99,75.88,0.019999999999996,0.0263643553914949,432137.0
2990,2021-03-08,75.88,76.32,73.4,73.4,-2.4799999999999898,-3.2683183974696717,524158.0
2990,2021-03-09,73.8,73.8,66.06,70.13,-3.2700000000000102,-4.4550408719346235,631200.0
2990,2021-03-10,70.36,71.79,66.88,67.36,-2.769999999999996,-3.949807500356473,1036512.0
2990,2021-03-11,67.36,67.96,66.23,67.53,0.1700000000000017,0.2523752969121107,765248.0
2990,2021-03-12,67.05,67.51,66.0,66.88,-0.6500000000000057,-0.9625351695542794,379660.0
2990,2021-03-15,66.8,66.99,65.3,65.81,-1.0699999999999932,-1.5998803827751096,435200.0
2990,2021-03-16,66.49,66.88,65.7,66.81,1.0,1.51952590791673,343660.0
2990,2021-03-17,66.86,66.99,65.76,66.81,0.0,0.0,550460.0
2990,2021-03-18,66.82,67.28,66.26,66.8,-0.0100000000000051,-0.0149678191887492,410440.0
2990,2021-03-19,66.2,67.8,65.91,67.0,0.2000000000000028,0.2994011976047872,493639.0
2990,2021-03-22,67.31,68.77,67.04,68.7,1.7000000000000028,2.5373134328358304,510600.0
2990,2021-03-23,68.78,69.0,68.02,68.65,-0.0499999999999971,-0.0727802037845615,489800.0
2990,2021-03-24,68.45,69.61,67.57,67.74,-0.9100000000000108,-1.3255644573925918,348000.0
2990,2021-03-25,67.6,68.12,66.7,67.0,-0.7399999999999949,-1.092412164157064,290838.0
2990,2021-03-26,67.01,68.3,67.0,67.84,0.8400000000000034,1.2537313432835928,302371.0
2990,2021-03-29,67.84,67.99,66.4,66.4,-1.4399999999999975,-2.1226415094339535,405300.0
2990,2021-03-30,66.47,66.69,65.04,65.11,-1.2900000000000065,-1.942771084337358,440000.0
2990,2021-03-31,64.3,66.66,64.3,66.0,0.8900000000000006,1.3669175241898257,276100.0
2990,2021-04-01,65.8,66.21,65.21,65.94,-0.0600000000000022,-0.090909090909097,247600.0
2990,2021-04-02,66.5,67.2,65.96,67.14,1.2000000000000028,1.8198362147406888,302400.0
2990,2021-04-06,67.14,67.8,66.87,67.42,0.2800000000000011,0.417039022937149,320912.0
2990,2021-04-07,66.98,67.42,66.29,67.1,-0.3200000000000074,-0.4746366063482776,303600.0
2990,2021-04-08,66.95,67.8,66.88,67.2,0.1000000000000085,0.1490312965722884,428700.0
2990,2021-04-09,67.3,67.8,66.7,66.9,-0.2999999999999971,-0.4464285714285698,345600.0
2990,2021-04-12,66.9,66.9,64.0,64.2,-2.700000000000003,-4.0358744394618835,574900.0
2990,2021-04-13,64.83,64.83,63.76,63.85,-0.3500000000000014,-0.5451713395638658,366999.0
2990,2021-04-14,63.98,64.48,63.08,64.21,0.3599999999999923,0.5638214565387489,392857.0
2990,2021-04-15,63.99,63.99,60.28,60.53,-3.6799999999999926,-5.731194517987836,1007902.0
2990,2021-04-16,60.31,61.97,60.08,61.4,0.8699999999999974,1.437303816289437,485840.0
2990,2021-04-19,61.35,62.93,60.93,62.56,1.1600000000000037,1.889250814332244,477292.0
2990,2021-04-20,63.1,63.1,61.06,61.1,-1.4600000000000009,-2.333759590792839,658200.0
2990,2021-04-21,61.0,61.19,60.5,60.67,-0.4299999999999997,-0.7037643207855937,545276.0
2990,2021-04-22,60.95,61.86,60.41,61.48,0.8099999999999952,1.3350914784901802,471977.0
2990,2021-04-23,61.41,63.3,60.76,62.81,1.3300000000000054,2.1633051398828984,799474.0
2990,2021-04-26,68.0,68.0,65.0,65.58,2.769999999999996,4.410125776150298,2105093.0
2990,2021-04-27,64.0,65.65,63.8,64.15,-1.4299999999999926,-2.18054284842939,902633.0
2990,2021-04-28,64.31,66.94,63.81,66.0,1.8499999999999943,2.883865939204977,882861.0
2990,2021-04-29,66.66,68.66,66.5,68.0,2.0,3.0303030303030276,1231776.0
2990,2021-04-30,65.3,65.93,64.51,65.35,-2.6500000000000057,-3.89705882352942,1172034.0
2990,2021-05-06,64.74,65.58,64.38,64.62,-0.7299999999999898,-1.1170619739862109,423344.0
2990,2021-05-07,64.65,65.54,64.5,64.6,-0.0200000000000102,-0.0309501702259518,463418.0
2990,2021-05-10,64.82,66.47,64.82,65.61,1.0100000000000051,1.5634674922600622,558018.0
2990,2021-05-11,65.38,66.62,65.28,65.34,-0.269999999999996,-0.4115226337448541,477836.0
2990,2021-05-12,65.07,65.3,64.39,64.78,-0.5600000000000023,-0.8570554025099542,474444.0
2990,2021-05-13,64.5,64.79,63.9,64.3,-0.480000000000004,-0.7409694350108076,396300.0
2990,2021-05-14,64.3,65.97,64.04,65.68,1.3800000000000097,2.1461897356143123,451923.0
2990,2021-05-17,65.53,68.3,65.28,68.04,2.359999999999999,3.593179049939099,1104938.0
2990,2021-05-18,68.0,68.38,67.5,68.05,0.0099999999999909,0.0146972369194475,511939.0
2990,2021-05-19,68.5,68.5,67.26,67.27,-0.7800000000000011,-1.146216017634094,529900.0
2990,2021-05-20,68.0,72.5,67.89,69.26,1.990000000000009,2.9582280362717484,992188.0
2990,2021-05-21,69.17,70.67,68.51,69.8,0.539999999999992,0.7796708056598156,471444.0
2990,2021-05-24,69.8,70.55,69.12,70.19,0.3900000000000005,0.5587392550143289,521700.0
2990,2021-05-25,70.2,70.7,68.7,69.61,-0.5799999999999983,-0.8263285368286022,695600.0
2990,2021-05-26,69.61,70.5,69.02,70.3,0.6899999999999977,0.991236891251246,863933.0
2990,2021-05-27,34.97,34.97,34.01,34.35,-35.949999999999996,-51.1379800853485,1284898.0
2990,2021-05-28,34.21,34.23,32.83,32.99,-1.3599999999999994,-3.959243085880637,1988236.0
2990,2021-05-31,32.99,33.36,32.7,33.14,0.1499999999999985,0.4546832373446552,1187520.0
2990,2021-06-01,33.38,33.52,33.0,33.52,0.3800000000000025,1.146650573325303,1035800.0
2990,2021-06-02,33.4,33.4,32.3,32.32,-1.2000000000000028,-3.5799522673031103,1624420.0
2990,2021-06-03,32.33,32.48,31.68,31.73,-0.5899999999999999,-1.825495049504955,1234086.0
2990,2021-06-04,31.75,31.76,31.38,31.5,-0.2300000000000004,-0.7248660573589638,920062.0
2990,2021-06-07,31.51,32.45,31.43,32.37,0.8699999999999974,2.761904761904743,1171578.0
2990,2021-06-08,32.48,32.48,31.73,31.8,-0.5699999999999967,-1.7608897126969336,955378.0
2990,2021-06-09,31.85,33.5,31.85,32.82,1.0199999999999996,3.207547169811309,1778334.0
2990,2021-06-10,33.67,34.63,33.1,34.55,1.7299999999999969,5.271176112126752,2855384.0
2990,2021-06-11,34.75,34.76,33.68,33.95,-0.5999999999999943,-1.7366136034732138,1790468.0
2990,2021-06-15,34.25,34.5,33.7,34.26,0.3099999999999951,0.913107511045652,1584268.0
2990,2021-06-16,34.35,34.35,33.2,33.35,-0.9099999999999966,-2.6561587857559688,1124300.0
2990,2021-06-17,33.31,33.99,33.19,33.56,0.2100000000000008,0.6296851574213003,1019598.0
2990,2021-06-18,33.75,33.78,33.03,33.48,-0.0800000000000054,-0.238379022646018,1009940.0
2990,2021-06-21,33.44,34.18,33.12,34.1,0.6200000000000045,1.85185185185186,1049352.0
2990,2021-06-22,34.03,34.12,33.53,33.72,-0.3800000000000025,-1.1143695014662836,912138.0
2990,2021-06-23,33.55,33.73,33.06,33.27,-0.4499999999999957,-1.3345195729537296,1018485.0
2990,2021-06-24,33.39,33.57,32.66,32.69,-0.5800000000000054,-1.7433122933573908,851200.0
2990,2021-06-25,32.61,32.95,32.6,32.69,0.0,0.0,760051.0
2990,2021-06-28,32.68,32.88,32.08,32.4,-0.2899999999999991,-0.8871214438666231,741496.0
2990,2021-06-29,32.15,32.58,31.16,31.29,-1.1099999999999994,-3.425925925925921,1386700.0
2990,2021-06-30,31.01,32.95,30.95,32.36,1.0700000000000005,3.4196228827101383,1672120.0
2990,2021-07-01,32.32,33.8,31.6,31.87,-0.4899999999999984,-1.514215080346104,1225721.0
2990,2021-07-02,31.81,32.76,31.0,31.06,-0.8100000000000023,-2.541575149042996,1454700.0
2990,2021-07-05,31.11,31.5,29.83,30.44,-0.6199999999999974,-1.9961365099806727,1883526.0
2990,2021-07-06,30.38,30.85,30.1,30.7,0.259999999999998,0.854139290407363,766924.0
2990,2021-07-07,30.45,30.79,30.3,30.48,-0.2199999999999988,-0.7166123778501565,700400.0
2990,2021-07-08,30.61,30.73,30.11,30.56,0.0799999999999983,0.2624671916010346,957792.0
2990,2021-07-09,30.58,30.58,30.0,30.34,-0.2199999999999988,-0.7198952879581166,797248.0
2990,2021-07-12,30.48,30.94,30.27,30.78,0.4400000000000013,1.4502307185234151,1158978.0
2990,2021-07-13,30.77,31.58,30.62,31.3,0.5199999999999996,1.6894087069525554,1117850.0
2990,2021-07-14,30.9,31.5,30.49,30.56,-0.740000000000002,-2.3642172523961724,1015718.0
2990,2021-07-15,30.28,30.36,29.29,29.92,-0.639999999999997,-2.094240837696326,1734241.0
2990,2021-07-16,29.84,29.84,29.29,29.45,-0.4700000000000024,-1.5708556149732655,942844.0
2990,2021-07-19,29.45,29.45,28.49,28.61,-0.8399999999999999,-2.8522920203735147,1003397.0
2990,2021-07-20,28.44,28.93,28.18,28.72,0.1099999999999994,0.3844809507165259,574198.0
2990,2021-07-21,28.51,29.08,28.51,28.82,0.1000000000000014,0.3481894150417775,603290.0
2990,2021-07-22,28.82,28.9,28.55,28.7,-0.120000000000001,-0.4163775156141636,561600.0
2990,2021-07-23,28.65,28.81,28.0,28.03,-0.6699999999999982,-2.334494773519158,986338.0
2990,2021-07-26,28.0,28.2,26.71,27.06,-0.9700000000000024,-3.4605779521940883,1096500.0
2990,2021-07-27,27.12,28.44,27.12,27.8,0.740000000000002,2.734663710273466,1338788.0
2990,2021-07-28,27.75,28.08,26.8,27.37,-0.4299999999999997,-1.5467625899280524,881460.0
2990,2021-07-29,27.42,28.0,27.4,27.56,0.1899999999999977,0.6941907197661523,705555.0
2990,2021-07-30,27.9,27.9,26.92,27.26,-0.2999999999999971,-1.0885341074020172,646997.0
2990,2021-08-02,27.44,29.99,27.01,29.99,2.729999999999997,10.014673514306672,1506038.0
2990,2021-08-03,30.84,31.29,29.72,29.78,-0.2099999999999973,-0.7002334111370412,3084308.0
2990,2021-08-04,29.51,30.82,29.51,30.0,0.2199999999999988,0.738750839489577,1411992.0
2990,2021-08-05,30.0,31.18,29.64,30.7,0.6999999999999993,2.3333333333333206,1766497.0
2990,2021-08-06,30.83,31.17,30.13,30.36,-0.3399999999999998,-1.1074918566775227,1030647.0
2990,2021-08-09,30.31,30.36,29.83,30.23,-0.129999999999999,-0.4281949934123785,762052.0
2990,2021-08-10,30.23,30.79,30.02,30.3,0.0700000000000002,0.2315580549123286,698000.0
2990,2021-08-11,30.4,30.4,30.1,30.11,-0.1900000000000012,-0.6270627062706313,746698.0
2990,2021-08-12,30.08,30.39,29.55,29.66,-0.4499999999999993,-1.4945200929923574,949701.0
2990,2021-08-13,29.66,29.74,29.08,29.31,-0.3500000000000014,-1.1800404585300073,966572.0
2990,2021-08-16,29.38,30.22,29.1,29.59,0.2800000000000011,0.9553053565336088,885898.0
2990,2021-08-17,29.5,29.63,28.44,28.52,-1.0700000000000005,-3.616086515714767,1034723.0
2990,2021-08-18,28.52,29.08,28.26,29.0,0.4800000000000004,1.6830294530154388,615683.0
2990,2021-08-19,29.01,29.01,28.04,28.33,-0.6700000000000017,-2.310344827586208,981500.0
2990,2021-08-20,28.28,28.45,27.8,27.96,-0.3699999999999974,-1.3060360042357888,690663.0
2990,2021-08-23,28.05,29.07,28.05,28.85,0.8900000000000006,3.1831187410586548,906280.0
2990,2021-08-24,28.85,29.74,28.6,29.39,0.5399999999999991,1.8717504332755652,1056664.0
2990,2021-08-25,29.39,30.26,29.3,29.98,0.5899999999999999,2.007485539299081,1193750.0
2990,2021-08-26,30.01,30.05,28.29,28.49,-1.490000000000002,-4.96997998665778,2128694.0
2990,2021-08-27,28.45,28.45,27.89,28.02,-0.4699999999999988,-1.6497016497016403,966880.0
2990,2021-08-30,27.86,28.67,27.86,28.27,0.25,0.8922198429692996,1322956.0
2990,2021-08-31,28.18,28.31,27.63,27.85,-0.4199999999999981,-1.485673859214709,932830.0
2990,2021-09-01,27.85,27.96,27.18,27.75,-0.1000000000000014,-0.3590664272890564,1091733.0
2990,2021-09-02,27.7,27.73,27.4,27.65,-0.1000000000000014,-0.3603603603603678,642693.0
2990,2021-09-03,27.78,28.36,27.74,28.0,0.3500000000000014,1.265822784810133,657326.0
2990,2021-09-06,28.01,28.45,27.71,28.21,0.2100000000000008,0.7500000000000062,766187.0
2990,2021-09-07,28.25,29.61,28.22,29.03,0.8200000000000003,2.906770648706125,1368886.0
2990,2021-09-08,29.03,29.31,28.72,28.9,-0.1300000000000025,-0.4478126076472688,932850.0
2990,2021-09-09,28.76,28.91,28.47,28.58,-0.3200000000000003,-1.107266435986165,621649.0
2990,2021-09-10,28.58,29.49,28.38,29.22,0.6400000000000006,2.2393282015395366,1311930.0
2990,2021-09-13,29.5,29.72,28.92,28.94,-0.2799999999999976,-0.9582477754962238,1026555.0
2990,2021-09-14,28.95,29.29,28.59,28.68,-0.2600000000000015,-0.8984105044920532,785097.0
2990,2021-09-15,28.7,28.78,28.46,28.64,-0.0399999999999991,-0.1394700139469962,528452.0
2990,2021-09-16,28.64,28.74,27.82,28.04,-0.6000000000000014,-2.0949720670391137,920431.0
2990,2021-09-17,28.06,28.26,27.62,27.96,-0.0799999999999983,-0.2853067047075552,469957.0
2990,2021-09-22,27.8,28.05,27.5,27.79,-0.1700000000000017,-0.6080114449213192,419871.0
2990,2021-09-23,27.85,28.19,27.85,28.0,0.2100000000000008,0.7556675062972307,438956.0
2990,2021-09-24,27.99,28.16,27.76,27.78,-0.2199999999999988,-0.7857142857142785,445860.0
2990,2021-09-27,28.16,28.35,27.75,27.76,-0.0199999999999995,-0.0719942404607598,591065.0
2990,2021-09-28,27.65,27.76,27.36,27.43,-0.3300000000000018,-1.1887608069164337,487728.0
2990,2021-09-29,27.2,27.34,26.84,26.84,-0.5899999999999999,-2.1509296390813004,550540.0
2990,2021-09-30,27.31,27.4,26.71,26.89,0.0500000000000007,0.1862891207153438,480123.0
2990,2021-10-08,27.09,27.72,27.09,27.49,0.5999999999999979,2.2313127556712553,550229.0
2990,2021-10-11,27.5,28.26,27.33,27.73,0.240000000000002,0.8730447435431055,554514.0
2990,2021-10-12,27.88,27.88,27.15,27.27,-0.4600000000000008,-1.6588532275513934,424932.0
2990,2021-10-13,27.58,27.72,27.27,27.58,0.3099999999999987,1.136780344701127,275300.0
2990,2021-10-14,27.66,27.66,27.0,27.35,-0.2299999999999968,-0.833937635968085,506880.0
2990,2021-10-15,27.51,27.85,27.3,27.65,0.2999999999999971,1.0968921389396646,852886.0
2990,2021-10-18,27.76,27.76,27.08,27.22,-0.4299999999999997,-1.5551537070524368,711988.0
2990,2021-10-19,27.45,29.26,27.45,28.84,1.620000000000001,5.951506245407789,2682908.0
2990,2021-10-20,28.5,29.06,28.08,28.24,-0.6000000000000014,-2.0804438280166537,1954126.0
2990,2021-10-21,28.01,28.3,27.75,27.9,-0.3399999999999998,-1.2039660056657242,1087561.0
2990,2021-10-22,27.85,27.97,27.71,27.87,-0.0299999999999975,-0.1075268817204211,648486.0
2990,2021-10-25,27.5,27.84,27.18,27.5,-0.370000000000001,-1.3275923932543954,646992.0
2990,2021-10-26,27.4,27.68,27.28,27.51,0.0100000000000015,0.0363636363636343,586134.0
2990,2021-10-27,27.43,27.98,27.03,27.95,0.4399999999999977,1.599418393311525,1059453.0
2990,2021-10-28,27.35,27.35,26.33,26.38,-1.5700000000000005,-5.617173524150266,1540691.0
2990,2021-10-29,26.17,26.4,25.73,26.24,-0.1400000000000005,-0.5307050796057644,728384.0
2990,2021-11-01,26.2,26.47,26.0,26.12,-0.1199999999999974,-0.4573170731707265,625915.0
2990,2021-11-02,26.1,26.4,25.6,25.75,-0.370000000000001,-1.416539050535992,773295.0
2990,2021-11-03,25.76,25.98,25.69,25.84,0.0899999999999998,0.3495145631067897,398037.0
2990,2021-11-04,25.96,26.24,25.83,26.16,0.3200000000000003,1.238390092879249,497780.0
2990,2021-11-05,26.2,26.66,26.1,26.34,0.1799999999999997,0.6880733944954143,577806.0
2990,2021-11-08,26.11,26.39,25.8,26.13,-0.2100000000000008,-0.7972665148063829,663418.0
2990,2021-11-09,25.91,26.49,25.9,26.43,0.3000000000000007,1.148105625717566,587718.0
2990,2021-11-10,26.44,27.45,26.22,27.35,0.9200000000000016,3.480892924706769,1657161.0
2990,2021-11-11,27.18,27.47,27.05,27.32,-0.0300000000000011,-0.1096892138939709,1008150.0
2990,2021-11-12,27.32,27.73,27.32,27.68,0.3599999999999994,1.317715959004384,866000.0
2990,2021-11-15,27.8,28.79,27.69,28.79,1.1099999999999994,4.010115606936404,1997593.0
2990,2021-11-16,28.79,29.01,28.48,28.48,-0.3099999999999987,-1.0767627648489042,1297277.0
2990,2021-11-17,28.45,28.89,28.3,28.76,0.2800000000000011,0.9831460674157412,1029527.0
2990,2021-11-18,28.73,29.48,28.68,28.71,-0.0500000000000007,-0.1738525730180851,1674643.0
2990,2021-11-19,28.71,29.2,28.71,28.92,0.2100000000000008,0.7314524555903867,1119486.0
2990,2021-11-22,28.99,30.31,28.75,29.41,0.4899999999999984,1.694329183955734,2557967.0
2990,2021-11-23,29.21,29.48,28.88,29.23,-0.1799999999999997,-0.6120367222033352,1459148.0
2990,2021-11-24,29.49,29.63,28.91,29.23,0.0,0.0,1019724.0
2990,2021-11-25,29.19,29.35,28.92,29.1,-0.129999999999999,-0.4447485460143618,856919.0
2990,2021-11-26,29.22,29.34,28.92,28.96,-0.1400000000000005,-0.4810996563573866,755900.0
2990,2021-11-29,28.39,28.82,28.26,28.62,-0.3399999999999998,-1.174033149171272,735827.0
2990,2021-11-30,28.99,29.5,28.54,28.73,0.1099999999999994,0.3843466107616988,877600.0
2990,2021-12-01,29.0,29.2,28.83,28.97,0.2399999999999984,0.8353637312913387,666700.0
2990,2021-12-02,29.13,29.13,28.18,28.2,-0.7699999999999996,-2.657921988263723,932464.0
2990,2021-12-03,28.23,28.49,28.13,28.24,0.0399999999999991,0.1418439716311947,542753.0
2990,2021-12-06,28.24,28.31,27.42,27.56,-0.6799999999999997,-2.4079320113314484,1109782.0
2990,2021-12-07,27.59,27.79,26.5,27.0,-0.5599999999999987,-2.0319303338171224,1004484.0
2990,2021-12-08,27.12,28.35,27.11,27.95,0.9499999999999992,3.518518518518521,1230679.0
2990,2021-12-09,28.0,28.09,27.82,28.0,0.0500000000000007,0.1788908765653074,673131.0
2990,2021-12-10,28.0,28.0,27.62,27.89,-0.1099999999999994,-0.3928571428571392,640165.0
2990,2021-12-13,27.89,28.11,27.6,27.9,0.009999999999998,0.0358551452133371,609887.0
2990,2021-12-14,27.9,28.8,27.65,28.71,0.8100000000000023,2.9032258064516148,1366234.0
2990,2021-12-15,28.71,31.5,28.58,30.01,1.3000000000000007,4.528039010797635,5387408.0
2990,2021-12-16,29.87,30.96,29.45,30.24,0.2299999999999968,0.7664111962679021,3501219.0
2990,2021-12-17,30.25,30.35,29.62,29.93,-0.3099999999999987,-1.0251322751322678,2010179.0
2990,2021-12-20,29.72,30.13,29.0,29.09,-0.8399999999999999,-2.8065486134313367,1447849.0
2990,2021-12-21,28.86,30.01,28.86,30.01,0.9200000000000016,3.162598831213481,1739411.0
2990,2021-12-22,30.09,31.29,29.74,31.15,1.139999999999997,3.7987337554148626,2922944.0
2990,2021-12-23,31.2,31.33,30.4,30.5,-0.6499999999999986,-2.0866773675762396,1598362.0
2990,2021-12-24,30.51,30.7,29.67,29.82,-0.6799999999999997,-2.229508196721308,1261672.0
2990,2021-12-27,30.1,30.45,29.39,29.71,-0.1099999999999994,-0.3688799463447356,1165400.0
2990,2021-12-28,29.7,31.19,29.48,31.19,1.4800000000000004,4.981487714574229,2920405.0
2990,2021-12-29,31.2,32.44,30.5,32.2,1.0100000000000016,3.2382173773645384,4895722.0
2990,2021-12-30,32.08,35.37,31.85,35.3,3.0999999999999943,9.627329192546563,8375491.0
2990,2021-12-31,35.29,35.3,33.65,34.51,-0.7899999999999991,-2.2379603399433456,5234226.0
2990,2022-01-04,34.5,35.88,33.87,34.23,-0.2800000000000011,-0.8113590263691739,4068989.0
2990,2022-01-05,34.23,34.89,33.21,33.99,-0.2399999999999948,-0.7011393514460895,2798320.0
2990,2022-01-06,33.9,33.93,32.84,33.17,-0.8200000000000003,-2.412474257134456,2142696.0
2990,2022-01-07,33.15,33.65,32.96,32.98,-0.1900000000000048,-0.5728067530901604,1650547.0
2990,2022-01-10,32.71,32.95,31.5,32.95,-0.029999999999994,-0.0909642207398198,1945081.0
2990,2022-01-11,32.79,33.73,31.68,31.92,-1.0300000000000011,-3.1259484066767818,2044189.0
2990,2022-01-12,32.1,32.6,31.91,32.4,0.4799999999999969,1.5037593984962294,1218839.0
2990,2022-01-13,32.33,33.2,32.0,32.4,0.0,0.0,1570604.0
2990,2022-01-14,32.26,33.43,32.01,33.26,0.8599999999999994,2.654320987654324,2028069.0
2990,2022-01-17,33.1,34.56,33.06,34.23,0.9699999999999988,2.9164161154539903,3000103.0
2990,2022-01-18,34.23,34.23,32.61,32.7,-1.529999999999994,-4.469763365468871,2240301.0
2990,2022-01-19,32.7,33.3,32.2,32.69,-0.0100000000000051,-0.0305810397553618,1618959.0
2990,2022-01-20,32.22,32.68,29.99,30.28,-2.4099999999999966,-7.372285102477816,3372631.0
2990,2022-01-21,30.09,33.28,30.09,32.6,2.3200000000000003,7.661822985468958,5153751.0
2990,2022-01-24,32.5,33.44,32.01,32.48,-0.1200000000000045,-0.3680981595092114,1544791.0
2990,2022-01-25,32.25,32.82,30.6,30.7,-1.7799999999999976,-5.480295566502457,2033521.0
2990,2022-01-26,31.29,32.13,30.16,31.67,0.9700000000000024,3.1596091205211785,1833234.0
2990,2022-01-27,32.0,32.0,30.3,30.37,-1.3000000000000007,-4.104831070413639,1208847.0
2990,2022-01-28,30.37,30.9,30.21,30.27,-0.1000000000000014,-0.3292723081988802,887000.0
2990,2022-02-07,30.85,30.99,29.76,30.27,0.0,0.0,949707.0
2990,2022-02-08,30.01,30.3,29.26,30.25,-0.0199999999999995,-0.0660720185001628,715980.0
2990,2022-02-09,30.2,31.28,30.2,31.1,0.8500000000000014,2.809917355371905,896000.0
2990,2022-02-10,31.12,31.2,30.4,30.6,-0.5,-1.607717041800638,952652.0
2990,2022-02-11,30.61,30.62,29.57,29.58,-1.0200000000000031,-3.3333333333333437,1138072.0
2990,2022-02-14,29.3,29.56,28.21,28.41,-1.1699999999999982,-3.955375253549686,1188697.0
2990,2022-02-15,28.62,28.77,28.08,28.4,-0.0100000000000015,-0.0351988736360442,901298.0
2990,2022-02-16,28.67,28.99,28.15,28.29,-0.1099999999999994,-0.3873239436619657,862688.0
2990,2022-02-17,28.3,28.57,27.82,27.98,-0.3099999999999987,-1.095793566631309,831700.0
2990,2022-02-18,27.98,28.28,27.9,28.21,0.2300000000000004,0.8220157255182325,527905.0
2990,2022-02-21,28.1,28.85,28.0,28.76,0.5500000000000007,1.9496632399858216,799599.0
2990,2022-02-22,28.6,28.6,27.84,27.98,-0.7800000000000011,-2.712100139082063,862969.0
2990,2022-02-23,28.02,28.59,27.91,28.38,0.3999999999999986,1.4295925661186537,633400.0
2990,2022-02-24,28.3,28.44,26.59,27.0,-1.379999999999999,-4.8625792811839315,2109000.0
2990,2022-02-25,27.28,27.6,26.63,26.71,-0.2899999999999991,-1.0740740740740715,1316161.0
2990,2022-02-28,26.97,27.94,26.0,27.8,1.09,4.080868588543618,1979662.0
2990,2022-03-01,27.6,27.86,27.36,27.49,-0.3100000000000023,-1.1151079136690778,622200.0
2990,2022-03-02,27.3,27.52,26.95,27.0,-0.4899999999999984,-1.7824663514005024,753750.0
2990,2022-03-03,27.2,27.2,26.6,26.65,-0.3500000000000014,-1.2962962962963065,831699.0
2990,2022-03-04,26.73,26.9,26.07,26.2,-0.4499999999999993,-1.6885553470919246,1406447.0
2990,2022-03-07,26.25,26.25,25.0,25.36,-0.8399999999999999,-3.2061068702290085,1807920.0
2990,2022-03-08,25.3,25.7,24.1,24.32,-1.0399999999999991,-4.100946372239744,1443797.0
2990,2022-03-09,24.8,24.94,22.7,23.65,-0.6700000000000017,-2.7549342105263275,1874120.0
2990,2022-03-10,24.0,24.38,23.69,24.04,0.3900000000000005,1.649048625792804,1356344.0
2990,2022-03-11,23.93,24.46,23.25,24.45,0.4100000000000001,1.705490848585689,1117988.0
2990,2022-03-14,23.88,24.44,23.53,23.53,-0.9199999999999982,-3.7627811860940663,926644.0
2990,2022-03-15,23.13,23.45,22.14,22.16,-1.370000000000001,-5.822354441138977,1320757.0
2990,2022-03-16,22.69,22.8,21.71,22.77,0.6099999999999994,2.7527075812274315,1240600.0
2990,2022-03-17,22.97,23.68,22.97,23.3,0.5300000000000011,2.327624066754508,1248100.0
2990,2022-03-18,23.3,25.63,23.17,25.63,2.3299999999999983,9.999999999999986,3739039.0
2990,2022-03-21,28.19,28.19,26.79,28.19,2.5600000000000023,9.988294966835753,7397480.0
2990,2022-03-22,27.0,31.0,26.28,27.11,-1.0800000000000018,-3.831145796381707,11932290.0
2990,2022-03-23,27.3,27.84,25.82,25.93,-1.1799999999999995,-4.352637403172254,7169029.0
2990,2022-03-24,25.65,26.18,25.11,25.46,-0.4699999999999988,-1.812572310065552,3471474.0
2990,2022-03-25,25.51,25.85,24.69,24.76,-0.6999999999999993,-2.749410840534172,2727693.0
2990,2022-03-28,24.67,25.0,24.02,24.44,-0.3200000000000003,-1.2924071082390909,1696869.0
2990,2022-03-29,24.66,24.7,23.88,23.97,-0.4700000000000024,-1.9230769230769271,1615783.0
2990,2022-03-30,24.18,24.58,24.05,24.49,0.5199999999999996,2.169378389653742,1539603.0
2990,2022-03-31,24.49,24.69,24.2,24.3,-0.1899999999999977,-0.7758268681094194,1273392.0
2990,2022-04-01,24.2,26.15,24.12,26.0,1.6999999999999993,6.995884773662553,3274254.0
2990,2022-04-06,25.25,26.05,25.01,25.69,-0.3099999999999987,-1.1923076923076923,2693692.0
2990,2022-04-07,25.83,26.61,25.3,26.45,0.759999999999998,2.9583495523549885,3610000.0
2990,2022-04-08,26.3,26.3,25.08,25.36,-1.09,-4.120982986767485,2609598.0
2990,2022-04-11,25.63,26.45,25.43,25.52,0.1600000000000001,0.6309148264984188,2520742.0
2990,2022-04-12,25.07,26.3,24.69,26.3,0.7800000000000011,3.0564263322883978,2571771.0
2990,2022-04-13,26.27,26.27,25.4,25.9,-0.4000000000000021,-1.52091254752853,2032269.0
2990,2022-04-14,25.41,25.58,24.12,24.21,-1.6899999999999975,-6.525096525096519,2889496.0
2990,2022-04-15,24.16,24.33,22.9,22.96,-1.25,-5.163155720776535,2163596.0
2990,2022-04-18,22.99,23.39,22.7,23.35,0.3900000000000005,1.6986062717770034,984792.0
2990,2022-04-19,23.35,23.83,23.12,23.56,0.2099999999999973,0.8993576017130467,1104900.0
2990,2022-04-20,23.6,24.2,23.23,23.37,-0.1899999999999977,-0.806451612903214,1394600.0
2990,2022-04-21,23.37,23.37,22.22,22.27,-1.1000000000000014,-4.706889174154904,1475540.0
2990,2022-04-22,22.1,22.49,21.87,22.28,0.0100000000000015,0.0449034575662476,809184.0
2990,2022-04-25,21.8,21.88,20.05,20.05,-2.2300000000000004,-10.008976660682222,1666431.0
2990,2022-04-26,19.99,20.21,18.88,19.07,-0.9800000000000004,-4.887780548628429,1316324.0
2990,2022-04-27,18.95,20.05,18.75,20.02,0.9499999999999992,4.981646565285791,1300914.0
2990,2022-04-28,19.91,20.25,19.6,19.82,-0.1999999999999993,-0.9990009990009984,877492.0
2990,2022-04-29,20.09,20.56,19.96,20.39,0.5700000000000003,2.8758829465186597,1102312.0
2990,2022-05-05,20.36,20.95,20.05,20.54,0.1499999999999985,0.7356547327121099,1192600.0
2990,2022-05-06,20.1,20.75,19.93,20.6,0.0600000000000022,0.2921129503408171,1003675.0
2990,2022-05-09,20.57,21.4,20.53,21.15,0.5499999999999972,2.669902912621347,956271.0
2990,2022-05-10,20.95,23.27,20.9,23.27,2.120000000000001,10.023640661938549,1875284.0
2990,2022-05-11,24.2,25.0,23.34,23.36,0.0899999999999998,0.3867640739149136,5631781.0
2990,2022-05-12,23.12,24.36,22.84,23.79,0.4299999999999997,1.8407534246575263,3510813.0
2990,2022-05-13,24.17,24.72,23.4,24.43,0.6400000000000006,2.690205968894488,3735388.0
2990,2022-05-16,24.42,24.5,23.21,23.5,-0.9299999999999996,-3.806794924273438,2505809.0
2990,2022-05-17,23.64,23.77,23.02,23.19,-0.3099999999999987,-1.3191489361702111,1506498.0
2990,2022-05-18,23.51,24.15,23.26,23.38,0.1899999999999977,0.819318671841307,2353900.0
2990,2022-05-19,23.05,23.7,23.02,23.37,-0.009999999999998,-0.0427715996578204,1616214.0
2990,2022-05-20,23.38,23.6,23.17,23.38,0.009999999999998,0.0427899015832178,1355916.0
2990,2022-05-23,23.66,24.39,23.36,23.85,0.4700000000000024,2.010265183917892,2250630.0
2990,2022-05-24,23.54,23.8,22.58,22.59,-1.2600000000000016,-5.283018867924538,2039440.0
2990,2022-05-25,22.58,23.15,22.58,22.92,0.3300000000000018,1.4608233731739697,1187100.0
2990,2022-05-26,22.77,25.21,22.35,25.21,2.289999999999999,9.991273996509587,2883736.0
2990,2022-05-27,25.96,26.48,24.9,25.52,0.3099999999999987,1.229670765569213,7316563.0
2990,2022-05-30,25.0,25.73,24.77,25.04,-0.4800000000000004,-1.8808777429467072,3715551.0
2990,2022-05-31,25.09,25.18,24.5,24.64,-0.3999999999999986,-1.5974440894568676,2319738.0
2990,2022-06-01,24.8,24.85,24.25,24.57,-0.0700000000000002,-0.284090909090906,1711727.0
2990,2022-06-02,24.56,24.74,24.06,24.69,0.120000000000001,0.4884004884004866,1938800.0
2990,2022-06-06,24.66,25.19,24.6,24.93,0.2399999999999984,0.9720534629404476,2098260.0
2990,2022-06-07,24.99,25.49,24.2,24.64,-0.2899999999999991,-1.1632571199358122,1888000.0
2990,2022-06-08,24.61,24.98,23.92,24.35,-0.2899999999999991,-1.1769480519480455,1600346.0
2990,2022-06-09,24.41,25.5,24.06,25.19,0.8399999999999999,3.449691991786441,3372254.0
2990,2022-06-10,24.92,25.26,24.3,24.91,-0.2800000000000011,-1.1115522032552616,2910592.0
2990,2022-06-13,24.61,24.88,24.36,24.76,-0.1499999999999985,-0.6021678040947331,1630699.0
2990,2022-06-14,24.48,24.48,23.3,24.22,-0.5400000000000027,-2.180936995153482,2271205.0
2990,2022-06-15,24.23,24.94,24.14,24.37,0.1500000000000021,0.6193228736581347,2082400.0
2990,2022-06-16,24.54,25.45,24.54,24.92,0.5500000000000007,2.256873204759957,2629778.0
2990,2022-06-17,24.91,25.08,24.36,24.85,-0.0700000000000002,-0.2808988764045006,1619842.0
2990,2022-06-20,24.87,25.14,24.64,25.14,0.2899999999999991,1.1670020120724267,1522700.0
2990,2022-06-21,25.06,25.89,24.8,24.94,-0.1999999999999993,-0.7955449482895727,3078375.0
2990,2022-06-22,24.99,25.2,23.86,23.91,-1.0300000000000011,-4.129911788291906,2525303.0
2990,2022-06-23,24.0,26.3,24.0,26.3,2.390000000000001,9.995817649519022,4002989.0
2990,2022-06-24,26.57,28.0,26.0,26.0,-0.3000000000000007,-1.1406844106463865,9086695.0
2990,2022-06-27,25.89,26.37,25.5,25.74,-0.2600000000000015,-1.0000000000000009,4007391.0
2990,2022-06-28,25.77,26.23,25.5,26.05,0.3100000000000023,1.204351204351206,3257869.0
2990,2022-06-29,25.92,26.75,25.43,26.39,0.3399999999999998,1.305182341650668,5063329.0
2990,2022-06-30,26.82,29.03,25.76,28.19,1.8000000000000007,6.82076544145509,7575770.0
2990,2022-07-01,27.87,28.95,27.03,27.26,-0.9299999999999996,-3.2990422135509068,5235398.0
2990,2022-07-04,27.27,27.77,26.55,26.9,-0.360000000000003,-1.3206162876008951,3022903.0
2990,2022-07-05,26.8,26.93,25.8,26.12,-0.7799999999999976,-2.8996282527881,2424900.0
2990,2022-07-06,26.1,27.56,25.87,26.95,0.8299999999999983,3.177641653905039,3712300.0
2990,2022-07-07,26.6,26.81,25.67,26.14,-0.8099999999999987,-3.0055658627087145,2762866.0
2990,2022-07-08,26.17,26.48,25.6,25.86,-0.2800000000000011,-1.0711553175210442,1870800.0
2990,2022-07-11,25.9,27.47,25.05,27.36,1.5,5.8004640371229765,4861079.0
2990,2022-07-12,27.48,28.0,27.02,27.82,0.4600000000000008,1.6812865497076055,4066817.0
2990,2022-07-13,27.95,30.6,27.9,30.6,2.780000000000001,9.992810927390371,9681175.0
2990,2022-07-14,29.0,29.46,27.54,27.54,-3.0600000000000023,-10.000000000000009,8841655.0
2990,2022-07-15,26.88,26.88,26.0,26.15,-1.3900000000000006,-5.047204066811917,4883763.0
2990,2022-07-18,26.15,26.94,25.9,26.93,0.7800000000000011,2.9827915869981014,2952260.0
2990,2022-07-19,27.11,27.97,26.61,27.7,0.7699999999999996,2.8592647604901655,3630152.0
2990,2022-07-20,27.72,28.3,27.43,27.81,0.1099999999999994,0.3971119133574063,2895482.0
2990,2022-07-21,27.88,29.3,27.3,28.86,1.0500000000000007,3.7756202804746457,5477900.0
2990,2022-07-22,28.7,29.24,27.9,28.32,-0.5399999999999991,-1.8711018711018657,3102526.0
2990,2022-07-25,28.53,29.15,27.84,28.99,0.6699999999999982,2.3658192090395325,3252437.0
2990,2022-07-26,28.9,28.9,28.31,28.5,-0.4899999999999984,-1.6902380131079586,2102087.0
2990,2022-07-27,28.25,28.65,27.76,28.34,-0.1600000000000001,-0.5614035087719293,2650287.0
2990,2022-07-28,28.4,28.75,27.89,27.94,-0.3999999999999986,-1.4114326040931546,2298687.0
2990,2022-07-29,28.0,30.73,27.61,30.73,2.789999999999999,9.985683607730843,11057245.0
2990,2022-08-01,30.1,30.99,29.3,29.61,-1.120000000000001,-3.6446469248291646,10233989.0
2990,2022-08-02,29.37,29.5,28.03,29.18,-0.4299999999999997,-1.4522120905099634,5751902.0
2990,2022-08-03,29.07,30.06,28.85,29.37,0.1900000000000012,0.6511309115832864,5554009.0
2990,2022-08-04,29.35,29.96,28.6,29.96,0.5899999999999999,2.0088525706503324,4051612.0
2990,2022-08-05,30.35,30.47,29.46,29.63,-0.3300000000000018,-1.101468624833113,4734998.0
2990,2022-08-08,29.62,30.39,29.13,30.35,0.7200000000000024,2.429969625379691,4127129.0
2990,2022-08-09,30.21,31.58,29.88,30.4,0.0499999999999971,0.1647446457990087,5298854.0
2990,2022-08-10,29.89,30.81,29.4,30.7,0.3000000000000007,0.9868421052631636,3978327.0
2990,2022-08-11,30.38,31.25,30.0,30.45,-0.25,-0.8143322475570036,3785469.0
2990,2022-08-12,30.7,30.93,30.23,30.93,0.4800000000000004,1.5763546798029493,3208222.0
2990,2022-08-15,31.15,32.25,30.22,30.43,-0.5,-1.6165535079211146,4505133.0
2990,2022-08-16,30.3,31.14,29.7,31.0,0.5700000000000003,1.8731514952349704,3688653.0
2990,2022-08-17,30.7,31.32,30.6,30.85,-0.1499999999999985,-0.4838709677419284,3261232.0
2990,2022-08-18,30.66,30.8,30.09,30.12,-0.7300000000000004,-2.366288492706647,3035785.0
2990,2022-08-19,30.1,31.13,30.05,30.26,0.1400000000000005,0.4648074369189903,3953885.0
2990,2022-08-22,30.55,31.0,30.1,30.55,0.2899999999999991,0.958360872438857,2618065.0
2990,2022-08-23,30.6,30.75,29.23,29.44,-1.1099999999999994,-3.63338788870704,3591900.0
2990,2022-08-24,29.44,29.44,27.4,27.47,-1.9700000000000024,-6.69157608695653,3494340.0
2990,2022-08-25,27.12,27.49,25.77,26.6,-0.8699999999999974,-3.16709137240625,3987133.0
2990,2022-08-26,26.79,27.18,25.59,25.77,-0.8300000000000018,-3.120300751879701,2373549.0
2990,2022-08-29,25.05,25.88,24.89,25.41,-0.3599999999999994,-1.396973224679854,1511624.0
2990,2022-08-30,25.41,25.81,25.2,25.64,0.2300000000000004,0.9051554506100068,1447380.0
2990,2022-08-31,25.61,25.89,24.44,24.45,-1.1900000000000013,-4.641185647425905,1573188.0
2990,2022-09-01,24.57,25.1,24.46,24.75,0.3000000000000007,1.2269938650306678,1152800.0
2990,2022-09-02,24.98,25.59,24.63,25.45,0.6999999999999993,2.8282828282828243,1415725.0
2990,2022-09-05,25.45,25.62,24.83,25.19,-0.259999999999998,-1.0216110019646285,895680.0
2990,2022-09-06,25.19,25.39,25.0,25.22,0.0299999999999975,0.1190948789201895,1009603.0
2990,2022-09-07,25.17,25.58,25.1,25.36,0.1400000000000005,0.5551149881046769,877500.0
2990,2022-09-08,25.61,25.86,25.29,25.41,0.0500000000000007,0.1971608832807669,988328.0
2990,2022-09-09,25.44,25.58,25.1,25.21,-0.1999999999999993,-0.7870916961826069,750700.0
2990,2022-09-13,25.28,25.55,24.99,25.05,-0.1600000000000001,-0.6346687822292751,806796.0
2990,2022-09-14,24.96,24.96,24.25,24.76,-0.2899999999999991,-1.1576846307385202,994600.0
2990,2022-09-15,24.64,24.99,23.0,23.23,-1.5300000000000011,-6.179321486268174,2099637.0
2990,2022-09-16,23.3,23.5,22.91,22.91,-0.3200000000000003,-1.377529057253557,1143398.0
2990,2022-09-19,22.95,23.24,22.5,23.2,0.2899999999999991,1.265822784810133,1308700.0
2990,2022-09-20,23.21,23.7,23.02,23.1,-0.0999999999999978,-0.4310344827586077,668000.0
2990,2022-09-21,23.23,23.23,22.45,23.13,0.0299999999999975,0.1298701298701132,696800.0
2990,2022-09-22,23.13,23.37,22.88,23.17,0.0400000000000027,0.1729355814959143,836598.0
2990,2022-09-23,23.2,23.22,22.31,22.41,-0.7600000000000016,-3.2801035822183966,1058200.0
2990,2022-09-26,22.46,22.75,22.2,22.34,-0.0700000000000002,-0.3123605533244089,698800.0
2990,2022-09-27,22.54,22.79,22.34,22.79,0.4499999999999993,2.014324082363461,856429.0
2990,2022-09-28,22.79,22.82,21.93,21.94,-0.8499999999999979,-3.729706011408507,961400.0
2990,2022-09-29,22.22,22.35,21.4,21.45,-0.490000000000002,-2.2333637192342826,853500.0
2990,2022-09-30,21.2,21.78,21.2,21.46,0.0100000000000015,0.0466200466200605,623552.0
2990,2022-10-10,21.41,21.42,20.74,20.8,-0.6600000000000001,-3.075489282385835,826575.0
2990,2022-10-11,20.86,21.18,20.57,20.87,0.0700000000000002,0.3365384615384714,533640.0
2990,2022-10-12,20.87,21.96,20.71,21.88,1.009999999999998,4.839482510781012,1027038.0
2990,2022-10-13,21.99,22.72,21.89,22.51,0.6300000000000026,2.879341864716656,1497924.0
2990,2022-10-14,22.48,23.13,22.46,22.87,0.3599999999999994,1.5992892047978602,1094500.0
2990,2022-10-17,22.84,23.57,22.7,23.39,0.5199999999999996,2.27372103191954,1257100.0
2990,2022-10-18,23.6,23.6,23.18,23.27,-0.120000000000001,-0.5130397605814463,954252.0
2990,2022-10-19,23.12,23.46,23.0,23.2,-0.0700000000000002,-0.3008165019338205,821400.0
2990,2022-10-20,22.9,23.79,22.76,23.31,0.1099999999999994,0.4741379310344795,1326324.0
2990,2022-10-21,23.4,23.79,22.92,23.32,0.0100000000000015,0.0429000429000403,1054300.0
2990,2022-10-24,23.4,23.6,22.7,22.77,-0.5500000000000007,-2.358490566037741,995100.0
2990,2022-10-25,22.95,23.0,22.35,22.68,-0.0899999999999998,-0.3952569169960451,843461.0
2990,2022-10-26,22.69,23.88,22.69,23.57,0.8900000000000006,3.924162257495589,1334200.0
2990,2022-10-27,23.65,23.87,23.52,23.71,0.1400000000000005,0.5939753924480318,831136.0
2990,2022-10-28,24.0,24.0,22.52,22.72,-0.990000000000002,-4.175453395191909,946600.0
2990,2022-10-31,22.16,24.13,21.8,23.55,0.8300000000000018,3.653169014084523,2768600.0
2990,2022-11-01,23.32,23.65,23.0,23.31,-0.240000000000002,-1.019108280254788,1891911.0
2990,2022-11-02,23.7,24.95,23.36,24.7,1.3900000000000006,5.9631059631059635,3495007.0
2990,2022-11-03,24.33,24.5,23.61,23.85,-0.8499999999999979,-3.441295546558698,2912135.0
2990,2022-11-04,23.7,26.24,23.51,26.24,2.389999999999997,10.020964360586992,4580212.0
2990,2022-11-07,26.25,28.86,26.11,28.86,2.620000000000001,9.984756097560975,11508891.0
2990,2022-11-08,27.88,28.99,27.35,27.44,-1.4199999999999982,-4.920304920304918,8396783.0
2990,2022-11-09,26.9,28.6,26.55,27.47,0.0299999999999975,0.1093294460641214,7261830.0
2990,2022-11-10,27.09,30.22,26.8,29.35,1.8800000000000023,6.843829632326193,8857775.0
2990,2022-11-11,29.01,30.5,28.3,29.35,0.0,0.0,9429396.0
2990,2022-11-14,28.73,29.15,27.38,27.61,-1.740000000000002,-5.928449744463382,6102861.0
2990,2022-11-15,27.86,29.07,27.51,28.94,1.3300000000000018,4.817095255342263,4674996.0
2990,2022-11-16,28.65,28.71,27.96,28.43,-0.5100000000000016,-1.7622667588113372,3522899.0
2990,2022-11-17,28.2,29.5,28.03,29.25,0.8200000000000003,2.884277172001415,5053028.0
2990,2022-11-18,28.98,29.4,27.94,28.07,-1.1799999999999995,-4.034188034188036,4032600.0
2990,2022-11-21,28.08,28.36,27.0,27.75,-0.3200000000000003,-1.1400071250445287,3289626.0
2990,2022-11-22,27.63,28.88,27.42,28.31,0.5599999999999987,2.0180180180180196,3799028.0
2990,2022-11-23,28.31,28.35,25.79,25.9,-2.41,-8.51289297068174,5190877.0
2990,2022-11-24,25.95,26.5,25.6,25.92,0.0200000000000031,0.0772200772200859,2592188.0
2990,2022-11-25,26.19,26.21,25.17,25.18,-0.740000000000002,-2.8549382716049454,2327759.0
2990,2022-11-28,24.99,25.5,24.72,24.95,-0.2300000000000004,-0.9134233518665602,1600500.0
2990,2022-11-29,24.96,27.33,24.88,26.56,1.6099999999999994,6.452905811623255,3853626.0
2990,2022-11-30,26.56,27.02,26.1,26.88,0.3200000000000003,1.2048192771084263,2421000.0
2990,2022-12-01,27.76,29.57,27.53,29.57,2.6900000000000013,10.007440476190489,4675673.0
2990,2022-12-02,30.14,30.5,28.51,29.78,0.2100000000000008,0.710179235711883,8154067.0
2990,2022-12-05,29.42,30.28,29.14,29.49,-0.2900000000000027,-0.9738079247817444,4780309.0
2990,2022-12-06,29.33,29.94,28.83,29.08,-0.4100000000000001,-1.3903017972193954,3378600.0
2990,2022-12-07,29.02,30.28,28.73,29.19,0.1100000000000029,0.3782668500687869,3677585.0
2990,2022-12-08,29.23,29.88,28.4,29.88,0.6899999999999977,2.3638232271325776,4142286.0
2990,2022-12-09,29.79,30.5,29.34,30.07,0.1900000000000012,0.6358768406961257,4685703.0
2990,2022-12-12,29.7,31.22,29.41,29.8,-0.2699999999999996,-0.8979048885932817,4544188.0
2990,2022-12-13,29.72,30.12,29.17,29.81,0.009999999999998,0.0335570469798485,2754607.0
2990,2022-12-14,29.56,30.28,28.91,29.51,-0.2999999999999971,-1.0063737001006268,3040738.0
2990,2022-12-15,29.3,29.72,28.81,28.96,-0.5500000000000007,-1.8637749915282995,2305068.0
2990,2022-12-16,28.96,29.07,28.3,28.38,-0.5800000000000018,-2.002762430939231,1606048.0
2990,2022-12-19,28.69,28.92,27.4,27.54,-0.8399999999999999,-2.959830866807611,1826244.0
2990,2022-12-20,27.98,28.1,27.22,27.35,-0.1899999999999977,-0.6899055918663688,1210100.0
2990,2022-12-21,27.3,27.6,26.87,27.34,-0.0100000000000015,-0.0365630712979903,1074600.0
2990,2022-12-22,27.4,29.2,27.2,27.4,0.0599999999999987,0.2194586686174116,2909830.0
2990,2022-12-23,27.68,28.48,26.98,27.55,0.1500000000000021,0.5474452554744547,2352396.0
2990,2022-12-26,27.55,27.99,27.12,27.3,-0.25,-0.907441016333943,1621771.0
2990,2022-12-27,28.0,29.5,26.7,27.2,-0.1000000000000014,-0.3663003663003761,3584842.0
2990,2022-12-28,26.98,27.5,25.96,27.29,0.0899999999999998,0.3308823529411864,3437017.0
2990,2022-12-29,27.17,27.49,26.58,26.66,-0.629999999999999,-2.308537925980214,1729731.0
2990,2022-12-30,26.65,27.77,26.41,27.43,0.7699999999999996,2.888222055513867,2427874.0
2990,2023-01-03,27.5,28.59,27.1,28.21,0.7800000000000011,2.8436018957346043,2460852.0
2990,2023-01-04,28.12,28.46,27.92,28.33,0.1199999999999974,0.4253810705423522,1377800.0
2990,2023-01-05,28.25,28.81,27.95,28.47,0.1400000000000005,0.4941757853865081,1588756.0
2990,2023-01-06,28.63,28.63,27.88,27.96,-0.509999999999998,-1.7913593256058902,1960000.0
2990,2023-01-09,28.23,29.27,28.05,29.05,1.09,3.8984263233190264,2618769.0
2990,2023-01-10,28.8,29.58,28.53,28.95,-0.1000000000000014,-0.3442340791738441,1847400.0
2990,2023-01-11,29.13,31.85,28.9,31.19,2.240000000000002,7.737478411053544,11000343.0
2990,2023-01-12,31.32,32.18,30.41,30.54,-0.6500000000000021,-2.0840012824623333,6763356.0
2990,2023-01-13,31.02,31.14,29.7,30.0,-0.5399999999999991,-1.7681728880157177,3188200.0
2990,2023-01-16,29.72,30.84,29.72,30.15,0.1499999999999985,0.4999999999999893,2611400.0
2990,2023-01-17,30.16,30.86,29.55,29.6,-0.5499999999999972,-1.8242122719734577,1530598.0
2990,2023-01-18,29.84,30.68,29.28,30.35,0.75,2.533783783783794,2074735.0
2990,2023-01-19,30.22,33.39,30.22,33.39,3.039999999999999,10.016474464579892,5413789.0
2990,2023-01-20,34.38,34.83,32.9,33.32,-0.0700000000000002,-0.2096436058700246,5592910.0
2990,2023-01-30,34.01,34.79,33.58,34.02,0.7000000000000028,2.1008403361344685,5011700.0
2990,2023-01-31,33.84,34.2,33.23,33.81,-0.2100000000000008,-0.6172839506172867,3167951.0
2990,2023-02-01,33.95,34.72,33.7,34.72,0.9099999999999966,2.6915113871635477,3819494.0
2990,2023-02-02,34.68,35.74,34.2,34.44,-0.2800000000000011,-0.8064516129032251,4881494.0
2990,2023-02-03,34.48,36.88,34.22,36.17,1.730000000000004,5.023228803716617,6622149.0
2990,2023-02-06,36.0,36.72,35.13,35.38,-0.7899999999999991,-2.1841304948852613,3599201.0
2990,2023-02-07,35.57,35.69,34.57,34.68,-0.7000000000000028,-1.9785189372526937,2868200.0
2990,2023-02-08,34.63,35.08,34.34,34.68,0.0,0.0,2580800.0
2990,2023-02-09,34.38,34.82,34.18,34.6,-0.0799999999999983,-0.2306805074971163,1784050.0
2990,2023-02-10,34.6,34.98,33.7,34.23,-0.3700000000000045,-1.0693641618497285,2278751.0
2990,2023-02-13,34.51,35.48,34.51,34.82,0.5900000000000034,1.723634238971683,2238000.0
2990,2023-02-14,35.17,35.49,34.58,34.72,-0.1000000000000014,-0.2871912693854117,1749388.0
2990,2023-02-15,34.8,36.06,34.38,36.01,1.2899999999999991,3.7154377880184386,3579724.0
2990,2023-02-16,36.02,36.15,34.21,34.47,-1.5399999999999991,-4.276589836156619,3051073.0
2990,2023-02-17,34.5,34.76,33.75,34.01,-0.4600000000000008,-1.3344937626922015,1630400.0
2990,2023-02-20,33.78,34.44,33.31,34.13,0.1200000000000045,0.3528374007645052,1346578.0
2990,2023-02-21,34.4,34.45,33.52,33.74,-0.3900000000000005,-1.1426897157925553,1260934.0
2990,2023-02-22,33.74,34.79,33.45,34.35,0.6099999999999994,1.8079430942501415,1282300.0
2990,2023-02-23,34.06,34.32,33.12,33.35,-1.0,-2.911208151382827,1442122.0
2990,2023-02-24,33.51,34.36,33.44,33.86,0.509999999999998,1.5292353823088467,1337200.0
2990,2023-02-27,33.87,34.77,33.5,33.56,-0.2999999999999971,-0.8860011813349056,1571100.0
2990,2023-02-28,33.75,35.09,33.75,34.72,1.1599999999999966,3.45649582836709,1959915.0
2990,2023-03-01,34.5,35.55,34.41,34.57,-0.1499999999999985,-0.4320276497695841,1953000.0
2990,2023-03-02,34.58,35.9,34.41,35.14,0.5700000000000003,1.6488284639861073,2799288.0
2990,2023-03-03,34.95,35.19,34.18,34.63,-0.509999999999998,-1.451337507114392,1614844.0
2990,2023-03-06,34.83,35.09,33.23,33.43,-1.2000000000000028,-3.4652035807103743,2494700.0
2990,2023-03-07,33.43,33.75,32.1,32.16,-1.2700000000000031,-3.798982949446617,2052734.0
2990,2023-03-08,32.3,32.97,32.15,32.68,0.5200000000000031,1.6169154228855789,1402000.0
2990,2023-03-09,32.69,33.5,32.25,33.16,0.4799999999999969,1.4687882496939864,1106800.0
2990,2023-03-10,33.0,33.38,32.7,32.71,-0.4499999999999957,-1.3570566948130192,1151300.0
2990,2023-03-13,33.53,35.5,33.53,35.2,2.490000000000002,7.612350963008252,4319778.0
2990,2023-03-14,34.81,35.46,33.75,33.88,-1.3200000000000005,-3.749999999999998,3240000.0
2990,2023-03-15,34.0,34.33,31.97,32.02,-1.8599999999999992,-5.489964580873674,3085621.0
2990,2023-03-16,32.13,32.47,31.15,31.65,-0.3700000000000045,-1.155527795128064,2003638.0
2990,2023-03-17,31.92,33.47,31.9,33.2,1.5500000000000045,4.897314375987372,3153900.0
2990,2023-03-20,33.2,34.59,32.9,33.01,-0.1900000000000048,-0.5722891566265154,2093690.0
2990,2023-03-21,33.0,34.25,32.74,33.94,0.9299999999999996,2.817328082399273,1992000.0
2990,2023-03-22,34.18,35.94,33.68,35.64,1.7000000000000028,5.008839127872733,4228100.0
2990,2023-03-23,35.75,36.7,35.1,36.45,0.8100000000000023,2.2727272727272707,3356814.0
2990,2023-03-24,36.54,36.8,35.32,36.18,-0.2700000000000031,-0.7407407407407529,2434700.0
2990,2023-03-27,36.29,38.28,35.91,36.82,0.6400000000000006,1.7689331122166865,3503300.0
2990,2023-03-28,36.55,37.0,35.96,36.04,-0.7800000000000011,-2.1184139054861495,1920700.0
2990,2023-03-29,36.0,36.31,35.5,35.6,-0.4399999999999977,-1.220865704772467,1980200.0
2990,2023-03-30,35.66,36.28,34.89,35.61,0.009999999999998,0.0280898876404478,1838679.0
2990,2023-03-31,35.72,37.83,35.26,37.79,2.1799999999999997,6.121875877562477,2972410.0
2990,2023-04-03,37.71,37.88,36.54,37.41,-0.3800000000000025,-1.005557025668169,3273700.0
2990,2023-04-04,38.0,38.46,35.95,36.31,-1.0999999999999943,-2.9403902699812745,3910474.0
2990,2023-04-06,35.9,36.3,34.41,34.55,-1.7600000000000051,-4.847149545579743,4908901.0
2990,2023-04-07,34.8,35.54,34.18,35.19,0.6400000000000006,1.8523878437047836,2372442.0
2990,2023-04-10,35.14,35.88,33.32,33.84,-1.3499999999999943,-3.836317135549861,3810360.0
2990,2023-04-11,33.92,34.7,33.6,34.58,0.7399999999999949,2.1867612293144045,2295900.0
2990,2023-04-12,34.58,36.81,34.58,36.6,2.020000000000003,5.841526894158489,4402451.0
2990,2023-04-13,36.27,38.18,36.02,36.68,0.0799999999999983,0.2185792349726822,5908519.0
2990,2023-04-14,38.18,40.35,37.83,40.35,3.6700000000000017,10.005452562704487,11450945.0
2990,2023-04-17,40.81,42.58,40.02,40.62,0.269999999999996,0.6691449814126393,15540909.0
2990,2023-04-18,40.05,42.2,40.05,40.5,-0.1199999999999974,-0.2954209748892156,8056065.0
2990,2023-04-19,40.4,41.45,39.55,39.81,-0.6899999999999977,-1.7037037037036962,6658848.0
2990,2023-04-20,39.56,40.32,39.33,39.6,-0.2100000000000008,-0.5275056518462717,4234167.0
2990,2023-04-21,39.81,39.99,38.02,38.14,-1.4600000000000009,-3.686868686868694,4382142.0
2990,2023-04-24,38.08,39.61,37.3,37.58,-0.5600000000000023,-1.4682747771368687,4521865.0
2990,2023-04-25,37.4,37.91,35.9,36.32,-1.259999999999998,-3.3528472591804137,5436569.0
2990,2023-04-26,36.68,37.88,36.36,36.59,0.2700000000000031,0.7433920704845942,4326200.0
2990,2023-04-27,36.15,36.9,35.61,36.01,-0.5800000000000054,-1.585132549877033,2956998.0
2990,2023-04-28,36.15,38.18,36.04,37.96,1.9500000000000028,5.4151624548736566,4331498.0
2990,2023-05-04,37.68,38.2,35.38,36.43,-1.5300000000000011,-4.030558482613278,4076398.0
2990,2023-05-05,36.25,36.49,34.87,36.07,-0.3599999999999994,-0.988196541312103,3778208.0
2990,2023-05-08,36.42,37.05,35.76,36.75,0.6799999999999997,1.8852231771555372,3023400.0
2990,2023-05-09,36.48,38.38,36.44,36.8,0.0499999999999971,0.1360544217686943,3939069.0
2990,2023-05-10,35.92,37.18,35.03,35.47,-1.3299999999999983,-3.614130434782603,3498102.0
2990,2023-05-11,35.61,36.16,34.8,34.87,-0.6000000000000014,-1.6915703411333527,2542432.0
2990,2023-05-12,34.83,35.6,34.5,34.77,-0.0999999999999943,-0.2867794665901813,2064769.0
2990,2023-05-15,34.44,34.95,34.32,34.76,-0.0100000000000051,-0.0287604256543172,1724302.0
2990,2023-05-16,34.53,35.17,32.77,33.63,-1.1299999999999957,-3.2508630609896283,3244928.0
2990,2023-05-17,33.56,34.74,33.37,34.6,0.9699999999999988,2.8843294677371345,2555400.0
2990,2023-05-18,34.59,35.79,33.9,35.22,0.6199999999999974,1.7919075144508634,2336283.0
2990,2023-05-19,35.66,36.18,35.03,35.93,0.7100000000000009,2.015900056785913,2088700.0
2990,2023-05-22,36.52,37.47,36.03,36.36,0.4299999999999997,1.1967715001391488,3056953.0
2990,2023-05-23,36.12,36.3,34.6,34.68,-1.6799999999999995,-4.62046204620462,3294904.0
2990,2023-05-24,35.28,35.63,34.21,35.03,0.3500000000000014,1.0092272202998798,2157298.0
2990,2023-05-25,34.77,35.45,33.64,34.34,-0.6899999999999977,-1.969740222666283,1995208.0
2990,2023-05-26,34.44,35.73,34.44,35.53,1.1899999999999975,3.4653465346534684,2184200.0
2990,2023-05-29,36.11,37.58,35.61,36.44,0.9099999999999966,2.5612158739093616,2979771.0
2990,2023-05-30,36.47,37.78,35.95,37.67,1.230000000000004,3.3754116355653174,3721157.0
2990,2023-05-31,37.28,38.27,37.27,37.99,0.3200000000000003,0.8494823466949741,2640400.0
2990,2023-06-01,37.74,38.66,37.52,38.13,0.1400000000000005,0.368518031060816,2909500.0
2990,2023-06-02,38.51,38.81,37.68,38.67,0.5399999999999991,1.4162077104642012,2763198.0
2990,2023-06-05,38.61,38.97,37.88,38.39,-0.2800000000000011,-0.7240755107318364,2198400.0
2990,2023-06-06,38.43,38.8,37.93,38.06,-0.3299999999999983,-0.8595988538681931,2569962.0
2990,2023-06-07,38.07,38.99,37.5,38.29,0.2299999999999968,0.6043089858118744,1898900.0
2990,2023-06-08,38.1,38.39,37.71,38.04,-0.25,-0.6529119874640887,1321900.0
2990,2023-06-09,38.34,38.73,37.8,38.5,0.4600000000000008,1.209253417455303,1826478.0
2990,2023-06-12,38.9,39.18,37.73,37.86,-0.6400000000000006,-1.6623376623376651,2143169.0
2990,2023-06-13,38.01,38.94,37.82,38.51,0.6499999999999986,1.716851558372956,2199280.0
2990,2023-06-14,38.7,38.83,38.21,38.54,0.0300000000000011,0.0779018436769751,1757600.0
2990,2023-06-15,38.68,39.45,38.45,38.51,-0.0300000000000011,-0.0778412039439624,1642600.0
2990,2023-06-16,38.48,39.38,38.01,39.3,0.7899999999999991,2.0514152168267907,2045600.0
2990,2023-06-19,39.39,40.21,39.0,39.86,0.5600000000000023,1.4249363867684606,1671900.0
2990,2023-06-20,39.78,39.87,39.2,39.63,-0.2299999999999968,-0.5770195684897117,1616200.0
2990,2023-06-21,39.64,39.84,38.8,39.11,-0.5200000000000031,-1.3121372697451503,1793820.0
2990,2023-06-26,37.02,37.66,35.2,35.28,-3.8299999999999983,-9.79289184351828,4241091.0
2990,2023-06-27,35.63,36.62,35.63,36.4,1.1199999999999974,3.1746031746031633,3120630.0
2990,2023-06-28,36.41,36.63,34.8,36.03,-0.3699999999999974,-1.0164835164835129,2401610.0
2990,2023-06-29,36.03,36.59,35.4,36.24,0.2100000000000008,0.5828476269775118,1629951.0
2990,2023-06-30,36.48,37.13,36.02,36.8,0.5599999999999952,1.5452538631346435,2021167.0
2990,2023-07-03,36.8,37.0,35.8,36.73,-0.0700000000000002,-0.1902173913043481,2118698.0
2990,2023-07-04,36.93,37.25,36.36,36.78,0.0500000000000042,0.1361285053090188,1532985.0
2990,2023-07-05,36.98,37.11,36.49,36.51,-0.2700000000000031,-0.7340946166394913,1343400.0
2990,2023-07-06,36.17,36.77,35.84,36.05,-0.4600000000000008,-1.2599287866338016,1319368.0
2990,2023-07-07,36.05,36.05,34.82,35.38,-0.6699999999999946,-1.858529819694854,1546100.0
2990,2023-07-10,35.35,35.75,34.95,35.47,0.0899999999999963,0.2543810062181961,1104620.0
2990,2023-07-11,35.46,36.47,35.17,36.21,0.740000000000002,2.0862700873978124,1168300.0
2990,2023-07-12,36.29,36.4,35.56,35.68,-0.5300000000000011,-1.4636840651753635,1581900.0
2990,2023-07-13,35.69,37.48,35.59,37.36,1.6799999999999995,4.7085201793722,2114825.0
2990,2023-07-14,36.85,37.43,36.57,36.66,-0.7000000000000028,-1.873661670235549,2209300.0
2990,2023-07-17,36.57,36.99,35.32,35.65,-1.009999999999998,-2.755046372067649,1813500.0
2990,2023-07-18,35.44,35.68,34.11,34.26,-1.3900000000000006,-3.8990182328190737,2436800.0
2990,2023-07-19,34.44,34.85,34.23,34.4,0.1400000000000005,0.4086398131932345,1654600.0
2990,2023-07-20,34.43,34.7,33.69,33.71,-0.6899999999999977,-2.0058139534883668,1176100.0
2990,2023-07-21,33.73,34.21,33.36,33.55,-0.1600000000000037,-0.4746366063482776,1154500.0
2990,2023-07-24,33.63,34.29,33.0,33.86,0.3100000000000023,0.9239940387481438,1430746.0
2990,2023-07-25,34.37,34.49,33.55,33.94,0.0799999999999983,0.2362669816893037,1369900.0
2990,2023-07-26,33.76,33.95,32.78,32.99,-0.9499999999999956,-2.799057159693563,1475158.0
2990,2023-07-27,32.8,33.33,32.42,32.5,-0.490000000000002,-1.4852985753258665,1205827.0
2990,2023-07-28,32.57,32.87,32.28,32.61,0.1099999999999994,0.3384615384615319,840307.0
2990,2023-07-31,32.77,33.75,32.6,33.39,0.7800000000000011,2.3919043238270543,1838478.0
2990,2023-08-01,33.43,33.46,32.21,32.31,-1.0799999999999983,-3.2345013477088846,2230347.0
2990,2023-08-02,32.41,32.68,32.15,32.55,0.2399999999999948,0.7428040854224438,1307400.0
2990,2023-08-03,32.36,32.66,31.96,32.44,-0.1099999999999994,-0.3379416282642045,1191392.0
2990,2023-08-04,32.54,33.3,32.33,33.11,0.6700000000000017,2.0653514180024812,1308500.0
2990,2023-08-07,33.3,33.6,32.9,33.36,0.25,0.7550588945937742,1663600.0
2990,2023-08-08,33.36,33.66,32.9,33.09,-0.269999999999996,-0.8093525179855954,1176500.0
2990,2023-08-09,32.88,33.34,32.7,32.82,-0.2700000000000031,-0.8159564823209564,903300.0
2990,2023-08-10,32.74,33.17,32.33,32.57,-0.25,-0.7617306520414369,965300.0
2990,2023-08-11,32.8,32.88,31.93,31.98,-0.5899999999999999,-1.8114829597789317,983099.0
2990,2023-08-14,31.97,32.47,31.7,32.3,0.3199999999999967,1.000625390869292,1495207.0
2990,2023-08-15,32.3,33.0,31.5,31.72,-0.5799999999999983,-1.7956656346749145,1191200.0
2990,2023-08-16,31.58,31.85,30.89,30.91,-0.8099999999999987,-2.55359394703657,1095600.0
2990,2023-08-17,30.91,31.6,30.33,31.29,0.379999999999999,1.2293756065997918,1081703.0
2990,2023-08-18,31.29,31.3,30.37,30.37,-0.9199999999999982,-2.940236497283466,1342613.0
2990,2023-08-21,30.22,31.29,30.22,30.34,-0.0300000000000011,-0.0987816924596707,1243401.0
2990,2023-08-22,30.75,31.28,30.27,31.22,0.879999999999999,2.9004614370468085,1449331.0
2990,2023-08-23,31.37,31.55,30.61,30.72,-0.5,-1.601537475976933,1503300.0
2990,2023-08-24,31.0,31.35,30.42,30.51,-0.2099999999999973,-0.6835937499999889,1708000.0
2990,2023-08-25,30.56,30.57,29.31,29.62,-0.8900000000000006,-2.9170763684038037,2062469.0
2990,2023-08-28,30.84,31.55,30.0,30.22,0.5999999999999979,2.025658338960157,2181100.0
2990,2023-08-29,30.01,31.32,29.8,30.97,0.75,2.481800132362677,2190867.0
2990,2023-08-30,30.9,31.85,30.9,31.77,0.8000000000000007,2.583144979011953,1914800.0
2990,2023-08-31,31.87,31.95,31.12,31.57,-0.1999999999999993,-0.6295247088448197,1750400.0
2990,2023-09-01,31.8,31.88,31.05,31.2,-0.370000000000001,-1.1719987329743442,1528876.0
2990,2023-09-04,31.19,31.69,30.71,31.35,0.1500000000000021,0.480769230769229,2500359.0
2990,2023-09-05,31.04,32.2,31.04,31.99,0.639999999999997,2.0414673046251997,2611321.0
2990,2023-09-06,31.78,32.14,31.31,31.96,-0.0299999999999975,-0.093779306033126,2680200.0
2990,2023-09-07,32.62,33.66,31.62,31.77,-0.1900000000000012,-0.5944931163955003,4173107.0
2990,2023-09-08,31.41,33.88,30.83,33.4,1.629999999999999,5.130626377085301,6293467.0
2990,2023-09-11,34.4,35.6,33.07,34.1,0.7000000000000028,2.095808383233533,11867732.0
2990,2023-09-12,33.3,33.3,31.93,32.24,-1.8599999999999992,-5.454545454545457,6874336.0
2990,2023-09-13,31.77,31.85,29.9,30.88,-1.360000000000003,-4.218362282878418,6588983.0
2990,2023-09-14,30.88,30.88,29.86,30.29,-0.5899999999999999,-1.9106217616580268,2970677.0
2990,2023-09-15,30.29,30.36,29.35,29.43,-0.8599999999999994,-2.8392208649719364,3159400.0
2990,2023-09-18,29.31,29.79,28.82,29.61,0.1799999999999997,0.6116207951070374,2804356.0
2990,2023-09-19,29.53,30.68,28.95,29.91,0.3000000000000007,1.0131712259371817,3722400.0
2990,2023-09-20,28.9,29.62,28.75,28.75,-1.16,-3.878301571380805,3174300.0
2990,2023-09-21,28.61,29.49,28.61,28.85,0.1000000000000014,0.3478260869565375,2761800.0
2990,2023-09-22,28.65,30.6,28.65,30.48,1.629999999999999,5.649913344887336,4421900.0
2990,2023-09-25,30.42,30.86,30.2,30.44,-0.0399999999999991,-0.1312335958005173,2477300.0
2990,2023-09-26,30.44,30.67,29.86,30.46,0.0199999999999995,0.0657030223390364,1973300.0
2990,2023-09-27,30.46,30.74,30.15,30.47,0.009999999999998,0.0328299409060983,2329188.0
2990,2023-09-28,30.62,31.08,30.36,30.88,0.4100000000000001,1.3455858221201211,1862900.0
2990,2023-10-09,30.88,31.31,30.62,31.08,0.1999999999999993,0.6476683937823857,3074700.0
2990,2023-10-10,31.05,31.49,30.99,31.29,0.2100000000000008,0.6756756756756799,2327600.0
2990,2023-10-11,31.29,31.51,30.73,31.17,-0.1199999999999974,-0.3835091083413178,2242800.0
2990,2023-10-12,31.3,31.3,30.79,30.86,-0.3100000000000023,-0.9945460378569247,2230466.0
2990,2023-10-13,30.94,31.12,30.59,30.66,-0.1999999999999993,-0.6480881399870353,2459000.0
2990,2023-10-16,30.59,30.68,29.8,30.2,-0.4600000000000008,-1.50032615786041,2267200.0
2990,2023-10-17,29.9,31.06,29.9,30.87,0.6700000000000017,2.218543046357624,2524000.0
2990,2023-10-18,30.8,30.8,29.94,30.36,-0.5100000000000016,-1.6520894071914485,1535964.0
2990,2023-10-19,29.95,30.73,29.85,29.97,-0.3900000000000005,-1.2845849802371578,1562300.0
2990,2023-10-20,29.8,30.27,29.1,29.26,-0.7099999999999973,-2.3690357023690267,1793373.0
2990,2023-10-23,28.96,29.49,28.21,28.36,-0.9000000000000021,-3.075871496924132,1688900.0
2990,2023-10-24,28.44,29.24,27.96,28.85,0.490000000000002,1.7277856135402114,2060989.0
2990,2023-10-25,28.89,30.44,28.7,29.9,1.0499999999999972,3.6395147313691423,2089066.0
2990,2023-10-26,29.69,30.74,29.39,30.71,0.8100000000000023,2.709030100334453,1939700.0
2990,2023-10-27,30.53,31.12,29.88,30.89,0.1799999999999997,0.5861282969716664,2056161.0
2990,2023-10-30,30.61,31.77,30.45,31.66,0.7699999999999996,2.4927160893493117,2118130.0
2990,2023-10-31,31.3,31.57,30.85,31.01,-0.6499999999999986,-2.0530638029058745,1741617.0
2990,2023-11-01,31.25,31.45,30.37,30.48,-0.5300000000000011,-1.7091260883585924,1803500.0
2990,2023-11-02,30.66,30.66,29.28,29.29,-1.1900000000000013,-3.9041994750656177,1674950.0
2990,2023-11-03,29.6,30.28,29.38,30.04,0.75,2.5606008876749797,1771990.0
2990,2023-11-06,30.22,31.3,30.14,31.17,1.1300000000000026,3.7616511318242503,2060390.0
2990,2023-11-07,30.95,31.5,30.85,31.12,-0.0500000000000007,-0.1604106512672509,1738090.0
2990,2023-11-08,31.22,31.69,30.91,31.4,0.2799999999999976,0.8997429305912519,1604300.0
2990,2023-11-09,31.3,31.62,30.95,31.05,-0.3499999999999978,-1.1146496815286566,1414654.0
2990,2023-11-10,31.25,31.25,30.63,30.89,-0.1600000000000001,-0.5152979066022523,1289960.0
2990,2023-11-13,31.13,31.9,30.96,31.78,0.8900000000000006,2.8811913240530895,1957716.0
2990,2023-11-14,31.91,32.47,31.79,32.16,0.3799999999999954,1.1957205789804748,2285900.0
2990,2023-11-15,32.24,32.58,32.02,32.12,-0.0399999999999991,-0.1243781094527385,1770300.0
2990,2023-11-16,32.24,32.38,31.8,31.97,-0.1499999999999985,-0.4669987546699783,1575400.0
2990,2023-11-17,31.86,32.1,31.61,31.92,-0.0499999999999971,-0.1563966218329548,1994100.0
2990,2023-11-20,32.17,32.35,31.6,31.94,0.0199999999999995,0.0626566416040086,2130700.0
2990,2023-11-21,32.0,32.1,31.36,31.39,-0.5500000000000007,-1.7219787100814066,1769500.0
2990,2023-11-22,31.5,31.83,30.92,30.95,-0.4400000000000013,-1.401720293086972,1472400.0
2990,2023-11-23,30.82,31.14,30.44,31.07,0.120000000000001,0.387722132471735,1677300.0
2990,2023-11-24,30.96,31.11,29.81,30.05,-1.0199999999999996,-3.2829095590601876,1698700.0
2990,2023-11-27,30.05,30.63,29.88,30.29,0.2399999999999984,0.7986688851913337,1428700.0
2990,2023-11-28,30.17,30.87,29.89,30.79,0.5,1.650709805216244,1631600.0
2990,2023-11-29,30.65,31.28,30.33,30.78,-0.009999999999998,-0.032478077297815,1239600.0
2990,2023-11-30,30.52,31.06,30.08,30.48,-0.3000000000000007,-0.974658869395717,1404300.0
2990,2023-12-01,30.37,30.99,30.05,30.9,0.4199999999999981,1.3779527559055094,1372667.0
2990,2023-12-04,31.3,31.3,30.53,30.55,-0.3499999999999978,-1.132686084142387,1687100.0
2990,2023-12-05,30.55,30.55,29.65,29.65,-0.9000000000000021,-2.9459901800327426,1362588.0
2990,2023-12-06,29.8,30.16,29.38,29.6,-0.0499999999999971,-0.1686340640809303,985900.0
2990,2023-12-07,29.85,30.18,29.5,29.92,0.3200000000000003,1.0810810810810922,953100.0
2990,2023-12-08,29.82,32.91,29.77,32.91,2.989999999999995,9.993315508021382,4223078.0
2990,2023-12-11,33.23,34.8,32.66,33.86,0.9500000000000028,2.8866605894864783,13230443.0
2990,2023-12-12,33.51,33.77,32.82,33.12,-0.740000000000002,-2.1854695806261093,8556154.0
2990,2023-12-13,32.85,35.41,32.81,34.54,1.4200000000000017,4.287439613526578,13073919.0
2990,2023-12-14,35.0,35.54,34.09,34.35,-0.1899999999999977,-0.5500868558193317,9780500.0
2990,2023-12-15,34.74,35.66,33.84,34.92,0.5700000000000003,1.6593886462882068,7096401.0
2990,2023-12-18,35.0,35.65,34.38,35.59,0.6700000000000017,1.9186712485681712,5790324.0
2990,2023-12-19,34.78,35.5,34.2,34.95,-0.6400000000000006,-1.7982579376229268,4124996.0
2990,2023-12-20,34.95,35.22,33.83,33.89,-1.0600000000000025,-3.032904148783988,3824761.0
2990,2023-12-21,33.88,34.23,33.3,34.06,0.1700000000000017,0.5016228976099102,3146424.0
2990,2023-12-22,33.92,34.28,32.7,33.05,-1.0100000000000051,-2.965355255431601,3879561.0
2990,2023-12-25,33.0,34.14,32.63,33.89,0.8400000000000034,2.5416036308623324,3891900.0
2990,2023-12-26,33.77,34.23,32.92,33.05,-0.8400000000000034,-2.478607258778409,2166700.0
2990,2023-12-27,33.18,33.88,32.7,33.49,0.4400000000000048,1.3313161875945667,2215418.0
2990,2023-12-28,33.48,34.35,33.08,34.14,0.6499999999999986,1.9408778739922417,2944900.0
2990,2023-12-29,34.04,34.53,33.29,34.53,0.3900000000000005,1.1423550087873435,3432192.0
2990,2024-01-02,34.48,34.68,33.57,33.63,-0.8999999999999986,-2.6064291920069427,2588400.0
2990,2024-01-03,33.57,33.58,32.76,32.83,-0.8000000000000043,-2.378828426999713,3106600.0
2990,2024-01-04,32.79,33.35,32.33,32.93,0.1000000000000014,0.3045994517209882,1915000.0
2990,2024-01-05,33.03,33.29,31.85,31.99,-0.9400000000000012,-2.8545399331916244,2142300.0
2990,2024-01-08,31.81,32.25,31.39,31.39,-0.5999999999999979,-1.8755861206626976,2161000.0
2990,2024-01-09,31.85,31.87,30.88,31.26,-0.129999999999999,-0.4141446320484188,2401100.0
2990,2024-01-10,31.16,31.16,30.14,30.28,-0.9800000000000004,-3.1349968010236706,1877578.0
2990,2024-01-11,30.28,31.0,30.2,30.67,0.3900000000000005,1.2879788639365897,2264100.0
2990,2024-01-12,30.56,30.66,29.91,30.04,-0.6300000000000026,-2.05412455167917,1752900.0
2990,2024-01-15,29.92,30.0,29.14,29.64,-0.3999999999999986,-1.3315579227696328,2580900.0
2990,2024-01-16,29.62,30.44,29.35,30.41,0.7699999999999996,2.597840755735481,2546800.0
2990,2024-01-17,30.27,30.68,29.29,29.38,-1.0300000000000011,-3.387043735613293,2177300.0
2990,2024-01-18,29.0,29.49,28.01,28.77,-0.6099999999999994,-2.076242341729062,2404000.0
2990,2024-01-19,28.78,28.87,27.66,27.68,-1.09,-3.788668752172397,2003076.0
2990,2024-01-22,27.79,27.99,24.91,24.91,-2.7699999999999996,-10.007225433526012,3444200.0
2990,2024-01-23,24.74,25.18,24.38,24.96,0.0500000000000007,0.2007226013649221,5221300.0
2990,2024-01-24,25.19,25.29,24.27,25.08,0.1199999999999974,0.480769230769229,4385700.0
2990,2024-01-25,25.18,26.08,24.69,25.93,0.8500000000000014,3.389154704944186,3372400.0
2990,2024-01-26,26.0,26.11,25.25,25.25,-0.6799999999999997,-2.6224450443501746,2634707.0
2990,2024-01-29,25.2,25.5,24.2,24.26,-0.9899999999999984,-3.920792079207913,2362400.0
2990,2024-01-30,24.24,24.52,23.74,23.95,-0.3100000000000023,-1.2778235779060232,2407461.0
2990,2024-01-31,23.02,23.5,21.87,21.99,-1.9600000000000009,-8.183716075156578,4445800.0
2990,2024-02-01,21.92,22.2,21.33,21.53,-0.4599999999999973,-2.0918599363346835,4471700.0
2990,2024-02-02,21.56,22.07,19.61,20.44,-1.09,-5.062703204830465,4608518.0
2990,2024-02-05,20.24,20.72,18.4,18.4,-2.0400000000000027,-9.98043052837575,6114221.0
2990,2024-02-06,17.69,19.18,17.03,18.65,0.25,1.3586956521739024,7085075.0
2990,2024-02-07,18.75,20.08,18.49,19.18,0.5300000000000011,2.8418230563002744,6372742.0
2990,2024-02-08,19.3,20.67,19.21,20.55,1.370000000000001,7.14285714285714,7840655.0
2990,2024-02-19,21.79,22.61,21.45,22.61,2.0599999999999987,10.024330900243308,8866616.0
2990,2024-02-20,22.47,22.47,21.59,22.35,-0.259999999999998,-1.1499336576735852,7518800.0
2990,2024-02-21,22.0,23.4,21.81,22.54,0.1899999999999977,0.8501118568232657,6689077.0
2990,2024-02-22,22.97,23.59,22.63,23.59,1.0500000000000007,4.658385093167716,6890100.0
2990,2024-02-23,23.89,25.95,23.38,25.95,2.359999999999999,10.004239084357769,8483760.0
2990,2024-02-26,26.47,26.66,25.05,25.39,-0.5599999999999987,-2.157996146435448,14558590.0
2990,2024-02-27,25.31,26.27,25.03,26.27,0.879999999999999,3.4659314690823173,9183607.0
2990,2024-02-28,26.23,27.07,24.47,24.53,-1.7399999999999984,-6.623524933384084,11456899.0
2990,2024-02-29,24.31,25.92,24.18,25.73,1.1999999999999993,4.891969017529552,7200944.0
2990,2024-03-01,25.91,26.47,25.45,26.39,0.6600000000000001,2.5650991061018313,6621000.0
2990,2024-03-04,26.53,26.8,25.46,26.28,-0.1099999999999994,-0.4168245547555904,5597400.0
2990,2024-03-05,26.0,26.39,25.61,25.84,-0.4400000000000013,-1.6742770167427756,4788975.0
2990,2024-03-06,25.75,26.28,25.55,25.95,0.1099999999999994,0.4256965944272384,4489918.0
2990,2024-03-07,25.98,26.33,25.16,25.19,-0.759999999999998,-2.928709055876677,4545600.0
2990,2024-03-08,25.2,25.65,24.92,25.58,0.389999999999997,1.548233425962664,3551064.0
2990,2024-03-11,25.28,25.87,25.13,25.87,0.2900000000000027,1.1336982017201125,3212393.0
2990,2024-03-12,26.07,26.79,25.6,26.48,0.6099999999999994,2.357943563973719,6549900.0
2990,2024-03-13,26.27,26.78,26.07,26.44,-0.0399999999999991,-0.151057401812682,5006800.0
2990,2024-03-14,26.36,26.45,25.41,25.83,-0.610000000000003,-2.3071104387292096,4512000.0
2990,2024-03-15,25.86,26.95,25.45,26.58,0.75,2.9036004645760727,6694500.0
2990,2024-03-18,26.92,27.11,26.41,27.01,0.4300000000000032,1.6177577125658482,6612075.0
2990,2024-03-19,27.0,27.37,26.7,26.93,-0.0800000000000018,-0.2961865975564692,5058000.0
2990,2024-03-20,26.98,27.78,26.69,27.54,0.6099999999999994,2.2651318232454587,6997864.0
2990,2024-03-21,27.91,28.1,27.07,27.4,-0.1400000000000005,-0.5083514887436524,7035500.0
2990,2024-03-22,27.3,27.48,26.43,26.97,-0.4299999999999997,-1.5693430656934293,5563125.0
2990,2024-03-25,26.92,27.05,25.8,25.81,-1.16,-4.3010752688172005,4311300.0
2990,2024-03-26,25.76,26.12,24.96,25.4,-0.4100000000000001,-1.588531576908181,4204185.0
2990,2024-03-27,25.4,25.45,23.81,23.85,-1.5499999999999972,-6.102362204724399,4097100.0
2990,2024-03-28,23.92,25.5,23.85,25.1,1.25,5.2410901467505155,4382357.0
2990,2024-03-29,25.12,25.35,24.59,25.35,0.25,0.9960159362549792,2914964.0
2990,2024-04-01,25.27,25.78,25.25,25.75,0.3999999999999986,1.5779092702169484,2910600.0
2990,2024-04-02,25.64,25.68,24.8,25.1,-0.6499999999999986,-2.5242718446601864,2863136.0
2990,2024-04-03,24.88,24.96,24.07,24.26,-0.8399999999999999,-3.3466135458167345,2445900.0
2990,2024-04-08,24.34,24.5,23.59,23.6,-0.6600000000000001,-2.7205276174773307,2196265.0
2990,2024-04-09,23.7,23.86,23.19,23.8,0.1999999999999993,0.8474576271186418,3167658.0
2990,2024-04-10,23.74,23.74,22.58,22.85,-0.9499999999999992,-3.991596638655459,3332968.0
2990,2024-04-11,22.53,23.36,22.53,22.88,0.0299999999999975,0.1312910284463786,2828631.0
2990,2024-04-12,22.99,23.37,22.72,22.87,-0.009999999999998,-0.0437062937062804,2682400.0
2990,2024-04-15,23.1,23.18,21.3,21.93,-0.9400000000000012,-4.11018801923918,4461532.0
2990,2024-04-16,21.78,22.14,20.69,20.69,-1.2399999999999984,-5.654354765161873,3792680.0
2990,2024-04-17,20.81,22.08,20.81,22.05,1.3599999999999994,6.573223779603676,4371028.0
2990,2024-04-18,22.0,22.74,21.7,22.15,0.0999999999999978,0.4535147392290106,4093406.0
2990,2024-04-19,21.97,22.18,21.3,21.65,-0.5,-2.257336343115124,3132500.0
2990,2024-04-22,21.27,21.8,20.7,21.49,-0.1600000000000001,-0.7390300230946889,2833900.0
2990,2024-04-23,21.49,22.1,21.45,21.83,0.3399999999999998,1.5821312238250451,2867464.0
2990,2024-04-24,21.96,22.55,21.8,22.51,0.6800000000000033,3.1149793861658504,3455200.0
2990,2024-04-25,22.35,22.92,22.26,22.58,0.0699999999999967,0.3109729009328932,3349900.0
2990,2024-04-26,22.33,23.2,22.33,22.98,0.4000000000000021,1.7714791851195957,3502636.0
2990,2024-04-29,23.25,23.82,23.25,23.77,0.7899999999999991,3.4377719756309766,4016800.0
2990,2024-04-30,23.4,23.57,22.8,23.15,-0.620000000000001,-2.608329827513678,4815400.0
2990,2024-05-06,23.66,23.73,23.18,23.34,0.1900000000000012,0.8207343412527157,3720388.0
2990,2024-05-07,23.61,23.63,23.09,23.3,-0.0399999999999991,-0.1713796058269046,2999188.0
2990,2024-05-08,23.25,23.28,22.56,22.57,-0.7300000000000004,-3.1330472103004325,2751133.0
2990,2024-05-09,22.59,23.21,22.59,23.15,0.5799999999999983,2.569782897651751,2903909.0
2990,2024-05-10,23.16,23.19,22.5,22.53,-0.6199999999999974,-2.6781857451403823,2753000.0
2990,2024-05-13,22.5,22.53,21.76,21.99,-0.5400000000000027,-2.3968042609853635,3182625.0
2990,2024-05-14,22.38,22.98,22.15,22.58,0.5899999999999999,2.683037744429284,3362966.0
2990,2024-05-15,22.48,22.68,22.02,22.02,-0.5599999999999987,-2.4800708591674048,2940300.0
2990,2024-05-16,21.81,22.15,21.7,21.8,-0.2199999999999988,-0.9990917347865502,2640100.0
2990,2024-05-17,21.78,22.16,21.64,22.14,0.3399999999999998,1.559633027522933,2131500.0
2990,2024-05-20,22.07,22.41,21.82,22.24,0.0999999999999978,0.4516711833784992,2332800.0
2990,2024-05-21,22.3,22.3,21.91,22.01,-0.2299999999999968,-1.0341726618704916,1717300.0
2990,2024-05-22,21.95,22.2,21.82,22.13,0.1199999999999974,0.5452067242162517,1601200.0
2990,2024-05-23,22.17,22.17,21.42,21.47,-0.6600000000000001,-2.9823768639855364,2298400.0
2990,2024-05-24,21.46,21.77,21.06,21.08,-0.3900000000000005,-1.816488122962279,1894323.0
2990,2024-05-27,21.05,21.27,20.5,21.09,0.0100000000000015,0.0474383301707792,2397523.0
2990,2024-05-28,21.1,21.25,20.72,20.78,-0.3099999999999987,-1.4698909435751473,1678800.0
2990,2024-05-29,20.59,21.01,20.59,20.75,-0.0300000000000011,-0.1443695861405247,1621100.0
2990,2024-05-30,20.76,21.06,20.36,20.87,0.120000000000001,0.5783132530120527,1797126.0
2990,2024-05-31,20.87,21.6,20.83,21.42,0.5500000000000007,2.6353617632965953,2431300.0
2990,2024-06-03,21.27,21.49,20.7,20.91,-0.5100000000000016,-2.3809523809523836,2636600.0
2990,2024-06-04,20.84,20.88,20.21,20.61,-0.3000000000000007,-1.434720229555242,2633000.0
2990,2024-06-05,20.37,20.91,20.37,20.46,-0.1499999999999985,-0.727802037845704,1986300.0
2990,2024-06-06,20.68,20.75,19.36,19.53,-0.9299999999999996,-4.545454545454541,3436800.0
2990,2024-06-07,19.65,20.06,19.58,19.89,0.3599999999999994,1.8433179723502224,2287737.0
2990,2024-06-11,19.62,20.45,19.28,20.28,0.3900000000000005,1.9607843137254832,2303937.0
2990,2024-06-12,20.28,20.58,20.11,20.36,0.0799999999999983,0.3944773175542426,1949847.0
2990,2024-06-13,20.4,20.79,20.32,20.57,0.2100000000000008,1.031434184675839,2588750.0
2990,2024-06-14,20.55,20.62,20.28,20.52,-0.0500000000000007,-0.2430724355858116,1923600.0
2990,2024-06-17,20.71,20.93,20.46,20.67,0.1500000000000021,0.7309941520468044,2497000.0
2990,2024-06-18,20.63,21.74,20.58,21.58,0.9099999999999966,4.402515723270417,4682610.0
2990,2024-06-19,21.85,22.24,21.75,21.9,0.3200000000000003,1.4828544949026856,5694400.0
2990,2024-06-20,22.16,22.79,21.45,21.45,-0.4499999999999993,-2.0547945205479423,8050700.0
2990,2024-06-21,21.46,21.69,20.94,21.17,-0.2799999999999976,-1.305361305361297,4118144.0
2990,2024-06-24,20.9,21.14,19.9,19.94,-1.2300000000000004,-5.810108644307988,4580900.0
2990,2024-06-25,20.32,21.31,19.33,19.55,-0.3900000000000005,-1.9558676028084256,4941100.0
2990,2024-06-26,19.4,20.8,19.12,20.75,1.1999999999999993,6.13810741687979,4727200.0
2990,2024-06-27,20.67,20.8,20.14,20.14,-0.6099999999999994,-2.9397590361445736,3100231.0
2990,2024-06-28,20.14,20.67,19.97,20.13,-0.0100000000000015,-0.0496524329692271,2852400.0
2990,2024-07-01,20.04,20.13,19.35,19.95,-0.1799999999999997,-0.894187779433675,3063400.0
2990,2024-07-02,19.97,20.24,19.88,19.92,-0.0299999999999975,-0.1503759398496118,2572700.0
2990,2024-07-03,19.71,20.07,19.46,19.48,-0.4400000000000013,-2.208835341365467,2248465.0
2990,2024-07-04,19.65,19.85,18.8,18.84,-0.6400000000000006,-3.285420944558526,2904100.0
2990,2024-07-05,18.6,19.09,18.53,18.89,0.0500000000000007,0.2653927813163426,2260700.0
2990,2024-07-08,18.88,18.88,18.01,18.12,-0.7699999999999996,-4.076230809952353,2367285.0
2990,2024-07-09,18.13,18.75,17.74,18.68,0.5599999999999987,3.0905077262693093,2921200.0
2990,2024-07-10,18.54,19.33,18.51,18.98,0.3000000000000007,1.605995717344766,2893000.0
2990,2024-07-11,19.5,19.58,19.1,19.58,0.5999999999999979,3.1612223393045147,2775500.0
2990,2024-07-12,19.54,19.54,19.22,19.3,-0.2799999999999976,-1.43003064351378,1994600.0
2990,2024-07-15,19.3,19.3,18.78,18.88,-0.4200000000000017,-2.1761658031088205,1786907.0
2990,2024-07-16,18.95,19.27,18.69,19.2,0.3200000000000003,1.6949152542372836,1868800.0
2990,2024-07-17,19.2,19.2,18.76,18.76,-0.4399999999999977,-2.2916666666666585,1763000.0
2990,2024-07-18,18.57,18.61,18.02,18.26,-0.5,-2.6652452025586304,2372000.0
2990,2024-07-19,18.17,18.75,18.09,18.65,0.389999999999997,2.135815991237666,2047501.0
2990,2024-07-22,18.65,18.95,18.57,18.87,0.2200000000000024,1.1796246648793751,1804500.0
2990,2024-07-23,18.88,18.99,18.28,18.38,-0.490000000000002,-2.5967143614202493,1954300.0
2990,2024-07-24,18.44,18.44,17.78,17.82,-0.5599999999999987,-3.046789989118603,2432400.0
2990,2024-07-25,17.7,18.23,17.61,18.06,0.2399999999999984,1.346801346801341,2049281.0
2990,2024-07-26,18.06,18.41,18.0,18.23,0.1700000000000017,0.9413067552602516,1639300.0
2990,2024-07-29,18.38,18.75,17.99,18.5,0.2699999999999996,1.4810751508502529,2155600.0
2990,2024-07-30,18.41,19.1,18.27,18.84,0.3399999999999998,1.8378378378378413,2238250.0
2990,2024-07-31,18.81,19.49,18.72,19.49,0.6499999999999986,3.45010615711252,2374400.0
2990,2024-08-01,19.39,19.67,19.31,19.51,0.0200000000000031,0.1026167265264499,2323200.0
2990,2024-08-02,19.4,19.59,19.07,19.14,-0.370000000000001,-1.89646335212712,1930165.0
2990,2024-08-05,19.29,19.29,18.26,18.26,-0.879999999999999,-4.597701149425282,2646000.0
2990,2024-08-06,18.45,18.84,18.37,18.63,0.3699999999999974,2.026286966045987,1469200.0
2990,2024-08-07,18.88,18.98,18.35,18.7,0.0700000000000002,0.3757380568974788,1451100.0
2990,2024-08-08,18.55,18.63,18.17,18.47,-0.2300000000000004,-1.2299465240641738,1487500.0
2990,2024-08-09,18.43,18.66,18.21,18.21,-0.259999999999998,-1.4076881429344823,1346044.0
2990,2024-08-12,18.2,18.36,17.96,18.1,-0.1099999999999994,-0.6040637012630357,1175398.0
2990,2024-08-13,18.15,18.34,18.03,18.3,0.1999999999999993,1.104972375690605,1117500.0
2990,2024-08-14,18.21,18.33,18.04,18.04,-0.2600000000000015,-1.4207650273224126,955700.0
2990,2024-08-15,18.02,18.58,17.8,18.41,0.370000000000001,2.0509977827050996,1669477.0
2990,2024-08-16,18.4,18.67,18.4,18.53,0.120000000000001,0.6518196632265161,1458754.0
2990,2024-08-19,18.58,18.87,18.36,18.4,-0.1300000000000025,-0.7015650296816167,1720822.0
2990,2024-08-20,18.42,18.42,17.74,17.82,-0.5799999999999983,-3.1521739130434656,1582500.0
2990,2024-08-21,17.8,18.14,17.73,17.83,0.009999999999998,0.0561167227833836,1261884.0
2990,2024-08-22,17.78,18.22,17.56,17.76,-0.0699999999999967,-0.3925967470555069,2395216.0
2990,2024-08-23,17.76,18.64,17.66,18.34,0.5799999999999983,3.26576576576576,2970636.0
2990,2024-08-26,18.48,19.1,18.22,18.75,0.4100000000000001,2.235550708833145,3918300.0
2990,2024-08-27,18.67,18.75,18.24,18.28,-0.4699999999999988,-2.506666666666657,2273700.0
2990,2024-08-28,18.22,18.58,17.9,18.5,0.2199999999999988,1.2035010940919078,1846200.0
2990,2024-08-29,18.35,18.81,18.25,18.78,0.2800000000000011,1.5135135135135205,1929700.0
2990,2024-08-30,18.76,19.43,18.63,18.99,0.2099999999999973,1.118210862619784,3326300.0
2990,2024-09-02,18.81,18.98,17.98,18.01,-0.9799999999999968,-5.160610847814628,3398000.0
2990,2024-09-03,18.0,18.37,17.87,18.37,0.3599999999999994,1.9988895058300928,2649350.0
2990,2024-09-04,18.24,18.29,17.93,18.05,-0.3200000000000003,-1.741970604246057,1876317.0
2990,2024-09-05,17.99,18.5,17.99,18.43,0.379999999999999,2.105263157894721,1908240.0
2990,2024-09-06,18.35,18.58,17.93,17.96,-0.4699999999999988,-2.5501899077590817,1972900.0
2990,2024-09-09,17.82,17.95,17.37,17.49,-0.4700000000000024,-2.6169265033407663,2211827.0
2990,2024-09-10,17.49,18.12,17.09,17.95,0.4600000000000008,2.630074328187537,2666600.0
2990,2024-09-11,17.91,17.95,17.69,17.83,-0.120000000000001,-0.6685236768802283,1310622.0
2990,2024-09-12,17.83,18.09,17.76,17.8,-0.0299999999999975,-0.1682557487380664,1237848.0
2990,2024-09-13,17.92,17.92,17.32,17.33,-0.4700000000000024,-2.6404494382022636,1390166.0
2990,2024-09-18,17.32,17.38,16.75,17.06,-0.2699999999999996,-1.5579919215233715,1569864.0
2990,2024-09-19,17.14,17.73,17.06,17.63,0.5700000000000003,3.341148886283696,2178378.0
2990,2024-09-20,17.77,19.39,17.65,19.39,1.7600000000000016,9.982983550765743,6148196.0
2990,2024-09-23,20.49,20.8,19.7,19.97,0.5799999999999983,2.991232594120663,14215029.0
2990,2024-09-24,19.99,20.41,19.4,20.39,0.4200000000000017,2.103154732098167,11503559.0
2990,2024-09-25,20.3,20.58,20.06,20.12,-0.2699999999999996,-1.3241785188818025,9660988.0
2990,2024-09-26,20.03,20.35,19.9,20.34,0.2199999999999988,1.0934393638170947,6543316.0
2990,2024-09-27,20.48,21.52,20.44,21.27,0.9299999999999996,4.572271386430682,8994766.0
2990,2024-09-30,22.3,23.3,21.58,23.26,1.990000000000002,9.35590032910203,10845728.0
2990,2024-10-08,25.58,25.58,23.12,24.99,1.7299999999999969,7.437661220980218,11290936.0
2990,2024-10-09,24.4,24.4,22.49,22.49,-2.5,-10.004001600640256,7726248.0
2990,2024-10-10,22.72,23.12,21.89,22.23,-0.259999999999998,-1.156069364161838,5265175.0
2990,2024-10-11,21.99,22.28,20.9,21.18,-1.0500000000000007,-4.723346828609987,4453950.0
2990,2024-10-14,21.2,21.9,20.85,21.81,0.629999999999999,2.974504249291776,4052344.0
2990,2024-10-15,21.81,22.29,21.45,21.45,-0.3599999999999994,-1.6506189821182904,4640400.0
2990,2024-10-16,21.17,23.6,21.17,23.0,1.5500000000000007,7.226107226107237,13294536.0
2990,2024-10-17,22.6,22.82,22.12,22.23,-0.7699999999999996,-3.347826086956518,10226312.0
2990,2024-10-18,22.05,23.55,21.91,22.9,0.6699999999999982,3.013945119208272,8443238.0
2990,2024-10-21,23.0,24.15,23.0,23.63,0.7300000000000004,3.1877729257641985,8270156.0
2990,2024-10-22,23.53,23.63,23.0,23.19,-0.4399999999999977,-1.8620397799407384,4639664.0
2990,2024-10-23,23.07,23.4,22.85,22.93,-0.2600000000000015,-1.1211729193618014,3768088.0
2990,2024-10-24,22.8,22.9,22.46,22.6,-0.3299999999999983,-1.4391626689925774,2812514.0
2990,2024-10-25,23.17,23.17,22.71,22.89,0.2899999999999991,1.2831858407079677,2866064.0
2990,2024-10-28,22.9,22.94,22.48,22.92,0.0300000000000011,0.1310615989515096,4127200.0
2990,2024-10-29,23.08,23.18,22.41,22.42,-0.5,-2.1815008726003504,3770300.0
2990,2024-10-30,22.25,23.09,22.06,22.48,0.0599999999999987,0.267618198037467,3702100.0
2990,2024-10-31,22.37,22.58,21.86,22.39,-0.0899999999999998,-0.4003558718861155,4097650.0
2990,2024-11-01,22.39,22.46,21.21,21.35,-1.0399999999999991,-4.644930772666367,4584266.0
2990,2024-11-04,21.32,21.94,21.0,21.82,0.4699999999999988,2.2014051522248224,2366400.0
2990,2024-11-05,21.9,23.15,21.72,23.0,1.1799999999999995,5.407882676443632,5705666.0
2990,2024-11-06,23.06,23.28,22.62,22.95,-0.0500000000000007,-0.2173913043478248,4919954.0
2990,2024-11-07,22.95,23.3,22.71,23.3,0.3500000000000014,1.5250544662309462,4136712.0
2990,2024-11-08,23.43,24.06,23.39,23.43,0.129999999999999,0.5579399141630859,4890800.0
2990,2024-11-11,23.51,24.99,23.51,24.56,1.129999999999999,4.822876653862562,6427919.0
2990,2024-11-12,24.6,24.94,23.91,24.16,-0.3999999999999986,-1.628664495113996,5317829.0
2990,2024-11-13,23.91,24.34,23.68,24.33,0.1699999999999981,0.7036423841059625,3190612.0
2990,2024-11-14,24.36,24.62,23.65,23.66,-0.6699999999999982,-2.753801890669949,3794476.0
2990,2024-11-15,23.69,24.53,23.4,23.43,-0.2300000000000004,-0.9721048182586678,3912400.0
2990,2024-11-18,23.54,23.75,22.36,22.51,-0.9199999999999982,-3.926589842082795,3562700.0
2990,2024-11-19,22.66,23.27,22.48,23.25,0.7399999999999984,3.2874278098622867,2696292.0
2990,2024-11-20,23.12,24.05,23.1,23.83,0.5799999999999983,2.4946236559139745,3482866.0
2990,2024-11-21,23.82,24.01,23.38,23.7,-0.129999999999999,-0.5455308434746065,2417494.0
2990,2024-11-22,23.63,24.5,23.06,23.11,-0.5899999999999999,-2.4894514767932474,5420100.0
2990,2024-11-25,23.35,23.54,22.73,23.25,0.1400000000000005,0.6057983556901902,3599636.0
2990,2024-11-26,23.21,23.55,22.77,22.77,-0.4800000000000004,-2.0645161290322567,2454600.0
2990,2024-11-27,22.64,23.81,22.0,23.78,1.0100000000000016,4.435660957400089,3918400.0
2990,2024-11-28,23.88,24.86,23.8,23.84,0.0599999999999987,0.2523128679562614,4722729.0
2990,2024-11-29,23.84,24.26,23.52,24.13,0.2899999999999991,1.2164429530201248,3558300.0
2990,2024-12-02,24.12,24.8,23.93,24.49,0.3599999999999994,1.4919187733112294,5144700.0
2990,2024-12-03,24.48,26.26,24.01,26.02,1.5300000000000011,6.247447937933859,11996709.0
2990,2024-12-04,25.83,27.3,25.23,25.45,-0.5700000000000003,-2.190622598001535,10157359.0
2990,2024-12-05,25.43,26.08,25.31,26.08,0.629999999999999,2.4754420432220092,8911712.0
2990,2024-12-06,26.14,26.33,25.39,25.77,-0.3099999999999987,-1.1886503067484622,5902431.0
2990,2024-12-09,25.78,28.35,24.87,27.22,1.4499999999999993,5.626697710516093,13340257.0
2990,2024-12-10,27.82,28.1,27.0,27.9,0.6799999999999997,2.4981631153563555,13944749.0
2990,2024-12-11,28.0,28.09,27.07,27.8,-0.0999999999999978,-0.3584229390680926,8176476.0
2990,2024-12-12,27.81,28.3,27.45,27.84,0.0399999999999991,0.1438848920863211,7521976.0
2990,2024-12-13,27.7,27.7,26.22,26.28,-1.5599999999999987,-5.603448275862066,7758194.0
2990,2024-12-16,26.24,26.3,25.27,25.45,-0.8300000000000018,-3.158295281582957,5804533.0
2990,2024-12-17,25.32,25.46,24.32,24.4,-1.0500000000000007,-4.1257367387033455,3891239.0
2990,2024-12-18,24.75,25.11,24.25,25.11,0.7100000000000009,2.9098360655737787,3786552.0
2990,2024-12-19,25.29,26.8,25.21,26.28,1.1700000000000017,4.659498207885315,8842588.0
2990,2024-12-20,25.66,26.6,25.52,26.18,-0.1000000000000014,-0.3805175038051778,5239908.0
2990,2024-12-23,26.15,26.15,24.52,24.61,-1.5700000000000005,-5.996944232238355,4240021.0
2990,2024-12-24,25.0,25.23,24.38,24.96,0.3500000000000014,1.4221861032100769,2642048.0
2990,2024-12-25,24.74,24.85,24.0,24.28,-0.6799999999999997,-2.724358974358976,2469500.0
2990,2024-12-26,24.2,24.88,24.2,24.63,0.3499999999999978,1.4415156507413318,2088096.0
2990,2024-12-27,24.63,24.9,24.31,24.43,-0.1999999999999993,-0.8120178643930109,2454539.0
2990,2024-12-30,24.44,24.66,23.88,24.3,-0.129999999999999,-0.5321326238231672,2053300.0
2990,2024-12-31,24.16,24.39,23.17,23.17,-1.129999999999999,-4.650205761316872,2712665.0
2990,2025-01-02,23.17,23.19,21.92,22.19,-0.9800000000000004,-4.229607250755285,2931905.0
2990,2025-01-03,22.27,22.34,21.19,21.22,-0.9700000000000024,-4.3713384407390805,2439094.0
2990,2025-01-06,21.02,21.42,20.67,21.19,-0.0299999999999975,-0.1413760603204417,1774750.0
2990,2025-01-07,21.32,21.75,21.19,21.73,0.5399999999999991,2.5483718735252348,1869879.0
2990,2025-01-08,21.67,21.76,20.72,21.48,-0.25,-1.1504832029452403,2333807.0
2990,2025-01-09,21.38,22.05,21.21,21.9,0.4199999999999981,1.9553072625698276,2287893.0
2990,2025-01-10,21.8,22.85,21.61,21.83,-0.0700000000000002,-0.3196347031963475,3295143.0
2990,2025-01-13,21.71,22.11,21.1,22.04,0.2100000000000008,0.9619789280806312,1757800.0
2990,2025-01-14,22.11,23.29,21.99,23.26,1.2200000000000024,5.535390199637025,3684200.0
2990,2025-01-15,23.22,23.3,22.88,22.93,-0.3300000000000018,-1.4187446259673386,2311503.0
2990,2025-01-16,22.97,23.35,22.12,22.36,-0.5700000000000003,-2.4858264282599185,3384200.0
2990,2025-01-17,22.17,22.64,22.13,22.4,0.0399999999999991,0.1788908765652852,2132089.0
2990,2025-01-20,22.62,22.73,22.3,22.48,0.0800000000000018,0.3571428571428559,1766560.0
2990,2025-01-21,22.57,22.7,22.17,22.69,0.2100000000000008,0.9341637010676253,1896800.0
2990,2025-01-22,22.5,22.66,22.2,22.28,-0.4100000000000001,-1.8069634200088112,1510200.0
2990,2025-01-23,22.57,23.19,22.49,22.73,0.4499999999999993,2.019748653500897,2936100.0
2990,2025-01-24,22.61,23.45,22.61,23.39,0.6600000000000001,2.9036515618125813,3234700.0
2990,2025-01-27,23.6,24.1,23.27,23.43,0.0399999999999991,0.1710132535271524,3149592.0
2990,2025-02-05,23.91,24.62,23.82,24.46,1.0300000000000011,4.39607341015793,5131682.0
2990,2025-02-06,24.36,24.91,24.3,24.9,0.4399999999999977,1.7988552739165886,5102240.0
2990,2025-02-07,24.9,25.51,24.68,25.08,0.1799999999999997,0.7228915662650603,5666242.0
2990,2025-02-10,25.08,26.19,25.0,26.07,0.990000000000002,3.9473684210526327,7884991.0
2990,2025-02-11,25.9,26.28,25.7,25.92,-0.1499999999999985,-0.5753739930955071,4392729.0
2990,2025-02-12,25.8,26.48,25.76,26.26,0.3399999999999998,1.311728395061729,3841200.0
2990,2025-02-13,26.15,26.37,25.68,25.71,-0.5500000000000007,-2.0944402132521023,4024507.0
2990,2025-02-14,25.71,28.28,25.49,28.28,2.5700000000000003,9.996110462854912,10415898.0
2990,2025-02-17,30.0,30.0,27.81,28.11,-0.1700000000000017,-0.601131541725608,14621877.0
2990,2025-02-18,27.83,28.38,26.94,27.15,-0.9600000000000009,-3.415154749199578,7147589.0
2990,2025-02-19,27.03,28.24,27.0,27.85,0.7000000000000028,2.5782688766114337,6552714.0
2990,2025-02-20,28.24,30.64,27.86,30.64,2.789999999999999,10.01795332136446,13208114.0
2990,2025-02-21,31.3,33.7,30.88,33.7,3.0600000000000023,9.98694516971279,23631354.0
2990,2025-02-24,33.7,33.7,30.34,31.35,-2.3500000000000014,-6.973293768545997,20781641.0
2990,2025-02-25,31.0,33.68,30.8,32.82,1.4699999999999989,4.688995215311009,16120334.0
2990,2025-02-26,32.3,32.64,31.33,31.66,-1.16,-3.5344302254722737,12318426.0
2990,2025-02-27,31.66,31.8,30.18,31.04,-0.620000000000001,-1.9583070120025248,8341296.0
2990,2025-02-28,30.51,31.09,28.45,28.53,-2.509999999999998,-8.086340206185561,7653619.0
2990,2025-03-03,28.7,29.85,28.31,28.96,0.4299999999999997,1.5071854188573486,5526946.0
2990,2025-03-04,29.01,30.24,28.8,29.79,0.8299999999999983,2.866022099447507,6007039.0
2990,2025-03-05,29.6,30.05,29.24,29.86,0.0700000000000002,0.2349781805975226,4197656.0
2990,2025-03-06,30.2,31.54,30.09,30.71,0.8500000000000014,2.8466175485599488,6441800.0
2990,2025-03-07,30.51,31.21,30.02,30.29,-0.4200000000000017,-1.3676326929339069,4474400.0
2990,2025-03-10,30.28,30.29,29.47,29.73,-0.5599999999999987,-1.8487949818421832,3507747.0
2990,2025-03-11,29.17,30.87,29.0,29.79,0.0599999999999987,0.2018163471241063,4719900.0
2990,2025-03-12,30.03,30.16,29.58,29.65,-0.1400000000000005,-0.4699563611950341,4327500.0
2990,2025-03-13,29.66,29.66,28.36,28.73,-0.9199999999999982,-3.102866779089375,4006700.0
2990,2025-03-14,28.62,31.5,28.62,31.28,2.5500000000000007,8.875739644970416,8618002.0
2990,2025-03-17,31.5,34.41,31.5,34.41,3.1299999999999955,10.00639386189257,11579790.0
2990,2025-03-18,34.45,34.98,32.0,32.46,-1.9499999999999955,-5.666957279860496,21880547.0
2990,2025-03-19,32.2,32.22,31.02,31.15,-1.3100000000000025,-4.0357362908194805,10166930.0
2990,2025-03-20,31.2,31.45,30.61,30.69,-0.4599999999999973,-1.476725521669331,6109300.0
2990,2025-03-21,30.35,30.39,29.23,29.27,-1.4200000000000017,-4.6269143043336625,6331216.0
2990,2025-03-24,29.29,31.88,29.08,31.88,2.609999999999999,8.916979842842498,13054842.0
2990,2025-03-25,31.7,31.74,29.5,29.66,-2.219999999999999,-6.96361355081555,7720368.0
2990,2025-03-26,29.61,30.88,29.61,29.81,0.1499999999999985,0.5057316250842936,3916280.0
2990,2025-03-27,29.81,31.46,28.95,29.03,-0.7799999999999976,-2.616571620261654,6321340.0
2990,2025-03-28,28.9,29.18,28.2,28.22,-0.8100000000000023,-2.790217016879093,3883000.0
2990,2025-03-31,27.9,28.58,27.53,28.41,0.1900000000000012,0.6732813607370769,3475300.0
2990,2025-04-01,28.45,28.66,27.83,28.07,-0.3399999999999998,-1.1967617036254818,2758100.0
2990,2025-04-02,28.05,30.3,28.03,29.94,1.870000000000001,6.661916636978993,7968704.0
2990,2025-04-03,29.3,30.08,28.76,29.23,-0.7100000000000009,-2.371409485637943,3929789.0
2990,2025-04-07,27.5,27.91,26.31,26.31,-2.9200000000000017,-9.989736572015062,3511500.0
2990,2025-04-08,26.08,26.08,23.84,24.53,-1.7799999999999976,-6.765488407449627,7673800.0
2990,2025-04-09,23.85,25.0,22.3,24.8,0.2699999999999996,1.1006930289441552,5735554.0
2990,2025-04-10,25.46,26.5,25.3,26.08,1.2799999999999976,5.161290322580636,5216144.0
2990,2025-04-11,25.74,26.98,25.64,26.75,0.6700000000000017,2.5690184049079745,3452928.0
2990,2025-04-14,26.95,28.6,26.66,27.83,1.0799999999999983,4.0373831775700975,5901228.0
2990,2025-04-15,27.83,28.63,27.42,27.97,0.1400000000000005,0.5030542579949726,5012062.0
2990,2025-04-16,27.66,28.5,27.22,28.35,0.3800000000000025,1.3585984983911503,7071809.0
2990,2025-04-17,27.9,29.42,27.9,28.65,0.2999999999999971,1.058201058201047,4932200.0
2990,2025-04-18,28.66,29.55,28.5,29.35,0.7000000000000028,2.443280977312412,4664500.0
2990,2025-04-21,29.66,29.73,28.52,29.5,0.1499999999999985,0.5110732538330387,3761200.0
2990,2025-04-22,29.3,29.58,28.03,28.35,-1.1499999999999986,-3.8983050847457568,5270600.0
2990,2025-04-23,28.24,28.85,27.87,28.36,0.009999999999998,0.0352733686066919,4403000.0
2990,2025-04-24,28.12,28.36,27.5,27.77,-0.5899999999999999,-2.0803949224259544,2948300.0
2990,2025-04-25,28.66,28.97,27.88,28.06,0.2899999999999991,1.0442924018725153,2962182.0
2990,2025-04-28,27.78,28.36,27.6,27.76,-0.2999999999999971,-1.0691375623663513,2946564.0
2990,2025-04-29,27.31,28.2,26.8,28.03,0.2699999999999996,0.9726224783861648,2795400.0
2990,2025-04-30,28.03,28.5,27.81,28.15,0.1199999999999974,0.4281127363539028,2186900.0
2990,2025-05-06,27.79,27.79,26.17,27.39,-0.759999999999998,-2.6998223801065646,9308641.0
2990,2025-05-07,27.55,28.12,27.18,27.48,0.0899999999999998,0.3285870755750375,5569265.0
2990,2025-05-08,27.35,28.25,27.2,28.11,0.629999999999999,2.2925764192139653,4579176.0
2990,2025-05-09,27.99,28.0,26.6,26.67,-1.4399999999999975,-5.122732123799356,5504576.0
2990,2025-05-12,27.0,27.67,26.99,27.46,0.7899999999999991,2.9621297337832697,3809990.0
2990,2025-05-13,27.68,27.8,27.14,27.2,-0.2600000000000015,-0.9468317552804084,2787465.0
2990,2025-05-14,27.28,27.49,26.66,26.8,-0.3999999999999986,-1.4705882352941124,3323600.0
2990,2025-05-15,26.69,26.77,25.7,25.82,-0.9800000000000004,-3.656716417910444,3687364.0
2990,2025-05-16,25.66,26.27,25.53,25.88,0.0599999999999987,0.2323780015491827,2042306.0
2990,2025-05-19,25.91,28.47,25.53,28.47,2.59,10.007727975270477,7717319.0
2990,2025-05-20,29.31,30.95,28.59,29.2,0.7300000000000004,2.564102564102555,23577296.0
2990,2025-05-21,28.34,28.67,27.22,27.85,-1.349999999999998,-4.623287671232868,15235151.0
2990,2025-05-22,27.73,30.64,27.5,30.64,2.789999999999999,10.01795332136446,22154577.0
2990,2025-05-23,30.94,31.2,29.1,30.13,-0.5100000000000016,-1.664490861618806,25786374.0
2990,2025-05-26,29.98,30.47,28.95,29.22,-0.91,-3.0202456023896485,16218473.0
2990,2025-05-27,29.53,29.6,28.71,29.4,0.1799999999999997,0.6160164271047153,11819893.0
2990,2025-05-28,29.2,31.28,29.11,30.65,1.25,4.251700680272119,18363651.0
2990,2025-05-29,30.02,30.35,29.4,30.18,-0.4699999999999988,-1.5334420880913524,12109131.0
2990,2025-05-30,29.78,29.95,28.5,28.71,-1.4699999999999989,-4.8707753479125255,9621073.0
2990,2025-06-03,28.1,28.78,28.0,28.77,0.0599999999999987,0.2089864158829613,5843150.0
2990,2025-06-04,28.86,28.95,28.36,28.92,0.1500000000000021,0.5213764337852034,5422107.0
2990,2025-06-05,28.86,29.11,28.48,29.08,0.1599999999999966,0.5532503457814641,5751179.0
2990,2025-06-06,28.95,29.67,28.68,29.47,0.3900000000000005,1.3411279229711193,7514990.0
2990,2025-06-09,29.39,30.12,29.14,29.69,0.2200000000000024,0.7465218866644197,7145213.0
2990,2025-06-10,29.6,30.03,28.23,28.8,-0.8900000000000006,-2.997642303805992,8116476.0
2990,2025-06-11,28.72,29.1,28.38,28.52,-0.2800000000000011,-0.97222222222223,4563521.0
2990,2025-06-12,28.38,28.43,27.63,27.72,-0.8000000000000007,-2.805049088359046,6764057.0
2990,2025-06-13,27.73,27.78,26.94,27.18,-0.5399999999999991,-1.9480519480519431,6050628.0
2990,2025-06-16,26.9,27.41,26.89,27.4,0.2199999999999988,0.8094186902133815,2774263.0
2990,2025-06-17,27.4,28.16,27.23,27.77,0.370000000000001,1.3503649635036474,4685540.0
2990,2025-06-18,27.6,28.5,27.18,28.5,0.7300000000000004,2.6287360460929055,6363764.0
2990,2025-06-19,28.6,30.28,28.53,28.77,0.2699999999999996,0.94736842105263,15593283.0
2990,2025-06-20,28.51,28.9,27.32,28.28,-0.4899999999999984,-1.703163017031628,8451059.0
2990,2025-06-23,27.86,28.08,27.13,27.79,-0.490000000000002,-1.7326732673267342,5543559.0
2990,2025-06-24,27.79,29.29,27.79,28.95,1.16,4.174163368118022,8060007.0
2990,2025-06-25,28.95,29.74,28.9,29.28,0.3300000000000018,1.1398963730570033,6578000.0
2990,2025-06-26,29.2,29.47,28.8,28.91,-0.370000000000001,-1.2636612021857951,5043350.0
2990,2025-06-27,28.86,29.11,28.8,28.86,-0.0500000000000007,-0.1729505361466654,4074650.0
2990,2025-06-30,28.87,29.92,28.73,29.31,0.4499999999999993,1.559251559251562,5687250.0
2990,2025-07-01,29.31,30.0,28.82,29.12,-0.1899999999999977,-0.6482429205049378,4533992.0
2990,2025-07-02,29.01,29.12,28.28,28.71,-0.4100000000000001,-1.407967032967028,3654600.0
2990,2025-07-03,28.7,29.43,28.58,29.22,0.509999999999998,1.7763845350052154,4225300.0
2990,2025-07-04,29.21,29.22,28.69,28.76,-0.4599999999999973,-1.57426420260095,3611300.0
2990,2025-07-07,28.87,29.9,28.44,29.24,0.4799999999999969,1.6689847009735637,5979326.0
2990,2025-07-08,29.7,29.99,29.0,29.36,0.120000000000001,0.4103967168262779,6139500.0
2990,2025-07-09,29.3,31.0,29.2,30.45,1.09,3.7125340599454937,13826229.0
2990,2025-07-10,30.08,31.0,29.84,30.98,0.5300000000000011,1.7405582922824347,10943456.0
2990,2025-07-11,31.67,31.78,29.81,29.97,-1.0100000000000016,-3.260167850225959,14920321.0
2990,2025-07-14,29.72,32.97,29.72,32.07,2.1000000000000014,7.0070070070070045,22072917.0
2990,2025-07-15,31.28,31.65,30.31,30.74,-1.3300000000000018,-4.147178048019962,15409450.0
2990,2025-07-16,31.5,32.66,31.08,32.13,1.390000000000004,4.521795705920639,14728355.0
2990,2025-07-17,32.17,34.48,32.17,33.48,1.3499999999999943,4.201680672268893,16345251.0
2990,2025-07-18,33.67,34.16,32.69,33.05,-0.4299999999999997,-1.284348864994023,11555950.0
2990,2025-07-21,32.79,33.79,32.31,32.64,-0.4099999999999966,-1.2405446293494604,10076908.0
2990,2025-07-22,32.37,32.48,31.32,31.64,-1.0,-3.063725490196078,9544700.0
2990,2025-07-23,31.65,32.99,31.3,32.8,1.1599999999999966,3.666245259165613,10797617.0
2990,2025-07-24,32.4,34.95,32.07,33.92,1.1200000000000043,3.4146341463414887,13296184.0
2990,2025-07-25,34.01,34.2,33.43,33.74,-0.1799999999999997,-0.5306603773584939,6243783.0
2990,2025-07-28,33.5,33.7,32.31,33.17,-0.5700000000000003,-1.6893894487255534,6850468.0
2990,2025-07-29,32.88,33.03,32.35,32.74,-0.4299999999999997,-1.296352125414535,5257275.0
2990,2025-07-30,32.66,32.66,31.68,32.03,-0.7100000000000009,-2.168601099572387,5368098.0
2990,2025-07-31,31.95,32.49,31.65,31.82,-0.2100000000000008,-0.6556353418670002,4709297.0
2990,2025-08-01,31.88,32.0,31.25,31.8,-0.0199999999999995,-0.0628535512256389,3715400.0
2990,2025-08-04,31.79,32.29,31.72,32.03,0.2300000000000004,0.7232704402515777,3067209.0
2990,2025-08-05,32.3,32.72,32.01,32.2,0.1700000000000017,0.5307524196066282,4277209.0
2990,2025-08-06,32.05,32.9,31.76,32.45,0.25,0.7763975155279601,4604300.0
2990,2025-08-07,32.12,32.58,31.58,31.7,-0.7500000000000036,-2.3112480739599484,5209647.0
2990,2025-08-08,31.7,31.79,30.79,31.03,-0.6699999999999982,-2.1135646687697074,4459650.0
2990,2025-08-11,31.05,31.72,31.05,31.49,0.4599999999999973,1.4824363519174932,3324700.0
2990,2025-08-12,31.4,31.6,30.62,30.72,-0.7699999999999996,-2.4452207049857067,4775901.0
2990,2025-08-13,31.01,31.08,30.32,30.82,0.1000000000000014,0.3255208333333481,4954098.0
2990,2025-08-14,30.95,31.13,30.41,30.63,-0.1900000000000012,-0.6164828033744407,5378600.0
2990,2025-08-15,30.82,32.5,30.81,32.14,1.5100000000000016,4.9298073783871965,9608000.0
2990,2025-08-18,32.49,32.68,31.91,32.12,-0.0200000000000031,-0.0622277535781035,8384500.0
2990,2025-08-19,32.3,33.0,32.0,32.34,0.2200000000000059,0.68493150684934,8200300.0
2990,2025-08-20,32.58,32.82,31.93,32.73,0.3899999999999934,1.205936920222617,6502669.0
2990,2025-08-21,33.0,33.02,32.07,32.27,-0.4599999999999937,-1.4054384356858909,4794800.0
2990,2025-08-22,32.6,33.07,32.32,32.43,0.1599999999999966,0.4958165478772702,6117500.0
2990,2025-08-25,33.72,33.72,32.35,32.53,0.1000000000000014,0.3083564600678379,7324900.0
2990,2025-08-26,32.05,32.65,31.6,32.01,-0.5200000000000031,-1.5985244389794095,6702088.0
2990,2025-08-27,32.12,32.35,30.93,30.93,-1.0799999999999983,-3.373945641986875,7004400.0
2990,2025-08-28,30.71,31.3,29.38,30.65,-0.2800000000000011,-0.9052699644358286,8445700.0
2990,2025-08-29,30.5,30.84,30.3,30.42,-0.2299999999999968,-0.7504078303425699,4315900.0
2990,2025-09-01,30.56,30.85,30.25,30.46,0.0399999999999991,0.1314924391847549,3843100.0
2990,2025-09-02,30.53,30.53,29.33,29.77,-0.6900000000000013,-2.2652659225213423,4674121.0
2990,2025-09-03,29.77,30.07,28.96,29.14,-0.629999999999999,-2.1162243869667363,3345237.0
2990,2025-09-04,29.16,29.36,28.24,28.66,-0.4800000000000004,-1.6472203157172238,3227900.0
2990,2025-09-05,28.75,29.37,28.52,29.28,0.620000000000001,2.163293789253329,3301960.0
2990,2025-09-08,29.3,29.73,29.04,29.64,0.3599999999999994,1.2295081967213184,2985300.0
2990,2025-09-09,29.6,29.81,29.04,29.1,-0.5399999999999991,-1.8218623481781384,2571610.0
2990,2025-09-10,29.07,29.28,28.92,28.97,-0.1300000000000025,-0.4467353951890129,1824120.0
2990,2025-09-11,29.05,29.63,28.74,29.45,0.4800000000000004,1.6568864342423106,2616600.0
2990,2025-09-12,29.6,29.78,29.27,29.37,-0.0799999999999983,-0.2716468590831855,2228300.0
2990,2025-09-15,29.9,30.69,29.59,30.18,0.8099999999999987,2.757916241062297,4656756.0
2990,2025-09-16,30.0,30.66,29.9,30.43,0.25,0.8283631544068859,3213869.0
2990,2025-09-17,30.39,30.42,30.07,30.2,-0.2300000000000004,-0.7558330594807816,2197569.0
2990,2025-09-18,30.0,30.19,29.06,29.34,-0.8599999999999994,-2.847682119205297,3786000.0
2990,2025-09-19,29.41,29.43,28.63,28.83,-0.5100000000000016,-1.7382413087934645,2604300.0
2990,2025-09-22,28.93,29.01,28.47,28.67,-0.1599999999999966,-0.5549774540409169,1806492.0
2990,2025-09-23,28.6,28.6,27.51,28.16,-0.5100000000000016,-1.778862922915947,3030000.0
2990,2025-09-24,28.15,28.86,27.99,28.85,0.6900000000000013,2.450284090909105,2391200.0
2990,2025-09-25,28.85,29.16,28.59,28.73,-0.120000000000001,-0.4159445407279083,1993584.0
2990,2025-09-26,27.53,27.79,27.01,27.1,-1.629999999999999,-5.673512008353631,5186500.0
2990,2025-09-29,27.19,27.7,27.0,27.16,0.0599999999999987,0.2214022140221372,3036694.0
2990,2025-09-30,27.33,27.6,27.25,27.49,0.3299999999999983,1.2150220913107468,1844543.0
2990,2025-10-09,27.59,27.92,27.36,27.67,0.1800000000000032,0.6547835576573346,2209643.0
2990,2025-10-10,27.6,28.0,27.5,27.78,0.1099999999999994,0.3975424647632897,2058800.0
2990,2025-10-13,27.0,27.87,26.29,27.85,0.0700000000000002,0.2519798416126706,2636898.0
2990,2025-10-14,27.8,27.96,27.22,27.3,-0.5500000000000007,-1.9748653500897717,1853198.0
2990,2025-10-15,27.49,27.58,26.99,27.36,0.0599999999999987,0.219780219780219,1758607.0
2990,2025-10-16,27.4,27.86,27.05,27.67,0.3100000000000023,1.1330409356725246,2093069.0
2990,2025-10-17,27.67,28.97,27.2,28.62,0.9499999999999992,3.4333212865919727,6506376.0
2990,2025-10-20,29.0,29.3,28.46,28.61,-0.0100000000000015,-0.0349406009783392,4239450.0
2990,2025-10-21,28.51,28.85,28.25,28.66,0.0500000000000007,0.1747640685075158,2691899.0
2990,2025-10-22,28.5,28.95,28.5,28.53,-0.129999999999999,-0.4535938590369825,1808400.0
2990,2025-10-23,28.5,28.58,27.78,28.17,-0.3599999999999994,-1.261829652996849,2086062.0
2990,2025-10-24,28.18,28.5,28.05,28.31,0.139999999999997,0.4969826056087978,1414398.0
2990,2025-10-27,28.48,29.3,28.3,28.7,0.3900000000000005,1.3776050865418554,2901086.0
2990,2025-10-28,28.58,28.84,28.45,28.64,-0.0599999999999987,-0.2090592334494712,1877000.0
2990,2025-10-29,28.64,28.66,28.3,28.41,-0.2300000000000004,-0.80307262569832,1471000.0
2990,2025-10-30,28.41,28.56,28.13,28.16,-0.25,-0.8799718409010948,1988400.0
2990,2025-10-31,28.1,30.08,28.1,29.51,1.3500000000000014,4.794034090909105,7320992.0
2990,2025-11-03,29.51,29.97,29.3,29.77,0.259999999999998,0.8810572687224516,3752200.0
2990,2025-11-04,29.82,30.25,29.58,29.93,0.1600000000000001,0.5374538125629824,3382700.0
2990,2025-11-05,29.66,30.16,29.65,29.94,0.0100000000000015,0.0334112930170382,2389700.0
2990,2025-11-06,29.94,30.33,29.57,30.17,0.2300000000000004,0.7682030728122902,3054520.0
2990,2025-11-07,30.05,30.12,29.38,29.38,-0.7900000000000027,-2.618495193901238,2669900.0
2990,2025-11-10,29.4,30.3,29.33,30.13,0.75,2.5527569775357417,3848700.0
2990,2025-11-11,30.3,30.3,29.21,29.33,-0.8000000000000007,-2.655160969133752,3180000.0
2990,2025-11-12,29.27,30.13,28.98,29.8,0.4700000000000024,1.6024548244118808,2699600.0
2990,2025-11-13,29.8,29.8,29.39,29.66,-0.1400000000000005,-0.4697986577181234,1806900.0
2990,2025-11-14,29.5,29.86,29.3,29.34,-0.3200000000000003,-1.078894133513153,1462990.0
2990,2025-11-17,29.34,32.27,28.82,32.27,2.9300000000000033,9.986366734832997,15072199.0
2990,2025-11-18,32.28,33.0,30.39,30.8,-1.4700000000000024,-4.555314533622568,16439157.0
2990,2025-11-19,31.2,31.31,30.18,30.52,-0.2800000000000011,-0.909090909090915,8444761.0
2990,2025-11-20,30.55,31.17,29.88,31.13,0.6099999999999994,1.998689384010488,9163602.0
2990,2025-11-21,31.06,31.88,30.4,31.4,0.2699999999999996,0.867330549309342,11376589.0
2990,2025-11-24,31.35,32.97,30.1,32.96,1.5600000000000025,4.968152866242037,16065660.0
2990,2025-11-25,32.5,33.36,31.8,32.75,-0.2100000000000008,-0.637135922330101,13237859.0
2990,2025-11-26,32.55,32.73,31.29,31.7,-1.0500000000000007,-3.2061068702290085,8592900.0
2990,2025-11-27,31.1,31.1,29.56,30.63,-1.0700000000000005,-3.375394321766567,8708000.0
2990,2025-11-28,30.35,30.5,29.7,30.03,-0.5999999999999979,-1.9588638589617904,6283320.0
2990,2025-12-01,29.94,30.2,29.93,30.18,0.1499999999999985,0.4995004995004937,4342193.0
2990,2025-12-02,30.2,30.28,29.06,29.21,-0.9699999999999988,-3.214049039098732,5079859.0
2990,2025-12-03,29.21,29.23,28.16,28.28,-0.9299999999999996,-3.183841150291,4842448.0
2990,2025-12-04,28.4,28.89,27.98,28.51,0.2300000000000004,0.8132956152758108,3710600.0
2990,2025-12-05,28.3,28.71,28.11,28.61,0.0999999999999978,0.3507541213609189,2653300.0
2990,2025-12-08,28.66,29.81,28.66,29.16,0.5500000000000007,1.9224047535826736,4633400.0
2990,2025-12-09,29.13,29.33,28.56,28.66,-0.5,-1.714677640603568,3120723.0
2990,2025-12-10,28.48,29.07,28.25,28.97,0.3099999999999987,1.0816468946266422,2605799.0
2990,2025-12-11,28.83,28.92,28.09,28.1,-0.8699999999999974,-3.003106662064192,2827589.0
2990,2025-12-12,28.05,28.27,27.68,27.74,-0.360000000000003,-1.2811387900355964,2562500.0
2990,2025-12-15,27.6,27.81,27.28,27.33,-0.4100000000000001,-1.4780100937274665,2439115.0
2990,2025-12-16,27.35,27.55,26.95,27.15,-0.1799999999999997,-0.658616904500553,2059700.0
2990,2025-12-17,27.0,27.37,26.58,27.17,0.0200000000000031,0.0736648250460492,2402900.0
2990,2025-12-18,26.99,27.61,26.99,27.21,0.0399999999999991,0.1472211998527761,2166357.0
2990,2025-12-19,27.2,27.58,27.2,27.5,0.2899999999999991,1.065784638000733,1594757.0
2990,2025-12-22,27.67,29.4,27.5,28.35,0.8500000000000014,3.0909090909090997,7788850.0
2990,2025-12-23,28.35,28.49,27.4,27.43,-0.9200000000000016,-3.2451499118165805,4591100.0
2990,2025-12-24,27.25,27.95,27.25,27.74,0.3099999999999987,1.1301494713817029,3231869.0
2990,2025-12-25,27.75,28.34,27.63,28.1,0.360000000000003,1.2977649603460817,2465800.0
2990,2025-12-26,28.15,28.3,27.7,27.8,-0.3000000000000007,-1.067615658362997,2463500.0
2990,2025-12-29,27.83,28.08,27.71,27.92,0.120000000000001,0.4316546762589857,1899400.0
2990,2025-12-30,28.01,28.2,27.88,27.94,0.0199999999999995,0.0716332378223549,2211000.0
2990,2025-12-31,27.95,28.31,27.78,28.31,0.3699999999999974,1.3242662848961917,2850400.0
2990,2026-01-05,28.31,29.65,28.2,29.36,1.0500000000000007,3.708936771458848,5970969.0
2990,2026-01-06,29.36,29.99,29.21,29.74,0.379999999999999,1.2942779291553077,5139500.0
2990,2026-01-07,29.6,30.57,29.43,29.51,-0.2299999999999968,-0.7733691997309888,5250962.0
2990,2026-01-08,29.51,30.18,29.31,30.05,0.5399999999999991,1.8298881735005157,4114900.0
2990,2026-01-09,30.0,30.32,29.78,30.12,0.0700000000000002,0.2329450915141473,3603335.0
2990,2026-01-12,30.57,31.8,30.26,31.39,1.2699999999999996,4.216467463479412,7074901.0
2990,2026-01-13,31.4,31.69,30.62,30.72,-0.6700000000000017,-2.1344377190188,5696062.0
2990,2026-01-14,30.72,31.85,30.7,31.32,0.6000000000000014,1.953125,6850800.0
2990,2026-01-15,31.05,31.25,30.4,30.82,-0.5,-1.5964240102171123,4311800.0
2990,2026-01-16,30.8,31.05,30.23,30.52,-0.3000000000000007,-0.9733939000649006,3754900.0
2990,2026-01-19,30.39,30.79,30.0,30.36,-0.1600000000000001,-0.5242463958060273,3035700.0
2990,2026-01-20,30.54,30.71,29.88,30.16,-0.1999999999999993,-0.6587615283267456,2679600.0
2990,2026-01-21,29.98,30.45,29.88,30.34,0.1799999999999997,0.5968169761273234,2974806.0
2990,2026-01-22,30.49,30.94,30.35,30.7,0.3599999999999994,1.1865524060646004,2775673.0
2990,2026-01-23,30.73,31.18,30.56,31.04,0.3399999999999998,1.1074918566775338,2646500.0
2990,2026-01-26,31.23,31.28,29.8,30.18,-0.8599999999999994,-2.770618556701032,3572200.0
2990,2026-01-27,30.02,30.41,29.07,29.83,-0.3500000000000014,-1.159708416169658,4491300.0
2990,2026-01-28,29.82,30.42,28.94,28.95,-0.879999999999999,-2.950050284948036,3710222.0
2990,2026-01-29,28.96,29.65,28.42,28.68,-0.2699999999999996,-0.932642487046631,3247455.0
2990,2026-01-30,28.6,28.7,28.0,28.3,-0.379999999999999,-1.324965132496514,2473243.0
2990,2026-02-02,28.4,28.48,27.55,27.57,-0.7300000000000004,-2.5795053003533575,2856020.0
2990,2026-02-03,27.8,27.95,27.47,27.82,0.25,0.906782734856737,2367600.0
2990,2026-02-04,27.78,27.82,27.21,27.58,-0.240000000000002,-0.8626887131560124,2701000.0
2990,2026-02-05,27.51,27.66,27.24,27.24,-0.3399999999999998,-1.2327773749093551,2487600.0
2990,2026-02-06,27.03,27.45,26.95,27.23,-0.009999999999998,-0.0367107195300975,1927200.0
2990,2026-02-09,27.51,27.57,27.36,27.51,0.2800000000000011,1.0282776349614495,2496843.0
2990,2026-02-10,27.6,27.89,27.46,27.74,0.2299999999999968,0.8360596146855581,2710929.0
2990,2026-02-11,27.65,27.92,27.59,27.71,-0.0299999999999975,-0.1081470800288308,1753900.0
2990,2026-02-12,27.78,27.82,27.48,27.73,0.0199999999999995,0.0721761097076889,1849800.0
2990,2026-02-13,27.76,28.42,27.72,28.06,0.3299999999999983,1.1900468806346876,3870500.0
2990,2026-02-24,29.2,29.2,28.1,28.3,0.240000000000002,0.8553100498930988,6145400.0
2990,2026-02-25,28.3,28.8,28.17,28.31,0.009999999999998,0.0353356890459233,4018270.0
2990,2026-02-26,28.35,28.35,28.02,28.19,-0.1199999999999974,-0.4238784881667179,2889056.0
2990,2026-02-27,28.06,28.47,28.05,28.27,0.0799999999999983,0.283788577509747,2220800.0
2990,2026-03-02,27.4,27.84,26.43,26.54,-1.7300000000000004,-6.119561372479665,6480943.0
2990,2026-03-03,26.49,26.9,25.68,25.7,-0.8399999999999999,-3.1650339110776193,3462607.0
2990,2026-03-04,25.45,25.78,25.22,25.39,-0.3099999999999987,-1.206225680933848,2463600.0
2990,2026-03-05,26.29,26.6,25.82,25.92,0.5300000000000011,2.0874359984245805,2566100.0
2990,2026-03-06,25.88,26.27,25.81,26.25,0.3299999999999983,1.27314814814814,1803411.0
2990,2026-03-09,25.88,26.42,25.51,26.3,0.0500000000000007,0.1904761904761853,2567900.0
2990,2026-03-10,26.55,27.15,26.55,26.93,0.629999999999999,2.3954372623574027,2795400.0
2990,2026-03-11,27.38,27.38,26.82,26.85,-0.0799999999999983,-0.2970664686223534,2259600.0
2990,2026-03-12,26.8,27.31,26.61,26.9,0.0499999999999971,0.1862197392923592,2200300.0
2990,2026-03-13,26.67,26.9,26.28,26.32,-0.5799999999999983,-2.156133828996276,2189073.0
2990,2026-03-16,26.45,28.95,26.3,28.95,2.629999999999999,9.992401215805469,7077856.0
2990,2026-03-17,28.95,29.14,28.36,28.5,-0.4499999999999993,-1.5544041450777146,10212347.0
2990,2026-03-18,28.35,28.88,28.35,28.67,0.1700000000000017,0.5964912280701729,4747454.0
2990,2026-03-19,28.39,28.9,28.2,28.65,-0.0200000000000031,-0.0697593303104371,5231797.0
2990,2026-03-20,28.81,30.35,28.64,29.1,0.4500000000000028,1.5706806282722583,11448429.0
