ts_code,trade_date,open,high,low,close,change,pct_change,vol
002973,20260320,13.64,13.37,13.43,13.85,-0.120000000000001,-0.858983536148894,3070700.0
002973,20260319,13.87,13.62,13.64,13.97,-0.20999999999999908,-1.480959097320167,2984500.0
002973,20260318,14.13,13.86,13.97,14.18,-0.3000000000000007,-2.071823204419898,3059400.0
002973,20260317,14.48,14.0,14.12,14.48,0.08000000000000007,0.5555555555555536,4228700.0
002973,20260316,13.86,13.76,14.34,14.4,0.41000000000000014,2.9306647605432445,5179000.0
002973,20260313,13.98,13.8,13.8,13.99,-0.08000000000000007,-0.5685856432125047,2625371.0
002973,20260312,13.9,13.84,14.05,14.07,-0.17999999999999972,-1.2631578947368438,2998700.0
002973,20260311,14.23,13.91,13.94,14.25,0.0,0.0,4213671.0
002973,20260310,14.22,14.02,14.2,14.25,0.09999999999999964,0.7067137809187329,4564600.0
002973,20260309,14.08,13.73,13.98,14.15,-0.20999999999999908,-1.4623955431754765,5698100.0
002973,20260306,14.35,13.9,14.35,14.36,-0.6799999999999997,-4.521276595744683,8292257.0
002973,20260305,14.83,14.33,14.5,15.04,-0.7700000000000014,-4.8703352308665515,13192300.0
002973,20260304,14.4,14.32,14.83,15.81,0.3200000000000003,2.0658489347966436,17116900.0
002973,20260303,15.4,14.3,14.37,15.49,-0.5099999999999998,-3.1874999999999987,11027596.0
002973,20260302,15.59,15.1,15.15,16.0,0.41000000000000014,2.6298909557408656,15090857.0
002973,20260227,14.17,14.1,15.59,15.59,0.6199999999999992,4.141616566466255,12469610.0
002973,20260226,14.71,14.1,14.17,14.97,0.1800000000000015,1.217038539553772,5694700.0
002973,20260225,14.62,14.54,14.6,14.79,-0.07000000000000028,-0.4710632570659512,2532222.0
002973,20260224,14.66,14.44,14.62,14.86,-0.14000000000000057,-0.9333333333333416,4880400.0
002973,20260213,14.72,14.49,14.52,15.0,0.0600000000000005,0.40160642570281624,4931600.0
002973,20260212,14.88,14.69,14.72,14.94,-0.3000000000000007,-1.9685039370078816,4173900.0
002973,20260211,15.24,14.88,14.88,15.24,-0.3100000000000005,-1.9935691318327953,3543500.0
002973,20260210,15.28,15.02,15.12,15.55,0.25,1.6339869281045694,4755600.0
002973,20260209,15.09,14.9,15.21,15.3,0.16999999999999993,1.1235955056179803,4270300.0
002973,20260206,14.91,14.81,14.95,15.13,-0.129999999999999,-0.8519003931847902,3184900.0
002973,20260205,14.91,14.81,14.92,15.26,0.0600000000000005,0.39473684210526994,3662700.0
002973,20260204,15.12,14.83,14.92,15.2,0.0,0.0,4081244.0
002973,20260203,14.66,14.55,15.12,15.2,0.23999999999999844,1.6042780748662944,7543144.0
002973,20260202,14.18,14.04,14.65,14.96,0.6000000000000014,4.178272980501396,9090100.0
002973,20260130,14.0,13.79,14.18,14.36,0.009999999999999787,0.06968641114981633,4874700.0
002973,20260129,14.0,13.75,14.11,14.35,-0.08999999999999986,-0.6232686980609414,6381600.0
002973,20260128,14.36,13.88,13.93,14.44,-0.120000000000001,-0.8241758241758323,4503700.0
002973,20260127,14.45,14.05,14.32,14.56,-0.129999999999999,-0.8849557522123797,3682100.0
002973,20260126,14.64,14.37,14.47,14.69,-0.20000000000000107,-1.3431833445265329,4208439.0
002973,20260123,14.88,14.56,14.64,14.89,-0.3899999999999988,-2.5523560209424034,4679500.0
002973,20260122,15.24,14.76,14.87,15.28,-0.6000000000000014,-3.7783375314861534,5130400.0
002973,20260121,15.06,14.95,15.14,15.88,0.23000000000000043,1.4696485623003186,8077700.0
002973,20260120,14.59,14.58,15.15,15.65,1.0300000000000011,7.045143638850893,14557328.0
002973,20260119,13.84,13.81,14.61,14.62,0.5,3.541076487252126,7375603.0
002973,20260116,14.12,13.84,13.84,14.12,-0.3200000000000003,-2.216066481994461,3055500.0
002973,20260115,14.31,13.98,14.0,14.44,-0.28000000000000114,-1.9021739130434812,3287300.0
002973,20260114,14.13,14.03,14.31,14.72,0.3100000000000005,2.1512838306731563,7168400.0
002973,20260113,14.4,13.83,13.9,14.41,0.2599999999999998,1.8374558303887012,4542050.0
002973,20260112,13.83,13.83,14.15,14.15,-0.08000000000000007,-0.5621925509487036,5745250.0
002973,20260109,14.09,13.74,13.84,14.23,-0.009999999999999787,-0.0702247191011196,5850800.0
002973,20260108,14.14,13.99,14.1,14.24,-0.0600000000000005,-0.41958041958042314,3078600.0
002973,20260107,14.06,13.9,14.15,14.3,-0.02999999999999936,-0.20935101186322358,4979700.0
002973,20260106,13.93,13.92,14.06,14.33,0.39000000000000057,2.7977044476327206,4798350.0
002973,20260105,13.74,13.58,13.87,13.94,0.03999999999999915,0.2877697841726645,3401300.0
002973,20251231,13.62,13.26,13.67,13.9,0.41999999999999993,3.115727002967361,6160300.0
002973,20251230,13.08,13.08,13.29,13.48,0.030000000000001137,0.22304832713755385,2676700.0
002973,20251229,13.33,13.11,13.22,13.45,-0.10000000000000142,-0.738007380073813,3171300.0
002973,20251226,13.55,13.31,13.33,13.55,-0.08999999999999986,-0.6598240469208205,2125000.0
002973,20251225,13.64,13.41,13.5,13.64,-0.10999999999999943,-0.8000000000000007,2360000.0
002973,20251224,13.35,13.28,13.66,13.75,0.16999999999999993,1.2518409425625876,3441700.0
002973,20251223,13.57,13.25,13.3,13.58,-0.16000000000000014,-1.1644832605531286,2267900.0
002973,20251222,13.43,13.38,13.57,13.74,0.2599999999999998,1.928783382789323,2599450.0
002973,20251219,13.19,13.15,13.48,13.48,0.19000000000000128,1.4296463506395796,3288100.0
002973,20251218,13.06,12.98,13.13,13.29,-0.030000000000001137,-0.22522522522523403,1736000.0
002973,20251217,13.32,12.9,13.14,13.32,-0.25,-1.8422991893883522,1966700.0
002973,20251216,13.5,13.11,13.12,13.57,-0.129999999999999,-0.9489051094890399,2336000.0
002973,20251215,13.3,13.1,13.49,13.7,0.379999999999999,2.8528528528528385,3875800.0
002973,20251212,13.24,13.11,13.25,13.32,-0.019999999999999574,-0.14992503748125774,2382800.0
002973,20251211,13.22,13.09,13.24,13.34,-0.10999999999999943,-0.8178438661709975,3132898.0
002973,20251210,13.44,13.12,13.22,13.45,-0.16000000000000014,-1.1756061719324085,2206400.0
002973,20251209,13.61,13.24,13.36,13.61,-0.2400000000000002,-1.7328519855595692,3215600.0
002973,20251208,13.62,13.58,13.61,13.85,0.1999999999999993,1.46520146520146,2229209.0
002973,20251205,13.54,13.38,13.55,13.65,-0.129999999999999,-0.943396226415083,1958002.0
002973,20251204,13.75,13.5,13.53,13.78,-0.16000000000000014,-1.147776183644189,2289529.0
002973,20251203,13.89,13.65,13.75,13.94,-0.5,-3.4626038781163437,2576800.0
002973,20251202,14.39,13.8,13.89,14.44,-0.13000000000000078,-0.8922443376801703,3835200.0
002973,20251201,14.17,14.11,14.39,14.57,0.2400000000000002,1.6748080949057886,5809398.0
002973,20251128,13.81,13.81,14.13,14.33,0.27999999999999936,1.9928825622775648,4817800.0
002973,20251127,13.83,13.69,13.87,14.05,-0.1899999999999995,-1.3342696629213502,2924100.0
002973,20251126,13.8,13.75,13.82,14.24,0.08999999999999986,0.6360424028268641,4946502.0
002973,20251125,14.11,13.64,13.71,14.15,-0.1999999999999993,-1.3937282229965153,5612800.0
002973,20251124,13.82,13.65,14.15,14.35,0.4499999999999993,3.237410071942448,7722802.0
002973,20251121,13.53,12.76,13.84,13.9,0.05000000000000071,0.3610108303249149,11137871.0
002973,20251120,13.77,13.57,13.68,13.85,-0.4299999999999997,-3.0112044817927175,3381400.0
002973,20251119,14.26,13.7,13.73,14.28,-0.41000000000000014,-2.791014295439076,4222900.0
002973,20251118,14.63,14.1,14.26,14.69,-0.21000000000000085,-1.4093959731543704,4397000.0
002973,20251117,14.85,14.55,14.63,14.9,-0.6399999999999988,-4.118404118404106,3333500.0
002973,20251114,15.31,14.8,14.8,15.54,-0.02000000000000135,-0.12853470437018677,4014900.0
002973,20251113,14.82,14.65,15.39,15.56,0.5700000000000003,3.8025350233489075,7429529.0
002973,20251112,14.9,14.51,14.71,14.99,0.009999999999999787,0.06675567423231055,3730100.0
002973,20251111,14.88,14.68,14.92,14.98,-0.3699999999999992,-2.4104234527687285,2873202.0
002973,20251110,15.2,14.8,14.82,15.35,-0.3000000000000007,-1.9169329073482455,4370900.0
002973,20251107,15.58,15.09,15.2,15.65,-0.28999999999999915,-1.8193224592220725,3878000.0
002973,20251106,15.8,15.58,15.64,15.94,0.11999999999999922,0.7585335018963191,2589400.0
002973,20251105,15.51,15.35,15.8,15.82,-0.11999999999999922,-0.7528230865746499,2734800.0
002973,20251104,15.56,15.37,15.51,15.94,-0.20999999999999908,-1.3003095975232193,5469900.0
002973,20251103,16.06,15.54,15.56,16.15,-0.13000000000000256,-0.7985257985258176,4911800.0
002973,20251031,15.9,15.7,16.08,16.28,0.0400000000000027,0.24630541871923928,4337900.0
002973,20251030,16.24,15.78,15.82,16.24,-0.41000000000000014,-2.462462462462467,5274100.0
002973,20251029,16.65,16.11,16.18,16.65,-0.240000000000002,-1.4209591474245276,6120500.0
002973,20251028,16.23,16.08,16.55,16.89,0.4299999999999997,2.6123936816524918,9471000.0
002973,20251027,15.95,15.55,16.26,16.46,0.4800000000000004,3.0037546933667114,10133300.0
002973,20251024,15.3,14.93,15.92,15.98,0.14000000000000057,0.8838383838383868,8642100.0
002973,20251023,15.71,15.32,15.66,15.84,-0.3000000000000007,-1.8587360594795599,4798400.0
002973,20251022,16.06,15.78,15.97,16.14,-0.2699999999999996,-1.645338208409508,6724900.0
002973,20251021,15.8,15.64,16.23,16.41,0.47000000000000064,2.9485570890840584,11246600.0
002973,20251020,15.85,15.44,15.68,15.94,-0.3100000000000005,-1.9076923076923102,9309343.0
002973,20251017,15.49,15.38,15.83,16.25,0.40000000000000036,2.5236593059936974,12639400.0
002973,20251016,15.43,15.27,15.5,15.85,0.379999999999999,2.4563671622495065,6264100.0
002973,20251015,14.91,14.8,15.4,15.47,0.02000000000000135,0.12944983818770073,5144300.0
002973,20251014,15.2,14.8,14.93,15.45,-0.08000000000000007,-0.5151320025756578,5297400.0
002973,20251013,14.71,14.41,15.2,15.53,0.14999999999999858,0.975292587776333,6117700.0
002973,20251010,14.81,14.61,15.11,15.38,-0.5099999999999998,-3.2095657646318387,9340700.0
002973,20251009,15.79,15.4,15.68,15.89,-0.23999999999999844,-1.4879107253564672,5201900.0
002973,20250930,15.5,15.28,15.89,16.13,0.6799999999999997,4.401294498381869,9497300.0
002973,20250929,15.35,15.12,15.35,15.45,-0.0600000000000005,-0.3868471953578423,4845700.0
002973,20250926,14.8,14.8,15.35,15.51,0.2599999999999998,1.704918032786873,8730300.0
002973,20250925,15.0,14.75,14.89,15.25,0.07000000000000028,0.46113306982873414,5879800.0
002973,20250924,15.15,14.86,15.03,15.18,-0.40000000000000036,-2.5673940949935803,5224400.0
002973,20250923,15.58,14.9,15.16,15.58,-0.17999999999999972,-1.1421319796954266,8353400.0
002973,20250922,15.33,15.21,15.71,15.76,0.16000000000000014,1.025641025641022,8810900.0
002973,20250919,15.28,15.17,15.28,15.6,-0.040000000000000924,-0.2557544757033292,5344200.0
002973,20250918,15.36,15.12,15.31,15.64,0.05000000000000071,0.3207184092366866,9559100.0
002973,20250917,15.32,15.23,15.42,15.59,-0.08000000000000007,-0.51052967453733,9292446.0
002973,20250916,15.1,14.82,15.48,15.67,0.4399999999999995,2.8890347997373667,11350100.0
002973,20250915,15.0,14.68,14.95,15.23,-0.009999999999999787,-0.06561679790025865,6175300.0
002973,20250912,14.94,14.84,15.1,15.24,-0.07000000000000028,-0.4572175048987659,7051303.0
002973,20250911,15.29,14.83,15.03,15.31,-0.28999999999999915,-1.8589743589743524,7753700.0
002973,20250910,15.29,15.15,15.4,15.6,-0.4900000000000002,-3.045369794903663,8023132.0
002973,20250909,15.71,15.18,15.33,16.09,-0.05999999999999872,-0.37151702786376584,16376900.0
002973,20250908,14.93,14.92,15.99,16.15,1.4099999999999984,9.565807327001341,28954900.0
002973,20250905,14.3,14.11,14.68,14.74,0.39000000000000057,2.7177700348432143,12168527.0
002973,20250904,13.4,13.35,14.21,14.35,0.7099999999999991,5.205278592375362,13231107.0
002973,20250903,13.53,13.32,13.5,13.64,-0.08000000000000007,-0.5830903790087438,3879800.0
002973,20250902,13.59,13.28,13.56,13.72,-0.03999999999999915,-0.29069767441859407,5898500.0
002973,20250901,13.54,13.39,13.64,13.76,0.09999999999999964,0.7320644216691097,4917498.0
002973,20250829,13.6,13.39,13.47,13.66,-0.33000000000000007,-2.358827734095781,5324198.0
002973,20250828,13.83,13.2,13.58,13.99,-0.5299999999999994,-3.6501377410468328,7980900.0
002973,20250827,14.4,13.81,13.83,14.52,-0.16999999999999993,-1.1572498298161982,9099699.0
002973,20250826,14.4,14.36,14.49,14.69,0.20999999999999908,1.4502762430939065,6500300.0
002973,20250825,14.44,14.23,14.36,14.48,0.040000000000000924,0.27700831024930483,5648102.0
002973,20250822,14.39,14.2,14.32,14.44,-0.16000000000000014,-1.0958904109588996,5682900.0
002973,20250821,14.48,14.33,14.39,14.6,-0.25,-1.683501683501687,6088900.0
002973,20250820,14.85,14.24,14.46,14.85,-0.11000000000000121,-0.7352941176470673,11046411.0
002973,20250819,14.63,14.47,14.74,14.96,-0.14999999999999858,-0.9927200529450619,9443904.0
002973,20250818,14.92,14.53,14.65,15.11,0.08999999999999986,0.5992010652463353,12276343.0
002973,20250815,15.0,14.76,14.93,15.02,-0.23000000000000043,-1.5081967213114833,10464000.0
002973,20250814,14.91,14.63,15.07,15.25,-0.019999999999999574,-0.1309757694826441,15523104.0
002973,20250813,15.17,14.71,14.91,15.27,-0.030000000000001137,-0.19607843137255943,10942999.0
002973,20250812,14.95,14.79,15.17,15.3,-0.03999999999999915,-0.26075619295957697,10503200.0
002973,20250811,14.68,14.6,14.95,15.34,-0.13000000000000078,-0.8403361344537896,13179904.0
002973,20250808,14.57,14.4,14.8,15.47,0.8800000000000008,6.031528444139833,18840949.0
002973,20250807,14.39,14.24,14.52,14.59,-0.4499999999999993,-2.9920212765957355,13090900.0
002973,20250806,13.6,13.45,14.44,15.04,1.3499999999999996,9.861212563915256,20631999.0
002973,20250805,13.52,13.46,13.67,13.69,0.05999999999999872,0.44020542920029104,4136500.0
002973,20250804,13.5,13.38,13.46,13.63,-0.14999999999999858,-1.0885341074020172,3776200.0
002973,20250801,13.45,13.42,13.53,13.78,-0.07000000000000028,-0.5054151624548808,3615300.0
002973,20250731,13.66,13.39,13.44,13.85,-0.040000000000000924,-0.28797696184306165,5305600.0
002973,20250730,13.85,13.68,13.79,13.89,-0.28999999999999915,-2.0451339915373734,5189425.0
002973,20250729,14.17,13.81,13.84,14.18,-0.4800000000000004,-3.2742155525238736,6737203.0
002973,20250728,14.66,14.05,14.17,14.66,0.16000000000000014,1.1034482758620623,10573200.0
002973,20250725,14.15,13.94,14.41,14.5,0.0600000000000005,0.41551246537396835,15799512.0
002973,20250724,13.89,13.69,14.02,14.44,0.5800000000000001,4.18470418470418,13804447.0
002973,20250723,13.5,13.4,13.52,13.86,0.129999999999999,0.9468317552804084,5834300.0
002973,20250722,13.63,13.45,13.59,13.73,-0.15000000000000036,-1.0806916426512991,3884200.0
002973,20250721,13.72,13.55,13.67,13.88,0.09000000000000163,0.6526468455402501,5290900.0
002973,20250718,13.79,13.52,13.72,13.79,0.0,0.0,3945500.0
002973,20250717,13.64,13.56,13.75,13.79,0.0,0.0,3851200.0
002973,20250716,13.56,13.44,13.63,13.79,-0.0600000000000005,-0.43321299638989785,4017600.0
002973,20250715,13.68,13.38,13.53,13.85,0.0,0.0,5645000.0
002973,20250714,13.39,13.22,13.73,13.85,0.29999999999999893,2.2140221402213944,7856500.0
002973,20250711,13.28,12.99,13.39,13.55,0.16999999999999993,1.2705530642750373,7430700.0
002973,20250710,13.3,13.15,13.32,13.38,-0.3999999999999986,-2.9027576197387384,5624400.0
002973,20250709,13.71,13.23,13.34,13.78,-0.02000000000000135,-0.14492753623189802,6070700.0
002973,20250708,13.4,13.33,13.71,13.8,0.23000000000000043,1.6949152542372836,5986700.0
002973,20250707,13.4,13.23,13.39,13.57,-0.33000000000000007,-2.3741007194244657,4260200.0
002973,20250704,13.71,13.4,13.42,13.9,0.009999999999999787,0.07199424046075986,5139012.0
002973,20250703,13.78,13.63,13.77,13.89,-0.05999999999999872,-0.4301075268817067,4617700.0
002973,20250702,13.7,13.6,13.68,13.95,0.1999999999999993,1.4545454545454417,7352182.0
002973,20250701,13.6,13.38,13.74,13.75,0.21000000000000085,1.5509601181683985,5335700.0
002973,20250630,13.46,13.34,13.52,13.54,-0.030000000000001137,-0.2210759027266085,4070300.0
002973,20250627,13.33,13.29,13.45,13.57,0.019999999999999574,0.14760147601475815,4427200.0
002973,20250626,13.55,13.23,13.33,13.55,-0.129999999999999,-0.9502923976608124,5279200.0
002973,20250625,13.43,13.26,13.5,13.68,-0.019999999999999574,-0.14598540145984717,7216800.0
002973,20250624,13.46,13.29,13.45,13.7,0.4499999999999993,3.396226415094339,7957115.0
002973,20250623,12.96,12.8,13.19,13.25,0.03999999999999915,0.3028009084027117,3902500.0
002973,20250620,12.99,12.89,13.02,13.21,-0.5899999999999999,-4.275362318840581,5019085.0
002973,20250619,13.8,12.99,13.07,13.8,0.23000000000000043,1.6949152542372836,7359400.0
002973,20250618,13.51,13.38,13.53,13.57,-0.27999999999999936,-2.02166064981949,4256500.0
002973,20250617,13.85,13.49,13.6,13.85,0.0600000000000005,0.435097897026826,5863900.0
002973,20250616,13.53,13.4,13.75,13.79,-0.1800000000000015,-1.2884753042233466,6483600.0
002973,20250613,13.95,13.51,13.68,13.97,-0.5,-3.455425017277125,9435515.0
002973,20250612,14.45,14.0,14.08,14.47,-0.3899999999999988,-2.6244952893674234,14647925.0
002973,20250611,14.5,14.32,14.55,14.86,-0.4900000000000002,-3.1921824104234497,15221000.0
002973,20250610,14.9,14.3,14.87,15.35,0.40000000000000036,2.6755852842809347,25614600.0
002973,20250609,14.05,13.79,14.69,14.95,0.5499999999999989,3.819444444444442,22526815.0
002973,20250606,14.32,13.9,14.05,14.4,-0.5999999999999996,-3.9999999999999925,15324134.0
002973,20250605,14.99,14.2,14.32,15.0,0.3699999999999992,2.5290498974709363,27554700.0
002973,20250604,13.12,12.92,14.63,14.63,0.870000000000001,6.322674418604657,29071981.0
002973,20250603,13.0,12.9,13.3,13.76,-2.120000000000001,-13.35012594458439,26308784.0
002973,20250530,15.2,13.32,13.36,15.88,1.08,7.297297297297289,45267896.0
002973,20250529,13.99,13.65,14.8,14.8,1.3500000000000014,10.037174721189611,36925308.0
002973,20250528,12.5,12.5,13.45,13.45,1.1600000000000001,9.438567941415776,6538100.0
002973,20250527,11.64,11.54,12.23,12.29,0.6399999999999988,5.493562231759652,12574994.0
002973,20250526,11.54,11.45,11.59,11.65,-0.11999999999999922,-1.0195412064570863,3497000.0
002973,20250523,11.63,11.53,11.54,11.77,-0.15000000000000036,-1.2583892617449743,3278700.0
002973,20250522,11.82,11.6,11.62,11.92,-0.11999999999999922,-0.9966777408637828,4124200.0
002973,20250521,12.0,11.77,11.81,12.04,-0.1800000000000015,-1.4729950900163824,6031900.0
002973,20250520,12.13,11.93,12.04,12.22,0.0600000000000005,0.49342105263159297,6230900.0
002973,20250519,12.01,11.69,12.15,12.16,-0.16999999999999993,-1.3787510137875048,8417520.0
002973,20250516,12.08,11.95,12.11,12.33,-0.15000000000000036,-1.2019230769230838,7306602.0
002973,20250515,12.3,11.92,12.11,12.48,-0.05999999999999872,-0.4784688995215225,11339100.0
002973,20250514,12.19,12.02,12.26,12.54,-0.5300000000000011,-4.055087987758233,14556418.0
002973,20250513,12.83,12.14,12.19,13.07,-0.8499999999999996,-6.106321839080453,24928544.0
002973,20250512,13.65,12.7,12.92,13.92,0.5800000000000001,4.347826086956519,38814998.0
002973,20250509,13.34,12.9,13.34,13.34,1.209999999999999,9.975267930750187,16212800.0
002973,20250508,12.13,12.13,12.13,12.13,0.9000000000000004,8.014247551202146,3725950.0
002973,20250507,11.16,10.95,11.03,11.23,0.11000000000000121,0.9892086330935301,3287000.0
002973,20250506,10.87,10.72,11.09,11.12,0.09999999999999964,0.9074410163339319,4711000.0
002973,20250430,10.38,10.3,10.79,11.02,0.6099999999999994,5.859750240153683,6954100.0
002973,20250429,10.05,9.97,10.32,10.41,-0.09999999999999964,-0.9514747859181716,3240398.0
002973,20250428,10.49,10.07,10.14,10.51,-0.08000000000000007,-0.7554296506137925,4025098.0
002973,20250425,10.47,10.41,10.5,10.59,-0.040000000000000924,-0.37629350893697566,1966700.0
002973,20250424,10.55,10.33,10.49,10.63,-0.03999999999999915,-0.37488284910964786,2556300.0
002973,20250423,10.46,10.44,10.54,10.67,0.08000000000000007,0.7554296506137925,3204300.0
002973,20250422,10.46,10.36,10.43,10.59,0.14000000000000057,1.3397129186602852,2516200.0
002973,20250421,10.3,10.12,10.44,10.45,-0.10000000000000142,-0.9478672985782088,2722100.0
002973,20250418,10.46,10.28,10.29,10.55,-0.049999999999998934,-0.4716981132075415,2645900.0
002973,20250417,10.14,10.02,10.47,10.6,0.16999999999999993,1.6299137104506256,3699400.0
002973,20250416,10.43,9.98,10.18,10.43,-0.14000000000000057,-1.324503311258285,3234500.0
002973,20250415,10.37,10.33,10.43,10.57,0.14000000000000057,1.342281879194629,3240000.0
002973,20250414,10.3,10.27,10.36,10.43,0.08000000000000007,0.7729468599033895,2968900.0
002973,20250411,10.08,10.08,10.22,10.35,-0.120000000000001,-1.146131805157602,3243298.0
002973,20250410,10.14,10.14,10.17,10.47,0.39000000000000057,3.8690476190476275,5050800.0
002973,20250409,9.51,9.0,9.98,10.08,-0.6199999999999992,-5.794392523364477,9756000.0
002973,20250408,10.48,9.59,9.59,10.7,-0.6600000000000001,-5.809859154929575,11450300.0
002973,20250407,11.2,10.66,10.66,11.36,-0.7100000000000009,-5.882352941176483,2887800.0
002973,20250403,12.04,11.71,11.84,12.07,-0.10999999999999943,-0.9031198686371034,2891298.0
002973,20250402,11.99,11.86,12.04,12.18,-0.0600000000000005,-0.4901960784313819,2289800.0
002973,20250401,12.14,11.85,11.89,12.24,0.05000000000000071,0.41017227235440323,2961300.0
002973,20250331,12.19,11.9,12.11,12.19,-0.21000000000000085,-1.6935483870967771,2596900.0
002973,20250328,12.3,12.13,12.19,12.4,-0.11999999999999922,-0.9584664536741117,1998900.0
002973,20250327,12.38,12.02,12.34,12.52,0.03999999999999915,0.3205128205128194,3343898.0
002973,20250326,12.28,12.17,12.42,12.48,-0.11999999999999922,-0.952380952380949,3265898.0
002973,20250325,12.51,12.13,12.29,12.6,-0.34999999999999964,-2.7027027027026973,3024935.0
002973,20250324,12.8,12.25,12.53,12.95,0.009999999999999787,0.07727975270479526,3324600.0
002973,20250321,12.87,12.61,12.73,12.94,-0.27000000000000135,-2.0439061317184093,3494500.0
002973,20250320,13.08,12.88,12.91,13.21,-0.17999999999999972,-1.344286781179982,4682300.0
002973,20250319,13.38,13.0,13.09,13.39,-0.10999999999999943,-0.8148148148148127,4302800.0
002973,20250318,13.22,13.01,13.39,13.5,0.0,0.0,5217200.0
002973,20250317,13.48,13.08,13.2,13.5,-0.4399999999999995,-3.1563845050215145,8024113.0
002973,20250314,13.88,13.5,13.52,13.94,-0.2599999999999998,-1.8309859154929553,6364313.0
002973,20250313,14.2,13.55,13.77,14.2,-0.05000000000000071,-0.35087719298245723,5494100.0
002973,20250312,14.0,13.79,14.07,14.25,0.21000000000000085,1.4957264957265126,5384764.0
002973,20250311,13.97,13.48,13.95,14.04,-0.27000000000000135,-1.8867924528301994,4695286.0
002973,20250310,13.83,13.83,13.91,14.31,-0.2400000000000002,-1.6494845360824795,5968582.0
002973,20250307,14.4,13.77,13.95,14.55,-0.08000000000000007,-0.5468215994531733,7837300.0
002973,20250306,13.89,13.67,13.87,14.63,1.1800000000000015,8.773234200743495,8843212.0
002973,20250305,12.9,12.89,13.4,13.45,0.41999999999999993,3.223330775134303,5690813.0
002973,20250304,12.67,12.55,12.89,13.03,-0.009999999999999787,-0.07668711656441118,3774600.0
002973,20250303,12.87,12.63,12.8,13.04,-0.39000000000000057,-2.903946388682055,4095300.0
002973,20250228,13.43,12.83,12.86,13.43,-0.6300000000000008,-4.480796586059754,5160754.0
002973,20250227,13.85,13.19,13.37,14.06,-0.21999999999999886,-1.540616246498594,7809200.0
002973,20250226,13.83,13.56,13.85,14.28,0.2400000000000002,1.7094017094017033,6821803.0
002973,20250225,14.04,13.5,13.63,14.04,-0.05000000000000071,-0.35486160397445454,7182703.0
002973,20250224,13.66,13.66,14.04,14.09,0.2599999999999998,1.8799710773680367,5152200.0
002973,20250221,13.61,13.49,13.74,13.83,0.019999999999999574,0.14482259232440065,5107939.0
002973,20250220,13.59,13.5,13.61,13.81,0.14000000000000057,1.0241404535479282,7080600.0
002973,20250219,12.93,12.91,13.63,13.67,0.25,1.8628912071535053,10846600.0
002973,20250218,13.3,12.9,12.97,13.42,0.03999999999999915,0.2989536621823552,5694560.0
002973,20250217,12.58,12.09,13.25,13.38,0.07000000000000028,0.5259203606311047,7689878.0
002973,20250214,12.96,12.62,12.66,13.31,0.16000000000000014,1.2167300380228063,6679500.0
002973,20250213,13.04,12.71,12.86,13.15,0.019999999999999574,0.15232292460014563,3867900.0
002973,20250212,12.79,12.79,13.08,13.13,0.20000000000000107,1.5467904098994678,5585200.0
002973,20250211,12.46,12.46,12.88,12.93,0.16000000000000014,1.2529365700861383,7025500.0
002973,20250210,11.95,11.95,12.59,12.77,0.5099999999999998,4.159869494290369,9993198.0
002973,20250207,12.1,11.91,12.02,12.26,-0.25,-1.9984012789768135,8697137.0
002973,20250206,12.47,11.53,12.02,12.51,-0.47000000000000064,-3.6209553158705776,11499137.0
002973,20250205,12.76,12.41,12.47,12.98,-0.1899999999999995,-1.4426727410781992,7832521.0
002973,20250127,11.98,11.88,12.76,13.17,1.17,9.749999999999993,14662218.0
002973,20250124,11.19,10.96,11.97,12.0,0.7100000000000009,6.288751107174506,13729616.0
002973,20250123,10.91,10.76,11.24,11.29,0.1999999999999993,1.8034265103696878,6249166.0
002973,20250122,10.85,10.78,10.86,11.09,0.16999999999999993,1.5567765567765512,2231280.0
002973,20250121,10.85,10.73,10.85,10.92,-0.07000000000000028,-0.6369426751592355,1576200.0
002973,20250120,10.69,10.62,10.85,10.99,0.3100000000000005,2.9026217228464546,2336400.0
002973,20250117,10.32,10.3,10.62,10.68,0.02999999999999936,0.28169014084507005,2639000.0
002973,20250116,10.46,10.3,10.42,10.65,0.0,0.0,2131400.0
002973,20250115,10.4,10.3,10.46,10.65,0.17999999999999972,1.7191977077363862,2432700.0
002973,20250114,10.1,9.95,10.45,10.47,0.370000000000001,3.6633663366336666,3443400.0
002973,20250113,9.89,9.73,9.96,10.1,-0.20000000000000107,-1.9417475728155442,1615300.0
002973,20250110,10.3,10.0,10.03,10.3,-0.25,-2.3696682464455,2275500.0
002973,20250109,10.27,10.13,10.29,10.55,0.16999999999999993,1.6377649325626242,1846200.0
002973,20250108,10.32,10.01,10.32,10.38,0.040000000000000924,0.3868471953578423,2354200.0
002973,20250107,10.08,10.0,10.33,10.34,0.129999999999999,1.273261508325163,2392400.0
002973,20250106,10.05,9.7,10.08,10.21,-0.23999999999999844,-2.29665071770333,2718501.0
002973,20250103,10.41,10.02,10.08,10.45,-0.28000000000000114,-2.6095060577819296,3229900.0
002973,20250102,10.71,10.3,10.41,10.73,-0.41000000000000014,-3.6804308797127483,2560800.0
002973,20241231,10.81,10.56,10.58,11.14,0.2400000000000002,2.2018348623853212,3161200.0
002973,20241230,10.75,10.5,10.73,10.9,-0.019999999999999574,-0.1831501831501825,2810500.0
002973,20241227,10.28,10.28,10.83,10.92,0.41999999999999993,4.0000000000000036,4600700.0
002973,20241226,10.28,10.23,10.32,10.5,-0.27999999999999936,-2.597402597402587,2599800.0
002973,20241225,10.65,10.23,10.37,10.78,-0.20000000000000107,-1.821493624772319,3683100.0
002973,20241224,10.78,10.65,10.73,10.98,-0.27999999999999936,-2.48667850799289,2307800.0
002973,20241223,11.17,10.76,10.78,11.26,-0.14000000000000057,-1.2280701754386003,4914000.0
002973,20241220,11.1,11.0,11.25,11.4,-0.17999999999999972,-1.5544041450777146,4695600.0
002973,20241219,10.84,9.82,11.07,11.58,0.47000000000000064,4.230423042304232,8100600.0
002973,20241218,10.91,10.81,10.91,11.11,-0.41000000000000014,-3.559027777777779,4259280.0
002973,20241217,11.42,10.89,10.91,11.52,-0.17999999999999972,-1.538461538461533,6205742.0
002973,20241216,11.3,11.28,11.47,11.7,0.16000000000000014,1.3864818024263537,6108966.0
002973,20241213,11.4,11.27,11.31,11.54,0.02999999999999936,0.26064291920069316,5376647.0
002973,20241212,11.42,11.15,11.4,11.51,-0.05000000000000071,-0.4325259515570945,5404300.0
002973,20241211,11.16,11.05,11.42,11.56,0.05000000000000071,0.4344048653345034,7126000.0
002973,20241210,11.3,10.82,11.11,11.51,0.40000000000000036,3.6003600360036137,9737200.0
002973,20241209,10.58,10.38,10.79,11.11,0.41999999999999993,3.928905519176795,8013400.0
002973,20241206,10.69,10.23,10.45,10.69,0.33999999999999986,3.2850241545893777,5713619.0
002973,20241205,10.0,9.98,10.31,10.35,0.07000000000000028,0.6809338521400754,3524600.0
002973,20241204,10.28,9.99,10.04,10.28,-0.16000000000000014,-1.532567049808431,3403300.0
002973,20241203,10.15,10.01,10.3,10.44,0.28999999999999915,2.857142857142847,4876211.0
002973,20241202,9.99,9.95,10.13,10.15,0.11000000000000121,1.0956175298804993,3959700.0
002973,20241129,9.91,9.85,9.97,10.04,-0.040000000000000924,-0.3968253968254065,2490600.0
002973,20241128,9.93,9.86,9.94,10.08,0.11999999999999922,1.2048192771084265,2663000.0
002973,20241127,9.87,9.48,9.93,9.96,-0.1399999999999988,-1.3861386138613763,2885500.0
002973,20241126,9.92,9.84,9.87,10.1,0.11999999999999922,1.2024048096192397,2700455.0
002973,20241125,9.8,9.67,9.92,9.98,-0.16000000000000014,-1.5779092702169595,3242700.0
002973,20241122,10.09,9.68,9.71,10.14,-0.08000000000000007,-0.7827788649706457,4614700.0
002973,20241121,10.18,9.97,10.07,10.22,-0.019999999999999574,-0.1953125,2951900.0
002973,20241120,10.16,10.06,10.18,10.24,0.0600000000000005,0.5893909626719207,4096800.0
002973,20241119,9.91,9.75,10.16,10.18,-0.0600000000000005,-0.5859375,4011200.0
002973,20241118,10.06,9.71,9.91,10.24,-0.4499999999999993,-4.209541627689428,5476400.0
002973,20241115,10.6,10.01,10.03,10.69,-0.6699999999999999,-5.897887323943662,8480500.0
002973,20241114,11.15,10.66,10.71,11.36,-0.120000000000001,-1.0452961672474004,4427900.0
002973,20241113,11.15,10.93,11.21,11.48,-0.2400000000000002,-2.0477815699658675,4736564.0
002973,20241112,11.32,11.0,11.15,11.72,0.2400000000000002,2.0905923344947785,7721700.0
002973,20241111,10.73,10.71,11.3,11.48,0.5999999999999996,5.514705882352944,8839300.0
002973,20241108,10.79,10.58,10.7,10.88,0.08000000000000007,0.7407407407407307,5446200.0
002973,20241107,10.4,10.33,10.69,10.8,0.15000000000000036,1.4084507042253502,4730000.0
002973,20241106,10.63,10.2,10.47,10.65,-0.28999999999999915,-2.6508226691042025,6670100.0
002973,20241105,10.56,10.41,10.6,10.94,0.16999999999999993,1.5784586815227541,6065352.0
002973,20241104,10.68,10.48,10.51,10.77,-0.47000000000000064,-4.181494661921715,4264717.0
002973,20241101,11.12,10.63,10.69,11.24,-0.17999999999999972,-1.5761821366024442,4093000.0
002973,20241031,11.26,11.06,11.22,11.42,-0.09999999999999964,-0.868055555555558,3960160.0
002973,20241030,11.33,11.11,11.33,11.52,-0.7599999999999998,-6.1889250814332275,4207400.0
002973,20241029,11.89,11.39,11.39,12.28,0.41000000000000014,3.4540859309182936,7825200.0
002973,20241028,11.75,11.55,11.87,11.87,0.14999999999999858,1.2798634812286602,4874800.0
002973,20241025,11.44,11.3,11.72,11.72,0.07000000000000028,0.6008583690987113,4433180.0
002973,20241024,11.39,11.25,11.45,11.65,0.05000000000000071,0.4310344827586299,4964100.0
002973,20241023,11.26,11.11,11.43,11.6,0.11999999999999922,1.0452961672473782,7327775.0
002973,20241022,10.53,10.36,11.37,11.48,0.9299999999999997,8.815165876777243,13337000.0
002973,20241021,10.31,10.23,10.44,10.55,0.19000000000000128,1.8339768339768359,5231539.0
002973,20241018,9.93,9.93,10.27,10.36,0.1999999999999993,1.9685039370078705,4777774.0
002973,20241017,9.96,9.91,10.02,10.16,0.05000000000000071,0.4945598417408492,3357700.0
002973,20241016,9.9,9.68,9.91,10.11,-0.3600000000000012,-3.4383954154727947,3421600.0
002973,20241015,9.95,9.77,10.03,10.47,-0.11999999999999922,-1.1331444759206777,7104663.0
002973,20241014,9.91,9.91,10.14,10.59,0.5800000000000001,5.794205794205798,13633735.0
002973,20241011,10.01,9.41,9.66,10.01,-0.14000000000000057,-1.379310344827589,6620759.0
002973,20241010,9.68,9.37,10.1,10.15,0.040000000000000924,0.3956478733926794,9534776.0
002973,20241009,9.38,9.19,9.49,10.11,-0.41000000000000014,-3.897338403041828,8091910.0
002973,20241008,10.25,9.49,9.98,10.52,0.879999999999999,9.12863070539418,9377383.0
002973,20240930,9.06,9.03,9.57,9.64,0.620000000000001,6.873614190687372,6137728.0
002973,20240927,8.68,8.56,8.9,9.02,0.46999999999999886,5.4970760233918,3356520.0
002973,20240926,8.24,8.15,8.55,8.55,0.19000000000000128,2.272727272727293,2224950.0
002973,20240925,8.1,8.1,8.25,8.36,0.33999999999999986,4.239401496259343,2579974.0
002973,20240924,7.65,7.65,8.01,8.02,0.2599999999999998,3.350515463917514,1953863.0
002973,20240923,7.67,7.6,7.69,7.76,-0.10000000000000053,-1.2722646310432628,639800.0
002973,20240920,7.85,7.67,7.7,7.86,-0.040000000000000036,-0.5063291139240533,1247500.0
002973,20240919,7.76,7.67,7.83,7.9,-0.08999999999999986,-1.126408010012514,1664900.0
002973,20240918,7.95,7.45,7.63,7.99,-0.28999999999999915,-3.5024154589371914,2428476.0
002973,20240913,8.22,7.91,7.91,8.28,-0.14000000000000057,-1.6627078384798155,2469634.0
002973,20240912,8.26,8.22,8.22,8.42,0.0600000000000005,0.7177033492822948,3411200.0
002973,20240911,8.36,8.21,8.26,8.36,-0.05000000000000071,-0.5945303210463826,747634.0
002973,20240910,8.41,8.27,8.37,8.41,0.019999999999999574,0.23837902264600697,792574.0
002973,20240909,8.23,8.03,8.37,8.39,-0.02999999999999936,-0.3562945368170922,1050218.0
002973,20240906,8.36,8.28,8.28,8.42,0.0,0.0,891080.0
002973,20240905,8.31,8.31,8.39,8.42,0.02999999999999936,0.35756853396899935,922320.0
002973,20240904,8.35,8.29,8.3,8.39,-0.09999999999999964,-1.1778563015312105,1112250.0
002973,20240903,8.41,8.35,8.41,8.49,-0.129999999999999,-1.5081206496519561,1293750.0
002973,20240902,8.6,8.38,8.4,8.62,-0.02000000000000135,-0.23148148148149916,964800.0
002973,20240830,8.48,8.42,8.52,8.64,0.14000000000000057,1.6470588235294237,1465163.0
002973,20240829,8.3,8.24,8.5,8.5,0.08000000000000007,0.9501187648456089,1959463.0
002973,20240828,8.33,8.23,8.33,8.42,0.0,0.0,1093900.0
002973,20240827,8.37,8.3,8.33,8.42,0.0,0.0,614000.0
002973,20240826,8.23,8.18,8.37,8.42,-0.02999999999999936,-0.35502958579880506,871300.0
002973,20240823,8.43,8.18,8.29,8.45,-0.21000000000000085,-2.4249422632794504,1785639.0
002973,20240822,8.61,8.43,8.43,8.66,-0.08999999999999986,-1.0285714285714231,1002763.0
002973,20240821,8.65,8.55,8.61,8.75,-0.0600000000000005,-0.6810442678774176,1150315.0
002973,20240820,8.78,8.58,8.58,8.81,-0.21999999999999886,-2.4363233665559147,1904500.0
002973,20240819,8.96,8.79,8.8,9.03,-0.16999999999999993,-1.8478260869565166,1849276.0
002973,20240816,9.17,8.94,8.96,9.2,0.0,0.0,1613400.0
002973,20240815,9.15,9.02,9.17,9.2,-0.23000000000000043,-2.4390243902439046,1776500.0
002973,20240814,9.28,9.18,9.19,9.43,0.10999999999999943,1.1802575107296098,2416900.0
002973,20240813,9.18,9.1,9.32,9.32,-0.02999999999999936,-0.3208556149732589,2606100.0
002973,20240812,9.05,9.05,9.29,9.35,0.1899999999999995,2.0742358078602585,4229300.0
002973,20240809,9.0,8.96,9.05,9.16,0.13000000000000078,1.439645625692143,1856463.0
002973,20240808,8.91,8.81,9.0,9.03,-0.15000000000000036,-1.6339869281045805,1664476.0
002973,20240807,9.09,8.93,8.97,9.18,-0.3200000000000003,-3.368421052631587,2302200.0
002973,20240806,9.2,8.94,9.07,9.5,0.23000000000000043,2.481121898597638,3302863.0
002973,20240805,9.16,8.83,8.86,9.27,-0.25,-2.626050420168069,4095800.0
002973,20240802,9.45,9.26,9.27,9.52,-0.2599999999999998,-2.6584867075664653,4495300.0
002973,20240801,9.3,9.19,9.67,9.78,0.28999999999999915,3.0558482613276983,8520639.0
002973,20240731,9.27,9.14,9.45,9.49,0.02999999999999936,0.3171247357293794,5538600.0
002973,20240730,9.44,9.23,9.27,9.46,-0.11999999999999922,-1.2526096033402823,5481147.0
002973,20240729,9.4,9.36,9.53,9.58,-0.3100000000000005,-3.134479271991919,6996108.0
002973,20240726,9.89,9.4,9.52,9.89,0.07000000000000028,0.7128309572301372,12318908.0
002973,20240725,8.84,8.8,9.82,9.82,0.019999999999999574,0.20408163265306367,9286300.0
002973,20240724,9.25,8.81,8.93,9.8,0.40000000000000036,4.255319148936176,4173439.0
002973,20240723,9.08,9.01,9.16,9.4,0.28000000000000114,3.070175438596512,4004510.0
002973,20240722,8.95,8.69,9.08,9.12,0.019999999999999574,0.219780219780219,3544904.0
002973,20240719,8.99,8.89,8.95,9.1,-0.6500000000000004,-6.666666666666665,4096900.0
002973,20240718,9.25,9.01,9.19,9.75,0.46000000000000085,4.9515608180839665,8244577.0
002973,20240717,9.1,8.98,9.1,9.29,0.11999999999999922,1.3086150490730475,2999400.0
002973,20240716,9.01,8.94,9.1,9.17,0.08000000000000007,0.8800880088008833,1862198.0
002973,20240715,8.97,8.82,9.09,9.09,-0.3000000000000007,-3.194888178913746,1878000.0
002973,20240712,8.9,8.9,9.05,9.39,0.41999999999999993,4.682274247491636,5555763.0
002973,20240711,8.7,8.62,8.95,8.97,0.28000000000000114,3.2220943613348707,1851802.0
002973,20240710,8.62,8.5,8.58,8.69,0.07000000000000028,0.8120649651972123,737100.0
002973,20240709,8.54,8.28,8.62,8.62,-0.25,-2.8184892897407,1228616.0
002973,20240708,8.82,8.48,8.53,8.87,0.02999999999999936,0.33936651583710287,1084563.0
002973,20240705,8.62,8.51,8.78,8.84,0.009999999999999787,0.11325028312569874,1392073.0
002973,20240704,8.8,8.53,8.66,8.83,-0.07000000000000028,-0.786516853932584,1870010.0
002973,20240703,8.84,8.75,8.75,8.9,-0.08999999999999986,-1.0011123470522798,1341400.0
002973,20240702,8.88,8.82,8.84,8.99,-0.10999999999999943,-1.2087912087912045,1523600.0
002973,20240701,8.94,8.8,8.88,9.1,-0.019999999999999574,-0.21929824561403022,1952700.0
002973,20240628,8.92,8.92,8.94,9.12,-0.120000000000001,-1.2987012987013102,1423800.0
002973,20240627,9.16,9.02,9.02,9.24,-0.049999999999998934,-0.5382131324004225,1178517.0
002973,20240626,9.25,9.07,9.23,9.29,-0.030000000000001137,-0.32188841201717944,2296700.0
002973,20240625,9.0,8.83,9.31,9.32,0.22000000000000064,2.417582417582431,3287200.0
002973,20240624,9.1,8.64,9.02,9.1,-0.019999999999999574,-0.21929824561403022,2394663.0
002973,20240621,8.93,8.85,9.12,9.12,-0.02000000000000135,-0.2188183807440014,1512063.0
002973,20240620,9.1,8.89,8.89,9.14,-0.11999999999999922,-1.295896328293733,1230100.0
002973,20240619,9.21,9.11,9.13,9.26,0.019999999999999574,0.21645021645020357,957863.0
002973,20240618,9.17,9.1,9.23,9.24,-0.009999999999999787,-0.108108108108107,1046716.0
002973,20240617,9.2,8.94,9.17,9.25,-0.07000000000000028,-0.7510729613733891,1798500.0
002973,20240614,9.08,9.0,9.21,9.32,-0.20999999999999908,-2.2035676810073346,2217900.0
002973,20240613,8.91,8.9,9.19,9.53,0.5299999999999994,5.888888888888877,4167900.0
002973,20240612,8.75,8.69,8.91,9.0,0.03999999999999915,0.44642857142855874,1917600.0
002973,20240611,8.96,8.58,8.79,8.96,-0.05999999999999872,-0.6651884700665023,2077100.0
002973,20240607,8.69,8.45,8.96,9.02,-0.040000000000000924,-0.44150110375277274,3768164.0
002973,20240606,8.89,8.38,8.39,9.06,-0.08999999999999986,-0.983606557377048,3792300.0
002973,20240605,9.05,8.89,8.89,9.15,-0.2400000000000002,-2.5559105431309903,2004800.0
002973,20240604,9.37,8.98,9.15,9.39,-0.3699999999999992,-3.7909836065573743,3240600.0
002973,20240603,9.6,9.28,9.37,9.76,-0.05000000000000071,-0.5096839959225385,2572100.0
002973,20240531,9.76,9.6,9.63,9.81,-0.15000000000000036,-1.5060240963855498,1800410.0
002973,20240530,9.85,9.8,9.83,9.96,0.02000000000000135,0.201207243460777,1195000.0
002973,20240529,9.89,9.71,9.84,9.94,0.009999999999999787,0.10070493454179541,1048900.0
002973,20240528,9.85,9.73,9.8,9.93,0.07000000000000028,0.7099391480730244,1126300.0
002973,20240527,9.84,9.67,9.83,9.86,-0.08000000000000007,-0.8048289738430636,1336000.0
002973,20240524,9.71,9.66,9.76,9.94,-0.08000000000000007,-0.7984031936127733,1532100.0
002973,20240523,10.02,9.56,9.7,10.02,-0.009999999999999787,-0.09970089730807485,2600338.0
002973,20240522,9.99,9.91,10.02,10.03,-0.120000000000001,-1.1822660098522286,1494600.0
002973,20240521,10.15,9.91,9.94,10.15,-0.049999999999998934,-0.4901960784313597,1617600.0
002973,20240520,10.2,10.0,10.06,10.2,0.049999999999998934,0.49261083743841194,1763600.0
002973,20240517,9.92,9.91,10.15,10.15,0.16999999999999993,1.7034068136272618,2074300.0
002973,20240516,9.82,9.8,9.89,9.98,0.0,0.0,1737839.0
002973,20240515,9.89,9.82,9.82,9.98,0.030000000000001137,0.3015075376884502,1561400.0
002973,20240514,9.87,9.79,9.93,9.95,-0.13000000000000078,-1.2896825396825462,1782700.0
002973,20240513,10.08,9.82,9.87,10.08,-0.11999999999999922,-1.17647058823529,3073600.0
002973,20240510,9.94,9.77,10.06,10.2,0.21999999999999886,2.2044088176352616,5261900.0
002973,20240509,9.81,9.72,9.95,9.98,0.14000000000000057,1.4227642276422925,2413463.0
002973,20240508,9.81,9.7,9.75,9.84,-0.0600000000000005,-0.60606060606061,2415000.0
002973,20240507,9.61,9.55,9.86,9.9,0.120000000000001,1.22699386503069,4477000.0
002973,20240506,9.48,9.45,9.6,9.78,0.09999999999999964,1.0330578512396604,5232600.0
002973,20240430,9.58,9.3,9.44,9.68,-0.0600000000000005,-0.6160164271047264,3880500.0
002973,20240429,9.26,9.23,9.7,9.74,-0.15000000000000036,-1.5166835187057637,5420600.0
002973,20240426,9.8,9.66,9.75,9.89,-0.08000000000000007,-0.8024072216649913,2844500.0
002973,20240425,9.72,9.71,9.86,9.97,0.21000000000000085,2.1516393442623016,1603100.0
002973,20240424,9.62,9.56,9.71,9.76,0.019999999999999574,0.2053388090349051,1802800.0
002973,20240423,9.51,9.43,9.62,9.74,0.07000000000000028,0.7238883143743546,2214800.0
002973,20240422,9.56,9.22,9.53,9.67,-0.0600000000000005,-0.6166495375128478,3756600.0
002973,20240419,9.56,9.5,9.57,9.73,-0.27999999999999936,-2.7972027972027913,2173600.0
002973,20240418,10.0,9.56,9.56,10.01,0.14000000000000057,1.4184397163120588,4202000.0
002973,20240417,9.1,9.1,9.87,9.87,0.02999999999999936,0.304878048780477,4218600.0
002973,20240416,9.84,8.97,8.97,9.84,-0.5700000000000003,-5.475504322766578,3837900.0
002973,20240415,10.25,9.72,9.84,10.41,-0.129999999999999,-1.2333965844402162,4820743.0
002973,20240412,10.37,10.22,10.31,10.54,0.009999999999999787,0.09496676163343043,2645700.0
002973,20240411,10.2,10.07,10.4,10.53,0.05999999999999872,0.5730659025787732,2139417.0
002973,20240410,10.46,10.11,10.26,10.47,-0.009999999999999787,-0.0954198473282375,1538348.0
002973,20240409,10.35,10.27,10.46,10.48,-0.10999999999999943,-1.0387157695939564,1745500.0
002973,20240408,10.5,10.23,10.25,10.59,-0.009999999999999787,-0.09433962264150386,2425900.0
002973,20240403,10.5,10.41,10.55,10.6,0.02999999999999936,0.2838221381267658,2332700.0
002973,20240402,10.49,10.35,10.47,10.57,0.07000000000000028,0.6666666666666599,2180000.0
002973,20240401,10.31,10.29,10.47,10.5,0.16000000000000014,1.547388781431347,3259900.0
002973,20240329,10.21,10.15,10.26,10.34,-0.040000000000000924,-0.3853564547206201,2622698.0
002973,20240328,10.17,10.13,10.25,10.38,-0.25,-2.35183443085607,3672083.0
002973,20240327,10.09,10.09,10.2,10.63,0.0,0.0,5380383.0
002973,20240326,10.34,10.34,10.58,10.63,-0.019999999999999574,-0.187793427230043,2640100.0
002973,20240325,10.58,10.3,10.3,10.65,-0.08999999999999986,-0.8379888268156388,2231301.0
002973,20240322,10.68,10.4,10.6,10.74,-0.08999999999999986,-0.8310249307479256,3649600.0
002973,20240321,10.74,10.65,10.67,10.83,-0.02999999999999936,-0.2762430939226457,2632200.0
002973,20240320,10.71,10.62,10.74,10.86,0.02999999999999936,0.27700831024930483,3337900.0
002973,20240319,10.83,10.44,10.76,10.83,-0.16999999999999993,-1.5454545454545499,5527400.0
002973,20240318,11.0,10.63,10.72,11.0,-0.08999999999999986,-0.8115419296663595,6531300.0
002973,20240315,10.33,10.19,11.02,11.09,0.3000000000000007,2.7803521779425466,6999000.0
002973,20240314,9.87,9.84,10.33,10.79,0.7999999999999989,8.008008008008005,8705900.0
002973,20240313,9.75,9.55,9.84,9.99,0.17999999999999972,1.83486238532109,3884900.0
002973,20240312,9.44,9.17,9.77,9.81,0.34999999999999964,3.6997885835095,5203400.0
002973,20240311,9.04,9.01,9.43,9.46,0.3600000000000012,3.956043956043964,2819910.0
002973,20240308,8.91,8.91,9.07,9.1,-0.07000000000000028,-0.7633587786259555,1400900.0
002973,20240307,8.92,8.91,8.96,9.17,0.10999999999999943,1.2141280353200834,2302700.0
002973,20240306,8.82,8.81,8.93,9.06,0.009999999999999787,0.11049723756906271,2143000.0
002973,20240305,8.99,8.86,8.91,9.05,-0.049999999999998934,-0.5494505494505364,1802400.0
002973,20240304,9.01,8.78,9.05,9.1,-0.030000000000001137,-0.3285870755750375,2753100.0
002973,20240301,8.87,8.86,9.01,9.13,0.26000000000000156,2.9312288613303483,2957800.0
002973,20240229,8.55,8.46,8.87,8.87,-0.75,-7.7962577962578,3827300.0
002973,20240228,9.55,8.53,8.56,9.62,0.09999999999999964,1.0504201680672232,6338536.0
002973,20240227,9.05,9.01,9.48,9.52,0.23000000000000043,2.4757804090419944,3931800.0
002973,20240226,8.94,8.91,9.08,9.29,0.34999999999999964,3.914988814317666,4392203.0
002973,20240223,8.72,8.69,8.94,8.94,0.2400000000000002,2.758620689655178,3149900.0
002973,20240222,8.48,8.4,8.69,8.7,-0.08000000000000007,-0.9111617312072884,2936100.0
002973,20240221,8.3,8.17,8.51,8.78,0.3199999999999985,3.782505910165468,4216291.0
002973,20240220,8.3,8.11,8.32,8.46,-0.08999999999999986,-1.0526315789473717,3092088.0
002973,20240219,8.14,8.08,8.26,8.55,0.6100000000000003,7.682619647355171,4782908.0
002973,20240208,7.1,7.05,7.94,7.94,0.2600000000000007,3.385416666666674,5256004.0
002973,20240207,7.57,7.06,7.22,7.68,-0.1200000000000001,-1.538461538461544,5705533.0
002973,20240206,7.75,7.01,7.58,7.8,-0.7999999999999998,-9.302325581395344,6960748.0
002973,20240205,8.56,7.79,7.79,8.6,-0.8399999999999999,-8.898305084745761,5279500.0
002973,20240202,9.35,8.4,8.65,9.44,-0.370000000000001,-3.771661569826712,4153625.0
002973,20240201,9.79,9.05,9.33,9.81,-0.6899999999999995,-6.571428571428561,4174811.0
002973,20240131,10.31,9.78,9.81,10.5,-0.2400000000000002,-2.2346368715083775,2973600.0
002973,20240130,10.72,10.22,10.25,10.74,-0.41999999999999993,-3.7634408602150504,2284200.0
002973,20240129,11.15,10.73,10.79,11.16,-0.09999999999999964,-0.8880994671403131,2582400.0
002973,20240126,11.07,11.0,11.1,11.26,0.20999999999999908,1.900452488687776,2131400.0
002973,20240125,10.2,10.2,11.0,11.05,0.8100000000000005,7.91015625,3636600.0
002973,20240124,9.95,9.71,10.2,10.24,0.16000000000000014,1.5873015873015817,2395700.0
002973,20240123,10.0,9.81,9.92,10.08,-0.9100000000000001,-8.280254777070063,3130075.0
002973,20240122,10.92,10.03,10.08,10.99,-0.3100000000000005,-2.743362831858409,3699300.0
002973,20240119,11.27,10.85,10.92,11.3,-0.019999999999999574,-0.17667844522968323,2862500.0
002973,20240118,11.1,10.94,11.29,11.32,-0.0600000000000005,-0.5272407732864748,3570800.0
002973,20240117,11.3,11.16,11.17,11.38,0.0600000000000005,0.5300353356890497,2500500.0
002973,20240116,11.23,11.06,11.32,11.32,-0.10999999999999943,-0.962379702537175,2564000.0
002973,20240115,11.41,11.13,11.25,11.43,-0.34999999999999964,-2.971137521222411,2824100.0
002973,20240112,11.55,11.42,11.47,11.78,0.35999999999999943,3.1523642732048884,5007500.0
002973,20240111,11.18,11.1,11.4,11.42,0.15000000000000036,1.3309671694764935,1994711.0
002973,20240110,11.15,11.06,11.13,11.27,0.019999999999999574,0.1777777777777656,1406011.0
002973,20240109,11.15,10.99,11.17,11.25,-0.10999999999999943,-0.9683098591549255,1906500.0
002973,20240108,11.26,11.01,11.03,11.36,-0.08000000000000007,-0.6993006993006978,1722400.0
002973,20240105,11.24,11.2,11.27,11.44,0.05999999999999872,0.5272407732864526,2279500.0
002973,20240104,11.29,11.21,11.3,11.38,-0.019999999999999574,-0.17543859649122862,1703900.0
002973,20240103,11.1,11.1,11.32,11.4,0.1899999999999995,1.6949152542372836,2617800.0
002973,20240102,10.95,10.91,11.17,11.21,0.23000000000000043,2.0947176684881663,2104800.0
002973,20231229,10.88,10.8,10.97,10.98,0.009999999999999787,0.09115770282588365,1509400.0
002973,20231228,10.81,10.6,10.89,10.97,0.15000000000000036,1.3863216266173817,1708600.0
002973,20231227,10.71,10.63,10.76,10.82,-0.09999999999999964,-0.9157509157509125,1363800.0
002973,20231226,10.85,10.62,10.65,10.92,-0.2400000000000002,-2.1505376344086002,1736300.0
002973,20231225,11.03,10.78,10.85,11.16,-0.09999999999999964,-0.8880994671403131,1936700.0
002973,20231222,11.16,11.0,11.03,11.26,0.019999999999999574,0.1779359430605032,2171300.0
002973,20231221,10.9,10.67,11.15,11.24,0.21000000000000085,1.903898458748876,2888100.0
002973,20231220,10.92,10.86,10.92,11.03,0.049999999999998934,0.4553734061930603,1351500.0
002973,20231219,10.93,10.7,10.85,10.98,-0.28999999999999915,-2.573203194321194,1861000.0
002973,20231218,11.25,10.87,10.94,11.27,-0.08000000000000007,-0.7048458149779724,2502700.0
002973,20231215,11.14,11.05,11.25,11.35,0.11999999999999922,1.0685663401602818,2463100.0
002973,20231214,11.02,10.97,11.19,11.23,0.120000000000001,1.0801080108010952,1838800.0
002973,20231213,10.93,10.85,10.98,11.11,0.16999999999999993,1.5539305301645268,1562900.0
002973,20231212,10.88,10.71,10.93,10.94,0.0,0.0,1630500.0
002973,20231211,10.62,10.61,10.88,10.94,-0.120000000000001,-1.0849909584086936,2262900.0
002973,20231208,10.99,10.73,10.73,11.06,-0.049999999999998934,-0.4500450045004434,1888700.0
002973,20231207,11.05,10.89,10.97,11.11,0.0,0.0,1564400.0
002973,20231206,11.01,10.97,11.05,11.11,-0.08000000000000007,-0.7149240393208189,1366000.0
002973,20231205,11.17,11.0,11.01,11.19,0.0,0.0,1491875.0
002973,20231204,11.09,11.07,11.16,11.19,-0.11000000000000121,-0.9734513274336387,1775900.0
002973,20231201,11.3,11.03,11.1,11.3,0.010000000000001563,0.08857395925598865,2137300.0
002973,20231130,11.24,11.12,11.25,11.29,-0.040000000000000924,-0.3530450132391949,1725100.0
002973,20231129,11.3,11.2,11.22,11.33,0.02999999999999936,0.26548672566371057,1138500.0
002973,20231128,11.17,11.01,11.29,11.3,0.02000000000000135,0.17730496453902678,1535600.0
002973,20231127,11.17,11.05,11.11,11.28,-0.05000000000000071,-0.44130626654899086,1188200.0
002973,20231124,11.33,11.12,11.17,11.33,-0.019999999999999574,-0.17621145374449032,1145100.0
002973,20231123,11.28,11.2,11.32,11.35,-0.030000000000001137,-0.2636203866432485,1234400.0
002973,20231122,11.22,11.2,11.27,11.38,0.05000000000000071,0.44130626654899086,1507639.0
002973,20231121,11.29,11.2,11.24,11.33,0.040000000000000924,0.3542958370239324,1349700.0
002973,20231120,11.14,11.1,11.29,11.29,0.11999999999999922,1.07430617726052,1741458.0
002973,20231117,11.17,11.05,11.12,11.17,-0.08999999999999986,-0.7992895204262829,1293200.0
002973,20231116,11.26,11.11,11.13,11.26,-0.019999999999999574,-0.17730496453900457,932200.0
002973,20231115,11.16,11.13,11.21,11.28,0.09999999999999964,0.8944543828264706,1770739.0
002973,20231114,11.1,11.04,11.12,11.18,-0.019999999999999574,-0.17857142857142794,1548400.0
002973,20231113,11.19,11.04,11.11,11.2,0.019999999999999574,0.17889087656528524,1182800.0
002973,20231110,11.18,10.96,11.11,11.18,-0.09999999999999964,-0.886524822695034,1295200.0
002973,20231109,11.09,11.05,11.15,11.28,0.0,0.0,1719600.0
002973,20231108,11.13,11.01,11.1,11.28,0.08999999999999986,0.8042895442359255,1932000.0
002973,20231107,11.15,11.05,11.08,11.19,-0.0600000000000005,-0.5333333333333412,1388800.0
002973,20231106,11.18,11.11,11.17,11.25,0.009999999999999787,0.0889679715302405,1694900.0
002973,20231103,11.18,11.08,11.17,11.24,0.0,0.0,1216600.0
002973,20231102,11.18,11.08,11.08,11.24,0.040000000000000924,0.3571428571428559,1567558.0
002973,20231101,11.18,11.06,11.18,11.2,-0.010000000000001563,-0.0892060660125038,1648758.0
002973,20231031,11.12,11.03,11.16,11.21,0.07000000000000028,0.6283662477558405,1770400.0
002973,20231030,11.08,10.96,11.11,11.14,0.02000000000000135,0.17985611510793476,2298639.0
002973,20231027,10.94,10.8,11.05,11.12,0.27999999999999936,2.58302583025829,3188405.0
002973,20231026,10.69,10.58,10.8,10.84,0.07000000000000028,0.6499535747446661,1922900.0
002973,20231025,10.52,10.52,10.74,10.77,0.21999999999999886,2.0853080568720372,2092040.0
002973,20231024,10.26,10.17,10.54,10.55,0.19000000000000128,1.8339768339768359,2467240.0
002973,20231023,10.36,10.05,10.1,10.36,-0.15000000000000036,-1.4272121788772685,2117100.0
002973,20231020,10.49,10.35,10.38,10.51,-0.13000000000000078,-1.2218045112782017,1269500.0
002973,20231019,10.55,10.34,10.45,10.64,-0.019999999999999574,-0.18761726078798668,1256100.0
002973,20231018,10.65,10.46,10.48,10.66,-0.03999999999999915,-0.37383177570092796,1550300.0
002973,20231017,10.68,10.56,10.67,10.7,-0.08000000000000007,-0.7421150278293154,1712500.0
002973,20231016,10.72,10.59,10.65,10.78,-0.19000000000000128,-1.7319963536919003,1854300.0
002973,20231013,10.94,10.69,10.74,10.97,-0.08000000000000007,-0.7239819004524861,2300700.0
002973,20231012,10.94,10.89,10.99,11.05,0.08000000000000007,0.7292616226071136,1681200.0
002973,20231011,10.94,10.85,10.93,10.97,-0.08000000000000007,-0.7239819004524861,1448800.0
002973,20231010,11.0,10.84,10.92,11.05,-0.22999999999999865,-2.039007092198575,1549500.0
002973,20231009,11.26,10.92,10.97,11.28,-0.08000000000000007,-0.7042253521126751,3896700.0
002973,20230928,11.23,11.15,11.29,11.36,0.08000000000000007,0.7092198581560183,1610800.0
002973,20230927,11.24,11.07,11.23,11.28,-0.040000000000000924,-0.35335689045937757,1036200.0
002973,20230926,11.19,11.1,11.2,11.32,0.019999999999999574,0.1769911504424737,1569400.0
002973,20230925,11.23,10.98,11.19,11.3,0.010000000000001563,0.08857395925598865,2444500.0
002973,20230922,11.18,11.11,11.27,11.29,-0.07000000000000028,-0.616197183098599,1549900.0
002973,20230921,11.28,11.16,11.17,11.36,-0.14000000000000057,-1.2173913043478257,1838400.0
002973,20230920,11.25,11.25,11.31,11.5,-0.009999999999999787,-0.08688097306689402,2597400.0
002973,20230919,11.39,11.25,11.32,11.51,0.07000000000000028,0.6118881118881037,2144900.0
002973,20230918,11.14,11.1,11.39,11.44,0.09999999999999964,0.8818342151675429,2929500.0
002973,20230915,11.28,11.2,11.25,11.34,-0.08999999999999986,-0.7874015748031482,1661600.0
002973,20230914,11.41,11.18,11.22,11.43,-0.040000000000000924,-0.34873583260680574,2414200.0
002973,20230913,11.34,11.29,11.47,11.47,0.0600000000000005,0.5258545135845782,2635900.0
002973,20230912,11.38,11.21,11.38,11.41,0.040000000000000924,0.3518029903254227,2286800.0
002973,20230911,11.05,10.97,11.34,11.37,0.11999999999999922,1.0666666666666602,3939000.0
002973,20230908,11.11,11.01,11.06,11.25,-0.1999999999999993,-1.7467248908296873,2806000.0
002973,20230907,11.44,11.15,11.17,11.45,-0.13000000000000078,-1.1226252158894723,3208400.0
002973,20230906,11.58,11.42,11.47,11.58,-0.1999999999999993,-1.6977928692699429,2274600.0
002973,20230905,11.78,11.41,11.58,11.78,-0.10000000000000142,-0.8417508417508546,3488900.0
002973,20230904,11.73,11.45,11.84,11.88,-0.17999999999999972,-1.492537313432829,4013300.0
002973,20230901,12.03,11.65,11.7,12.06,-0.3099999999999987,-2.5060630557801056,4336000.0
002973,20230831,12.34,11.98,12.05,12.37,-0.3500000000000014,-2.7515723270440384,2956000.0
002973,20230830,12.72,12.27,12.34,12.72,-0.10999999999999943,-0.8573655494933718,3848407.0
002973,20230829,12.77,12.47,12.72,12.83,-0.5500000000000007,-4.110612855007478,4417400.0
002973,20230828,13.08,12.6,12.73,13.38,0.39000000000000057,3.002309468822184,6522300.0
002973,20230825,12.43,12.38,12.7,12.99,0.45000000000000107,3.5885167464114964,6851700.0
002973,20230824,12.54,12.05,12.38,12.54,-0.21000000000000085,-1.6470588235294237,4071200.0
002973,20230823,12.42,12.3,12.51,12.75,0.13000000000000078,1.030110935023787,3801800.0
002973,20230822,12.5,12.03,12.37,12.62,0.0,0.0,3082230.0
002973,20230821,12.4,12.37,12.5,12.62,0.05999999999999872,0.4777070063694211,2766430.0
002973,20230818,12.22,12.17,12.37,12.56,0.3200000000000003,2.614379084967333,2872000.0
002973,20230817,12.1,11.84,12.2,12.24,0.14000000000000057,1.1570247933884392,1457400.0
002973,20230816,12.07,11.95,11.98,12.1,-0.08000000000000007,-0.6568144499178974,1315700.0
002973,20230815,12.07,11.99,12.1,12.18,0.02999999999999936,0.24691358024691024,1163600.0
002973,20230814,12.1,11.82,12.11,12.15,-0.23000000000000043,-1.8578352180937063,1597400.0
002973,20230811,12.26,12.01,12.03,12.38,-0.03999999999999915,-0.32206119162639935,1767900.0
002973,20230810,12.41,12.21,12.31,12.42,-0.040000000000000924,-0.32102728731943087,1423100.0
002973,20230809,12.41,12.26,12.31,12.46,-0.009999999999999787,-0.0801924619085792,916400.0
002973,20230808,12.39,12.3,12.36,12.47,-0.10999999999999943,-0.8744038155802825,1062300.0
002973,20230807,12.56,12.34,12.39,12.58,-0.20999999999999908,-1.6419077404221993,1330700.0
002973,20230804,12.72,12.45,12.48,12.79,-0.07000000000000028,-0.5443234836702948,1469100.0
002973,20230803,12.83,12.62,12.63,12.86,-0.10000000000000142,-0.7716049382716195,1242600.0
002973,20230802,12.87,12.71,12.83,12.96,0.040000000000000924,0.3095975232198178,1504300.0
002973,20230801,12.86,12.59,12.87,12.92,0.05000000000000071,0.38850038850040125,1967311.0
002973,20230731,12.8,12.63,12.74,12.87,-0.2400000000000002,-1.830663615560646,2390700.0
002973,20230728,12.95,12.79,12.8,13.11,0.02999999999999936,0.2293577981651307,2661500.0
002973,20230727,13.01,12.88,13.01,13.08,0.0,0.0,1942500.0
002973,20230726,12.8,12.72,13.0,13.08,0.27999999999999936,2.1874999999999867,2898100.0
002973,20230725,12.8,12.64,12.76,12.8,-0.019999999999999574,-0.15600624024960652,1545200.0
002973,20230724,12.73,12.6,12.7,12.82,-0.16000000000000014,-1.2326656394452962,1428100.0
002973,20230721,12.7,12.55,12.73,12.98,0.08000000000000007,0.6201550387596955,1783400.0
002973,20230720,12.82,12.65,12.66,12.9,0.11000000000000121,0.8600469116497367,2138000.0
002973,20230719,12.62,12.58,12.71,12.79,0.08999999999999986,0.7086614173228423,2022400.0
002973,20230718,12.61,12.33,12.62,12.7,0.11999999999999922,0.9538950715421324,2078200.0
002973,20230717,12.57,12.42,12.49,12.58,-0.1899999999999995,-1.4878621769772837,1649000.0
002973,20230714,12.63,12.55,12.58,12.77,-0.14000000000000057,-1.0844306738962084,1823600.0
002973,20230713,12.77,12.65,12.66,12.91,-0.08999999999999986,-0.6923076923076921,2308900.0
002973,20230712,13.0,12.69,12.73,13.0,-0.05000000000000071,-0.3831417624521105,2797900.0
002973,20230711,12.84,12.69,12.97,13.05,0.16999999999999993,1.3198757763975166,3135500.0
002973,20230710,12.78,12.66,12.74,12.88,0.16000000000000014,1.2578616352201255,2931300.0
002973,20230707,12.5,12.5,12.65,12.72,-0.16999999999999993,-1.318851823118694,2566300.0
002973,20230706,12.69,12.51,12.58,12.89,-0.05999999999999872,-0.46332046332044907,4758604.0
002973,20230705,12.38,12.21,12.75,12.95,0.33000000000000007,2.61489698890649,7660304.0
002973,20230704,11.79,11.79,12.38,12.62,0.8099999999999987,6.858594411515662,6831000.0
002973,20230703,11.6,11.51,11.8,11.81,0.21000000000000085,1.8103448275862188,2720700.0
002973,20230630,11.44,11.4,11.6,11.6,0.129999999999999,1.1333914559720881,1376339.0
002973,20230629,11.44,11.34,11.44,11.47,0.040000000000000924,0.34995625546807574,1235239.0
002973,20230628,11.3,11.15,11.39,11.43,0.08000000000000007,0.7048458149779835,1410925.0
002973,20230627,11.09,11.07,11.33,11.35,-0.030000000000001137,-0.2636203866432485,1759776.0
002973,20230626,11.33,11.02,11.07,11.38,0.120000000000001,1.0657193605683846,1325100.0
002973,20230621,11.2,11.13,11.16,11.26,-0.09999999999999964,-0.8802816901408383,1136886.0
002973,20230620,11.36,11.17,11.2,11.36,-0.120000000000001,-1.0452961672474004,1233500.0
002973,20230619,11.44,11.28,11.33,11.48,-0.10999999999999943,-0.9490940465918807,1396500.0
002973,20230616,11.41,11.37,11.41,11.59,0.129999999999999,1.1343804537521818,1940880.0
002973,20230615,11.46,11.3,11.36,11.46,-0.10999999999999943,-0.9507346585998278,1583964.0
002973,20230614,11.55,11.37,11.4,11.57,-0.33000000000000007,-2.7731092436974802,1830700.0
002973,20230613,11.79,11.52,11.56,11.9,0.0,0.0,1646700.0
002973,20230612,11.9,11.57,11.68,11.9,-0.1999999999999993,-1.6528925619834656,1548615.0
002973,20230609,11.98,11.8,11.81,12.1,-0.040000000000000924,-0.32948929159802853,1679939.0
002973,20230608,11.93,11.91,11.93,12.14,0.08000000000000007,0.6633499170812573,1488000.0
002973,20230607,11.94,11.87,11.96,12.06,-0.33000000000000007,-2.6634382566586012,2145300.0
002973,20230606,12.37,11.92,11.94,12.39,-0.41999999999999993,-3.2786885245901676,3307300.0
002973,20230605,12.2,12.09,12.36,12.81,0.6100000000000012,5.000000000000004,5270400.0
002973,20230602,12.03,12.02,12.08,12.2,-0.040000000000000924,-0.326797385620925,1602800.0
002973,20230601,12.18,11.65,12.09,12.24,-0.0600000000000005,-0.4878048780487809,3162400.0
002973,20230531,12.03,11.96,12.0,12.3,0.02000000000000135,0.16286644951140072,3052611.0
002973,20230530,12.12,12.01,12.2,12.28,-0.16000000000000014,-1.2861736334405127,1911500.0
002973,20230529,12.18,12.06,12.07,12.44,0.09999999999999964,0.8103727714748654,1772200.0
002973,20230526,12.2,11.98,12.3,12.34,0.16000000000000014,1.3136288998357948,2741200.0
002973,20230525,12.07,11.97,12.11,12.18,-0.030000000000001137,-0.24570024570025328,1563125.0
002973,20230524,12.11,12.01,12.07,12.21,-0.16999999999999993,-1.3731825525040375,1535700.0
002973,20230523,12.24,12.12,12.16,12.38,-0.29999999999999893,-2.3659305993690816,1662200.0
002973,20230522,12.27,12.14,12.25,12.68,0.33999999999999986,2.7552674230145957,2387000.0
002973,20230519,12.23,12.1,12.2,12.34,-0.09999999999999964,-0.8038585209003135,1880400.0
002973,20230518,12.23,12.18,12.35,12.44,-0.02000000000000135,-0.16051364365972098,1796900.0
002973,20230517,12.36,12.11,12.42,12.46,0.08000000000000007,0.646203554119551,2485700.0
002973,20230516,12.38,12.15,12.2,12.38,-0.06999999999999851,-0.5622489959839272,2133300.0
002973,20230515,12.27,12.09,12.27,12.45,-0.05000000000000071,-0.40000000000000036,3205100.0
002973,20230512,12.29,12.2,12.27,12.5,0.07000000000000028,0.5631536604987941,3948800.0
002973,20230511,12.13,12.02,12.34,12.43,0.3200000000000003,2.642444260941379,4011889.0
002973,20230510,11.88,11.88,12.06,12.11,-0.05000000000000071,-0.4111842105263164,2860100.0
002973,20230509,12.05,11.82,11.88,12.16,0.0,0.0,3039339.0
002973,20230508,11.85,11.78,12.09,12.16,0.02999999999999936,0.2473206924979321,3870522.0
002973,20230505,11.92,11.67,11.78,12.13,0.22000000000000064,1.8471872376154552,4289402.0
002973,20230504,11.29,11.24,11.87,11.91,0.6899999999999995,6.149732620320858,4944346.0
002973,20230428,11.0,10.88,11.2,11.22,0.20000000000000107,1.814882032667886,2281465.0
002973,20230427,10.94,10.8,10.87,11.02,0.21999999999999886,2.037037037037037,1080374.0
002973,20230426,10.38,10.38,10.78,10.8,0.16000000000000014,1.5037593984962516,1084500.0
002973,20230425,10.6,10.22,10.43,10.64,-0.019999999999999574,-0.18761726078798668,916501.0
002973,20230424,10.5,10.38,10.59,10.66,-0.17999999999999972,-1.6605166051660514,822300.0
002973,20230421,10.77,10.5,10.55,10.84,-0.14000000000000057,-1.2750455373406244,1339100.0
002973,20230420,10.98,10.7,10.79,10.98,-0.08000000000000007,-0.7233273056057921,805181.0
002973,20230419,11.03,10.83,10.85,11.06,-0.049999999999998934,-0.4500450045004434,871900.0
002973,20230418,11.06,10.96,10.98,11.11,0.009999999999999787,0.09009009009008917,629411.0
002973,20230417,10.91,10.91,11.06,11.1,0.08999999999999986,0.8174386920980936,1503581.0
002973,20230414,11.01,10.89,11.0,11.01,-0.08999999999999986,-0.8108108108108136,760200.0
002973,20230413,11.02,10.93,10.94,11.1,-0.13000000000000078,-1.1576135351736516,814301.0
002973,20230412,11.09,10.93,11.08,11.23,0.22000000000000064,1.9981834695731227,1263889.0
002973,20230411,10.92,10.81,11.0,11.01,-0.15000000000000036,-1.3440860215053752,746002.0
002973,20230410,11.06,10.84,10.87,11.16,0.07000000000000028,0.6311992786294018,960900.0
002973,20230407,10.9,10.8,11.07,11.09,0.16999999999999993,1.5567765567765512,1740500.0
002973,20230406,10.82,10.71,10.91,10.92,-0.3699999999999992,-3.2772364924712027,936500.0
002973,20230404,11.28,10.7,10.84,11.29,0.0,0.0,3272981.0
002973,20230403,11.19,11.19,11.27,11.29,0.02999999999999936,0.2664298401420906,1023200.0
002973,20230331,11.15,11.12,11.19,11.26,-0.16999999999999993,-1.4873140857392775,1043900.0
002973,20230330,11.37,11.09,11.17,11.43,-0.13000000000000078,-1.1245674740484546,1798600.0
002973,20230329,11.5,11.3,11.37,11.56,-0.129999999999999,-1.112061591103497,1735600.0
002973,20230328,11.69,11.51,11.52,11.69,-0.16000000000000014,-1.3502109704641385,1282700.0
002973,20230327,11.85,11.52,11.62,11.85,-0.030000000000001137,-0.2525252525252597,1935700.0
002973,20230324,11.88,11.74,11.83,11.88,-0.08000000000000007,-0.6688963210702337,1829820.0
002973,20230323,11.92,11.65,11.74,11.96,-0.049999999999998934,-0.41631973355535923,3489900.0
002973,20230322,11.89,11.85,11.95,12.01,-0.0600000000000005,-0.4971002485501308,3055400.0
002973,20230321,11.92,11.76,11.9,12.07,-0.3100000000000005,-2.5040387722132462,4518800.0
002973,20230320,12.06,11.93,12.04,12.38,-0.049999999999998934,-0.4022526146419847,6816600.0
002973,20230317,12.0,11.9,12.11,12.43,0.39000000000000057,3.239202657807305,6035111.0
002973,20230316,11.79,11.65,11.99,12.04,-0.22000000000000064,-1.794453507340954,5864820.0
002973,20230315,11.38,11.32,11.76,12.26,0.6500000000000004,5.598621877691645,4712233.0
002973,20230314,11.51,11.22,11.32,11.61,-0.15000000000000036,-1.2755102040816313,2790642.0
002973,20230313,11.76,11.46,11.63,11.76,-0.6799999999999997,-5.466237942122188,4932786.0
002973,20230310,11.54,11.53,11.88,12.44,0.7699999999999996,6.598114824335899,8937448.0
002973,20230309,11.35,11.35,11.57,11.67,0.09999999999999964,0.8643042350907404,1530000.0
002973,20230308,11.35,11.32,11.41,11.57,-0.11999999999999922,-1.026518391787845,1291325.0
002973,20230307,11.63,11.35,11.35,11.69,-0.05000000000000071,-0.4258943781942137,2145825.0
002973,20230306,11.74,11.62,11.63,11.74,-0.02999999999999936,-0.2548853016142716,896500.0
002973,20230303,11.77,11.63,11.71,11.77,-0.019999999999999574,-0.16963528413910245,840025.0
002973,20230302,11.77,11.71,11.77,11.79,0.019999999999999574,0.1699235344095218,789600.0
002973,20230301,11.77,11.66,11.76,11.77,0.03999999999999915,0.34100596760442414,779873.0
002973,20230228,11.73,11.6,11.73,11.73,-0.02999999999999936,-0.25510204081632404,886925.0
002973,20230227,11.71,11.5,11.61,11.76,-0.040000000000000924,-0.3389830508474634,1007904.0
002973,20230224,11.72,11.65,11.76,11.8,-0.019999999999999574,-0.16920473773265332,948600.0
002973,20230223,11.77,11.66,11.74,11.82,0.040000000000000924,0.339558573853993,989500.0
002973,20230222,11.75,11.58,11.69,11.78,0.009999999999999787,0.0849617672047609,993100.0
002973,20230221,11.67,11.63,11.75,11.77,0.10999999999999943,0.943396226415083,1058295.0
002973,20230220,11.54,11.46,11.62,11.66,-0.009999999999999787,-0.08568980291344674,1308800.0
002973,20230217,11.54,11.51,11.53,11.67,-0.2400000000000002,-2.015113350125941,1255395.0
002973,20230216,11.86,11.44,11.51,11.91,0.019999999999999574,0.1682085786375076,2307794.0
002973,20230215,11.86,11.73,11.88,11.89,0.0,0.0,1344100.0
002973,20230214,11.85,11.72,11.84,11.89,0.05000000000000071,0.4222972972973027,1606600.0
002973,20230213,11.83,11.71,11.81,11.84,0.009999999999999787,0.08453085376161074,1298300.0
002973,20230210,11.69,11.66,11.77,11.83,0.07000000000000028,0.5952380952380931,1382600.0
002973,20230209,11.69,11.63,11.74,11.76,-0.08999999999999986,-0.75949367088608,1576300.0
002973,20230208,11.73,11.67,11.7,11.85,0.019999999999999574,0.16906170752324368,2193900.0
002973,20230207,11.73,11.62,11.76,11.83,0.14000000000000057,1.1976047904191711,3332650.0
002973,20230206,11.32,11.25,11.68,11.69,0.3200000000000003,2.8144239226033374,3904345.0
002973,20230203,11.31,11.22,11.32,11.37,-0.07000000000000028,-0.6118881118881148,1960300.0
002973,20230202,11.44,11.32,11.35,11.44,-0.07000000000000028,-0.6081668114682914,1127000.0
002973,20230201,11.38,11.29,11.41,11.51,0.15000000000000036,1.3204225352112742,1577229.0
002973,20230131,11.31,11.2,11.36,11.36,0.009999999999999787,0.08810572687223406,1268100.0
002973,20230130,11.24,11.19,11.31,11.35,0.09999999999999964,0.8888888888888946,1355100.0
002973,20230120,11.12,11.08,11.18,11.25,0.16999999999999993,1.534296028880866,1107023.0
002973,20230119,11.0,10.86,11.08,11.08,-0.07000000000000028,-0.627802690582957,1268740.0
002973,20230118,11.1,10.95,10.96,11.15,0.040000000000000924,0.36003600360037247,870917.0
002973,20230117,11.0,10.95,10.97,11.11,0.08000000000000007,0.7252946509519465,1306683.0
002973,20230116,10.95,10.91,11.01,11.03,0.009999999999999787,0.09074410163338875,857625.0
002973,20230113,11.02,10.85,10.95,11.02,0.0,0.0,984800.0
002973,20230112,10.9,10.85,10.97,11.02,-0.009999999999999787,-0.09066183136898776,653400.0
002973,20230111,10.91,10.83,10.95,11.03,-0.120000000000001,-1.076233183856512,1191742.0
002973,20230110,11.15,10.87,10.94,11.15,0.08000000000000007,0.7226738934056121,1371900.0
002973,20230109,10.96,10.89,11.05,11.07,-0.10999999999999943,-0.9838998211091132,1014900.0
002973,20230106,11.06,10.94,10.99,11.18,0.049999999999998934,0.4492362982928988,1316200.0
002973,20230105,11.09,10.94,11.06,11.13,-0.03999999999999915,-0.3581020590868289,1512054.0
002973,20230104,10.86,10.85,11.13,11.17,0.3200000000000003,2.9493087557603603,2359604.0
002973,20230103,10.77,10.64,10.83,10.85,0.049999999999998934,0.4629629629629539,1139416.0
002973,20221230,10.8,10.57,10.66,10.8,-0.049999999999998934,-0.4608294930875445,765500.0
002973,20221229,10.73,10.6,10.62,10.85,-0.019999999999999574,-0.18399264029438367,1005100.0
002973,20221228,10.75,10.64,10.74,10.87,0.10999999999999943,1.0223048327137496,1045800.0
002973,20221227,10.76,10.65,10.74,10.76,0.049999999999998934,0.46685340802987696,563800.0
002973,20221226,10.58,10.52,10.7,10.71,0.10000000000000142,0.9425070688030335,646300.0
002973,20221223,10.49,10.45,10.58,10.61,-0.17999999999999972,-1.6682113067655213,715006.0
002973,20221222,10.7,10.48,10.5,10.79,-0.09000000000000163,-0.8272058823529549,781300.0
002973,20221221,10.86,10.62,10.65,10.88,-0.05999999999999872,-0.5484460694698212,1243800.0
002973,20221220,10.92,10.76,10.81,10.94,-0.2400000000000002,-2.146690518783545,934800.0
002973,20221219,11.08,10.82,10.88,11.18,-0.3100000000000005,-2.6979982593559715,1611900.0
002973,20221216,11.44,11.13,11.14,11.49,-0.019999999999999574,-0.17376194613378804,1540000.0
002973,20221215,11.42,11.4,11.48,11.51,-0.05000000000000071,-0.4325259515570945,844600.0
002973,20221214,11.5,11.4,11.43,11.56,0.009999999999999787,0.08658008658009031,1142306.0
002973,20221213,11.4,11.35,11.5,11.55,0.08999999999999986,0.7853403141361293,1630600.0
002973,20221212,11.42,11.28,11.4,11.46,-0.14999999999999858,-1.2919896640826711,1189295.0
002973,20221209,11.52,11.35,11.42,11.61,-0.13000000000000078,-1.1073253833049468,1761400.0
002973,20221208,11.64,11.48,11.56,11.74,0.040000000000000924,0.34188034188034067,1816800.0
002973,20221207,11.62,11.53,11.63,11.7,-0.22000000000000064,-1.8456375838926231,1471000.0
002973,20221206,11.92,11.57,11.65,11.92,-0.009999999999999787,-0.08382229673092878,2356600.0
002973,20221205,11.88,11.78,11.91,11.93,0.03999999999999915,0.3364171572750152,1762400.0
002973,20221202,11.7,11.7,11.86,11.89,0.040000000000000924,0.33755274261604296,1816900.0
002973,20221201,11.68,11.65,11.81,11.85,-0.08000000000000007,-0.6705783738474413,2255100.0
002973,20221130,11.71,11.58,11.63,11.93,0.009999999999999787,0.0838926174496546,1948501.0
002973,20221129,11.92,11.66,11.74,11.92,0.15000000000000036,1.274426508071369,1887901.0
002973,20221128,11.57,11.43,11.66,11.77,-0.3600000000000012,-2.967848309975274,2345738.0
002973,20221125,12.07,11.67,11.67,12.13,-0.10999999999999943,-0.8986928104575131,2869600.0
002973,20221124,12.14,11.95,12.06,12.24,-0.08999999999999986,-0.7299270072992692,2693000.0
002973,20221123,11.98,11.73,12.28,12.33,-0.009999999999999787,-0.08103727714748876,4412838.0
002973,20221122,12.32,11.98,12.02,12.34,0.03999999999999915,0.3252032520325132,3434484.0
002973,20221121,12.13,12.05,12.23,12.3,-0.1399999999999988,-1.125401929260439,2265200.0
002973,20221118,12.34,12.08,12.13,12.44,-0.030000000000001137,-0.24057738572574872,3406300.0
002973,20221117,12.47,12.18,12.35,12.47,-0.21999999999999886,-1.7336485421591719,3803200.0
002973,20221116,12.68,12.38,12.53,12.69,0.07000000000000028,0.5546751188589605,4070338.0
002973,20221115,12.41,12.28,12.62,12.62,-0.09000000000000163,-0.7081038552321117,5592744.0
002973,20221114,12.45,12.32,12.54,12.71,-0.1399999999999988,-1.0894941634241206,5152929.0
002973,20221111,12.77,12.28,12.5,12.85,0.07000000000000028,0.5477308294209671,7591355.0
002973,20221110,12.69,12.44,12.72,12.78,-0.21000000000000085,-1.616628175519641,7401229.0
002973,20221109,12.58,12.48,12.85,12.99,-0.34999999999999964,-2.6236881559220326,8755029.0
002973,20221108,12.61,12.38,12.94,13.34,-0.5800000000000001,-4.1666666666666625,13413636.0
002973,20221107,13.5,12.6,12.77,13.92,0.7400000000000002,5.614567526555381,19477336.0
002973,20221104,12.29,12.26,13.18,13.18,1.1999999999999993,10.016694490818034,11477317.0
002973,20221103,10.81,10.76,11.98,11.98,0.9900000000000002,9.008189262966336,3842692.0
002973,20221102,10.92,10.74,10.89,10.99,0.040000000000000924,0.36529680365298134,1767222.0
002973,20221101,10.35,10.35,10.93,10.95,0.47999999999999865,4.584527220630363,2221124.0
002973,20221031,10.19,10.12,10.32,10.47,-0.6199999999999992,-5.590622182146065,1444461.0
002973,20221028,10.87,10.0,10.14,11.09,-0.13000000000000078,-1.1586452762923471,2691400.0
002973,20221027,11.03,10.84,10.89,11.22,-0.3699999999999992,-3.1924072476272602,2487000.0
002973,20221026,11.08,10.95,11.02,11.59,-0.02999999999999936,-0.2581755593803692,2418411.0
002973,20221025,11.42,11.2,11.35,11.62,-0.13000000000000078,-1.106382978723408,1009300.0
002973,20221024,11.75,11.37,11.45,11.75,-0.0600000000000005,-0.5080440304826461,916600.0
002973,20221021,11.81,11.6,11.6,11.81,0.05000000000000071,0.42517006802722523,791500.0
002973,20221020,11.66,11.55,11.64,11.76,-0.019999999999999574,-0.1697792869269965,880400.0
002973,20221019,11.65,11.53,11.65,11.78,0.02999999999999936,0.2553191489361728,967400.0
002973,20221018,11.7,11.53,11.68,11.75,0.08000000000000007,0.6855184233076184,992300.0
002973,20221017,11.4,11.39,11.62,11.67,-0.09999999999999964,-0.8496176720475757,1240700.0
002973,20221014,11.63,11.4,11.52,11.77,0.17999999999999972,1.5530629853321765,1619004.0
002973,20221013,11.2,11.1,11.42,11.59,0.33999999999999986,3.022222222222215,1858900.0
002973,20221012,11.12,10.92,11.22,11.25,0.09999999999999964,0.8968609865470878,837000.0
002973,20221011,10.9,10.85,11.13,11.15,-0.009999999999999787,-0.08960573476702871,781900.0
002973,20221010,11.05,10.82,10.9,11.16,0.019999999999999574,0.17953321364452268,1151443.0
002973,20220930,11.06,10.81,10.93,11.14,-0.02999999999999936,-0.26857654431512445,503800.0
002973,20220929,11.17,11.02,11.02,11.17,-0.11999999999999922,-1.0628875110717417,739842.0
002973,20220928,11.1,10.98,10.98,11.29,0.11999999999999922,1.07430617726052,884754.0
002973,20220927,11.0,10.87,11.12,11.17,-0.0600000000000005,-0.534283170080152,1055146.0
002973,20220926,11.1,10.71,10.74,11.23,-0.1899999999999995,-1.6637478108581405,1061946.0
002973,20220923,11.2,11.05,11.1,11.42,-0.02999999999999936,-0.26200873362445254,671500.0
002973,20220922,11.35,11.26,11.3,11.45,-0.030000000000001137,-0.2613240418118612,600900.0
002973,20220921,11.33,11.16,11.38,11.48,-0.009999999999999787,-0.08703220191470518,638246.0
002973,20220920,11.17,11.15,11.33,11.49,0.07000000000000028,0.6129597197898518,616000.0
002973,20220919,11.38,11.1,11.25,11.42,-0.35999999999999943,-3.056027164685904,759000.0
002973,20220916,11.74,11.3,11.38,11.78,-0.4300000000000015,-3.521703521703534,1085872.0
002973,20220915,12.06,11.63,11.74,12.21,-0.05999999999999872,-0.4889975550122161,1083600.0
002973,20220914,12.08,12.01,12.09,12.27,-0.120000000000001,-0.9685230024213176,980400.0
002973,20220913,12.3,12.26,12.28,12.39,-0.009999999999999787,-0.08064516129031585,490700.0
002973,20220909,12.29,12.2,12.26,12.4,-0.129999999999999,-1.037509976057449,904300.0
002973,20220908,12.42,12.27,12.27,12.53,0.02999999999999936,0.23999999999999577,745055.0
002973,20220907,12.34,12.3,12.41,12.5,0.08999999999999986,0.725221595487513,811981.0
002973,20220906,12.32,12.24,12.36,12.41,-0.0600000000000005,-0.48115477145148633,1073072.0
002973,20220905,12.35,12.25,12.31,12.47,0.08000000000000007,0.6456820016142117,643804.0
002973,20220902,12.27,12.2,12.35,12.39,-0.09999999999999964,-0.8006405124099225,770539.0
002973,20220901,12.46,12.22,12.26,12.49,-0.20999999999999908,-1.6535433070866024,903400.0
002973,20220831,12.64,12.38,12.41,12.7,-0.28000000000000114,-2.157164869029282,1208300.0
002973,20220830,12.68,12.58,12.73,12.98,0.41999999999999993,3.343949044585992,1755500.0
002973,20220829,12.37,12.28,12.53,12.56,-0.11999999999999922,-0.9463722397476282,1180680.0
002973,20220826,12.53,12.3,12.53,12.68,0.07000000000000028,0.5551149881046769,1887239.0
002973,20220825,12.47,12.24,12.48,12.61,-0.13000000000000078,-1.0204081632653073,1932781.0
002973,20220824,12.71,12.22,12.22,12.74,0.08999999999999986,0.7114624505928813,2095900.0
002973,20220823,12.6,12.51,12.64,12.65,-0.129999999999999,-1.0172143974960801,900342.0
002973,20220822,12.69,12.5,12.6,12.78,-0.620000000000001,-4.6268656716418,1895642.0
002973,20220819,12.7,12.7,12.86,13.4,0.5400000000000009,4.199066874028001,3273535.0
002973,20220818,12.84,12.5,12.58,12.86,-0.02000000000000135,-0.15527950310559868,1418340.0
002973,20220817,12.84,12.75,12.8,12.88,0.08000000000000007,0.6250000000000089,890200.0
002973,20220816,12.73,12.66,12.77,12.8,0.010000000000001563,0.07818608287726292,927600.0
002973,20220815,12.76,12.58,12.65,12.79,-0.21000000000000085,-1.6153846153846185,1285439.0
002973,20220812,12.94,12.82,12.85,13.0,0.08999999999999986,0.6971340046475483,1006200.0
002973,20220811,12.78,12.73,12.86,12.91,-0.0600000000000005,-0.46260601387818623,1126028.0
002973,20220810,12.97,12.71,12.8,12.97,-0.08999999999999986,-0.6891271056661541,1202284.0
002973,20220809,12.9,12.76,12.93,13.06,0.2599999999999998,2.0312499999999956,1998911.0
002973,20220808,12.79,12.53,12.72,12.8,0.010000000000001563,0.07818608287726292,1048228.0
002973,20220805,12.6,12.51,12.78,12.79,-0.09000000000000163,-0.6987577639751663,1314000.0
002973,20220804,12.41,12.34,12.67,12.88,-0.1399999999999988,-1.075268817204289,1491000.0
002973,20220803,12.53,12.31,12.36,13.02,-0.16999999999999993,-1.2888551933282755,2023100.0
002973,20220802,13.19,12.31,12.48,13.19,-0.3000000000000007,-2.223869532987399,3325300.0
002973,20220801,13.47,13.1,13.28,13.49,-0.0600000000000005,-0.44280442804428555,2246400.0
002973,20220729,13.41,13.24,13.44,13.55,-0.20999999999999908,-1.5261627906976716,2752274.0
002973,20220728,13.61,13.32,13.41,13.76,0.03999999999999915,0.2915451895043608,3797625.0
002973,20220727,13.5,13.39,13.52,13.72,-0.05999999999999872,-0.4354136429608024,3033600.0
002973,20220726,13.78,13.3,13.73,13.78,-0.16999999999999993,-1.2186379928315394,3463737.0
002973,20220725,13.28,13.28,13.78,13.95,0.34999999999999964,2.5735294117646967,6784698.0
002973,20220722,13.17,13.16,13.34,13.6,-0.15000000000000036,-1.090909090909098,4666936.0
002973,20220721,13.29,13.18,13.28,13.75,0.1899999999999995,1.4011799410029502,4423699.0
002973,20220720,13.47,13.2,13.29,13.56,-0.47999999999999865,-3.4188034188034067,6619467.0
002973,20220719,13.75,13.42,13.57,14.04,0.5999999999999996,4.464285714285721,13331046.0
002973,20220718,12.23,12.23,13.44,13.44,0.879999999999999,7.006369426751591,4324736.0
002973,20220715,12.5,12.22,12.32,12.56,-0.16000000000000014,-1.2578616352201255,1804934.0
002973,20220714,12.54,12.38,12.6,12.72,0.08999999999999986,0.7125890736342066,2127334.0
002973,20220713,12.26,12.23,12.59,12.63,0.08000000000000007,0.6374501992031822,2459077.0
002973,20220712,12.53,12.0,12.16,12.55,-0.08999999999999986,-0.7120253164557,1616400.0
002973,20220711,12.37,12.3,12.55,12.64,0.120000000000001,0.9584664536741228,1655498.0
002973,20220708,12.33,12.28,12.37,12.52,-0.17999999999999972,-1.4173228346456623,1307100.0
002973,20220707,12.38,12.31,12.34,12.7,0.28999999999999915,2.3368251410152974,1965400.0
002973,20220706,12.41,12.18,12.35,12.41,-0.15000000000000036,-1.194267515923575,1331544.0
002973,20220705,12.49,12.26,12.41,12.56,0.05000000000000071,0.399680255795376,1427744.0
002973,20220704,12.4,12.08,12.44,12.51,-0.08000000000000007,-0.6354249404289081,1764123.0
002973,20220701,12.5,12.27,12.4,12.59,-0.02999999999999936,-0.23771790808240212,2005651.0
002973,20220630,11.93,11.93,12.35,12.62,0.14999999999999858,1.202886928628688,3317406.0
002973,20220629,12.34,12.01,12.02,12.47,-0.20999999999999908,-1.6561514195583493,1926011.0
002973,20220628,12.17,12.09,12.4,12.68,0.29999999999999893,2.4232633279482885,2889136.0
002973,20220627,12.2,12.08,12.15,12.38,-0.05999999999999872,-0.4823151125401881,1795911.0
002973,20220624,12.25,12.06,12.27,12.44,-0.19000000000000128,-1.504354711005551,3258564.0
002973,20220623,11.89,11.6,12.3,12.63,0.6800000000000015,5.690376569037681,4409437.0
002973,20220622,11.86,11.61,11.64,11.95,-0.11000000000000121,-0.9121061359867455,1151025.0
002973,20220621,11.85,11.73,11.9,12.06,0.20000000000000107,1.6863406408094583,1593077.0
002973,20220620,11.49,11.48,11.85,11.86,0.2699999999999996,2.329594477998276,1854593.0
002973,20220617,11.56,11.29,11.48,11.59,-0.14000000000000057,-1.1935208866155178,1484200.0
002973,20220616,11.6,11.57,11.59,11.73,-0.21999999999999886,-1.8410041841004143,1190000.0
002973,20220615,11.68,11.62,11.62,11.95,0.1899999999999995,1.6156462585033893,1925400.0
002973,20220614,11.76,11.34,11.56,11.76,-0.07000000000000028,-0.591715976331364,1805800.0
002973,20220613,11.6,11.58,11.82,11.83,0.13000000000000078,1.1111111111111072,1577200.0
002973,20220610,11.54,11.5,11.65,11.7,-0.26000000000000156,-2.1739130434782705,1500088.0
002973,20220609,11.94,11.56,11.56,11.96,-0.10999999999999943,-0.9113504556752194,2248211.0
002973,20220608,11.79,11.71,11.94,12.07,-0.03999999999999915,-0.3303055326176696,2570000.0
002973,20220607,12.05,11.81,11.88,12.11,-0.11000000000000121,-0.9001636661211232,3188798.0
002973,20220606,11.97,11.83,12.21,12.22,-0.129999999999999,-1.0526315789473606,3853200.0
002973,20220602,12.33,11.9,12.0,12.35,0.08999999999999986,0.7340946166394691,4007877.0
002973,20220601,12.15,11.92,12.24,12.26,-0.34999999999999964,-2.7755749405233954,4162300.0
002973,20220531,12.55,12.07,12.17,12.61,-0.47000000000000064,-3.593272171253825,5823130.0
002973,20220530,13.04,12.36,12.64,13.08,-0.3200000000000003,-2.3880597014925398,8510643.0
002973,20220527,12.07,12.07,13.07,13.4,-1.8899999999999988,-12.361020274689327,12558280.0
002973,20220526,13.7,13.37,13.4,15.29,1.3899999999999988,9.999999999999986,16809618.0
002973,20220525,13.9,13.9,13.9,13.9,1.2599999999999998,9.968354430379755,4303865.0
002973,20220524,11.54,11.32,12.64,12.64,1.040000000000001,8.965517241379327,6839873.0
002973,20220523,11.25,11.25,11.49,11.6,0.23000000000000043,2.0228671943711474,923900.0
002973,20220520,11.16,11.1,11.22,11.37,0.15999999999999837,1.4272970561998166,692500.0
002973,20220519,11.12,11.02,11.13,11.21,-0.17999999999999972,-1.5803336259877065,678500.0
002973,20220518,11.28,11.14,11.24,11.39,0.13000000000000078,1.1545293072824148,896800.0
002973,20220517,11.24,11.0,11.22,11.26,-0.21000000000000085,-1.8308631211857107,795900.0
002973,20220516,11.33,11.13,11.24,11.47,0.08000000000000007,0.7023705004389758,767300.0
002973,20220513,11.37,11.2,11.28,11.39,-0.019999999999999574,-0.17528483786152238,734200.0
002973,20220512,10.96,10.96,11.28,11.41,-0.07000000000000028,-0.6097560975609762,1142531.0
002973,20220511,11.36,11.06,11.07,11.48,0.11000000000000121,0.9674582233949014,1046100.0
002973,20220510,10.85,10.85,11.32,11.37,0.06999999999999851,0.619469026548658,954600.0
002973,20220509,10.85,10.85,11.14,11.3,0.1800000000000015,1.6187050359712352,965100.0
002973,20220506,11.12,10.62,10.84,11.12,0.08999999999999986,0.8159564823209342,1105700.0
002973,20220505,10.73,10.43,10.9,11.03,0.21999999999999886,2.0351526364477124,1153300.0
002973,20220429,10.11,9.95,10.65,10.81,0.4900000000000002,4.748062015503884,1820900.0
002973,20220428,10.09,9.62,9.85,10.32,0.14000000000000057,1.3752455795677854,1261100.0
002973,20220427,9.42,9.42,10.12,10.18,-1.0300000000000011,-9.18822479928636,1901491.0
002973,20220426,11.12,10.22,10.26,11.21,-0.8699999999999992,-7.201986754966883,2026746.0
002973,20220425,12.08,11.12,11.12,12.08,-0.4299999999999997,-3.437250199840125,2625700.0
002973,20220422,12.5,12.14,12.35,12.51,-0.7400000000000002,-5.584905660377359,1997200.0
002973,20220421,12.5,12.16,12.6,13.25,0.4399999999999995,3.4348165495706517,3749900.0
002973,20220420,12.04,12.01,12.77,12.81,0.7599999999999998,6.3070539419087135,3222974.0
002973,20220419,11.78,11.73,12.04,12.05,0.22000000000000064,1.8596787827557026,751300.0
002973,20220418,11.83,11.56,11.77,11.83,-0.14000000000000057,-1.1695906432748537,505900.0
002973,20220415,11.93,11.73,11.78,11.97,-0.16999999999999993,-1.4003294892915963,752975.0
002973,20220414,12.0,11.93,11.95,12.14,-0.03999999999999915,-0.3284072249589376,874400.0
002973,20220413,12.15,11.97,12.0,12.18,-0.3200000000000003,-2.5600000000000067,640926.0
002973,20220412,11.88,11.74,12.24,12.5,0.2400000000000002,1.9575856443719397,1088600.0
002973,20220411,12.08,11.87,11.96,12.26,-0.120000000000001,-0.9693053311793265,1080400.0
002973,20220408,12.25,11.99,12.11,12.38,-0.17999999999999972,-1.4331210191082744,870400.0
002973,20220407,12.36,12.26,12.26,12.56,0.009999999999999787,0.07968127490038945,691500.0
002973,20220406,12.2,12.19,12.55,12.55,0.25,2.0325203252032464,1029021.0
002973,20220401,12.2,12.07,12.29,12.3,-0.03999999999999915,-0.32414910858994395,915000.0
002973,20220331,12.21,12.16,12.19,12.34,0.0,0.0,815700.0
002973,20220330,12.06,11.96,12.29,12.34,0.08999999999999986,0.7346938775510292,1229000.0
002973,20220329,12.17,11.97,12.0,12.25,-0.14000000000000057,-1.1299435028248594,870626.0
002973,20220328,12.37,11.88,12.14,12.39,-0.05999999999999872,-0.48192771084336616,912426.0
002973,20220325,12.37,12.19,12.21,12.45,-0.08999999999999986,-0.7177033492822948,727474.0
002973,20220324,12.54,12.3,12.34,12.54,-0.19000000000000128,-1.4925373134328512,857974.0
002973,20220323,12.73,12.51,12.56,12.73,0.05000000000000071,0.39432176656151174,1031118.0
002973,20220322,12.57,12.4,12.59,12.68,0.129999999999999,1.035856573705174,1024100.0
002973,20220321,12.43,12.33,12.54,12.55,0.13000000000000078,1.046698872785834,1185300.0
002973,20220318,12.25,12.19,12.38,12.42,-0.0600000000000005,-0.48076923076924016,927200.0
002973,20220317,12.36,12.25,12.29,12.48,0.120000000000001,0.9708737864077666,2445300.0
002973,20220316,11.96,11.52,12.35,12.36,-0.2400000000000002,-1.904761904761909,3014700.0
002973,20220315,12.56,11.72,11.82,12.6,-1.3900000000000006,-9.93566833452466,3906000.0
002973,20220314,13.05,12.66,12.7,13.99,0.7699999999999996,5.824508320726163,4017000.0
002973,20220311,13.04,12.79,13.1,13.22,-0.41000000000000014,-3.0080704328686703,2616800.0
002973,20220310,13.38,13.07,13.24,13.63,-0.35999999999999943,-2.573266619013581,2459295.0
002973,20220309,13.91,12.78,13.05,13.99,-0.33999999999999986,-2.3726448011165413,3013511.0
002973,20220308,14.24,13.72,13.75,14.33,-0.4599999999999991,-3.1102096010818037,1797200.0
002973,20220307,14.68,14.2,14.24,14.79,-0.1800000000000015,-1.2024048096192508,2166839.0
002973,20220304,14.97,14.63,14.71,14.97,-0.28999999999999915,-1.9003931847968447,2416411.0
002973,20220303,15.24,14.88,14.97,15.26,-0.22000000000000064,-1.421188630490955,1573789.0
002973,20220302,15.33,15.04,15.18,15.48,-0.1899999999999995,-1.212507977026156,2519808.0
002973,20220301,15.49,15.36,15.47,15.67,0.05000000000000071,0.3201024327784907,1972000.0
002973,20220228,15.5,15.28,15.44,15.62,-0.08000000000000007,-0.5095541401273884,1070300.0
002973,20220225,15.49,15.38,15.5,15.7,-0.8000000000000007,-4.8484848484848575,1335777.0
002973,20220224,16.0,15.16,15.41,16.5,0.4800000000000004,2.9962546816479474,2489700.0
002973,20220223,15.91,15.73,15.94,16.02,-0.08000000000000185,-0.496894409937898,1035411.0
002973,20220222,16.1,15.77,15.9,16.1,-0.1999999999999993,-1.2269938650306678,1404996.0
002973,20220221,16.3,16.0,16.07,16.3,0.120000000000001,0.7416563658838138,1446711.0
002973,20220218,15.91,15.59,16.0,16.18,-0.629999999999999,-3.74776918500892,2618200.0
002973,20220217,16.06,16.05,16.13,16.81,0.7199999999999989,4.474829086389054,3893533.0
002973,20220216,15.67,15.63,16.06,16.09,0.09999999999999964,0.6253908692932963,1242200.0
002973,20220215,15.99,15.58,15.64,15.99,-0.1399999999999988,-0.8679479231246012,1226398.0
002973,20220214,15.31,15.08,16.0,16.13,0.3099999999999987,1.9595448798988446,1846860.0
002973,20220211,15.47,15.2,15.33,15.82,-0.019999999999999574,-0.12626262626261875,866239.0
002973,20220210,15.67,15.4,15.54,15.84,0.16000000000000014,1.0204081632652962,673500.0
002973,20220209,15.43,15.26,15.52,15.68,0.16999999999999993,1.0960670535138606,795600.0
002973,20220208,14.98,14.88,15.44,15.51,0.3100000000000005,2.0394736842105354,859000.0
002973,20220207,15.06,14.96,14.98,15.2,0.08000000000000007,0.5291005291005346,666500.0
002973,20220128,14.85,14.73,14.88,15.12,0.10999999999999943,0.7328447701532292,671811.0
002973,20220127,14.98,14.63,14.85,15.01,-0.120000000000001,-0.793126239259756,1040500.0
002973,20220126,14.77,14.77,14.91,15.13,-0.17999999999999972,-1.1757021554539504,1029121.0
002973,20220125,15.3,14.74,14.76,15.31,-0.3699999999999992,-2.359693877551017,1391100.0
002973,20220124,15.6,15.23,15.23,15.68,-0.16999999999999993,-1.0725552050473208,926380.0
002973,20220121,15.73,15.44,15.6,15.85,-0.33000000000000007,-2.0395550061804713,805718.0
002973,20220120,16.05,15.61,15.69,16.18,0.10000000000000142,0.6218905472636926,1034600.0
002973,20220119,15.83,15.74,16.05,16.08,-0.120000000000001,-0.7407407407407418,1349500.0
002973,20220118,16.2,15.72,15.83,16.2,-0.25,-1.5197568389057725,1610600.0
002973,20220117,16.21,16.05,16.11,16.45,0.14999999999999858,0.9202453987730008,1022298.0
002973,20220114,16.3,15.91,16.2,16.3,-0.14999999999999858,-0.9118541033434568,1331044.0
002973,20220113,16.09,15.96,16.27,16.45,0.14999999999999858,0.9202453987730008,1775000.0
002973,20220112,16.12,16.03,16.1,16.3,0.019999999999999574,0.12285012285011554,964200.0
002973,20220111,16.16,16.0,16.12,16.28,0.019999999999999574,0.12300123001229846,1187100.0
002973,20220110,16.0,15.8,16.16,16.26,-0.46999999999999886,-2.8093245666467315,1790800.0
002973,20220107,16.17,15.97,16.0,16.73,-0.019999999999999574,-0.11940298507462366,4236146.0
002973,20220106,15.66,15.66,16.14,16.75,0.8599999999999994,5.412208936438012,4256995.0
002973,20220105,15.58,15.45,15.73,15.89,0.2599999999999998,1.6634676903390933,2743623.0
002973,20220104,15.12,15.11,15.59,15.63,0.4300000000000015,2.828947368421053,2688039.0
002973,20211231,15.11,15.07,15.11,15.2,0.09999999999999964,0.6622516556291425,1750600.0
002973,20211230,14.94,14.89,15.06,15.1,0.10999999999999943,0.7338225483655814,1257585.0
002973,20211229,14.91,14.83,14.92,14.99,-0.07000000000000028,-0.4648074369189903,722677.0
002973,20211228,15.03,14.87,14.95,15.06,-0.11999999999999922,-0.7905138339920903,723809.0
002973,20211227,14.91,14.72,15.02,15.18,0.0600000000000005,0.3968253968253954,1077554.0
002973,20211224,15.09,14.84,14.91,15.12,-0.030000000000001137,-0.1980198019802093,1062950.0
002973,20211223,15.07,14.9,15.08,15.15,-0.0600000000000005,-0.39447731755424265,1095141.0
002973,20211222,15.07,15.02,15.06,15.21,0.05000000000000071,0.32981530343008103,1149700.0
002973,20211221,15.1,14.95,15.07,15.16,-0.02999999999999936,-0.19749835418038098,1150641.0
002973,20211220,15.19,14.9,15.05,15.19,-0.11000000000000121,-0.7189542483660216,1998036.0
002973,20211217,15.12,14.76,15.12,15.3,0.3100000000000005,2.068045363575721,2901867.0
002973,20211216,14.65,14.63,14.95,14.99,0.25,1.6960651289009476,3000475.0
002973,20211215,14.6,14.4,14.62,14.74,0.0600000000000005,0.4087193460490468,1152775.0
002973,20211214,14.62,14.52,14.61,14.68,-0.09999999999999964,-0.6765899864682012,887600.0
002973,20211213,14.72,14.55,14.6,14.78,0.11999999999999922,0.8185538881309684,1535633.0
002973,20211210,14.64,14.51,14.6,14.66,-0.03999999999999915,-0.2721088435374108,984941.0
002973,20211209,14.49,14.48,14.66,14.7,0.1899999999999995,1.3094417643004785,1771336.0
002973,20211208,14.42,14.31,14.49,14.51,0.03999999999999915,0.2764340013821531,1043400.0
002973,20211207,14.43,14.28,14.44,14.47,0.02000000000000135,0.13840830449827202,938911.0
002973,20211206,14.38,14.34,14.43,14.45,-0.05000000000000071,-0.34482758620689724,963791.0
002973,20211203,14.42,14.33,14.38,14.5,-0.3699999999999992,-2.488231338264957,1643200.0
002973,20211202,14.69,14.39,14.41,14.87,0.08000000000000007,0.5409060175794567,2059900.0
002973,20211201,14.49,14.4,14.72,14.79,0.1899999999999995,1.3013698630137016,2024911.0
002973,20211130,14.54,14.42,14.45,14.6,-0.09999999999999964,-0.6802721088435382,1302300.0
002973,20211129,14.7,14.43,14.51,14.7,-0.370000000000001,-2.4552090245520963,1769900.0
002973,20211126,14.77,14.7,14.75,15.07,0.2699999999999996,1.8243243243243112,1481700.0
002973,20211125,14.65,14.56,14.77,14.8,0.040000000000000924,0.27100271002711285,1454241.0
002973,20211124,14.72,14.6,14.65,14.76,-0.02999999999999936,-0.20283975659228792,1262400.0
002973,20211123,14.74,14.68,14.72,14.79,-0.040000000000000924,-0.2697235333782966,839600.0
002973,20211122,14.83,14.68,14.74,14.83,-0.02999999999999936,-0.20188425302826163,1041200.0
002973,20211119,14.71,14.65,14.8,14.86,-0.16999999999999993,-1.131071190951427,1310800.0
002973,20211118,14.93,14.78,14.82,15.03,-0.030000000000001137,-0.19920318725100694,1002062.0
002973,20211117,14.91,14.86,14.92,15.06,-0.379999999999999,-2.4611398963730546,1107450.0
002973,20211116,15.2,14.91,14.91,15.44,0.2599999999999998,1.7127799736495364,1837700.0
002973,20211115,14.93,14.86,15.0,15.18,-0.019999999999999574,-0.1315789473684159,1292300.0
002973,20211112,15.2,14.9,14.98,15.2,0.05999999999999872,0.39630118890354726,1256200.0
002973,20211111,14.95,14.86,15.06,15.14,0.14000000000000057,0.9333333333333416,802800.0
002973,20211110,14.9,14.69,14.87,15.0,-0.17999999999999972,-1.1857707509881354,692050.0
002973,20211109,15.07,14.94,15.03,15.18,-0.009999999999999787,-0.06583278472679366,506200.0
002973,20211108,14.83,14.8,15.02,15.19,0.25,1.6733601070950455,714772.0
002973,20211105,14.9,14.66,14.8,14.94,-0.14000000000000057,-0.9283819628647216,570783.0
002973,20211104,14.69,14.69,14.93,15.08,0.2599999999999998,1.7543859649122862,497600.0
002973,20211103,14.65,14.58,14.69,14.82,-0.21999999999999886,-1.4627659574467988,552158.0
002973,20211102,14.93,14.5,14.65,15.04,-0.120000000000001,-0.7915567282322011,1065716.0
002973,20211101,14.95,14.83,14.93,15.16,0.23000000000000043,1.5405224380442117,552639.0
002973,20211029,14.68,14.6,14.93,14.93,-0.3100000000000005,-2.0341207349081403,760040.0
002973,20211028,15.1,14.65,14.69,15.24,-0.5700000000000003,-3.6053130929791233,980175.0
002973,20211027,15.81,15.13,15.16,15.81,-0.09999999999999964,-0.6285355122564451,1181264.0
002973,20211026,15.8,15.72,15.81,15.91,-0.03999999999999915,-0.25078369905955356,510681.0
002973,20211025,15.75,15.71,15.8,15.95,-0.240000000000002,-1.4823965410747486,488218.0
002973,20211022,16.11,15.56,15.75,16.19,-0.2699999999999996,-1.640340218712022,1395171.0
002973,20211021,16.29,15.99,16.19,16.46,-0.05000000000000071,-0.30284675953967666,1017492.0
002973,20211020,16.49,16.13,16.21,16.51,-0.2699999999999996,-1.6090584028605415,852971.0
002973,20211019,16.72,16.42,16.48,16.78,-0.019999999999999574,-0.11904761904761862,1042029.0
002973,20211018,16.75,16.5,16.7,16.8,0.0,0.0,1272666.0
002973,20211015,16.33,16.14,16.64,16.8,0.4200000000000017,2.564102564102577,1538706.0
002973,20211014,16.34,16.07,16.29,16.38,-0.019999999999999574,-0.12195121951219523,696050.0
002973,20211013,16.4,15.97,16.22,16.4,0.08999999999999986,0.5518087063151489,767050.0
002973,20211012,16.3,15.94,16.3,16.31,-0.240000000000002,-1.4501510574018273,1038300.0
002973,20211011,16.12,15.84,16.42,16.55,-0.48999999999999844,-2.875586854460088,1432086.0
002973,20211008,16.08,16.08,16.41,17.04,1.0,6.234413965087282,1287749.0
002973,20210930,15.88,15.74,16.04,16.04,-0.6999999999999993,-4.1816009557944955,1158299.0
002973,20210929,16.55,15.76,15.91,16.74,-0.39000000000000057,-2.2767075306479923,2340880.0
002973,20210928,16.98,16.58,16.76,17.13,-0.07000000000000028,-0.40697674418604946,2232073.0
002973,20210927,16.6,16.29,16.96,17.2,0.23999999999999844,1.4150943396226356,3682427.0
002973,20210924,16.75,16.4,16.58,16.96,0.3200000000000003,1.9230769230769162,2914658.0
002973,20210923,15.9,15.8,16.63,16.64,0.5700000000000003,3.546981953951467,3798986.0
002973,20210922,15.63,15.61,15.76,16.07,-0.05000000000000071,-0.31017369727047717,829913.0
002973,20210917,16.1,15.46,15.62,16.12,-0.36999999999999744,-2.2437841115827584,1244683.0
002973,20210916,15.61,15.61,15.89,16.49,0.4999999999999982,3.126954346466526,2199298.0
002973,20210915,15.85,15.44,15.57,15.99,-0.27999999999999936,-1.7209588199139536,1737174.0
002973,20210914,16.19,15.75,15.85,16.27,-0.120000000000001,-0.7321537522879895,1573232.0
002973,20210913,16.3,16.13,16.19,16.39,-0.259999999999998,-1.561561561561553,860366.0
002973,20210910,16.41,16.17,16.18,16.65,0.09999999999999787,0.6042296072507503,1772771.0
002973,20210909,16.31,16.22,16.42,16.55,0.08000000000000185,0.4857316332726347,1552990.0
002973,20210908,16.31,16.13,16.3,16.47,0.08999999999999986,0.5494505494505475,1428722.0
002973,20210907,16.3,16.15,16.21,16.38,-0.08999999999999986,-0.5464480874316946,1574996.0
002973,20210906,16.27,16.08,16.3,16.47,0.11999999999999744,0.7339449541284182,1403566.0
002973,20210903,16.29,16.07,16.22,16.35,-0.16000000000000014,-0.9691096305269542,1302111.0
002973,20210902,16.5,16.2,16.32,16.51,-0.13999999999999702,-0.8408408408408174,1550586.0
002973,20210901,16.37,16.18,16.54,16.65,-0.3000000000000007,-1.7699115044247815,2965148.0
002973,20210831,16.0,15.83,16.47,16.95,0.9199999999999982,5.739238927011847,4199121.0
002973,20210830,16.0,15.7,15.81,16.03,-0.18999999999999773,-1.1713933415536282,980000.0
002973,20210827,16.21,15.85,15.94,16.22,-0.15000000000000213,-0.9163103237629922,1097622.0
002973,20210826,15.79,15.79,16.04,16.37,0.41000000000000014,2.5689223057644206,1959550.0
002973,20210825,15.75,15.5,15.89,15.96,-0.11999999999999744,-0.7462686567163979,1418848.0
002973,20210824,14.99,14.96,15.8,16.08,0.9599999999999991,6.349206349206349,2405774.0
002973,20210823,15.06,14.9,14.99,15.12,-0.22000000000000064,-1.4341590612777066,956620.0
002973,20210820,15.33,14.52,14.9,15.34,-0.6500000000000004,-4.0650406504065035,2163247.0
002973,20210819,15.78,15.6,15.68,15.99,0.040000000000000924,0.25078369905957576,745666.0
002973,20210818,15.9,15.65,15.92,15.95,0.009999999999999787,0.06273525721456341,990362.0
002973,20210817,15.85,15.6,15.85,15.94,-0.009999999999999787,-0.06269592476488839,1426056.0
002973,20210816,15.44,15.44,15.85,15.95,0.2699999999999996,1.7219387755102122,1716800.0
002973,20210813,15.55,15.22,15.44,15.68,-0.08000000000000007,-0.5076142131979711,840898.0
002973,20210812,15.55,15.53,15.56,15.76,-0.120000000000001,-0.7556675062972307,690588.0
002973,20210811,15.7,15.55,15.67,15.88,0.09000000000000163,0.5699810006333239,1103115.0
002973,20210810,15.61,15.53,15.61,15.79,-0.030000000000001137,-0.18963337547408532,1082980.0
002973,20210809,14.74,14.74,15.7,15.82,0.5999999999999996,3.942181340341655,2534461.0
002973,20210806,15.1,14.76,14.83,15.22,-0.22999999999999865,-1.4886731391585695,936335.0
002973,20210805,15.24,15.04,15.19,15.45,0.14999999999999858,0.9803921568627416,860735.0
002973,20210804,15.29,15.1,15.19,15.3,-0.1399999999999988,-0.9067357512953289,626000.0
002973,20210803,15.1,15.0,15.28,15.44,0.1899999999999995,1.2459016393442601,1006574.0
002973,20210802,14.67,14.42,15.1,15.25,0.35999999999999943,2.417730020147757,1241434.0
002973,20210730,14.89,14.6,14.68,14.89,0.17999999999999972,1.223657375934728,861200.0
002973,20210729,14.6,14.43,14.58,14.71,-0.22999999999999865,-1.539491298527429,547775.0
002973,20210728,14.94,14.28,14.58,14.94,-0.2900000000000009,-1.9041365725541715,754361.0
002973,20210727,15.08,14.72,15.04,15.23,-0.41999999999999993,-2.6837060702875393,1382915.0
002973,20210726,15.65,15.01,15.1,15.65,-0.3100000000000005,-1.942355889724312,1096251.0
002973,20210723,15.72,15.45,15.51,15.96,0.010000000000001563,0.0626959247649106,839406.0
002973,20210722,15.74,15.47,15.81,15.95,0.16000000000000014,1.0132995566814351,954058.0
002973,20210721,15.31,15.2,15.53,15.79,0.46999999999999886,3.067885117493474,1080515.0
002973,20210720,15.15,15.03,15.19,15.32,-0.4900000000000002,-3.099304237824163,976800.0
002973,20210719,15.75,15.39,15.43,15.81,-0.129999999999999,-0.8155583437892022,1019614.0
002973,20210716,15.71,15.71,15.83,15.94,-0.040000000000000924,-0.25031289111390187,640823.0
002973,20210715,15.91,15.68,15.8,15.98,-0.23999999999999844,-1.4796547472256338,731588.0
002973,20210714,16.08,15.96,16.0,16.22,0.09999999999999787,0.6203473945409321,824200.0
002973,20210713,16.0,15.87,16.09,16.12,-0.10999999999999943,-0.6777572396795994,840400.0
002973,20210712,16.23,15.96,16.05,16.23,0.0,0.0,830704.0
002973,20210709,16.01,15.81,16.02,16.23,-0.10999999999999943,-0.6731946144430845,832700.0
002973,20210708,16.15,15.94,15.95,16.34,0.08999999999999986,0.5538461538461492,973106.0
002973,20210707,15.88,15.88,16.17,16.25,0.4399999999999995,2.783048703352309,1671123.0
002973,20210706,15.8,15.66,15.76,15.81,-0.07000000000000028,-0.4408060453400475,520496.0
002973,20210705,15.8,15.66,15.82,15.88,-0.22000000000000064,-1.3664596273291973,681306.0
002973,20210702,15.95,15.74,15.8,16.1,-0.09999999999999787,-0.6172839506172756,823810.0
002973,20210701,15.93,15.82,16.0,16.2,0.17999999999999972,1.1235955056179803,950888.0
002973,20210630,15.87,15.77,15.93,16.02,-0.120000000000001,-0.743494423791824,748588.0
002973,20210629,16.14,15.88,15.92,16.14,0.019999999999999574,0.12406947890819531,879200.0
002973,20210628,16.11,15.91,16.02,16.12,-0.05999999999999872,-0.3708281829418958,778800.0
002973,20210625,16.15,15.95,16.08,16.18,-0.28000000000000114,-1.7010935601458166,813946.0
002973,20210624,16.45,15.91,16.11,16.46,-0.3099999999999987,-1.8485390578413807,1551654.0
002973,20210623,16.56,16.44,16.46,16.77,-0.019999999999999574,-0.1191185229303171,1044100.0
002973,20210622,16.71,16.51,16.57,16.79,0.05999999999999872,0.3586371787208442,813417.0
002973,20210621,16.58,16.43,16.65,16.73,-0.25,-1.4723203769140158,705073.0
002973,20210618,16.21,16.08,16.6,16.98,0.3200000000000003,1.9207683073229287,1236359.0
002973,20210617,16.54,16.16,16.22,16.66,-0.23999999999999844,-1.4201183431952535,1306486.0
002973,20210616,16.78,16.61,16.62,16.9,-0.22000000000000242,-1.2850467289719725,772644.0
002973,20210615,17.08,16.56,16.83,17.12,-0.16000000000000014,-0.92592592592593,1430042.0
002973,20210611,17.13,17.08,17.11,17.28,0.10000000000000142,0.5820721769499437,1033641.0
002973,20210610,17.18,17.02,17.09,17.18,-0.05999999999999872,-0.34802784222737193,897450.0
002973,20210609,17.04,16.91,17.19,17.24,-0.07000000000000028,-0.4043905257076874,795250.0
002973,20210608,17.28,16.96,17.05,17.31,-0.19000000000000128,-1.0857142857142899,1296625.0
002973,20210607,16.82,16.82,17.31,17.5,0.4200000000000017,2.459016393442637,1846577.0
002973,20210604,17.08,16.8,16.89,17.08,-0.14000000000000057,-0.8130081300813052,1028489.0
002973,20210603,17.17,16.84,16.87,17.22,-0.5100000000000016,-2.876480541455173,1363863.0
002973,20210602,17.44,16.95,17.0,17.73,0.28000000000000114,1.6045845272206316,2172051.0
002973,20210601,16.38,16.38,17.44,17.45,1.0,6.07902735562309,3662874.0
002973,20210531,16.41,16.26,16.36,16.45,-0.4200000000000017,-2.489626556016611,993322.0
002973,20210528,16.76,16.4,16.45,16.87,0.10999999999999943,0.6563245823389074,1091785.0
002973,20210527,16.5,16.43,16.7,16.76,0.11000000000000298,0.6606606606606835,1392120.0
002973,20210526,16.4,16.36,16.5,16.65,-0.020000000000003126,-0.11997600479906056,976076.0
002973,20210525,16.63,16.26,16.51,16.67,0.0400000000000027,0.24052916416117398,1018746.0
002973,20210524,16.31,16.3,16.39,16.63,-0.13000000000000256,-0.7756563245823522,588280.0
002973,20210521,16.76,16.28,16.41,16.76,0.0,0.0,806080.0
002973,20210520,16.74,16.62,16.65,16.76,-0.019999999999999574,-0.11918951132300348,866877.0
002973,20210519,16.6,16.51,16.77,16.78,-0.00999999999999801,-0.05955926146514745,855157.0
002973,20210518,16.66,16.5,16.72,16.79,-0.16000000000000014,-0.943952802359882,734689.0
002973,20210517,16.61,16.55,16.65,16.95,-0.4499999999999993,-2.5862068965517238,1627217.0
002973,20210514,16.2,16.2,16.92,17.4,0.7199999999999989,4.316546762589923,2770054.0
002973,20210513,16.68,16.22,16.27,16.68,0.03999999999999915,0.24038461538460343,1155611.0
002973,20210512,16.11,15.86,16.58,16.64,0.370000000000001,2.2741241548863034,1685040.0
002973,20210511,15.83,15.73,16.11,16.27,-0.25,-1.5133171912832921,2082740.0
002973,20210510,16.51,15.65,15.85,16.52,-0.5,-2.9377203290246734,2367640.0
002973,20210507,16.99,16.51,16.52,17.02,-0.030000000000001137,-0.17595307917889214,1532800.0
002973,20210506,16.8,16.75,16.92,17.05,-0.28999999999999915,-1.6724336793540906,992980.0
002973,20210430,17.12,16.86,16.93,17.34,-0.21000000000000085,-1.1965811965812034,1660648.0
002973,20210429,17.55,17.05,17.12,17.55,-0.7899999999999991,-4.307524536532171,1306175.0
002973,20210428,18.34,17.18,17.34,18.34,-0.10999999999999943,-0.596205962059615,3794521.0
002973,20210427,18.06,18.0,18.42,18.45,-0.120000000000001,-0.646203554119551,1188909.0
002973,20210426,18.51,18.11,18.15,18.57,-0.23000000000000043,-1.2234042553191493,1717835.0
002973,20210423,18.69,18.49,18.58,18.8,-0.379999999999999,-1.9812304483837306,746267.0
002973,20210422,19.18,18.68,18.68,19.18,-0.07000000000000028,-0.363636363636366,1953638.0
002973,20210421,19.05,18.99,19.15,19.25,-0.14999999999999858,-0.773195876288657,1229175.0
002973,20210420,19.25,19.0,19.09,19.4,0.029999999999997584,0.15487867836860847,1361408.0
002973,20210419,18.97,18.88,19.3,19.37,0.5,2.649708532061479,1766235.0
002973,20210416,18.66,18.6,18.79,18.87,0.030000000000001137,0.15923566878981443,910241.0
002973,20210415,18.55,18.46,18.76,18.84,-0.010000000000001563,-0.05305039787799615,1183018.0
002973,20210414,18.8,18.41,18.77,18.85,-0.09999999999999787,-0.5277044854881119,1046960.0
002973,20210413,18.69,18.45,18.83,18.95,-0.28999999999999915,-1.5072765072765004,1249300.0
002973,20210412,19.24,18.55,18.76,19.24,-0.21000000000000085,-1.0796915167095134,1757116.0
002973,20210409,19.44,19.13,19.21,19.45,-0.40000000000000213,-2.015113350125952,1324176.0
002973,20210408,19.7,19.37,19.43,19.85,-0.13999999999999702,-0.7003501750875274,1665500.0
002973,20210407,19.99,19.6,19.7,19.99,0.0,0.0,1635400.0
002973,20210406,19.62,19.62,19.83,19.99,0.08999999999999986,0.45226130653266416,1273643.0
002973,20210402,19.8,19.58,19.82,19.9,0.04999999999999716,0.25188916876572875,1234652.0
002973,20210401,19.69,19.55,19.63,19.85,-0.5199999999999996,-2.5527736867943074,1367763.0
002973,20210331,20.37,19.0,19.68,20.37,-0.17999999999999972,-0.8759124087591275,3073879.0
002973,20210330,20.48,20.12,20.37,20.55,-0.08999999999999986,-0.43604651162790775,1984561.0
002973,20210329,20.46,20.26,20.48,20.64,0.19000000000000128,0.929095354523235,1487334.0
002973,20210326,20.09,20.01,20.3,20.45,-0.5,-2.3866348448687402,1875812.0
002973,20210325,20.58,20.07,20.1,20.95,-0.28000000000000114,-1.3188883655204986,2038073.0
002973,20210324,20.71,20.0,20.76,21.23,-0.5599999999999987,-2.5699862322166034,1949825.0
002973,20210323,21.3,20.63,20.76,21.79,0.08999999999999986,0.41474654377879894,2633635.0
002973,20210322,21.31,21.31,21.48,21.7,0.10999999999999943,0.509495136637339,2671708.0
002973,20210319,21.3,21.08,21.3,21.59,-0.4200000000000017,-1.9082235347569365,1662982.0
002973,20210318,21.75,21.21,21.25,22.01,-0.4399999999999977,-1.9599109131403059,2649266.0
002973,20210317,22.26,21.8,21.99,22.45,0.019999999999999574,0.0891662951404415,2283369.0
002973,20210316,21.53,21.53,22.27,22.43,-0.010000000000001563,-0.04456327985740138,2937804.0
002973,20210315,22.44,21.59,21.71,22.44,-0.25,-1.1018069634200045,1812329.0
002973,20210312,22.51,22.33,22.43,22.69,-0.23000000000000043,-1.0034904013961676,1600441.0
002973,20210311,22.17,21.8,22.69,22.92,0.870000000000001,3.9455782312925125,1763732.0
002973,20210310,21.67,21.37,21.87,22.05,-0.10999999999999943,-0.49638989169674685,1360235.0
002973,20210309,21.69,20.8,21.7,22.16,-0.870000000000001,-3.7776812852800767,2276167.0
002973,20210308,22.8,20.55,21.86,23.03,-0.03999999999999915,-0.1733853489380155,2738721.0
002973,20210305,22.81,22.62,22.83,23.07,-0.23000000000000043,-0.9871244635193177,1614000.0
002973,20210304,22.8,22.68,22.8,23.3,-0.5999999999999979,-2.5104602510460206,2361025.0
002973,20210303,23.9,22.3,23.2,23.9,-0.05000000000000071,-0.20876826722338038,4220633.0
002973,20210302,23.29,23.0,23.79,23.95,0.3000000000000007,1.2684989429175397,4260095.0
002973,20210301,22.85,22.68,23.15,23.65,0.259999999999998,1.1115861479264577,2926735.0
002973,20210226,22.2,22.01,22.81,23.39,0.39000000000000057,1.6956521739130537,3172300.0
002973,20210225,22.44,22.1,22.39,23.0,0.6499999999999986,2.9082774049216997,2702016.0
002973,20210224,21.86,21.75,22.22,22.35,-0.4399999999999977,-1.930671347082047,3091920.0
002973,20210223,22.28,21.54,21.86,22.79,0.5299999999999976,2.3809523809523725,3452687.0
002973,20210222,21.5,21.48,22.26,22.26,0.8100000000000023,3.776223776223797,4807998.0
002973,20210219,20.75,20.71,21.2,21.45,0.5,2.3866348448687402,3471845.0
002973,20210218,20.91,20.56,20.69,20.95,-0.33999999999999986,-1.5969938938468764,2154446.0
002973,20210210,20.74,20.52,20.54,21.29,0.14999999999999858,0.7095553453169368,1779898.0
002973,20210209,20.85,20.64,20.95,21.14,0.16000000000000014,0.7626310772163913,1786446.0
002973,20210208,20.97,20.31,20.55,20.98,-0.8200000000000003,-3.7614678899082543,1724552.0
002973,20210205,21.68,20.7,20.7,21.8,-0.14999999999999858,-0.6833712984054552,1345884.0
002973,20210204,21.95,20.85,21.28,21.95,-0.41000000000000014,-1.8336314847942736,2204649.0
002973,20210203,22.36,21.66,22.01,22.36,-0.28999999999999915,-1.2803532008829999,1591127.0
002973,20210202,22.19,21.7,22.4,22.65,-0.120000000000001,-0.5270092226614009,1435894.0
002973,20210201,22.77,22.1,22.35,22.77,-0.6799999999999997,-2.899786780383795,1666035.0
002973,20210129,23.45,22.33,22.77,23.45,0.5700000000000003,2.4912587412587506,2006873.0
002973,20210128,22.11,22.01,22.64,22.88,0.17999999999999972,0.7929515418502175,2667951.0
002973,20210127,21.75,21.3,22.18,22.7,0.9100000000000001,4.176227627351992,2942532.0
002973,20210126,21.54,21.0,21.28,21.79,-0.19000000000000128,-0.8644222020018244,949088.0
002973,20210125,21.7,21.52,21.55,21.98,0.3200000000000003,1.4773776546629813,1148257.0
002973,20210122,21.36,21.12,21.58,21.66,-0.019999999999999574,-0.09225092250921829,1123811.0
002973,20210121,21.47,21.46,21.54,21.68,-0.129999999999999,-0.5960568546538259,1092200.0
002973,20210120,21.63,21.38,21.47,21.81,0.00999999999999801,0.04587155963302614,787100.0
002973,20210119,21.65,21.12,21.63,21.8,-0.3000000000000007,-1.3574660633484226,1384800.0
002973,20210118,21.5,21.5,21.65,22.1,0.7800000000000011,3.658536585365857,1775146.0
002973,20210115,20.63,20.63,21.11,21.32,-0.019999999999999574,-0.09372071227741197,1503557.0
002973,20210114,20.35,20.2,20.92,21.34,0.8200000000000003,3.9961013645224197,1727211.0
002973,20210113,20.4,20.0,20.09,20.52,-0.10999999999999943,-0.5332040717401787,1244500.0
002973,20210112,20.4,20.31,20.52,20.63,-0.1700000000000017,-0.8173076923077005,934500.0
002973,20210111,20.2,19.96,20.4,20.8,-0.05000000000000071,-0.23980815347721673,1225200.0
002973,20210108,20.55,19.99,20.5,20.85,-0.10999999999999943,-0.5248091603053395,1386600.0
002973,20210107,20.96,20.38,20.55,20.96,-0.379999999999999,-1.7806935332708496,1764220.0
002973,20210106,19.68,19.48,21.16,21.34,1.379999999999999,6.9138276553106115,3015614.0
002973,20210105,19.29,19.0,19.82,19.96,-0.17999999999999972,-0.8937437934458781,2364200.0
002973,20210104,19.9,18.9,19.46,20.14,-0.35999999999999943,-1.7560975609756113,2803769.0
002973,20201231,20.0,19.82,20.0,20.5,-0.6799999999999997,-3.2105760151085905,1687546.0
002973,20201230,21.18,20.05,20.07,21.18,-0.4200000000000017,-1.9444444444444486,2354890.0
002973,20201229,21.6,21.09,21.19,21.6,-0.7899999999999991,-3.5283608753907902,1169700.0
002973,20201228,22.18,21.1,21.37,22.39,-0.7100000000000009,-3.0735930735930728,2538394.0
002973,20201225,21.56,20.46,22.6,23.1,-2.0,-7.968127490039844,4541460.0
002973,20201224,25.08,22.73,22.73,25.1,-1.7199999999999989,-6.413124533929904,6176873.0
002973,20201223,26.54,25.23,25.25,26.82,-0.4400000000000013,-1.614086573734419,5407415.0
002973,20201222,26.54,26.51,27.06,27.26,0.07000000000000028,0.25744759102610537,4346515.0
002973,20201221,26.5,26.15,26.57,27.19,0.5899999999999999,2.2180451127819634,3285792.0
002973,20201218,25.94,25.86,26.34,26.6,0.5100000000000016,1.9547719432732924,2676287.0
002973,20201217,25.51,25.32,25.9,26.09,0.010000000000001563,0.03834355828220559,1784111.0
002973,20201216,25.86,25.4,25.5,26.08,-0.1700000000000017,-0.6476190476190524,1388831.0
002973,20201215,25.89,25.6,25.88,26.25,0.3200000000000003,1.2340917855765632,1665827.0
002973,20201214,24.65,24.22,25.88,25.93,0.7699999999999996,3.0604133545309997,3512958.0
002973,20201211,25.0,24.06,24.7,25.16,-0.08999999999999986,-0.35643564356435675,1843640.0
002973,20201210,25.1,24.58,24.72,25.25,-0.5,-1.9417475728155331,1176589.0
002973,20201209,25.48,25.11,25.2,25.75,0.3000000000000007,1.1787819253438192,1909722.0
002973,20201208,25.22,25.02,25.14,25.45,0.14999999999999858,0.5928853754940677,1450900.0
002973,20201207,24.59,24.55,25.08,25.3,0.7800000000000011,3.1810766721044104,2239033.0
002973,20201204,24.38,24.23,24.46,24.52,-0.010000000000001563,-0.040766408479420146,776200.0
002973,20201203,24.41,24.14,24.37,24.53,-0.04999999999999716,-0.20341741253050438,867000.0
002973,20201202,24.33,24.24,24.37,24.58,0.1999999999999993,0.8203445447087843,982517.0
002973,20201201,24.19,24.0,24.25,24.38,0.17999999999999972,0.7438016528925617,868700.0
002973,20201130,23.74,23.72,24.0,24.2,0.18999999999999773,0.7913369429404238,759611.0
002973,20201127,24.01,23.72,23.74,24.01,-0.029999999999997584,-0.12479201331113687,590746.0
002973,20201126,23.9,23.8,23.93,24.04,-0.1999999999999993,-0.8250825082508184,605415.0
002973,20201125,24.13,23.8,23.91,24.24,-0.060000000000002274,-0.24691358024692134,780855.0
002973,20201124,24.04,23.8,24.15,24.3,0.10000000000000142,0.4132231404958775,917715.0
002973,20201123,24.2,23.9,24.06,24.2,-0.14000000000000057,-0.5751848808545623,1089646.0
002973,20201120,24.22,24.01,24.24,24.34,-0.010000000000001563,-0.0410677618069899,563090.0
002973,20201119,24.24,23.95,24.23,24.35,-0.5700000000000003,-2.2873194221508797,854746.0
002973,20201118,24.92,24.3,24.35,24.92,-0.10999999999999943,-0.43947263284058735,937146.0
002973,20201117,25.0,24.3,24.56,25.03,-0.48999999999999844,-1.9200626959247624,1864868.0
002973,20201116,25.28,24.9,25.52,25.52,-0.2699999999999996,-1.04691740984878,2150746.0
002973,20201113,24.85,24.51,25.44,25.79,1.2399999999999984,5.0509164969450016,2949322.0
002973,20201112,24.43,24.03,24.07,24.55,-0.379999999999999,-1.524267950260727,818277.0
002973,20201111,24.73,24.38,24.38,24.93,-0.23000000000000043,-0.9141494435612074,716487.0
002973,20201110,24.97,24.7,24.83,25.16,0.05999999999999872,0.23904382470119057,961946.0
002973,20201109,24.41,24.41,24.97,25.1,0.5,2.0325203252032464,1237000.0
002973,20201106,24.53,24.19,24.31,24.6,-0.0799999999999983,-0.32414910858994395,957700.0
002973,20201105,24.35,24.35,24.6,24.68,-0.5,-1.9857029388403502,870244.0
002973,20201104,25.15,24.3,24.35,25.18,0.10000000000000142,0.3987240829346206,868300.0
002973,20201103,24.6,24.6,24.82,25.08,0.16999999999999815,0.6824568446406998,854446.0
002973,20201102,24.91,24.15,24.46,24.91,-1.0700000000000003,-4.118552732871439,1169346.0
002973,20201030,25.8,24.73,24.97,25.98,-0.16999999999999815,-0.6500956022944426,1880392.0
002973,20201029,25.84,25.72,25.8,26.15,-0.05000000000000071,-0.1908396946564861,1002500.0
002973,20201028,25.86,25.58,26.13,26.2,-0.26000000000000156,-0.9826152683295564,1577546.0
002973,20201027,26.31,25.6,25.87,26.46,0.16000000000000014,0.6083650190114032,1563692.0
002973,20201026,26.09,25.23,25.98,26.3,-0.509999999999998,-1.9022752704214718,1346367.0
002973,20201023,26.05,25.91,26.11,26.81,0.7099999999999973,2.7203065134099536,1783616.0
002973,20201022,25.85,25.66,26.04,26.1,-0.29999999999999716,-1.1363636363636243,854000.0
002973,20201021,26.25,25.81,25.85,26.4,0.11999999999999744,0.45662100456620447,866500.0
002973,20201020,25.94,25.73,26.25,26.28,-0.2799999999999976,-1.0542168674698704,908959.0
002973,20201019,26.33,25.8,25.84,26.56,0.21999999999999886,0.8352315869400107,1055900.0
002973,20201016,26.07,25.8,26.12,26.34,-0.16000000000000014,-0.6037735849056647,1297701.0
002973,20201015,26.08,25.88,26.07,26.5,-0.129999999999999,-0.4881712354487422,1391200.0
002973,20201014,26.26,25.95,26.07,26.63,-0.08000000000000185,-0.29951329090228684,1880301.0
002973,20201013,26.18,26.13,26.37,26.71,0.16000000000000014,0.6026365348399176,2299401.0
002973,20201012,25.96,25.53,26.3,26.55,1.0300000000000011,4.036050156739823,3664552.0
002973,20201009,24.52,24.52,25.11,25.52,0.8599999999999994,3.48742903487429,2109046.0
002973,20200930,24.33,24.01,24.16,24.66,-0.120000000000001,-0.4842615012106588,830038.0
002973,20200929,24.3,24.29,24.41,24.78,-0.019999999999999574,-0.08064516129031585,1442462.0
002973,20200928,24.04,24.0,24.31,24.8,0.5399999999999991,2.2258862324814555,1369522.0
002973,20200925,24.12,23.44,24.05,24.26,-0.019999999999999574,-0.08237232289950436,1370519.0
002973,20200924,24.18,23.75,23.91,24.28,-0.14000000000000057,-0.5733005733005725,1277000.0
002973,20200923,24.12,24.06,24.4,24.42,-0.16999999999999815,-0.6913379422529453,1031700.0
002973,20200922,24.1,23.95,24.06,24.59,-0.08999999999999986,-0.3646677471636939,1205500.0
002973,20200921,24.67,24.15,24.32,24.68,0.129999999999999,0.5295315682281032,1317600.0
002973,20200918,24.34,24.05,24.55,24.55,0.120000000000001,0.49119934506753893,1197800.0
002973,20200917,24.06,23.7,24.28,24.43,-0.26000000000000156,-1.053057918185507,1443344.0
002973,20200916,24.69,23.91,24.05,24.69,-0.09999999999999787,-0.4033884630899487,1370100.0
002973,20200915,24.5,24.15,24.38,24.79,0.21000000000000085,0.8543531326281606,1117200.0
002973,20200914,24.07,24.01,24.5,24.58,0.13999999999999702,0.572831423895237,1443601.0
002973,20200911,23.85,23.64,24.05,24.44,-1.139999999999997,-4.45660672400312,1920200.0
002973,20200910,25.17,24.0,24.02,25.58,-1.3100000000000023,-4.871699516548911,3031819.0
002973,20200909,26.85,25.01,25.15,26.89,-0.46000000000000085,-1.6819012797074984,4333332.0
002973,20200908,26.85,26.48,27.02,27.35,-1.0999999999999979,-3.866432337434089,1959122.0
002973,20200907,27.9,26.48,26.86,28.45,-0.7300000000000004,-2.5017135023989057,4034661.0
002973,20200904,28.15,27.7,28.03,29.18,-0.5599999999999987,-1.8829858776059138,3000090.0
002973,20200903,29.03,28.66,28.73,29.74,0.28999999999999915,0.9847198641765642,4315862.0
002973,20200902,28.45,28.15,29.0,29.45,0.7899999999999991,2.756454989532453,5150820.0
002973,20200901,28.23,27.89,28.31,28.66,-0.7199999999999989,-2.4506466984343,2917469.0
002973,20200831,28.92,28.1,28.12,29.38,0.5799999999999983,2.013888888888893,4910423.0
002973,20200828,26.55,26.1,28.54,28.8,0.5300000000000011,1.8747789175804774,5568102.0
002973,20200827,28.17,25.69,26.91,28.27,-1.3099999999999987,-4.4286680189317025,6257418.0
002973,20200826,27.88,27.85,28.54,29.58,1.1499999999999986,4.045022863172698,8086526.0
002973,20200825,28.27,27.83,28.0,28.43,0.129999999999999,0.45936395759715865,2691800.0
002973,20200824,28.3,27.55,28.15,28.3,0.08000000000000185,0.28348688873141015,3123132.0
002973,20200821,27.2,27.13,27.91,28.22,-0.08000000000000185,-0.2826855123674976,3503600.0
002973,20200820,27.6,27.12,27.39,28.3,0.5100000000000016,1.8351925152932713,3741613.0
002973,20200819,27.79,26.87,27.12,27.79,-0.8500000000000014,-2.967877094972071,3214119.0
002973,20200818,27.4,27.4,28.02,28.64,1.2899999999999991,4.716636197440582,4491401.0
002973,20200817,26.66,26.6,27.24,27.35,0.4700000000000024,1.7485119047619069,2838223.0
002973,20200814,26.4,25.9,26.65,26.88,-0.08999999999999986,-0.33370411568409697,1604700.0
002973,20200813,26.96,26.4,26.56,26.97,-0.019999999999999574,-0.07410151908113782,1673001.0
002973,20200812,25.9,25.53,26.91,26.99,0.09999999999999787,0.37188545927853145,3020348.0
002973,20200811,26.7,26.0,26.06,26.89,-0.1999999999999993,-0.7382798080472486,2357014.0
002973,20200810,26.81,26.3,26.7,27.09,-1.2100000000000009,-4.275618374558309,2341968.0
002973,20200807,28.3,26.41,27.14,28.3,0.010000000000001563,0.03534817956876157,4554214.0
002973,20200806,27.25,27.2,28.18,28.29,0.7399999999999984,2.686025408348458,5878264.0
002973,20200805,27.3,26.81,27.31,27.55,-0.25,-0.8992805755395739,2913229.0
002973,20200804,27.25,26.91,27.52,27.8,0.10999999999999943,0.3972553268327905,4156001.0
002973,20200803,26.4,26.3,27.53,27.69,1.1900000000000013,4.490566037735855,5013687.0
002973,20200731,25.85,25.71,26.21,26.5,0.10000000000000142,0.37878787878788955,2864180.0
002973,20200730,26.39,25.66,25.8,26.4,-0.13000000000000256,-0.4900113079532753,2748609.0
002973,20200729,26.0,25.7,26.37,26.53,0.2699999999999996,1.0281797410510274,3291299.0
002973,20200728,25.39,25.3,26.19,26.26,0.120000000000001,0.4590665646518888,3626574.0
002973,20200727,25.79,24.9,25.25,26.14,-1.009999999999998,-3.720073664825041,3487399.0
002973,20200724,26.87,25.68,25.79,27.15,-1.1400000000000006,-4.0296924708377535,4563276.0
002973,20200723,27.89,26.3,27.15,28.29,-0.5100000000000016,-1.7708333333333437,7276863.0
002973,20200722,28.42,27.31,28.47,28.8,-0.6999999999999993,-2.3728813559321993,7170455.0
002973,20200721,29.5,28.4,29.06,29.5,-1.6999999999999993,-5.448717948717952,9268115.0
002973,20200720,29.08,27.89,30.39,31.2,1.8099999999999987,6.158557332425985,13430864.0
002973,20200717,26.31,26.26,29.03,29.39,0.1999999999999993,0.6851661527920605,13886894.0
002973,20200716,28.01,26.55,26.75,29.19,-0.33999999999999986,-1.1513714866237756,10408939.0
002973,20200715,27.1,26.16,27.51,29.53,1.2800000000000011,4.530973451327447,10720162.0
002973,20200714,27.9,26.08,26.89,28.25,0.75,2.7272727272727337,7744108.0
002973,20200713,26.3,26.02,27.49,27.5,0.7399999999999984,2.7653213751868355,7962235.0
002973,20200710,26.75,25.85,26.01,26.76,-0.129999999999999,-0.4834510970621042,5378962.0
002973,20200709,25.9,25.61,26.57,26.89,-0.18999999999999773,-0.7016248153618787,6888272.0
002973,20200708,25.58,25.55,26.45,27.08,1.2799999999999976,4.961240310077519,8416962.0
002973,20200707,24.57,24.21,25.19,25.8,1.3200000000000003,5.392156862745101,7134529.0
002973,20200706,23.67,23.58,24.48,24.48,0.33999999999999986,1.4084507042253502,5335788.0
002973,20200703,24.06,23.55,23.78,24.14,-0.23999999999999844,-0.9844134536505234,3880139.0
002973,20200702,23.32,22.95,24.2,24.38,0.5599999999999987,2.350965575146935,5142917.0
002973,20200701,23.52,23.07,23.32,23.82,0.14999999999999858,0.6337135614702172,2003646.0
002973,20200630,22.92,22.92,23.44,23.67,0.5700000000000003,2.467532467532463,2487684.0
002973,20200629,23.09,22.6,22.97,23.1,-0.18999999999999773,-0.8158007728638839,1227200.0
002973,20200624,22.88,22.84,22.88,23.29,-0.3500000000000014,-1.4805414551607554,1512822.0
002973,20200623,23.51,22.95,23.08,23.64,-0.3200000000000003,-1.3355592654424098,1906722.0
002973,20200622,23.57,23.5,23.5,23.96,0.10000000000000142,0.419111483654655,1933246.0
002973,20200619,23.45,23.36,23.6,23.86,-0.010000000000001563,-0.04189359028069495,1491622.0
002973,20200618,23.8,23.41,23.51,23.87,-0.35999999999999943,-1.4857614527445273,1893996.0
002973,20200617,24.23,23.7,23.87,24.23,-0.19000000000000128,-0.7780507780507873,2571119.0
002973,20200616,23.55,23.35,24.12,24.42,0.7300000000000004,3.081468974250745,3982104.0
002973,20200615,22.74,22.71,23.57,23.69,0.10000000000000142,0.4239084357778866,3619730.0
002973,20200612,22.5,22.17,22.95,23.59,0.17999999999999972,0.7689021785561634,3256900.0
002973,20200611,23.36,22.8,22.96,23.41,0.08999999999999986,0.38593481989708245,2328311.0
002973,20200610,23.17,22.63,23.31,23.32,-0.1999999999999993,-0.8503401360544172,1940900.0
002973,20200609,22.49,22.48,23.15,23.52,-0.5700000000000003,-2.3661270236612686,3217811.0
002973,20200608,24.03,22.12,22.59,24.09,-1.370000000000001,-5.380989787902601,7409203.0
002973,20200605,25.1,24.0,24.31,25.46,-1.4699999999999989,-5.458596360935752,4755733.0
002973,20200604,25.35,25.15,25.2,26.93,1.4400000000000013,5.6492742251863515,6204084.0
002973,20200603,25.05,24.68,24.98,25.49,-0.010000000000001563,-0.039215686274518546,3604714.0
002973,20200602,25.16,24.72,25.01,25.5,0.3099999999999987,1.2306470821754623,3587990.0
002973,20200601,24.59,24.01,25.0,25.19,0.08999999999999986,0.35856573705179695,3518222.0
002973,20200529,24.14,24.01,24.1,25.1,-0.7199999999999989,-2.7885360185902375,3363397.0
002973,20200528,25.54,23.7,24.37,25.82,-0.05999999999999872,-0.23183925811436357,4291285.0
002973,20200527,25.2,24.6,25.5,25.88,0.4800000000000004,1.8897637795275646,4512093.0
002973,20200526,25.28,24.41,25.01,25.4,-0.6000000000000014,-2.3076923076923106,4907038.0
002973,20200525,23.76,23.05,25.27,26.0,1.3599999999999994,5.519480519480524,6491482.0
002973,20200522,24.53,23.44,23.7,24.64,-0.9600000000000009,-3.749999999999998,3217011.0
002973,20200521,25.44,24.3,24.38,25.6,-0.5700000000000003,-2.1780664883454315,3399516.0
002973,20200520,26.11,25.08,25.28,26.17,-0.509999999999998,-1.9115442278860528,4714085.0
002973,20200519,26.23,26.1,26.43,26.68,-0.07000000000000028,-0.26168224299065734,3013200.0
002973,20200518,26.54,25.4,26.15,26.75,-0.23999999999999844,-0.8892182289736872,4302813.0
002973,20200515,26.68,25.9,25.97,26.99,-0.9600000000000009,-3.4347048300536698,4443762.0
002973,20200514,27.61,26.32,26.38,27.95,-0.3500000000000014,-1.2367491166077826,6098746.0
002973,20200513,26.7,26.15,28.02,28.3,0.28000000000000114,0.9992862241256395,6533580.0
002973,20200512,27.5,26.05,27.18,28.02,-0.4800000000000004,-1.684210526315788,6587466.0
002973,20200511,27.35,26.66,27.53,28.5,-0.10000000000000142,-0.34965034965035446,9342057.0
002973,20200508,27.08,26.3,26.75,28.6,2.0,7.518796992481214,13251409.0
002973,20200507,24.27,24.22,26.6,26.6,2.200000000000003,9.016393442622972,7905252.0
002973,20200506,23.3,23.1,24.18,24.4,0.8999999999999986,3.8297872340425476,3997739.0
002973,20200430,22.56,22.56,23.4,23.5,-0.10000000000000142,-0.423728813559332,3698000.0
002973,20200429,22.99,22.0,22.45,23.6,-0.379999999999999,-1.5846538782318564,3375546.0
002973,20200428,23.25,21.42,22.86,23.98,-1.1699999999999982,-4.652087475149102,3692101.0
002973,20200427,24.28,23.6,23.73,25.15,-0.05000000000000071,-0.1984126984126977,4297839.0
002973,20200424,23.66,23.2,24.83,25.2,0.1999999999999993,0.8000000000000007,6062398.0
002973,20200423,24.77,23.62,23.65,25.0,0.1999999999999993,0.8064516129032251,3853891.0
002973,20200422,24.38,23.81,24.53,24.8,-1.0799999999999983,-4.173106646058722,3837711.0
002973,20200421,25.1,24.6,25.03,25.88,0.3299999999999983,1.2915851272015555,4058209.0
002973,20200420,23.64,23.6,25.4,25.55,0.5500000000000007,2.200000000000002,6188059.0
002973,20200417,24.89,23.46,23.74,25.0,-0.7100000000000009,-2.7615713730066105,6867567.0
002973,20200416,23.35,23.35,25.08,25.71,1.0500000000000007,4.257907542579087,9549589.0
002973,20200415,22.6,22.6,23.45,24.66,2.1900000000000013,9.746328437917228,9244554.0
002973,20200414,20.75,20.72,22.47,22.47,1.5700000000000003,7.5119617224880475,3593744.0
002973,20200413,20.86,20.01,20.43,20.9,-1.3100000000000023,-5.898244034218836,3060353.0
002973,20200410,22.21,20.68,20.99,22.21,-0.4800000000000004,-2.1154693697664206,5291194.0
002973,20200409,21.17,20.87,22.4,22.69,1.370000000000001,6.425891181988752,7009568.0
002973,20200408,19.75,19.35,21.17,21.32,1.1700000000000017,5.8064516129032295,6267225.0
002973,20200407,19.29,19.05,19.78,20.15,0.6499999999999986,3.3333333333333215,4682832.0
002973,20200403,18.04,18.03,19.0,19.5,1.4499999999999993,8.033240997229907,5446712.0
002973,20200402,17.72,17.5,18.02,18.05,-0.14999999999999858,-0.8241758241758212,2540537.0
002973,20200401,17.85,17.68,17.71,18.2,-0.05000000000000071,-0.2739726027397249,2380276.0
002973,20200331,18.05,17.88,18.01,18.25,-0.4400000000000013,-2.354200107009108,2027875.0
002973,20200330,18.36,17.48,17.8,18.69,-0.9100000000000001,-4.642857142857149,3211897.0
002973,20200327,19.49,18.76,18.79,19.6,0.10000000000000142,0.512820512820511,2566122.0
002973,20200326,19.39,19.01,19.14,19.5,-0.10000000000000142,-0.5102040816326592,2631341.0
002973,20200325,19.4,19.08,19.49,19.6,0.22000000000000242,1.1351909184726727,3710106.0
002973,20200324,19.35,17.2,19.0,19.38,-0.9100000000000001,-4.484967964514541,4620440.0
002973,20200323,19.7,18.61,18.83,20.29,-0.6099999999999994,-2.9186602870813427,4090518.0
002973,20200320,20.2,20.13,20.47,20.9,0.41999999999999815,2.05078125,4545510.0
002973,20200319,20.31,19.0,19.99,20.48,-0.8599999999999994,-4.02999062792877,5708024.0
002973,20200318,20.67,20.19,20.36,21.34,-0.33999999999999986,-1.568265682656822,5664538.0
002973,20200317,21.1,19.41,20.43,21.68,-2.120000000000001,-8.907563025210086,7112687.0
002973,20200316,23.55,20.85,21.18,23.8,-0.379999999999999,-1.571546732837048,7558455.0
002973,20200313,22.84,22.84,23.06,24.18,-2.620000000000001,-9.776119402985072,10429624.0
002973,20200312,25.5,25.05,25.38,26.8,0.8200000000000003,3.156274056966901,11164016.0
002973,20200311,24.4,24.4,25.22,25.98,0.9600000000000009,3.83693045563549,9873118.0
002973,20200310,23.06,22.5,24.67,25.02,0.0,0.0,9696429.0
002973,20200309,24.8,23.83,23.89,25.02,-1.2800000000000011,-4.866920152091259,8782287.0
002973,20200306,26.3,24.96,25.27,26.3,-2.1799999999999997,-7.65449438202247,10578752.0
002973,20200305,27.73,26.16,26.38,28.48,-0.7199999999999989,-2.465753424657535,18237208.0
002973,20200304,25.9,25.53,28.35,29.2,2.5799999999999983,9.691960931630339,20953215.0
002973,20200303,24.36,23.91,26.62,26.62,1.6400000000000006,6.565252201761407,20438441.0
002973,20200302,21.51,21.51,24.2,24.98,-2.469999999999999,-8.99817850637522,18125189.0
002973,20200228,23.8,23.5,23.58,27.45,2.4399999999999977,9.756097560975597,24777408.0
002973,20200227,22.88,22.33,25.01,25.01,1.6500000000000021,7.063356164383561,20293349.0
002973,20200226,21.64,21.0,22.74,23.36,0.509999999999998,2.2319474835886144,14857078.0
002973,20200225,21.68,20.83,21.91,22.85,0.19000000000000128,0.8384819064430671,10995292.0
002973,20200224,21.21,20.89,22.35,22.66,1.3300000000000018,6.235349273323965,11307316.0
002973,20200221,20.99,20.65,21.07,21.33,-0.9200000000000017,-4.13483146067416,7669774.0
002973,20200220,22.08,20.83,21.09,22.25,-0.4400000000000013,-1.9391802556192217,10670557.0
002973,20200219,22.23,21.48,22.07,22.69,-0.7999999999999972,-3.4057045551298293,13413265.0
002973,20200218,23.1,22.2,22.99,23.49,-0.6600000000000001,-2.7329192546583836,15182309.0
002973,20200217,22.99,22.14,22.93,24.15,-0.05000000000000071,-0.20661157024793875,15985065.0
002973,20200214,21.0,20.73,23.0,24.2,2.0299999999999976,9.156517816869636,21605922.0
002973,20200213,20.0,19.56,22.17,22.17,1.3000000000000007,6.229036895064688,18880451.0
002973,20200212,19.05,18.7,20.16,20.87,-0.5199999999999996,-2.4310425432444993,14141338.0
002973,20200211,20.81,20.02,20.02,21.39,-0.8499999999999979,-3.8219424460431584,19488018.0
002973,20200210,22.24,20.08,22.24,22.24,2.0199999999999996,9.990108803165176,24034949.0
002973,20200207,19.7,19.07,20.22,20.22,1.0599999999999987,5.532359081419624,17418584.0
002973,20200206,17.4,17.36,18.38,19.16,1.0800000000000018,5.973451327433632,15344868.0
002973,20200205,16.9,16.61,17.6,18.08,0.9499999999999993,5.545826036193802,14558962.0
002973,20200204,15.89,15.85,17.13,17.13,0.8699999999999974,5.350553505535038,13614110.0
002973,20200203,15.63,15.57,15.57,16.26,-1.759999999999998,-9.76692563817979,11192131.0
002973,20200123,17.34,17.07,17.3,18.02,-0.5500000000000007,-2.9617662897145958,10590727.0
002973,20200122,18.5,17.57,17.6,18.57,-5.030000000000001,-21.313559322033903,17454488.0
002973,20200121,23.6,19.35,19.52,23.6,2.150000000000002,10.023310023310028,25778262.0
002973,20200120,21.45,21.45,21.45,21.45,1.9499999999999993,9.999999999999986,633859.0
002973,20200117,19.5,19.5,19.5,19.5,1.7699999999999996,9.983079526226724,252486.0
002973,20200116,17.73,17.73,17.73,17.73,1.6099999999999994,9.987593052109167,137680.0
002973,20200115,16.12,16.12,16.12,16.12,1.4700000000000006,10.03412969283277,253604.0
002973,20200114,14.65,14.65,14.65,14.65,1.33,9.98498498498499,199085.0
002973,20200113,13.32,13.32,13.32,13.32,1.2100000000000009,9.991742361684564,170519.0
002973,20200110,12.11,12.11,12.11,12.11,1.0999999999999996,9.990917347865569,171600.0
002973,20200109,11.01,11.01,11.01,11.01,1.0,9.990009990009984,81302.0
002973,20200108,10.01,10.01,10.01,10.01,0.9100000000000001,10.000000000000009,55595.0
002973,20200107,9.1,9.1,9.1,9.1,0.8300000000000001,10.036275695284157,44423.0
