ts_code,trade_date,open,high,low,close,change,pct_change,vol
600089,20260320,28.17,28.0,28.01,28.63,-0.23000000000000043,-0.7969507969508016,166629157.0
600089,20260319,28.6,28.0,28.14,28.86,-0.3100000000000023,-1.0627356873500249,181897483.0
600089,20260318,28.7,28.29,29.11,29.17,-0.6099999999999994,-2.0483546004029574,178756616.0
600089,20260317,29.45,28.58,28.59,29.78,-0.6699999999999982,-2.2003284072249496,191533972.0
600089,20260316,30.32,28.96,29.3,30.45,-0.879999999999999,-2.8088094478135983,229413580.0
600089,20260313,30.85,30.2,30.32,31.33,0.06999999999999673,0.22392834293025743,204549638.0
600089,20260312,31.04,30.38,30.84,31.26,-0.639999999999997,-2.006269592476484,213173772.0
600089,20260311,31.87,30.9,31.04,31.9,-0.8400000000000034,-2.565668906536356,310469652.0
600089,20260310,32.69,31.65,31.86,32.74,-0.4099999999999966,-1.236802413272986,353286075.0
600089,20260309,31.81,31.8,32.76,33.15,-0.10999999999999943,-0.3307276007215809,421073209.0
600089,20260306,32.4,32.18,32.23,33.26,-0.020000000000003126,-0.06009615384616751,417543833.0
600089,20260305,31.4,31.4,32.78,33.28,1.6900000000000013,5.3497942386831365,552995662.0
600089,20260304,29.11,29.11,30.87,31.59,-0.03999999999999915,-0.12646221941194913,410071120.0
600089,20260303,31.4,29.65,29.68,31.63,-0.5199999999999996,-1.617418351477451,377892705.0
600089,20260302,29.96,29.9,31.49,32.15,1.5199999999999996,4.962455109369901,397733664.0
600089,20260227,30.25,29.89,30.34,30.63,-0.2699999999999996,-0.8737864077669855,260583530.0
600089,20260226,30.15,29.7,30.58,30.9,0.3999999999999986,1.3114754098360715,293943661.0
600089,20260225,29.9,29.6,30.22,30.5,0.28999999999999915,0.9599470374048291,302742776.0
600089,20260224,29.15,29.03,29.88,30.21,1.0500000000000007,3.6008230452674983,297229216.0
600089,20260213,28.63,28.21,28.75,29.16,-0.03999999999999915,-0.1369863013698569,199925629.0
600089,20260212,28.0,27.88,28.92,29.2,1.0999999999999979,3.9145907473309594,327303946.0
600089,20260211,27.69,27.63,27.75,28.1,0.0,0.0,130764964.0
600089,20260210,28.0,27.52,27.84,28.1,-0.08999999999999986,-0.3192621496984738,136476234.0
600089,20260209,27.87,27.47,28.07,28.19,-0.00999999999999801,-0.035460992907798694,206657147.0
600089,20260206,27.2,27.11,27.55,28.2,-0.5500000000000007,-1.9130434782608674,190072298.0
600089,20260205,28.75,27.5,27.63,28.75,-0.8399999999999999,-2.8387968908414996,277760303.0
600089,20260204,29.2,28.66,29.1,29.59,0.28999999999999915,0.9897610921501654,283355668.0
600089,20260203,28.5,27.87,29.3,29.3,-0.14999999999999858,-0.5093378607809784,452050548.0
600089,20260202,28.43,27.99,28.35,29.45,1.7199999999999989,6.202668589974758,542786829.0
600089,20260130,27.58,26.35,27.2,27.73,-0.9100000000000001,-3.1773743016759726,268387412.0
600089,20260129,28.12,27.44,27.7,28.64,0.03999999999999915,0.13986013986013734,316459287.0
600089,20260128,28.31,27.94,28.06,28.6,0.05000000000000071,0.17513134851139256,313869853.0
600089,20260127,28.55,27.32,28.3,28.55,-1.7300000000000004,-5.713342140026423,440756734.0
600089,20260126,28.6,28.6,29.07,30.28,0.4200000000000017,1.406563965170804,592537186.0
600089,20260123,28.91,28.38,28.55,29.86,-0.6400000000000006,-2.0983606557377077,576804824.0
600089,20260122,29.6,28.58,28.9,30.5,-0.2699999999999996,-0.8774780630484202,437674224.0
600089,20260121,29.91,29.41,29.6,30.77,-2.2200000000000024,-6.7293119127008305,533292388.0
600089,20260120,30.9,29.11,30.78,32.99,2.490000000000002,8.163934426229513,851523807.0
600089,20260119,27.18,27.17,30.5,30.5,-0.1999999999999993,-0.6514657980456029,743041722.0
600089,20260116,30.7,27.68,27.73,30.7,1.6999999999999993,5.862068965517242,786662532.0
600089,20260115,26.2,26.2,28.49,29.0,-0.9299999999999997,-3.107250250584692,607258940.0
600089,20260114,28.3,26.8,26.83,29.93,2.5599999999999987,9.3533065400073,943787811.0
600089,20260113,24.86,24.18,27.37,27.37,1.3800000000000026,5.3097345132743445,460202961.0
600089,20260112,25.98,24.75,24.88,25.99,0.389999999999997,1.5234374999999911,331751059.0
600089,20260109,24.03,23.88,24.94,25.6,0.990000000000002,4.022754977651366,311455910.0
600089,20260108,24.28,23.78,24.05,24.61,0.05999999999999872,0.24439918533605276,223335273.0
600089,20260107,23.71,23.44,24.19,24.55,0.9000000000000021,3.8054968287526414,258689163.0
600089,20260106,22.95,22.95,23.53,23.65,0.34999999999999787,1.5021459227467782,212764282.0
600089,20260105,22.53,22.51,22.88,23.3,0.6500000000000021,2.8697571743929506,179120289.0
600089,20251231,22.58,22.18,22.22,22.65,-0.13000000000000256,-0.5706760316066872,123990620.0
600089,20251230,22.5,22.4,22.6,22.78,-0.5299999999999976,-2.2737022737022605,110948062.0
600089,20251229,23.3,22.65,22.71,23.31,-0.4800000000000004,-2.0176544766708715,171726544.0
600089,20251226,23.01,22.99,23.46,23.79,0.28999999999999915,1.2340425531914834,204451692.0
600089,20251225,23.09,22.88,23.13,23.5,0.10000000000000142,0.42735042735042583,142889530.0
600089,20251224,22.95,22.5,23.12,23.4,0.3999999999999986,1.7391304347825987,180522198.0
600089,20251223,22.47,22.15,22.99,23.0,0.3999999999999986,1.7699115044247815,183907372.0
600089,20251222,21.98,21.92,22.46,22.6,0.5200000000000031,2.3550724637681375,152608461.0
600089,20251219,21.8,21.7,21.88,22.08,0.05999999999999872,0.27247956403269047,92148905.0
600089,20251218,21.94,21.62,21.62,22.02,-0.4299999999999997,-1.9153674832962153,125282635.0
600089,20251217,21.78,21.6,22.27,22.45,-0.5500000000000007,-2.3913043478260954,161674886.0
600089,20251216,22.99,21.9,22.02,23.0,-1.2899999999999991,-5.310827501029225,232157627.0
600089,20251215,23.9,23.11,23.27,24.29,0.17999999999999972,0.7465781833264185,301475195.0
600089,20251212,22.36,22.35,23.81,24.11,0.9499999999999993,4.1018998272884355,408270646.0
600089,20251211,22.0,22.0,22.34,23.16,0.6600000000000001,2.9333333333333433,284968165.0
600089,20251210,22.45,21.56,21.98,22.5,-0.28999999999999915,-1.2724879333040784,153976914.0
600089,20251209,22.0,21.71,22.4,22.79,0.41999999999999815,1.877514528386226,199806014.0
600089,20251208,22.02,21.88,22.16,22.37,0.2699999999999996,1.2217194570135703,154222231.0
600089,20251205,21.43,21.35,21.99,22.1,0.5,2.314814814814814,153931814.0
600089,20251204,21.43,21.23,21.5,21.6,-0.4499999999999993,-2.0408163265306034,91707184.0
600089,20251203,21.75,21.41,21.52,22.05,-0.05999999999999872,-0.27137042062415073,113025582.0
600089,20251202,22.1,21.61,21.76,22.11,-0.5899999999999999,-2.599118942731282,114027426.0
600089,20251201,21.88,21.87,22.23,22.7,0.8299999999999983,3.795153177869226,195693599.0
600089,20251128,21.3,21.2,21.8,21.87,-0.5299999999999976,-2.3660714285714146,159014034.0
600089,20251127,21.87,21.34,21.38,22.4,0.129999999999999,0.5837449483610202,203780320.0
600089,20251126,22.1,21.63,21.88,22.27,-0.19000000000000128,-0.8459483526269018,172703263.0
600089,20251125,21.73,21.56,22.07,22.46,0.6099999999999994,2.7917620137299703,224035677.0
600089,20251124,21.66,21.28,21.52,21.85,-0.7999999999999972,-3.53200883002206,184963078.0
600089,20251121,22.4,21.41,21.42,22.65,-1.2600000000000016,-5.269761606022594,320499456.0
600089,20251120,23.28,22.92,23.21,23.91,0.5300000000000011,2.2668947818648366,293579517.0
600089,20251119,22.82,22.55,23.03,23.38,-0.060000000000002274,-0.25597269624574315,247219124.0
600089,20251118,23.1,22.69,22.79,23.44,-0.4399999999999977,-1.8425460636515845,198558870.0
600089,20251117,23.55,23.01,23.2,23.88,-0.6000000000000014,-2.450980392156865,255609796.0
600089,20251114,24.27,23.66,23.66,24.48,-1.0,-3.9246467817896424,356669900.0
600089,20251113,24.4,24.13,24.94,25.48,0.03999999999999915,0.15723270440251014,386530873.0
600089,20251112,25.11,23.91,24.41,25.44,-1.2399999999999984,-4.647676161919034,423368273.0
600089,20251111,26.35,25.14,25.27,26.68,-0.7699999999999996,-2.805100182149356,486300091.0
600089,20251110,26.77,25.51,26.35,27.45,0.7100000000000009,2.6551982049364264,610586042.0
600089,20251107,25.5,25.02,26.5,26.74,0.21999999999999886,0.8295625942684737,706454370.0
600089,20251106,25.68,24.86,25.44,26.52,2.41,9.99585234342597,839951742.0
600089,20251105,21.41,21.41,24.11,24.11,1.4299999999999997,6.305114638447962,447739686.0
600089,20251104,22.2,21.68,21.92,22.68,1.1400000000000006,5.292479108635106,488997925.0
600089,20251103,19.66,19.63,21.54,21.54,1.0199999999999996,4.970760233918137,416423295.0
600089,20251031,20.1,19.56,19.58,20.52,-0.7699999999999996,-3.6167214654767466,335721619.0
600089,20251030,20.67,20.67,20.75,21.29,0.17999999999999972,0.85267645665561,284676226.0
600089,20251029,19.12,19.11,20.9,21.11,1.5500000000000007,7.924335378323111,446187081.0
600089,20251028,19.48,19.12,19.19,19.56,-0.33999999999999986,-1.70854271356784,134340146.0
600089,20251027,19.05,19.0,19.5,19.9,0.7799999999999976,4.0794979079497695,204927705.0
600089,20251024,19.0,18.75,19.0,19.12,0.22000000000000242,1.1640211640211673,134575717.0
600089,20251023,18.7,18.3,18.82,18.9,-0.6700000000000017,-3.4236075625958207,156381833.0
600089,20251022,19.57,18.91,18.99,19.57,-0.8000000000000007,-3.927344133529709,232282912.0
600089,20251021,19.31,19.2,19.87,20.37,0.120000000000001,0.592592592592589,302555633.0
600089,20251020,19.19,19.04,19.27,20.25,-0.14999999999999858,-0.7352941176470562,243529858.0
600089,20251017,20.3,18.87,18.89,20.4,-0.10000000000000142,-0.487804878048792,275552828.0
600089,20251016,19.85,19.68,20.07,20.5,0.3000000000000007,1.4851485148514865,292716756.0
600089,20251015,19.9,18.89,19.87,20.2,-0.7899999999999991,-3.7636969985707425,309760604.0
600089,20251014,20.21,19.6,20.08,20.99,1.009999999999998,5.0550550550550355,360865339.0
600089,20251013,18.89,18.64,19.71,19.98,-0.41000000000000014,-2.0107896027464434,327200016.0
600089,20251010,19.86,19.38,19.63,20.39,0.8100000000000023,4.136874361593468,434626661.0
600089,20251009,18.69,18.5,19.58,19.58,1.4599999999999973,8.057395143487845,229714494.0
600089,20250930,16.97,16.78,17.8,18.12,0.9700000000000024,5.655976676384844,273327987.0
600089,20250929,16.37,16.2,16.95,17.15,0.4499999999999993,2.6946107784431073,241624093.0
600089,20250926,16.25,16.1,16.19,16.7,0.23999999999999844,1.4580801944106936,162839707.0
600089,20250925,16.24,16.07,16.22,16.46,0.21000000000000085,1.2923076923077037,145465454.0
600089,20250924,16.2,15.83,16.2,16.25,-0.4299999999999997,-2.577937649880091,180139097.0
600089,20250923,16.21,15.96,16.32,16.68,0.25,1.5216068167985375,229145886.0
600089,20250922,16.38,15.95,16.1,16.43,-0.19000000000000128,-1.1432009626955564,173034478.0
600089,20250919,15.77,15.72,16.38,16.62,0.4200000000000017,2.592592592592613,299245781.0
600089,20250918,16.04,15.59,15.77,16.2,0.05000000000000071,0.3095975232198178,328063852.0
600089,20250917,14.71,14.66,16.15,16.15,1.1499999999999986,7.666666666666666,367689686.0
600089,20250916,14.97,14.46,14.68,15.0,-0.07000000000000028,-0.4644990046449915,101563245.0
600089,20250915,14.83,14.77,14.86,15.07,0.120000000000001,0.8026755852842848,119325858.0
600089,20250912,14.9,14.72,14.83,14.95,-0.040000000000000924,-0.26684456304203463,96323123.0
600089,20250911,14.47,14.45,14.9,14.99,0.20000000000000107,1.3522650439486306,116365616.0
600089,20250910,14.76,14.4,14.51,14.79,-0.33000000000000007,-2.182539682539686,95568066.0
600089,20250909,15.01,14.7,14.75,15.12,-0.25,-1.6265452179570539,103293629.0
600089,20250908,15.37,14.95,15.09,15.37,0.27999999999999936,1.8555334658714395,168195088.0
600089,20250905,14.14,14.13,15.07,15.09,0.4299999999999997,2.9331514324693053,265265039.0
600089,20250904,14.4,14.01,14.17,14.66,0.16000000000000014,1.1034482758620623,127916704.0
600089,20250903,14.34,14.11,14.43,14.5,-0.4399999999999995,-2.9451137884872747,91303672.0
600089,20250902,14.73,14.26,14.34,14.94,0.129999999999999,0.8777852802160702,129273064.0
600089,20250901,14.53,14.52,14.72,14.81,0.5099999999999998,3.566433566433558,173903401.0
600089,20250829,14.19,14.11,14.16,14.3,0.040000000000000924,0.28050490883591017,74679622.0
600089,20250828,14.09,13.91,14.21,14.26,-0.3200000000000003,-2.1947873799725626,106154471.0
600089,20250827,14.58,14.09,14.09,14.58,-0.08000000000000007,-0.545702592087316,142334140.0
600089,20250826,14.41,14.3,14.54,14.66,0.17999999999999972,1.2430939226519389,134714267.0
600089,20250825,14.29,14.18,14.43,14.48,0.21000000000000085,1.4716187806587344,157063340.0
600089,20250822,14.08,14.03,14.22,14.27,-0.08999999999999986,-0.6267409470752106,129254829.0
600089,20250821,13.83,13.82,14.22,14.36,0.8499999999999996,6.291635825314579,266564154.0
600089,20250820,13.37,13.31,13.47,13.51,-0.46000000000000085,-3.2927702219040844,75684661.0
600089,20250819,13.72,13.4,13.4,13.97,0.25,1.8221574344023272,130513106.0
600089,20250818,13.59,13.55,13.6,13.72,0.120000000000001,0.8823529411764675,82566985.0
600089,20250815,13.34,13.3,13.52,13.6,-0.019999999999999574,-0.1468428781204123,64816423.0
600089,20250814,13.62,13.28,13.36,13.62,-0.10000000000000142,-0.7288629737609464,81495708.0
600089,20250813,13.66,13.6,13.63,13.72,-0.17999999999999972,-1.2949640287769792,66514549.0
600089,20250812,13.9,13.64,13.66,13.9,-0.09999999999999964,-0.7142857142857117,87244299.0
600089,20250811,13.82,13.61,13.89,14.0,0.41000000000000014,3.0169242089771897,142763566.0
600089,20250808,13.4,13.32,13.56,13.59,0.129999999999999,0.9658246656760738,78911665.0
600089,20250807,13.4,13.22,13.42,13.46,0.030000000000001137,0.22338049143708627,69506102.0
600089,20250806,13.36,13.36,13.4,13.43,0.009999999999999787,0.07451564828613311,49597656.0
600089,20250805,13.34,13.29,13.35,13.42,0.07000000000000028,0.5243445692883819,50103516.0
600089,20250804,13.27,13.23,13.33,13.35,-0.2400000000000002,-1.7660044150110354,53319720.0
600089,20250801,13.46,13.39,13.4,13.59,-0.1999999999999993,-1.4503263234227681,52668964.0
600089,20250731,13.78,13.43,13.51,13.79,-0.3000000000000007,-2.129169623846705,97059297.0
600089,20250730,14.02,13.79,13.84,14.09,0.05000000000000071,0.35612535612536966,90084179.0
600089,20250729,13.84,13.6,14.02,14.04,0.019999999999999574,0.14265335235377208,127659173.0
600089,20250728,13.88,13.76,13.84,14.02,-0.5999999999999996,-4.103967168262656,119327738.0
600089,20250725,14.27,13.96,14.03,14.62,0.08000000000000007,0.5502063273727709,172935926.0
600089,20250724,14.01,13.87,14.39,14.54,-0.9800000000000004,-6.314432989690721,249149619.0
600089,20250723,15.0,14.16,14.25,15.52,1.08,7.479224376731297,454412613.0
600089,20250722,13.26,12.94,14.44,14.44,1.2599999999999998,9.559939301972676,363731705.0
600089,20250721,13.01,12.75,13.13,13.18,0.6600000000000001,5.271565495207664,230478308.0
600089,20250718,12.35,12.27,12.3,12.52,0.21999999999999886,1.788617886178856,35789249.0
600089,20250717,12.18,12.17,12.26,12.3,0.030000000000001137,0.24449877750611915,33724738.0
600089,20250716,12.24,12.1,12.15,12.27,-0.08999999999999986,-0.7281553398058249,32646498.0
600089,20250715,12.31,12.16,12.18,12.36,-0.08999999999999986,-0.7228915662650603,38718164.0
600089,20250714,12.29,12.25,12.27,12.45,0.1399999999999988,1.1372867587327251,45022932.0
600089,20250711,12.25,12.2,12.2,12.31,-0.019999999999999574,-0.16220600162205612,44846377.0
600089,20250710,12.26,12.18,12.2,12.33,-0.28999999999999915,-2.2979397781299427,56600320.0
600089,20250709,12.55,12.44,12.46,12.62,-0.0600000000000005,-0.4731861198738252,50953420.0
600089,20250708,12.26,12.24,12.6,12.68,0.27999999999999936,2.2580645161290214,97113903.0
600089,20250707,12.25,12.22,12.24,12.4,0.16000000000000014,1.3071895424836555,41028424.0
600089,20250704,12.2,12.13,12.17,12.24,-0.03999999999999915,-0.32573289902279035,33050109.0
600089,20250703,12.22,12.11,12.13,12.28,-0.05000000000000071,-0.40551500405515695,51140403.0
600089,20250702,11.94,11.93,12.29,12.33,0.3800000000000008,3.179916317991638,94891546.0
600089,20250701,11.91,11.88,11.92,11.95,0.0,0.0,23061838.0
600089,20250630,11.91,11.85,11.93,11.95,0.009999999999999787,0.08375209380233617,29976474.0
600089,20250627,11.73,11.71,11.88,11.94,0.16000000000000014,1.3582342954159499,45461029.0
600089,20250626,11.76,11.68,11.72,11.78,0.019999999999999574,0.1700680272108901,19750701.0
600089,20250625,11.7,11.65,11.76,11.76,0.07000000000000028,0.5988023952095745,26851119.0
600089,20250624,11.53,11.52,11.67,11.69,0.129999999999999,1.1245674740484324,23502366.0
600089,20250623,11.43,11.41,11.52,11.56,-0.019999999999999574,-0.17271157167529916,15425282.0
600089,20250620,11.51,11.45,11.46,11.58,-0.09999999999999964,-0.8561643835616417,18050871.0
600089,20250619,11.68,11.5,11.51,11.68,-0.05000000000000071,-0.4262574595055524,24652404.0
600089,20250618,11.71,11.65,11.67,11.73,0.019999999999999574,0.1707941929974366,13957060.0
600089,20250617,11.67,11.62,11.7,11.71,0.040000000000000924,0.3427592116538314,17621033.0
600089,20250616,11.63,11.61,11.65,11.67,-0.08000000000000007,-0.6808510638297904,15436853.0
600089,20250613,11.68,11.62,11.64,11.75,0.02999999999999936,0.25597269624573205,21644857.0
600089,20250612,11.68,11.63,11.71,11.72,0.0,0.0,16244933.0
600089,20250611,11.64,11.61,11.69,11.72,-0.02999999999999936,-0.2553191489361617,18159633.0
600089,20250610,11.73,11.57,11.62,11.75,0.019999999999999574,0.17050298380221207,23551756.0
600089,20250609,11.7,11.69,11.71,11.73,-0.019999999999999574,-0.17021276595744483,18901542.0
600089,20250606,11.75,11.66,11.7,11.75,-0.07000000000000028,-0.5922165820642977,15471856.0
600089,20250605,11.75,11.68,11.71,11.82,0.08999999999999986,0.7672634271099765,19012775.0
600089,20250604,11.68,11.67,11.7,11.73,0.040000000000000924,0.34217279726262984,15083558.0
600089,20250603,11.58,11.51,11.68,11.69,0.0,0.0,22030288.0
600089,20250530,11.68,11.6,11.61,11.69,-0.030000000000001137,-0.25597269624574315,15461636.0
600089,20250529,11.61,11.6,11.69,11.72,0.040000000000000924,0.34246575342467,16089151.0
600089,20250528,11.65,11.59,11.61,11.68,-0.019999999999999574,-0.17094017094017033,14247830.0
600089,20250527,11.7,11.58,11.66,11.7,-0.08000000000000007,-0.6791171477079749,15019979.0
600089,20250526,11.73,11.65,11.7,11.78,-0.10000000000000142,-0.8417508417508546,15566202.0
600089,20250523,11.84,11.71,11.71,11.88,-0.019999999999999574,-0.1680672268907557,17362741.0
600089,20250522,11.89,11.81,11.83,11.9,-0.07000000000000028,-0.5847953216374324,14283085.0
600089,20250521,11.89,11.89,11.9,11.97,0.009999999999999787,0.08361204013378476,18379960.0
600089,20250520,11.94,11.88,11.9,11.96,-0.049999999999998934,-0.41631973355535923,15799580.0
600089,20250519,11.85,11.82,11.93,12.01,0.08000000000000007,0.6705783738474524,20376041.0
600089,20250516,11.87,11.83,11.91,11.93,-0.030000000000001137,-0.2508361204013432,18529655.0
600089,20250515,11.95,11.85,11.87,11.96,-0.03999999999999915,-0.33333333333332993,22034958.0
600089,20250514,11.9,11.84,11.98,12.0,-0.09999999999999964,-0.8264462809917328,31530454.0
600089,20250513,11.82,11.77,11.96,12.1,0.33999999999999986,2.8911564625850428,70537440.0
600089,20250512,11.65,11.65,11.74,11.76,0.009999999999999787,0.08510638297871687,25148752.0
600089,20250509,11.75,11.61,11.62,11.75,-0.009999999999999787,-0.08503401360544505,17317774.0
600089,20250508,11.69,11.65,11.71,11.76,-0.019999999999999574,-0.1697792869269965,21784124.0
600089,20250507,11.77,11.64,11.7,11.78,0.09999999999999964,0.8561643835616417,32081533.0
600089,20250506,11.56,11.56,11.66,11.68,0.10999999999999943,0.9507346585998278,29171943.0
600089,20250430,11.52,11.51,11.53,11.57,0.009999999999999787,0.08650519031141446,12638375.0
600089,20250429,11.55,11.5,11.51,11.56,-0.07000000000000028,-0.6018916595012969,13883523.0
600089,20250428,11.58,11.54,11.54,11.63,0.030000000000001137,0.2586206896551868,18262985.0
600089,20250425,11.58,11.54,11.58,11.6,-0.0600000000000005,-0.5145797598627877,15494048.0
600089,20250424,11.62,11.55,11.57,11.66,-0.07000000000000028,-0.5967604433077645,17174670.0
600089,20250423,11.69,11.59,11.61,11.73,-0.019999999999999574,-0.17021276595744483,24381542.0
600089,20250422,11.63,11.59,11.69,11.75,0.15000000000000036,1.2931034482758674,30561669.0
600089,20250421,11.58,11.5,11.58,11.6,-0.030000000000001137,-0.257953568357705,14158731.0
600089,20250418,11.62,11.5,11.58,11.63,-0.049999999999998934,-0.42808219178080975,16588609.0
600089,20250417,11.68,11.56,11.67,11.68,-0.05000000000000071,-0.4262574595055524,29099683.0
600089,20250416,11.43,11.34,11.73,11.73,0.21000000000000085,1.822916666666674,35831043.0
600089,20250415,11.52,11.38,11.45,11.52,-0.09999999999999964,-0.8605851979345935,22619790.0
600089,20250414,11.61,11.48,11.51,11.62,-0.05000000000000071,-0.42844901456727813,33911199.0
600089,20250411,11.67,11.51,11.56,11.67,-0.27999999999999936,-2.343096234309616,34504692.0
600089,20250410,11.94,11.52,11.69,11.95,0.3099999999999987,2.6632302405498187,53661281.0
600089,20250409,11.41,11.23,11.64,11.64,0.08999999999999986,0.7792207792207684,51162218.0
600089,20250408,11.12,11.11,11.55,11.55,-0.09999999999999964,-0.8583690987124415,61344497.0
600089,20250407,11.4,10.85,11.13,11.65,-0.4299999999999997,-3.5596026490066213,98909276.0
600089,20250403,11.98,11.96,12.06,12.08,-0.07000000000000028,-0.576131687242798,25528150.0
600089,20250402,12.03,11.94,12.06,12.15,0.0,0.0,26841723.0
600089,20250401,12.08,12.02,12.03,12.15,-0.16000000000000014,-1.299756295694554,43431705.0
600089,20250331,12.28,11.96,12.02,12.31,-0.16999999999999993,-1.3621794871794823,58369277.0
600089,20250328,12.44,12.27,12.28,12.48,-0.11999999999999922,-0.952380952380949,38059637.0
600089,20250327,12.6,12.4,12.45,12.6,-0.05000000000000071,-0.39525691699605625,35509098.0
600089,20250326,12.55,12.48,12.63,12.65,-0.009999999999999787,-0.07898894154818592,39874129.0
600089,20250325,12.51,12.47,12.54,12.66,0.05000000000000071,0.3965107057890549,40552970.0
600089,20250324,12.49,12.38,12.5,12.61,-0.11000000000000121,-0.8647798742138502,36124182.0
600089,20250321,12.55,12.47,12.49,12.72,-0.09999999999999964,-0.7800312012480437,45008451.0
600089,20250320,12.8,12.56,12.58,12.82,-0.009999999999999787,-0.0779423226812126,49015471.0
600089,20250319,12.78,12.66,12.78,12.83,-0.02999999999999936,-0.233281493001547,50157350.0
600089,20250318,12.66,12.57,12.78,12.86,0.129999999999999,1.021209740769824,71784395.0
600089,20250317,12.61,12.55,12.63,12.73,0.040000000000000924,0.3152088258471242,50349866.0
600089,20250314,12.54,12.54,12.62,12.69,-0.11000000000000121,-0.8593750000000067,65293507.0
600089,20250313,12.36,12.33,12.6,12.8,0.370000000000001,2.976669348350769,116037763.0
600089,20250312,12.3,12.2,12.38,12.43,0.16999999999999993,1.3866231647634564,58640944.0
600089,20250311,12.14,12.1,12.26,12.26,-0.040000000000000924,-0.3252032520325243,28106422.0
600089,20250310,12.23,12.14,12.21,12.3,-0.03999999999999915,-0.32414910858994395,29595689.0
600089,20250307,12.28,12.21,12.23,12.34,-0.15000000000000036,-1.2009607686148893,32843191.0
600089,20250306,12.18,12.15,12.35,12.49,0.3000000000000007,2.4610336341263306,74771391.0
600089,20250305,12.1,12.01,12.17,12.19,0.049999999999998934,0.4118616144975107,37735795.0
600089,20250304,12.14,12.06,12.1,12.14,-0.10999999999999943,-0.897959183673469,25751459.0
600089,20250303,12.07,12.07,12.15,12.25,-0.03999999999999915,-0.32546786004881145,36050960.0
600089,20250228,12.19,12.07,12.07,12.29,-0.040000000000000924,-0.32441200324412334,43956156.0
600089,20250227,12.29,12.11,12.18,12.33,0.02999999999999936,0.24390243902439046,38068416.0
600089,20250226,12.01,12.01,12.29,12.3,0.21000000000000085,1.7369727047146455,62617215.0
600089,20250225,12.06,12.0,12.01,12.09,-0.13000000000000078,-1.0638297872340496,36724441.0
600089,20250224,12.17,12.08,12.11,12.22,-0.019999999999999574,-0.16339869281045694,42420623.0
600089,20250221,12.19,12.16,12.21,12.24,-0.09999999999999964,-0.8103727714748765,46836166.0
600089,20250220,12.33,12.16,12.2,12.34,-0.019999999999999574,-0.16181229773462036,38328141.0
600089,20250219,12.27,12.21,12.32,12.36,-0.19000000000000128,-1.5139442231075773,41676286.0
600089,20250218,12.39,12.29,12.33,12.55,0.15000000000000036,1.2096774193548487,72784877.0
600089,20250217,12.24,12.16,12.37,12.4,0.120000000000001,0.9771986970684043,50576043.0
600089,20250214,12.22,12.18,12.25,12.28,-0.0600000000000005,-0.4862236628849326,29669148.0
600089,20250213,12.32,12.18,12.19,12.34,0.0600000000000005,0.48859934853420217,32434408.0
600089,20250212,12.19,12.18,12.28,12.28,-0.08000000000000007,-0.6472491909385147,30406510.0
600089,20250211,12.32,12.18,12.21,12.36,-0.040000000000000924,-0.3225806451612967,36279726.0
600089,20250210,12.4,12.2,12.34,12.4,-0.129999999999999,-1.037509976057449,43207757.0
600089,20250207,12.05,12.03,12.41,12.53,0.46999999999999886,3.8971807628523925,81832426.0
600089,20250206,11.96,11.92,12.05,12.06,0.0600000000000005,0.5000000000000115,32522978.0
600089,20250205,11.98,11.83,11.99,12.0,-0.14000000000000057,-1.1532125205930832,24618761.0
600089,20250127,12.05,11.95,11.96,12.14,0.08999999999999986,0.7468879668049766,27470774.0
600089,20250124,11.93,11.91,12.04,12.05,-0.08000000000000007,-0.6595218466611708,28124151.0
600089,20250123,12.01,11.93,11.93,12.13,0.11000000000000121,0.9151414309484185,30646463.0
600089,20250122,11.96,11.9,11.93,12.02,-0.120000000000001,-0.9884678747940745,23662333.0
600089,20250121,12.1,11.97,11.98,12.14,-0.10999999999999943,-0.897959183673469,27786723.0
600089,20250120,12.1,12.02,12.09,12.25,-0.07000000000000028,-0.5681818181818232,37755516.0
600089,20250117,12.23,12.22,12.25,12.32,-0.09999999999999964,-0.805152979066015,18881472.0
600089,20250116,12.28,12.23,12.29,12.42,0.03999999999999915,0.3231017770597644,25830428.0
600089,20250115,12.3,12.18,12.28,12.38,0.040000000000000924,0.32414910858995505,26694329.0
600089,20250114,11.96,11.93,12.29,12.34,0.33999999999999986,2.833333333333332,38167978.0
600089,20250113,11.88,11.83,11.95,12.0,-0.14000000000000057,-1.1532125205930832,18994489.0
600089,20250110,12.1,11.97,11.97,12.14,-0.02999999999999936,-0.24650780608052036,23534953.0
600089,20250109,12.1,12.05,12.09,12.17,-0.11999999999999922,-0.9764035801464566,21172994.0
600089,20250108,12.28,11.98,12.14,12.29,0.009999999999999787,0.08143322475568926,32148784.0
600089,20250107,12.24,12.13,12.26,12.28,-0.0600000000000005,-0.4862236628849326,23091595.0
600089,20250106,12.19,12.17,12.24,12.34,-0.16000000000000014,-1.2800000000000034,27980008.0
600089,20250103,12.37,12.18,12.23,12.5,-0.3200000000000003,-2.49609984399376,34632705.0
600089,20250102,12.72,12.31,12.36,12.82,-0.16999999999999993,-1.3086989992301734,54026646.0
600089,20241231,12.97,12.72,12.74,12.99,-0.08999999999999986,-0.6880733944954143,48662167.0
600089,20241230,12.81,12.78,12.99,13.08,0.2400000000000002,1.869158878504673,69013107.0
600089,20241227,12.83,12.73,12.8,12.84,0.0,0.0,40232672.0
600089,20241226,12.72,12.63,12.84,12.84,0.08999999999999986,0.7058823529411784,45604091.0
600089,20241225,12.7,12.58,12.7,12.75,0.11999999999999922,0.9501187648456089,35913283.0
600089,20241224,12.5,12.49,12.62,12.63,-0.15999999999999837,-1.2509773260359514,38015667.0
600089,20241223,12.61,12.5,12.51,12.79,0.05999999999999872,0.47132757266299397,49283029.0
600089,20241220,12.68,12.58,12.61,12.73,0.019999999999999574,0.15735641227379027,32798325.0
600089,20241219,12.58,12.48,12.69,12.71,-0.049999999999998934,-0.39184952978055243,34483898.0
600089,20241218,12.69,12.64,12.66,12.76,-0.05000000000000071,-0.3903200624512104,32098561.0
600089,20241217,12.59,12.57,12.67,12.81,-0.08000000000000007,-0.6206361520558534,56587631.0
600089,20241216,12.82,12.53,12.59,12.89,-0.08000000000000007,-0.6168080185042446,76652782.0
600089,20241213,12.97,12.75,12.82,12.97,-0.08000000000000007,-0.6130268199233679,105745635.0
600089,20241212,13.05,12.88,13.03,13.05,-0.02999999999999936,-0.2293577981651307,65171385.0
600089,20241211,13.02,13.0,13.05,13.08,-0.16999999999999993,-1.2830188679245236,50645639.0
600089,20241210,13.19,13.01,13.08,13.25,0.13000000000000078,0.9908536585365946,80269439.0
600089,20241209,13.04,12.91,12.93,13.12,0.02999999999999936,0.22918258212374365,47136052.0
600089,20241206,12.94,12.87,13.07,13.09,0.019999999999999574,0.15302218821728886,47883623.0
600089,20241205,13.07,12.86,12.94,13.07,-0.1899999999999995,-1.4328808446455454,51307507.0
600089,20241204,13.23,13.04,13.07,13.26,-0.07000000000000028,-0.5251312828207122,52358358.0
600089,20241203,13.33,13.15,13.22,13.33,-0.0600000000000005,-0.44809559372666063,58238634.0
600089,20241202,13.39,13.11,13.34,13.39,-0.28999999999999915,-2.119883040935666,87318105.0
600089,20241129,13.49,13.43,13.6,13.68,0.07000000000000028,0.5143277002204183,33876145.0
600089,20241128,13.61,13.43,13.49,13.61,0.0,0.0,24934868.0
600089,20241127,13.45,13.34,13.6,13.61,-0.23000000000000043,-1.6618497109826658,26982344.0
600089,20241126,13.48,13.43,13.53,13.84,0.20999999999999908,1.5407190022010298,34593277.0
600089,20241125,13.53,13.32,13.42,13.63,-0.33999999999999986,-2.4337866857551904,29985106.0
600089,20241122,13.92,13.53,13.53,13.97,-0.16000000000000014,-1.132342533616415,41690330.0
600089,20241121,14.0,13.87,13.97,14.13,0.14000000000000057,1.0007147962830532,35377724.0
600089,20241120,13.85,13.82,13.92,13.99,-0.03999999999999915,-0.28510334996435516,35326068.0
600089,20241119,13.83,13.67,13.92,14.03,-0.15000000000000036,-1.057827926657262,36015639.0
600089,20241118,13.91,13.75,13.84,14.18,-0.16000000000000014,-1.115760111576014,50982487.0
600089,20241115,14.18,13.92,13.93,14.34,-0.41999999999999993,-2.8455284552845517,56421517.0
600089,20241114,14.46,14.26,14.3,14.76,0.16999999999999993,1.165181631254275,80877460.0
600089,20241113,14.41,14.26,14.41,14.59,-0.23000000000000043,-1.5519568151147078,54895007.0
600089,20241112,14.57,14.41,14.5,14.82,0.2699999999999996,1.855670103092777,91875788.0
600089,20241111,14.41,14.27,14.54,14.55,-0.22999999999999865,-1.556156968876854,73496073.0
600089,20241108,14.42,14.17,14.45,14.78,0.41999999999999993,2.924791086350975,112102330.0
600089,20241107,14.05,13.95,14.36,14.36,-0.030000000000001137,-0.20847810979848225,79511408.0
600089,20241106,14.27,14.11,14.18,14.39,0.13000000000000078,0.911640953716697,74849388.0
600089,20241105,14.06,13.97,14.22,14.26,0.11999999999999922,0.8486562942008335,80873396.0
600089,20241104,14.09,14.0,14.09,14.14,-0.009999999999999787,-0.07067137809186885,52153687.0
600089,20241101,14.01,13.85,14.02,14.15,-0.33000000000000007,-2.279005524861877,64736094.0
600089,20241031,14.4,14.0,14.12,14.48,0.030000000000001137,0.20761245674740803,100950001.0
600089,20241030,14.03,14.03,14.14,14.45,-0.6900000000000013,-4.557463672391027,89833964.0
600089,20241029,14.56,14.41,14.42,15.14,0.7800000000000011,5.431754874651817,186236382.0
600089,20241028,14.36,14.02,14.27,14.36,-0.2599999999999998,-1.7783857729138153,115200092.0
600089,20241025,13.66,13.66,14.54,14.62,0.6599999999999984,4.727793696275051,172511837.0
600089,20241024,13.96,13.62,13.7,13.96,-0.47999999999999865,-3.32409972299168,66370793.0
600089,20241023,13.28,13.26,14.07,14.44,1.1099999999999994,8.327081770442613,157985276.0
600089,20241022,13.18,13.06,13.28,13.33,-0.02999999999999936,-0.22455089820359042,64017161.0
600089,20241021,13.06,12.97,13.18,13.36,0.14999999999999858,1.1355034065102076,73258862.0
600089,20241018,12.64,12.58,13.01,13.21,0.16000000000000014,1.2260536398467359,69058954.0
600089,20241017,12.98,12.6,12.63,13.05,-0.08000000000000007,-0.6092916984006047,58684610.0
600089,20241016,13.01,12.91,12.92,13.13,-0.3899999999999988,-2.8846153846153744,47800804.0
600089,20241015,13.48,13.12,13.12,13.52,-0.16999999999999993,-1.241782322863405,59414655.0
600089,20241014,13.45,13.42,13.55,13.69,-0.39000000000000057,-2.7698863636363646,50395641.0
600089,20241011,14.08,13.39,13.53,14.08,-0.05000000000000071,-0.35385704175513455,49185826.0
600089,20241010,13.61,13.61,13.9,14.13,-0.48999999999999844,-3.3515731874144916,66931812.0
600089,20241009,14.6,13.61,13.61,14.62,-1.4800000000000022,-9.192546583850946,123965143.0
600089,20241008,16.08,14.39,14.98,16.1,1.2800000000000011,8.636977058029704,216172027.0
600089,20240930,14.07,13.94,14.64,14.82,1.0500000000000007,7.625272331154687,158493420.0
600089,20240927,13.24,13.23,13.69,13.77,0.6699999999999999,5.114503816793903,49991085.0
600089,20240926,12.73,12.68,13.1,13.1,0.08000000000000007,0.6144393241167334,45840217.0
600089,20240925,12.58,12.55,12.72,13.02,0.5700000000000003,4.578313253012056,51305099.0
600089,20240924,12.01,11.96,12.43,12.45,0.35999999999999943,2.977667493796532,40830462.0
600089,20240923,12.0,11.94,11.96,12.09,-0.009999999999999787,-0.08264462809917106,16003739.0
600089,20240920,11.99,11.82,12.04,12.1,0.019999999999999574,0.16556291390728006,21273447.0
600089,20240919,11.87,11.74,11.99,12.08,0.16999999999999993,1.4273719563392184,20056010.0
600089,20240918,11.8,11.72,11.87,11.91,-0.129999999999999,-1.0797342192690906,13208325.0
600089,20240913,11.98,11.8,11.81,12.04,-0.120000000000001,-0.9868421052631637,14326743.0
600089,20240912,11.92,11.89,11.97,12.16,0.14000000000000057,1.1647254575707144,13991541.0
600089,20240911,11.89,11.83,11.92,12.02,-0.120000000000001,-0.9884678747940745,16893811.0
600089,20240910,12.09,11.72,11.89,12.14,-0.2400000000000002,-1.9386106623586419,25824141.0
600089,20240909,12.33,12.02,12.09,12.38,-0.11999999999999922,-0.9599999999999942,20844105.0
600089,20240906,12.46,12.31,12.33,12.5,0.019999999999999574,0.1602564102564097,11455914.0
600089,20240905,12.41,12.36,12.43,12.48,-0.10999999999999943,-0.8737092930897528,13889029.0
600089,20240904,12.41,12.38,12.41,12.59,0.09999999999999964,0.8006405124099336,16717050.0
600089,20240903,12.28,12.27,12.47,12.49,-0.2699999999999996,-2.1159874608150386,17906040.0
600089,20240902,12.62,12.3,12.31,12.76,0.0,0.0,22590320.0
600089,20240830,12.36,12.29,12.62,12.76,0.1899999999999995,1.511535401750197,27859449.0
600089,20240829,12.29,12.23,12.37,12.57,0.22000000000000064,1.7813765182186359,17863140.0
600089,20240828,12.13,12.12,12.31,12.35,-0.20000000000000107,-1.5936254980079778,18957099.0
600089,20240827,12.55,12.06,12.18,12.55,-0.08000000000000007,-0.6334125098970689,29479191.0
600089,20240826,12.5,12.45,12.58,12.63,0.09000000000000163,0.717703349282317,17629555.0
600089,20240823,12.5,12.39,12.44,12.54,-0.2900000000000009,-2.260327357755265,16201559.0
600089,20240822,12.76,12.46,12.49,12.83,-0.0600000000000005,-0.4654771140419012,29061610.0
600089,20240821,12.87,12.73,12.74,12.89,-0.1899999999999995,-1.4525993883792054,17592618.0
600089,20240820,13.06,12.8,12.9,13.08,-0.14000000000000057,-1.0590015128593033,22504866.0
600089,20240819,13.08,13.04,13.06,13.22,0.05000000000000071,0.37965072133636646,16213627.0
600089,20240816,13.15,13.06,13.1,13.17,-0.05000000000000071,-0.3782148260211837,14678309.0
600089,20240815,13.02,12.91,13.13,13.22,-0.08999999999999986,-0.6761833208114187,20779578.0
600089,20240814,13.22,12.99,12.99,13.31,-0.02999999999999936,-0.2248875562218866,21743744.0
600089,20240813,13.29,13.11,13.22,13.34,-0.08999999999999986,-0.6701414743112477,18981497.0
600089,20240812,13.38,13.27,13.33,13.43,-0.07000000000000028,-0.5185185185185182,12690932.0
600089,20240809,13.43,13.3,13.3,13.5,-0.03999999999999915,-0.2954209748892156,13525763.0
600089,20240808,13.48,13.36,13.4,13.54,-0.030000000000001137,-0.2210759027266085,15983990.0
600089,20240807,13.36,13.36,13.48,13.57,0.09999999999999964,0.7423904974016349,24842010.0
600089,20240806,13.28,13.23,13.36,13.47,-0.049999999999998934,-0.36982248520709415,21914965.0
600089,20240805,13.33,13.19,13.19,13.52,-0.030000000000001137,-0.22140221402214832,27220574.0
600089,20240802,13.46,13.33,13.37,13.55,-0.11999999999999922,-0.8778346744696353,22079631.0
600089,20240801,13.5,13.46,13.48,13.67,0.08999999999999986,0.6627393225331346,20351499.0
600089,20240731,13.24,13.17,13.54,13.58,0.3100000000000005,2.33609645817634,28419859.0
600089,20240730,13.19,13.11,13.23,13.27,-0.2699999999999996,-1.9940915805022108,20160239.0
600089,20240729,13.48,13.22,13.23,13.54,0.0799999999999983,0.5943536404160454,20898505.0
600089,20240726,13.24,13.22,13.43,13.46,0.1700000000000017,1.2791572610985735,20462800.0
600089,20240725,13.1,13.06,13.28,13.29,-0.02000000000000135,-0.15026296018032514,24599960.0
600089,20240724,13.23,13.02,13.06,13.31,-0.2599999999999998,-1.915991156963892,22902139.0
600089,20240723,13.51,13.23,13.25,13.57,-0.16000000000000014,-1.1653313911143437,22686864.0
600089,20240722,13.51,13.49,13.62,13.73,0.15000000000000036,1.1045655375552244,28899418.0
600089,20240719,13.43,13.41,13.56,13.58,-0.05000000000000071,-0.3668378576669129,34811357.0
600089,20240718,13.12,12.95,13.53,13.63,0.5,3.8080731150038183,57785765.0
600089,20240717,13.05,12.96,13.12,13.13,0.07000000000000028,0.535987748851463,24838110.0
600089,20240716,12.97,12.93,13.03,13.06,-0.049999999999998934,-0.3813882532417878,20774661.0
600089,20240715,13.11,12.94,12.95,13.11,-0.19000000000000128,-1.4285714285714346,24396393.0
600089,20240712,13.2,13.09,13.11,13.3,0.010000000000001563,0.07524454477052522,24348752.0
600089,20240711,13.01,13.0,13.24,13.29,0.08999999999999986,0.6818181818181834,38883882.0
600089,20240710,13.2,12.85,12.89,13.2,-0.25,-1.8587360594795488,51906704.0
600089,20240709,13.16,13.02,13.35,13.45,0.10999999999999943,0.8245877061469287,32301520.0
600089,20240708,13.33,13.04,13.14,13.34,-0.16999999999999993,-1.2583271650629113,23695261.0
600089,20240705,13.46,13.21,13.42,13.51,-0.120000000000001,-0.8804108584005932,27903435.0
600089,20240704,13.57,13.46,13.5,13.63,-0.1899999999999995,-1.374819102749636,19962635.0
600089,20240703,13.81,13.58,13.71,13.82,-0.10999999999999943,-0.7896625987078187,19659122.0
600089,20240702,13.92,13.75,13.78,13.93,-0.08999999999999986,-0.6419400855920077,23508746.0
600089,20240701,13.99,13.79,13.96,14.02,-0.019999999999999574,-0.14245014245013454,22854086.0
600089,20240628,13.61,13.57,13.87,14.04,0.1999999999999993,1.4450867052023142,37270114.0
600089,20240627,13.82,13.52,13.55,13.84,-0.019999999999999574,-0.1443001443001357,27652534.0
600089,20240626,13.72,13.58,13.81,13.86,-0.08999999999999986,-0.6451612903225823,24801935.0
600089,20240625,13.88,13.62,13.73,13.95,-0.16999999999999993,-1.2039660056657242,26051725.0
600089,20240624,14.0,13.87,13.87,14.12,-0.030000000000001137,-0.21201413427562876,25621243.0
600089,20240621,14.08,13.97,14.03,14.15,-0.15000000000000036,-1.0489510489510523,23350375.0
600089,20240620,14.29,14.08,14.09,14.3,-0.28999999999999915,-1.9876627827278948,26334093.0
600089,20240619,14.52,14.28,14.3,14.59,-0.040000000000000924,-0.2734107997265922,33600642.0
600089,20240618,14.5,14.4,14.6,14.63,-0.129999999999999,-0.8807588075880668,23730895.0
600089,20240617,14.34,14.27,14.52,14.76,0.3100000000000005,2.145328719723194,41199949.0
600089,20240614,14.22,14.11,14.36,14.45,0.009999999999999787,0.06925207756232066,33745214.0
600089,20240613,14.31,14.21,14.24,14.44,0.05999999999999872,0.4172461752433909,23404931.0
600089,20240612,14.29,14.19,14.35,14.38,0.010000000000001563,0.06958942240780086,24453835.0
600089,20240611,14.29,14.2,14.29,14.37,-0.2900000000000009,-1.9781718963165162,26851041.0
600089,20240607,14.64,14.17,14.39,14.66,-0.1899999999999995,-1.2794612794612803,48642330.0
600089,20240606,14.68,14.48,14.59,14.85,-0.15000000000000036,-1.0000000000000009,40480972.0
600089,20240605,14.99,14.66,14.67,15.0,-0.07000000000000028,-0.4644990046449915,35037943.0
600089,20240604,14.69,14.58,15.04,15.07,0.20000000000000107,1.344989912575656,42961710.0
600089,20240603,14.85,14.56,14.71,14.87,-0.33000000000000007,-2.1710526315789513,39016926.0
600089,20240531,15.06,14.88,14.92,15.2,-0.25,-1.6181229773462813,41297345.0
600089,20240530,15.26,15.03,15.1,15.45,0.16999999999999993,1.1125654450261813,62504656.0
600089,20240529,14.91,14.9,15.12,15.28,0.1999999999999993,1.3262599469495928,79082615.0
600089,20240528,14.9,14.79,14.89,15.08,0.07000000000000028,0.4663557628247883,54256140.0
600089,20240527,14.73,14.6,14.91,15.01,0.08999999999999986,0.6032171581769497,54451974.0
600089,20240524,14.51,14.51,14.66,14.92,0.02999999999999936,0.2014775016789816,48625685.0
600089,20240523,14.85,14.51,14.56,14.89,-0.20999999999999908,-1.3907284768211903,45413012.0
600089,20240522,14.5,14.47,14.94,15.1,0.4399999999999995,3.00136425648021,77816394.0
600089,20240521,14.66,14.42,14.51,14.66,-0.08000000000000007,-0.5427408412483015,24692017.0
600089,20240520,14.62,14.6,14.66,14.74,0.120000000000001,0.8207934336525335,36840803.0
600089,20240517,14.53,14.37,14.62,14.62,-0.16000000000000014,-1.0825439783491264,34473004.0
600089,20240516,14.66,14.51,14.55,14.78,-0.2599999999999998,-1.7287234042553168,38021539.0
600089,20240515,14.78,14.64,14.66,15.04,0.049999999999998934,0.33355570380253496,42313138.0
600089,20240514,14.97,14.75,14.85,14.99,-0.17999999999999972,-1.1865524060646004,46639208.0
600089,20240513,14.56,14.43,14.97,15.17,0.47000000000000064,3.197278911564627,88268636.0
600089,20240510,14.55,14.34,14.6,14.7,0.16999999999999993,1.169993117687551,51887670.0
600089,20240509,14.3,14.3,14.43,14.53,0.08000000000000007,0.5536332179930881,37211754.0
600089,20240508,14.36,14.27,14.3,14.45,0.019999999999999574,0.1386001386001423,25253846.0
600089,20240507,14.42,14.25,14.38,14.43,-0.009999999999999787,-0.06925207756232066,33627345.0
600089,20240506,14.27,14.23,14.38,14.44,0.1999999999999993,1.4044943820224587,48711410.0
600089,20240430,14.08,13.82,14.15,14.24,-0.019999999999999574,-0.14025245441794398,53428655.0
600089,20240429,13.87,13.86,14.18,14.26,0.34999999999999964,2.5161754133716796,58766372.0
600089,20240426,13.57,13.52,13.86,13.91,0.1999999999999993,1.458789204959876,45784080.0
600089,20240425,13.71,13.5,13.57,13.71,-0.09999999999999964,-0.7241129616220143,36585093.0
600089,20240424,13.72,13.62,13.8,13.81,-0.35999999999999943,-2.5405786873676783,29901085.0
600089,20240423,14.11,13.65,13.72,14.17,-0.23000000000000043,-1.5972222222222276,53380915.0
600089,20240422,14.25,14.1,14.12,14.4,-0.16000000000000014,-1.098901098901095,33689917.0
600089,20240419,14.53,14.12,14.29,14.56,-0.2400000000000002,-1.6216216216216273,56642343.0
600089,20240418,14.65,14.57,14.62,14.8,0.08999999999999986,0.611828687967364,38694097.0
600089,20240417,14.5,14.45,14.7,14.71,-0.02999999999999936,-0.2035278154681075,38669588.0
600089,20240416,14.49,14.39,14.5,14.74,0.0,0.0,48327595.0
600089,20240415,14.41,14.39,14.59,14.74,0.019999999999999574,0.13586956521738358,46933196.0
600089,20240412,14.68,14.39,14.39,14.72,-0.17999999999999972,-1.2080536912751683,36827479.0
600089,20240411,14.28,14.09,14.68,14.9,0.3000000000000007,2.0547945205479534,67625243.0
600089,20240410,14.44,14.25,14.32,14.6,-0.15000000000000036,-1.016949152542379,45782871.0
600089,20240409,14.75,14.1,14.51,14.75,-0.8699999999999992,-5.569782330345707,95523265.0
600089,20240408,15.53,15.23,15.24,15.62,0.03999999999999915,0.25673940949935137,44252658.0
600089,20240403,15.35,15.35,15.54,15.58,-0.05000000000000071,-0.3198976327575265,35560021.0
600089,20240402,15.55,15.38,15.45,15.63,0.02000000000000135,0.12812299807816174,33019651.0
600089,20240401,15.39,15.35,15.56,15.61,0.2400000000000002,1.5614834092387841,40003919.0
600089,20240329,15.12,15.1,15.32,15.37,0.049999999999998934,0.32637075718013886,33280075.0
600089,20240328,15.09,15.08,15.13,15.32,-0.0600000000000005,-0.39011703511053764,34396752.0
600089,20240327,15.36,15.11,15.12,15.38,-0.08000000000000007,-0.5174644243208237,26964541.0
600089,20240326,15.37,15.2,15.37,15.46,-0.20999999999999908,-1.340140395660494,29403087.0
600089,20240325,15.56,15.4,15.41,15.67,0.019999999999999574,0.12779552715653786,31021105.0
600089,20240322,15.51,15.33,15.58,15.65,-0.15000000000000036,-0.9493670886076,43690953.0
600089,20240321,15.79,15.49,15.55,15.8,-0.049999999999998934,-0.3154574132492094,44546095.0
600089,20240320,15.75,15.64,15.76,15.85,-0.20000000000000107,-1.2461059190031265,31915382.0
600089,20240319,15.95,15.73,15.75,16.05,0.010000000000001563,0.06234413965087171,41850046.0
600089,20240318,15.85,15.84,15.97,16.04,0.1899999999999995,1.1987381703469913,53413388.0
600089,20240315,15.71,15.63,15.83,15.85,-0.2500000000000018,-1.552795031055909,41624890.0
600089,20240314,15.91,15.66,15.82,16.1,-0.0799999999999983,-0.49443757725585735,57205090.0
600089,20240313,16.07,15.91,15.99,16.18,-0.379999999999999,-2.2946859903381633,60745632.0
600089,20240312,16.48,16.04,16.09,16.56,-0.060000000000002274,-0.361010830324926,98220490.0
600089,20240311,16.45,16.26,16.4,16.62,-0.0799999999999983,-0.4790419161676551,93015354.0
600089,20240308,16.3,16.14,16.25,16.7,0.3200000000000003,1.9536019536019467,87150969.0
600089,20240307,16.3,16.05,16.3,16.38,-0.38000000000000256,-2.2673031026253176,99161403.0
600089,20240306,15.51,15.45,16.38,16.76,0.8900000000000023,5.60806553245119,170464779.0
600089,20240305,15.82,15.48,15.57,15.87,0.08000000000000007,0.5066497783407176,83063177.0
600089,20240304,15.14,15.13,15.74,15.79,0.7199999999999989,4.777704047777043,120867942.0
600089,20240301,14.9,14.87,15.03,15.07,0.14000000000000057,0.9377093101138767,39900532.0
600089,20240229,14.65,14.61,14.89,14.93,-0.15000000000000036,-0.9946949602122057,38294899.0
600089,20240228,14.87,14.68,14.68,15.08,0.25,1.6857720836142898,49570800.0
600089,20240227,14.75,14.71,14.83,14.83,-0.25,-1.6578249336870021,36321096.0
600089,20240226,15.08,14.75,14.78,15.08,-0.2599999999999998,-1.6949152542372836,51751726.0
600089,20240223,14.97,14.97,15.06,15.34,0.379999999999999,2.540106951871657,53154691.0
600089,20240222,14.85,14.75,14.9,14.96,-0.02999999999999936,-0.2001334222815121,35417731.0
600089,20240221,14.76,14.73,14.84,14.99,0.07000000000000028,0.4691689008042843,53179526.0
600089,20240220,14.78,14.72,14.83,14.92,0.02999999999999936,0.2014775016789816,33714652.0
600089,20240219,14.68,14.56,14.85,14.89,0.16999999999999993,1.154891304347827,56944339.0
600089,20240208,14.58,14.52,14.63,14.72,0.15000000000000036,1.029512697323276,56846433.0
600089,20240207,14.47,14.36,14.52,14.57,0.16000000000000014,1.1103400416377474,60280492.0
600089,20240206,13.75,13.7,14.41,14.41,0.47000000000000064,3.371592539454804,59949018.0
600089,20240205,13.69,13.19,13.76,13.94,-0.16000000000000014,-1.134751773049647,51674540.0
600089,20240202,14.01,13.23,13.77,14.1,-0.11000000000000121,-0.7741027445461013,47871502.0
600089,20240201,14.02,13.98,14.0,14.21,-0.0799999999999983,-0.5598320503848675,29561655.0
600089,20240131,14.2,13.9,14.05,14.29,-0.1800000000000015,-1.243953006219778,37125264.0
600089,20240130,14.38,14.23,14.24,14.47,-0.17999999999999972,-1.228668941979516,31561365.0
600089,20240129,14.58,14.36,14.37,14.65,-0.0600000000000005,-0.40788579197824637,32996598.0
600089,20240126,14.53,14.44,14.56,14.71,0.1700000000000017,1.1691884456671353,39983611.0
600089,20240125,14.32,14.26,14.53,14.54,0.20999999999999908,1.465457083042554,45129885.0
600089,20240124,14.21,13.98,14.31,14.33,0.019999999999999574,0.13976240391333494,37224925.0
600089,20240123,14.0,13.92,14.17,14.31,-0.009999999999999787,-0.06983240223463749,36059382.0
600089,20240122,14.25,13.88,14.04,14.32,-0.1999999999999993,-1.377410468319551,49556465.0
600089,20240119,14.42,14.23,14.3,14.52,-0.009999999999999787,-0.06882312456985007,39476841.0
600089,20240118,14.2,14.01,14.52,14.53,-0.02000000000000135,-0.13745704467355013,70920906.0
600089,20240117,14.5,14.23,14.23,14.55,0.05000000000000071,0.34482758620690834,36637690.0
600089,20240116,14.26,14.23,14.5,14.5,0.16999999999999993,1.1863224005582707,56237446.0
600089,20240115,14.2,14.18,14.26,14.33,-0.05000000000000071,-0.3477051460361702,30965847.0
600089,20240112,14.09,14.06,14.26,14.38,0.23000000000000043,1.6254416961130724,43853538.0
600089,20240111,14.07,14.02,14.09,14.15,-0.08000000000000007,-0.5621925509487036,25327797.0
600089,20240110,14.05,14.01,14.12,14.23,0.0600000000000005,0.4234297812279575,29700146.0
600089,20240109,13.93,13.84,14.1,14.17,0.14000000000000057,0.9978617248752819,37083459.0
600089,20240108,13.96,13.82,13.95,14.03,-0.0600000000000005,-0.42583392476934767,35052152.0
600089,20240105,13.97,13.86,13.92,14.09,0.019999999999999574,0.1421464108031234,31810802.0
600089,20240104,14.03,13.87,13.98,14.07,0.0,0.0,31717517.0
600089,20240103,13.88,13.85,14.03,14.07,0.13000000000000078,0.9325681492108995,36368420.0
600089,20240102,13.73,13.73,13.87,13.94,0.05999999999999872,0.4322766570605152,26800108.0
600089,20231229,13.82,13.7,13.8,13.88,-0.06999999999999851,-0.5017921146953319,39521795.0
600089,20231228,13.38,13.35,13.87,13.95,0.5199999999999996,3.87192851824274,59867125.0
600089,20231227,13.35,13.23,13.4,13.43,0.009999999999999787,0.07451564828613311,22068376.0
600089,20231226,13.36,13.26,13.32,13.42,-0.019999999999999574,-0.14880952380952328,17879540.0
600089,20231225,13.3,13.22,13.36,13.44,0.07000000000000028,0.5235602094240788,18812031.0
600089,20231222,13.05,12.99,13.33,13.37,0.25,1.9054878048780477,33685439.0
600089,20231221,12.8,12.78,13.06,13.12,0.10999999999999943,0.8455034588777721,30628724.0
600089,20231220,12.92,12.84,12.85,13.01,-0.02999999999999936,-0.23006134969324465,15473415.0
600089,20231219,12.85,12.83,12.92,13.04,-0.13000000000000078,-0.9870918754745661,21691492.0
600089,20231218,13.16,12.81,12.85,13.17,-0.16999999999999993,-1.2743628185907019,30342955.0
600089,20231215,13.27,13.15,13.18,13.34,-0.08000000000000007,-0.5961251862891204,20485901.0
600089,20231214,13.35,13.21,13.22,13.42,-0.08000000000000007,-0.592592592592589,16382973.0
600089,20231213,13.5,13.23,13.24,13.5,-0.03999999999999915,-0.2954209748892156,22129056.0
600089,20231212,13.48,13.42,13.5,13.54,-0.010000000000001563,-0.07380073800739018,17612846.0
600089,20231211,13.41,13.17,13.52,13.55,-0.14999999999999858,-1.0948905109488982,31182942.0
600089,20231208,13.53,13.45,13.47,13.7,0.1399999999999988,1.0324483775811188,24028149.0
600089,20231207,13.56,13.37,13.49,13.56,-0.08999999999999986,-0.659340659340657,23452357.0
600089,20231206,13.57,13.45,13.55,13.65,-0.25,-1.7985611510791366,25528151.0
600089,20231205,13.86,13.56,13.57,13.9,-0.1899999999999995,-1.3484740951029028,29327834.0
600089,20231204,13.98,13.87,13.88,14.09,0.07000000000000028,0.4992867332382245,20964561.0
600089,20231201,13.94,13.84,13.99,14.02,-0.120000000000001,-0.8486562942008558,19930838.0
600089,20231130,14.1,13.88,13.93,14.14,-0.02999999999999936,-0.21171489061396764,25222463.0
600089,20231129,14.05,14.02,14.1,14.17,-0.02999999999999936,-0.21126760563380254,30603697.0
600089,20231128,13.81,13.76,14.08,14.2,0.3899999999999988,2.824040550325835,50649081.0
600089,20231127,13.8,13.62,13.79,13.81,-0.08999999999999986,-0.6474820143884896,24705292.0
600089,20231124,13.9,13.74,13.75,13.9,-0.02999999999999936,-0.2153625269203152,21825814.0
600089,20231123,13.86,13.82,13.92,13.93,-0.10999999999999943,-0.7834757834757844,18330219.0
600089,20231122,14.0,13.88,13.88,14.04,-0.10000000000000142,-0.7072135785007205,24366452.0
600089,20231121,14.11,14.01,14.03,14.14,-0.009999999999999787,-0.07067137809186885,25145658.0
600089,20231120,14.11,14.01,14.1,14.15,0.0600000000000005,0.42583392476933657,22611352.0
600089,20231117,14.02,13.93,14.09,14.09,-0.08000000000000007,-0.5645730416372619,21488149.0
600089,20231116,14.15,14.05,14.05,14.17,-0.07000000000000028,-0.49157303370787053,23861268.0
600089,20231115,14.16,14.11,14.2,14.24,0.08000000000000007,0.5649717514124353,33895623.0
600089,20231114,14.12,14.0,14.07,14.16,-0.009999999999999787,-0.07057163020465218,21409735.0
600089,20231113,14.14,13.95,14.07,14.17,-0.0600000000000005,-0.42164441321153046,24222322.0
600089,20231110,14.22,14.07,14.1,14.23,-0.11999999999999922,-0.836236933797907,29336378.0
600089,20231109,13.9,13.86,14.3,14.35,0.29999999999999893,2.1352313167259718,65530986.0
600089,20231108,14.05,13.85,13.94,14.05,-0.03999999999999915,-0.2838892831795503,31392209.0
600089,20231107,14.03,13.88,14.05,14.09,-0.05000000000000071,-0.35360678925036026,29688072.0
600089,20231106,13.98,13.97,14.06,14.14,0.11000000000000121,0.7840342124020072,36225229.0
600089,20231103,13.86,13.86,13.94,14.03,-0.0600000000000005,-0.42583392476934767,25388402.0
600089,20231102,14.04,13.86,13.87,14.09,-0.08999999999999986,-0.6346967559943573,20286431.0
600089,20231101,14.14,13.97,14.01,14.18,0.03999999999999915,0.28288543140027045,21142917.0
600089,20231031,14.09,13.89,13.99,14.14,-0.009999999999999787,-0.07067137809186885,25311445.0
600089,20231030,14.1,13.95,14.08,14.15,-0.07000000000000028,-0.4922644163150469,29550774.0
600089,20231027,13.87,13.83,14.11,14.22,0.21000000000000085,1.4989293361884481,28398353.0
600089,20231026,13.9,13.65,13.99,14.01,-0.3200000000000003,-2.2330774598743885,27755160.0
600089,20231025,13.9,13.89,14.08,14.33,0.4900000000000002,3.540462427745661,28465580.0
600089,20231024,13.72,13.58,13.8,13.84,-0.33000000000000007,-2.3288637967537107,24432057.0
600089,20231023,14.15,13.52,13.65,14.17,-0.16999999999999993,-1.1854951185495066,41996229.0
600089,20231020,14.2,14.11,14.2,14.34,-0.13000000000000078,-0.8984105044920532,22590104.0
600089,20231019,14.43,14.22,14.23,14.47,-0.08999999999999986,-0.6181318681318659,27603283.0
600089,20231018,14.55,14.4,14.5,14.56,-0.09999999999999964,-0.6821282401091366,20424626.0
600089,20231017,14.55,14.48,14.59,14.66,-0.09999999999999964,-0.6775067750677488,17360578.0
600089,20231016,14.75,14.42,14.5,14.76,-0.0600000000000005,-0.4048582995951455,26629960.0
600089,20231013,14.82,14.71,14.74,14.82,-0.09999999999999964,-0.6702412868632712,18895643.0
600089,20231012,14.8,14.68,14.89,14.92,0.02999999999999936,0.2014775016789816,30084090.0
600089,20231011,14.77,14.6,14.63,14.89,-0.05999999999999872,-0.4013377926421313,26214944.0
600089,20231010,14.85,14.75,14.75,14.95,0.08999999999999986,0.605652759084796,21480785.0
600089,20231009,14.8,14.64,14.82,14.86,-0.009999999999999787,-0.06724949562878502,25238027.0
600089,20230928,14.8,14.75,14.82,14.87,0.019999999999999574,0.13468013468012074,26777304.0
600089,20230927,14.54,14.54,14.79,14.85,0.16000000000000014,1.0891763104152519,40119277.0
600089,20230926,14.59,14.5,14.55,14.69,0.02999999999999936,0.20463847203273655,19722864.0
600089,20230925,14.47,14.46,14.6,14.66,0.09999999999999964,0.6868131868131844,27176034.0
600089,20230922,14.31,14.29,14.55,14.56,0.08999999999999986,0.621976503109889,33303344.0
600089,20230921,14.39,14.3,14.36,14.47,-0.09999999999999964,-0.6863417982155062,22410495.0
600089,20230920,14.55,14.42,14.42,14.57,0.019999999999999574,0.13745704467353903,19443680.0
600089,20230919,14.53,14.43,14.52,14.55,0.0,0.0,17168125.0
600089,20230918,14.42,14.32,14.54,14.55,-0.02999999999999936,-0.2057613168724215,21127382.0
600089,20230915,14.54,14.39,14.42,14.58,0.05000000000000071,0.34411562284928365,24330894.0
600089,20230914,14.37,14.33,14.48,14.53,-0.05000000000000071,-0.3429355281207136,22896442.0
600089,20230913,14.54,14.33,14.38,14.58,-0.07000000000000028,-0.4778156996587013,27968205.0
600089,20230912,14.5,14.5,14.53,14.65,-0.019999999999999574,-0.13633265167006803,24465625.0
600089,20230911,14.43,14.41,14.5,14.67,0.11999999999999922,0.8247422680412342,36599452.0
600089,20230908,14.5,14.23,14.32,14.55,-0.29999999999999893,-2.020202020202011,37256660.0
600089,20230907,14.84,14.55,14.56,14.85,-0.0600000000000005,-0.4024144869215318,33177422.0
600089,20230906,14.9,14.78,14.85,14.91,-0.129999999999999,-0.8643617021276584,25904928.0
600089,20230905,14.99,14.85,14.96,15.04,-0.040000000000000924,-0.2652519893899252,28707040.0
600089,20230904,14.88,14.86,15.03,15.08,0.14000000000000057,0.9370816599732379,38173029.0
600089,20230901,14.67,14.67,14.85,14.94,0.0,0.0,24492766.0
600089,20230831,14.89,14.67,14.7,14.94,-0.13000000000000078,-0.8626410086264191,24728886.0
600089,20230830,15.04,14.83,14.87,15.07,-0.009999999999999787,-0.06631299734748408,28151002.0
600089,20230829,14.85,14.71,15.0,15.08,-0.39000000000000057,-2.5210084033613467,33809953.0
600089,20230828,15.35,14.67,14.8,15.47,0.8000000000000007,5.45330606680301,53367809.0
600089,20230825,14.62,14.47,14.58,14.67,-0.02999999999999936,-0.20408163265305257,22500082.0
600089,20230824,14.52,14.45,14.61,14.7,-0.07000000000000028,-0.4739336492891044,28698570.0
600089,20230823,14.6,14.46,14.55,14.77,-0.120000000000001,-0.8059100067159264,30699251.0
600089,20230822,14.78,14.4,14.69,14.89,-0.1899999999999995,-1.2599469496021198,45366251.0
600089,20230821,15.08,14.74,14.75,15.08,-0.1899999999999995,-1.2442698100851302,38700475.0
600089,20230818,15.12,14.98,15.09,15.27,-0.009999999999999787,-0.06544502617801262,35157494.0
600089,20230817,15.28,14.92,15.15,15.28,-0.5099999999999998,-3.229892336922102,51281518.0
600089,20230816,15.78,15.31,15.34,15.79,-0.38000000000000256,-2.3500309214595116,63461938.0
600089,20230815,16.12,15.73,15.9,16.17,0.030000000000001137,0.18587360594797264,36044618.0
600089,20230814,16.0,15.9,16.14,16.14,-0.39000000000000057,-2.3593466424682408,24483092.0
600089,20230811,16.45,16.12,16.12,16.53,-0.04999999999999716,-0.3015681544028759,28594134.0
600089,20230810,16.35,16.34,16.48,16.58,0.18999999999999773,1.159243441122615,23064615.0
600089,20230809,16.3,16.25,16.32,16.39,-0.07000000000000028,-0.42527339003645137,18472777.0
600089,20230808,16.45,16.26,16.34,16.46,-0.1999999999999993,-1.2004801920768249,26925943.0
600089,20230807,16.66,16.41,16.49,16.66,-0.120000000000001,-0.715137067938032,32869674.0
600089,20230804,16.63,16.59,16.67,16.78,0.060000000000002274,0.3588516746411585,43136082.0
600089,20230803,16.43,16.4,16.63,16.72,0.07000000000000028,0.42042042042043093,46816452.0
600089,20230802,16.6,16.38,16.43,16.65,0.14999999999999858,0.9090909090909038,33266045.0
600089,20230801,16.38,16.27,16.47,16.5,-0.0799999999999983,-0.4825090470446214,37858842.0
600089,20230731,16.32,16.32,16.38,16.58,0.22999999999999687,1.406727828746157,41891278.0
600089,20230728,16.04,15.94,16.28,16.35,0.05000000000000071,0.30674846625766694,41626323.0
600089,20230727,16.26,16.0,16.05,16.3,-0.05000000000000071,-0.3058103975535187,30253898.0
600089,20230726,16.24,16.2,16.22,16.35,0.060000000000002274,0.36832412523022384,31469686.0
600089,20230725,16.18,16.11,16.24,16.29,0.129999999999999,0.8044554455445496,33797403.0
600089,20230724,16.03,15.96,16.08,16.16,0.05000000000000071,0.3103662321539469,26073375.0
600089,20230721,16.03,15.85,16.02,16.11,-0.21000000000000085,-1.2867647058823595,29189579.0
600089,20230720,16.32,15.93,16.02,16.32,-0.2699999999999996,-1.6274864376130127,57501181.0
600089,20230719,16.5,16.36,16.41,16.59,-0.23999999999999844,-1.426024955436711,34053190.0
600089,20230718,16.82,16.38,16.58,16.83,-6.140000000000001,-26.730518067043974,59121179.0
600089,20230717,22.89,22.67,22.73,22.97,-0.010000000000001563,-0.04351610095736369,37174277.0
600089,20230714,22.94,22.73,22.88,22.98,-0.28999999999999915,-1.246239793725823,34452581.0
600089,20230713,22.91,22.88,22.97,23.27,0.14000000000000057,0.6052745352356226,45775353.0
600089,20230712,22.46,22.43,22.9,23.13,0.8099999999999987,3.629032258064502,84530125.0
600089,20230711,22.29,22.1,22.32,22.32,-0.10999999999999943,-0.49041462327240604,22342101.0
600089,20230710,21.9,21.9,22.28,22.43,0.509999999999998,2.3266423357664046,38462328.0
600089,20230707,21.85,21.72,21.89,21.92,-0.0799999999999983,-0.3636363636363549,17367815.0
600089,20230706,21.91,21.8,21.94,22.0,-0.39000000000000057,-1.7418490397498876,23511556.0
600089,20230705,22.37,21.93,21.97,22.39,-0.14999999999999858,-0.6654835847382357,29901936.0
600089,20230704,22.51,22.16,22.32,22.54,-0.03999999999999915,-0.1771479185119551,27130715.0
600089,20230703,22.3,22.25,22.49,22.58,0.22999999999999687,1.029082774049206,28170121.0
600089,20230630,22.1,22.06,22.29,22.35,0.07000000000000028,0.31418312387792025,20472694.0
600089,20230629,22.19,22.08,22.12,22.28,-0.03999999999999915,-0.17921146953404632,17703077.0
600089,20230628,22.0,21.8,22.26,22.32,0.21000000000000085,0.9497964721845387,27656979.0
600089,20230627,21.94,21.85,22.04,22.11,0.10999999999999943,0.49999999999998934,20141319.0
600089,20230626,21.95,21.7,21.78,22.0,-0.6799999999999997,-2.998236331569659,28985296.0
600089,20230621,22.31,22.19,22.2,22.68,0.120000000000001,0.5319148936170359,30262506.0
600089,20230620,22.3,22.23,22.38,22.56,0.05999999999999872,0.2666666666666595,30322625.0
600089,20230619,22.49,22.21,22.24,22.5,-0.129999999999999,-0.5744586831639364,29520949.0
600089,20230616,22.5,22.39,22.45,22.63,-0.019999999999999574,-0.08830022075054789,34457005.0
600089,20230615,22.23,22.13,22.48,22.65,-0.030000000000001137,-0.1322751322751392,41437184.0
600089,20230614,22.66,22.26,22.29,22.68,-0.10999999999999943,-0.4826678367705117,30591890.0
600089,20230613,22.77,22.47,22.63,22.79,-0.28999999999999915,-1.256499133448874,27703926.0
600089,20230612,22.51,22.39,22.76,23.08,0.08999999999999986,0.391474554153981,59701184.0
600089,20230609,22.01,21.7,22.99,22.99,0.8999999999999986,4.074241738343143,93928885.0
600089,20230608,21.92,21.88,22.01,22.09,0.10000000000000142,0.45475216007275776,30866602.0
600089,20230607,21.83,21.55,21.98,21.99,-0.5,-2.223210315695867,34433754.0
600089,20230606,22.44,21.84,21.87,22.49,-0.3500000000000014,-1.5323992994746072,49386834.0
600089,20230605,22.79,22.49,22.6,22.84,0.10999999999999943,0.48394192696876726,24393003.0
600089,20230602,22.43,22.41,22.73,22.73,0.120000000000001,0.5307386112339607,29616426.0
600089,20230601,22.37,22.28,22.39,22.61,-0.240000000000002,-1.050328227571129,30797053.0
600089,20230531,22.81,22.36,22.37,22.85,-0.18999999999999773,-0.8246527777777679,40429632.0
600089,20230530,22.77,22.65,22.91,23.04,0.019999999999999574,0.08688097306690512,35500580.0
600089,20230529,22.85,22.72,22.77,23.02,0.21999999999999886,0.9649122807017463,32570743.0
600089,20230526,22.79,22.31,22.68,22.8,-0.129999999999999,-0.5669428696031376,32470860.0
600089,20230525,22.6,22.56,22.78,22.93,-0.129999999999999,-0.5637467476149127,34377582.0
600089,20230524,22.76,22.62,22.64,23.06,-0.3500000000000014,-1.495087569414788,35771185.0
600089,20230523,23.41,22.8,22.8,23.41,-0.17999999999999972,-0.7630351844001737,57064758.0
600089,20230522,23.29,23.22,23.41,23.59,-0.03999999999999915,-0.1692763436309752,32171207.0
600089,20230519,23.63,23.22,23.37,23.63,-0.4200000000000017,-1.7463617463617576,33863891.0
600089,20230518,24.02,23.51,23.71,24.05,-0.00999999999999801,-0.041562759767244106,47159085.0
600089,20230517,23.75,23.61,23.96,24.06,-0.010000000000001563,-0.041545492314087884,53262212.0
600089,20230516,23.6,23.45,23.66,24.07,0.4200000000000017,1.7758985200845734,59886300.0
600089,20230515,23.15,23.01,23.6,23.65,-0.15000000000000213,-0.630252100840345,53466951.0
600089,20230512,23.79,22.98,22.99,23.8,-0.23999999999999844,-0.9983361064891727,71995841.0
600089,20230511,23.79,23.57,23.86,24.04,-0.41000000000000014,-1.67689161554192,53945019.0
600089,20230510,23.46,23.41,23.8,24.45,0.370000000000001,1.5365448504983448,103554799.0
600089,20230509,23.88,23.46,23.48,24.08,-0.07000000000000028,-0.28985507246377384,83914438.0
600089,20230508,22.91,22.9,23.87,24.15,1.0299999999999976,4.455017301038056,110402725.0
600089,20230505,22.88,22.57,22.93,23.12,-0.07000000000000028,-0.3018542475204833,58711050.0
600089,20230504,22.4,22.35,22.9,23.19,0.4800000000000004,2.1136063408190298,68125324.0
600089,20230428,22.35,22.3,22.59,22.71,-0.129999999999999,-0.5691768826619925,54166310.0
600089,20230427,22.75,22.25,22.36,22.84,-0.1999999999999993,-0.868055555555558,59753186.0
600089,20230426,21.82,21.74,22.74,23.04,0.5999999999999979,2.6737967914438387,103456323.0
600089,20230425,22.2,21.5,21.77,22.44,-0.6699999999999982,-2.8991778450886962,99457909.0
600089,20230424,23.0,22.43,22.65,23.11,-0.08999999999999986,-0.387931034482758,62351582.0
600089,20230421,23.07,22.69,22.88,23.2,0.019999999999999574,0.08628127696290733,74443862.0
600089,20230420,22.41,22.33,23.02,23.18,0.509999999999998,2.249669166299073,92101760.0
600089,20230419,22.59,22.34,22.49,22.67,0.0400000000000027,0.17675651789661462,59539814.0
600089,20230418,22.09,22.01,22.59,22.63,0.5700000000000003,2.5838621940163176,96786884.0
600089,20230417,21.6,21.55,21.99,22.06,0.36999999999999744,1.7058552328261811,59407041.0
600089,20230414,21.51,21.43,21.62,21.69,0.010000000000001563,0.04612546125462025,31492227.0
600089,20230413,21.57,21.43,21.47,21.68,-0.05999999999999872,-0.2759889604415755,27583105.0
600089,20230412,21.67,21.47,21.51,21.74,-0.11000000000000298,-0.5034324942791879,31736863.0
600089,20230411,21.78,21.6,21.7,21.85,-0.0799999999999983,-0.3647970816233359,30838097.0
600089,20230410,21.58,21.57,21.84,21.93,0.3299999999999983,1.5277777777777724,61090556.0
600089,20230407,21.5,21.38,21.39,21.6,0.030000000000001137,0.13908205841446364,25892887.0
600089,20230406,21.4,21.25,21.55,21.57,-0.14999999999999858,-0.6906077348066253,36033280.0
600089,20230404,21.72,21.38,21.46,21.72,-0.120000000000001,-0.5494505494505586,46238127.0
600089,20230403,21.61,21.48,21.73,21.84,-0.129999999999999,-0.5917159763313529,46265472.0
600089,20230331,21.82,21.66,21.71,21.97,0.16000000000000014,0.733608436497013,39029391.0
600089,20230330,21.72,21.4,21.81,21.81,-0.13000000000000256,-0.5925250683682881,36580180.0
600089,20230329,21.88,21.63,21.73,21.94,-0.17999999999999972,-0.8137432188065064,35189144.0
600089,20230328,21.6,21.55,21.81,22.12,0.40000000000000213,1.8416206261510304,58653067.0
600089,20230327,21.48,21.23,21.63,21.72,0.07000000000000028,0.32332563510393264,47596531.0
600089,20230324,21.48,21.3,21.48,21.65,0.00999999999999801,0.046210720887240875,34793101.0
600089,20230323,21.61,21.35,21.48,21.64,-0.370000000000001,-1.6810540663334872,48059280.0
600089,20230322,21.97,21.61,21.73,22.01,0.13000000000000256,0.594149908592323,38397945.0
600089,20230321,21.8,21.57,21.85,21.88,-0.10000000000000142,-0.45495905368517775,37861715.0
600089,20230320,21.84,21.52,21.69,21.98,-0.10999999999999943,-0.49796287913083104,53324604.0
600089,20230317,22.04,21.39,21.88,22.09,-0.2699999999999996,-1.207513416815742,84184398.0
600089,20230316,22.2,21.76,21.87,22.36,-0.25,-1.10570544007077,84810019.0
600089,20230315,21.84,21.71,22.48,22.61,0.259999999999998,1.1633109619686666,110814508.0
600089,20230314,22.23,21.51,21.78,22.35,-0.3999999999999986,-1.758241758241752,98703179.0
600089,20230313,21.5,21.49,22.21,22.75,1.629999999999999,7.717803030303028,164095725.0
600089,20230310,21.11,20.65,20.68,21.12,-0.36999999999999744,-1.7217310376919426,46683914.0
600089,20230309,21.43,21.15,21.23,21.49,-0.240000000000002,-1.1044638748274327,24958378.0
600089,20230308,21.56,21.21,21.34,21.73,-0.3099999999999987,-1.4065335753176034,49214465.0
600089,20230307,22.0,21.61,21.62,22.04,-0.10000000000000142,-0.4516711833785103,54743128.0
600089,20230306,21.65,21.46,22.1,22.14,0.370000000000001,1.6995865870464089,83696440.0
600089,20230303,21.4,21.27,21.62,21.77,0.14999999999999858,0.6938020351526353,44141329.0
600089,20230302,21.58,21.28,21.32,21.62,-0.029999999999997584,-0.13856812933024099,34786064.0
600089,20230301,21.57,21.47,21.61,21.65,0.029999999999997584,0.13876040703051373,31948174.0
600089,20230228,21.55,21.27,21.56,21.62,-0.11999999999999744,-0.551977920883151,30695769.0
600089,20230227,21.28,21.21,21.54,21.74,-0.030000000000001137,-0.13780431786862835,38696665.0
600089,20230224,21.72,21.25,21.41,21.77,0.05000000000000071,0.2302025782688899,30080477.0
600089,20230223,21.52,21.48,21.6,21.72,0.00999999999999801,0.04606172270842368,36163206.0
600089,20230222,21.6,21.44,21.5,21.71,-0.23000000000000043,-1.0483135824977174,37999749.0
600089,20230221,21.0,21.0,21.7,21.94,0.9800000000000004,4.67557251908397,91469456.0
600089,20230220,20.5,20.36,20.94,20.96,0.14000000000000057,0.672430355427478,33089506.0
600089,20230217,20.66,20.48,20.53,20.82,-0.41000000000000014,-1.9312293923692936,28796510.0
600089,20230216,21.16,20.45,20.63,21.23,-0.16999999999999815,-0.7943925233644733,48787445.0
600089,20230215,21.3,21.13,21.18,21.4,-0.0400000000000027,-0.1865671641791189,31014404.0
600089,20230214,21.08,21.05,21.38,21.44,0.240000000000002,1.132075471698113,43282526.0
600089,20230213,21.12,20.97,21.09,21.2,-0.129999999999999,-0.6094702297233856,30124358.0
600089,20230210,21.33,21.04,21.09,21.33,-0.05000000000000071,-0.2338634237605275,29840285.0
600089,20230209,21.2,21.15,21.34,21.38,0.019999999999999574,0.0936329588014928,29965456.0
600089,20230208,21.24,21.17,21.27,21.36,0.05000000000000071,0.2346316283434957,23510842.0
600089,20230207,21.25,21.12,21.22,21.31,-0.0400000000000027,-0.18735362997659433,23319557.0
600089,20230206,21.03,20.97,21.25,21.35,-0.0799999999999983,-0.3733084461035818,32269307.0
600089,20230203,21.43,20.91,21.11,21.43,-0.3000000000000007,-1.3805798435342909,44731654.0
600089,20230202,21.68,21.33,21.45,21.73,0.16000000000000014,0.7417709782104875,46086448.0
600089,20230201,21.27,21.23,21.57,21.57,0.21999999999999886,1.030444964871191,50400677.0
600089,20230131,21.2,21.13,21.28,21.35,-0.2799999999999976,-1.2944983818770073,33573735.0
600089,20230130,21.51,21.21,21.24,21.63,0.34999999999999787,1.6447368421052433,64454361.0
600089,20230120,20.89,20.8,21.24,21.28,0.8399999999999999,4.109589041095885,75941070.0
600089,20230119,20.31,20.21,20.43,20.44,-0.05999999999999872,-0.29268292682925745,22535230.0
600089,20230118,20.38,20.31,20.38,20.5,-0.030000000000001137,-0.146127618119829,22369445.0
600089,20230117,20.41,20.24,20.36,20.53,0.08000000000000185,0.3911980440097995,26822432.0
600089,20230116,20.12,20.05,20.32,20.45,0.10999999999999943,0.5408062930186697,38600731.0
600089,20230113,20.24,19.99,20.12,20.34,-0.08999999999999986,-0.4405286343612369,26035068.0
600089,20230112,20.2,20.16,20.21,20.43,0.0799999999999983,0.39312039312038305,25406136.0
600089,20230111,20.07,20.06,20.11,20.35,0.08999999999999986,0.44422507403751865,29388621.0
600089,20230110,20.18,19.95,20.08,20.26,-0.05999999999999872,-0.2952755905511695,25701217.0
600089,20230109,20.28,20.05,20.18,20.32,-0.1999999999999993,-0.9746588693957059,33642170.0
600089,20230106,19.87,19.83,20.19,20.52,0.5300000000000011,2.6513256628314164,57019009.0
600089,20230105,19.77,19.7,19.9,19.99,-0.11000000000000298,-0.5472636815920584,30357882.0
600089,20230104,20.04,19.6,19.72,20.1,-0.08999999999999986,-0.4457652303120341,38553953.0
600089,20230103,20.01,19.68,20.17,20.19,-0.00999999999999801,-0.04950495049503845,44889841.0
600089,20221230,19.35,19.28,20.08,20.2,0.8599999999999994,4.446742502585321,74703208.0
600089,20221229,19.18,19.16,19.29,19.34,-0.03999999999999915,-0.20639834881320818,21149736.0
600089,20221228,19.12,19.12,19.25,19.38,-0.0400000000000027,-0.2059732234809597,24012166.0
600089,20221227,19.07,19.01,19.36,19.42,0.360000000000003,1.8887722980063026,31397317.0
600089,20221226,18.59,18.5,19.04,19.06,0.13999999999999702,0.7399577167018778,34434962.0
600089,20221223,18.68,18.42,18.59,18.92,-0.629999999999999,-3.2225063938618903,32942715.0
600089,20221222,19.48,18.63,18.7,19.55,-0.3299999999999983,-1.6599597585512993,54755050.0
600089,20221221,19.85,19.38,19.44,19.88,-0.08000000000000185,-0.40080160320642433,27047723.0
600089,20221220,19.81,19.66,19.84,19.96,-0.5,-2.4437927663734094,22174884.0
600089,20221219,20.3,19.71,19.88,20.46,-0.11999999999999744,-0.5830903790087327,37403901.0
600089,20221216,20.5,20.3,20.42,20.58,-0.10000000000000142,-0.4835589941972973,25568491.0
600089,20221215,20.42,20.26,20.68,20.68,0.14999999999999858,0.7306380905991228,28969414.0
600089,20221214,20.33,20.28,20.37,20.53,-0.129999999999999,-0.6292352371732757,25168783.0
600089,20221213,20.65,20.27,20.31,20.66,-0.3299999999999983,-1.5721772272510592,39884752.0
600089,20221212,20.99,20.6,20.6,20.99,-0.11000000000000298,-0.5213270142180204,45288220.0
600089,20221209,20.99,20.87,21.06,21.1,-0.08999999999999986,-0.4247286455875354,30844666.0
600089,20221208,21.02,20.86,20.94,21.19,-0.13999999999999702,-0.6563525550867144,37070460.0
600089,20221207,21.11,21.0,21.08,21.33,-0.120000000000001,-0.5594405594405605,39902902.0
600089,20221206,21.38,20.94,21.21,21.45,-0.120000000000001,-0.5563282336578657,54470657.0
600089,20221205,21.46,21.2,21.46,21.57,-0.120000000000001,-0.5532503457814753,45445413.0
600089,20221202,21.48,21.38,21.41,21.69,-0.25,-1.1394712853236122,36895865.0
600089,20221201,21.7,21.56,21.57,21.94,0.060000000000002274,0.2742230347349217,56198799.0
600089,20221130,21.56,21.28,21.5,21.88,0.25,1.15580212667592,54040999.0
600089,20221129,21.25,21.19,21.53,21.63,0.3200000000000003,1.501642421398408,41207284.0
600089,20221128,21.2,20.68,21.29,21.31,-0.4200000000000017,-1.9328117809480072,43288127.0
600089,20221125,21.7,21.4,21.54,21.73,-0.370000000000001,-1.6742081447963852,33476341.0
600089,20221124,22.1,21.73,21.79,22.1,0.0,0.0,43943190.0
600089,20221123,21.39,21.37,22.07,22.1,0.33000000000000185,1.5158474965548896,84624603.0
600089,20221122,21.57,21.29,21.36,21.77,-0.05000000000000071,-0.22914757103574823,45812942.0
600089,20221121,21.42,21.38,21.68,21.82,-0.10000000000000142,-0.45620437956205295,37009149.0
600089,20221118,21.59,21.39,21.64,21.92,0.1700000000000017,0.7816091954023108,40291073.0
600089,20221117,21.75,21.34,21.56,21.75,-0.48999999999999844,-2.2032374100719343,40445158.0
600089,20221116,22.1,21.8,21.83,22.24,0.11999999999999744,0.5424954792043302,42179536.0
600089,20221115,21.54,21.52,22.12,22.12,0.05000000000000071,0.22655188038060992,61305703.0
600089,20221114,21.89,21.49,21.55,22.07,-0.10999999999999943,-0.4959422903516697,47900179.0
600089,20221111,22.1,21.78,21.8,22.18,0.5,2.306273062730635,60403846.0
600089,20221110,21.65,21.42,21.5,21.68,-0.370000000000001,-1.6780045351473927,34524730.0
600089,20221109,21.98,21.73,21.8,22.05,-0.5500000000000007,-2.433628318584069,41411393.0
600089,20221108,22.4,21.81,22.0,22.6,0.3500000000000014,1.573033707865168,75574091.0
600089,20221107,22.0,21.85,21.96,22.25,0.1700000000000017,0.7699275362318847,60883621.0
600089,20221104,21.09,21.01,22.03,22.08,0.879999999999999,4.150943396226414,84457494.0
600089,20221103,20.8,20.75,21.08,21.2,-0.120000000000001,-0.5628517823639823,41860394.0
600089,20221102,20.96,20.67,21.0,21.32,0.2699999999999996,1.282660332541563,66759186.0
600089,20221101,20.37,20.35,21.02,21.05,0.10000000000000142,0.4773269689737569,55919821.0
600089,20221031,20.6,20.3,20.41,20.95,-0.620000000000001,-2.8743625405656004,47133070.0
600089,20221028,21.42,20.6,20.73,21.57,-0.75,-3.360215053763438,57498947.0
600089,20221027,22.08,21.66,21.67,22.32,0.03999999999999915,0.17953321364452268,45964811.0
600089,20221026,21.93,21.69,21.97,22.28,0.25,1.134816159782126,47878816.0
600089,20221025,21.51,21.29,21.9,22.03,0.08000000000000185,0.36446469248292424,48270141.0
600089,20221024,21.8,21.2,21.38,21.95,-0.16000000000000014,-0.7236544549977353,39143860.0
600089,20221021,21.8,21.59,21.73,22.11,-0.030000000000001137,-0.13550135501355642,35752683.0
600089,20221020,21.97,21.47,21.72,22.14,-0.8200000000000003,-3.57142857142857,49001583.0
600089,20221019,22.82,22.22,22.22,22.96,-0.09999999999999787,-0.43365134431916363,51623085.0
600089,20221018,22.81,22.72,22.86,23.06,0.23999999999999844,1.0517090271691343,49638877.0
600089,20221017,22.58,22.28,22.78,22.82,-0.4499999999999993,-1.933820369574557,54094806.0
600089,20221014,22.42,22.18,22.85,23.27,0.8900000000000006,3.9767649687220796,81456332.0
600089,20221013,22.18,22.04,22.17,22.38,0.019999999999999574,0.08944543828264262,43694299.0
600089,20221012,21.66,21.27,22.36,22.36,0.4399999999999977,2.007299270072993,52368672.0
600089,20221011,21.37,21.36,21.78,21.92,-0.11999999999999744,-0.5444646098003547,40413825.0
600089,20221010,21.91,21.19,21.36,22.04,-0.15000000000000213,-0.6759801712483249,43427491.0
600089,20220930,22.1,21.67,21.67,22.19,0.0,0.0,38312701.0
600089,20220929,21.83,21.68,21.96,22.19,-0.35999999999999943,-1.5964523281596477,53435724.0
600089,20220928,22.3,21.45,21.46,22.55,-0.129999999999999,-0.5731922398588996,52702906.0
600089,20220927,22.2,22.02,22.48,22.68,0.05000000000000071,0.22094564737074052,44498365.0
600089,20220926,22.01,21.92,22.08,22.63,-0.3200000000000003,-1.3943355119825696,36359618.0
600089,20220923,22.72,22.12,22.33,22.95,0.00999999999999801,0.043591979075841,44318990.0
600089,20220922,22.6,22.41,22.83,22.94,-0.00999999999999801,-0.04357298474945148,38488754.0
600089,20220921,22.65,22.52,22.8,22.95,-0.2699999999999996,-1.1627906976744207,33371615.0
600089,20220920,22.76,22.76,22.92,23.22,0.3200000000000003,1.3973799126637543,47101178.0
600089,20220919,22.56,22.3,22.65,22.9,-0.490000000000002,-2.094912355707579,39572174.0
600089,20220916,23.13,22.53,22.56,23.39,-0.8999999999999986,-3.705228489090151,65335134.0
600089,20220915,24.23,23.1,23.44,24.29,-0.3100000000000023,-1.2601626016260248,82641314.0
600089,20220914,24.3,23.88,24.15,24.6,-0.6799999999999997,-2.689873417721522,69183018.0
600089,20220913,25.09,24.5,24.81,25.28,-0.2099999999999973,-0.8238524911729939,59742968.0
600089,20220909,25.3,24.78,25.09,25.49,-0.5300000000000011,-2.0368946963874035,54562916.0
600089,20220908,25.5,25.17,25.27,26.02,0.33999999999999986,1.3239875389408073,82875022.0
600089,20220907,25.26,25.15,25.4,25.68,0.120000000000001,0.46948356807512415,66624946.0
600089,20220906,24.41,24.37,25.5,25.56,1.0700000000000003,4.369130257247855,94623017.0
600089,20220905,23.86,23.8,24.39,24.49,-0.28000000000000114,-1.1303996770286706,48636760.0
600089,20220902,24.55,23.92,24.09,24.77,-0.240000000000002,-0.9596161535385894,62152610.0
600089,20220901,24.85,24.41,24.62,25.01,-1.1499999999999986,-4.396024464831793,59463584.0
600089,20220831,26.05,24.6,24.78,26.16,-0.7199999999999989,-2.678571428571419,114049699.0
600089,20220830,26.88,26.02,26.2,26.88,-0.3200000000000003,-1.17647058823529,107949858.0
600089,20220829,25.47,25.35,26.99,27.2,1.4299999999999997,5.549088086922782,177143659.0
600089,20220826,25.57,25.32,25.46,25.77,0.07000000000000028,0.27237354085603016,66427711.0
600089,20220825,25.48,24.68,25.54,25.7,-0.19000000000000128,-0.7338740826574042,84236862.0
600089,20220824,25.57,25.09,25.24,25.89,-0.09999999999999787,-0.3847633705271192,79939258.0
600089,20220823,25.37,25.36,25.65,25.99,0.18999999999999773,0.7364341085271287,75300990.0
600089,20220822,25.8,24.89,25.62,25.8,-0.8499999999999979,-3.1894934333958624,103867715.0
600089,20220819,26.0,25.28,25.96,26.65,0.41000000000000014,1.5625,150480026.0
600089,20220818,25.65,25.5,25.83,26.24,0.41999999999999815,1.6266460108443015,110134462.0
600089,20220817,25.6,25.23,25.64,25.82,0.08000000000000185,0.3108003108003077,106574704.0
600089,20220816,25.0,24.66,25.6,25.74,0.8999999999999986,3.6231884057970953,181577498.0
600089,20220815,23.94,23.84,24.74,24.84,0.5100000000000016,2.0961775585696785,128474622.0
600089,20220812,24.05,23.88,23.89,24.33,0.17999999999999972,0.7453416149068248,60824028.0
600089,20220811,23.92,23.71,24.12,24.15,-0.20000000000000284,-0.8213552361396426,67662089.0
600089,20220810,24.2,23.7,23.84,24.35,-0.3999999999999986,-1.6161616161616155,92672809.0
600089,20220809,24.0,23.83,24.49,24.75,0.7600000000000016,3.1679866611088014,120509323.0
600089,20220808,23.81,23.58,23.97,23.99,-0.20000000000000284,-0.8267879288962443,61250065.0
600089,20220805,24.12,23.48,24.1,24.19,-0.029999999999997584,-0.12386457473161361,89059814.0
600089,20220804,23.59,23.56,23.98,24.22,-0.0400000000000027,-0.16488046166530657,93510789.0
600089,20220803,23.93,23.12,23.2,24.26,-0.08999999999999986,-0.3696098562628314,75756150.0
600089,20220802,24.33,23.48,23.62,24.35,-0.46999999999999886,-1.8936341659951617,95656389.0
600089,20220801,24.78,23.93,24.7,24.82,-0.9299999999999997,-3.6116504854368903,103978039.0
600089,20220729,24.91,24.87,24.98,25.75,-0.10000000000000142,-0.3868471953578423,97021001.0
600089,20220728,25.73,24.88,24.91,25.85,0.10000000000000142,0.3883495145631022,96590277.0
600089,20220727,25.48,25.04,25.55,25.75,-0.05999999999999872,-0.23246803564509477,62109728.0
600089,20220726,25.3,25.18,25.41,25.81,-0.2699999999999996,-1.0352760736196287,73053641.0
600089,20220725,26.05,25.02,25.09,26.08,-0.3000000000000007,-1.1372251705837777,100151627.0
600089,20220722,25.91,25.85,26.11,26.38,-0.5100000000000016,-1.8966158423205703,61847553.0
600089,20220721,26.89,25.81,25.92,26.89,-0.25,-0.9211495946941817,111220037.0
600089,20220720,27.0,26.71,26.9,27.14,-0.18999999999999773,-0.6952067325283529,57113440.0
600089,20220719,27.0,26.62,26.77,27.33,-0.120000000000001,-0.43715846994535346,77745096.0
600089,20220718,27.22,26.15,27.1,27.45,-0.7300000000000004,-2.590489709013488,111321622.0
600089,20220715,27.45,27.18,27.18,28.18,-0.26000000000000156,-0.9142053445850951,125230491.0
600089,20220714,27.18,27.04,27.87,28.44,0.3000000000000007,1.0660980810234477,112085047.0
600089,20220713,27.83,27.08,27.36,28.14,0.10000000000000142,0.3566333808844524,111838179.0
600089,20220712,27.36,27.07,27.45,28.04,-0.5600000000000023,-1.9580419580419672,107707611.0
600089,20220711,28.6,26.61,27.32,28.6,-1.5,-4.983388704318936,167406537.0
600089,20220708,29.91,28.36,28.43,30.1,0.7900000000000027,2.6953258273626934,106836141.0
600089,20220707,28.97,28.33,29.11,29.31,-1.0199999999999996,-3.3630069238377858,100270247.0
600089,20220706,30.2,28.61,29.13,30.33,-0.5100000000000016,-1.65369649805448,161079242.0
600089,20220705,29.25,29.01,30.72,30.84,1.1799999999999997,3.9784221173297274,201982221.0
600089,20220704,28.0,27.28,29.26,29.66,0.8599999999999994,2.9861111111111116,218446267.0
600089,20220701,27.6,27.11,27.67,28.8,0.8399999999999999,3.0042918454935563,168162762.0
600089,20220630,25.47,25.47,27.39,27.96,1.1700000000000017,4.367301231802911,185415027.0
600089,20220629,26.76,25.42,25.47,26.79,-0.5600000000000023,-2.0475319926873903,142883936.0
600089,20220628,26.27,26.01,27.1,27.35,0.5500000000000007,2.0522388059701413,138709810.0
600089,20220627,26.75,25.65,26.28,26.8,-0.2799999999999976,-1.0339734121122546,129633991.0
600089,20220624,26.0,25.88,26.71,27.08,1.0899999999999999,4.193920738745671,138481759.0
600089,20220623,25.9,24.88,25.83,25.99,-0.7900000000000027,-2.9499626587005334,97998383.0
600089,20220622,26.7,25.85,26.05,26.78,0.010000000000001563,0.03735524841241844,95209251.0
600089,20220621,26.4,25.72,26.31,26.77,-1.9100000000000001,-6.6596931659693155,117336457.0
600089,20220620,28.4,26.26,26.62,28.68,0.3000000000000007,1.0570824524313016,214493872.0
600089,20220617,26.78,26.78,28.15,28.38,0.7300000000000004,2.6401446654611194,168623866.0
600089,20220616,27.31,26.59,26.75,27.65,-1.1300000000000026,-3.926337734537877,140773371.0
600089,20220615,27.65,27.11,27.11,28.78,0.7900000000000027,2.822436584494481,182007654.0
600089,20220614,27.11,26.53,27.68,27.99,0.18999999999999773,0.6834532374100588,204624430.0
600089,20220613,25.81,25.75,27.5,27.8,1.9000000000000021,7.3359073359073435,235040456.0
600089,20220610,24.72,24.5,25.48,25.9,0.5,1.9685039370078705,181492264.0
600089,20220609,24.32,24.32,24.72,25.4,1.3599999999999994,5.657237936772042,170049507.0
600089,20220608,23.6,23.31,23.93,24.04,-0.14000000000000057,-0.5789909015715522,110270902.0
600089,20220607,23.8,23.26,23.45,24.18,0.6799999999999997,2.8936170212765955,123779325.0
600089,20220606,22.73,22.6,23.24,23.5,0.7100000000000009,3.115401491882408,94749643.0
600089,20220602,22.4,22.24,22.54,22.79,0.21999999999999886,0.9747452370403087,75096459.0
600089,20220601,22.28,22.2,22.38,22.57,0.010000000000001563,0.04432624113475114,68350604.0
600089,20220531,21.89,21.86,22.5,22.56,0.8599999999999994,3.963133640552985,147538165.0
600089,20220530,21.63,21.18,21.46,21.7,-0.07000000000000028,-0.3215434083601254,47740123.0
600089,20220527,21.65,21.28,21.42,21.77,-0.10999999999999943,-0.5027422303473417,54416829.0
600089,20220526,21.61,21.32,21.56,21.88,0.21999999999999886,1.0156971375807844,78622539.0
600089,20220525,21.01,20.97,21.61,21.66,-0.33999999999999986,-1.5454545454545499,90215375.0
600089,20220524,21.53,20.93,20.95,22.0,0.39000000000000057,1.8047200370199024,105748417.0
600089,20220523,21.35,21.15,21.57,21.61,-0.08999999999999986,-0.41474654377879894,72933134.0
600089,20220520,21.35,21.26,21.56,21.7,-0.16000000000000014,-0.7319304666056681,88424180.0
600089,20220519,20.13,20.05,21.5,21.86,1.0399999999999991,4.995196926032652,141032383.0
600089,20220518,20.75,20.46,20.5,20.82,0.120000000000001,0.5797101449275477,60161130.0
600089,20220517,20.02,19.97,20.69,20.7,0.3099999999999987,1.5203531142716997,92990439.0
600089,20220516,20.29,19.91,20.04,20.39,-0.05000000000000071,-0.24461839530333096,51131611.0
600089,20220513,19.29,19.28,20.09,20.44,0.9700000000000024,4.982023626091436,101377382.0
600089,20220512,19.1,18.94,19.13,19.47,-0.2699999999999996,-1.3677811550151908,44207085.0
600089,20220511,19.01,18.9,19.23,19.74,0.5899999999999999,3.08093994778067,69071309.0
600089,20220510,18.5,18.38,18.96,19.15,0.129999999999999,0.6834910620399537,40903078.0
600089,20220509,18.72,18.68,18.82,19.02,-0.030000000000001137,-0.15748031496063408,23015528.0
600089,20220506,18.8,18.65,18.75,19.05,-0.5199999999999996,-2.6571282575370447,35474784.0
600089,20220505,19.52,19.2,19.27,19.57,0.019999999999999574,0.1023017902813228,53648864.0
600089,20220429,19.06,18.86,19.38,19.55,0.26000000000000156,1.3478486262312073,65623058.0
600089,20220428,18.88,18.72,18.86,19.29,0.09999999999999787,0.5211047420531356,51822193.0
600089,20220427,17.8,17.53,19.13,19.19,0.240000000000002,1.266490765171513,81749705.0
600089,20220426,18.64,18.01,18.04,18.95,-0.4299999999999997,-2.2187822497420018,64103779.0
600089,20220425,18.85,18.58,18.59,19.38,0.129999999999999,0.6753246753246733,64513750.0
600089,20220422,19.0,18.5,18.99,19.25,-0.7399999999999984,-3.701850925462724,44754846.0
600089,20220421,19.68,18.94,19.05,19.99,-0.33000000000000185,-1.6240157480315043,54668625.0
600089,20220420,20.23,19.7,19.72,20.32,0.010000000000001563,0.0492368291482137,46013000.0
600089,20220419,19.83,19.78,20.15,20.31,0.46999999999999886,2.368951612903225,57114687.0
600089,20220418,19.5,19.2,19.77,19.84,-0.03999999999999915,-0.2012072434607548,31778853.0
600089,20220415,19.55,19.49,19.69,19.88,-0.019999999999999574,-0.10050251256281673,36375535.0
600089,20220414,19.68,19.38,19.72,19.9,0.03999999999999915,0.20140986908359082,45063228.0
600089,20220413,19.24,19.08,19.46,19.86,0.5700000000000003,2.954898911353032,46494362.0
600089,20220412,18.98,18.68,19.27,19.29,-0.35999999999999943,-1.8320610687022842,46503971.0
600089,20220411,19.63,18.68,18.84,19.65,-0.360000000000003,-1.7991004497751262,59859997.0
600089,20220408,19.95,19.4,19.6,20.01,-0.34999999999999787,-1.7190569744597095,62437218.0
600089,20220407,20.01,19.99,20.03,20.36,-0.14000000000000057,-0.6829268292682933,38179196.0
600089,20220406,20.4,20.0,20.12,20.5,-0.23999999999999844,-1.1571841851494624,49304525.0
600089,20220401,20.25,20.16,20.63,20.74,0.1999999999999993,0.9737098344693162,51076261.0
600089,20220331,20.41,20.17,20.38,20.54,-0.1999999999999993,-0.9643201542912205,47118617.0
600089,20220330,20.4,20.25,20.6,20.74,0.25,1.2201073694485087,63750676.0
600089,20220329,20.15,19.96,20.27,20.49,0.22999999999999687,1.1352418558736366,54563702.0
600089,20220328,19.37,19.36,20.0,20.26,0.16000000000000014,0.7960199004975133,64948698.0
600089,20220325,19.98,19.35,19.35,20.1,-0.13999999999999702,-0.6916996047430679,56218673.0
600089,20220324,20.21,19.85,19.99,20.24,-0.610000000000003,-2.925659472422082,52219534.0
600089,20220323,20.3,20.18,20.43,20.85,0.1700000000000017,0.822050290135401,59605141.0
600089,20220322,20.47,20.1,20.18,20.68,-0.2699999999999996,-1.288782816229117,52591362.0
600089,20220321,20.53,20.42,20.57,20.95,0.14999999999999858,0.7211538461538325,55314119.0
600089,20220318,20.46,20.35,20.66,20.8,-0.5999999999999979,-2.8037383177569986,52316248.0
600089,20220317,21.35,20.6,20.65,21.4,0.5399999999999991,2.5886864813039256,110554160.0
600089,20220316,20.38,19.7,20.85,20.86,-0.10999999999999943,-0.5245588936576007,110957788.0
600089,20220315,20.49,19.77,19.78,20.97,-0.5100000000000016,-2.3743016759776636,97980163.0
600089,20220314,21.01,20.69,20.78,21.48,0.28999999999999915,1.3685700802265277,107244578.0
600089,20220311,20.37,20.23,21.18,21.19,0.5100000000000016,2.466150870406203,141348175.0
600089,20220310,19.98,19.89,20.45,20.68,0.8000000000000007,4.024144869215296,125583384.0
600089,20220309,19.76,18.3,19.43,19.88,-0.14000000000000057,-0.6993006993006978,64692815.0
600089,20220308,19.77,19.22,19.55,20.02,-0.129999999999999,-0.6451612903225712,59094077.0
600089,20220307,19.91,19.68,19.72,20.15,-0.25,-1.225490196078427,51151040.0
600089,20220304,20.22,19.93,20.02,20.4,-0.5400000000000027,-2.5787965616046016,48751742.0
600089,20220303,20.85,20.37,20.45,20.94,0.240000000000002,1.1594202898550732,53722405.0
600089,20220302,20.35,20.17,20.57,20.7,-0.4299999999999997,-2.035021296734496,63226349.0
600089,20220301,20.6,20.36,20.51,21.13,0.879999999999999,4.345679012345682,97079085.0
600089,20220228,20.09,19.85,20.18,20.25,-0.26000000000000156,-1.2676743052169703,49181521.0
600089,20220225,20.2,20.05,20.1,20.51,-0.28999999999999915,-1.3942307692307643,62815836.0
600089,20220224,20.34,19.58,19.97,20.8,0.15000000000000213,0.7263922518159882,107015502.0
600089,20220223,20.0,20.0,20.53,20.65,0.509999999999998,2.532274081429975,92177565.0
600089,20220222,19.85,19.76,20.04,20.14,-0.03999999999999915,-0.1982160555004886,47619759.0
600089,20220221,19.93,19.72,20.09,20.18,0.0,0.0,51435505.0
600089,20220218,19.5,19.41,19.95,20.18,0.05000000000000071,0.24838549428713996,61531414.0
600089,20220217,19.36,19.36,19.75,20.13,0.6600000000000001,3.3898305084745672,70529378.0
600089,20220216,19.27,19.16,19.22,19.47,0.23000000000000043,1.195426195426208,37033748.0
600089,20220215,18.87,18.77,19.09,19.24,0.029999999999997584,0.1561686621551095,33429886.0
600089,20220214,18.96,18.71,18.82,19.21,-0.3200000000000003,-1.6385048643113187,30013870.0
600089,20220211,19.43,19.1,19.14,19.53,-0.2099999999999973,-1.0638297872340274,37967072.0
600089,20220210,19.74,19.35,19.55,19.74,-0.13000000000000256,-0.6542526421741468,39028699.0
600089,20220209,19.6,19.46,19.76,19.87,0.13000000000000256,0.6585612968591725,43811215.0
600089,20220208,19.51,19.14,19.74,19.74,0.08999999999999986,0.45801526717557106,49046407.0
600089,20220207,18.97,18.97,19.52,19.65,0.4799999999999969,2.5039123630672844,56734517.0
600089,20220128,19.02,17.93,18.65,19.17,-0.2799999999999976,-1.439588688946003,62688412.0
600089,20220127,19.2,18.95,18.98,19.45,-0.17999999999999972,-0.9169638308711092,41381176.0
600089,20220126,19.15,19.02,19.3,19.63,0.00999999999999801,0.05096839959224386,48957926.0
600089,20220125,19.5,18.88,18.89,19.62,-0.1999999999999993,-1.0090817356205761,42223600.0
600089,20220124,19.39,19.22,19.64,19.82,0.010000000000001563,0.050479555779925356,30288113.0
600089,20220121,19.49,19.35,19.42,19.81,-0.25,-1.2462612163509523,30908626.0
600089,20220120,19.97,19.43,19.52,20.06,-0.08999999999999986,-0.4466501240694809,43769990.0
600089,20220119,20.11,19.86,20.0,20.15,-0.3000000000000007,-1.4669926650366816,42978980.0
600089,20220118,19.83,19.7,20.31,20.45,0.2799999999999976,1.3882002974714869,64415345.0
600089,20220117,19.95,19.73,19.88,20.17,0.3400000000000034,1.7145738779626996,51754026.0
600089,20220114,19.5,19.25,19.52,19.83,-0.2700000000000031,-1.3432835820895717,36183461.0
600089,20220113,20.06,19.61,19.65,20.1,0.0,0.0,54290398.0
600089,20220112,19.55,19.55,20.05,20.1,0.5500000000000007,2.813299232736566,86051637.0
600089,20220111,19.25,19.05,19.12,19.55,-0.18999999999999773,-0.9625126646403137,40968903.0
600089,20220110,19.7,18.8,19.24,19.74,-0.25,-1.2506253126563283,62104958.0
600089,20220107,19.69,19.57,19.68,19.99,0.00999999999999801,0.05005005005003227,41933868.0
600089,20220106,19.65,19.4,19.76,19.98,-0.629999999999999,-3.056768558951961,50907071.0
600089,20220105,20.57,19.68,19.71,20.61,-0.7100000000000009,-3.3302063789868663,84219034.0
600089,20220104,21.2,20.46,20.57,21.32,-0.030000000000001137,-0.1405152224824402,79491143.0
600089,20211231,20.72,20.72,21.17,21.35,0.4299999999999997,2.0554493307839428,75265067.0
600089,20211230,20.71,20.52,20.64,20.92,-0.0799999999999983,-0.3809523809523707,43597828.0
600089,20211229,20.68,20.46,20.71,21.0,0.3099999999999987,1.4983083615273118,53910089.0
600089,20211228,20.51,20.31,20.67,20.69,-0.6099999999999994,-2.8638497652582084,60747342.0
600089,20211227,21.06,20.27,20.37,21.3,-0.5899999999999999,-2.6952946550936496,111885625.0
600089,20211224,21.77,21.08,21.09,21.89,-0.21999999999999886,-0.995024875621886,95637785.0
600089,20211223,21.79,21.58,21.93,22.11,-0.23000000000000043,-1.0295434198746678,69510380.0
600089,20211222,22.17,21.82,21.89,22.34,0.05999999999999872,0.2692998204667729,63604182.0
600089,20211221,21.99,21.5,22.26,22.28,-1.3099999999999987,-5.553200508690114,87144512.0
600089,20211220,23.29,22.08,22.08,23.59,-1.0700000000000003,-4.33901054339011,168469985.0
600089,20211217,23.86,23.4,23.49,24.66,0.3099999999999987,1.2731006160164204,177142096.0
600089,20211216,23.84,23.56,23.93,24.35,-0.2799999999999976,-1.1368250101502109,140469648.0
600089,20211215,22.45,22.32,23.92,24.63,1.3999999999999986,6.026689625484272,277045893.0
600089,20211214,23.03,22.51,22.6,23.23,-0.25,-1.0647359454855176,106159463.0
600089,20211213,22.37,22.18,23.05,23.48,0.8300000000000018,3.664459161147904,155946897.0
600089,20211210,22.4,22.12,22.35,22.65,-0.4800000000000004,-2.075226977950717,90590062.0
600089,20211209,23.07,22.44,22.48,23.13,-0.240000000000002,-1.0269576379974388,108583131.0
600089,20211208,22.89,22.64,23.03,23.37,0.3100000000000023,1.3443191673894184,120874504.0
600089,20211207,22.89,22.34,22.82,23.06,-0.0400000000000027,-0.17316017316018062,90195959.0
600089,20211206,22.13,22.02,22.73,23.1,0.9000000000000021,4.054054054054057,134536583.0
600089,20211203,22.05,21.34,22.13,22.2,-0.25,-1.1135857461024523,115058029.0
600089,20211202,22.33,22.11,22.23,22.45,-0.25,-1.1013215859030812,55364187.0
600089,20211201,22.53,22.06,22.53,22.7,-0.6000000000000014,-2.5751072961373467,92152028.0
600089,20211130,23.28,22.44,22.89,23.3,-0.0799999999999983,-0.34217279726260763,83077902.0
600089,20211129,21.93,21.86,23.06,23.38,0.23000000000000043,0.9935205183585261,111580699.0
600089,20211126,23.01,22.27,22.46,23.15,-0.4400000000000013,-1.8651971174226456,104585782.0
600089,20211125,22.53,22.36,23.2,23.59,0.620000000000001,2.6991728341314802,136730741.0
600089,20211124,22.83,22.05,22.54,22.97,-0.4700000000000024,-2.0051194539249195,106854065.0
600089,20211123,23.35,22.81,22.92,23.44,-0.04999999999999716,-0.21285653469560462,84580331.0
600089,20211122,23.18,22.91,23.36,23.49,0.11999999999999744,0.5134788189987027,90846929.0
600089,20211119,22.92,22.5,23.16,23.37,-0.17999999999999972,-0.7643312101910826,93063226.0
600089,20211118,22.73,22.46,23.13,23.55,0.5,2.1691973969631295,101833046.0
600089,20211117,22.11,21.87,22.97,23.05,0.620000000000001,2.764155149353553,109751451.0
600089,20211116,22.18,22.0,22.07,22.43,-0.7300000000000004,-3.1519861830742624,70239174.0
600089,20211115,23.1,21.98,22.2,23.16,-0.6499999999999986,-2.729945401091971,131172414.0
600089,20211112,23.4,23.12,23.25,23.81,0.029999999999997584,0.1261564339781307,99012239.0
600089,20211111,23.61,22.91,23.2,23.78,-0.7799999999999976,-3.175895765472303,110026611.0
600089,20211110,24.5,23.08,23.85,24.56,-0.8900000000000006,-3.4970530451866377,150095557.0
600089,20211109,24.27,24.24,24.84,25.45,0.9899999999999984,4.0474243663123355,162695889.0
600089,20211108,23.1,23.07,23.88,24.46,-0.7799999999999976,-3.0903328050713053,97910061.0
600089,20211105,25.11,23.61,23.61,25.24,0.28999999999999915,1.1623246492985961,132564251.0
600089,20211104,24.16,24.0,24.49,24.95,0.39000000000000057,1.5879478827361515,125911733.0
600089,20211103,24.11,23.71,23.99,24.56,-0.9400000000000013,-3.686274509803922,128118574.0
600089,20211102,25.25,24.0,24.1,25.5,-1.6400000000000006,-6.042741341193814,195980080.0
600089,20211101,26.66,25.15,25.43,27.14,-0.259999999999998,-0.9489051094890399,226998576.0
600089,20211029,26.63,25.46,27.01,27.4,0.5199999999999996,1.9345238095238138,242563034.0
600089,20211028,26.79,25.5,25.8,26.88,-0.3200000000000003,-1.17647058823529,157041320.0
600089,20211027,25.3,25.04,26.78,27.2,1.0700000000000003,4.0949100650593095,228151240.0
600089,20211026,24.8,24.8,25.14,26.13,0.9499999999999993,3.772835583796663,165481983.0
600089,20211025,24.2,24.03,24.73,25.18,0.08999999999999986,0.35870864886409226,146263328.0
600089,20211022,24.58,24.0,24.0,25.09,0.3299999999999983,1.3327948303715642,127359203.0
600089,20211021,24.33,24.01,24.29,24.76,-0.31999999999999673,-1.2759170653907415,110896492.0
600089,20211020,22.6,22.4,24.49,25.08,1.4199999999999982,6.001690617075228,194605340.0
600089,20211019,23.12,22.86,23.07,23.66,0.129999999999999,0.5524861878452914,109209546.0
600089,20211018,22.7,22.7,23.36,23.53,0.21000000000000085,0.900514579759859,124435682.0
600089,20211015,22.19,21.9,22.95,23.32,0.75,3.322995126273809,177620182.0
600089,20211014,21.9,21.25,22.0,22.57,0.3500000000000014,1.5751575157515907,116787173.0
600089,20211013,21.4,21.06,22.06,22.22,0.03999999999999915,0.18034265103696878,123300715.0
600089,20211012,22.1,20.71,21.19,22.18,-0.240000000000002,-1.0704727921498791,128620810.0
600089,20211011,21.86,21.23,22.0,22.42,-2.2699999999999996,-9.194005670311867,127025243.0
600089,20211008,24.69,21.83,21.85,24.69,0.120000000000001,0.48840048840048667,233338341.0
600089,20210930,23.53,23.18,24.25,24.57,-0.16999999999999815,-0.6871463217461571,157591322.0
600089,20210929,23.3,23.08,23.54,24.74,0.379999999999999,1.5599343185550119,161596127.0
600089,20210928,23.56,23.3,23.89,24.36,-0.9200000000000017,-3.639240506329122,120216315.0
600089,20210927,25.07,23.07,23.65,25.28,-0.7799999999999976,-2.993092862624702,200042459.0
600089,20210924,26.0,24.51,25.06,26.06,-2.6799999999999997,-9.324982602644393,223566648.0
600089,20210923,27.0,26.34,26.4,28.74,1.8299999999999983,6.800445930880716,368724509.0
600089,20210922,23.74,23.74,26.74,26.91,1.8900000000000006,7.5539568345323715,358999900.0
600089,20210917,24.33,23.62,24.46,25.02,-0.879999999999999,-3.397683397683393,199887285.0
600089,20210916,25.86,24.28,24.4,25.9,-0.6300000000000026,-2.374670184696581,270875142.0
600089,20210915,25.7,25.3,25.85,26.53,0.0,0.0,260101017.0
600089,20210914,25.78,25.1,25.85,26.53,-0.5499999999999972,-2.03101920236336,257186234.0
600089,20210913,27.0,25.08,26.3,27.08,-2.0,-6.877579092159558,410176687.0
600089,20210910,26.98,26.7,27.82,29.08,0.8299999999999983,2.938053097345117,387817112.0
600089,20210909,27.98,26.64,27.34,28.25,-1.1600000000000001,-3.9442366541992513,254023737.0
600089,20210908,28.82,27.2,27.68,29.41,-0.5500000000000007,-1.8357810413885178,303445019.0
600089,20210907,27.5,27.4,28.83,29.96,0.3000000000000007,1.0114632501685872,344631881.0
600089,20210906,28.09,26.01,27.88,29.66,-0.019999999999999574,-0.06738544474393926,374138176.0
600089,20210903,29.0,26.91,28.37,29.68,2.6999999999999993,10.007412898443292,496890539.0
600089,20210902,24.74,24.74,26.98,26.98,0.10000000000000142,0.37202380952381375,234739332.0
600089,20210901,25.48,23.1,24.53,26.88,2.349999999999998,9.580105992662036,508763357.0
600089,20210831,22.6,21.71,24.53,24.53,1.9600000000000009,8.684093929995562,379655854.0
600089,20210830,21.0,20.53,22.3,22.57,1.6099999999999994,7.681297709923651,347782780.0
600089,20210827,18.81,18.81,20.52,20.96,1.6400000000000006,8.488612836438936,318780013.0
600089,20210826,19.0,18.7,19.05,19.32,0.379999999999999,2.006335797254488,262920760.0
600089,20210825,17.09,17.05,18.94,18.94,1.240000000000002,7.00564971751414,274220966.0
600089,20210824,17.17,17.0,17.22,17.7,0.370000000000001,2.1350259665320337,158147548.0
600089,20210823,16.72,16.34,17.16,17.33,0.6099999999999994,3.6483253588516673,169557465.0
600089,20210820,16.24,15.93,16.56,16.72,-0.010000000000001563,-0.059772863120155506,109537893.0
600089,20210819,15.86,15.67,16.45,16.73,0.5399999999999991,3.3353922174181427,137234378.0
600089,20210818,15.99,15.58,15.88,16.19,-0.46999999999999886,-2.82112845138055,104290284.0
600089,20210817,16.26,15.63,15.87,16.66,-0.7699999999999996,-4.417670682730924,147091317.0
600089,20210816,17.22,16.32,16.34,17.43,-0.5500000000000007,-3.058954393770863,177291601.0
600089,20210813,16.4,16.31,17.21,17.98,1.3200000000000003,7.923169267707086,227285182.0
600089,20210812,16.4,16.12,16.53,16.66,-0.4299999999999997,-2.5160912814511383,125504982.0
600089,20210811,16.24,16.16,16.7,17.09,0.23999999999999844,1.4243323442136413,154283946.0
600089,20210810,16.49,15.98,16.35,16.85,-0.019999999999999574,-0.11855364552459946,149185714.0
600089,20210809,16.75,16.1,16.58,16.87,-0.2799999999999976,-1.632653061224476,123696021.0
600089,20210806,17.08,16.61,16.76,17.15,-0.030000000000001137,-0.17462165308499422,144553074.0
600089,20210805,16.75,16.46,16.9,17.18,0.9400000000000013,5.78817733990149,302889395.0
600089,20210804,14.69,14.62,16.24,16.24,0.7899999999999991,5.113268608414234,174910912.0
600089,20210803,15.25,14.6,14.76,15.45,-0.030000000000001137,-0.19379844961241455,134535081.0
600089,20210802,15.13,14.81,15.27,15.48,-0.07000000000000028,-0.4501607717041778,162249312.0
600089,20210730,14.85,14.81,15.13,15.55,0.27000000000000135,1.7670157068062853,129595092.0
600089,20210729,14.9,14.76,15.07,15.28,0.47999999999999865,3.2432432432432323,132545299.0
600089,20210728,14.2,13.77,14.56,14.8,-1.129999999999999,-7.093534212178277,143761042.0
600089,20210727,15.24,14.3,14.46,15.93,0.1999999999999993,1.2714558169103496,199141590.0
600089,20210726,15.3,14.91,15.12,15.73,-0.2699999999999996,-1.6874999999999973,152429472.0
600089,20210723,15.39,15.21,15.49,16.0,-0.35999999999999943,-2.2004889975550057,141242463.0
600089,20210722,15.88,15.45,15.6,16.36,0.1999999999999993,1.2376237623762387,160848253.0
600089,20210721,15.49,15.19,15.84,16.16,0.6099999999999994,3.92282958199357,204001297.0
600089,20210720,15.06,15.01,15.4,15.55,-0.48999999999999844,-3.0548628428927582,116645556.0
600089,20210719,15.7,15.28,15.38,16.04,-0.060000000000002274,-0.3726708074534346,170216796.0
600089,20210716,14.81,14.67,15.57,16.1,1.0300000000000011,6.834771068347711,226918914.0
600089,20210715,14.24,14.11,14.84,15.07,-0.0600000000000005,-0.396563119629878,235428370.0
600089,20210714,14.98,14.12,14.17,15.13,0.5900000000000016,4.057771664374155,307594910.0
600089,20210713,13.6,13.48,14.54,14.54,1.0799999999999983,8.023774145616635,205072792.0
600089,20210712,13.4,13.09,13.22,13.46,0.16000000000000014,1.2030075187969835,155320963.0
600089,20210709,12.7,12.42,13.3,13.3,0.040000000000000924,0.3016591251885359,162660285.0
600089,20210708,13.0,12.75,12.88,13.26,0.28999999999999915,2.2359290670778575,132909573.0
600089,20210707,12.47,12.24,12.86,12.97,-0.05999999999999872,-0.46047582501917983,126501442.0
600089,20210706,12.78,12.33,12.63,13.03,-0.10000000000000142,-0.7616146230007725,117991130.0
600089,20210705,12.87,12.53,12.7,13.13,-0.17999999999999972,-1.3523666416228375,96565098.0
600089,20210702,12.49,12.49,12.84,13.31,0.22000000000000064,1.680672268907557,149950062.0
600089,20210701,12.8,12.41,12.45,13.09,0.15000000000000036,1.1591962905718622,114526028.0
600089,20210630,12.6,12.47,12.85,12.94,-0.2900000000000009,-2.191987906273629,122381734.0
600089,20210629,12.71,12.61,12.75,13.23,0.41999999999999993,3.2786885245901676,174384843.0
600089,20210628,12.48,12.2,12.48,12.81,0.28000000000000114,2.2346368715083997,179318082.0
600089,20210625,12.26,12.02,12.41,12.53,0.35999999999999943,2.958093672966311,236697508.0
600089,20210624,11.09,11.09,12.17,12.17,1.0999999999999996,9.936766034327004,164866969.0
600089,20210623,10.86,10.76,11.06,11.07,0.14000000000000057,1.2808783165599413,70009495.0
600089,20210622,10.83,10.73,10.81,10.93,-0.08999999999999986,-0.8166969147005432,49572824.0
600089,20210621,10.97,10.77,10.85,11.02,-0.13000000000000078,-1.1659192825112186,64997272.0
600089,20210618,11.03,10.9,10.96,11.15,-0.10999999999999943,-0.9769094138543433,42506936.0
600089,20210617,11.1,11.08,11.17,11.26,-0.10999999999999943,-0.9674582233948903,29950957.0
600089,20210616,11.32,11.08,11.11,11.37,-0.5200000000000014,-4.373423044575286,56320740.0
600089,20210615,11.8,11.39,11.44,11.89,-0.17999999999999972,-1.4913007456503702,64315872.0
600089,20210611,11.63,11.62,11.81,12.07,0.3000000000000007,2.548853016142738,100250515.0
600089,20210610,11.35,11.3,11.71,11.77,0.3200000000000003,2.7947598253275086,87937267.0
600089,20210609,11.44,11.25,11.34,11.45,-0.030000000000001137,-0.2613240418118612,32923164.0
600089,20210608,11.43,11.33,11.44,11.48,-0.11999999999999922,-1.0344827586206806,32871609.0
600089,20210607,11.58,11.35,11.42,11.6,-0.040000000000000924,-0.3436426116838587,42680607.0
600089,20210604,11.48,11.38,11.52,11.64,-0.08000000000000007,-0.6825938566552892,41829310.0
600089,20210603,11.68,11.45,11.48,11.72,-0.21999999999999886,-1.8425460636515845,57115701.0
600089,20210602,11.79,11.63,11.65,11.94,0.07000000000000028,0.5897219882055715,55747074.0
600089,20210601,11.86,11.6,11.72,11.87,-0.10000000000000142,-0.8354218880534781,68952345.0
600089,20210531,11.7,11.5,11.93,11.97,-0.09999999999999964,-0.8285004142501995,78940144.0
600089,20210528,11.9,11.7,11.74,12.07,0.14000000000000057,1.1735121542330251,67599478.0
600089,20210527,11.84,11.75,11.89,11.93,-0.22000000000000064,-1.8106995884773713,57424809.0
600089,20210526,12.02,11.82,11.85,12.15,-0.02999999999999936,-0.24630541871920597,64363831.0
600089,20210525,11.77,11.46,12.08,12.18,0.23000000000000043,1.9246861924686165,91324930.0
600089,20210524,11.82,11.71,11.75,11.95,-0.4300000000000015,-3.473344103392584,53400980.0
600089,20210521,12.18,11.95,11.98,12.38,0.2400000000000002,1.976935749588149,63996655.0
600089,20210520,11.84,11.8,12.09,12.14,0.17999999999999972,1.5050167224080147,65638158.0
600089,20210519,11.96,11.78,11.85,11.96,-0.28999999999999915,-2.3673469387755053,50963469.0
600089,20210518,12.25,11.95,12.01,12.25,-0.07000000000000028,-0.5681818181818232,63815257.0
600089,20210517,12.09,12.02,12.29,12.32,0.120000000000001,0.9836065573770592,68336042.0
600089,20210514,12.15,11.96,12.09,12.2,-0.2400000000000002,-1.9292604501607746,47970319.0
600089,20210513,12.37,11.98,12.04,12.44,-0.2900000000000009,-2.278083267871178,68065671.0
600089,20210512,12.36,12.33,12.47,12.73,0.17999999999999972,1.4342629482071656,62192497.0
600089,20210511,12.41,12.27,12.45,12.55,-0.08000000000000007,-0.6334125098970689,69929919.0
600089,20210510,12.0,11.9,12.62,12.63,0.20000000000000107,1.6090104585679832,105910643.0
600089,20210507,12.34,12.13,12.17,12.43,-0.09999999999999964,-0.7980845969672745,92637760.0
600089,20210506,12.25,12.2,12.33,12.53,0.08000000000000007,0.6425702811244882,96275473.0
600089,20210430,12.44,11.96,12.33,12.45,-0.40000000000000036,-3.11284046692607,197583155.0
600089,20210429,12.5,12.4,12.81,12.85,0.6699999999999999,5.500821018062396,146042414.0
600089,20210428,11.65,11.65,12.15,12.18,0.4499999999999993,3.8363171355498604,91385364.0
600089,20210427,11.59,11.42,11.72,11.73,-0.25,-2.086811352253759,49493510.0
600089,20210426,11.76,11.6,11.65,11.98,-0.08999999999999986,-0.7456503728251906,73362129.0
600089,20210423,11.72,11.63,11.79,12.07,0.41999999999999993,3.6051502145922676,105514765.0
600089,20210422,11.48,11.38,11.56,11.65,0.040000000000000924,0.3445305770887197,44987704.0
600089,20210421,11.57,11.4,11.43,11.61,-0.13000000000000078,-1.1073253833049468,41252156.0
600089,20210420,11.63,11.54,11.55,11.74,0.0600000000000005,0.5136986301369939,62786194.0
600089,20210419,11.29,11.26,11.63,11.68,0.33999999999999986,2.998236331569659,94123441.0
600089,20210416,11.13,11.12,11.23,11.34,0.11999999999999922,1.0695187165775222,52528519.0
600089,20210415,10.99,10.94,11.17,11.22,0.120000000000001,1.0810810810810922,64463772.0
600089,20210414,10.71,10.7,10.98,11.1,0.1899999999999995,1.7415215398716821,43765199.0
600089,20210413,10.82,10.71,10.74,10.91,-0.22000000000000064,-1.9766397124887702,37057801.0
600089,20210412,11.13,10.84,10.95,11.13,-0.16999999999999993,-1.5044247787610598,50519320.0
600089,20210409,11.21,11.09,11.15,11.3,-0.06999999999999851,-0.6156552330694676,44309401.0
600089,20210408,11.35,11.17,11.3,11.37,-0.1800000000000015,-1.55844155844157,61602930.0
600089,20210407,11.16,11.06,11.47,11.55,0.16999999999999993,1.493848857644986,89615961.0
600089,20210406,11.13,11.08,11.21,11.38,0.14000000000000057,1.2455516014235002,54753450.0
600089,20210402,11.24,11.06,11.09,11.24,-0.2599999999999998,-2.260869565217394,66450997.0
600089,20210401,11.33,11.22,11.29,11.5,0.1999999999999993,1.7699115044247815,69820985.0
600089,20210331,11.3,11.06,11.19,11.3,-0.3099999999999987,-2.670111972437539,63403442.0
600089,20210330,10.98,10.91,11.44,11.61,0.16000000000000014,1.3973799126637543,112624349.0
600089,20210329,11.45,11.06,11.09,11.45,-0.08999999999999986,-0.7798960138648114,85961912.0
600089,20210326,11.16,11.15,11.45,11.54,0.3099999999999987,2.7604630454140633,78998370.0
600089,20210325,11.18,10.83,11.08,11.23,-0.09999999999999964,-0.8826125330979706,55796348.0
600089,20210324,11.18,11.09,11.23,11.33,-0.5,-4.226542688081148,48733828.0
600089,20210323,11.8,11.19,11.33,11.83,0.07000000000000028,0.5952380952380931,90493021.0
600089,20210322,11.15,11.13,11.75,11.76,0.33999999999999986,2.977232924693518,110845193.0
600089,20210319,11.23,11.06,11.15,11.42,-0.16999999999999993,-1.4667817083692802,69479555.0
600089,20210318,11.45,11.29,11.49,11.59,0.07000000000000028,0.607638888888884,64363401.0
600089,20210317,11.52,11.23,11.4,11.52,-0.23000000000000043,-1.9574468085106433,63086133.0
600089,20210316,11.28,11.25,11.61,11.75,0.34999999999999964,3.0701754385964897,102508958.0
600089,20210315,11.2,11.06,11.22,11.4,-0.2599999999999998,-2.2298456260720356,72823074.0
600089,20210312,11.49,11.26,11.44,11.66,0.5899999999999999,5.329719963866308,127675491.0
600089,20210311,10.73,10.65,11.02,11.07,-0.09999999999999964,-0.8952551477171,78807116.0
600089,20210310,11.14,10.7,10.76,11.17,0.05000000000000071,0.4496402877697925,65708265.0
600089,20210309,10.94,10.51,10.81,11.12,-0.5600000000000005,-4.794520547945213,94586572.0
600089,20210308,11.59,10.95,10.95,11.68,-0.16000000000000014,-1.3513513513513487,130938269.0
600089,20210305,11.12,11.02,11.6,11.84,-0.3100000000000005,-2.551440329218113,107033124.0
600089,20210304,12.1,11.3,11.45,12.15,-0.5899999999999999,-4.6310832025117765,200980765.0
600089,20210303,12.46,12.16,12.56,12.74,-0.27999999999999936,-2.1505376344086002,107874786.0
600089,20210302,12.8,12.51,12.51,13.02,0.41999999999999993,3.3333333333333437,156731334.0
600089,20210301,12.36,12.18,12.45,12.6,0.25,2.0242914979757165,101366242.0
600089,20210226,11.7,11.53,12.13,12.35,-0.25,-1.9841269841269882,116748088.0
600089,20210225,12.5,12.15,12.18,12.6,-0.6899999999999995,-5.191873589164786,114027853.0
600089,20210224,13.2,12.02,12.36,13.29,-0.5100000000000016,-3.6956521739130554,226714292.0
600089,20210223,13.6,13.13,13.23,13.8,-0.7899999999999991,-5.414667580534605,183600117.0
600089,20210222,13.4,13.3,13.87,14.59,1.3200000000000003,9.947249434815376,264863348.0
600089,20210219,13.26,12.77,13.26,13.27,-0.9900000000000002,-6.942496493688644,165438898.0
600089,20210218,14.0,13.36,13.48,14.26,-0.02999999999999936,-0.20993701889432392,206271301.0
600089,20210210,13.89,13.72,13.93,14.29,0.28999999999999915,2.0714285714285685,218391465.0
600089,20210209,13.11,12.9,13.99,14.0,1.25,9.80392156862746,252359340.0
600089,20210208,12.2,11.55,12.75,12.75,-1.0999999999999996,-7.942238267148016,199456880.0
600089,20210205,13.62,12.33,12.4,13.85,-0.030000000000001137,-0.2161383285302687,234680960.0
600089,20210204,12.98,12.81,13.35,13.88,0.0,0.0,214029371.0
600089,20210203,13.08,12.91,13.31,13.88,0.6800000000000015,5.151515151515174,248030792.0
600089,20210202,13.04,12.46,12.73,13.2,0.23999999999999844,1.8518518518518379,167120560.0
600089,20210201,12.52,12.19,12.88,12.96,-0.40999999999999837,-3.066566940912474,176794864.0
600089,20210129,13.37,12.21,12.75,13.37,-0.6100000000000012,-4.363376251788276,224000127.0
600089,20210128,13.55,12.94,13.15,13.98,-0.40000000000000036,-2.781641168289295,286430206.0
600089,20210127,13.45,12.74,14.16,14.38,0.6500000000000004,4.734158776402042,326252679.0
600089,20210126,13.01,12.85,13.34,13.73,-0.25,-1.788268955650929,284545586.0
600089,20210125,12.77,12.5,13.0,13.98,0.9199999999999999,7.044410413476254,387548657.0
600089,20210122,12.15,12.09,12.96,13.06,0.9600000000000009,7.933884297520666,464042298.0
600089,20210121,11.14,10.9,11.87,12.1,0.9900000000000002,8.910891089108919,324238981.0
600089,20210120,10.88,10.7,11.0,11.11,-0.15000000000000036,-1.3321492007104863,112093149.0
600089,20210119,11.17,10.84,10.87,11.26,-0.22000000000000064,-1.9163763066202155,151032784.0
600089,20210118,10.51,10.3,11.28,11.48,0.7300000000000004,6.7906976744186,237254152.0
600089,20210115,10.6,10.16,10.46,10.75,-0.4399999999999995,-3.932082216264521,139175243.0
600089,20210114,11.11,10.46,10.9,11.19,0.4499999999999993,4.189944134078205,219345397.0
600089,20210113,10.16,10.11,10.69,10.74,0.4900000000000002,4.780487804878053,201155792.0
600089,20210112,9.77,9.77,10.18,10.25,0.09999999999999964,0.9852216748768461,120583691.0
600089,20210111,10.15,9.8,9.8,10.15,-0.5499999999999989,-5.1401869158878455,131808970.0
600089,20210108,10.65,10.05,10.25,10.7,-0.07000000000000028,-0.6499535747446661,140653047.0
600089,20210107,10.36,10.23,10.55,10.77,0.29999999999999893,2.865329512893977,180561232.0
600089,20210106,10.46,9.98,10.28,10.47,-0.16999999999999993,-1.5977443609022535,144937834.0
600089,20210105,10.54,10.33,10.48,10.64,-0.33000000000000007,-3.008204193254327,170232305.0
600089,20210104,10.29,10.25,10.7,10.97,0.5099999999999998,4.875717017208414,218382140.0
600089,20201231,10.05,10.02,10.15,10.46,0.22000000000000064,2.1484375,157221861.0
600089,20201230,9.83,9.78,9.86,10.24,-0.2599999999999998,-2.4761904761904763,167204184.0
600089,20201229,10.48,9.73,9.77,10.5,-0.3800000000000008,-3.492647058823539,223929999.0
600089,20201228,10.8,10.45,10.66,10.88,0.26000000000000156,2.4482109227872195,259375960.0
600089,20201225,9.65,9.58,10.62,10.62,0.6999999999999993,7.056451612903225,278724778.0
600089,20201224,9.79,9.43,9.65,9.92,-0.13000000000000078,-1.2935323383084674,169467520.0
600089,20201223,9.55,9.48,9.81,10.05,0.0,0.0,286167288.0
600089,20201222,9.69,9.36,9.48,10.05,0.16000000000000014,1.6177957532861553,223691254.0
600089,20201221,9.63,9.42,9.58,9.89,0.2400000000000002,2.4870466321243567,206197231.0
600089,20201218,8.98,8.91,9.38,9.65,0.5199999999999996,5.6955093099671394,186917861.0
600089,20201217,8.79,8.7,8.96,9.13,0.15000000000000036,1.6703786191536896,144532896.0
600089,20201216,8.51,8.45,8.78,8.98,0.2599999999999998,2.9816513761467878,205815818.0
600089,20201215,8.5,8.38,8.71,8.72,0.6400000000000006,7.920792079207928,233688570.0
600089,20201214,8.03,7.84,7.93,8.08,-0.10999999999999943,-1.3431013431013383,41792393.0
600089,20201211,8.16,7.8,8.04,8.19,-0.08999999999999986,-1.0869565217391242,75516383.0
600089,20201210,8.15,8.09,8.15,8.28,-0.0600000000000005,-0.7194244604316613,40002397.0
600089,20201209,8.25,8.17,8.18,8.34,0.02999999999999936,0.3610108303248927,26304230.0
600089,20201208,8.24,8.2,8.28,8.31,-0.11999999999999922,-1.4234875444839812,25893165.0
600089,20201207,8.43,8.21,8.22,8.43,-0.14000000000000057,-1.6336056009334965,38280710.0
600089,20201204,8.54,8.41,8.44,8.57,-0.03999999999999915,-0.464576074332157,21590049.0
600089,20201203,8.57,8.44,8.56,8.61,-0.08000000000000007,-0.9205983889528202,26723415.0
600089,20201202,8.52,8.5,8.57,8.69,0.10999999999999943,1.2820512820512775,30355313.0
600089,20201201,8.49,8.32,8.58,8.58,-0.11999999999999922,-1.3793103448275779,46101508.0
600089,20201130,8.69,8.52,8.53,8.7,-0.05000000000000071,-0.5714285714285783,47159906.0
600089,20201127,8.68,8.5,8.68,8.75,-0.009999999999999787,-0.11415525114154557,39359385.0
600089,20201126,8.59,8.54,8.68,8.76,-0.019999999999999574,-0.2277904328018221,51490166.0
600089,20201125,8.69,8.56,8.56,8.78,-0.009999999999999787,-0.11376564277587597,43900976.0
600089,20201124,8.4,8.38,8.71,8.79,0.3199999999999985,3.7780401416764864,77493706.0
600089,20201123,8.41,8.27,8.36,8.47,0.05000000000000071,0.5938242280285166,46757425.0
600089,20201120,8.29,8.29,8.41,8.42,0.019999999999999574,0.23809523809523725,22860945.0
600089,20201119,8.37,8.22,8.29,8.4,-0.08999999999999986,-1.0600706713780883,23507818.0
600089,20201118,8.49,8.36,8.4,8.49,0.0,0.0,24075936.0
600089,20201117,8.39,8.32,8.47,8.49,0.08000000000000007,0.9512485136742077,31348884.0
600089,20201116,8.11,8.1,8.4,8.41,0.16000000000000014,1.9393939393939519,34899221.0
600089,20201113,8.25,8.08,8.12,8.25,-0.02999999999999936,-0.36231884057970065,27952881.0
600089,20201112,8.25,8.18,8.28,8.28,-0.08000000000000007,-0.9569377990430672,14604939.0
600089,20201111,8.29,8.17,8.21,8.36,-0.14000000000000057,-1.6470588235294237,30760125.0
600089,20201110,8.49,8.24,8.29,8.5,-0.03999999999999915,-0.4683840749414414,41052956.0
600089,20201109,8.42,8.4,8.49,8.54,0.049999999999998934,0.5889281507655886,48887570.0
600089,20201106,8.35,8.27,8.38,8.49,0.14000000000000057,1.6766467065868262,44920011.0
600089,20201105,8.27,8.22,8.32,8.35,-0.07000000000000028,-0.8313539192399078,34006185.0
600089,20201104,8.39,8.16,8.21,8.42,0.05000000000000071,0.5973715651135025,35929582.0
600089,20201103,8.24,8.22,8.37,8.37,0.049999999999998934,0.6009615384615197,36311433.0
600089,20201102,8.13,8.07,8.2,8.32,-0.14000000000000057,-1.654846335697402,41356316.0
600089,20201030,8.31,8.18,8.21,8.46,0.10000000000000142,1.1961722488038395,36255061.0
600089,20201029,8.25,8.22,8.3,8.36,-0.08999999999999986,-1.0650887573964485,26227879.0
600089,20201028,8.39,8.24,8.38,8.45,-0.14000000000000057,-1.6298020954598424,22878764.0
600089,20201027,8.59,8.27,8.42,8.59,-0.08000000000000007,-0.9227220299884653,46136390.0
600089,20201026,8.52,8.41,8.66,8.67,-0.1899999999999995,-2.1444695259593582,26176341.0
600089,20201023,8.8,8.53,8.56,8.86,-0.009999999999999787,-0.11273957158962622,36858268.0
600089,20201022,8.78,8.64,8.79,8.87,-0.26000000000000156,-2.847754654983592,32342099.0
600089,20201021,9.12,8.72,8.82,9.13,-0.019999999999999574,-0.21857923497267118,58300296.0
600089,20201020,9.05,8.95,9.11,9.15,-0.1999999999999993,-2.1390374331550777,37150409.0
600089,20201019,9.3,9.05,9.07,9.35,-0.09999999999999964,-1.0582010582010581,43088401.0
600089,20201016,9.35,9.13,9.21,9.45,-0.14000000000000057,-1.4598540145985495,58222845.0
600089,20201015,9.56,9.32,9.37,9.59,-0.09999999999999964,-1.0319917440660409,76323405.0
600089,20201014,9.49,9.32,9.55,9.69,0.049999999999998934,0.5186721991701226,79429399.0
600089,20201013,9.38,9.27,9.49,9.64,0.11000000000000121,1.1542497376705319,88898102.0
600089,20201012,9.39,9.15,9.38,9.53,-0.02000000000000135,-0.20942408376964927,118135625.0
600089,20201009,9.22,9.16,9.26,9.55,0.6100000000000012,6.823266219239388,136785237.0
600089,20200930,8.48,8.48,8.78,8.94,0.1399999999999988,1.5909090909090873,67048765.0
600089,20200929,8.77,8.51,8.58,8.8,-0.049999999999998934,-0.5649717514124131,38667605.0
600089,20200928,8.48,8.4,8.69,8.85,0.3699999999999992,4.363207547169812,74835065.0
600089,20200925,8.44,8.26,8.42,8.48,-0.4499999999999993,-5.039193729003355,36328533.0
600089,20200924,8.92,8.4,8.41,8.93,-0.16999999999999993,-1.8681318681318726,88137424.0
600089,20200923,8.66,8.66,9.04,9.1,0.2400000000000002,2.708803611738153,101216994.0
600089,20200922,8.75,8.64,8.69,8.86,-0.08000000000000007,-0.8948545861297563,47181601.0
600089,20200921,8.78,8.63,8.85,8.94,0.09999999999999964,1.1312217194570096,72367449.0
600089,20200918,8.51,8.51,8.71,8.84,0.1899999999999995,2.196531791907508,46152411.0
600089,20200917,8.61,8.46,8.52,8.65,-0.21999999999999886,-2.480270574971799,39452916.0
600089,20200916,8.81,8.54,8.71,8.87,0.1899999999999995,2.188940092165903,67340365.0
600089,20200915,8.48,8.47,8.66,8.68,-0.17999999999999972,-2.0316027088036037,52540828.0
600089,20200914,8.48,8.44,8.55,8.86,0.35999999999999943,4.235294117647048,92101703.0
600089,20200911,8.08,8.05,8.47,8.5,0.2599999999999998,3.15533980582523,82814460.0
600089,20200910,8.15,8.05,8.13,8.24,-0.03999999999999915,-0.48309178743960457,39224017.0
600089,20200909,8.01,7.98,8.12,8.28,0.17999999999999972,2.2222222222222143,54814873.0
600089,20200908,7.85,7.81,8.09,8.1,-0.009999999999999787,-0.12330456226880004,36930848.0
600089,20200907,7.98,7.85,7.86,8.11,0.11999999999999922,1.5018773466833446,33931480.0
600089,20200904,7.9,7.85,7.97,7.99,-0.17999999999999972,-2.2031823745410017,25932866.0
600089,20200903,8.1,8.01,8.01,8.17,-0.0600000000000005,-0.7290400972053468,30865694.0
600089,20200902,8.2,8.05,8.12,8.23,0.030000000000001137,0.3658536585366079,32744213.0
600089,20200901,8.14,8.08,8.16,8.2,-0.14000000000000057,-1.6786570743405393,26570022.0
600089,20200831,8.24,8.17,8.17,8.34,0.0600000000000005,0.7246376811594235,42637093.0
600089,20200828,8.11,8.06,8.22,8.28,0.10999999999999943,1.346389228886169,42480249.0
600089,20200827,8.05,7.99,8.14,8.17,-0.02999999999999936,-0.3658536585365746,39839952.0
600089,20200826,8.11,7.99,8.06,8.2,-0.2400000000000002,-2.8436018957346043,49415011.0
600089,20200825,8.42,8.09,8.14,8.44,-0.120000000000001,-1.4018691588785215,79073298.0
600089,20200824,8.35,8.3,8.41,8.56,-0.03999999999999915,-0.46511627906975495,45101780.0
600089,20200821,8.6,8.32,8.4,8.6,-0.20000000000000107,-2.272727272727282,74917954.0
600089,20200820,8.8,8.5,8.52,8.8,-0.4299999999999997,-4.658721560130008,120037896.0
600089,20200819,8.93,8.87,9.0,9.23,0.2699999999999996,3.0133928571428603,164851995.0
600089,20200818,8.66,8.61,8.83,8.96,0.1800000000000015,2.05011389521641,133004983.0
600089,20200817,8.65,8.52,8.66,8.78,0.06999999999999851,0.8036739380022695,99179036.0
600089,20200814,8.66,8.47,8.68,8.71,-0.22999999999999865,-2.572706935123026,74292326.0
600089,20200813,8.9,8.65,8.76,8.94,0.0,0.0,68251883.0
600089,20200812,8.9,8.58,8.8,8.94,-0.23000000000000043,-2.5081788440567077,107444065.0
600089,20200811,8.97,8.78,8.96,9.17,-0.25,-2.6539278131634814,129175878.0
600089,20200810,9.12,8.91,9.05,9.42,0.2599999999999998,2.8384279475982543,171275012.0
600089,20200807,8.69,8.65,9.1,9.16,0.23000000000000043,2.5755879059350617,218684933.0
600089,20200806,8.8,8.5,8.76,8.93,0.14000000000000057,1.5927189988623525,175246707.0
600089,20200805,8.43,8.31,8.76,8.79,0.1399999999999988,1.6184971098265777,172522827.0
600089,20200804,8.65,8.24,8.48,8.65,-0.2699999999999996,-3.0269058295964046,179107372.0
600089,20200803,8.92,8.53,8.68,8.92,-0.09999999999999964,-1.1086474501108556,175639532.0
600089,20200731,8.68,8.57,8.73,9.02,0.21999999999999886,2.499999999999991,257603721.0
600089,20200730,8.15,8.09,8.71,8.8,0.7100000000000009,8.776266996291726,265226613.0
600089,20200729,7.83,7.68,8.09,8.09,-0.16999999999999993,-2.0581113801452777,136750453.0
600089,20200728,8.23,7.83,7.93,8.26,-0.33999999999999986,-3.953488372093017,160727042.0
600089,20200727,8.5,8.19,8.23,8.6,-0.14000000000000057,-1.6018306636155666,170773731.0
600089,20200724,8.6,8.1,8.2,8.74,-0.11999999999999922,-1.3544018058690654,222800942.0
600089,20200723,8.4,8.34,8.58,8.86,0.17999999999999972,2.073732718894017,227988951.0
600089,20200722,8.06,7.94,8.48,8.68,0.20999999999999908,2.4793388429751984,290173164.0
600089,20200721,8.16,8.1,8.22,8.47,0.6800000000000006,8.729139922978192,360478065.0
600089,20200720,7.17,7.17,7.7,7.79,0.5800000000000001,8.044382801664351,125097077.0
600089,20200717,7.13,7.03,7.1,7.21,-0.28000000000000025,-3.738317757009346,39014605.0
600089,20200716,7.37,7.11,7.12,7.49,-0.21999999999999975,-2.853437094682232,59011464.0
600089,20200715,7.64,7.36,7.38,7.71,-0.2400000000000002,-3.018867924528301,72936387.0
600089,20200714,7.63,7.55,7.68,7.95,0.2999999999999998,3.9215686274509887,109772583.0
600089,20200713,7.31,7.29,7.62,7.65,0.11000000000000032,1.458885941644561,85472595.0
600089,20200710,7.54,7.3,7.32,7.54,-0.04999999999999982,-0.6587615283267456,74149454.0
600089,20200709,7.37,7.33,7.55,7.59,0.1299999999999999,1.742627345844494,94491763.0
600089,20200708,7.2,7.18,7.4,7.46,-0.08999999999999986,-1.192052980132452,77019559.0
600089,20200707,7.42,7.22,7.22,7.55,0.21999999999999975,3.00136425648021,98254421.0
600089,20200706,7.17,7.11,7.3,7.33,0.13999999999999968,1.947148817802491,86369800.0
600089,20200703,7.14,7.1,7.18,7.19,0.0600000000000005,0.8415147265077305,56680652.0
600089,20200702,7.0,6.98,7.12,7.13,0.1299999999999999,1.857142857142846,63076780.0
600089,20200701,6.75,6.74,6.99,7.0,0.20999999999999996,3.092783505154628,53516652.0
600089,20200630,6.76,6.7,6.77,6.79,-0.05999999999999961,-0.8759124087591164,23192115.0
600089,20200629,6.83,6.69,6.7,6.85,-0.09000000000000075,-1.2968299711815678,32019910.0
600089,20200624,6.9,6.86,6.87,6.94,-0.009999999999999787,-0.14388489208633226,17794529.0
600089,20200623,6.91,6.85,6.88,6.95,0.0,0.0,19853269.0
600089,20200622,6.89,6.89,6.92,6.95,0.020000000000000462,0.28860028860029363,20894344.0
600089,20200619,6.9,6.87,6.91,6.93,0.0,0.0,23854112.0
600089,20200618,6.81,6.78,6.91,6.93,0.08000000000000007,1.167883211678844,29260234.0
600089,20200617,6.84,6.76,6.82,6.85,-0.020000000000000462,-0.29112081513829047,20079941.0
600089,20200616,6.76,6.72,6.85,6.87,0.0600000000000005,0.8810572687224738,26247360.0
600089,20200615,6.8,6.71,6.71,6.81,-0.03000000000000025,-0.43859649122807154,25521357.0
600089,20200612,6.78,6.75,6.82,6.84,-0.1299999999999999,-1.86513629842181,26373067.0
600089,20200611,6.92,6.86,6.89,6.97,-0.07000000000000028,-0.9943181818181879,19799290.0
600089,20200610,7.04,6.93,6.93,7.04,-0.040000000000000036,-0.5649717514124353,26806978.0
600089,20200609,7.03,7.0,7.06,7.08,-0.019999999999999574,-0.28169014084505895,20897711.0
600089,20200608,7.06,7.01,7.02,7.1,0.0,0.0,21437852.0
600089,20200605,7.02,6.92,7.05,7.1,0.0,0.0,26055808.0
600089,20200604,7.07,7.0,7.02,7.1,-0.07000000000000028,-0.9762900976290179,22390048.0
600089,20200603,7.12,7.03,7.07,7.17,0.04999999999999982,0.7022471910112404,34514598.0
600089,20200602,7.07,7.02,7.12,7.12,0.03000000000000025,0.42313117066290484,31323798.0
600089,20200601,6.94,6.91,7.06,7.09,0.10999999999999943,1.5759312320916763,36479384.0
600089,20200529,6.93,6.87,6.87,6.98,-0.10999999999999943,-1.5514809590973067,25117030.0
600089,20200528,7.05,6.84,6.93,7.09,-0.10000000000000053,-1.3908205841446475,44703637.0
600089,20200527,7.19,7.05,7.07,7.19,-0.009999999999999787,-0.1388888888888884,26436786.0
600089,20200526,7.17,7.1,7.19,7.2,-0.009999999999999787,-0.1386962552011095,29136809.0
600089,20200525,7.07,7.07,7.13,7.21,-0.04999999999999982,-0.688705234159781,22209617.0
600089,20200522,7.17,7.04,7.09,7.26,-0.2400000000000002,-3.200000000000003,39572981.0
600089,20200521,7.46,7.15,7.2,7.5,-0.1200000000000001,-1.5748031496062964,88451373.0
600089,20200520,7.58,7.46,7.54,7.62,-0.11000000000000032,-1.4230271668822847,47584113.0
600089,20200519,7.7,7.55,7.58,7.73,-0.15999999999999925,-2.027883396704677,54289555.0
600089,20200518,7.83,7.63,7.65,7.89,0.1299999999999999,1.675257731958757,65378622.0
600089,20200515,7.72,7.6,7.63,7.76,-0.04999999999999982,-0.6402048655569814,45093977.0
600089,20200514,7.76,7.69,7.7,7.81,-0.1200000000000001,-1.5132408575031508,61213418.0
600089,20200513,7.55,7.55,7.86,7.93,0.1899999999999995,2.454780361757103,109920845.0
600089,20200512,7.73,7.5,7.64,7.74,-0.0699999999999994,-0.8962868117797673,54267234.0
600089,20200511,7.65,7.61,7.78,7.81,0.07999999999999918,1.0349288486416475,74558056.0
600089,20200508,7.68,7.57,7.61,7.73,-0.02999999999999936,-0.3865979381443174,55445912.0
600089,20200507,7.68,7.55,7.6,7.76,0.040000000000000036,0.5181347150259086,51074351.0
600089,20200506,7.49,7.42,7.71,7.72,0.1200000000000001,1.5789473684210575,70932153.0
600089,20200430,7.41,7.41,7.53,7.6,0.009999999999999787,0.13175230566535578,60194609.0
600089,20200429,7.42,7.35,7.38,7.59,-0.20999999999999996,-2.692307692307694,50990880.0
600089,20200428,7.8,7.18,7.42,7.8,-0.3600000000000003,-4.4117647058823595,123908788.0
600089,20200427,7.81,7.8,7.91,8.16,0.13000000000000078,1.6189290161892966,90157659.0
600089,20200424,7.77,7.72,7.81,8.03,0.02999999999999936,0.374999999999992,71551509.0
600089,20200423,8.0,7.8,7.8,8.0,-0.1899999999999995,-2.3199023199023117,68688893.0
600089,20200422,7.66,7.63,8.06,8.19,0.28999999999999915,3.6708860759493644,119743036.0
600089,20200421,7.9,7.62,7.78,7.9,-0.09999999999999964,-1.2499999999999956,85677163.0
600089,20200420,7.83,7.81,7.91,8.0,-0.25,-3.0303030303030276,82026329.0
600089,20200417,8.11,7.81,7.89,8.25,0.07000000000000028,0.8557457212714059,149470368.0
600089,20200416,7.44,7.41,8.11,8.18,0.4299999999999997,5.548387096774188,206923141.0
600089,20200415,7.5,7.38,7.53,7.75,0.16999999999999993,2.242744063324542,99414928.0
600089,20200414,7.3,7.29,7.45,7.58,0.16000000000000014,2.156334231805923,69804890.0
600089,20200413,7.31,7.2,7.26,7.42,-0.3200000000000003,-4.134366925064603,47482402.0
600089,20200410,7.6,7.39,7.43,7.74,-0.09999999999999964,-1.2755102040816313,85782190.0
600089,20200409,7.43,7.38,7.66,7.84,0.41000000000000014,5.518169582772536,125824454.0
600089,20200408,7.38,7.33,7.37,7.43,-0.11000000000000032,-1.458885941644572,53680739.0
600089,20200407,7.31,7.3,7.43,7.54,0.17999999999999972,2.4456521739130377,99501830.0
600089,20200403,7.36,7.16,7.17,7.36,-0.0699999999999994,-0.9421265141318913,63295340.0
600089,20200402,7.15,7.09,7.4,7.43,-0.07000000000000028,-0.9333333333333416,78352759.0
600089,20200401,7.26,7.19,7.23,7.5,-0.04999999999999982,-0.6622516556291314,64294713.0
600089,20200331,7.54,7.27,7.3,7.55,-0.1800000000000006,-2.3285899094437346,78738705.0
600089,20200330,7.22,7.1,7.55,7.73,0.08000000000000007,1.0457516339869244,125570327.0
600089,20200327,7.28,7.24,7.4,7.65,0.2600000000000007,3.5182679296346553,125591224.0
600089,20200326,7.35,7.16,7.18,7.39,-0.16000000000000014,-2.119205298013249,72909078.0
600089,20200325,7.5,7.3,7.46,7.55,-0.08000000000000007,-1.0484927916120546,88909171.0
600089,20200324,7.59,7.03,7.32,7.63,-0.23000000000000043,-2.926208651399498,119054090.0
600089,20200323,7.48,7.33,7.42,7.86,-0.3199999999999994,-3.9119804400977953,115931615.0
600089,20200320,8.14,7.77,7.8,8.18,-0.030000000000001137,-0.3654080389768666,127646294.0
600089,20200319,7.82,7.61,8.08,8.21,-0.22999999999999865,-2.7251184834123032,167343934.0
600089,20200318,8.22,7.95,7.95,8.44,-0.02000000000000135,-0.23640661938535423,232413958.0
600089,20200317,7.75,7.53,8.3,8.46,0.13000000000000078,1.5606242496998934,288775159.0
600089,20200316,8.25,7.77,7.82,8.33,0.2400000000000002,2.966625463535233,309392170.0
600089,20200313,7.11,7.11,8.09,8.09,0.47999999999999954,6.307490144546635,278383268.0
600089,20200312,7.4,7.24,7.35,7.61,-0.47999999999999954,-5.933250927070455,110194380.0
600089,20200311,7.7,7.55,7.66,8.09,0.13999999999999968,1.7610062893081757,158096038.0
600089,20200310,7.46,7.0,7.7,7.95,-0.22999999999999954,-2.8117359413202925,206024966.0
600089,20200309,7.33,7.22,7.7,8.18,0.3799999999999999,4.871794871794877,233964561.0
600089,20200306,7.5,7.41,7.55,7.8,0.4399999999999995,5.978260869565211,303388953.0
600089,20200305,6.92,6.92,7.36,7.36,0.6500000000000004,9.687034277198215,185431602.0
600089,20200304,6.55,6.49,6.69,6.71,-0.1200000000000001,-1.7569546120058566,48031714.0
600089,20200303,6.78,6.53,6.6,6.83,0.13999999999999968,2.0926756352765308,74715300.0
600089,20200302,6.27,6.27,6.65,6.69,0.29000000000000004,4.531250000000009,85890749.0
600089,20200228,6.31,6.2,6.23,6.4,-0.16999999999999993,-2.5875190258751846,43948411.0
600089,20200227,6.35,6.31,6.5,6.57,0.1299999999999999,2.0186335403726607,59690489.0
600089,20200226,6.23,6.21,6.31,6.44,0.11000000000000032,1.7377567140600458,44824762.0
600089,20200225,6.3,6.18,6.29,6.33,-0.16999999999999993,-2.6153846153846194,36929172.0
600089,20200224,6.48,6.37,6.41,6.5,-0.04999999999999982,-0.7633587786259555,34858625.0
600089,20200221,6.55,6.44,6.48,6.55,-0.040000000000000036,-0.6069802731411222,42352934.0
600089,20200220,6.53,6.48,6.57,6.59,-0.03000000000000025,-0.45317220543806824,34354609.0
600089,20200219,6.33,6.32,6.54,6.62,0.1900000000000004,2.954898911353032,51408049.0
600089,20200218,6.34,6.31,6.36,6.43,0.08000000000000007,1.2598425196850505,23167900.0
600089,20200217,6.23,6.23,6.34,6.35,-0.010000000000000675,-0.15723270440252124,19553157.0
600089,20200214,6.29,6.22,6.25,6.36,-0.29000000000000004,-4.360902255639099,29245605.0
600089,20200213,6.4,6.37,6.38,6.65,0.20000000000000018,3.100775193798455,64643160.0
600089,20200212,6.4,6.18,6.31,6.45,0.33000000000000007,5.392156862745101,52738852.0
600089,20200211,6.08,6.03,6.06,6.12,0.009999999999999787,0.16366612111291534,16402403.0
600089,20200210,6.0,5.96,6.08,6.11,0.0600000000000005,0.9917355371900971,21007878.0
600089,20200207,5.88,5.84,6.04,6.05,0.1200000000000001,2.023608768971341,25242063.0
600089,20200206,5.89,5.81,5.92,5.93,-0.010000000000000675,-0.16835016835018424,26302066.0
600089,20200205,5.83,5.78,5.87,5.94,0.03000000000000025,0.5076142131979822,26137904.0
600089,20200204,5.69,5.61,5.81,5.91,0.1299999999999999,2.249134948096887,34785556.0
600089,20200203,5.72,5.72,5.72,5.78,-0.7199999999999998,-11.076923076923073,44991517.0
600089,20200123,6.5,6.33,6.36,6.5,-0.04999999999999982,-0.7633587786259555,26311306.0
600089,20200122,6.53,6.44,6.52,6.55,-0.08999999999999986,-1.3554216867469826,18115968.0
600089,20200121,6.64,6.55,6.56,6.64,-0.020000000000000462,-0.30030030030030463,18684111.0
600089,20200120,6.62,6.59,6.66,6.66,-0.03000000000000025,-0.4484304932735439,14860234.0
600089,20200117,6.67,6.61,6.63,6.69,-0.02999999999999936,-0.44642857142855874,13131710.0
600089,20200116,6.72,6.64,6.66,6.72,-0.07000000000000028,-1.0309278350515538,13033691.0
600089,20200115,6.75,6.69,6.7,6.79,-0.05999999999999961,-0.8759124087591164,16950207.0
600089,20200114,6.71,6.7,6.77,6.85,0.13999999999999968,2.086438152011927,35289529.0
600089,20200113,6.69,6.65,6.7,6.71,-0.04999999999999982,-0.7396449704141994,13483572.0
600089,20200110,6.73,6.67,6.69,6.76,0.019999999999999574,0.29673590504450953,15358588.0
600089,20200109,6.7,6.69,6.73,6.74,0.009999999999999787,0.14858841010401136,16922849.0
600089,20200108,6.72,6.65,6.67,6.73,-0.02999999999999936,-0.4437869822485063,22766785.0
600089,20200107,6.73,6.71,6.75,6.76,0.0,0.0,21171513.0
600089,20200106,6.67,6.66,6.72,6.76,0.019999999999999574,0.29673590504450953,22412592.0
600089,20200103,6.72,6.68,6.69,6.74,0.0,0.0,16540421.0
600089,20200102,6.7,6.67,6.72,6.74,0.08000000000000007,1.2012012012011963,26703429.0
600089,20191231,6.61,6.6,6.65,6.66,0.03000000000000025,0.4524886877828038,15435139.0
600089,20191230,6.56,6.52,6.62,6.63,-0.009999999999999787,-0.1506024096385561,18699001.0
600089,20191227,6.59,6.55,6.56,6.64,0.040000000000000036,0.60606060606061,15593198.0
600089,20191226,6.56,6.55,6.59,6.6,0.009999999999999787,0.15174506828528056,10268644.0
600089,20191225,6.56,6.52,6.56,6.59,0.019999999999999574,0.3044140030441289,8973632.0
600089,20191224,6.51,6.5,6.56,6.57,-0.040000000000000036,-0.605143721633894,9827975.0
600089,20191223,6.59,6.51,6.51,6.61,-0.040000000000000036,-0.6015037593984918,12916833.0
600089,20191220,6.64,6.57,6.59,6.65,0.010000000000000675,0.1506024096385561,14127519.0
600089,20191219,6.6,6.59,6.61,6.64,-0.010000000000000675,-0.15037593984963404,13465595.0
600089,20191218,6.62,6.58,6.6,6.65,-0.009999999999999787,-0.15015015015015232,18241631.0
600089,20191217,6.55,6.52,6.62,6.66,0.11000000000000032,1.6793893129771087,31721141.0
600089,20191216,6.51,6.48,6.55,6.55,0.04999999999999982,0.7692307692307665,18012077.0
600089,20191213,6.45,6.43,6.5,6.5,0.03000000000000025,0.46367851622874934,18150567.0
600089,20191212,6.46,6.41,6.43,6.47,-0.0600000000000005,-0.9188361408882129,12739552.0
600089,20191211,6.4,6.38,6.48,6.53,0.11000000000000032,1.7133956386292892,23474941.0
600089,20191210,6.4,6.38,6.4,6.42,0.0,0.0,8789863.0
600089,20191209,6.4,6.36,6.4,6.42,0.019999999999999574,0.31249999999998224,11469666.0
600089,20191206,6.38,6.36,6.4,6.4,-0.019999999999999574,-0.31152647975076775,8557862.0
600089,20191205,6.38,6.34,6.38,6.42,-0.020000000000000462,-0.31055900621118626,12354101.0
600089,20191204,6.43,6.35,6.37,6.44,-0.040000000000000036,-0.6172839506172867,12438788.0
600089,20191203,6.46,6.41,6.45,6.48,-0.03999999999999915,-0.6134969325153228,6982465.0
600089,20191202,6.49,6.47,6.5,6.52,0.0,0.0,7201785.0
600089,20191129,6.5,6.46,6.49,6.52,-0.010000000000000675,-0.15313935681471325,6350261.0
600089,20191128,6.53,6.49,6.51,6.53,0.0,0.0,6959398.0
600089,20191127,6.52,6.48,6.51,6.53,-0.009999999999999787,-0.1529051987767538,6809092.0
600089,20191126,6.53,6.48,6.53,6.54,0.0,0.0,15010920.0
600089,20191125,6.41,6.39,6.51,6.54,0.08999999999999986,1.3953488372093092,13066764.0
600089,20191122,6.42,6.37,6.41,6.45,0.0,0.0,7279902.0
600089,20191121,6.39,6.36,6.41,6.45,0.020000000000000462,0.3110419906687367,6321452.0
600089,20191120,6.43,6.38,6.39,6.43,0.0,0.0,6205259.0
600089,20191119,6.36,6.36,6.42,6.43,0.040000000000000036,0.6259780907668322,9409969.0
600089,20191118,6.34,6.3,6.37,6.39,0.009999999999999787,0.15673981191222097,6859029.0
600089,20191115,6.37,6.31,6.31,6.38,-0.009999999999999787,-0.15649452269169695,6859214.0
600089,20191114,6.36,6.33,6.36,6.39,-0.0600000000000005,-0.9302325581395432,5683162.0
600089,20191113,6.45,6.32,6.37,6.45,0.0,0.0,12057495.0
600089,20191112,6.44,6.4,6.42,6.45,-0.04999999999999982,-0.7692307692307665,9058784.0
600089,20191111,6.5,6.41,6.43,6.5,-0.04999999999999982,-0.7633587786259555,9780225.0
600089,20191108,6.53,6.5,6.51,6.55,0.03000000000000025,0.4601226993865115,8113313.0
600089,20191107,6.5,6.46,6.5,6.52,-0.020000000000000462,-0.3058103975535187,8029974.0
600089,20191106,6.53,6.5,6.52,6.54,-0.009999999999999787,-0.15267175572518665,7502931.0
600089,20191105,6.54,6.47,6.53,6.55,0.009999999999999787,0.1529051987767538,9470596.0
600089,20191104,6.45,6.44,6.53,6.54,0.08000000000000007,1.238390092879249,11018624.0
600089,20191101,6.4,6.39,6.45,6.46,-0.020000000000000462,-0.30864197530865445,8043461.0
600089,20191031,6.46,6.41,6.42,6.48,-0.019999999999999574,-0.3076923076922977,7934638.0
600089,20191030,6.5,6.43,6.44,6.5,-0.05999999999999961,-0.9146341463414531,9407350.0
600089,20191029,6.55,6.46,6.47,6.56,0.009999999999999787,0.15267175572519776,8543606.0
600089,20191028,6.5,6.5,6.54,6.55,0.040000000000000036,0.6144393241167334,9950389.0
600089,20191025,6.47,6.44,6.5,6.51,0.0,0.0,8768760.0
600089,20191024,6.48,6.46,6.48,6.51,-0.020000000000000462,-0.3062787136294043,6082650.0
600089,20191023,6.52,6.48,6.49,6.53,0.010000000000000675,0.15337423312884457,5869843.0
600089,20191022,6.49,6.46,6.51,6.52,0.009999999999999787,0.1536098310291889,6381623.0
600089,20191021,6.5,6.45,6.48,6.51,-0.08999999999999986,-1.3636363636363669,7106357.0
600089,20191018,6.56,6.5,6.5,6.6,-0.020000000000000462,-0.30211480362538623,9670173.0
600089,20191017,6.61,6.56,6.58,6.62,-0.03000000000000025,-0.4511278195488799,6684051.0
600089,20191016,6.63,6.58,6.59,6.65,-0.009999999999999787,-0.15015015015015232,7420493.0
600089,20191015,6.62,6.61,6.62,6.66,-0.03000000000000025,-0.4484304932735439,8803643.0
600089,20191014,6.63,6.62,6.64,6.69,0.08000000000000007,1.210287443267788,13673522.0
600089,20191011,6.6,6.55,6.59,6.61,0.010000000000000675,0.15151515151516914,9010059.0
600089,20191010,6.57,6.56,6.58,6.6,0.02999999999999936,0.45662100456620447,9311199.0
600089,20191009,6.5,6.5,6.57,6.57,-0.02999999999999936,-0.4545454545454408,8059542.0
600089,20191008,6.5,6.5,6.52,6.6,0.04999999999999982,0.7633587786259444,10784076.0
600089,20190930,6.54,6.5,6.5,6.55,0.0,0.0,8384033.0
600089,20190927,6.52,6.5,6.52,6.55,-0.04999999999999982,-0.7575757575757569,8495364.0
600089,20190926,6.58,6.5,6.5,6.6,0.0,0.0,13815283.0
600089,20190925,6.6,6.55,6.56,6.6,-0.05000000000000071,-0.7518796992481258,10540802.0
600089,20190924,6.6,6.59,6.61,6.65,-0.019999999999999574,-0.2998500749625155,10652639.0
600089,20190923,6.67,6.58,6.61,6.67,-0.0600000000000005,-0.8915304606240793,15665941.0
600089,20190920,6.71,6.68,6.68,6.73,0.010000000000000675,0.14880952380953438,11918740.0
600089,20190919,6.7,6.66,6.71,6.72,-0.010000000000000675,-0.14858841010402246,11969943.0
600089,20190918,6.71,6.68,6.69,6.73,-0.08999999999999986,-1.319648093841641,10107143.0
600089,20190917,6.82,6.68,6.7,6.82,-0.02999999999999936,-0.4379562043795526,15101956.0
600089,20190916,6.83,6.8,6.83,6.85,0.019999999999999574,0.2928257686676261,15952809.0
600089,20190912,6.8,6.77,6.83,6.83,-0.019999999999999574,-0.29197080291970545,15427902.0
600089,20190911,6.82,6.79,6.79,6.85,0.0,0.0,17003252.0
600089,20190910,6.84,6.77,6.82,6.85,-0.020000000000000462,-0.29112081513829047,18323515.0
600089,20190909,6.85,6.79,6.84,6.87,0.040000000000000036,0.5856515373352966,19584840.0
600089,20190906,6.8,6.74,6.8,6.83,-0.019999999999999574,-0.29197080291970545,14739608.0
600089,20190905,6.76,6.75,6.77,6.85,0.11999999999999922,1.7830609212481363,26164498.0
600089,20190904,6.65,6.63,6.73,6.73,0.05000000000000071,0.7485029940119903,23115776.0
600089,20190903,6.65,6.61,6.65,6.68,0.0,0.0,13624363.0
600089,20190902,6.57,6.56,6.66,6.68,-0.08000000000000007,-1.183431952662728,15790708.0
600089,20190830,6.72,6.56,6.58,6.76,-0.07000000000000028,-1.024890190336758,24963727.0
600089,20190829,6.67,6.66,6.74,6.83,0.11000000000000032,1.6369047619047672,18025567.0
600089,20190828,6.7,6.63,6.67,6.72,-0.03000000000000025,-0.4444444444444473,11744361.0
600089,20190827,6.65,6.64,6.65,6.75,0.11000000000000032,1.6566265060240948,13301014.0
600089,20190826,6.59,6.55,6.62,6.64,-0.10000000000000053,-1.4836795252225587,11417255.0
600089,20190823,6.72,6.67,6.7,6.74,0.0,0.0,6535005.0
600089,20190822,6.74,6.68,6.73,6.74,0.009999999999999787,0.14858841010401136,8364649.0
600089,20190821,6.68,6.66,6.72,6.73,-0.019999999999999574,-0.2962962962962945,11432181.0
600089,20190820,6.74,6.68,6.7,6.75,0.009999999999999787,0.14836795252224366,10104866.0
600089,20190819,6.62,6.62,6.73,6.74,0.1200000000000001,1.812688821752273,12249270.0
600089,20190816,6.62,6.56,6.58,6.62,0.0600000000000005,0.9146341463414753,7327674.0
600089,20190815,6.48,6.45,6.56,6.56,-0.11000000000000032,-1.6491754122938573,8492673.0
600089,20190814,6.62,6.55,6.58,6.67,0.07000000000000028,1.060606060606073,9015707.0
600089,20190813,6.59,6.53,6.57,6.6,-0.03000000000000025,-0.4524886877828038,7611359.0
600089,20190812,6.59,6.55,6.62,6.63,-0.04999999999999982,-0.7485029940119681,7183791.0
600089,20190809,6.66,6.56,6.58,6.68,0.0,0.0,8801858.0
600089,20190808,6.66,6.6,6.64,6.68,0.009999999999999787,0.14992503748125774,7115441.0
600089,20190807,6.63,6.61,6.61,6.67,-0.08000000000000007,-1.1851851851851891,9193581.0
600089,20190806,6.75,6.53,6.62,6.75,-0.20999999999999996,-3.0172413793103425,25977422.0
600089,20190805,6.91,6.84,6.85,6.96,-0.009999999999999787,-0.1434720229555153,11885888.0
600089,20190802,6.93,6.89,6.95,6.97,-0.1200000000000001,-1.6925246826516194,13427636.0
600089,20190801,7.09,7.01,7.04,7.09,-0.03000000000000025,-0.4213483146067398,14719431.0
600089,20190731,7.04,7.02,7.11,7.12,0.040000000000000036,0.5649717514124353,16794195.0
600089,20190730,7.02,7.01,7.05,7.08,0.03000000000000025,0.42553191489362874,11695412.0
600089,20190729,7.01,6.99,7.02,7.05,0.03000000000000025,0.42735042735042583,10063414.0
600089,20190726,6.98,6.97,7.02,7.02,-0.010000000000000675,-0.14224751066856944,10020048.0
600089,20190725,6.99,6.96,6.99,7.03,0.010000000000000675,0.14245014245015675,7797656.0
600089,20190724,6.95,6.95,6.97,7.02,0.0699999999999994,1.0071942446043147,10835045.0
600089,20190723,6.91,6.88,6.93,6.95,-0.0699999999999994,-0.9971509971509862,6485466.0
600089,20190722,6.98,6.82,6.9,7.02,-0.020000000000000462,-0.28409090909091717,10993437.0
600089,20190719,6.94,6.94,6.97,7.04,0.009999999999999787,0.14224751066855834,9621995.0
600089,20190718,6.97,6.93,6.93,7.03,0.010000000000000675,0.14245014245015675,8544171.0
600089,20190717,6.97,6.94,6.99,7.02,0.03999999999999915,0.5730659025787732,7916388.0
600089,20190716,6.92,6.92,6.97,6.98,0.0,0.0,6775073.0
600089,20190715,6.91,6.83,6.95,6.98,0.020000000000000462,0.287356321839094,11473650.0
600089,20190712,6.92,6.89,6.93,6.96,-0.009999999999999787,-0.1434720229555153,7152069.0
600089,20190711,6.93,6.88,6.91,6.97,0.0,0.0,7227684.0
600089,20190710,6.96,6.9,6.92,6.97,0.0,0.0,7924215.0
600089,20190709,6.93,6.9,6.93,6.97,-0.14000000000000057,-1.9690576652602099,10330043.0
600089,20190708,7.11,6.92,6.92,7.11,-0.02999999999999936,-0.42016806722687816,19644224.0
600089,20190705,7.14,7.09,7.12,7.14,-0.03000000000000025,-0.4184100418410108,8920068.0
600089,20190704,7.15,7.1,7.12,7.17,-0.17999999999999972,-2.4489795918367308,15292370.0
600089,20190703,7.33,7.28,7.3,7.35,-0.0600000000000005,-0.809716599190291,13045608.0
600089,20190702,7.39,7.32,7.34,7.41,0.03000000000000025,0.40650406504065817,20267816.0
600089,20190701,7.34,7.3,7.37,7.38,0.08999999999999986,1.2345679012345734,24022055.0
600089,20190628,7.27,7.21,7.25,7.29,-0.07000000000000028,-0.9510869565217406,11315817.0
600089,20190627,7.23,7.23,7.26,7.36,0.09000000000000075,1.237964236588729,16111566.0
600089,20190626,7.22,7.18,7.23,7.27,-0.040000000000000036,-0.5471956224350261,7878165.0
600089,20190625,7.3,7.17,7.24,7.31,-0.07000000000000028,-0.9485094850948506,14088328.0
600089,20190624,7.37,7.26,7.3,7.38,0.0,0.0,12665126.0
600089,20190621,7.29,7.28,7.33,7.38,0.07000000000000028,0.9575923392612928,24044750.0
600089,20190620,7.17,7.13,7.29,7.31,0.07999999999999918,1.1065006915629283,26945820.0
600089,20190619,7.19,7.15,7.15,7.23,0.1200000000000001,1.6877637130801704,18594783.0
600089,20190618,7.09,7.05,7.08,7.11,-0.019999999999999574,-0.28050490883589907,6790145.0
600089,20190617,7.1,7.05,7.09,7.13,-0.07000000000000028,-0.9722222222222299,8980023.0
600089,20190614,7.17,7.09,7.1,7.2,0.009999999999999787,0.13908205841446364,14110046.0
600089,20190613,7.19,7.1,7.16,7.19,-0.02999999999999936,-0.41551246537395725,11988542.0
600089,20190612,7.22,7.16,7.17,7.22,-0.010000000000000675,-0.13831258644537714,13876786.0
600089,20190611,7.04,7.04,7.22,7.23,0.13000000000000078,1.8309859154929775,22732977.0
600089,20190610,6.99,6.97,7.04,7.1,-0.03000000000000025,-0.42075736325386526,12002655.0
600089,20190606,7.13,6.95,6.96,7.13,-0.0600000000000005,-0.8344923504867929,17242592.0
600089,20190605,7.17,7.1,7.11,7.19,0.020000000000000462,0.2789400278940146,7594155.0
600089,20190604,7.15,7.07,7.11,7.17,-0.0600000000000005,-0.8298755186722073,11207444.0
600089,20190603,7.18,7.09,7.16,7.23,-0.03999999999999915,-0.5502063273727487,14852865.0
600089,20190531,7.16,7.14,7.18,7.27,0.08999999999999986,1.253481894150421,12803289.0
600089,20190530,7.18,7.09,7.16,7.18,-0.05000000000000071,-0.6915629322268413,10686821.0
600089,20190529,7.18,7.13,7.17,7.23,-0.03999999999999915,-0.5502063273727487,10528146.0
600089,20190528,7.2,7.14,7.18,7.27,0.04999999999999982,0.6925207756232732,19333169.0
600089,20190527,7.09,7.05,7.19,7.22,0.09999999999999964,1.4044943820224587,13388779.0
600089,20190524,7.06,7.05,7.07,7.12,-0.040000000000000036,-0.5586592178770999,9110398.0
600089,20190523,7.14,7.06,7.09,7.16,-0.09999999999999964,-1.377410468319551,16191648.0
600089,20190522,7.25,7.14,7.16,7.26,-0.020000000000000462,-0.27472527472528485,11819526.0
600089,20190521,7.15,7.12,7.22,7.28,0.11000000000000032,1.5341701534170138,14329148.0
600089,20190520,7.13,7.03,7.15,7.17,-0.17999999999999972,-2.4489795918367308,16720119.0
600089,20190517,7.35,7.1,7.13,7.35,0.0,0.0,21343090.0
600089,20190516,7.26,7.23,7.35,7.35,0.05999999999999961,0.8230452674897082,19009026.0
600089,20190515,7.2,7.2,7.26,7.29,0.04999999999999982,0.6906077348066253,16379825.0
600089,20190514,7.15,7.13,7.14,7.24,-0.040000000000000036,-0.5494505494505475,13914792.0
600089,20190513,7.25,7.21,7.22,7.28,-0.04999999999999982,-0.6821282401091366,13536681.0
600089,20190510,7.22,7.12,7.32,7.33,0.11000000000000032,1.5235457063711877,24616202.0
600089,20190509,7.18,7.12,7.16,7.22,-0.08000000000000007,-1.0958904109588996,14774960.0
600089,20190508,7.13,7.11,7.2,7.3,-0.08000000000000007,-1.084010840108407,18670230.0
600089,20190507,7.23,7.18,7.28,7.38,-0.21999999999999975,-2.894736842105261,21932092.0
600089,20190506,7.6,7.08,7.19,7.6,-0.20000000000000018,-2.564102564102566,40862309.0
600089,20190430,7.68,7.68,7.73,7.8,-0.04999999999999982,-0.6369426751592355,18549775.0
600089,20190429,7.81,7.64,7.66,7.85,-0.16999999999999993,-2.1197007481296715,26105829.0
600089,20190426,7.98,7.8,7.8,8.02,-0.20000000000000107,-2.4330900243309084,31599756.0
600089,20190425,8.22,7.99,7.99,8.22,-0.08000000000000007,-0.9638554216867434,36683335.0
600089,20190424,8.26,8.13,8.26,8.3,-0.03999999999999915,-0.47961630695442237,27766235.0
600089,20190423,8.28,8.2,8.22,8.34,-0.13000000000000078,-1.5348288075560879,24334480.0
600089,20190422,8.39,8.28,8.3,8.47,0.08999999999999986,1.0739856801909253,33728561.0
600089,20190419,8.27,8.27,8.36,8.38,-0.019999999999999574,-0.23809523809523725,23547206.0
600089,20190418,8.4,8.29,8.3,8.4,-0.019999999999999574,-0.23752969121139111,30811838.0
600089,20190417,8.39,8.34,8.4,8.42,0.019999999999999574,0.23809523809523725,37368883.0
600089,20190416,8.4,8.13,8.38,8.4,-0.4599999999999991,-5.191873589164775,74766705.0
600089,20190415,8.73,8.51,8.53,8.86,0.129999999999999,1.4891179839633395,56472705.0
600089,20190412,8.66,8.57,8.64,8.73,-0.129999999999999,-1.46726862302482,51460364.0
600089,20190411,8.53,8.47,8.74,8.86,0.29999999999999893,3.504672897196248,96731773.0
600089,20190410,8.5,8.41,8.52,8.56,-0.03999999999999915,-0.46511627906975495,37986278.0
600089,20190409,8.54,8.44,8.55,8.6,-0.13000000000000078,-1.4891179839633506,32648885.0
600089,20190408,8.6,8.45,8.55,8.73,0.07000000000000028,0.8083140877598094,58764266.0
600089,20190404,8.64,8.48,8.57,8.66,0.05000000000000071,0.5807200929152323,55271497.0
600089,20190403,8.46,8.43,8.59,8.61,0.049999999999998934,0.5841121495326895,51473610.0
600089,20190402,8.53,8.43,8.5,8.56,0.030000000000001137,0.3516998827667095,46311909.0
600089,20190401,8.3,8.3,8.5,8.53,0.25,3.0193236714975757,60077469.0
600089,20190329,8.04,8.02,8.28,8.28,0.05999999999999872,0.7299270072992581,41555328.0
600089,20190328,8.17,7.99,8.01,8.22,0.0,0.0,30965138.0
600089,20190327,8.16,8.03,8.16,8.22,-0.20999999999999908,-2.491103202846967,28874138.0
600089,20190326,8.39,8.1,8.12,8.43,-0.040000000000000924,-0.47225501770957745,48206609.0
600089,20190325,8.44,8.36,8.36,8.47,-0.14999999999999858,-1.7401392111368708,43911790.0
600089,20190322,8.6,8.42,8.53,8.62,-0.07000000000000028,-0.8055235903337232,43974166.0
600089,20190321,8.65,8.53,8.59,8.69,-0.07000000000000028,-0.7990867579908745,60592160.0
600089,20190320,8.49,8.39,8.64,8.76,0.11999999999999922,1.388888888888884,83541806.0
600089,20190319,8.52,8.41,8.48,8.64,0.17999999999999972,2.127659574468077,63611210.0
600089,20190318,8.33,8.22,8.45,8.46,0.030000000000001137,0.3558718861210064,56181197.0
600089,20190315,8.21,8.21,8.32,8.43,0.049999999999998934,0.5966587112171684,62093596.0
600089,20190314,8.36,8.11,8.18,8.38,-0.23999999999999844,-2.7842227378190088,67889362.0
600089,20190313,8.6,8.36,8.41,8.62,-0.6000000000000014,-6.507592190889389,101899310.0
600089,20190312,9.07,8.57,8.7,9.22,0.6600000000000001,7.710280373831768,234793746.0
600089,20190311,7.8,7.8,8.56,8.56,0.5099999999999998,6.3354037267080665,144379380.0
600089,20190308,8.05,7.76,7.78,8.05,-0.14999999999999858,-1.8292682926829062,72502311.0
600089,20190307,8.11,8.05,8.15,8.2,0.03999999999999915,0.4901960784313708,74214506.0
600089,20190306,8.11,8.02,8.13,8.16,0.0600000000000005,0.7407407407407529,57290377.0
600089,20190305,7.95,7.92,8.1,8.1,-0.030000000000001137,-0.3690036900369176,50739329.0
600089,20190304,8.0,7.94,7.96,8.13,0.120000000000001,1.4981273408239737,75987518.0
600089,20190301,7.98,7.83,7.94,8.01,-0.02999999999999936,-0.3731343283582045,39089329.0
600089,20190228,7.93,7.89,7.95,8.04,-0.08000000000000007,-0.9852216748768461,31146143.0
600089,20190227,8.02,7.85,7.93,8.12,-0.040000000000000924,-0.4901960784313819,57027922.0
600089,20190226,8.1,8.0,8.03,8.16,0.02999999999999936,0.36900369003689537,77149125.0
600089,20190225,7.82,7.76,8.09,8.13,0.39000000000000057,5.03875968992249,93219664.0
600089,20190222,7.6,7.57,7.73,7.74,0.020000000000000462,0.2590673575129543,41137208.0
600089,20190221,7.65,7.54,7.56,7.72,0.04999999999999982,0.6518904823989535,41556110.0
600089,20190220,7.65,7.57,7.65,7.67,-0.11000000000000032,-1.4138817480719879,29872988.0
600089,20190219,7.76,7.58,7.69,7.78,0.03000000000000025,0.3870967741935516,46160020.0
600089,20190218,7.55,7.55,7.75,7.75,0.1200000000000001,1.572739187418093,57900333.0
600089,20190215,7.52,7.46,7.49,7.63,-0.009999999999999787,-0.13089005235601414,34186650.0
600089,20190214,7.55,7.51,7.54,7.64,0.05999999999999961,0.79155672823219,39830240.0
600089,20190213,7.37,7.32,7.56,7.58,0.20000000000000018,2.7100271002709952,62317102.0
600089,20190212,7.32,7.3,7.36,7.38,0.040000000000000036,0.5449591280654031,30641492.0
600089,20190211,7.22,7.22,7.33,7.34,0.1200000000000001,1.6620498614958512,28710176.0
600089,20190201,7.07,7.05,7.22,7.22,0.0699999999999994,0.9790209790209614,26043635.0
600089,20190131,7.14,6.98,7.02,7.15,-0.040000000000000036,-0.5563282336578546,25130590.0
600089,20190130,7.1,7.06,7.12,7.19,-0.04999999999999982,-0.6906077348066253,15636455.0
600089,20190129,7.21,7.03,7.11,7.24,-0.1299999999999999,-1.7639077340569909,28082970.0
600089,20190128,7.26,7.19,7.2,7.37,0.03000000000000025,0.4087193460490468,28757558.0
600089,20190125,7.24,7.22,7.25,7.34,0.05999999999999961,0.8241758241758212,27091300.0
600089,20190124,7.23,7.16,7.24,7.28,0.040000000000000036,0.5524861878453136,22429470.0
600089,20190123,7.16,7.16,7.22,7.24,-0.019999999999999574,-0.2754820936639035,12938907.0
600089,20190122,7.23,7.16,7.2,7.26,-0.04999999999999982,-0.6839945280437743,14788554.0
600089,20190121,7.25,7.21,7.23,7.31,0.04999999999999982,0.688705234159781,21410047.0
600089,20190118,7.23,7.15,7.23,7.26,-0.040000000000000036,-0.5479452054794498,20318117.0
600089,20190117,7.28,7.15,7.16,7.3,-0.11000000000000032,-1.4844804318488558,28468055.0
600089,20190116,7.4,7.26,7.29,7.41,-0.03000000000000025,-0.40322580645161255,28658600.0
600089,20190115,7.32,7.26,7.4,7.44,0.03000000000000025,0.4048582995951344,33169744.0
600089,20190114,7.38,7.3,7.33,7.41,0.009999999999999787,0.13513513513512265,21606048.0
600089,20190111,7.32,7.28,7.39,7.4,-0.05999999999999961,-0.8042895442359144,29734059.0
600089,20190110,7.32,7.28,7.33,7.46,0.009999999999999787,0.13422818791946067,41795171.0
600089,20190109,7.37,7.31,7.31,7.45,0.009999999999999787,0.1344086021505264,48688611.0
600089,20190108,7.4,7.3,7.34,7.44,-0.08999999999999986,-1.195219123505975,48542694.0
600089,20190107,7.31,7.26,7.45,7.53,0.2400000000000002,3.292181069958855,95615499.0
600089,20190104,6.85,6.83,7.28,7.29,0.3600000000000003,5.1948051948051965,87808678.0
600089,20190103,6.85,6.82,6.92,6.93,0.009999999999999787,0.14450867052022698,17933264.0
600089,20190102,6.82,6.73,6.92,6.92,0.04999999999999982,0.727802037845704,12635458.0
600089,20181228,6.84,6.71,6.79,6.87,-0.14999999999999947,-2.136752136752129,16196526.0
600089,20181227,7.0,6.83,6.84,7.02,-0.03000000000000025,-0.42553191489361764,19316246.0
600089,20181226,6.82,6.82,6.9,7.05,0.2400000000000002,3.524229074889873,33516778.0
600089,20181225,6.78,6.62,6.76,6.81,-0.0600000000000005,-0.8733624454148492,15209568.0
600089,20181224,6.76,6.74,6.84,6.87,0.04999999999999982,0.7331378299120228,8510947.0
600089,20181221,6.78,6.72,6.77,6.82,-0.02999999999999936,-0.4379562043795526,11915003.0
600089,20181220,6.8,6.78,6.83,6.85,-0.03000000000000025,-0.43604651162790775,11007444.0
600089,20181219,6.85,6.82,6.82,6.88,-0.07000000000000028,-1.0071942446043258,9459152.0
600089,20181218,6.92,6.81,6.86,6.95,-0.009999999999999787,-0.1436781609195359,16569892.0
600089,20181217,6.91,6.86,6.96,6.96,-0.11000000000000032,-1.5558698727015652,11449202.0
600089,20181214,7.05,6.93,6.94,7.07,-0.02999999999999936,-0.42253521126759397,17728934.0
600089,20181213,7.03,6.89,7.09,7.1,0.04999999999999982,0.7092198581560183,30935832.0
600089,20181212,7.0,6.99,7.02,7.05,0.040000000000000036,0.5706134094151327,11843402.0
600089,20181211,6.96,6.93,6.98,7.01,-0.009999999999999787,-0.14245014245013454,9954454.0
600089,20181210,6.99,6.9,6.94,7.02,-0.03000000000000025,-0.42553191489361764,11654189.0
600089,20181207,7.02,6.96,7.03,7.05,-0.0600000000000005,-0.8438818565400963,13383838.0
600089,20181206,6.99,6.96,7.02,7.11,0.05000000000000071,0.708215297450443,22340385.0
600089,20181205,6.95,6.91,7.01,7.06,0.0,0.0,16410917.0
600089,20181204,7.0,6.98,7.04,7.06,0.0,0.0,13559474.0
600089,20181203,6.99,6.92,7.01,7.06,0.1899999999999995,2.7656477438136706,26585110.0
600089,20181130,6.78,6.75,6.85,6.87,-0.05999999999999961,-0.8658008658008587,9933157.0
600089,20181129,6.88,6.79,6.8,6.93,0.0699999999999994,1.0204081632652962,13723706.0
600089,20181128,6.73,6.7,6.85,6.86,0.07000000000000028,1.0309278350515427,15364783.0
600089,20181127,6.75,6.7,6.74,6.79,0.0,0.0,9463802.0
600089,20181126,6.72,6.71,6.72,6.79,-0.1900000000000004,-2.7220630372492893,10922567.0
600089,20181123,6.94,6.7,6.71,6.98,-0.02999999999999936,-0.42796005706132734,23386793.0
600089,20181122,7.0,6.91,6.95,7.01,0.0,0.0,12973171.0
600089,20181121,6.93,6.91,6.99,7.01,-0.22000000000000064,-3.042876901798075,16607260.0
600089,20181120,7.19,7.0,7.02,7.23,0.0,0.0,33716376.0
600089,20181119,7.13,7.13,7.23,7.23,-0.009999999999999787,-0.13812154696132284,30036582.0
600089,20181116,7.19,7.11,7.15,7.24,0.0600000000000005,0.8356545961002881,35636511.0
600089,20181115,7.07,7.04,7.17,7.18,0.019999999999999574,0.27932960893854997,29386383.0
600089,20181114,7.09,7.04,7.07,7.16,-0.009999999999999787,-0.1394700139469962,25694537.0
600089,20181113,7.02,7.0,7.12,7.17,0.019999999999999574,0.2797202797202747,40654767.0
600089,20181112,6.9,6.89,7.11,7.15,0.20000000000000018,2.877697841726623,32173566.0
600089,20181109,6.9,6.86,6.9,6.95,-0.09999999999999964,-1.4184397163120477,12447124.0
600089,20181108,7.03,6.9,6.91,7.05,-0.040000000000000036,-0.5641748942172065,16619766.0
600089,20181107,7.03,6.97,6.98,7.09,-0.03000000000000025,-0.4213483146067398,23488120.0
600089,20181106,7.12,6.94,7.05,7.12,-0.14999999999999947,-2.063273727647863,31154951.0
600089,20181105,7.08,7.05,7.17,7.27,0.1899999999999995,2.68361581920904,54549154.0
600089,20181102,7.08,6.97,7.05,7.08,0.020000000000000462,0.2832861189801861,36170840.0
600089,20181101,7.01,6.92,6.92,7.06,0.0699999999999994,1.0014306151645114,27838853.0
600089,20181031,6.85,6.85,6.95,6.99,0.0600000000000005,0.8658008658008809,18942032.0
600089,20181030,6.75,6.73,6.86,6.93,0.04999999999999982,0.7267441860465018,18528186.0
600089,20181029,6.83,6.73,6.77,6.88,-0.10000000000000053,-1.4326647564469996,12899258.0
600089,20181026,6.84,6.82,6.85,6.98,0.15000000000000036,2.196193265007329,16386808.0
600089,20181025,6.67,6.57,6.8,6.83,-0.05999999999999961,-0.870827285921616,17803075.0
600089,20181024,6.82,6.76,6.82,6.89,-0.1200000000000001,-1.7118402282453649,13807964.0
600089,20181023,7.01,6.77,6.82,7.01,0.009999999999999787,0.14285714285713347,22177556.0
600089,20181022,6.66,6.66,6.9,7.0,0.3200000000000003,4.790419161676662,40237392.0
600089,20181019,6.43,6.36,6.63,6.68,0.14999999999999947,2.297090352220521,19887888.0
600089,20181018,6.46,6.41,6.47,6.53,-0.009999999999999787,-0.1529051987767538,17058032.0
600089,20181017,6.44,6.38,6.51,6.54,0.08000000000000007,1.238390092879249,18153923.0
600089,20181016,6.41,6.3,6.34,6.46,-0.1200000000000001,-1.823708206686936,14407806.0
600089,20181015,6.58,6.38,6.38,6.58,0.0,0.0,15832205.0
600089,20181012,6.52,6.29,6.54,6.58,-0.2999999999999998,-4.360465116279066,28321293.0
600089,20181011,6.8,6.45,6.54,6.88,-0.17999999999999972,-2.5495750708215303,46481004.0
600089,20181010,6.99,6.93,7.02,7.06,0.02999999999999936,0.426742532005675,16433954.0
600089,20181009,6.97,6.95,6.97,7.03,-0.08999999999999986,-1.2640449438202195,15236883.0
600089,20181008,7.06,6.93,6.96,7.12,-0.05999999999999961,-0.835654596100277,34304685.0
600089,20180928,7.15,7.1,7.17,7.18,-0.010000000000000675,-0.13908205841447474,23506787.0
600089,20180927,7.16,7.09,7.12,7.19,-0.14999999999999947,-2.043596730245223,32076428.0
600089,20180926,7.13,7.1,7.17,7.34,0.14999999999999947,2.0862308762169546,55942446.0
600089,20180925,7.05,7.03,7.15,7.19,0.09000000000000075,1.2676056338028374,35258306.0
600089,20180921,6.96,6.93,7.09,7.1,0.09999999999999964,1.4285714285714235,42787925.0
600089,20180920,6.98,6.92,6.94,7.0,-0.040000000000000036,-0.5681818181818232,24863180.0
600089,20180919,6.98,6.91,7.0,7.04,0.009999999999999787,0.14224751066855834,57251333.0
600089,20180918,6.81,6.78,7.02,7.03,0.1299999999999999,1.8840579710144967,36471160.0
600089,20180917,6.8,6.73,6.88,6.9,0.020000000000000462,0.29069767441860517,26418937.0
600089,20180914,6.82,6.78,6.79,6.88,-0.08999999999999986,-1.2912482065997155,25765442.0
600089,20180913,6.94,6.72,6.8,6.97,-0.020000000000000462,-0.28612303290415086,52702118.0
600089,20180912,6.93,6.85,6.88,6.99,-0.04999999999999982,-0.7102272727272707,27626054.0
600089,20180911,6.91,6.81,6.97,7.04,0.0,0.0,49037614.0
600089,20180910,6.83,6.8,6.83,7.04,0.20000000000000018,2.923976608187129,35753560.0
600089,20180907,6.76,6.61,6.69,6.84,-0.03000000000000025,-0.4366812227074246,18155105.0
600089,20180906,6.76,6.74,6.76,6.87,-0.05999999999999961,-0.8658008658008587,9820900.0
600089,20180905,6.9,6.77,6.79,6.93,-0.040000000000000036,-0.5738880918220945,14686818.0
600089,20180904,6.87,6.82,6.91,6.97,0.08999999999999986,1.3081395348837122,20054909.0
600089,20180903,6.8,6.77,6.86,6.88,0.05999999999999961,0.8797653958944274,20685864.0
600089,20180831,6.81,6.68,6.74,6.82,-0.05999999999999961,-0.8720930232558044,12854195.0
600089,20180830,6.83,6.76,6.81,6.88,0.0,0.0,11020654.0
600089,20180829,6.74,6.73,6.83,6.88,0.0,0.0,17848602.0
600089,20180828,6.68,6.67,6.77,6.88,0.25,3.7707390648567207,28346549.0
600089,20180827,6.54,6.54,6.62,6.63,0.08000000000000007,1.2213740458015376,11502177.0
600089,20180824,6.55,6.48,6.54,6.55,-0.020000000000000462,-0.3044140030441511,6332329.0
600089,20180823,6.52,6.5,6.54,6.57,-0.019999999999999574,-0.30349013657055,6537792.0
600089,20180822,6.58,6.51,6.52,6.59,-0.040000000000000036,-0.6033182503770718,6462639.0
600089,20180821,6.56,6.54,6.58,6.63,0.08000000000000007,1.2213740458015376,7714186.0
600089,20180820,6.51,6.45,6.55,6.55,-0.08999999999999986,-1.3554216867469826,7573410.0
600089,20180817,6.64,6.5,6.51,6.64,0.009999999999999787,0.15082956259426794,7643131.0
600089,20180816,6.56,6.51,6.58,6.63,-0.1299999999999999,-1.9230769230769162,8328347.0
600089,20180815,6.75,6.58,6.62,6.76,-0.08000000000000007,-1.1695906432748537,10785675.0
600089,20180814,6.82,6.73,6.77,6.84,0.009999999999999787,0.14641288433381305,9072219.0
600089,20180813,6.81,6.71,6.81,6.83,-0.07000000000000028,-1.0144927536231974,9220459.0
600089,20180810,6.87,6.81,6.86,6.9,0.0,0.0,8877317.0
600089,20180809,6.75,6.72,6.87,6.9,0.08000000000000007,1.1730205278592365,15334120.0
600089,20180808,6.76,6.71,6.77,6.82,0.0,0.0,11358115.0
600089,20180807,6.53,6.5,6.77,6.82,0.16999999999999993,2.556390977443601,13278172.0
600089,20180806,6.62,6.5,6.51,6.65,-0.0699999999999994,-1.041666666666663,9765603.0
600089,20180803,6.67,6.62,6.63,6.72,-0.03000000000000025,-0.4444444444444473,7349213.0
600089,20180802,6.71,6.51,6.67,6.75,-0.20999999999999996,-3.0172413793103425,16529548.0
600089,20180801,6.93,6.75,6.76,6.96,0.0,0.0,13088330.0
600089,20180731,6.9,6.89,6.91,6.96,-0.020000000000000462,-0.2865329512894088,7655913.0
600089,20180730,6.92,6.87,6.9,6.98,-0.009999999999999787,-0.14306151645206988,12080469.0
600089,20180727,6.97,6.88,6.89,6.99,-0.040000000000000036,-0.5689900426742556,11458296.0
600089,20180726,6.98,6.91,7.01,7.03,0.010000000000000675,0.14245014245015675,14886215.0
600089,20180725,7.01,6.92,6.98,7.02,-0.020000000000000462,-0.28409090909091717,12545086.0
600089,20180724,6.85,6.81,7.01,7.04,0.20999999999999996,3.0746705710102518,28860775.0
600089,20180723,6.64,6.62,6.81,6.83,0.13999999999999968,2.0926756352765308,18873725.0
600089,20180720,6.6,6.54,6.67,6.69,-0.04999999999999982,-0.7418397626112738,11665285.0
600089,20180719,6.7,6.6,6.62,6.74,0.040000000000000036,0.5970149253731405,9370319.0
600089,20180718,6.66,6.63,6.65,6.7,0.020000000000000462,0.29940119760478723,8892663.0
600089,20180717,6.67,6.58,6.65,6.68,-0.040000000000000036,-0.5952380952380931,6740429.0
600089,20180716,6.7,6.62,6.68,6.72,-0.0600000000000005,-0.8849557522124019,5572125.0
600089,20180713,6.78,6.66,6.7,6.78,0.0600000000000005,0.8928571428571397,9902593.0
600089,20180712,6.5,6.5,6.7,6.72,0.10999999999999943,1.6641452344931862,13223964.0
600089,20180711,6.61,6.43,6.52,6.61,-0.1200000000000001,-1.7830609212481474,9094999.0
600089,20180710,6.65,6.63,6.69,6.73,0.07000000000000028,1.0510510510510551,8075279.0
600089,20180709,6.53,6.52,6.64,6.66,0.08999999999999986,1.3698630136986356,9290438.0
600089,20180706,6.53,6.34,6.51,6.57,-0.13999999999999968,-2.0864381520119157,13048562.0
600089,20180705,6.71,6.5,6.51,6.71,-0.25,-3.5919540229885083,13310349.0
600089,20180704,6.92,6.86,6.92,6.96,-0.009999999999999787,-0.1434720229555153,10100032.0
600089,20180703,6.88,6.83,6.97,6.97,0.019999999999999574,0.2877697841726645,10763589.0
600089,20180702,6.87,6.81,6.87,6.95,0.009999999999999787,0.14409221902016434,12344783.0
600089,20180629,6.8,6.79,6.93,6.94,0.11000000000000032,1.6105417276720324,14784153.0
600089,20180628,6.78,6.74,6.8,6.83,0.0,0.0,11596672.0
600089,20180627,6.77,6.74,6.75,6.83,0.040000000000000036,0.589101620029453,9389173.0
600089,20180626,6.71,6.65,6.76,6.79,-0.03000000000000025,-0.4398826979472137,10269559.0
600089,20180625,6.8,6.72,6.73,6.82,0.0600000000000005,0.887573964497057,10268279.0
600089,20180622,6.61,6.58,6.71,6.76,-0.08999999999999986,-1.31386861313868,10181467.0
600089,20180621,6.76,6.63,6.64,6.85,0.02999999999999936,0.4398826979472137,13562455.0
600089,20180620,6.74,6.67,6.77,6.82,-0.3199999999999994,-4.4817927170868295,13750553.0
600089,20180619,7.14,6.56,6.72,7.14,-0.20999999999999996,-2.857142857142858,29077157.0
600089,20180615,7.29,7.19,7.23,7.35,0.009999999999999787,0.13623978201635634,10239701.0
600089,20180614,7.27,7.24,7.3,7.34,-0.08999999999999986,-1.2113055181695809,8102231.0
600089,20180613,7.3,7.26,7.3,7.43,0.16000000000000014,2.2008253094910613,15029296.0
600089,20180612,7.24,7.17,7.26,7.27,0.019999999999999574,0.27586206896550447,9516179.0
600089,20180611,7.16,7.14,7.22,7.25,-0.11000000000000032,-1.4945652173913082,8697243.0
600089,20180608,7.36,7.14,7.18,7.36,-0.08999999999999986,-1.2080536912751683,19225615.0
600089,20180607,7.43,7.34,7.35,7.45,-0.019999999999999574,-0.2677376171351997,10342296.0
600089,20180606,7.46,7.37,7.4,7.47,0.009999999999999787,0.13404825737264314,11507985.0
600089,20180605,7.34,7.31,7.46,7.46,-0.1299999999999999,-1.7127799736495364,15825559.0
600089,20180604,7.19,7.19,7.36,7.59,-0.21999999999999975,-2.8169014084507005,34027182.0
600089,20180601,7.78,7.72,7.74,7.81,-0.020000000000000462,-0.25542784163474774,9450481.0
600089,20180531,7.77,7.69,7.82,7.83,-0.13999999999999968,-1.7565872020075202,16395383.0
600089,20180530,7.96,7.68,7.7,7.97,-0.10000000000000053,-1.239157372986377,22545927.0
600089,20180529,8.01,7.99,8.01,8.07,0.009999999999999787,0.12406947890819531,8994265.0
600089,20180528,8.05,8.0,8.02,8.06,-0.07000000000000028,-0.8610086100861003,9481911.0
600089,20180525,8.08,8.03,8.04,8.13,-0.05999999999999872,-0.7326007326007189,8328324.0
600089,20180524,8.16,8.1,8.11,8.19,-0.0600000000000005,-0.727272727272732,8679237.0
600089,20180523,8.25,8.17,8.18,8.25,-0.08000000000000007,-0.9603841536614643,10301445.0
600089,20180522,8.33,8.21,8.27,8.33,0.019999999999999574,0.24067388688326918,10375445.0
600089,20180521,8.27,8.25,8.31,8.31,0.07000000000000028,0.8495145631068013,16236811.0
600089,20180518,8.2,8.15,8.23,8.24,0.0,0.0,10102671.0
600089,20180517,8.2,8.16,8.18,8.24,-0.03999999999999915,-0.48309178743960457,8487448.0
600089,20180516,8.15,8.11,8.22,8.28,0.09999999999999964,1.2224938875305513,20882397.0
600089,20180515,8.12,8.08,8.17,8.18,0.019999999999999574,0.2450980392156854,12830720.0
600089,20180514,8.1,8.06,8.09,8.16,-0.02999999999999936,-0.3663003663003539,9823332.0
600089,20180511,8.18,8.12,8.12,8.19,-0.05000000000000071,-0.6067961165048597,6998247.0
600089,20180510,8.17,8.11,8.16,8.24,0.040000000000000924,0.4878048780487809,9308391.0
600089,20180509,8.19,8.12,8.16,8.2,-0.02000000000000135,-0.24330900243311193,10681820.0
600089,20180508,8.13,8.1,8.15,8.22,0.040000000000000924,0.4889975550122383,14598967.0
600089,20180507,8.02,8.01,8.12,8.18,0.08999999999999986,1.1124845488257096,16913286.0
600089,20180504,8.06,7.99,8.02,8.09,0.0,0.0,11122764.0
600089,20180503,7.92,7.88,8.04,8.09,0.09999999999999964,1.251564455569465,17386473.0
600089,20180502,7.96,7.88,7.91,7.99,-0.02999999999999936,-0.37406483790523026,12742205.0
600089,20180427,7.99,7.85,7.94,8.02,-0.13000000000000078,-1.5950920245398903,18057556.0
600089,20180426,8.13,7.99,8.0,8.15,-0.03999999999999915,-0.48840048840047556,15063523.0
600089,20180425,8.14,8.1,8.14,8.19,0.0,0.0,9497704.0
600089,20180424,8.0,7.99,8.17,8.19,0.049999999999998934,0.6142506142505999,18071339.0
600089,20180423,8.08,7.97,8.02,8.14,-0.2699999999999996,-3.210463733650415,21710404.0
600089,20180420,8.41,8.13,8.14,8.41,-0.02999999999999936,-0.35545023696681444,22582605.0
600089,20180419,8.38,8.3,8.41,8.44,-0.11000000000000121,-1.286549707602358,14711284.0
600089,20180418,8.51,8.22,8.37,8.55,-0.08999999999999986,-1.041666666666663,25901253.0
600089,20180417,8.64,8.45,8.49,8.64,-0.10999999999999943,-1.2571428571428456,23017944.0
600089,20180416,8.75,8.6,8.67,8.75,0.009999999999999787,0.11441647597254523,12317752.0
600089,20180413,8.73,8.66,8.67,8.74,-0.019999999999999574,-0.22831050228310223,8212932.0
600089,20180412,8.73,8.65,8.67,8.76,-0.05000000000000071,-0.5675368898978461,12470609.0
600089,20180411,8.77,8.73,8.75,8.81,0.05000000000000071,0.5707762557077611,14150647.0
600089,20180410,8.65,8.62,8.76,8.76,0.03999999999999915,0.4587155963302614,15382731.0
600089,20180409,8.68,8.61,8.65,8.72,-0.11999999999999922,-1.3574660633484115,13629887.0
600089,20180404,8.76,8.7,8.72,8.84,0.02999999999999936,0.34052213393869213,14859731.0
600089,20180403,8.77,8.71,8.73,8.81,-0.10999999999999943,-1.2331838565022402,16588233.0
600089,20180402,8.84,8.79,8.85,8.92,0.08000000000000007,0.9049773755656076,21692608.0
600089,20180330,8.82,8.76,8.82,8.84,0.0,0.0,18089992.0
600089,20180329,8.81,8.73,8.81,8.84,0.05000000000000071,0.5688282138794243,16978260.0
600089,20180328,8.72,8.68,8.73,8.79,-0.07000000000000028,-0.7900677200902928,14694268.0
600089,20180327,8.84,8.74,8.81,8.86,0.08000000000000007,0.9111617312072884,19280047.0
600089,20180326,8.61,8.45,8.75,8.78,-0.08000000000000007,-0.9029345372460473,19366316.0
600089,20180323,8.85,8.39,8.73,8.86,-0.22000000000000064,-2.422907488986792,40055948.0
600089,20180322,8.99,8.88,9.04,9.08,-0.05000000000000071,-0.5476451259583848,19324284.0
600089,20180321,8.98,8.96,8.99,9.13,0.15000000000000036,1.6703786191536896,24441731.0
600089,20180320,8.87,8.85,8.95,8.98,0.0,0.0,13548124.0
600089,20180319,8.95,8.89,8.91,8.98,-0.08999999999999986,-0.9922822491730932,15238952.0
600089,20180316,9.05,8.97,8.98,9.07,-0.009999999999999787,-0.11013215859030367,12150195.0
600089,20180315,9.06,8.98,9.05,9.08,-0.09999999999999964,-1.0893246187363759,17450848.0
600089,20180314,9.13,9.08,9.09,9.18,-0.030000000000001137,-0.32573289902281255,19757840.0
600089,20180313,9.21,9.13,9.14,9.21,-0.019999999999999574,-0.21668472372696757,17722189.0
600089,20180312,9.15,9.12,9.21,9.23,0.08999999999999986,0.9846827133479286,31809884.0
600089,20180309,9.09,9.02,9.13,9.14,0.0600000000000005,0.6607929515418665,28280235.0
600089,20180308,9.02,8.98,9.08,9.08,-0.0600000000000005,-0.6564551422319487,19522852.0
600089,20180307,9.13,8.99,9.01,9.14,-0.019999999999999574,-0.21834061135370675,19459156.0
600089,20180306,9.04,8.99,9.15,9.16,0.08000000000000007,0.8810572687224738,24725796.0
600089,20180305,9.02,9.0,9.04,9.08,0.0,0.0,11527211.0
600089,20180302,9.08,8.98,9.02,9.08,-0.10999999999999943,-1.196953210010876,17402217.0
600089,20180301,8.97,8.93,9.11,9.19,0.15000000000000036,1.65929203539823,31098652.0
600089,20180228,8.99,8.93,9.01,9.04,-0.05000000000000071,-0.5500550055005604,16218123.0
600089,20180227,9.07,8.96,9.0,9.09,0.009999999999999787,0.11013215859030367,15877056.0
600089,20180226,8.93,8.88,9.07,9.08,0.13000000000000078,1.452513966480451,22264948.0
600089,20180223,8.9,8.85,8.9,8.95,0.02999999999999936,0.33632286995515237,15930719.0
600089,20180222,8.81,8.77,8.88,8.92,0.16999999999999993,1.942857142857135,19638707.0
600089,20180214,8.69,8.61,8.73,8.75,-0.07000000000000028,-0.7936507936508019,13705140.0
600089,20180213,8.78,8.66,8.67,8.82,0.08000000000000007,0.9153318077803174,21809336.0
600089,20180212,8.6,8.6,8.69,8.74,-0.17999999999999972,-2.0179372197309364,21146385.0
600089,20180209,8.88,8.51,8.6,8.92,-0.1899999999999995,-2.0856201975850697,39028054.0
600089,20180208,8.98,8.93,9.05,9.11,-0.120000000000001,-1.300108342361872,18670890.0
600089,20180207,9.21,8.88,9.01,9.23,-0.25,-2.6371308016877593,30501270.0
600089,20180206,9.39,9.02,9.04,9.48,-0.16000000000000014,-1.6597510373444035,51766437.0
600089,20180205,9.5,9.45,9.58,9.64,0.02000000000000135,0.20790020790022457,29565973.0
600089,20180202,9.5,9.36,9.61,9.62,-0.2900000000000009,-2.9263370332997085,31148402.0
600089,20180201,9.8,9.52,9.54,9.91,0.08000000000000007,0.8138351983723258,52665990.0
600089,20180131,9.78,9.72,9.81,9.83,-0.13000000000000078,-1.3052208835341417,28832044.0
600089,20180130,9.92,9.78,9.81,9.96,-0.21999999999999886,-2.161100196463639,40096721.0
600089,20180129,10.11,9.89,9.92,10.18,-0.009999999999999787,-0.09813542688910104,51061810.0
600089,20180126,10.06,10.05,10.08,10.19,-0.040000000000000924,-0.3910068426197566,39113686.0
600089,20180125,10.22,10.08,10.09,10.23,-0.129999999999999,-1.2548262548262468,48894872.0
600089,20180124,10.08,10.04,10.25,10.36,0.14999999999999858,1.4691478942213454,71987971.0
600089,20180123,10.13,10.05,10.12,10.21,-0.019999999999999574,-0.19550342130987275,35807846.0
600089,20180122,10.22,10.02,10.14,10.23,0.030000000000001137,0.2941176470588447,54514791.0
600089,20180119,9.84,9.8,10.11,10.2,0.33000000000000007,3.3434650455927084,88415972.0
600089,20180118,9.81,9.77,9.84,9.87,-0.05000000000000071,-0.504032258064524,23501646.0
600089,20180117,9.72,9.63,9.83,9.92,0.1999999999999993,2.0576131687242816,38820529.0
600089,20180116,9.64,9.62,9.72,9.72,-0.129999999999999,-1.3197969543147114,26907386.0
600089,20180115,9.84,9.62,9.66,9.85,-0.08999999999999986,-0.905432595573441,41698873.0
600089,20180112,9.94,9.8,9.9,9.94,-0.05000000000000071,-0.5005005005005114,41250549.0
600089,20180111,9.92,9.89,9.95,9.99,-0.16000000000000014,-1.5763546798029604,26042484.0
600089,20180110,10.1,9.89,9.93,10.15,-0.15000000000000036,-1.4563106796116498,50687441.0
600089,20180109,10.2,10.03,10.11,10.3,0.05000000000000071,0.4878048780487809,43433552.0
600089,20180108,10.01,10.0,10.24,10.25,0.11999999999999922,1.1846001974333609,49849173.0
600089,20180105,10.13,10.0,10.03,10.13,-0.05999999999999872,-0.5888125613346284,38560733.0
600089,20180104,10.17,10.07,10.16,10.19,-0.040000000000000924,-0.3910068426197566,31159824.0
600089,20180103,10.03,10.01,10.16,10.23,0.16000000000000014,1.5888778550148919,50935107.0
600089,20180102,9.91,9.86,10.05,10.07,0.13000000000000078,1.307847082494984,38295844.0
600089,20171229,9.9,9.84,9.91,9.94,-0.009999999999999787,-0.10050251256281673,17295906.0
600089,20171228,9.8,9.78,9.87,9.95,0.0,0.0,22997113.0
600089,20171227,9.93,9.79,9.82,9.95,-0.07000000000000028,-0.698602794411185,23484226.0
600089,20171226,9.76,9.75,9.97,10.02,0.02999999999999936,0.30030030030030463,32722206.0
600089,20171225,9.92,9.73,9.8,9.99,-0.019999999999999574,-0.19980019980019303,35038260.0
600089,20171222,9.75,9.72,9.89,10.01,0.1999999999999993,2.0387359836901098,47088380.0
600089,20171221,9.65,9.55,9.75,9.81,0.08000000000000007,0.8221993833504637,30342059.0
600089,20171220,9.71,9.61,9.66,9.73,-0.019999999999999574,-0.20512820512820218,14540955.0
