ts_code,trade_date,open,high,low,close,change,pct_change,vol
600111,2017-12-20,13.35,13.44,13.01,13.04,-0.3500000000000014,-2.6138909634055407,42696338.0
600111,2017-12-21,13.03,13.28,12.95,13.18,0.1400000000000005,1.0736196319018454,38689767.0
600111,2017-12-22,13.17,13.7,13.15,13.44,0.2599999999999998,1.9726858877086473,75795814.0
600111,2017-12-25,13.5,13.65,13.31,13.49,0.0500000000000007,0.3720238095238137,66045405.0
600111,2017-12-26,13.43,13.73,13.24,13.71,0.2200000000000006,1.630837657524098,64270474.0
600111,2017-12-27,13.69,14.21,13.62,13.89,0.1799999999999997,1.3129102844638971,126345243.0
600111,2017-12-28,13.81,14.89,13.78,14.81,0.92,6.623470122390218,191042562.0
600111,2017-12-29,14.71,14.77,14.41,14.59,-0.2200000000000006,-1.485482781904124,111037358.0
600111,2018-01-02,14.6,14.99,14.4,14.81,0.2200000000000006,1.5078821110349638,101723978.0
600111,2018-01-03,14.71,15.08,14.63,14.77,-0.0400000000000009,-0.2700877785280275,93802789.0
600111,2018-01-04,14.64,14.99,14.39,14.95,0.1799999999999997,1.2186865267433955,107477907.0
600111,2018-01-05,14.86,14.86,14.58,14.63,-0.3199999999999985,-2.140468227424741,79663942.0
600111,2018-01-08,14.58,15.19,14.53,15.09,0.4599999999999991,3.1442241968557605,138963060.0
600111,2018-01-09,15.13,15.7,14.85,15.3,0.2100000000000008,1.3916500994035852,151693576.0
600111,2018-01-10,15.75,15.89,15.01,15.2,-0.1000000000000014,-0.6535947712418388,170515837.0
600111,2018-01-11,15.07,15.34,14.82,15.1,-0.0999999999999996,-0.6578947368421018,105653591.0
600111,2018-01-12,14.91,15.09,14.72,14.83,-0.2699999999999996,-1.788079470198678,70627460.0
600111,2018-01-15,14.84,14.87,13.8,14.01,-0.8200000000000003,-5.5293324342548855,108843836.0
600111,2018-01-16,14.0,14.19,13.91,14.13,0.120000000000001,0.8565310492505418,58928392.0
600111,2018-01-17,14.04,14.06,13.53,13.89,-0.2400000000000002,-1.698513800424628,65834166.0
600111,2018-01-18,14.0,14.37,13.94,14.18,0.2899999999999991,2.087832973362125,63157583.0
600111,2018-01-19,14.26,14.36,13.97,14.23,0.0500000000000007,0.3526093088857651,49231549.0
600111,2018-01-22,14.05,14.47,14.02,14.45,0.2199999999999988,1.5460295151089154,63643384.0
600111,2018-01-23,14.45,14.79,14.3,14.69,0.2400000000000002,1.660899653979242,103180776.0
600111,2018-01-24,14.68,14.68,14.3,14.5,-0.1899999999999995,-1.293396868618102,69815207.0
600111,2018-01-25,14.59,14.83,14.5,14.52,0.0199999999999995,0.1379310344827633,75101424.0
600111,2018-01-26,14.42,14.43,14.13,14.22,-0.2999999999999989,-2.066115702479332,59001781.0
600111,2018-01-29,14.18,14.42,14.09,14.22,0.0,0.0,49349053.0
600111,2018-01-30,14.18,14.35,14.04,14.14,-0.08,-0.5625879043600568,40445888.0
600111,2018-01-31,14.0,14.01,13.33,13.44,-0.7000000000000011,-4.950495049504955,73235319.0
600111,2018-02-01,13.44,13.59,12.83,12.92,-0.5199999999999996,-3.869047619047616,59184649.0
600111,2018-02-02,12.9,13.41,12.51,13.27,0.3499999999999996,2.7089783281733615,57086079.0
600111,2018-02-05,12.9,13.35,12.85,13.17,-0.0999999999999996,-0.7535795026375247,33737646.0
600111,2018-02-06,12.85,13.13,12.01,12.14,-1.0299999999999994,-7.820804859529229,64374259.0
600111,2018-02-07,12.46,12.58,12.0,12.18,0.0399999999999991,0.3294892915980174,47642223.0
600111,2018-02-08,12.19,12.65,12.16,12.52,0.3399999999999998,2.791461412151075,39419882.0
600111,2018-02-09,12.08,12.27,11.6,11.81,-0.7099999999999991,-5.670926517571873,55180006.0
600111,2018-02-12,11.82,12.24,11.82,12.14,0.33,2.794242167654537,33610054.0
600111,2018-02-13,12.23,12.33,12.11,12.14,0.0,0.0,30090278.0
600111,2018-02-14,12.27,12.27,12.1,12.17,0.0299999999999993,0.2471169686985019,17579217.0
600111,2018-02-22,12.33,13.13,12.26,12.84,0.6699999999999999,5.5053410024650695,64762496.0
600111,2018-02-23,12.74,12.84,12.58,12.83,-0.0099999999999997,-0.0778816199376919,39236759.0
600111,2018-02-26,12.86,13.17,12.74,13.0,0.1699999999999999,1.3250194855806807,61165137.0
600111,2018-02-27,13.0,13.0,12.68,12.75,-0.25,-1.9230769230769271,45637985.0
600111,2018-02-28,12.6,13.28,12.47,13.09,0.3399999999999998,2.6666666666666616,82669171.0
600111,2018-03-01,12.91,13.15,12.85,13.06,-0.0299999999999993,-0.2291825821237547,52276011.0
600111,2018-03-02,12.89,13.66,12.86,13.31,0.25,1.9142419601837712,93054344.0
600111,2018-03-05,13.31,13.55,13.21,13.33,0.0199999999999995,0.1502629601803029,52028251.0
600111,2018-03-06,13.46,13.74,13.34,13.65,0.3200000000000003,2.400600150037513,92081928.0
600111,2018-03-07,13.59,13.77,13.36,13.37,-0.2800000000000011,-2.051282051282055,57947688.0
600111,2018-03-08,13.5,13.73,13.42,13.52,0.1500000000000003,1.1219147344801783,53941816.0
600111,2018-03-09,13.53,13.54,13.23,13.5,-0.0199999999999995,-0.1479289940828354,55633887.0
600111,2018-03-12,13.47,13.79,13.45,13.71,0.2100000000000008,1.5555555555555545,79459352.0
600111,2018-03-13,13.62,13.66,13.37,13.38,-0.33,-2.4070021881838044,56780319.0
600111,2018-03-14,13.47,14.19,13.47,13.8,0.4199999999999999,3.1390134529148073,142462379.0
600111,2018-03-15,13.8,13.91,13.6,13.88,0.08,0.5797101449275477,74596856.0
600111,2018-03-16,13.8,13.83,13.5,13.51,-0.370000000000001,-2.6657060518732068,57868578.0
600111,2018-03-19,13.35,13.44,13.21,13.32,-0.1899999999999995,-1.4063656550703183,43474066.0
600111,2018-03-20,13.21,13.25,13.0,13.19,-0.1300000000000007,-0.9759759759759844,45791373.0
600111,2018-03-21,13.2,13.36,12.87,12.9,-0.2899999999999991,-2.1986353297952954,46403577.0
600111,2018-03-22,12.94,13.1,12.88,12.95,0.0499999999999989,0.3875968992248069,32505729.0
600111,2018-03-23,12.49,12.68,11.68,12.07,-0.879999999999999,-6.795366795366786,81008741.0
600111,2018-03-26,11.85,12.99,11.75,12.79,0.7199999999999989,5.965202982601481,89144617.0
600111,2018-03-27,12.82,13.08,12.7,12.96,0.1700000000000017,1.3291634089132254,68426806.0
600111,2018-03-28,12.77,12.82,12.67,12.72,-0.2400000000000002,-1.851851851851849,37781995.0
600111,2018-03-29,12.77,13.08,12.72,12.96,0.2400000000000002,1.8867924528301885,54775879.0
600111,2018-03-30,12.93,13.04,12.86,13.01,0.0499999999999989,0.3858024691357986,39453505.0
600111,2018-04-02,13.01,13.19,12.87,13.07,0.0600000000000005,0.4611837048424272,61955568.0
600111,2018-04-03,12.83,12.9,12.65,12.73,-0.3399999999999998,-2.601377199693955,38983449.0
600111,2018-04-04,12.79,13.01,12.71,12.74,0.0099999999999997,0.078554595443836,36840429.0
600111,2018-04-09,12.75,13.77,12.75,13.48,0.7400000000000002,5.80847723704867,120572619.0
600111,2018-04-10,13.36,13.47,13.2,13.46,-0.0199999999999995,-0.1483679525222547,63943439.0
600111,2018-04-11,13.47,13.74,13.37,13.63,0.1699999999999999,1.2630014858840966,73840517.0
600111,2018-04-12,13.5,13.52,13.25,13.27,-0.3600000000000012,-2.6412325752017685,52824617.0
600111,2018-04-13,13.33,13.4,13.05,13.07,-0.1999999999999993,-1.5071590052750494,37140117.0
600111,2018-04-16,13.07,13.3,12.79,12.94,-0.1300000000000007,-0.9946442234123998,41578895.0
600111,2018-04-17,13.02,13.29,12.87,12.88,-0.0599999999999987,-0.4636785162287382,46990773.0
600111,2018-04-18,12.92,13.05,12.44,13.04,0.1599999999999983,1.2422360248447006,55208396.0
600111,2018-04-19,13.03,13.63,12.96,13.45,0.4100000000000001,3.144171779141103,103873551.0
600111,2018-04-20,13.31,13.34,12.9,12.94,-0.5099999999999998,-3.7918215613382937,63136766.0
600111,2018-04-23,12.89,12.9,12.53,12.75,-0.1899999999999995,-1.4683153013910322,41926584.0
600111,2018-04-24,12.75,12.97,12.7,12.93,0.1799999999999997,1.4117647058823568,30555791.0
600111,2018-04-25,12.86,13.11,12.83,12.88,-0.0499999999999989,-0.3866976024748614,26743809.0
600111,2018-04-26,12.82,12.93,12.42,12.45,-0.4300000000000015,-3.3385093167701996,35475305.0
600111,2018-04-27,12.55,12.65,12.42,12.55,0.1000000000000014,0.8032128514056325,24655247.0
600111,2018-05-02,12.58,12.64,12.44,12.57,0.0199999999999995,0.1593625498008011,21830778.0
600111,2018-05-03,12.59,12.6,12.24,12.56,-0.0099999999999997,-0.0795544948289594,25592306.0
600111,2018-05-04,12.66,12.91,12.6,12.66,0.0999999999999996,0.79617834394905,35306669.0
600111,2018-05-07,12.68,12.91,12.61,12.87,0.209999999999999,1.6587677725118375,39645420.0
600111,2018-05-08,12.88,13.03,12.77,12.94,0.0700000000000002,0.543900543900544,37139708.0
600111,2018-05-09,12.9,12.94,12.79,12.85,-0.0899999999999998,-0.695517774343124,21194569.0
600111,2018-05-10,12.88,12.95,12.71,12.8,-0.0499999999999989,-0.3891050583657462,22054922.0
600111,2018-05-11,12.82,13.06,12.77,12.95,0.1499999999999985,1.1718749999999778,47753408.0
600111,2018-05-14,12.93,13.12,12.84,13.02,0.0700000000000002,0.540540540540535,36764123.0
600111,2018-05-15,13.11,13.12,12.85,12.99,-0.0299999999999993,-0.2304147465437722,28125811.0
600111,2018-05-16,12.91,12.92,12.68,12.69,-0.3000000000000007,-2.3094688221709014,37540740.0
600111,2018-05-17,12.69,12.77,12.61,12.66,-0.0299999999999993,-0.2364066193853431,18488617.0
600111,2018-05-18,12.62,12.75,12.56,12.73,0.0700000000000002,0.5529225908372792,18442768.0
600111,2018-05-21,12.85,12.9,12.75,12.8,0.0700000000000002,0.54988216810683,23707310.0
600111,2018-05-22,12.82,12.83,12.61,12.74,-0.0600000000000005,-0.4687500000000066,23908458.0
600111,2018-05-23,12.69,12.7,12.41,12.42,-0.3200000000000003,-2.5117739403453743,34659749.0
600111,2018-05-24,12.42,12.53,12.37,12.39,-0.0299999999999993,-0.2415458937197967,17288276.0
600111,2018-05-25,12.34,12.45,12.1,12.15,-0.2400000000000002,-1.937046004842613,26609787.0
600111,2018-05-28,12.15,12.2,11.98,12.05,-0.0999999999999996,-0.8230452674897082,21785683.0
600111,2018-05-29,12.08,12.16,11.94,11.98,-0.0700000000000002,-0.5809128630705374,18596001.0
600111,2018-05-30,11.85,12.27,11.75,11.87,-0.1100000000000012,-0.9181969949916602,34584496.0
600111,2018-05-31,11.97,12.14,11.92,12.09,0.2200000000000006,1.8534119629317616,24707792.0
600111,2018-06-01,12.01,12.22,11.98,12.07,-0.0199999999999995,-0.1654259718775863,22124982.0
600111,2018-06-04,12.08,12.15,11.91,11.95,-0.120000000000001,-0.9942004971002616,17689883.0
600111,2018-06-05,11.9,12.04,11.78,12.02,0.0700000000000002,0.585774058577404,24577189.0
600111,2018-06-06,11.98,12.12,11.95,12.01,-0.0099999999999997,-0.0831946755407653,20553474.0
600111,2018-06-07,12.08,12.13,11.92,11.95,-0.0600000000000005,-0.4995836802664466,16983584.0
600111,2018-06-08,11.93,11.94,11.62,11.71,-0.2399999999999984,-2.0083682008368076,26710397.0
600111,2018-06-11,11.68,11.79,11.63,11.75,0.0399999999999991,0.3415883859948732,14299969.0
600111,2018-06-12,11.71,12.04,11.64,11.91,0.1600000000000001,1.3617021276595809,23443311.0
600111,2018-06-13,11.91,12.03,11.82,11.9,-0.0099999999999997,-0.0839630562552429,22976259.0
600111,2018-06-14,12.07,12.47,12.05,12.26,0.3599999999999994,3.0252100840336027,67151048.0
600111,2018-06-15,12.15,12.3,12.06,12.18,-0.08,-0.6525285481239762,42357734.0
600111,2018-06-19,12.0,12.17,11.0,11.47,-0.7099999999999991,-5.829228243021333,58499042.0
600111,2018-06-20,11.22,11.57,11.22,11.37,-0.1000000000000014,-0.8718395815170088,27941459.0
600111,2018-06-21,11.41,11.77,11.34,11.37,0.0,0.0,35610952.0
600111,2018-06-22,11.28,11.46,10.88,11.43,0.0600000000000005,0.5277044854881341,26212514.0
600111,2018-06-25,11.52,11.63,11.22,11.24,-0.1899999999999995,-1.6622922134733151,25170954.0
600111,2018-06-26,11.0,11.46,10.95,11.34,0.0999999999999996,0.8896797153024938,22830310.0
600111,2018-06-27,11.3,11.54,11.22,11.41,0.0700000000000002,0.6172839506172867,31900436.0
600111,2018-06-28,11.33,11.42,11.1,11.21,-0.1999999999999993,-1.752848378615246,25445521.0
600111,2018-06-29,11.25,11.4,11.16,11.38,0.1699999999999999,1.5165031222123204,26027359.0
600111,2018-07-02,11.34,11.44,11.08,11.17,-0.2100000000000008,-1.8453427065026395,28303544.0
600111,2018-07-03,11.12,11.18,10.8,11.17,0.0,0.0,33524816.0
600111,2018-07-04,11.11,11.34,11.05,11.17,0.0,0.0,23841341.0
600111,2018-07-05,11.1,11.17,10.67,10.76,-0.4100000000000001,-3.670546105640105,33816072.0
600111,2018-07-06,10.77,10.84,10.28,10.68,-0.08,-0.743494423791824,34687855.0
600111,2018-07-09,10.6,10.84,10.6,10.8,0.120000000000001,1.1235955056179805,22297316.0
600111,2018-07-10,10.8,11.02,10.75,10.95,0.1499999999999985,1.388888888888884,27476892.0
600111,2018-07-11,10.79,10.8,10.52,10.65,-0.2999999999999989,-2.739726027397249,23548969.0
600111,2018-07-12,10.7,10.96,10.7,10.9,0.25,2.3474178403755763,29623141.0
600111,2018-07-13,10.9,11.04,10.82,10.97,0.0700000000000002,0.6422018348623881,29887706.0
600111,2018-07-16,10.98,11.02,10.79,10.88,-0.0899999999999998,-0.8204193254329972,17890645.0
600111,2018-07-17,10.8,10.9,10.77,10.88,0.0,0.0,14610603.0
600111,2018-07-18,10.88,10.96,10.78,10.8,-0.08,-0.7352941176470562,16961115.0
600111,2018-07-19,10.8,10.84,10.6,10.74,-0.0600000000000005,-0.5555555555555647,18871647.0
600111,2018-07-20,10.73,10.94,10.56,10.82,0.08,0.7448789571694592,22736217.0
600111,2018-07-23,10.77,11.06,10.7,11.02,0.1999999999999993,1.8484288354898348,35990044.0
600111,2018-07-24,10.96,11.43,10.96,11.39,0.370000000000001,3.3575317604355837,67031657.0
600111,2018-07-25,11.33,11.36,11.21,11.25,-0.1400000000000005,-1.229148375768219,34884614.0
600111,2018-07-26,11.29,11.35,11.2,11.27,0.0199999999999995,0.1777777777777656,22511610.0
600111,2018-07-27,11.29,11.3,11.06,11.16,-0.1099999999999994,-0.976042590949422,19551506.0
600111,2018-07-30,11.14,11.34,11.11,11.18,0.0199999999999995,0.1792114695340574,21015121.0
600111,2018-07-31,11.16,11.2,11.03,11.11,-0.0700000000000002,-0.6261180679785316,15592487.0
600111,2018-08-01,11.14,11.19,10.82,10.83,-0.2799999999999993,-2.5202520252025185,22856455.0
600111,2018-08-02,10.85,10.89,10.35,10.58,-0.25,-2.308402585410896,27693486.0
600111,2018-08-03,10.59,10.73,10.5,10.51,-0.0700000000000002,-0.6616257088846944,15364871.0
600111,2018-08-06,10.57,10.57,10.23,10.29,-0.2200000000000006,-2.0932445290199886,17655662.0
600111,2018-08-07,10.34,10.64,10.24,10.6,0.3100000000000005,3.0126336248785357,21947784.0
600111,2018-08-08,10.54,10.61,10.42,10.44,-0.1600000000000001,-1.5094339622641506,16276175.0
600111,2018-08-09,10.41,10.67,10.38,10.61,0.1699999999999999,1.6283524904214586,22077580.0
600111,2018-08-10,10.6,10.64,10.5,10.58,-0.0299999999999993,-0.2827521206408945,14307655.0
600111,2018-08-13,10.45,10.53,10.33,10.5,-0.08,-0.7561436672967825,16472372.0
600111,2018-08-14,10.47,10.78,10.43,10.63,0.1300000000000007,1.238095238095238,22544612.0
600111,2018-08-15,10.55,10.63,10.41,10.43,-0.200000000000001,-1.8814675446848672,14653541.0
600111,2018-08-16,10.29,10.45,10.25,10.31,-0.1199999999999992,-1.1505273250239645,12314854.0
600111,2018-08-17,10.41,10.43,10.15,10.18,-0.1300000000000007,-1.2609117361784716,13496796.0
600111,2018-08-20,10.18,10.28,10.02,10.22,0.0400000000000009,0.3929273084479545,13492172.0
600111,2018-08-21,10.2,10.31,10.11,10.26,0.0399999999999991,0.3913894324853118,13561380.0
600111,2018-08-22,10.26,10.26,10.08,10.1,-0.1600000000000001,-1.5594541910331383,11544947.0
600111,2018-08-23,10.1,10.17,10.06,10.1,0.0,0.0,12105408.0
600111,2018-08-24,10.14,10.22,10.11,10.16,0.0600000000000005,0.5940594059405946,15437440.0
600111,2018-08-27,10.19,10.34,10.16,10.31,0.1500000000000003,1.476377952755903,18865503.0
600111,2018-08-28,10.33,10.48,10.3,10.4,0.0899999999999998,0.8729388942773975,28275156.0
600111,2018-08-29,10.36,10.4,10.23,10.26,-0.1400000000000005,-1.3461538461538525,15297669.0
600111,2018-08-30,10.24,10.31,10.14,10.16,-0.0999999999999996,-0.974658869395706,12868885.0
600111,2018-08-31,10.14,10.25,10.09,10.24,0.08,0.7874015748031482,11466539.0
600111,2018-09-03,10.19,10.22,10.08,10.16,-0.08,-0.78125,8404941.0
600111,2018-09-04,10.17,10.28,10.14,10.22,0.0600000000000005,0.5905511811023612,13475818.0
600111,2018-09-05,10.24,10.27,10.08,10.08,-0.1400000000000005,-1.3698630136986356,12868747.0
600111,2018-09-06,10.05,10.15,10.03,10.05,-0.0299999999999993,-0.2976190476190465,10311606.0
600111,2018-09-07,10.06,10.16,9.92,9.98,-0.0700000000000002,-0.6965174129353269,12593092.0
600111,2018-09-10,9.98,10.01,9.29,9.41,-0.5700000000000003,-5.7114228456913825,34369937.0
600111,2018-09-11,9.45,9.47,9.27,9.33,-0.08,-0.8501594048884176,16423068.0
600111,2018-09-12,9.31,9.42,9.31,9.35,0.0199999999999995,0.2143622722400762,10223773.0
600111,2018-09-13,9.45,9.49,9.35,9.42,0.0700000000000002,0.7486631016042855,10003462.0
600111,2018-09-14,9.43,9.85,9.4,9.62,0.1999999999999993,2.123142250530785,30915798.0
600111,2018-09-17,9.46,9.54,9.37,9.38,-0.2399999999999984,-2.494802494802484,12140071.0
600111,2018-09-18,9.38,9.52,9.33,9.5,0.1199999999999992,1.2793176972281328,12930628.0
600111,2018-09-19,9.51,9.74,9.5,9.61,0.1099999999999994,1.157894736842091,24010625.0
600111,2018-09-20,9.9,10.15,9.81,9.82,0.2100000000000008,2.1852237252861784,53194224.0
600111,2018-09-21,9.83,9.93,9.68,9.88,0.0600000000000005,0.6109979633401208,31725256.0
600111,2018-09-25,9.88,10.02,9.81,9.9,0.0199999999999995,0.2024291497975561,20726827.0
600111,2018-09-26,9.9,10.13,9.84,9.96,0.0600000000000005,0.60606060606061,28628173.0
600111,2018-09-27,9.97,10.04,9.82,9.83,-0.1300000000000007,-1.3052208835341417,17330922.0
600111,2018-09-28,9.82,10.26,9.78,10.23,0.4000000000000003,4.069175991861651,54927457.0
600111,2018-10-08,10.0,10.51,9.99,10.16,-0.0700000000000002,-0.6842619745845546,59774396.0
600111,2018-10-09,10.16,10.33,10.12,10.27,0.1099999999999994,1.0826771653543288,28949373.0
600111,2018-10-10,10.27,10.45,10.13,10.2,-0.0700000000000002,-0.6815968841285325,26933457.0
600111,2018-10-11,9.9,9.98,9.27,9.58,-0.6199999999999992,-6.078431372549009,48987969.0
600111,2018-10-12,9.54,9.73,9.29,9.69,0.1099999999999994,1.148225469728592,28783442.0
600111,2018-10-15,9.7,9.76,9.54,9.54,-0.1500000000000003,-1.547987616099078,17967115.0
600111,2018-10-16,9.6,9.68,9.31,9.48,-0.0599999999999987,-0.6289308176100517,21018789.0
600111,2018-10-17,9.61,9.68,9.28,9.56,0.08,0.8438818565400741,16633119.0
600111,2018-10-18,9.51,9.53,9.21,9.26,-0.3000000000000007,-3.1380753138075423,17643636.0
600111,2018-10-19,9.0,9.36,8.91,9.35,0.0899999999999998,0.9719222462202914,26402135.0
600111,2018-10-22,9.36,9.84,9.36,9.71,0.3600000000000012,3.850267379679151,38377994.0
600111,2018-10-23,9.66,9.73,9.4,9.43,-0.2800000000000011,-2.8836251287332804,29630674.0
600111,2018-10-24,9.35,9.53,9.3,9.39,-0.0399999999999991,-0.4241781548250167,18689296.0
600111,2018-10-25,9.09,9.55,9.02,9.49,0.0999999999999996,1.0649627263045858,27193851.0
600111,2018-10-26,9.71,9.8,9.45,9.5,0.0099999999999997,0.1053740779768164,32409442.0
600111,2018-10-29,9.45,9.53,9.3,9.39,-0.1099999999999994,-1.1578947368421022,16346904.0
600111,2018-10-30,9.38,9.73,9.35,9.58,0.1899999999999995,2.0234291799786863,30830029.0
600111,2018-10-31,9.76,10.54,9.76,10.5,0.92,9.603340292275565,119166396.0
600111,2018-11-01,10.35,10.66,10.28,10.36,-0.1400000000000005,-1.333333333333342,86489954.0
600111,2018-11-02,10.46,10.5,10.24,10.42,0.0600000000000005,0.5791505791505891,66875594.0
600111,2018-11-05,10.39,10.59,10.28,10.44,0.0199999999999995,0.1919385796545158,45710037.0
600111,2018-11-06,10.38,10.53,10.28,10.48,0.0400000000000009,0.3831417624521105,38866403.0
600111,2018-11-07,10.46,10.7,10.29,10.29,-0.1900000000000012,-1.8129770992366567,56604234.0
600111,2018-11-08,10.37,10.45,10.15,10.19,-0.0999999999999996,-0.97181729834791,35586310.0
600111,2018-11-09,10.2,10.34,10.05,10.06,-0.129999999999999,-1.27576054955838,25174921.0
600111,2018-11-12,10.05,10.31,10.03,10.3,0.2400000000000002,2.385685884691857,28619451.0
600111,2018-11-13,10.18,10.35,10.09,10.29,-0.0100000000000015,-0.0970873786407922,41183261.0
600111,2018-11-14,10.26,10.47,10.17,10.19,-0.0999999999999996,-0.97181729834791,33866796.0
600111,2018-11-15,10.17,10.36,10.14,10.36,0.1699999999999999,1.6683022571148287,31789781.0
600111,2018-11-16,10.39,10.44,10.23,10.3,-0.0599999999999987,-0.5791505791505669,37731615.0
600111,2018-11-19,10.34,10.65,10.21,10.63,0.33,3.2038834951456208,63116768.0
600111,2018-11-20,10.52,10.56,10.33,10.39,-0.2400000000000002,-2.257761053621832,40816223.0
600111,2018-11-21,10.34,10.34,10.16,10.27,-0.120000000000001,-1.1549566891241647,29366476.0
600111,2018-11-22,10.32,10.32,10.21,10.26,-0.0099999999999997,-0.0973709834469316,17556900.0
600111,2018-11-23,10.23,10.26,9.63,9.67,-0.5899999999999999,-5.750487329434694,53138681.0
600111,2018-11-26,9.7,9.72,9.5,9.53,-0.1400000000000005,-1.4477766287487093,20403171.0
600111,2018-11-27,9.6,9.69,9.56,9.61,0.08,0.8394543546694555,13601303.0
600111,2018-11-28,9.62,9.79,9.53,9.79,0.1799999999999997,1.873048907388131,20117658.0
600111,2018-11-29,9.9,10.0,9.68,9.68,-0.1099999999999994,-1.1235955056179692,27918836.0
600111,2018-11-30,9.69,9.83,9.56,9.73,0.0500000000000007,0.5165289256198413,17804945.0
600111,2018-12-03,9.9,10.09,9.85,10.02,0.2899999999999991,2.9804727646454143,34561962.0
600111,2018-12-04,9.9,10.02,9.89,9.96,-0.0599999999999987,-0.5988023952095634,19670669.0
600111,2018-12-05,9.82,10.04,9.76,9.89,-0.0700000000000002,-0.7028112449799173,28149575.0
600111,2018-12-06,9.84,9.93,9.75,9.78,-0.1100000000000012,-1.1122345803842415,16890947.0
600111,2018-12-07,9.79,9.87,9.73,9.76,-0.0199999999999995,-0.2044989775051076,9903729.0
600111,2018-12-10,9.73,9.73,9.5,9.56,-0.1999999999999993,-2.049180327868849,15886642.0
600111,2018-12-11,9.6,9.68,9.58,9.64,0.08,0.8368200836819994,9317816.0
600111,2018-12-12,9.68,9.71,9.61,9.65,0.0099999999999997,0.1037344398340245,12447834.0
600111,2018-12-13,9.67,9.68,9.42,9.6,-0.0500000000000007,-0.5181347150259086,34824031.0
600111,2018-12-14,9.53,9.55,9.21,9.33,-0.2699999999999996,-2.8124999999999956,51507746.0
600111,2018-12-17,9.31,9.37,9.2,9.32,-0.0099999999999997,-0.1071811361200381,13716467.0
600111,2018-12-18,9.3,9.36,9.21,9.27,-0.0500000000000007,-0.5364806866952843,10913001.0
600111,2018-12-19,9.27,9.33,9.18,9.19,-0.08,-0.8629989212513456,9862774.0
600111,2018-12-20,9.16,9.26,9.16,9.2,0.0099999999999997,0.1088139281828048,9984973.0
600111,2018-12-21,9.19,9.2,9.07,9.11,-0.0899999999999998,-0.9782608695652172,11985094.0
600111,2018-12-24,9.12,9.16,9.07,9.12,0.0099999999999997,0.1097694840834329,12000071.0
600111,2018-12-25,9.05,9.05,8.74,8.86,-0.2599999999999998,-2.8508771929824595,25625179.0
600111,2018-12-26,8.8,8.93,8.8,8.84,-0.0199999999999995,-0.225733634311509,10351322.0
600111,2018-12-27,9.0,9.0,8.75,8.76,-0.08,-0.9049773755656076,13787236.0
600111,2018-12-28,8.77,8.84,8.74,8.77,0.0099999999999997,0.1141552511415566,11223189.0
600111,2019-01-02,8.79,8.8,8.66,8.69,-0.08,-0.9122006841505104,9241109.0
600111,2019-01-03,8.7,8.85,8.66,8.82,0.1300000000000007,1.4959723820483497,12515368.0
600111,2019-01-04,8.73,9.18,8.69,9.18,0.3599999999999994,4.081632653061207,32427875.0
600111,2019-01-07,9.18,9.33,9.12,9.28,0.0999999999999996,1.089324618736387,33198703.0
600111,2019-01-08,9.2,9.3,9.12,9.16,-0.1199999999999992,-1.2931034482758563,17874194.0
600111,2019-01-09,9.2,9.25,9.1,9.1,-0.0600000000000005,-0.6550218340611424,21979960.0
600111,2019-01-10,9.11,9.12,8.94,8.96,-0.1399999999999988,-1.538461538461522,18355664.0
600111,2019-01-11,9.02,9.11,9.0,9.06,0.0999999999999996,1.116071428571419,18902615.0
600111,2019-01-14,9.08,9.14,8.99,9.0,-0.0600000000000005,-0.6622516556291425,15208107.0
600111,2019-01-15,8.89,9.06,8.89,9.04,0.0399999999999991,0.4444444444444251,15675154.0
600111,2019-01-16,9.04,9.07,8.87,8.91,-0.129999999999999,-1.4380530973451269,18124557.0
600111,2019-01-17,8.93,9.09,8.87,8.91,0.0,0.0,32245316.0
600111,2019-01-18,8.89,9.09,8.86,9.06,0.1500000000000003,1.683501683501687,35697690.0
600111,2019-01-21,9.08,9.11,8.98,9.05,-0.0099999999999997,-0.1103752759381904,22845299.0
600111,2019-01-22,9.04,9.05,8.87,8.91,-0.1400000000000005,-1.5469613259668558,17577736.0
600111,2019-01-23,8.88,8.98,8.87,8.9,-0.0099999999999997,-0.1122334455667783,11655255.0
600111,2019-01-24,8.9,8.93,8.83,8.88,-0.0199999999999995,-0.2247191011235938,16731456.0
600111,2019-01-25,8.88,8.94,8.85,8.86,-0.0200000000000013,-0.2252252252252451,15135079.0
600111,2019-01-28,8.9,8.94,8.82,8.84,-0.0199999999999995,-0.225733634311509,13404390.0
600111,2019-01-29,8.8,8.83,8.52,8.69,-0.1500000000000003,-1.6968325791855254,22345716.0
600111,2019-01-30,8.7,8.74,8.61,8.64,-0.0499999999999989,-0.575373993095496,9835205.0
600111,2019-01-31,8.74,8.74,8.51,8.55,-0.0899999999999998,-1.041666666666663,15608218.0
600111,2019-02-01,8.6,8.7,8.58,8.7,0.1499999999999985,1.754385964912264,13634252.0
600111,2019-02-11,8.78,8.97,8.73,8.96,0.2600000000000015,2.9885057471264576,22142611.0
600111,2019-02-12,9.0,9.04,8.91,8.98,0.0199999999999995,0.2232142857142793,23612296.0
600111,2019-02-13,8.98,9.28,8.96,9.19,0.209999999999999,2.3385300668151254,52023584.0
600111,2019-02-14,9.16,9.22,9.11,9.16,-0.0299999999999993,-0.3264417845484146,23842124.0
600111,2019-02-15,9.17,9.23,9.08,9.09,-0.0700000000000002,-0.7641921397379958,24125289.0
600111,2019-02-18,9.15,9.35,9.13,9.32,0.2300000000000004,2.5302530253025424,45536533.0
600111,2019-02-19,9.34,9.37,9.19,9.27,-0.0500000000000007,-0.5364806866952843,38625297.0
600111,2019-02-20,9.26,9.54,9.24,9.35,0.08,0.8629989212513456,49646969.0
600111,2019-02-21,9.3,9.44,9.25,9.28,-0.0700000000000002,-0.7486631016042855,39676830.0
600111,2019-02-22,9.26,9.39,9.16,9.38,0.1000000000000014,1.0775862068965747,37165124.0
600111,2019-02-25,9.5,10.32,9.43,10.32,0.9399999999999996,10.021321961620464,146278206.0
600111,2019-02-26,10.75,11.35,10.45,11.28,0.9599999999999992,9.302325581395344,277759876.0
600111,2019-02-27,10.95,11.28,10.75,10.96,-0.3199999999999985,-2.8368794326240954,140994556.0
600111,2019-02-28,10.97,11.05,10.63,10.66,-0.3000000000000007,-2.7372262773722733,83204199.0
600111,2019-03-01,10.77,10.78,10.48,10.78,0.1199999999999992,1.1257035647279423,80833209.0
600111,2019-03-04,10.94,11.2,10.78,10.91,0.1300000000000007,1.2059369202226389,129388866.0
600111,2019-03-05,10.8,11.13,10.73,11.13,0.2200000000000006,2.016498625114571,91945945.0
600111,2019-03-06,11.29,11.83,11.17,11.39,0.2599999999999998,2.336028751123087,150304981.0
600111,2019-03-07,11.25,12.3,11.13,11.8,0.4100000000000001,3.5996488147497896,165198997.0
600111,2019-03-08,11.4,11.6,10.8,10.85,-0.9500000000000012,-8.05084745762713,122597394.0
600111,2019-03-11,10.77,11.25,10.77,11.19,0.3399999999999998,3.133640552995387,68293033.0
600111,2019-03-12,11.25,11.52,11.07,11.3,0.1100000000000012,0.9830205540661384,93246147.0
600111,2019-03-13,11.39,11.79,11.18,11.48,0.1799999999999997,1.5929203539823078,114456700.0
600111,2019-03-14,11.34,11.89,11.14,11.29,-0.1900000000000012,-1.6550522648083763,130032894.0
600111,2019-03-15,11.35,11.69,11.16,11.69,0.4000000000000003,3.5429583702391465,106703464.0
600111,2019-03-18,12.2,12.47,11.77,11.87,0.1799999999999997,1.5397775876817787,148650075.0
600111,2019-03-19,11.8,12.01,11.62,11.89,0.0200000000000013,0.1684919966301823,84817366.0
600111,2019-03-20,11.8,11.83,11.32,11.54,-0.3500000000000014,-2.9436501261564496,87373201.0
600111,2019-03-21,11.54,11.77,11.42,11.56,0.0200000000000013,0.1733102253033136,73199524.0
600111,2019-03-22,11.48,11.69,11.37,11.56,0.0,0.0,55069088.0
600111,2019-03-25,11.3,11.4,11.1,11.1,-0.4600000000000008,-3.979238754325265,66788625.0
600111,2019-03-26,11.15,11.26,10.79,10.9,-0.1999999999999993,-1.8018018018017945,55493214.0
600111,2019-03-27,10.99,11.03,10.76,10.9,0.0,0.0,35297795.0
600111,2019-03-28,10.81,10.93,10.71,10.78,-0.120000000000001,-1.1009174311926715,34362182.0
600111,2019-03-29,10.8,11.15,10.76,11.15,0.370000000000001,3.432282003710574,54006501.0
600111,2019-04-01,11.19,11.65,11.19,11.5,0.3499999999999996,3.139013452914785,83903500.0
600111,2019-04-02,11.55,11.97,11.39,11.8,0.3000000000000007,2.60869565217392,117563381.0
600111,2019-04-03,11.6,11.76,11.52,11.64,-0.1600000000000001,-1.3559322033898311,69514839.0
600111,2019-04-04,11.66,11.86,11.52,11.78,0.1399999999999988,1.2027491408934663,90411830.0
600111,2019-04-08,11.88,12.13,11.61,11.8,0.0200000000000013,0.1697792869270076,110438486.0
600111,2019-04-09,11.69,11.69,11.44,11.52,-0.2800000000000011,-2.3728813559322104,59802549.0
600111,2019-04-10,11.53,11.59,11.3,11.49,-0.0299999999999993,-0.2604166666666629,47629727.0
600111,2019-04-11,11.47,11.61,11.28,11.29,-0.200000000000001,-1.7406440382941812,44123067.0
600111,2019-04-12,11.25,11.35,11.11,11.22,-0.0699999999999985,-0.6200177147918429,30629662.0
600111,2019-04-15,11.4,11.48,11.08,11.09,-0.1300000000000007,-1.1586452762923471,35622154.0
600111,2019-04-16,11.02,11.5,10.99,11.48,0.3900000000000005,3.516681695220925,48989652.0
600111,2019-04-17,11.5,11.62,11.39,11.47,-0.0099999999999997,-0.0871080139372759,41212838.0
600111,2019-04-18,11.4,11.52,11.24,11.26,-0.2100000000000008,-1.8308631211857107,35598303.0
600111,2019-04-19,11.26,11.38,11.08,11.37,0.1099999999999994,0.9769094138543544,35059980.0
600111,2019-04-22,11.45,11.57,11.2,11.2,-0.1699999999999999,-1.4951627088830244,33961599.0
600111,2019-04-23,11.22,11.77,11.05,11.52,0.3200000000000003,2.857142857142869,71828439.0
600111,2019-04-24,11.45,11.55,11.3,11.54,0.0199999999999995,0.173611111111116,44621573.0
600111,2019-04-25,11.52,12.07,11.39,11.65,0.1100000000000012,0.9532062391681252,142715876.0
600111,2019-04-26,11.59,11.59,10.78,10.97,-0.6799999999999997,-5.836909871244633,84462770.0
600111,2019-04-29,10.73,10.89,10.06,10.17,-0.8000000000000007,-7.292616226071114,71025473.0
600111,2019-04-30,10.22,10.41,10.2,10.27,0.0999999999999996,0.9832841691248762,25041251.0
600111,2019-05-06,9.98,10.08,9.4,9.53,-0.7400000000000002,-7.205452775073029,50245329.0
600111,2019-05-07,9.64,9.78,9.46,9.69,0.1600000000000001,1.6789087093389332,27538765.0
600111,2019-05-08,9.49,9.87,9.45,9.73,0.0400000000000009,0.4127966976264385,27663609.0
600111,2019-05-09,9.62,9.98,9.56,9.84,0.1099999999999994,1.130524152106882,31946299.0
600111,2019-05-10,9.93,10.24,9.77,10.2,0.3599999999999994,3.658536585365857,53298607.0
600111,2019-05-13,10.05,10.16,9.97,10.02,-0.1799999999999997,-1.764705882352935,30100598.0
600111,2019-05-14,10.25,10.49,10.11,10.13,0.1100000000000012,1.0978043912175828,46396447.0
600111,2019-05-15,10.21,10.28,10.02,10.19,0.0599999999999987,0.5923000987166693,40299019.0
600111,2019-05-16,10.3,11.21,10.3,11.21,1.0200000000000014,10.009813542688928,86684975.0
600111,2019-05-17,11.89,11.89,10.99,10.99,-0.2200000000000006,-1.9625334522747615,180806381.0
600111,2019-05-20,10.73,11.74,10.38,11.6,0.6099999999999994,5.55050045495904,158934641.0
600111,2019-05-21,11.65,12.76,11.28,12.76,1.16,10.000000000000009,226152797.0
600111,2019-05-22,13.5,13.5,12.66,12.73,-0.0299999999999993,-0.2351097178683314,342566030.0
600111,2019-05-23,12.82,13.25,12.55,13.01,0.2799999999999993,2.199528672427342,215611232.0
600111,2019-05-24,12.59,13.2,11.95,12.05,-0.9599999999999992,-7.378939277478858,196881873.0
600111,2019-05-27,12.15,12.65,12.08,12.45,0.3999999999999986,3.319502074688785,142575285.0
600111,2019-05-28,12.3,12.76,12.12,12.44,-0.0099999999999997,-0.080321285140561,146358674.0
600111,2019-05-29,13.0,13.6,12.82,13.52,1.08,8.681672025723476,300161630.0
600111,2019-05-30,13.26,13.34,12.44,12.96,-0.5599999999999987,-4.142011834319515,209890914.0
600111,2019-05-31,12.8,13.73,12.68,13.13,0.1699999999999999,1.311728395061729,214229253.0
600111,2019-06-03,13.13,13.46,12.64,12.83,-0.3000000000000007,-2.2848438690022954,151146918.0
600111,2019-06-04,12.8,13.02,12.18,12.39,-0.4399999999999995,-3.4294621979734985,122085745.0
600111,2019-06-05,12.86,12.95,12.43,12.46,0.0700000000000002,0.5649717514124353,103169574.0
600111,2019-06-06,12.49,13.08,12.37,12.82,0.3599999999999994,2.8892455858748,135425328.0
600111,2019-06-10,13.05,13.07,12.33,12.73,-0.0899999999999998,-0.7020280811232404,114628156.0
600111,2019-06-11,12.74,13.93,12.69,13.71,0.9800000000000004,7.6983503534956865,228430388.0
600111,2019-06-12,13.8,15.08,13.68,14.32,0.6099999999999994,4.449307075127629,393586267.0
600111,2019-06-13,14.0,14.28,13.56,13.99,-0.33,-2.304469273743015,216266821.0
600111,2019-06-14,14.0,14.05,13.56,13.62,-0.370000000000001,-2.6447462473195182,134414424.0
600111,2019-06-17,13.73,14.16,13.61,13.8,0.1800000000000015,1.3215859030837107,126492829.0
600111,2019-06-18,13.56,13.65,13.01,13.28,-0.5200000000000014,-3.768115942028994,104462048.0
600111,2019-06-19,13.24,13.45,13.03,13.13,-0.1499999999999985,-1.1295180722891485,123614967.0
600111,2019-06-20,13.14,13.17,12.63,12.94,-0.1900000000000012,-1.4470677837014612,126235999.0
600111,2019-06-21,12.94,13.16,12.83,12.98,0.0400000000000009,0.309119010819181,111290654.0
600111,2019-06-24,12.98,13.39,12.89,13.2,0.2199999999999988,1.6949152542372836,106325647.0
600111,2019-06-25,13.1,13.1,12.43,12.66,-0.5399999999999991,-4.09090909090909,110207823.0
600111,2019-06-26,12.52,12.73,12.44,12.5,-0.1600000000000001,-1.2638230647709303,45621726.0
600111,2019-06-27,12.6,12.63,12.38,12.55,0.0500000000000007,0.4000000000000003,47524542.0
600111,2019-06-28,12.55,12.95,12.46,12.84,0.2899999999999991,2.3107569721115384,87834230.0
600111,2019-07-01,12.48,12.65,12.03,12.59,-0.25,-1.947040498442365,104147969.0
600111,2019-07-02,12.48,12.66,12.4,12.49,-0.0999999999999996,-0.7942811755361379,53455942.0
600111,2019-07-03,12.45,12.55,12.14,12.19,-0.3000000000000007,-2.4019215372297897,64973899.0
600111,2019-07-04,12.19,12.49,12.04,12.22,0.0300000000000011,0.2461033634126419,55916444.0
600111,2019-07-05,12.22,12.35,12.07,12.2,-0.0200000000000013,-0.1636661211129375,36420412.0
600111,2019-07-08,12.15,12.16,11.5,11.61,-0.5899999999999999,-4.836065573770487,67726452.0
600111,2019-07-09,11.6,11.85,11.46,11.67,0.0600000000000005,0.5167958656330685,42936977.0
600111,2019-07-10,11.6,11.7,11.33,11.39,-0.2799999999999993,-2.3993144815766865,38621946.0
600111,2019-07-11,11.49,11.62,11.24,11.34,-0.0500000000000007,-0.4389815627743654,37054519.0
600111,2019-07-12,11.4,11.42,11.25,11.29,-0.0500000000000007,-0.4409171075837825,24049843.0
600111,2019-07-15,11.4,11.67,11.32,11.59,0.3000000000000007,2.657218777679371,52642410.0
600111,2019-07-16,11.65,11.85,11.58,11.72,0.1300000000000007,1.1216566005176842,44723095.0
600111,2019-07-17,11.66,11.86,11.55,11.71,-0.0099999999999997,-0.0853242320819069,42069641.0
600111,2019-07-18,11.82,12.22,11.81,11.94,0.2299999999999986,1.964133219470532,77634178.0
600111,2019-07-19,11.9,12.05,11.81,11.85,-0.0899999999999998,-0.7537688442211032,39759049.0
600111,2019-07-22,11.79,11.8,11.01,11.04,-0.8100000000000005,-6.835443037974686,75029540.0
600111,2019-07-23,11.06,11.18,11.03,11.11,0.0700000000000002,0.6340579710145011,23738772.0
600111,2019-07-24,11.12,11.28,11.12,11.19,0.08,0.7200720072007227,26413359.0
600111,2019-07-25,11.19,11.31,11.1,11.24,0.0500000000000007,0.4468275245755215,30640566.0
600111,2019-07-26,11.24,11.25,11.13,11.19,-0.0500000000000007,-0.4448398576512469,20812078.0
600111,2019-07-29,11.21,11.31,11.18,11.23,0.0400000000000009,0.3574620196604261,18919244.0
600111,2019-07-30,11.19,11.32,11.18,11.19,-0.0400000000000009,-0.3561887800534347,31538984.0
600111,2019-07-31,11.16,11.28,11.02,11.24,0.0500000000000007,0.4468275245755215,30501130.0
600111,2019-08-01,11.18,11.22,11.06,11.07,-0.1699999999999999,-1.5124555160142328,24355811.0
600111,2019-08-02,11.6,12.15,11.41,12.07,1.0,9.033423667570004,158085515.0
600111,2019-08-05,12.08,12.58,11.89,12.17,0.0999999999999996,0.8285004142501995,136142493.0
600111,2019-08-06,11.97,12.44,11.69,11.94,-0.2300000000000004,-1.8898931799506968,113170977.0
600111,2019-08-07,11.87,12.48,11.82,12.31,0.370000000000001,3.0988274706867713,127375520.0
600111,2019-08-08,12.16,12.21,11.83,11.96,-0.3499999999999996,-2.843216896831846,76733877.0
600111,2019-08-09,11.99,12.1,11.75,11.78,-0.1800000000000015,-1.5050167224080369,58598549.0
600111,2019-08-12,11.83,11.86,11.14,11.4,-0.379999999999999,-3.2258064516129004,77079700.0
600111,2019-08-13,11.3,11.56,11.25,11.4,0.0,0.0,46081401.0
600111,2019-08-14,11.06,11.28,11.01,11.24,-0.1600000000000001,-1.403508771929829,49005208.0
600111,2019-08-15,11.08,11.26,11.04,11.15,-0.0899999999999998,-0.8007117437722422,39036384.0
600111,2019-08-16,11.35,11.55,11.31,11.45,0.2999999999999989,2.690582959641241,71977895.0
600111,2019-08-19,11.27,11.61,11.23,11.58,0.1300000000000007,1.1353711790393015,62425963.0
600111,2019-08-20,11.51,11.75,11.45,11.62,0.0399999999999991,0.3454231433505983,59351096.0
600111,2019-08-21,11.6,11.6,11.36,11.38,-0.2399999999999984,-2.06540447504302,40744647.0
600111,2019-08-22,11.38,11.45,11.29,11.39,0.0099999999999997,0.0878734622144161,28810379.0
600111,2019-08-23,11.4,11.73,11.39,11.57,0.1799999999999997,1.5803336259877063,70402186.0
600111,2019-08-26,11.91,12.06,11.61,11.64,0.0700000000000002,0.6050129645635227,82497571.0
600111,2019-08-27,11.56,11.71,11.38,11.7,0.0599999999999987,0.5154639175257714,61323657.0
600111,2019-08-28,11.6,11.6,11.41,11.45,-0.25,-2.1367521367521403,44347025.0
600111,2019-08-29,11.42,11.48,11.32,11.39,-0.0599999999999987,-0.524017467248894,31306024.0
600111,2019-08-30,11.39,11.84,11.28,11.62,0.2299999999999986,2.019315188762061,71376065.0
600111,2019-09-02,11.59,11.64,11.44,11.64,0.0200000000000013,0.1721170395869276,45302552.0
600111,2019-09-03,11.68,11.83,11.59,11.65,0.0099999999999997,0.0859106529209619,41115731.0
600111,2019-09-04,11.63,11.74,11.52,11.68,0.0299999999999993,0.2575107296137302,42421449.0
600111,2019-09-05,11.69,12.0,11.63,11.82,0.1400000000000005,1.1986301369863115,86191804.0
600111,2019-09-06,11.84,11.86,11.59,11.67,-0.1500000000000003,-1.269035532994922,52035230.0
600111,2019-09-09,11.74,11.9,11.65,11.9,0.2300000000000004,1.9708654670094192,61682693.0
600111,2019-09-10,11.9,12.12,11.85,11.93,0.0299999999999993,0.2521008403361335,78394222.0
600111,2019-09-11,11.98,12.1,11.8,11.94,0.0099999999999997,0.0838222967309176,59251591.0
600111,2019-09-12,11.93,11.97,11.75,11.84,-0.0999999999999996,-0.8375209380234505,36964159.0
600111,2019-09-16,11.81,11.87,11.74,11.79,-0.0500000000000007,-0.4222972972973027,32562974.0
600111,2019-09-17,11.79,11.94,11.51,11.53,-0.2599999999999998,-2.2052586938083096,53739206.0
600111,2019-09-18,11.5,11.59,11.45,11.47,-0.0599999999999987,-0.5203816131829853,30164630.0
600111,2019-09-19,11.47,11.6,11.44,11.56,0.0899999999999998,0.7846556233652935,23287395.0
600111,2019-09-20,11.54,11.74,11.5,11.68,0.1199999999999992,1.038062283737018,30859884.0
600111,2019-09-23,11.59,11.59,11.32,11.37,-0.3100000000000005,-2.654109589041098,34821851.0
600111,2019-09-24,11.37,11.42,11.24,11.29,-0.08,-0.7036059806508344,24585201.0
600111,2019-09-25,11.28,11.28,11.14,11.15,-0.1399999999999988,-1.2400354295836968,25434546.0
600111,2019-09-26,11.13,11.21,10.66,10.73,-0.4199999999999999,-3.766816143497753,46228757.0
600111,2019-09-27,10.72,10.85,10.67,10.75,0.0199999999999995,0.1863932898415576,15085753.0
600111,2019-09-30,10.76,10.92,10.75,10.87,0.1199999999999992,1.116279069767434,17845105.0
600111,2019-10-08,10.87,10.95,10.74,10.93,0.0600000000000005,0.5519779208831732,20326667.0
600111,2019-10-09,10.87,11.11,10.81,11.03,0.0999999999999996,0.9149130832570852,31228195.0
600111,2019-10-10,10.98,11.03,10.86,10.96,-0.0699999999999985,-0.6346328195829476,19044345.0
600111,2019-10-11,10.88,10.96,10.87,10.92,-0.0400000000000009,-0.3649635036496401,14227829.0
600111,2019-10-14,10.89,11.02,10.86,10.93,0.0099999999999997,0.0915750915750912,24004185.0
600111,2019-10-15,10.94,10.96,10.7,10.7,-0.2300000000000004,-2.104300091491307,21719999.0
600111,2019-10-16,10.7,10.79,10.4,10.44,-0.2599999999999998,-2.4299065420560706,26539433.0
600111,2019-10-17,10.48,10.54,10.4,10.42,-0.0199999999999995,-0.1915708812260441,15849896.0
600111,2019-10-18,10.45,10.49,10.1,10.17,-0.25,-2.399232245681382,24372058.0
600111,2019-10-21,10.13,10.22,9.93,10.22,0.0500000000000007,0.4916420845624492,20681013.0
600111,2019-10-22,10.2,10.3,10.17,10.24,0.0199999999999995,0.1956947162426559,12796993.0
600111,2019-10-23,10.21,10.27,10.04,10.11,-0.1300000000000007,-1.269531250000011,13535613.0
600111,2019-10-24,10.05,10.16,10.05,10.07,-0.0399999999999991,-0.3956478733926682,11918297.0
600111,2019-10-25,10.06,10.14,10.0,10.1,0.0299999999999993,0.2979145978152964,11947508.0
600111,2019-10-28,10.12,10.35,10.12,10.31,0.2100000000000008,2.079207920792081,24722774.0
600111,2019-10-29,10.32,10.35,10.16,10.16,-0.1500000000000003,-1.4548981571290032,15887442.0
600111,2019-10-30,10.15,10.15,9.94,9.96,-0.1999999999999993,-1.9685039370078703,21541514.0
600111,2019-10-31,9.96,10.05,9.95,10.05,0.0899999999999998,0.9036144578313144,13247610.0
600111,2019-11-01,10.01,10.33,9.95,10.29,0.2399999999999984,2.3880597014925176,36562734.0
600111,2019-11-04,10.29,10.29,10.17,10.17,-0.1199999999999992,-1.1661807580174877,18543510.0
600111,2019-11-05,10.19,10.29,10.11,10.24,0.0700000000000002,0.68829891838742,17696389.0
600111,2019-11-06,10.19,10.38,10.15,10.27,0.0299999999999993,0.29296875,22690874.0
600111,2019-11-07,10.22,10.26,10.12,10.15,-0.1199999999999992,-1.1684518013631906,15314161.0
600111,2019-11-08,10.16,10.2,10.04,10.05,-0.0999999999999996,-0.985221674876846,19041195.0
600111,2019-11-11,10.02,10.19,9.86,9.9,-0.1500000000000003,-1.49253731343284,24853576.0
600111,2019-11-12,9.85,9.93,9.44,9.66,-0.2400000000000002,-2.4242424242424288,27143297.0
600111,2019-11-13,9.66,9.66,9.48,9.5,-0.1600000000000001,-1.65631469979296,19397656.0
600111,2019-11-14,9.49,9.57,9.45,9.55,0.0500000000000007,0.5263157894736858,16021785.0
600111,2019-11-15,9.56,10.04,9.53,9.73,0.1799999999999997,1.884816753926688,34961151.0
600111,2019-11-18,9.73,9.8,9.55,9.72,-0.0099999999999997,-0.1027749229188024,16043280.0
600111,2019-11-19,9.72,9.89,9.64,9.89,0.1699999999999999,1.7489711934156382,18897062.0
600111,2019-11-20,9.85,10.29,9.78,10.18,0.2899999999999991,2.9322548028311246,52643094.0
600111,2019-11-21,10.08,10.17,9.96,9.98,-0.1999999999999993,-1.964636542239684,27749216.0
600111,2019-11-22,9.99,10.1,9.82,9.87,-0.1100000000000012,-1.102204408817642,24388754.0
600111,2019-11-25,9.85,10.03,9.8,9.95,0.08,0.8105369807497542,21632588.0
600111,2019-11-26,9.95,10.06,9.87,10.05,0.1000000000000014,1.005025125628145,22526137.0
600111,2019-11-27,10.0,10.17,9.97,10.04,-0.0100000000000015,-0.0995024875622085,21693589.0
600111,2019-11-28,10.2,10.25,10.04,10.07,0.0300000000000011,0.2988047808765159,29001071.0
600111,2019-11-29,10.06,10.09,9.9,9.94,-0.1300000000000007,-1.2909632571996066,16717388.0
600111,2019-12-02,9.9,9.94,9.72,9.74,-0.1999999999999993,-2.012072434607637,21674149.0
600111,2019-12-03,9.77,9.94,9.77,9.9,0.1600000000000001,1.642710472279263,18530785.0
600111,2019-12-04,9.91,10.32,9.9,10.24,0.3399999999999998,3.4343434343434343,71165676.0
600111,2019-12-05,10.15,10.22,10.1,10.18,-0.0600000000000005,-0.5859375,34579080.0
600111,2019-12-06,10.15,10.34,10.12,10.21,0.0300000000000011,0.2946954813359603,35709654.0
600111,2019-12-09,10.21,10.33,10.14,10.23,0.0199999999999995,0.1958863858961823,29007136.0
600111,2019-12-10,10.18,10.29,10.1,10.2,-0.0300000000000011,-0.2932551319648202,27289255.0
600111,2019-12-11,10.19,10.2,10.08,10.1,-0.0999999999999996,-0.9803921568627416,20443680.0
600111,2019-12-12,10.14,10.35,10.14,10.27,0.1699999999999999,1.6831683168316849,42931553.0
600111,2019-12-13,10.2,10.32,10.17,10.3,0.0300000000000011,0.2921129503408171,40531080.0
600111,2019-12-16,10.25,10.44,10.2,10.44,0.1399999999999988,1.3592233009708687,45097852.0
600111,2019-12-17,10.48,10.81,10.44,10.69,0.25,2.3946360153256796,81104112.0
600111,2019-12-18,10.7,10.83,10.58,10.61,-0.08,-0.7483629560336769,57294901.0
600111,2019-12-19,10.65,10.65,10.52,10.57,-0.0399999999999991,-0.3770028275212,29272272.0
600111,2019-12-20,10.6,10.61,10.39,10.39,-0.1799999999999997,-1.7029328287606391,31837067.0
600111,2019-12-23,10.38,10.51,10.25,10.28,-0.1100000000000012,-1.0587102983638186,28501133.0
600111,2019-12-24,10.29,10.65,10.29,10.57,0.2900000000000009,2.821011673151763,41586862.0
600111,2019-12-25,10.57,10.6,10.45,10.48,-0.0899999999999998,-0.8514664143803197,26255837.0
600111,2019-12-26,10.49,10.58,10.4,10.53,0.0499999999999989,0.4770992366412097,21241838.0
600111,2019-12-27,10.54,11.18,10.54,10.84,0.3100000000000005,2.9439696106362767,108871029.0
600111,2019-12-30,10.81,10.94,10.61,10.91,0.0700000000000002,0.6457564575645725,55589235.0
600111,2019-12-31,10.89,10.98,10.76,10.84,-0.0700000000000002,-0.6416131989000928,35095236.0
600111,2020-01-02,10.88,11.12,10.85,11.07,0.2300000000000004,2.121771217712176,57561327.0
600111,2020-01-03,11.09,11.23,11.0,11.06,-0.0099999999999997,-0.0903342366756931,58416609.0
600111,2020-01-06,11.01,11.35,10.95,11.27,0.209999999999999,1.8987341772151776,83079419.0
600111,2020-01-07,11.23,11.32,11.04,11.18,-0.0899999999999998,-0.7985803016858917,57361175.0
600111,2020-01-08,11.17,11.23,10.89,10.9,-0.2799999999999993,-2.5044722719141266,50315990.0
600111,2020-01-09,10.98,11.05,10.88,10.96,0.0600000000000005,0.5504587155963359,31310515.0
600111,2020-01-10,10.98,11.03,10.91,10.95,-0.0100000000000015,-0.0912408759124239,24412307.0
600111,2020-01-13,10.95,11.06,10.8,11.05,0.1000000000000014,0.9132420091324313,28912617.0
600111,2020-01-14,11.05,11.24,11.04,11.08,0.0299999999999993,0.2714932126696823,39167467.0
600111,2020-01-15,11.07,11.07,10.84,10.85,-0.2300000000000004,-2.0758122743682383,27540271.0
600111,2020-01-16,10.88,11.03,10.74,10.79,-0.0600000000000005,-0.552995391705069,22898167.0
600111,2020-01-17,10.8,10.86,10.67,10.7,-0.0899999999999998,-0.8341056533827551,21844087.0
600111,2020-01-20,10.72,10.95,10.66,10.88,0.1800000000000015,1.6822429906542258,24975894.0
600111,2020-01-21,10.86,10.87,10.55,10.57,-0.3100000000000005,-2.8492647058823595,27121346.0
600111,2020-01-22,10.55,10.64,10.34,10.56,-0.0099999999999997,-0.0946073793755886,23896086.0
600111,2020-01-23,10.5,10.54,10.05,10.14,-0.4199999999999999,-3.9772727272727297,33882052.0
600111,2020-02-03,9.13,9.13,9.13,9.13,-1.0099999999999998,-9.960552268244571,13364600.0
600111,2020-02-04,8.28,9.05,8.28,8.9,-0.2300000000000004,-2.5191675794085433,60274915.0
600111,2020-02-05,8.96,9.42,8.96,9.28,0.379999999999999,4.269662921348294,47885557.0
600111,2020-02-06,9.39,9.42,9.21,9.36,0.08,0.8620689655172376,33456915.0
600111,2020-02-07,9.28,9.49,9.2,9.4,0.0400000000000009,0.427350427350448,33206541.0
600111,2020-02-10,9.37,9.61,9.3,9.58,0.1799999999999997,1.9148936170212627,32876305.0
600111,2020-02-11,9.68,9.69,9.52,9.55,-0.0299999999999993,-0.3131524008350705,26205402.0
600111,2020-02-12,9.55,9.86,9.51,9.83,0.2799999999999993,2.931937172774868,42494025.0
600111,2020-02-13,9.83,10.04,9.66,9.79,-0.0400000000000009,-0.406917599186174,43457870.0
600111,2020-02-14,9.75,9.97,9.69,9.81,0.0200000000000013,0.2042900919305479,35723824.0
600111,2020-02-17,9.88,10.05,9.84,10.01,0.1999999999999993,2.0387359836901098,64451089.0
600111,2020-02-18,10.18,10.47,10.04,10.27,0.2599999999999998,2.5974025974025983,87417404.0
600111,2020-02-19,10.2,10.2,9.97,10.0,-0.2699999999999996,-2.629016553067187,65076745.0
600111,2020-02-20,10.04,10.13,9.83,10.11,0.1099999999999994,1.09999999999999,52461169.0
600111,2020-02-21,10.07,10.28,10.01,10.2,0.0899999999999998,0.8902077151335286,63597155.0
600111,2020-02-24,10.14,10.14,9.93,10.04,-0.1600000000000001,-1.5686274509803977,66142288.0
600111,2020-02-25,9.81,9.93,9.5,9.79,-0.25,-2.490039840637448,76989779.0
600111,2020-02-26,9.66,9.92,9.55,9.68,-0.1099999999999994,-1.1235955056179692,52985615.0
600111,2020-02-27,9.72,9.78,9.61,9.67,-0.0099999999999997,-0.1033057851239638,29053808.0
600111,2020-02-28,9.44,9.5,9.06,9.1,-0.5700000000000003,-5.894519131334031,64378364.0
600111,2020-03-02,9.08,9.44,9.08,9.4,0.3000000000000007,3.296703296703307,36121796.0
600111,2020-03-03,9.52,9.66,9.4,9.48,0.08,0.8510638297872353,37473841.0
600111,2020-03-04,9.46,9.63,9.45,9.6,0.1199999999999992,1.2658227848101111,29832084.0
600111,2020-03-05,9.68,9.83,9.59,9.82,0.2200000000000006,2.2916666666666696,53815417.0
600111,2020-03-06,9.7,9.76,9.6,9.66,-0.1600000000000001,-1.6293279022403295,36469450.0
600111,2020-03-09,9.51,9.52,9.25,9.29,-0.370000000000001,-3.8302277432712306,42472555.0
600111,2020-03-10,9.14,9.4,9.07,9.37,0.08,0.8611410118406937,37813124.0
600111,2020-03-11,9.39,9.44,9.27,9.27,-0.0999999999999996,-1.06723585912486,25966690.0
600111,2020-03-12,9.14,9.18,9.09,9.13,-0.1399999999999988,-1.5102481121898492,25638608.0
600111,2020-03-13,8.8,9.08,8.7,9.03,-0.1000000000000014,-1.0952902519167695,35907410.0
600111,2020-03-16,9.1,9.17,8.8,8.8,-0.2299999999999986,-2.5470653377629993,29808761.0
600111,2020-03-17,8.81,8.95,8.5,8.7,-0.1000000000000014,-1.1363636363636576,27831107.0
600111,2020-03-18,8.75,8.88,8.6,8.6,-0.0999999999999996,-1.1494252873563204,23641524.0
600111,2020-03-19,8.56,8.66,8.42,8.6,0.0,0.0,23131245.0
600111,2020-03-20,8.68,8.78,8.57,8.73,0.1300000000000007,1.5116279069767424,19322316.0
600111,2020-03-23,8.51,8.58,8.36,8.43,-0.3000000000000007,-3.436426116838498,24146151.0
600111,2020-03-24,8.6,8.64,8.45,8.64,0.2100000000000008,2.491103202846978,24285537.0
600111,2020-03-25,8.8,8.85,8.73,8.8,0.1600000000000001,1.85185185185186,25830491.0
600111,2020-03-26,8.77,9.0,8.7,8.86,0.0599999999999987,0.6818181818181612,32063147.0
600111,2020-03-27,8.91,8.92,8.71,8.72,-0.1399999999999988,-1.5801354401805745,20865644.0
600111,2020-03-30,8.64,8.64,8.46,8.51,-0.2100000000000008,-2.40825688073395,17413343.0
600111,2020-03-31,8.6,9.09,8.53,8.99,0.4800000000000004,5.640423031727382,52427194.0
600111,2020-04-01,9.0,9.24,8.89,9.02,0.0299999999999993,0.3337041156840969,50687334.0
600111,2020-04-02,9.03,9.03,8.87,9.01,-0.0099999999999997,-0.1108647450110855,24407396.0
600111,2020-04-03,9.06,9.18,8.95,9.04,0.0299999999999993,0.3329633740288606,36280622.0
600111,2020-04-07,9.1,9.23,9.05,9.16,0.120000000000001,1.3274336283185972,34439998.0
600111,2020-04-08,9.25,9.32,9.13,9.17,0.0099999999999997,0.1091703056768533,36863130.0
600111,2020-04-09,9.2,9.21,9.06,9.08,-0.0899999999999998,-0.9814612868047968,26688630.0
600111,2020-04-10,9.09,9.31,9.04,9.11,0.0299999999999993,0.330396475770911,37918636.0
600111,2020-04-13,9.07,9.27,9.02,9.16,0.0500000000000007,0.5488474204171423,30782343.0
600111,2020-04-14,9.16,9.3,9.08,9.26,0.0999999999999996,1.091703056768556,38635732.0
600111,2020-04-15,9.29,9.29,9.1,9.13,-0.129999999999999,-1.4038876889848728,25877962.0
600111,2020-04-16,9.09,9.1,8.98,9.04,-0.0900000000000016,-0.9857612267251016,22835648.0
600111,2020-04-17,9.04,9.18,9.04,9.08,0.0400000000000009,0.4424778761062065,25236217.0
600111,2020-04-20,9.08,9.11,9.0,9.04,-0.0400000000000009,-0.440528634361248,16359387.0
600111,2020-04-21,9.01,9.03,8.78,8.85,-0.1899999999999995,-2.101769911504414,25223347.0
600111,2020-04-22,8.87,9.22,8.8,9.13,0.2800000000000011,3.1638418079096065,40336067.0
600111,2020-04-23,9.12,9.13,9.01,9.04,-0.0900000000000016,-0.9857612267251016,24313944.0
600111,2020-04-24,9.06,9.09,8.88,8.89,-0.1499999999999985,-1.6592920353982188,19138118.0
600111,2020-04-27,8.88,8.95,8.77,8.82,-0.0700000000000002,-0.7874015748031482,15566483.0
600111,2020-04-28,8.83,8.85,8.47,8.63,-0.1899999999999995,-2.154195011337867,24254438.0
600111,2020-04-29,8.62,8.72,8.6,8.64,0.0099999999999997,0.1158748551564281,12936223.0
600111,2020-04-30,8.72,9.09,8.72,9.03,0.3899999999999988,4.513888888888884,36307181.0
600111,2020-05-06,9.03,9.8,9.03,9.57,0.5400000000000009,5.980066445182741,91456039.0
600111,2020-05-07,9.37,9.49,9.25,9.28,-0.2900000000000009,-3.0303030303030387,60550968.0
600111,2020-05-08,9.35,9.39,9.23,9.33,0.0500000000000007,0.5387931034482873,38353160.0
600111,2020-05-11,9.33,9.39,9.2,9.25,-0.08,-0.8574490889603492,33272704.0
600111,2020-05-12,9.24,9.32,9.08,9.17,-0.08,-0.8648648648648671,26889771.0
600111,2020-05-13,9.19,9.25,9.14,9.2,0.0299999999999993,0.3271537622682618,22739388.0
600111,2020-05-14,9.3,9.54,9.29,9.38,0.1800000000000015,1.9565217391304568,70351747.0
600111,2020-05-15,9.34,9.47,9.28,9.39,0.0099999999999997,0.1066098081023536,36846406.0
600111,2020-05-18,9.65,10.2,9.5,9.88,0.4900000000000002,5.218317358892444,132715406.0
600111,2020-05-19,9.88,10.0,9.66,9.81,-0.0700000000000002,-0.7085020242915019,83170838.0
600111,2020-05-20,9.79,9.93,9.62,9.64,-0.1699999999999999,-1.732925586136591,61207191.0
600111,2020-05-21,9.68,10.04,9.67,9.85,0.209999999999999,2.178423236514515,89495856.0
600111,2020-05-22,9.72,10.26,9.53,10.02,0.1699999999999999,1.7258883248731038,119267666.0
600111,2020-05-25,10.09,10.22,9.77,9.84,-0.1799999999999997,-1.7964071856287345,72805034.0
600111,2020-05-26,9.8,9.94,9.72,9.9,0.0600000000000005,0.6097560975609762,53681118.0
600111,2020-05-27,9.84,10.09,9.8,10.04,0.1399999999999988,1.414141414141401,82302448.0
600111,2020-05-28,9.99,10.33,9.87,10.08,0.0400000000000009,0.3984063745019917,119723950.0
600111,2020-05-29,10.06,10.17,9.93,10.15,0.0700000000000002,0.694444444444442,78563345.0
600111,2020-06-01,9.98,10.13,9.85,10.1,-0.0500000000000007,-0.4926108374384341,76343862.0
600111,2020-06-02,10.06,10.11,9.95,10.08,-0.0199999999999995,-0.1980198019801982,58261489.0
600111,2020-06-03,10.05,10.06,9.8,9.8,-0.2799999999999993,-2.777777777777768,71393297.0
600111,2020-06-04,9.82,9.89,9.73,9.77,-0.0300000000000011,-0.3061224489796066,38594262.0
600111,2020-06-05,9.77,9.82,9.57,9.68,-0.0899999999999998,-0.92118730808598,40518282.0
600111,2020-06-08,9.68,9.79,9.62,9.73,0.0500000000000007,0.5165289256198413,28437297.0
600111,2020-06-09,9.74,9.77,9.58,9.6,-0.1300000000000007,-1.336073997944509,31878560.0
600111,2020-06-10,9.6,9.68,9.6,9.67,0.0700000000000002,0.7291666666666696,21387372.0
600111,2020-06-11,9.7,9.89,9.67,9.89,0.2200000000000006,2.2750775594622574,61619579.0
600111,2020-06-12,9.75,9.76,9.62,9.69,-0.200000000000001,-2.0222446916076997,36318745.0
600111,2020-06-15,9.62,9.63,9.36,9.39,-0.2999999999999989,-3.0959752321981338,49015689.0
600111,2020-06-16,9.45,9.59,9.42,9.51,0.1199999999999992,1.2779552715654896,28359262.0
600111,2020-06-17,9.54,9.6,9.42,9.46,-0.0499999999999989,-0.5257623554153379,24758406.0
600111,2020-06-18,9.45,9.59,9.37,9.48,0.0199999999999995,0.2114164904862603,24360772.0
600111,2020-06-19,9.5,9.55,9.45,9.55,0.0700000000000002,0.7383966244725704,21877333.0
600111,2020-06-22,9.55,9.68,9.53,9.59,0.0399999999999991,0.4188481675392541,30796614.0
600111,2020-06-23,9.58,9.71,9.57,9.6,0.0099999999999997,0.1042752867570273,31561214.0
600111,2020-06-24,9.57,9.59,9.4,9.41,-0.1899999999999995,-1.9791666666666652,29600820.0
600111,2020-06-29,9.39,9.39,9.2,9.22,-0.1899999999999995,-2.019128586609986,27881337.0
600111,2020-06-30,9.26,9.35,9.26,9.32,0.0999999999999996,1.0845986984815648,19850348.0
600111,2020-07-01,9.32,9.47,9.3,9.47,0.1500000000000003,1.6094420600858417,30830490.0
600111,2020-07-02,9.46,9.64,9.4,9.64,0.1699999999999999,1.7951425554382228,47297274.0
600111,2020-07-03,9.69,9.99,9.63,9.86,0.2199999999999988,2.2821576763485396,73887110.0
600111,2020-07-06,9.91,10.6,9.89,10.57,0.7100000000000009,7.200811359026371,151989424.0
600111,2020-07-07,10.69,10.78,10.4,10.45,-0.120000000000001,-1.1352885525071077,139239479.0
600111,2020-07-08,10.45,11.5,10.41,11.5,1.0500000000000007,10.047846889952153,148441435.0
600111,2020-07-09,12.0,12.52,11.81,12.31,0.8100000000000005,7.043478260869573,308294865.0
600111,2020-07-10,12.23,13.28,11.99,12.64,0.33,2.680747359870028,276219463.0
600111,2020-07-13,12.67,13.2,12.36,13.0,0.3599999999999994,2.848101265822778,237877939.0
600111,2020-07-14,12.91,13.42,12.66,13.03,0.0299999999999993,0.2307692307692344,174554873.0
600111,2020-07-15,13.39,13.5,12.1,12.13,-0.8999999999999986,-6.907137375287786,194379116.0
600111,2020-07-16,12.52,12.78,11.79,11.95,-0.1800000000000015,-1.483924154987648,174545280.0
600111,2020-07-17,11.95,12.07,11.36,11.72,-0.2299999999999986,-1.9246861924686056,112597536.0
600111,2020-07-20,11.83,12.89,11.79,12.89,1.17,9.982935153583616,191865271.0
600111,2020-07-21,12.85,12.85,12.45,12.63,-0.2599999999999998,-2.0170674941815347,131147146.0
600111,2020-07-22,12.79,12.98,12.55,12.95,0.3199999999999985,2.5336500395882755,155551514.0
600111,2020-07-23,13.27,13.88,12.81,13.03,0.08,0.617760617760621,282349605.0
600111,2020-07-24,12.8,13.35,12.28,12.34,-0.6899999999999995,-5.295471987720646,212356346.0
600111,2020-07-27,12.33,12.65,11.86,12.46,0.120000000000001,0.9724473257698651,116575058.0
600111,2020-07-28,12.59,12.97,12.33,12.4,-0.0600000000000005,-0.4815409309791407,132549768.0
600111,2020-07-29,12.33,12.8,12.1,12.74,0.3399999999999998,2.741935483870961,124052798.0
600111,2020-07-30,12.73,12.88,12.46,12.52,-0.2200000000000006,-1.7268445839874411,96535439.0
600111,2020-07-31,12.39,12.69,12.21,12.41,-0.1099999999999994,-0.8785942492012699,109264822.0
600111,2020-08-03,12.41,13.1,12.35,13.1,0.6899999999999995,5.560032232070911,170271810.0
600111,2020-08-04,13.09,13.09,12.72,12.9,-0.1999999999999993,-1.5267175572518998,118359664.0
600111,2020-08-05,12.95,14.19,12.84,14.19,1.2899999999999991,9.999999999999986,361761293.0
600111,2020-08-06,13.98,14.55,13.83,14.08,-0.1099999999999994,-0.7751937984496138,314971310.0
600111,2020-08-07,14.0,14.88,13.85,14.61,0.5299999999999994,3.7642045454545414,259564399.0
600111,2020-08-10,14.35,14.38,13.66,13.72,-0.8899999999999988,-6.091718001368918,201289635.0
600111,2020-08-11,13.75,14.27,13.69,13.87,0.1499999999999985,1.093294460641392,168499348.0
600111,2020-08-12,13.55,13.56,13.07,13.26,-0.6099999999999994,-4.3979812545061225,137520429.0
600111,2020-08-13,13.37,13.56,13.13,13.4,0.1400000000000005,1.0558069381598756,88865887.0
600111,2020-08-14,13.41,13.57,13.23,13.47,0.0700000000000002,0.522388059701484,77270891.0
600111,2020-08-17,13.48,13.94,13.33,13.93,0.4599999999999991,3.4149962880475115,115334624.0
600111,2020-08-18,14.04,14.25,13.72,13.8,-0.129999999999999,-0.9332376166546918,112761903.0
600111,2020-08-19,14.2,14.49,13.78,13.86,0.0599999999999987,0.4347826086956496,158930985.0
600111,2020-08-20,13.54,13.55,13.07,13.2,-0.6600000000000001,-4.761904761904767,113662473.0
600111,2020-08-21,13.24,13.32,12.7,12.93,-0.2699999999999996,-2.045454545454539,101252011.0
600111,2020-08-24,12.95,13.13,12.56,13.1,0.1699999999999999,1.314771848414531,67423211.0
600111,2020-08-25,13.15,13.19,12.57,12.65,-0.4499999999999993,-3.435114503816794,96787450.0
600111,2020-08-26,12.56,12.73,12.08,12.17,-0.4800000000000004,-3.794466403162056,89972436.0
600111,2020-08-27,12.24,12.35,12.1,12.3,0.1300000000000007,1.068200493015614,62174001.0
600111,2020-08-28,12.2,12.54,12.0,12.47,0.1699999999999999,1.38211382113822,64704048.0
600111,2020-08-31,12.49,12.77,12.35,12.35,-0.120000000000001,-0.9623095429029728,67591969.0
600111,2020-09-01,12.28,12.59,12.24,12.52,0.1699999999999999,1.3765182186234792,48614467.0
600111,2020-09-02,12.44,12.47,12.12,12.23,-0.2899999999999991,-2.316293929712454,62993277.0
600111,2020-09-03,12.19,12.3,12.01,12.08,-0.1500000000000003,-1.22649223221587,48095960.0
600111,2020-09-04,11.88,11.99,11.81,11.95,-0.1300000000000007,-1.0761589403973535,43233486.0
600111,2020-09-07,11.92,12.18,11.66,11.69,-0.2599999999999998,-2.175732217573223,51786531.0
600111,2020-09-08,11.71,11.87,11.62,11.79,0.0999999999999996,0.8554319931565413,44163708.0
600111,2020-09-09,11.58,11.69,11.32,11.36,-0.4299999999999997,-3.647158608990664,55960224.0
600111,2020-09-10,11.46,11.53,11.15,11.33,-0.0299999999999993,-0.2640845070422504,57009536.0
600111,2020-09-11,11.3,11.46,11.21,11.43,0.0999999999999996,0.8826125330979595,38761911.0
600111,2020-09-14,11.44,11.72,11.41,11.61,0.1799999999999997,1.5748031496062964,51626693.0
600111,2020-09-15,11.6,11.6,11.36,11.5,-0.1099999999999994,-0.9474590869939624,30338656.0
600111,2020-09-16,11.47,11.47,11.28,11.36,-0.1400000000000005,-1.2173913043478255,27327993.0
600111,2020-09-17,11.32,11.47,11.23,11.39,0.0300000000000011,0.2640845070422726,28464624.0
600111,2020-09-18,11.33,11.77,11.32,11.69,0.2999999999999989,2.63388937664617,53018732.0
600111,2020-09-21,11.67,11.78,11.55,11.58,-0.1099999999999994,-0.9409751924721932,40392089.0
600111,2020-09-22,11.4,11.44,11.2,11.24,-0.3399999999999998,-2.936096718480141,36409140.0
600111,2020-09-23,11.34,11.53,11.3,11.35,0.1099999999999994,0.9786476868327344,34115949.0
600111,2020-09-24,11.19,11.22,10.96,11.01,-0.3399999999999998,-2.995594713656391,39832068.0
600111,2020-09-25,11.0,11.1,10.76,10.81,-0.1999999999999993,-1.816530426884644,33325642.0
600111,2020-09-28,10.83,10.87,10.71,10.74,-0.0700000000000002,-0.647548566142464,20881796.0
600111,2020-09-29,10.8,10.89,10.78,10.8,0.0600000000000005,0.5586592178770999,19624091.0
600111,2020-09-30,10.83,10.85,10.68,10.74,-0.0600000000000005,-0.5555555555555647,21007870.0
600111,2020-10-09,10.87,11.13,10.85,11.08,0.3399999999999998,3.165735567970196,34385708.0
600111,2020-10-12,11.15,11.49,11.12,11.46,0.3800000000000008,3.429602888086647,47654840.0
600111,2020-10-13,11.46,11.53,11.3,11.48,0.0199999999999995,0.1745200698080262,32199314.0
600111,2020-10-14,11.48,11.48,11.19,11.25,-0.2300000000000004,-2.0034843205574915,27387046.0
600111,2020-10-15,11.22,11.44,11.19,11.24,-0.0099999999999997,-0.0888888888888828,23520911.0
600111,2020-10-16,11.22,11.29,11.07,11.13,-0.1099999999999994,-0.9786476868327344,21132898.0
600111,2020-10-19,11.14,11.37,11.11,11.16,0.0299999999999993,0.2695417789757348,21149960.0
600111,2020-10-20,11.16,11.16,10.98,11.13,-0.0299999999999993,-0.268817204301075,20605374.0
600111,2020-10-21,11.12,11.25,10.95,10.99,-0.1400000000000005,-1.2578616352201255,22087630.0
600111,2020-10-22,10.91,10.91,10.69,10.85,-0.1400000000000005,-1.273885350318471,23593290.0
600111,2020-10-23,10.85,10.95,10.75,10.78,-0.0700000000000002,-0.6451612903225823,18350307.0
600111,2020-10-26,10.7,10.77,10.62,10.76,-0.0199999999999995,-0.1855287569573205,16104621.0
600111,2020-10-27,10.78,10.94,10.49,10.74,-0.0199999999999995,-0.1858736059479504,26106199.0
600111,2020-10-28,10.66,10.79,10.49,10.79,0.0499999999999989,0.4655493482309092,36866774.0
600111,2020-10-29,10.61,10.7,10.54,10.57,-0.2199999999999988,-2.0389249304911816,37143187.0
600111,2020-10-30,10.59,10.61,10.06,10.07,-0.5,-4.730368968779564,47949268.0
600111,2020-11-02,10.06,10.13,9.94,10.04,-0.0300000000000011,-0.2979145978153075,26445017.0
600111,2020-11-03,10.08,11.04,10.08,11.04,1.0,9.960159362549792,116319473.0
600111,2020-11-04,11.0,11.16,10.78,11.12,0.08,0.7246376811594235,89387211.0
600111,2020-11-05,11.11,11.34,10.96,11.26,0.1400000000000005,1.25899280575541,76883727.0
600111,2020-11-06,11.26,11.43,11.07,11.21,-0.0499999999999989,-0.444049733570151,61639253.0
600111,2020-11-09,11.33,11.62,11.15,11.47,0.2599999999999998,2.3193577163246992,90282920.0
600111,2020-11-10,11.52,11.65,11.38,11.51,0.0399999999999991,0.3487358326067946,77820012.0
600111,2020-11-11,11.4,11.85,11.28,11.61,0.0999999999999996,0.8688097306689846,91298928.0
600111,2020-11-12,11.47,11.74,11.37,11.42,-0.1899999999999995,-1.636520241171402,58502179.0
600111,2020-11-13,11.4,12.08,11.37,11.73,0.3100000000000005,2.714535901926451,104813590.0
600111,2020-11-16,11.65,12.3,11.58,12.25,0.5199999999999996,4.433077578857625,124887427.0
600111,2020-11-17,12.2,12.27,11.83,11.92,-0.33,-2.693877551020407,91591660.0
600111,2020-11-18,11.96,12.47,11.91,12.39,0.4700000000000006,3.942953020134232,115157607.0
600111,2020-11-19,12.39,12.53,12.05,12.27,-0.120000000000001,-0.9685230024213176,87482466.0
600111,2020-11-20,12.27,12.56,11.97,12.41,0.1400000000000005,1.140994295028519,108580833.0
600111,2020-11-23,12.42,13.0,12.25,12.72,0.3100000000000005,2.4979854955681,159280171.0
600111,2020-11-24,12.68,13.99,12.57,13.68,0.9599999999999992,7.547169811320753,296605714.0
600111,2020-11-25,13.84,14.57,13.75,13.98,0.3000000000000007,2.1929824561403466,349134324.0
600111,2020-11-26,14.35,14.5,13.64,14.3,0.3200000000000003,2.2889842632331847,284805394.0
600111,2020-11-27,14.08,14.08,13.41,13.75,-0.5500000000000007,-3.8461538461538542,204377535.0
600111,2020-11-30,13.66,14.18,13.54,13.54,-0.2100000000000008,-1.5272727272727329,198731444.0
600111,2020-12-01,13.57,13.95,13.32,13.87,0.33,2.4372230428360453,165551952.0
600111,2020-12-02,13.73,13.86,13.45,13.53,-0.3399999999999998,-2.451333813987022,120256437.0
600111,2020-12-03,13.5,13.52,12.87,13.12,-0.4100000000000001,-3.0303030303030276,135282197.0
600111,2020-12-04,13.13,13.52,13.02,13.33,0.2100000000000008,1.6006097560975707,123625149.0
600111,2020-12-07,13.25,13.6,13.2,13.34,0.0099999999999997,0.0750187546886715,93237669.0
600111,2020-12-08,13.4,13.48,12.97,13.04,-0.3000000000000007,-2.2488755622188994,79262466.0
600111,2020-12-09,13.03,13.22,12.55,12.63,-0.4099999999999983,-3.1441717791410917,104269985.0
600111,2020-12-10,12.67,12.69,12.33,12.45,-0.1800000000000015,-1.4251781472684244,82526816.0
600111,2020-12-11,12.68,12.82,11.71,11.9,-0.5499999999999989,-4.417670682730912,143693649.0
600111,2020-12-14,11.9,12.0,11.61,12.0,0.0999999999999996,0.8403361344537785,75361551.0
600111,2020-12-15,11.84,11.98,11.71,11.86,-0.1400000000000005,-1.1666666666666714,51076376.0
600111,2020-12-16,11.86,12.05,11.67,11.75,-0.1099999999999994,-0.9274873524451888,65403606.0
600111,2020-12-17,11.68,12.45,11.53,12.36,0.6099999999999994,5.1914893617021285,122848817.0
600111,2020-12-18,12.29,12.78,12.21,12.44,0.08,0.6472491909385036,115021740.0
600111,2020-12-21,12.39,12.73,12.28,12.6,0.1600000000000001,1.2861736334405238,87285698.0
600111,2020-12-22,12.48,12.52,11.76,11.82,-0.7799999999999994,-6.190476190476191,108438494.0
600111,2020-12-23,11.83,12.91,11.8,12.62,0.7999999999999989,6.768189509306244,130831371.0
600111,2020-12-24,12.57,12.96,12.5,12.65,0.0300000000000011,0.2377179080824243,94650184.0
600111,2020-12-25,12.58,13.39,12.31,13.26,0.6099999999999994,4.822134387351773,144061731.0
600111,2020-12-28,13.17,13.31,12.82,13.05,-0.209999999999999,-1.5837104072398134,102584357.0
600111,2020-12-29,13.08,13.08,12.28,12.3,-0.75,-5.747126436781613,106445916.0
600111,2020-12-30,12.32,12.83,12.28,12.58,0.2799999999999993,2.276422764227637,88759882.0
600111,2020-12-31,12.73,13.2,12.68,13.09,0.5099999999999998,4.054054054054057,114763169.0
600111,2021-01-04,13.01,13.63,13.0,13.45,0.3599999999999994,2.7501909854851014,145668544.0
600111,2021-01-05,13.29,13.79,13.13,13.56,0.1100000000000012,0.8178438661710086,131889151.0
600111,2021-01-06,13.61,13.75,13.21,13.51,-0.0500000000000007,-0.3687315634218313,112072474.0
600111,2021-01-07,13.35,14.0,13.29,13.95,0.4399999999999995,3.2568467801628476,187454874.0
600111,2021-01-08,14.15,14.24,13.32,13.81,-0.1399999999999988,-1.003584229390675,123702135.0
600111,2021-01-11,13.85,15.12,13.77,14.29,0.4799999999999986,3.47574221578566,255336386.0
600111,2021-01-12,14.19,14.55,13.73,14.55,0.2600000000000015,1.8194541637508888,161915804.0
600111,2021-01-13,14.6,15.75,14.6,15.33,0.7799999999999994,5.360824742268044,251586577.0
600111,2021-01-14,15.36,15.65,14.8,15.3,-0.0299999999999993,-0.1956947162426559,158616622.0
600111,2021-01-15,15.2,15.56,13.77,13.84,-1.4600000000000009,-9.54248366013073,250361392.0
600111,2021-01-18,15.0,15.22,14.53,15.22,1.3800000000000008,9.97109826589595,235950535.0
600111,2021-01-19,15.2,15.32,14.23,14.46,-0.7599999999999998,-4.993429697766095,214881071.0
600111,2021-01-20,14.51,15.91,14.3,15.91,1.4499999999999993,10.02766251728906,248450559.0
600111,2021-01-21,16.6,17.5,16.55,17.5,1.59,9.99371464487744,165821709.0
600111,2021-01-22,18.49,19.2,18.12,18.3,0.8000000000000007,4.571428571428582,461237716.0
600111,2021-01-25,18.6,19.54,17.98,18.01,-0.2899999999999991,-1.5846994535519077,392386245.0
600111,2021-01-26,17.52,19.36,17.51,18.89,0.879999999999999,4.886174347584671,350605546.0
600111,2021-01-27,18.39,18.39,17.0,18.0,-0.8900000000000006,-4.711487559555327,285718176.0
600111,2021-01-28,17.42,18.57,17.42,17.63,-0.370000000000001,-2.055555555555566,226438050.0
600111,2021-01-29,18.4,18.55,17.34,17.8,0.1700000000000017,0.96426545660806,221329060.0
600111,2021-02-01,17.25,17.65,16.3,17.01,-0.7899999999999991,-4.438202247191003,174683773.0
600111,2021-02-02,17.5,18.49,16.51,18.19,1.1799999999999995,6.937095825984718,228583586.0
600111,2021-02-03,17.8,19.95,17.64,19.34,1.1499999999999986,6.322155030236387,292575941.0
600111,2021-02-04,19.0,19.22,17.66,18.06,-1.2800000000000011,-6.618407445708385,229505444.0
600111,2021-02-05,17.95,18.05,16.25,16.32,-1.7399999999999984,-9.634551495016607,212408236.0
600111,2021-02-08,16.32,17.1,15.67,16.76,0.4400000000000013,2.6960784313725616,151950391.0
600111,2021-02-09,16.79,18.38,16.71,18.1,1.34,7.995226730310256,183043396.0
600111,2021-02-10,18.18,19.19,17.76,18.77,0.6699999999999982,3.701657458563523,210002156.0
600111,2021-02-18,20.19,20.48,19.37,20.15,1.379999999999999,7.352157698454986,242680566.0
600111,2021-02-19,19.53,20.23,18.88,19.69,-0.4599999999999973,-2.2828784119106604,207896508.0
600111,2021-02-22,20.38,21.66,20.37,21.66,1.9699999999999989,10.00507872016252,211587816.0
600111,2021-02-23,21.45,22.49,20.66,21.38,-0.2800000000000011,-1.2927054478301114,356280008.0
600111,2021-02-24,20.8,20.93,19.76,20.05,-1.3299999999999983,-6.220767072029931,242506179.0
600111,2021-02-25,20.78,20.86,19.42,20.0,-0.0500000000000007,-0.2493765586034979,186175176.0
600111,2021-02-26,19.1,21.57,18.97,20.69,0.6900000000000013,3.4499999999999975,242365903.0
600111,2021-03-01,20.8,22.76,20.14,22.76,2.0700000000000003,10.004833252779122,350346409.0
600111,2021-03-02,23.0,24.58,21.8,22.25,-0.5100000000000016,-2.24077328646749,401109609.0
600111,2021-03-03,21.89,24.0,21.72,23.82,1.5700000000000005,7.056179775280902,311364792.0
600111,2021-03-04,23.1,24.76,22.9,23.25,-0.5700000000000003,-2.3929471032745564,342404109.0
600111,2021-03-05,22.0,22.6,21.19,21.59,-1.66,-7.13978494623656,230221173.0
600111,2021-03-08,22.71,23.38,21.88,22.34,0.75,3.4738304770727257,282503384.0
600111,2021-03-09,21.15,21.35,20.11,20.11,-2.2300000000000004,-9.982094897045656,272493650.0
600111,2021-03-10,20.11,20.96,19.28,20.42,0.3100000000000023,1.5415216310293411,207561995.0
600111,2021-03-11,20.85,22.24,20.56,22.24,1.8199999999999967,8.912830558276186,240822095.0
600111,2021-03-12,22.15,23.2,21.79,22.38,0.1400000000000005,0.629496402877705,233629612.0
600111,2021-03-15,21.73,22.93,21.6,22.21,-0.1699999999999981,-0.7596067917783667,154330704.0
600111,2021-03-16,22.5,22.56,20.51,21.14,-1.0700000000000005,-4.817649707339033,205181480.0
600111,2021-03-17,20.62,21.36,20.3,21.03,-0.1099999999999994,-0.5203405865657484,116827183.0
600111,2021-03-18,21.13,21.31,19.98,20.03,-1.0,-4.7551117451260065,170065192.0
600111,2021-03-19,19.5,20.46,19.38,19.87,-0.1600000000000001,-0.7988017973040495,151523244.0
600111,2021-03-22,19.95,20.36,19.41,19.72,-0.1500000000000021,-0.7549068948163207,123879917.0
600111,2021-03-23,19.77,19.88,18.18,18.46,-1.259999999999998,-6.389452332657186,189377484.0
600111,2021-03-24,18.44,18.67,17.38,17.45,-1.0100000000000016,-5.471289274106184,163932285.0
600111,2021-03-25,17.72,18.35,17.62,17.89,0.4400000000000013,2.521489971346713,143592567.0
600111,2021-03-26,18.01,18.99,17.7,18.72,0.8299999999999983,4.639463387367226,164909531.0
600111,2021-03-29,18.7,19.2,18.22,18.58,-0.1400000000000005,-0.7478632478632563,124363883.0
600111,2021-03-30,18.53,20.37,18.41,19.86,1.2800000000000011,6.889128094725527,196585492.0
600111,2021-03-31,19.48,19.66,18.82,19.12,-0.7399999999999984,-3.726082578046319,116076744.0
600111,2021-04-01,19.05,19.75,18.9,19.24,0.1199999999999974,0.6276150627614996,88688081.0
600111,2021-04-02,19.19,19.44,18.72,18.99,-0.25,-1.299376299376298,80063605.0
600111,2021-04-06,18.99,19.45,18.9,19.16,0.1700000000000017,0.8952080042127442,66276148.0
600111,2021-04-07,19.1,20.25,18.64,19.95,0.7899999999999991,4.123173277661785,156718003.0
600111,2021-04-08,19.84,20.36,19.46,19.95,0.0,0.0,133560589.0
600111,2021-04-09,19.96,20.68,19.7,20.32,0.370000000000001,1.8546365914787089,146004145.0
600111,2021-04-12,20.13,20.8,19.5,19.52,-0.8000000000000007,-3.937007874015752,123259557.0
600111,2021-04-13,19.43,19.65,18.49,18.71,-0.8099999999999987,-4.149590163934425,117867395.0
600111,2021-04-14,18.63,19.04,18.63,18.94,0.2300000000000004,1.229289150187074,66654013.0
600111,2021-04-15,18.61,19.45,18.2,19.29,0.3499999999999978,1.8479408658922836,101805517.0
600111,2021-04-16,19.33,19.41,18.7,19.05,-0.2399999999999984,-1.244167962674958,76349927.0
600111,2021-04-19,18.95,20.14,18.65,19.95,0.8999999999999986,4.724409448818889,131427826.0
600111,2021-04-20,19.95,21.4,19.91,20.6,0.6500000000000021,3.2581453634085378,186374505.0
600111,2021-04-21,20.4,21.4,20.35,20.88,0.2799999999999976,1.3592233009708687,144980170.0
600111,2021-04-22,20.73,20.99,20.23,20.7,-0.1799999999999997,-0.8620689655172376,106289255.0
600111,2021-04-23,20.72,21.05,20.13,20.69,-0.009999999999998,-0.0483091787439549,116484078.0
600111,2021-04-26,20.68,21.35,20.22,20.33,-0.360000000000003,-1.7399710004833424,113043008.0
600111,2021-04-27,20.33,20.88,20.01,20.6,0.2700000000000031,1.3280865715691317,90406529.0
600111,2021-04-28,20.61,21.36,20.3,21.35,0.75,3.640776699029136,147613116.0
600111,2021-04-29,20.78,20.89,20.33,20.49,-0.860000000000003,-4.0281030444965005,152525340.0
600111,2021-04-30,20.5,20.77,20.03,20.35,-0.139999999999997,-0.6832601268911498,96479156.0
600111,2021-05-06,20.3,20.56,19.68,20.5,0.1499999999999985,0.7371007371007376,138108125.0
600111,2021-05-07,20.46,22.15,20.3,21.62,1.120000000000001,5.463414634146346,236113407.0
600111,2021-05-10,21.74,22.49,21.31,22.27,0.6499999999999986,3.0064754856614195,198808308.0
600111,2021-05-11,21.67,21.75,20.88,21.21,-1.0599999999999987,-4.759766502020646,127762994.0
600111,2021-05-12,21.08,21.7,21.02,21.39,0.1799999999999997,0.8486562942008558,82125060.0
600111,2021-05-13,20.8,21.08,20.02,20.15,-1.240000000000002,-5.797101449275377,116316459.0
600111,2021-05-14,20.14,20.39,19.51,20.15,0.0,0.0,93994812.0
600111,2021-05-17,20.09,20.58,19.9,20.58,0.4299999999999997,2.1339950372208483,85847538.0
600111,2021-05-18,20.63,21.04,20.44,20.61,0.0300000000000011,0.1457725947521915,87982947.0
600111,2021-05-19,20.34,21.08,19.88,21.0,0.3900000000000005,1.8922852983988436,113840537.0
600111,2021-05-20,20.5,20.65,20.11,20.16,-0.8399999999999999,-4.0000000000000036,96174872.0
600111,2021-05-21,20.15,20.36,19.85,19.9,-0.2600000000000015,-1.2896825396825462,81679980.0
600111,2021-05-24,19.77,19.77,18.85,19.09,-0.8099999999999987,-4.070351758793967,118092772.0
600111,2021-05-25,19.05,19.45,18.96,19.38,0.2899999999999991,1.5191199580932402,70308070.0
600111,2021-05-26,19.38,20.55,19.18,20.29,0.91,4.695562435500511,143329045.0
600111,2021-05-27,20.03,20.52,20.0,20.3,0.0100000000000015,0.0492853622474198,94327506.0
600111,2021-05-28,20.6,20.94,20.29,20.44,0.1400000000000005,0.6896551724137945,112774336.0
600111,2021-05-31,20.7,22.2,20.68,21.97,1.5299999999999976,7.4853228962817875,216701638.0
600111,2021-06-01,21.71,22.1,21.35,22.02,0.0500000000000007,0.2275830678197588,145283779.0
600111,2021-06-02,21.94,22.51,21.67,21.88,-0.1400000000000005,-0.6357856494096259,151043689.0
600111,2021-06-03,21.88,23.43,21.8,22.69,0.8100000000000023,3.7020109689213982,206963131.0
600111,2021-06-04,22.23,22.9,22.15,22.5,-0.1900000000000012,-0.8373732921992172,112266161.0
600111,2021-06-07,22.43,22.79,21.9,22.42,-0.0799999999999983,-0.3555555555555534,88180151.0
600111,2021-06-08,22.24,22.74,21.43,21.58,-0.8400000000000034,-3.746654772524549,101574769.0
600111,2021-06-09,21.54,21.84,21.25,21.36,-0.2199999999999988,-1.0194624652455908,62098584.0
600111,2021-06-10,21.32,21.79,21.2,21.43,0.0700000000000002,0.327715355805247,72916186.0
600111,2021-06-11,21.43,21.5,20.3,20.85,-0.5799999999999983,-2.7064862342510376,94812182.0
600111,2021-06-15,20.91,21.13,19.94,19.98,-0.870000000000001,-4.172661870503602,96490721.0
600111,2021-06-16,19.93,20.3,19.03,19.17,-0.8099999999999987,-4.0540540540540455,118469512.0
600111,2021-06-17,19.2,19.43,18.98,19.23,0.0599999999999987,0.3129890453833939,76113373.0
600111,2021-06-18,19.0,19.74,18.55,19.51,0.2800000000000011,1.4560582423297053,108180416.0
600111,2021-06-21,19.29,19.85,19.13,19.67,0.1600000000000001,0.8200922603792904,79505644.0
600111,2021-06-22,19.73,20.98,19.46,20.48,0.8099999999999987,4.117946110828674,144543757.0
600111,2021-06-23,20.2,20.38,19.91,20.19,-0.2899999999999991,-1.416015625,91941342.0
600111,2021-06-24,20.12,20.82,19.89,20.36,0.1699999999999981,0.8420009905893977,106887239.0
600111,2021-06-25,20.37,20.46,20.02,20.34,-0.0199999999999995,-0.098231827111983,73827786.0
600111,2021-06-28,20.21,20.37,19.84,19.95,-0.3900000000000005,-1.9174041297935096,69442426.0
600111,2021-06-29,19.94,20.61,19.92,20.14,0.1900000000000012,0.952380952380949,102559876.0
600111,2021-06-30,20.1,20.88,20.01,20.7,0.5599999999999987,2.7805362462760552,106017920.0
600111,2021-07-01,20.9,20.96,19.95,20.04,-0.6600000000000001,-3.1884057971014457,80419309.0
600111,2021-07-02,20.05,21.46,19.82,20.62,0.5800000000000018,2.894211576846306,165102431.0
600111,2021-07-05,20.8,22.68,20.79,22.68,2.0599999999999987,9.990300678952458,318908190.0
600111,2021-07-06,22.63,23.65,22.22,23.34,0.6600000000000001,2.910052910052907,322354323.0
600111,2021-07-07,22.9,25.59,22.59,25.13,1.7899999999999991,7.669237360754067,305407682.0
600111,2021-07-08,25.98,27.64,25.94,27.0,1.870000000000001,7.441305212892968,415909387.0
600111,2021-07-09,27.2,29.7,26.85,29.7,2.6999999999999993,9.999999999999986,299214252.0
600111,2021-07-12,31.8,32.67,30.97,32.67,2.9700000000000024,10.000000000000009,355202981.0
600111,2021-07-13,32.8,33.66,31.8,33.07,0.3999999999999986,1.2243648607284996,304747815.0
600111,2021-07-14,32.5,34.5,31.88,32.3,-0.7700000000000031,-2.3283943150892106,251590129.0
600111,2021-07-15,32.38,35.53,30.51,35.53,3.230000000000004,10.000000000000009,324648766.0
600111,2021-07-16,34.5,36.2,33.65,33.9,-1.6300000000000026,-4.587672389529985,326030709.0
600111,2021-07-19,33.5,36.6,33.3,34.7,0.8000000000000043,2.359882005899716,273461741.0
600111,2021-07-20,34.0,36.66,33.93,35.99,1.2899999999999991,3.7175792507204486,193802871.0
600111,2021-07-21,36.04,39.59,35.33,39.59,3.6000000000000014,10.002778549597124,254207126.0
600111,2021-07-22,40.37,41.69,38.7,40.59,1.0,2.525890376357665,248513539.0
600111,2021-07-23,39.91,41.45,38.53,39.4,-1.1900000000000048,-2.9317565902931886,199849320.0
600111,2021-07-26,39.07,41.2,37.2,41.0,1.6000000000000014,4.0609137055837685,213621985.0
600111,2021-07-27,40.9,45.0,38.17,40.36,-0.6400000000000006,-1.560975609756099,275924010.0
600111,2021-07-28,39.49,41.93,37.68,39.42,-0.9399999999999976,-2.3290386521308215,204643753.0
600111,2021-07-29,40.91,43.36,40.59,43.36,3.9399999999999977,9.994926433282592,194915484.0
600111,2021-07-30,44.36,47.7,43.66,47.7,4.340000000000003,10.00922509225093,226176661.0
600111,2021-08-02,50.12,51.46,45.18,48.8,1.0999999999999943,2.3060796645702153,318253056.0
600111,2021-08-03,47.43,48.97,43.92,44.86,-3.9399999999999977,-8.073770491803279,259887271.0
600111,2021-08-04,44.81,49.3,43.55,48.66,3.799999999999997,8.4707980383415,264858580.0
600111,2021-08-05,47.1,51.27,45.32,47.58,-1.0799999999999983,-2.2194821208384674,257427820.0
600111,2021-08-06,48.0,49.73,46.61,47.97,0.3900000000000005,0.819672131147553,212781517.0
600111,2021-08-09,46.5,46.57,43.93,45.64,-2.3299999999999983,-4.857202418178019,229841194.0
600111,2021-08-10,44.3,47.25,43.1,44.88,-0.759999999999998,-1.6652059596844793,236494394.0
600111,2021-08-11,44.88,47.61,43.81,46.19,1.3099999999999952,2.918894830659524,245740435.0
600111,2021-08-12,45.18,46.6,44.0,44.7,-1.4899999999999949,-3.2258064516128893,171070039.0
600111,2021-08-13,44.1,46.87,43.6,45.17,0.4699999999999988,1.0514541387024678,223411462.0
600111,2021-08-16,42.4,42.4,40.65,40.65,-4.520000000000003,-10.00664157626744,282326239.0
600111,2021-08-17,41.0,41.38,38.22,39.49,-1.1599999999999966,-2.8536285362853575,278099611.0
600111,2021-08-18,39.49,41.16,38.93,40.18,0.6899999999999977,1.7472777918460247,213385372.0
600111,2021-08-19,39.4,42.3,39.03,41.28,1.1000000000000014,2.737680438028866,222524165.0
600111,2021-08-20,40.91,43.95,40.69,42.9,1.6199999999999974,3.924418604651158,231753589.0
600111,2021-08-23,43.09,47.19,41.59,46.99,4.090000000000003,9.533799533799536,287011247.0
600111,2021-08-24,46.38,50.12,46.05,47.44,0.4499999999999957,0.9576505639497634,237020504.0
600111,2021-08-25,46.89,48.44,45.82,47.43,-0.009999999999998,-0.0210792580101149,169790898.0
600111,2021-08-26,46.44,49.35,45.82,48.04,0.6099999999999994,1.2861058401855363,186209712.0
600111,2021-08-27,49.77,51.4,48.35,49.07,1.0300000000000011,2.144046627810159,259971050.0
600111,2021-08-30,48.88,53.61,48.67,52.75,3.68,7.499490523741592,215091406.0
600111,2021-08-31,52.74,58.03,52.1,58.03,5.280000000000001,10.009478672985782,224793128.0
600111,2021-09-01,59.5,61.49,52.47,53.58,-4.450000000000003,-7.668447354816477,311348508.0
600111,2021-09-02,53.0,56.84,52.2,55.38,1.8000000000000045,3.3594624860022515,187532806.0
600111,2021-09-03,53.7,56.0,49.84,51.43,-3.950000000000003,-7.132538822679669,237078904.0
600111,2021-09-06,50.8,53.8,48.1,52.75,1.3200000000000005,2.5665953723507773,207799704.0
600111,2021-09-07,52.2,57.8,51.4,57.32,4.57,8.663507109004742,217335683.0
600111,2021-09-08,56.85,58.61,55.6,56.11,-1.2100000000000009,-2.1109560362875146,167883739.0
600111,2021-09-09,56.05,59.84,56.0,59.56,3.450000000000003,6.148636606665492,167636437.0
600111,2021-09-10,59.56,61.4,58.44,61.01,1.4499999999999955,2.4345198119543277,163846317.0
600111,2021-09-13,60.47,62.1,56.5,58.62,-2.390000000000001,-3.9173905917062823,160584942.0
600111,2021-09-14,57.79,59.49,55.91,57.47,-1.1499999999999986,-1.9617877857386556,123333072.0
600111,2021-09-15,57.5,58.68,55.0,55.5,-1.9699999999999989,-3.427875413259085,125518215.0
600111,2021-09-16,56.0,56.58,53.15,53.15,-2.3500000000000014,-4.234234234234235,147376662.0
600111,2021-09-17,53.47,53.99,47.84,49.79,-3.359999999999999,-6.321730950141113,219870360.0
600111,2021-09-22,49.75,51.75,49.32,50.15,0.3599999999999994,0.7230367543683558,113461085.0
600111,2021-09-23,50.42,52.86,49.46,50.95,0.8000000000000043,1.59521435692922,162083843.0
600111,2021-09-24,52.27,54.0,48.39,49.11,-1.8400000000000032,-3.611383709519145,214664447.0
600111,2021-09-27,47.9,47.95,44.2,44.2,-4.909999999999997,-9.99796375483607,211263160.0
600111,2021-09-28,43.99,44.67,42.8,44.27,0.0700000000000002,0.1583710407239813,137317130.0
600111,2021-09-29,43.5,44.58,40.92,41.45,-2.8200000000000003,-6.370002258866048,147612985.0
600111,2021-09-30,42.67,44.65,41.92,44.27,2.8200000000000003,6.803377563329316,122445679.0
600111,2021-10-08,46.03,46.4,43.9,44.23,-0.0400000000000062,-0.0903546419697476,111602457.0
600111,2021-10-11,44.25,45.39,41.6,44.7,0.4700000000000059,1.0626271761248196,98134744.0
600111,2021-10-12,44.3,44.66,41.16,42.35,-2.3500000000000014,-5.2572706935123055,110071375.0
600111,2021-10-13,43.35,45.92,42.41,45.01,2.6599999999999966,6.280991735537178,114114751.0
600111,2021-10-14,44.38,45.4,43.82,44.07,-0.9399999999999976,-2.088424794490107,82399851.0
600111,2021-10-15,44.42,45.46,43.45,45.17,1.1000000000000014,2.4960290447016087,93864762.0
600111,2021-10-18,45.5,45.75,43.59,45.28,0.1099999999999994,0.2435244631392441,108986057.0
600111,2021-10-19,44.77,44.77,42.8,43.93,-1.3500000000000014,-2.9814487632508824,126226537.0
600111,2021-10-20,43.0,46.7,42.5,45.9,1.9699999999999989,4.484407011154112,172368564.0
600111,2021-10-21,46.5,49.96,45.55,49.4,3.5,7.625272331154687,242430187.0
600111,2021-10-22,49.4,50.5,47.64,47.92,-1.4799999999999969,-2.995951417004039,170493997.0
600111,2021-10-25,48.56,52.5,47.21,52.06,4.140000000000001,8.639398998330549,187758589.0
600111,2021-10-26,52.1,54.95,51.2,53.95,1.8900000000000008,3.630426431041101,198247843.0
600111,2021-10-27,53.36,55.0,53.0,54.26,0.3099999999999951,0.5746061167747785,139431482.0
600111,2021-10-28,54.07,54.9,49.98,50.85,-3.4099999999999966,-6.2845558422410575,194986294.0
600111,2021-10-29,50.94,52.1,49.74,50.6,-0.25,-0.4916420845624381,135742458.0
600111,2021-11-01,50.33,50.58,45.74,45.94,-4.660000000000004,-9.209486166007908,247937693.0
600111,2021-11-02,45.98,46.43,44.01,44.9,-1.0399999999999991,-2.2638223770134913,161481645.0
600111,2021-11-03,44.9,46.46,43.54,45.63,0.730000000000004,1.625835189309588,162815095.0
600111,2021-11-04,45.68,47.19,44.9,47.0,1.3699999999999974,3.002410694718382,135671397.0
600111,2021-11-05,46.99,48.2,46.36,46.49,-0.509999999999998,-1.0851063829787178,141220406.0
600111,2021-11-08,46.5,50.99,45.9,50.73,4.239999999999995,9.12024091202408,188806496.0
600111,2021-11-09,50.72,51.15,49.8,50.24,-0.4899999999999949,-0.9658978907943871,110042440.0
600111,2021-11-10,49.95,51.04,47.47,48.98,-1.2600000000000051,-2.507961783439505,142134319.0
600111,2021-11-11,48.3,48.78,46.58,48.2,-0.779999999999994,-1.5924867292772429,118140087.0
600111,2021-11-12,48.1,50.36,48.09,48.6,0.3999999999999986,0.8298755186721962,121427570.0
600111,2021-11-15,48.0,48.1,45.27,46.01,-2.5900000000000034,-5.329218106995892,132220361.0
600111,2021-11-16,45.45,46.45,44.98,45.26,-0.75,-1.6300804173005834,87429397.0
600111,2021-11-17,45.33,47.93,45.33,47.61,2.3500000000000014,5.192222713212558,124135041.0
600111,2021-11-18,47.05,49.78,46.23,48.25,0.6400000000000006,1.344255408527628,140561714.0
600111,2021-11-19,47.92,48.48,47.02,47.49,-0.759999999999998,-1.575129533678754,99056836.0
600111,2021-11-22,47.0,50.97,47.0,50.35,2.859999999999999,6.022320488523891,178566559.0
600111,2021-11-23,52.87,53.66,50.47,50.58,0.2299999999999968,0.4568023833167789,216760011.0
600111,2021-11-24,50.9,54.31,50.6,54.2,3.620000000000005,7.156979043100042,240792045.0
600111,2021-11-25,54.19,56.15,53.05,54.15,-0.0500000000000042,-0.0922509225092294,187056275.0
600111,2021-11-26,53.42,57.34,53.34,56.46,2.3100000000000023,4.265927977839334,170624517.0
600111,2021-11-29,55.3,56.4,54.02,56.04,-0.4200000000000017,-0.7438894792773709,134523355.0
600111,2021-11-30,56.3,56.49,53.65,53.82,-2.219999999999999,-3.9614561027837225,137715358.0
600111,2021-12-01,53.4,54.43,52.3,52.81,-1.009999999999998,-1.8766257896692615,99315885.0
600111,2021-12-02,53.0,56.45,52.29,55.65,2.8399999999999963,5.377769361863272,163560381.0
600111,2021-12-03,54.68,54.88,53.1,53.96,-1.6899999999999975,-3.036837376460011,109217374.0
600111,2021-12-06,53.14,54.39,52.0,52.06,-1.8999999999999984,-3.5211267605633756,114260721.0
600111,2021-12-07,52.4,53.19,49.81,51.86,-0.2000000000000028,-0.3841721091048855,113079965.0
600111,2021-12-08,51.49,52.65,51.17,52.47,0.6099999999999994,1.1762437331276576,75313220.0
600111,2021-12-09,52.43,53.49,51.75,52.3,-0.1700000000000017,-0.3239946636173108,73451162.0
600111,2021-12-10,51.76,53.1,51.6,52.25,-0.0499999999999971,-0.095602294455066,74353061.0
600111,2021-12-13,52.3,53.49,50.72,53.48,1.2299999999999969,2.35406698564593,113963475.0
600111,2021-12-14,53.02,53.36,50.52,50.92,-2.559999999999995,-4.786836200448752,117638571.0
600111,2021-12-15,50.2,51.43,48.31,49.12,-1.8000000000000045,-3.5349567949725103,146719701.0
600111,2021-12-16,49.05,50.2,48.12,50.16,1.0399999999999991,2.1172638436482094,93052915.0
600111,2021-12-17,49.71,50.1,48.15,48.25,-1.9099999999999968,-3.807814992025515,88961801.0
600111,2021-12-20,48.98,50.43,48.2,48.7,0.4500000000000028,0.932642487046631,103347680.0
600111,2021-12-21,48.56,48.56,47.0,47.27,-1.4299999999999995,-2.9363449691991783,92919308.0
600111,2021-12-22,47.53,47.86,46.35,46.81,-0.4600000000000008,-0.9731330653691584,87225025.0
600111,2021-12-23,47.5,47.97,46.86,47.01,0.1999999999999957,0.4272591326639485,84263568.0
600111,2021-12-24,47.01,47.01,43.7,44.2,-2.809999999999995,-5.977451606041262,135091794.0
600111,2021-12-27,44.17,44.76,42.68,43.81,-0.3900000000000005,-0.8823529411764675,90330038.0
600111,2021-12-28,44.0,46.28,43.62,46.22,2.4099999999999966,5.501027162748229,127188434.0
600111,2021-12-29,46.0,46.7,45.6,45.66,-0.5600000000000023,-1.2115967113803583,79707334.0
600111,2021-12-30,45.99,46.95,45.65,45.78,0.1200000000000045,0.2628120893561236,71824684.0
600111,2021-12-31,45.68,46.35,45.25,45.8,0.019999999999996,0.0436871996504883,58344293.0
600111,2022-01-04,46.39,46.58,44.1,44.32,-1.4799999999999969,-3.231441048034933,74009048.0
600111,2022-01-05,44.45,44.5,42.4,42.7,-1.6199999999999974,-3.655234657039707,78984856.0
600111,2022-01-06,42.9,43.92,42.67,43.37,0.6699999999999946,1.5690866510538417,63339259.0
600111,2022-01-07,43.1,43.36,41.0,42.0,-1.3699999999999974,-3.1588655752824435,94932681.0
600111,2022-01-10,42.0,43.19,41.3,41.95,-0.0499999999999971,-0.1190476190476075,80444923.0
600111,2022-01-11,41.98,42.38,41.13,42.02,0.0700000000000002,0.1668653158522159,60469671.0
600111,2022-01-12,42.74,43.08,42.02,43.05,1.029999999999994,2.451213707758204,72689576.0
600111,2022-01-13,43.06,43.07,41.01,41.03,-2.019999999999996,-4.692218350754929,92652252.0
600111,2022-01-14,41.15,44.7,41.04,43.91,2.8799999999999955,7.019254204240788,160153293.0
600111,2022-01-17,43.57,43.6,42.2,42.41,-1.5,-3.416078342063311,94903883.0
600111,2022-01-18,42.2,42.78,41.57,42.33,-0.0799999999999983,-0.188634755953776,49757837.0
600111,2022-01-19,42.0,42.0,41.04,41.28,-1.0499999999999972,-2.4805102763997056,57788897.0
600111,2022-01-20,41.05,41.8,39.39,39.48,-1.8000000000000045,-4.3604651162790775,84367938.0
600111,2022-01-21,39.41,40.28,38.67,39.85,0.3700000000000045,0.937183383991913,54440438.0
600111,2022-01-24,39.4,41.6,39.07,41.08,1.2299999999999969,3.0865746549560757,71440840.0
600111,2022-01-25,40.95,41.73,40.28,40.31,-0.769999999999996,-1.8743914313534504,53765575.0
600111,2022-01-26,40.99,41.06,39.6,40.47,0.1599999999999966,0.3969238402381503,41280036.0
600111,2022-01-27,40.76,40.99,38.76,38.83,-1.6400000000000006,-4.052384482332593,54206417.0
600111,2022-01-28,39.1,39.2,37.07,37.18,-1.6499999999999986,-4.249291784702547,81303419.0
600111,2022-02-07,38.54,40.9,38.18,40.9,3.719999999999999,10.00537923614846,139851505.0
600111,2022-02-08,41.1,41.36,39.53,41.0,0.1000000000000014,0.2444987775061191,108545938.0
600111,2022-02-09,40.93,43.2,40.36,42.6,1.6000000000000014,3.9024390243902474,133479194.0
600111,2022-02-10,43.0,43.88,42.21,42.98,0.3799999999999954,0.892018779342707,107410748.0
600111,2022-02-11,42.6,44.06,42.31,42.77,-0.2099999999999937,-0.488599348534191,100758045.0
600111,2022-02-14,42.77,44.44,42.77,43.99,1.2199999999999989,2.852466682253918,96668164.0
600111,2022-02-15,44.82,45.01,43.6,44.69,0.6999999999999957,1.5912707433507478,91090465.0
600111,2022-02-16,45.0,47.3,44.61,46.15,1.4600000000000009,3.2669501006936663,136410068.0
600111,2022-02-17,46.01,48.11,45.8,48.09,1.9400000000000048,4.203683640303368,161286169.0
600111,2022-02-18,47.51,47.79,46.72,47.51,-0.5800000000000054,-1.206071948430043,100231814.0
600111,2022-02-21,47.5,48.08,45.33,47.08,-0.4299999999999997,-0.9050726162913024,114444079.0
600111,2022-02-22,46.23,47.49,46.22,47.12,0.0399999999999991,0.0849617672047609,89534252.0
600111,2022-02-23,46.92,48.3,46.45,47.83,0.7100000000000009,1.5067911714770732,95730648.0
600111,2022-02-24,47.31,48.59,45.6,46.44,-1.3900000000000006,-2.906125862429443,122518808.0
600111,2022-02-25,47.22,49.01,47.08,47.92,1.480000000000004,3.1869078380706295,138569408.0
600111,2022-02-28,48.07,49.3,47.5,49.21,1.2899999999999991,2.6919866444073515,115597955.0
600111,2022-03-01,49.21,49.23,46.98,47.14,-2.0700000000000003,-4.206462101198949,126767228.0
600111,2022-03-02,46.6,47.84,46.3,46.95,-0.1899999999999977,-0.4030547305897247,69338943.0
600111,2022-03-03,47.1,47.3,45.64,45.91,-1.0400000000000065,-2.2151224707135375,84762312.0
600111,2022-03-04,45.59,46.43,44.53,45.0,-0.9099999999999966,-1.9821389675451884,78079624.0
600111,2022-03-07,42.74,43.88,42.62,43.2,-1.7999999999999972,-3.999999999999993,108508752.0
600111,2022-03-08,43.33,44.1,41.45,41.59,-1.6099999999999994,-3.7268518518518534,99719953.0
600111,2022-03-09,42.1,42.21,38.96,41.22,-0.3700000000000045,-0.889636931954807,86335071.0
600111,2022-03-10,42.2,42.99,41.31,42.11,0.8900000000000006,2.1591460456089395,83603892.0
600111,2022-03-11,41.2,41.98,40.25,41.8,-0.3100000000000023,-0.7361671811921267,65012339.0
600111,2022-03-14,41.13,41.71,40.19,40.23,-1.5700000000000005,-3.755980861244024,51202566.0
600111,2022-03-15,39.99,41.35,39.25,39.3,-0.9299999999999996,-2.3117076808351955,76879994.0
600111,2022-03-16,40.1,41.1,37.9,40.96,1.6600000000000037,4.223918575063612,99396733.0
600111,2022-03-17,42.0,43.19,41.5,41.69,0.7299999999999969,1.7822265625,111953412.0
600111,2022-03-18,41.11,41.69,40.5,41.29,-0.3999999999999986,-0.9594627008875034,58582854.0
600111,2022-03-21,41.2,42.76,40.86,42.15,0.8599999999999994,2.082828772099776,68728432.0
600111,2022-03-22,42.05,42.36,41.52,41.77,-0.3799999999999954,-0.9015421115065148,42612107.0
600111,2022-03-23,42.0,42.13,41.04,41.29,-0.480000000000004,-1.1491501077328323,39077629.0
600111,2022-03-24,41.05,41.43,39.78,41.41,0.1199999999999974,0.2906272705255341,62163309.0
600111,2022-03-25,41.4,41.66,40.22,40.22,-1.1899999999999975,-2.8737020043467676,46103326.0
600111,2022-03-28,39.82,39.98,38.89,39.48,-0.740000000000002,-1.8398806563898584,40940265.0
600111,2022-03-29,39.48,39.65,38.0,38.29,-1.1899999999999975,-3.014184397163111,77510253.0
600111,2022-03-30,38.8,39.85,38.6,39.85,1.5600000000000025,4.074170801775923,72686602.0
600111,2022-03-31,39.71,39.71,38.55,38.73,-1.1200000000000043,-2.810539523212052,50695721.0
600111,2022-04-01,38.31,39.3,38.21,38.62,-0.1099999999999994,-0.2840175574490011,43986231.0
600111,2022-04-06,38.59,38.59,37.86,38.2,-0.4199999999999946,-1.0875194199896243,42048022.0
600111,2022-04-07,37.99,39.17,37.9,38.19,-0.0100000000000051,-0.0261780104712228,52948687.0
600111,2022-04-08,38.19,38.33,37.11,38.02,-0.1699999999999946,-0.4451427075150449,45876659.0
600111,2022-04-11,37.74,37.77,34.58,35.0,-3.020000000000003,-7.9431877958969,90405118.0
600111,2022-04-12,34.99,35.98,34.7,35.89,0.8900000000000006,2.5428571428571356,57301583.0
600111,2022-04-13,35.63,36.59,35.43,35.75,-0.1400000000000005,-0.390080802451942,50042850.0
600111,2022-04-14,36.11,36.21,35.35,35.42,-0.3299999999999983,-0.9230769230769154,53563882.0
600111,2022-04-15,35.6,35.88,34.46,34.72,-0.7000000000000028,-1.976284584980248,46472771.0
600111,2022-04-18,34.5,34.78,33.32,34.68,-0.0399999999999991,-0.1152073732718861,48246067.0
600111,2022-04-19,34.88,36.15,34.75,35.25,0.5700000000000003,1.6435986159169635,73212822.0
600111,2022-04-20,35.7,35.8,33.89,33.9,-1.3500000000000014,-3.8297872340425583,58274542.0
600111,2022-04-21,33.9,34.32,32.12,32.31,-1.5899999999999963,-4.690265486725654,71015992.0
600111,2022-04-22,32.3,32.42,31.36,31.48,-0.8300000000000018,-2.5688641287527125,60812627.0
600111,2022-04-25,30.5,31.0,28.49,28.51,-2.969999999999999,-9.434561626429472,103041052.0
600111,2022-04-26,28.78,29.05,27.89,27.97,-0.5400000000000027,-1.8940722553490108,82751465.0
600111,2022-04-27,27.62,30.77,27.5,30.75,2.780000000000001,9.939220593493037,134347882.0
600111,2022-04-28,30.0,30.97,29.42,29.79,-0.9600000000000009,-3.121951219512198,109332080.0
600111,2022-04-29,30.18,32.06,29.51,31.68,1.8900000000000008,6.344410876132933,124210805.0
600111,2022-05-05,31.2,32.49,31.06,31.66,-0.0199999999999995,-0.0631313131313149,89146697.0
600111,2022-05-06,30.7,30.85,30.0,30.1,-1.5599999999999987,-4.927353126974099,70939687.0
600111,2022-05-09,29.9,32.42,29.8,32.01,1.9099999999999968,6.345514950166109,100040908.0
600111,2022-05-10,31.34,32.82,31.2,32.04,0.0300000000000011,0.093720712277423,93119923.0
600111,2022-05-11,32.15,35.1,31.88,33.64,1.6000000000000014,4.993757802746579,164022525.0
600111,2022-05-12,33.3,34.02,33.01,33.34,-0.2999999999999971,-0.8917954815695461,79227415.0
600111,2022-05-13,33.58,33.73,32.75,33.31,-0.0300000000000011,-0.0899820035992871,55683486.0
600111,2022-05-16,33.54,33.98,32.79,32.93,-0.3800000000000025,-1.140798558991296,51126211.0
600111,2022-05-17,33.01,34.45,32.88,34.08,1.1499999999999986,3.492256301245056,93687232.0
600111,2022-05-18,34.11,34.31,33.67,33.69,-0.3900000000000005,-1.1443661971830998,56940189.0
600111,2022-05-19,33.11,33.86,32.46,33.86,0.1700000000000017,0.5046007717423695,81964166.0
600111,2022-05-20,34.3,34.75,33.5,34.62,0.759999999999998,2.2445363260484186,99174875.0
600111,2022-05-23,34.68,36.45,34.28,36.25,1.6300000000000026,4.708261120739454,132771655.0
600111,2022-05-24,35.96,36.18,34.12,34.13,-2.1199999999999974,-5.848275862068963,114825448.0
600111,2022-05-25,34.1,34.42,33.35,34.18,0.0499999999999971,0.146498681511864,64063069.0
600111,2022-05-26,34.0,34.58,33.16,34.09,-0.0899999999999963,-0.2633118782913834,58144426.0
600111,2022-05-27,34.52,35.22,33.82,34.06,-0.0300000000000011,-0.0880023467292545,64334859.0
600111,2022-05-30,34.26,34.86,33.8,34.18,0.1199999999999974,0.3523194362888837,54977356.0
600111,2022-05-31,34.0,34.95,33.5,34.83,0.6499999999999986,1.901696898771199,70870176.0
600111,2022-06-01,34.63,34.8,34.06,34.25,-0.5799999999999983,-1.6652311225954564,50082148.0
600111,2022-06-02,34.13,36.48,34.02,35.86,1.6099999999999994,4.700729927007297,136783951.0
600111,2022-06-06,35.72,38.1,35.67,37.86,2.0,5.577244841048512,148570410.0
600111,2022-06-07,37.86,38.18,36.94,37.27,-0.5899999999999963,-1.5583729529846655,88637614.0
600111,2022-06-08,37.06,39.85,37.04,39.32,2.049999999999997,5.500402468473298,153771756.0
600111,2022-06-09,39.01,39.42,38.11,38.55,-0.7700000000000031,-1.9582909460834297,84539279.0
600111,2022-06-10,38.0,39.99,37.86,39.59,1.0400000000000065,2.69779507133594,122479123.0
600111,2022-06-13,39.0,42.29,38.85,41.5,1.9099999999999968,4.824450618843135,144471357.0
600111,2022-06-14,40.88,42.19,40.6,41.57,0.0700000000000002,0.1686746987951792,117766684.0
600111,2022-06-15,41.3,41.76,40.31,40.31,-1.259999999999998,-3.031031994226596,92921730.0
600111,2022-06-16,40.23,41.66,40.02,40.23,-0.0800000000000054,-0.1984619201190862,71698350.0
600111,2022-06-17,39.96,41.5,39.71,40.93,0.7000000000000028,1.7399950285856391,85573024.0
600111,2022-06-20,40.9,41.7,40.26,40.56,-0.3699999999999974,-0.9039824089909554,79089454.0
600111,2022-06-21,40.57,40.6,36.87,37.21,-3.3500000000000014,-8.259368836291914,210026386.0
600111,2022-06-22,37.01,37.28,35.47,35.63,-1.5799999999999983,-4.246170384305293,201421896.0
600111,2022-06-23,34.0,34.89,33.3,34.84,-0.7899999999999991,-2.2172326690990674,230952919.0
600111,2022-06-24,34.32,35.58,34.04,35.21,0.3699999999999974,1.0619977037887418,133109066.0
600111,2022-06-27,35.48,36.64,34.42,35.91,0.6999999999999957,1.9880715705765215,144272504.0
600111,2022-06-28,35.49,35.9,34.8,35.3,-0.6099999999999994,-1.6986911723753773,104963626.0
600111,2022-06-29,35.27,35.52,34.13,34.19,-1.1099999999999994,-3.14447592067989,95776060.0
600111,2022-06-30,34.5,35.66,34.5,35.16,0.9699999999999988,2.837086867505123,94619311.0
600111,2022-07-01,35.15,35.55,34.51,35.0,-0.1599999999999966,-0.455062571103515,73199477.0
600111,2022-07-04,34.82,35.36,34.31,35.02,0.0200000000000031,0.0571428571428667,76405971.0
600111,2022-07-05,34.5,34.79,33.33,34.01,-1.0100000000000051,-2.8840662478583856,133568243.0
600111,2022-07-06,33.98,33.98,32.56,33.09,-0.9199999999999946,-2.70508673919434,87530943.0
600111,2022-07-07,32.75,33.42,32.71,33.1,0.009999999999998,0.0302206104563218,66606453.0
600111,2022-07-08,33.1,35.24,33.1,34.02,0.9200000000000016,2.779456193353469,138788336.0
600111,2022-07-11,34.15,34.32,32.7,33.06,-0.9600000000000009,-2.821869488536155,73814764.0
600111,2022-07-12,32.59,32.62,31.29,31.37,-1.6900000000000013,-5.111917725347858,104333916.0
600111,2022-07-13,31.6,32.15,31.11,31.91,0.5399999999999991,1.721389862926359,53363297.0
600111,2022-07-14,31.7,32.17,31.53,31.97,0.0599999999999987,0.1880288310874389,45238541.0
600111,2022-07-15,31.7,32.47,31.25,31.27,-0.6999999999999993,-2.189552705661557,55878789.0
600111,2022-07-18,31.88,33.27,31.88,32.45,1.1800000000000033,3.7735849056603983,96484478.0
600111,2022-07-19,32.44,32.96,31.86,32.49,0.0399999999999991,0.123266563944524,59662938.0
600111,2022-07-20,32.63,32.67,32.1,32.26,-0.2300000000000039,-0.7079101261926901,42333500.0
600111,2022-07-21,32.1,32.73,31.73,32.46,0.2000000000000028,0.619962802231866,53609521.0
600111,2022-07-22,32.77,32.77,31.7,31.96,-0.5,-1.5403573629081957,47757450.0
600111,2022-07-25,31.8,31.85,31.08,31.16,-0.8000000000000007,-2.50312891113893,44608945.0
600111,2022-07-26,31.16,31.66,30.71,31.43,0.2699999999999996,0.8664955070603275,41700487.0
600111,2022-07-27,31.39,31.42,30.9,31.2,-0.2300000000000004,-0.7317849188673287,33919832.0
600111,2022-07-28,31.46,32.3,31.26,32.04,0.8399999999999999,2.6923076923076827,68029389.0
600111,2022-07-29,32.09,32.1,31.37,31.38,-0.6600000000000001,-2.059925093632964,46758509.0
600111,2022-08-01,31.03,31.18,30.7,31.13,-0.25,-0.7966857871255617,39543107.0
600111,2022-08-02,30.77,30.78,29.5,29.65,-1.4800000000000004,-4.754256344362351,68610257.0
600111,2022-08-03,29.65,32.26,29.65,31.49,1.84,6.20573355817875,115412956.0
600111,2022-08-04,31.71,32.24,31.0,31.64,0.1500000000000021,0.4763416957764388,62823494.0
600111,2022-08-05,31.65,33.15,31.32,32.99,1.3500000000000014,4.266750948166886,115120994.0
600111,2022-08-08,32.86,33.35,32.5,32.99,0.0,0.0,64399648.0
600111,2022-08-09,33.0,33.29,32.62,32.85,-0.1400000000000005,-0.4243710215216745,45674070.0
600111,2022-08-10,32.9,33.11,32.24,32.44,-0.4100000000000037,-1.2480974124809865,57312672.0
600111,2022-08-11,32.56,33.2,32.15,33.06,0.6200000000000045,1.9112207151664728,70556022.0
600111,2022-08-12,33.07,33.8,32.86,33.0,-0.0600000000000022,-0.1814882032667997,60839523.0
600111,2022-08-15,32.7,33.85,32.6,33.6,0.6000000000000014,1.81818181818183,73403428.0
600111,2022-08-16,33.52,33.56,32.45,32.58,-1.0200000000000031,-3.035714285714297,87563248.0
600111,2022-08-17,32.69,32.78,31.81,32.28,-0.2999999999999971,-0.920810313075493,49464808.0
600111,2022-08-18,32.02,32.61,32.0,32.3,0.019999999999996,0.0619578686493094,36061462.0
600111,2022-08-19,32.35,32.36,31.32,31.33,-0.9699999999999988,-3.003095975232195,52131713.0
600111,2022-08-22,31.13,31.8,30.83,31.59,0.2600000000000015,0.8298755186721962,37295218.0
600111,2022-08-23,31.5,31.75,31.15,31.34,-0.25,-0.7913896802785647,30938182.0
600111,2022-08-24,31.43,31.69,30.39,30.41,-0.9299999999999996,-2.9674537332482487,49239475.0
600111,2022-08-25,30.42,30.63,29.8,30.6,0.1900000000000012,0.6247944755014778,45508288.0
600111,2022-08-26,30.6,31.35,30.49,30.84,0.2399999999999984,0.7843137254901933,43184641.0
600111,2022-08-29,30.3,30.95,30.17,30.59,-0.25,-0.8106355382619945,29482259.0
600111,2022-08-30,30.59,30.81,30.21,30.37,-0.2199999999999988,-0.7191892775416764,25075435.0
600111,2022-08-31,30.27,30.54,29.86,30.14,-0.2300000000000004,-0.7573263088574311,33911287.0
600111,2022-09-01,30.15,30.42,30.01,30.09,-0.0500000000000007,-0.1658925016589263,23963044.0
600111,2022-09-02,30.12,30.26,29.91,30.16,0.0700000000000002,0.2326354270521857,22043677.0
600111,2022-09-05,30.27,30.45,29.9,30.08,-0.0800000000000018,-0.2652519893899252,25291782.0
600111,2022-09-06,30.13,30.95,30.1,30.85,0.7700000000000031,2.559840425531923,45433029.0
600111,2022-09-07,30.73,31.1,30.63,30.79,-0.0600000000000022,-0.1944894651539797,36711690.0
600111,2022-09-08,30.85,30.97,30.26,30.29,-0.5,-1.6239038648911963,31040926.0
600111,2022-09-09,30.35,30.76,30.29,30.68,0.3900000000000005,1.2875536480686731,32824065.0
600111,2022-09-13,30.73,31.61,30.73,31.47,0.7899999999999991,2.5749674054758698,64497205.0
600111,2022-09-14,30.99,31.25,30.55,30.7,-0.7699999999999996,-2.4467747060692657,45722643.0
600111,2022-09-15,30.67,30.95,29.67,30.01,-0.6899999999999977,-2.2475570032573167,52858139.0
600111,2022-09-16,29.95,29.96,28.8,28.8,-1.2100000000000009,-4.031989336887709,52368518.0
600111,2022-09-19,28.8,29.08,28.23,28.34,-0.4600000000000008,-1.5972222222222276,33093419.0
600111,2022-09-20,28.45,29.6,28.45,29.01,0.6700000000000017,2.364149611856048,39057581.0
600111,2022-09-21,29.2,31.0,29.17,30.48,1.4699999999999989,5.0672182006204824,96500557.0
600111,2022-09-22,29.9,30.23,29.36,29.39,-1.09,-3.576115485564302,54953589.0
600111,2022-09-23,29.4,29.5,28.51,28.73,-0.6600000000000001,-2.245661789724396,40406843.0
600111,2022-09-26,28.6,28.64,28.01,28.1,-0.629999999999999,-2.19282979463975,38143057.0
600111,2022-09-27,28.05,28.3,27.33,28.3,0.1999999999999993,0.7117437722419906,48631447.0
600111,2022-09-28,28.0,28.0,27.01,27.01,-1.2899999999999991,-4.558303886925796,40112421.0
600111,2022-09-29,27.31,27.65,26.74,26.97,-0.0400000000000027,-0.1480932987782401,32908680.0
600111,2022-09-30,27.0,27.23,26.54,26.56,-0.4100000000000001,-1.520207638116422,27054490.0
600111,2022-10-10,26.56,26.8,25.4,25.56,-1.0,-3.765060240963858,35800758.0
600111,2022-10-11,25.64,25.96,25.5,25.77,0.2100000000000008,0.8215962441314506,30946819.0
600111,2022-10-12,25.7,25.97,24.35,25.96,0.1900000000000012,0.737291424136588,59212549.0
600111,2022-10-13,25.7,27.45,25.6,26.85,0.8900000000000006,3.428351309707245,81285293.0
600111,2022-10-14,27.0,27.4,26.74,27.09,0.2399999999999984,0.893854748603351,54275843.0
600111,2022-10-17,27.0,27.25,26.72,27.2,0.1099999999999994,0.4060538944259839,32876922.0
600111,2022-10-18,27.39,27.43,27.01,27.07,-0.129999999999999,-0.4779411764705865,27250481.0
600111,2022-10-19,26.93,27.31,26.6,26.65,-0.4200000000000017,-1.5515330624307433,30113316.0
600111,2022-10-20,26.5,26.94,26.06,26.68,0.0300000000000011,0.1125703564728075,32105626.0
600111,2022-10-21,26.88,27.15,26.2,26.2,-0.4800000000000004,-1.799100449775115,31328668.0
600111,2022-10-24,26.5,26.86,25.3,25.5,-0.6999999999999993,-2.6717557251908386,45432300.0
600111,2022-10-25,25.5,25.9,24.76,25.58,0.0799999999999983,0.3137254901960817,33431661.0
600111,2022-10-26,25.45,26.18,25.3,25.77,0.1900000000000012,0.7427677873338645,51609869.0
600111,2022-10-27,25.9,26.55,25.78,26.15,0.379999999999999,1.474582848273176,60858738.0
600111,2022-10-28,25.9,25.91,24.7,24.77,-1.379999999999999,-5.277246653919687,51724002.0
600111,2022-10-31,24.39,24.58,23.63,24.2,-0.5700000000000003,-2.301170771094063,46751424.0
600111,2022-11-01,24.29,26.62,24.29,26.62,2.4200000000000017,10.000000000000009,125830185.0
600111,2022-11-02,26.7,28.82,26.51,27.81,1.1899999999999975,4.47032306536439,162406499.0
600111,2022-11-03,27.43,28.08,27.25,27.49,-0.3200000000000003,-1.1506652283351348,83647652.0
600111,2022-11-04,27.49,28.5,27.3,28.29,0.8000000000000007,2.9101491451436923,87374597.0
600111,2022-11-07,28.32,29.6,28.25,28.69,0.4000000000000021,1.4139271827500854,120479303.0
600111,2022-11-08,28.66,28.9,28.18,28.42,-0.2699999999999996,-0.941094457999303,63622763.0
600111,2022-11-09,28.65,28.85,27.94,28.01,-0.4100000000000001,-1.442646023926808,47993379.0
600111,2022-11-10,27.25,27.55,26.73,26.8,-1.2100000000000009,-4.319885755087471,105455836.0
600111,2022-11-11,27.35,27.56,26.48,26.85,0.0500000000000007,0.1865671641791078,106166120.0
600111,2022-11-14,26.78,27.13,26.27,26.33,-0.5200000000000031,-1.936685288640605,59049207.0
600111,2022-11-15,26.34,27.26,26.23,27.25,0.9200000000000016,3.494113178883418,72100194.0
600111,2022-11-16,27.29,27.34,26.67,26.74,-0.5100000000000016,-1.8715596330275308,50580675.0
600111,2022-11-17,26.53,26.64,26.05,26.43,-0.3099999999999987,-1.1593118922961776,53595519.0
600111,2022-11-18,26.43,26.6,25.95,25.98,-0.4499999999999993,-1.7026106696935273,46924937.0
600111,2022-11-21,25.78,25.89,25.45,25.72,-0.2600000000000015,-1.000769822940728,40231918.0
600111,2022-11-22,25.74,26.07,25.5,25.58,-0.1400000000000005,-0.5443234836702948,47688144.0
600111,2022-11-23,25.55,25.77,25.37,25.7,0.120000000000001,0.4691164972634887,36315433.0
600111,2022-11-24,25.77,25.98,25.6,25.61,-0.0899999999999998,-0.3501945525291816,36795287.0
600111,2022-11-25,25.52,25.65,25.24,25.41,-0.1999999999999993,-0.7809449433814897,28115326.0
600111,2022-11-28,25.18,25.25,24.73,25.25,-0.1600000000000001,-0.6296733569460811,34418756.0
600111,2022-11-29,25.25,25.99,25.22,25.94,0.6900000000000013,2.732673267326735,49012428.0
600111,2022-11-30,25.94,26.41,25.82,26.17,0.2300000000000004,0.8866615265998412,55010135.0
600111,2022-12-01,26.36,26.82,26.2,26.3,0.129999999999999,0.4967520061138764,58775364.0
600111,2022-12-02,26.29,26.34,25.82,25.9,-0.4000000000000021,-1.52091254752853,41544632.0
600111,2022-12-05,26.0,27.0,25.86,26.78,0.8800000000000026,3.397683397683404,82551727.0
600111,2022-12-06,26.55,26.76,26.34,26.65,-0.1300000000000025,-0.4854368932038944,43627273.0
600111,2022-12-07,26.56,26.96,26.51,26.62,-0.0299999999999975,-0.1125703564727853,42161807.0
600111,2022-12-08,26.58,26.89,26.3,26.4,-0.2200000000000024,-0.8264462809917439,36469675.0
600111,2022-12-09,26.27,26.93,26.21,26.82,0.4200000000000017,1.5909090909090873,48993127.0
600111,2022-12-12,26.8,26.8,26.0,26.02,-0.8000000000000007,-2.982848620432521,50021917.0
600111,2022-12-13,26.02,27.83,25.97,27.29,1.2699999999999996,4.880860876249038,132938711.0
600111,2022-12-14,27.29,27.29,26.83,27.01,-0.2799999999999976,-1.0260168559911964,55072408.0
600111,2022-12-15,27.02,27.06,26.36,26.82,-0.1900000000000012,-0.7034431691965937,45830532.0
600111,2022-12-16,26.55,26.66,26.13,26.27,-0.5500000000000007,-2.050708426547354,40679659.0
600111,2022-12-19,26.12,26.56,25.45,25.59,-0.6799999999999997,-2.5885039969547052,46561311.0
600111,2022-12-20,25.55,25.84,25.31,25.7,0.1099999999999994,0.4298554122704079,24874060.0
600111,2022-12-21,25.61,25.8,25.11,25.31,-0.3900000000000005,-1.5175097276264649,25997295.0
600111,2022-12-22,25.51,25.6,24.84,24.85,-0.4599999999999973,-1.8174634531805456,29177449.0
600111,2022-12-23,24.66,25.1,24.45,25.05,0.1999999999999993,0.8048289738430636,22948844.0
600111,2022-12-26,24.92,25.49,24.9,25.43,0.379999999999999,1.5169660678642671,21457847.0
600111,2022-12-27,25.56,25.76,25.3,25.7,0.2699999999999996,1.0617381046008625,29165777.0
600111,2022-12-28,25.5,25.65,25.14,25.29,-0.4100000000000001,-1.5953307392996163,21813094.0
600111,2022-12-29,25.07,25.58,25.06,25.31,0.0199999999999995,0.0790826413602285,21231344.0
600111,2022-12-30,25.38,25.48,25.04,25.05,-0.259999999999998,-1.0272619517976975,24151416.0
600111,2023-01-03,25.11,25.98,25.11,25.77,0.7199999999999989,2.874251497005975,43595181.0
600111,2023-01-04,25.76,25.82,25.35,25.5,-0.2699999999999996,-1.0477299185098987,26395342.0
600111,2023-01-05,25.61,25.97,25.48,25.83,0.3299999999999983,1.2941176470588234,35625368.0
600111,2023-01-06,25.84,26.64,25.74,26.38,0.5500000000000007,2.129307007355785,62479335.0
600111,2023-01-09,26.57,26.89,26.39,26.65,0.2699999999999996,1.0235026535253988,49134474.0
600111,2023-01-10,26.65,26.67,26.26,26.51,-0.139999999999997,-0.5253283302063649,35620481.0
600111,2023-01-11,26.7,27.12,26.51,26.53,0.0199999999999995,0.0754432289701956,49068873.0
600111,2023-01-12,26.53,26.88,26.3,26.52,-0.0100000000000015,-0.0376931775348698,35106216.0
600111,2023-01-13,26.64,26.92,26.36,26.68,0.1600000000000001,0.6033182503770718,31922274.0
600111,2023-01-16,26.69,27.18,26.69,27.01,0.3300000000000018,1.236881559220393,58323719.0
600111,2023-01-17,27.09,27.49,26.87,27.17,0.1600000000000001,0.5923731951129163,48813383.0
600111,2023-01-18,27.17,27.3,27.02,27.11,-0.0600000000000022,-0.2208317997791753,29166396.0
600111,2023-01-19,27.08,27.43,26.87,27.4,0.2899999999999991,1.0697159719660565,41556032.0
600111,2023-01-20,27.51,29.14,27.41,28.71,1.3100000000000025,4.781021897810223,125954681.0
600111,2023-01-30,29.23,29.73,28.92,29.13,0.4199999999999981,1.4629049111807737,110230521.0
600111,2023-01-31,28.94,29.35,28.88,29.03,-0.0999999999999978,-0.3432887058015699,61519598.0
600111,2023-02-01,29.19,31.29,29.19,30.8,1.7699999999999996,6.097140888735786,161280006.0
600111,2023-02-02,30.65,30.82,30.33,30.39,-0.4100000000000001,-1.3311688311688274,82592332.0
600111,2023-02-03,30.18,30.19,29.13,29.55,-0.8399999999999999,-2.764067127344516,94950508.0
600111,2023-02-06,29.15,29.45,28.91,29.38,-0.1700000000000017,-0.5752961082910346,46065459.0
600111,2023-02-07,29.47,29.54,28.8,29.12,-0.259999999999998,-0.8849557522123797,57541227.0
600111,2023-02-08,29.18,29.21,28.59,28.65,-0.4700000000000024,-1.6140109890109944,45121498.0
600111,2023-02-09,28.5,29.05,28.41,28.99,0.3399999999999998,1.186736474694583,40730317.0
600111,2023-02-10,28.88,28.88,28.33,28.56,-0.4299999999999997,-1.483270093135558,40408256.0
600111,2023-02-13,28.55,28.95,28.5,28.8,0.240000000000002,0.8403361344537785,36925808.0
600111,2023-02-14,29.03,29.34,28.8,29.22,0.4199999999999981,1.458333333333317,59153429.0
600111,2023-02-15,29.2,29.2,28.67,28.71,-0.509999999999998,-1.7453798767967044,41651618.0
600111,2023-02-16,28.6,28.88,27.6,27.91,-0.8000000000000007,-2.786485545106232,62690780.0
600111,2023-02-17,27.91,28.64,27.9,28.04,0.129999999999999,0.4657828735220359,49597303.0
600111,2023-02-20,28.26,28.59,27.71,28.53,0.490000000000002,1.747503566333819,41881681.0
600111,2023-02-21,28.42,29.93,28.42,29.79,1.259999999999998,4.416403785488954,118810007.0
600111,2023-02-22,29.52,29.75,29.3,29.43,-0.3599999999999994,-1.2084592145015116,53095975.0
600111,2023-02-23,29.45,29.65,29.2,29.56,0.129999999999999,0.4417261297995134,44566792.0
600111,2023-02-24,29.58,29.61,28.92,29.33,-0.2300000000000004,-0.778078484438427,47437238.0
600111,2023-02-27,29.15,29.15,28.71,28.81,-0.5199999999999996,-1.7729287419024908,33475552.0
600111,2023-02-28,28.81,29.11,28.61,29.05,0.240000000000002,0.8330440819160012,27855132.0
600111,2023-03-01,28.98,29.35,28.88,29.35,0.3000000000000007,1.0327022375215211,36684516.0
600111,2023-03-02,28.12,28.52,28.0,28.09,-1.2600000000000016,-4.2930153321976245,107135519.0
600111,2023-03-03,28.09,28.23,27.75,28.07,-0.0199999999999995,-0.0711997152011423,52088019.0
600111,2023-03-06,28.06,28.06,27.1,27.51,-0.5599999999999987,-1.995012468827928,61875435.0
600111,2023-03-07,27.46,27.61,26.9,26.93,-0.5800000000000018,-2.108324245728832,45448896.0
600111,2023-03-08,26.82,27.18,26.57,27.15,0.2199999999999988,0.8169327887114664,31472492.0
600111,2023-03-09,27.25,27.31,26.93,27.05,-0.0999999999999978,-0.3683241252301905,21931659.0
600111,2023-03-10,27.0,27.0,26.53,26.57,-0.4800000000000004,-1.774491682070245,27047102.0
600111,2023-03-13,26.5,26.91,26.45,26.71,0.1400000000000005,0.5269100489273537,22284646.0
600111,2023-03-14,26.65,26.68,25.73,26.12,-0.5899999999999999,-2.208910520404339,40358713.0
600111,2023-03-15,26.3,26.47,26.11,26.13,0.009999999999998,0.0382848392036727,22598520.0
600111,2023-03-16,25.91,25.99,25.5,25.53,-0.5999999999999979,-2.2962112514351207,29945709.0
600111,2023-03-17,25.9,26.12,25.75,25.9,0.3699999999999974,1.4492753623188248,32688198.0
600111,2023-03-20,25.9,26.22,25.77,26.08,0.1799999999999997,0.6949806949806847,26538153.0
600111,2023-03-21,26.16,26.5,26.07,26.5,0.4200000000000017,1.610429447852768,30100079.0
600111,2023-03-22,26.66,26.7,26.3,26.45,-0.0500000000000007,-0.1886792452830188,24857407.0
600111,2023-03-23,26.4,26.44,26.21,26.42,-0.0299999999999975,-0.1134215500945057,22691511.0
600111,2023-03-24,26.43,26.45,26.12,26.14,-0.2800000000000011,-1.0598031794095464,23770094.0
600111,2023-03-27,26.28,26.68,26.17,26.38,0.2399999999999984,0.9181331293037333,35872399.0
600111,2023-03-28,26.31,26.38,25.85,25.9,-0.4800000000000004,-1.81956027293404,30258193.0
600111,2023-03-29,25.9,26.09,25.8,25.84,-0.0599999999999987,-0.2316602316602245,18817694.0
600111,2023-03-30,25.8,25.92,25.51,25.9,0.0599999999999987,0.2321981424148633,24270399.0
600111,2023-03-31,25.9,26.22,25.86,26.09,0.1900000000000012,0.7335907335907388,20598889.0
600111,2023-04-03,25.99,26.58,25.92,26.53,0.4400000000000013,1.6864699118436244,38705394.0
600111,2023-04-04,26.52,26.61,26.23,26.35,-0.1799999999999997,-0.6784771956275915,32795764.0
600111,2023-04-06,26.39,27.09,26.1,27.0,0.6499999999999986,2.4667931688804545,56515891.0
600111,2023-04-07,26.9,26.97,26.7,26.79,-0.2100000000000008,-0.7777777777777772,29570373.0
600111,2023-04-10,26.8,26.92,26.48,26.5,-0.2899999999999991,-1.0824934677118314,26675972.0
600111,2023-04-11,26.5,26.95,26.33,26.95,0.4499999999999993,1.6981132075471583,36735715.0
600111,2023-04-12,26.87,27.17,26.75,26.93,-0.0199999999999995,-0.0742115027829282,38106144.0
600111,2023-04-13,26.82,27.5,26.76,26.84,-0.0899999999999998,-0.3341997772001503,49754478.0
600111,2023-04-14,26.79,27.19,26.75,26.94,0.1000000000000014,0.3725782414307099,33574594.0
600111,2023-04-17,26.94,27.45,26.6,27.35,0.4100000000000001,1.5219005196733582,54312690.0
600111,2023-04-18,27.33,27.5,26.8,27.09,-0.2600000000000015,-0.9506398537477256,45622659.0
600111,2023-04-19,26.96,26.99,26.5,26.5,-0.5899999999999999,-2.1779254337393916,40864581.0
600111,2023-04-20,26.43,26.43,25.83,26.12,-0.379999999999999,-1.4339622641509342,34673698.0
600111,2023-04-21,26.11,26.12,25.45,25.48,-0.6400000000000006,-2.450229709035223,36026022.0
600111,2023-04-24,25.47,25.6,25.1,25.19,-0.2899999999999991,-1.1381475667189944,27889286.0
600111,2023-04-25,25.19,25.38,24.64,24.84,-0.3500000000000014,-1.3894402540690851,29558698.0
600111,2023-04-26,24.84,25.25,24.8,25.08,0.2399999999999984,0.9661835748792312,23318243.0
600111,2023-04-27,25.12,25.19,24.8,24.94,-0.139999999999997,-0.5582137161084466,19050565.0
600111,2023-04-28,24.98,25.27,24.98,25.16,0.2199999999999988,0.8821170809943712,21100352.0
600111,2023-05-04,24.85,25.0,24.53,24.75,-0.4100000000000001,-1.6295707472178012,27584834.0
600111,2023-05-05,24.74,24.75,24.08,24.12,-0.629999999999999,-2.5454545454545396,34120806.0
600111,2023-05-08,24.12,24.43,24.09,24.33,0.2099999999999973,0.8706467661691475,26778026.0
600111,2023-05-09,24.28,25.48,23.85,24.99,0.6600000000000001,2.71270036991369,65770679.0
600111,2023-05-10,24.8,25.05,24.59,24.82,-0.1699999999999981,-0.6802721088435271,25264504.0
600111,2023-05-11,24.85,25.14,24.85,24.87,0.0500000000000007,0.2014504431909758,17422358.0
600111,2023-05-12,24.89,24.9,24.35,24.42,-0.4499999999999993,-1.8094089264173665,17475185.0
600111,2023-05-15,24.29,25.08,24.29,25.03,0.6099999999999994,2.4979524979525047,26383940.0
600111,2023-05-16,25.12,25.17,24.83,24.93,-0.1000000000000014,-0.3995205753096309,14331845.0
600111,2023-05-17,24.85,25.09,24.83,24.94,0.0100000000000015,0.0401123144805559,13764206.0
600111,2023-05-18,24.94,25.04,24.46,24.72,-0.2200000000000024,-0.8821170809943935,19929688.0
600111,2023-05-19,24.61,24.72,24.38,24.43,-0.2899999999999991,-1.173139158576053,14542749.0
600111,2023-05-22,24.42,24.6,24.3,24.48,0.0500000000000007,0.2046663937781412,13292356.0
600111,2023-05-23,24.5,24.66,24.4,24.42,-0.0599999999999987,-0.2450980392156854,13897080.0
600111,2023-05-24,24.3,24.52,24.14,24.2,-0.2200000000000024,-0.900900900900914,14651579.0
600111,2023-05-25,24.07,24.26,23.9,24.11,-0.0899999999999998,-0.3719008264462808,18350204.0
600111,2023-05-26,24.11,24.17,23.61,23.9,-0.2100000000000008,-0.8710078805474919,18451175.0
600111,2023-05-29,24.15,24.16,23.66,23.68,-0.2199999999999988,-0.9205020920502016,15093622.0
600111,2023-05-30,23.58,23.81,23.14,23.61,-0.0700000000000002,-0.2956081081081141,22554483.0
600111,2023-05-31,23.57,23.92,23.37,23.86,0.25,1.058873358746304,20218265.0
600111,2023-06-01,23.88,24.2,23.8,23.97,0.1099999999999994,0.4610226320201249,19351846.0
600111,2023-06-02,23.98,24.33,23.97,24.28,0.3100000000000023,1.29328327075513,20627367.0
600111,2023-06-05,24.34,24.34,23.93,24.08,-0.2000000000000028,-0.8237232289950658,14855027.0
600111,2023-06-06,24.06,24.06,23.5,23.5,-0.5799999999999983,-2.408637873754149,19113917.0
600111,2023-06-07,23.51,23.63,23.26,23.42,-0.0799999999999983,-0.3404255319148896,16650193.0
600111,2023-06-08,23.34,23.55,23.26,23.37,-0.0500000000000007,-0.2134927412468013,13866235.0
600111,2023-06-09,23.39,23.9,23.38,23.9,0.5299999999999976,2.267864783910989,23378641.0
600111,2023-06-12,23.68,24.02,23.63,23.83,-0.0700000000000002,-0.292887029288702,15289886.0
600111,2023-06-13,23.77,23.92,23.67,23.75,-0.0799999999999983,-0.3357112882920621,12067939.0
600111,2023-06-14,23.79,23.98,23.71,23.81,0.0599999999999987,0.252631578947371,14939014.0
600111,2023-06-15,23.89,24.3,23.7,24.25,0.4400000000000013,1.8479630407391976,32768357.0
600111,2023-06-16,24.25,24.29,24.08,24.27,0.0199999999999995,0.0824742268041189,20988232.0
600111,2023-06-19,24.27,24.38,24.0,24.02,-0.25,-1.0300782859497315,19751643.0
600111,2023-06-20,24.02,24.17,23.76,23.97,-0.0500000000000007,-0.2081598667776907,18908447.0
600111,2023-06-21,23.85,24.09,23.55,23.56,-0.4100000000000001,-1.7104714226116036,17173262.0
600111,2023-06-26,23.47,23.8,23.39,23.54,-0.0199999999999995,-0.0848896434634927,15344625.0
600111,2023-06-27,23.62,23.87,23.54,23.77,0.2300000000000004,0.977060322854717,13460643.0
600111,2023-06-28,23.8,23.87,23.3,23.68,-0.0899999999999998,-0.3786285233487563,16721401.0
600111,2023-06-29,23.55,24.24,23.53,24.07,0.3900000000000005,1.6469594594594517,25330748.0
600111,2023-06-30,23.98,24.05,23.79,23.98,-0.0899999999999998,-0.3739094308267576,18428788.0
600111,2023-07-03,23.97,24.26,23.95,24.14,0.1600000000000001,0.6672226855713115,24360600.0
600111,2023-07-04,24.66,25.08,24.29,24.32,0.1799999999999997,0.7456503728251906,46666342.0
600111,2023-07-05,24.15,26.68,24.1,26.49,2.169999999999998,8.92269736842104,174318804.0
600111,2023-07-06,26.0,26.0,25.22,25.26,-1.2299999999999969,-4.6432616081540035,104410348.0
600111,2023-07-07,25.11,25.48,24.78,25.2,-0.0600000000000022,-0.2375296912114133,57580182.0
600111,2023-07-10,25.35,25.49,24.92,24.95,-0.25,-0.9920634920634884,34325697.0
600111,2023-07-11,24.91,25.15,24.71,25.08,0.129999999999999,0.5210420841683217,35028753.0
600111,2023-07-12,25.0,25.25,24.78,24.95,-0.129999999999999,-0.5183413078149846,35938605.0
600111,2023-07-13,24.98,25.17,24.95,25.06,0.1099999999999994,0.4408817635270567,26813169.0
600111,2023-07-14,25.01,25.18,24.76,24.77,-0.2899999999999991,-1.157222665602553,24547139.0
600111,2023-07-17,24.35,24.36,23.87,23.87,-0.8999999999999986,-3.6334275333064103,38359459.0
600111,2023-07-18,23.9,24.09,23.8,24.02,0.1499999999999985,0.6284038542103021,16836625.0
600111,2023-07-19,24.0,24.06,23.8,23.99,-0.0300000000000011,-0.1248959200666144,14520918.0
600111,2023-07-20,24.0,24.19,23.9,23.92,-0.0699999999999967,-0.2917882451021092,17693517.0
600111,2023-07-21,23.85,24.0,23.74,23.81,-0.1100000000000029,-0.459866220735794,12956515.0
600111,2023-07-24,23.76,23.89,23.61,23.64,-0.1699999999999981,-0.7139857202855815,14075294.0
600111,2023-07-25,23.76,24.15,23.76,24.12,0.4800000000000004,2.0304568527918843,24606849.0
600111,2023-07-26,24.12,24.15,23.97,24.09,-0.0300000000000011,-0.1243781094527385,14309046.0
600111,2023-07-27,24.1,24.18,23.89,23.92,-0.1699999999999981,-0.7056870070568655,15502905.0
600111,2023-07-28,23.81,24.38,23.77,24.25,0.3299999999999983,1.3795986622073595,29529816.0
600111,2023-07-31,24.35,24.88,24.33,24.68,0.4299999999999997,1.773195876288658,34548284.0
600111,2023-08-01,24.65,24.81,24.51,24.75,0.0700000000000002,0.2836304700162051,24972388.0
600111,2023-08-02,24.75,24.88,24.56,24.61,-0.1400000000000005,-0.5656565656565693,18519465.0
600111,2023-08-03,24.52,24.68,24.44,24.66,0.0500000000000007,0.2031694433157316,13111488.0
600111,2023-08-04,24.7,24.9,24.53,24.65,-0.0100000000000015,-0.0405515004055168,25546639.0
600111,2023-08-07,24.6,25.5,24.5,25.0,0.3500000000000014,1.4198782961460488,51891664.0
600111,2023-08-08,24.9,25.2,24.6,24.92,-0.0799999999999983,-0.319999999999998,27972568.0
600111,2023-08-09,24.82,25.33,24.76,24.92,0.0,0.0,26040602.0
600111,2023-08-10,24.92,25.05,24.7,24.8,-0.120000000000001,-0.4815409309791407,14962940.0
600111,2023-08-11,24.81,24.93,24.26,24.26,-0.5399999999999991,-2.1774193548387055,19480211.0
600111,2023-08-14,24.09,24.2,23.85,24.07,-0.1900000000000012,-0.7831821929101479,16265408.0
600111,2023-08-15,24.07,24.19,23.7,23.9,-0.1700000000000017,-0.7062733693394385,15474322.0
600111,2023-08-16,23.81,23.96,23.52,23.52,-0.379999999999999,-1.5899581589958078,20646847.0
600111,2023-08-17,23.52,23.8,23.3,23.73,0.2100000000000008,0.8928571428571397,14384019.0
600111,2023-08-18,23.77,23.78,23.38,23.39,-0.3399999999999998,-1.432785503581968,15072531.0
600111,2023-08-21,23.3,23.48,23.04,23.04,-0.3500000000000014,-1.4963659683625563,16042494.0
600111,2023-08-22,23.06,23.24,22.22,22.74,-0.3000000000000007,-1.302083333333337,29012823.0
600111,2023-08-23,22.72,22.72,21.92,21.97,-0.7699999999999996,-3.386103781882144,22886960.0
600111,2023-08-24,22.0,22.37,21.85,22.04,0.0700000000000002,0.318616294947649,17646034.0
600111,2023-08-25,22.0,22.14,21.41,21.53,-0.509999999999998,-2.3139745916515353,22702881.0
600111,2023-08-28,22.86,22.95,21.87,22.02,0.4899999999999984,2.275894101254061,34107022.0
600111,2023-08-29,22.01,22.57,21.96,22.43,0.4100000000000001,1.8619436875567663,22794426.0
600111,2023-08-30,22.44,22.64,22.26,22.33,-0.1000000000000014,-0.4458314757021964,17157982.0
600111,2023-08-31,22.32,22.35,21.95,22.08,-0.25,-1.1195700850873291,14321071.0
600111,2023-09-01,22.1,22.45,22.06,22.36,0.2800000000000011,1.26811594202898,14705814.0
600111,2023-09-04,22.4,23.14,22.4,22.98,0.620000000000001,2.7728085867620766,43906402.0
600111,2023-09-05,22.91,23.13,22.71,22.97,-0.0100000000000015,-0.0435161009573636,26881224.0
600111,2023-09-06,22.8,22.88,22.72,22.87,-0.0999999999999978,-0.4353504571179667,15509287.0
600111,2023-09-07,22.88,22.93,22.45,22.45,-0.4200000000000017,-1.8364669873196404,15461764.0
600111,2023-09-08,22.43,22.54,22.1,22.17,-0.2799999999999976,-1.247216035634735,15107433.0
600111,2023-09-11,22.22,22.55,22.17,22.41,0.2399999999999984,1.0825439783491042,14597957.0
600111,2023-09-12,22.48,22.65,22.32,22.38,-0.0300000000000011,-0.1338688085676054,13043210.0
600111,2023-09-13,22.38,22.5,22.04,22.23,-0.1499999999999985,-0.6702412868632601,13127651.0
600111,2023-09-14,22.23,22.33,22.07,22.17,-0.0599999999999987,-0.2699055330634192,11647801.0
600111,2023-09-15,22.22,22.44,22.04,22.12,-0.0500000000000007,-0.2255299954894041,15488280.0
600111,2023-09-18,22.12,22.65,22.01,22.46,0.3399999999999998,1.5370705244122984,23981746.0
600111,2023-09-19,22.45,22.46,22.13,22.17,-0.2899999999999991,-1.291184327693673,12964076.0
600111,2023-09-20,22.15,22.15,21.8,21.84,-0.3300000000000018,-1.4884979702300516,14181908.0
600111,2023-09-21,21.75,21.94,21.6,21.61,-0.2300000000000004,-1.0531135531135605,13164850.0
600111,2023-09-22,21.6,22.08,21.46,22.06,0.4499999999999993,2.0823692734844856,19518349.0
600111,2023-09-25,22.06,22.07,21.75,21.77,-0.2899999999999991,-1.3145965548504002,12799291.0
600111,2023-09-26,21.79,21.85,21.58,21.64,-0.129999999999999,-0.5971520440973821,11207237.0
600111,2023-09-27,21.65,21.92,21.57,21.79,0.1499999999999985,0.6931608133086797,13358669.0
600111,2023-09-28,21.8,21.94,21.75,21.79,0.0,0.0,11787985.0
600111,2023-10-09,21.79,21.85,21.57,21.61,-0.1799999999999997,-0.8260670032124828,13405338.0
600111,2023-10-10,21.65,21.96,21.65,21.73,0.120000000000001,0.555298472929211,13293852.0
600111,2023-10-11,21.82,21.92,21.65,21.81,0.0799999999999983,0.3681546249424627,14214270.0
600111,2023-10-12,21.9,22.24,21.82,22.18,0.370000000000001,1.6964695093993676,23827538.0
600111,2023-10-13,22.0,22.05,21.83,22.0,-0.1799999999999997,-0.8115419296663595,15039347.0
600111,2023-10-16,22.01,22.05,21.55,21.66,-0.3399999999999998,-1.54545454545455,17530137.0
600111,2023-10-17,21.83,21.87,21.62,21.69,0.0300000000000011,0.1385041551246635,10428811.0
600111,2023-10-18,21.66,21.67,21.15,21.15,-0.5400000000000027,-2.489626556016611,17931920.0
600111,2023-10-19,21.08,21.35,20.89,20.91,-0.2399999999999984,-1.134751773049636,16802959.0
600111,2023-10-20,20.82,21.1,20.75,20.85,-0.0599999999999987,-0.2869440459110417,16448379.0
600111,2023-10-23,20.72,20.74,19.77,20.0,-0.8500000000000014,-4.076738609112718,27251344.0
600111,2023-10-24,19.88,21.55,19.32,20.64,0.6400000000000006,3.200000000000003,59088932.0
600111,2023-10-25,20.18,20.5,20.08,20.32,-0.3200000000000003,-1.5503875968992276,24544084.0
600111,2023-10-26,20.29,20.62,19.95,20.52,0.1999999999999993,0.9842519685039351,25698795.0
600111,2023-10-27,20.48,20.86,20.3,20.76,0.240000000000002,1.1695906432748648,25749176.0
600111,2023-10-30,20.68,21.04,20.66,20.91,0.1499999999999985,0.7225433526011571,20779714.0
600111,2023-10-31,20.91,21.04,20.72,20.9,-0.0100000000000015,-0.0478240076518532,20275972.0
600111,2023-11-01,20.98,20.98,20.71,20.8,-0.0999999999999978,-0.4784688995215225,14434601.0
600111,2023-11-02,20.79,20.99,20.68,20.68,-0.120000000000001,-0.576923076923086,14459698.0
600111,2023-11-03,20.72,21.22,20.72,21.08,0.3999999999999986,1.934235976789167,24699434.0
600111,2023-11-06,21.53,21.74,21.15,21.56,0.4800000000000004,2.2770398481973375,41002328.0
600111,2023-11-07,21.48,21.7,21.36,21.59,0.0300000000000011,0.139146567718007,24214663.0
600111,2023-11-08,21.52,21.56,21.25,21.38,-0.2100000000000008,-0.9726725335803654,17485511.0
600111,2023-11-09,21.35,21.49,21.25,21.27,-0.1099999999999994,-0.5144995322731494,13751627.0
600111,2023-11-10,21.23,21.38,21.11,21.19,-0.0799999999999983,-0.3761165961447932,12779221.0
600111,2023-11-13,21.19,21.3,21.11,21.24,0.0499999999999971,0.2359603586597369,10723042.0
600111,2023-11-14,21.25,21.45,21.13,21.21,-0.0299999999999975,-0.1412429378530921,14070280.0
600111,2023-11-15,21.38,21.5,21.35,21.47,0.259999999999998,1.225836869401209,20998014.0
600111,2023-11-16,21.4,21.44,21.07,21.07,-0.3999999999999986,-1.8630647414997648,15285849.0
600111,2023-11-17,21.05,21.14,20.95,21.12,0.0500000000000007,0.2373042240152001,11521523.0
600111,2023-11-20,21.12,21.32,20.9,21.29,0.1699999999999981,0.8049242424242431,16712437.0
600111,2023-11-21,21.33,21.49,21.08,21.1,-0.1899999999999977,-0.8924377642085424,17856272.0
600111,2023-11-22,21.11,21.14,20.7,20.7,-0.4000000000000021,-1.8957345971564064,16911527.0
600111,2023-11-23,20.69,20.76,20.56,20.74,0.0399999999999991,0.1932367149758418,13630611.0
600111,2023-11-24,20.7,20.74,20.39,20.4,-0.3399999999999998,-1.6393442622950838,13287727.0
600111,2023-11-27,20.37,20.46,20.07,20.09,-0.3099999999999987,-1.5196078431372495,18264912.0
600111,2023-11-28,20.09,20.19,19.92,20.18,0.0899999999999998,0.4479840716774541,11745511.0
600111,2023-11-29,20.18,20.26,19.97,20.08,-0.1000000000000014,-0.4955401387512492,12694465.0
600111,2023-11-30,20.06,20.1,19.72,19.84,-0.2399999999999984,-1.195219123505964,17296618.0
600111,2023-12-01,19.84,19.96,19.59,19.88,0.0399999999999991,0.2016129032258007,17294523.0
600111,2023-12-04,19.87,20.13,19.85,20.03,0.1500000000000021,0.7545271629778805,15502338.0
600111,2023-12-05,20.0,20.01,19.6,19.6,-0.4299999999999997,-2.1467798302546193,15248199.0
600111,2023-12-06,19.55,20.14,19.5,19.89,0.2899999999999991,1.479591836734695,25540595.0
600111,2023-12-07,19.81,19.87,19.46,19.7,-0.1900000000000012,-0.9552538964303748,18664473.0
600111,2023-12-08,19.66,19.79,19.58,19.62,-0.0799999999999983,-0.4060913705583702,14863538.0
600111,2023-12-11,19.58,19.7,19.21,19.66,0.0399999999999991,0.2038735983689976,19363038.0
600111,2023-12-12,19.58,19.63,19.46,19.59,-0.0700000000000002,-0.3560528992878953,10196641.0
600111,2023-12-13,19.56,19.57,19.23,19.23,-0.3599999999999994,-1.8376722817764144,13586476.0
600111,2023-12-14,19.38,19.44,18.91,18.91,-0.3200000000000003,-1.6640665626625029,17229288.0
600111,2023-12-15,18.93,19.2,18.85,18.88,-0.0300000000000011,-0.1586462189317905,19223842.0
600111,2023-12-18,18.8,18.87,18.25,18.29,-0.5899999999999999,-3.125,25152946.0
600111,2023-12-19,18.28,18.29,17.72,17.89,-0.3999999999999986,-2.1869874248222954,30880224.0
600111,2023-12-20,17.89,18.08,17.68,17.7,-0.1900000000000012,-1.062045835662384,18232303.0
600111,2023-12-21,17.63,18.11,17.56,18.03,0.3300000000000018,1.8644067796610209,22906374.0
600111,2023-12-22,18.07,18.8,17.91,18.59,0.5599999999999987,3.105934553521905,35665396.0
600111,2023-12-25,18.52,19.1,18.5,19.01,0.4200000000000017,2.259279182356111,29543914.0
600111,2023-12-26,18.97,18.98,18.66,18.78,-0.2300000000000004,-1.2098895318253589,16880615.0
600111,2023-12-27,18.71,18.89,18.51,18.81,0.0299999999999975,0.1597444089456834,14502752.0
600111,2023-12-28,18.78,19.51,18.74,19.41,0.6000000000000014,3.189792663476876,33124311.0
600111,2023-12-29,19.41,19.49,19.31,19.34,-0.0700000000000002,-0.3606388459556964,19720985.0
600111,2024-01-02,19.45,19.54,19.18,19.25,-0.0899999999999998,-0.4653567735263708,15591815.0
600111,2024-01-03,19.16,19.3,18.99,19.18,-0.0700000000000002,-0.363636363636366,17774325.0
600111,2024-01-04,19.11,19.15,18.58,18.76,-0.4199999999999981,-2.1897810218977964,21550914.0
600111,2024-01-05,18.76,18.98,18.38,18.47,-0.2900000000000027,-1.545842217484028,19713608.0
600111,2024-01-08,18.5,18.61,18.07,18.09,-0.379999999999999,-2.0573903627504,16180249.0
600111,2024-01-09,18.09,18.4,17.98,18.27,0.1799999999999997,0.995024875621886,14726807.0
600111,2024-01-10,18.21,18.73,18.08,18.32,0.0500000000000007,0.2736726874657869,19223774.0
600111,2024-01-11,18.27,18.73,18.18,18.55,0.2300000000000004,1.255458515283836,19140488.0
600111,2024-01-12,18.52,18.66,18.33,18.33,-0.2200000000000024,-1.1859838274932757,13910288.0
600111,2024-01-15,18.38,18.4,18.05,18.05,-0.2799999999999976,-1.5275504637206616,13954186.0
600111,2024-01-16,18.05,18.11,17.68,17.99,-0.0600000000000022,-0.3324099722991858,19736390.0
600111,2024-01-17,17.88,17.94,17.5,17.5,-0.4899999999999984,-2.7237354085603016,18323159.0
600111,2024-01-18,17.42,17.66,16.9,17.59,0.0899999999999998,0.5142857142857116,35304292.0
600111,2024-01-19,17.45,17.85,17.4,17.61,0.0199999999999995,0.1137009664582189,19907465.0
600111,2024-01-22,17.57,17.58,16.91,17.04,-0.5700000000000003,-3.236797274275982,24350758.0
600111,2024-01-23,17.03,17.38,16.82,17.23,0.1900000000000012,1.1150234741784004,20372428.0
600111,2024-01-24,17.27,17.58,16.88,17.56,0.3299999999999983,1.9152640742890137,20614472.0
600111,2024-01-25,17.55,18.07,17.49,17.98,0.4200000000000017,2.3917995444191487,26084258.0
600111,2024-01-26,17.88,18.17,17.85,17.9,-0.0800000000000018,-0.444938820912133,21272797.0
600111,2024-01-29,17.98,18.1,17.76,17.78,-0.1199999999999974,-0.6703910614525022,17456792.0
600111,2024-01-30,17.68,17.83,17.22,17.24,-0.5400000000000027,-3.0371203599550256,17213759.0
600111,2024-01-31,17.11,17.39,16.86,16.88,-0.3599999999999994,-2.088167053364265,21215907.0
600111,2024-02-01,16.81,17.14,16.45,16.8,-0.0799999999999983,-0.4739336492890933,20369304.0
600111,2024-02-02,16.82,16.98,15.6,16.26,-0.5399999999999991,-3.214285714285714,30451407.0
600111,2024-02-05,16.2,16.29,15.08,15.81,-0.450000000000001,-2.7675276752767597,38505001.0
600111,2024-02-06,15.75,17.39,15.7,17.39,1.58,9.993674889310554,54745119.0
600111,2024-02-07,17.6,19.12,17.39,18.92,1.5300000000000011,8.798159861989664,95789371.0
600111,2024-02-08,19.23,19.77,18.54,18.7,-0.2200000000000024,-1.1627906976744318,80531637.0
600111,2024-02-19,18.34,18.76,18.18,18.53,-0.1699999999999981,-0.9090909090909038,48036832.0
600111,2024-02-20,18.5,18.5,18.15,18.34,-0.1900000000000012,-1.0253642741500313,32664126.0
600111,2024-02-21,18.17,18.75,18.1,18.4,0.0599999999999987,0.3271537622682618,40289800.0
600111,2024-02-22,18.28,18.65,18.23,18.65,0.25,1.3586956521739024,34798841.0
600111,2024-02-23,18.67,18.67,18.4,18.58,-0.0700000000000002,-0.3753351206434385,28846121.0
600111,2024-02-26,18.58,18.8,18.49,18.53,-0.0499999999999971,-0.2691065662001946,28817878.0
600111,2024-02-27,18.47,18.69,18.31,18.69,0.1600000000000001,0.863464651915824,28572142.0
600111,2024-02-28,18.74,19.45,18.43,18.45,-0.240000000000002,-1.2841091492777013,59524166.0
600111,2024-02-29,18.34,18.85,18.28,18.85,0.4000000000000021,2.168021680216814,36167274.0
600111,2024-03-01,18.9,19.23,18.85,19.07,0.2199999999999988,1.1671087533156488,36542632.0
600111,2024-03-04,19.1,19.34,18.86,18.92,-0.1499999999999985,-0.7865757734661694,30816866.0
600111,2024-03-05,18.83,19.72,18.69,19.14,0.2199999999999988,1.162790697674421,60207282.0
600111,2024-03-06,19.13,19.13,18.75,18.9,-0.240000000000002,-1.2539184952978122,31022241.0
600111,2024-03-07,18.99,20.3,18.91,19.59,0.6900000000000013,3.65079365079366,108454289.0
600111,2024-03-08,19.5,19.64,19.25,19.51,-0.0799999999999983,-0.4083716181725316,48550857.0
600111,2024-03-11,19.52,19.98,19.51,19.81,0.2999999999999971,1.5376729882111695,47990176.0
600111,2024-03-12,19.82,19.85,19.46,19.68,-0.129999999999999,-0.6562342251388187,38627275.0
600111,2024-03-13,19.7,19.9,19.51,19.58,-0.1000000000000014,-0.5081300813008172,34895482.0
600111,2024-03-14,19.65,19.96,19.31,19.48,-0.0999999999999978,-0.5107252298263476,34681864.0
600111,2024-03-15,19.32,19.96,19.13,19.9,0.4199999999999981,2.1560574948665145,52639930.0
600111,2024-03-18,19.88,20.2,19.71,20.09,0.1900000000000012,0.9547738693467478,44035832.0
600111,2024-03-19,19.99,21.15,19.91,20.51,0.4200000000000017,2.0905923344947785,79834595.0
600111,2024-03-20,20.15,20.45,20.12,20.39,-0.120000000000001,-0.5850804485616812,38846488.0
600111,2024-03-21,20.52,20.62,20.2,20.26,-0.129999999999999,-0.6375674350171612,28541235.0
600111,2024-03-22,20.2,20.24,19.55,19.67,-0.5899999999999999,-2.912142152023689,39722665.0
600111,2024-03-25,19.51,19.95,19.5,19.52,-0.1500000000000021,-0.7625826131164359,28453947.0
600111,2024-03-26,19.46,19.6,18.91,19.21,-0.3099999999999987,-1.5881147540983576,33663217.0
600111,2024-03-27,19.23,19.3,18.7,18.73,-0.4800000000000004,-2.498698594482041,21454120.0
600111,2024-03-28,18.72,19.26,18.69,19.09,0.3599999999999994,1.9220501868659976,25117185.0
600111,2024-03-29,19.09,19.57,19.09,19.37,0.2800000000000011,1.4667365112624564,23590048.0
600111,2024-04-01,19.48,20.07,19.47,19.93,0.5599999999999987,2.891068662880736,36741120.0
600111,2024-04-02,19.91,20.28,19.83,20.15,0.2199999999999988,1.1038635223281412,37762910.0
600111,2024-04-03,20.25,21.5,20.08,20.79,0.6400000000000006,3.1761786600496222,99913208.0
600111,2024-04-08,20.81,21.5,20.69,20.71,-0.0799999999999983,-0.3848003848003767,90014451.0
600111,2024-04-09,20.51,21.8,20.45,21.6,0.8900000000000006,4.297440849830991,112714161.0
600111,2024-04-10,21.4,21.4,20.48,20.7,-0.9000000000000021,-4.166666666666674,79139979.0
600111,2024-04-11,20.64,20.88,20.16,20.41,-0.2899999999999991,-1.40096618357487,45968489.0
600111,2024-04-12,20.41,20.58,20.12,20.17,-0.2399999999999984,-1.1758941695247382,34492927.0
600111,2024-04-15,20.05,20.48,19.5,20.29,0.1199999999999974,0.5949429846306309,46116410.0
600111,2024-04-16,20.1,20.72,19.85,19.88,-0.4100000000000001,-2.0206998521439146,50160629.0
600111,2024-04-17,19.88,20.43,19.86,20.4,0.5199999999999996,2.6156941649899457,37135446.0
600111,2024-04-18,20.31,20.5,20.05,20.26,-0.139999999999997,-0.686274509803908,30928577.0
600111,2024-04-19,20.05,20.48,19.87,19.99,-0.2700000000000031,-1.332675222112556,35856146.0
600111,2024-04-22,19.9,20.44,19.83,19.91,-0.0799999999999983,-0.4002001000500188,28677096.0
600111,2024-04-23,19.74,19.74,19.01,19.05,-0.8599999999999994,-4.319437468608733,43769355.0
600111,2024-04-24,19.05,19.68,18.85,19.54,0.4899999999999984,2.57217847769029,33495359.0
600111,2024-04-25,19.42,19.84,19.26,19.63,0.0899999999999998,0.4605936540429844,26343343.0
600111,2024-04-26,19.52,19.93,19.5,19.88,0.25,1.2735608762098891,31377837.0
600111,2024-04-29,19.7,20.08,19.5,19.88,0.0,0.0,38761512.0
600111,2024-04-30,19.75,19.88,19.25,19.3,-0.5799999999999983,-2.917505030181078,38424604.0
600111,2024-05-06,19.47,19.85,19.41,19.67,0.370000000000001,1.9170984455958664,32243975.0
600111,2024-05-07,20.16,20.55,20.06,20.29,0.6199999999999974,3.1520081342145234,53712459.0
600111,2024-05-08,20.18,20.5,19.91,20.23,-0.0599999999999987,-0.2957121734844636,43634807.0
600111,2024-05-09,20.2,20.73,20.19,20.64,0.4100000000000001,2.026693030153237,52636366.0
600111,2024-05-10,20.64,20.82,20.26,20.47,-0.1700000000000017,-0.8236434108527257,33555193.0
600111,2024-05-13,20.41,20.41,20.01,20.18,-0.2899999999999991,-1.4167073766487517,26607135.0
600111,2024-05-14,20.1,20.35,20.0,20.16,-0.0199999999999995,-0.0991080277502498,23197103.0
600111,2024-05-15,20.17,20.29,19.79,19.8,-0.3599999999999994,-1.7857142857142794,26547814.0
600111,2024-05-16,19.96,20.08,19.69,19.75,-0.0500000000000007,-0.2525252525252597,24547004.0
600111,2024-05-17,19.8,19.99,19.65,19.99,0.2399999999999984,1.2151898734177102,23014013.0
600111,2024-05-20,20.08,20.4,20.05,20.39,0.4000000000000021,2.0010005002501385,43981578.0
600111,2024-05-21,20.39,20.44,19.88,19.96,-0.4299999999999997,-2.108876900441392,29919460.0
600111,2024-05-22,19.94,20.19,19.88,19.97,0.009999999999998,0.0501002004007933,22721949.0
600111,2024-05-23,19.82,19.83,19.25,19.29,-0.6799999999999997,-3.405107661492235,31799929.0
600111,2024-05-24,19.25,19.39,19.13,19.15,-0.1400000000000005,-0.7257646448937338,18108955.0
600111,2024-05-27,19.16,19.23,18.87,19.13,-0.0199999999999995,-0.1044386422976439,22552874.0
600111,2024-05-28,19.14,19.35,19.02,19.06,-0.0700000000000002,-0.3659174072138005,18381373.0
600111,2024-05-29,19.07,19.58,19.0,19.39,0.3300000000000018,1.731374606505787,30459375.0
600111,2024-05-30,19.38,19.39,18.97,19.05,-0.3399999999999998,-1.7534811758638469,23617944.0
600111,2024-05-31,19.07,19.15,18.88,18.9,-0.1500000000000021,-0.7874015748031593,16103276.0
600111,2024-06-03,18.86,18.89,18.3,18.4,-0.5,-2.645502645502651,27462636.0
600111,2024-06-04,18.4,18.65,18.28,18.43,0.0300000000000011,0.1630434782608825,18310310.0
600111,2024-06-05,18.39,18.59,18.11,18.34,-0.0899999999999998,-0.4883342376559962,17034136.0
600111,2024-06-06,18.39,18.53,18.07,18.12,-0.2199999999999988,-1.199563794983638,19361629.0
600111,2024-06-07,18.24,18.33,18.0,18.19,0.0700000000000002,0.3863134657836609,17828866.0
600111,2024-06-11,18.08,18.18,17.88,18.16,-0.0300000000000011,-0.1649257833974737,15262380.0
600111,2024-06-12,18.16,18.35,18.12,18.2,0.0399999999999991,0.2202643171806073,16500070.0
600111,2024-06-13,18.28,18.28,17.88,18.0,-0.1999999999999993,-1.098901098901095,22121958.0
600111,2024-06-14,17.91,18.07,17.74,17.97,-0.0300000000000011,-0.1666666666666705,39490992.0
600111,2024-06-17,17.88,18.15,17.84,17.87,-0.0999999999999978,-0.5564830272676513,23181332.0
600111,2024-06-18,17.88,18.42,17.85,18.1,0.2300000000000004,1.2870733072188,28612647.0
600111,2024-06-19,18.1,18.34,17.83,17.84,-0.2600000000000015,-1.436464088397793,24444766.0
600111,2024-06-20,17.84,17.84,17.28,17.3,-0.5399999999999991,-3.0269058295964046,28889727.0
600111,2024-06-21,17.26,17.36,17.1,17.17,-0.129999999999999,-0.7514450867051936,16554171.0
600111,2024-06-24,17.14,17.14,16.75,16.91,-0.2600000000000015,-1.5142690739662346,22770133.0
600111,2024-06-25,16.95,17.09,16.75,16.88,-0.0300000000000011,-0.1774098166765325,16165824.0
600111,2024-06-26,16.8,17.28,16.66,17.23,0.3500000000000014,2.073459715639814,19431992.0
600111,2024-06-27,17.17,17.26,16.96,16.97,-0.2600000000000015,-1.5089959373186357,14555594.0
600111,2024-06-28,16.95,17.29,16.94,17.2,0.2300000000000004,1.3553329404832004,22217181.0
600111,2024-07-01,18.06,18.3,17.8,18.03,0.8300000000000018,4.825581395348855,66060209.0
600111,2024-07-02,17.89,17.9,17.5,17.55,-0.4800000000000004,-2.66222961730449,33475390.0
600111,2024-07-03,17.49,17.59,17.27,17.39,-0.1600000000000001,-0.911680911680912,18707716.0
600111,2024-07-04,17.44,17.55,16.94,16.98,-0.4100000000000001,-2.357676825761934,19471649.0
600111,2024-07-05,16.92,17.29,16.75,17.25,0.2699999999999996,1.590106007067127,19895392.0
600111,2024-07-08,17.25,17.4,16.86,16.96,-0.2899999999999991,-1.681159420289846,18611225.0
600111,2024-07-09,16.89,17.18,16.69,17.12,0.1600000000000001,0.9433962264151052,19192140.0
600111,2024-07-10,17.07,17.37,17.01,17.02,-0.1000000000000014,-0.5841121495327228,18301940.0
600111,2024-07-11,17.19,17.56,17.19,17.5,0.4800000000000004,2.820211515863691,27060760.0
600111,2024-07-12,17.36,17.39,16.88,16.95,-0.5500000000000007,-3.1428571428571472,39979687.0
600111,2024-07-15,16.86,17.01,16.7,16.93,-0.0199999999999995,-0.1179941002949824,17138959.0
600111,2024-07-16,16.8,17.08,16.8,17.08,0.1499999999999985,0.8860011813349056,17176491.0
600111,2024-07-17,17.01,17.13,16.91,17.02,-0.0599999999999987,-0.3512880562060783,14829938.0
600111,2024-07-18,17.0,17.15,16.78,17.12,0.1000000000000014,0.5875440658049458,17796055.0
600111,2024-07-19,17.09,17.5,16.9,17.42,0.3000000000000007,1.7523364485981352,32417761.0
600111,2024-07-22,17.3,17.79,17.3,17.62,0.1999999999999993,1.148105625717566,27772052.0
600111,2024-07-23,17.54,17.62,17.06,17.07,-0.5500000000000007,-3.121452894438137,18786837.0
600111,2024-07-24,17.06,17.15,16.87,16.94,-0.129999999999999,-0.7615700058582253,15351270.0
600111,2024-07-25,16.92,17.14,16.83,16.98,0.0399999999999991,0.2361275088547776,13835009.0
600111,2024-07-26,16.97,17.29,16.96,17.24,0.259999999999998,1.5312131919905658,13919333.0
600111,2024-07-29,17.24,17.26,17.08,17.09,-0.1499999999999985,-0.8700696055684354,9996205.0
600111,2024-07-30,17.05,17.17,16.92,17.15,0.0599999999999987,0.3510825043885335,10555490.0
600111,2024-07-31,17.14,17.53,17.14,17.48,0.3300000000000018,1.9241982507288704,25755253.0
600111,2024-08-01,17.51,17.65,17.33,17.43,-0.0500000000000007,-0.2860411899313519,20422604.0
600111,2024-08-02,17.32,17.58,17.26,17.47,0.0399999999999991,0.2294893861158886,18497745.0
600111,2024-08-05,17.4,17.73,17.14,17.18,-0.2899999999999991,-1.659988551803082,23568300.0
600111,2024-08-06,17.25,17.47,17.17,17.32,0.1400000000000005,0.8149010477299212,14707366.0
600111,2024-08-07,17.33,17.35,17.19,17.21,-0.1099999999999994,-0.6351039260969915,10890330.0
600111,2024-08-08,17.15,17.15,16.86,17.04,-0.1700000000000017,-0.9877977919814152,16624356.0
600111,2024-08-09,17.05,17.15,16.92,16.93,-0.1099999999999994,-0.6455399061032874,10178732.0
600111,2024-08-12,16.91,16.96,16.81,16.82,-0.1099999999999994,-0.6497341996455908,9216397.0
600111,2024-08-13,16.85,16.95,16.77,16.92,0.1000000000000014,0.5945303210463715,9807703.0
600111,2024-08-14,16.91,16.95,16.8,16.85,-0.0700000000000002,-0.4137115839243477,7091244.0
600111,2024-08-15,16.82,17.08,16.72,16.97,0.1199999999999974,0.7121661721068095,12710880.0
600111,2024-08-16,16.99,17.08,16.9,16.94,-0.0299999999999975,-0.1767825574543136,8589448.0
600111,2024-08-19,16.95,17.11,16.92,16.95,0.009999999999998,0.0590318772136777,9095266.0
600111,2024-08-20,16.99,17.1,16.82,16.93,-0.0199999999999995,-0.1179941002949824,10939168.0
600111,2024-08-21,16.93,17.05,16.8,16.96,0.0300000000000011,0.1772002362669944,9651909.0
600111,2024-08-22,16.95,17.0,16.72,16.78,-0.1799999999999997,-1.0613207547169767,11049007.0
600111,2024-08-23,16.75,16.75,16.27,16.28,-0.5,-2.979737783075087,18413155.0
600111,2024-08-26,16.29,16.7,16.29,16.62,0.3399999999999998,2.0884520884520974,15426704.0
600111,2024-08-27,16.52,16.6,16.16,16.23,-0.3900000000000005,-2.3465703971119134,14613221.0
600111,2024-08-28,16.18,16.38,16.17,16.28,0.0500000000000007,0.3080714725816502,8690233.0
600111,2024-08-29,16.27,16.87,16.2,16.67,0.3900000000000005,2.3955773955774085,20753443.0
600111,2024-08-30,16.6,16.96,16.59,16.82,0.1499999999999985,0.8998200359927822,19532221.0
600111,2024-09-02,16.76,16.92,16.61,16.72,-0.1000000000000014,-0.5945303210463826,13517076.0
600111,2024-09-03,16.74,17.16,16.74,16.94,0.2200000000000024,1.3157894736842255,18586253.0
600111,2024-09-04,16.93,17.01,16.73,16.83,-0.1100000000000029,-0.6493506493506662,11599730.0
600111,2024-09-05,16.9,17.12,16.86,16.94,0.1100000000000029,0.65359477124185,10235092.0
600111,2024-09-06,16.94,17.03,16.75,16.75,-0.1900000000000012,-1.1216056670602217,7731161.0
600111,2024-09-09,16.7,16.88,16.54,16.59,-0.1600000000000001,-0.9552238805970116,12149100.0
600111,2024-09-10,16.58,16.79,16.26,16.44,-0.1499999999999985,-0.9041591320072206,17672664.0
600111,2024-09-11,16.33,16.74,16.3,16.64,0.1999999999999993,1.2165450121654375,16344130.0
600111,2024-09-12,16.61,16.72,16.39,16.45,-0.1900000000000012,-1.1418269230769271,11554143.0
600111,2024-09-13,16.44,16.55,16.16,16.16,-0.2899999999999991,-1.762917933130692,11910193.0
600111,2024-09-18,16.18,16.26,15.97,16.08,-0.0800000000000018,-0.4950495049505066,11472530.0
600111,2024-09-19,16.16,16.64,15.98,16.6,0.5200000000000031,3.2338308457711573,22461620.0
600111,2024-09-20,16.6,16.65,16.44,16.64,0.0399999999999991,0.2409638554216719,13662601.0
600111,2024-09-23,16.57,16.77,16.54,16.54,-0.1000000000000014,-0.6009615384615419,8571249.0
600111,2024-09-24,16.64,17.03,16.55,17.02,0.4800000000000004,2.90205562273278,26740016.0
600111,2024-09-25,17.18,17.54,17.09,17.12,0.1000000000000014,0.5875440658049458,35787999.0
600111,2024-09-26,17.12,17.7,17.06,17.7,0.5799999999999983,3.3878504672897103,36455202.0
600111,2024-09-27,18.0,18.76,18.0,18.75,1.0500000000000007,5.932203389830515,51727479.0
600111,2024-09-30,19.79,20.63,19.79,20.63,1.879999999999999,10.02666666666665,131227549.0
600111,2024-10-08,22.69,22.69,21.34,22.37,1.740000000000002,8.434318952981101,181006056.0
600111,2024-10-09,22.3,22.3,20.24,20.25,-2.120000000000001,-9.476978095663837,119556825.0
600111,2024-10-10,20.15,21.26,19.91,20.59,0.3399999999999998,1.6790123456790207,76454720.0
600111,2024-10-11,20.54,20.62,19.73,19.9,-0.6900000000000013,-3.3511413307430904,46005069.0
600111,2024-10-14,19.9,20.16,19.56,19.97,0.0700000000000002,0.3517587939698474,46251305.0
600111,2024-10-15,19.88,19.97,19.34,19.36,-0.6099999999999994,-3.0545818728092144,40841554.0
600111,2024-10-16,19.18,19.39,18.93,19.09,-0.2699999999999996,-1.394628099173556,37767391.0
600111,2024-10-17,19.13,19.38,18.76,18.77,-0.3200000000000003,-1.676270298585647,36279007.0
600111,2024-10-18,18.76,19.67,18.6,19.3,0.5300000000000011,2.823654768247219,57908256.0
600111,2024-10-21,19.29,20.23,19.29,19.9,0.5999999999999979,3.1088082901554293,71409769.0
600111,2024-10-22,20.04,20.41,19.88,20.0,0.1000000000000014,0.5025125628140836,59086768.0
600111,2024-10-23,20.0,20.7,19.85,20.38,0.379999999999999,1.8999999999999904,67916778.0
600111,2024-10-24,20.26,20.51,19.98,20.02,-0.3599999999999994,-1.7664376840039189,34947892.0
600111,2024-10-25,20.0,21.63,19.96,21.16,1.1400000000000006,5.69430569430569,119734444.0
600111,2024-10-28,20.97,21.6,20.87,21.33,0.1699999999999981,0.8034026465028266,69962255.0
600111,2024-10-29,21.36,21.47,20.84,20.93,-0.3999999999999986,-1.875293014533519,63374087.0
600111,2024-10-30,21.12,21.55,20.9,21.12,0.1900000000000012,0.907787864309606,63515746.0
600111,2024-10-31,20.93,21.85,20.82,21.46,0.3399999999999998,1.6098484848484862,96280062.0
600111,2024-11-01,21.61,23.61,21.61,23.61,2.1499999999999986,10.018639328984149,126024403.0
600111,2024-11-04,24.88,25.26,23.17,23.85,0.240000000000002,1.016518424396451,301919577.0
600111,2024-11-05,23.18,26.2,23.01,25.59,1.7399999999999984,7.295597484276728,269028827.0
600111,2024-11-06,25.39,27.54,24.6,26.65,1.0599999999999987,4.142243063696749,309642891.0
600111,2024-11-07,26.75,27.85,25.86,26.61,-0.0399999999999991,-0.1500938086303915,239959380.0
600111,2024-11-08,26.61,27.15,25.8,25.83,-0.7800000000000011,-2.931228861330326,205043935.0
600111,2024-11-11,25.41,26.1,25.28,25.83,0.0,0.0,128002988.0
600111,2024-11-12,25.84,26.17,24.96,25.16,-0.6699999999999982,-2.5938830816879532,126290965.0
600111,2024-11-13,25.13,26.4,25.07,25.55,0.3900000000000005,1.5500794912559623,123152364.0
600111,2024-11-14,25.18,25.32,24.1,24.13,-1.4200000000000017,-5.557729941291589,114562153.0
600111,2024-11-15,24.09,24.24,23.31,23.32,-0.8099999999999987,-3.3568172399502605,81232752.0
600111,2024-11-18,23.3,23.55,22.6,22.81,-0.5100000000000016,-2.1869639794168116,70306302.0
600111,2024-11-19,22.93,23.35,22.52,23.21,0.4000000000000021,1.7536168347216163,66597990.0
600111,2024-11-20,23.22,23.58,23.1,23.42,0.2100000000000008,0.9047824213701094,61055326.0
600111,2024-11-21,23.41,23.56,23.05,23.26,-0.1600000000000001,-0.6831767719897575,48746178.0
600111,2024-11-22,23.35,24.58,22.71,23.63,0.3699999999999974,1.5907136715391124,140958672.0
600111,2024-11-25,23.4,23.8,22.78,23.03,-0.5999999999999979,-2.5391451544646504,80640920.0
600111,2024-11-26,22.97,23.75,22.78,22.79,-0.240000000000002,-1.042118975249684,49606938.0
600111,2024-11-27,22.61,22.95,21.95,22.94,0.1500000000000021,0.6581834137779907,65262405.0
600111,2024-11-28,22.86,22.93,22.5,22.53,-0.4100000000000001,-1.7872711421098475,38929869.0
600111,2024-11-29,22.5,23.07,22.34,22.85,0.3200000000000003,1.420328450954278,52019746.0
600111,2024-12-02,22.7,23.38,22.68,23.35,0.5,2.188183807439814,61800629.0
600111,2024-12-03,23.38,23.85,23.26,23.46,0.1099999999999994,0.471092077087798,72499347.0
600111,2024-12-04,23.98,24.15,23.37,23.51,0.0500000000000007,0.2131287297527651,69222407.0
600111,2024-12-05,23.25,23.28,22.96,23.08,-0.4300000000000032,-1.8290089323692136,47922830.0
600111,2024-12-06,23.07,23.24,22.84,23.17,0.0900000000000034,0.3899480069324168,39808774.0
600111,2024-12-09,23.17,23.36,22.73,22.88,-0.2900000000000027,-1.2516184721622858,37710963.0
600111,2024-12-10,23.36,23.47,22.95,22.96,0.0800000000000018,0.3496503496503544,54707776.0
600111,2024-12-11,22.88,23.13,22.8,23.02,0.0599999999999987,0.2613240418118501,28148649.0
600111,2024-12-12,23.02,23.1,22.7,22.96,-0.0599999999999987,-0.2606429192006931,33999842.0
600111,2024-12-13,22.8,22.87,22.33,22.38,-0.5800000000000018,-2.5261324041811917,40462760.0
600111,2024-12-16,22.37,22.37,22.0,22.07,-0.3099999999999987,-1.3851653261840902,28040699.0
600111,2024-12-17,22.08,22.33,22.02,22.03,-0.0399999999999991,-0.1812415043044857,27764151.0
600111,2024-12-18,22.04,22.2,22.0,22.09,0.0599999999999987,0.2723558783477076,20580023.0
600111,2024-12-19,21.97,22.22,21.68,22.2,0.1099999999999994,0.4979628791308199,26698799.0
600111,2024-12-20,22.2,22.35,22.04,22.05,-0.1499999999999985,-0.6756756756756688,31762038.0
600111,2024-12-23,22.12,22.15,21.7,21.8,-0.25,-1.13378684807256,27201156.0
600111,2024-12-24,21.8,21.99,21.75,21.92,0.120000000000001,0.5504587155963359,18059799.0
600111,2024-12-25,21.93,21.93,21.42,21.55,-0.370000000000001,-1.6879562043795704,22983105.0
600111,2024-12-26,21.5,21.87,21.5,21.67,0.120000000000001,0.5568445475638173,17456258.0
600111,2024-12-27,21.66,21.91,21.59,21.64,-0.0300000000000011,-0.138440239963089,21810424.0
600111,2024-12-30,21.66,21.85,21.65,21.78,0.1400000000000005,0.6469500924214389,19440912.0
600111,2024-12-31,21.77,21.8,21.22,21.22,-0.5600000000000023,-2.5711662075298514,27385676.0
600111,2025-01-02,21.23,21.29,20.26,20.49,-0.7300000000000004,-3.4401508011310145,41625570.0
600111,2025-01-03,20.56,21.03,20.25,20.33,-0.1600000000000001,-0.7808687164470474,36219999.0
600111,2025-01-06,20.27,21.25,20.26,20.82,0.490000000000002,2.410231185440237,48394110.0
600111,2025-01-07,20.99,22.2,20.82,21.47,0.6499999999999986,3.121998078770405,71226050.0
600111,2025-01-08,21.23,21.35,20.53,21.04,-0.4299999999999997,-2.002794597112245,42595706.0
600111,2025-01-09,20.95,21.44,20.95,21.16,0.120000000000001,0.5703422053231932,33778083.0
600111,2025-01-10,21.3,21.68,20.92,21.14,-0.0199999999999995,-0.0945179584120992,45910118.0
600111,2025-01-13,20.93,21.53,20.8,21.31,0.1699999999999981,0.8041627246925254,39264469.0
600111,2025-01-14,21.37,22.1,21.07,22.08,0.7699999999999996,3.613327076489914,63156919.0
600111,2025-01-15,22.08,22.18,21.61,21.89,-0.1899999999999977,-0.860507246376796,44070969.0
600111,2025-01-16,21.9,22.15,21.66,21.89,0.0,0.0,38443683.0
600111,2025-01-17,21.85,22.09,21.58,21.97,0.0799999999999983,0.3654636820465962,37625527.0
600111,2025-01-20,22.0,22.0,21.35,21.4,-0.5700000000000003,-2.5944469731452036,47882563.0
600111,2025-01-21,21.44,21.5,20.8,21.16,-0.2399999999999984,-1.121495327102795,36362984.0
600111,2025-01-22,21.01,21.28,20.95,21.06,-0.1000000000000014,-0.472589792060496,20150090.0
600111,2025-01-23,21.2,21.9,21.2,21.29,0.2300000000000004,1.0921177587844166,46283375.0
600111,2025-01-24,21.23,21.58,21.19,21.53,0.240000000000002,1.1272898074213389,28130952.0
600111,2025-01-27,21.53,21.62,21.05,21.05,-0.4800000000000004,-2.22944728286113,25094300.0
600111,2025-02-05,21.46,21.83,21.27,21.63,0.5799999999999983,2.7553444180522524,45746955.0
600111,2025-02-06,21.65,23.79,21.55,23.42,1.7900000000000027,8.275543226999549,134148838.0
600111,2025-02-07,23.2,23.43,22.9,23.11,-0.3100000000000023,-1.3236549957301502,89330666.0
600111,2025-02-10,23.12,23.3,22.83,23.26,0.1500000000000021,0.6490696668109086,57247280.0
600111,2025-02-11,23.19,23.36,22.95,23.1,-0.1600000000000001,-0.6878761822871837,44503540.0
600111,2025-02-12,23.05,23.05,22.7,23.02,-0.0800000000000018,-0.3463203463203501,45649060.0
600111,2025-02-13,22.93,23.18,22.62,22.68,-0.3399999999999998,-1.476976542137276,39960799.0
600111,2025-02-14,22.62,23.0,22.6,22.75,0.0700000000000002,0.3086419753086433,31577021.0
600111,2025-02-17,22.65,22.91,22.42,22.89,0.1400000000000005,0.6153846153846176,37508396.0
600111,2025-02-18,22.88,22.94,22.45,22.51,-0.379999999999999,-1.660113586719092,38055303.0
600111,2025-02-19,22.5,23.09,22.47,22.98,0.4699999999999988,2.087960906263886,47695118.0
600111,2025-02-20,23.41,23.85,23.13,23.33,0.3499999999999978,1.523063533507396,106919689.0
600111,2025-02-21,23.2,23.4,23.04,23.14,-0.1899999999999977,-0.8144020574367694,51159479.0
600111,2025-02-24,23.16,23.36,22.95,23.06,-0.0800000000000018,-0.345721694036305,41120282.0
600111,2025-02-25,22.9,23.05,22.75,22.8,-0.259999999999998,-1.1274934952298254,34793656.0
600111,2025-02-26,22.76,22.91,22.66,22.81,0.009999999999998,0.0438596491227905,35234601.0
600111,2025-02-27,22.81,23.02,22.25,22.58,-0.2300000000000004,-1.0083296799649255,41739682.0
600111,2025-02-28,22.5,22.72,22.24,22.37,-0.2099999999999973,-0.93002657218777,37929180.0
600111,2025-03-03,22.86,23.38,22.82,23.0,0.629999999999999,2.81627179257935,70695192.0
600111,2025-03-04,23.01,23.3,22.83,23.09,0.0899999999999998,0.3913043478260825,52887755.0
600111,2025-03-05,23.09,23.09,22.5,22.75,-0.3399999999999998,-1.4724989172802072,41588703.0
600111,2025-03-06,22.75,23.06,22.65,22.94,0.1900000000000012,0.8351648351648366,45359518.0
600111,2025-03-07,22.86,23.55,22.81,23.16,0.2199999999999988,0.959023539668702,70272444.0
600111,2025-03-10,23.28,23.38,22.94,23.12,-0.0399999999999991,-0.1727115716752991,37936996.0
600111,2025-03-11,22.92,24.07,22.8,24.05,0.9299999999999996,4.022491349480961,127911961.0
600111,2025-03-12,23.89,23.9,23.4,23.46,-0.5899999999999999,-2.453222453222448,76361591.0
600111,2025-03-13,23.38,23.54,23.11,23.27,-0.1900000000000012,-0.8098891730605295,40373696.0
600111,2025-03-14,23.49,23.65,23.24,23.51,0.240000000000002,1.0313708637731178,53724737.0
600111,2025-03-17,23.59,23.61,23.28,23.5,-0.0100000000000015,-0.0425350914504574,32742965.0
600111,2025-03-18,23.51,23.87,23.46,23.59,0.0899999999999998,0.3829787234042481,45648085.0
600111,2025-03-19,23.58,23.72,23.21,23.57,-0.0199999999999995,-0.0847816871555773,37927457.0
600111,2025-03-20,23.46,23.63,23.23,23.25,-0.3200000000000003,-1.3576580398812044,28862648.0
600111,2025-03-21,23.22,23.23,22.45,22.54,-0.7100000000000009,-3.0537634408602132,44384244.0
600111,2025-03-24,22.4,22.75,22.35,22.67,0.1300000000000025,0.5767524401064872,26458007.0
600111,2025-03-25,22.7,22.99,22.59,22.87,0.1999999999999993,0.8822232024702226,25834646.0
600111,2025-03-26,22.89,23.44,22.85,23.34,0.4699999999999988,2.0550940096195847,47981505.0
600111,2025-03-27,23.24,23.52,23.1,23.3,-0.0399999999999991,-0.1713796058269046,30009983.0
600111,2025-03-28,23.3,23.44,22.8,23.18,-0.120000000000001,-0.5150214592274716,37650542.0
600111,2025-03-31,23.2,23.2,22.52,22.66,-0.5199999999999996,-2.2433132010353685,29946589.0
600111,2025-04-01,22.6,22.86,22.59,22.82,0.1600000000000001,0.7060900264783676,17191356.0
600111,2025-04-02,22.78,22.96,22.68,22.72,-0.1000000000000014,-0.4382120946538226,16345454.0
600111,2025-04-03,22.9,23.13,22.71,22.89,0.1700000000000017,0.7482394366197243,31069460.0
600111,2025-04-07,22.95,25.0,21.2,22.77,-0.120000000000001,-0.5242463958060384,172711378.0
600111,2025-04-08,22.39,24.02,21.26,23.94,1.1700000000000017,5.138339920948631,172273964.0
600111,2025-04-09,24.19,25.76,23.46,25.3,1.3599999999999994,5.680868838763575,218420903.0
600111,2025-04-10,25.19,25.68,24.37,24.95,-0.3500000000000014,-1.3833992094861691,181979815.0
600111,2025-04-11,25.35,25.4,24.28,24.72,-0.2300000000000004,-0.921843687374746,121043394.0
600111,2025-04-14,24.4,24.82,24.13,24.38,-0.3399999999999998,-1.3754045307443397,89414528.0
600111,2025-04-15,24.41,24.49,23.86,24.04,-0.3399999999999998,-1.3945857260049266,60313987.0
600111,2025-04-16,24.12,24.4,23.95,24.32,0.2800000000000011,1.1647254575707144,58916225.0
600111,2025-04-17,24.33,24.36,23.86,24.02,-0.3000000000000007,-1.2335526315789491,53404457.0
600111,2025-04-18,23.81,23.84,23.26,23.55,-0.4699999999999988,-1.9567027477102372,53395477.0
600111,2025-04-21,23.4,23.6,23.32,23.57,0.0199999999999995,0.0849256900212314,33345419.0
600111,2025-04-22,23.59,23.6,23.15,23.16,-0.4100000000000001,-1.7394993635977962,42184988.0
600111,2025-04-23,23.16,23.73,23.16,23.5,0.3399999999999998,1.4680483592400595,48967030.0
600111,2025-04-24,23.6,23.69,23.0,23.0,-0.5,-2.127659574468088,40608623.0
600111,2025-04-25,23.0,23.34,22.92,23.14,0.1400000000000005,0.6086956521739184,28750466.0
600111,2025-04-28,23.3,23.6,23.24,23.42,0.2800000000000011,1.2100259291270676,41242169.0
600111,2025-04-29,23.45,23.45,23.13,23.24,-0.1800000000000032,-0.7685738684884869,22850964.0
600111,2025-04-30,23.45,23.55,23.25,23.29,0.0500000000000007,0.2151462994836483,30329775.0
600111,2025-05-06,23.73,24.83,23.72,24.57,1.2800000000000011,5.495920996135695,118681373.0
600111,2025-05-07,24.7,24.74,24.07,24.22,-0.3500000000000014,-1.4245014245014342,70784382.0
600111,2025-05-08,24.22,24.33,24.02,24.25,0.0300000000000011,0.1238645747316358,38356626.0
600111,2025-05-09,24.26,24.5,24.07,24.38,0.129999999999999,0.5360824742268067,49242907.0
600111,2025-05-12,24.51,24.75,24.15,24.56,0.1799999999999997,0.7383100902379036,65823311.0
600111,2025-05-13,24.82,24.87,24.15,24.15,-0.4100000000000001,-1.669381107491852,57599601.0
600111,2025-05-14,24.1,24.95,24.04,24.43,0.2800000000000011,1.1594202898550732,91017454.0
600111,2025-05-15,24.51,25.25,24.46,24.66,0.2300000000000004,0.9414654113794496,123341453.0
600111,2025-05-16,24.51,24.76,24.16,24.23,-0.4299999999999997,-1.743714517437145,69510587.0
600111,2025-05-19,24.18,24.2,23.67,23.76,-0.4699999999999988,-1.9397441188609088,51618154.0
600111,2025-05-20,23.75,24.02,23.6,23.8,0.0399999999999991,0.1683501683501731,55334127.0
600111,2025-05-21,23.7,23.76,23.61,23.72,-0.0800000000000018,-0.3361344537815225,29361794.0
600111,2025-05-22,23.72,23.73,23.32,23.35,-0.3699999999999974,-1.5598650927487243,36630965.0
600111,2025-05-23,23.4,23.58,23.18,23.21,-0.1400000000000005,-0.5995717344753793,33198596.0
600111,2025-05-26,23.21,23.51,23.12,23.41,0.1999999999999993,0.8616975441619878,25247862.0
600111,2025-05-27,23.4,23.4,23.14,23.24,-0.1700000000000017,-0.7261853908586136,19502171.0
600111,2025-05-28,23.24,23.26,23.01,23.03,-0.2099999999999973,-0.9036144578313144,22964475.0
600111,2025-05-29,23.1,23.4,23.05,23.33,0.2999999999999971,1.3026487190620717,25763850.0
600111,2025-05-30,23.24,23.3,23.12,23.27,-0.0599999999999987,-0.2571795970852886,18764390.0
600111,2025-06-03,23.27,23.8,23.27,23.65,0.379999999999999,1.6330038676407366,50003990.0
600111,2025-06-04,23.6,24.28,23.51,24.1,0.4500000000000028,1.902748414376343,67819404.0
600111,2025-06-05,24.08,24.37,23.89,24.01,-0.0899999999999998,-0.3734439834024883,57678385.0
600111,2025-06-06,24.16,24.27,23.98,24.06,0.0499999999999971,0.2082465639316799,34199069.0
600111,2025-06-09,24.36,24.96,24.21,24.77,0.7100000000000009,2.9509559434746535,116148165.0
600111,2025-06-10,24.87,25.24,24.35,24.7,-0.0700000000000002,-0.2825999192571649,108892584.0
600111,2025-06-11,24.62,25.88,24.61,25.55,0.8500000000000014,3.4412955465587203,176068367.0
600111,2025-06-12,25.58,25.6,25.02,25.37,-0.1799999999999997,-0.7045009784735767,98452387.0
600111,2025-06-13,25.37,25.37,24.76,25.1,-0.2699999999999996,-1.064249113125737,96635915.0
600111,2025-06-16,25.08,25.73,24.88,25.47,0.3699999999999974,1.4741035856573603,97938511.0
600111,2025-06-17,25.44,25.74,25.11,25.18,-0.2899999999999991,-1.1385944248134994,60744023.0
600111,2025-06-18,25.01,25.1,24.6,24.75,-0.4299999999999997,-1.707704527402698,63615812.0
600111,2025-06-19,24.74,24.78,24.14,24.2,-0.5500000000000007,-2.2222222222222254,48455057.0
600111,2025-06-20,24.29,24.39,23.9,23.97,-0.2300000000000004,-0.9504132231405004,34661410.0
600111,2025-06-23,23.85,24.17,23.8,24.08,0.1099999999999994,0.4589069670421386,33414550.0
600111,2025-06-24,24.1,24.42,23.95,24.35,0.2700000000000031,1.1212624584717723,41627446.0
600111,2025-06-25,24.38,24.65,24.26,24.64,0.2899999999999991,1.1909650924024628,54337187.0
600111,2025-06-26,24.63,24.63,24.27,24.28,-0.3599999999999994,-1.461038961038963,45437977.0
600111,2025-06-27,24.33,24.7,24.31,24.4,0.1199999999999974,0.4942339373970261,47312110.0
600111,2025-06-30,24.54,25.06,24.41,24.9,0.5,2.049180327868849,74540939.0
600111,2025-07-01,24.9,24.91,24.63,24.86,-0.0399999999999991,-0.160642570281122,42351603.0
600111,2025-07-02,24.8,24.8,24.55,24.58,-0.2800000000000011,-1.1263073209975882,36195741.0
600111,2025-07-03,24.58,24.67,24.39,24.63,0.0500000000000007,0.2034174125305154,34035114.0
600111,2025-07-04,24.57,24.63,24.3,24.42,-0.2099999999999973,-0.8526187576126554,35213855.0
600111,2025-07-07,24.45,24.58,24.33,24.42,0.0,0.0,24347074.0
600111,2025-07-08,24.43,25.05,24.43,24.89,0.4699999999999988,1.9246519246519211,63423689.0
600111,2025-07-09,24.9,24.95,24.5,24.55,-0.3399999999999998,-1.366010445962229,41613066.0
600111,2025-07-10,26.5,27.01,25.7,27.01,2.460000000000001,10.020366598778008,296952215.0
600111,2025-07-11,28.6,29.71,28.0,29.71,2.6999999999999993,9.99629766753054,342638635.0
600111,2025-07-14,30.99,31.9,29.71,29.88,0.1699999999999981,0.5721979131605437,473502648.0
600111,2025-07-15,30.01,30.68,28.85,29.0,-0.879999999999999,-2.9451137884872747,310770768.0
600111,2025-07-16,29.15,29.78,28.81,29.04,0.0399999999999991,0.1379310344827633,195171014.0
600111,2025-07-17,28.8,30.49,28.23,30.0,0.9600000000000009,3.3057851239669533,249892367.0
600111,2025-07-18,30.0,33.0,29.83,32.96,2.960000000000001,9.866666666666667,458797395.0
600111,2025-07-21,33.0,35.75,32.03,35.05,2.0899999999999963,6.341019417475713,429150327.0
600111,2025-07-22,34.52,35.64,34.03,34.37,-0.6799999999999997,-1.940085592011409,308247672.0
600111,2025-07-23,34.12,36.09,33.58,34.99,0.6200000000000045,1.8038987489089384,327937485.0
600111,2025-07-24,34.69,38.49,34.64,38.14,3.1499999999999986,9.002572163475264,421611145.0
600111,2025-07-25,38.2,39.65,36.99,38.25,0.1099999999999994,0.2884111169376036,411660335.0
600111,2025-07-28,38.16,40.42,38.01,40.06,1.8100000000000025,4.732026143790846,334171085.0
600111,2025-07-29,39.3,39.96,38.89,39.43,-0.6300000000000026,-1.5726410384423462,241114298.0
600111,2025-07-30,39.65,39.95,37.89,39.59,0.1600000000000037,0.4057823991884479,351820085.0
600111,2025-07-31,38.44,38.71,37.15,37.5,-2.0900000000000034,-5.279110886587535,279067004.0
600111,2025-08-01,37.3,37.4,35.89,36.0,-1.5,-4.0000000000000036,258980813.0
600111,2025-08-04,35.7,36.35,35.7,36.3,0.2999999999999971,0.8333333333333304,157435542.0
600111,2025-08-05,36.44,36.67,35.95,36.45,0.1500000000000056,0.4132231404958775,133587975.0
600111,2025-08-06,36.45,36.98,36.08,36.61,0.1599999999999966,0.4389574759944947,158507420.0
600111,2025-08-07,36.61,39.39,35.53,38.81,2.200000000000003,6.009287080032788,395660481.0
600111,2025-08-08,38.0,39.76,37.86,38.69,-0.1200000000000045,-0.3091986601391538,278875613.0
600111,2025-08-11,38.68,39.2,37.88,38.65,-0.0399999999999991,-0.1033858878263127,208115410.0
600111,2025-08-12,38.1,38.3,37.02,37.47,-1.1799999999999995,-3.053040103492888,192921401.0
600111,2025-08-13,37.47,37.8,37.33,37.59,0.1200000000000045,0.3202562049639867,150445661.0
600111,2025-08-14,37.55,39.28,37.21,38.35,0.759999999999998,2.021814312317094,286792643.0
600111,2025-08-15,38.0,39.22,37.91,39.0,0.6499999999999986,1.6949152542372836,237122892.0
600111,2025-08-18,39.7,42.9,38.55,42.9,3.8999999999999986,9.999999999999986,286118437.0
600111,2025-08-19,44.17,47.0,43.9,44.45,1.5500000000000045,3.6130536130536184,476720792.0
600111,2025-08-20,44.0,46.54,44.0,45.43,0.9799999999999968,2.2047244094488105,358560628.0
600111,2025-08-21,44.95,47.42,44.33,44.6,-0.8299999999999983,-1.8269865727492784,321037785.0
600111,2025-08-22,44.58,48.43,44.57,47.95,3.3500000000000014,7.511210762331832,393736913.0
600111,2025-08-25,49.0,52.75,48.75,52.69,4.739999999999995,9.885297184567252,442979043.0
600111,2025-08-26,52.0,52.0,48.7,49.11,-3.5799999999999983,-6.794458151451888,407281388.0
600111,2025-08-27,50.0,54.02,49.11,53.46,4.350000000000001,8.857666463042158,531808425.0
600111,2025-08-28,52.7,56.99,52.2,56.14,2.6799999999999997,5.01309390198279,472149519.0
600111,2025-08-29,56.15,58.83,54.15,56.81,0.6700000000000017,1.193444959030998,376590691.0
600111,2025-09-01,56.83,58.01,54.33,56.55,-0.2600000000000051,-0.4576659038901698,274841380.0
600111,2025-09-02,55.95,56.09,53.59,53.66,-2.890000000000001,-5.110521662245803,297157119.0
600111,2025-09-03,53.66,55.99,52.7,53.7,0.0400000000000062,0.0745434215430496,277790591.0
600111,2025-09-04,53.0,54.4,48.33,49.49,-4.210000000000001,-7.839851024208566,354819454.0
600111,2025-09-05,49.4,51.2,48.47,50.61,1.1199999999999974,2.2630834512022524,228045061.0
600111,2025-09-08,50.61,51.18,49.27,49.83,-0.7800000000000011,-1.541197391819804,163036567.0
600111,2025-09-09,49.7,51.5,48.7,49.52,-0.3099999999999951,-0.6221151916516066,234458539.0
600111,2025-09-10,48.9,50.92,48.73,49.36,-0.1600000000000037,-0.3231017770597866,180579004.0
600111,2025-09-11,49.0,51.0,48.68,50.56,1.2000000000000028,2.4311183144246407,233458942.0
600111,2025-09-12,50.65,53.6,50.35,53.59,3.030000000000001,5.992879746835444,339785942.0
600111,2025-09-15,53.99,53.99,52.02,52.26,-1.3300000000000054,-2.481806307146861,229559352.0
600111,2025-09-16,51.74,51.92,49.2,50.16,-2.1000000000000014,-4.018369690011481,239692700.0
600111,2025-09-17,49.4,50.5,49.11,50.34,0.1800000000000068,0.3588516746411585,141384959.0
600111,2025-09-18,50.0,50.01,47.25,48.1,-2.240000000000002,-4.449741756058801,206300430.0
600111,2025-09-19,47.8,48.82,47.05,47.05,-1.0500000000000045,-2.1829521829521914,141408613.0
600111,2025-09-22,46.8,48.69,46.66,48.06,1.0100000000000051,2.146652497343271,151082071.0
600111,2025-09-23,47.68,48.26,45.05,46.03,-2.030000000000001,-4.2238868081564735,182223243.0
600111,2025-09-24,45.95,47.0,45.83,46.54,0.509999999999998,1.1079730610471294,120438531.0
600111,2025-09-25,46.65,47.85,46.31,47.28,0.740000000000002,1.5900300816501955,148375065.0
600111,2025-09-26,47.97,48.35,46.24,46.39,-0.8900000000000006,-1.8824027072758096,131557333.0
600111,2025-09-29,46.39,46.92,45.78,46.65,0.259999999999998,0.5604656175900002,108571572.0
600111,2025-09-30,46.82,48.8,46.82,48.3,1.6499999999999986,3.5369774919614017,187830944.0
600111,2025-10-09,49.85,53.13,48.57,53.13,4.830000000000005,10.000000000000009,340231985.0
600111,2025-10-10,54.7,54.7,51.7,52.48,-0.6500000000000057,-1.2234142668925418,321618503.0
600111,2025-10-13,54.5,57.73,53.9,57.73,5.25,10.003810975609762,380262585.0
600111,2025-10-14,58.0,61.69,56.1,56.8,-0.9299999999999996,-1.6109475142906615,427770081.0
600111,2025-10-15,56.98,57.66,53.0,54.5,-2.299999999999997,-4.049295774647888,303116177.0
600111,2025-10-16,53.37,54.88,52.9,53.15,-1.3500000000000014,-2.477064220183489,164274987.0
600111,2025-10-17,53.16,54.9,52.63,53.0,-0.1499999999999985,-0.2822201317027262,174906871.0
600111,2025-10-20,52.02,53.39,51.02,52.22,-0.7800000000000011,-1.4716981132075535,152607298.0
600111,2025-10-21,52.23,52.59,51.35,52.35,0.1300000000000025,0.2489467636920705,138748960.0
600111,2025-10-22,51.4,51.41,49.87,50.79,-1.5600000000000025,-2.979942693409743,144378111.0
600111,2025-10-23,50.36,50.77,48.9,49.75,-1.0399999999999991,-2.0476471746406766,112799830.0
600111,2025-10-24,49.81,51.38,49.81,51.19,1.4399999999999975,2.8944723618090418,129127990.0
600111,2025-10-27,51.3,54.19,51.06,53.31,2.1200000000000045,4.1414338738034795,219664664.0
600111,2025-10-28,53.33,53.39,50.9,51.07,-2.240000000000002,-4.201838304258121,199449532.0
600111,2025-10-29,50.4,51.83,50.2,51.82,0.75,1.4685725474838485,133710651.0
600111,2025-10-30,51.83,55.5,50.71,53.0,1.1799999999999995,2.2771130837514475,265725659.0
600111,2025-10-31,52.03,52.5,50.53,50.81,-2.1899999999999977,-4.132075471698105,150996789.0
600111,2025-11-03,50.78,50.79,47.96,48.9,-1.9100000000000037,-3.759102538870307,138857749.0
600111,2025-11-04,48.83,49.95,48.4,49.1,0.2000000000000028,0.4089979550102374,81323593.0
600111,2025-11-05,48.2,48.47,47.0,47.77,-1.3299999999999983,-2.708757637474535,106895589.0
600111,2025-11-06,47.71,48.19,47.55,47.99,0.2199999999999988,0.4605400879212906,81685429.0
600111,2025-11-07,48.0,49.4,47.21,48.27,0.2800000000000011,0.5834548864346756,109869510.0
600111,2025-11-10,48.98,49.2,47.53,47.8,-0.4700000000000059,-0.9736896623161462,77565832.0
600111,2025-11-11,47.79,48.08,46.46,46.6,-1.1999999999999955,-2.510460251046021,90055964.0
600111,2025-11-12,46.6,46.6,45.04,45.58,-1.0200000000000031,-2.18884120171674,83670613.0
600111,2025-11-13,45.5,47.23,45.41,46.76,1.1799999999999995,2.588854760860015,103523109.0
600111,2025-11-14,46.28,47.56,45.71,46.76,0.0,0.0,80921772.0
600111,2025-11-17,47.0,47.74,46.8,47.25,0.490000000000002,1.0479041916167775,72796354.0
600111,2025-11-18,47.2,47.24,45.55,45.9,-1.3500000000000014,-2.857142857142858,70208931.0
600111,2025-11-19,45.82,47.23,45.6,46.57,0.6700000000000017,1.4596949891067634,77841241.0
600111,2025-11-20,46.03,47.75,46.01,46.85,0.2800000000000011,0.601245436976594,91094069.0
600111,2025-11-21,46.0,46.0,44.09,44.1,-2.75,-5.869797225186768,101006214.0
600111,2025-11-24,44.4,45.21,43.5,44.84,0.740000000000002,1.678004535147393,85264452.0
600111,2025-11-25,44.86,45.7,44.56,45.05,0.2099999999999937,0.4683318465655617,64450777.0
600111,2025-11-26,44.9,45.1,44.36,44.55,-0.5,-1.1098779134295245,50808043.0
600111,2025-11-27,44.7,45.44,44.34,44.43,-0.1199999999999974,-0.2693602693602637,62849038.0
600111,2025-11-28,44.44,45.07,44.04,45.0,0.5700000000000003,1.282916948008106,56021718.0
600111,2025-12-01,45.9,47.59,45.9,47.57,2.5700000000000003,5.711111111111111,168507470.0
600111,2025-12-02,47.5,47.5,46.04,46.4,-1.1700000000000017,-2.4595333193189073,85524622.0
600111,2025-12-03,46.63,48.66,46.46,47.22,0.8200000000000003,1.767241379310347,144056489.0
600111,2025-12-04,46.81,46.92,46.01,46.66,-0.5600000000000023,-1.185938161795852,76137269.0
600111,2025-12-05,46.93,47.85,46.28,47.33,0.6700000000000017,1.4359194170595837,89610789.0
600111,2025-12-08,47.33,47.53,46.58,47.18,-0.1499999999999985,-0.3169237270230218,82795825.0
600111,2025-12-09,47.0,47.45,46.49,46.86,-0.3200000000000003,-0.6782534972445964,63176244.0
600111,2025-12-10,46.88,46.88,45.81,46.4,-0.4600000000000008,-0.9816474605207072,60190081.0
600111,2025-12-11,46.41,46.67,45.66,45.8,-0.6000000000000014,-1.2931034482758674,58174361.0
600111,2025-12-12,45.9,46.59,45.09,46.59,0.7900000000000063,1.7248908296943366,74952716.0
600111,2025-12-15,45.75,46.08,45.19,45.23,-1.3600000000000063,-2.9190813479287536,54448449.0
600111,2025-12-16,44.92,44.92,43.52,44.38,-0.8499999999999943,-1.8792836612867456,72828636.0
600111,2025-12-17,44.09,44.94,43.75,44.75,0.3699999999999974,0.8337088778729074,53449153.0
600111,2025-12-18,44.38,45.42,44.11,44.11,-0.6400000000000006,-1.4301675977653638,48070195.0
600111,2025-12-19,44.13,45.5,44.13,45.5,1.3900000000000006,3.151212876898657,81182972.0
600111,2025-12-22,45.25,45.73,45.05,45.55,0.0499999999999971,0.1098901098901095,57473526.0
600111,2025-12-23,45.8,45.99,45.11,45.46,-0.0899999999999963,-0.1975850713501592,54147328.0
600111,2025-12-24,45.58,45.73,45.26,45.62,0.1599999999999966,0.3519577650681782,41832060.0
600111,2025-12-25,45.5,46.18,45.15,46.03,0.4100000000000037,0.8987286277948314,65419931.0
600111,2025-12-26,46.0,46.42,45.63,46.11,0.0799999999999983,0.1737996958505183,64855511.0
600111,2025-12-29,46.26,46.9,45.58,45.77,-0.3399999999999963,-0.7373671654738567,66016964.0
600111,2025-12-30,45.17,46.56,44.88,45.97,0.1999999999999957,0.4369674459252737,63641851.0
600111,2025-12-31,45.95,46.85,45.7,46.12,0.1499999999999985,0.3262997607134998,71091548.0
600111,2026-01-05,46.12,47.0,46.12,46.85,0.730000000000004,1.582827406764964,82405872.0
600111,2026-01-06,47.01,48.88,46.81,48.15,1.2999999999999972,2.774813233724638,142382557.0
600111,2026-01-07,49.3,51.15,48.26,50.5,2.3500000000000014,4.880581516095539,271331496.0
600111,2026-01-08,49.77,49.77,48.32,48.71,-1.7899999999999991,-3.5445544554455477,160920038.0
600111,2026-01-09,48.5,50.17,48.33,49.41,0.6999999999999957,1.437076575651819,143999645.0
600111,2026-01-12,50.11,52.87,49.91,52.48,3.0700000000000003,6.213317142278885,230241432.0
600111,2026-01-13,52.49,52.69,50.6,50.81,-1.6699999999999946,-3.182164634146334,151810925.0
600111,2026-01-14,50.5,52.49,49.06,49.83,-0.980000000000004,-1.928754182247594,177966952.0
600111,2026-01-15,49.82,51.48,49.76,50.43,0.6000000000000014,1.2040939193256994,111914491.0
600111,2026-01-16,50.45,52.2,50.21,51.0,0.5700000000000003,1.1302795954788891,150746541.0
600111,2026-01-19,51.0,52.29,50.29,51.07,0.0700000000000002,0.1372549019607927,121633176.0
600111,2026-01-20,51.1,51.56,48.76,49.62,-1.4500000000000028,-2.839240258468778,120592415.0
600111,2026-01-21,49.16,50.8,49.02,49.95,0.3300000000000054,0.6650544135429426,87329219.0
600111,2026-01-22,49.94,51.0,49.69,50.1,0.1499999999999985,0.3003003003003046,93568649.0
600111,2026-01-23,50.51,50.87,49.7,50.46,0.3599999999999994,0.7185628742514938,97149778.0
600111,2026-01-26,50.68,51.98,50.61,51.72,1.259999999999998,2.4970273483947647,183939010.0
600111,2026-01-27,51.8,52.68,50.14,50.75,-0.9699999999999988,-1.875483372003095,147167928.0
600111,2026-01-28,50.5,53.0,49.7,52.89,2.140000000000001,4.216748768472911,255397139.0
600111,2026-01-29,53.99,58.15,52.77,56.11,3.219999999999999,6.088107392701825,389626532.0
600111,2026-01-30,54.0,54.8,50.58,51.59,-4.519999999999996,-8.055605061486359,228031866.0
600111,2026-02-02,49.02,50.03,47.6,47.66,-3.930000000000007,-7.61775537894942,157806568.0
600111,2026-02-03,48.81,50.82,47.8,50.81,3.1500000000000057,6.60931598825012,153819062.0
600111,2026-02-04,50.99,52.15,50.2,51.07,0.259999999999998,0.5117102932493456,101119869.0
600111,2026-02-05,50.25,50.44,47.91,48.31,-2.759999999999998,-5.404346974740548,98844916.0
600111,2026-02-06,47.0,50.78,46.69,50.11,1.7999999999999972,3.7259366590767895,114529939.0
600111,2026-02-09,51.6,53.68,51.5,52.89,2.780000000000001,5.547794851327081,171500462.0
600111,2026-02-10,52.87,53.98,52.35,53.62,0.7299999999999969,1.3802231045566105,122505478.0
600111,2026-02-11,53.39,58.36,53.23,56.31,2.690000000000005,5.016784781797856,223290650.0
600111,2026-02-12,56.31,58.0,55.88,57.4,1.0899999999999963,1.9357130172260597,149215934.0
600111,2026-02-13,57.0,57.1,54.68,54.74,-2.6599999999999966,-4.634146341463408,121536816.0
600111,2026-02-24,56.0,56.39,54.4,54.94,0.1999999999999957,0.3653635367190322,100592588.0
600111,2026-02-25,55.14,60.43,55.1,60.43,5.490000000000002,9.992719330178378,279197296.0
600111,2026-02-26,60.36,60.36,58.83,59.1,-1.3299999999999983,-2.2008935958960807,186504181.0
600111,2026-02-27,59.13,62.79,59.13,62.4,3.299999999999997,5.583756345177671,217651040.0
600111,2026-03-02,63.56,63.57,59.66,61.74,-0.6599999999999966,-1.057692307692304,205244679.0
600111,2026-03-03,61.38,61.5,55.57,55.62,-6.1200000000000045,-9.9125364431487,220131218.0
600111,2026-03-04,53.79,57.93,53.66,56.0,0.3800000000000025,0.6832074793239995,142253018.0
600111,2026-03-05,56.69,56.88,54.6,55.38,-0.6199999999999974,-1.107142857142851,99340440.0
600111,2026-03-06,54.6,55.58,53.8,54.3,-1.0800000000000054,-1.950162513542808,89120597.0
600111,2026-03-09,53.1,54.32,51.67,53.88,-0.4199999999999946,-0.7734806629834168,102485185.0
600111,2026-03-10,54.5,55.13,53.7,53.97,0.0899999999999963,0.1670378619153645,87871621.0
600111,2026-03-11,53.38,53.79,52.2,52.38,-1.5899999999999963,-2.9460811561978772,94835786.0
600111,2026-03-12,52.2,52.62,51.02,51.69,-0.6900000000000048,-1.3172966781214268,83631663.0
600111,2026-03-13,51.12,52.15,50.58,50.82,-0.8699999999999974,-1.6831108531630834,71404343.0
600111,2026-03-16,50.8,51.14,48.8,49.6,-1.2199999999999989,-2.4006296733569465,90023467.0
600111,2026-03-17,49.89,50.39,48.92,49.0,-0.6000000000000014,-1.2096774193548376,71189879.0
600111,2026-03-18,49.32,49.33,47.7,49.01,0.009999999999998,0.0204081632652952,82976828.0
600111,2026-03-19,48.1,48.2,46.36,46.62,-2.390000000000001,-4.876555804937766,95919828.0
600111,2026-03-20,47.0,47.25,45.9,46.0,-0.6199999999999974,-1.3299013299013285,68196846.0
