ts_code,trade_date,open,high,low,close,change,pct_change,vol
600477,20260320,3.27,3.2,3.21,3.31,-0.040000000000000036,-1.1940298507462699,56048266.0
600477,20260319,3.34,3.24,3.27,3.35,-0.04999999999999982,-1.4705882352941124,59210343.0
600477,20260318,3.39,3.32,3.39,3.4,-0.0900000000000003,-2.5787965616045905,55890790.0
600477,20260317,3.41,3.38,3.4,3.49,-0.06999999999999984,-1.96629213483146,66491468.0
600477,20260316,3.54,3.37,3.41,3.56,-0.06000000000000005,-1.6574585635359185,97389644.0
600477,20260313,3.46,3.45,3.51,3.62,0.11000000000000032,3.1339031339031376,103811895.0
600477,20260312,3.48,3.44,3.48,3.51,-0.07000000000000028,-1.9553072625698387,56769939.0
600477,20260311,3.58,3.48,3.5,3.58,-0.020000000000000018,-0.5555555555555536,79001545.0
600477,20260310,3.57,3.52,3.58,3.6,0.06000000000000005,1.6949152542372836,66583091.0
600477,20260309,3.49,3.44,3.54,3.54,-0.029999999999999805,-0.8403361344537785,65830828.0
600477,20260306,3.53,3.51,3.55,3.57,-0.03000000000000025,-0.8333333333333415,51747857.0
600477,20260305,3.56,3.53,3.56,3.6,0.07000000000000028,1.9830028328611915,61714102.0
600477,20260304,3.39,3.38,3.51,3.53,-0.2200000000000002,-5.866666666666676,67794926.0
600477,20260303,3.68,3.48,3.5,3.75,-0.08000000000000007,-2.088772845953002,118129370.0
600477,20260302,3.83,3.66,3.71,3.83,-0.1499999999999999,-3.7688442211055273,160984356.0
600477,20260227,3.83,3.82,3.93,3.98,0.009999999999999787,0.25188916876572875,122717782.0
600477,20260226,3.96,3.83,3.87,3.97,-0.029999999999999805,-0.7499999999999951,129647650.0
600477,20260225,3.9,3.88,3.98,4.0,-0.019999999999999574,-0.4975124378109319,157116876.0
600477,20260224,3.9,3.88,3.89,4.02,-0.08000000000000007,-1.9512195121951237,165368492.0
600477,20260213,4.09,3.81,3.82,4.1,0.04999999999999982,1.2345679012345734,162843597.0
600477,20260212,4.01,3.93,3.93,4.05,-0.15000000000000036,-3.571428571428581,177010867.0
600477,20260211,4.16,4.04,4.05,4.2,-0.29000000000000004,-6.458797327394206,258649279.0
600477,20260210,4.35,4.03,4.2,4.49,0.35000000000000053,8.454106280193251,490602022.0
600477,20260209,3.78,3.77,4.14,4.14,0.3099999999999996,8.09399477806787,172499877.0
600477,20260206,3.6,3.59,3.76,3.83,0.07000000000000028,1.8617021276595924,188888152.0
600477,20260205,3.67,3.62,3.62,3.76,0.019999999999999574,0.53475935828875,108468561.0
600477,20260204,3.55,3.54,3.71,3.74,0.13000000000000034,3.6011080332410073,159953967.0
600477,20260203,3.42,3.41,3.61,3.61,0.1299999999999999,3.735632183908044,155294733.0
600477,20260202,3.44,3.38,3.4,3.48,-0.08999999999999986,-2.5210084033613356,78772147.0
600477,20260130,3.54,3.38,3.43,3.57,-0.15000000000000036,-4.032258064516137,133214992.0
600477,20260129,3.61,3.56,3.57,3.72,-0.05999999999999961,-1.5873015873015817,168547870.0
600477,20260128,3.74,3.6,3.6,3.78,-0.08000000000000007,-2.0725388601036343,163159960.0
600477,20260127,3.78,3.63,3.74,3.86,-0.3300000000000005,-7.875894988066834,205691521.0
600477,20260126,3.98,3.77,3.81,4.19,0.16000000000000014,3.970223325062028,357318399.0
600477,20260123,3.85,3.63,3.89,4.03,0.26000000000000023,6.896551724137945,443152931.0
600477,20260122,3.39,3.39,3.77,3.77,0.22999999999999998,6.497175141242928,342569823.0
600477,20260121,3.3,3.26,3.43,3.54,0.10000000000000009,2.9069767441860517,226572676.0
600477,20260120,3.31,3.25,3.35,3.44,-0.1200000000000001,-3.370786516853941,199572073.0
600477,20260119,3.25,3.25,3.36,3.56,-0.08999999999999986,-2.465753424657535,347240818.0
600477,20260116,3.61,3.61,3.61,3.65,-0.44999999999999973,-10.97560975609756,69383556.0
600477,20260115,4.05,4.01,4.01,4.1,-0.6300000000000008,-13.319238900634268,114269000.0
600477,20260114,4.13,3.95,4.45,4.73,0.3700000000000001,8.486238532110102,683220872.0
600477,20260113,4.36,4.3,4.36,4.36,0.40000000000000036,10.1010101010101,374162658.0
600477,20260112,3.96,3.96,3.96,3.96,0.3599999999999999,9.999999999999986,17899578.0
600477,20260109,3.6,3.6,3.6,3.6,0.33000000000000007,10.091743119266061,26959885.0
600477,20260108,3.27,3.27,3.27,3.27,0.16000000000000014,5.144694533762073,74478258.0
600477,20260107,2.9,2.84,2.97,3.11,0.16999999999999993,5.782312925170063,137517513.0
600477,20260106,2.9,2.86,2.9,2.94,-0.020000000000000018,-0.6756756756756799,96675600.0
600477,20260105,2.93,2.87,2.89,2.96,-0.14000000000000012,-4.516129032258065,127101464.0
600477,20251231,2.84,2.84,2.97,3.1,0.22999999999999998,8.013937282229966,230046036.0
600477,20251230,2.85,2.79,2.82,2.87,-0.08999999999999986,-3.0405405405405372,164638684.0
600477,20251229,2.68,2.66,2.96,2.96,0.22999999999999998,8.424908424908416,147904651.0
600477,20251226,2.7,2.68,2.69,2.73,0.009999999999999787,0.3676470588235281,29273316.0
600477,20251225,2.66,2.64,2.72,2.72,0.06000000000000005,2.2556390977443552,35281443.0
600477,20251224,2.63,2.62,2.66,2.66,0.0,0.0,12410471.0
600477,20251223,2.66,2.62,2.63,2.66,-0.020000000000000018,-0.7462686567164201,15839846.0
600477,20251222,2.67,2.65,2.66,2.68,0.010000000000000231,0.3745318352059934,18474729.0
600477,20251219,2.62,2.62,2.67,2.67,0.029999999999999805,1.1363636363636243,19444747.0
600477,20251218,2.61,2.59,2.63,2.64,0.020000000000000018,0.7633587786259444,14629152.0
600477,20251217,2.6,2.57,2.62,2.62,-0.040000000000000036,-1.5037593984962405,22379284.0
600477,20251216,2.66,2.6,2.6,2.66,-0.020000000000000018,-0.7462686567164201,29650050.0
600477,20251215,2.65,2.63,2.66,2.68,-0.020000000000000018,-0.7407407407407418,22688110.0
600477,20251212,2.7,2.65,2.65,2.7,-0.04999999999999982,-1.8181818181818077,46217900.0
600477,20251211,2.74,2.68,2.69,2.75,0.009999999999999787,0.36496350364962904,32036855.0
600477,20251210,2.73,2.7,2.73,2.74,-0.03999999999999959,-1.4388489208632893,27218576.0
600477,20251209,2.77,2.72,2.73,2.78,-0.020000000000000018,-0.7142857142857117,28446681.0
600477,20251208,2.79,2.75,2.77,2.8,0.009999999999999787,0.35842293906809264,28769762.0
600477,20251205,2.75,2.72,2.79,2.79,0.03000000000000025,1.0869565217391353,28958943.0
600477,20251204,2.75,2.72,2.74,2.76,-0.040000000000000036,-1.4285714285714346,23077204.0
600477,20251203,2.79,2.74,2.76,2.8,-0.020000000000000018,-0.7092198581560294,34330677.0
600477,20251202,2.82,2.77,2.79,2.82,-0.010000000000000231,-0.35335689045937757,32011416.0
600477,20251201,2.83,2.79,2.82,2.83,-0.009999999999999787,-0.35211267605632646,36424188.0
600477,20251128,2.79,2.77,2.83,2.84,-0.040000000000000036,-1.388888888888895,37410452.0
600477,20251127,2.84,2.79,2.79,2.88,0.020000000000000018,0.6993006993007089,42581360.0
600477,20251126,2.81,2.79,2.79,2.86,0.029999999999999805,1.0600706713780772,36135056.0
600477,20251125,2.8,2.77,2.82,2.83,0.010000000000000231,0.35460992907803135,45621119.0
600477,20251124,2.79,2.77,2.79,2.82,-0.08000000000000007,-2.758620689655178,37617949.0
600477,20251121,2.86,2.77,2.77,2.9,-0.050000000000000266,-1.6949152542372947,64792120.0
600477,20251120,2.94,2.87,2.88,2.95,-0.020000000000000018,-0.6734006734006703,51494149.0
600477,20251119,2.9,2.88,2.94,2.97,-0.06999999999999984,-2.3026315789473673,73944064.0
600477,20251118,3.03,2.89,2.92,3.04,-0.029999999999999805,-0.9771986970683932,94028994.0
600477,20251117,3.04,3.0,3.03,3.07,-0.08000000000000007,-2.5396825396825418,83557531.0
600477,20251114,3.09,3.05,3.06,3.15,0.020000000000000018,0.6389776357827559,140468739.0
600477,20251113,3.0,3.0,3.12,3.13,-0.14000000000000012,-4.281345565749239,172747558.0
600477,20251112,3.2,3.0,3.05,3.27,0.16999999999999993,5.483870967741944,303348139.0
600477,20251111,2.83,2.82,3.1,3.1,0.26000000000000023,9.154929577464799,141532060.0
600477,20251110,2.82,2.79,2.82,2.84,0.0,0.0,32252549.0
600477,20251107,2.79,2.78,2.8,2.84,0.040000000000000036,1.4285714285714235,45045716.0
600477,20251106,2.8,2.76,2.8,2.8,-0.010000000000000231,-0.3558718861210064,38269316.0
600477,20251105,2.74,2.73,2.8,2.81,0.040000000000000036,1.4440433212996373,46015208.0
600477,20251104,2.74,2.73,2.76,2.77,0.020000000000000018,0.727272727272732,28454791.0
600477,20251103,2.71,2.69,2.75,2.75,-0.009999999999999787,-0.36231884057970065,29444098.0
600477,20251031,2.73,2.7,2.71,2.76,0.0,0.0,35918970.0
600477,20251030,2.74,2.72,2.74,2.76,0.0,0.0,28012983.0
600477,20251029,2.76,2.71,2.74,2.76,-0.03000000000000025,-1.0752688172043112,29441467.0
600477,20251028,2.77,2.74,2.75,2.79,0.0,0.0,22388417.0
600477,20251027,2.77,2.74,2.76,2.79,-0.04999999999999982,-1.7605633802816878,31555692.0
600477,20251024,2.82,2.74,2.76,2.84,-0.010000000000000231,-0.35087719298246833,35242665.0
600477,20251023,2.81,2.77,2.84,2.85,-0.020000000000000018,-0.6968641114982632,32322823.0
600477,20251022,2.85,2.81,2.82,2.87,-0.029999999999999805,-1.0344827586206806,43656793.0
600477,20251021,2.73,2.72,2.86,2.9,0.14000000000000012,5.072463768115942,83272573.0
600477,20251020,2.73,2.71,2.73,2.76,-0.03000000000000025,-1.0752688172043112,27894816.0
600477,20251017,2.77,2.72,2.73,2.79,-0.040000000000000036,-1.4134275618374548,31146885.0
600477,20251016,2.81,2.76,2.77,2.83,-0.040000000000000036,-1.3937282229965153,37974506.0
600477,20251015,2.74,2.73,2.81,2.87,0.07000000000000028,2.5000000000000133,60486179.0
600477,20251014,2.74,2.73,2.74,2.8,0.05999999999999961,2.1897810218977964,46307298.0
600477,20251013,2.67,2.65,2.73,2.74,0.010000000000000231,0.366300366300365,42831594.0
600477,20251010,2.65,2.64,2.72,2.73,0.06000000000000005,2.2471910112359605,50739828.0
600477,20251009,2.64,2.63,2.66,2.67,0.0,0.0,31366857.0
600477,20250930,2.66,2.62,2.63,2.67,-0.010000000000000231,-0.3731343283582156,35354692.0
600477,20250929,2.66,2.6,2.66,2.68,0.0,0.0,34498240.0
600477,20250926,2.64,2.62,2.66,2.68,-0.009999999999999787,-0.3717472118959009,25301883.0
600477,20250925,2.66,2.64,2.65,2.69,0.020000000000000018,0.7490636704119868,28260536.0
600477,20250924,2.65,2.61,2.66,2.67,-0.050000000000000266,-1.8382352941176516,27123652.0
600477,20250923,2.72,2.6,2.65,2.72,-0.04999999999999982,-1.805054151624541,50032517.0
600477,20250922,2.77,2.69,2.72,2.77,-0.06999999999999984,-2.464788732394363,32735333.0
600477,20250919,2.84,2.74,2.78,2.84,-0.050000000000000266,-1.730103806228378,45580510.0
600477,20250918,2.83,2.81,2.83,2.89,0.050000000000000266,1.760563380281699,63094824.0
600477,20250917,2.84,2.8,2.82,2.84,0.009999999999999787,0.35335689045936647,43423573.0
600477,20250916,2.8,2.78,2.82,2.83,0.020000000000000018,0.7117437722419906,44765924.0
600477,20250915,2.78,2.75,2.8,2.81,0.020000000000000018,0.7168458781362075,52891809.0
600477,20250912,2.74,2.73,2.77,2.79,0.040000000000000036,1.454545454545464,47159159.0
600477,20250911,2.72,2.69,2.75,2.75,0.009999999999999787,0.36496350364962904,38602446.0
600477,20250910,2.71,2.7,2.73,2.74,-0.009999999999999787,-0.3636363636363549,30249493.0
600477,20250909,2.7,2.68,2.73,2.75,0.040000000000000036,1.4760147601476037,50917972.0
600477,20250908,2.68,2.67,2.7,2.71,0.020000000000000018,0.743494423791824,30995470.0
600477,20250905,2.67,2.65,2.68,2.69,0.009999999999999787,0.3731343283581934,25753951.0
600477,20250904,2.64,2.63,2.68,2.68,-0.020000000000000018,-0.7407407407407418,34201948.0
600477,20250903,2.69,2.63,2.63,2.7,-0.009999999999999787,-0.36900369003689537,30306990.0
600477,20250902,2.69,2.65,2.69,2.71,-0.010000000000000231,-0.3676470588235392,36179618.0
600477,20250901,2.69,2.65,2.7,2.72,-0.020000000000000018,-0.7299270072992692,29641657.0
600477,20250829,2.69,2.67,2.68,2.74,0.020000000000000018,0.7352941176470562,34333480.0
600477,20250828,2.69,2.61,2.69,2.72,-0.05999999999999961,-2.1582733812949506,46073938.0
600477,20250827,2.76,2.68,2.69,2.78,0.0,0.0,44599872.0
600477,20250826,2.73,2.71,2.77,2.78,0.020000000000000018,0.7246376811594235,41664871.0
600477,20250825,2.72,2.71,2.74,2.76,0.03999999999999959,1.4705882352941124,41469685.0
600477,20250822,2.72,2.68,2.71,2.72,-0.009999999999999787,-0.3663003663003539,30826860.0
600477,20250821,2.69,2.69,2.72,2.73,0.020000000000000018,0.7380073800737907,31855201.0
600477,20250820,2.68,2.65,2.71,2.71,-0.010000000000000231,-0.3676470588235392,31846680.0
600477,20250819,2.65,2.64,2.68,2.72,0.050000000000000266,1.8726591760299671,39090818.0
600477,20250818,2.64,2.63,2.64,2.67,0.009999999999999787,0.3759398496240518,28437832.0
600477,20250815,2.62,2.61,2.65,2.66,-0.029999999999999805,-1.1152416356877248,25304685.0
600477,20250814,2.68,2.62,2.62,2.69,0.0,0.0,28957494.0
600477,20250813,2.68,2.67,2.68,2.69,-0.010000000000000231,-0.37037037037037646,23044890.0
600477,20250812,2.69,2.66,2.67,2.7,0.0,0.0,18391849.0
600477,20250811,2.67,2.65,2.69,2.7,0.020000000000000018,0.746268656716409,24812765.0
600477,20250808,2.64,2.63,2.66,2.68,0.0,0.0,20455358.0
600477,20250807,2.66,2.63,2.64,2.68,0.010000000000000231,0.3745318352059934,25054070.0
600477,20250806,2.67,2.63,2.65,2.67,0.0,0.0,17495247.0
600477,20250805,2.64,2.63,2.67,2.67,0.029999999999999805,1.1363636363636243,18355550.0
600477,20250804,2.63,2.62,2.64,2.64,-0.029999999999999805,-1.1235955056179692,16441182.0
600477,20250801,2.64,2.64,2.64,2.67,-0.050000000000000266,-1.8382352941176516,18817367.0
600477,20250731,2.71,2.64,2.65,2.72,-0.020000000000000018,-0.7299270072992692,35830237.0
600477,20250730,2.72,2.7,2.72,2.74,0.0,0.0,27577024.0
600477,20250729,2.72,2.69,2.72,2.74,-0.019999999999999574,-0.7246376811594013,31696069.0
600477,20250728,2.76,2.72,2.73,2.76,-0.06000000000000005,-2.127659574468088,24157166.0
600477,20250725,2.8,2.75,2.75,2.82,0.0,0.0,28548149.0
600477,20250724,2.77,2.73,2.81,2.82,-0.020000000000000018,-0.7042253521126751,36258314.0
600477,20250723,2.84,2.76,2.77,2.84,0.009999999999999787,0.35335689045936647,43306297.0
600477,20250722,2.77,2.76,2.82,2.83,0.040000000000000036,1.4336917562723928,57556941.0
600477,20250721,2.68,2.68,2.78,2.79,0.10000000000000009,3.7174721189591198,60438532.0
600477,20250718,2.67,2.66,2.67,2.69,0.0,0.0,21854639.0
600477,20250717,2.67,2.65,2.66,2.69,-0.03000000000000025,-1.1029411764705954,17051532.0
600477,20250716,2.7,2.68,2.69,2.72,-0.020000000000000018,-0.7299270072992692,17475468.0
600477,20250715,2.74,2.68,2.7,2.74,-0.029999999999999805,-1.0830324909747224,26319699.0
600477,20250714,2.75,2.73,2.74,2.77,0.0,0.0,23783765.0
600477,20250711,2.75,2.73,2.75,2.77,0.010000000000000231,0.36231884057971175,27580085.0
600477,20250710,2.7,2.69,2.75,2.76,0.03999999999999959,1.4705882352941124,34660505.0
600477,20250709,2.7,2.69,2.7,2.72,0.020000000000000018,0.7407407407407307,21041090.0
600477,20250708,2.67,2.65,2.7,2.7,-0.009999999999999787,-0.36900369003689537,24092721.0
600477,20250707,2.68,2.67,2.67,2.71,0.0,0.0,22939696.0
600477,20250704,2.66,2.65,2.69,2.71,0.020000000000000018,0.743494423791824,34370731.0
600477,20250703,2.66,2.65,2.66,2.69,0.009999999999999787,0.3731343283581934,15407078.0
600477,20250702,2.65,2.64,2.68,2.68,0.020000000000000018,0.7518796992481258,25981606.0
600477,20250701,2.65,2.62,2.64,2.66,-0.009999999999999787,-0.3745318352059823,17393489.0
600477,20250630,2.67,2.64,2.65,2.67,-0.040000000000000036,-1.4760147601476037,18834899.0
600477,20250627,2.67,2.65,2.67,2.71,-0.020000000000000018,-0.73260073260073,28212270.0
600477,20250626,2.69,2.67,2.68,2.73,0.020000000000000018,0.7380073800737907,38516257.0
600477,20250625,2.58,2.58,2.69,2.71,0.08999999999999986,3.435114503816794,58641363.0
600477,20250624,2.53,2.52,2.6,2.62,0.0900000000000003,3.5573122529644285,35268584.0
600477,20250623,2.5,2.48,2.52,2.53,0.0,0.0,17382162.0
600477,20250620,2.5,2.49,2.51,2.53,-0.010000000000000231,-0.3937007874015852,11755963.0
600477,20250619,2.54,2.49,2.5,2.54,-0.020000000000000018,-0.78125,17591489.0
600477,20250618,2.56,2.52,2.53,2.56,-0.009999999999999787,-0.38910505836574627,14755838.0
600477,20250617,2.55,2.54,2.57,2.57,0.009999999999999787,0.390625,13720475.0
600477,20250616,2.55,2.53,2.55,2.56,-0.029999999999999805,-1.158301158301156,11729618.0
600477,20250613,2.58,2.54,2.55,2.59,-0.020000000000000018,-0.7662835249042099,18093418.0
600477,20250612,2.6,2.56,2.58,2.61,-0.010000000000000231,-0.3816793893129833,21334954.0
600477,20250611,2.58,2.58,2.6,2.62,-0.009999999999999787,-0.3802281368821214,16989556.0
600477,20250610,2.62,2.57,2.59,2.63,-0.010000000000000231,-0.37878787878788955,21576162.0
600477,20250609,2.6,2.59,2.62,2.64,0.040000000000000036,1.538461538461533,20391935.0
600477,20250606,2.6,2.58,2.6,2.6,-0.009999999999999787,-0.3831417624520994,11081901.0
600477,20250605,2.59,2.57,2.59,2.61,0.009999999999999787,0.38461538461538325,15755074.0
600477,20250604,2.56,2.56,2.6,2.6,0.020000000000000018,0.7751937984496138,18449058.0
600477,20250603,2.56,2.55,2.56,2.58,-0.009999999999999787,-0.3861003861003742,16471519.0
600477,20250530,2.59,2.56,2.57,2.59,-0.020000000000000018,-0.7662835249042099,16771005.0
600477,20250529,2.56,2.55,2.59,2.61,0.029999999999999805,1.1627906976744207,17408933.0
600477,20250528,2.58,2.55,2.56,2.58,0.0,0.0,10313365.0
600477,20250527,2.57,2.54,2.57,2.58,0.010000000000000231,0.3891050583657574,13268735.0
600477,20250526,2.55,2.53,2.57,2.57,-0.010000000000000231,-0.387596899224818,15217874.0
600477,20250523,2.56,2.53,2.54,2.58,-0.06000000000000005,-2.2727272727272707,21189697.0
600477,20250522,2.61,2.56,2.56,2.64,0.010000000000000231,0.38022813688214363,28073348.0
600477,20250521,2.62,2.61,2.62,2.63,-0.010000000000000231,-0.37878787878788955,14317603.0
600477,20250520,2.63,2.6,2.62,2.64,0.0,0.0,18016396.0
600477,20250519,2.59,2.59,2.62,2.64,0.010000000000000231,0.38022813688214363,20985418.0
600477,20250516,2.61,2.59,2.6,2.63,-0.020000000000000018,-0.7547169811320753,15499503.0
600477,20250515,2.65,2.61,2.62,2.65,-0.010000000000000231,-0.375939849624074,16719027.0
600477,20250514,2.64,2.61,2.64,2.66,-0.009999999999999787,-0.3745318352059823,18889895.0
600477,20250513,2.66,2.63,2.64,2.67,0.029999999999999805,1.1363636363636243,20895060.0
600477,20250512,2.62,2.6,2.64,2.64,-0.009999999999999787,-0.37735849056602655,16384216.0
600477,20250509,2.64,2.6,2.61,2.65,0.0,0.0,15852284.0
600477,20250508,2.6,2.59,2.64,2.65,0.009999999999999787,0.37878787878786735,19762338.0
600477,20250507,2.61,2.59,2.62,2.64,0.050000000000000266,1.9305019305019488,20059331.0
600477,20250506,2.53,2.53,2.58,2.59,0.04999999999999982,1.9685039370078705,21265226.0
600477,20250430,2.51,2.51,2.52,2.54,-0.009999999999999787,-0.39215686274508554,14098917.0
600477,20250429,2.52,2.51,2.51,2.55,-0.03000000000000025,-1.1627906976744318,14659500.0
600477,20250428,2.58,2.51,2.52,2.58,-0.029999999999999805,-1.1494252873563093,25435180.0
600477,20250425,2.57,2.56,2.58,2.61,0.0,0.0,15839032.0
600477,20250424,2.6,2.55,2.56,2.61,-0.020000000000000018,-0.760456273764254,17348314.0
600477,20250423,2.62,2.59,2.59,2.63,0.009999999999999787,0.3816793893129722,13416497.0
600477,20250422,2.59,2.58,2.61,2.62,0.020000000000000018,0.7692307692307665,14091074.0
600477,20250421,2.58,2.56,2.59,2.6,-0.020000000000000018,-0.7633587786259555,15162162.0
600477,20250418,2.59,2.56,2.59,2.62,-0.020000000000000018,-0.7575757575757569,21039070.0
600477,20250417,2.57,2.57,2.62,2.64,0.020000000000000018,0.7633587786259444,16427575.0
600477,20250416,2.61,2.55,2.59,2.62,-0.029999999999999805,-1.1320754716981019,15490086.0
600477,20250415,2.65,2.6,2.61,2.65,-0.010000000000000231,-0.375939849624074,12616787.0
600477,20250414,2.64,2.63,2.64,2.66,0.010000000000000231,0.37735849056603765,19707812.0
600477,20250411,2.61,2.59,2.62,2.65,-0.020000000000000018,-0.7490636704119868,17366453.0
600477,20250410,2.63,2.6,2.62,2.67,0.040000000000000036,1.520912547528508,33040393.0
600477,20250409,2.52,2.42,2.61,2.63,0.06000000000000005,2.3346303501945442,36823235.0
600477,20250408,2.5,2.5,2.55,2.57,-0.15000000000000036,-5.5147058823529544,37332018.0
600477,20250407,2.69,2.51,2.51,2.72,-0.06999999999999984,-2.508960573476693,45484900.0
600477,20250403,2.73,2.72,2.79,2.79,0.010000000000000231,0.3597122302158251,17857729.0
600477,20250402,2.75,2.74,2.75,2.78,-0.020000000000000018,-0.7142857142857117,10977766.0
600477,20250401,2.73,2.72,2.76,2.8,0.040000000000000036,1.449275362318847,23418556.0
600477,20250331,2.74,2.7,2.72,2.76,-0.020000000000000018,-0.7194244604316502,21712749.0
600477,20250328,2.78,2.74,2.75,2.78,-0.040000000000000036,-1.4184397163120588,19178585.0
600477,20250327,2.81,2.76,2.78,2.82,-0.010000000000000231,-0.35335689045937757,18358130.0
600477,20250326,2.79,2.78,2.82,2.83,0.020000000000000018,0.7117437722419906,16904280.0
600477,20250325,2.79,2.77,2.8,2.81,-0.040000000000000036,-1.403508771929829,18130296.0
600477,20250324,2.84,2.75,2.8,2.85,-0.029999999999999805,-1.041666666666663,34443064.0
600477,20250321,2.84,2.83,2.84,2.88,0.0,0.0,26356723.0
600477,20250320,2.84,2.83,2.85,2.88,0.0,0.0,23927271.0
600477,20250319,2.88,2.83,2.84,2.88,-0.03000000000000025,-1.0309278350515538,23925552.0
600477,20250318,2.91,2.87,2.88,2.91,-0.029999999999999805,-1.0204081632652962,23244208.0
600477,20250317,2.89,2.89,2.9,2.94,0.040000000000000036,1.379310344827589,27291391.0
600477,20250314,2.88,2.85,2.9,2.9,-0.010000000000000231,-0.3436426116838587,28294532.0
600477,20250313,2.9,2.83,2.88,2.91,-0.020000000000000018,-0.6825938566552892,31942835.0
600477,20250312,2.91,2.89,2.9,2.93,0.020000000000000018,0.6872852233676952,24938250.0
600477,20250311,2.9,2.87,2.91,2.91,-0.040000000000000036,-1.3559322033898313,25845424.0
600477,20250310,2.94,2.88,2.91,2.95,-0.05999999999999961,-1.9933554817275656,30712150.0
600477,20250307,2.93,2.91,2.93,3.01,0.009999999999999787,0.3333333333333188,41378455.0
600477,20250306,2.92,2.91,2.95,3.0,0.06999999999999984,2.3890784982935065,51576277.0
600477,20250305,2.91,2.86,2.91,2.93,0.0,0.0,33201221.0
600477,20250304,2.89,2.86,2.91,2.93,-0.009999999999999787,-0.340136054421758,33246099.0
600477,20250303,2.9,2.86,2.88,2.94,0.0,0.0,35211676.0
600477,20250228,2.94,2.87,2.88,2.94,-0.050000000000000266,-1.6722408026755953,44503339.0
600477,20250227,2.95,2.89,2.95,2.99,-0.08999999999999986,-2.9220779220779147,66202644.0
600477,20250226,2.96,2.96,2.99,3.08,0.08999999999999986,3.0100334448160515,94040016.0
600477,20250225,2.94,2.88,2.92,2.99,-0.07999999999999963,-2.6058631921824005,69778893.0
600477,20250224,3.07,2.93,2.96,3.07,0.06000000000000005,1.9933554817275656,166218168.0
600477,20250221,2.75,2.75,3.01,3.01,0.23999999999999977,8.664259927797824,105494170.0
600477,20250220,2.72,2.7,2.74,2.77,0.029999999999999805,1.0948905109488871,37477054.0
600477,20250219,2.71,2.69,2.74,2.74,-0.05999999999999961,-2.142857142857124,41662746.0
600477,20250218,2.78,2.7,2.71,2.8,-0.050000000000000266,-1.7543859649122862,46162656.0
600477,20250217,2.75,2.75,2.8,2.85,0.020000000000000018,0.7067137809187329,74448549.0
600477,20250214,2.81,2.73,2.75,2.83,-0.10999999999999988,-3.741496598639449,81009875.0
600477,20250213,2.9,2.82,2.83,2.94,-0.20000000000000018,-6.369426751592366,117037617.0
600477,20250212,3.06,2.91,3.01,3.14,0.2200000000000002,7.534246575342474,215580769.0
600477,20250211,2.7,2.63,2.92,2.92,0.21999999999999975,8.148148148148149,97922856.0
600477,20250210,2.59,2.57,2.65,2.7,0.11000000000000032,4.247104247104261,57938705.0
600477,20250207,2.51,2.5,2.57,2.59,0.06999999999999984,2.777777777777768,38795412.0
600477,20250206,2.49,2.46,2.5,2.52,0.020000000000000018,0.8000000000000007,24157991.0
600477,20250205,2.49,2.45,2.47,2.5,-0.04999999999999982,-1.9607843137254832,18718078.0
600477,20250127,2.49,2.46,2.46,2.55,0.05999999999999961,2.409638554216853,24664727.0
600477,20250124,2.45,2.42,2.48,2.49,-0.009999999999999787,-0.39999999999998925,20632158.0
600477,20250123,2.45,2.44,2.44,2.5,0.029999999999999805,1.2145748987854255,19832627.0
600477,20250122,2.45,2.41,2.43,2.47,-0.020000000000000018,-0.8032128514056214,14598683.0
600477,20250121,2.47,2.44,2.44,2.49,-0.009999999999999787,-0.39999999999998925,16811456.0
600477,20250120,2.48,2.44,2.47,2.5,0.020000000000000018,0.8064516129032251,16310344.0
600477,20250117,2.47,2.43,2.46,2.48,-0.040000000000000036,-1.5873015873015928,15527732.0
600477,20250116,2.45,2.45,2.46,2.52,0.04999999999999982,2.0242914979756943,23774500.0
600477,20250115,2.47,2.41,2.44,2.47,-0.009999999999999787,-0.40322580645160144,21607000.0
600477,20250114,2.4,2.4,2.47,2.48,0.06999999999999984,2.9045643153526868,27268742.0
600477,20250113,2.36,2.35,2.4,2.41,-0.040000000000000036,-1.6326530612244872,19430800.0
600477,20250110,2.43,2.37,2.37,2.45,0.0,0.0,17936135.0
600477,20250109,2.44,2.42,2.43,2.45,-0.04999999999999982,-1.9999999999999907,16844702.0
600477,20250108,2.48,2.41,2.45,2.5,-0.009999999999999787,-0.3984063745019806,21240400.0
600477,20250107,2.48,2.45,2.49,2.51,0.0,0.0,22259216.0
600477,20250106,2.46,2.41,2.49,2.51,-0.03000000000000025,-1.1811023622047334,24112136.0
600477,20250103,2.54,2.43,2.46,2.54,-0.06000000000000005,-2.3076923076923106,30716046.0
600477,20250102,2.57,2.5,2.52,2.6,-0.06000000000000005,-2.2556390977443663,28428960.0
600477,20241231,2.63,2.56,2.57,2.66,-0.009999999999999787,-0.3745318352059823,23489881.0
600477,20241230,2.67,2.6,2.63,2.67,-0.010000000000000231,-0.3731343283582156,23131228.0
600477,20241227,2.61,2.58,2.65,2.68,0.040000000000000036,1.5151515151515138,25134014.0
600477,20241226,2.61,2.59,2.61,2.64,-0.020000000000000018,-0.7518796992481258,23917213.0
600477,20241225,2.66,2.58,2.62,2.66,-0.009999999999999787,-0.3745318352059823,28608036.0
600477,20241224,2.63,2.62,2.66,2.67,-0.07000000000000028,-2.554744525547459,28867501.0
600477,20241223,2.73,2.62,2.63,2.74,-0.06999999999999984,-2.491103202846967,50987410.0
600477,20241220,2.78,2.73,2.73,2.81,0.03000000000000025,1.0791366906474975,29396643.0
600477,20241219,2.76,2.72,2.77,2.78,-0.06000000000000005,-2.1126760563380254,27944780.0
600477,20241218,2.83,2.77,2.78,2.84,-0.08000000000000007,-2.73972602739726,28520200.0
600477,20241217,2.91,2.79,2.81,2.92,-0.040000000000000036,-1.3513513513513487,36191427.0
600477,20241216,2.92,2.89,2.91,2.96,-0.06999999999999984,-2.310231023102305,28825392.0
600477,20241213,3.02,2.92,2.93,3.03,-0.010000000000000231,-0.328947368421062,39715184.0
600477,20241212,3.02,2.96,3.04,3.04,0.010000000000000231,0.33003300330034513,39804555.0
600477,20241211,2.92,2.92,3.02,3.03,-0.08000000000000007,-2.5723472668810365,52839068.0
600477,20241210,3.09,2.92,2.93,3.11,0.009999999999999787,0.3225806451612856,72609363.0
600477,20241209,3.06,2.97,3.01,3.1,0.040000000000000036,1.3071895424836555,52071390.0
600477,20241206,2.94,2.93,3.05,3.06,0.10000000000000009,3.378378378378377,59320102.0
600477,20241205,2.86,2.86,2.94,2.96,0.04999999999999982,1.7182130584192379,43802134.0
600477,20241204,2.89,2.85,2.87,2.91,-0.009999999999999787,-0.3424657534246478,29108119.0
600477,20241203,2.91,2.86,2.91,2.92,0.0,0.0,25990622.0
600477,20241202,2.8,2.78,2.91,2.92,0.1299999999999999,4.659498207885293,43357979.0
600477,20241129,2.75,2.73,2.78,2.79,0.0,0.0,22357320.0
600477,20241128,2.75,2.74,2.75,2.79,0.04999999999999982,1.8248175182481674,22625128.0
600477,20241127,2.7,2.63,2.74,2.74,0.0,0.0,26126907.0
600477,20241126,2.72,2.69,2.7,2.74,-0.03999999999999959,-1.4388489208632893,20247252.0
600477,20241125,2.73,2.65,2.73,2.78,-0.0900000000000003,-3.135888501742168,38501589.0
600477,20241122,2.87,2.74,2.75,2.87,-0.029999999999999805,-1.0344827586206806,25652106.0
600477,20241121,2.88,2.84,2.86,2.9,0.009999999999999787,0.34602076124565784,20773162.0
600477,20241120,2.86,2.83,2.89,2.89,0.010000000000000231,0.3472222222222321,25201611.0
600477,20241119,2.86,2.79,2.85,2.88,-0.03000000000000025,-1.0309278350515538,27331394.0
600477,20241118,2.87,2.83,2.85,2.91,0.0,0.0,36135477.0
600477,20241115,2.86,2.82,2.83,2.91,-0.06999999999999984,-2.348993288590595,29548798.0
600477,20241114,2.94,2.87,2.88,2.98,-0.06000000000000005,-1.9736842105263164,26972538.0
600477,20241113,3.01,2.91,2.95,3.04,-0.04999999999999982,-1.6181229773462702,39496839.0
600477,20241112,3.05,2.99,3.02,3.09,-0.020000000000000018,-0.6430868167202619,38902068.0
600477,20241111,3.08,3.03,3.07,3.11,-0.07000000000000028,-2.2012578616352307,34916577.0
600477,20241108,3.16,3.07,3.08,3.18,0.040000000000000036,1.273885350318471,44044709.0
600477,20241107,3.06,3.06,3.13,3.14,-0.08999999999999986,-2.786377708978327,62005322.0
600477,20241106,2.99,2.93,3.11,3.23,0.22999999999999998,7.666666666666666,122761340.0
600477,20241105,2.83,2.82,2.99,3.0,0.10999999999999988,3.806228373702414,55660786.0
600477,20241104,2.85,2.81,2.84,2.89,-0.040000000000000036,-1.3651877133105783,29303862.0
600477,20241101,2.9,2.82,2.84,2.93,0.03000000000000025,1.0344827586207028,40248775.0
600477,20241031,2.82,2.81,2.88,2.9,0.10000000000000009,3.571428571428581,48121982.0
600477,20241030,2.73,2.73,2.78,2.8,-0.07000000000000028,-2.4390243902439157,24051477.0
600477,20241029,2.86,2.73,2.75,2.87,0.020000000000000018,0.7017543859649145,43093030.0
600477,20241028,2.72,2.71,2.84,2.85,0.1200000000000001,4.395604395604402,47366213.0
600477,20241025,2.63,2.63,2.72,2.73,0.06000000000000005,2.2471910112359605,35495887.0
600477,20241024,2.66,2.61,2.64,2.67,-0.040000000000000036,-1.4760147601476037,23908560.0
600477,20241023,2.63,2.61,2.68,2.71,0.08000000000000007,3.041825095057038,34926712.0
600477,20241022,2.6,2.56,2.62,2.63,-0.020000000000000018,-0.7547169811320753,26291019.0
600477,20241021,2.64,2.6,2.62,2.65,-0.020000000000000018,-0.7490636704119868,36844157.0
600477,20241018,2.51,2.49,2.64,2.67,0.06000000000000005,2.298850574712641,64356943.0
600477,20241017,2.6,2.51,2.51,2.61,-0.010000000000000231,-0.3816793893129833,32222014.0
600477,20241016,2.52,2.51,2.58,2.62,0.0,0.0,31824596.0
600477,20241015,2.6,2.54,2.55,2.62,-0.009999999999999787,-0.3802281368821214,31389795.0
600477,20241014,2.59,2.54,2.61,2.63,-0.06000000000000005,-2.230483271375472,30303608.0
600477,20241011,2.67,2.54,2.57,2.69,-0.08000000000000007,-2.8880866425992857,40464497.0
600477,20241010,2.64,2.62,2.68,2.77,-0.10999999999999988,-3.819444444444442,40851812.0
600477,20241009,2.88,2.64,2.64,2.88,-0.18000000000000016,-5.882352941176472,58807953.0
600477,20241008,3.06,2.8,2.92,3.06,0.28000000000000025,10.07194244604317,86234876.0
600477,20240930,2.6,2.6,2.78,2.78,0.25,9.881422924901194,79911988.0
600477,20240927,2.49,2.46,2.53,2.53,0.07999999999999963,3.2653061224489743,25861598.0
600477,20240926,2.36,2.35,2.45,2.45,0.0,0.0,31091165.0
600477,20240925,2.31,2.3,2.36,2.45,0.16000000000000014,6.986899563318794,42618989.0
600477,20240924,2.2,2.2,2.29,2.29,0.08999999999999986,4.090909090909078,32129275.0
600477,20240923,2.19,2.17,2.18,2.2,-0.009999999999999787,-0.4524886877827927,7486549.0
600477,20240920,2.2,2.17,2.19,2.21,-0.010000000000000231,-0.45045045045045695,12396724.0
600477,20240919,2.15,2.14,2.2,2.22,0.050000000000000266,2.3041474654378113,20779515.0
600477,20240918,2.16,2.1,2.14,2.17,-0.010000000000000231,-0.4587155963302836,14873502.0
600477,20240913,2.17,2.15,2.16,2.18,-0.009999999999999787,-0.45662100456620447,8374600.0
600477,20240912,2.16,2.15,2.16,2.19,0.020000000000000018,0.9216589861751112,11736113.0
600477,20240911,2.16,2.13,2.15,2.17,0.0,0.0,9250031.0
600477,20240910,2.17,2.13,2.16,2.17,-0.010000000000000231,-0.4587155963302836,10566835.0
600477,20240909,2.15,2.14,2.16,2.18,-0.029999999999999805,-1.3574660633484115,12215700.0
600477,20240906,2.2,2.15,2.16,2.21,0.009999999999999787,0.4545454545454408,11253656.0
600477,20240905,2.18,2.17,2.2,2.2,-0.020000000000000018,-0.9009009009009028,6470459.0
600477,20240904,2.19,2.17,2.18,2.22,-0.009999999999999787,-0.4484304932735328,10227292.0
600477,20240903,2.2,2.18,2.2,2.23,-0.029999999999999805,-1.327433628318575,11198652.0
600477,20240902,2.24,2.2,2.2,2.26,-0.020000000000000018,-0.8771929824561431,12239617.0
600477,20240830,2.22,2.21,2.24,2.28,0.04999999999999982,2.2421524663676973,15299700.0
600477,20240829,2.19,2.17,2.23,2.23,0.020000000000000018,0.9049773755656076,9097204.0
600477,20240828,2.19,2.16,2.19,2.21,0.0,0.0,9396668.0
600477,20240827,2.2,2.16,2.19,2.21,-0.020000000000000018,-0.8968609865470878,12685373.0
600477,20240826,2.16,2.14,2.21,2.23,0.04999999999999982,2.2935779816513735,15398328.0
600477,20240823,2.18,2.13,2.15,2.18,-0.029999999999999805,-1.3574660633484115,15987234.0
600477,20240822,2.19,2.17,2.18,2.21,-0.020000000000000018,-0.8968609865470878,9805100.0
600477,20240821,2.21,2.18,2.19,2.23,-0.020000000000000018,-0.8888888888888946,8825000.0
600477,20240820,2.24,2.2,2.21,2.25,-0.020000000000000018,-0.8810572687224627,12302264.0
600477,20240819,2.25,2.23,2.24,2.27,-0.029999999999999805,-1.304347826086949,8745188.0
600477,20240816,2.29,2.25,2.25,2.3,-0.020000000000000018,-0.8620689655172376,10212100.0
600477,20240815,2.27,2.26,2.29,2.32,-0.010000000000000231,-0.42918454935623185,11798492.0
600477,20240814,2.31,2.28,2.28,2.33,0.020000000000000018,0.8658008658008587,8775499.0
600477,20240813,2.27,2.24,2.3,2.31,-0.009999999999999787,-0.4310344827586077,11060358.0
600477,20240812,2.3,2.26,2.27,2.32,-0.050000000000000266,-2.1097046413502185,12292800.0
600477,20240809,2.33,2.31,2.32,2.37,0.040000000000000036,1.7167381974249052,16029025.0
600477,20240808,2.31,2.28,2.32,2.33,-0.020000000000000018,-0.8510638297872353,9729096.0
600477,20240807,2.33,2.3,2.31,2.35,0.0,0.0,8615578.0
600477,20240806,2.31,2.31,2.34,2.35,-0.029999999999999805,-1.2605042016806678,10128114.0
600477,20240805,2.32,2.3,2.3,2.38,0.0,0.0,14035180.0
600477,20240802,2.36,2.34,2.34,2.38,-0.040000000000000036,-1.6528925619834767,11266732.0
600477,20240801,2.42,2.36,2.36,2.42,0.040000000000000036,1.680672268907557,13825023.0
600477,20240731,2.28,2.27,2.38,2.38,0.08999999999999986,3.9301310043668103,22445616.0
600477,20240730,2.24,2.24,2.28,2.29,0.020000000000000018,0.8810572687224738,9682327.0
600477,20240729,2.25,2.23,2.25,2.27,0.0,0.0,7639090.0
600477,20240726,2.22,2.22,2.25,2.27,0.020000000000000018,0.8888888888888946,10162890.0
600477,20240725,2.21,2.2,2.23,2.25,0.009999999999999787,0.44642857142855874,9186792.0
600477,20240724,2.23,2.2,2.21,2.24,-0.04999999999999982,-2.183406113537112,11123025.0
600477,20240723,2.26,2.23,2.23,2.29,0.020000000000000018,0.8810572687224738,12126353.0
600477,20240722,2.24,2.23,2.25,2.27,-0.009999999999999787,-0.43859649122806044,9124447.0
600477,20240719,2.26,2.22,2.25,2.28,0.0,0.0,11475060.0
600477,20240718,2.27,2.23,2.27,2.28,-0.020000000000000018,-0.8695652173913104,10626604.0
600477,20240717,2.26,2.25,2.27,2.3,0.029999999999999805,1.3215859030836885,12464156.0
600477,20240716,2.27,2.24,2.26,2.27,-0.040000000000000036,-1.7316017316017285,9093692.0
600477,20240715,2.31,2.25,2.26,2.31,-0.029999999999999805,-1.2820512820512775,10799756.0
600477,20240712,2.29,2.28,2.31,2.34,0.040000000000000036,1.7391304347826209,11370000.0
600477,20240711,2.23,2.23,2.29,2.3,0.04999999999999982,2.2222222222222143,17479676.0
600477,20240710,2.21,2.2,2.2,2.25,-0.009999999999999787,-0.4424778761061843,12432678.0
600477,20240709,2.25,2.17,2.23,2.26,-0.07000000000000028,-3.0042918454935785,21951535.0
600477,20240708,2.32,2.25,2.26,2.33,-0.009999999999999787,-0.42735042735041473,14653011.0
600477,20240705,2.31,2.29,2.33,2.34,-0.06000000000000005,-2.500000000000002,9722114.0
600477,20240704,2.39,2.3,2.31,2.4,-0.020000000000000018,-0.8264462809917328,14026243.0
600477,20240703,2.39,2.37,2.38,2.42,0.009999999999999787,0.4149377593360981,8256059.0
600477,20240702,2.36,2.36,2.39,2.41,0.020000000000000018,0.8368200836819994,11491750.0
600477,20240701,2.34,2.33,2.38,2.39,0.0,0.0,11376462.0
600477,20240628,2.34,2.33,2.33,2.39,-0.009999999999999787,-0.4166666666666541,13228960.0
600477,20240627,2.38,2.34,2.34,2.4,0.0,0.0,12843015.0
600477,20240626,2.34,2.31,2.39,2.4,0.020000000000000018,0.8403361344537785,16024859.0
600477,20240625,2.34,2.33,2.35,2.38,-0.040000000000000036,-1.6528925619834767,12300793.0
600477,20240624,2.42,2.33,2.34,2.42,-0.03000000000000025,-1.224489795918382,14791275.0
600477,20240621,2.41,2.4,2.42,2.45,-0.009999999999999787,-0.40650406504064707,10957317.0
600477,20240620,2.45,2.4,2.4,2.46,-0.040000000000000036,-1.6000000000000014,12681291.0
600477,20240619,2.49,2.45,2.46,2.5,0.009999999999999787,0.40160642570279403,9917835.0
600477,20240618,2.45,2.44,2.48,2.49,0.0,0.0,8590193.0
600477,20240617,2.46,2.44,2.45,2.49,0.010000000000000231,0.40322580645162365,9750280.0
600477,20240614,2.46,2.44,2.47,2.48,-0.04999999999999982,-1.9762845849802257,11634885.0
600477,20240613,2.52,2.46,2.47,2.53,-0.010000000000000231,-0.3937007874015852,13121670.0
600477,20240612,2.51,2.5,2.52,2.54,0.010000000000000231,0.39525691699606735,8494600.0
600477,20240611,2.5,2.48,2.52,2.53,-0.06000000000000005,-2.316602316602323,11602107.0
600477,20240607,2.52,2.51,2.57,2.59,-0.040000000000000036,-1.520912547528519,15936316.0
600477,20240606,2.61,2.5,2.51,2.63,-0.03000000000000025,-1.1278195488721887,23234649.0
600477,20240605,2.64,2.61,2.62,2.66,0.010000000000000231,0.37735849056603765,9524726.0
600477,20240604,2.62,2.6,2.64,2.65,-0.050000000000000266,-1.85185185185186,11730656.0
600477,20240603,2.69,2.61,2.63,2.7,-0.020000000000000018,-0.7352941176470562,16580414.0
600477,20240531,2.7,2.69,2.69,2.72,-0.020000000000000018,-0.7299270072992692,10494317.0
600477,20240530,2.71,2.69,2.7,2.74,-0.019999999999999574,-0.7246376811594013,10398983.0
600477,20240529,2.7,2.69,2.72,2.76,0.009999999999999787,0.363636363636366,13071329.0
600477,20240528,2.75,2.7,2.71,2.75,-0.040000000000000036,-1.4336917562724039,14004408.0
600477,20240527,2.76,2.71,2.75,2.79,-0.020000000000000018,-0.7117437722419906,19524521.0
600477,20240524,2.78,2.76,2.76,2.81,-0.04999999999999982,-1.748251748251739,13959820.0
600477,20240523,2.85,2.78,2.78,2.86,-0.020000000000000018,-0.694444444444442,23028615.0
600477,20240522,2.79,2.78,2.87,2.88,0.029999999999999805,1.0526315789473717,26165584.0
600477,20240521,2.84,2.78,2.79,2.85,-0.040000000000000036,-1.384083044982698,17799103.0
600477,20240520,2.88,2.83,2.84,2.89,0.020000000000000018,0.6968641114982521,20465439.0
600477,20240517,2.79,2.77,2.87,2.87,0.06000000000000005,2.1352313167259718,27333816.0
600477,20240516,2.75,2.75,2.79,2.81,0.040000000000000036,1.4440433212996373,20033754.0
600477,20240515,2.76,2.75,2.75,2.77,-0.029999999999999805,-1.0714285714285676,11532245.0
600477,20240514,2.76,2.75,2.76,2.8,0.009999999999999787,0.35842293906809264,14090043.0
600477,20240513,2.79,2.74,2.76,2.79,-0.040000000000000036,-1.4134275618374548,13862264.0
600477,20240510,2.83,2.76,2.79,2.83,0.0,0.0,16419229.0
600477,20240509,2.75,2.75,2.82,2.83,0.010000000000000231,0.35460992907803135,16077876.0
600477,20240508,2.82,2.76,2.76,2.82,-0.020000000000000018,-0.7042253521126751,13693099.0
600477,20240507,2.83,2.8,2.82,2.84,-0.03000000000000025,-1.0452961672474004,14321361.0
600477,20240506,2.85,2.82,2.83,2.87,0.020000000000000018,0.7017543859649145,16814544.0
600477,20240430,2.83,2.79,2.82,2.85,0.020000000000000018,0.7067137809187329,16402712.0
600477,20240429,2.75,2.73,2.83,2.83,0.08000000000000007,2.9090909090909056,22982348.0
600477,20240426,2.69,2.68,2.74,2.75,0.029999999999999805,1.1029411764705843,19340340.0
600477,20240425,2.67,2.66,2.7,2.72,0.03000000000000025,1.115241635687747,11034531.0
600477,20240424,2.67,2.66,2.69,2.69,-0.010000000000000231,-0.37037037037037646,10730900.0
600477,20240423,2.68,2.65,2.67,2.7,-0.020000000000000018,-0.7352941176470562,13248136.0
600477,20240422,2.68,2.64,2.66,2.72,-0.009999999999999787,-0.3663003663003539,14148494.0
600477,20240419,2.71,2.66,2.67,2.73,0.0,0.0,14142376.0
600477,20240418,2.69,2.66,2.71,2.73,0.040000000000000036,1.486988847583648,15925530.0
600477,20240417,2.59,2.59,2.69,2.69,0.0,0.0,19663658.0
600477,20240416,2.67,2.57,2.58,2.69,-0.08999999999999986,-3.237410071942437,24271958.0
600477,20240415,2.76,2.64,2.7,2.78,-0.050000000000000266,-1.7667844522968323,24014971.0
600477,20240412,2.81,2.76,2.76,2.83,-0.020000000000000018,-0.7017543859649145,12047339.0
600477,20240411,2.8,2.78,2.82,2.85,-0.020000000000000018,-0.6968641114982632,11750771.0
600477,20240410,2.87,2.79,2.81,2.87,-0.009999999999999787,-0.3472222222222099,14401400.0
600477,20240409,2.84,2.83,2.87,2.88,-0.03000000000000025,-1.0309278350515538,11195192.0
600477,20240408,2.9,2.82,2.82,2.91,-0.009999999999999787,-0.3424657534246478,17132724.0
600477,20240403,2.9,2.86,2.9,2.92,0.020000000000000018,0.6896551724137945,15288838.0
600477,20240402,2.88,2.85,2.89,2.9,0.020000000000000018,0.694444444444442,18978603.0
600477,20240401,2.78,2.78,2.87,2.88,0.10000000000000009,3.597122302158273,23190178.0
600477,20240329,2.77,2.74,2.77,2.78,-0.010000000000000231,-0.35842293906810374,8896476.0
600477,20240328,2.73,2.72,2.76,2.79,-0.009999999999999787,-0.35714285714284477,14973368.0
600477,20240327,2.8,2.72,2.73,2.8,-0.03000000000000025,-1.0600706713780994,14965748.0
600477,20240326,2.81,2.76,2.8,2.83,-0.040000000000000036,-1.3937282229965153,18013019.0
600477,20240325,2.85,2.81,2.81,2.87,-0.04999999999999982,-1.7123287671232834,16650279.0
600477,20240322,2.92,2.83,2.85,2.92,-0.040000000000000036,-1.3513513513513487,24488706.0
600477,20240321,2.95,2.9,2.92,2.96,0.009999999999999787,0.3389830508474523,17224610.0
600477,20240320,2.94,2.92,2.94,2.95,-0.029999999999999805,-1.0067114093959662,14099854.0
600477,20240319,2.97,2.93,2.93,2.98,0.009999999999999787,0.33670033670032407,17162269.0
600477,20240318,2.95,2.93,2.97,2.97,0.020000000000000018,0.6779661016949268,17511670.0
600477,20240315,2.92,2.9,2.95,2.95,-0.020000000000000018,-0.6734006734006703,17410179.0
600477,20240314,2.96,2.9,2.93,2.97,-0.009999999999999787,-0.3355704697986517,13779552.0
600477,20240313,2.97,2.94,2.94,2.98,0.0,0.0,14486401.0
600477,20240312,2.96,2.93,2.97,2.98,0.020000000000000018,0.6756756756756799,16929460.0
600477,20240311,2.89,2.89,2.96,2.96,0.029999999999999805,1.0238907849829282,21559130.0
600477,20240308,2.91,2.86,2.9,2.93,-0.020000000000000018,-0.6779661016949157,11141015.0
600477,20240307,2.91,2.88,2.88,2.95,0.0,0.0,15223408.0
600477,20240306,2.9,2.88,2.91,2.95,0.0,0.0,14053000.0
600477,20240305,2.94,2.89,2.9,2.95,-0.06999999999999984,-2.3178807947019764,16800180.0
600477,20240304,3.0,2.93,2.95,3.02,0.0,0.0,17953089.0
600477,20240301,2.98,2.97,3.01,3.02,0.029999999999999805,1.0033444816053505,19436862.0
600477,20240229,2.93,2.92,2.99,2.99,-0.11999999999999966,-3.858520900321538,20954065.0
600477,20240228,2.99,2.94,2.94,3.11,0.10999999999999988,3.6666666666666625,40367334.0
600477,20240227,2.96,2.94,3.0,3.0,-0.009999999999999787,-0.33222591362125353,16623513.0
600477,20240226,2.96,2.93,2.96,3.01,0.03999999999999959,1.3468013468013407,18930416.0
600477,20240223,2.94,2.9,2.96,2.97,0.0,0.0,19188466.0
600477,20240222,2.93,2.91,2.94,2.97,-0.03999999999999959,-1.3289036544850363,14159823.0
600477,20240221,2.87,2.85,2.93,3.01,0.08999999999999986,3.082191780821919,22451002.0
600477,20240220,2.91,2.84,2.89,2.92,-0.08000000000000007,-2.6666666666666727,14900857.0
600477,20240219,2.98,2.89,2.91,3.0,0.0,0.0,25327494.0
600477,20240208,2.8,2.8,2.94,3.0,0.18000000000000016,6.382978723404253,28228199.0
600477,20240207,2.68,2.68,2.81,2.82,0.08999999999999986,3.296703296703285,29561830.0
600477,20240206,2.49,2.4,2.68,2.73,0.04999999999999982,1.8656716417910335,28074015.0
600477,20240205,2.68,2.46,2.51,2.68,-0.1599999999999997,-5.633802816901401,30635937.0
600477,20240202,2.81,2.57,2.69,2.84,-0.07000000000000028,-2.4054982817869552,24876250.0
600477,20240201,2.87,2.81,2.82,2.91,-0.06000000000000005,-2.020202020202022,16656429.0
600477,20240131,2.96,2.86,2.87,2.97,-0.08999999999999986,-2.941176470588236,17277989.0
600477,20240130,3.03,2.95,2.97,3.06,-0.08000000000000007,-2.547770700636942,13704309.0
600477,20240129,3.13,3.02,3.02,3.14,-0.009999999999999787,-0.31746031746030523,15644715.0
600477,20240126,3.1,3.09,3.12,3.15,0.04999999999999982,1.6129032258064502,17381684.0
600477,20240125,3.01,2.99,3.09,3.1,0.10000000000000009,3.3333333333333437,17330522.0
600477,20240124,2.93,2.88,3.0,3.0,0.04999999999999982,1.6949152542372836,15695168.0
600477,20240123,2.88,2.84,2.93,2.95,-0.13999999999999968,-4.53074433656957,16429530.0
600477,20240122,3.09,2.87,2.88,3.09,-0.08000000000000007,-2.5236593059936974,25423270.0
600477,20240119,3.16,3.08,3.09,3.17,-0.010000000000000231,-0.3144654088050425,17026800.0
600477,20240118,3.15,3.08,3.17,3.18,-0.07999999999999963,-2.4539877300613355,21172305.0
600477,20240117,3.25,3.16,3.17,3.26,-0.020000000000000018,-0.6097560975609762,13354771.0
600477,20240116,3.23,3.2,3.25,3.28,-0.020000000000000018,-0.60606060606061,17322400.0
600477,20240115,3.24,3.2,3.23,3.3,-0.03000000000000025,-0.9009009009009028,21377620.0
600477,20240112,3.22,3.22,3.27,3.33,0.06000000000000005,1.8348623853211121,24234834.0
600477,20240111,3.18,3.16,3.24,3.27,0.029999999999999805,0.92592592592593,18332542.0
600477,20240110,3.15,3.12,3.17,3.24,0.010000000000000231,0.3095975232198178,16035958.0
600477,20240109,3.13,3.12,3.17,3.23,0.029999999999999805,0.9374999999999911,13221756.0
600477,20240108,3.19,3.12,3.13,3.2,-0.05999999999999961,-1.8404907975460016,13459760.0
600477,20240105,3.23,3.18,3.19,3.26,-0.010000000000000231,-0.3058103975535187,13180270.0
600477,20240104,3.26,3.22,3.25,3.27,-0.029999999999999805,-0.9090909090909038,8863983.0
600477,20240103,3.27,3.23,3.28,3.3,-0.010000000000000231,-0.30211480362538623,13118280.0
600477,20240102,3.27,3.26,3.29,3.31,0.020000000000000018,0.6079027355623046,14138021.0
600477,20231229,3.27,3.25,3.29,3.29,0.020000000000000018,0.6116207951070374,18123822.0
600477,20231228,3.1,3.09,3.27,3.27,0.1299999999999999,4.14012738853502,27799353.0
600477,20231227,3.13,3.07,3.1,3.14,-0.020000000000000018,-0.6329113924050667,12055414.0
600477,20231226,3.15,3.13,3.13,3.16,-0.020000000000000018,-0.6289308176100628,7128935.0
600477,20231225,3.18,3.14,3.16,3.18,-0.029999999999999805,-0.9345794392523255,5557835.0
600477,20231222,3.19,3.15,3.17,3.21,0.0,0.0,12680381.0
600477,20231221,3.14,3.12,3.19,3.21,0.020000000000000018,0.6269592476489061,15542014.0
600477,20231220,3.18,3.14,3.14,3.19,-0.020000000000000018,-0.6230529595015577,8271874.0
600477,20231219,3.17,3.15,3.18,3.21,-0.040000000000000036,-1.2307692307692353,10156020.0
600477,20231218,3.24,3.17,3.17,3.25,-0.040000000000000036,-1.2158054711246202,14015083.0
600477,20231215,3.26,3.23,3.24,3.29,0.0,0.0,10244759.0
600477,20231214,3.27,3.25,3.25,3.29,-0.009999999999999787,-0.3030303030302939,10102978.0
600477,20231213,3.28,3.25,3.26,3.3,0.0,0.0,9030735.0
600477,20231212,3.29,3.26,3.29,3.3,0.009999999999999787,0.3039513677811412,7575875.0
600477,20231211,3.26,3.22,3.29,3.29,-0.04999999999999982,-1.4970059880239472,12021273.0
600477,20231208,3.31,3.25,3.26,3.34,0.009999999999999787,0.30030030030030463,19884171.0
600477,20231207,3.33,3.29,3.31,3.33,-0.020000000000000018,-0.5970149253731294,11504600.0
600477,20231206,3.3,3.29,3.33,3.35,-0.029999999999999805,-0.8875739644970349,11755780.0
600477,20231205,3.38,3.29,3.29,3.38,-0.010000000000000231,-0.2949852507374673,16554200.0
600477,20231204,3.36,3.35,3.37,3.39,0.020000000000000018,0.5934718100890191,12264688.0
600477,20231201,3.35,3.32,3.36,3.37,-0.009999999999999787,-0.2958579881656709,10610134.0
600477,20231130,3.38,3.32,3.34,3.38,-0.06000000000000005,-1.744186046511631,15032278.0
600477,20231129,3.43,3.37,3.38,3.44,0.0,0.0,14875624.0
600477,20231128,3.43,3.4,3.43,3.44,-0.020000000000000018,-0.5780346820809301,11936875.0
600477,20231127,3.45,3.41,3.43,3.46,-0.06000000000000005,-1.7045454545454586,15975793.0
600477,20231124,3.51,3.45,3.45,3.52,-0.009999999999999787,-0.28328611898016387,18253257.0
600477,20231123,3.48,3.47,3.52,3.53,-0.010000000000000231,-0.28248587570621764,13201730.0
600477,20231122,3.51,3.48,3.48,3.54,-0.029999999999999805,-0.8403361344537785,17908081.0
600477,20231121,3.55,3.51,3.53,3.57,0.020000000000000018,0.5633802816901401,18465172.0
600477,20231120,3.53,3.49,3.54,3.55,0.0,0.0,18481326.0
600477,20231117,3.54,3.5,3.53,3.55,-0.06000000000000005,-1.6620498614958512,15464546.0
600477,20231116,3.61,3.54,3.55,3.61,-0.050000000000000266,-1.3661202185792476,22429150.0
600477,20231115,3.57,3.55,3.62,3.66,0.040000000000000036,1.104972375690605,30538255.0
600477,20231114,3.59,3.53,3.55,3.62,0.0,0.0,23182406.0
600477,20231113,3.48,3.48,3.6,3.62,0.11000000000000032,3.1339031339031376,32106426.0
600477,20231110,3.51,3.45,3.47,3.51,-0.040000000000000036,-1.1267605633802802,10971719.0
600477,20231109,3.51,3.5,3.5,3.55,0.020000000000000018,0.56657223796035,13093356.0
600477,20231108,3.53,3.49,3.52,3.53,-0.010000000000000231,-0.28248587570621764,10956120.0
600477,20231107,3.54,3.48,3.52,3.54,0.0,0.0,11288272.0
600477,20231106,3.46,3.45,3.53,3.54,0.08999999999999986,2.608695652173898,23282630.0
600477,20231103,3.43,3.4,3.43,3.45,-0.020000000000000018,-0.5763688760806907,11089284.0
600477,20231102,3.45,3.4,3.4,3.47,0.0,0.0,12746700.0
600477,20231101,3.45,3.43,3.44,3.47,-0.020000000000000018,-0.5730659025787954,10134452.0
600477,20231031,3.48,3.44,3.45,3.49,-0.04999999999999982,-1.412429378531066,13170445.0
600477,20231030,3.54,3.44,3.47,3.54,-0.029999999999999805,-0.8403361344537785,23126786.0
600477,20231027,3.52,3.49,3.54,3.57,0.020000000000000018,0.5633802816901401,14892663.0
600477,20231026,3.49,3.45,3.54,3.55,0.040000000000000036,1.139601139601143,21732358.0
600477,20231025,3.44,3.43,3.5,3.51,0.10999999999999988,3.2352941176470473,23173824.0
600477,20231024,3.3,3.3,3.4,3.4,0.009999999999999787,0.2949852507374562,19507735.0
600477,20231023,3.39,3.28,3.3,3.39,-0.040000000000000036,-1.1661807580174988,20318350.0
600477,20231020,3.38,3.37,3.39,3.43,-0.020000000000000018,-0.5797101449275366,12197100.0
600477,20231019,3.4,3.38,3.4,3.45,-0.020000000000000018,-0.5763688760806907,15023879.0
600477,20231018,3.47,3.41,3.41,3.47,-0.03999999999999959,-1.1396011396011319,16152004.0
600477,20231017,3.51,3.45,3.47,3.51,-0.020000000000000018,-0.5665722379603388,12986498.0
600477,20231016,3.52,3.47,3.5,3.53,-0.050000000000000266,-1.3966480446927498,16980622.0
600477,20231013,3.57,3.51,3.52,3.58,-0.020000000000000018,-0.5555555555555536,14591503.0
600477,20231012,3.55,3.54,3.58,3.6,0.03000000000000025,0.8403361344537785,15878899.0
600477,20231011,3.55,3.53,3.54,3.57,-0.06000000000000005,-1.6528925619834767,12204190.0
600477,20231010,3.6,3.53,3.54,3.63,-0.020000000000000018,-0.5479452054794498,20629507.0
600477,20231009,3.65,3.59,3.6,3.65,-0.03000000000000025,-0.815217391304357,20099618.0
600477,20230928,3.65,3.64,3.66,3.68,0.0,0.0,11906436.0
600477,20230927,3.62,3.6,3.65,3.68,0.03000000000000025,0.8219178082191858,16802554.0
600477,20230926,3.63,3.6,3.61,3.65,-0.07000000000000028,-1.8817204301075363,12845840.0
600477,20230925,3.71,3.64,3.64,3.72,0.0,0.0,16796000.0
600477,20230922,3.68,3.64,3.71,3.72,-0.009999999999999787,-0.2680965147452974,17103565.0
600477,20230921,3.7,3.67,3.68,3.73,-0.010000000000000231,-0.2673796791443861,11932719.0
600477,20230920,3.74,3.7,3.7,3.74,-0.04999999999999982,-1.319261213720313,13572140.0
600477,20230919,3.79,3.73,3.74,3.79,-0.009999999999999787,-0.2631578947368318,15138668.0
600477,20230918,3.74,3.71,3.78,3.8,0.020000000000000018,0.5291005291005346,13077365.0
600477,20230915,3.77,3.74,3.76,3.78,-0.020000000000000018,-0.5263157894736858,9602463.0
600477,20230914,3.8,3.74,3.76,3.8,-0.040000000000000036,-1.041666666666663,15708539.0
600477,20230913,3.82,3.77,3.79,3.84,-0.010000000000000231,-0.25974025974027093,15835145.0
600477,20230912,3.84,3.81,3.83,3.85,0.0,0.0,12617205.0
600477,20230911,3.82,3.78,3.83,3.85,0.0,0.0,17086709.0
600477,20230908,3.8,3.8,3.81,3.85,-0.08000000000000007,-2.0356234096692183,12667490.0
600477,20230907,3.91,3.83,3.84,3.93,0.010000000000000231,0.25510204081633514,18344902.0
600477,20230906,3.91,3.88,3.91,3.92,-0.03000000000000025,-0.75949367088608,10356449.0
600477,20230905,3.93,3.89,3.92,3.95,0.010000000000000231,0.2538071065989911,17289680.0
600477,20230904,3.87,3.86,3.94,3.94,0.04999999999999982,1.285347043701801,21829239.0
600477,20230901,3.82,3.81,3.88,3.89,0.0,0.0,17033440.0
600477,20230831,3.85,3.81,3.82,3.89,-0.020000000000000018,-0.5115089514066473,13883300.0
600477,20230830,3.89,3.85,3.86,3.91,0.0,0.0,15332233.0
600477,20230829,3.81,3.8,3.89,3.91,-0.020000000000000018,-0.5089058524173073,24024778.0
600477,20230828,3.93,3.8,3.82,3.93,0.16000000000000014,4.244031830238737,37751293.0
600477,20230825,3.73,3.68,3.71,3.77,-0.06000000000000005,-1.5665796344647487,20779175.0
600477,20230824,3.83,3.73,3.75,3.83,-0.06999999999999984,-1.7948717948717885,20941749.0
600477,20230823,3.9,3.81,3.82,3.9,-0.040000000000000036,-1.0152284263959421,16782218.0
600477,20230822,3.92,3.85,3.9,3.94,-0.03000000000000025,-0.7556675062972307,19802163.0
600477,20230821,3.94,3.9,3.9,3.97,-0.04999999999999938,-1.243781094527352,16802014.0
600477,20230818,4.01,3.93,3.93,4.02,0.0,0.0,17438400.0
600477,20230817,3.96,3.93,4.01,4.02,0.009999999999999787,0.24937655860348684,16616029.0
600477,20230816,3.96,3.96,3.98,4.01,-0.009999999999999787,-0.24875621890546595,14307041.0
600477,20230815,4.01,3.95,3.99,4.02,0.0,0.0,12744160.0
600477,20230814,3.98,3.94,4.01,4.02,-0.0600000000000005,-1.4705882352941346,24112787.0
600477,20230811,4.06,4.0,4.01,4.08,0.0,0.0,24441551.0
600477,20230810,4.05,4.05,4.06,4.08,-0.019999999999999574,-0.4878048780487698,14955808.0
600477,20230809,4.08,4.05,4.06,4.1,-0.040000000000000036,-0.9661835748792313,15991556.0
600477,20230808,4.12,4.05,4.07,4.14,-0.03000000000000025,-0.7194244604316613,26803448.0
600477,20230807,4.16,4.11,4.12,4.17,-0.0600000000000005,-1.4184397163120699,20456092.0
600477,20230804,4.19,4.16,4.18,4.23,0.03000000000000025,0.7142857142857117,24932741.0
600477,20230803,4.19,4.14,4.18,4.2,-0.040000000000000036,-0.9433962264150941,18928890.0
600477,20230802,4.22,4.17,4.19,4.24,-0.02999999999999936,-0.7025761124121677,21879913.0
600477,20230801,4.25,4.2,4.21,4.27,0.009999999999999787,0.23474178403755097,29503863.0
600477,20230731,4.15,4.15,4.24,4.26,0.09999999999999964,2.4038461538461453,49892208.0
600477,20230728,4.11,4.08,4.15,4.16,0.009999999999999787,0.24096385542167198,27858235.0
600477,20230727,4.14,4.1,4.12,4.15,-0.009999999999999787,-0.24038461538461453,24816597.0
600477,20230726,4.1,4.09,4.13,4.16,0.0600000000000005,1.4634146341463428,37783640.0
600477,20230725,4.02,4.01,4.09,4.1,0.0699999999999994,1.7369727047146233,34267390.0
600477,20230724,4.0,3.99,4.01,4.03,0.020000000000000462,0.4987531172069959,12707953.0
600477,20230721,4.0,3.96,4.0,4.01,-0.040000000000000036,-0.987654320987652,14813280.0
600477,20230720,4.02,3.99,4.0,4.05,0.009999999999999787,0.24752475247524774,17678829.0
600477,20230719,4.01,3.99,4.02,4.04,0.009999999999999787,0.2481389578163684,16855616.0
600477,20230718,4.01,3.98,4.02,4.03,-0.009999999999999787,-0.24752475247524774,12194776.0
600477,20230717,4.04,3.98,4.0,4.04,-0.03000000000000025,-0.7371007371007376,19025612.0
600477,20230714,4.06,4.03,4.04,4.07,-0.019999999999999574,-0.4889975550122161,17537733.0
600477,20230713,4.05,4.04,4.07,4.09,-0.03000000000000025,-0.728155339805836,16028926.0
600477,20230712,4.12,4.04,4.04,4.12,-0.019999999999999574,-0.48309178743960457,21338311.0
600477,20230711,4.12,4.09,4.1,4.14,0.009999999999999787,0.2421307506053294,12734007.0
600477,20230710,4.1,4.08,4.11,4.13,0.009999999999999787,0.24271844660193054,15702658.0
600477,20230707,4.07,4.06,4.1,4.12,0.0,0.0,18131916.0
600477,20230706,4.09,4.06,4.1,4.12,-0.03000000000000025,-0.7228915662650715,22405574.0
600477,20230705,4.13,4.08,4.1,4.15,-0.04999999999999982,-1.1904761904761862,18268380.0
600477,20230704,4.15,4.11,4.13,4.2,-0.040000000000000036,-0.9433962264150941,25917683.0
600477,20230703,4.13,4.13,4.16,4.24,0.1200000000000001,2.9126213592232997,48172564.0
600477,20230630,4.1,4.05,4.09,4.12,0.0,0.0,29546538.0
600477,20230629,3.97,3.96,4.1,4.12,0.10000000000000053,2.4875621890547484,50257909.0
600477,20230628,4.02,3.92,3.99,4.02,0.0,0.0,24311988.0
600477,20230627,3.88,3.88,4.01,4.02,0.04999999999999938,1.2594458438287104,33690852.0
600477,20230626,3.96,3.88,3.88,3.97,-0.1599999999999997,-3.874092009685226,38919956.0
600477,20230621,4.04,3.98,3.98,4.13,0.07000000000000028,1.7241379310344973,56684297.0
600477,20230620,4.04,4.02,4.03,4.06,-0.05000000000000071,-1.2165450121654708,22450894.0
600477,20230619,4.1,4.04,4.05,4.11,-0.10999999999999943,-2.6066350710900354,31555228.0
600477,20230616,4.09,4.07,4.14,4.22,0.1299999999999999,3.17848410757946,57283864.0
600477,20230615,4.01,3.99,4.08,4.09,0.03000000000000025,0.7389162561576512,35429230.0
600477,20230614,4.05,4.01,4.01,4.06,-0.040000000000000036,-0.9756097560975618,23237577.0
600477,20230613,4.07,4.04,4.05,4.1,0.0,0.0,20262588.0
600477,20230612,4.03,4.0,4.08,4.1,0.040000000000000036,0.9852216748768461,33086442.0
600477,20230609,4.04,4.01,4.06,4.06,-0.010000000000000675,-0.24570024570026439,21686067.0
600477,20230608,4.01,4.01,4.04,4.07,-0.019999999999999574,-0.4889975550122161,19688603.0
600477,20230607,4.06,4.03,4.03,4.09,-0.08999999999999986,-2.1531100478468845,25838098.0
600477,20230606,4.18,4.05,4.06,4.18,-0.03000000000000025,-0.7125890736342066,37945312.0
600477,20230605,4.15,4.13,4.19,4.21,0.040000000000000036,0.9592326139088669,31800035.0
600477,20230602,4.12,4.09,4.14,4.17,0.040000000000000036,0.9685230024213176,23264636.0
600477,20230601,4.08,4.06,4.09,4.13,0.019999999999999574,0.48661800486617945,19614245.0
600477,20230531,4.1,4.06,4.1,4.11,-0.019999999999999574,-0.4842615012106477,20048125.0
600477,20230530,4.05,4.05,4.1,4.13,-0.0600000000000005,-1.4319809069212486,22091507.0
600477,20230529,4.18,4.07,4.09,4.19,-0.05999999999999961,-1.4117647058823457,36609561.0
600477,20230526,4.22,4.12,4.19,4.25,-0.04999999999999982,-1.1627906976744096,53658699.0
600477,20230525,4.1,4.08,4.26,4.3,0.10999999999999943,2.6252983293555854,82694523.0
600477,20230524,4.14,4.09,4.12,4.19,0.020000000000000462,0.4796163069544557,47416355.0
600477,20230523,4.11,4.06,4.12,4.17,0.040000000000000036,0.9685230024213176,34846500.0
600477,20230522,4.1,4.08,4.1,4.13,0.0,0.0,19668002.0
600477,20230519,4.07,4.04,4.1,4.13,-0.020000000000000462,-0.48192771084338837,26469160.0
600477,20230518,4.14,4.05,4.08,4.15,-0.040000000000000036,-0.9546539379474916,38192236.0
600477,20230517,4.07,4.06,4.16,4.19,0.0600000000000005,1.4527845036319764,31813630.0
600477,20230516,4.13,4.06,4.07,4.13,-0.040000000000000036,-0.959232613908878,25699033.0
600477,20230515,4.01,4.01,4.12,4.17,-0.07000000000000028,-1.650943396226423,40415072.0
600477,20230512,4.24,4.03,4.03,4.24,-0.10999999999999943,-2.5287356321838983,83282390.0
600477,20230511,4.3,4.2,4.3,4.35,0.019999999999999574,0.4618937644341736,25019447.0
600477,20230510,4.28,4.26,4.3,4.33,-0.09999999999999964,-2.2573363431151128,25790175.0
600477,20230509,4.42,4.28,4.3,4.43,-0.020000000000000462,-0.44943820224719877,43056250.0
600477,20230508,4.4,4.37,4.42,4.45,-0.040000000000000036,-0.8908685968819552,26727756.0
600477,20230505,4.45,4.37,4.37,4.49,0.020000000000000462,0.4474272930648837,35324912.0
600477,20230504,4.41,4.36,4.46,4.47,0.019999999999999574,0.44943820224718767,31770363.0
600477,20230428,4.25,4.23,4.44,4.45,0.1200000000000001,2.771362586605086,52195066.0
600477,20230427,4.3,4.2,4.23,4.33,-0.03000000000000025,-0.6880733944954143,43367973.0
600477,20230426,4.21,4.16,4.3,4.36,0.040000000000000036,0.92592592592593,40804397.0
600477,20230425,4.26,4.18,4.2,4.32,-0.040000000000000036,-0.9174311926605561,34588113.0
600477,20230424,4.35,4.25,4.27,4.36,-0.1899999999999995,-4.175824175824161,34121516.0
600477,20230421,4.48,4.34,4.35,4.55,0.0699999999999994,1.5624999999999778,43896636.0
600477,20230420,4.46,4.26,4.47,4.48,-0.13999999999999968,-3.0303030303030276,75837489.0
600477,20230419,4.62,4.45,4.46,4.62,-0.040000000000000036,-0.8583690987124526,69404486.0
600477,20230418,4.65,4.53,4.62,4.66,-0.04999999999999982,-1.0615711252653925,53285341.0
600477,20230417,4.58,4.57,4.62,4.71,0.08000000000000007,1.7278617710583255,65672898.0
600477,20230414,4.53,4.53,4.58,4.63,-0.0600000000000005,-1.279317697228155,41051323.0
600477,20230413,4.69,4.52,4.53,4.69,-0.009999999999999787,-0.21276595744680327,65317938.0
600477,20230412,4.61,4.53,4.66,4.7,0.0600000000000005,1.2931034482758674,85702014.0
600477,20230411,4.51,4.44,4.56,4.64,0.1200000000000001,2.6548672566371723,71160429.0
600477,20230410,4.46,4.44,4.48,4.52,-0.040000000000000036,-0.8771929824561431,39734588.0
600477,20230407,4.54,4.44,4.46,4.56,-0.0600000000000005,-1.2987012987013102,58744168.0
600477,20230406,4.49,4.44,4.56,4.62,-0.040000000000000036,-0.8583690987124526,57122973.0
600477,20230404,4.65,4.47,4.51,4.66,-0.019999999999999574,-0.42735042735041473,75333623.0
600477,20230403,4.44,4.41,4.65,4.68,0.10999999999999943,2.4070021881837933,81052687.0
600477,20230331,4.56,4.47,4.5,4.57,-0.05999999999999961,-1.295896328293733,57092111.0
600477,20230330,4.5,4.44,4.6,4.63,-0.03000000000000025,-0.6437768240343367,83806603.0
600477,20230329,4.58,4.46,4.48,4.66,-0.1299999999999999,-2.713987473903967,81408734.0
600477,20230328,4.79,4.53,4.55,4.79,-0.1299999999999999,-2.6422764227642226,112725103.0
600477,20230327,4.68,4.59,4.79,4.92,0.1899999999999995,4.0169133192388795,143548912.0
600477,20230324,4.73,4.61,4.68,4.73,-0.02999999999999936,-0.6302521008403228,97208185.0
600477,20230323,4.55,4.53,4.74,4.76,0.04999999999999982,1.0615711252653925,111124124.0
600477,20230322,4.56,4.53,4.58,4.71,0.13999999999999968,3.063457330415753,69704101.0
600477,20230321,4.56,4.47,4.56,4.57,-0.04999999999999982,-1.0822510822510734,50758220.0
600477,20230320,4.47,4.41,4.54,4.62,0.08000000000000007,1.7621145374449254,86286398.0
600477,20230317,4.52,4.44,4.46,4.54,-0.08000000000000007,-1.7316017316017285,43156312.0
600477,20230316,4.59,4.45,4.48,4.62,-0.08000000000000007,-1.7021276595744705,57751749.0
600477,20230315,4.63,4.62,4.64,4.7,-0.040000000000000036,-0.8438818565400852,38692500.0
600477,20230314,4.72,4.59,4.62,4.74,-0.0699999999999994,-1.4553014553014387,48171007.0
600477,20230313,4.78,4.71,4.75,4.81,-0.09000000000000075,-1.836734693877562,30567557.0
600477,20230310,4.86,4.76,4.77,4.9,-0.10999999999999943,-2.195608782435121,46124439.0
600477,20230309,5.0,4.88,4.91,5.01,-0.03000000000000025,-0.5952380952381042,40957450.0
600477,20230308,4.97,4.96,4.99,5.04,-0.05999999999999961,-1.17647058823529,39026241.0
600477,20230307,5.09,4.95,4.96,5.1,-0.14000000000000057,-2.6717557251908497,56324119.0
600477,20230306,5.23,5.04,5.08,5.24,0.020000000000000462,0.3831417624521105,65777701.0
600477,20230303,5.16,5.11,5.17,5.22,-0.10000000000000053,-1.8796992481203145,67539424.0
600477,20230302,5.27,5.08,5.11,5.32,0.040000000000000036,0.7575757575757569,68136633.0
600477,20230301,5.27,5.18,5.25,5.28,-0.009999999999999787,-0.1890359168241873,46713751.0
600477,20230228,5.24,5.2,5.27,5.29,-0.009999999999999787,-0.18867924528301883,42696784.0
600477,20230227,5.25,5.16,5.24,5.3,-0.0600000000000005,-1.1194029850746356,43682613.0
600477,20230224,5.36,5.2,5.26,5.36,-0.10999999999999943,-2.010968921389389,42378727.0
600477,20230223,5.38,5.33,5.37,5.47,-0.020000000000000462,-0.36429872495447047,50829250.0
600477,20230222,5.47,5.29,5.32,5.49,-0.05999999999999961,-1.08108108108107,57013442.0
600477,20230221,5.5,5.41,5.46,5.55,0.009999999999999787,0.18050541516245744,52287181.0
600477,20230220,5.4,5.37,5.48,5.54,-0.17999999999999972,-3.1468531468531458,67905028.0
600477,20230217,5.69,5.37,5.41,5.72,-0.3200000000000003,-5.298013245033117,127087088.0
600477,20230216,5.82,5.61,5.65,6.04,0.17999999999999972,3.0716723549488067,114425029.0
600477,20230215,5.85,5.7,5.8,5.86,-0.08999999999999986,-1.5126050420168013,62081490.0
600477,20230214,5.92,5.77,5.82,5.95,0.009999999999999787,0.16835016835017313,80195567.0
600477,20230213,5.92,5.67,5.86,5.94,-0.04999999999999982,-0.8347245409014992,78921225.0
600477,20230210,5.87,5.81,5.9,5.99,0.009999999999999787,0.16722408026754731,99011497.0
600477,20230209,5.9,5.73,5.86,5.98,-0.03999999999999915,-0.6644518272425071,129942877.0
600477,20230208,6.0,5.84,5.86,6.02,-0.14000000000000057,-2.272727272727282,94394561.0
600477,20230207,5.9,5.9,6.05,6.16,0.16999999999999993,2.838063439065097,122416485.0
600477,20230206,5.86,5.73,5.94,5.99,0.009999999999999787,0.16722408026754731,101527158.0
600477,20230203,5.82,5.76,5.85,5.98,-0.05999999999999961,-0.9933774834437026,90816612.0
600477,20230202,5.89,5.77,5.9,6.04,0.05999999999999961,1.0033444816053505,111762571.0
600477,20230201,5.82,5.62,5.82,5.98,-0.11999999999999922,-1.967213114754085,185277569.0
600477,20230131,5.73,5.66,5.74,6.1,0.27999999999999936,4.810996563573866,192485707.0
600477,20230130,5.72,5.4,5.75,5.82,0.07000000000000028,1.2173913043478368,153126728.0
600477,20230120,5.67,5.49,5.64,5.75,0.0,0.0,154747983.0
600477,20230119,5.4,5.35,5.75,5.75,0.3200000000000003,5.893186003683248,149408205.0
600477,20230118,5.28,5.18,5.38,5.43,0.08999999999999986,1.6853932584269593,142838536.0
600477,20230117,4.95,4.88,5.23,5.34,0.16999999999999993,3.2882011605415817,156834931.0
600477,20230116,5.04,4.86,4.9,5.17,-0.020000000000000462,-0.3853564547206201,134379078.0
600477,20230113,5.02,4.97,5.08,5.19,0.0600000000000005,1.1695906432748648,138564945.0
600477,20230112,5.02,4.9,4.97,5.13,0.0,0.0,169713652.0
600477,20230111,4.85,4.8,4.98,5.13,0.21999999999999975,4.480651731160901,200370492.0
600477,20230110,4.74,4.72,4.8,4.91,0.03000000000000025,0.6147540983606703,177590336.0
600477,20230109,4.51,4.41,4.86,4.88,0.3600000000000003,7.964601769911517,279014720.0
600477,20230106,4.11,4.09,4.44,4.52,0.3699999999999992,8.915662650602396,193887412.0
600477,20230105,4.11,4.09,4.11,4.15,0.010000000000000675,0.24154589371983004,27989335.0
600477,20230104,4.08,4.05,4.12,4.14,0.019999999999999574,0.4854368932038833,29194912.0
600477,20230103,4.05,4.01,4.1,4.12,0.0600000000000005,1.4778325123152802,27390815.0
600477,20221230,4.05,4.02,4.05,4.06,-0.05000000000000071,-1.2165450121654708,16270783.0
600477,20221229,4.03,4.0,4.03,4.11,0.03000000000000025,0.7352941176470562,23909931.0
600477,20221228,4.07,4.01,4.03,4.08,-0.04999999999999982,-1.2106537530266248,21192489.0
600477,20221227,4.05,4.04,4.07,4.13,0.04999999999999982,1.225490196078427,29484818.0
600477,20221226,3.97,3.96,4.04,4.08,0.03000000000000025,0.7407407407407529,22754663.0
600477,20221223,4.0,3.95,3.98,4.05,-0.15000000000000036,-3.571428571428581,25302805.0
600477,20221222,4.19,4.02,4.04,4.2,-0.03000000000000025,-0.7092198581560294,35440755.0
600477,20221221,4.2,4.13,4.17,4.23,-0.03999999999999915,-0.9367681498828828,26076500.0
600477,20221220,4.12,4.1,4.19,4.27,-0.03000000000000025,-0.6976744186046546,35870970.0
600477,20221219,4.26,4.11,4.14,4.3,-0.10000000000000053,-2.272727272727282,43537828.0
600477,20221216,4.29,4.25,4.27,4.4,0.07000000000000028,1.616628175519641,40253023.0
600477,20221215,4.28,4.24,4.32,4.33,-0.019999999999999574,-0.45977011494251485,31603229.0
600477,20221214,4.34,4.26,4.29,4.35,-0.08000000000000007,-1.8058690744921058,31712054.0
600477,20221213,4.34,4.29,4.32,4.43,0.0,0.0,46435002.0
600477,20221212,4.4,4.27,4.36,4.43,-0.040000000000000036,-0.8948545861297563,49518239.0
600477,20221209,4.44,4.37,4.41,4.47,0.0,0.0,45002066.0
600477,20221208,4.45,4.37,4.4,4.47,-0.1200000000000001,-2.614379084967322,53556800.0
600477,20221207,4.58,4.43,4.47,4.59,-0.08000000000000007,-1.7130620985010725,89803201.0
600477,20221206,4.46,4.44,4.59,4.67,0.1299999999999999,2.8634361233480066,144716697.0
600477,20221205,4.36,4.34,4.49,4.54,0.08000000000000007,1.7937219730941756,171631930.0
600477,20221202,4.07,4.06,4.33,4.46,0.3099999999999996,7.4698795180722755,168662084.0
600477,20221201,4.08,4.06,4.09,4.15,-0.040000000000000036,-0.9546539379474916,45564431.0
600477,20221130,4.17,4.02,4.05,4.19,0.010000000000000675,0.23923444976077235,63840108.0
600477,20221129,4.0,4.0,4.18,4.18,0.13999999999999968,3.4653465346534684,61453781.0
600477,20221128,4.03,3.95,4.01,4.04,-0.040000000000000036,-0.9803921568627416,29737421.0
600477,20221125,4.06,4.02,4.07,4.08,-0.040000000000000036,-0.9708737864077666,23792710.0
600477,20221124,4.12,4.03,4.04,4.12,0.020000000000000462,0.4878048780487809,26358100.0
600477,20221123,4.04,4.0,4.1,4.1,0.0,0.0,33844591.0
600477,20221122,4.08,4.02,4.03,4.1,0.009999999999999787,0.24449877750609694,33544939.0
600477,20221121,4.07,4.0,4.08,4.09,-0.08000000000000007,-1.918465227817745,29132271.0
600477,20221118,4.09,4.05,4.06,4.17,0.040000000000000036,0.9685230024213176,28516557.0
600477,20221117,4.13,4.04,4.09,4.13,-0.08999999999999986,-2.132701421800942,34455678.0
600477,20221116,4.22,4.12,4.13,4.22,0.0,0.0,32076708.0
600477,20221115,4.12,4.09,4.21,4.22,-0.08000000000000007,-1.8604651162790753,33506680.0
600477,20221114,4.27,4.1,4.12,4.3,0.019999999999999574,0.4672897196261516,43564817.0
600477,20221111,4.23,4.19,4.22,4.28,0.08000000000000007,1.904761904761898,44809022.0
600477,20221110,4.18,4.15,4.16,4.2,-0.04999999999999982,-1.17647058823529,25071972.0
600477,20221109,4.23,4.2,4.22,4.25,-0.019999999999999574,-0.4683840749414414,23243890.0
600477,20221108,4.26,4.17,4.21,4.27,-0.03000000000000025,-0.6976744186046546,28379926.0
600477,20221107,4.25,4.23,4.27,4.3,0.0,0.0,33122079.0
600477,20221104,4.12,4.09,4.27,4.3,0.16000000000000014,3.864734299516903,62616116.0
600477,20221103,4.02,4.0,4.11,4.14,0.05999999999999961,1.4705882352941124,43301870.0
600477,20221102,4.0,3.98,4.04,4.08,0.040000000000000036,0.990099009900991,37550620.0
600477,20221101,3.91,3.9,4.02,4.04,0.06000000000000005,1.5075376884422065,43278281.0
600477,20221031,3.95,3.85,3.91,3.98,-0.1599999999999997,-3.864734299516903,35640591.0
600477,20221028,4.12,3.93,3.96,4.14,-0.1800000000000006,-4.166666666666686,57426695.0
600477,20221027,4.2,4.16,4.18,4.32,0.07000000000000028,1.6470588235294237,54517606.0
600477,20221026,4.19,4.11,4.18,4.25,-0.040000000000000036,-0.9324009324009341,66762866.0
600477,20221025,4.02,3.95,4.2,4.29,0.09999999999999964,2.386634844868718,84515820.0
600477,20221024,4.16,4.01,4.02,4.19,-0.05999999999999961,-1.4117647058823457,44363688.0
600477,20221021,4.19,4.13,4.14,4.25,-0.019999999999999574,-0.4683840749414414,40166811.0
600477,20221020,4.24,4.11,4.16,4.27,-0.08000000000000007,-1.839080459770115,51255211.0
600477,20221019,4.27,4.25,4.25,4.35,-0.010000000000000675,-0.2293577981651529,47889447.0
600477,20221018,4.26,4.25,4.28,4.36,0.08000000000000007,1.869158878504673,66950269.0
600477,20221017,4.25,4.18,4.26,4.28,-0.10999999999999943,-2.505694760820032,51168150.0
600477,20221014,4.28,4.22,4.3,4.39,0.10999999999999943,2.5700934579439227,80025371.0
600477,20221013,4.24,4.16,4.21,4.28,0.040000000000000036,0.9433962264151052,65541395.0
600477,20221012,4.13,4.02,4.23,4.24,0.0600000000000005,1.435406698564612,59522849.0
600477,20221011,4.03,4.0,4.13,4.18,0.019999999999999574,0.48076923076922906,43242780.0
600477,20221010,4.11,3.99,4.0,4.16,-0.03000000000000025,-0.7159904534606243,29824966.0
600477,20220930,4.17,4.07,4.08,4.19,-0.10999999999999943,-2.5581395348837077,35760586.0
600477,20220929,4.27,4.11,4.15,4.3,-0.1800000000000006,-4.017857142857151,45431839.0
600477,20220928,4.41,4.21,4.22,4.48,0.0600000000000005,1.3574660633484337,55636529.0
600477,20220927,4.4,4.3,4.41,4.42,-0.040000000000000036,-0.8968609865470878,42037578.0
600477,20220926,4.37,4.29,4.34,4.46,-0.1299999999999999,-2.8322440087145906,40241374.0
600477,20220923,4.5,4.33,4.41,4.59,-0.03000000000000025,-0.6493506493506551,66840916.0
600477,20220922,4.46,4.42,4.49,4.62,0.13999999999999968,3.125,86089532.0
600477,20220921,4.39,4.32,4.44,4.48,-0.0699999999999994,-1.538461538461522,48838669.0
600477,20220920,4.37,4.37,4.41,4.55,0.10999999999999943,2.4774774774774633,60225978.0
600477,20220919,4.37,4.31,4.34,4.44,-0.14999999999999947,-3.2679738562091387,40189797.0
600477,20220916,4.59,4.35,4.39,4.59,-0.2599999999999998,-5.360824742268033,59395480.0
600477,20220915,4.84,4.45,4.56,4.85,-0.11000000000000032,-2.2177419354838745,85712650.0
600477,20220914,4.89,4.75,4.79,4.96,-0.16999999999999993,-3.3138401559454134,62790005.0
600477,20220913,5.13,4.95,5.0,5.13,-0.020000000000000462,-0.3883495145631133,46823873.0
600477,20220909,5.15,5.01,5.1,5.15,-0.1299999999999999,-2.4621212121212155,49054836.0
600477,20220908,5.2,5.06,5.08,5.28,0.020000000000000462,0.38022813688214363,74669648.0
600477,20220907,5.23,5.12,5.19,5.26,0.009999999999999787,0.19047619047618536,78695189.0
600477,20220906,4.98,4.92,5.21,5.25,0.16999999999999993,3.34645669291338,96057151.0
600477,20220905,5.0,4.88,4.96,5.08,0.0600000000000005,1.195219123505975,56077829.0
600477,20220902,4.93,4.85,4.92,5.02,-0.11000000000000032,-2.1442495126705707,49019603.0
600477,20220901,5.11,4.91,4.94,5.13,-0.25,-4.6468401486988835,61679485.0
600477,20220831,5.34,5.03,5.05,5.38,-0.16000000000000014,-2.8880866425992857,83291106.0
600477,20220830,5.45,5.29,5.31,5.54,0.08999999999999986,1.6513761467889854,79474110.0
600477,20220829,5.29,5.1,5.45,5.45,-0.009999999999999787,-0.1831501831501825,90590273.0
600477,20220826,5.38,5.17,5.2,5.46,-0.3600000000000003,-6.185567010309279,86345680.0
600477,20220825,5.75,5.18,5.33,5.82,-0.16000000000000014,-2.6755852842809347,142089583.0
600477,20220824,5.98,5.7,5.71,5.98,-0.1299999999999999,-2.127659574468088,155095177.0
600477,20220823,6.0,5.87,6.05,6.11,0.010000000000000675,0.16393442622952836,193387396.0
600477,20220822,6.06,5.69,5.96,6.1,-0.25,-3.937007874015752,206452326.0
600477,20220819,6.3,5.9,6.05,6.35,0.23999999999999932,3.9279869067103013,314517977.0
600477,20220818,5.49,5.45,6.11,6.11,0.3100000000000005,5.344827586206913,329726151.0
600477,20220817,5.22,5.2,5.55,5.8,0.4500000000000002,8.41121495327104,222664700.0
600477,20220816,5.1,5.09,5.27,5.35,0.13999999999999968,2.6871401151631336,106568346.0
600477,20220815,5.13,5.04,5.09,5.21,-0.05999999999999961,-1.1385199240986688,67549069.0
600477,20220812,5.2,5.06,5.15,5.27,-0.25,-4.528985507246375,110785684.0
600477,20220811,5.47,5.28,5.37,5.52,-0.1200000000000001,-2.127659574468088,109857462.0
600477,20220810,5.31,5.17,5.55,5.64,-0.05000000000000071,-0.8787346221441283,141536258.0
600477,20220809,5.47,5.34,5.35,5.69,0.11000000000000032,1.971326164874565,106456115.0
600477,20220808,5.35,5.3,5.51,5.58,-0.15000000000000036,-2.617801047120427,77434936.0
600477,20220805,5.6,5.44,5.45,5.73,-0.02999999999999936,-0.5208333333333259,108497071.0
600477,20220804,5.42,5.22,5.73,5.76,-0.28000000000000025,-4.635761589403975,157489230.0
600477,20220803,5.9,5.34,5.42,6.04,-0.13999999999999968,-2.265372168284785,175940632.0
600477,20220802,6.1,5.73,5.8,6.18,-0.3799999999999999,-5.792682926829262,197274416.0
600477,20220801,6.17,5.88,6.28,6.56,0.41999999999999993,6.84039087947883,222389834.0
600477,20220729,6.0,5.77,6.06,6.14,-0.10000000000000053,-1.602564102564108,218104146.0
600477,20220728,5.99,5.82,5.98,6.24,0.5700000000000003,10.052910052910068,320665826.0
600477,20220727,5.17,5.15,5.67,5.67,0.2999999999999998,5.586592178770955,114289548.0
600477,20220726,4.95,4.61,5.15,5.37,-0.1899999999999995,-3.4172661870503496,160546809.0
600477,20220725,5.46,4.94,4.99,5.56,-0.4900000000000002,-8.099173553719009,170149203.0
600477,20220722,5.7,5.46,5.47,6.05,0.45999999999999996,8.228980322003586,282188678.0
600477,20220721,5.04,4.88,5.59,5.59,0.41000000000000014,7.91505791505791,169144681.0
600477,20220720,4.97,4.86,5.08,5.18,-0.08999999999999986,-1.7077798861480087,129188867.0
600477,20220719,4.86,4.76,4.93,5.27,0.21999999999999975,4.35643564356436,142923205.0
600477,20220718,4.99,4.79,4.87,5.05,0.0,0.0,103124292.0
600477,20220715,4.82,4.73,5.0,5.05,0.08000000000000007,1.6096579476861272,99833757.0
600477,20220714,4.91,4.76,4.86,4.97,-0.15000000000000036,-2.929687500000011,81371215.0
600477,20220713,5.0,4.87,4.9,5.12,0.0600000000000005,1.1857707509881577,95815858.0
600477,20220712,4.66,4.66,4.86,5.06,0.07999999999999918,1.6064257028112205,115035200.0
600477,20220711,4.83,4.65,4.73,4.98,-0.11999999999999922,-2.3529411764705688,109063595.0
600477,20220708,4.88,4.85,4.9,5.1,-0.29000000000000004,-5.380333951762529,106048818.0
600477,20220707,5.35,4.79,4.97,5.39,0.040000000000000036,0.7476635514018781,137340323.0
600477,20220706,5.09,4.96,5.21,5.35,-0.040000000000000036,-0.7421150278293154,149083339.0
600477,20220705,5.32,4.91,5.1,5.39,0.25,4.863813229571989,200060914.0
600477,20220704,4.61,4.61,5.14,5.14,0.23999999999999932,4.8979591836734615,130639032.0
600477,20220701,4.66,4.52,4.67,4.9,0.010000000000000675,0.2044989775051187,90852367.0
600477,20220630,4.68,4.63,4.76,4.89,0.019999999999999574,0.4106776180698102,109260327.0
600477,20220629,4.51,4.47,4.54,4.87,0.10000000000000053,2.096436058700224,137714032.0
600477,20220628,4.6,4.42,4.47,4.77,0.33999999999999986,7.674943566591419,141082797.0
600477,20220627,4.09,4.09,4.43,4.43,0.23999999999999932,5.72792362768495,123433085.0
600477,20220624,4.06,4.01,4.03,4.19,0.020000000000000462,0.4796163069544557,66079809.0
600477,20220623,4.06,3.97,4.08,4.17,0.08999999999999986,2.2058823529411686,75858527.0
600477,20220622,3.77,3.71,3.96,4.08,0.20999999999999996,5.4263565891472965,83308461.0
600477,20220621,3.83,3.75,3.79,3.87,-0.1299999999999999,-3.2499999999999973,44416516.0
600477,20220620,3.7,3.7,3.88,4.0,0.3599999999999999,9.890109890109876,74891397.0
600477,20220617,3.56,3.52,3.64,3.64,-0.029999999999999805,-0.8174386920980825,18798023.0
600477,20220616,3.59,3.55,3.56,3.67,0.020000000000000018,0.5479452054794498,12865212.0
600477,20220615,3.58,3.55,3.61,3.65,0.06999999999999984,1.9553072625698276,14814968.0
600477,20220614,3.52,3.46,3.57,3.58,-0.04999999999999982,-1.377410468319551,14177281.0
600477,20220613,3.63,3.5,3.56,3.63,-0.050000000000000266,-1.3586956521739246,18005322.0
600477,20220610,3.68,3.62,3.65,3.68,-0.020000000000000018,-0.5405405405405461,13766341.0
600477,20220609,3.67,3.65,3.66,3.7,-0.05999999999999961,-1.5957446808510523,10712723.0
600477,20220608,3.73,3.61,3.68,3.76,0.0,0.0,15398645.0
600477,20220607,3.69,3.69,3.73,3.76,0.029999999999999805,0.8042895442359255,23494114.0
600477,20220606,3.68,3.67,3.71,3.73,0.009999999999999787,0.26881720430107503,15436615.0
600477,20220602,3.71,3.68,3.7,3.72,-0.009999999999999787,-0.2680965147452974,12525868.0
600477,20220601,3.71,3.68,3.72,3.73,-0.020000000000000018,-0.5333333333333301,18852153.0
600477,20220531,3.74,3.7,3.72,3.75,0.009999999999999787,0.2673796791443861,17320365.0
600477,20220530,3.7,3.68,3.71,3.74,0.07000000000000028,1.9073569482289,20707843.0
600477,20220527,3.59,3.56,3.67,3.67,0.020000000000000018,0.5479452054794498,26720254.0
600477,20220526,3.6,3.56,3.58,3.65,0.08999999999999986,2.528089887640439,20113053.0
600477,20220525,3.45,3.45,3.56,3.56,-0.06000000000000005,-1.6574585635359185,12894221.0
600477,20220524,3.62,3.46,3.47,3.62,-0.009999999999999787,-0.2754820936639035,23973735.0
600477,20220523,3.61,3.58,3.62,3.63,0.020000000000000018,0.5540166204986097,16078880.0
600477,20220520,3.6,3.57,3.61,3.61,0.009999999999999787,0.2777777777777768,18461971.0
600477,20220519,3.5,3.47,3.59,3.6,0.040000000000000036,1.1235955056179803,22455914.0
600477,20220518,3.5,3.49,3.54,3.56,0.050000000000000266,1.4245014245014342,28704751.0
600477,20220517,3.49,3.39,3.5,3.51,-0.020000000000000018,-0.5665722379603388,21651501.0
600477,20220516,3.51,3.45,3.48,3.53,0.009999999999999787,0.28409090909089496,18480240.0
600477,20220513,3.52,3.46,3.49,3.52,-0.020000000000000018,-0.5649717514124353,15608865.0
600477,20220512,3.43,3.43,3.5,3.54,-0.009999999999999787,-0.28169014084505895,20088444.0
600477,20220511,3.49,3.46,3.47,3.55,0.020000000000000018,0.56657223796035,33136462.0
600477,20220510,3.35,3.33,3.52,3.53,0.08999999999999986,2.6162790697674465,38425779.0
600477,20220509,3.34,3.34,3.4,3.44,0.04999999999999982,1.4749262536873031,31703738.0
600477,20220506,3.34,3.31,3.31,3.39,-0.08999999999999986,-2.5862068965517238,21426495.0
600477,20220505,3.43,3.41,3.44,3.48,0.040000000000000036,1.1627906976744207,25934135.0
600477,20220429,3.38,3.31,3.41,3.44,0.06000000000000005,1.775147928994092,31284784.0
600477,20220428,3.32,3.24,3.33,3.38,-0.020000000000000018,-0.588235294117645,27047931.0
600477,20220427,3.25,3.23,3.38,3.4,0.020000000000000018,0.591715976331364,34795595.0
600477,20220426,3.27,3.21,3.24,3.38,-0.040000000000000036,-1.1695906432748537,28388853.0
600477,20220425,3.4,3.26,3.27,3.42,-0.08000000000000007,-2.285714285714291,33243100.0
600477,20220422,3.44,3.4,3.46,3.5,-0.20000000000000018,-5.405405405405405,25449089.0
600477,20220421,3.69,3.44,3.47,3.7,-0.19999999999999973,-5.128205128205121,57106904.0
600477,20220420,3.85,3.67,3.7,3.9,-0.10000000000000009,-2.500000000000002,50792633.0
600477,20220419,3.94,3.88,3.91,4.0,-0.019999999999999574,-0.4975124378109319,26456149.0
600477,20220418,3.97,3.89,3.94,4.02,-0.10000000000000053,-2.4271844660194275,23371914.0
600477,20220415,4.09,3.98,4.0,4.12,-0.040000000000000036,-0.9615384615384581,37797015.0
600477,20220414,4.1,4.06,4.12,4.16,-0.16999999999999993,-3.9260969976905313,39185376.0
600477,20220413,4.3,4.1,4.11,4.33,-0.040000000000000036,-0.9153318077803174,51549381.0
600477,20220412,4.2,4.12,4.36,4.37,-0.040000000000000036,-0.9070294784580546,54050767.0
600477,20220411,4.32,4.24,4.28,4.41,0.0600000000000005,1.379310344827589,81981591.0
600477,20220408,4.12,4.12,4.31,4.35,0.05999999999999961,1.3986013986013957,75129601.0
600477,20220407,4.21,4.14,4.14,4.29,0.05999999999999961,1.4184397163120366,47244779.0
600477,20220406,4.09,4.05,4.23,4.23,0.11000000000000032,2.669902912621369,37859607.0
600477,20220401,4.09,4.04,4.1,4.12,-0.1200000000000001,-2.8301886792452824,21776311.0
600477,20220331,4.14,4.12,4.12,4.24,0.0600000000000005,1.435406698564612,27087148.0
600477,20220330,4.1,4.07,4.17,4.18,0.009999999999999787,0.23980815347721673,30804716.0
600477,20220329,4.14,4.04,4.06,4.17,0.0,0.0,21828149.0
600477,20220328,4.06,4.01,4.13,4.17,0.0,0.0,21575594.0
600477,20220325,4.15,4.09,4.09,4.17,-0.09999999999999964,-2.3419203747072515,30118600.0
600477,20220324,4.25,4.14,4.14,4.27,-0.1200000000000001,-2.733485193621865,35750225.0
600477,20220323,4.28,4.22,4.26,4.39,0.009999999999999787,0.22831050228309113,39222732.0
600477,20220322,4.3,4.23,4.32,4.38,-0.03000000000000025,-0.6802721088435382,41898472.0
600477,20220321,4.28,4.26,4.34,4.41,0.16000000000000014,3.7647058823529367,66040710.0
600477,20220318,4.0,3.98,4.24,4.25,0.1200000000000001,2.9055690072639306,67121774.0
600477,20220317,4.06,4.0,4.02,4.13,0.11000000000000032,2.736318407960203,46884820.0
600477,20220316,3.95,3.8,4.01,4.02,-0.14000000000000057,-3.3653846153846256,49289592.0
600477,20220315,4.08,3.89,3.9,4.16,-0.13999999999999968,-3.2558139534883623,56459261.0
600477,20220314,4.07,4.06,4.07,4.3,0.1200000000000001,2.8708133971291794,46342030.0
600477,20220311,4.17,4.01,4.13,4.18,-0.1800000000000006,-4.128440366972486,38567514.0
600477,20220310,4.27,4.18,4.25,4.36,0.11000000000000032,2.5882352941176467,36899521.0
600477,20220309,4.19,3.96,4.18,4.25,-0.07000000000000028,-1.620370370370372,37421228.0
600477,20220308,4.27,4.13,4.17,4.32,-0.040000000000000036,-0.9174311926605561,41279061.0
600477,20220307,4.32,4.26,4.28,4.36,-0.10999999999999943,-2.460850111856816,32009669.0
600477,20220304,4.46,4.29,4.3,4.47,-0.07000000000000028,-1.541850220264318,51022715.0
600477,20220303,4.43,4.41,4.5,4.54,0.08999999999999986,2.0224719101123556,51335494.0
600477,20220302,4.38,4.34,4.41,4.45,-0.04999999999999982,-1.1111111111111072,31689023.0
600477,20220301,4.31,4.31,4.43,4.5,0.1200000000000001,2.7397260273972712,43754047.0
600477,20220228,4.36,4.24,4.31,4.38,-0.13999999999999968,-3.0973451327433565,35374504.0
600477,20220225,4.3,4.3,4.33,4.52,-0.0600000000000005,-1.310043668122285,65151552.0
600477,20220224,4.43,4.2,4.29,4.58,0.020000000000000462,0.43859649122808264,80531600.0
600477,20220223,4.54,4.43,4.46,4.56,-0.11000000000000032,-2.355460385438979,48150704.0
600477,20220222,4.57,4.5,4.55,4.67,-0.03000000000000025,-0.638297872340432,58509356.0
600477,20220221,4.7,4.58,4.62,4.7,-0.04999999999999982,-1.0526315789473606,62832574.0
600477,20220218,4.51,4.42,4.69,4.75,0.040000000000000036,0.849256900212314,105230274.0
600477,20220217,4.71,4.51,4.61,4.71,-0.03000000000000025,-0.6329113924050667,93473225.0
600477,20220216,4.4,4.38,4.71,4.74,0.23000000000000043,5.09977827050998,118709834.0
600477,20220215,4.27,4.21,4.4,4.51,0.10999999999999943,2.499999999999991,64128045.0
600477,20220214,4.32,4.24,4.25,4.4,-0.13999999999999968,-3.083700440528625,35691572.0
600477,20220211,4.5,4.32,4.35,4.54,-0.08000000000000007,-1.7316017316017285,45716929.0
600477,20220210,4.45,4.45,4.53,4.62,-0.03000000000000025,-0.6451612903225823,44902849.0
600477,20220209,4.47,4.44,4.47,4.65,0.1200000000000001,2.6490066225165476,80288429.0
600477,20220208,4.23,4.2,4.5,4.53,0.28000000000000025,6.58823529411765,84787015.0
600477,20220207,4.04,4.01,4.21,4.25,0.20000000000000018,4.938271604938271,40583058.0
600477,20220128,4.02,3.95,3.99,4.05,-0.04999999999999982,-1.2195121951219523,23850214.0
600477,20220127,4.07,3.96,3.98,4.1,-0.03000000000000025,-0.7263922518159882,26798338.0
600477,20220126,4.01,3.99,4.08,4.13,-0.0600000000000005,-1.4319809069212486,31890858.0
600477,20220125,4.18,4.0,4.0,4.19,-0.0699999999999994,-1.6431924882629012,33867135.0
600477,20220124,4.18,4.13,4.16,4.26,-0.11000000000000032,-2.517162471395884,28714728.0
600477,20220121,4.28,4.17,4.23,4.37,-0.09999999999999964,-2.237136465324374,31342110.0
600477,20220120,4.47,4.27,4.28,4.47,-0.03000000000000025,-0.666666666666671,40221656.0
600477,20220119,4.37,4.35,4.4,4.5,0.019999999999999574,0.44642857142855874,51892698.0
600477,20220118,4.3,4.28,4.35,4.48,0.13000000000000078,2.9885057471264576,60233618.0
600477,20220117,4.29,4.24,4.31,4.35,-0.020000000000000462,-0.4576659038901698,35752732.0
600477,20220114,4.34,4.24,4.26,4.37,-0.1299999999999999,-2.8888888888888853,42556987.0
600477,20220113,4.5,4.32,4.35,4.5,-0.08000000000000007,-1.7467248908296984,58610153.0
600477,20220112,4.57,4.4,4.49,4.58,-0.1299999999999999,-2.7600849256900206,62900549.0
600477,20220111,4.53,4.47,4.55,4.71,-0.05999999999999961,-1.2578616352201144,77316635.0
600477,20220110,4.74,4.48,4.53,4.77,-0.28000000000000025,-5.5445544554455495,83978090.0
600477,20220107,4.86,4.62,4.66,5.05,0.17999999999999972,3.696098562628336,147431013.0
600477,20220106,4.41,4.39,4.71,4.87,0.16999999999999993,3.6170212765957332,132185958.0
600477,20220105,4.62,4.37,4.43,4.7,0.16000000000000014,3.524229074889873,145517417.0
600477,20220104,4.13,4.13,4.54,4.54,0.2999999999999998,7.0754716981132,127202019.0
600477,20211231,3.95,3.95,4.13,4.24,0.25,6.265664160400997,56658839.0
600477,20211230,3.88,3.86,3.94,3.99,0.07000000000000028,1.7857142857143016,19239378.0
600477,20211229,3.89,3.85,3.88,3.92,-0.020000000000000018,-0.5076142131979711,11275335.0
600477,20211228,3.94,3.85,3.89,3.94,-0.010000000000000231,-0.25316455696202667,16350079.0
600477,20211227,3.92,3.86,3.92,3.95,-0.08000000000000007,-1.985111662531014,14117512.0
600477,20211224,4.01,3.88,3.89,4.03,-0.04999999999999982,-1.225490196078427,19243469.0
600477,20211223,4.05,3.96,3.99,4.08,-0.04999999999999982,-1.2106537530266248,26183098.0
600477,20211222,4.1,4.04,4.07,4.13,0.0,0.0,19495203.0
600477,20211221,4.07,4.05,4.1,4.13,0.0,0.0,21318526.0
600477,20211220,4.06,4.03,4.03,4.13,-0.03000000000000025,-0.7211538461538547,25021631.0
600477,20211217,4.1,4.06,4.07,4.16,-0.040000000000000036,-0.952380952380949,32887479.0
600477,20211216,4.15,4.08,4.1,4.2,-0.17999999999999972,-4.109589041095885,55203815.0
600477,20211215,4.25,4.16,4.19,4.38,0.13999999999999968,3.301886792452824,81477492.0
600477,20211214,3.97,3.95,4.2,4.24,0.1900000000000004,4.691358024691361,73220248.0
600477,20211213,3.9,3.9,4.0,4.05,0.09999999999999964,2.5316455696202445,32715965.0
600477,20211210,3.86,3.85,3.93,3.95,-0.040000000000000036,-1.0025062656641603,27088798.0
600477,20211209,3.88,3.85,3.91,3.99,0.010000000000000231,0.2512562814070307,43724896.0
600477,20211208,3.95,3.83,3.84,3.98,-0.18000000000000016,-4.326923076923084,27617111.0
600477,20211207,3.91,3.87,3.89,4.16,0.3400000000000003,8.900523560209429,62833332.0
600477,20211206,3.8,3.72,3.82,3.82,0.10999999999999988,2.96495956873315,35078617.0
600477,20211203,3.69,3.67,3.7,3.71,-0.010000000000000231,-0.26881720430108613,14450751.0
600477,20211202,3.72,3.66,3.67,3.72,0.020000000000000018,0.540540540540535,10424278.0
600477,20211201,3.66,3.65,3.69,3.7,0.0,0.0,11894870.0
600477,20211130,3.61,3.6,3.68,3.7,0.0900000000000003,2.4930747922437657,17183226.0
600477,20211129,3.57,3.53,3.6,3.61,-0.040000000000000036,-1.0958904109588996,11165193.0
600477,20211126,3.57,3.57,3.6,3.65,0.0,0.0,11191530.0
600477,20211125,3.6,3.58,3.59,3.65,0.029999999999999805,0.8287292817679592,11861074.0
600477,20211124,3.6,3.56,3.58,3.62,-0.040000000000000036,-1.0928961748633892,13273766.0
600477,20211123,3.66,3.56,3.6,3.66,-0.029999999999999805,-0.8130081300812941,20300991.0
600477,20211122,3.68,3.6,3.64,3.69,-0.040000000000000036,-1.072386058981234,13955572.0
600477,20211119,3.71,3.64,3.68,3.73,-0.020000000000000018,-0.5333333333333301,16550299.0
600477,20211118,3.73,3.69,3.72,3.75,0.020000000000000018,0.536193029490617,9701954.0
600477,20211117,3.68,3.66,3.73,3.73,-0.06000000000000005,-1.58311345646438,9251450.0
600477,20211116,3.77,3.68,3.7,3.79,0.010000000000000231,0.2645502645502784,13453365.0
600477,20211115,3.73,3.73,3.76,3.78,-0.03000000000000025,-0.7874015748031593,11480620.0
600477,20211112,3.76,3.73,3.76,3.81,0.0,0.0,15735074.0
600477,20211111,3.75,3.73,3.78,3.81,0.040000000000000036,1.0610079575596787,18600858.0
600477,20211110,3.72,3.69,3.76,3.77,0.0,0.0,15948127.0
600477,20211109,3.69,3.68,3.7,3.77,0.040000000000000036,1.072386058981234,16995933.0
600477,20211108,3.72,3.64,3.68,3.73,-0.10000000000000009,-2.610966057441255,21348451.0
600477,20211105,3.78,3.68,3.72,3.83,0.020000000000000018,0.5249343832020914,47371194.0
600477,20211104,3.47,3.46,3.81,3.81,0.33999999999999986,9.798270893371752,70676660.0
600477,20211103,3.43,3.4,3.46,3.47,-0.09999999999999964,-2.8011204481792618,6043298.0
600477,20211102,3.55,3.4,3.43,3.57,0.0,0.0,19834259.0
600477,20211101,3.54,3.53,3.54,3.57,-0.010000000000000231,-0.27932960893854997,7695476.0
600477,20211029,3.55,3.52,3.57,3.58,-0.04999999999999982,-1.377410468319551,7065742.0
600477,20211028,3.6,3.54,3.56,3.63,-0.08000000000000007,-2.156334231805934,10495624.0
600477,20211027,3.63,3.62,3.64,3.71,0.029999999999999805,0.8152173913043459,12452282.0
600477,20211026,3.56,3.52,3.65,3.68,0.08000000000000007,2.2222222222222143,16749917.0
600477,20211025,3.58,3.49,3.55,3.6,-0.040000000000000036,-1.098901098901095,11918924.0
600477,20211022,3.58,3.55,3.57,3.64,0.040000000000000036,1.1111111111111072,14135703.0
600477,20211021,3.58,3.53,3.53,3.6,0.0,0.0,9395734.0
600477,20211020,3.57,3.52,3.58,3.6,-0.009999999999999787,-0.27700831024930483,11499474.0
600477,20211019,3.6,3.53,3.58,3.61,-0.010000000000000231,-0.2762430939226568,13307129.0
600477,20211018,3.6,3.58,3.59,3.62,-0.029999999999999805,-0.8219178082191747,9251142.0
600477,20211015,3.64,3.59,3.6,3.65,-0.020000000000000018,-0.544959128065392,6982991.0
600477,20211014,3.64,3.62,3.64,3.67,0.0,0.0,5435417.0
600477,20211013,3.61,3.59,3.65,3.67,-0.020000000000000018,-0.5420054200542035,6853772.0
600477,20211012,3.67,3.57,3.6,3.69,-0.010000000000000231,-0.2702702702702786,12639467.0
600477,20211011,3.68,3.64,3.7,3.7,0.010000000000000231,0.27100271002711285,7570222.0
600477,20211008,3.65,3.65,3.67,3.69,0.040000000000000036,1.0958904109588996,9801053.0
600477,20210930,3.57,3.57,3.63,3.65,-0.010000000000000231,-0.2732240437158584,9360731.0
600477,20210929,3.65,3.56,3.57,3.66,-0.020000000000000018,-0.5434782608695676,13404927.0
600477,20210928,3.68,3.6,3.65,3.68,-0.1299999999999999,-3.4120734908136496,10274568.0
600477,20210927,3.78,3.58,3.63,3.81,-0.08000000000000007,-2.0565552699228773,26514815.0
600477,20210924,3.87,3.77,3.78,3.89,-0.020000000000000018,-0.5115089514066473,19898478.0
600477,20210923,3.87,3.84,3.87,3.91,0.050000000000000266,1.2953367875647714,14504348.0
600477,20210922,3.83,3.8,3.84,3.86,-0.10000000000000009,-2.5252525252525304,14937379.0
600477,20210917,3.91,3.81,3.86,3.96,-0.16000000000000014,-3.8834951456310662,20981294.0
600477,20210916,4.08,3.91,3.92,4.12,0.04999999999999982,1.228501228501222,28245479.0
600477,20210915,4.01,4.01,4.04,4.07,-0.1200000000000001,-2.863961813842486,18840658.0
600477,20210914,4.17,3.98,4.01,4.19,-0.05999999999999961,-1.4117647058823457,38573014.0
600477,20210913,4.2,4.13,4.15,4.25,-0.16000000000000014,-3.6281179138322073,27364140.0
600477,20210910,4.39,4.2,4.21,4.41,-0.019999999999999574,-0.4514672686230181,43904039.0
600477,20210909,4.21,4.17,4.37,4.43,0.1299999999999999,3.023255813953485,60525680.0
600477,20210908,4.22,4.18,4.21,4.3,0.05999999999999961,1.4150943396226356,35568297.0
600477,20210907,4.16,4.15,4.22,4.24,0.020000000000000462,0.4739336492891155,37607850.0
600477,20210906,4.15,4.09,4.15,4.22,-0.020000000000000462,-0.4716981132075526,28662488.0
600477,20210903,4.16,4.12,4.15,4.24,-0.04999999999999982,-1.1655011655011593,37739530.0
600477,20210902,4.03,4.0,4.18,4.29,0.03000000000000025,0.7042253521126751,52149456.0
600477,20210901,4.05,3.95,4.06,4.26,-0.03000000000000025,-0.6993006993007089,57631177.0
600477,20210831,4.23,4.0,4.03,4.29,0.03000000000000025,0.7042253521126751,52392013.0
600477,20210830,4.0,3.87,4.23,4.26,0.08999999999999986,2.1582733812949506,68707080.0
600477,20210827,4.08,4.03,4.05,4.17,-0.020000000000000462,-0.4773269689737569,36108757.0
600477,20210826,3.91,3.9,4.06,4.19,0.2200000000000002,5.5415617128463435,56795560.0
600477,20210825,3.78,3.76,3.91,3.97,0.14000000000000012,3.6553524804177506,29764825.0
600477,20210824,3.8,3.77,3.78,3.83,0.0,0.0,11919281.0
600477,20210823,3.78,3.75,3.81,3.83,-0.009999999999999787,-0.26041666666666297,12343826.0
600477,20210820,3.78,3.75,3.78,3.84,0.040000000000000036,1.0526315789473717,13256653.0
600477,20210819,3.8,3.76,3.79,3.8,-0.050000000000000266,-1.2987012987013102,9365208.0
600477,20210818,3.78,3.77,3.81,3.85,-0.04999999999999982,-1.2820512820512775,11797089.0
600477,20210817,3.88,3.78,3.82,3.9,-0.020000000000000018,-0.5102040816326481,20887169.0
600477,20210816,3.83,3.82,3.89,3.92,0.08999999999999986,2.3498694516971286,29679153.0
600477,20210813,3.8,3.73,3.82,3.83,-0.029999999999999805,-0.7772020725388518,18659416.0
600477,20210812,3.86,3.79,3.8,3.86,-0.020000000000000018,-0.5154639175257714,18075437.0
600477,20210811,3.88,3.81,3.84,3.88,0.029999999999999805,0.7792207792207684,17382076.0
600477,20210810,3.85,3.8,3.84,3.85,-0.040000000000000036,-1.0282776349614386,17093050.0
600477,20210809,3.87,3.82,3.86,3.89,-0.04999999999999982,-1.269035532994922,17587538.0
600477,20210806,3.89,3.78,3.88,3.94,-0.050000000000000266,-1.253132832080206,24008819.0
600477,20210805,3.89,3.82,3.88,3.99,0.08000000000000007,2.0460358056265893,29407800.0
600477,20210804,3.88,3.81,3.9,3.91,-0.020000000000000018,-0.5089058524173073,20356110.0
600477,20210803,3.91,3.8,3.89,3.93,-0.029999999999999805,-0.7575757575757569,23861308.0
600477,20210802,3.88,3.87,3.9,3.96,-0.020000000000000018,-0.5025125628140725,21061064.0
600477,20210730,3.79,3.77,3.92,3.98,0.1299999999999999,3.3766233766233666,26358563.0
600477,20210729,3.77,3.76,3.8,3.85,-0.020000000000000018,-0.5167958656330796,22888485.0
600477,20210728,3.83,3.71,3.75,3.87,-0.1299999999999999,-3.2499999999999973,25101689.0
600477,20210727,3.92,3.85,3.9,4.0,-0.03000000000000025,-0.7444168734491385,31612580.0
600477,20210726,4.0,3.81,3.96,4.03,-0.1200000000000001,-2.8915662650602414,43976296.0
600477,20210723,4.02,3.99,4.04,4.15,-0.04999999999999982,-1.1904761904761862,45365084.0
600477,20210722,4.15,4.01,4.06,4.2,-0.09999999999999964,-2.3255813953488302,68509561.0
600477,20210721,4.3,4.06,4.15,4.3,0.08000000000000007,1.8957345971563955,85695689.0
600477,20210720,3.79,3.76,4.22,4.22,0.3299999999999996,8.48329048843186,97780935.0
600477,20210719,3.71,3.64,3.84,3.89,0.25,6.868131868131866,47368718.0
600477,20210716,3.56,3.55,3.6,3.64,0.040000000000000036,1.1111111111111072,15033532.0
600477,20210715,3.56,3.49,3.59,3.6,-0.020000000000000018,-0.5524861878453025,15734366.0
600477,20210714,3.51,3.46,3.56,3.62,0.0900000000000003,2.5495750708215414,19463583.0
600477,20210713,3.52,3.49,3.52,3.53,-0.020000000000000018,-0.5633802816901401,9253437.0
600477,20210712,3.51,3.5,3.51,3.55,0.020000000000000018,0.56657223796035,8007034.0
600477,20210709,3.48,3.47,3.5,3.53,0.009999999999999787,0.28409090909089496,7336483.0
600477,20210708,3.52,3.45,3.48,3.52,-0.009999999999999787,-0.28328611898016387,7318743.0
600477,20210707,3.53,3.5,3.51,3.53,0.0,0.0,6052336.0
600477,20210706,3.52,3.5,3.52,3.53,0.0,0.0,5058278.0
600477,20210705,3.51,3.49,3.53,3.53,-0.020000000000000018,-0.5633802816901401,6019022.0
600477,20210702,3.55,3.5,3.51,3.55,-0.050000000000000266,-1.388888888888895,7532536.0
600477,20210701,3.58,3.52,3.54,3.6,0.0,0.0,8203785.0
600477,20210630,3.57,3.56,3.57,3.6,-0.020000000000000018,-0.5524861878453025,6307305.0
600477,20210629,3.59,3.57,3.58,3.62,-0.040000000000000036,-1.0928961748633892,5660544.0
600477,20210628,3.63,3.58,3.59,3.66,-0.029999999999999805,-0.8130081300812941,7633542.0
600477,20210625,3.68,3.61,3.65,3.69,-0.03000000000000025,-0.8064516129032362,12043069.0
600477,20210624,3.54,3.54,3.67,3.72,0.16000000000000014,4.494382022471921,25015292.0
600477,20210623,3.54,3.51,3.54,3.56,-0.020000000000000018,-0.5586592178770999,5782723.0
600477,20210622,3.54,3.53,3.55,3.58,0.03000000000000025,0.8450704225352101,5767183.0
600477,20210621,3.5,3.49,3.54,3.55,0.020000000000000018,0.56657223796035,6751481.0
600477,20210618,3.53,3.49,3.52,3.53,-0.03000000000000025,-0.8426966292134908,6267967.0
600477,20210617,3.54,3.5,3.53,3.56,-0.06000000000000005,-1.6574585635359185,6578924.0
600477,20210616,3.6,3.53,3.54,3.62,-0.040000000000000036,-1.0928961748633892,9347759.0
600477,20210615,3.66,3.59,3.61,3.66,-0.040000000000000036,-1.0810810810810811,8838611.0
600477,20210611,3.66,3.64,3.65,3.7,0.040000000000000036,1.0928961748633892,9408742.0
600477,20210610,3.64,3.63,3.63,3.66,-0.009999999999999787,-0.27247956403269047,7115869.0
600477,20210609,3.66,3.63,3.64,3.67,-0.020000000000000018,-0.5420054200542035,5921348.0
600477,20210608,3.68,3.65,3.66,3.69,-0.020000000000000018,-0.5390835579514808,6898539.0
600477,20210607,3.69,3.66,3.68,3.71,0.020000000000000018,0.5420054200542035,5251393.0
600477,20210604,3.69,3.65,3.68,3.69,-0.050000000000000266,-1.3368983957219305,6675883.0
600477,20210603,3.71,3.67,3.69,3.74,-0.009999999999999787,-0.2666666666666595,9534197.0
600477,20210602,3.68,3.66,3.72,3.75,0.040000000000000036,1.0781671159029615,15246144.0
600477,20210601,3.7,3.65,3.68,3.71,0.040000000000000036,1.089918256130784,7598779.0
600477,20210531,3.65,3.63,3.65,3.67,-0.010000000000000231,-0.27173913043478937,7453513.0
600477,20210528,3.68,3.64,3.65,3.68,-0.020000000000000018,-0.5405405405405461,8390394.0
600477,20210527,3.69,3.64,3.66,3.7,-0.020000000000000018,-0.5376344086021501,9097849.0
600477,20210526,3.72,3.68,3.69,3.72,0.0,0.0,6099755.0
600477,20210525,3.7,3.66,3.71,3.72,0.010000000000000231,0.26954177897575704,7717913.0
600477,20210524,3.64,3.64,3.68,3.71,0.020000000000000018,0.5420054200542035,4851800.0
600477,20210521,3.64,3.64,3.66,3.69,-0.020000000000000018,-0.5390835579514808,5338425.0
600477,20210520,3.63,3.6,3.66,3.71,0.020000000000000018,0.5420054200542035,6244222.0
600477,20210519,3.68,3.63,3.64,3.69,-0.020000000000000018,-0.5390835579514808,7240354.0
600477,20210518,3.71,3.66,3.67,3.71,-0.03000000000000025,-0.8021390374331583,6609213.0
600477,20210517,3.74,3.69,3.7,3.74,-0.009999999999999787,-0.2666666666666595,7771862.0
600477,20210514,3.73,3.7,3.74,3.75,-0.020000000000000018,-0.5305039787798393,6664972.0
600477,20210513,3.77,3.72,3.73,3.77,-0.029999999999999805,-0.7894736842105177,8952459.0
600477,20210512,3.8,3.75,3.78,3.8,-0.050000000000000266,-1.2987012987013102,9009594.0
600477,20210511,3.81,3.72,3.79,3.85,0.020000000000000018,0.5221932114882533,10730175.0
600477,20210510,3.8,3.74,3.82,3.83,0.040000000000000036,1.055408970976246,19923524.0
600477,20210507,3.71,3.69,3.75,3.79,0.06999999999999984,1.8817204301075252,9648201.0
600477,20210506,3.65,3.62,3.69,3.72,0.020000000000000018,0.540540540540535,8106424.0
600477,20210430,3.7,3.59,3.65,3.7,-0.17999999999999972,-4.639175257731953,14301938.0
600477,20210429,3.87,3.84,3.87,3.88,-0.010000000000000231,-0.25706940874036244,7996040.0
600477,20210428,3.89,3.82,3.84,3.89,-0.020000000000000018,-0.5115089514066473,7361649.0
600477,20210427,3.9,3.82,3.88,3.91,-0.009999999999999787,-0.25510204081632404,7048395.0
600477,20210426,3.84,3.83,3.87,3.92,0.040000000000000036,1.0309278350515427,11740010.0
600477,20210423,3.88,3.8,3.82,3.88,-0.020000000000000018,-0.512820512820511,10976031.0
600477,20210422,3.86,3.85,3.86,3.9,0.020000000000000018,0.5154639175257714,6587264.0
600477,20210421,3.88,3.84,3.85,3.88,-0.07000000000000028,-1.7721518987341867,8732098.0
600477,20210420,3.94,3.89,3.89,3.95,-0.009999999999999787,-0.2525252525252486,8114271.0
600477,20210419,3.91,3.9,3.93,3.96,0.009999999999999787,0.25316455696202667,11552360.0
600477,20210416,3.87,3.86,3.91,3.95,0.06000000000000005,1.5424164524421524,8199340.0
600477,20210415,3.89,3.82,3.86,3.89,-0.04999999999999982,-1.269035532994922,8134577.0
600477,20210414,3.83,3.8,3.89,3.94,0.020000000000000018,0.5102040816326481,11051663.0
600477,20210413,3.9,3.8,3.83,3.92,-0.08000000000000007,-2.0000000000000018,13892379.0
600477,20210412,4.0,3.89,3.9,4.0,-0.08000000000000007,-1.9607843137254943,18437189.0
600477,20210409,4.07,3.99,3.99,4.08,-0.03000000000000025,-0.7299270072992803,14964781.0
600477,20210408,4.06,4.03,4.08,4.11,0.03000000000000025,0.7352941176470562,15596331.0
600477,20210407,4.05,4.02,4.08,4.08,0.020000000000000462,0.49261083743843415,10658041.0
600477,20210406,4.03,4.01,4.05,4.06,-0.05000000000000071,-1.2165450121654708,10818340.0
600477,20210402,4.11,4.03,4.04,4.11,-0.08999999999999986,-2.1428571428571352,14466948.0
600477,20210401,4.16,4.05,4.09,4.2,0.009999999999999787,0.23866348448686736,20228695.0
600477,20210331,4.15,4.1,4.17,4.19,-0.040000000000000036,-0.9456264775413725,13031749.0
600477,20210330,4.22,4.14,4.16,4.23,0.0,0.0,12445977.0
600477,20210329,4.22,4.11,4.14,4.23,0.040000000000000036,0.9546539379474916,17497668.0
600477,20210326,4.11,4.09,4.19,4.19,-0.0699999999999994,-1.6431924882629012,14693014.0
600477,20210325,4.26,4.09,4.09,4.26,-0.14000000000000057,-3.1818181818181968,28200164.0
600477,20210324,4.28,4.26,4.28,4.4,0.03000000000000025,0.6864988558352492,25575116.0
600477,20210323,4.35,4.23,4.28,4.37,-0.019999999999999574,-0.4555808656036331,25732501.0
600477,20210322,4.16,4.15,4.35,4.39,0.15999999999999925,3.782505910165468,41287709.0
600477,20210319,4.15,4.13,4.16,4.23,-0.03999999999999915,-0.9367681498828828,14407167.0
600477,20210318,4.22,4.17,4.17,4.27,-0.020000000000000462,-0.4662004662004726,17134064.0
600477,20210317,4.27,4.2,4.22,4.29,0.0,0.0,19476374.0
600477,20210316,4.24,4.2,4.28,4.29,-0.09999999999999964,-2.27790432801821,19896996.0
600477,20210315,4.29,4.22,4.28,4.39,0.08999999999999986,2.0930232558139528,35578572.0
600477,20210312,4.15,4.15,4.23,4.3,0.14999999999999947,3.6144578313252795,26439805.0
600477,20210311,4.03,4.03,4.15,4.15,-0.04999999999999982,-1.1904761904761862,18544304.0
600477,20210310,4.18,4.04,4.05,4.2,-0.17999999999999972,-4.109589041095885,31715541.0
600477,20210309,4.26,4.14,4.2,4.38,0.04999999999999982,1.1547344110854452,45374423.0
600477,20210308,4.18,4.16,4.22,4.33,0.13999999999999968,3.341288782816232,46210055.0
600477,20210305,4.19,4.1,4.13,4.19,-0.04999999999999982,-1.1792452830188593,19946278.0
600477,20210304,4.2,4.16,4.17,4.24,0.03000000000000025,0.7125890736342066,21295089.0
600477,20210303,4.14,4.13,4.2,4.21,-0.04999999999999982,-1.1737089201877882,18813285.0
600477,20210302,4.22,4.15,4.16,4.26,0.02999999999999936,0.7092198581560183,24765688.0
600477,20210301,4.05,4.03,4.22,4.23,0.10000000000000053,2.421307506053272,38978907.0
600477,20210226,4.02,4.01,4.05,4.13,0.009999999999999787,0.24271844660193054,21870022.0
600477,20210225,4.01,4.01,4.06,4.12,0.040000000000000036,0.9803921568627416,24018640.0
600477,20210224,4.03,3.99,4.03,4.08,-0.019999999999999574,-0.4878048780487698,21870434.0
600477,20210223,4.08,3.99,4.03,4.1,-0.08000000000000007,-1.9138755980861233,24279517.0
600477,20210222,3.99,3.99,4.07,4.18,0.19999999999999973,5.025125628140703,42980144.0
600477,20210219,3.82,3.8,3.98,3.98,0.1499999999999999,3.9164490861618884,31418440.0
600477,20210218,3.8,3.76,3.81,3.83,0.06000000000000005,1.5915119363395291,16104854.0
600477,20210210,3.74,3.71,3.76,3.77,-0.06999999999999984,-1.822916666666663,12171591.0
600477,20210209,3.6,3.6,3.75,3.84,0.18999999999999995,5.205479452054784,20647277.0
600477,20210208,3.6,3.58,3.6,3.65,-0.020000000000000018,-0.544959128065392,7171776.0
600477,20210205,3.61,3.59,3.59,3.67,0.009999999999999787,0.2732240437158362,7657859.0
600477,20210204,3.61,3.56,3.59,3.66,-0.10999999999999988,-2.917771883289122,11758161.0
600477,20210203,3.76,3.66,3.66,3.77,0.0,0.0,11079212.0
600477,20210202,3.73,3.69,3.77,3.77,0.020000000000000018,0.5333333333333412,11096643.0
600477,20210201,3.7,3.6,3.75,3.75,-0.020000000000000018,-0.5305039787798393,11069645.0
600477,20210129,3.71,3.65,3.67,3.77,-0.04999999999999982,-1.308900523560208,11174207.0
600477,20210128,3.7,3.69,3.72,3.82,0.13999999999999968,3.80434782608694,17262904.0
600477,20210127,3.65,3.63,3.66,3.68,-0.08999999999999986,-2.3872679045092826,8352323.0
600477,20210126,3.76,3.64,3.65,3.77,-0.08000000000000007,-2.0779220779220786,13865348.0
600477,20210125,3.85,3.72,3.77,3.85,-0.06000000000000005,-1.534526854219953,17156280.0
600477,20210122,3.83,3.81,3.82,3.91,0.06000000000000005,1.558441558441559,21880461.0
600477,20210121,3.77,3.77,3.84,3.85,0.040000000000000036,1.049868766404205,23125669.0
600477,20210120,3.8,3.72,3.74,3.81,-0.040000000000000036,-1.0389610389610393,10394190.0
600477,20210119,3.82,3.77,3.79,3.85,-0.04999999999999982,-1.2820512820512775,11874749.0
600477,20210118,3.79,3.78,3.82,3.9,0.029999999999999805,0.7751937984496138,13786588.0
600477,20210115,3.78,3.77,3.79,3.87,-0.08000000000000007,-2.0253164556962022,17857915.0
600477,20210114,3.6,3.58,3.83,3.95,0.31000000000000005,8.516483516483508,39954367.0
600477,20210113,3.63,3.58,3.59,3.64,-0.020000000000000018,-0.5464480874316946,13819580.0
600477,20210112,3.62,3.61,3.63,3.66,-0.08999999999999986,-2.399999999999991,11404433.0
600477,20210111,3.7,3.62,3.63,3.75,0.009999999999999787,0.2673796791443861,15133818.0
600477,20210108,3.61,3.55,3.71,3.74,-0.03999999999999959,-1.058201058201047,17807577.0
600477,20210107,3.74,3.6,3.61,3.78,-0.03000000000000025,-0.7874015748031593,27345136.0
600477,20210106,3.8,3.76,3.78,3.81,-0.009999999999999787,-0.2617801047120394,9555391.0
600477,20210105,3.8,3.75,3.79,3.82,-0.010000000000000231,-0.26109660574412663,13852691.0
600477,20210104,3.76,3.72,3.82,3.83,0.040000000000000036,1.055408970976246,16339229.0
600477,20201231,3.73,3.72,3.75,3.79,0.040000000000000036,1.0666666666666602,9557789.0
600477,20201230,3.73,3.71,3.72,3.75,0.009999999999999787,0.2673796791443861,8685316.0
600477,20201229,3.67,3.66,3.71,3.74,-0.019999999999999574,-0.5319148936170137,7295247.0
600477,20201228,3.74,3.66,3.69,3.76,0.009999999999999787,0.2666666666666595,9599725.0
600477,20201225,3.67,3.63,3.73,3.75,-0.040000000000000036,-1.055408970976257,9404840.0
600477,20201224,3.73,3.65,3.67,3.79,-0.029999999999999805,-0.7853403141361182,12594312.0
600477,20201223,3.78,3.71,3.74,3.82,-0.1200000000000001,-3.0456852791878153,18663502.0
600477,20201222,3.94,3.8,3.81,3.94,-0.06000000000000005,-1.5000000000000013,23331026.0
600477,20201221,3.98,3.92,3.94,4.0,0.020000000000000018,0.5025125628140614,13521938.0
600477,20201218,3.95,3.93,3.96,3.98,-0.010000000000000231,-0.25062656641604564,8746523.0
600477,20201217,3.98,3.82,3.95,3.99,-0.05999999999999961,-1.4814814814814725,18629223.0
600477,20201216,4.05,3.96,3.97,4.05,-0.020000000000000462,-0.49140049140050657,12373881.0
600477,20201215,4.05,4.0,4.03,4.07,-0.040000000000000036,-0.9732360097323589,8847968.0
600477,20201214,4.01,4.0,4.05,4.11,0.010000000000000675,0.24390243902441266,8444674.0
600477,20201211,4.07,3.98,4.03,4.1,0.019999999999999574,0.4901960784313708,12895558.0
600477,20201210,4.02,4.01,4.06,4.08,-0.05999999999999961,-1.449275362318836,11710186.0
600477,20201209,4.14,4.02,4.02,4.14,-0.03000000000000025,-0.7194244604316613,16092956.0
600477,20201208,4.14,4.13,4.13,4.17,-0.04999999999999982,-1.1848341232227444,9741247.0
600477,20201207,4.18,4.15,4.15,4.22,-0.020000000000000462,-0.4716981132075526,12599639.0
600477,20201204,4.23,4.15,4.17,4.24,-0.08000000000000007,-1.851851851851849,18350620.0
600477,20201203,4.32,4.23,4.24,4.32,-0.019999999999999574,-0.4608294930875445,18474107.0
600477,20201202,4.28,4.25,4.31,4.34,0.04999999999999982,1.1655011655011593,15244748.0
600477,20201201,4.28,4.22,4.29,4.29,-0.04999999999999982,-1.1520737327188946,15294505.0
600477,20201130,4.29,4.25,4.26,4.34,-0.020000000000000462,-0.4587155963302836,15908032.0
600477,20201127,4.32,4.23,4.3,4.36,-0.04999999999999982,-1.13378684807256,17891587.0
600477,20201126,4.35,4.29,4.32,4.41,-0.10999999999999943,-2.433628318584058,19376369.0
600477,20201125,4.4,4.34,4.36,4.52,0.11999999999999922,2.7272727272727115,44179074.0
600477,20201124,4.25,4.23,4.38,4.4,0.11000000000000032,2.564102564102577,43170507.0
600477,20201123,4.25,4.2,4.24,4.29,0.08000000000000007,1.9002375296912177,20255076.0
600477,20201120,4.18,4.16,4.21,4.21,0.0,0.0,10474624.0
600477,20201119,4.2,4.17,4.19,4.21,-0.03000000000000025,-0.7075471698113289,9652192.0
600477,20201118,4.21,4.2,4.21,4.24,-0.019999999999999574,-0.46948356807510194,10151359.0
600477,20201117,4.25,4.18,4.21,4.26,-0.020000000000000462,-0.4672897196261738,13395663.0
600477,20201116,4.15,4.14,4.27,4.28,0.10000000000000053,2.392344497607679,20500338.0
600477,20201113,4.15,4.13,4.15,4.18,-0.07000000000000028,-1.6470588235294237,8487574.0
600477,20201112,4.24,4.15,4.17,4.25,-0.08000000000000007,-1.8475750577367167,15888161.0
600477,20201111,4.18,4.12,4.25,4.33,0.04999999999999982,1.1682242990654235,29584700.0
600477,20201110,4.28,4.17,4.19,4.28,-0.009999999999999787,-0.2331002331002252,15406156.0
600477,20201109,4.24,4.24,4.26,4.29,0.009999999999999787,0.2336448598130758,16968500.0
600477,20201106,4.23,4.2,4.23,4.28,0.0,0.0,13726697.0
600477,20201105,4.18,4.14,4.25,4.28,0.07000000000000028,1.6627078384798155,21431680.0
600477,20201104,4.2,4.12,4.16,4.21,0.0,0.0,11588610.0
600477,20201103,4.21,4.17,4.19,4.21,0.0,0.0,13597364.0
600477,20201102,4.17,4.11,4.17,4.21,-0.08999999999999986,-2.0930232558139528,15832129.0
600477,20201030,4.14,4.13,4.16,4.3,0.10999999999999943,2.6252983293555854,29627746.0
600477,20201029,4.0,3.97,4.15,4.19,0.1200000000000001,2.9484029484029506,21413060.0
600477,20201028,4.05,3.99,4.05,4.07,-0.019999999999999574,-0.4889975550122161,10640757.0
600477,20201027,3.97,3.95,4.07,4.09,0.040000000000000036,0.9876543209876631,11000942.0
600477,20201026,4.03,3.98,4.0,4.05,-0.07000000000000028,-1.6990291262136026,11276943.0
600477,20201023,4.08,4.01,4.01,4.12,0.020000000000000462,0.4878048780487809,13402123.0
600477,20201022,4.09,4.05,4.07,4.1,-0.09000000000000075,-2.147971360381884,13691675.0
600477,20201021,4.18,4.09,4.11,4.19,-0.02999999999999936,-0.7109004739336289,13390213.0
600477,20201020,4.21,4.13,4.18,4.22,-0.10000000000000053,-2.314814814814825,17619296.0
600477,20201019,4.28,4.22,4.23,4.32,0.010000000000000675,0.23201856148493682,22780061.0
600477,20201016,4.19,4.19,4.26,4.31,0.09999999999999964,2.375296912114,32890641.0
600477,20201015,4.19,4.12,4.13,4.21,-0.04999999999999982,-1.1737089201877882,12949374.0
600477,20201014,4.25,4.16,4.19,4.26,-0.009999999999999787,-0.23419203747072626,13236861.0
600477,20201013,4.26,4.21,4.24,4.27,0.0,0.0,13216079.0
600477,20201012,4.14,4.14,4.25,4.27,0.09999999999999964,2.3980815347721673,22353720.0
600477,20201009,4.07,4.05,4.15,4.17,0.1299999999999999,3.2178217821782207,18683805.0
600477,20200930,4.0,3.98,4.02,4.04,-0.019999999999999574,-0.49261083743841194,11495446.0
600477,20200929,4.01,3.98,3.99,4.06,-0.010000000000000675,-0.24570024570026439,14172465.0
600477,20200928,4.05,3.99,4.0,4.07,-0.02999999999999936,-0.7317073170731603,10116685.0
600477,20200925,4.08,4.0,4.05,4.1,-0.07000000000000028,-1.6786570743405393,12862095.0
600477,20200924,4.17,4.04,4.05,4.17,-0.1200000000000001,-2.7972027972028024,25066537.0
600477,20200923,4.28,4.18,4.19,4.29,-0.05999999999999961,-1.3793103448275779,22636151.0
600477,20200922,4.31,4.23,4.25,4.35,-0.08000000000000007,-1.8058690744921058,19993764.0
600477,20200921,4.39,4.33,4.37,4.43,0.0699999999999994,1.6055045871559592,21647153.0
600477,20200918,4.24,4.24,4.35,4.36,0.040000000000000036,0.92592592592593,23796260.0
600477,20200917,4.28,4.2,4.24,4.32,-0.040000000000000036,-0.9174311926605561,20608749.0
600477,20200916,4.36,4.24,4.27,4.36,-0.040000000000000036,-0.909090909090915,19064352.0
600477,20200915,4.4,4.31,4.34,4.4,-0.05999999999999961,-1.3452914798206206,18895158.0
600477,20200914,4.36,4.36,4.4,4.46,0.08000000000000007,1.82648401826484,18822903.0
600477,20200911,4.36,4.24,4.36,4.38,-0.2400000000000002,-5.1948051948051965,30396452.0
600477,20200910,4.54,4.37,4.4,4.62,0.040000000000000036,0.8733624454148492,32142046.0
600477,20200909,4.48,4.45,4.51,4.58,0.040000000000000036,0.8810572687224738,30450779.0
600477,20200908,4.44,4.42,4.53,4.54,0.009999999999999787,0.22075055187638082,29121529.0
600477,20200907,4.45,4.39,4.43,4.53,0.08999999999999986,2.0270270270270174,38245253.0
600477,20200904,4.4,4.33,4.41,4.44,-0.1299999999999999,-2.844638949671774,32413633.0
600477,20200903,4.51,4.42,4.47,4.57,-0.040000000000000036,-0.8676789587852451,36883950.0
600477,20200902,4.61,4.43,4.5,4.61,-0.05999999999999961,-1.2847965738757905,38840016.0
600477,20200901,4.67,4.51,4.59,4.67,-0.08000000000000007,-1.684210526315788,30558519.0
600477,20200831,4.66,4.59,4.64,4.75,0.040000000000000036,0.849256900212314,38765495.0
600477,20200828,4.61,4.58,4.67,4.71,0.07000000000000028,1.5086206896551824,31996176.0
600477,20200827,4.62,4.51,4.6,4.64,-0.2400000000000002,-4.918032786885251,36824813.0
600477,20200826,4.88,4.55,4.62,4.88,-0.17999999999999972,-3.5573122529644174,70291110.0
600477,20200825,5.0,4.85,4.9,5.06,-0.040000000000000036,-0.7843137254901933,45985596.0
600477,20200824,5.0,4.93,5.0,5.1,0.0,0.0,41862149.0
600477,20200821,4.98,4.93,4.97,5.1,0.009999999999999787,0.19646365422396617,52875485.0
600477,20200820,4.99,4.89,4.91,5.09,-0.14000000000000057,-2.6768642447418833,60612595.0
600477,20200819,5.22,4.98,5.01,5.23,-0.09999999999999964,-1.8761726078799223,80998423.0
600477,20200818,5.12,5.05,5.2,5.33,0.16000000000000014,3.0947775628626717,105117643.0
600477,20200817,4.91,4.83,5.14,5.17,0.22999999999999954,4.6558704453441235,98430965.0
600477,20200814,4.72,4.7,4.93,4.94,0.03000000000000025,0.6109979633401208,77779027.0
600477,20200813,4.86,4.72,4.74,4.91,-0.1899999999999995,-3.725490196078418,69611004.0
600477,20200812,4.97,4.62,4.9,5.1,-0.20000000000000018,-3.7735849056603765,118172807.0
600477,20200811,5.16,4.95,4.97,5.3,-0.28000000000000025,-5.017921146953408,157977619.0
600477,20200810,5.02,5.01,5.5,5.58,0.17999999999999972,3.3333333333333215,142718366.0
600477,20200807,5.4,4.96,5.07,5.4,0.15000000000000036,2.857142857142869,161029069.0
600477,20200806,4.73,4.7,5.25,5.25,0.3200000000000003,6.490872210953347,152285682.0
600477,20200805,4.66,4.56,4.77,4.93,0.0,0.0,111700920.0
600477,20200804,4.7,4.6,4.63,4.93,0.1999999999999993,4.22832980972514,153602860.0
600477,20200803,4.64,4.47,4.6,4.73,0.16000000000000014,3.5010940919037337,107483276.0
600477,20200731,4.23,4.16,4.5,4.57,0.25,5.787037037037046,148332572.0
600477,20200730,3.98,3.98,4.2,4.32,0.3200000000000003,8.000000000000007,104846385.0
600477,20200729,3.93,3.82,3.98,4.0,0.040000000000000036,1.0101010101010166,46482544.0
600477,20200728,3.9,3.85,3.92,3.96,-0.08000000000000007,-1.980198019801982,32202933.0
600477,20200727,3.96,3.86,3.88,4.04,-0.3099999999999996,-7.126436781609192,49443243.0
600477,20200724,4.31,3.98,4.0,4.35,0.009999999999999787,0.23041474654377225,74916905.0
600477,20200723,4.22,4.16,4.31,4.34,-0.0600000000000005,-1.363636363636378,61445968.0
600477,20200722,4.27,4.18,4.26,4.4,0.010000000000000675,0.2277904328018332,63962649.0
600477,20200721,4.25,4.14,4.27,4.39,0.13999999999999968,3.294117647058825,91723934.0
600477,20200720,3.92,3.9,4.19,4.25,0.23000000000000043,5.7213930348258835,105999532.0
600477,20200717,3.93,3.83,3.87,4.02,-0.20000000000000018,-4.739336492891,49443149.0
600477,20200716,4.09,3.92,3.94,4.22,-0.16999999999999993,-3.8724373576309756,53819845.0
600477,20200715,4.36,4.08,4.1,4.39,-0.040000000000000036,-0.9029345372460473,48550918.0
600477,20200714,4.16,4.16,4.32,4.43,0.10999999999999943,2.54629629629628,57061746.0
600477,20200713,4.1,4.07,4.25,4.32,0.05000000000000071,1.1709601873536535,55370061.0
600477,20200710,4.14,4.07,4.11,4.27,0.11999999999999922,2.891566265060219,52759018.0
600477,20200709,4.09,4.05,4.12,4.15,0.020000000000000462,0.4842615012106588,46097910.0
600477,20200708,3.98,3.95,4.08,4.13,-0.03000000000000025,-0.7211538461538547,46091528.0
600477,20200707,4.12,3.99,4.01,4.16,0.11000000000000032,2.716049382716057,47302630.0
600477,20200706,3.88,3.88,4.04,4.05,0.1599999999999997,4.113110539845755,52668153.0
600477,20200703,3.82,3.77,3.84,3.89,0.07000000000000028,1.832460732984309,30621330.0
600477,20200702,3.67,3.65,3.8,3.82,0.1499999999999999,4.087193460490468,32432438.0
600477,20200701,3.63,3.61,3.66,3.67,0.020000000000000018,0.5479452054794498,10874874.0
600477,20200630,3.61,3.6,3.63,3.65,0.029999999999999805,0.8287292817679592,11135488.0
600477,20200629,3.55,3.55,3.58,3.62,-0.009999999999999787,-0.2754820936639035,9821858.0
600477,20200624,3.62,3.53,3.55,3.63,-0.050000000000000266,-1.3586956521739246,14678751.0
600477,20200623,3.68,3.6,3.61,3.68,-0.04999999999999982,-1.3404825737265313,13504122.0
600477,20200622,3.71,3.65,3.67,3.73,0.0,0.0,15387717.0
600477,20200619,3.72,3.68,3.72,3.73,-0.010000000000000231,-0.2673796791443861,9951409.0
600477,20200618,3.67,3.65,3.72,3.74,0.010000000000000231,0.2680965147453085,14426302.0
600477,20200617,3.7,3.66,3.69,3.73,0.0,0.0,15979089.0
600477,20200616,3.67,3.67,3.7,3.73,-0.010000000000000231,-0.2673796791443861,14115808.0
600477,20200615,3.71,3.65,3.67,3.74,-0.03999999999999959,-1.058201058201047,18645905.0
600477,20200612,3.69,3.67,3.72,3.78,-0.020000000000000018,-0.5263157894736858,13002345.0
600477,20200611,3.79,3.72,3.74,3.8,-0.010000000000000231,-0.2624671916010568,9722248.0
600477,20200610,3.81,3.75,3.77,3.81,-0.009999999999999787,-0.2617801047120394,10495434.0
600477,20200609,3.79,3.79,3.81,3.82,-0.040000000000000036,-1.0362694300518172,6292463.0
600477,20200608,3.81,3.79,3.82,3.86,0.009999999999999787,0.2597402597402487,10763390.0
600477,20200605,3.85,3.75,3.79,3.85,-0.06999999999999984,-1.7857142857142794,14213932.0
600477,20200604,3.89,3.82,3.83,3.92,-0.040000000000000036,-1.0101010101010055,13448449.0
600477,20200603,3.88,3.85,3.9,3.96,0.06000000000000005,1.538461538461533,19922681.0
600477,20200602,3.88,3.83,3.86,3.9,0.020000000000000018,0.5154639175257714,13375889.0
600477,20200601,3.8,3.8,3.87,3.88,0.020000000000000018,0.5181347150259086,14650866.0
600477,20200529,3.83,3.79,3.8,3.86,-0.07000000000000028,-1.7811704834605702,12412870.0
600477,20200528,3.78,3.77,3.83,3.93,-0.009999999999999787,-0.25380710659898,18539158.0
600477,20200527,3.9,3.78,3.79,3.94,-0.13000000000000034,-3.194103194103204,19710855.0
600477,20200526,3.7,3.7,3.94,4.07,0.2900000000000005,7.671957671957674,33770007.0
600477,20200525,3.72,3.69,3.7,3.78,-0.020000000000000018,-0.5263157894736858,10551689.0
600477,20200522,3.79,3.69,3.71,3.8,-0.08000000000000007,-2.0618556701030966,11415282.0
600477,20200521,3.87,3.74,3.77,3.88,-0.03000000000000025,-0.7672634271099765,15389939.0
600477,20200520,3.87,3.85,3.86,3.91,-0.040000000000000036,-1.0126582278481067,12360792.0
600477,20200519,3.93,3.88,3.91,3.95,-0.040000000000000036,-1.0025062656641603,14494830.0
600477,20200518,3.98,3.88,3.91,3.99,0.0,0.0,14796817.0
600477,20200515,3.99,3.93,3.94,3.99,-0.0699999999999994,-1.724137931034464,10454460.0
600477,20200514,4.02,3.95,3.96,4.06,-0.020000000000000462,-0.4901960784313819,14000907.0
600477,20200513,3.97,3.94,4.05,4.08,0.0600000000000005,1.4925373134328401,21837755.0
600477,20200512,4.0,3.92,3.97,4.02,-0.0600000000000005,-1.4705882352941346,16770798.0
600477,20200511,4.04,3.99,4.02,4.08,-0.07000000000000028,-1.6867469879518149,20368154.0
600477,20200508,4.06,4.02,4.05,4.15,0.07000000000000028,1.71568627450982,28475468.0
600477,20200507,3.94,3.91,4.06,4.08,0.1299999999999999,3.2911392405063244,29913813.0
600477,20200506,3.86,3.8,3.94,3.95,0.03000000000000025,0.7653061224489832,20066522.0
600477,20200430,3.83,3.83,3.91,3.92,0.009999999999999787,0.2557544757033181,18409748.0
600477,20200429,3.88,3.75,3.79,3.91,-0.10999999999999943,-2.736318407960181,17763616.0
600477,20200428,4.02,3.73,3.87,4.02,-0.03000000000000025,-0.7407407407407418,16087003.0
600477,20200427,3.92,3.92,3.98,4.05,0.009999999999999787,0.24752475247524774,15479574.0
600477,20200424,4.03,3.86,3.89,4.04,-0.04999999999999982,-1.2224938875305624,21925622.0
600477,20200423,4.08,4.0,4.02,4.09,-0.009999999999999787,-0.24390243902439046,17410053.0
600477,20200422,4.02,4.0,4.08,4.1,0.009999999999999787,0.24449877750609694,16963506.0
600477,20200421,4.06,3.99,4.05,4.09,-0.040000000000000036,-0.9685230024213065,17147163.0
600477,20200420,4.01,4.01,4.11,4.13,0.040000000000000036,0.9779951100244544,23650679.0
600477,20200417,3.92,3.91,4.05,4.09,0.08999999999999986,2.2499999999999964,30692229.0
600477,20200416,3.94,3.91,3.94,4.0,-0.08000000000000007,-1.9607843137254943,13168424.0
600477,20200415,4.07,3.94,3.95,4.08,-0.040000000000000036,-0.9708737864077666,22772109.0
600477,20200414,4.1,4.0,4.06,4.12,-0.03000000000000025,-0.7228915662650715,19450659.0
600477,20200413,4.01,4.01,4.06,4.15,-0.05999999999999961,-1.4251781472684022,17106847.0
600477,20200410,4.21,4.03,4.07,4.21,-0.08000000000000007,-1.8648018648018683,34350491.0
600477,20200409,4.04,4.01,4.25,4.29,0.2400000000000002,5.9259259259259345,48945660.0
600477,20200408,3.99,3.96,4.02,4.05,0.019999999999999574,0.4962779156327368,23791372.0
600477,20200407,3.9,3.86,4.01,4.03,0.11000000000000032,2.8061224489795977,34705976.0
600477,20200403,3.91,3.84,3.84,3.92,-0.010000000000000231,-0.2544529262086592,15831960.0
600477,20200402,3.91,3.83,3.92,3.93,-0.1499999999999999,-3.676470588235292,26813392.0
600477,20200401,4.03,3.94,3.96,4.08,0.08999999999999986,2.2556390977443552,25668677.0
600477,20200331,3.93,3.86,3.99,3.99,0.050000000000000266,1.2690355329949332,25078785.0
600477,20200330,3.87,3.77,3.9,3.94,-0.17000000000000037,-4.1362530413625365,26873092.0
600477,20200327,3.88,3.84,3.93,4.11,0.17000000000000037,4.31472081218276,36159880.0
600477,20200326,3.86,3.81,3.84,3.94,-0.010000000000000231,-0.25316455696202667,20397172.0
600477,20200325,3.95,3.81,3.87,3.95,0.07000000000000028,1.804123711340222,20668936.0
600477,20200324,3.83,3.68,3.81,3.88,-0.03000000000000025,-0.7672634271099765,23944071.0
600477,20200323,3.87,3.74,3.74,3.91,-0.08000000000000007,-2.0050125313283207,23693873.0
600477,20200320,3.96,3.86,3.94,3.99,0.06000000000000005,1.526717557251911,19359079.0
600477,20200319,3.84,3.77,3.89,3.93,-0.10999999999999988,-2.722772277227725,30214834.0
600477,20200318,3.91,3.85,3.88,4.04,0.020000000000000462,0.4975124378109541,34991202.0
600477,20200317,3.99,3.62,3.86,4.02,-0.1900000000000004,-4.513064133016631,36120111.0
600477,20200316,4.12,3.87,3.9,4.21,0.11000000000000032,2.682926829268295,40328191.0
600477,20200313,3.93,3.86,4.06,4.1,-0.2400000000000002,-5.529953917050701,48659313.0
600477,20200312,4.28,4.1,4.16,4.34,-0.17999999999999972,-3.9823008849557473,39825621.0
600477,20200311,4.39,4.34,4.35,4.52,0.1299999999999999,2.9612756264236983,42523484.0
600477,20200310,4.25,4.08,4.35,4.39,-0.16999999999999993,-3.7280701754385914,58149381.0
600477,20200309,4.45,4.29,4.3,4.56,-0.10000000000000053,-2.145922746781126,49669424.0
600477,20200306,4.54,4.5,4.54,4.66,-0.2699999999999996,-5.476673427991874,38602221.0
600477,20200305,4.78,4.66,4.67,4.93,0.17999999999999972,3.7894736842105203,53503928.0
600477,20200304,4.54,4.45,4.71,4.75,-0.25,-5.000000000000004,60860333.0
600477,20200303,4.91,4.56,4.62,5.0,0.28000000000000025,5.932203389830515,99170217.0
600477,20200302,4.29,4.29,4.7,4.72,0.13999999999999968,3.056768558951961,88289594.0
600477,20200228,4.46,4.29,4.29,4.58,-0.17999999999999972,-3.7815126050420145,63719178.0
600477,20200227,4.62,4.46,4.63,4.76,-0.16000000000000014,-3.25203252032521,67165783.0
600477,20200226,4.51,4.47,4.59,4.92,0.28000000000000025,6.034482758620685,105714832.0
600477,20200225,4.2,4.14,4.61,4.64,0.27999999999999936,6.422018348623837,94256698.0
600477,20200224,4.12,4.11,4.29,4.36,0.0600000000000005,1.3953488372093092,57990634.0
600477,20200221,4.16,4.1,4.17,4.3,0.09999999999999964,2.3809523809523725,56498829.0
600477,20200220,4.03,4.03,4.15,4.2,0.0600000000000005,1.449275362318847,60339242.0
600477,20200219,4.01,3.96,4.06,4.14,-0.010000000000000675,-0.2409638554217053,54471357.0
600477,20200218,3.81,3.79,4.06,4.15,0.26000000000000023,6.683804627249357,75366708.0
600477,20200217,3.78,3.76,3.83,3.89,-0.04999999999999982,-1.269035532994922,45298781.0
600477,20200214,3.89,3.7,3.75,3.94,-0.14000000000000012,-3.4313725490196068,63876051.0
600477,20200213,3.99,3.84,3.93,4.08,-0.16999999999999993,-4.0000000000000036,81516329.0
600477,20200212,3.91,3.82,4.06,4.25,0.33000000000000007,8.418367346938771,126142266.0
600477,20200211,3.6,3.51,3.92,3.92,0.33000000000000007,9.192200557103059,110499039.0
600477,20200210,3.28,3.25,3.56,3.59,0.2799999999999998,8.45921450151057,52196617.0
600477,20200207,3.28,3.21,3.26,3.31,-0.06000000000000005,-1.7804154302670683,31106798.0
600477,20200206,3.3,3.2,3.31,3.37,-0.08000000000000007,-2.3188405797101463,39751892.0
600477,20200205,3.17,3.17,3.3,3.45,0.16000000000000014,4.863221884498481,36710138.0
600477,20200204,2.85,2.85,3.21,3.29,0.1499999999999999,4.777070063694255,46900474.0
600477,20200203,3.14,3.14,3.14,3.14,-0.5099999999999998,-13.972602739726025,3860600.0
600477,20200123,3.41,3.4,3.49,3.65,0.1299999999999999,3.693181818181812,42412603.0
600477,20200122,3.38,3.29,3.47,3.52,-0.10000000000000009,-2.7624309392265234,34089430.0
600477,20200121,3.61,3.39,3.41,3.62,0.020000000000000018,0.5555555555555536,38146046.0
600477,20200120,3.32,3.32,3.56,3.6,0.2400000000000002,7.14285714285714,49278705.0
600477,20200117,3.18,3.14,3.3,3.36,0.1299999999999999,4.024767801857587,34900333.0
600477,20200116,3.08,3.04,3.18,3.23,0.06999999999999984,2.215189873417711,36976569.0
600477,20200115,3.07,3.04,3.05,3.16,-0.08000000000000007,-2.4691358024691357,20061414.0
600477,20200114,2.97,2.95,3.1,3.24,0.28000000000000025,9.459459459459474,44097250.0
600477,20200113,2.94,2.92,2.96,2.96,-0.010000000000000231,-0.33670033670034627,7373446.0
600477,20200110,2.96,2.91,2.95,2.97,0.010000000000000231,0.33783783783785104,8723008.0
600477,20200109,2.95,2.93,2.96,2.96,-0.010000000000000231,-0.33670033670034627,9995020.0
600477,20200108,2.93,2.9,2.9,2.97,0.010000000000000231,0.33783783783785104,15657754.0
600477,20200107,2.93,2.92,2.96,2.96,0.009999999999999787,0.3389830508474523,9965318.0
600477,20200106,2.88,2.88,2.91,2.95,0.03000000000000025,1.0273972602739878,13131069.0
600477,20200103,2.87,2.86,2.91,2.92,0.020000000000000018,0.6896551724137945,11474291.0
600477,20200102,2.84,2.83,2.87,2.9,0.06999999999999984,2.473498233215543,12577266.0
600477,20191231,2.8,2.78,2.82,2.83,0.010000000000000231,0.35460992907803135,7834651.0
600477,20191230,2.78,2.78,2.81,2.82,-0.010000000000000231,-0.35335689045937757,6846087.0
600477,20191227,2.81,2.79,2.79,2.83,0.020000000000000018,0.7117437722419906,6371354.0
600477,20191226,2.81,2.78,2.8,2.81,-0.020000000000000018,-0.7067137809187329,6148812.0
600477,20191225,2.83,2.79,2.8,2.83,0.010000000000000231,0.35460992907803135,4950527.0
600477,20191224,2.76,2.76,2.81,2.82,-0.020000000000000018,-0.7042253521126751,7364643.0
600477,20191223,2.83,2.77,2.77,2.84,-0.040000000000000036,-1.388888888888895,8497413.0
600477,20191220,2.86,2.83,2.84,2.88,0.029999999999999805,1.0526315789473717,8826130.0
600477,20191219,2.83,2.81,2.84,2.85,-0.020000000000000018,-0.6968641114982632,7344501.0
600477,20191218,2.81,2.81,2.82,2.87,0.020000000000000018,0.7017543859649145,10630348.0
600477,20191217,2.73,2.73,2.82,2.85,0.10000000000000009,3.6363636363636376,15507629.0
600477,20191216,2.71,2.69,2.74,2.75,0.029999999999999805,1.1029411764705843,8766357.0
600477,20191213,2.7,2.67,2.71,2.72,0.0,0.0,8424089.0
600477,20191212,2.71,2.67,2.68,2.72,-0.009999999999999787,-0.3663003663003539,5547666.0
600477,20191211,2.69,2.69,2.71,2.73,0.029999999999999805,1.1111111111111072,6723580.0
600477,20191210,2.66,2.63,2.7,2.7,0.03000000000000025,1.1235955056179803,9899296.0
600477,20191209,2.64,2.63,2.66,2.67,0.0,0.0,6652669.0
600477,20191206,2.67,2.63,2.65,2.67,-0.010000000000000231,-0.3731343283582156,4397132.0
600477,20191205,2.65,2.63,2.65,2.68,0.03000000000000025,1.132075471698113,5471232.0
600477,20191204,2.64,2.62,2.63,2.65,-0.040000000000000036,-1.486988847583648,4497504.0
600477,20191203,2.69,2.61,2.64,2.69,-0.020000000000000018,-0.7380073800738018,8447645.0
600477,20191202,2.68,2.66,2.67,2.71,-0.010000000000000231,-0.3676470588235392,4568142.0
600477,20191129,2.7,2.66,2.68,2.72,-0.020000000000000018,-0.7299270072992692,7135706.0
600477,20191128,2.71,2.69,2.69,2.74,0.0,0.0,7148565.0
600477,20191127,2.72,2.7,2.71,2.74,0.0,0.0,7551424.0
600477,20191126,2.73,2.69,2.72,2.74,-0.009999999999999787,-0.3636363636363549,10243448.0
600477,20191125,2.68,2.68,2.74,2.75,0.020000000000000018,0.73260073260073,13334675.0
600477,20191122,2.72,2.66,2.68,2.73,0.029999999999999805,1.1111111111111072,11331931.0
600477,20191121,2.6,2.58,2.7,2.7,0.08000000000000007,3.053435114503822,16831429.0
600477,20191120,2.6,2.56,2.61,2.62,0.0,0.0,9541402.0
600477,20191119,2.49,2.48,2.6,2.62,0.1200000000000001,4.800000000000004,16190724.0
600477,20191118,2.45,2.43,2.48,2.5,0.009999999999999787,0.40160642570279403,7043164.0
600477,20191115,2.49,2.45,2.45,2.49,-0.009999999999999787,-0.39999999999998925,6371224.0
600477,20191114,2.45,2.45,2.48,2.5,0.029999999999999805,1.2145748987854255,5674408.0
600477,20191113,2.47,2.43,2.45,2.47,-0.04999999999999982,-1.984126984126977,4943404.0
600477,20191112,2.5,2.42,2.47,2.52,-0.08000000000000007,-3.076923076923077,13407264.0
600477,20191111,2.6,2.49,2.51,2.6,-0.020000000000000018,-0.7633587786259555,8408404.0
600477,20191108,2.59,2.58,2.58,2.62,-0.009999999999999787,-0.3802281368821214,6254402.0
600477,20191107,2.61,2.58,2.59,2.63,0.009999999999999787,0.3816793893129722,4922321.0
600477,20191106,2.57,2.57,2.61,2.62,-0.06999999999999984,-2.6022304832713727,9876919.0
600477,20191105,2.69,2.54,2.58,2.69,-0.040000000000000036,-1.465201465201471,24261814.0
600477,20191104,2.73,2.67,2.68,2.73,0.0,0.0,9406731.0
600477,20191101,2.71,2.69,2.73,2.73,-0.020000000000000018,-0.727272727272732,5364777.0
600477,20191031,2.73,2.68,2.73,2.75,0.0,0.0,9367240.0
600477,20191030,2.75,2.72,2.72,2.75,-0.10000000000000009,-3.508771929824561,9516767.0
600477,20191029,2.8,2.72,2.75,2.85,-0.009999999999999787,-0.34965034965034336,25028193.0
600477,20191028,2.82,2.82,2.85,2.86,0.029999999999999805,1.0600706713780772,7017005.0
600477,20191025,2.81,2.78,2.82,2.83,-0.020000000000000018,-0.7017543859649145,5031675.0
600477,20191024,2.8,2.78,2.82,2.85,0.03000000000000025,1.0638297872340496,5835403.0
600477,20191023,2.81,2.78,2.81,2.82,0.0,0.0,5395764.0
600477,20191022,2.77,2.77,2.81,2.82,0.009999999999999787,0.3558718861209842,4349406.0
600477,20191021,2.8,2.77,2.79,2.81,-0.040000000000000036,-1.403508771929829,5609754.0
600477,20191018,2.84,2.8,2.81,2.85,-0.009999999999999787,-0.34965034965034336,5241307.0
600477,20191017,2.86,2.82,2.83,2.86,-0.03000000000000025,-1.038062283737029,4627701.0
600477,20191016,2.89,2.84,2.84,2.89,-0.020000000000000018,-0.6872852233676952,5428519.0
600477,20191015,2.91,2.86,2.88,2.91,-0.009999999999999787,-0.3424657534246478,5550916.0
600477,20191014,2.88,2.88,2.91,2.92,0.029999999999999805,1.038062283737018,7812720.0
600477,20191011,2.86,2.85,2.88,2.89,0.03000000000000025,1.0489510489510634,7217341.0
600477,20191010,2.84,2.83,2.85,2.86,0.020000000000000018,0.7042253521126751,6227887.0
600477,20191009,2.83,2.82,2.83,2.84,-0.020000000000000018,-0.6993006993006978,4827028.0
600477,20191008,2.82,2.82,2.83,2.86,0.009999999999999787,0.35087719298245723,4485137.0
600477,20190930,2.83,2.82,2.84,2.85,0.0,0.0,5799691.0
600477,20190927,2.85,2.81,2.84,2.85,-0.04999999999999982,-1.724137931034475,9269178.0
600477,20190926,2.88,2.83,2.84,2.9,-0.020000000000000018,-0.6849315068493178,8680067.0
600477,20190925,2.91,2.86,2.88,2.92,-0.020000000000000018,-0.6802721088435382,7916454.0
600477,20190924,2.94,2.91,2.92,2.94,-0.03000000000000025,-1.0101010101010166,6623670.0
600477,20190923,2.97,2.92,2.93,2.97,-0.020000000000000018,-0.6688963210702337,6883213.0
600477,20190920,2.96,2.95,2.97,2.99,0.010000000000000231,0.3355704697986628,6178976.0
600477,20190919,2.95,2.92,2.97,2.98,0.0,0.0,6446504.0
600477,20190918,2.95,2.94,2.95,2.98,-0.04999999999999982,-1.650165016501648,5734207.0
600477,20190917,3.02,2.94,2.95,3.03,-0.040000000000000036,-1.3029315960912058,11277638.0
600477,20190916,3.06,3.01,3.03,3.07,0.020000000000000018,0.6557377049180246,9296032.0
600477,20190912,3.02,3.01,3.04,3.05,-0.03000000000000025,-0.9740259740259827,7025809.0
600477,20190911,3.05,3.02,3.02,3.08,0.020000000000000018,0.6535947712418277,8156748.0
600477,20190910,3.05,3.02,3.05,3.06,0.010000000000000231,0.3278688524590345,8681881.0
600477,20190909,3.02,3.01,3.05,3.05,0.020000000000000018,0.660066006600668,10411908.0
600477,20190906,3.0,2.99,3.0,3.03,-0.050000000000000266,-1.6233766233766267,9209586.0
600477,20190905,3.04,2.99,3.0,3.08,0.020000000000000018,0.6535947712418277,23466856.0
600477,20190904,2.91,2.9,3.04,3.06,0.1299999999999999,4.436860068259385,27023347.0
600477,20190903,2.93,2.89,2.92,2.93,0.010000000000000231,0.34246575342467,8906926.0
600477,20190902,2.84,2.8,2.92,2.92,-0.020000000000000018,-0.6802721088435382,12662001.0
600477,20190830,2.92,2.85,2.86,2.94,0.0,0.0,8186360.0
600477,20190829,2.88,2.87,2.92,2.94,0.04999999999999982,1.730103806228378,10620706.0
600477,20190828,2.86,2.84,2.88,2.89,0.0,0.0,6499466.0
600477,20190827,2.81,2.81,2.87,2.89,0.050000000000000266,1.760563380281699,6304518.0
600477,20190826,2.81,2.79,2.81,2.84,-0.07000000000000028,-2.4054982817869552,7592811.0
600477,20190823,2.91,2.84,2.87,2.91,0.0,0.0,7213418.0
600477,20190822,2.89,2.87,2.9,2.91,-0.009999999999999787,-0.3424657534246478,4456380.0
600477,20190821,2.9,2.88,2.89,2.92,-0.07000000000000028,-2.341137123745829,6087265.0
600477,20190820,2.95,2.89,2.91,2.99,0.0900000000000003,3.1034482758620863,14528829.0
600477,20190819,2.83,2.81,2.9,2.9,0.08000000000000007,2.8368794326241176,10571131.0
600477,20190816,2.8,2.78,2.81,2.82,0.0,0.0,5329491.0
600477,20190815,2.77,2.74,2.8,2.82,-0.0900000000000003,-3.0927835051546504,9676610.0
600477,20190814,2.89,2.85,2.85,2.91,0.040000000000000036,1.3937282229965264,4243308.0
600477,20190813,2.86,2.84,2.86,2.87,-0.040000000000000036,-1.3745704467354014,5209469.0
600477,20190812,2.89,2.86,2.89,2.91,-0.04999999999999982,-1.6891891891891886,6488869.0
600477,20190809,2.95,2.87,2.88,2.96,0.0,0.0,5117805.0
600477,20190808,2.95,2.9,2.93,2.96,0.0,0.0,5657015.0
600477,20190807,2.93,2.91,2.94,2.96,0.029999999999999805,1.0238907849829282,5514697.0
600477,20190806,2.9,2.84,2.93,2.93,-0.09999999999999964,-3.3003300330032848,13925709.0
600477,20190805,3.03,2.93,2.95,3.03,-0.03000000000000025,-0.9803921568627527,9397931.0
600477,20190802,3.05,3.03,3.03,3.06,-0.04999999999999982,-1.6077170418006381,7799466.0
600477,20190801,3.09,3.08,3.09,3.11,-0.020000000000000018,-0.6389776357827448,3951034.0
600477,20190731,3.13,3.1,3.1,3.13,0.0,0.0,7049005.0
600477,20190730,3.11,3.1,3.11,3.13,0.009999999999999787,0.3205128205128194,4797977.0
600477,20190729,3.11,3.07,3.09,3.12,0.0,0.0,4309536.0
600477,20190726,3.11,3.09,3.11,3.12,-0.020000000000000018,-0.6369426751592355,4151290.0
600477,20190725,3.13,3.1,3.12,3.14,-0.020000000000000018,-0.6329113924050667,5555225.0
600477,20190724,3.13,3.11,3.14,3.16,0.03000000000000025,0.9584664536741228,15805012.0
600477,20190723,3.1,3.08,3.13,3.13,-0.040000000000000036,-1.2618296529968487,12902687.0
600477,20190722,3.14,3.08,3.09,3.17,-0.010000000000000231,-0.3144654088050425,10079182.0
600477,20190719,3.14,3.13,3.13,3.18,0.0,0.0,4426012.0
600477,20190718,3.18,3.14,3.14,3.18,-0.020000000000000018,-0.6249999999999978,4482292.0
600477,20190717,3.17,3.17,3.18,3.2,0.0,0.0,5274114.0
600477,20190716,3.18,3.17,3.17,3.2,0.010000000000000231,0.31347962382446415,5001493.0
600477,20190715,3.15,3.12,3.18,3.19,-0.010000000000000231,-0.31250000000000444,4708917.0
600477,20190712,3.17,3.15,3.16,3.2,-0.040000000000000036,-1.2345679012345734,5515830.0
600477,20190711,3.21,3.17,3.17,3.24,0.03000000000000025,0.9345794392523477,11793100.0
600477,20190710,3.17,3.15,3.2,3.21,0.029999999999999805,0.943396226415083,9833338.0
600477,20190709,3.11,3.11,3.17,3.18,-0.06999999999999984,-2.1538461538461506,5458630.0
600477,20190708,3.24,3.14,3.14,3.25,-0.029999999999999805,-0.9146341463414531,11782073.0
600477,20190705,3.28,3.24,3.26,3.28,-0.040000000000000036,-1.2048192771084376,8445666.0
600477,20190704,3.32,3.25,3.27,3.32,0.0,0.0,13467130.0
600477,20190703,3.31,3.29,3.31,3.32,-0.040000000000000036,-1.1904761904761862,11029808.0
600477,20190702,3.35,3.3,3.34,3.36,0.009999999999999787,0.29850746268655914,9289452.0
600477,20190701,3.33,3.3,3.34,3.35,0.010000000000000231,0.29940119760478723,11533580.0
600477,20190628,3.34,3.26,3.28,3.34,-0.020000000000000018,-0.5952380952380931,8202060.0
600477,20190627,3.35,3.33,3.34,3.36,0.009999999999999787,0.29850746268655914,9654308.0
600477,20190626,3.35,3.31,3.34,3.35,-0.04999999999999982,-1.4705882352941124,4977134.0
600477,20190625,3.38,3.31,3.35,3.4,-0.010000000000000231,-0.2932551319648202,8486776.0
600477,20190624,3.38,3.36,3.41,3.41,-0.020000000000000018,-0.5830903790087438,7345368.0
600477,20190621,3.36,3.35,3.4,3.43,0.06000000000000005,1.7804154302670572,14269389.0
600477,20190620,3.34,3.32,3.35,3.37,-0.020000000000000018,-0.5899705014749235,8982377.0
600477,20190619,3.36,3.33,3.33,3.39,0.020000000000000018,0.5934718100890191,8430854.0
600477,20190618,3.34,3.3,3.31,3.37,0.050000000000000266,1.506024096385561,4766886.0
600477,20190617,3.29,3.26,3.31,3.32,-0.040000000000000036,-1.1904761904761862,4926204.0
600477,20190614,3.34,3.28,3.29,3.36,-0.040000000000000036,-1.17647058823529,7696485.0
600477,20190613,3.4,3.31,3.36,3.4,-0.050000000000000266,-1.449275362318847,13454345.0
600477,20190612,3.33,3.29,3.4,3.45,0.08000000000000007,2.3738872403560762,17196327.0
600477,20190611,3.25,3.23,3.35,3.37,-0.6299999999999999,-15.749999999999996,10929959.0
600477,20190610,3.99,3.95,3.97,4.0,0.009999999999999787,0.25062656641603454,4818889.0
600477,20190606,3.98,3.94,3.95,3.99,-0.0699999999999994,-1.724137931034464,5406994.0
600477,20190605,4.02,3.96,3.96,4.06,0.0699999999999994,1.754385964912264,5889972.0
600477,20190604,3.96,3.94,3.96,3.99,-0.040000000000000036,-0.992555831265507,4775898.0
600477,20190603,4.01,3.92,3.94,4.03,-0.009999999999999787,-0.24752475247524774,6010302.0
600477,20190531,4.01,4.0,4.01,4.04,0.009999999999999787,0.2481389578163684,3679836.0
600477,20190530,4.03,3.97,4.01,4.03,-0.05999999999999961,-1.4669926650366705,5225241.0
600477,20190529,4.04,4.0,4.04,4.09,0.03000000000000025,0.7389162561576512,5801490.0
600477,20190528,4.01,3.99,4.0,4.06,0.04999999999999982,1.2468827930174564,6101887.0
600477,20190527,3.91,3.88,4.01,4.01,0.06999999999999984,1.7766497461928932,6941552.0
600477,20190524,3.9,3.88,3.88,3.94,-0.050000000000000266,-1.253132832080206,3998861.0
600477,20190523,3.97,3.9,3.91,3.99,-0.05999999999999961,-1.4814814814814725,6696410.0
600477,20190522,4.03,3.97,3.98,4.05,-0.009999999999999787,-0.24630541871920597,5642128.0
600477,20190521,3.98,3.96,4.04,4.06,0.0,0.0,7291581.0
600477,20190520,4.04,3.91,3.98,4.06,-0.10000000000000053,-2.4038461538461675,7706779.0
600477,20190517,4.16,3.99,4.02,4.16,-0.019999999999999574,-0.4784688995215225,12604534.0
600477,20190516,4.1,4.09,4.16,4.18,0.04999999999999982,1.2106537530266248,9416908.0
600477,20190515,4.08,4.07,4.12,4.13,0.0,0.0,10306599.0
600477,20190514,4.08,4.05,4.06,4.13,-0.04999999999999982,-1.1961722488038284,8401918.0
600477,20190513,4.16,4.1,4.13,4.18,-0.05000000000000071,-1.1820330969267268,7292448.0
600477,20190510,4.15,4.04,4.21,4.23,0.05000000000000071,1.1961722488038395,10357636.0
600477,20190509,4.18,4.11,4.13,4.18,-0.07000000000000028,-1.6470588235294237,6072438.0
600477,20190508,4.1,4.06,4.13,4.25,-0.009999999999999787,-0.23474178403755097,7652893.0
600477,20190507,4.19,4.14,4.21,4.26,-0.2400000000000002,-5.333333333333334,10552155.0
600477,20190506,4.5,4.16,4.19,4.5,-0.2699999999999996,-5.660377358490553,21605723.0
600477,20190430,4.38,4.33,4.62,4.77,0.21999999999999975,4.83516483516484,17318261.0
600477,20190429,4.47,4.43,4.45,4.55,0.019999999999999574,0.44150110375273943,13697672.0
600477,20190426,4.48,4.44,4.47,4.53,-0.13999999999999968,-2.997858672376863,10231109.0
600477,20190425,4.67,4.45,4.48,4.67,-0.020000000000000462,-0.4264392324093924,17233052.0
600477,20190424,4.68,4.57,4.69,4.69,-0.15999999999999925,-3.2989690721649367,11313033.0
600477,20190423,4.82,4.59,4.64,4.85,-0.13000000000000078,-2.6104417670682833,24397098.0
600477,20190422,4.98,4.81,4.82,4.98,0.010000000000000675,0.201207243460777,16542958.0
600477,20190419,4.91,4.85,4.95,4.97,-0.0600000000000005,-1.1928429423459397,13108223.0
600477,20190418,5.0,4.9,4.91,5.03,0.010000000000000675,0.19920318725101804,19423436.0
600477,20190417,4.9,4.88,5.0,5.02,0.09999999999999964,2.0325203252032464,27725378.0
600477,20190416,4.84,4.76,4.91,4.92,-0.0600000000000005,-1.2048192771084487,18681568.0
600477,20190415,4.92,4.82,4.84,4.98,0.07000000000000028,1.4256619144602967,18798577.0
600477,20190412,4.84,4.8,4.86,4.91,-0.13999999999999968,-2.7722772277227636,15521665.0
600477,20190411,4.97,4.85,4.87,5.05,0.009999999999999787,0.1984126984126977,23673058.0
600477,20190410,5.04,4.91,4.94,5.04,-0.16000000000000014,-3.076923076923077,29724552.0
600477,20190409,5.2,5.03,5.06,5.2,0.040000000000000036,0.7751937984496138,34711775.0
600477,20190408,5.0,4.88,5.16,5.16,0.10000000000000053,1.976284584980248,57327127.0
600477,20190404,4.96,4.85,5.0,5.06,0.1299999999999999,2.6369168356997985,41752859.0
600477,20190403,4.83,4.78,4.9,4.93,-0.040000000000000036,-0.8048289738430636,25112671.0
600477,20190402,4.85,4.81,4.87,4.97,0.0699999999999994,1.4285714285714235,31507962.0
600477,20190401,4.7,4.7,4.85,4.9,0.15000000000000036,3.157894736842115,34501309.0
600477,20190329,4.69,4.54,4.72,4.75,-0.03000000000000025,-0.6276150627615107,26870343.0
600477,20190328,4.5,4.45,4.6,4.78,0.16999999999999993,3.6876355748373113,21718399.0
600477,20190327,4.57,4.42,4.51,4.61,-0.15999999999999925,-3.354297693920316,13832039.0
600477,20190326,4.68,4.52,4.53,4.77,0.0,0.0,19543331.0
600477,20190325,4.67,4.61,4.69,4.77,-0.05000000000000071,-1.0373443983402675,16048215.0
600477,20190322,4.73,4.69,4.78,4.82,0.0,0.0,20595528.0
600477,20190321,4.74,4.72,4.74,4.82,-0.009999999999999787,-0.20703933747411307,21063711.0
600477,20190320,4.8,4.66,4.73,4.83,-0.07000000000000028,-1.4285714285714346,17765262.0
600477,20190319,4.84,4.74,4.78,4.9,0.11000000000000032,2.2964509394572064,20302313.0
600477,20190318,4.7,4.61,4.79,4.79,0.03000000000000025,0.6302521008403339,20346180.0
600477,20190315,4.67,4.63,4.7,4.76,-0.1200000000000001,-2.4590163934426257,18674570.0
600477,20190314,4.88,4.55,4.66,4.88,-0.27000000000000046,-5.2427184466019465,33896584.0
600477,20190313,4.99,4.86,4.89,5.15,-0.1299999999999999,-2.4621212121212155,39639524.0
600477,20190312,4.83,4.83,4.99,5.28,0.47000000000000064,9.771309771309777,52593693.0
600477,20190311,4.65,4.6,4.81,4.81,-0.14000000000000057,-2.8282828282828354,35395943.0
600477,20190308,4.61,4.61,4.64,4.95,0.04999999999999982,1.0204081632652962,52697447.0
600477,20190307,4.52,4.45,4.77,4.9,0.34000000000000075,7.456140350877205,52133815.0
600477,20190306,4.4,4.39,4.52,4.56,0.16999999999999993,3.8724373576309867,40636582.0
600477,20190305,4.3,4.27,4.37,4.39,-0.040000000000000036,-0.9029345372460473,24582351.0
600477,20190304,4.29,4.27,4.32,4.43,0.09999999999999964,2.3094688221708903,30542458.0
600477,20190301,4.24,4.2,4.29,4.33,0.08000000000000007,1.8823529411764683,20678704.0
600477,20190228,4.18,4.17,4.22,4.25,-0.08000000000000007,-1.8475750577367167,14233966.0
600477,20190227,4.21,4.14,4.2,4.33,-0.16999999999999993,-3.77777777777778,25343892.0
600477,20190226,4.17,4.08,4.25,4.5,0.3200000000000003,7.655502392344515,51547936.0
600477,20190225,4.04,4.01,4.16,4.18,0.1899999999999995,4.761904761904745,34570930.0
600477,20190222,3.95,3.92,3.98,3.99,-0.040000000000000036,-0.992555831265507,12331986.0
600477,20190221,4.01,3.95,3.95,4.03,0.010000000000000675,0.24875621890549926,12898542.0
600477,20190220,4.01,3.94,3.99,4.02,-0.09000000000000075,-2.1897810218978297,11559969.0
600477,20190219,3.93,3.91,4.02,4.11,0.1900000000000004,4.846938775510212,23950266.0
600477,20190218,3.81,3.81,3.91,3.92,0.06999999999999984,1.8181818181818077,13885344.0
600477,20190215,3.83,3.78,3.8,3.85,-0.009999999999999787,-0.2590673575129432,7597680.0
600477,20190214,3.84,3.8,3.81,3.86,-0.020000000000000018,-0.5154639175257714,9304283.0
600477,20190213,3.75,3.74,3.84,3.88,0.10999999999999988,2.917771883289122,15267136.0
600477,20190212,3.73,3.71,3.75,3.77,0.04999999999999982,1.3440860215053752,7415583.0
600477,20190211,3.63,3.63,3.71,3.72,0.0900000000000003,2.4793388429752206,6388977.0
600477,20190201,3.56,3.55,3.62,3.63,-0.020000000000000018,-0.5479452054794498,3090824.0
600477,20190131,3.61,3.52,3.53,3.65,0.0,0.0,6032766.0
600477,20190130,3.63,3.61,3.61,3.65,-0.08000000000000007,-2.144772117962468,2934144.0
600477,20190129,3.73,3.55,3.65,3.73,-0.06999999999999984,-1.8421052631578894,6998849.0
600477,20190128,3.74,3.73,3.74,3.8,-0.040000000000000036,-1.041666666666663,4771633.0
600477,20190125,3.74,3.74,3.75,3.84,0.08000000000000007,2.127659574468077,9100288.0
600477,20190124,3.73,3.72,3.73,3.76,-0.020000000000000018,-0.5291005291005346,3946880.0
600477,20190123,3.78,3.74,3.74,3.78,-0.020000000000000018,-0.5263157894736858,3116780.0
600477,20190122,3.78,3.74,3.77,3.8,0.0,0.0,6087578.0
600477,20190121,3.78,3.76,3.77,3.8,0.020000000000000018,0.5291005291005346,5990269.0
600477,20190118,3.72,3.71,3.78,3.78,-0.010000000000000231,-0.26385224274406704,6747330.0
600477,20190117,3.79,3.71,3.72,3.79,-0.020000000000000018,-0.5249343832021025,5881577.0
600477,20190116,3.78,3.74,3.76,3.81,0.03000000000000025,0.7936507936507908,6562374.0
600477,20190115,3.78,3.72,3.77,3.78,-0.07000000000000028,-1.81818181818183,6931700.0
600477,20190114,3.75,3.72,3.78,3.85,0.10999999999999988,2.941176470588225,10938060.0
600477,20190111,3.72,3.7,3.72,3.74,-0.019999999999999574,-0.5319148936170137,5864465.0
600477,20190110,3.73,3.71,3.72,3.76,-0.020000000000000018,-0.5291005291005346,4813619.0
600477,20190109,3.73,3.71,3.72,3.78,0.020000000000000018,0.5319148936170137,10110039.0
600477,20190108,3.76,3.72,3.74,3.76,-0.020000000000000018,-0.5291005291005346,4931369.0
600477,20190107,3.72,3.7,3.76,3.78,0.03999999999999959,1.0695187165775222,7877110.0
600477,20190104,3.57,3.54,3.69,3.74,0.0900000000000003,2.465753424657535,7767652.0
600477,20190103,3.61,3.56,3.59,3.65,-0.020000000000000018,-0.544959128065392,5176413.0
600477,20190102,3.62,3.58,3.61,3.67,0.0,0.0,4439122.0
600477,20181228,3.63,3.6,3.6,3.67,-0.10999999999999988,-2.910052910052907,5120881.0
600477,20181227,3.77,3.59,3.59,3.78,-0.010000000000000231,-0.26385224274406704,6657309.0
600477,20181226,3.79,3.7,3.71,3.79,-0.040000000000000036,-1.0443864229765065,7474825.0
600477,20181225,3.83,3.74,3.78,3.83,-0.08000000000000007,-2.0460358056266004,7335079.0
600477,20181224,3.82,3.79,3.88,3.91,0.0,0.0,5037910.0
600477,20181221,3.9,3.82,3.83,3.91,-0.009999999999999787,-0.25510204081632404,5318390.0
600477,20181220,3.89,3.87,3.89,3.92,-0.08000000000000007,-2.0000000000000018,4577385.0
600477,20181219,3.98,3.91,3.91,4.0,-0.019999999999999574,-0.4975124378109319,6262506.0
600477,20181218,3.95,3.9,4.0,4.02,0.02999999999999936,0.7518796992481036,7776927.0
600477,20181217,3.95,3.92,3.97,3.99,-0.08000000000000007,-1.9656019656019708,6531498.0
600477,20181214,4.02,3.97,3.98,4.07,-0.019999999999999574,-0.4889975550122161,8507954.0
600477,20181213,4.0,3.96,4.04,4.09,0.07000000000000028,1.7412935323383172,12041108.0
600477,20181212,4.01,3.97,3.99,4.02,-0.1200000000000001,-2.898550724637683,8663275.0
600477,20181211,4.12,3.97,4.01,4.14,-0.1200000000000001,-2.8169014084507116,22325272.0
600477,20181210,4.15,4.12,4.13,4.26,0.10999999999999943,2.650602409638547,26715790.0
600477,20181207,4.02,3.99,4.15,4.15,0.08000000000000007,1.9656019656019597,18887700.0
600477,20181206,4.07,4.01,4.02,4.07,-0.040000000000000036,-0.9732360097323589,7256130.0
600477,20181205,4.07,4.04,4.08,4.11,-0.019999999999999574,-0.4842615012106477,7372345.0
600477,20181204,4.11,4.08,4.12,4.13,0.03000000000000025,0.7317073170731714,7494785.0
600477,20181203,4.1,4.05,4.09,4.1,0.08000000000000007,1.990049751243772,9609803.0
600477,20181130,4.02,3.92,3.98,4.02,-0.1200000000000001,-2.898550724637683,5880977.0
600477,20181129,4.12,3.98,3.98,4.14,0.02999999999999936,0.7299270072992581,7556880.0
600477,20181128,4.08,4.0,4.1,4.11,0.0,0.0,6795454.0
600477,20181127,4.09,4.04,4.07,4.11,0.03000000000000025,0.7352941176470562,5744466.0
600477,20181126,4.02,4.0,4.06,4.08,-0.1200000000000001,-2.857142857142858,7438255.0
600477,20181123,4.18,4.01,4.02,4.2,-0.08000000000000007,-1.869158878504673,12407080.0
600477,20181122,4.28,4.18,4.19,4.28,-0.009999999999999787,-0.2331002331002252,9852609.0
600477,20181121,4.19,4.15,4.25,4.29,-0.1299999999999999,-2.941176470588236,10364761.0
600477,20181120,4.38,4.23,4.26,4.42,-0.0600000000000005,-1.3392857142857206,19747428.0
600477,20181119,4.28,4.25,4.46,4.48,0.15000000000000036,3.4642032332563577,26206652.0
600477,20181116,4.28,4.24,4.27,4.33,0.040000000000000036,0.932400932400923,13266230.0
600477,20181115,4.24,4.2,4.29,4.29,-0.03000000000000025,-0.6944444444444531,12416248.0
600477,20181114,4.22,4.19,4.24,4.32,0.03000000000000025,0.6993006993007089,19290995.0
600477,20181113,4.05,4.03,4.22,4.29,0.16999999999999993,4.126213592233019,23482745.0
600477,20181112,4.0,4.0,4.11,4.12,0.08000000000000007,1.980198019801982,10783675.0
600477,20181109,4.03,3.98,4.0,4.04,-0.08999999999999986,-2.1791767554479424,5599709.0
600477,20181108,4.1,4.03,4.03,4.13,0.019999999999999574,0.48661800486617945,9155616.0
600477,20181107,4.08,4.04,4.06,4.11,-0.009999999999999787,-0.24271844660194164,7469419.0
600477,20181106,4.11,4.03,4.07,4.12,-0.03000000000000025,-0.7228915662650715,8319224.0
600477,20181105,4.04,4.02,4.11,4.15,0.10000000000000053,2.4691358024691468,15138498.0
600477,20181102,4.03,3.96,4.04,4.05,0.03000000000000025,0.7462686567164312,14802862.0
600477,20181101,3.96,3.94,3.94,4.02,0.03999999999999959,1.0050251256281229,12553553.0
600477,20181031,3.92,3.89,3.96,3.98,0.040000000000000036,1.0152284263959421,9618932.0
600477,20181030,3.87,3.79,3.9,3.94,-0.07999999999999963,-1.990049751243772,9158196.0
600477,20181029,3.97,3.88,3.9,4.02,0.0,0.0,6785871.0
600477,20181026,3.95,3.92,3.96,4.02,0.05999999999999961,1.5151515151515138,7549181.0
600477,20181025,3.85,3.8,3.92,3.96,-0.07000000000000028,-1.7369727047146455,8428025.0
600477,20181024,3.97,3.93,3.98,4.03,-0.08999999999999986,-2.1844660194174748,6385175.0
600477,20181023,4.03,3.95,3.99,4.12,0.04999999999999982,1.228501228501222,10668563.0
600477,20181022,3.95,3.9,4.02,4.07,0.20000000000000018,5.167958656330751,12902160.0
600477,20181019,3.73,3.7,3.84,3.87,-0.08000000000000007,-2.0253164556962022,7909159.0
600477,20181018,3.95,3.76,3.79,3.95,-0.0699999999999994,-1.741293532338295,9140150.0
600477,20181017,3.96,3.91,3.96,4.02,-0.040000000000000036,-0.9852216748768461,5405379.0
600477,20181016,4.0,3.88,3.91,4.06,-0.0600000000000005,-1.456310679611661,6566877.0
600477,20181015,4.1,4.01,4.02,4.12,0.020000000000000462,0.4878048780487809,6339442.0
600477,20181012,4.08,3.81,4.03,4.1,-0.33000000000000007,-7.44920993227991,16042262.0
600477,20181011,4.41,4.08,4.1,4.43,-0.1800000000000006,-3.904555314533631,18832542.0
600477,20181010,4.57,4.5,4.53,4.61,0.0,0.0,6824194.0
600477,20181009,4.57,4.53,4.57,4.61,-0.09999999999999964,-2.123142250530774,6807498.0
600477,20181008,4.57,4.48,4.59,4.71,0.08000000000000007,1.7278617710583255,11137515.0
600477,20180928,4.59,4.56,4.61,4.63,-0.08000000000000007,-1.698513800424628,6668878.0
600477,20180927,4.71,4.55,4.56,4.71,-0.020000000000000462,-0.42283298097252064,9809923.0
600477,20180926,4.69,4.66,4.67,4.73,0.03000000000000025,0.6382978723404209,8367667.0
600477,20180925,4.7,4.65,4.69,4.7,-0.019999999999999574,-0.4237288135593098,6506404.0
600477,20180921,4.67,4.64,4.72,4.72,0.02999999999999936,0.6396588486140553,11234256.0
600477,20180920,4.68,4.63,4.67,4.69,-0.02999999999999936,-0.6355932203389703,7659694.0
600477,20180919,4.66,4.62,4.67,4.72,-0.010000000000000675,-0.21141649048627142,12551142.0
600477,20180918,4.51,4.5,4.68,4.73,0.07000000000000028,1.5021459227467782,12049221.0
600477,20180917,4.61,4.51,4.52,4.66,-0.10999999999999943,-2.3060796645702153,7152157.0
600477,20180914,4.75,4.61,4.61,4.77,0.04999999999999982,1.0593220338982912,8576055.0
600477,20180913,4.6,4.6,4.72,4.72,0.13999999999999968,3.056768558951961,13495286.0
600477,20180912,4.54,4.51,4.57,4.58,0.009999999999999787,0.2188183807439792,5871395.0
600477,20180911,4.56,4.5,4.52,4.57,-0.019999999999999574,-0.43572984749454813,7391150.0
600477,20180910,4.55,4.5,4.55,4.59,0.009999999999999787,0.21834061135370675,8844050.0
600477,20180907,4.51,4.47,4.55,4.58,0.0,0.0,9528985.0
600477,20180906,4.52,4.46,4.5,4.58,-0.09999999999999964,-2.136752136752129,9296202.0
600477,20180905,4.59,4.52,4.52,4.68,0.040000000000000036,0.8620689655172376,11272868.0
600477,20180904,4.57,4.54,4.61,4.64,-0.05000000000000071,-1.06609808102347,9370320.0
600477,20180903,4.69,4.48,4.57,4.69,-0.05999999999999961,-1.2631578947368327,16581776.0
600477,20180831,4.69,4.65,4.68,4.75,-0.1299999999999999,-2.6639344262295084,10070920.0
600477,20180830,4.88,4.65,4.67,4.88,-0.009999999999999787,-0.2044989775051076,20515103.0
600477,20180829,4.8,4.74,4.84,4.89,-0.40000000000000036,-7.5614366729678695,20265216.0
600477,20180828,5.27,4.73,4.82,5.29,-0.040000000000000036,-0.7504690431519689,52231692.0
600477,20180827,5.27,5.2,5.26,5.33,0.020000000000000462,0.37664783427495685,17586498.0
600477,20180824,5.31,5.22,5.22,5.31,-0.040000000000000036,-0.747663551401867,10676325.0
600477,20180823,5.27,5.18,5.3,5.35,-0.11000000000000032,-2.0146520146520186,17747941.0
600477,20180822,5.43,5.25,5.29,5.46,-0.020000000000000462,-0.36496350364964014,22313773.0
600477,20180821,5.15,5.11,5.46,5.48,0.28000000000000025,5.384615384615388,33719764.0
600477,20180820,5.15,5.0,5.15,5.2,-0.1899999999999995,-3.525046382189234,15458640.0
600477,20180817,5.35,5.16,5.2,5.39,0.02999999999999936,0.5597014925373012,16533470.0
600477,20180816,5.31,5.14,5.21,5.36,-0.09999999999999964,-1.831501831501825,21798529.0
600477,20180815,5.4,5.21,5.26,5.46,-0.05999999999999961,-1.0869565217391242,18279575.0
600477,20180814,5.41,5.33,5.36,5.52,0.04999999999999982,0.9140767824497242,20475667.0
600477,20180813,5.33,5.26,5.41,5.47,-0.10000000000000053,-1.795332136445249,27565727.0
600477,20180810,5.41,5.37,5.47,5.57,-0.1200000000000001,-2.108963093145877,42732632.0
600477,20180809,5.13,5.09,5.53,5.69,0.41000000000000014,7.765151515151514,67106028.0
600477,20180808,5.01,5.01,5.17,5.28,0.1299999999999999,2.5242718446601975,39356127.0
600477,20180807,4.86,4.85,5.06,5.15,0.20000000000000018,4.040404040404044,27124615.0
600477,20180806,4.95,4.71,4.75,4.95,-0.05999999999999961,-1.197604790419149,11953336.0
600477,20180803,4.84,4.84,4.89,5.01,-0.040000000000000036,-0.7920792079207928,14401131.0
600477,20180802,5.02,4.7,4.88,5.05,-0.16999999999999993,-3.256704980842906,22883938.0
600477,20180801,5.18,5.03,5.05,5.22,-0.03000000000000025,-0.5714285714285783,19105237.0
600477,20180731,5.19,5.06,5.11,5.25,-0.009999999999999787,-0.1901140684410607,14831090.0
600477,20180730,5.13,5.09,5.2,5.26,-0.08999999999999986,-1.6822429906542036,21569789.0
600477,20180727,5.11,5.11,5.13,5.35,0.0,0.0,26892530.0
600477,20180726,5.1,5.08,5.19,5.35,-0.020000000000000462,-0.3724394785847407,35201472.0
600477,20180725,5.2,5.12,5.17,5.37,0.20000000000000018,3.868471953578334,56366355.0
600477,20180724,4.78,4.78,5.17,5.17,0.41000000000000014,8.613445378151274,62287600.0
600477,20180723,4.57,4.52,4.7,4.76,0.16999999999999993,3.703703703703698,14326757.0
600477,20180720,4.51,4.44,4.56,4.59,-0.03000000000000025,-0.6493506493506551,7922244.0
600477,20180719,4.58,4.51,4.53,4.62,-0.019999999999999574,-0.4310344827586077,7667943.0
600477,20180718,4.61,4.58,4.59,4.64,-0.020000000000000462,-0.42918454935623185,6281247.0
600477,20180717,4.62,4.57,4.62,4.66,-0.03000000000000025,-0.6396588486140775,5516944.0
600477,20180716,4.69,4.57,4.62,4.69,-0.02999999999999936,-0.6355932203389703,7190529.0
600477,20180713,4.69,4.65,4.67,4.72,0.009999999999999787,0.2123142250530785,6964067.0
600477,20180712,4.56,4.56,4.68,4.71,-0.009999999999999787,-0.21186440677966045,12282501.0
600477,20180711,4.68,4.47,4.56,4.72,-0.0600000000000005,-1.2552301255230214,14802195.0
600477,20180710,4.74,4.7,4.77,4.78,0.020000000000000462,0.42016806722691147,7362006.0
600477,20180709,4.66,4.66,4.72,4.76,0.02999999999999936,0.6342494714587588,8542977.0
600477,20180706,4.59,4.56,4.64,4.73,-0.09999999999999964,-2.0703933747411973,8642395.0
600477,20180705,4.8,4.58,4.64,4.83,-0.11000000000000032,-2.2267206477732837,11738180.0
600477,20180704,4.83,4.8,4.81,4.94,0.07000000000000028,1.4373716632443578,11394936.0
600477,20180703,4.8,4.74,4.83,4.87,-0.05999999999999961,-1.2170385395537497,10293269.0
600477,20180702,4.82,4.74,4.81,4.93,0.1299999999999999,2.708333333333335,12062657.0
600477,20180629,4.61,4.58,4.79,4.8,-0.009999999999999787,-0.20790020790020236,14503799.0
600477,20180628,4.73,4.55,4.56,4.81,-0.0600000000000005,-1.2320328542094527,11550287.0
600477,20180627,4.83,4.73,4.75,4.87,0.0,0.0,11092181.0
600477,20180626,4.73,4.72,4.82,4.87,-0.16999999999999993,-3.373015873015872,11220982.0
600477,20180625,5.0,4.81,4.83,5.04,0.08999999999999986,1.8181818181818077,15791924.0
600477,20180622,4.74,4.66,4.93,4.95,-0.08999999999999986,-1.7857142857142794,22234557.0
600477,20180621,4.59,4.57,4.86,5.04,0.41000000000000014,8.855291576673864,40677119.0
600477,20180620,4.4,4.4,4.58,4.63,-0.17999999999999972,-3.7422037422037313,13037014.0
600477,20180619,4.45,4.4,4.48,4.81,-0.34000000000000075,-6.601941747572826,20806433.0
600477,20180615,5.13,4.84,4.87,5.15,-0.09999999999999964,-1.904761904761898,17836033.0
600477,20180614,5.16,5.1,5.11,5.25,-0.11000000000000032,-2.0522388059701524,10460976.0
600477,20180613,5.35,5.17,5.19,5.36,-0.009999999999999787,-0.18621973929235924,8424905.0
600477,20180612,5.29,5.26,5.35,5.37,-0.05999999999999961,-1.104972375690605,7650036.0
600477,20180611,5.43,5.31,5.33,5.43,-0.1800000000000006,-3.208556149732633,8952429.0
600477,20180608,5.59,5.4,5.44,5.61,-0.09999999999999964,-1.7513134851138257,13061455.0
600477,20180607,5.7,5.56,5.58,5.71,-0.020000000000000462,-0.3490401396160636,10307471.0
600477,20180606,5.65,5.6,5.63,5.73,0.020000000000000462,0.3502626970227851,9937425.0
600477,20180605,5.65,5.57,5.69,5.71,-0.05999999999999961,-1.0398613518197486,10082376.0
600477,20180604,5.74,5.61,5.64,5.77,-0.11000000000000032,-1.8707482993197355,9428071.0
600477,20180601,5.81,5.67,5.73,5.88,-0.03000000000000025,-0.5076142131979711,6725436.0
600477,20180531,5.84,5.74,5.79,5.91,-0.14999999999999947,-2.4752475247524663,8279946.0
600477,20180530,6.06,5.71,5.78,6.06,-0.1800000000000006,-2.8846153846153966,14348454.0
600477,20180529,6.18,6.1,6.11,6.24,0.03000000000000025,0.48309178743961567,9396770.0
600477,20180528,6.18,6.08,6.2,6.21,-0.09999999999999964,-1.5847860538827252,7094531.0
600477,20180525,6.3,6.15,6.17,6.31,-0.1200000000000001,-1.8662519440124425,7388130.0
600477,20180524,6.4,6.28,6.29,6.43,-0.3200000000000003,-4.740740740740746,10855484.0
600477,20180523,6.4,6.36,6.47,6.75,-1.7799999999999994,-20.867526377491195,12364875.0
600477,20180522,8.52,8.42,8.49,8.53,0.009999999999999787,0.11737089201877549,7166539.0
600477,20180521,8.49,8.43,8.5,8.52,0.019999999999999574,0.23529411764704466,7671701.0
600477,20180518,8.41,8.35,8.44,8.5,0.08000000000000007,0.9501187648456089,10035204.0
600477,20180517,8.22,8.16,8.41,8.42,0.15000000000000036,1.813784764207993,11822770.0
600477,20180516,8.27,8.15,8.16,8.27,-0.030000000000001137,-0.3614457831325413,7042104.0
600477,20180515,8.28,8.16,8.25,8.3,-0.009999999999999787,-0.12033694344163459,7345246.0
600477,20180514,8.28,8.25,8.28,8.31,-0.11999999999999922,-1.4234875444839812,4964205.0
600477,20180511,8.43,8.26,8.28,8.43,-0.009999999999999787,-0.11848341232226778,9581109.0
600477,20180510,8.41,8.36,8.42,8.44,-0.030000000000001137,-0.35419126328218864,6581592.0
600477,20180509,8.47,8.35,8.39,8.47,-0.02999999999999936,-0.3529411764705781,8220316.0
600477,20180508,8.45,8.41,8.47,8.5,0.02999999999999936,0.35419126328215533,7136573.0
600477,20180507,8.3,8.26,8.46,8.47,0.08999999999999986,1.0739856801909253,7481947.0
600477,20180504,8.36,8.28,8.32,8.38,0.0,0.0,4819096.0
600477,20180503,8.32,8.22,8.34,8.38,-0.129999999999999,-1.5276145710928168,5968220.0
600477,20180502,8.41,8.25,8.29,8.51,0.0600000000000005,0.7100591715976323,7061788.0
600477,20180427,8.35,8.22,8.41,8.45,-0.08999999999999986,-1.0538641686182681,6641439.0
600477,20180426,8.53,8.3,8.3,8.54,0.0,0.0,9283545.0
600477,20180425,8.49,8.41,8.51,8.54,-0.05000000000000071,-0.5820721769499548,8330102.0
600477,20180424,8.43,8.41,8.58,8.59,0.009999999999999787,0.11655011655011815,7924078.0
600477,20180423,8.53,8.3,8.43,8.58,-0.1999999999999993,-2.27790432801821,6499906.0
600477,20180420,8.76,8.38,8.39,8.78,-0.02000000000000135,-0.22727272727274261,14854498.0
600477,20180419,8.62,8.6,8.77,8.8,-0.009999999999999787,-0.11350737797957144,11261785.0
600477,20180418,8.8,8.49,8.67,8.81,-0.15000000000000036,-1.6741071428571508,10821922.0
600477,20180417,8.93,8.66,8.7,8.96,-0.22999999999999865,-2.502720348204557,9533629.0
600477,20180416,9.14,8.85,8.88,9.19,-0.08999999999999986,-0.969827586206895,12778991.0
600477,20180413,9.26,9.09,9.15,9.28,-0.02000000000000135,-0.21505376344087557,8830666.0
600477,20180412,9.3,9.13,9.16,9.3,-0.049999999999998934,-0.5347593582887611,8385420.0
600477,20180411,9.24,9.18,9.26,9.35,0.08999999999999986,0.9719222462202914,12451356.0
600477,20180410,9.13,9.12,9.18,9.26,-0.09999999999999964,-1.0683760683760646,8528031.0
600477,20180409,9.25,9.07,9.13,9.36,-0.030000000000001137,-0.31948881789138905,16971296.0
600477,20180404,9.21,9.12,9.37,9.39,0.0600000000000005,0.643086816720273,19277689.0
600477,20180403,9.28,9.11,9.19,9.33,-0.13000000000000078,-1.374207188160681,15548286.0
600477,20180402,9.2,9.06,9.41,9.46,0.20000000000000107,2.159827213822907,25286810.0
600477,20180330,8.83,8.76,9.14,9.26,0.4599999999999991,5.227272727272725,19328730.0
600477,20180329,8.76,8.5,8.75,8.8,0.05000000000000071,0.5714285714285783,11868755.0
600477,20180328,8.48,8.41,8.61,8.75,0.07000000000000028,0.8064516129032251,10721378.0
600477,20180327,8.63,8.52,8.62,8.68,0.1899999999999995,2.2379269729092988,9592213.0
600477,20180326,8.18,8.11,8.46,8.49,-0.23000000000000043,-2.6376146788990917,11854906.0
600477,20180323,8.51,8.21,8.27,8.72,-0.41000000000000014,-4.490690032858713,18305349.0
600477,20180322,9.07,8.89,8.91,9.13,-0.129999999999999,-1.4038876889848728,10174419.0
600477,20180321,9.19,9.05,9.06,9.26,-0.009999999999999787,-0.10787486515642097,8919124.0
600477,20180320,9.14,9.04,9.19,9.27,0.009999999999999787,0.1079913606911509,9537335.0
600477,20180319,9.16,9.11,9.19,9.26,-0.10999999999999943,-1.1739594450373425,6553308.0
600477,20180316,9.24,9.15,9.17,9.37,-0.05000000000000071,-0.5307855626327074,10217004.0
600477,20180315,9.3,9.18,9.25,9.42,-0.3100000000000005,-3.1860226104830525,13934863.0
600477,20180314,9.55,9.37,9.4,9.73,-0.03999999999999915,-0.4094165813715356,13051210.0
600477,20180313,9.53,9.46,9.59,9.77,0.129999999999999,1.3485477178423189,18942760.0
600477,20180312,9.5,9.41,9.57,9.64,0.040000000000000924,0.4166666666666874,19217158.0
600477,20180309,9.42,9.23,9.48,9.6,0.16000000000000014,1.6949152542372836,26383349.0
600477,20180308,9.1,9.07,9.4,9.44,0.10999999999999943,1.1789924973204746,27821092.0
600477,20180307,9.18,9.09,9.11,9.33,0.10999999999999943,1.193058568329719,15904180.0
600477,20180306,9.05,9.02,9.18,9.22,0.15000000000000036,1.6538037486218293,14856259.0
600477,20180305,8.96,8.96,9.06,9.07,-0.019999999999999574,-0.22002200220021528,7178712.0
600477,20180302,9.09,8.96,8.97,9.09,-0.05000000000000071,-0.5470459518599591,8860720.0
600477,20180301,9.0,8.95,9.09,9.14,0.040000000000000924,0.4395604395604602,11117761.0
600477,20180228,8.96,8.95,9.05,9.1,-0.0600000000000005,-0.6550218340611424,9918442.0
600477,20180227,9.1,9.02,9.04,9.16,-0.009999999999999787,-0.10905125408942062,12536974.0
600477,20180226,9.17,8.92,9.11,9.17,-0.10999999999999943,-1.1853448275861989,17974677.0
600477,20180223,8.98,8.98,9.01,9.28,0.33999999999999986,3.803131991051445,20722609.0
600477,20180222,8.7,8.63,8.92,8.94,0.3099999999999987,3.592120509849339,11090764.0
600477,20180214,8.51,8.45,8.61,8.63,-0.03999999999999915,-0.46136101499422155,5850272.0
600477,20180213,8.36,8.36,8.49,8.67,0.28999999999999915,3.4606205250596656,9814262.0
600477,20180212,8.3,8.23,8.32,8.38,-0.27999999999999936,-3.2332563510392487,6421139.0
600477,20180209,8.63,8.15,8.2,8.66,-0.2599999999999998,-2.914798206278024,17550724.0
600477,20180208,8.71,8.7,8.81,8.92,-0.07000000000000028,-0.7786429365962189,8292504.0
600477,20180207,8.94,8.66,8.79,8.99,-0.07000000000000028,-0.7726269315673329,11706724.0
600477,20180206,8.85,8.71,8.72,9.06,-0.10999999999999943,-1.199563794983638,13042385.0
600477,20180205,8.75,8.67,9.07,9.17,0.28999999999999915,3.26576576576576,13594037.0
600477,20180202,8.71,8.55,8.84,8.88,-0.33999999999999986,-3.6876355748373113,9439060.0
600477,20180201,9.12,8.67,8.79,9.22,-0.049999999999998934,-0.5393743257820827,17930872.0
600477,20180131,9.25,9.09,9.12,9.27,0.17999999999999972,1.980198019801982,21358662.0
600477,20180130,9.02,8.98,9.05,9.09,0.009999999999999787,0.11013215859030367,11254887.0
600477,20180129,8.91,8.86,9.04,9.08,0.0,0.0,15996143.0
600477,20180126,9.01,8.97,8.99,9.08,-0.05000000000000071,-0.5476451259583848,10424030.0
600477,20180125,9.04,8.97,9.02,9.13,0.0600000000000005,0.6615214994487362,14720300.0
600477,20180124,9.03,8.88,9.05,9.07,0.0,0.0,16422184.0
600477,20180123,8.95,8.94,9.0,9.07,0.07000000000000028,0.7777777777777883,13012383.0
600477,20180122,8.98,8.84,8.94,9.0,-0.16999999999999993,-1.8538713195201728,16547608.0
600477,20180119,9.15,8.94,9.01,9.17,-0.10999999999999943,-1.1853448275861989,19751638.0
600477,20180118,8.85,8.83,9.14,9.28,0.33999999999999986,3.803131991051445,37209502.0
600477,20180117,8.88,8.6,8.83,8.94,-0.3600000000000012,-3.8709677419354938,35540531.0
600477,20180116,9.0,8.8,9.08,9.3,-0.6999999999999993,-6.999999999999995,90570430.0
600477,20180115,10.0,9.78,9.78,10.0,-1.0399999999999991,-9.420289855072461,21099900.0
600477,20180112,11.04,10.86,10.87,11.04,-0.02000000000000135,-0.1808318264014619,9008294.0
600477,20180111,11.03,10.89,11.0,11.06,-0.2400000000000002,-2.12389380530974,11041886.0
600477,20180110,10.94,10.94,11.09,11.3,0.13000000000000078,1.1638316920322467,17164219.0
600477,20180109,11.15,10.89,10.96,11.17,-0.10999999999999943,-0.9751773049645363,13769085.0
600477,20180108,11.06,11.01,11.18,11.28,-0.10000000000000142,-0.8787346221441283,14331942.0
600477,20180105,11.05,10.91,11.15,11.38,0.10000000000000142,0.8865248226950451,19921771.0
600477,20180104,11.25,11.03,11.14,11.28,-0.16999999999999993,-1.4847161572052348,18775130.0
600477,20180103,10.88,10.77,11.2,11.45,0.5499999999999989,5.045871559633008,37292293.0
600477,20180102,10.75,10.6,10.83,10.9,0.13000000000000078,1.20705663881151,20889608.0
600477,20171229,10.31,10.27,10.67,10.77,0.3099999999999987,2.9636711281070705,22730616.0
600477,20171228,10.2,10.15,10.26,10.46,0.1800000000000015,1.7509727626459304,11202893.0
600477,20171227,10.26,10.16,10.17,10.28,-0.009999999999999787,-0.09718172983479434,6609422.0
600477,20171226,10.2,10.08,10.26,10.29,-0.16000000000000014,-1.5311004784689053,7116788.0
600477,20171225,10.43,10.18,10.2,10.45,-0.10000000000000142,-0.9478672985782088,9617560.0
600477,20171222,10.45,10.36,10.38,10.55,0.05000000000000071,0.4761904761904745,7993968.0
600477,20171221,10.45,10.21,10.49,10.5,-0.08000000000000007,-0.7561436672967825,10774282.0
600477,20171220,10.53,10.42,10.47,10.58,-0.13000000000000078,-1.2138188608776912,6813491.0
