ts_code,trade_date,open,high,low,close,change,pct_change,vol
600498,20171220,30.73,30.88,30.04,30.53,-0.1999999999999993,-0.6508298080052044,8017840.0
600498,20171221,30.54,31.87,30.34,31.55,1.0199999999999996,3.3409760890926954,16091368.0
600498,20171222,31.45,31.76,31.3,31.54,-0.0100000000000015,-0.0316957210776625,9384840.0
600498,20171225,31.54,31.69,30.55,30.82,-0.7199999999999989,-2.2828154724159777,10530916.0
600498,20171226,30.72,30.99,30.12,30.77,-0.0500000000000007,-0.1622323166774797,6781533.0
600498,20171227,30.87,30.87,29.89,29.99,-0.7800000000000011,-2.5349366265843387,9418390.0
600498,20171228,29.99,30.14,28.87,28.97,-1.0199999999999996,-3.401133711237081,13488169.0
600498,20171229,28.98,29.21,28.33,28.83,-0.1400000000000005,-0.4832585433206748,17874923.0
600498,20180102,28.85,29.15,28.34,29.12,0.2900000000000027,1.0058966354491885,14650143.0
600498,20180103,29.0,30.57,28.96,30.3,1.1799999999999995,4.05219780219781,21154402.0
600498,20180104,30.29,30.32,29.85,30.26,-0.0399999999999991,-0.1320132013201247,9551962.0
600498,20180105,30.24,30.44,29.63,29.86,-0.4000000000000021,-1.3218770654329193,10233559.0
600498,20180108,29.76,29.82,28.89,29.29,-0.5700000000000003,-1.9089082384460831,12264892.0
600498,20180109,29.26,29.62,28.99,29.58,0.2899999999999991,0.990099009900991,12470447.0
600498,20180110,29.56,29.56,28.91,29.15,-0.4299999999999997,-1.453684922244758,10067368.0
600498,20180111,29.05,30.13,28.91,29.9,0.75,2.572898799313883,14505048.0
600498,20180112,29.78,29.84,29.45,29.47,-0.4299999999999997,-1.4381270903010002,7657883.0
600498,20180115,29.46,29.54,28.34,28.46,-1.009999999999998,-3.4272141160502145,15833780.0
600498,20180116,28.46,29.04,28.08,28.4,-0.0600000000000022,-0.2108222066057652,14228108.0
600498,20180117,28.72,28.79,27.2,28.31,-0.0899999999999998,-0.3169014084506982,13297864.0
600498,20180118,28.25,28.54,27.66,27.77,-0.5399999999999991,-1.907453196750264,9330551.0
600498,20180119,27.77,28.19,27.7,27.86,0.0899999999999998,0.3240907454087116,6991243.0
600498,20180122,27.93,28.58,27.37,28.38,0.5199999999999996,1.866475233309406,9883713.0
600498,20180123,28.2,28.5,27.8,27.88,-0.5,-1.761804087385488,9909536.0
600498,20180124,27.94,28.85,27.54,28.8,0.9200000000000016,3.299856527977041,13113049.0
600498,20180125,28.8,29.09,28.46,28.68,-0.120000000000001,-0.4166666666666652,12290288.0
600498,20180126,28.96,29.66,28.92,29.47,0.7899999999999991,2.754532775453278,16917777.0
600498,20180129,29.86,29.86,27.25,27.79,-1.6799999999999995,-5.700712589073631,25695051.0
600498,20180130,27.53,28.09,27.42,27.59,-0.1999999999999993,-0.7196833393306901,6939423.0
600498,20180131,27.8,27.87,26.16,26.22,-1.370000000000001,-4.965567234505263,14063269.0
600498,20180201,26.11,26.2,24.48,25.13,-1.09,-4.157131960335625,21365419.0
600498,20180202,25.09,26.06,24.8,25.82,0.6900000000000013,2.745722244329496,12908552.0
600498,20180205,25.3,26.06,25.01,25.14,-0.6799999999999997,-2.6336173508907823,7641132.0
600498,20180206,24.0,24.95,24.0,24.14,-1.0,-3.9777247414478967,9119941.0
600498,20180207,24.9,25.2,23.6,24.94,0.8000000000000007,3.3140016570008424,13468484.0
600498,20180208,24.85,25.95,24.68,25.84,0.8999999999999986,3.608660785886131,12825777.0
600498,20180209,25.11,25.7,24.81,25.12,-0.7199999999999989,-2.786377708978327,7915842.0
600498,20180212,25.39,26.56,25.39,26.27,1.1499999999999986,4.578025477707004,9641417.0
600498,20180213,26.29,26.78,26.1,26.29,0.0199999999999995,0.0761324704986687,6779663.0
600498,20180214,26.2,26.73,26.11,26.42,0.1300000000000025,0.4944845949030219,4343721.0
600498,20180222,26.5,27.33,26.5,26.87,0.4499999999999993,1.7032551097653226,6006124.0
600498,20180223,27.08,27.58,26.5,26.68,-0.1900000000000012,-0.7071082992184619,6873838.0
600498,20180226,27.0,28.39,26.83,28.04,1.3599999999999994,5.0974512743628075,14390235.0
600498,20180227,28.06,28.88,27.8,27.91,-0.129999999999999,-0.4636233951497814,17266387.0
600498,20180228,27.64,28.81,27.48,28.42,0.5100000000000016,1.8273020422787667,11555377.0
600498,20180301,28.1,29.7,28.02,29.15,0.7299999999999969,2.5686136523574765,14016674.0
600498,20180302,29.02,29.37,28.48,28.89,-0.259999999999998,-0.8919382504288142,10627414.0
600498,20180305,28.87,29.34,28.33,29.25,0.3599999999999994,1.2461059190031154,9191303.0
600498,20180306,29.31,29.89,28.85,29.55,0.3000000000000007,1.025641025641022,12822640.0
600498,20180307,29.43,29.44,28.82,28.89,-0.6600000000000001,-2.233502538071064,7404317.0
600498,20180308,28.86,29.16,28.5,28.74,-0.1500000000000021,-0.5192107995846351,5678389.0
600498,20180309,28.7,29.86,28.7,29.76,1.0200000000000031,3.549060542797511,10870982.0
600498,20180312,29.91,30.29,29.54,30.03,0.2699999999999996,0.9072580645161256,10676154.0
600498,20180313,30.0,30.0,29.0,29.21,-0.8200000000000003,-2.730602730602727,8261938.0
600498,20180314,29.08,29.2,28.65,28.66,-0.5500000000000007,-1.882916809311885,5692081.0
600498,20180315,28.6,29.08,28.11,28.59,-0.0700000000000002,-0.244242847173759,6915450.0
600498,20180316,28.79,28.87,28.33,28.43,-0.1600000000000001,-0.5596362364463148,4307788.0
600498,20180319,28.11,28.67,28.04,28.16,-0.2699999999999996,-0.9497010200492428,5584721.0
600498,20180320,28.0,28.08,27.55,27.73,-0.4299999999999997,-1.5269886363636354,6374476.0
600498,20180321,27.92,28.68,27.84,27.97,0.2399999999999984,0.8654886404615869,8599038.0
600498,20180322,27.95,28.37,27.48,27.68,-0.2899999999999991,-1.0368251698248063,5336742.0
600498,20180323,26.07,26.88,25.17,25.44,-2.2399999999999984,-8.092485549132943,12531181.0
600498,20180326,25.1,26.68,24.95,26.61,1.1699999999999982,4.599056603773577,8636995.0
600498,20180327,27.2,28.38,27.2,27.56,0.9499999999999992,3.57008643367156,10068462.0
600498,20180328,27.03,28.28,27.03,27.78,0.2200000000000024,0.7982583454281711,9383615.0
600498,20180329,27.88,28.2,27.12,27.7,-0.0800000000000018,-0.2879769618430616,5826416.0
600498,20180330,27.7,28.83,27.5,28.72,1.0199999999999996,3.6823104693140873,11246703.0
600498,20180402,28.79,29.66,28.49,28.91,0.1900000000000012,0.6615598885793883,12186676.0
600498,20180403,28.44,29.26,27.88,29.01,0.1000000000000014,0.3459010722933309,11044138.0
600498,20180404,29.05,29.25,28.05,28.17,-0.8399999999999999,-2.8955532574974185,8304882.0
600498,20180409,28.16,28.39,27.0,27.34,-0.8300000000000018,-2.9463968761093473,9087574.0
600498,20180410,27.5,27.66,27.08,27.6,0.2600000000000015,0.9509875640087762,7540716.0
600498,20180411,27.75,28.3,27.68,27.9,0.2999999999999971,1.086956521739113,6927500.0
600498,20180412,27.8,28.13,27.25,27.28,-0.6199999999999974,-2.2222222222222143,5895289.0
600498,20180413,27.48,27.98,27.0,27.43,0.1499999999999985,0.549853372434006,5703150.0
600498,20180416,27.3,27.61,26.74,27.0,-0.4299999999999997,-1.5676266861101018,6994851.0
600498,20180417,27.67,27.97,25.93,26.3,-0.6999999999999993,-2.592592592592591,18718307.0
600498,20180418,26.62,26.62,23.67,24.49,-1.8100000000000025,-6.882129277566551,38545523.0
600498,20180419,24.5,25.26,24.03,25.04,0.5500000000000007,2.245814618211517,19503681.0
600498,20180420,25.02,27.0,24.65,26.19,1.150000000000002,4.592651757188504,23276522.0
600498,20180423,26.45,27.16,25.74,26.25,0.0599999999999987,0.2290950744558983,15711208.0
600498,20180424,26.3,27.5,25.75,27.47,1.2199999999999989,4.647619047619034,15337793.0
600498,20180425,27.63,28.68,27.53,28.26,0.7900000000000027,2.8758645795413207,25995501.0
600498,20180426,28.37,28.72,27.68,28.13,-0.1300000000000025,-0.4600141542816738,24603207.0
600498,20180427,28.66,29.38,26.9,27.28,-0.8499999999999979,-3.0216850337717704,33685322.0
600498,20180502,27.1,27.29,26.01,26.42,-0.8599999999999994,-3.152492668621698,17356934.0
600498,20180503,26.48,26.98,25.65,26.57,0.1499999999999985,0.5677517032551149,16085067.0
600498,20180504,26.57,26.78,26.09,26.27,-0.3000000000000007,-1.1290929619872103,10822028.0
600498,20180507,26.33,26.82,26.33,26.7,0.4299999999999997,1.6368481157213566,9146587.0
600498,20180508,26.65,26.94,26.2,26.78,0.0800000000000018,0.2996254681647992,11257460.0
600498,20180509,26.76,26.76,26.21,26.3,-0.4800000000000004,-1.7923823749066536,9064691.0
600498,20180510,26.46,26.78,26.36,26.63,0.3299999999999983,1.2547528517110162,9709789.0
600498,20180511,26.67,26.77,25.86,25.94,-0.6899999999999977,-2.5910627112279316,9839912.0
600498,20180514,26.38,26.88,26.38,26.5,0.5599999999999987,2.1588280647648395,15296232.0
600498,20180515,26.5,26.5,25.4,25.94,-0.5599999999999987,-2.113207547169804,17159931.0
600498,20180516,25.75,26.15,25.47,25.6,-0.3399999999999998,-1.3107170393215073,11509986.0
600498,20180517,25.57,25.8,25.56,25.68,0.0799999999999983,0.3124999999999822,6047257.0
600498,20180518,25.9,26.15,25.63,26.05,0.370000000000001,1.4408099688473452,9649671.0
600498,20180521,26.68,28.56,26.68,28.02,1.9699999999999989,7.562380038387717,34943844.0
600498,20180522,27.7,29.88,27.68,29.35,1.3300000000000018,4.7466095645967155,37240995.0
600498,20180523,28.94,29.5,28.55,28.68,-0.6700000000000017,-2.282793867120958,25777510.0
600498,20180524,28.96,29.28,28.5,28.89,0.2100000000000008,0.7322175732217495,19668847.0
600498,20180525,28.79,28.88,27.37,27.71,-1.1799999999999995,-4.084458290065762,23215561.0
600498,20180528,27.97,28.46,27.74,27.89,0.1799999999999997,0.6495849873691784,20539946.0
600498,20180529,28.15,28.26,27.02,27.27,-0.620000000000001,-2.223019003226967,19760661.0
600498,20180530,26.75,26.83,25.6,26.26,-1.009999999999998,-3.703703703703698,18173713.0
600498,20180531,26.36,26.8,26.13,26.55,0.2899999999999991,1.1043412033511002,9491560.0
600498,20180601,26.4,26.58,25.9,26.18,-0.370000000000001,-1.3935969868173248,8452961.0
600498,20180604,26.42,26.55,25.88,25.96,-0.2199999999999988,-0.8403361344537785,11049274.0
600498,20180605,26.05,26.84,25.9,26.8,0.8399999999999999,3.2357473035439233,13586736.0
600498,20180606,27.0,27.88,26.93,27.5,0.6999999999999993,2.6119402985074647,17513614.0
600498,20180607,27.5,27.7,27.05,27.49,-0.0100000000000015,-0.0363636363636454,9935384.0
600498,20180608,27.7,28.12,27.21,27.77,0.2800000000000011,1.0185522008002934,17163075.0
600498,20180611,27.6,27.6,26.88,26.93,-0.8399999999999999,-3.0248469571479975,10528384.0
600498,20180612,26.98,27.2,26.12,26.94,0.0100000000000015,0.0371333085777969,10776446.0
600498,20180613,26.55,27.43,26.39,26.7,-0.240000000000002,-0.8908685968819663,10720279.0
600498,20180614,26.18,26.75,26.11,26.28,-0.4199999999999981,-1.5730337078651568,9533906.0
600498,20180615,26.4,26.54,25.02,25.23,-1.0500000000000007,-3.995433789954339,18442722.0
600498,20180619,24.78,25.1,22.83,23.3,-1.9299999999999995,-7.6496234641300065,20403474.0
600498,20180620,23.3,23.7,22.72,23.4,0.0999999999999978,0.4291845493562096,14825883.0
600498,20180621,23.4,23.4,22.47,22.52,-0.879999999999999,-3.7606837606837584,12734375.0
600498,20180622,22.47,23.04,21.86,23.01,0.490000000000002,2.1758436944937953,10969356.0
600498,20180625,23.19,23.39,22.7,22.85,-0.1600000000000001,-0.6953498478922238,8786505.0
600498,20180626,22.5,23.76,22.2,23.47,0.6199999999999974,2.713347921225373,12536661.0
600498,20180627,23.44,23.64,22.9,23.1,-0.3699999999999974,-1.5764806135492029,8730479.0
600498,20180628,23.8,24.21,23.44,23.63,0.5299999999999976,2.294372294372282,18115250.0
600498,20180629,23.82,24.95,23.38,24.85,1.2200000000000024,5.162928480744822,15676835.0
600498,20180702,25.5,25.84,24.55,25.07,0.2199999999999988,0.8853118712273567,18224395.0
600498,20180703,25.16,26.07,24.21,25.89,0.8200000000000003,3.270841643398481,20763923.0
600498,20180704,25.69,26.01,25.0,25.05,-0.8399999999999999,-3.244495944380066,12360403.0
600498,20180705,24.81,25.16,24.42,24.48,-0.5700000000000003,-2.275449101796412,8449995.0
600498,20180706,24.51,25.6,24.38,24.88,0.3999999999999986,1.6339869281045694,12743675.0
600498,20180709,25.05,25.89,24.93,25.65,0.7699999999999996,3.0948553054662264,9384572.0
600498,20180710,25.66,25.78,25.02,25.57,-0.0799999999999983,-0.3118908382066188,9342809.0
600498,20180711,24.95,24.95,23.78,24.55,-1.0199999999999996,-3.989049667579192,13949063.0
600498,20180712,25.6,26.19,25.02,25.9,1.349999999999998,5.498981670061087,20493890.0
600498,20180713,25.6,26.16,25.57,25.89,-0.009999999999998,-0.0386100386100318,13673461.0
600498,20180716,26.25,27.36,26.16,26.68,0.7899999999999991,3.0513711857860226,20205270.0
600498,20180717,27.0,27.4,26.65,26.97,0.2899999999999991,1.0869565217391353,18894255.0
600498,20180718,27.06,27.36,26.59,26.69,-0.2799999999999976,-1.0381905821282844,14879101.0
600498,20180719,26.8,28.08,26.8,27.7,1.009999999999998,3.784188834769564,23057193.0
600498,20180720,27.81,28.44,27.2,28.16,0.4600000000000008,1.6606498194945862,16816710.0
600498,20180723,28.3,29.94,28.2,29.63,1.4699999999999989,5.220170454545459,25814285.0
600498,20180724,29.6,30.15,28.8,29.45,-0.1799999999999997,-0.6074924063449227,21947526.0
600498,20180725,29.39,30.05,28.8,29.74,0.2899999999999991,0.9847198641765642,18772348.0
600498,20180726,29.6,29.91,28.32,28.57,-1.1699999999999982,-3.9340954942837847,15001849.0
600498,20180727,28.6,29.57,28.6,28.88,0.3099999999999987,1.085054252712636,12527364.0
600498,20180730,29.56,29.9,27.57,28.09,-0.7899999999999991,-2.73545706371191,15101381.0
600498,20180731,28.4,29.2,28.4,28.72,0.629999999999999,2.2427910288358888,12991319.0
600498,20180801,28.9,31.03,28.75,29.54,0.8200000000000003,2.8551532033426197,31974735.0
600498,20180802,29.59,30.58,28.89,29.99,0.4499999999999993,1.5233581584292557,32352795.0
600498,20180803,30.0,30.0,27.08,27.44,-2.549999999999997,-8.502834278092685,26532102.0
600498,20180806,26.89,28.17,26.63,27.4,-0.0400000000000027,-0.1457725947521915,12182275.0
600498,20180807,27.55,29.38,27.15,29.15,1.75,6.386861313868608,17572178.0
600498,20180808,29.0,30.41,28.88,29.26,0.1100000000000029,0.3773584905660376,20678846.0
600498,20180809,29.0,31.3,28.73,30.68,1.4199999999999982,4.8530416951469535,31165804.0
600498,20180810,30.55,31.14,30.24,30.98,0.3000000000000007,0.9778357235984414,18409207.0
600498,20180813,31.0,32.88,30.75,32.33,1.349999999999998,4.357650096836663,31257530.0
600498,20180814,31.75,32.94,31.71,32.03,-0.2999999999999971,-0.9279307145066418,17594525.0
600498,20180815,32.15,32.25,30.25,31.12,-0.91,-2.8410864814236603,20176229.0
600498,20180816,30.63,32.43,30.38,31.45,0.3299999999999983,1.060411311053988,21789545.0
600498,20180817,31.85,32.74,30.86,31.48,0.0300000000000011,0.0953895071542199,18437014.0
600498,20180820,30.88,31.83,30.32,31.83,0.3499999999999978,1.1118170266835925,17909949.0
600498,20180821,31.64,31.97,30.5,31.2,-0.629999999999999,-1.979264844486328,19332429.0
600498,20180822,31.05,31.91,30.62,30.93,-0.2699999999999996,-0.8653846153846123,13854507.0
600498,20180823,31.0,31.86,30.61,31.19,0.2600000000000015,0.8406078241189885,24564623.0
600498,20180824,30.34,30.36,29.4,29.87,-1.3200000000000005,-4.232125681308108,27801291.0
600498,20180827,30.01,32.0,30.0,31.4,1.5299999999999976,5.122196183461658,35821472.0
600498,20180828,31.55,32.5,30.69,31.17,-0.2299999999999968,-0.7324840764331153,28110393.0
600498,20180829,31.4,31.41,30.3,30.68,-0.490000000000002,-1.5720243824190017,19853872.0
600498,20180830,30.7,30.78,29.01,29.37,-1.3099999999999987,-4.269882659713165,23906104.0
600498,20180831,28.97,29.75,28.81,28.87,-0.5,-1.7024174327545103,15060942.0
600498,20180903,28.7,29.9,27.65,29.6,0.7300000000000004,2.528576376861791,25218361.0
600498,20180904,29.22,30.06,29.12,29.64,0.0399999999999991,0.1351351351351226,23607183.0
600498,20180905,29.66,30.25,29.23,29.37,-0.2699999999999996,-0.9109311740890692,19830152.0
600498,20180906,29.11,29.78,28.83,29.17,-0.1999999999999993,-0.6809669731018042,16118203.0
600498,20180907,29.17,29.75,28.01,28.34,-0.8300000000000018,-2.845389098388762,19089796.0
600498,20180910,28.35,29.0,27.8,28.08,-0.2600000000000015,-0.917431192660556,19156931.0
600498,20180911,28.28,28.87,27.91,28.83,0.75,2.6709401709401615,17662277.0
600498,20180912,28.83,29.06,28.3,28.82,-0.009999999999998,-0.0346860908775559,15394272.0
600498,20180913,29.28,29.83,28.75,29.82,1.0,3.4698126301179633,28881553.0
600498,20180914,29.77,29.89,28.85,29.22,-0.6000000000000014,-2.012072434607648,21242306.0
600498,20180917,28.7,29.33,28.43,28.76,-0.4599999999999973,-1.57426420260095,13556641.0
600498,20180918,28.43,28.92,27.23,28.03,-0.7300000000000004,-2.538247566063978,26593548.0
600498,20180919,27.63,28.28,26.98,27.8,-0.2300000000000004,-0.820549411344984,27839727.0
600498,20180920,27.75,28.63,27.52,27.94,0.1400000000000005,0.5035971223021685,20062907.0
600498,20180921,27.82,28.35,27.33,28.18,0.2399999999999984,0.8589835361488829,19669465.0
600498,20180925,28.05,28.99,27.9,28.71,0.5300000000000011,1.8807665010645904,22456670.0
600498,20180926,28.77,30.35,28.4,29.96,1.25,4.353883664228486,39183418.0
600498,20180927,29.88,30.29,29.5,29.84,-0.120000000000001,-0.4005340453938633,22071006.0
600498,20180928,29.91,29.99,29.29,29.84,0.0,0.0,19064991.0
600498,20181008,28.7,28.78,27.46,27.5,-2.34,-7.841823056300267,21945730.0
600498,20181009,27.56,27.98,25.96,26.7,-0.8000000000000007,-2.9090909090909167,23532359.0
600498,20181010,26.61,26.83,25.95,26.4,-0.3000000000000007,-1.1235955056179805,16672107.0
600498,20181011,24.68,25.44,23.76,24.05,-2.349999999999998,-8.901515151515149,24817521.0
600498,20181012,24.0,25.43,23.95,25.25,1.1999999999999993,4.98960498960499,18929802.0
600498,20181015,25.5,26.38,25.32,25.47,0.2199999999999988,0.8712871287128721,16921833.0
600498,20181016,25.58,25.78,24.42,25.1,-0.3699999999999974,-1.4526894385551548,13153743.0
600498,20181017,25.67,26.1,24.74,25.77,0.6699999999999982,2.6693227091633354,19591767.0
600498,20181018,25.32,26.13,25.1,25.68,-0.0899999999999998,-0.3492433061699662,14447648.0
600498,20181019,25.16,27.05,25.02,26.72,1.0399999999999991,4.049844236760114,20471935.0
600498,20181022,27.55,28.91,27.52,28.36,1.6400000000000006,6.137724550898205,27606504.0
600498,20181023,28.4,28.84,27.8,28.1,-0.259999999999998,-0.9167842031029494,17779760.0
600498,20181024,27.7,28.48,27.7,27.97,-0.1300000000000025,-0.4626334519573061,11519023.0
600498,20181025,26.9,28.68,26.75,28.54,0.5700000000000003,2.037897747586692,14404327.0
600498,20181026,28.71,29.25,27.7,27.78,-0.759999999999998,-2.66292922214435,13136332.0
600498,20181029,27.85,28.85,27.61,28.32,0.5399999999999991,1.943844492440605,14586664.0
600498,20181030,28.2,28.22,25.58,27.68,-0.6400000000000006,-2.259887005649719,22468938.0
600498,20181031,27.42,27.42,25.52,26.56,-1.120000000000001,-4.046242774566478,37140746.0
600498,20181101,26.8,27.43,26.66,26.87,0.3100000000000023,1.167168674698793,23365419.0
600498,20181102,28.05,28.35,27.52,28.15,1.2799999999999976,4.763676963155916,22573027.0
600498,20181105,28.1,29.49,28.0,29.04,0.8900000000000006,3.1616341030195505,24406909.0
600498,20181106,28.83,29.38,28.58,29.32,0.2800000000000011,0.9641873278236844,14570091.0
600498,20181107,29.28,30.98,28.85,29.8,0.4800000000000004,1.6371077762619368,29171055.0
600498,20181108,30.1,30.2,28.7,28.82,-0.9800000000000004,-3.288590604026842,19207445.0
600498,20181109,28.65,30.35,28.4,29.53,0.7100000000000009,2.463566967383768,22827666.0
600498,20181112,29.51,30.6,29.38,30.37,0.8399999999999999,2.8445648493057973,22091321.0
600498,20181113,29.89,30.93,29.71,29.88,-0.490000000000002,-1.613434310174522,25668712.0
600498,20181114,29.8,29.97,29.25,29.6,-0.2799999999999976,-0.9370816599732156,14680178.0
600498,20181115,29.5,29.9,29.0,29.84,0.2399999999999984,0.8108108108108025,18913397.0
600498,20181116,29.68,30.75,29.41,30.67,0.8300000000000018,2.781501340482584,25826663.0
600498,20181119,30.5,30.92,29.85,30.39,-0.2800000000000011,-0.9129442451907388,14175655.0
600498,20181120,29.9,29.9,28.43,28.95,-1.4400000000000013,-4.738400789733466,26939778.0
600498,20181121,28.48,29.08,28.36,28.81,-0.1400000000000005,-0.4835924006908465,11603905.0
600498,20181122,28.95,29.3,28.43,28.73,-0.0799999999999983,-0.2776813606386596,7566503.0
600498,20181123,28.66,28.85,27.58,27.65,-1.0800000000000018,-3.759136790811002,14459243.0
600498,20181126,27.25,28.58,27.25,28.05,0.4000000000000021,1.446654611211584,12266745.0
600498,20181127,28.35,28.95,28.18,28.7,0.6499999999999986,2.317290552584672,13536190.0
600498,20181128,28.7,29.38,28.45,29.11,0.4100000000000001,1.4285714285714235,15356031.0
600498,20181129,29.26,29.55,27.9,27.98,-1.129999999999999,-3.8818275506698696,23275346.0
600498,20181130,27.48,28.39,27.48,28.22,0.2399999999999984,0.8577555396711789,9335799.0
600498,20181203,29.55,30.0,29.09,29.68,1.4600000000000009,5.173635719347991,27882958.0
600498,20181204,29.61,29.99,29.42,29.68,0.0,0.0,13349131.0
600498,20181205,29.18,29.57,29.02,29.42,-0.259999999999998,-0.8760107816711549,13170770.0
600498,20181206,28.1,28.1,26.56,27.33,-2.0900000000000034,-7.104010876954458,46935984.0
600498,20181207,27.4,27.85,27.3,27.45,0.120000000000001,0.4390779363337094,16115430.0
600498,20181210,27.13,27.97,27.03,27.6,0.1500000000000021,0.5464480874316946,18721047.0
600498,20181211,27.76,28.39,27.61,28.28,0.6799999999999997,2.463768115942022,17973349.0
600498,20181212,28.39,28.5,27.86,27.95,-0.3300000000000018,-1.166902404526171,11121259.0
600498,20181213,28.0,28.46,27.88,28.35,0.4000000000000021,1.4311270125223707,15110077.0
600498,20181214,28.24,28.27,27.33,27.49,-0.860000000000003,-3.0335097001763733,16740886.0
600498,20181217,27.47,27.47,26.56,27.3,-0.1899999999999977,-0.691160421971615,11633490.0
600498,20181218,27.1,27.51,26.65,26.99,-0.3100000000000023,-1.1355311355311426,8882302.0
600498,20181219,27.11,27.49,26.76,26.88,-0.1099999999999994,-0.4075583549462691,9800197.0
600498,20181220,26.78,27.11,26.41,27.11,0.2300000000000004,0.8556547619047672,11398471.0
600498,20181221,27.02,27.26,26.75,27.03,-0.0799999999999983,-0.2950940612320152,8883695.0
600498,20181224,27.11,28.35,27.08,28.3,1.2699999999999996,4.698483166851641,25111273.0
600498,20181225,27.99,29.01,27.65,28.75,0.4499999999999993,1.590106007067127,25295776.0
600498,20181226,28.58,28.76,27.97,28.27,-0.4800000000000004,-1.6695652173913111,16197476.0
600498,20181227,28.52,28.91,28.05,28.08,-0.1900000000000012,-0.6720905553590395,15992664.0
600498,20181228,27.98,28.54,27.34,28.47,0.3900000000000005,1.388888888888884,18556831.0
600498,20190102,28.33,28.88,28.27,28.48,0.0100000000000015,0.0351246926589388,14907138.0
600498,20190103,28.4,28.4,27.42,27.52,-0.9600000000000009,-3.370786516853941,15200286.0
600498,20190104,27.18,28.0,27.06,27.87,0.3500000000000014,1.2718023255813948,13746282.0
600498,20190107,27.96,29.12,27.8,29.08,1.2099999999999973,4.341585934696801,26558485.0
600498,20190108,28.92,29.17,28.46,28.81,-0.2699999999999996,-0.9284731774415356,17416322.0
600498,20190109,28.76,29.43,28.64,28.73,-0.0799999999999983,-0.2776813606386596,19672859.0
600498,20190110,28.7,29.37,28.47,28.78,0.0500000000000007,0.1740341106857057,18029173.0
600498,20190111,29.23,29.99,28.9,29.13,0.3499999999999978,1.216122307157752,31306148.0
600498,20190114,29.0,29.08,28.52,28.97,-0.1600000000000001,-0.5492619292825296,13020739.0
600498,20190115,28.9,29.49,28.7,29.43,0.4600000000000008,1.58784949948223,16889922.0
600498,20190116,29.4,29.4,29.03,29.1,-0.3299999999999983,-1.1213047910295535,11803349.0
600498,20190117,29.12,29.66,28.96,29.03,-0.0700000000000002,-0.2405498281786933,13405473.0
600498,20190118,28.9,29.55,28.77,29.41,0.379999999999999,1.3089906992766132,15047508.0
600498,20190121,29.5,30.42,29.29,29.98,0.5700000000000003,1.9381162869772208,21590980.0
600498,20190122,29.87,29.87,28.88,29.02,-0.9600000000000009,-3.202134756504338,20884630.0
600498,20190123,28.82,29.18,28.81,29.13,0.1099999999999994,0.3790489317711865,9587128.0
600498,20190124,29.11,29.55,28.86,29.25,0.120000000000001,0.4119464469618972,12955949.0
600498,20190125,29.33,29.5,28.94,28.95,-0.3000000000000007,-1.025641025641033,10169139.0
600498,20190128,29.08,29.34,28.6,28.6,-0.3499999999999978,-1.2089810017271052,13846970.0
600498,20190129,28.5,28.5,27.7,28.14,-0.4600000000000008,-1.6083916083916128,16855685.0
600498,20190130,28.05,28.18,27.25,27.43,-0.7100000000000009,-2.523098791755507,16924182.0
600498,20190131,27.56,28.06,27.45,27.9,0.4699999999999988,1.7134524243529017,13054339.0
600498,20190201,28.1,28.44,27.66,28.36,0.4600000000000008,1.6487455197132572,14571240.0
600498,20190211,28.33,29.1,28.2,29.04,0.6799999999999997,2.397743300423127,17727179.0
600498,20190212,29.0,29.24,28.75,29.05,0.0100000000000015,0.0344352617079879,17211531.0
600498,20190213,29.28,31.21,28.97,30.52,1.4699999999999989,5.060240963855422,46182853.0
600498,20190214,30.3,30.45,29.82,30.15,-0.370000000000001,-1.2123197903014415,27017653.0
600498,20190215,30.0,30.56,29.78,29.87,-0.2799999999999976,-0.928689883913758,20849928.0
600498,20190218,30.18,30.99,30.03,30.93,1.0599999999999987,3.548711081352529,35135827.0
600498,20190219,31.38,31.38,30.04,30.34,-0.5899999999999999,-1.9075331393469177,30667974.0
600498,20190220,30.2,30.31,29.7,30.1,-0.2399999999999984,-0.7910349373764003,17552476.0
600498,20190221,30.1,32.37,29.98,31.02,0.9199999999999982,3.056478405315599,60446541.0
600498,20190222,30.5,34.02,30.5,33.47,2.4499999999999993,7.898130238555767,58245783.0
600498,20190225,34.68,35.68,34.0,34.44,0.9699999999999988,2.898117717358817,74369832.0
600498,20190226,34.0,35.25,32.81,33.35,-1.0899999999999963,-3.1649245063879117,64813686.0
600498,20190227,33.03,33.55,32.01,32.47,-0.8800000000000026,-2.6386806596701673,45027545.0
600498,20190228,32.55,32.95,32.39,32.78,0.3100000000000023,0.95472744071452,26738066.0
600498,20190301,32.88,32.98,32.15,32.61,-0.1700000000000017,-0.5186089078706546,22624767.0
600498,20190304,33.0,33.92,32.41,32.7,0.0900000000000034,0.2759889604415866,54509893.0
600498,20190305,32.7,33.66,32.33,33.64,0.9399999999999976,2.87461773700306,43338075.0
600498,20190306,33.81,34.23,32.88,33.38,-0.259999999999998,-0.7728894173602785,41907231.0
600498,20190307,33.0,33.0,31.84,32.37,-1.0100000000000051,-3.025763930497316,50277353.0
600498,20190308,31.7,33.46,31.25,32.29,-0.0799999999999983,-0.2471424158171142,50910497.0
600498,20190311,32.41,33.8,32.41,33.52,1.230000000000004,3.809228863425229,46254823.0
600498,20190312,33.58,33.74,32.71,33.3,-0.2200000000000059,-0.6563245823389185,55610077.0
600498,20190313,33.35,33.35,31.53,31.8,-1.4999999999999964,-4.504504504504492,41785368.0
600498,20190314,31.6,32.32,31.26,31.94,0.1400000000000005,0.440251572327055,29745605.0
600498,20190315,31.93,32.15,31.1,31.32,-0.620000000000001,-1.9411396368190337,29278184.0
600498,20190318,31.32,31.88,31.32,31.77,0.4499999999999993,1.436781609195403,23593989.0
600498,20190319,31.85,32.13,31.63,31.8,0.0300000000000011,0.0944287063267212,24514233.0
600498,20190320,31.82,32.08,31.12,31.53,-0.2699999999999996,-0.8490566037735792,20181772.0
600498,20190321,31.7,32.0,31.59,31.84,0.3099999999999987,0.9831906121154476,25468159.0
600498,20190322,31.9,31.98,31.2,31.56,-0.2800000000000011,-0.8793969849246297,17802529.0
600498,20190325,31.03,31.49,30.91,31.26,-0.2999999999999971,-0.9505703422053148,17761732.0
600498,20190326,31.38,31.49,30.29,30.43,-0.8300000000000018,-2.655150351887403,18935065.0
600498,20190327,30.48,30.65,29.92,30.4,-0.0300000000000011,-0.0985869208018463,14507135.0
600498,20190328,30.53,32.12,30.53,31.17,0.7700000000000031,2.532894736842106,36350126.0
600498,20190329,31.0,31.54,30.23,31.51,0.3399999999999998,1.0907924286172488,32750446.0
600498,20190401,31.71,32.45,31.51,32.45,0.9400000000000012,2.983179942875291,40183911.0
600498,20190402,32.59,32.75,32.05,32.28,-0.1700000000000017,-0.5238828967642606,32641134.0
600498,20190403,31.99,32.17,31.7,32.13,-0.1499999999999985,-0.4646840148698872,21274277.0
600498,20190404,32.13,32.28,31.55,31.69,-0.4400000000000013,-1.3694366635543131,25890006.0
600498,20190408,31.89,31.96,30.78,31.1,-0.5899999999999999,-1.8617860523824523,24125325.0
600498,20190409,31.01,31.92,31.01,31.69,0.5899999999999999,1.8971061093247643,21459910.0
600498,20190410,31.58,32.3,31.12,32.03,0.3399999999999998,1.0728936573051406,28357643.0
600498,20190411,32.49,32.63,31.09,31.11,-0.9200000000000016,-2.872307211988767,30994846.0
600498,20190412,31.01,31.29,30.55,30.81,-0.3000000000000007,-0.9643201542912316,15990716.0
600498,20190415,31.22,31.99,30.9,30.91,0.1000000000000014,0.3245699448231054,24161505.0
600498,20190416,30.91,32.58,30.31,32.48,1.5699999999999967,5.079262374636029,51243201.0
600498,20190417,32.5,32.65,31.88,32.17,-0.3099999999999951,-0.9544334975369329,37653521.0
600498,20190418,32.17,32.59,31.72,31.98,-0.1900000000000012,-0.5906123717749456,32027635.0
600498,20190419,31.97,32.7,31.62,32.47,0.4899999999999984,1.5322076297686005,39364757.0
600498,20190422,32.74,34.0,32.47,33.08,0.6099999999999994,1.8786572220511168,68683750.0
600498,20190423,33.1,33.1,31.82,31.95,-1.129999999999999,-3.4159613059250304,32372381.0
600498,20190424,32.0,32.64,31.8,32.44,0.4899999999999984,1.5336463223787122,24563092.0
600498,20190425,32.23,32.37,30.81,30.82,-1.6199999999999974,-4.993834771886552,30835714.0
600498,20190426,30.48,31.29,30.26,30.3,-0.5199999999999996,-1.6872160934458091,24558766.0
600498,20190429,30.3,30.46,28.65,28.94,-1.3599999999999994,-4.488448844884485,27270394.0
600498,20190430,29.15,29.65,29.0,29.29,0.3499999999999978,1.2093987560469754,15409480.0
600498,20190506,27.99,27.99,26.36,26.36,-2.9299999999999997,-10.003414134516897,28858012.0
600498,20190507,26.5,26.74,25.91,26.55,0.1900000000000012,0.7207890743550882,19974090.0
600498,20190508,26.0,27.18,25.7,26.59,0.0399999999999991,0.1506591337099738,16393905.0
600498,20190509,26.11,26.79,26.01,26.32,-0.2699999999999996,-1.015419330575407,11084653.0
600498,20190510,26.7,27.76,26.01,27.5,1.1799999999999995,4.483282674772027,23790689.0
600498,20190513,27.1,27.16,26.85,26.94,-0.5599999999999987,-2.036363636363636,14061671.0
600498,20190514,26.5,26.96,26.16,26.53,-0.4100000000000001,-1.521900519673347,15906176.0
600498,20190515,26.85,27.09,26.74,26.96,0.4299999999999997,1.6208066339992389,13639365.0
600498,20190516,27.05,27.16,26.7,26.98,0.0199999999999995,0.0741839762611329,11754956.0
600498,20190517,26.98,27.3,25.97,26.13,-0.8500000000000014,-3.150481838398822,15138613.0
600498,20190520,26.1,26.97,25.78,26.6,0.4700000000000024,1.7986988136242,14195637.0
600498,20190521,26.7,27.37,26.41,27.07,0.4699999999999988,1.7669172932330834,16294509.0
600498,20190522,27.28,27.83,27.01,27.29,0.2199999999999988,0.8127077946065819,19578554.0
600498,20190523,27.2,27.2,26.4,26.47,-0.8200000000000003,-3.0047636496885355,12759933.0
600498,20190524,26.38,26.7,26.22,26.27,-0.1999999999999993,-0.7555723460521357,7375609.0
600498,20190527,26.28,27.09,26.22,27.0,0.7300000000000004,2.778835173201366,12134645.0
600498,20190528,27.01,27.31,26.81,26.9,-0.1000000000000014,-0.3703703703703764,10588458.0
600498,20190529,26.86,27.08,26.7,26.8,-0.0999999999999978,-0.3717472118959009,8809984.0
600498,20190530,26.75,26.76,26.21,26.41,-0.3900000000000005,-1.455223880597012,9361673.0
600498,20190531,26.5,26.75,26.34,26.49,0.0799999999999983,0.3029155622870094,8164544.0
600498,20190603,26.67,27.83,26.37,27.43,0.9400000000000012,3.5485088712721824,24984650.0
600498,20190604,27.89,29.45,27.88,28.59,1.16,4.22894640904119,45511892.0
600498,20190605,29.06,29.48,28.33,29.1,0.5100000000000016,1.783840503672618,33488414.0
600498,20190606,29.11,29.11,27.67,27.83,-1.2700000000000031,-4.364261168384886,22058715.0
600498,20190610,27.88,28.8,27.87,28.45,0.620000000000001,2.227811713977723,19239284.0
600498,20190611,28.48,29.05,27.87,28.9,0.4499999999999993,1.581722319859402,24580624.0
600498,20190612,28.8,29.13,28.62,28.7,-0.1999999999999993,-0.692041522491349,16245597.0
600498,20190613,28.62,28.85,28.2,28.47,-0.2300000000000004,-0.8013937282229988,10999304.0
600498,20190614,28.55,28.59,27.7,27.75,-0.7199999999999989,-2.528977871443616,12267338.0
600498,20190617,27.7,27.95,27.62,27.83,0.0799999999999983,0.2882882882882853,6339002.0
600498,20190618,27.99,28.24,27.82,27.96,0.1300000000000025,0.4671218109953301,7804877.0
600498,20190619,28.9,29.08,28.0,28.19,0.2300000000000004,0.8226037195994351,17561760.0
600498,20190620,28.13,28.65,27.92,28.48,0.2899999999999991,1.0287335934728636,16082998.0
600498,20190621,28.6,28.88,28.41,28.62,0.1400000000000005,0.4915730337078594,18841865.0
600498,20190624,28.6,28.6,28.0,28.12,-0.5,-1.7470300489168422,15764479.0
600498,20190625,28.15,28.15,27.34,27.74,-0.3800000000000025,-1.3513513513513598,13788436.0
600498,20190626,27.7,28.12,27.51,27.8,0.0600000000000022,0.2162941600576839,10270241.0
600498,20190627,28.01,28.68,27.96,28.35,0.5500000000000007,1.9784172661870605,21195727.0
600498,20190628,28.29,28.29,27.7,27.86,-0.490000000000002,-1.728395061728405,11747009.0
600498,20190701,28.71,28.88,28.51,28.63,0.7699999999999996,2.7638190954773822,28605117.0
600498,20190702,28.6,28.75,28.34,28.4,-0.2300000000000004,-0.8033531260915105,13136043.0
600498,20190703,28.43,28.47,27.77,27.86,-0.5399999999999991,-1.9014084507042228,16222173.0
600498,20190704,27.93,28.06,27.7,27.81,-0.0500000000000007,-0.1794687724335997,10406802.0
600498,20190705,27.84,27.97,27.77,27.9,0.0899999999999998,0.3236245954692629,7374294.0
600498,20190708,27.8,27.8,26.76,26.85,-1.0499999999999972,-3.7634408602150393,14458257.0
600498,20190709,26.84,27.1,26.61,26.94,0.0899999999999998,0.3351955307262511,6806985.0
600498,20190710,26.91,27.07,26.63,26.82,-0.120000000000001,-0.4454342984409831,6686359.0
600498,20190711,27.0,27.13,26.69,26.91,0.0899999999999998,0.3355704697986628,6249658.0
600498,20190712,26.69,26.8,26.45,26.63,-0.2800000000000011,-1.0405053883314808,5526748.0
600498,20190715,26.69,27.13,26.2,26.9,0.2699999999999996,1.0138941043935423,8756519.0
600498,20190716,26.85,27.34,26.8,27.17,0.2700000000000031,1.0037174721189812,9757924.0
600498,20190717,27.15,27.28,26.96,27.04,-0.1300000000000025,-0.4784688995215447,6887451.0
600498,20190718,26.84,26.84,26.44,26.5,-0.5399999999999991,-1.9970414201183395,6852687.0
600498,20190719,26.54,26.79,26.46,26.52,0.0199999999999995,0.0754716981132164,5575172.0
600498,20190722,26.53,26.68,26.0,26.01,-0.509999999999998,-1.923076923076916,7940715.0
600498,20190723,26.12,26.43,26.07,26.35,0.3399999999999998,1.3071895424836557,4832834.0
600498,20190724,26.5,26.99,26.42,26.8,0.4499999999999993,1.707779886148009,10457702.0
600498,20190725,26.81,27.15,26.7,26.9,0.0999999999999978,0.3731343283581934,12533538.0
600498,20190726,26.79,26.98,26.69,26.92,0.0200000000000031,0.0743494423791846,8598022.0
600498,20190729,26.96,27.45,26.92,27.18,0.259999999999998,0.9658246656760738,10877149.0
600498,20190730,27.2,27.76,27.19,27.48,0.3000000000000007,1.103752759381904,17581832.0
600498,20190731,27.46,27.9,27.32,27.6,0.120000000000001,0.4366812227074357,14287971.0
600498,20190801,27.5,27.86,27.4,27.8,0.1999999999999993,0.7246376811594235,13519785.0
600498,20190802,27.0,28.83,26.9,28.63,0.8299999999999983,2.985611510791353,41340604.0
600498,20190805,28.5,30.07,28.41,29.0,0.370000000000001,1.2923506811037375,39965702.0
600498,20190806,28.45,29.98,28.31,29.61,0.6099999999999994,2.103448275862063,41585566.0
600498,20190807,29.72,29.96,28.93,29.0,-0.6099999999999994,-2.060114826072268,28117284.0
600498,20190808,29.1,29.57,28.71,29.21,0.2100000000000008,0.7241379310344964,22526235.0
600498,20190809,29.49,29.62,27.98,28.64,-0.5700000000000003,-1.951386511468678,30917879.0
600498,20190812,28.8,29.83,28.7,29.82,1.1799999999999995,4.120111731843568,24515895.0
600498,20190813,29.4,30.29,29.3,29.6,-0.2199999999999988,-0.7377598926894713,20874163.0
600498,20190814,30.25,30.36,28.85,28.97,-0.6300000000000026,-2.1283783783783816,22676086.0
600498,20190815,27.96,29.25,27.67,29.08,0.1099999999999994,0.3797031411805207,21124852.0
600498,20190816,28.82,29.19,28.55,28.55,-0.5299999999999976,-1.8225584594222743,16028058.0
600498,20190819,28.85,30.0,28.85,29.97,1.4199999999999982,4.973730297723278,27963754.0
600498,20190820,30.24,30.24,29.48,29.61,-0.3599999999999994,-1.2012012012011963,16753406.0
600498,20190821,29.5,29.86,29.33,29.7,0.0899999999999998,0.3039513677811634,12717618.0
600498,20190822,29.55,29.71,28.91,29.27,-0.4299999999999997,-1.4478114478114423,15037505.0
600498,20190823,29.22,29.29,28.51,28.73,-0.5399999999999991,-1.844892381277752,15101732.0
600498,20190826,28.06,28.44,27.94,28.11,-0.620000000000001,-2.1580229725026157,17362714.0
600498,20190827,28.26,28.8,28.26,28.69,0.5800000000000018,2.0633226609747535,13713291.0
600498,20190828,28.8,28.96,28.45,28.79,0.0999999999999978,0.3485535029627007,11838699.0
600498,20190829,28.42,28.42,27.03,27.5,-1.2899999999999991,-4.480722473080922,38920804.0
600498,20190830,27.61,27.68,26.75,26.91,-0.5899999999999999,-2.1454545454545504,27416777.0
600498,20190902,26.9,27.29,26.84,27.26,0.3500000000000014,1.3006317354143482,20012777.0
600498,20190903,27.25,27.83,27.15,27.8,0.5399999999999991,1.9809244314013208,23127170.0
600498,20190904,27.75,27.75,27.39,27.63,-0.1700000000000017,-0.6115107913669093,17227874.0
600498,20190905,27.7,28.85,27.7,28.23,0.6000000000000014,2.1715526601520097,36048112.0
600498,20190906,28.51,29.56,28.4,28.88,0.6499999999999986,2.302515054906129,46562746.0
600498,20190909,29.18,30.34,28.78,30.3,1.4200000000000017,4.916897506925211,55768206.0
600498,20190910,30.33,30.46,29.41,29.69,-0.6099999999999994,-2.0132013201320076,37334377.0
600498,20190911,29.83,29.84,29.03,29.09,-0.6000000000000014,-2.020882452004047,21537016.0
600498,20190912,29.38,29.51,29.13,29.49,0.3999999999999986,1.3750429700928102,15497751.0
600498,20190916,29.49,29.77,29.31,29.35,-0.139999999999997,-0.4747371990505122,16581309.0
600498,20190917,29.2,29.28,28.42,28.69,-0.6600000000000001,-2.2487223168654147,20083877.0
600498,20190918,28.7,28.85,28.32,28.47,-0.2200000000000024,-0.7668177065179638,10698611.0
600498,20190919,28.48,28.93,28.39,28.86,0.3900000000000005,1.3698630136986356,14461289.0
600498,20190920,28.9,28.95,28.46,28.6,-0.259999999999998,-0.9009009009008916,14353010.0
600498,20190923,28.5,28.58,28.12,28.48,-0.120000000000001,-0.4195804195804231,11214078.0
600498,20190924,28.6,29.29,28.6,29.06,0.5799999999999983,2.0365168539325795,19879645.0
600498,20190925,28.8,28.95,28.45,28.55,-0.509999999999998,-1.7549896765313044,12620153.0
600498,20190926,28.75,28.79,27.25,27.26,-1.2899999999999991,-4.518388791593697,24526432.0
600498,20190927,27.13,27.6,27.13,27.48,0.2199999999999988,0.807043286867204,8981748.0
600498,20190930,27.48,27.65,27.23,27.36,-0.120000000000001,-0.4366812227074246,6855106.0
600498,20191008,27.41,27.65,27.33,27.45,0.0899999999999998,0.328947368421062,6918709.0
600498,20191009,27.33,27.67,26.92,27.66,0.2100000000000008,0.7650273224043769,6293590.0
600498,20191010,27.65,27.85,27.48,27.76,0.1000000000000014,0.3615328994938549,10673245.0
600498,20191011,27.82,27.82,27.15,27.27,-0.490000000000002,-1.765129682997124,12120100.0
600498,20191014,27.55,27.72,27.31,27.4,0.129999999999999,0.4767143381004812,15363447.0
600498,20191015,27.4,27.4,27.01,27.07,-0.3299999999999983,-1.2043795620437892,12546835.0
600498,20191016,27.44,27.44,26.84,26.91,-0.1600000000000001,-0.5910602142593313,10313796.0
600498,20191017,26.99,27.26,26.85,27.19,0.2800000000000011,1.0405053883314697,6735853.0
600498,20191018,27.27,27.54,27.13,27.24,0.0499999999999971,0.1838911364472117,9767748.0
600498,20191021,27.27,27.28,26.78,27.1,-0.139999999999997,-0.513950073421432,6049851.0
600498,20191022,27.19,27.48,27.12,27.39,0.2899999999999991,1.0701107011070077,7323795.0
600498,20191023,27.4,27.42,27.12,27.18,-0.2100000000000008,-0.766703176341732,6476736.0
600498,20191024,27.2,27.27,26.81,26.93,-0.25,-0.919793966151583,6560488.0
600498,20191025,26.96,26.96,26.44,26.66,-0.2699999999999996,-1.00259933160044,10896026.0
600498,20191028,26.81,27.17,26.8,27.14,0.4800000000000004,1.8004501125281402,10920351.0
600498,20191029,27.17,27.17,26.65,26.65,-0.490000000000002,-1.8054532056005936,9825167.0
600498,20191030,26.54,26.71,26.3,26.32,-0.3299999999999983,-1.2382739212007388,9157966.0
600498,20191031,26.33,26.52,26.2,26.29,-0.0300000000000011,-0.1139817629179362,7184478.0
600498,20191101,26.36,26.67,26.25,26.59,0.3000000000000007,1.1411182959300217,8403649.0
600498,20191104,26.7,27.16,26.7,26.88,0.2899999999999991,1.090635577284682,13582052.0
600498,20191105,26.9,26.95,26.6,26.87,-0.009999999999998,-0.0372023809523724,10118697.0
600498,20191106,26.88,26.91,26.71,26.78,-0.0899999999999998,-0.3349460364719059,7085079.0
600498,20191107,26.81,26.86,26.67,26.81,0.0299999999999975,0.1120238984316568,6505867.0
600498,20191108,27.0,27.17,26.86,26.87,0.0600000000000022,0.2237970906378228,10453836.0
600498,20191111,26.61,26.69,26.31,26.33,-0.5400000000000027,-2.0096762188314243,7625655.0
600498,20191112,26.3,26.45,26.01,26.4,0.0700000000000002,0.2658564375237482,7161997.0
600498,20191113,26.43,26.45,26.2,26.26,-0.139999999999997,-0.5303030303030143,4184479.0
600498,20191114,26.26,26.45,26.21,26.27,0.009999999999998,0.0380807311500364,5286020.0
600498,20191115,26.27,26.45,26.01,26.16,-0.1099999999999994,-0.4187285877426672,6855550.0
600498,20191118,26.18,26.26,26.1,26.15,-0.0100000000000015,-0.0382262996941995,6763342.0
600498,20191119,26.16,26.3,26.1,26.24,0.0899999999999998,0.3441682600382467,13306910.0
600498,20191120,26.28,26.38,26.11,26.14,-0.0999999999999978,-0.3810975609755962,9288369.0
600498,20191121,26.03,26.07,25.47,25.58,-0.5600000000000023,-2.1423106350420884,14311800.0
600498,20191122,25.65,25.83,25.0,25.09,-0.4899999999999984,-1.915559030492564,14288136.0
600498,20191125,25.09,25.11,24.08,24.38,-0.7100000000000009,-2.8298126743722674,16437104.0
600498,20191126,24.45,24.81,24.4,24.81,0.4299999999999997,1.7637407711238673,13491006.0
600498,20191127,24.67,24.9,24.52,24.58,-0.2300000000000004,-0.927045546150751,7143144.0
600498,20191128,25.17,25.7,25.02,25.16,0.5800000000000018,2.359641985353944,18805330.0
600498,20191129,25.1,25.2,24.75,24.88,-0.2800000000000011,-1.112877583465821,9833520.0
600498,20191202,24.74,24.86,24.51,24.62,-0.259999999999998,-1.0450160771704131,8123132.0
600498,20191203,24.45,24.88,24.39,24.88,0.259999999999998,1.0560519902518273,6462688.0
600498,20191204,24.72,24.9,24.68,24.79,-0.0899999999999998,-0.3617363344051494,4634420.0
600498,20191205,24.84,25.19,24.84,25.14,0.3500000000000014,1.4118596208148482,11534870.0
600498,20191206,25.1,25.32,25.0,25.31,0.1699999999999981,0.676213206046139,9032917.0
600498,20191209,25.37,25.4,25.12,25.26,-0.0499999999999971,-0.1975503753457008,6681318.0
600498,20191210,25.26,26.39,25.16,26.24,0.9799999999999968,3.87965162311954,25711806.0
600498,20191211,26.23,26.41,25.88,25.99,-0.25,-0.9527439024390238,10788727.0
600498,20191212,25.91,26.1,25.85,25.96,-0.0299999999999975,-0.1154290111581302,8574150.0
600498,20191213,26.2,26.25,25.82,26.03,0.0700000000000002,0.2696456086286547,11316641.0
600498,20191216,26.12,26.31,26.02,26.29,0.259999999999998,0.9988474836726712,12101980.0
600498,20191217,26.26,26.85,26.16,26.65,0.3599999999999994,1.3693419551160213,19246502.0
600498,20191218,26.66,27.06,26.5,26.64,-0.009999999999998,-0.0375234521575951,12459713.0
600498,20191219,26.8,27.23,26.78,26.83,0.1899999999999977,0.7132132132132041,12653766.0
600498,20191220,26.96,27.16,26.64,26.7,-0.129999999999999,-0.4845322400298113,10027571.0
600498,20191223,26.81,27.19,25.99,26.0,-0.6999999999999993,-2.621722846441943,16288131.0
600498,20191224,26.2,26.58,25.81,26.45,0.4499999999999993,1.7307692307692246,10458039.0
600498,20191225,26.57,27.18,26.57,27.0,0.5500000000000007,2.07939508506616,16395635.0
600498,20191226,27.06,27.24,26.88,27.12,0.120000000000001,0.4444444444444473,11833145.0
600498,20191227,27.28,27.6,27.02,27.1,-0.0199999999999995,-0.073746312684364,18008230.0
600498,20191230,26.91,27.54,26.72,27.54,0.4399999999999977,1.6236162361623618,13628099.0
600498,20191231,27.38,27.87,27.26,27.45,-0.0899999999999998,-0.3267973856209138,11065121.0
600498,20200102,27.59,27.78,27.43,27.64,0.1900000000000012,0.6921675774134828,13904256.0
600498,20200103,27.65,28.14,27.51,27.91,0.2699999999999996,0.9768451519536868,14646765.0
600498,20200106,27.62,28.04,27.38,27.74,-0.1700000000000017,-0.6091006807595889,14204687.0
600498,20200107,27.88,27.98,27.36,27.56,-0.1799999999999997,-0.6488824801730297,12264476.0
600498,20200108,27.28,27.28,26.69,26.78,-0.7799999999999976,-2.8301886792452713,19637775.0
600498,20200109,27.01,27.59,27.01,27.55,0.7699999999999996,2.875280059746088,16073889.0
600498,20200110,27.68,27.78,27.25,27.42,-0.129999999999999,-0.4718693284936459,9704333.0
600498,20200113,27.4,27.98,27.35,27.93,0.509999999999998,1.859956236323845,14332190.0
600498,20200114,27.96,28.13,27.59,27.67,-0.259999999999998,-0.9308986752595728,10579603.0
600498,20200115,27.62,27.83,27.27,27.58,-0.0900000000000034,-0.3252620166245168,8709406.0
600498,20200116,27.68,27.87,27.26,27.29,-0.2899999999999991,-1.0514865844815091,9439202.0
600498,20200117,27.5,27.83,27.36,27.4,0.1099999999999994,0.4030780505679621,9763617.0
600498,20200120,27.38,28.0,27.35,28.0,0.6000000000000014,2.189781021897818,15221356.0
600498,20200121,27.99,28.01,27.1,27.17,-0.8299999999999983,-2.964285714285708,16105391.0
600498,20200122,26.8,27.67,26.51,27.49,0.3199999999999967,1.1777695988222092,14444667.0
600498,20200123,26.83,27.19,25.55,26.0,-1.4899999999999984,-5.420152782830112,21296153.0
600498,20200203,23.4,23.4,23.4,23.4,-2.6000000000000014,-10.000000000000009,4677300.0
600498,20200204,21.1,23.03,21.1,22.46,-0.9399999999999976,-4.017094017094003,29743067.0
600498,20200205,22.5,23.54,22.5,23.03,0.5700000000000003,2.5378450578806833,22188432.0
600498,20200206,23.2,23.6,22.91,23.49,0.4599999999999973,1.997394702561861,16957445.0
600498,20200207,23.41,24.32,23.3,24.28,0.7900000000000027,3.3631332481907306,18968373.0
600498,20200210,24.25,24.87,23.98,24.59,0.3099999999999987,1.276771004942323,13939264.0
600498,20200211,24.6,25.04,24.3,24.37,-0.2199999999999988,-0.8946726311508724,12813777.0
600498,20200212,24.44,24.65,24.26,24.6,0.2300000000000004,0.943783340172355,10909757.0
600498,20200213,24.59,24.8,24.21,24.25,-0.3500000000000014,-1.4227642276422814,12015606.0
600498,20200214,24.2,24.63,24.16,24.35,0.1000000000000014,0.4123711340206171,9868536.0
600498,20200217,24.46,25.63,24.41,25.6,1.25,5.133470225872694,22754878.0
600498,20200218,25.62,26.15,25.45,25.95,0.3499999999999978,1.3671875,18299968.0
600498,20200219,25.96,26.14,25.6,25.69,-0.259999999999998,-1.0019267822735989,15795305.0
600498,20200220,25.71,25.98,25.24,25.84,0.1499999999999985,0.5838847800700542,17633426.0
600498,20200221,25.83,26.67,25.7,26.31,0.4699999999999988,1.8188854489163964,24845570.0
600498,20200224,27.17,28.94,27.17,28.94,2.6300000000000026,9.996199163816044,60486572.0
600498,20200225,30.0,31.47,28.75,31.09,2.1499999999999986,7.4291637871458205,106497557.0
600498,20200226,30.16,30.78,28.5,28.79,-2.3000000000000007,-7.397877130910258,70072617.0
600498,20200227,29.05,29.88,28.21,29.5,0.7100000000000009,2.466134074331361,49824867.0
600498,20200228,28.01,30.45,28.01,29.98,0.4800000000000004,1.6271186440677932,48188063.0
600498,20200302,31.31,32.98,30.55,32.98,2.9999999999999964,10.006671114076047,69531349.0
600498,20200303,34.98,36.2,32.61,33.0,0.0200000000000031,0.0606428138265613,107553595.0
600498,20200304,32.55,33.58,31.6,33.3,0.2999999999999971,0.9090909090909038,65366425.0
600498,20200305,35.5,35.85,32.9,33.01,-0.2899999999999991,-0.8708708708708657,76373951.0
600498,20200306,32.01,34.66,31.7,33.65,0.6400000000000006,1.9388064222962689,51696589.0
600498,20200309,33.5,36.3,33.03,34.5,0.8500000000000014,2.5260029717682153,82189845.0
600498,20200310,34.51,37.95,32.02,37.71,3.210000000000001,9.304347826086955,112262785.0
600498,20200311,38.2,40.88,37.62,37.9,0.1899999999999977,0.5038451339167249,130504328.0
600498,20200312,36.72,41.6,36.61,41.35,3.450000000000003,9.102902374670196,119794917.0
600498,20200313,39.28,41.95,39.26,39.46,-1.8900000000000008,-4.570737605804109,129601040.0
600498,20200316,39.5,40.65,36.71,37.73,-1.730000000000004,-4.384186517992916,116070950.0
600498,20200317,38.51,38.85,34.8,36.5,-1.2299999999999969,-3.2600053008216223,94831659.0
600498,20200318,36.9,37.65,34.11,34.33,-2.1700000000000017,-5.945205479452065,86042687.0
600498,20200319,34.28,37.76,34.2,37.76,3.4299999999999997,9.99126128750365,108544913.0
600498,20200320,37.76,38.88,36.83,38.4,0.6400000000000006,1.6949152542372836,94298400.0
600498,20200323,36.95,40.25,36.83,37.8,-0.6000000000000014,-1.5625,87676672.0
600498,20200324,39.1,39.48,36.5,39.2,1.4000000000000057,3.70370370370372,89004872.0
600498,20200325,40.24,40.48,38.75,39.15,-0.0500000000000042,-0.1275510204081786,72976664.0
600498,20200326,38.0,38.41,36.78,37.06,-2.0899999999999963,-5.338441890166024,62099614.0
600498,20200327,37.55,37.76,35.01,35.66,-1.4000000000000057,-3.777657852131688,60605139.0
600498,20200330,34.2,34.45,32.6,33.01,-2.6499999999999986,-7.431295569265284,62208886.0
600498,20200331,33.59,34.3,32.88,33.04,0.0300000000000011,0.0908815510451521,44386119.0
600498,20200401,32.66,33.69,32.0,32.24,-0.7999999999999972,-2.4213075060532607,44313960.0
600498,20200402,32.4,34.14,32.35,34.14,1.8999999999999984,5.893300248138944,53330524.0
600498,20200403,33.5,33.68,32.54,32.77,-1.3699999999999974,-4.012888107791435,41129531.0
600498,20200407,33.63,34.14,33.18,33.71,0.9399999999999976,2.868477265791869,46297096.0
600498,20200408,33.72,34.97,33.33,34.25,0.5399999999999991,1.6018985464253843,45562790.0
600498,20200409,34.52,34.6,33.76,33.9,-0.3500000000000014,-1.0218978102189855,33046120.0
600498,20200410,33.58,33.58,31.88,32.23,-1.6700000000000017,-4.92625368731564,38219517.0
600498,20200413,31.8,32.25,31.07,31.88,-0.3499999999999978,-1.0859447719515969,20371510.0
600498,20200414,32.18,32.79,31.88,32.79,0.91,2.8544542032622244,24423185.0
600498,20200415,32.51,33.14,31.95,32.07,-0.7199999999999989,-2.1957913998170153,28931165.0
600498,20200416,31.58,32.55,31.31,32.12,0.0499999999999971,0.1559089491736776,26521939.0
600498,20200417,32.65,33.15,32.29,32.45,0.3300000000000054,1.0273972602739878,34219298.0
600498,20200420,32.45,33.1,32.32,32.98,0.529999999999994,1.6332819722649994,25718125.0
600498,20200421,32.7,32.7,31.65,32.31,-0.6699999999999946,-2.0315342631897937,26747501.0
600498,20200422,31.97,32.86,31.82,32.65,0.3399999999999963,1.0523057876818287,23333697.0
600498,20200423,32.7,32.78,31.79,31.83,-0.8200000000000003,-2.5114854517611085,21122618.0
600498,20200424,32.14,32.37,30.95,31.01,-0.8199999999999967,-2.5761859880615634,20980037.0
600498,20200427,31.3,32.66,31.05,32.18,1.1699999999999982,3.772976459206712,32502199.0
600498,20200428,32.1,32.1,30.2,31.15,-1.0300000000000011,-3.2007458048477377,30173205.0
600498,20200429,30.96,31.68,30.08,30.43,-0.7199999999999989,-2.3113964686998334,30106058.0
600498,20200430,30.54,32.19,30.54,31.8,1.370000000000001,4.502136049950711,48656408.0
600498,20200506,31.45,33.14,31.3,32.9,1.099999999999998,3.459119496855334,42675673.0
600498,20200507,33.87,34.48,32.89,33.16,0.259999999999998,0.7902735562310026,47799076.0
600498,20200508,33.84,35.72,33.22,34.89,1.730000000000004,5.21712907117009,69626136.0
600498,20200511,36.0,37.28,35.55,36.53,1.6400000000000006,4.700487245629126,71557589.0
600498,20200512,36.59,36.93,35.22,36.33,-0.2000000000000028,-0.5474952094169261,53523860.0
600498,20200513,35.97,36.5,35.42,36.49,0.1600000000000037,0.4404073768235816,29916497.0
600498,20200514,36.05,36.2,34.91,35.01,-1.480000000000004,-4.05590572759661,29937737.0
600498,20200515,35.3,35.88,34.83,35.08,0.0700000000000002,0.1999428734647201,24367017.0
600498,20200518,34.7,34.92,31.97,33.2,-1.8799999999999957,-5.359179019384253,48298974.0
600498,20200519,33.46,33.58,32.57,33.23,0.029999999999994,0.0903614457831158,28235329.0
600498,20200520,33.0,34.33,32.65,33.62,0.3900000000000005,1.1736382786638575,33084683.0
600498,20200521,33.62,33.79,32.2,32.26,-1.3599999999999994,-4.045211183819153,25648123.0
600498,20200522,32.11,33.08,31.65,32.17,-0.0899999999999963,-0.2789832610043286,23778465.0
600498,20200525,29.9,30.38,28.95,29.0,-3.1700000000000017,-9.853901150139889,71251863.0
600498,20200526,29.25,29.63,28.84,29.61,0.6099999999999994,2.103448275862063,32624589.0
600498,20200527,29.68,29.71,28.33,28.43,-1.1799999999999995,-3.9851401553529175,38328949.0
600498,20200528,28.34,28.79,27.49,28.35,-0.0799999999999983,-0.281392894829402,31423571.0
600498,20200529,28.04,28.45,27.74,27.95,-0.4000000000000021,-1.4109347442680886,20153392.0
600498,20200601,28.36,29.48,28.1,29.28,1.3300000000000018,4.758497316636867,36630757.0
600498,20200602,29.46,29.56,28.8,29.18,-0.1000000000000014,-0.3415300546448119,27145207.0
600498,20200603,29.33,30.9,28.95,30.25,1.0700000000000005,3.666895133653192,45003636.0
600498,20200604,30.13,30.34,29.69,29.84,-0.4100000000000001,-1.355371900826452,22350374.0
600498,20200605,30.31,30.63,29.74,29.85,0.0100000000000015,0.0335120643431663,24384953.0
600498,20200608,30.05,30.7,29.9,29.98,0.129999999999999,0.4355108877721836,20701058.0
600498,20200609,29.86,29.87,29.16,29.55,-0.4299999999999997,-1.434289526350896,19266414.0
600498,20200610,29.55,29.55,28.95,29.16,-0.3900000000000005,-1.3197969543147223,16573067.0
600498,20200611,29.15,29.59,28.9,29.02,-0.1400000000000005,-0.4801097393690057,18870913.0
600498,20200612,28.05,28.85,28.03,28.64,-0.379999999999999,-1.3094417643004783,22313697.0
600498,20200615,28.49,28.96,28.26,28.3,-0.3399999999999998,-1.1871508379888265,15289306.0
600498,20200616,28.8,29.67,28.8,29.62,1.3200000000000005,4.664310954063611,31520353.0
600498,20200617,29.84,29.84,29.04,29.4,-0.2200000000000024,-0.742741390952073,19198957.0
600498,20200618,29.24,30.82,29.11,30.35,0.9500000000000028,3.231292517006823,45822293.0
600498,20200619,30.35,30.65,29.83,30.07,-0.2800000000000011,-0.9225700164744666,28254034.0
600498,20200622,29.96,30.17,29.55,29.83,-0.240000000000002,-0.7981376787495886,27708979.0
600498,20200623,29.7,29.73,29.03,29.09,-0.7399999999999984,-2.4807241032517524,27766876.0
600498,20200624,29.09,29.3,29.02,29.17,0.0800000000000018,0.2750085940185665,17719619.0
600498,20200629,29.0,29.0,28.3,28.59,-0.5800000000000018,-1.9883441892355247,22286760.0
600498,20200630,28.78,29.32,28.76,28.91,0.3200000000000003,1.1192724728926295,20791916.0
600498,20200701,28.98,29.24,28.6,28.94,0.0300000000000011,0.1037703216880014,23575939.0
600498,20200702,28.93,29.82,28.6,29.81,0.8699999999999974,3.006219765031082,40224086.0
600498,20200703,29.99,30.3,29.64,30.14,0.3300000000000018,1.1070110701107083,44622530.0
600498,20200706,30.53,33.08,30.31,32.36,2.219999999999999,7.365627073656267,66725842.0
600498,20200707,33.07,33.5,31.62,32.35,-0.009999999999998,-0.0309023485784876,68369888.0
600498,20200708,32.14,33.42,31.72,32.96,0.6099999999999994,1.8856259659969064,53009221.0
600498,20200709,33.0,34.59,32.67,33.96,1.0,3.033980582524265,59631959.0
600498,20200710,33.8,33.8,32.85,32.86,-1.1000000000000014,-3.239104829210837,44894424.0
600498,20200713,32.49,33.5,32.42,33.45,0.5900000000000034,1.7954960438222978,43049446.0
600498,20200714,33.45,33.76,31.91,32.26,-1.1900000000000048,-3.5575485799701156,49851430.0
600498,20200715,32.35,32.64,30.8,30.97,-1.2899999999999991,-3.9987600743955354,41901461.0
600498,20200716,30.97,31.25,28.9,29.17,-1.7999999999999972,-5.812076202776872,37279546.0
600498,20200717,29.0,29.11,28.4,28.82,-0.3500000000000014,-1.1998628728145389,23736625.0
600498,20200720,29.02,29.77,28.75,29.74,0.9199999999999982,3.192227619708521,22327901.0
600498,20200721,29.77,30.12,29.3,29.94,0.2000000000000028,0.672494956287828,20256367.0
600498,20200722,29.94,30.25,29.55,29.71,-0.2300000000000004,-0.7682030728122902,21203773.0
600498,20200723,29.34,29.34,28.57,28.99,-0.7200000000000024,-2.4234264557388197,24388762.0
600498,20200724,28.78,29.29,27.85,28.01,-0.9799999999999968,-3.3804760262159284,23897192.0
600498,20200727,28.01,28.39,27.59,28.19,0.1799999999999997,0.642627632988213,12622694.0
600498,20200728,28.23,28.48,28.07,28.29,0.0999999999999978,0.3547357218871783,10391373.0
600498,20200729,28.35,28.81,28.08,28.75,0.4600000000000008,1.6260162601626105,16862164.0
600498,20200730,28.93,28.97,28.25,28.31,-0.4400000000000013,-1.5304347826087028,14849781.0
600498,20200731,28.29,28.75,28.15,28.39,0.0800000000000018,0.2825856587778341,15724484.0
600498,20200803,28.47,29.0,28.39,28.99,0.5999999999999979,2.113420218386741,23082472.0
600498,20200804,29.04,29.1,28.48,28.55,-0.4399999999999977,-1.5177647464642896,19991172.0
600498,20200805,28.71,28.9,28.44,28.7,0.1499999999999985,0.5253940455341555,15365010.0
600498,20200806,28.6,28.7,28.03,28.25,-0.4499999999999993,-1.5679442508710784,20238238.0
600498,20200807,28.25,28.25,27.6,27.7,-0.5500000000000007,-1.9469026548672552,19813859.0
600498,20200810,27.5,27.92,27.41,27.76,0.0600000000000022,0.2166064981949489,13305154.0
600498,20200811,27.77,27.99,27.45,27.46,-0.3000000000000007,-1.0806916426512991,14445044.0
600498,20200812,27.41,27.87,27.08,27.87,0.4100000000000001,1.4930808448652575,18205669.0
600498,20200813,27.9,28.07,27.6,27.61,-0.2600000000000015,-0.9329027628274144,11888542.0
600498,20200814,27.56,27.81,27.44,27.74,0.129999999999999,0.4708438971387174,8266792.0
600498,20200817,27.81,28.4,27.77,28.35,0.610000000000003,2.1989906272530835,19653565.0
600498,20200818,28.5,28.56,28.11,28.24,-0.1100000000000029,-0.3880070546737335,13104570.0
600498,20200819,28.17,28.17,27.5,27.6,-0.639999999999997,-2.2662889518413443,14826253.0
600498,20200820,27.35,27.68,27.22,27.37,-0.2300000000000004,-0.8333333333333304,8957196.0
600498,20200821,27.25,27.79,27.25,27.39,0.0199999999999995,0.073072707343802,8889774.0
600498,20200824,27.25,27.41,26.95,27.01,-0.379999999999999,-1.3873676524278844,15271478.0
600498,20200825,27.05,27.16,26.75,26.79,-0.2200000000000024,-0.814513143280271,12295642.0
600498,20200826,26.81,26.87,25.95,26.0,-0.7899999999999991,-2.9488615154908526,17135898.0
600498,20200827,26.03,26.44,25.61,26.15,0.1499999999999985,0.5769230769230749,13823617.0
600498,20200828,26.12,26.25,25.7,26.16,0.0100000000000015,0.0382409177820397,12793298.0
600498,20200831,26.1,26.73,26.0,26.3,0.1400000000000005,0.5351681957186605,14498882.0
600498,20200901,26.28,26.65,26.2,26.55,0.25,0.9505703422053148,9067062.0
600498,20200902,26.58,26.66,26.2,26.31,-0.240000000000002,-0.9039548022598988,9571071.0
600498,20200903,26.3,26.3,25.62,25.67,-0.639999999999997,-2.4325351577346943,14552531.0
600498,20200904,25.4,25.46,25.1,25.41,-0.2600000000000015,-1.0128554733151551,11388993.0
600498,20200907,25.41,25.66,24.93,24.99,-0.4200000000000017,-1.652892561983477,11798155.0
600498,20200908,24.99,25.08,24.11,24.4,-0.5899999999999999,-2.3609443777510952,15089864.0
600498,20200909,24.2,24.33,23.76,23.81,-0.5899999999999999,-2.418032786885249,13595648.0
600498,20200910,24.0,24.16,23.4,23.49,-0.3200000000000003,-1.343973120537589,10948830.0
600498,20200911,23.59,23.97,23.37,23.91,0.4200000000000017,1.7879948914431676,8064145.0
600498,20200914,24.09,24.38,23.96,24.27,0.3599999999999994,1.5056461731492998,7416630.0
600498,20200915,24.4,24.41,24.13,24.21,-0.0599999999999987,-0.2472187886279342,5439920.0
600498,20200916,24.19,24.47,24.02,24.3,0.0899999999999998,0.3717472118959009,6546058.0
600498,20200917,24.2,24.45,23.9,24.3,0.0,0.0,8385110.0
600498,20200918,24.3,24.75,24.16,24.72,0.4199999999999981,1.728395061728394,9721531.0
600498,20200921,24.75,25.4,24.75,25.12,0.4000000000000021,1.6181229773462924,10825897.0
600498,20200922,24.88,25.06,24.46,24.51,-0.6099999999999994,-2.428343949044587,7629672.0
600498,20200923,24.73,24.73,24.4,24.43,-0.0800000000000018,-0.3263973888208982,4736928.0
600498,20200924,24.2,24.34,23.82,23.91,-0.5199999999999996,-2.1285304952926687,7234818.0
600498,20200925,24.03,24.1,23.65,23.66,-0.25,-1.0455876202425718,4802261.0
600498,20200928,23.69,23.87,23.59,23.59,-0.0700000000000002,-0.295857988165682,4085286.0
600498,20200929,23.67,24.2,23.67,23.85,0.2600000000000015,1.102161933022483,5542928.0
600498,20200930,23.96,24.0,23.68,23.76,-0.0899999999999998,-0.3773584905660376,4513672.0
600498,20201009,24.0,24.41,24.0,24.39,0.629999999999999,2.651515151515138,7099452.0
600498,20201012,24.45,24.98,24.45,24.94,0.5500000000000007,2.255022550225516,8965447.0
600498,20201013,24.95,25.1,24.75,24.99,0.0499999999999971,0.200481154771448,7107325.0
600498,20201014,24.9,24.91,24.64,24.66,-0.3299999999999983,-1.3205282112845107,5879272.0
600498,20201015,24.69,24.76,24.43,24.44,-0.2199999999999988,-0.8921330089213253,4755894.0
600498,20201016,24.58,24.66,24.2,24.32,-0.120000000000001,-0.4909983633387904,4628849.0
600498,20201019,24.8,25.25,24.55,24.69,0.370000000000001,1.5213815789473673,12160713.0
600498,20201020,24.62,24.93,24.36,24.93,0.2399999999999984,0.9720534629404476,6032398.0
600498,20201021,25.0,25.0,24.53,24.61,-0.3200000000000003,-1.283594063377458,4845429.0
600498,20201022,24.51,24.72,24.36,24.6,-0.009999999999998,-0.040633888663133,3872752.0
600498,20201023,24.55,24.79,24.42,24.42,-0.1799999999999997,-0.7317073170731714,3908400.0
600498,20201026,24.43,24.43,24.03,24.07,-0.3500000000000014,-1.4332514332514368,5219749.0
600498,20201027,24.0,24.18,23.91,24.0,-0.0700000000000002,-0.290818446198593,3515968.0
600498,20201028,24.02,24.25,23.7,24.11,0.1099999999999994,0.4583333333333383,5702031.0
600498,20201029,23.88,24.04,23.8,23.85,-0.259999999999998,-1.0783907092492662,5480968.0
600498,20201030,23.95,24.09,23.57,23.61,-0.240000000000002,-1.0062893081761115,6621489.0
600498,20201102,23.95,23.95,22.82,22.91,-0.6999999999999993,-2.9648454044896244,9819076.0
600498,20201103,22.91,23.59,22.91,23.52,0.6099999999999994,2.662592754255777,6844288.0
600498,20201104,23.6,23.75,23.39,23.59,0.0700000000000002,0.2976190476190465,4738092.0
600498,20201105,23.8,25.95,23.78,25.95,2.359999999999999,10.004239084357769,37797552.0
600498,20201106,26.1,26.56,25.63,25.85,-0.0999999999999978,-0.385356454720609,34800553.0
600498,20201109,26.1,26.87,25.78,26.32,0.4699999999999988,1.8181818181818077,35933885.0
600498,20201110,26.2,26.21,25.71,25.71,-0.6099999999999994,-2.317629179331304,17173675.0
600498,20201111,25.63,25.78,25.16,25.22,-0.490000000000002,-1.905873201089081,13416855.0
600498,20201112,25.25,25.62,25.13,25.16,-0.0599999999999987,-0.2379064234734329,10291657.0
600498,20201113,24.98,24.98,24.59,24.82,-0.3399999999999998,-1.3513513513513489,10309182.0
600498,20201116,24.88,25.28,24.62,25.2,0.379999999999999,1.5310233682514165,10264002.0
600498,20201117,25.06,25.28,24.72,25.27,0.0700000000000002,0.2777777777777768,8596550.0
600498,20201118,24.99,25.43,24.95,25.1,-0.1699999999999981,-0.6727344677483149,9678183.0
600498,20201119,25.04,25.7,25.01,25.64,0.5399999999999991,2.1513944223107595,13153963.0
600498,20201120,25.7,25.87,25.33,25.65,0.009999999999998,0.0390015600624016,11834390.0
600498,20201123,25.69,25.72,25.27,25.33,-0.3200000000000003,-1.2475633528265084,9498568.0
600498,20201124,25.29,25.83,25.25,25.56,0.2300000000000004,0.9080142123963686,9480688.0
600498,20201125,25.4,25.82,25.21,25.33,-0.2300000000000004,-0.8998435054773046,12573656.0
600498,20201126,25.26,25.48,25.1,25.25,-0.0799999999999983,-0.3158310303987277,7405054.0
600498,20201127,25.27,25.4,24.83,24.95,-0.3000000000000007,-1.1881188118811892,7954591.0
600498,20201130,24.93,25.42,24.74,24.86,-0.0899999999999998,-0.3607214428857697,9325014.0
600498,20201201,24.97,25.13,24.86,25.04,0.1799999999999997,0.7240547063555924,7677085.0
600498,20201202,25.0,25.57,24.92,25.38,0.3399999999999998,1.3578274760383424,13763031.0
600498,20201203,25.38,25.53,25.13,25.17,-0.2099999999999973,-0.8274231678486843,8327655.0
600498,20201204,25.2,25.24,24.93,24.98,-0.1900000000000012,-0.7548669050456924,6459774.0
600498,20201207,24.99,25.06,24.18,24.27,-0.7100000000000009,-2.842273819055252,10678927.0
600498,20201208,24.31,24.58,24.31,24.38,0.1099999999999994,0.4532344458178849,5193890.0
600498,20201209,24.39,24.48,23.75,23.75,-0.629999999999999,-2.5840853158326405,9499598.0
600498,20201210,23.75,23.98,23.56,23.58,-0.1700000000000017,-0.7157894736842141,6692208.0
600498,20201211,23.6,23.66,23.03,23.25,-0.3299999999999983,-1.3994910941475758,10597230.0
600498,20201214,23.3,23.56,23.2,23.41,0.1600000000000001,0.6881720430107485,5927112.0
600498,20201215,23.42,23.69,23.22,23.64,0.2300000000000004,0.9824861170439902,5501061.0
600498,20201216,23.66,23.8,23.21,23.27,-0.370000000000001,-1.565143824027082,5593523.0
600498,20201217,23.26,23.5,23.06,23.44,0.1700000000000017,0.7305543618392862,5528092.0
600498,20201218,23.4,23.61,23.3,23.32,-0.120000000000001,-0.5119453924914752,5061076.0
600498,20201221,23.32,23.53,23.18,23.32,0.0,0.0,5928149.0
600498,20201222,23.28,23.39,22.8,22.82,-0.5,-2.144082332761577,10008804.0
600498,20201223,22.82,22.94,22.41,22.68,-0.1400000000000005,-0.613496932515345,9165725.0
600498,20201224,22.6,22.78,22.13,22.16,-0.5199999999999996,-2.2927689594356204,7712650.0
600498,20201225,22.16,22.3,22.0,22.24,0.0799999999999983,0.3610108303248927,5543530.0
600498,20201228,22.25,22.29,21.7,21.73,-0.509999999999998,-2.2931654676258906,7464938.0
600498,20201229,21.95,23.9,21.93,23.9,2.169999999999998,9.986194201564658,20648745.0
600498,20201230,24.0,24.25,23.2,24.01,0.1100000000000029,0.4602510460251174,23663481.0
600498,20201231,24.02,24.31,23.62,24.08,0.0699999999999967,0.2915451895043608,18881558.0
600498,20210104,23.65,24.63,23.52,24.6,0.5200000000000031,2.1594684385382257,23962294.0
600498,20210105,24.5,25.1,24.26,24.67,0.0700000000000002,0.2845528455284629,23584823.0
600498,20210106,24.87,24.89,23.94,24.1,-0.5700000000000003,-2.310498581272802,15913144.0
600498,20210107,24.0,24.11,23.36,23.65,-0.4500000000000028,-1.8672199170124637,13234725.0
600498,20210108,23.58,25.15,23.56,24.45,0.8000000000000007,3.3826638477801207,24186539.0
600498,20210111,24.3,24.85,24.13,24.5,0.0500000000000007,0.2044989775051187,18037986.0
600498,20210112,24.3,24.69,24.05,24.6,0.1000000000000014,0.4081632653061273,14982001.0
600498,20210113,24.64,25.5,24.48,25.28,0.6799999999999997,2.764227642276418,31531080.0
600498,20210114,25.05,25.61,24.81,25.1,-0.1799999999999997,-0.7120253164557,22545262.0
600498,20210115,25.15,25.15,24.41,24.44,-0.6600000000000001,-2.6294820717131517,15929979.0
600498,20210118,24.3,24.87,24.22,24.64,0.1999999999999993,0.8183306055646433,15668564.0
600498,20210119,24.79,24.86,23.98,24.27,-0.370000000000001,-1.5016233766233844,16157992.0
600498,20210120,24.12,24.3,23.92,24.22,-0.0500000000000007,-0.2060156571899507,9165020.0
600498,20210121,24.16,24.26,23.65,23.89,-0.3299999999999983,-1.362510322047883,13049946.0
600498,20210122,23.88,23.88,22.7,22.79,-1.1000000000000014,-4.604437002930107,21649319.0
600498,20210125,20.86,21.92,20.86,21.52,-1.2699999999999996,-5.572619569986836,28424155.0
600498,20210126,21.4,21.75,21.05,21.14,-0.379999999999999,-1.7657992565055736,12697816.0
600498,20210127,21.11,21.46,21.05,21.14,0.0,0.0,7383273.0
600498,20210128,21.03,21.25,20.91,20.99,-0.1500000000000021,-0.7095553453169479,8444253.0
600498,20210129,20.99,21.13,19.94,20.06,-0.9299999999999996,-4.430681276798476,18949721.0
600498,20210201,20.11,20.27,19.09,19.23,-0.8299999999999983,-4.137587238285134,18220658.0
600498,20210202,19.22,19.48,18.72,19.2,-0.0300000000000011,-0.1560062402496176,11869982.0
600498,20210203,19.21,19.38,18.82,18.84,-0.3599999999999994,-1.8749999999999931,11642589.0
600498,20210204,18.84,18.97,17.9,18.41,-0.4299999999999997,-2.2823779193205884,15455967.0
600498,20210205,18.35,18.68,18.05,18.08,-0.3300000000000018,-1.7925040738729026,8229784.0
600498,20210208,18.24,18.4,18.14,18.19,0.1100000000000029,0.608407079646045,6584591.0
600498,20210209,18.2,18.65,18.11,18.55,0.3599999999999994,1.9791094007696408,8489990.0
600498,20210210,18.56,18.7,18.37,18.63,0.0799999999999983,0.4312668463611668,7179471.0
600498,20210218,19.01,19.36,18.86,19.27,0.6400000000000006,3.435319377348356,10308418.0
600498,20210219,19.34,19.85,19.11,19.75,0.4800000000000004,2.490918526206531,9827570.0
600498,20210222,19.9,20.08,19.53,19.62,-0.129999999999999,-0.658227848101256,15178778.0
600498,20210223,19.61,19.83,19.38,19.48,-0.1400000000000005,-0.7135575942915473,8525857.0
600498,20210224,19.48,19.77,19.29,19.51,0.0300000000000011,0.1540041067761954,7701095.0
600498,20210225,19.6,19.69,19.27,19.28,-0.2300000000000004,-1.17888262429523,7006811.0
600498,20210226,19.1,19.5,18.91,19.14,-0.1400000000000005,-0.7261410788381717,8075532.0
600498,20210301,19.18,19.62,19.1,19.57,0.4299999999999997,2.2466039707419005,8716103.0
600498,20210302,19.6,19.69,19.34,19.42,-0.1499999999999985,-0.7664793050587537,6578933.0
600498,20210303,19.39,19.58,19.28,19.52,0.0999999999999978,0.5149330587023604,6634844.0
600498,20210304,19.4,19.55,19.04,19.07,-0.4499999999999993,-2.305327868852458,8464416.0
600498,20210305,19.05,19.44,18.92,19.34,0.2699999999999996,1.4158363922391226,7424566.0
600498,20210308,19.41,19.74,19.17,19.18,-0.1600000000000001,-0.8273009307135482,9556556.0
600498,20210309,19.18,19.37,18.58,18.82,-0.3599999999999994,-1.876955161626692,9720628.0
600498,20210310,19.0,19.09,18.48,18.52,-0.3000000000000007,-1.5940488841657885,7254454.0
600498,20210311,18.51,18.83,18.31,18.69,0.1700000000000017,0.9179265658747492,6401182.0
600498,20210312,18.7,18.71,18.41,18.52,-0.1700000000000017,-0.9095773140717078,5018917.0
600498,20210315,18.43,18.43,18.0,18.15,-0.370000000000001,-1.9978401727861803,7832179.0
600498,20210316,18.23,18.55,18.11,18.44,0.2900000000000027,1.597796143250707,6439193.0
600498,20210317,18.58,19.27,18.58,18.94,0.5,2.711496746203901,11630145.0
600498,20210318,18.93,18.93,18.61,18.66,-0.2800000000000011,-1.4783526927138355,5919866.0
600498,20210319,18.46,18.71,18.35,18.39,-0.2699999999999996,-1.4469453376205754,4963477.0
600498,20210322,18.38,18.55,18.34,18.5,0.1099999999999994,0.5981511691136365,4047728.0
600498,20210323,18.51,18.7,18.44,18.52,0.0199999999999995,0.108108108108107,4409215.0
600498,20210324,18.48,18.55,18.27,18.32,-0.1999999999999993,-1.0799136069114423,4591954.0
600498,20210325,18.29,18.43,18.26,18.32,0.0,0.0,3463291.0
600498,20210326,18.46,18.68,18.46,18.64,0.3200000000000003,1.7467248908296984,6059875.0
600498,20210329,18.76,18.77,18.51,18.54,-0.1000000000000014,-0.5364806866952843,4480541.0
600498,20210330,18.54,18.57,18.33,18.36,-0.1799999999999997,-0.9708737864077666,4350488.0
600498,20210331,18.37,18.5,18.28,18.4,0.0399999999999991,0.2178649237472685,3290636.0
600498,20210401,18.52,18.79,18.36,18.6,0.2000000000000028,1.0869565217391353,6043259.0
600498,20210402,18.51,18.75,18.49,18.64,0.0399999999999991,0.2150537634408644,5198433.0
600498,20210406,18.64,18.68,18.55,18.63,-0.0100000000000015,-0.0536480686695317,3621285.0
600498,20210407,18.68,19.26,18.55,19.19,0.5600000000000023,3.005904455179831,11669981.0
600498,20210408,19.13,19.15,18.8,18.82,-0.370000000000001,-1.9280875455966684,7828549.0
600498,20210409,18.87,18.97,18.69,18.86,0.0399999999999991,0.2125398512220933,4940502.0
600498,20210412,18.86,18.91,18.57,18.59,-0.2699999999999996,-1.4316012725344662,4963612.0
600498,20210413,18.59,18.71,18.41,18.46,-0.129999999999999,-0.6993006993006978,4141696.0
600498,20210414,18.4,18.58,18.38,18.49,0.0299999999999975,0.1625135427952173,3769460.0
600498,20210415,18.47,18.47,18.2,18.27,-0.2199999999999988,-1.189832341806374,4533100.0
600498,20210416,18.27,18.65,18.26,18.51,0.240000000000002,1.313628899835817,4430171.0
600498,20210419,18.48,18.86,18.42,18.81,0.2999999999999971,1.6207455429497308,6400736.0
600498,20210420,18.8,18.85,18.67,18.7,-0.1099999999999994,-0.5847953216374213,4645618.0
600498,20210421,18.66,18.66,18.4,18.53,-0.1699999999999981,-0.9090909090909038,3796405.0
600498,20210422,18.55,18.99,18.46,18.76,0.2300000000000004,1.2412304371289815,8058723.0
600498,20210423,18.61,18.94,18.55,18.89,0.129999999999999,0.6929637526652321,8474748.0
600498,20210426,18.99,19.09,18.65,18.77,-0.120000000000001,-0.6352567496029748,7865972.0
600498,20210427,18.98,18.98,18.4,18.4,-0.370000000000001,-1.9712306872669227,6546633.0
600498,20210428,18.34,18.48,18.26,18.47,0.0700000000000002,0.3804347826086962,4284333.0
600498,20210429,18.39,18.55,18.31,18.32,-0.1499999999999985,-0.8121277747698885,4927599.0
600498,20210430,18.3,18.35,17.67,17.85,-0.4699999999999988,-2.56550218340611,12682016.0
600498,20210506,17.8,17.84,17.68,17.71,-0.1400000000000005,-0.7843137254902044,4836800.0
600498,20210507,17.69,17.76,17.4,17.44,-0.2699999999999996,-1.5245623941276043,6197799.0
600498,20210510,17.44,17.44,17.0,17.03,-0.4100000000000001,-2.350917431192656,8544857.0
600498,20210511,17.0,17.34,16.84,17.32,0.2899999999999991,1.7028772753963528,6862370.0
600498,20210512,17.23,17.38,17.14,17.36,0.0399999999999991,0.2309468822170757,4327754.0
600498,20210513,17.17,17.56,17.17,17.28,-0.0799999999999983,-0.4608294930875445,4997993.0
600498,20210514,17.3,17.52,17.24,17.48,0.1999999999999993,1.157407407407396,4937361.0
600498,20210517,17.49,17.74,17.49,17.56,0.0799999999999983,0.4576659038901587,5847891.0
600498,20210518,17.63,17.74,17.45,17.61,0.0500000000000007,0.2847380410022859,4744565.0
600498,20210519,17.56,17.57,17.39,17.41,-0.1999999999999993,-1.1357183418512218,4553242.0
600498,20210520,17.4,17.47,17.3,17.32,-0.0899999999999998,-0.5169442848937389,3940713.0
600498,20210521,17.3,17.41,17.23,17.26,-0.0599999999999987,-0.3464203233256246,4091246.0
600498,20210524,17.26,17.42,17.12,17.35,0.0899999999999998,0.5214368482039378,5812350.0
600498,20210525,17.32,17.6,17.27,17.58,0.2299999999999968,1.3256484149855696,6969091.0
600498,20210526,17.62,17.84,17.52,17.54,-0.0399999999999991,-0.227531285551763,6951401.0
600498,20210527,17.5,18.06,17.5,17.76,0.2200000000000024,1.2542759407069726,13055210.0
600498,20210528,17.76,18.12,17.74,17.97,0.2099999999999973,1.182432432432412,10790888.0
600498,20210531,17.97,18.29,17.97,18.09,0.120000000000001,0.6677796327211993,8648158.0
600498,20210601,18.1,18.23,17.92,18.09,0.0,0.0,8333614.0
600498,20210602,18.12,18.18,17.77,17.78,-0.3099999999999987,-1.7136539524599148,7821659.0
600498,20210603,17.82,18.85,17.81,18.4,0.6199999999999974,3.487064116985361,21812197.0
600498,20210604,18.34,18.65,18.28,18.57,0.1700000000000017,0.923913043478275,12586998.0
600498,20210607,18.56,18.94,18.5,18.68,0.1099999999999994,0.5923532579429125,11553771.0
600498,20210608,18.67,18.81,18.43,18.62,-0.0599999999999987,-0.321199143468942,11137578.0
600498,20210609,18.66,18.83,18.37,18.41,-0.2100000000000008,-1.1278195488721887,9577149.0
600498,20210610,18.37,18.87,18.36,18.82,0.4100000000000001,2.2270505160238985,16862584.0
600498,20210611,18.89,18.94,18.54,18.59,-0.2300000000000004,-1.222104144527103,16204868.0
600498,20210615,18.54,18.77,18.04,18.08,-0.5100000000000016,-2.743410435718141,13010577.0
600498,20210616,18.25,18.43,17.97,18.08,0.0,0.0,9564924.0
600498,20210617,18.04,18.41,18.04,18.35,0.2700000000000031,1.4933628318584136,9014095.0
600498,20210618,18.36,18.88,18.29,18.71,0.3599999999999994,1.961852861035429,13107708.0
600498,20210621,18.62,18.87,18.54,18.72,0.009999999999998,0.053447354355951,9631390.0
600498,20210622,18.71,18.75,18.46,18.55,-0.1699999999999981,-0.9081196581196438,8214641.0
600498,20210623,18.49,18.8,18.37,18.78,0.2300000000000004,1.2398921832884158,13818972.0
600498,20210624,18.8,18.97,18.58,18.6,-0.1799999999999997,-0.9584664536741228,12218808.0
600498,20210625,18.52,18.74,18.4,18.61,0.009999999999998,0.0537634408602105,8357309.0
600498,20210628,18.67,19.15,18.57,19.03,0.4200000000000017,2.2568511552928605,16449910.0
600498,20210629,18.91,19.04,18.5,18.51,-0.5199999999999996,-2.732527588018918,12966837.0
600498,20210630,18.53,18.66,18.4,18.63,0.1199999999999974,0.6482982171798879,7053137.0
600498,20210701,18.63,18.69,18.03,18.06,-0.5700000000000003,-3.059581320450888,9568331.0
600498,20210702,17.99,17.99,17.55,17.62,-0.4399999999999977,-2.4363233665559147,10473314.0
600498,20210705,17.63,17.84,17.63,17.78,0.1600000000000001,0.9080590238365494,5866352.0
600498,20210706,17.73,17.86,17.6,17.77,-0.0100000000000015,-0.0562429696288058,6390277.0
600498,20210707,17.69,17.74,17.56,17.69,-0.0799999999999983,-0.4501969611705014,6345549.0
600498,20210708,17.71,17.73,17.39,17.45,-0.240000000000002,-1.3566986998304276,8224758.0
600498,20210709,17.41,17.62,17.38,17.54,0.0899999999999998,0.515759312320907,5568561.0
600498,20210712,17.78,19.25,17.77,18.97,1.4299999999999995,8.1527936145952,37595969.0
600498,20210713,18.94,19.14,18.6,18.84,-0.129999999999999,-0.6852925672113819,23803236.0
600498,20210714,18.89,19.28,18.77,18.78,-0.0599999999999987,-0.3184713375796066,16400687.0
600498,20210715,18.83,18.96,18.41,18.57,-0.2100000000000008,-1.1182108626198173,12546164.0
600498,20210716,18.52,18.63,18.34,18.4,-0.1700000000000017,-0.9154550350026992,8864800.0
600498,20210719,18.3,19.65,17.92,19.65,1.25,6.7934782608695565,39866641.0
600498,20210720,19.5,19.59,19.13,19.39,-0.259999999999998,-1.323155216284977,21455935.0
600498,20210721,19.39,19.56,19.19,19.33,-0.0600000000000022,-0.3094378545642207,21431669.0
600498,20210722,19.33,20.15,19.22,19.5,0.1700000000000017,0.8794619762028111,25445379.0
600498,20210723,19.82,20.07,19.25,19.57,0.0700000000000002,0.3589743589743621,20419614.0
600498,20210726,19.46,19.48,18.5,18.92,-0.6499999999999986,-3.321410321921303,19539010.0
600498,20210727,18.92,19.9,18.76,19.43,0.509999999999998,2.695560253699769,32860283.0
600498,20210728,19.36,19.97,18.73,19.92,0.490000000000002,2.521873391662388,37494361.0
600498,20210729,20.2,20.29,19.65,20.05,0.129999999999999,0.6526104417670542,36643834.0
600498,20210730,19.7,20.56,19.62,19.87,-0.1799999999999997,-0.8977556109725726,34042008.0
600498,20210802,19.92,20.68,19.92,20.68,0.8099999999999987,4.076497232008047,35401792.0
600498,20210803,20.76,21.6,20.22,20.3,-0.379999999999999,-1.837524177949701,43442094.0
600498,20210804,20.1,20.71,20.0,20.42,0.120000000000001,0.5911330049261032,25581917.0
600498,20210805,20.2,20.32,19.86,19.98,-0.4400000000000013,-2.1547502448579836,20181034.0
600498,20210806,19.89,20.5,19.68,20.24,0.259999999999998,1.301301301301283,18734057.0
600498,20210809,20.27,20.63,20.1,20.42,0.1800000000000032,0.8893280632411127,16139122.0
600498,20210810,20.42,20.5,20.01,20.19,-0.2300000000000004,-1.1263467189030374,15535897.0
600498,20210811,20.18,20.18,19.5,19.56,-0.6300000000000026,-3.1203566121842607,23363518.0
600498,20210812,19.43,19.83,19.37,19.59,0.0300000000000011,0.1533742331288445,13676899.0
600498,20210813,19.49,19.65,19.29,19.4,-0.1900000000000012,-0.9698825931597764,12219468.0
600498,20210816,19.34,19.56,19.2,19.29,-0.1099999999999994,-0.5670103092783485,9641866.0
600498,20210817,19.22,19.31,18.85,18.87,-0.4199999999999981,-2.177293934681168,13117581.0
600498,20210818,18.82,19.05,18.81,19.05,0.1799999999999997,0.9538950715421324,8602681.0
600498,20210819,18.95,19.45,18.93,19.44,0.3900000000000005,2.0472440944881987,13450327.0
600498,20210820,19.25,19.37,18.9,19.08,-0.360000000000003,-1.8518518518518712,9682532.0
600498,20210823,19.18,19.3,18.96,19.23,0.1500000000000021,0.7861635220125951,9802075.0
600498,20210824,19.22,19.22,18.98,19.08,-0.1500000000000021,-0.7800312012480659,8957624.0
600498,20210825,19.08,19.21,18.91,18.92,-0.1599999999999966,-0.8385744234800652,8191570.0
600498,20210826,18.9,18.9,18.3,18.31,-0.610000000000003,-3.2241014799154533,16795532.0
600498,20210827,18.26,18.48,18.18,18.46,0.1500000000000021,0.8192244675041094,8159939.0
600498,20210830,18.6,18.69,18.01,18.13,-0.3300000000000018,-1.7876489707475685,11432626.0
600498,20210831,18.14,18.2,17.85,18.18,0.0500000000000007,0.2757859900716974,9540521.0
600498,20210901,18.18,18.38,18.0,18.36,0.1799999999999997,0.990099009900991,9933661.0
600498,20210902,18.36,18.36,18.12,18.16,-0.1999999999999993,-1.089324618736376,7798140.0
600498,20210903,18.1,18.37,18.09,18.27,0.1099999999999994,0.6057268722466924,6831934.0
600498,20210906,18.28,18.68,18.21,18.59,0.3200000000000003,1.7515051997810671,9770135.0
600498,20210907,18.59,18.77,18.5,18.63,0.0399999999999991,0.2151694459386677,9029907.0
600498,20210908,18.63,18.85,18.59,18.74,0.1099999999999994,0.5904455179817525,10313376.0
600498,20210909,18.74,18.85,18.56,18.72,-0.0199999999999995,-0.1067235859124826,9060528.0
600498,20210910,18.7,18.79,18.52,18.6,-0.1199999999999974,-0.6410256410256276,10222845.0
600498,20210913,18.54,18.55,18.24,18.28,-0.3200000000000003,-1.7204301075268824,9350817.0
600498,20210914,18.28,18.57,18.26,18.33,0.0499999999999971,0.2735229759299518,8672755.0
600498,20210915,18.23,18.46,18.14,18.35,0.0200000000000031,0.1091107474086472,5147036.0
600498,20210916,18.34,18.41,18.0,18.09,-0.2600000000000015,-1.416893732970037,8178743.0
600498,20210917,18.02,18.15,17.86,18.11,0.0199999999999995,0.1105583195135428,6394275.0
600498,20210922,18.01,18.11,17.93,18.08,-0.0300000000000011,-0.1656543346217676,4934482.0
600498,20210923,18.18,18.4,18.14,18.23,0.1500000000000021,0.829646017699126,7907378.0
600498,20210924,18.24,18.32,18.01,18.05,-0.1799999999999997,-0.9873834339001576,6082040.0
600498,20210927,18.38,18.5,18.08,18.15,0.0999999999999978,0.5540166204986097,8304097.0
600498,20210928,17.97,18.06,17.89,17.95,-0.1999999999999993,-1.1019283746556474,5041260.0
600498,20210929,17.82,17.88,17.56,17.61,-0.3399999999999998,-1.8941504178273003,7369982.0
600498,20210930,17.59,17.8,17.58,17.64,0.0300000000000011,0.1703577512776943,3939477.0
600498,20211008,17.74,17.98,17.74,17.89,0.25,1.4172335600907138,4923424.0
600498,20211011,17.92,18.97,17.9,18.75,0.8599999999999994,4.807154835103411,18334642.0
600498,20211012,18.5,18.84,18.43,18.56,-0.1900000000000012,-1.013333333333344,10286044.0
600498,20211013,18.56,18.75,18.55,18.66,0.1000000000000014,0.5387931034482873,8979152.0
600498,20211014,18.66,18.75,18.53,18.64,-0.0199999999999995,-0.1071811361200381,6272687.0
600498,20211015,18.7,18.85,18.35,18.49,-0.1500000000000021,-0.8047210300429319,8068887.0
600498,20211018,18.43,18.43,18.25,18.34,-0.1499999999999985,-0.8112493239588847,5650192.0
600498,20211019,18.36,18.39,18.12,18.34,0.0,0.0,6285398.0
600498,20211020,18.43,18.43,18.06,18.06,-0.2800000000000011,-1.526717557251911,6554540.0
600498,20211021,18.06,18.13,17.77,17.83,-0.2300000000000004,-1.2735326688815052,8363074.0
600498,20211022,17.88,18.0,17.75,17.99,0.1600000000000001,0.8973639932697619,5393099.0
600498,20211025,17.8,17.83,17.53,17.68,-0.3099999999999987,-1.7231795441912112,7136412.0
600498,20211026,17.54,17.68,17.5,17.55,-0.129999999999999,-0.7352941176470562,6152132.0
600498,20211027,17.55,17.55,17.03,17.08,-0.4700000000000024,-2.678062678062687,9243144.0
600498,20211028,17.03,17.22,17.03,17.13,0.0500000000000007,0.2927400468384133,5285428.0
600498,20211029,17.15,17.29,17.11,17.23,0.1000000000000014,0.5837711617046271,3860256.0
600498,20211101,17.23,17.3,17.04,17.26,0.0300000000000011,0.1741149158444699,5313252.0
600498,20211102,17.28,17.53,17.13,17.28,0.0199999999999995,0.1158748551564281,6955866.0
600498,20211103,17.35,17.59,17.29,17.49,0.2099999999999973,1.215277777777768,5477842.0
600498,20211104,17.45,18.0,17.43,17.73,0.240000000000002,1.3722126929674117,9491100.0
600498,20211105,17.71,17.88,17.57,17.57,-0.1600000000000001,-0.9024252679075028,6302647.0
600498,20211108,17.58,17.64,17.38,17.41,-0.1600000000000001,-0.9106431417188364,4768231.0
600498,20211109,17.45,17.64,17.37,17.62,0.2100000000000008,1.2062033314187204,4777931.0
600498,20211110,17.6,17.72,17.48,17.59,-0.0300000000000011,-0.1702610669693571,5398744.0
600498,20211111,17.56,17.77,17.45,17.69,0.1000000000000014,0.5685048322910724,6307887.0
600498,20211112,17.64,18.1,17.64,17.95,0.259999999999998,1.469756924816279,9583231.0
600498,20211115,18.04,18.11,17.86,17.96,0.0100000000000015,0.0557103064066977,6127212.0
600498,20211116,17.98,18.14,17.86,17.93,-0.0300000000000011,-0.1670378619153756,7486040.0
600498,20211117,17.94,18.09,17.8,18.01,0.0800000000000018,0.4461795872839014,6910129.0
600498,20211118,17.94,18.14,17.7,17.7,-0.3100000000000023,-1.721265963353702,8102621.0
600498,20211119,17.64,17.93,17.52,17.89,0.1900000000000012,1.0734463276836248,7337133.0
600498,20211122,17.89,18.07,17.84,17.99,0.0999999999999978,0.5589714924538747,6891818.0
600498,20211123,17.91,18.2,17.91,18.04,0.0500000000000007,0.2779321845469695,7493348.0
600498,20211124,18.05,18.26,18.0,18.19,0.1500000000000021,0.8314855875831695,9323019.0
600498,20211125,18.26,18.29,17.9,17.91,-0.2800000000000011,-1.539307311709737,8334920.0
600498,20211126,17.91,17.94,17.75,17.77,-0.1400000000000005,-0.7816862088218857,6425954.0
600498,20211129,17.53,17.64,17.49,17.49,-0.2800000000000011,-1.5756893640967995,7776573.0
600498,20211130,17.59,17.8,17.59,17.75,0.2600000000000015,1.4865637507146978,7474791.0
600498,20211201,17.76,18.19,17.66,18.12,0.370000000000001,2.084507042253536,11028379.0
600498,20211202,18.18,18.23,18.02,18.1,-0.0199999999999995,-0.1103752759381904,7725912.0
600498,20211203,18.14,18.19,18.01,18.13,0.0299999999999975,0.1657458563535829,6034777.0
600498,20211206,18.15,18.19,17.8,17.82,-0.3099999999999987,-1.709873138444562,6474517.0
600498,20211207,17.86,17.92,17.64,17.7,-0.120000000000001,-0.6734006734006814,6732597.0
600498,20211208,17.75,17.77,17.64,17.74,0.0399999999999991,0.2259887005649608,5827410.0
600498,20211209,17.74,17.93,17.68,17.81,0.0700000000000002,0.3945885005637084,7743625.0
600498,20211210,17.72,17.74,17.61,17.71,-0.0999999999999978,-0.5614823133071156,8371428.0
600498,20211213,17.72,17.91,17.62,17.76,0.0500000000000007,0.2823263692828925,10036692.0
600498,20211214,17.74,18.04,17.7,17.9,0.139999999999997,0.7882882882882747,8565442.0
600498,20211215,17.92,18.12,17.88,17.91,0.0100000000000015,0.0558659217877233,9804737.0
600498,20211216,17.82,18.02,17.76,18.02,0.1099999999999994,0.6141820212171911,7831764.0
600498,20211217,17.98,18.16,17.9,17.98,-0.0399999999999991,-0.221975582685896,9201199.0
600498,20211220,18.01,18.17,17.79,17.84,-0.1400000000000005,-0.7786429365962189,7621844.0
600498,20211221,17.81,17.99,17.75,17.93,0.0899999999999998,0.5044843049327286,6331520.0
600498,20211222,17.93,18.04,17.84,17.85,-0.0799999999999983,-0.4461795872838681,7489634.0
600498,20211223,17.83,17.85,17.63,17.64,-0.2100000000000008,-1.176470588235301,8824698.0
600498,20211224,17.66,17.74,17.5,17.57,-0.0700000000000002,-0.3968253968253954,5881558.0
600498,20211227,17.53,17.8,17.52,17.69,0.120000000000001,0.6829823562891413,4976820.0
600498,20211228,17.69,17.83,17.63,17.76,0.0700000000000002,0.3957037874505298,5167892.0
600498,20211229,17.76,17.78,17.66,17.68,-0.0800000000000018,-0.4504504504504569,4860100.0
600498,20211230,17.66,17.91,17.66,17.86,0.1799999999999997,1.0180995475113086,6387314.0
600498,20211231,17.85,18.05,17.75,17.98,0.120000000000001,0.6718924972004547,8598108.0
600498,20220104,17.99,18.24,17.98,18.17,0.1900000000000012,1.0567296996663034,12179218.0
600498,20220105,18.17,18.27,17.98,18.03,-0.1400000000000005,-0.7705008255366019,9122993.0
600498,20220106,18.08,18.23,17.9,18.02,-0.0100000000000015,-0.0554631170271879,8176291.0
600498,20220107,18.02,18.15,17.92,17.93,-0.0899999999999998,-0.4994450610432799,7981739.0
600498,20220110,17.92,18.19,17.77,18.16,0.2300000000000004,1.2827663134411529,10320636.0
600498,20220111,18.12,18.36,18.01,18.02,-0.1400000000000005,-0.770925110132159,10461069.0
600498,20220112,18.06,18.17,17.91,18.02,0.0,0.0,6146153.0
600498,20220113,18.24,18.41,17.99,18.02,0.0,0.0,10003360.0
600498,20220114,17.92,18.03,17.81,17.84,-0.1799999999999997,-0.9988901220865708,7071938.0
600498,20220117,17.92,18.59,17.91,18.55,0.7100000000000009,3.979820627802688,23415235.0
600498,20220118,18.53,18.68,18.36,18.41,-0.1400000000000005,-0.7547169811320753,14953038.0
600498,20220119,18.33,18.55,18.32,18.51,0.1000000000000014,0.5431830526887671,10284186.0
600498,20220120,18.65,18.65,18.29,18.37,-0.1400000000000005,-0.756347920043221,10098821.0
600498,20220121,18.32,18.45,18.04,18.13,-0.240000000000002,-1.3064779531845483,8945294.0
600498,20220124,18.09,18.21,17.87,17.87,-0.259999999999998,-1.4340871483728534,8721359.0
600498,20220125,17.81,17.87,17.1,17.1,-0.7699999999999996,-4.3088975937325085,15050947.0
600498,20220126,17.22,17.28,16.66,16.81,-0.2900000000000027,-1.695906432748551,13584744.0
600498,20220127,16.73,16.8,16.16,16.16,-0.6499999999999986,-3.866745984533004,12517683.0
600498,20220128,16.32,16.48,16.19,16.35,0.1900000000000012,1.1757425742574323,7667954.0
600498,20220207,16.65,16.7,16.51,16.54,0.1899999999999977,1.162079510703351,5850065.0
600498,20220208,16.51,16.78,16.43,16.78,0.240000000000002,1.45102781136639,5647473.0
600498,20220209,16.78,17.21,16.7,17.2,0.4199999999999981,2.502979737783062,8275268.0
600498,20220210,17.16,17.23,16.94,17.07,-0.129999999999999,-0.7558139534883712,6211971.0
600498,20220211,17.0,17.12,16.91,16.99,-0.0800000000000018,-0.4686584651435344,4847037.0
600498,20220214,16.87,16.94,16.71,16.86,-0.129999999999999,-0.765155974102405,4273625.0
600498,20220215,16.85,17.03,16.78,16.94,0.0800000000000018,0.4744958481613492,3193700.0
600498,20220216,17.05,17.14,16.87,16.95,0.009999999999998,0.0590318772136777,3591922.0
600498,20220217,16.9,16.93,16.74,16.83,-0.120000000000001,-0.707964601769917,5682995.0
600498,20220218,16.88,17.13,16.8,17.12,0.2900000000000027,1.7231134878193943,6743200.0
600498,20220221,17.35,17.89,17.23,17.82,0.6999999999999993,4.08878504672896,16826311.0
600498,20220222,17.68,18.04,17.58,17.84,0.0199999999999995,0.1122334455667672,11379455.0
600498,20220223,17.81,17.96,17.72,17.84,0.0,0.0,7567226.0
600498,20220224,17.72,17.86,17.32,17.48,-0.3599999999999994,-2.0179372197309364,10647462.0
600498,20220225,17.65,17.7,17.34,17.38,-0.1000000000000014,-0.5720823798627039,6090056.0
600498,20220228,17.38,17.47,17.13,17.2,-0.1799999999999997,-1.0356731875719172,6667209.0
600498,20220301,17.2,17.3,17.13,17.22,0.0199999999999995,0.1162790697674331,4855783.0
600498,20220302,17.18,17.38,17.11,17.32,0.1000000000000014,0.5807200929152323,4910396.0
600498,20220303,17.35,17.4,17.03,17.1,-0.2199999999999988,-1.270207852193994,5667527.0
600498,20220304,17.09,17.09,16.81,16.89,-0.2100000000000008,-1.2280701754386003,5736970.0
600498,20220307,16.77,16.77,16.36,16.4,-0.490000000000002,-2.901124925991727,9051023.0
600498,20220308,16.4,16.6,15.91,16.0,-0.3999999999999986,-2.4390243902438935,10177665.0
600498,20220309,16.08,16.16,15.0,15.59,-0.4100000000000001,-2.562500000000001,11403311.0
600498,20220310,15.9,15.95,15.56,15.61,0.0199999999999995,0.128287363694679,6535498.0
600498,20220311,15.4,15.74,15.15,15.73,0.120000000000001,0.768737988468926,6640586.0
600498,20220314,15.6,15.75,15.37,15.37,-0.3600000000000012,-2.2886204704386626,5032917.0
600498,20220315,15.3,15.35,14.42,14.45,-0.92,-5.9856864020819796,12133011.0
600498,20220316,14.65,14.83,13.95,14.73,0.2800000000000011,1.937716262975786,10150937.0
600498,20220317,14.92,15.14,14.86,14.91,0.1799999999999997,1.2219959266802416,7862463.0
600498,20220318,14.95,15.11,14.78,15.06,0.1500000000000003,1.0060362173038184,4643932.0
600498,20220321,15.16,15.16,14.85,14.98,-0.08,-0.5312084993359889,5762486.0
600498,20220322,14.94,15.07,14.86,14.9,-0.08,-0.5340453938584733,3921747.0
600498,20220323,14.88,16.39,14.88,16.39,1.4900000000000002,10.000000000000009,30301524.0
600498,20220324,16.29,16.29,15.58,15.62,-0.7700000000000014,-4.697986577181212,22413842.0
600498,20220325,15.58,15.65,15.33,15.34,-0.2799999999999993,-1.7925736235595346,9229062.0
600498,20220328,15.2,15.44,14.93,15.3,-0.0399999999999991,-0.2607561929595769,10234487.0
600498,20220329,15.32,15.48,15.06,15.12,-0.1800000000000015,-1.176470588235301,7435985.0
600498,20220330,15.17,15.3,15.05,15.24,0.120000000000001,0.7936507936507908,6077951.0
600498,20220331,15.19,15.24,15.12,15.13,-0.1099999999999994,-0.7217847769028785,4830369.0
600498,20220401,15.13,15.16,14.94,15.07,-0.0600000000000005,-0.396563119629878,5144567.0
600498,20220406,15.0,15.19,14.95,15.17,0.0999999999999996,0.6635700066357053,4188277.0
600498,20220407,15.14,15.2,14.72,14.74,-0.4299999999999997,-2.8345418589321048,7633485.0
600498,20220408,14.69,14.8,14.32,14.53,-0.2100000000000008,-1.424694708276808,6359470.0
600498,20220411,14.52,14.52,14.01,14.13,-0.3999999999999986,-2.7529249827942137,5709728.0
600498,20220412,14.16,14.49,14.0,14.47,0.3399999999999998,2.406227883934897,4460369.0
600498,20220413,14.39,14.45,14.19,14.19,-0.2800000000000011,-1.935038009675194,3500719.0
600498,20220414,14.29,14.4,14.27,14.28,0.0899999999999998,0.634249471458781,3071820.0
600498,20220415,14.23,14.25,14.05,14.13,-0.1499999999999985,-1.050420168067212,3442470.0
600498,20220418,14.09,14.42,14.02,14.42,0.2899999999999991,2.0523708421797515,5258893.0
600498,20220419,14.35,14.61,14.32,14.57,0.1500000000000003,1.040221914008321,4399459.0
600498,20220420,14.7,14.72,14.3,14.4,-0.1699999999999999,-1.1667810569663706,3963606.0
600498,20220421,14.31,14.48,14.03,14.08,-0.3200000000000003,-2.2222222222222254,4726667.0
600498,20220422,14.01,14.38,13.98,14.23,0.1500000000000003,1.0653409090909172,4653777.0
600498,20220425,14.15,14.15,13.11,13.19,-1.040000000000001,-7.308503162333102,10255569.0
600498,20220426,13.36,13.45,12.51,12.59,-0.5999999999999996,-4.5489006823351,9834156.0
600498,20220427,12.4,13.14,12.33,13.1,0.5099999999999998,4.050833995234315,8667692.0
600498,20220428,13.0,13.11,12.66,12.88,-0.2199999999999988,-1.6793893129770865,5813663.0
600498,20220429,12.98,13.58,12.98,13.43,0.5499999999999989,4.270186335403725,7364654.0
600498,20220505,13.15,13.47,13.14,13.34,-0.0899999999999998,-0.6701414743112477,6868274.0
600498,20220506,13.08,13.23,12.98,13.07,-0.2699999999999996,-2.0239880059970017,5560864.0
600498,20220509,13.03,13.17,12.96,13.11,0.0399999999999991,0.3060443764345777,3347456.0
600498,20220510,13.02,13.26,12.94,13.2,0.0899999999999998,0.6864988558352492,4977092.0
600498,20220511,13.2,13.49,13.18,13.2,0.0,0.0,7097912.0
600498,20220512,13.18,13.38,13.14,13.27,0.0700000000000002,0.5303030303030365,3907067.0
600498,20220513,13.34,13.41,13.2,13.32,0.0500000000000007,0.3767897513187623,3556919.0
600498,20220516,13.39,13.42,13.2,13.23,-0.0899999999999998,-0.6756756756756799,4099513.0
600498,20220517,13.23,13.3,13.1,13.29,0.0599999999999987,0.4535147392290106,3228146.0
600498,20220518,13.3,13.45,13.29,13.31,0.0200000000000013,0.1504890895410282,4225206.0
600498,20220519,13.12,13.37,13.09,13.35,0.0399999999999991,0.3005259203606281,4860290.0
600498,20220520,13.37,13.58,13.37,13.55,0.200000000000001,1.4981273408239737,5831470.0
600498,20220523,13.59,13.61,13.43,13.58,0.0299999999999993,0.2214022140221372,5295097.0
600498,20220524,13.58,13.58,12.98,12.99,-0.5899999999999999,-4.3446244477172264,8463365.0
600498,20220525,13.0,13.14,12.99,13.12,0.129999999999999,1.0007698229407058,4553900.0
600498,20220526,13.13,13.88,12.96,13.73,0.6100000000000012,4.6493902439024515,16335133.0
600498,20220527,13.66,13.89,13.59,13.77,0.0399999999999991,0.2913328477785804,9017143.0
600498,20220530,13.9,14.33,13.84,14.09,0.3200000000000003,2.3238925199709604,12183578.0
600498,20220531,13.97,14.19,13.88,14.14,0.0500000000000007,0.3548616039744656,8657046.0
600498,20220601,14.13,14.32,14.01,14.19,0.0499999999999989,0.353606789250338,8545153.0
600498,20220602,14.19,14.46,14.13,14.38,0.1900000000000012,1.3389711064129672,8811270.0
600498,20220606,14.33,14.64,14.28,14.55,0.1699999999999999,1.182197496522952,8173487.0
600498,20220607,14.52,14.56,14.25,14.37,-0.1800000000000015,-1.2371134020618624,7748046.0
600498,20220608,14.31,14.42,14.05,14.22,-0.1499999999999985,-1.043841336116902,7425797.0
600498,20220609,14.18,14.29,13.88,14.01,-0.2100000000000008,-1.4767932489451518,6822300.0
600498,20220610,14.0,14.39,13.95,14.39,0.3800000000000008,2.712348322626701,8932882.0
600498,20220613,14.3,14.57,14.28,14.36,-0.0300000000000011,-0.2084781097984822,8545358.0
600498,20220614,14.3,14.42,13.9,14.4,0.0400000000000009,0.278551532033422,8050520.0
600498,20220615,14.38,14.68,14.36,14.41,0.0099999999999997,0.0694444444444331,9910482.0
600498,20220616,14.38,14.67,14.36,14.46,0.0500000000000007,0.346981263011803,6705015.0
600498,20220617,14.3,14.52,14.16,14.36,-0.1000000000000014,-0.6915629322268413,6122597.0
600498,20220620,14.47,14.55,14.3,14.34,-0.0199999999999995,-0.139275766016711,5067450.0
600498,20220621,14.36,14.45,14.16,14.3,-0.0399999999999991,-0.2789400278939924,5061707.0
600498,20220622,14.37,14.39,14.01,14.01,-0.2900000000000009,-2.027972027972036,5106654.0
600498,20220623,13.96,14.24,13.96,14.22,0.2100000000000008,1.498929336188448,4900065.0
600498,20220624,14.26,14.43,14.21,14.29,0.0699999999999985,0.4922644163150469,5747703.0
600498,20220627,14.34,14.43,14.25,14.28,-0.0099999999999997,-0.0699790062981042,5345292.0
600498,20220628,14.26,14.65,14.18,14.59,0.3100000000000005,2.17086834733895,12446042.0
600498,20220629,14.59,14.88,14.46,14.52,-0.0700000000000002,-0.479780671692942,12154171.0
600498,20220630,14.52,14.64,14.46,14.48,-0.0399999999999991,-0.2754820936639035,7721638.0
600498,20220701,14.5,14.56,14.31,14.35,-0.1300000000000007,-0.8977900552486262,5898146.0
600498,20220704,14.34,14.36,14.15,14.24,-0.1099999999999994,-0.7665505226480795,5875266.0
600498,20220705,14.24,14.31,13.93,14.11,-0.1300000000000007,-0.9129213483146104,7693002.0
600498,20220706,14.11,14.24,13.98,14.1,-0.0099999999999997,-0.0708717221828525,4799967.0
600498,20220707,14.06,14.24,14.06,14.13,0.0300000000000011,0.2127659574468143,3980549.0
600498,20220708,14.14,14.59,14.13,14.53,0.3999999999999986,2.830856334041032,11617192.0
600498,20220711,14.52,14.53,14.06,14.09,-0.4399999999999995,-3.028217481073636,9463762.0
600498,20220712,14.09,14.11,13.84,13.86,-0.2300000000000004,-1.6323633782824754,5731734.0
600498,20220713,13.88,13.98,13.86,13.94,0.08,0.5772005772005873,3359682.0
600498,20220714,13.96,14.1,13.86,13.96,0.0200000000000013,0.1434720229555264,3951184.0
600498,20220715,13.88,13.97,13.64,13.64,-0.3200000000000003,-2.2922636103151928,4347874.0
600498,20220718,13.7,14.14,13.65,14.14,0.5,3.665689149560114,5951960.0
600498,20220719,14.15,14.69,14.14,14.49,0.3499999999999996,2.4752475247524774,11337569.0
600498,20220720,14.61,14.64,14.47,14.55,0.0600000000000005,0.4140786749482483,7111181.0
600498,20220721,14.63,14.78,14.5,14.5,-0.0500000000000007,-0.3436426116838587,6648086.0
600498,20220722,14.5,14.65,14.27,14.4,-0.0999999999999996,-0.6896551724137945,4813995.0
600498,20220725,14.39,14.51,14.19,14.27,-0.1300000000000007,-0.9027777777777856,5254255.0
600498,20220726,14.27,14.39,14.25,14.39,0.120000000000001,0.8409250175192673,3442136.0
600498,20220727,14.31,14.68,14.29,14.59,0.1999999999999993,1.3898540653231262,6497871.0
600498,20220728,14.66,14.84,14.6,14.66,0.0700000000000002,0.479780671692942,8400599.0
600498,20220729,14.79,14.8,14.43,14.44,-0.2200000000000006,-1.5006821282401162,5202721.0
600498,20220801,14.43,14.6,14.32,14.59,0.1500000000000003,1.038781163434899,4843552.0
600498,20220802,14.46,14.46,13.92,14.14,-0.4499999999999993,-3.084304318026043,9839088.0
600498,20220803,14.14,14.65,14.14,14.25,0.1099999999999994,0.7779349363507659,9502473.0
600498,20220804,14.35,14.55,14.3,14.45,0.1999999999999993,1.403508771929829,5621772.0
600498,20220805,14.54,15.09,14.42,15.03,0.5800000000000001,4.013840830449822,17184439.0
600498,20220808,15.07,15.13,14.87,15.05,0.0200000000000013,0.1330671989354659,11163024.0
600498,20220809,15.04,15.08,14.81,15.02,-0.0300000000000011,-0.1993355481727632,8531839.0
600498,20220810,15.02,15.15,14.87,14.98,-0.0399999999999991,-0.2663115845539243,7936134.0
600498,20220811,15.0,15.35,15.0,15.15,0.1699999999999999,1.134846461949257,10248017.0
600498,20220812,15.2,15.2,14.88,14.89,-0.2599999999999998,-1.7161716171617103,7854045.0
600498,20220815,14.85,14.93,14.69,14.8,-0.0899999999999998,-0.6044325050369337,5552042.0
600498,20220816,14.84,14.87,14.64,14.67,-0.1300000000000007,-0.8783783783783861,6193198.0
600498,20220817,14.67,14.79,14.63,14.76,0.0899999999999998,0.6134969325153339,5581760.0
600498,20220818,14.75,15.06,14.66,14.98,0.2200000000000006,1.4905149051490652,8586620.0
600498,20220819,14.97,15.13,14.65,14.66,-0.3200000000000003,-2.1361815754339153,8521704.0
600498,20220822,14.64,14.79,14.39,14.75,0.0899999999999998,0.6139154160982319,6205771.0
600498,20220823,14.67,14.71,14.49,14.6,-0.1500000000000003,-1.016949152542379,5999350.0
600498,20220824,14.57,14.63,14.08,14.13,-0.4699999999999988,-3.219178082191776,8201628.0
600498,20220825,14.19,14.2,13.86,13.99,-0.1400000000000005,-0.99079971691437,6983587.0
600498,20220826,14.04,14.16,13.89,13.93,-0.0600000000000005,-0.4288777698356005,4556806.0
600498,20220829,13.7,14.25,13.68,14.21,0.2800000000000011,2.01005025125629,6894531.0
600498,20220830,14.2,14.87,14.16,14.58,0.3699999999999992,2.603800140745949,13311125.0
600498,20220831,14.59,14.74,14.35,14.39,-0.1899999999999995,-1.3031550068587028,7665731.0
600498,20220901,14.39,14.7,14.29,14.35,-0.0400000000000009,-0.2779708130646319,5461855.0
600498,20220902,14.39,15.05,14.39,14.95,0.5999999999999996,4.181184668989535,17263545.0
600498,20220905,14.89,15.03,14.74,14.97,0.0200000000000013,0.1337792642140511,9024336.0
600498,20220906,14.99,15.19,14.9,15.06,0.0899999999999998,0.6012024048096087,9781672.0
600498,20220907,15.0,15.26,14.9,14.97,-0.0899999999999998,-0.5976095617529875,8637290.0
600498,20220908,14.92,15.0,14.75,14.76,-0.2100000000000008,-1.4028056112224463,5895445.0
600498,20220909,14.85,14.93,14.71,14.79,0.0299999999999993,0.2032520325203179,5841807.0
600498,20220913,14.75,14.98,14.65,14.7,-0.0899999999999998,-0.6085192697768749,5516323.0
600498,20220914,14.59,14.65,14.48,14.6,-0.0999999999999996,-0.6802721088435382,4531133.0
600498,20220915,14.62,14.66,14.15,14.24,-0.3599999999999994,-2.465753424657535,7142084.0
600498,20220916,14.24,14.44,13.9,13.9,-0.3399999999999998,-2.3876404494382,6507369.0
600498,20220919,13.89,14.0,13.3,13.4,-0.5,-3.597122302158273,9776932.0
600498,20220920,13.45,13.62,13.38,13.44,0.0399999999999991,0.2985074626865591,5595089.0
600498,20220921,13.44,13.5,13.09,13.43,-0.0099999999999997,-0.074404761904756,5273353.0
600498,20220922,13.3,13.48,13.21,13.3,-0.129999999999999,-0.967982129560674,3788973.0
600498,20220923,13.32,13.33,12.95,13.18,-0.120000000000001,-0.9022556390977488,5763624.0
600498,20220926,13.01,13.12,12.75,12.8,-0.379999999999999,-2.88315629742033,7728017.0
600498,20220927,12.82,13.08,12.82,13.06,0.2599999999999998,2.0312499999999956,4611138.0
600498,20220928,13.06,13.08,12.73,12.75,-0.3100000000000005,-2.3736600306278777,4377459.0
600498,20220929,12.91,12.94,12.59,12.67,-0.08,-0.6274509803921524,4680922.0
600498,20220930,12.67,12.78,12.41,12.42,-0.25,-1.9731649565903675,5340413.0
600498,20221010,12.41,12.5,12.15,12.16,-0.2599999999999998,-2.093397745571657,5242035.0
600498,20221011,12.2,12.39,12.15,12.31,0.1500000000000003,1.2335526315789602,3365801.0
600498,20221012,12.3,12.91,12.25,12.87,0.5599999999999987,4.549147034930945,8554324.0
600498,20221013,12.77,13.44,12.77,13.31,0.4400000000000013,3.418803418803429,9737914.0
600498,20221014,13.35,13.5,13.32,13.37,0.0599999999999987,0.450788880540931,6280937.0
600498,20221017,13.3,13.55,13.27,13.52,0.1500000000000003,1.1219147344801783,5114250.0
600498,20221018,13.54,13.74,13.39,13.61,0.0899999999999998,0.6656804733727872,6047846.0
600498,20221019,13.61,13.69,13.49,13.52,-0.0899999999999998,-0.6612784717119791,3889316.0
600498,20221020,13.45,13.72,13.39,13.55,0.0300000000000011,0.2218934911242698,5208582.0
600498,20221021,13.65,13.72,13.52,13.59,0.0399999999999991,0.2952029520295163,3008682.0
600498,20221024,13.71,13.84,13.45,13.55,-0.0399999999999991,-0.2943340691685003,6294850.0
600498,20221025,13.45,13.75,13.32,13.47,-0.08,-0.5904059040590437,4688717.0
600498,20221026,13.48,13.86,13.48,13.82,0.3499999999999996,2.598366740905722,6267752.0
600498,20221027,13.95,14.12,13.81,13.82,0.0,0.0,6258680.0
600498,20221028,13.79,13.87,13.45,13.49,-0.33,-2.387843704775683,5056885.0
600498,20221031,13.36,13.96,13.36,13.78,0.2899999999999991,2.1497405485544796,5965933.0
600498,20221101,13.78,14.02,13.76,13.96,0.1800000000000015,1.3062409288824517,6289039.0
600498,20221102,14.0,14.11,13.82,14.0,0.0399999999999991,0.2865329512893977,6849092.0
600498,20221103,13.93,13.93,13.6,13.78,-0.2200000000000006,-1.5714285714285792,6137613.0
600498,20221104,13.78,13.93,13.66,13.91,0.1300000000000007,0.9433962264151052,5806716.0
600498,20221107,13.91,13.97,13.78,13.88,-0.0299999999999993,-0.2156721782889947,5264948.0
600498,20221108,13.88,13.93,13.68,13.92,0.0399999999999991,0.2881844380403286,4506543.0
600498,20221109,13.93,13.93,13.77,13.77,-0.1500000000000003,-1.0775862068965525,3179370.0
600498,20221110,13.74,13.82,13.61,13.66,-0.1099999999999994,-0.7988380537400142,4131303.0
600498,20221111,13.95,13.97,13.77,13.8,0.1400000000000005,1.024890190336758,5445977.0
600498,20221114,13.8,13.94,13.74,13.8,0.0,0.0,5024204.0
600498,20221115,13.84,14.08,13.77,14.05,0.25,1.8115942028985588,6682125.0
600498,20221116,14.01,14.19,13.96,14.06,0.0099999999999997,0.0711743772241924,5773989.0
600498,20221117,14.11,14.25,14.03,14.25,0.1899999999999995,1.3513513513513375,6136397.0
600498,20221118,14.29,14.48,14.29,14.33,0.08,0.5614035087719405,8766862.0
600498,20221121,14.25,14.3,14.08,14.15,-0.1799999999999997,-1.2561060711793417,4623648.0
600498,20221122,14.11,14.39,13.98,14.21,0.0600000000000005,0.4240282685512353,7386434.0
600498,20221123,14.21,14.48,14.06,14.17,-0.0400000000000009,-0.2814919071076782,8031795.0
600498,20221124,14.2,14.28,13.98,14.01,-0.1600000000000001,-1.1291460832745237,5020187.0
600498,20221125,13.95,14.05,13.83,13.89,-0.1199999999999992,-0.8565310492505307,4259600.0
600498,20221128,13.75,13.78,13.6,13.6,-0.2900000000000009,-2.087832973362136,4888119.0
600498,20221129,13.68,13.93,13.65,13.88,0.2800000000000011,2.0588235294117796,4485167.0
600498,20221130,13.85,13.95,13.69,13.69,-0.1900000000000012,-1.36887608069165,12435021.0
600498,20221201,13.82,14.2,13.8,13.98,0.2900000000000009,2.118334550766998,8275747.0
600498,20221202,13.98,14.16,13.93,14.04,0.0599999999999987,0.4291845493562096,4492454.0
600498,20221205,14.05,14.4,14.05,14.36,0.3200000000000003,2.279202279202286,9525368.0
600498,20221206,14.3,14.43,14.22,14.26,-0.0999999999999996,-0.696378830083566,6469272.0
600498,20221207,14.21,14.25,14.05,14.05,-0.209999999999999,-1.472650771388495,4660514.0
600498,20221208,14.05,14.07,13.87,13.89,-0.1600000000000001,-1.1387900355871894,5231379.0
600498,20221209,13.9,13.95,13.79,13.79,-0.1000000000000014,-0.719942404607643,5555663.0
600498,20221212,13.79,13.87,13.7,13.8,0.0100000000000015,0.0725163161711561,4033818.0
600498,20221213,13.77,13.8,13.67,13.7,-0.1000000000000014,-0.7246376811594346,3880341.0
600498,20221214,13.72,13.81,13.68,13.7,0.0,0.0,3401087.0
600498,20221215,13.75,13.93,13.66,13.77,0.0700000000000002,0.5109489051094984,4918289.0
600498,20221216,13.72,13.77,13.55,13.62,-0.1500000000000003,-1.089324618736387,4093527.0
600498,20221219,13.61,13.68,13.27,13.33,-0.2899999999999991,-2.129221732745956,4131116.0
600498,20221220,13.29,13.47,13.15,13.23,-0.0999999999999996,-0.7501875468867159,3400030.0
600498,20221221,13.25,13.29,12.98,13.09,-0.1400000000000005,-1.058201058201058,4017429.0
600498,20221222,13.12,13.18,12.9,12.92,-0.1699999999999999,-1.2987012987012991,3090089.0
600498,20221223,12.87,13.2,12.87,13.07,0.1500000000000003,1.1609907120743168,2491798.0
600498,20221226,13.06,13.21,13.02,13.19,0.1199999999999992,0.9181331293037333,2626415.0
600498,20221227,13.19,13.24,13.11,13.17,-0.0199999999999995,-0.1516300227444977,1851654.0
600498,20221228,13.14,13.16,13.03,13.06,-0.1099999999999994,-0.8352315869400107,1852379.0
600498,20221229,13.05,13.14,12.93,13.09,0.0299999999999993,0.2297090352220365,2208355.0
600498,20221230,13.12,13.18,13.03,13.14,0.0500000000000007,0.381970970206269,1722978.0
600498,20230103,13.15,13.43,13.1,13.37,0.2299999999999986,1.7503805175038023,3899209.0
600498,20230104,13.37,13.52,13.34,13.42,0.0500000000000007,0.3739715781600594,3676834.0
600498,20230105,13.5,13.55,13.38,13.44,0.0199999999999995,0.1490312965722662,3134715.0
600498,20230106,13.37,13.48,13.32,13.34,-0.0999999999999996,-0.7440476190476164,3049313.0
600498,20230109,13.35,13.45,13.34,13.34,0.0,0.0,2542886.0
600498,20230110,13.33,13.43,13.3,13.37,0.0299999999999993,0.2248875562218755,2140682.0
600498,20230111,13.34,13.55,13.27,13.31,-0.0599999999999987,-0.448765893792058,3813414.0
600498,20230112,13.38,13.47,13.29,13.42,0.1099999999999994,0.8264462809917328,3063398.0
600498,20230113,13.47,13.48,13.36,13.43,0.0099999999999997,0.0745156482861331,2353072.0
600498,20230116,13.43,13.59,13.4,13.49,0.0600000000000005,0.4467609828741725,4807104.0
600498,20230117,13.52,13.57,13.44,13.48,-0.0099999999999997,-0.0741289844329085,2642186.0
600498,20230118,13.5,13.65,13.46,13.58,0.0999999999999996,0.7418397626112627,4816170.0
600498,20230119,13.6,13.67,13.55,13.67,0.0899999999999998,0.6627393225331346,4181441.0
600498,20230120,13.68,13.97,13.66,13.91,0.2400000000000002,1.7556693489392927,6942856.0
600498,20230130,14.0,14.17,13.99,14.0,0.0899999999999998,0.6470165348670065,7304963.0
600498,20230131,14.06,14.06,13.94,14.05,0.0500000000000007,0.3571428571428559,3998980.0
600498,20230201,14.1,14.25,14.0,14.22,0.1699999999999999,1.2099644128113818,7036857.0
600498,20230202,14.26,14.38,14.17,14.23,0.0099999999999997,0.0703234880450098,8704981.0
600498,20230203,14.24,14.29,14.05,14.22,-0.0099999999999997,-0.070274068868581,6492769.0
600498,20230206,14.17,14.4,14.13,14.37,0.1499999999999985,1.0548523206751037,7751415.0
600498,20230207,14.37,14.77,14.29,14.57,0.200000000000001,1.391788448155884,10800242.0
600498,20230208,14.5,14.65,14.26,14.26,-0.3100000000000005,-2.127659574468088,8385913.0
600498,20230209,14.22,14.86,14.22,14.74,0.4800000000000004,3.366058906030855,12964782.0
600498,20230210,14.76,15.35,14.74,15.08,0.3399999999999998,2.3066485753052923,21998028.0
600498,20230213,15.16,15.45,15.05,15.24,0.1600000000000001,1.0610079575596787,15561019.0
600498,20230214,15.4,16.06,15.27,15.73,0.4900000000000002,3.2152230971128626,24845060.0
600498,20230215,15.9,16.73,15.81,16.7,0.9699999999999988,6.1665607120152455,41404073.0
600498,20230216,16.48,17.04,16.02,16.16,-0.5399999999999991,-3.233532934131733,42942626.0
600498,20230217,16.16,16.32,15.74,15.85,-0.3100000000000005,-1.9183168316831756,21325364.0
600498,20230220,15.79,16.16,15.72,16.1,0.2500000000000018,1.5772870662460692,16370552.0
600498,20230221,16.0,16.38,15.95,16.09,-0.0100000000000015,-0.0621118012422483,13361466.0
600498,20230222,15.87,16.17,15.86,16.1,0.0100000000000015,0.0621504039776343,9095330.0
600498,20230223,16.03,16.12,15.79,15.86,-0.240000000000002,-1.490683229813672,11181478.0
600498,20230224,15.92,16.25,15.84,16.05,0.1900000000000012,1.1979823455233296,9994122.0
600498,20230227,15.9,16.36,15.85,16.08,0.0299999999999975,0.1869158878504473,11119034.0
600498,20230228,16.35,16.96,16.32,16.68,0.6000000000000014,3.731343283582089,23140055.0
600498,20230301,16.68,17.24,16.6,17.15,0.4699999999999988,2.8177458033572966,25706406.0
600498,20230302,17.14,17.49,16.99,17.12,-0.0299999999999975,-0.1749271137026053,19180045.0
600498,20230303,17.01,17.28,16.9,17.07,-0.0500000000000007,-0.2920560747663558,16114898.0
600498,20230306,17.15,17.77,17.06,17.7,0.629999999999999,3.690685413005257,34409385.0
600498,20230307,17.54,17.7,16.8,16.82,-0.879999999999999,-4.97175141242937,24948291.0
600498,20230308,16.78,17.36,16.78,17.16,0.3399999999999998,2.021403091557672,14449081.0
600498,20230309,17.23,17.54,16.97,17.38,0.2199999999999988,1.2820512820512775,16143642.0
600498,20230310,17.25,17.34,16.9,16.95,-0.4299999999999997,-2.474108170310696,12162317.0
600498,20230313,16.95,17.54,16.82,17.41,0.4600000000000008,2.7138643067846635,22803814.0
600498,20230314,17.4,17.6,17.14,17.38,-0.0300000000000011,-0.1723147616312537,17335621.0
600498,20230315,17.38,17.52,17.01,17.08,-0.3000000000000007,-1.7261219792865434,12702501.0
600498,20230316,16.98,17.27,16.78,16.82,-0.259999999999998,-1.5222482435597096,13135614.0
600498,20230317,16.96,17.45,16.96,17.28,0.4600000000000008,2.734839476813322,17191400.0
600498,20230320,17.3,18.36,17.29,17.67,0.3900000000000005,2.256944444444442,29272614.0
600498,20230321,17.65,17.68,17.29,17.44,-0.2300000000000004,-1.3016411997736288,13372311.0
600498,20230322,17.5,18.22,17.35,18.18,0.7399999999999984,4.243119266055029,21580475.0
600498,20230323,18.15,20.0,17.91,19.88,1.6999999999999993,9.35093509350935,74752784.0
600498,20230324,19.83,20.26,19.14,19.8,-0.0799999999999983,-0.4024144869215207,63938387.0
600498,20230327,20.09,21.31,19.73,20.4,0.5999999999999979,3.0303030303030276,77203762.0
600498,20230328,20.18,20.6,19.6,19.83,-0.5700000000000003,-2.7941176470588247,42797531.0
600498,20230329,19.95,20.48,19.8,19.86,0.0300000000000011,0.1512859304084735,42942633.0
600498,20230330,19.5,19.9,18.37,19.22,-0.6400000000000006,-3.2225579053373643,53727853.0
600498,20230331,19.2,19.87,18.68,19.6,0.3800000000000025,1.9771071800208209,33483561.0
600498,20230403,19.99,20.38,19.48,20.1,0.5,2.5510204081632626,39452781.0
600498,20230404,19.99,20.9,19.8,20.28,0.1799999999999997,0.8955223880596996,58085488.0
600498,20230406,20.3,21.16,20.01,20.5,0.2199999999999988,1.0848126232741562,48755367.0
600498,20230407,20.5,20.96,20.27,20.53,0.0300000000000011,0.1463414634146342,28933360.0
600498,20230410,20.57,21.2,19.64,19.7,-0.8300000000000018,-4.042864101315158,47049804.0
600498,20230411,19.7,20.21,19.57,20.08,0.379999999999999,1.9289340101522832,28488467.0
600498,20230412,20.19,22.09,20.0,22.09,2.0100000000000016,10.009960159362551,58659980.0
600498,20230413,21.56,21.95,20.89,21.34,-0.75,-3.3952014486192894,68619950.0
600498,20230414,21.13,21.87,20.92,21.31,-0.0300000000000011,-0.1405810684161235,35669983.0
600498,20230417,20.95,20.95,20.3,20.7,-0.6099999999999994,-2.86250586579071,31523525.0
600498,20230418,20.68,21.26,20.23,21.19,0.490000000000002,2.3671497584541124,35444366.0
600498,20230419,20.92,21.5,20.6,20.95,-0.240000000000002,-1.1326097215667907,41299683.0
600498,20230420,21.25,21.78,21.12,21.6,0.6500000000000021,3.1026252983293645,43152014.0
600498,20230421,21.45,21.45,19.85,19.99,-1.610000000000003,-7.453703703703718,41583896.0
600498,20230424,20.5,21.99,20.5,21.99,2.0,10.005002501250626,70934667.0
600498,20230425,22.6,22.6,21.08,21.32,-0.6699999999999982,-3.0468394724874837,77751217.0
600498,20230426,21.23,21.4,19.19,19.81,-1.5100000000000016,-7.082551594746722,73563727.0
600498,20230427,19.05,19.95,18.8,19.15,-0.6600000000000001,-3.3316506814740077,44354680.0
600498,20230428,19.12,20.65,19.12,20.45,1.3000000000000007,6.78851174934727,41055680.0
600498,20230504,20.16,20.3,18.85,19.2,-1.25,-6.112469437652813,42026916.0
600498,20230505,19.25,19.25,18.39,18.52,-0.6799999999999997,-3.541666666666665,29424496.0
600498,20230508,18.54,19.55,18.41,19.35,0.8300000000000018,4.481641468682507,32219983.0
600498,20230509,19.34,19.68,19.0,19.1,-0.25,-1.2919896640826822,28098961.0
600498,20230510,19.12,19.35,18.46,18.57,-0.5300000000000011,-2.774869109947653,19343619.0
600498,20230511,18.66,18.79,18.21,18.25,-0.3200000000000003,-1.7232094776521325,16716386.0
600498,20230512,18.3,18.48,17.95,17.99,-0.2600000000000015,-1.4246575342465873,13882592.0
600498,20230515,18.0,18.18,17.35,18.02,0.0300000000000011,0.1667593107281817,19986212.0
600498,20230516,18.2,18.32,17.7,17.85,-0.1699999999999981,-0.943396226415083,12060883.0
600498,20230517,17.79,18.09,17.54,17.83,-0.0200000000000031,-0.1120448179271926,13478619.0
600498,20230518,17.85,18.68,17.83,18.58,0.75,4.2063937184520395,28003713.0
600498,20230519,18.31,18.62,18.08,18.19,-0.389999999999997,-2.0990312163616687,19080831.0
600498,20230522,18.3,18.31,17.82,17.93,-0.2600000000000015,-1.429356789444758,11527440.0
600498,20230523,17.83,17.97,17.5,17.52,-0.4100000000000001,-2.286670384829892,13706366.0
600498,20230524,17.45,17.99,17.4,17.66,0.1400000000000005,0.7990867579908745,14598672.0
600498,20230525,17.9,18.35,17.37,17.71,0.0500000000000007,0.2831257078142801,17649177.0
600498,20230526,17.69,18.5,17.63,18.37,0.6600000000000001,3.726708074534169,20680464.0
600498,20230529,18.5,19.33,18.41,18.88,0.509999999999998,2.77626565051714,26034577.0
600498,20230530,18.57,19.5,18.51,19.38,0.5,2.648305084745761,22523680.0
600498,20230531,19.22,19.59,19.11,19.55,0.1700000000000017,0.8771929824561431,16776872.0
600498,20230601,19.52,20.1,19.4,19.9,0.3499999999999978,1.7902813299232712,21607164.0
600498,20230602,20.0,20.31,19.9,19.96,0.0600000000000022,0.3015075376884502,24025467.0
600498,20230605,19.97,20.48,19.92,20.19,0.2300000000000004,1.1523046092184464,20318433.0
600498,20230606,20.14,20.3,19.55,19.69,-0.5,-2.4764735017335338,16813636.0
600498,20230607,19.73,20.21,19.5,19.91,0.2199999999999988,1.1173184357541777,13683599.0
600498,20230608,19.8,19.88,19.4,19.74,-0.1700000000000017,-0.8538422903063836,12299077.0
600498,20230609,19.79,20.65,19.75,20.59,0.8500000000000014,4.305977710233044,26923010.0
600498,20230612,21.01,21.86,20.74,21.44,0.8500000000000014,4.12821758135018,35811352.0
600498,20230613,21.4,22.25,21.36,21.91,0.4699999999999988,2.1921641791044832,33298997.0
600498,20230614,21.55,22.03,21.45,21.88,-0.0300000000000011,-0.1369237790963096,25615144.0
600498,20230615,21.91,22.17,21.44,21.5,-0.379999999999999,-1.7367458866544785,24632722.0
600498,20230616,21.5,22.0,21.16,21.71,0.2100000000000008,0.9767441860465188,21342483.0
600498,20230619,21.8,22.97,21.8,22.72,1.009999999999998,4.652233993551347,45424467.0
600498,20230620,22.52,22.52,21.55,21.9,-0.8200000000000003,-3.6091549295774623,36067354.0
600498,20230621,21.9,22.1,21.32,21.44,-0.4599999999999973,-2.100456621004554,23356211.0
600498,20230626,21.07,21.68,20.23,20.39,-1.0500000000000007,-4.897388059701491,31632859.0
600498,20230627,20.52,20.98,20.05,20.71,0.3200000000000003,1.5693967631191796,19532734.0
600498,20230628,20.76,20.77,19.5,20.0,-0.7100000000000009,-3.4282955094157463,22666360.0
600498,20230629,20.0,20.67,19.92,20.31,0.3099999999999987,1.5499999999999847,16049826.0
600498,20230630,20.12,20.66,19.9,20.37,0.0600000000000022,0.2954209748892378,19547896.0
600498,20230703,20.61,20.82,19.89,20.28,-0.0899999999999998,-0.4418262150220897,20204037.0
600498,20230704,20.1,20.53,20.1,20.24,-0.0400000000000027,-0.1972386587771324,12275294.0
600498,20230705,20.02,20.3,19.6,19.61,-0.629999999999999,-3.112648221343872,13676902.0
600498,20230706,19.62,20.2,19.5,19.81,0.1999999999999993,1.0198878123406363,14485968.0
600498,20230707,19.77,19.88,19.16,19.4,-0.4100000000000001,-2.0696617869762735,14313274.0
600498,20230710,19.44,19.55,18.92,19.06,-0.3399999999999998,-1.7525773195876335,12174222.0
600498,20230711,19.23,19.45,19.0,19.23,0.1700000000000017,0.891920251836309,9455236.0
600498,20230712,19.2,19.2,18.42,18.45,-0.7800000000000011,-4.056162246489869,14992044.0
600498,20230713,18.56,18.76,18.3,18.66,0.2100000000000008,1.1382113821138296,10252043.0
600498,20230714,18.66,19.36,18.6,19.1,0.4400000000000013,2.3579849946409492,15433469.0
600498,20230717,19.0,19.35,18.95,19.18,0.0799999999999983,0.4188481675392541,12405514.0
600498,20230718,19.24,19.4,18.9,18.95,-0.2300000000000004,-1.1991657977059478,10159155.0
600498,20230719,19.13,19.35,18.82,18.84,-0.1099999999999994,-0.5804749340369342,8787207.0
600498,20230720,18.84,18.93,18.26,18.3,-0.5399999999999991,-2.86624203821656,10645500.0
600498,20230721,18.31,18.39,17.94,18.12,-0.1799999999999997,-0.983606557377048,8702254.0
600498,20230724,18.06,18.49,17.92,18.17,0.0500000000000007,0.2759381898454816,6791217.0
600498,20230725,18.29,18.63,18.15,18.44,0.2699999999999996,1.485965877820572,8858350.0
600498,20230726,18.46,18.46,17.85,17.96,-0.4800000000000004,-2.6030368763557465,9250721.0
600498,20230727,17.97,18.13,17.63,17.66,-0.3000000000000007,-1.6703786191536785,10227474.0
600498,20230728,17.68,17.87,17.57,17.8,0.1400000000000005,0.7927519818799578,8902189.0
600498,20230731,17.8,17.95,17.61,17.71,-0.0899999999999998,-0.5056179775280945,13247732.0
600498,20230801,17.88,18.05,17.54,17.93,0.2199999999999988,1.2422360248447228,11219618.0
600498,20230802,17.87,17.99,17.78,17.85,-0.0799999999999983,-0.4461795872838681,8765174.0
600498,20230803,17.8,18.02,17.68,17.78,-0.0700000000000002,-0.3921568627450966,7793745.0
600498,20230804,17.78,18.48,17.77,18.47,0.6899999999999977,3.880764904386935,16958169.0
600498,20230807,18.5,18.76,18.21,18.32,-0.1499999999999985,-0.8121277747698885,15702953.0
600498,20230808,18.5,18.5,17.9,17.98,-0.3399999999999998,-1.855895196506552,11063734.0
600498,20230809,17.9,17.94,17.31,17.36,-0.620000000000001,-3.4482758620689724,15335755.0
600498,20230810,17.36,17.53,17.28,17.44,0.0800000000000018,0.4608294930875667,7657985.0
600498,20230811,17.48,17.65,17.22,17.22,-0.2200000000000024,-1.2614678899082743,9015072.0
600498,20230814,17.03,17.44,16.98,17.41,0.1900000000000012,1.1033681765389105,8356164.0
600498,20230815,17.45,17.85,17.29,17.53,0.120000000000001,0.6892590465249926,11447947.0
600498,20230816,17.48,17.48,16.84,16.94,-0.5899999999999999,-3.365658870507704,13678409.0
600498,20230817,16.9,17.16,16.79,17.1,0.1600000000000001,0.9445100354191328,6706530.0
600498,20230818,17.06,17.18,16.74,16.75,-0.3500000000000014,-2.046783625730997,6661936.0
600498,20230821,16.66,17.15,16.66,16.76,0.0100000000000015,0.0597014925373118,8255008.0
600498,20230822,16.96,17.3,16.7,17.22,0.4599999999999973,2.744630071599019,9472391.0
600498,20230823,17.07,17.15,16.78,16.78,-0.4399999999999977,-2.5551684088269355,7066510.0
600498,20230824,16.94,16.98,16.6,16.63,-0.1500000000000021,-0.8939213349225428,7151000.0
600498,20230825,16.5,16.56,16.06,16.16,-0.4699999999999988,-2.826217678893561,9008365.0
600498,20230828,16.96,17.28,16.7,16.74,0.5799999999999983,3.589108910891081,16107108.0
600498,20230829,16.65,17.04,16.55,16.88,0.1400000000000005,0.8363201911589124,13720814.0
600498,20230830,16.84,17.27,16.78,17.08,0.1999999999999993,1.1848341232227444,18852009.0
600498,20230831,16.99,18.52,16.9,17.78,0.7000000000000028,4.098360655737721,44926252.0
600498,20230901,17.61,17.88,17.16,17.88,0.0999999999999978,0.5624296962879471,24952086.0
600498,20230904,18.0,18.78,17.96,18.67,0.7900000000000027,4.418344519015682,47540554.0
600498,20230905,19.0,19.78,18.69,18.87,0.1999999999999993,1.0712372790573133,66313112.0
600498,20230906,18.6,19.36,18.16,19.31,0.4399999999999977,2.331743508214079,38077506.0
600498,20230907,19.18,19.18,18.5,18.54,-0.7699999999999996,-3.987571206628693,23374347.0
600498,20230908,18.4,19.6,18.1,19.26,0.7200000000000024,3.883495145631088,33139207.0
600498,20230911,19.18,19.91,19.06,19.6,0.3399999999999998,1.7653167185877503,34364073.0
600498,20230912,19.45,20.2,19.43,19.89,0.2899999999999991,1.479591836734695,32941935.0
600498,20230913,19.8,19.8,19.11,19.45,-0.4400000000000013,-2.2121669180492742,27816549.0
600498,20230914,19.5,19.64,19.15,19.27,-0.1799999999999997,-0.9254498714652892,17934396.0
600498,20230915,19.21,19.45,18.78,18.88,-0.3900000000000005,-2.0238713025428123,20566982.0
600498,20230918,18.86,19.1,18.75,18.86,-0.0199999999999995,-0.1059322033898246,15669082.0
600498,20230919,18.83,18.9,18.4,18.44,-0.4199999999999981,-2.2269353128313796,11195900.0
600498,20230920,18.3,19.06,18.3,18.55,0.1099999999999994,0.5965292841648484,12623100.0
600498,20230921,18.55,19.52,18.38,19.0,0.4499999999999993,2.425876010781658,22201222.0
600498,20230922,19.08,20.38,18.94,20.09,1.09,5.736842105263151,37609379.0
600498,20230925,19.9,20.03,19.71,19.92,-0.1699999999999981,-0.8461921353907331,18846508.0
600498,20230926,19.87,20.06,19.63,19.84,-0.0800000000000018,-0.4016064257028162,12749255.0
600498,20230927,19.6,19.7,19.0,19.26,-0.5799999999999983,-2.923387096774188,24432078.0
600498,20230928,19.35,19.71,19.06,19.55,0.2899999999999991,1.505711318795422,17036446.0
600498,20231009,19.61,20.36,19.37,19.7,0.1499999999999985,0.7672634271099765,21524636.0
600498,20231010,19.8,20.0,19.49,19.73,0.0300000000000011,0.1522842639593902,16761416.0
600498,20231011,19.69,20.16,19.56,20.08,0.3499999999999978,1.773948302078043,18760577.0
600498,20231012,20.11,20.14,19.55,19.63,-0.4499999999999993,-2.241035856573703,15682262.0
600498,20231013,19.45,20.1,19.32,19.85,0.2200000000000024,1.1207335710647026,14132487.0
600498,20231016,20.03,21.23,20.0,20.69,0.8399999999999999,4.231738035264487,34912123.0
600498,20231017,20.47,21.16,20.4,20.7,0.009999999999998,0.048332527791195,19949200.0
600498,20231018,21.7,22.5,20.94,21.35,0.6500000000000021,3.140096618357502,51801898.0
600498,20231019,21.37,21.37,19.85,20.2,-1.150000000000002,-5.386416861826704,38914987.0
600498,20231020,19.99,20.32,19.18,19.31,-0.8900000000000006,-4.40594059405941,25837451.0
600498,20231023,19.17,19.9,19.06,19.38,0.0700000000000002,0.3625064733298933,19510464.0
600498,20231024,19.26,19.35,18.63,19.03,-0.3499999999999978,-1.8059855521155743,18574946.0
600498,20231025,19.25,20.08,19.02,19.07,0.0399999999999991,0.2101944298475988,26685542.0
600498,20231026,18.98,19.58,18.75,18.82,-0.25,-1.3109596224436304,28600560.0
600498,20231027,18.68,18.88,18.37,18.78,-0.0399999999999991,-0.2125398512221044,20497842.0
600498,20231030,18.79,18.79,17.38,17.99,-0.7900000000000027,-4.2066027689031005,44757835.0
600498,20231031,17.79,18.26,17.72,17.97,-0.0199999999999995,-0.1111728738187878,18177677.0
600498,20231101,18.05,18.1,17.68,17.79,-0.1799999999999997,-1.001669449081799,14003523.0
600498,20231102,18.05,18.95,17.83,18.5,0.7100000000000009,3.991006183249013,34391222.0
600498,20231103,18.25,19.1,18.21,18.84,0.3399999999999998,1.8378378378378413,26978571.0
600498,20231106,18.97,19.42,18.84,19.27,0.4299999999999997,2.2823779193205995,22589914.0
600498,20231107,19.27,19.95,19.11,19.85,0.5800000000000018,3.00985988583291,22456039.0
600498,20231108,20.23,20.99,19.81,20.1,0.25,1.2594458438287104,29969224.0
600498,20231109,20.2,20.35,19.8,19.9,-0.2000000000000028,-0.9950248756219082,18911344.0
600498,20231110,19.7,19.99,19.57,19.72,-0.1799999999999997,-0.9045226130653284,17655651.0
600498,20231113,19.76,20.08,19.76,20.02,0.3000000000000007,1.5212981744421985,12353817.0
600498,20231114,20.03,20.29,19.92,20.03,0.0100000000000015,0.0499500499500538,12737300.0
600498,20231115,20.17,20.54,19.75,20.41,0.379999999999999,1.89715426859709,21915107.0
600498,20231116,20.11,20.85,19.91,20.41,0.0,0.0,20005572.0
600498,20231117,19.99,20.05,19.6,19.8,-0.6099999999999994,-2.988731014208723,25850293.0
600498,20231120,19.8,19.93,19.65,19.72,-0.0800000000000018,-0.4040404040404177,17921419.0
600498,20231121,19.71,19.8,19.33,19.35,-0.3699999999999974,-1.8762677484786885,13302005.0
600498,20231122,19.26,19.37,19.0,19.05,-0.3000000000000007,-1.5503875968992276,13149633.0
600498,20231123,18.99,19.11,18.74,19.04,-0.0100000000000015,-0.0524934383202224,15221069.0
600498,20231124,19.03,19.04,18.43,18.52,-0.5199999999999996,-2.7310924369747913,17146796.0
600498,20231127,18.5,18.6,18.12,18.42,-0.0999999999999978,-0.5399568034557101,14541697.0
600498,20231128,18.42,18.45,18.12,18.32,-0.1000000000000014,-0.5428881650380135,11215856.0
600498,20231129,18.23,18.26,17.88,18.0,-0.3200000000000003,-1.7467248908296984,18221120.0
600498,20231130,17.98,18.02,17.69,17.82,-0.1799999999999997,-1.0000000000000009,12301151.0
600498,20231201,17.79,18.31,17.71,18.27,0.4499999999999993,2.5252525252525304,15305659.0
600498,20231204,18.4,18.7,18.25,18.54,0.2699999999999996,1.477832512315258,22864980.0
600498,20231205,18.5,18.54,17.61,17.62,-0.9199999999999982,-4.962243797195242,20091948.0
600498,20231206,17.46,17.68,17.42,17.53,-0.0899999999999998,-0.5107832009080604,11503437.0
600498,20231207,17.5,17.95,17.42,17.85,0.3200000000000003,1.825442099258412,10120741.0
600498,20231208,17.87,18.54,17.87,18.32,0.4699999999999988,2.633053221288506,17882601.0
600498,20231211,18.23,18.34,17.87,18.29,-0.0300000000000011,-0.1637554585152911,16823721.0
600498,20231212,18.27,18.45,18.13,18.24,-0.0500000000000007,-0.2733734281027966,9162495.0
600498,20231213,18.12,18.27,17.98,18.0,-0.2399999999999984,-1.3157894736842035,7157607.0
600498,20231214,18.02,18.31,17.95,17.98,-0.0199999999999995,-0.1111111111111062,8944856.0
600498,20231215,18.01,18.05,17.57,17.57,-0.4100000000000001,-2.280311457174644,11733431.0
600498,20231218,17.53,17.57,17.1,17.22,-0.3500000000000014,-1.9920318725099695,13294353.0
600498,20231219,17.21,17.27,17.07,17.22,0.0,0.0,6439727.0
600498,20231220,17.23,17.26,16.51,16.57,-0.6499999999999986,-3.774680603948888,14028252.0
600498,20231221,16.5,16.95,16.36,16.54,-0.0300000000000011,-0.1810500905250478,12800962.0
600498,20231222,16.6,16.63,16.23,16.29,-0.25,-1.5114873035066534,11286458.0
600498,20231225,16.33,16.49,16.2,16.4,0.1099999999999994,0.6752608962553586,7193870.0
600498,20231226,16.35,16.44,15.92,16.01,-0.389999999999997,-2.378048780487785,8622720.0
600498,20231227,16.01,16.17,15.9,16.11,0.0999999999999978,0.6246096189881145,8928900.0
600498,20231228,16.14,16.55,15.98,16.47,0.3599999999999994,2.2346368715083775,13113742.0
600498,20231229,16.45,16.7,16.36,16.64,0.1700000000000017,1.0321797207043293,12684570.0
600498,20240102,16.7,16.74,16.43,16.43,-0.2100000000000008,-1.2620192307692402,8558108.0
600498,20240103,16.4,16.4,15.88,15.89,-0.5399999999999991,-3.2866707242848348,16739791.0
600498,20240104,15.89,16.1,15.82,15.91,0.0199999999999995,0.1258653241032137,11415546.0
600498,20240105,15.96,16.01,15.58,15.65,-0.2599999999999998,-1.6341923318667462,11226197.0
600498,20240108,15.65,15.65,15.19,15.2,-0.450000000000001,-2.8753993610223683,9234153.0
600498,20240109,15.28,15.45,14.97,15.1,-0.0999999999999996,-0.6578947368421018,10055539.0
600498,20240110,15.05,15.07,14.81,14.86,-0.2400000000000002,-1.5894039735099397,7627154.0
600498,20240111,14.82,15.32,14.82,15.17,0.3100000000000005,2.0861372812920553,9669222.0
600498,20240112,15.11,15.24,14.8,14.85,-0.3200000000000003,-2.109426499670408,9786727.0
600498,20240115,14.77,14.92,14.6,14.8,-0.0499999999999989,-0.336700336700324,8992842.0
600498,20240116,14.74,14.83,14.47,14.73,-0.0700000000000002,-0.4729729729729737,9197135.0
600498,20240117,14.67,14.83,14.33,14.33,-0.4000000000000003,-2.715546503733879,7096180.0
600498,20240118,14.3,14.49,13.96,14.48,0.1500000000000003,1.046755059316129,12631313.0
600498,20240119,14.48,14.63,14.31,14.33,-0.1500000000000003,-1.035911602209949,8157352.0
600498,20240122,14.52,14.98,13.45,13.54,-0.7900000000000009,-5.512909979064906,15462217.0
600498,20240123,13.64,14.05,13.5,13.93,0.3900000000000005,2.88035450516988,13843830.0
600498,20240124,14.1,14.15,13.55,14.13,0.200000000000001,1.4357501794687757,11513385.0
600498,20240125,14.16,14.93,14.01,14.91,0.7799999999999994,5.520169851380041,16422229.0
600498,20240126,14.94,15.0,14.63,14.69,-0.2200000000000006,-1.4755197853789426,11976781.0
600498,20240129,14.69,14.79,14.27,14.34,-0.3499999999999996,-2.3825731790333537,11469965.0
600498,20240130,14.15,14.57,13.92,13.95,-0.3900000000000005,-2.7196652719665315,11249599.0
600498,20240131,13.73,14.07,13.25,13.34,-0.6099999999999994,-4.372759856630825,16320316.0
600498,20240201,13.2,13.74,13.11,13.3,-0.0399999999999991,-0.2998500749625155,11683612.0
600498,20240202,13.34,13.62,12.41,12.89,-0.4100000000000001,-3.082706766917298,17696843.0
600498,20240205,12.76,12.88,11.88,12.41,-0.4800000000000004,-3.723816912335143,20809009.0
600498,20240206,12.32,13.36,12.17,13.28,0.8699999999999992,7.010475423045914,19919160.0
600498,20240207,13.29,14.23,13.19,14.2,0.92,6.927710843373491,26990415.0
600498,20240208,14.42,15.29,14.42,14.73,0.5300000000000011,3.732394366197189,25144470.0
600498,20240219,15.16,15.38,14.9,15.34,0.6099999999999994,4.141208418194164,25619274.0
600498,20240220,15.13,15.19,14.76,14.96,-0.379999999999999,-2.4771838331160256,17908069.0
600498,20240221,14.8,15.22,14.69,14.84,-0.120000000000001,-0.8021390374331583,16433858.0
600498,20240222,15.29,15.66,15.2,15.57,0.7300000000000004,4.919137466307277,29100123.0
600498,20240223,15.96,15.98,15.6,15.93,0.3599999999999994,2.3121387283236983,31075333.0
600498,20240226,16.2,16.55,16.01,16.33,0.3999999999999986,2.5109855618330013,38452589.0
600498,20240227,16.11,17.96,16.06,17.96,1.6300000000000026,9.981628903857942,60880042.0
600498,20240228,18.13,18.47,17.03,17.03,-0.9299999999999996,-5.178173719376389,69247719.0
600498,20240229,16.96,18.16,16.93,18.04,1.009999999999998,5.93071051086318,55330801.0
600498,20240301,17.89,18.66,17.75,18.48,0.4400000000000013,2.4390243902439046,58653099.0
600498,20240304,18.92,19.5,18.44,19.48,1.0,5.4112554112554,70280608.0
600498,20240305,19.13,19.48,18.46,18.66,-0.8200000000000003,-4.20944558521561,61877748.0
600498,20240306,18.46,18.96,18.39,18.64,-0.0199999999999995,-0.1071811361200381,39217069.0
600498,20240307,18.58,18.72,17.96,18.03,-0.6099999999999994,-3.272532188841204,38449635.0
600498,20240308,18.08,19.21,17.9,19.13,1.099999999999998,6.100942872989457,49785855.0
600498,20240311,18.85,19.28,18.71,19.11,-0.0199999999999995,-0.1045478306325176,38849386.0
600498,20240312,19.07,19.23,18.6,18.67,-0.4399999999999977,-2.3024594453165736,30101711.0
600498,20240313,18.96,19.02,18.5,18.58,-0.0900000000000034,-0.482056775575812,24395405.0
600498,20240314,18.2,18.71,18.1,18.4,-0.1799999999999997,-0.9687836383207692,25393743.0
600498,20240315,18.29,18.51,18.02,18.5,0.1000000000000014,0.5434782608695787,25799955.0
600498,20240318,18.72,20.35,18.7,20.35,1.8500000000000016,10.000000000000009,62381889.0
600498,20240319,21.38,21.38,20.0,20.59,0.2399999999999984,1.1793611793611714,106634772.0
600498,20240320,20.66,20.88,19.67,19.99,-0.6000000000000014,-2.9140359397765936,72001249.0
600498,20240321,19.7,19.95,19.23,19.33,-0.6600000000000001,-3.3016508254127053,57010689.0
600498,20240322,19.3,19.41,18.52,18.64,-0.6899999999999977,-3.569580962234853,46740749.0
600498,20240325,18.8,19.06,18.35,18.38,-0.2600000000000015,-1.3948497854077369,41448651.0
600498,20240326,18.0,18.49,17.52,17.57,-0.8099999999999987,-4.406964091403697,45214980.0
600498,20240327,17.7,17.81,16.85,16.87,-0.6999999999999993,-3.984063745019917,32169930.0
600498,20240328,16.84,18.02,16.81,17.84,0.9699999999999988,5.749851807943096,40836191.0
600498,20240329,17.76,17.99,17.3,17.93,0.0899999999999998,0.5044843049327286,25624756.0
600498,20240401,18.05,18.52,18.01,18.19,0.2600000000000015,1.4500836586726296,28472632.0
600498,20240402,18.01,18.14,17.56,17.71,-0.4800000000000004,-2.638812534359536,22981131.0
600498,20240403,17.55,17.67,17.11,17.23,-0.4800000000000004,-2.710333145115751,17553595.0
600498,20240408,17.22,17.3,16.9,16.95,-0.2800000000000011,-1.625072547881612,16952091.0
600498,20240409,16.9,17.05,16.58,16.75,-0.1999999999999993,-1.179941002949847,17341527.0
600498,20240410,16.71,16.72,16.15,16.31,-0.4400000000000013,-2.626865671641798,16841893.0
600498,20240411,16.15,16.62,16.15,16.34,0.0300000000000011,0.1839362354383977,16042529.0
600498,20240412,16.51,17.58,16.5,16.84,0.5,3.0599755201958345,34769052.0
600498,20240415,16.7,17.34,16.7,17.0,0.1600000000000001,0.9501187648456088,31911971.0
600498,20240416,16.85,17.25,16.31,16.37,-0.629999999999999,-3.70588235294117,28526570.0
600498,20240417,16.68,17.11,16.6,17.08,0.7099999999999973,4.337202199144752,25920216.0
600498,20240418,16.99,18.0,16.67,17.44,0.360000000000003,2.1077283372365585,41471783.0
600498,20240419,17.3,17.42,16.67,16.83,-0.610000000000003,-3.497706422018365,28795744.0
600498,20240422,16.3,16.5,15.57,16.23,-0.5999999999999979,-3.5650623885917887,28976007.0
600498,20240423,16.43,16.68,15.96,16.05,-0.1799999999999997,-1.1090573012939031,17173770.0
600498,20240424,16.15,16.65,16.13,16.63,0.5799999999999983,3.613707165109026,22605300.0
600498,20240425,16.55,16.55,16.26,16.34,-0.2899999999999991,-1.743836440168367,15232410.0
600498,20240426,16.46,17.5,16.46,17.44,1.1000000000000014,6.731946144430845,42891302.0
600498,20240429,17.6,18.38,17.59,18.2,0.759999999999998,4.357798165137594,41058391.0
600498,20240430,18.19,18.19,17.52,17.68,-0.5199999999999996,-2.857142857142858,26720939.0
600498,20240506,17.93,18.02,17.39,17.53,-0.1499999999999985,-0.8484162895927572,32179919.0
600498,20240507,17.57,17.72,17.28,17.51,-0.0199999999999995,-0.1140901312036479,20252164.0
600498,20240508,17.43,17.79,17.26,17.45,-0.0600000000000022,-0.3426613363792241,23071386.0
600498,20240509,17.37,17.57,17.31,17.52,0.0700000000000002,0.4011461318051523,17356419.0
600498,20240510,17.48,17.48,16.9,17.02,-0.5,-2.853881278538817,19808915.0
600498,20240513,17.01,17.03,16.62,16.68,-0.3399999999999998,-1.99764982373678,21524079.0
600498,20240514,16.68,16.97,16.43,16.67,-0.009999999999998,-0.059952038369293,17797749.0
600498,20240515,16.67,16.8,16.45,16.5,-0.1700000000000017,-1.0197960407918538,12150599.0
600498,20240516,16.62,17.0,16.62,16.7,0.1999999999999993,1.2121212121211975,21869482.0
600498,20240517,16.71,16.92,16.62,16.86,0.1600000000000001,0.9580838323353325,13674512.0
600498,20240520,16.89,17.27,16.71,17.23,0.370000000000001,2.1945432977461543,23138042.0
600498,20240521,17.17,17.17,16.87,16.9,-0.3300000000000018,-1.915264074289036,14932250.0
600498,20240522,16.93,16.99,16.65,16.7,-0.1999999999999993,-1.1834319526627168,15180533.0
600498,20240523,16.76,16.85,16.35,16.45,-0.25,-1.4970059880239472,16756150.0
600498,20240524,16.45,17.54,16.3,16.8,0.3500000000000014,2.1276595744680993,44681050.0
600498,20240527,16.46,16.63,15.93,16.47,-0.3300000000000018,-1.9642857142857295,32234929.0
600498,20240528,16.3,16.48,16.05,16.09,-0.379999999999999,-2.3072252580449204,15748350.0
600498,20240529,16.1,16.26,15.98,16.04,-0.0500000000000007,-0.3107520198881386,10670050.0
600498,20240530,16.01,16.2,15.75,16.09,0.0500000000000007,0.3117206982543585,10372951.0
600498,20240531,16.18,16.46,16.09,16.09,0.0,0.0,13398425.0
600498,20240603,16.13,16.34,16.0,16.16,0.0700000000000002,0.435052827843374,13757440.0
600498,20240604,16.11,16.23,15.93,16.2,0.0399999999999991,0.2475247524752477,13974207.0
600498,20240605,16.19,16.28,15.91,15.94,-0.2599999999999998,-1.6049382716049387,13286840.0
600498,20240606,16.03,16.14,15.6,15.64,-0.2999999999999989,-1.882057716436636,17774505.0
600498,20240607,15.79,15.83,15.3,15.5,-0.1400000000000005,-0.8951406649616356,14278360.0
600498,20240611,15.44,15.74,15.34,15.69,0.1899999999999995,1.2258064516128986,9748053.0
600498,20240612,15.69,15.95,15.64,15.89,0.200000000000001,1.2746972594009032,9620254.0
600498,20240613,15.89,16.08,15.79,15.89,0.0,0.0,10116300.0
600498,20240614,15.86,16.32,15.75,16.25,0.3599999999999994,2.265575833857758,22706324.0
600498,20240617,16.16,16.32,16.1,16.22,-0.0300000000000011,-0.1846153846153941,12269300.0
600498,20240618,16.23,16.55,16.23,16.4,0.1799999999999997,1.1097410604192337,17415145.0
600498,20240619,16.39,16.53,16.23,16.25,-0.1499999999999985,-0.9146341463414532,12248067.0
600498,20240620,16.21,16.24,15.81,15.84,-0.4100000000000001,-2.523076923076928,15284650.0
600498,20240621,15.78,16.12,15.58,15.96,0.120000000000001,0.7575757575757569,11511256.0
600498,20240624,15.86,15.97,15.39,15.43,-0.5300000000000011,-3.3208020050125353,13134053.0
600498,20240625,15.43,15.47,14.89,14.99,-0.4399999999999995,-2.8515878159429686,15216600.0
600498,20240626,15.08,15.54,14.92,15.51,0.5199999999999996,3.4689793195463503,12440407.0
600498,20240627,15.49,15.56,15.25,15.27,-0.2400000000000002,-1.5473887814313358,8507550.0
600498,20240628,15.25,16.1,15.2,15.9,0.6300000000000008,4.125736738703356,22587300.0
600498,20240701,15.88,16.13,15.81,16.06,0.1599999999999983,1.0062893081761004,12010716.0
600498,20240702,16.02,16.11,15.86,15.93,-0.129999999999999,-0.8094645080946372,8076238.0
600498,20240703,15.89,15.98,15.73,15.73,-0.1999999999999993,-1.2554927809165006,7361842.0
600498,20240704,15.76,15.91,15.43,15.44,-0.2900000000000009,-1.8436109345200349,8255644.0
600498,20240705,15.38,15.49,15.16,15.36,-0.08,-0.5181347150259086,8250172.0
600498,20240708,15.26,15.35,14.98,15.04,-0.3200000000000003,-2.083333333333337,8623355.0
600498,20240709,14.97,16.0,14.93,15.96,0.9200000000000016,6.117021276595747,19566314.0
600498,20240710,15.89,16.05,15.75,15.85,-0.1100000000000012,-0.6892230576441172,12232249.0
600498,20240711,16.08,16.15,15.77,15.98,0.1300000000000007,0.8201892744479578,15422960.0
600498,20240712,15.82,15.84,15.66,15.72,-0.2599999999999998,-1.6270337922402955,8465512.0
600498,20240715,15.73,15.73,15.38,15.42,-0.3000000000000007,-1.9083969465648944,8665000.0
600498,20240716,15.42,15.82,15.3,15.73,0.3100000000000005,2.0103761348897464,10271300.0
600498,20240717,15.66,15.85,15.41,15.41,-0.3200000000000003,-2.0343293070565815,9852200.0
600498,20240718,15.31,15.36,14.9,15.22,-0.1899999999999995,-1.2329656067488592,12578700.0
600498,20240719,15.15,15.45,15.07,15.28,0.0599999999999987,0.3942181340341522,10229450.0
600498,20240722,15.24,15.49,15.1,15.36,0.08,0.5235602094240788,10968100.0
600498,20240723,15.38,15.4,15.0,15.01,-0.3499999999999996,-2.278645833333326,9531336.0
600498,20240724,15.0,15.42,14.97,15.11,0.0999999999999996,0.6662225183211135,13767500.0
600498,20240725,15.0,15.07,14.71,14.75,-0.3599999999999994,-2.382528127068162,13920353.0
600498,20240726,14.82,15.13,14.72,15.03,0.2799999999999993,1.898305084745755,9721835.0
600498,20240729,15.0,15.34,14.93,15.21,0.1800000000000015,1.1976047904191711,8949763.0
600498,20240730,15.14,15.35,15.02,15.19,-0.0200000000000013,-0.1314924391847549,7399728.0
600498,20240731,15.15,15.66,15.15,15.64,0.450000000000001,2.9624753127057257,14507733.0
600498,20240801,15.69,15.88,15.6,15.62,-0.0200000000000013,-0.1278772378516701,12087739.0
600498,20240802,15.52,15.63,15.16,15.18,-0.4399999999999995,-2.8169014084507005,12411900.0
600498,20240805,15.03,15.15,14.6,14.62,-0.5600000000000005,-3.689064558629784,18379200.0
600498,20240806,14.8,14.85,14.45,14.59,-0.0299999999999993,-0.2051983584131278,12433650.0
600498,20240807,14.72,15.18,14.7,14.92,0.33,2.261823166552434,18114090.0
600498,20240808,15.1,15.47,14.71,14.79,-0.1300000000000007,-0.8713136729222581,14330569.0
600498,20240809,14.85,14.93,14.62,14.62,-0.1699999999999999,-1.1494252873563204,9733299.0
600498,20240812,14.55,14.63,14.36,14.44,-0.1799999999999997,-1.2311901504787892,7025777.0
600498,20240813,14.44,14.58,14.41,14.58,0.1400000000000005,0.969529085872578,5214200.0
600498,20240814,14.6,14.65,14.43,14.43,-0.1500000000000003,-1.0288065843621408,4492000.0
600498,20240815,14.37,14.66,14.31,14.47,0.0400000000000009,0.2772002772002846,7834250.0
600498,20240816,14.56,14.61,14.43,14.46,-0.0099999999999997,-0.0691085003455382,5340118.0
600498,20240819,14.45,14.73,14.38,14.61,0.1499999999999985,1.0373443983402453,8374278.0
600498,20240820,14.58,14.63,14.32,14.37,-0.2400000000000002,-1.642710472279263,7379839.0
600498,20240821,14.32,14.46,14.27,14.3,-0.0699999999999985,-0.4871259568545505,5414800.0
600498,20240822,14.3,14.34,14.01,14.01,-0.2900000000000009,-2.027972027972036,7229710.0
600498,20240823,14.02,14.46,14.0,14.38,0.370000000000001,2.640970735189163,9121000.0
600498,20240826,14.47,14.59,14.35,14.47,0.0899999999999998,0.6258692628650975,8760141.0
600498,20240827,14.45,14.46,14.04,14.17,-0.3000000000000007,-2.0732550103662817,8839300.0
600498,20240828,14.17,14.24,14.0,14.05,-0.1199999999999992,-0.8468595624558817,7549200.0
600498,20240829,14.0,14.24,13.86,14.15,0.0999999999999996,0.7117437722419906,10490100.0
600498,20240830,14.13,14.67,14.08,14.45,0.2999999999999989,2.1201413427561766,14630100.0
600498,20240902,14.47,14.52,14.04,14.05,-0.3999999999999986,-2.768166089965385,10704500.0
600498,20240903,14.06,14.18,13.98,14.17,0.1199999999999992,0.8540925266903754,8857433.0
600498,20240904,14.05,14.3,14.0,14.25,0.08,0.5645730416372619,8577300.0
600498,20240905,14.24,14.45,14.23,14.32,0.0700000000000002,0.4912280701754312,6801259.0
600498,20240906,14.27,14.41,14.0,14.0,-0.3200000000000003,-2.2346368715083775,7691750.0
600498,20240909,13.92,14.0,13.61,13.74,-0.2599999999999998,-1.8571428571428572,11792679.0
600498,20240910,13.77,14.17,13.58,14.1,0.3599999999999994,2.6200873362445476,11330749.0
600498,20240911,14.0,14.14,13.98,14.08,-0.0199999999999995,-0.1418439716312058,6238750.0
600498,20240912,14.17,14.25,14.01,14.03,-0.0500000000000007,-0.3551136363636464,5406324.0
600498,20240913,14.0,14.14,13.98,13.99,-0.0399999999999991,-0.2851033499643551,5033400.0
600498,20240918,13.99,14.04,13.71,14.01,0.0199999999999995,0.142959256611852,5497856.0
600498,20240919,14.1,14.55,13.88,14.3,0.2900000000000009,2.0699500356887945,15878194.0
600498,20240920,14.25,14.47,14.18,14.38,0.08,0.5594405594405494,14198870.0
600498,20240923,14.65,14.92,14.46,14.78,0.3999999999999986,2.7816411682892728,24813600.0
600498,20240924,14.71,14.94,14.42,14.88,0.1000000000000014,0.6765899864682012,26344919.0
600498,20240925,14.92,15.23,14.81,14.83,-0.0500000000000007,-0.3360215053763493,24469580.0
600498,20240926,14.79,15.22,14.75,15.22,0.3900000000000005,2.6298044504383,18889574.0
600498,20240927,15.45,15.83,15.33,15.75,0.5299999999999994,3.4822601839684664,20376673.0
600498,20240930,16.48,17.23,16.32,17.16,1.41,8.952380952380956,52517992.0
600498,20241008,18.88,18.88,17.35,18.51,1.3500000000000014,7.8671328671328755,64951571.0
600498,20241009,18.3,18.3,17.0,17.11,-1.400000000000002,-7.563479200432211,47692568.0
600498,20241010,17.37,17.71,16.75,17.02,-0.0899999999999998,-0.5260081823495022,33147097.0
600498,20241011,16.99,17.08,16.1,16.31,-0.7100000000000009,-4.171562867215051,23480493.0
600498,20241014,16.32,16.72,16.03,16.72,0.4100000000000001,2.513795217657888,24284666.0
600498,20241015,16.62,16.95,16.33,16.33,-0.3900000000000005,-2.332535885167464,21565134.0
600498,20241016,16.1,16.4,16.05,16.16,-0.1699999999999981,-1.0410287813839458,15144453.0
600498,20241017,16.3,16.79,16.23,16.38,0.2199999999999988,1.3613861386138515,24911616.0
600498,20241018,16.39,17.27,16.39,17.0,0.620000000000001,3.785103785103794,37876942.0
600498,20241021,17.19,17.49,16.97,17.31,0.3099999999999987,1.8235294117646903,35835200.0
600498,20241022,17.41,17.53,17.11,17.24,-0.0700000000000002,-0.4043905257076874,25922441.0
600498,20241023,17.12,17.67,17.11,17.46,0.2200000000000024,1.2761020881670635,30380756.0
600498,20241024,17.67,18.68,17.57,18.32,0.8599999999999994,4.9255441008018375,87691511.0
600498,20241025,18.32,18.33,17.77,18.16,-0.1600000000000001,-0.8733624454148492,52132053.0
600498,20241028,18.16,18.6,17.76,18.24,0.0799999999999983,0.4405286343612147,49258331.0
600498,20241029,18.11,18.75,17.99,18.53,0.2900000000000027,1.5899122807017774,53436637.0
600498,20241030,18.4,19.41,18.29,19.19,0.6600000000000001,3.5617916891527157,61840412.0
600498,20241031,19.33,20.23,19.12,19.17,-0.0199999999999995,-0.1042209484106271,80938307.0
600498,20241101,18.8,18.95,18.19,18.34,-0.8300000000000018,-4.329681794470542,54569497.0
600498,20241104,18.18,19.18,18.18,18.76,0.4200000000000017,2.2900763358778775,37080362.0
600498,20241105,18.88,19.32,18.67,19.21,0.4499999999999993,2.398720682302758,41151947.0
600498,20241106,19.22,19.36,18.92,19.06,-0.1500000000000021,-0.7808433107756474,43036687.0
600498,20241107,18.8,19.19,18.72,19.06,0.0,0.0,33752975.0
600498,20241108,19.2,19.9,19.15,19.61,0.5500000000000007,2.8856243441762963,64166702.0
600498,20241111,19.77,21.43,19.6,20.9,1.2899999999999991,6.5782763895971375,88456990.0
600498,20241112,20.91,20.95,19.98,20.21,-0.6899999999999977,-3.3014354066985496,52753941.0
600498,20241113,19.88,20.38,19.78,20.01,-0.1999999999999993,-0.9896091044037548,31170304.0
600498,20241114,20.06,20.06,19.24,19.28,-0.7300000000000004,-3.6481759120439823,29653835.0
600498,20241115,19.2,19.49,18.76,18.78,-0.5,-2.5933609958506243,30757559.0
600498,20241118,18.79,18.96,18.13,18.36,-0.4200000000000017,-2.2364217252396235,27331753.0
600498,20241119,18.16,18.58,17.98,18.51,0.1500000000000021,0.8169934640523069,29461208.0
600498,20241120,18.52,18.93,18.45,18.9,0.389999999999997,2.1069692058346634,24899084.0
600498,20241121,18.98,18.98,18.58,18.77,-0.129999999999999,-0.6878306878306817,22602099.0
600498,20241122,18.77,18.85,17.96,17.98,-0.7899999999999991,-4.208843899840165,23197371.0
600498,20241125,18.04,18.16,17.31,17.58,-0.4000000000000021,-2.2246941045606317,23037172.0
600498,20241126,17.7,18.14,17.6,17.7,0.120000000000001,0.6825938566553003,17561070.0
600498,20241127,17.54,18.19,17.33,18.18,0.4800000000000004,2.7118644067796627,20440674.0
600498,20241128,18.18,18.29,17.9,17.93,-0.25,-1.3751375137513788,16321875.0
600498,20241129,17.92,18.4,17.82,18.23,0.3000000000000007,1.6731734523145692,18763800.0
600498,20241202,18.38,18.54,18.0,18.53,0.3000000000000007,1.645639056500281,19736915.0
600498,20241203,18.78,18.92,18.32,18.59,0.0599999999999987,0.3237992444684145,21488882.0
600498,20241204,18.62,18.7,18.15,18.23,-0.3599999999999994,-1.9365250134480871,15966766.0
600498,20241205,18.19,18.44,18.11,18.29,0.0599999999999987,0.3291278113000562,11828240.0
600498,20241206,18.32,18.55,18.16,18.39,0.1000000000000014,0.5467468562055933,17248849.0
600498,20241209,18.38,18.44,18.01,18.18,-0.2100000000000008,-1.141924959216967,13751060.0
600498,20241210,18.69,18.76,18.21,18.28,0.1000000000000014,0.5500550055005604,19262599.0
600498,20241211,18.23,18.59,18.23,18.57,0.2899999999999991,1.5864332603938711,16690690.0
600498,20241212,18.6,18.83,18.4,18.67,0.1000000000000014,0.5385029617662962,17234749.0
600498,20241213,18.54,18.62,18.18,18.23,-0.4400000000000013,-2.3567220139260936,20081573.0
600498,20241216,18.18,18.61,18.14,18.26,0.0300000000000011,0.1645639056500281,15669741.0
600498,20241217,18.2,19.0,18.2,18.32,0.0599999999999987,0.3285870755750153,36869034.0
600498,20241218,18.22,19.0,18.01,18.71,0.3900000000000005,2.128820960698685,38047452.0
600498,20241219,18.5,20.04,18.44,19.89,1.1799999999999995,6.306787814003201,83709059.0
600498,20241220,19.5,19.82,19.19,19.55,-0.3399999999999998,-1.709401709401703,53541436.0
600498,20241223,19.5,19.85,19.01,19.02,-0.5300000000000011,-2.710997442455254,39636955.0
600498,20241224,19.08,19.36,18.74,19.08,0.0599999999999987,0.3154574132492094,34875915.0
600498,20241225,19.3,19.74,19.02,19.2,0.120000000000001,0.6289308176100628,41002745.0
600498,20241226,19.09,20.2,18.81,20.05,0.8500000000000014,4.427083333333348,73471486.0
600498,20241227,20.0,20.0,19.45,19.51,-0.5399999999999991,-2.6932668329177067,50410938.0
600498,20241230,19.54,19.96,19.27,19.86,0.3499999999999978,1.7939518195796866,51780100.0
600498,20241231,19.91,19.99,19.38,19.46,-0.3999999999999986,-2.0140986908358416,38086466.0
600498,20250102,19.24,19.26,17.85,18.05,-1.41,-7.245632065775953,49399438.0
600498,20250103,18.09,18.13,17.18,17.25,-0.8000000000000007,-4.432132963988922,31060292.0
600498,20250106,17.07,17.65,17.06,17.21,-0.0399999999999991,-0.2318840579710102,19412364.0
600498,20250107,17.28,18.58,17.21,18.41,1.1999999999999993,6.9726902963393345,39621038.0
600498,20250108,18.38,18.59,17.81,18.42,0.0100000000000015,0.0543183052688744,33258000.0
600498,20250109,18.29,19.04,18.23,18.75,0.3299999999999983,1.791530944625408,33902401.0
600498,20250110,18.63,18.92,18.18,18.18,-0.5700000000000003,-3.0399999999999983,27719190.0
600498,20250113,17.91,18.22,17.7,17.89,-0.2899999999999991,-1.595159515951594,18189940.0
600498,20250114,17.95,19.16,17.73,19.12,1.2300000000000004,6.875349357182792,38863772.0
600498,20250115,19.06,19.33,19.01,19.07,-0.0500000000000007,-0.2615062761506359,21835842.0
600498,20250116,19.18,19.37,18.78,19.07,0.0,0.0,27886743.0
600498,20250117,18.91,19.32,18.88,19.19,0.120000000000001,0.6292606187729533,23746420.0
600498,20250120,19.29,19.4,19.12,19.2,0.009999999999998,0.0521104742053024,19841634.0
600498,20250121,19.38,19.58,19.2,19.42,0.2200000000000024,1.145833333333357,23917688.0
600498,20250122,19.35,19.55,19.24,19.35,-0.0700000000000002,-0.3604531410916545,21068696.0
600498,20250123,19.55,19.95,19.15,19.16,-0.1900000000000012,-0.9819121447028456,29331965.0
600498,20250124,19.0,20.0,19.0,20.0,0.8399999999999999,4.384133611691032,52462083.0
600498,20250127,19.81,19.89,18.9,18.9,-1.1000000000000014,-5.500000000000005,37345360.0
600498,20250205,19.31,19.57,19.06,19.37,0.4700000000000024,2.4867724867724927,31496139.0
600498,20250206,19.25,20.05,19.12,19.94,0.5700000000000003,2.9426948890036053,36082112.0
600498,20250207,19.94,20.78,19.82,20.44,0.5,2.507522567703102,53275646.0
600498,20250210,21.4,21.8,20.95,21.08,0.639999999999997,3.131115459882561,67993299.0
600498,20250211,21.48,22.22,21.16,21.39,0.3100000000000023,1.4705882352941346,76774249.0
600498,20250212,21.1,21.96,21.1,21.67,0.2800000000000011,1.309022907900892,60892028.0
600498,20250213,21.61,23.84,21.15,22.97,1.2999999999999972,5.9990770650669045,121972825.0
600498,20250214,22.8,25.27,22.73,25.27,2.3000000000000007,10.013060513713532,130045195.0
600498,20250217,26.71,27.59,24.63,24.94,-0.3299999999999983,-1.3058963197467244,193822539.0
600498,20250218,24.5,25.95,24.5,25.39,0.4499999999999993,1.8043303929430543,128827592.0
600498,20250219,24.91,27.93,24.2,27.93,2.539999999999999,10.00393855848758,101925644.0
600498,20250220,28.46,29.33,27.2,27.49,-0.4400000000000013,-1.5753669889008282,177816099.0
600498,20250221,27.58,29.23,27.0,28.66,1.1700000000000017,4.256093124772642,150812992.0
600498,20250224,29.2,29.2,27.61,27.97,-0.6900000000000013,-2.4075366364270767,110113098.0
600498,20250225,26.34,27.0,25.95,26.1,-1.8699999999999977,-6.685734715766889,105827860.0
600498,20250226,26.34,26.4,25.21,25.76,-0.3399999999999998,-1.3026819923371624,94111604.0
600498,20250227,25.7,25.92,24.63,25.33,-0.4300000000000032,-1.669254658385111,82389976.0
600498,20250228,25.03,25.75,24.34,24.5,-0.8299999999999983,-3.2767469403868876,65734355.0
600498,20250303,24.8,24.87,23.58,24.06,-0.4400000000000013,-1.7959183673469492,56273919.0
600498,20250304,23.58,24.22,23.56,24.05,-0.009999999999998,-0.0415627597672441,37723400.0
600498,20250305,24.39,24.95,24.25,24.85,0.8000000000000007,3.3264033264033266,76380560.0
600498,20250306,25.3,25.9,24.8,25.61,0.759999999999998,3.058350100603624,82793474.0
600498,20250307,25.9,26.31,24.5,24.68,-0.9299999999999996,-3.6313939867239298,78458573.0
600498,20250310,24.6,24.8,24.08,24.4,-0.2800000000000011,-1.1345218800648316,43046843.0
600498,20250311,24.41,24.54,23.95,24.16,-0.2399999999999984,-0.983606557377048,33565743.0
600498,20250312,24.37,25.28,24.24,24.85,0.6900000000000013,2.85596026490067,64630746.0
600498,20250313,24.83,25.03,23.7,24.02,-0.8300000000000018,-3.340040241448694,45542613.0
600498,20250314,24.0,24.35,23.62,24.11,0.0899999999999998,0.3746877601998433,39467302.0
600498,20250317,24.28,25.14,23.91,24.84,0.7300000000000004,3.0277892990460353,52794421.0
600498,20250318,24.85,25.18,24.58,24.99,0.1499999999999985,0.6038647342995196,39193407.0
600498,20250319,24.97,24.98,24.2,24.24,-0.75,-3.001200480192079,32289830.0
600498,20250320,24.25,24.42,23.85,23.86,-0.379999999999999,-1.5676567656765616,29320554.0
600498,20250321,23.61,23.71,23.04,23.14,-0.7199999999999989,-3.0176026823134916,34768171.0
600498,20250324,23.22,23.34,22.3,22.73,-0.4100000000000001,-1.771823681936047,29489737.0
600498,20250325,22.95,22.99,22.32,22.42,-0.3099999999999987,-1.363836339639235,20393874.0
600498,20250326,22.38,22.97,22.35,22.62,0.1999999999999993,0.8920606601248826,18743750.0
600498,20250327,22.48,22.95,22.42,22.55,-0.0700000000000002,-0.3094606542882405,17965639.0
600498,20250328,22.42,22.76,22.31,22.33,-0.2200000000000024,-0.9756097560975728,13188690.0
600498,20250331,22.1,22.74,21.67,22.57,0.240000000000002,1.0747872816838422,26077153.0
600498,20250401,22.65,22.72,22.32,22.37,-0.1999999999999993,-0.886132033673015,15279800.0
600498,20250402,22.3,22.66,22.24,22.53,0.1600000000000001,0.7152436298614173,13365498.0
600498,20250403,22.72,23.2,22.71,22.95,0.4199999999999981,1.8641810918774928,34510522.0
600498,20250407,21.07,21.67,20.66,20.66,-2.289999999999999,-9.978213507625266,20291567.0
600498,20250408,20.25,20.66,19.15,19.73,-0.9299999999999996,-4.501452081316549,43543855.0
600498,20250409,19.2,20.71,18.69,20.56,0.8299999999999983,4.206791687785083,39619163.0
600498,20250410,21.24,21.55,20.88,21.04,0.4800000000000004,2.334630350194544,29861472.0
600498,20250411,20.85,21.66,20.79,21.38,0.3399999999999998,1.615969581749055,22606330.0
600498,20250414,21.95,21.95,21.36,21.4,0.0199999999999995,0.093545369504211,18948300.0
600498,20250415,21.41,21.44,21.04,21.27,-0.129999999999999,-0.6074766355140149,11571971.0
600498,20250416,21.31,22.09,21.2,21.4,0.129999999999999,0.611189468735307,29239366.0
600498,20250417,21.27,21.94,21.2,21.36,-0.0399999999999991,-0.1869158878504584,22755400.0
600498,20250418,21.2,22.1,21.18,21.97,0.6099999999999994,2.855805243445686,34200426.0
600498,20250421,22.26,22.27,21.7,21.97,0.0,0.0,30052413.0
600498,20250422,21.74,21.9,21.41,21.43,-0.5399999999999991,-2.457897132453346,21263917.0
600498,20250423,21.51,22.05,21.42,21.68,0.25,1.166588894073728,25567717.0
600498,20250424,21.52,21.61,21.02,21.18,-0.5,-2.306273062730624,19442527.0
600498,20250425,21.2,21.69,21.17,21.48,0.3000000000000007,1.4164305949008638,18697369.0
600498,20250428,21.48,21.88,21.3,21.32,-0.1600000000000001,-0.7448789571694592,16954778.0
600498,20250429,21.3,21.78,21.16,21.68,0.3599999999999994,1.6885553470919357,18833930.0
600498,20250430,21.47,21.6,20.4,21.36,-0.3200000000000003,-1.4760147601476037,34378968.0
600498,20250506,21.55,22.39,21.55,22.23,0.870000000000001,4.073033707865181,33872896.0
600498,20250507,22.55,22.59,21.82,21.99,-0.240000000000002,-1.0796221322537214,27802827.0
600498,20250508,21.99,22.38,21.9,22.31,0.3200000000000003,1.4552069122328426,24554117.0
600498,20250509,22.31,22.31,21.68,21.79,-0.5199999999999996,-2.3307933662034985,19633439.0
600498,20250512,22.01,22.25,21.92,22.19,0.4000000000000021,1.8357044515832976,18549043.0
600498,20250513,22.52,22.54,21.8,21.87,-0.3200000000000003,-1.442091031996395,19911673.0
600498,20250514,21.85,22.5,21.85,21.95,0.0799999999999983,0.36579789666209,29153646.0
600498,20250515,21.96,21.98,20.9,20.96,-0.9899999999999984,-4.510250569476071,27375460.0
600498,20250516,20.8,21.15,20.74,20.89,-0.0700000000000002,-0.3339694656488534,14023334.0
600498,20250519,20.84,20.89,20.58,20.84,-0.0500000000000007,-0.2393489707994245,13703100.0
600498,20250520,20.82,21.12,20.65,21.0,0.1600000000000001,0.7677543186180413,12261049.0
600498,20250521,21.18,21.24,20.86,20.9,-0.1000000000000014,-0.4761904761904856,10883100.0
600498,20250522,20.72,20.92,20.57,20.6,-0.2999999999999971,-1.4354066985645786,11283400.0
600498,20250523,20.56,20.69,20.16,20.18,-0.4200000000000017,-2.038834951456314,14262925.0
600498,20250526,20.14,20.56,20.14,20.37,0.1900000000000012,0.9415262636273568,9173425.0
600498,20250527,20.37,20.37,19.98,20.02,-0.3500000000000014,-1.718213058419249,10958434.0
600498,20250528,20.04,20.19,19.93,20.0,-0.0199999999999995,-0.0999000999000965,9127400.0
600498,20250529,19.95,20.33,19.95,20.29,0.2899999999999991,1.4499999999999955,12814146.0
600498,20250530,20.3,20.66,19.77,20.08,-0.2100000000000008,-1.0349926071956617,24255275.0
600498,20250603,19.91,20.31,19.88,19.95,-0.129999999999999,-0.6474103585657365,14100468.0
600498,20250604,20.2,20.35,20.01,20.19,0.240000000000002,1.2030075187970055,15474919.0
600498,20250605,20.2,20.74,20.05,20.66,0.4699999999999988,2.3278850916295113,22266837.0
600498,20250606,20.64,20.85,20.46,20.71,0.0500000000000007,0.2420135527589684,16358867.0
600498,20250609,20.9,21.15,20.85,20.99,0.2799999999999976,1.3520038628681783,18541962.0
600498,20250610,21.0,21.03,20.3,20.54,-0.4499999999999993,-2.1438780371605515,18038716.0
600498,20250611,20.54,20.67,20.37,20.38,-0.1600000000000001,-0.7789678675754641,13686395.0
600498,20250612,20.33,20.65,20.21,20.4,0.0199999999999995,0.098135426889101,12867120.0
600498,20250613,20.25,20.49,19.9,19.94,-0.4599999999999973,-2.2549019607843057,16387353.0
600498,20250616,19.89,20.35,19.83,20.27,0.3299999999999983,1.6549648946840412,13782156.0
600498,20250617,20.38,20.39,20.03,20.06,-0.2100000000000008,-1.0360138135175223,10563882.0
600498,20250618,20.08,20.58,19.96,20.38,0.3200000000000003,1.59521435692922,17294099.0
600498,20250619,20.43,20.69,20.16,20.22,-0.1600000000000001,-0.7850834151128527,15129173.0
600498,20250620,20.01,20.19,19.56,19.6,-0.6199999999999974,-3.066271018793265,14322986.0
600498,20250623,19.45,19.92,19.4,19.86,0.259999999999998,1.3265306122448806,11876694.0
600498,20250624,19.9,20.48,19.9,20.46,0.6000000000000014,3.0211480362537735,19147689.0
600498,20250625,20.46,20.8,20.42,20.74,0.2799999999999976,1.3685239491691092,20215900.0
600498,20250626,20.79,20.88,20.52,20.56,-0.1799999999999997,-0.8678881388621051,18024670.0
600498,20250627,20.65,20.82,20.42,20.64,0.0800000000000018,0.3891050583657574,15005700.0
600498,20250630,20.65,21.22,20.65,21.03,0.3900000000000005,1.8895348837209225,21162041.0
600498,20250701,21.04,21.05,20.74,20.88,-0.1500000000000021,-0.7132667617689159,13929616.0
600498,20250702,20.89,20.9,20.48,20.58,-0.3000000000000007,-1.436781609195403,13379979.0
600498,20250703,20.54,20.98,20.53,20.81,0.2300000000000004,1.1175898931000905,12382317.0
600498,20250704,20.75,20.83,20.57,20.61,-0.1999999999999993,-0.9610764055742348,10882600.0
600498,20250707,20.62,20.62,20.32,20.4,-0.2100000000000008,-1.0189228529839944,8998873.0
600498,20250708,20.4,21.3,20.33,21.27,0.870000000000001,4.264705882352948,31985022.0
600498,20250709,21.2,21.27,21.0,21.15,-0.120000000000001,-0.5641748942172176,16627897.0
600498,20250710,21.16,21.55,21.1,21.41,0.2600000000000015,1.2293144208037845,25635688.0
600498,20250711,21.37,21.49,21.19,21.4,-0.0100000000000015,-0.0467071461933699,16713000.0
600498,20250714,21.52,21.53,21.32,21.33,-0.0700000000000002,-0.3271028037383217,11645067.0
600498,20250715,21.33,21.68,21.3,21.48,0.1500000000000021,0.7032348804500765,21099977.0
600498,20250716,21.59,21.82,21.34,21.43,-0.0500000000000007,-0.2327746741154546,19388757.0
600498,20250717,21.35,22.05,21.34,22.03,0.6000000000000014,2.799813345776947,30962581.0
600498,20250718,22.1,22.15,21.74,21.79,-0.240000000000002,-1.0894235133908414,19648119.0
600498,20250721,21.74,21.86,21.55,21.77,-0.0199999999999995,-0.0917852225791659,16021536.0
600498,20250722,21.83,22.04,21.66,21.8,0.0300000000000011,0.1378043178686283,19408618.0
600498,20250723,21.69,21.71,21.39,21.45,-0.3500000000000014,-1.6055045871559703,19545798.0
600498,20250724,21.5,21.65,21.42,21.6,0.1500000000000021,0.6993006993007089,14424172.0
600498,20250725,21.55,21.74,21.5,21.7,0.0999999999999978,0.4629629629629539,17341657.0
600498,20250728,21.88,22.02,21.73,21.86,0.1600000000000001,0.7373271889400845,20162964.0
600498,20250729,21.78,22.19,21.52,22.17,0.3100000000000023,1.418115279048493,32259760.0
600498,20250730,22.1,22.1,21.71,21.86,-0.3100000000000023,-1.3982859720342855,20262114.0
600498,20250731,21.89,22.78,21.77,22.46,0.6000000000000014,2.7447392497712775,60512734.0
600498,20250801,22.45,22.5,21.71,22.11,-0.3500000000000014,-1.55832591273376,41691215.0
600498,20250804,21.98,22.38,21.81,22.09,-0.0199999999999995,-0.0904568068747169,20478799.0
600498,20250805,22.18,22.3,21.9,22.23,0.1400000000000005,0.6337709370755951,23852002.0
600498,20250806,22.2,22.55,21.99,22.35,0.120000000000001,0.5398110661268607,23794488.0
600498,20250807,22.36,23.2,21.96,22.91,0.5599999999999987,2.5055928411632955,58685151.0
600498,20250808,22.85,23.28,22.5,23.08,0.1699999999999981,0.7420340462680031,47666575.0
600498,20250811,23.38,24.66,23.35,24.2,1.120000000000001,4.8526863084922045,69450298.0
600498,20250812,24.2,25.2,23.92,25.2,1.0,4.132231404958686,69594218.0
600498,20250813,25.2,25.54,24.8,25.45,0.25,0.9920634920634884,71413370.0
600498,20250814,25.68,25.72,24.65,24.83,-0.620000000000001,-2.4361493123772116,48258312.0
600498,20250815,24.69,25.25,24.69,24.87,0.0400000000000027,0.1610954490535832,33213810.0
600498,20250818,24.93,26.02,24.9,25.59,0.7199999999999989,2.895054282267795,53735269.0
600498,20250819,25.35,26.35,25.26,25.93,0.3399999999999998,1.3286440015631171,49870129.0
600498,20250820,25.68,25.93,24.9,25.8,-0.129999999999999,-0.5013497878904705,41899718.0
600498,20250821,25.81,26.83,25.81,26.02,0.2199999999999988,0.8527131782945618,50778011.0
600498,20250822,26.06,26.97,25.86,26.56,0.5399999999999991,2.0753266717909336,61465007.0
600498,20250825,27.51,29.22,26.97,28.29,1.7300000000000004,6.513554216867479,115344624.0
600498,20250826,27.75,27.93,26.98,27.09,-1.1999999999999993,-4.241781548250268,89990992.0
600498,20250827,27.06,27.63,26.38,26.55,-0.5399999999999991,-1.9933554817275767,62480295.0
600498,20250828,26.38,28.2,26.36,28.0,1.4499999999999993,5.461393596986808,88481451.0
600498,20250829,27.8,27.89,27.2,27.43,-0.5700000000000003,-2.035714285714285,55963035.0
600498,20250901,27.52,28.04,26.85,27.16,-0.2699999999999996,-0.984323733138892,57529420.0
600498,20250902,26.99,27.25,25.4,25.68,-1.4800000000000004,-5.449189985272462,66469927.0
600498,20250903,25.62,26.22,25.41,25.64,-0.0399999999999991,-0.1557632398753838,43718451.0
600498,20250904,25.83,26.05,23.53,24.07,-1.5700000000000005,-6.123244929797189,57724768.0
600498,20250905,24.28,24.62,23.83,24.54,0.4699999999999988,1.9526381387619416,39366164.0
600498,20250908,24.46,24.63,23.95,24.4,-0.1400000000000005,-0.5704971475142595,36776090.0
600498,20250909,24.38,24.56,23.98,24.23,-0.1699999999999981,-0.6967213114754012,26269324.0
600498,20250910,24.39,24.56,24.0,24.28,0.0500000000000007,0.206355757325638,24421202.0
600498,20250911,24.42,25.45,24.25,25.4,1.1199999999999974,4.612850082372311,58060014.0
600498,20250912,25.15,25.9,25.15,25.53,0.1300000000000025,0.5118110236220552,38956165.0
600498,20250915,25.4,25.47,24.91,24.97,-0.5600000000000023,-2.1934978456717658,32971445.0
600498,20250916,24.95,25.88,24.86,25.54,0.5700000000000003,2.282739287144575,40788668.0
600498,20250917,25.48,26.6,25.3,26.25,0.7100000000000009,2.7799530148786333,44786532.0
600498,20250918,26.25,28.88,26.17,28.88,2.629999999999999,10.019047619047615,151621783.0
600498,20250919,30.47,31.48,29.61,29.88,1.0,3.4626038781163437,172650323.0
600498,20250922,29.8,30.85,29.0,29.65,-0.2300000000000004,-0.76974564926372,127845376.0
600498,20250923,29.75,30.0,27.2,28.06,-1.59,-5.362563237774031,123255642.0
600498,20250924,28.09,28.8,27.71,28.49,0.4299999999999997,1.5324305060584464,81297036.0
600498,20250925,28.4,29.83,28.27,29.14,0.6500000000000021,2.281502281502279,94145250.0
600498,20250926,29.14,29.68,28.13,28.15,-0.990000000000002,-3.397391901166791,59080547.0
600498,20250929,28.0,28.29,27.49,27.98,-0.1699999999999981,-0.6039076376554098,49228039.0
600498,20250930,28.59,28.71,27.33,27.45,-0.5300000000000011,-1.8942101501072228,52576135.0
600498,20251009,27.49,28.5,27.49,27.81,0.3599999999999994,1.3114754098360717,64442373.0
600498,20251010,27.51,27.95,26.83,27.25,-0.5599999999999987,-2.0136641495864804,55518622.0
600498,20251013,26.0,27.19,25.9,26.85,-0.3999999999999986,-1.4678899082568808,42614206.0
600498,20251014,26.9,27.18,25.09,25.24,-1.610000000000003,-5.996275605214163,59105775.0
600498,20251015,25.35,26.88,25.29,26.25,1.0100000000000016,4.00158478605388,64384704.0
600498,20251016,26.38,27.15,26.04,26.62,0.370000000000001,1.409523809523816,57961436.0
600498,20251017,27.15,27.29,25.51,25.55,-1.0700000000000005,-4.019534184823437,47060719.0
600498,20251020,25.9,26.6,25.57,25.83,0.2799999999999976,1.0958904109588996,34863806.0
600498,20251021,25.66,26.39,25.49,26.15,0.3200000000000003,1.2388695315524556,38108832.0
600498,20251022,25.96,25.99,25.57,25.67,-0.4799999999999969,-1.8355640535372753,25067902.0
600498,20251023,25.6,25.66,24.45,25.1,-0.5700000000000003,-2.220490845344758,38330407.0
600498,20251024,25.33,25.66,25.2,25.56,0.4599999999999973,1.8326693227091573,34850675.0
600498,20251027,25.71,26.4,25.71,26.25,0.6900000000000013,2.699530516431925,41397403.0
600498,20251028,26.13,26.52,26.08,26.24,-0.0100000000000015,-0.0380952380952481,32599618.0
600498,20251029,26.35,26.46,25.91,26.25,0.0100000000000015,0.0381097560975707,28555464.0
600498,20251030,26.49,26.49,25.0,25.09,-1.16,-4.419047619047623,53841144.0
600498,20251031,25.1,25.15,24.26,24.31,-0.7800000000000011,-3.1088082901554404,48300835.0
600498,20251103,24.19,24.31,23.85,24.28,-0.0299999999999975,-0.1234060057589414,28271807.0
600498,20251104,24.28,24.28,23.6,23.81,-0.4700000000000024,-1.9357495881383913,25336929.0
600498,20251105,23.5,23.93,23.42,23.76,-0.0499999999999971,-0.2099958000839841,20393204.0
600498,20251106,23.86,24.26,23.79,24.25,0.4899999999999984,2.0622895622895543,34957099.0
600498,20251107,24.1,24.44,23.92,24.33,0.0799999999999983,0.3298969072164981,28828123.0
600498,20251110,24.33,24.61,23.91,24.13,-0.1999999999999993,-0.8220304151253521,28209055.0
600498,20251111,24.14,24.28,23.73,23.83,-0.3000000000000007,-1.2432656444260282,21554727.0
600498,20251112,23.71,23.78,23.28,23.4,-0.4299999999999997,-1.8044481745698728,20557140.0
600498,20251113,23.32,23.52,23.11,23.5,0.1000000000000014,0.4273504273504258,18825440.0
600498,20251114,23.4,23.45,23.12,23.12,-0.379999999999999,-1.6170212765957426,18443808.0
600498,20251117,23.01,23.26,22.88,23.12,0.0,0.0,19280304.0
600498,20251118,23.08,23.27,22.88,23.06,-0.0600000000000022,-0.2595155709342656,16884460.0
600498,20251119,23.01,23.14,22.52,22.78,-0.2799999999999976,-1.2142237640936582,22080630.0
600498,20251120,22.93,23.05,22.55,22.58,-0.2000000000000028,-0.8779631255487419,16862978.0
600498,20251121,21.95,22.19,21.58,21.61,-0.9699999999999988,-4.295837023914961,29093398.0
600498,20251124,21.82,22.18,21.67,22.09,0.4800000000000004,2.2211938917167995,21083376.0
600498,20251125,22.2,23.03,22.16,22.83,0.7399999999999984,3.349932095971031,37339739.0
600498,20251126,22.83,24.1,22.64,23.3,0.4700000000000024,2.0586946999562095,57445506.0
600498,20251127,23.05,23.39,22.9,22.92,-0.379999999999999,-1.6309012875536433,42034992.0
600498,20251128,22.84,22.99,22.67,22.86,-0.0600000000000022,-0.2617801047120505,20242244.0
600498,20251201,22.99,23.85,22.91,23.74,0.879999999999999,3.849518810148722,55807564.0
600498,20251202,23.35,23.74,22.86,22.92,-0.8199999999999967,-3.454085930918271,53325565.0
600498,20251203,23.1,23.3,22.7,22.72,-0.2000000000000028,-0.8726003490401535,31449284.0
600498,20251204,22.67,22.67,22.2,22.53,-0.1899999999999977,-0.8362676056337892,30582382.0
600498,20251205,22.51,23.06,22.35,22.97,0.4399999999999977,1.9529516200621264,41872483.0
600498,20251208,23.29,25.26,23.27,24.85,1.8800000000000023,8.184588593818031,133601095.0
600498,20251209,24.8,24.99,24.31,24.63,-0.2200000000000024,-0.8853118712273789,81976085.0
600498,20251210,24.5,25.08,24.11,24.88,0.25,1.0150223304912664,64610065.0
600498,20251211,25.08,25.82,24.58,25.4,0.5199999999999996,2.0900321543408262,120207014.0
600498,20251212,25.28,26.9,25.01,26.48,1.0800000000000018,4.251968503937009,143166216.0
600498,20251215,26.04,27.27,25.67,26.77,0.2899999999999991,1.095166163141981,125844265.0
600498,20251216,26.2,26.39,25.08,25.31,-1.4600000000000009,-5.4538662682106835,85607099.0
600498,20251217,25.6,26.8,25.48,26.7,1.3900000000000006,5.49190043461083,113491448.0
600498,20251218,27.0,27.18,26.21,26.31,-0.3900000000000005,-1.4606741573033766,105291903.0
600498,20251219,26.58,28.49,26.1,27.58,1.2699999999999996,4.827061953629808,147819791.0
600498,20251222,27.83,29.33,27.6,28.55,0.9700000000000024,3.5170413343002194,147453330.0
600498,20251223,28.31,28.58,27.02,27.4,-1.150000000000002,-4.028021015761829,104051464.0
600498,20251224,27.01,27.81,26.73,27.75,0.3500000000000014,1.277372262773735,72512776.0
600498,20251225,27.5,28.52,27.45,27.87,0.120000000000001,0.432432432432428,92094630.0
600498,20251226,27.7,30.36,27.6,29.45,1.5799999999999983,5.6691783279511965,178725051.0
600498,20251229,30.5,31.74,30.08,30.47,1.0199999999999996,3.4634974533106933,158719590.0
600498,20251230,30.09,31.15,28.89,29.16,-1.3099999999999987,-4.29931079750574,140790124.0
600498,20251231,29.89,32.08,29.89,32.08,2.919999999999998,10.013717421124824,134397498.0
600498,20260105,33.81,35.29,32.58,35.29,3.210000000000001,10.006234413965087,134636077.0
600498,20260106,35.98,36.87,33.48,35.28,-0.009999999999998,-0.0283366392745731,277851812.0
600498,20260107,34.68,38.36,34.01,36.7,1.4200000000000017,4.024943310657592,240331182.0
600498,20260108,35.97,38.34,35.24,37.5,0.7999999999999972,2.179836512261568,207773248.0
600498,20260109,38.5,40.45,37.07,38.93,1.4299999999999995,3.8133333333333352,217589359.0
600498,20260112,42.3,42.82,42.28,42.82,3.890000000000001,9.992293860775758,48205065.0
600498,20260113,47.1,47.1,39.62,44.32,1.5,3.5030359645025655,307959559.0
600498,20260114,45.88,48.75,40.42,47.86,3.539999999999999,7.987364620938631,361682824.0
600498,20260115,43.07,43.07,43.07,43.07,-4.789999999999999,-10.00835770998746,24984000.0
600498,20260116,38.76,41.02,38.76,39.02,-4.049999999999997,-9.403296958439745,256671025.0
600498,20260119,39.09,40.71,38.28,39.31,0.2899999999999991,0.7432086109687264,163126390.0
600498,20260120,40.0,40.6,36.38,37.07,-2.240000000000002,-5.698295599084203,155652645.0
600498,20260121,37.11,37.99,36.38,36.59,-0.4799999999999969,-1.2948475856487618,95755840.0
600498,20260122,36.7,38.32,36.16,38.02,1.4299999999999995,3.908171631593338,130410828.0
600498,20260123,38.7,41.82,38.7,41.82,3.799999999999997,9.994739610731184,114289727.0
600498,20260126,42.0,42.86,39.51,40.17,-1.6499999999999986,-3.945480631276898,162319961.0
600498,20260127,39.92,41.56,38.9,39.88,-0.2899999999999991,-0.7219317898929489,97315335.0
600498,20260128,41.7,42.0,39.01,40.39,0.509999999999998,1.2788365095285803,135795184.0
600498,20260129,39.67,41.25,39.47,39.6,-0.7899999999999991,-1.955929685565727,99749923.0
600498,20260130,39.04,40.72,37.59,39.6,0.0,0.0,102553128.0
600498,20260202,40.6,42.28,39.25,39.38,-0.2199999999999988,-0.5555555555555536,116870111.0
600498,20260203,40.16,42.38,39.8,42.38,3.0,7.618080243778569,126550380.0
600498,20260204,41.51,42.48,39.9,40.83,-1.5500000000000045,-3.657385559226056,110440285.0
600498,20260205,39.9,40.73,38.4,39.07,-1.759999999999998,-4.3105559637521385,80834448.0
600498,20260206,38.6,42.98,38.5,41.25,2.1799999999999997,5.579728692091113,177270405.0
600498,20260209,42.5,43.33,40.77,42.84,1.5900000000000034,3.854545454545466,133934306.0
600498,20260210,42.83,45.36,42.72,43.86,1.019999999999996,2.3809523809523725,123113466.0
600498,20260211,42.56,45.43,41.47,41.62,-2.240000000000002,-5.107159142726858,111615525.0
600498,20260212,41.65,44.23,40.88,43.37,1.75,4.204709274387319,107263113.0
600498,20260213,43.01,44.29,41.53,41.64,-1.7299999999999969,-3.988932441780024,84615442.0
600498,20260224,43.35,45.52,43.34,44.04,2.3999999999999986,5.7636887608069065,103839744.0
600498,20260225,43.8,44.28,42.24,42.6,-1.4399999999999975,-3.2697547683923633,95145270.0
600498,20260226,43.09,46.86,43.0,46.86,4.259999999999998,9.999999999999986,178835380.0
600498,20260227,45.55,51.55,45.55,51.55,4.689999999999998,10.008536064874086,157100456.0
600498,20260302,55.0,56.71,54.59,56.71,5.160000000000004,10.009699321047538,35454084.0
600498,20260303,58.41,60.21,55.0,56.13,-0.5799999999999983,-1.0227473108799123,243516825.0
600498,20260304,54.0,58.93,54.0,58.44,2.309999999999995,4.1154462854088525,159023044.0
600498,20260305,59.0,59.61,55.0,56.77,-1.6699999999999946,-2.8576317590691236,140138675.0
600498,20260306,55.5,56.13,52.4,52.76,-4.010000000000005,-7.063589924255775,137240804.0
600498,20260309,50.86,52.2,47.6,52.0,-0.759999999999998,-1.4404852160727732,124158461.0
600498,20260310,53.0,57.2,52.71,57.2,5.200000000000003,10.000000000000009,144011656.0
600498,20260311,58.6,61.78,56.66,57.03,-0.1700000000000017,-0.2972027972028002,183744064.0
600498,20260312,57.02,59.59,55.0,55.5,-1.5300000000000011,-2.6827985270910015,103514093.0
600498,20260313,55.0,56.12,52.21,52.36,-3.140000000000001,-5.657657657657655,81992660.0
600498,20260316,52.83,53.3,50.19,51.11,-1.25,-2.3873185637891536,64204269.0
600498,20260317,51.33,51.5,46.55,46.77,-4.339999999999996,-8.491488945411852,91914229.0
600498,20260318,47.75,47.99,46.3,47.65,0.8799999999999955,1.8815480008552488,88309284.0
600498,20260319,46.1,47.05,45.64,45.94,-1.7100000000000009,-3.5886673662119617,63027011.0
600498,20260320,46.98,47.4,44.11,44.26,-1.6799999999999995,-3.656943839791027,80515610.0
