ts_code,trade_date,open,high,low,close,change,pct_change,vol
600795,2017-12-20,3.18,3.19,3.11,3.11,-0.0700000000000002,-2.2012578616352307,62246629.0
600795,2017-12-21,3.11,3.15,3.08,3.14,0.0300000000000002,0.9646302250803984,52363804.0
600795,2017-12-22,3.13,3.14,3.11,3.12,-0.02,-0.6369426751592355,23324400.0
600795,2017-12-25,3.11,3.12,3.05,3.06,-0.06,-1.9230769230769271,59850605.0
600795,2017-12-26,3.06,3.08,3.03,3.07,0.0099999999999997,0.3267973856209138,43433540.0
600795,2017-12-27,3.06,3.11,3.04,3.08,0.0100000000000002,0.3257328990228014,50400032.0
600795,2017-12-28,3.07,3.13,3.06,3.11,0.0299999999999998,0.9740259740259604,44021615.0
600795,2017-12-29,3.1,3.13,3.1,3.12,0.0100000000000002,0.3215434083601254,28748559.0
600795,2018-01-02,3.12,3.15,3.11,3.14,0.02,0.6410256410256387,41038277.0
600795,2018-01-03,3.14,3.16,3.13,3.15,0.0099999999999997,0.3184713375796066,40576221.0
600795,2018-01-04,3.15,3.18,3.14,3.16,0.0100000000000002,0.3174603174603163,49086228.0
600795,2018-01-05,3.16,3.17,3.14,3.16,0.0,0.0,41563647.0
600795,2018-01-08,3.15,3.22,3.14,3.2,0.04,1.265822784810133,74377478.0
600795,2018-01-09,3.2,3.2,3.16,3.17,-0.0300000000000002,-0.9375000000000022,38433216.0
600795,2018-01-10,3.17,3.17,3.14,3.15,-0.02,-0.6309148264984188,42645097.0
600795,2018-01-11,3.15,3.15,3.12,3.13,-0.02,-0.6349206349206327,35078106.0
600795,2018-01-12,3.14,3.18,3.13,3.16,0.0300000000000002,0.9584664536741228,32987248.0
600795,2018-01-15,3.14,3.15,3.12,3.12,-0.04,-1.2658227848101222,40785464.0
600795,2018-01-16,3.12,3.15,3.11,3.14,0.02,0.6410256410256387,26557422.0
600795,2018-01-17,3.14,3.2,3.14,3.19,0.0499999999999998,1.5923566878980775,68128260.0
600795,2018-01-18,3.17,3.19,3.17,3.19,0.0,0.0,36048894.0
600795,2018-01-19,3.19,3.23,3.18,3.21,0.02,0.6269592476489061,63417356.0
600795,2018-01-22,3.2,3.23,3.18,3.21,0.0,0.0,52072571.0
600795,2018-01-23,3.21,3.22,3.19,3.21,0.0,0.0,43747922.0
600795,2018-01-24,3.21,3.24,3.2,3.23,0.02,0.6230529595015577,51628029.0
600795,2018-01-25,3.22,3.28,3.22,3.25,0.02,0.6191950464396356,76473465.0
600795,2018-01-26,3.25,3.25,3.21,3.23,-0.02,-0.6153846153846176,50633728.0
600795,2018-01-29,3.23,3.28,3.22,3.25,0.02,0.6191950464396356,65025337.0
600795,2018-01-30,3.24,3.25,3.18,3.19,-0.06,-1.846153846153853,58778501.0
600795,2018-01-31,3.17,3.18,3.1,3.12,-0.0699999999999998,-2.19435736677116,74347429.0
600795,2018-02-01,3.12,3.13,3.05,3.06,-0.06,-1.9230769230769271,68192554.0
600795,2018-02-02,3.06,3.11,3.03,3.1,0.04,1.3071895424836557,48587327.0
600795,2018-02-05,3.07,3.1,3.05,3.09,-0.0100000000000002,-0.3225806451612967,32557172.0
600795,2018-02-06,3.07,3.16,3.06,3.07,-0.02,-0.6472491909385147,80193797.0
600795,2018-02-07,3.1,3.12,3.06,3.08,0.0100000000000002,0.3257328990228014,52601106.0
600795,2018-02-08,3.08,3.09,3.05,3.07,-0.0100000000000002,-0.3246753246753275,40868822.0
600795,2018-02-09,3.04,3.04,2.94,2.97,-0.0999999999999996,-3.2573289902280034,93755126.0
600795,2018-02-12,2.97,3.0,2.96,2.99,0.02,0.6734006734006703,30746342.0
600795,2018-02-13,3.0,3.01,2.98,2.98,-0.0100000000000002,-0.3344481605351279,31104859.0
600795,2018-02-14,2.99,3.0,2.98,2.99,0.0100000000000002,0.3355704697986628,16672669.0
600795,2018-02-22,3.0,3.02,2.99,3.0,0.0099999999999997,0.3344481605351168,44109078.0
600795,2018-02-23,3.0,3.02,2.99,3.01,0.0099999999999997,0.3333333333333188,43855200.0
600795,2018-02-26,3.01,3.04,2.99,3.03,0.02,0.6644518272425293,66053038.0
600795,2018-02-27,3.03,3.04,3.0,3.01,-0.02,-0.660066006600657,41285422.0
600795,2018-02-28,3.0,3.01,2.98,3.0,-0.0099999999999997,-0.3322259136212535,30895423.0
600795,2018-03-01,2.99,3.02,2.98,3.02,0.02,0.6666666666666599,45542290.0
600795,2018-03-02,3.02,3.12,3.01,3.09,0.0699999999999998,2.3178807947019875,107110550.0
600795,2018-03-05,3.08,3.1,3.05,3.09,0.0,0.0,54606430.0
600795,2018-03-06,3.08,3.1,3.07,3.1,0.0100000000000002,0.3236245954692629,40176614.0
600795,2018-03-07,3.09,3.16,3.07,3.12,0.02,0.6451612903225712,77996773.0
600795,2018-03-08,3.11,3.23,3.1,3.18,0.06,1.923076923076916,116183337.0
600795,2018-03-09,3.17,3.18,3.15,3.16,-0.02,-0.6289308176100628,50529911.0
600795,2018-03-12,3.16,3.17,3.14,3.16,0.0,0.0,49144119.0
600795,2018-03-13,3.15,3.15,3.11,3.11,-0.0500000000000002,-1.5822784810126669,47935125.0
600795,2018-03-14,3.11,3.15,3.11,3.12,0.0100000000000002,0.3215434083601254,31496250.0
600795,2018-03-15,3.12,3.14,3.09,3.11,-0.0100000000000002,-0.3205128205128305,42486978.0
600795,2018-03-16,3.1,3.12,3.07,3.08,-0.0299999999999998,-0.9646302250803762,36335995.0
600795,2018-03-19,3.08,3.09,3.07,3.07,-0.0100000000000002,-0.3246753246753275,28677202.0
600795,2018-03-20,3.07,3.09,3.05,3.08,0.0100000000000002,0.3257328990228014,30587801.0
600795,2018-03-21,3.08,3.1,3.06,3.06,-0.02,-0.6493506493506551,33920032.0
600795,2018-03-22,3.06,3.08,3.04,3.04,-0.02,-0.6535947712418277,40340716.0
600795,2018-03-23,3.01,3.02,2.95,2.97,-0.0699999999999998,-2.3026315789473673,81929650.0
600795,2018-03-26,2.95,2.98,2.91,2.97,0.0,0.0,43677479.0
600795,2018-03-27,2.99,3.01,2.97,2.99,0.02,0.6734006734006703,52282125.0
600795,2018-03-28,2.97,2.98,2.95,2.96,-0.0300000000000002,-1.0033444816053616,34803153.0
600795,2018-03-29,2.98,2.98,2.95,2.98,0.02,0.6756756756756799,31576521.0
600795,2018-03-30,2.98,2.99,2.95,2.97,-0.0099999999999997,-0.3355704697986517,39777690.0
600795,2018-04-02,2.97,2.97,2.94,2.95,-0.02,-0.6734006734006703,47583737.0
600795,2018-04-03,2.93,2.94,2.92,2.93,-0.02,-0.6779661016949157,29997178.0
600795,2018-04-04,2.93,2.94,2.91,2.91,-0.02,-0.6825938566552892,34524688.0
600795,2018-04-09,2.91,2.91,2.88,2.89,-0.02,-0.6872852233676952,41788084.0
600795,2018-04-10,2.89,2.92,2.88,2.92,0.0299999999999998,1.038062283737018,28058781.0
600795,2018-04-11,2.93,2.95,2.91,2.94,0.02,0.6849315068493178,50743028.0
600795,2018-04-12,2.94,2.95,2.93,2.94,0.0,0.0,25351800.0
600795,2018-04-13,2.94,2.95,2.92,2.92,-0.02,-0.6802721088435382,20174901.0
600795,2018-04-16,2.92,2.92,2.86,2.88,-0.04,-1.3698630136986356,44180400.0
600795,2018-04-17,2.89,2.89,2.86,2.87,-0.0099999999999997,-0.3472222222222099,28990432.0
600795,2018-04-18,2.88,2.89,2.85,2.87,0.0,0.0,27264834.0
600795,2018-04-19,2.87,2.9,2.86,2.89,0.02,0.6968641114982521,34872487.0
600795,2018-04-20,2.87,2.88,2.84,2.85,-0.04,-1.384083044982698,32090244.0
600795,2018-04-23,2.85,2.87,2.83,2.85,0.0,0.0,31224960.0
600795,2018-04-24,2.84,2.87,2.84,2.86,0.0099999999999997,0.3508771929824572,53948350.0
600795,2018-04-25,2.85,2.86,2.84,2.85,-0.0099999999999997,-0.3496503496503433,27556040.0
600795,2018-04-26,2.85,2.86,2.82,2.82,-0.0300000000000002,-1.0526315789473717,37466029.0
600795,2018-04-27,2.83,2.85,2.82,2.84,0.02,0.7092198581560183,36791795.0
600795,2018-05-02,2.84,2.86,2.83,2.86,0.02,0.7042253521126751,48251481.0
600795,2018-05-03,2.85,2.91,2.85,2.9,0.04,1.3986013986013957,62266142.0
600795,2018-05-04,2.9,2.91,2.88,2.9,0.0,0.0,25753214.0
600795,2018-05-07,2.9,2.92,2.89,2.91,0.0100000000000002,0.3448275862069083,29334145.0
600795,2018-05-08,2.91,2.92,2.89,2.91,0.0,0.0,29294158.0
600795,2018-05-09,2.9,2.91,2.88,2.9,-0.0100000000000002,-0.3436426116838587,26000901.0
600795,2018-05-10,2.9,2.91,2.89,2.89,-0.0099999999999997,-0.3448275862068861,32464905.0
600795,2018-05-11,2.9,2.9,2.88,2.88,-0.0100000000000002,-0.34602076124568,29010481.0
600795,2018-05-14,2.89,2.89,2.86,2.87,-0.0099999999999997,-0.3472222222222099,31903000.0
600795,2018-05-15,2.87,2.9,2.86,2.89,0.02,0.6968641114982521,32549816.0
600795,2018-05-16,2.88,2.92,2.87,2.91,0.02,0.6920415224913601,53898231.0
600795,2018-05-17,2.9,2.91,2.89,2.9,-0.0100000000000002,-0.3436426116838587,27727673.0
600795,2018-05-18,2.9,2.91,2.88,2.91,0.0100000000000002,0.3448275862069083,30951937.0
600795,2018-05-21,2.91,2.94,2.91,2.93,0.02,0.6872852233676952,52967292.0
600795,2018-05-22,2.93,2.94,2.91,2.92,-0.0100000000000002,-0.3412969283276501,29495500.0
600795,2018-05-23,2.92,3.01,2.92,2.98,0.06,2.0547945205479534,128275566.0
600795,2018-05-24,2.97,2.98,2.93,2.93,-0.0499999999999998,-1.6778523489932806,67303499.0
600795,2018-05-25,2.93,2.93,2.89,2.91,-0.02,-0.6825938566552892,53157142.0
600795,2018-05-28,2.91,2.91,2.88,2.88,-0.0300000000000002,-1.0309278350515538,33841742.0
600795,2018-05-29,2.87,2.89,2.86,2.87,-0.0099999999999997,-0.3472222222222099,25732962.0
600795,2018-05-30,2.86,2.86,2.81,2.82,-0.0500000000000002,-1.7421602787456525,41560195.0
600795,2018-05-31,2.83,2.85,2.82,2.84,0.02,0.7092198581560183,28316559.0
600795,2018-06-01,2.83,2.84,2.82,2.84,0.0,0.0,26275892.0
600795,2018-06-04,2.84,2.84,2.82,2.83,-0.0099999999999997,-0.3521126760563264,21462067.0
600795,2018-06-05,2.83,2.85,2.82,2.85,0.02,0.7067137809187329,25115134.0
600795,2018-06-06,2.84,2.85,2.83,2.85,0.0,0.0,22497624.0
600795,2018-06-07,2.84,2.85,2.82,2.82,-0.0300000000000002,-1.0526315789473717,21408728.0
600795,2018-06-08,2.82,2.83,2.77,2.79,-0.0299999999999998,-1.0638297872340383,40433983.0
600795,2018-06-11,2.78,2.79,2.76,2.79,0.0,0.0,28454496.0
600795,2018-06-12,2.78,2.79,2.77,2.78,-0.0100000000000002,-0.3584229390681037,21275871.0
600795,2018-06-13,2.78,2.79,2.77,2.79,0.0100000000000002,0.3597122302158251,30751341.0
600795,2018-06-14,2.78,2.79,2.76,2.79,0.0,0.0,20075605.0
600795,2018-06-15,2.78,2.78,2.74,2.76,-0.0300000000000002,-1.0752688172043112,32537848.0
600795,2018-06-19,2.74,2.74,2.54,2.6,-0.1599999999999997,-5.797101449275354,80187305.0
600795,2018-06-20,2.58,2.63,2.57,2.61,0.0099999999999997,0.3846153846153832,33898727.0
600795,2018-06-21,2.61,2.64,2.6,2.61,0.0,0.0,44057085.0
600795,2018-06-22,2.61,2.62,2.59,2.62,0.0100000000000002,0.3831417624521105,22322579.0
600795,2018-06-25,2.62,2.63,2.59,2.59,-0.0300000000000002,-1.1450381679389388,24589200.0
600795,2018-06-26,2.57,2.58,2.54,2.58,-0.0099999999999997,-0.3861003861003742,34406916.0
600795,2018-06-27,2.58,2.58,2.56,2.58,0.0,0.0,23878562.0
600795,2018-06-28,2.57,2.61,2.57,2.6,0.02,0.7751937984496138,26847013.0
600795,2018-06-29,2.59,2.63,2.58,2.62,0.02,0.7692307692307665,26033413.0
600795,2018-07-02,2.61,2.68,2.6,2.63,0.0099999999999997,0.3816793893129722,45209207.0
600795,2018-07-03,2.63,2.65,2.61,2.64,0.0100000000000002,0.3802281368821436,30980218.0
600795,2018-07-04,2.63,2.66,2.63,2.65,0.0099999999999997,0.3787878787878673,23077989.0
600795,2018-07-05,2.64,2.65,2.58,2.6,-0.0499999999999998,-1.8867924528301772,27222839.0
600795,2018-07-06,2.6,2.64,2.57,2.63,0.0299999999999998,1.1538461538461495,30948123.0
600795,2018-07-09,2.62,2.67,2.62,2.67,0.04,1.520912547528508,35142571.0
600795,2018-07-10,2.6,2.61,2.58,2.59,-0.08,-2.9962546816479474,21953202.0
600795,2018-07-11,2.58,2.59,2.53,2.55,-0.04,-1.544401544401541,24234490.0
600795,2018-07-12,2.55,2.6,2.54,2.59,0.04,1.5686274509803866,31200443.0
600795,2018-07-13,2.59,2.59,2.57,2.57,-0.02,-0.7722007722007707,16121136.0
600795,2018-07-16,2.57,2.58,2.56,2.57,0.0,0.0,13990891.0
600795,2018-07-17,2.57,2.57,2.55,2.57,0.0,0.0,13261704.0
600795,2018-07-18,2.57,2.7,2.56,2.67,0.1,3.891050583657596,103177509.0
600795,2018-07-19,2.65,2.66,2.62,2.63,-0.04,-1.4981273408239737,38653474.0
600795,2018-07-20,2.63,2.73,2.62,2.71,0.08,3.041825095057038,103392376.0
600795,2018-07-23,2.7,2.75,2.69,2.73,0.02,0.7380073800737907,53953951.0
600795,2018-07-24,2.73,2.76,2.71,2.75,0.02,0.73260073260073,57410241.0
600795,2018-07-25,2.75,2.75,2.71,2.72,-0.0299999999999998,-1.0909090909090868,28468831.0
600795,2018-07-26,2.72,2.77,2.72,2.75,0.0299999999999998,1.1029411764705843,35717248.0
600795,2018-07-27,2.75,2.77,2.72,2.72,-0.0299999999999998,-1.0909090909090868,32753583.0
600795,2018-07-30,2.73,2.8,2.72,2.77,0.0499999999999998,1.8382352941176403,55789150.0
600795,2018-07-31,2.78,2.78,2.76,2.78,0.0099999999999997,0.3610108303248927,25669196.0
600795,2018-08-01,2.76,2.78,2.72,2.72,-0.0599999999999996,-2.1582733812949506,37963000.0
600795,2018-08-02,2.72,2.73,2.64,2.68,-0.04,-1.4705882352941235,49967804.0
600795,2018-08-03,2.67,2.7,2.66,2.68,0.0,0.0,24731559.0
600795,2018-08-06,2.67,2.68,2.63,2.64,-0.04,-1.49253731343284,29465849.0
600795,2018-08-07,2.62,2.7,2.62,2.69,0.0499999999999998,1.8939393939393812,35076312.0
600795,2018-08-08,2.69,2.71,2.68,2.69,0.0,0.0,27190339.0
600795,2018-08-09,2.68,2.71,2.66,2.7,0.0100000000000002,0.3717472118959231,36667514.0
600795,2018-08-10,2.69,2.69,2.61,2.63,-0.0700000000000002,-2.592592592592602,70593872.0
600795,2018-08-13,2.61,2.64,2.58,2.63,0.0,0.0,30821159.0
600795,2018-08-14,2.63,2.63,2.6,2.62,-0.0099999999999997,-0.3802281368821214,26213307.0
600795,2018-08-15,2.62,2.63,2.59,2.6,-0.02,-0.7633587786259555,30111496.0
600795,2018-08-16,2.58,2.6,2.56,2.58,-0.02,-0.7692307692307665,37946496.0
600795,2018-08-17,2.58,2.59,2.54,2.55,-0.0300000000000002,-1.1627906976744318,36548766.0
600795,2018-08-20,2.55,2.57,2.53,2.57,0.02,0.7843137254901933,31298820.0
600795,2018-08-21,2.56,2.59,2.55,2.58,0.0100000000000002,0.3891050583657574,27268238.0
600795,2018-08-22,2.58,2.58,2.55,2.57,-0.0100000000000002,-0.387596899224818,30219967.0
600795,2018-08-23,2.56,2.58,2.56,2.57,0.0,0.0,23707771.0
600795,2018-08-24,2.57,2.58,2.55,2.57,0.0,0.0,26665566.0
600795,2018-08-27,2.57,2.6,2.56,2.6,0.0300000000000002,1.1673151750972943,33161909.0
600795,2018-08-28,2.59,2.6,2.58,2.58,-0.02,-0.7692307692307665,27104426.0
600795,2018-08-29,2.59,2.61,2.58,2.59,0.0099999999999997,0.3875968992248069,33054178.0
600795,2018-08-30,2.6,2.61,2.58,2.58,-0.0099999999999997,-0.3861003861003742,31059688.0
600795,2018-08-31,2.58,2.59,2.54,2.59,0.0099999999999997,0.3875968992248069,61441028.0
600795,2018-09-03,2.57,2.57,2.54,2.55,-0.04,-1.544401544401541,27609342.0
600795,2018-09-04,2.55,2.57,2.54,2.56,0.0100000000000002,0.3921568627450966,27517164.0
600795,2018-09-05,2.56,2.56,2.53,2.54,-0.02,-0.78125,21887100.0
600795,2018-09-06,2.53,2.55,2.53,2.54,0.0,0.0,19747561.0
600795,2018-09-07,2.53,2.56,2.52,2.53,-0.0100000000000002,-0.3937007874015852,30653282.0
600795,2018-09-10,2.52,2.53,2.5,2.51,-0.02,-0.7905138339920903,23729153.0
600795,2018-09-11,2.51,2.52,2.49,2.5,-0.0099999999999997,-0.3984063745019806,22989279.0
600795,2018-09-12,2.5,2.51,2.49,2.5,0.0,0.0,18882702.0
600795,2018-09-13,2.51,2.52,2.49,2.51,0.0099999999999997,0.4000000000000003,31174293.0
600795,2018-09-14,2.51,2.51,2.49,2.49,-0.0199999999999995,-0.7968127490039723,21164301.0
600795,2018-09-17,2.49,2.5,2.47,2.48,-0.0100000000000002,-0.4016064257028162,24231858.0
600795,2018-09-18,2.48,2.52,2.47,2.51,0.0299999999999998,1.2096774193548263,40415454.0
600795,2018-09-19,2.51,2.56,2.5,2.54,0.0300000000000002,1.195219123505975,58095729.0
600795,2018-09-20,2.54,2.54,2.52,2.54,0.0,0.0,27518356.0
600795,2018-09-21,2.53,2.57,2.53,2.57,0.0299999999999998,1.1811023622047223,44763453.0
600795,2018-09-25,2.56,2.56,2.53,2.55,-0.02,-0.7782101167315147,31487392.0
600795,2018-09-26,2.54,2.56,2.53,2.54,-0.0099999999999997,-0.3921568627450855,40025098.0
600795,2018-09-27,2.55,2.55,2.53,2.54,0.0,0.0,30538553.0
600795,2018-09-28,2.54,2.56,2.53,2.55,0.0099999999999997,0.3937007874015741,47664208.0
600795,2018-10-08,2.53,2.54,2.49,2.49,-0.0599999999999996,-2.3529411764705688,47397900.0
600795,2018-10-09,2.49,2.52,2.49,2.49,0.0,0.0,31803938.0
600795,2018-10-10,2.5,2.51,2.49,2.5,0.0099999999999997,0.401606425702794,30370030.0
600795,2018-10-11,2.47,2.47,2.34,2.37,-0.1299999999999999,-5.199999999999994,79464475.0
600795,2018-10-12,2.35,2.39,2.31,2.37,0.0,0.0,46699677.0
600795,2018-10-15,2.37,2.38,2.32,2.33,-0.04,-1.6877637130801704,29057310.0
600795,2018-10-16,2.32,2.34,2.29,2.3,-0.0300000000000002,-1.2875536480686844,41330125.0
600795,2018-10-17,2.31,2.33,2.29,2.32,0.02,0.8695652173912993,35772746.0
600795,2018-10-18,2.31,2.32,2.28,2.28,-0.04,-1.7241379310344862,32552569.0
600795,2018-10-19,2.27,2.33,2.25,2.33,0.0500000000000002,2.192982456140369,38898690.0
600795,2018-10-22,2.33,2.43,2.33,2.42,0.0899999999999998,3.862660944205998,58256198.0
600795,2018-10-23,2.41,2.42,2.38,2.39,-0.0299999999999998,-1.2396694214875992,38791708.0
600795,2018-10-24,2.38,2.42,2.37,2.41,0.02,0.8368200836819994,29566442.0
600795,2018-10-25,2.38,2.41,2.35,2.4,-0.0100000000000002,-0.4149377593361092,30390832.0
600795,2018-10-26,2.4,2.44,2.4,2.41,0.0100000000000002,0.4166666666666874,35423683.0
600795,2018-10-29,2.41,2.42,2.38,2.4,-0.0100000000000002,-0.4149377593361092,25138129.0
600795,2018-10-30,2.38,2.43,2.38,2.42,0.02,0.8333333333333304,30056513.0
600795,2018-10-31,2.42,2.45,2.42,2.44,0.02,0.8264462809917328,33576692.0
600795,2018-11-01,2.44,2.47,2.44,2.44,0.0,0.0,33917042.0
600795,2018-11-02,2.46,2.48,2.45,2.47,0.0300000000000002,1.2295081967213184,39080556.0
600795,2018-11-05,2.47,2.48,2.45,2.47,0.0,0.0,25966679.0
600795,2018-11-06,2.47,2.48,2.46,2.47,0.0,0.0,19906154.0
600795,2018-11-07,2.47,2.48,2.45,2.46,-0.0100000000000002,-0.4048582995951455,29490645.0
600795,2018-11-08,2.46,2.47,2.44,2.44,-0.02,-0.8130081300813052,25042494.0
600795,2018-11-09,2.45,2.45,2.43,2.43,-0.0099999999999997,-0.4098360655737654,17857805.0
600795,2018-11-12,2.43,2.48,2.42,2.47,0.04,1.6460905349794164,28564291.0
600795,2018-11-13,2.46,2.52,2.45,2.51,0.0399999999999995,1.61943319838056,45152917.0
600795,2018-11-14,2.5,2.51,2.48,2.48,-0.0299999999999998,-1.195219123505964,32262722.0
600795,2018-11-15,2.48,2.51,2.48,2.51,0.0299999999999998,1.2096774193548263,28093784.0
600795,2018-11-16,2.51,2.52,2.49,2.51,0.0,0.0,46044006.0
600795,2018-11-19,2.51,2.53,2.49,2.52,0.0100000000000002,0.3984063745019917,40329553.0
600795,2018-11-20,2.51,2.51,2.46,2.47,-0.0499999999999998,-1.984126984126977,36827345.0
600795,2018-11-21,2.46,2.49,2.45,2.48,0.0099999999999997,0.4048582995951344,29086570.0
600795,2018-11-22,2.48,2.49,2.47,2.48,0.0,0.0,17614095.0
600795,2018-11-23,2.48,2.48,2.42,2.45,-0.0299999999999998,-1.2096774193548263,32371909.0
600795,2018-11-26,2.44,2.45,2.42,2.43,-0.02,-0.8163265306122436,23597995.0
600795,2018-11-27,2.44,2.46,2.42,2.45,0.02,0.8230452674897082,25890761.0
600795,2018-11-28,2.45,2.46,2.43,2.46,0.0099999999999997,0.4081632653061051,21812087.0
600795,2018-11-29,2.46,2.49,2.43,2.44,-0.02,-0.8130081300813052,42535208.0
600795,2018-11-30,2.44,2.5,2.43,2.49,0.0500000000000002,2.0491803278688714,42488358.0
600795,2018-12-03,2.5,2.54,2.5,2.52,0.0299999999999998,1.2048192771084263,45829424.0
600795,2018-12-04,2.52,2.54,2.51,2.53,0.0099999999999997,0.3968253968253954,28599904.0
600795,2018-12-05,2.51,2.55,2.5,2.53,0.0,0.0,34822184.0
600795,2018-12-06,2.53,2.54,2.51,2.51,-0.02,-0.7905138339920903,28852442.0
600795,2018-12-07,2.52,2.56,2.51,2.55,0.04,1.5936254980079667,29424404.0
600795,2018-12-10,2.54,2.55,2.52,2.53,-0.02,-0.7843137254901933,28647297.0
600795,2018-12-11,2.54,2.55,2.51,2.51,-0.02,-0.7905138339920903,19052900.0
600795,2018-12-12,2.52,2.54,2.51,2.52,0.0100000000000002,0.3984063745019917,21507974.0
600795,2018-12-13,2.53,2.56,2.51,2.54,0.02,0.7936507936507908,32774681.0
600795,2018-12-14,2.53,2.54,2.5,2.5,-0.04,-1.5748031496062964,35446784.0
600795,2018-12-17,2.5,2.5,2.48,2.5,0.0,0.0,32275600.0
600795,2018-12-18,2.49,2.5,2.46,2.48,-0.02,-0.8000000000000007,27556428.0
600795,2018-12-19,2.49,2.52,2.48,2.49,0.0100000000000002,0.4032258064516236,28857505.0
600795,2018-12-20,2.49,2.5,2.45,2.47,-0.02,-0.8032128514056214,25959873.0
600795,2018-12-21,2.46,2.49,2.45,2.48,0.0099999999999997,0.4048582995951344,30165332.0
600795,2018-12-24,2.46,2.52,2.46,2.51,0.0299999999999998,1.2096774193548263,34927086.0
600795,2018-12-25,2.49,2.5,2.45,2.48,-0.0299999999999998,-1.195219123505964,27321069.0
600795,2018-12-26,2.48,2.49,2.46,2.48,0.0,0.0,22644885.0
600795,2018-12-27,2.5,2.52,2.46,2.51,0.0299999999999998,1.2096774193548263,45882843.0
600795,2018-12-28,2.5,2.57,2.48,2.56,0.0500000000000002,1.9920318725099808,71289301.0
600795,2019-01-02,2.55,2.57,2.52,2.55,-0.0100000000000002,-0.3906250000000111,48306400.0
600795,2019-01-03,2.54,2.56,2.53,2.55,0.0,0.0,28300007.0
600795,2019-01-04,2.54,2.58,2.53,2.57,0.02,0.7843137254901933,41762670.0
600795,2019-01-07,2.58,2.58,2.55,2.57,0.0,0.0,40051837.0
600795,2019-01-08,2.57,2.62,2.56,2.6,0.0300000000000002,1.1673151750972943,38900769.0
600795,2019-01-09,2.6,2.64,2.59,2.6,0.0,0.0,52389727.0
600795,2019-01-10,2.6,2.61,2.58,2.59,-0.0100000000000002,-0.3846153846153943,32005153.0
600795,2019-01-11,2.6,2.61,2.57,2.59,0.0,0.0,24528281.0
600795,2019-01-14,2.58,2.59,2.55,2.55,-0.04,-1.544401544401541,24630701.0
600795,2019-01-15,2.55,2.58,2.54,2.57,0.02,0.7843137254901933,17613697.0
600795,2019-01-16,2.58,2.59,2.56,2.57,0.0,0.0,22563243.0
600795,2019-01-17,2.57,2.58,2.55,2.55,-0.02,-0.7782101167315147,20762458.0
600795,2019-01-18,2.56,2.59,2.55,2.59,0.04,1.5686274509803866,30246398.0
600795,2019-01-21,2.59,2.6,2.57,2.57,-0.02,-0.7722007722007707,19414100.0
600795,2019-01-22,2.58,2.58,2.55,2.56,-0.0099999999999997,-0.3891050583657462,22101656.0
600795,2019-01-23,2.55,2.56,2.54,2.55,-0.0100000000000002,-0.3906250000000111,24459901.0
600795,2019-01-24,2.56,2.57,2.54,2.56,0.0100000000000002,0.3921568627450966,22424009.0
600795,2019-01-25,2.57,2.59,2.56,2.58,0.02,0.78125,39226522.0
600795,2019-01-28,2.58,2.61,2.58,2.6,0.02,0.7751937984496138,31631067.0
600795,2019-01-29,2.59,2.6,2.55,2.56,-0.04,-1.538461538461544,31717332.0
600795,2019-01-30,2.49,2.49,2.42,2.43,-0.1299999999999999,-5.078125,88294371.0
600795,2019-01-31,2.42,2.44,2.4,2.4,-0.0300000000000002,-1.2345679012345734,52176007.0
600795,2019-02-01,2.41,2.46,2.4,2.46,0.06,2.5000000000000133,29778505.0
600795,2019-02-11,2.45,2.48,2.45,2.47,0.0100000000000002,0.4065040650406581,34554573.0
600795,2019-02-12,2.47,2.49,2.46,2.49,0.02,0.809716599190291,45221828.0
600795,2019-02-13,2.49,2.53,2.47,2.52,0.0299999999999998,1.2048192771084263,54467126.0
600795,2019-02-14,2.52,2.55,2.5,2.52,0.0,0.0,48311447.0
600795,2019-02-15,2.52,2.56,2.51,2.54,0.02,0.7936507936507908,54242527.0
600795,2019-02-18,2.54,2.6,2.54,2.59,0.0499999999999998,1.9685039370078703,70520554.0
600795,2019-02-19,2.6,2.61,2.58,2.59,0.0,0.0,63002724.0
600795,2019-02-20,2.6,2.6,2.56,2.58,-0.0099999999999997,-0.3861003861003742,42111674.0
600795,2019-02-21,2.58,2.58,2.54,2.55,-0.0300000000000002,-1.1627906976744318,52671626.0
600795,2019-02-22,2.55,2.57,2.54,2.57,0.02,0.7843137254901933,46251893.0
600795,2019-02-25,2.58,2.66,2.57,2.66,0.0900000000000003,3.5019455252918386,173289822.0
600795,2019-02-26,2.67,2.75,2.64,2.69,0.0299999999999998,1.1278195488721776,195979523.0
600795,2019-02-27,2.68,2.72,2.66,2.68,-0.0099999999999997,-0.3717472118959009,145191786.0
600795,2019-02-28,2.67,2.69,2.64,2.65,-0.0300000000000002,-1.1194029850746356,81477481.0
600795,2019-03-01,2.65,2.66,2.62,2.65,0.0,0.0,92071439.0
600795,2019-03-04,2.65,2.72,2.64,2.69,0.04,1.5094339622641506,163497751.0
600795,2019-03-05,2.69,2.71,2.68,2.71,0.02,0.743494423791824,111085643.0
600795,2019-03-06,2.71,2.77,2.7,2.77,0.06,2.2140221402213944,205483536.0
600795,2019-03-07,2.78,2.86,2.74,2.83,0.06,2.166064981949467,260390678.0
600795,2019-03-08,2.78,2.78,2.68,2.68,-0.1499999999999999,-5.300353356890453,205957275.0
600795,2019-03-11,2.68,2.78,2.68,2.78,0.0999999999999996,3.731343283582067,146715479.0
600795,2019-03-12,2.78,2.98,2.76,2.86,0.08,2.877697841726623,309022568.0
600795,2019-03-13,2.82,2.84,2.76,2.78,-0.08,-2.7972027972028024,163278428.0
600795,2019-03-14,2.77,2.78,2.68,2.71,-0.0699999999999998,-2.517985611510787,107540000.0
600795,2019-03-15,2.7,2.74,2.69,2.72,0.0100000000000002,0.3690036900369176,90506264.0
600795,2019-03-18,2.72,2.76,2.7,2.76,0.0399999999999995,1.4705882352941124,111587964.0
600795,2019-03-19,2.76,2.8,2.74,2.76,0.0,0.0,115447751.0
600795,2019-03-20,2.76,2.76,2.71,2.74,-0.0199999999999995,-0.7246376811594013,76070154.0
600795,2019-03-21,2.75,2.78,2.74,2.75,0.0099999999999997,0.364963503649629,86790591.0
600795,2019-03-22,2.76,2.76,2.71,2.74,-0.0099999999999997,-0.3636363636363549,73635348.0
600795,2019-03-25,2.71,2.73,2.7,2.71,-0.0300000000000002,-1.094890510948909,73087590.0
600795,2019-03-26,2.71,2.73,2.64,2.65,-0.06,-2.2140221402214055,88396838.0
600795,2019-03-27,2.66,2.67,2.63,2.65,0.0,0.0,47324211.0
600795,2019-03-28,2.64,2.65,2.61,2.62,-0.0299999999999998,-1.132075471698102,48837464.0
600795,2019-03-29,2.62,2.68,2.61,2.68,0.06,2.2900763358778553,82082563.0
600795,2019-04-01,2.68,2.75,2.68,2.73,0.0499999999999998,1.8656716417910335,112471016.0
600795,2019-04-02,2.74,2.75,2.72,2.74,0.0100000000000002,0.366300366300365,79652224.0
600795,2019-04-03,2.73,2.76,2.71,2.75,0.0099999999999997,0.364963503649629,84161254.0
600795,2019-04-04,2.76,2.79,2.75,2.78,0.0299999999999998,1.0909090909090755,107786504.0
600795,2019-04-08,2.78,2.8,2.73,2.75,-0.0299999999999998,-1.0791366906474753,108559492.0
600795,2019-04-09,2.75,2.77,2.74,2.76,0.0099999999999997,0.363636363636366,74929374.0
600795,2019-04-10,2.75,2.77,2.72,2.75,-0.0099999999999997,-0.3623188405797006,75336238.0
600795,2019-04-11,2.76,2.84,2.75,2.82,0.0699999999999998,2.5454545454545396,202255152.0
600795,2019-04-12,2.8,2.87,2.78,2.85,0.0300000000000002,1.0638297872340496,185148450.0
600795,2019-04-15,2.87,2.89,2.82,2.82,-0.0300000000000002,-1.0526315789473717,139494432.0
600795,2019-04-16,2.8,2.82,2.75,2.81,-0.0099999999999997,-0.3546099290780091,93524838.0
600795,2019-04-17,2.8,2.81,2.78,2.8,-0.0100000000000002,-0.3558718861210064,74447974.0
600795,2019-04-18,2.8,2.84,2.79,2.81,0.0100000000000002,0.3571428571428559,69793996.0
600795,2019-04-19,2.81,2.82,2.78,2.8,-0.0100000000000002,-0.3558718861210064,63909256.0
600795,2019-04-22,2.81,2.82,2.76,2.77,-0.0299999999999998,-1.0714285714285676,85190133.0
600795,2019-04-23,2.78,2.78,2.74,2.76,-0.0100000000000002,-0.3610108303249149,70264038.0
600795,2019-04-24,2.76,2.77,2.72,2.74,-0.0199999999999995,-0.7246376811594013,56394862.0
600795,2019-04-25,2.74,2.74,2.68,2.69,-0.0500000000000002,-1.8248175182481896,61909324.0
600795,2019-04-26,2.68,2.68,2.62,2.63,-0.06,-2.230483271375472,78554635.0
600795,2019-04-29,2.63,2.68,2.63,2.64,0.0100000000000002,0.3802281368821436,69727041.0
600795,2019-04-30,2.64,2.73,2.64,2.71,0.0699999999999998,2.651515151515138,72425772.0
600795,2019-05-06,2.69,2.69,2.51,2.6,-0.1099999999999998,-4.059040590405905,117819022.0
600795,2019-05-07,2.59,2.61,2.53,2.57,-0.0300000000000002,-1.1538461538461608,104149217.0
600795,2019-05-08,2.54,2.58,2.51,2.55,-0.02,-0.7782101167315147,84436205.0
600795,2019-05-09,2.54,2.55,2.52,2.53,-0.02,-0.7843137254901933,41632193.0
600795,2019-05-10,2.53,2.58,2.52,2.57,0.04,1.5810276679841806,65707531.0
600795,2019-05-13,2.54,2.56,2.53,2.55,-0.02,-0.7782101167315147,34713533.0
600795,2019-05-14,2.53,2.55,2.52,2.53,-0.02,-0.7843137254901933,39154167.0
600795,2019-05-15,2.54,2.57,2.53,2.55,0.02,0.7905138339920903,67697572.0
600795,2019-05-16,2.55,2.57,2.54,2.57,0.02,0.7843137254901933,42696598.0
600795,2019-05-17,2.56,2.57,2.51,2.51,-0.06,-2.3346303501945553,46318479.0
600795,2019-05-20,2.5,2.51,2.48,2.49,-0.0199999999999995,-0.7968127490039723,49349986.0
600795,2019-05-21,2.49,2.52,2.48,2.51,0.0199999999999995,0.8032128514056103,34078245.0
600795,2019-05-22,2.51,2.52,2.48,2.49,-0.0199999999999995,-0.7968127490039723,32672028.0
600795,2019-05-23,2.49,2.5,2.46,2.47,-0.02,-0.8032128514056214,35800406.0
600795,2019-05-24,2.47,2.49,2.46,2.47,0.0,0.0,30895168.0
600795,2019-05-27,2.47,2.52,2.46,2.51,0.0399999999999995,1.61943319838056,41487323.0
600795,2019-05-28,2.51,2.53,2.5,2.53,0.02,0.7968127490039834,70585698.0
600795,2019-05-29,2.51,2.53,2.5,2.51,-0.02,-0.7905138339920903,32671907.0
600795,2019-05-30,2.51,2.51,2.49,2.5,-0.0099999999999997,-0.3984063745019806,25863633.0
600795,2019-05-31,2.51,2.53,2.5,2.52,0.02,0.8000000000000007,36568763.0
600795,2019-06-03,2.51,2.53,2.5,2.52,0.0,0.0,35020971.0
600795,2019-06-04,2.51,2.52,2.49,2.5,-0.02,-0.7936507936507908,27418766.0
600795,2019-06-05,2.51,2.52,2.5,2.5,0.0,0.0,32094055.0
600795,2019-06-06,2.5,2.51,2.48,2.49,-0.0099999999999997,-0.3999999999999892,29500864.0
600795,2019-06-10,2.5,2.53,2.49,2.53,0.0399999999999995,1.6064257028112203,49518687.0
600795,2019-06-11,2.53,2.57,2.52,2.57,0.04,1.5810276679841806,49166994.0
600795,2019-06-12,2.56,2.57,2.54,2.55,-0.02,-0.7782101167315147,38088071.0
600795,2019-06-13,2.55,2.55,2.53,2.54,-0.0099999999999997,-0.3921568627450855,39504317.0
600795,2019-06-14,2.55,2.55,2.52,2.53,-0.0100000000000002,-0.3937007874015852,33278167.0
600795,2019-06-17,2.53,2.56,2.52,2.54,0.0100000000000002,0.3952569169960673,32693243.0
600795,2019-06-18,2.55,2.56,2.54,2.55,0.0099999999999997,0.3937007874015741,32740473.0
600795,2019-06-19,2.58,2.59,2.56,2.57,0.02,0.7843137254901933,40212482.0
600795,2019-06-20,2.56,2.59,2.55,2.58,0.0100000000000002,0.3891050583657574,63297024.0
600795,2019-06-21,2.59,2.6,2.58,2.59,0.0099999999999997,0.3875968992248069,52918589.0
600795,2019-06-24,2.59,2.6,2.57,2.57,-0.02,-0.7722007722007707,36774109.0
600795,2019-06-25,2.58,2.59,2.55,2.56,-0.0099999999999997,-0.3891050583657462,40490108.0
600795,2019-06-26,2.56,2.57,2.54,2.55,-0.0100000000000002,-0.3906250000000111,26530394.0
600795,2019-06-27,2.55,2.58,2.55,2.56,0.0100000000000002,0.3921568627450966,31846881.0
600795,2019-06-28,2.53,2.57,2.52,2.54,-0.02,-0.78125,49676202.0
600795,2019-07-01,2.55,2.57,2.54,2.56,0.02,0.7874015748031482,57733734.0
600795,2019-07-02,2.56,2.56,2.54,2.55,-0.0100000000000002,-0.3906250000000111,36491554.0
600795,2019-07-03,2.55,2.56,2.53,2.54,-0.0099999999999997,-0.3921568627450855,55982670.0
600795,2019-07-04,2.54,2.56,2.53,2.55,0.0099999999999997,0.3937007874015741,59834552.0
600795,2019-07-05,2.54,2.55,2.53,2.54,-0.0099999999999997,-0.3921568627450855,38781422.0
600795,2019-07-08,2.54,2.54,2.49,2.49,-0.0499999999999998,-1.9685039370078703,52312735.0
600795,2019-07-09,2.5,2.51,2.49,2.5,0.0099999999999997,0.401606425702794,28990326.0
600795,2019-07-10,2.5,2.51,2.48,2.49,-0.0099999999999997,-0.3999999999999892,26882123.0
600795,2019-07-11,2.49,2.51,2.48,2.48,-0.0100000000000002,-0.4016064257028162,24814479.0
600795,2019-07-12,2.49,2.5,2.48,2.49,0.0100000000000002,0.4032258064516236,25499679.0
600795,2019-07-15,2.49,2.51,2.46,2.5,0.0099999999999997,0.401606425702794,39999697.0
600795,2019-07-16,2.5,2.51,2.49,2.51,0.0099999999999997,0.4000000000000003,18390679.0
600795,2019-07-17,2.51,2.51,2.5,2.5,-0.0099999999999997,-0.3984063745019806,27353743.0
600795,2019-07-18,2.5,2.5,2.48,2.49,-0.0099999999999997,-0.3999999999999892,23749104.0
600795,2019-07-19,2.5,2.52,2.49,2.51,0.0199999999999995,0.8032128514056103,39213060.0
600795,2019-07-22,2.51,2.52,2.49,2.5,-0.0099999999999997,-0.3984063745019806,32912717.0
600795,2019-07-23,2.51,2.53,2.5,2.53,0.0299999999999998,1.200000000000001,45286456.0
600795,2019-07-24,2.53,2.54,2.52,2.54,0.0100000000000002,0.3952569169960673,42176021.0
600795,2019-07-25,2.54,2.55,2.53,2.54,0.0,0.0,31534180.0
600795,2019-07-26,2.54,2.56,2.53,2.56,0.02,0.7874015748031482,53170284.0
600795,2019-07-29,2.56,2.58,2.55,2.57,0.0099999999999997,0.390625,61532800.0
600795,2019-07-30,2.58,2.58,2.54,2.55,-0.02,-0.7782101167315147,33985750.0
600795,2019-07-31,2.55,2.56,2.53,2.55,0.0,0.0,31769527.0
600795,2019-08-01,2.54,2.58,2.54,2.57,0.02,0.7843137254901933,59349228.0
600795,2019-08-02,2.55,2.55,2.51,2.54,-0.0299999999999998,-1.167315175097272,63332689.0
600795,2019-08-05,2.54,2.55,2.5,2.51,-0.0300000000000002,-1.1811023622047334,48020600.0
600795,2019-08-06,2.48,2.5,2.43,2.47,-0.0399999999999995,-1.5936254980079556,53057883.0
600795,2019-08-07,2.47,2.52,2.46,2.47,0.0,0.0,47377333.0
600795,2019-08-08,2.48,2.48,2.46,2.47,0.0,0.0,27766683.0
600795,2019-08-09,2.47,2.48,2.44,2.45,-0.02,-0.8097165991902799,25574127.0
600795,2019-08-12,2.45,2.46,2.44,2.46,0.0099999999999997,0.4081632653061051,26892793.0
600795,2019-08-13,2.45,2.45,2.43,2.45,-0.0099999999999997,-0.406504065040647,28625843.0
600795,2019-08-14,2.47,2.47,2.45,2.46,0.0099999999999997,0.4081632653061051,21149328.0
600795,2019-08-15,2.43,2.46,2.41,2.45,-0.0099999999999997,-0.406504065040647,33933711.0
600795,2019-08-16,2.45,2.45,2.43,2.43,-0.02,-0.8163265306122436,24189778.0
600795,2019-08-19,2.44,2.47,2.43,2.47,0.04,1.6460905349794164,38811527.0
600795,2019-08-20,2.47,2.47,2.46,2.46,-0.0100000000000002,-0.4048582995951455,27257021.0
600795,2019-08-21,2.46,2.49,2.46,2.47,0.0100000000000002,0.4065040650406581,33147851.0
600795,2019-08-22,2.47,2.48,2.46,2.47,0.0,0.0,17357994.0
600795,2019-08-23,2.47,2.47,2.46,2.47,0.0,0.0,19147282.0
600795,2019-08-26,2.44,2.45,2.43,2.45,-0.02,-0.8097165991902799,27469031.0
600795,2019-08-27,2.45,2.49,2.44,2.46,0.0099999999999997,0.4081632653061051,59806723.0
600795,2019-08-28,2.48,2.49,2.46,2.47,0.0100000000000002,0.4065040650406581,36593414.0
600795,2019-08-29,2.47,2.47,2.45,2.47,0.0,0.0,21099281.0
600795,2019-08-30,2.48,2.49,2.45,2.46,-0.0100000000000002,-0.4048582995951455,34654405.0
600795,2019-09-02,2.46,2.48,2.45,2.47,0.0100000000000002,0.4065040650406581,42383893.0
600795,2019-09-03,2.47,2.47,2.46,2.46,-0.0100000000000002,-0.4048582995951455,23915024.0
600795,2019-09-04,2.47,2.48,2.46,2.47,0.0100000000000002,0.4065040650406581,40246023.0
600795,2019-09-05,2.47,2.51,2.47,2.49,0.02,0.809716599190291,76577461.0
600795,2019-09-06,2.49,2.5,2.47,2.49,0.0,0.0,38284557.0
600795,2019-09-09,2.5,2.5,2.48,2.5,0.0099999999999997,0.401606425702794,40262827.0
600795,2019-09-10,2.49,2.5,2.48,2.49,-0.0099999999999997,-0.3999999999999892,37643598.0
600795,2019-09-11,2.49,2.5,2.48,2.5,0.0099999999999997,0.401606425702794,40686298.0
600795,2019-09-12,2.49,2.5,2.48,2.5,0.0,0.0,38463261.0
600795,2019-09-16,2.5,2.52,2.49,2.51,0.0099999999999997,0.4000000000000003,65664903.0
600795,2019-09-17,2.5,2.51,2.47,2.47,-0.0399999999999995,-1.5936254980079556,60467190.0
600795,2019-09-18,2.47,2.48,2.47,2.47,0.0,0.0,26973339.0
600795,2019-09-19,2.48,2.48,2.46,2.47,0.0,0.0,33393607.0
600795,2019-09-20,2.47,2.48,2.46,2.47,0.0,0.0,42124951.0
600795,2019-09-23,2.47,2.47,2.43,2.45,-0.02,-0.8097165991902799,55858260.0
600795,2019-09-24,2.44,2.45,2.43,2.43,-0.02,-0.8163265306122436,48265273.0
600795,2019-09-25,2.42,2.43,2.41,2.41,-0.02,-0.8230452674897082,28091774.0
600795,2019-09-26,2.41,2.42,2.41,2.41,0.0,0.0,34936157.0
600795,2019-09-27,2.41,2.42,2.4,2.4,-0.0100000000000002,-0.4149377593361092,28424486.0
600795,2019-09-30,2.41,2.41,2.39,2.39,-0.0099999999999997,-0.4166666666666541,33893757.0
600795,2019-10-08,2.39,2.4,2.38,2.38,-0.0100000000000002,-0.4184100418410108,28492504.0
600795,2019-10-09,2.37,2.38,2.35,2.37,-0.0099999999999997,-0.4201680672268781,39997347.0
600795,2019-10-10,2.37,2.39,2.36,2.38,0.0099999999999997,0.421940928270037,37329487.0
600795,2019-10-11,2.38,2.4,2.37,2.39,0.0100000000000002,0.4201680672269114,35594047.0
600795,2019-10-14,2.4,2.42,2.39,2.41,0.02,0.8368200836819994,39183115.0
600795,2019-10-15,2.41,2.41,2.39,2.39,-0.02,-0.8298755186721962,26706400.0
600795,2019-10-16,2.4,2.41,2.38,2.39,0.0,0.0,35037440.0
600795,2019-10-17,2.39,2.39,2.37,2.37,-0.02,-0.8368200836820106,32916560.0
600795,2019-10-18,2.38,2.39,2.35,2.35,-0.02,-0.8438818565400852,36506755.0
600795,2019-10-21,2.36,2.36,2.34,2.36,0.0099999999999997,0.4255319148936065,40847626.0
600795,2019-10-22,2.36,2.36,2.33,2.35,-0.0099999999999997,-0.4237288135593098,42925659.0
600795,2019-10-23,2.34,2.36,2.34,2.35,0.0,0.0,32995420.0
600795,2019-10-24,2.34,2.35,2.34,2.34,-0.0100000000000002,-0.4255319148936287,20668590.0
600795,2019-10-25,2.35,2.35,2.33,2.34,0.0,0.0,42388866.0
600795,2019-10-28,2.35,2.37,2.34,2.36,0.02,0.8547008547008517,47493156.0
600795,2019-10-29,2.36,2.37,2.35,2.35,-0.0099999999999997,-0.4237288135593098,32816495.0
600795,2019-10-30,2.35,2.36,2.33,2.34,-0.0100000000000002,-0.4255319148936287,30298482.0
600795,2019-10-31,2.34,2.34,2.32,2.33,-0.0099999999999997,-0.4273504273504147,33375895.0
600795,2019-11-01,2.33,2.35,2.31,2.34,0.0099999999999997,0.4291845493562096,43798535.0
600795,2019-11-04,2.34,2.36,2.34,2.34,0.0,0.0,39671634.0
600795,2019-11-05,2.34,2.36,2.34,2.35,0.0100000000000002,0.427350427350448,41426033.0
600795,2019-11-06,2.35,2.35,2.33,2.34,-0.0100000000000002,-0.4255319148936287,32771027.0
600795,2019-11-07,2.33,2.34,2.33,2.34,0.0,0.0,27335502.0
600795,2019-11-08,2.33,2.35,2.33,2.33,-0.0099999999999997,-0.4273504273504147,31373058.0
600795,2019-11-11,2.33,2.34,2.29,2.3,-0.0300000000000002,-1.2875536480686844,46049110.0
600795,2019-11-12,2.3,2.3,2.26,2.27,-0.0299999999999998,-1.304347826086949,53980313.0
600795,2019-11-13,2.26,2.27,2.24,2.24,-0.0299999999999998,-1.3215859030836885,44751746.0
600795,2019-11-14,2.23,2.24,2.22,2.23,-0.0100000000000002,-0.4464285714285809,42604232.0
600795,2019-11-15,2.23,2.23,2.19,2.2,-0.0299999999999998,-1.3452914798206206,47955520.0
600795,2019-11-18,2.2,2.27,2.18,2.25,0.0499999999999998,2.2727272727272707,62056584.0
600795,2019-11-19,2.24,2.26,2.23,2.25,0.0,0.0,34316596.0
600795,2019-11-20,2.24,2.24,2.21,2.21,-0.04,-1.777777777777778,26461544.0
600795,2019-11-21,2.22,2.22,2.2,2.22,0.0100000000000002,0.452488687782826,22730250.0
600795,2019-11-22,2.22,2.25,2.21,2.23,0.0099999999999997,0.4504504504504458,43952755.0
600795,2019-11-25,2.23,2.27,2.22,2.27,0.04,1.7937219730941756,49551043.0
600795,2019-11-26,2.27,2.28,2.25,2.28,0.0099999999999997,0.4405286343612147,71079800.0
600795,2019-11-27,2.27,2.29,2.26,2.27,-0.0099999999999997,-0.4385964912280604,35477625.0
600795,2019-11-28,2.27,2.28,2.26,2.26,-0.0100000000000002,-0.440528634361248,25760820.0
600795,2019-11-29,2.26,2.27,2.25,2.26,0.0,0.0,21716380.0
600795,2019-12-02,2.26,2.32,2.25,2.28,0.02,0.8849557522123908,57179422.0
600795,2019-12-03,2.28,2.32,2.27,2.31,0.0300000000000002,1.3157894736842255,50779447.0
600795,2019-12-04,2.31,2.31,2.29,2.3,-0.0100000000000002,-0.4329004329004404,30090873.0
600795,2019-12-05,2.3,2.31,2.28,2.29,-0.0099999999999997,-0.4347826086956385,31201456.0
600795,2019-12-06,2.29,2.29,2.27,2.28,-0.0100000000000002,-0.4366812227074357,26603400.0
600795,2019-12-09,2.28,2.3,2.27,2.29,0.0100000000000002,0.4385964912280826,38758720.0
600795,2019-12-10,2.28,2.3,2.28,2.29,0.0,0.0,31723676.0
600795,2019-12-11,2.29,2.3,2.28,2.28,-0.0100000000000002,-0.4366812227074357,21771607.0
600795,2019-12-12,2.28,2.28,2.23,2.24,-0.0399999999999995,-1.754385964912264,47681366.0
600795,2019-12-13,2.25,2.27,2.24,2.27,0.0299999999999998,1.3392857142856984,55297835.0
600795,2019-12-16,2.27,2.3,2.26,2.29,0.02,0.8810572687224738,47985636.0
600795,2019-12-17,2.29,2.33,2.28,2.32,0.0299999999999998,1.3100436681222627,68673464.0
600795,2019-12-18,2.32,2.33,2.31,2.32,0.0,0.0,40817700.0
600795,2019-12-19,2.32,2.34,2.31,2.32,0.0,0.0,51208638.0
600795,2019-12-20,2.32,2.35,2.32,2.34,0.02,0.8620689655172376,59085079.0
600795,2019-12-23,2.33,2.34,2.3,2.3,-0.04,-1.7094017094017144,45906400.0
600795,2019-12-24,2.3,2.32,2.3,2.31,0.0100000000000002,0.4347826086956718,22121951.0
600795,2019-12-25,2.31,2.33,2.3,2.32,0.0099999999999997,0.4329004329004293,32690419.0
600795,2019-12-26,2.32,2.33,2.31,2.32,0.0,0.0,24638411.0
600795,2019-12-27,2.32,2.33,2.31,2.31,-0.0099999999999997,-0.4310344827586077,45425742.0
600795,2019-12-30,2.31,2.33,2.3,2.32,0.0099999999999997,0.4329004329004293,45916836.0
600795,2019-12-31,2.33,2.35,2.32,2.34,0.02,0.8620689655172376,46342469.0
600795,2020-01-02,2.35,2.37,2.34,2.36,0.02,0.8547008547008517,73908065.0
600795,2020-01-03,2.35,2.36,2.34,2.35,-0.0099999999999997,-0.4237288135593098,45627823.0
600795,2020-01-06,2.34,2.36,2.33,2.34,-0.0100000000000002,-0.4255319148936287,71404512.0
600795,2020-01-07,2.34,2.37,2.33,2.36,0.02,0.8547008547008517,62944900.0
600795,2020-01-08,2.36,2.36,2.33,2.35,-0.0099999999999997,-0.4237288135593098,55200092.0
600795,2020-01-09,2.35,2.36,2.33,2.35,0.0,0.0,48533049.0
600795,2020-01-10,2.35,2.35,2.33,2.34,-0.0100000000000002,-0.4255319148936287,35444255.0
600795,2020-01-13,2.33,2.34,2.31,2.32,-0.02,-0.8547008547008517,54281420.0
600795,2020-01-14,2.32,2.33,2.31,2.32,0.0,0.0,36899247.0
600795,2020-01-15,2.32,2.33,2.3,2.31,-0.0099999999999997,-0.4310344827586077,39033230.0
600795,2020-01-16,2.31,2.32,2.29,2.29,-0.02,-0.8658008658008698,27906490.0
600795,2020-01-17,2.29,2.31,2.29,2.29,0.0,0.0,26667971.0
600795,2020-01-20,2.29,2.3,2.28,2.29,0.0,0.0,34552570.0
600795,2020-01-21,2.29,2.3,2.26,2.27,-0.02,-0.8733624454148492,34750239.0
600795,2020-01-22,2.26,2.27,2.24,2.26,-0.0100000000000002,-0.440528634361248,39660179.0
600795,2020-01-23,2.25,2.25,2.21,2.22,-0.0399999999999995,-1.7699115044247593,58648602.0
600795,2020-02-03,2.0,2.05,2.0,2.01,-0.2100000000000004,-9.459459459459474,165224437.0
600795,2020-02-04,2.0,2.1,1.99,2.06,0.0500000000000002,2.4875621890547484,111841725.0
600795,2020-02-05,2.06,2.1,2.04,2.09,0.0299999999999998,1.4563106796116498,64667350.0
600795,2020-02-06,2.09,2.1,2.06,2.1,0.0100000000000002,0.4784688995215447,56998714.0
600795,2020-02-07,2.09,2.11,2.07,2.11,0.0099999999999997,0.4761904761904745,54671096.0
600795,2020-02-10,2.09,2.12,2.08,2.11,0.0,0.0,57486073.0
600795,2020-02-11,2.11,2.14,2.1,2.11,0.0,0.0,67663344.0
600795,2020-02-12,2.11,2.14,2.09,2.13,0.02,0.9478672985782088,67834454.0
600795,2020-02-13,2.12,2.14,2.12,2.12,-0.0099999999999997,-0.4694835680751019,47717885.0
600795,2020-02-14,2.12,2.13,2.11,2.12,0.0,0.0,33418045.0
600795,2020-02-17,2.12,2.15,2.11,2.15,0.0299999999999998,1.4150943396226356,65406931.0
600795,2020-02-18,2.15,2.18,2.13,2.15,0.0,0.0,66363439.0
600795,2020-02-19,2.14,2.15,2.13,2.14,-0.0099999999999997,-0.4651162790697549,38632718.0
600795,2020-02-20,2.14,2.17,2.13,2.16,0.02,0.9345794392523477,65607873.0
600795,2020-02-21,2.15,2.17,2.15,2.16,0.0,0.0,65342378.0
600795,2020-02-24,2.16,2.16,2.13,2.14,-0.02,-0.92592592592593,61030245.0
600795,2020-02-25,2.12,2.12,2.09,2.11,-0.0300000000000002,-1.4018691588785217,97236743.0
600795,2020-02-26,2.1,2.15,2.08,2.14,0.0300000000000002,1.4218009478673022,100076594.0
600795,2020-02-27,2.14,2.16,2.13,2.14,0.0,0.0,67657081.0
600795,2020-02-28,2.12,2.12,2.08,2.1,-0.04,-1.869158878504673,93032304.0
600795,2020-03-02,2.09,2.18,2.09,2.16,0.06,2.857142857142869,90740261.0
600795,2020-03-03,2.17,2.18,2.14,2.14,-0.02,-0.92592592592593,102562267.0
600795,2020-03-04,2.14,2.17,2.12,2.14,0.0,0.0,98778597.0
600795,2020-03-05,2.15,2.18,2.14,2.17,0.0299999999999998,1.4018691588784993,121794333.0
600795,2020-03-06,2.15,2.17,2.14,2.15,-0.02,-0.9216589861751112,71939301.0
600795,2020-03-09,2.14,2.15,2.11,2.11,-0.04,-1.8604651162790753,95074800.0
600795,2020-03-10,2.1,2.14,2.09,2.13,0.02,0.9478672985782088,88837118.0
600795,2020-03-11,2.13,2.14,2.11,2.12,-0.0099999999999997,-0.4694835680751019,69799475.0
600795,2020-03-12,2.11,2.11,2.08,2.1,-0.02,-0.943396226415094,86309800.0
600795,2020-03-13,2.04,2.08,2.02,2.08,-0.02,-0.952380952380949,85830535.0
600795,2020-03-16,2.09,2.1,2.06,2.06,-0.02,-0.961538461538458,70280932.0
600795,2020-03-17,2.04,2.07,2.04,2.06,0.0,0.0,68015569.0
600795,2020-03-18,2.06,2.07,2.04,2.04,-0.02,-0.9708737864077666,56038202.0
600795,2020-03-19,2.04,2.05,2.01,2.04,0.0,0.0,73632540.0
600795,2020-03-20,2.04,2.05,2.01,2.03,-0.0100000000000002,-0.4901960784313819,64041487.0
600795,2020-03-23,2.0,2.02,2.0,2.01,-0.02,-0.985221674876846,66193675.0
600795,2020-03-24,2.02,2.03,2.0,2.02,0.0100000000000002,0.4975124378109541,56747922.0
600795,2020-03-25,2.04,2.05,2.02,2.03,0.0099999999999997,0.4950495049504955,64452707.0
600795,2020-03-26,2.02,2.03,2.01,2.02,-0.0099999999999997,-0.4926108374384119,41990761.0
600795,2020-03-27,2.03,2.04,2.02,2.03,0.0099999999999997,0.4950495049504955,47239648.0
600795,2020-03-30,2.02,2.03,2.0,2.02,-0.0099999999999997,-0.4926108374384119,47576779.0
600795,2020-03-31,2.03,2.04,2.02,2.03,0.0099999999999997,0.4950495049504955,43234171.0
600795,2020-04-01,2.03,2.05,2.02,2.02,-0.0099999999999997,-0.4926108374384119,45111852.0
600795,2020-04-02,2.02,2.04,2.01,2.03,0.0099999999999997,0.4950495049504955,38378042.0
600795,2020-04-03,2.03,2.04,2.02,2.02,-0.0099999999999997,-0.4926108374384119,27813710.0
600795,2020-04-07,2.03,2.05,2.03,2.05,0.0299999999999998,1.4851485148514865,58255009.0
600795,2020-04-08,2.04,2.05,2.03,2.04,-0.0099999999999997,-0.4878048780487698,36158191.0
600795,2020-04-09,2.05,2.05,2.04,2.04,0.0,0.0,16520837.0
600795,2020-04-10,2.04,2.05,2.03,2.03,-0.0100000000000002,-0.4901960784313819,26339924.0
600795,2020-04-13,2.03,2.04,2.02,2.03,0.0,0.0,30060800.0
600795,2020-04-14,2.03,2.04,2.03,2.04,0.0100000000000002,0.4926108374384341,57376052.0
600795,2020-04-15,2.04,2.04,2.02,2.03,-0.0100000000000002,-0.4901960784313819,42097361.0
600795,2020-04-16,2.02,2.12,2.02,2.07,0.04,1.970443349753692,139291608.0
600795,2020-04-17,2.05,2.06,2.02,2.04,-0.0299999999999998,-1.449275362318836,93690722.0
600795,2020-04-20,2.04,2.04,2.02,2.03,-0.0100000000000002,-0.4901960784313819,63428156.0
600795,2020-04-21,2.03,2.03,2.0,2.01,-0.02,-0.985221674876846,74362959.0
600795,2020-04-22,2.0,2.02,2.0,2.02,0.0100000000000002,0.4975124378109541,42139306.0
600795,2020-04-23,2.02,2.02,2.0,2.01,-0.0100000000000002,-0.4950495049505066,47075167.0
600795,2020-04-24,2.01,2.01,2.0,2.0,-0.0099999999999997,-0.4975124378109319,34157868.0
600795,2020-04-27,2.0,2.01,1.99,2.0,0.0,0.0,34319922.0
600795,2020-04-28,2.0,2.01,1.97,1.98,-0.02,-1.0000000000000009,72255005.0
600795,2020-04-29,1.97,1.99,1.97,1.98,0.0,0.0,37515655.0
600795,2020-04-30,1.97,1.99,1.97,1.99,0.01,0.5050505050504972,56574209.0
600795,2020-05-06,1.98,1.99,1.97,1.98,-0.01,-0.5025125628140725,46903084.0
600795,2020-05-07,1.98,1.99,1.97,1.98,0.0,0.0,48017383.0
600795,2020-05-08,1.98,1.99,1.97,1.98,0.0,0.0,39288312.0
600795,2020-05-11,1.98,1.99,1.97,1.97,-0.01,-0.5050505050505083,46029857.0
600795,2020-05-12,1.97,1.98,1.95,1.96,-0.01,-0.5076142131979711,51262413.0
600795,2020-05-13,1.95,1.96,1.93,1.94,-0.02,-1.0204081632653073,65013065.0
600795,2020-05-14,1.93,1.94,1.9,1.9,-0.04,-2.061855670103097,73661444.0
600795,2020-05-15,1.9,1.91,1.9,1.9,0.0,0.0,34241182.0
600795,2020-05-18,1.9,1.91,1.88,1.89,-0.01,-0.5263157894736858,58656156.0
600795,2020-05-19,1.89,1.9,1.88,1.89,0.0,0.0,43400257.0
600795,2020-05-20,1.89,1.9,1.88,1.88,-0.01,-0.5291005291005346,25718453.0
600795,2020-05-21,1.89,1.89,1.83,1.84,-0.0399999999999998,-2.127659574468077,91408804.0
600795,2020-05-22,1.83,1.84,1.79,1.81,-0.03,-1.6304347826086918,82634908.0
600795,2020-05-25,1.8,1.82,1.79,1.8,-0.01,-0.5524861878453025,34109933.0
600795,2020-05-26,1.81,1.82,1.8,1.81,0.01,0.5555555555555536,35560132.0
600795,2020-05-27,1.81,1.82,1.79,1.81,0.0,0.0,25444560.0
600795,2020-05-28,1.81,1.83,1.8,1.81,0.0,0.0,37820207.0
600795,2020-05-29,1.81,1.82,1.8,1.82,0.01,0.5524861878453136,47706787.0
600795,2020-06-01,1.82,1.84,1.81,1.83,0.01,0.5494505494505475,49519443.0
600795,2020-06-02,1.83,1.9,1.82,1.88,0.0499999999999998,2.7322404371584508,98029227.0
600795,2020-06-03,1.88,1.88,1.84,1.84,-0.0399999999999998,-2.127659574468077,65863237.0
600795,2020-06-04,1.85,1.86,1.84,1.84,0.0,0.0,32090939.0
600795,2020-06-05,1.84,1.85,1.83,1.84,0.0,0.0,35823911.0
600795,2020-06-08,1.84,1.85,1.83,1.83,-0.01,-0.5434782608695676,28592549.0
600795,2020-06-09,1.84,1.86,1.83,1.85,0.02,1.0928961748633892,53983660.0
600795,2020-06-10,1.85,1.85,1.82,1.83,-0.02,-1.0810810810810811,38533749.0
600795,2020-06-11,1.83,1.83,1.81,1.82,-0.01,-0.5464480874316946,29521454.0
600795,2020-06-12,1.8,1.82,1.79,1.82,0.0,0.0,61667787.0
600795,2020-06-15,1.81,1.82,1.8,1.8,-0.02,-1.098901098901095,45216672.0
600795,2020-06-16,1.81,1.82,1.81,1.81,0.01,0.5555555555555536,34158635.0
600795,2020-06-17,1.82,1.83,1.81,1.83,0.02,1.104972375690605,31733047.0
600795,2020-06-18,1.82,1.88,1.82,1.87,0.04,2.1857923497267784,95778965.0
600795,2020-06-19,1.85,1.86,1.84,1.86,-0.01,-0.5347593582887722,54064734.0
600795,2020-06-22,1.85,1.86,1.84,1.84,-0.02,-1.0752688172043,33244075.0
600795,2020-06-23,1.84,1.85,1.82,1.82,-0.02,-1.0869565217391353,37342442.0
600795,2020-06-24,1.83,1.86,1.83,1.85,0.03,1.6483516483516425,45291418.0
600795,2020-06-29,1.84,1.86,1.83,1.84,-0.01,-0.5405405405405461,38250736.0
600795,2020-06-30,1.85,1.86,1.84,1.85,0.01,0.5434782608695565,24801672.0
600795,2020-07-01,1.85,1.86,1.84,1.86,0.01,0.540540540540535,39480759.0
600795,2020-07-02,1.85,1.9,1.84,1.89,0.0299999999999998,1.6129032258064502,106044355.0
600795,2020-07-03,1.85,1.88,1.84,1.88,-0.01,-0.5291005291005346,113253382.0
600795,2020-07-06,1.88,2.0,1.88,1.98,0.1,5.319148936170226,212355164.0
600795,2020-07-07,2.01,2.04,1.97,1.98,0.0,0.0,203976814.0
600795,2020-07-08,1.98,2.02,1.95,2.01,0.0299999999999998,1.5151515151515138,173371503.0
600795,2020-07-09,2.0,2.02,1.99,2.01,0.0,0.0,135816268.0
600795,2020-07-10,2.01,2.01,1.97,1.97,-0.0399999999999998,-1.990049751243772,122311356.0
600795,2020-07-13,1.97,2.01,1.96,2.0,0.03,1.522842639593902,124276668.0
600795,2020-07-14,2.0,2.01,1.97,1.98,-0.02,-1.0000000000000009,97486628.0
600795,2020-07-15,1.98,2.01,1.96,1.97,-0.01,-0.5050505050505083,99817891.0
600795,2020-07-16,2.02,2.07,1.99,2.0,0.03,1.522842639593902,273301222.0
600795,2020-07-17,1.99,2.0,1.97,1.98,-0.02,-1.0000000000000009,105122965.0
600795,2020-07-20,1.99,2.03,1.98,2.03,0.0499999999999998,2.525252525252508,123603914.0
600795,2020-07-21,2.03,2.05,2.0,2.01,-0.02,-0.985221674876846,83805693.0
600795,2020-07-22,2.03,2.05,2.02,2.03,0.02,0.995024875621886,118233238.0
600795,2020-07-23,2.02,2.04,2.0,2.02,-0.0099999999999997,-0.4926108374384119,107759247.0
600795,2020-07-24,2.02,2.02,1.97,1.98,-0.04,-1.980198019801982,106197100.0
600795,2020-07-27,1.98,2.0,1.97,1.99,0.01,0.5050505050504972,62285034.0
600795,2020-07-28,1.99,2.01,1.99,2.0,0.01,0.5025125628140614,57052359.0
600795,2020-07-29,2.0,2.03,1.99,2.02,0.02,1.0000000000000009,81788882.0
600795,2020-07-30,2.01,2.04,2.0,2.03,0.0099999999999997,0.4950495049504955,105137335.0
600795,2020-07-31,2.03,2.05,2.02,2.04,0.0100000000000002,0.4926108374384341,91740365.0
600795,2020-08-03,2.04,2.06,2.03,2.06,0.02,0.9803921568627416,82581464.0
600795,2020-08-04,2.06,2.06,2.03,2.04,-0.02,-0.9708737864077666,77584413.0
600795,2020-08-05,2.03,2.05,2.02,2.03,-0.0100000000000002,-0.4901960784313819,69200630.0
600795,2020-08-06,2.03,2.05,2.02,2.03,0.0,0.0,59341755.0
600795,2020-08-07,2.03,2.04,2.02,2.03,0.0,0.0,62547034.0
600795,2020-08-10,2.03,2.06,2.02,2.04,0.0100000000000002,0.4926108374384341,87396858.0
600795,2020-08-11,2.05,2.09,2.04,2.06,0.02,0.9803921568627416,118370820.0
600795,2020-08-12,2.06,2.09,2.05,2.07,0.0099999999999997,0.4854368932038833,97590676.0
600795,2020-08-13,2.07,2.13,2.07,2.13,0.06,2.898550724637694,139160689.0
600795,2020-08-14,2.14,2.14,2.1,2.11,-0.02,-0.9389671361502372,98347272.0
600795,2020-08-17,2.11,2.13,2.1,2.11,0.0,0.0,67328990.0
600795,2020-08-18,2.11,2.12,2.09,2.09,-0.02,-0.9478672985781976,51737263.0
600795,2020-08-19,2.1,2.2,2.08,2.17,0.08,3.8277511961722466,224469689.0
600795,2020-08-20,2.15,2.16,2.09,2.1,-0.0699999999999998,-3.2258064516129004,141285177.0
600795,2020-08-21,2.1,2.12,2.09,2.1,0.0,0.0,59332864.0
600795,2020-08-24,2.11,2.11,2.08,2.08,-0.02,-0.952380952380949,46805595.0
600795,2020-08-25,2.09,2.09,2.05,2.06,-0.02,-0.961538461538458,59371705.0
600795,2020-08-26,2.06,2.06,2.03,2.03,-0.0300000000000002,-1.456310679611661,49102854.0
600795,2020-08-27,2.03,2.04,2.02,2.03,0.0,0.0,33902456.0
600795,2020-08-28,2.03,2.05,2.03,2.05,0.02,0.985221674876846,39805007.0
600795,2020-08-31,2.04,2.06,2.04,2.05,0.0,0.0,50164337.0
600795,2020-09-01,2.04,2.05,2.03,2.04,-0.0099999999999997,-0.4878048780487698,30024973.0
600795,2020-09-02,2.03,2.07,2.03,2.05,0.0099999999999997,0.4901960784313708,73325197.0
600795,2020-09-03,2.05,2.08,2.05,2.07,0.02,0.9756097560975618,69714762.0
600795,2020-09-04,2.06,2.1,2.05,2.09,0.02,0.9661835748792312,59110086.0
600795,2020-09-07,2.08,2.13,2.07,2.09,0.0,0.0,83107585.0
600795,2020-09-08,2.1,2.14,2.09,2.13,0.04,1.9138755980861344,87547008.0
600795,2020-09-09,2.13,2.17,2.12,2.17,0.04,1.8779342723004744,133819316.0
600795,2020-09-10,2.17,2.17,2.1,2.1,-0.0699999999999998,-3.2258064516129004,123458230.0
600795,2020-09-11,2.1,2.15,2.09,2.14,0.04,1.904761904761898,77110220.0
600795,2020-09-14,2.15,2.18,2.14,2.15,0.0099999999999997,0.4672897196261516,60519081.0
600795,2020-09-15,2.14,2.17,2.14,2.15,0.0,0.0,48610636.0
600795,2020-09-16,2.16,2.18,2.15,2.17,0.02,0.930232558139532,83459169.0
600795,2020-09-17,2.16,2.18,2.15,2.16,-0.0099999999999997,-0.4608294930875445,51199327.0
600795,2020-09-18,2.17,2.17,2.14,2.16,0.0,0.0,63051571.0
600795,2020-09-21,2.16,2.19,2.15,2.15,-0.0100000000000002,-0.4629629629629761,49479154.0
600795,2020-09-22,2.14,2.15,2.12,2.12,-0.0299999999999998,-1.395348837209298,42218462.0
600795,2020-09-23,2.13,2.14,2.1,2.11,-0.0100000000000002,-0.4716981132075526,35400022.0
600795,2020-09-24,2.11,2.11,2.06,2.07,-0.04,-1.8957345971563957,53884675.0
600795,2020-09-25,2.07,2.08,2.05,2.06,-0.0099999999999997,-0.4830917874396045,39693258.0
600795,2020-09-28,2.06,2.07,2.03,2.05,-0.0100000000000002,-0.4854368932038944,27145820.0
600795,2020-09-29,2.05,2.06,2.03,2.03,-0.02,-0.9756097560975618,30884937.0
600795,2020-09-30,2.04,2.04,2.01,2.02,-0.0099999999999997,-0.4926108374384119,35088354.0
600795,2020-10-09,2.04,2.06,2.03,2.04,0.02,0.990099009900991,32823663.0
600795,2020-10-12,2.05,2.08,2.04,2.07,0.0299999999999998,1.4705882352941124,41387237.0
600795,2020-10-13,2.08,2.08,2.05,2.06,-0.0099999999999997,-0.4830917874396045,19982932.0
600795,2020-10-14,2.05,2.06,2.03,2.03,-0.0300000000000002,-1.456310679611661,28840243.0
600795,2020-10-15,2.03,2.05,2.03,2.03,0.0,0.0,20841050.0
600795,2020-10-16,2.04,2.05,2.03,2.04,0.0100000000000002,0.4926108374384341,18908300.0
600795,2020-10-19,2.04,2.06,2.03,2.04,0.0,0.0,31524719.0
600795,2020-10-20,2.03,2.04,2.03,2.03,-0.0100000000000002,-0.4901960784313819,20735435.0
600795,2020-10-21,2.03,2.04,2.02,2.03,0.0,0.0,27812766.0
600795,2020-10-22,2.04,2.04,2.02,2.03,0.0,0.0,21908742.0
600795,2020-10-23,2.03,2.04,2.02,2.03,0.0,0.0,24413317.0
600795,2020-10-26,2.03,2.03,2.01,2.01,-0.02,-0.985221674876846,21392261.0
600795,2020-10-27,2.01,2.02,1.99,1.99,-0.0199999999999997,-0.995024875621886,40129908.0
600795,2020-10-28,1.99,2.0,1.97,1.98,-0.01,-0.5025125628140725,38061247.0
600795,2020-10-29,1.97,1.98,1.96,1.97,-0.01,-0.5050505050505083,31412262.0
600795,2020-10-30,1.98,1.98,1.96,1.96,-0.01,-0.5076142131979711,39124800.0
600795,2020-11-02,1.98,2.02,1.98,2.0,0.04,2.0408163265306145,54362823.0
600795,2020-11-03,2.01,2.04,2.0,2.03,0.0299999999999998,1.4999999999999902,36178268.0
600795,2020-11-04,2.03,2.06,2.03,2.04,0.0100000000000002,0.4926108374384341,32037089.0
600795,2020-11-05,2.05,2.06,2.04,2.04,0.0,0.0,25367509.0
600795,2020-11-06,2.05,2.06,2.03,2.05,0.0099999999999997,0.4901960784313708,37528761.0
600795,2020-11-09,2.06,2.08,2.06,2.07,0.02,0.9756097560975618,44329243.0
600795,2020-11-10,2.08,2.09,2.04,2.05,-0.02,-0.9661835748792312,52164391.0
600795,2020-11-11,2.05,2.08,2.05,2.08,0.0300000000000002,1.4634146341463428,40174226.0
600795,2020-11-12,2.07,2.09,2.07,2.07,-0.0100000000000002,-0.4807692307692401,31840429.0
600795,2020-11-13,2.08,2.08,2.05,2.06,-0.0099999999999997,-0.4830917874396045,28487643.0
600795,2020-11-16,2.07,2.12,2.06,2.11,0.0499999999999998,2.4271844660194164,77175107.0
600795,2020-11-17,2.11,2.13,2.1,2.11,0.0,0.0,62902897.0
600795,2020-11-18,2.13,2.13,2.09,2.11,0.0,0.0,58106239.0
600795,2020-11-19,2.11,2.13,2.1,2.12,0.0100000000000002,0.4739336492891155,60520160.0
600795,2020-11-20,2.12,2.14,2.12,2.13,0.0099999999999997,0.4716981132075304,45950795.0
600795,2020-11-23,2.13,2.16,2.13,2.16,0.0300000000000002,1.4084507042253724,70181258.0
600795,2020-11-24,2.16,2.17,2.15,2.15,-0.0100000000000002,-0.4629629629629761,46224747.0
600795,2020-11-25,2.16,2.18,2.15,2.15,0.0,0.0,62680741.0
600795,2020-11-26,2.16,2.2,2.15,2.19,0.04,1.860465116279064,130300315.0
600795,2020-11-27,2.18,2.19,2.14,2.16,-0.0299999999999998,-1.3698630136986245,88206810.0
600795,2020-11-30,2.15,2.18,2.15,2.15,-0.0100000000000002,-0.4629629629629761,82316889.0
600795,2020-12-01,2.16,2.17,2.13,2.16,0.0100000000000002,0.4651162790697771,60616604.0
600795,2020-12-02,2.17,2.19,2.16,2.17,0.0099999999999997,0.4629629629629539,70215494.0
600795,2020-12-03,2.18,2.19,2.16,2.18,0.0100000000000002,0.4608294930875667,63712858.0
600795,2020-12-04,2.19,2.19,2.16,2.16,-0.02,-0.917431192660556,35681639.0
600795,2020-12-07,2.16,2.2,2.16,2.18,0.02,0.92592592592593,87061666.0
600795,2020-12-08,2.17,2.19,2.17,2.17,-0.0100000000000002,-0.4587155963302836,49892826.0
600795,2020-12-09,2.17,2.18,2.15,2.15,-0.02,-0.9216589861751112,67637845.0
600795,2020-12-10,2.16,2.17,2.13,2.14,-0.0099999999999997,-0.4651162790697549,89140439.0
600795,2020-12-11,2.13,2.14,2.03,2.03,-0.1100000000000003,-5.140186915887868,203623083.0
600795,2020-12-14,2.04,2.07,2.04,2.07,0.04,1.970443349753692,77700770.0
600795,2020-12-15,2.06,2.08,2.03,2.07,0.0,0.0,72075321.0
600795,2020-12-16,2.07,2.1,2.05,2.09,0.02,0.9661835748792312,50496343.0
600795,2020-12-17,2.09,2.18,2.08,2.17,0.08,3.8277511961722466,115670677.0
600795,2020-12-18,2.17,2.22,2.16,2.2,0.0300000000000002,1.382488479262678,135087119.0
600795,2020-12-21,2.2,2.23,2.18,2.18,-0.02,-0.909090909090915,77930398.0
600795,2020-12-22,2.18,2.2,2.16,2.16,-0.02,-0.917431192660556,66759437.0
600795,2020-12-23,2.17,2.22,2.16,2.22,0.06,2.77777777777779,86627235.0
600795,2020-12-24,2.22,2.22,2.17,2.18,-0.04,-1.8018018018018056,50005908.0
600795,2020-12-25,2.18,2.27,2.17,2.24,0.06,2.752293577981657,145774063.0
600795,2020-12-28,2.24,2.28,2.21,2.24,0.0,0.0,99334955.0
600795,2020-12-29,2.24,2.26,2.22,2.24,0.0,0.0,86590028.0
600795,2020-12-30,2.23,2.29,2.23,2.28,0.0399999999999995,1.7857142857142572,96263741.0
600795,2020-12-31,2.28,2.3,2.24,2.25,-0.0299999999999998,-1.3157894736842035,65136465.0
600795,2021-01-04,2.24,2.25,2.2,2.21,-0.04,-1.777777777777778,59253768.0
600795,2021-01-05,2.21,2.21,2.16,2.16,-0.0499999999999998,-2.262443438914019,56762206.0
600795,2021-01-06,2.16,2.18,2.14,2.17,0.0099999999999997,0.4629629629629539,50002745.0
600795,2021-01-07,2.17,2.2,2.16,2.17,0.0,0.0,53273223.0
600795,2021-01-08,2.17,2.18,2.15,2.17,0.0,0.0,33845514.0
600795,2021-01-11,2.17,2.18,2.1,2.12,-0.0499999999999998,-2.304147465437778,55962711.0
600795,2021-01-12,2.11,2.13,2.1,2.12,0.0,0.0,33063221.0
600795,2021-01-13,2.12,2.16,2.09,2.16,0.04,1.8867924528301885,57083412.0
600795,2021-01-14,2.15,2.18,2.14,2.15,-0.0100000000000002,-0.4629629629629761,43997922.0
600795,2021-01-15,2.15,2.15,2.12,2.12,-0.0299999999999998,-1.395348837209298,37952859.0
600795,2021-01-18,2.12,2.14,2.11,2.13,0.0099999999999997,0.4716981132075304,33572985.0
600795,2021-01-19,2.13,2.13,2.11,2.12,-0.0099999999999997,-0.4694835680751019,30495943.0
600795,2021-01-20,2.12,2.12,2.1,2.1,-0.02,-0.943396226415094,32287961.0
600795,2021-01-21,2.1,2.12,2.1,2.1,0.0,0.0,39704613.0
600795,2021-01-22,2.1,2.11,2.07,2.07,-0.0300000000000002,-1.4285714285714457,43328154.0
600795,2021-01-25,2.07,2.07,2.05,2.05,-0.02,-0.9661835748792312,31065225.0
600795,2021-01-26,2.05,2.07,2.05,2.06,0.0100000000000002,0.4878048780487809,23748915.0
600795,2021-01-27,2.05,2.07,2.05,2.05,-0.0100000000000002,-0.4854368932038944,25826407.0
600795,2021-01-28,2.06,2.11,2.06,2.09,0.04,1.9512195121951237,63286290.0
600795,2021-01-29,2.09,2.12,2.08,2.1,0.0100000000000002,0.4784688995215447,55677909.0
600795,2021-02-01,2.1,2.11,2.07,2.07,-0.0300000000000002,-1.4285714285714457,39290811.0
600795,2021-02-02,2.08,2.09,2.06,2.06,-0.0099999999999997,-0.4830917874396045,24477796.0
600795,2021-02-03,2.06,2.07,2.05,2.06,0.0,0.0,25830656.0
600795,2021-02-04,2.06,2.07,2.04,2.04,-0.02,-0.9708737864077666,32950032.0
600795,2021-02-05,2.05,2.05,2.03,2.03,-0.0100000000000002,-0.4901960784313819,37339656.0
600795,2021-02-08,2.03,2.06,2.03,2.05,0.02,0.985221674876846,23126463.0
600795,2021-02-09,2.06,2.06,2.05,2.06,0.0100000000000002,0.4878048780487809,16581806.0
600795,2021-02-10,2.06,2.06,2.05,2.06,0.0,0.0,26514325.0
600795,2021-02-18,2.07,2.08,2.06,2.08,0.02,0.9708737864077666,42510346.0
600795,2021-02-19,2.07,2.11,2.07,2.11,0.0299999999999998,1.4423076923076872,43262577.0
600795,2021-02-22,2.11,2.17,2.11,2.14,0.0300000000000002,1.4218009478673022,81925609.0
600795,2021-02-23,2.14,2.16,2.14,2.14,0.0,0.0,43707909.0
600795,2021-02-24,2.15,2.15,2.11,2.12,-0.02,-0.9345794392523366,45178031.0
600795,2021-02-25,2.12,2.14,2.11,2.14,0.02,0.9433962264151052,41679327.0
600795,2021-02-26,2.12,2.12,2.09,2.09,-0.0500000000000002,-2.336448598130858,42560046.0
600795,2021-03-01,2.09,2.13,2.09,2.11,0.02,0.9569377990430672,50814606.0
600795,2021-03-02,2.12,2.16,2.11,2.13,0.02,0.9478672985782088,67539923.0
600795,2021-03-03,2.12,2.16,2.11,2.15,0.02,0.938967136150226,63751979.0
600795,2021-03-04,2.14,2.18,2.13,2.17,0.02,0.930232558139532,84974056.0
600795,2021-03-05,2.16,2.17,2.14,2.16,-0.0099999999999997,-0.4608294930875445,52982878.0
600795,2021-03-08,2.16,2.2,2.15,2.17,0.0099999999999997,0.4629629629629539,95953310.0
600795,2021-03-09,2.17,2.17,2.12,2.14,-0.0299999999999998,-1.3824884792626668,76080684.0
600795,2021-03-10,2.14,2.18,2.13,2.14,0.0,0.0,68263100.0
600795,2021-03-11,2.14,2.17,2.13,2.17,0.0299999999999998,1.4018691588784993,68204948.0
600795,2021-03-12,2.16,2.27,2.15,2.24,0.0700000000000002,3.2258064516129226,223713594.0
600795,2021-03-15,2.22,2.25,2.19,2.22,-0.02,-0.8928571428571397,117704046.0
600795,2021-03-16,2.22,2.24,2.2,2.23,0.0099999999999997,0.4504504504504458,94180590.0
600795,2021-03-17,2.23,2.23,2.17,2.18,-0.0499999999999998,-2.2421524663677084,73680617.0
600795,2021-03-18,2.17,2.22,2.17,2.19,0.0099999999999997,0.4587155963302614,78749647.0
600795,2021-03-19,2.18,2.28,2.16,2.25,0.06,2.7397260273972712,189878292.0
600795,2021-03-22,2.26,2.4,2.25,2.37,0.1200000000000001,5.3333333333333455,302939229.0
600795,2021-03-23,2.35,2.36,2.26,2.27,-0.1,-4.2194092827004255,180784959.0
600795,2021-03-24,2.26,2.32,2.24,2.29,0.02,0.8810572687224738,137835904.0
600795,2021-03-25,2.29,2.29,2.21,2.22,-0.0699999999999998,-3.056768558951961,88487177.0
600795,2021-03-26,2.23,2.3,2.22,2.26,0.0399999999999995,1.8018018018017832,101699507.0
600795,2021-03-29,2.26,2.32,2.25,2.27,0.0100000000000002,0.4424778761062065,102638212.0
600795,2021-03-30,2.27,2.27,2.21,2.26,-0.0100000000000002,-0.440528634361248,92044556.0
600795,2021-03-31,2.25,2.31,2.24,2.29,0.0300000000000002,1.3274336283185972,108049629.0
600795,2021-04-01,2.35,2.38,2.31,2.33,0.04,1.7467248908296984,153384442.0
600795,2021-04-02,2.32,2.35,2.29,2.34,0.0099999999999997,0.4291845493562096,107130007.0
600795,2021-04-06,2.32,2.34,2.28,2.29,-0.0499999999999998,-2.136752136752129,73769723.0
600795,2021-04-07,2.29,2.35,2.28,2.35,0.06,2.6200873362445476,113233594.0
600795,2021-04-08,2.32,2.32,2.28,2.28,-0.0700000000000002,-2.9787234042553346,101391858.0
600795,2021-04-09,2.28,2.31,2.27,2.28,0.0,0.0,54444541.0
600795,2021-04-12,2.28,2.33,2.28,2.3,0.02,0.8771929824561431,89514487.0
600795,2021-04-13,2.3,2.3,2.27,2.28,-0.02,-0.8695652173913104,54107235.0
600795,2021-04-14,2.27,2.28,2.23,2.25,-0.0299999999999998,-1.3157894736842035,58224664.0
600795,2021-04-15,2.24,2.25,2.23,2.24,-0.0099999999999997,-0.4444444444444362,32889633.0
600795,2021-04-16,2.24,2.26,2.24,2.25,0.0099999999999997,0.4464285714285587,38273077.0
600795,2021-04-19,2.26,2.28,2.25,2.28,0.0299999999999998,1.3333333333333195,41214162.0
600795,2021-04-20,2.27,2.29,2.25,2.26,-0.02,-0.8771929824561431,50461997.0
600795,2021-04-21,2.25,2.26,2.22,2.23,-0.0299999999999998,-1.327433628318575,42728193.0
600795,2021-04-22,2.24,2.25,2.23,2.23,0.0,0.0,27945849.0
600795,2021-04-23,2.24,2.24,2.2,2.2,-0.0299999999999998,-1.3452914798206206,40263157.0
600795,2021-04-26,2.21,2.27,2.2,2.25,0.0499999999999998,2.2727272727272707,75748366.0
600795,2021-04-27,2.25,2.29,2.25,2.27,0.02,0.8888888888888946,62104290.0
600795,2021-04-28,2.27,2.3,2.26,2.27,0.0,0.0,44812783.0
600795,2021-04-29,2.27,2.28,2.26,2.27,0.0,0.0,27884817.0
600795,2021-04-30,2.27,2.28,2.24,2.27,0.0,0.0,40824338.0
600795,2021-05-06,2.26,2.32,2.26,2.31,0.04,1.7621145374449254,71432848.0
600795,2021-05-07,2.3,2.35,2.3,2.33,0.02,0.8658008658008587,86962092.0
600795,2021-05-10,2.34,2.37,2.33,2.37,0.04,1.7167381974249052,95675395.0
600795,2021-05-11,2.37,2.4,2.35,2.39,0.02,0.8438818565400741,104315633.0
600795,2021-05-12,2.4,2.4,2.35,2.4,0.0099999999999997,0.4184100418409997,93570053.0
600795,2021-05-13,2.39,2.41,2.37,2.38,-0.02,-0.8333333333333304,70157311.0
600795,2021-05-14,2.38,2.4,2.37,2.39,0.0100000000000002,0.4201680672269114,68149880.0
600795,2021-05-17,2.4,2.41,2.37,2.39,0.0,0.0,66572473.0
600795,2021-05-18,2.4,2.42,2.38,2.41,0.02,0.8368200836819994,55941913.0
600795,2021-05-19,2.41,2.43,2.39,2.39,-0.02,-0.8298755186721962,50242808.0
600795,2021-05-20,2.39,2.41,2.37,2.4,0.0099999999999997,0.4184100418409997,63239329.0
600795,2021-05-21,2.41,2.45,2.4,2.43,0.0300000000000002,1.2500000000000178,76647114.0
600795,2021-05-24,2.43,2.48,2.43,2.46,0.0299999999999998,1.2345679012345512,76625493.0
600795,2021-05-25,2.47,2.49,2.44,2.47,0.0100000000000002,0.4065040650406581,77255251.0
600795,2021-05-26,2.47,2.49,2.45,2.49,0.02,0.809716599190291,58733956.0
600795,2021-05-27,2.48,2.49,2.46,2.48,-0.0100000000000002,-0.4016064257028162,51847414.0
600795,2021-05-28,2.48,2.48,2.45,2.46,-0.02,-0.8064516129032251,53672880.0
600795,2021-05-31,2.46,2.47,2.4,2.42,-0.04,-1.6260162601625994,55793320.0
600795,2021-06-01,2.42,2.44,2.37,2.43,0.0100000000000002,0.4132231404958775,72059511.0
600795,2021-06-02,2.43,2.48,2.42,2.48,0.0499999999999998,2.0576131687242816,71387631.0
600795,2021-06-03,2.48,2.53,2.47,2.49,0.0100000000000002,0.4032258064516236,76343612.0
600795,2021-06-04,2.5,2.51,2.48,2.49,0.0,0.0,51082326.0
600795,2021-06-07,2.49,2.52,2.48,2.51,0.0199999999999995,0.8032128514056103,50768838.0
600795,2021-06-08,2.5,2.52,2.47,2.5,-0.0099999999999997,-0.3984063745019806,57474026.0
600795,2021-06-09,2.5,2.5,2.46,2.46,-0.04,-1.6000000000000014,53623888.0
600795,2021-06-10,2.46,2.48,2.45,2.45,-0.0099999999999997,-0.406504065040647,45398464.0
600795,2021-06-11,2.46,2.5,2.45,2.48,0.0299999999999998,1.2244897959183598,82561167.0
600795,2021-06-15,2.49,2.49,2.42,2.42,-0.06,-2.4193548387096753,49823792.0
600795,2021-06-16,2.42,2.47,2.4,2.46,0.04,1.6528925619834656,53228809.0
600795,2021-06-17,2.46,2.49,2.42,2.43,-0.0299999999999998,-1.2195121951219412,38990191.0
600795,2021-06-18,2.43,2.44,2.4,2.41,-0.02,-0.8230452674897082,30848844.0
600795,2021-06-21,2.4,2.41,2.38,2.39,-0.02,-0.8298755186721962,37822293.0
600795,2021-06-22,2.38,2.43,2.38,2.39,0.0,0.0,55471019.0
600795,2021-06-23,2.39,2.41,2.38,2.4,0.0099999999999997,0.4184100418409997,24268310.0
600795,2021-06-24,2.39,2.42,2.39,2.4,0.0,0.0,30549117.0
600795,2021-06-25,2.4,2.43,2.39,2.42,0.02,0.8333333333333304,37358287.0
600795,2021-06-28,2.45,2.48,2.45,2.46,0.04,1.6528925619834656,50058192.0
600795,2021-06-29,2.46,2.46,2.42,2.42,-0.04,-1.6260162601625994,38085145.0
600795,2021-06-30,2.43,2.44,2.41,2.43,0.0100000000000002,0.4132231404958775,30469546.0
600795,2021-07-01,2.44,2.44,2.39,2.39,-0.04,-1.6460905349794277,32676121.0
600795,2021-07-02,2.39,2.42,2.38,2.39,0.0,0.0,35074459.0
600795,2021-07-05,2.39,2.42,2.38,2.42,0.0299999999999998,1.2552301255229992,33142845.0
600795,2021-07-06,2.41,2.43,2.4,2.43,0.0100000000000002,0.4132231404958775,28048284.0
600795,2021-07-07,2.4,2.41,2.38,2.39,-0.04,-1.6460905349794277,26624637.0
600795,2021-07-08,2.4,2.4,2.36,2.37,-0.02,-0.8368200836820106,29785314.0
600795,2021-07-09,2.36,2.37,2.33,2.35,-0.02,-0.8438818565400852,29428525.0
600795,2021-07-12,2.36,2.37,2.33,2.33,-0.02,-0.8510638297872353,37770417.0
600795,2021-07-13,2.33,2.35,2.32,2.35,0.02,0.8583690987124415,33485999.0
600795,2021-07-14,2.35,2.36,2.34,2.34,-0.0100000000000002,-0.4255319148936287,31276309.0
600795,2021-07-15,2.34,2.35,2.31,2.32,-0.02,-0.8547008547008517,28930884.0
600795,2021-07-16,2.31,2.33,2.3,2.31,-0.0099999999999997,-0.4310344827586077,22660592.0
600795,2021-07-19,2.3,2.31,2.27,2.28,-0.0300000000000002,-1.2987012987013102,36506800.0
600795,2021-07-20,2.27,2.29,2.23,2.29,0.0100000000000002,0.4385964912280826,41526087.0
600795,2021-07-21,2.28,2.3,2.26,2.26,-0.0300000000000002,-1.310043668122285,33545024.0
600795,2021-07-22,2.26,2.3,2.26,2.29,0.0300000000000002,1.3274336283185972,33967727.0
600795,2021-07-23,2.28,2.31,2.28,2.3,0.0099999999999997,0.4366812227074135,29067916.0
600795,2021-07-26,2.29,2.3,2.26,2.27,-0.0299999999999998,-1.304347826086949,37112292.0
600795,2021-07-27,2.27,2.29,2.24,2.25,-0.02,-0.8810572687224627,36739325.0
600795,2021-07-28,2.25,2.26,2.21,2.21,-0.04,-1.777777777777778,36872880.0
600795,2021-07-29,2.22,2.24,2.21,2.22,0.0100000000000002,0.452488687782826,35956686.0
600795,2021-07-30,2.22,2.29,2.22,2.29,0.0699999999999998,3.153153153153143,53066261.0
600795,2021-08-02,2.3,2.34,2.27,2.33,0.04,1.7467248908296984,66946627.0
600795,2021-08-03,2.34,2.39,2.32,2.36,0.0299999999999998,1.2875536480686511,74003249.0
600795,2021-08-04,2.36,2.38,2.35,2.37,0.0100000000000002,0.4237288135593209,47101928.0
600795,2021-08-05,2.37,2.38,2.34,2.37,0.0,0.0,37349746.0
600795,2021-08-06,2.37,2.37,2.34,2.35,-0.02,-0.8438818565400852,32300558.0
600795,2021-08-09,2.36,2.38,2.35,2.36,0.0099999999999997,0.4255319148936065,39157148.0
600795,2021-08-10,2.36,2.37,2.32,2.34,-0.02,-0.8474576271186418,38033296.0
600795,2021-08-11,2.34,2.38,2.33,2.36,0.02,0.8547008547008517,46025803.0
600795,2021-08-12,2.37,2.39,2.35,2.39,0.0300000000000002,1.271186440677985,57927567.0
600795,2021-08-13,2.39,2.41,2.38,2.4,0.0099999999999997,0.4184100418409997,51125028.0
600795,2021-08-16,2.39,2.44,2.39,2.43,0.0300000000000002,1.2500000000000178,73686523.0
600795,2021-08-17,2.42,2.46,2.41,2.42,-0.0100000000000002,-0.4115226337448652,78815261.0
600795,2021-08-18,2.42,2.47,2.41,2.46,0.04,1.6528925619834656,60433073.0
600795,2021-08-19,2.46,2.51,2.44,2.5,0.04,1.6260162601626105,100122243.0
600795,2021-08-20,2.5,2.51,2.43,2.49,-0.0099999999999997,-0.3999999999999892,91510722.0
600795,2021-08-23,2.5,2.59,2.48,2.58,0.0899999999999998,3.6144578313253017,142883030.0
600795,2021-08-24,2.56,2.57,2.42,2.44,-0.1400000000000001,-5.4263565891472965,199786174.0
600795,2021-08-25,2.44,2.48,2.4,2.46,0.02,0.8196721311475308,76558694.0
600795,2021-08-26,2.45,2.47,2.42,2.45,-0.0099999999999997,-0.406504065040647,57725158.0
600795,2021-08-27,2.45,2.49,2.44,2.46,0.0099999999999997,0.4081632653061051,64979607.0
600795,2021-08-30,2.45,2.46,2.41,2.41,-0.0499999999999998,-2.0325203252032464,96685570.0
600795,2021-08-31,2.42,2.48,2.42,2.47,0.06,2.4896265560165887,82180031.0
600795,2021-09-01,2.48,2.57,2.48,2.54,0.0699999999999998,2.8340080971659853,145171803.0
600795,2021-09-02,2.54,2.7,2.53,2.68,0.1400000000000001,5.51181102362206,247553749.0
600795,2021-09-03,2.68,2.8,2.66,2.75,0.0699999999999998,2.6119402985074647,274282406.0
600795,2021-09-06,2.79,2.85,2.72,2.77,0.02,0.727272727272732,173866391.0
600795,2021-09-07,2.75,2.78,2.71,2.76,-0.0100000000000002,-0.3610108303249149,125597141.0
600795,2021-09-08,2.77,3.04,2.76,3.0,0.2400000000000002,8.69565217391306,389322908.0
600795,2021-09-09,3.0,3.01,2.86,2.94,-0.06,-2.0000000000000018,245563901.0
600795,2021-09-10,2.92,2.97,2.85,2.86,-0.08,-2.7210884353741527,185645747.0
600795,2021-09-13,2.85,2.93,2.82,2.91,0.0500000000000002,1.74825174825175,120635788.0
600795,2021-09-14,2.92,2.95,2.8,2.82,-0.0900000000000003,-3.0927835051546504,163172749.0
600795,2021-09-15,2.8,2.89,2.79,2.86,0.04,1.4184397163120588,128016416.0
600795,2021-09-16,2.86,2.92,2.83,2.85,-0.0099999999999997,-0.3496503496503433,135345568.0
600795,2021-09-17,2.89,2.98,2.87,2.96,0.1099999999999998,3.8596491228070073,217365443.0
600795,2021-09-22,2.94,3.26,2.92,3.26,0.2999999999999998,10.135135135135132,503201032.0
600795,2021-09-23,3.59,3.59,3.41,3.59,0.33,10.122699386503076,678359888.0
600795,2021-09-24,3.55,3.68,3.39,3.47,-0.1199999999999996,-3.342618384401108,917943722.0
600795,2021-09-27,3.59,3.6,3.12,3.12,-0.3500000000000001,-10.086455331412104,656283531.0
600795,2021-09-28,3.02,3.33,3.01,3.31,0.1899999999999999,6.08974358974359,573754066.0
600795,2021-09-29,3.2,3.35,3.14,3.19,-0.1200000000000001,-3.625377643504535,382382209.0
600795,2021-09-30,3.18,3.29,3.07,3.25,0.06,1.8808777429467185,336921896.0
600795,2021-10-08,3.29,3.3,3.06,3.13,-0.1200000000000001,-3.6923076923076943,259602627.0
600795,2021-10-11,3.2,3.27,3.08,3.11,-0.02,-0.6389776357827448,230544486.0
600795,2021-10-12,3.06,3.11,2.8,2.94,-0.1699999999999999,-5.466237942122188,382546132.0
600795,2021-10-13,2.92,2.92,2.75,2.8,-0.1400000000000001,-4.761904761904767,230817316.0
600795,2021-10-14,2.78,2.84,2.71,2.78,-0.02,-0.7142857142857117,147048337.0
600795,2021-10-15,2.77,2.82,2.72,2.77,-0.0099999999999997,-0.3597122302158251,127285375.0
600795,2021-10-18,2.78,2.85,2.77,2.8,0.0299999999999998,1.0830324909747224,173565820.0
600795,2021-10-19,2.79,2.81,2.73,2.78,-0.02,-0.7142857142857117,144300289.0
600795,2021-10-20,2.81,3.06,2.78,3.06,0.2800000000000002,10.07194244604317,431453898.0
600795,2021-10-21,3.06,3.06,2.95,2.97,-0.0899999999999998,-2.941176470588236,297721616.0
600795,2021-10-22,2.96,3.0,2.8,2.83,-0.1400000000000001,-4.7138047138047146,289522965.0
600795,2021-10-25,2.82,2.89,2.78,2.84,0.0099999999999997,0.3533568904593664,165960799.0
600795,2021-10-26,2.83,2.91,2.8,2.84,0.0,0.0,169572366.0
600795,2021-10-27,2.8,3.01,2.79,2.93,0.0900000000000003,3.169014084507049,293337632.0
600795,2021-10-28,2.92,3.0,2.84,2.87,-0.06,-2.0477815699658675,218686308.0
600795,2021-10-29,2.83,2.86,2.69,2.79,-0.08,-2.7874564459930307,197175851.0
600795,2021-11-01,2.71,2.79,2.68,2.74,-0.0499999999999998,-1.7921146953404965,173332806.0
600795,2021-11-02,2.74,2.75,2.59,2.63,-0.1100000000000003,-4.014598540145997,180342236.0
600795,2021-11-03,2.62,2.65,2.58,2.61,-0.02,-0.760456273764254,104335578.0
600795,2021-11-04,2.61,2.66,2.58,2.64,0.0300000000000002,1.1494252873563315,105262767.0
600795,2021-11-05,2.62,2.63,2.49,2.5,-0.1400000000000001,-5.30303030303031,160009790.0
600795,2021-11-08,2.48,2.52,2.46,2.48,-0.02,-0.8000000000000007,69520150.0
600795,2021-11-09,2.5,2.55,2.48,2.5,0.02,0.8064516129032251,78792370.0
600795,2021-11-10,2.49,2.49,2.41,2.46,-0.04,-1.6000000000000014,93457052.0
600795,2021-11-11,2.45,2.48,2.44,2.47,0.0100000000000002,0.4065040650406581,63896221.0
600795,2021-11-12,2.47,2.48,2.44,2.46,-0.0100000000000002,-0.4048582995951455,62675896.0
600795,2021-11-15,2.47,2.48,2.43,2.47,0.0100000000000002,0.4065040650406581,67757852.0
600795,2021-11-16,2.45,2.47,2.43,2.45,-0.02,-0.8097165991902799,60273787.0
600795,2021-11-17,2.44,2.47,2.42,2.47,0.02,0.8163265306122547,65366834.0
600795,2021-11-18,2.47,2.51,2.45,2.49,0.02,0.809716599190291,94737789.0
600795,2021-11-19,2.5,2.51,2.47,2.5,0.0099999999999997,0.401606425702794,58467106.0
600795,2021-11-22,2.5,2.53,2.5,2.5,0.0,0.0,57423875.0
600795,2021-11-23,2.5,2.56,2.49,2.54,0.04,1.6000000000000014,89881568.0
600795,2021-11-24,2.57,2.58,2.51,2.56,0.02,0.7874015748031482,95245832.0
600795,2021-11-25,2.56,2.63,2.55,2.58,0.02,0.78125,107629505.0
600795,2021-11-26,2.57,2.57,2.52,2.54,-0.04,-1.5503875968992276,67292200.0
600795,2021-11-29,2.5,2.57,2.48,2.56,0.02,0.7874015748031482,78791172.0
600795,2021-11-30,2.56,2.62,2.51,2.54,-0.02,-0.78125,144160338.0
600795,2021-12-01,2.53,2.6,2.51,2.59,0.0499999999999998,1.9685039370078703,98531764.0
600795,2021-12-02,2.57,2.61,2.56,2.57,-0.02,-0.7722007722007707,85727504.0
600795,2021-12-03,2.57,2.69,2.55,2.68,0.1100000000000003,4.280155642023353,183879745.0
600795,2021-12-06,2.68,2.78,2.68,2.7,0.02,0.746268656716409,183268984.0
600795,2021-12-07,2.7,2.83,2.66,2.82,0.1199999999999996,4.444444444444429,206659931.0
600795,2021-12-08,2.84,2.84,2.75,2.8,-0.02,-0.7092198581560294,162773927.0
600795,2021-12-09,2.81,3.03,2.8,2.95,0.1500000000000003,5.35714285714286,263677856.0
600795,2021-12-10,2.91,3.06,2.89,2.91,-0.04,-1.3559322033898311,233361139.0
600795,2021-12-13,2.93,3.01,2.9,2.91,0.0,0.0,238625942.0
600795,2021-12-14,2.87,2.89,2.81,2.88,-0.0300000000000002,-1.0309278350515538,174106555.0
600795,2021-12-15,2.86,3.01,2.83,2.98,0.1,3.472222222222232,235877420.0
600795,2021-12-16,2.96,3.0,2.93,2.97,-0.0099999999999997,-0.3355704697986517,161870357.0
600795,2021-12-17,2.96,3.07,2.95,3.0,0.0299999999999998,1.0101010101009944,251077455.0
600795,2021-12-20,3.01,3.04,2.88,2.91,-0.0899999999999998,-2.9999999999999916,205337792.0
600795,2021-12-21,2.88,2.97,2.84,2.95,0.04,1.3745704467353903,164328553.0
600795,2021-12-22,3.0,3.04,2.93,2.95,0.0,0.0,163207179.0
600795,2021-12-23,2.93,3.13,2.9,3.09,0.1399999999999996,4.745762711864399,328914043.0
600795,2021-12-24,3.12,3.18,3.04,3.05,-0.04,-1.2944983818770184,274932705.0
600795,2021-12-27,3.04,3.15,2.98,3.05,0.0,0.0,217336367.0
600795,2021-12-28,3.03,3.06,2.91,2.93,-0.1199999999999996,-3.934426229508181,219327542.0
600795,2021-12-29,2.93,2.94,2.83,2.86,-0.0700000000000002,-2.3890784982935287,162202963.0
600795,2021-12-30,2.86,2.92,2.84,2.9,0.04,1.3986013986013957,129610359.0
600795,2021-12-31,3.0,3.19,3.0,3.17,0.27,9.310344827586214,622266979.0
600795,2022-01-04,3.16,3.22,3.03,3.04,-0.1299999999999999,-4.100946372239744,459767313.0
600795,2022-01-05,3.02,3.03,2.92,2.96,-0.08,-2.631578947368418,232878184.0
600795,2022-01-06,2.93,3.01,2.91,2.95,-0.0099999999999997,-0.3378378378378288,196464972.0
600795,2022-01-07,2.94,2.96,2.88,2.89,-0.06,-2.033898305084747,152073624.0
600795,2022-01-10,2.86,2.88,2.84,2.87,-0.02,-0.692041522491349,99621578.0
600795,2022-01-11,2.87,2.92,2.85,2.85,-0.02,-0.6968641114982632,108963601.0
600795,2022-01-12,2.85,2.88,2.83,2.86,0.0099999999999997,0.3508771929824572,86053511.0
600795,2022-01-13,2.86,2.92,2.81,2.91,0.0500000000000002,1.74825174825175,147932743.0
600795,2022-01-14,2.89,2.93,2.85,2.85,-0.06,-2.061855670103097,112790299.0
600795,2022-01-17,2.85,2.89,2.83,2.83,-0.02,-0.7017543859649145,79270081.0
600795,2022-01-18,2.82,2.92,2.81,2.9,0.0699999999999998,2.473498233215543,156305311.0
600795,2022-01-19,2.88,2.91,2.85,2.89,-0.0099999999999997,-0.3448275862068861,76562746.0
600795,2022-01-20,2.88,2.92,2.83,2.86,-0.0300000000000002,-1.038062283737029,80006554.0
600795,2022-01-21,2.85,2.91,2.85,2.85,-0.0099999999999997,-0.3496503496503433,81868250.0
600795,2022-01-24,2.84,2.86,2.8,2.84,-0.0100000000000002,-0.3508771929824683,65435229.0
600795,2022-01-25,2.82,2.84,2.63,2.63,-0.2099999999999999,-7.3943661971831,168647005.0
600795,2022-01-26,2.65,2.81,2.65,2.7,0.0700000000000002,2.6615969581749166,191110072.0
600795,2022-01-27,2.7,2.73,2.67,2.68,-0.02,-0.7407407407407418,80011532.0
600795,2022-01-28,2.69,2.71,2.61,2.63,-0.0500000000000002,-1.8656716417910555,91942164.0
600795,2022-02-07,2.66,2.82,2.64,2.78,0.1499999999999999,5.703422053231932,192900063.0
600795,2022-02-08,2.78,2.84,2.75,2.84,0.06,2.158273381294973,110462922.0
600795,2022-02-09,2.83,2.93,2.8,2.91,0.0700000000000002,2.464788732394374,156728557.0
600795,2022-02-10,2.89,2.94,2.88,2.91,0.0,0.0,98753369.0
600795,2022-02-11,2.89,2.92,2.85,2.86,-0.0500000000000002,-1.718213058419249,78948439.0
600795,2022-02-14,2.85,2.85,2.75,2.77,-0.0899999999999998,-3.1468531468531458,92981431.0
600795,2022-02-15,2.78,2.79,2.73,2.75,-0.02,-0.7220216606498187,64192607.0
600795,2022-02-16,2.78,2.79,2.71,2.73,-0.02,-0.727272727272732,74465298.0
600795,2022-02-17,2.73,2.74,2.7,2.71,-0.02,-0.73260073260073,82339729.0
600795,2022-02-18,2.69,2.75,2.68,2.72,0.0100000000000002,0.3690036900369176,79439594.0
600795,2022-02-21,2.72,2.74,2.7,2.72,0.0,0.0,62290782.0
600795,2022-02-22,2.71,2.72,2.65,2.68,-0.04,-1.4705882352941235,101915720.0
600795,2022-02-23,2.68,2.69,2.65,2.68,0.0,0.0,61181639.0
600795,2022-02-24,2.67,2.73,2.59,2.62,-0.06,-2.23880597014926,148494208.0
600795,2022-02-25,2.68,2.79,2.68,2.78,0.1599999999999997,6.1068702290076216,233190465.0
600795,2022-02-28,2.78,2.85,2.75,2.82,0.04,1.4388489208633004,159026638.0
600795,2022-03-01,2.82,2.85,2.79,2.85,0.0300000000000002,1.0638297872340496,117261775.0
600795,2022-03-02,2.83,2.83,2.78,2.81,-0.04,-1.403508771929829,69549773.0
600795,2022-03-03,2.82,2.87,2.82,2.84,0.0299999999999998,1.0676156583629748,80247786.0
600795,2022-03-04,2.85,2.89,2.79,2.87,0.0300000000000002,1.0563380281690238,113037450.0
600795,2022-03-07,2.85,2.91,2.84,2.85,-0.02,-0.6968641114982632,120568072.0
600795,2022-03-08,2.85,2.86,2.77,2.77,-0.08,-2.8070175438596467,137815796.0
600795,2022-03-09,2.8,2.9,2.71,2.84,0.0699999999999998,2.5270758122743597,182142595.0
600795,2022-03-10,2.88,2.9,2.76,2.83,-0.0099999999999997,-0.3521126760563264,140278648.0
600795,2022-03-11,2.8,2.8,2.69,2.75,-0.08,-2.8268551236749095,139176288.0
600795,2022-03-14,2.74,2.74,2.63,2.63,-0.1200000000000001,-4.3636363636363695,138160700.0
600795,2022-03-15,2.61,2.62,2.41,2.43,-0.1999999999999997,-7.604562737642572,161623028.0
600795,2022-03-16,2.48,2.53,2.42,2.52,0.0899999999999998,3.703703703703698,110781447.0
600795,2022-03-17,2.56,2.57,2.48,2.5,-0.02,-0.7936507936507908,119477951.0
600795,2022-03-18,2.5,2.56,2.48,2.54,0.04,1.6000000000000014,102449992.0
600795,2022-03-21,2.54,2.57,2.49,2.52,-0.02,-0.7874015748031482,85941661.0
600795,2022-03-22,2.52,2.55,2.49,2.53,0.0099999999999997,0.3968253968253954,67119833.0
600795,2022-03-23,2.54,2.56,2.51,2.54,0.0100000000000002,0.3952569169960673,73989447.0
600795,2022-03-24,2.52,2.53,2.48,2.49,-0.0499999999999998,-1.9685039370078703,78900999.0
600795,2022-03-25,2.49,2.5,2.46,2.47,-0.02,-0.8032128514056214,58578564.0
600795,2022-03-28,2.46,2.52,2.42,2.51,0.0399999999999995,1.61943319838056,80102059.0
600795,2022-03-29,2.5,2.52,2.46,2.48,-0.0299999999999998,-1.195219123505964,46900963.0
600795,2022-03-30,2.48,2.52,2.48,2.51,0.0299999999999998,1.2096774193548263,76835890.0
600795,2022-03-31,2.51,2.59,2.5,2.52,0.0100000000000002,0.3984063745019917,97041823.0
600795,2022-04-01,2.53,2.57,2.51,2.56,0.04,1.5873015873015817,88480561.0
600795,2022-04-06,2.56,2.58,2.53,2.57,0.0099999999999997,0.390625,54915495.0
600795,2022-04-07,2.56,2.63,2.54,2.57,0.0,0.0,82081425.0
600795,2022-04-08,2.57,2.6,2.53,2.6,0.0300000000000002,1.1673151750972943,68608945.0
600795,2022-04-11,2.6,2.61,2.53,2.54,-0.06,-2.3076923076923106,62138309.0
600795,2022-04-12,2.54,2.58,2.51,2.58,0.04,1.5748031496062964,65024767.0
600795,2022-04-13,2.57,2.57,2.53,2.54,-0.04,-1.5503875968992276,41759001.0
600795,2022-04-14,2.54,2.56,2.52,2.54,0.0,0.0,56356700.0
600795,2022-04-15,2.54,2.61,2.52,2.61,0.0699999999999998,2.7559055118110187,110560022.0
600795,2022-04-18,2.59,2.69,2.57,2.68,0.0700000000000002,2.6819923371647514,110624189.0
600795,2022-04-19,2.66,2.72,2.65,2.69,0.0099999999999997,0.3731343283581934,79183679.0
600795,2022-04-20,2.7,2.72,2.65,2.67,-0.02,-0.743494423791824,76162422.0
600795,2022-04-21,2.67,2.68,2.58,2.59,-0.08,-2.9962546816479474,75978590.0
600795,2022-04-22,2.58,2.74,2.56,2.74,0.1500000000000003,5.791505791505802,119754038.0
600795,2022-04-25,2.71,2.74,2.63,2.65,-0.0900000000000003,-3.284671532846728,132411016.0
600795,2022-04-26,2.69,2.82,2.69,2.73,0.08,3.018867924528301,236634614.0
600795,2022-04-27,2.7,2.91,2.69,2.86,0.1299999999999999,4.761904761904767,221801312.0
600795,2022-04-28,2.86,3.0,2.83,3.0,0.1400000000000001,4.895104895104896,278366785.0
600795,2022-04-29,2.98,3.07,2.91,3.02,0.02,0.6666666666666599,287344004.0
600795,2022-05-05,3.01,3.16,3.01,3.09,0.0699999999999998,2.3178807947019875,269380450.0
600795,2022-05-06,3.0,3.11,2.98,3.03,-0.06,-1.9417475728155331,211149366.0
600795,2022-05-09,3.0,3.06,2.96,2.96,-0.0699999999999998,-2.310231023102305,213747851.0
600795,2022-05-10,2.94,3.17,2.93,3.12,0.1600000000000001,5.405405405405417,333486982.0
600795,2022-05-11,3.11,3.18,3.1,3.1,-0.02,-0.6410256410256387,203514732.0
600795,2022-05-12,3.18,3.19,3.06,3.13,0.0299999999999998,0.9677419354838568,181749499.0
600795,2022-05-13,3.14,3.2,3.1,3.19,0.06,1.9169329073482455,166110834.0
600795,2022-05-16,3.23,3.37,3.18,3.24,0.0500000000000002,1.5673981191222763,302995637.0
600795,2022-05-17,3.24,3.24,3.12,3.16,-0.08,-2.4691358024691357,171365543.0
600795,2022-05-18,3.16,3.46,3.15,3.34,0.1799999999999997,5.696202531645556,382820523.0
600795,2022-05-19,3.3,3.35,3.25,3.34,0.0,0.0,246726585.0
600795,2022-05-20,3.33,3.41,3.29,3.35,0.0100000000000002,0.2994011976047872,235515730.0
600795,2022-05-23,3.34,3.41,3.26,3.31,-0.04,-1.19402985074627,170065434.0
600795,2022-05-24,3.32,3.45,3.31,3.33,0.02,0.6042296072507503,275057736.0
600795,2022-05-25,3.33,3.48,3.29,3.46,0.1299999999999999,3.9039039039038936,247934234.0
600795,2022-05-26,3.48,3.56,3.38,3.42,-0.04,-1.1560693641618491,194060103.0
600795,2022-05-27,3.44,3.53,3.4,3.52,0.1,2.923976608187129,204278395.0
600795,2022-05-30,3.54,3.57,3.45,3.48,-0.04,-1.1363636363636354,169194682.0
600795,2022-05-31,3.52,3.6,3.48,3.6,0.1200000000000001,3.4482758620689724,200322307.0
600795,2022-06-01,3.6,3.6,3.45,3.51,-0.0900000000000003,-2.5000000000000133,219048179.0
600795,2022-06-02,3.5,3.53,3.43,3.5,-0.0099999999999997,-0.2849002849002802,227066638.0
600795,2022-06-06,3.47,3.65,3.43,3.65,0.1499999999999999,4.285714285714293,282544498.0
600795,2022-06-07,3.61,3.7,3.56,3.6,-0.0499999999999998,-1.3698630136986245,198392059.0
600795,2022-06-08,3.6,3.7,3.56,3.69,0.0899999999999998,2.499999999999991,189309550.0
600795,2022-06-09,3.67,3.84,3.66,3.76,0.0699999999999998,1.8970189701897011,221742742.0
600795,2022-06-10,3.72,3.83,3.69,3.8,0.04,1.0638297872340496,206322893.0
600795,2022-06-13,3.77,3.82,3.67,3.73,-0.0699999999999998,-1.8421052631578896,232092122.0
600795,2022-06-14,3.68,3.81,3.67,3.8,0.0699999999999998,1.8766756032171592,156554736.0
600795,2022-06-15,3.79,3.84,3.7,3.72,-0.0799999999999996,-2.1052631578947323,194010996.0
600795,2022-06-16,3.71,3.76,3.62,3.69,-0.0300000000000002,-0.8064516129032362,167720401.0
600795,2022-06-17,3.68,3.8,3.63,3.78,0.0899999999999998,2.4390243902439046,215626133.0
600795,2022-06-20,3.8,3.83,3.73,3.77,-0.0099999999999997,-0.2645502645502562,187329182.0
600795,2022-06-21,3.78,4.01,3.78,3.96,0.1899999999999999,5.039787798408479,273886841.0
600795,2022-06-22,3.95,4.01,3.88,3.89,-0.0699999999999998,-1.7676767676767624,179991165.0
600795,2022-06-23,3.89,3.91,3.7,3.78,-0.1100000000000003,-2.8277634961439646,249790001.0
600795,2022-06-24,3.79,3.79,3.7,3.74,-0.0399999999999995,-1.058201058201047,155346325.0
600795,2022-06-27,3.76,3.76,3.63,3.72,-0.02,-0.5347593582887722,219154823.0
600795,2022-06-28,3.72,3.84,3.7,3.77,0.0499999999999998,1.3440860215053752,163080497.0
600795,2022-06-29,3.74,4.02,3.73,3.92,0.1499999999999999,3.9787798408488007,289038650.0
600795,2022-06-30,3.93,3.99,3.85,3.91,-0.0099999999999997,-0.255102040816324,163512274.0
600795,2022-07-01,3.92,4.02,3.89,3.98,0.0699999999999998,1.7902813299232712,170509375.0
600795,2022-07-04,3.96,4.17,3.94,4.06,0.0799999999999996,2.010050251256268,287119712.0
600795,2022-07-05,4.04,4.21,4.03,4.13,0.0700000000000002,1.7241379310344973,209162854.0
600795,2022-07-06,4.13,4.22,4.04,4.08,-0.0499999999999998,-1.2106537530266248,156531026.0
600795,2022-07-07,4.1,4.18,4.03,4.07,-0.0099999999999997,-0.2450980392156854,213371502.0
600795,2022-07-08,4.11,4.2,4.06,4.16,0.0899999999999998,2.211302211302213,175870255.0
600795,2022-07-11,4.2,4.32,4.17,4.3,0.1399999999999996,3.365384615384603,274297429.0
600795,2022-07-12,4.29,4.41,4.19,4.22,-0.08,-1.8604651162790753,294976812.0
600795,2022-07-13,4.22,4.42,4.15,4.39,0.1699999999999999,4.028436018957349,221507916.0
600795,2022-07-14,4.38,4.38,4.04,4.08,-0.3099999999999996,-7.061503416856485,435949076.0
600795,2022-07-15,4.08,4.2,4.06,4.13,0.0499999999999998,1.225490196078427,218748229.0
600795,2022-07-18,4.15,4.3,4.15,4.25,0.1200000000000001,2.90556900726393,208355312.0
600795,2022-07-19,4.22,4.25,4.05,4.1,-0.1500000000000003,-3.529411764705892,230356276.0
600795,2022-07-20,4.11,4.15,3.97,4.12,0.0200000000000004,0.4878048780487809,208282441.0
600795,2022-07-21,4.11,4.11,3.86,3.89,-0.2299999999999999,-5.582524271844658,303791168.0
600795,2022-07-22,3.85,3.95,3.85,3.89,0.0,0.0,156829148.0
600795,2022-07-25,3.93,3.97,3.83,3.87,-0.02,-0.5141388174807249,109038249.0
600795,2022-07-26,3.87,3.94,3.83,3.87,0.0,0.0,132583180.0
600795,2022-07-27,3.85,3.91,3.77,3.9,0.0299999999999998,0.7751937984496138,196581779.0
600795,2022-07-28,3.88,3.98,3.81,3.82,-0.08,-2.051282051282055,182506721.0
600795,2022-07-29,3.8,3.94,3.79,3.81,-0.0099999999999997,-0.2617801047120394,140734691.0
600795,2022-08-01,3.8,3.83,3.69,3.83,0.02,0.5249343832020914,177727467.0
600795,2022-08-02,3.79,3.8,3.59,3.69,-0.1400000000000001,-3.6553524804177617,219245104.0
600795,2022-08-03,3.69,3.76,3.58,3.59,-0.1,-2.7100271002710064,152843054.0
600795,2022-08-04,3.59,3.68,3.59,3.67,0.08,2.22841225626742,110657124.0
600795,2022-08-05,3.68,3.73,3.58,3.69,0.02,0.5449591280654031,138843694.0
600795,2022-08-08,3.71,3.89,3.7,3.83,0.1400000000000001,3.7940379403794022,176463852.0
600795,2022-08-09,3.84,3.86,3.75,3.77,-0.06,-1.566579634464749,111640517.0
600795,2022-08-10,3.76,3.8,3.71,3.74,-0.0299999999999998,-0.7957559681697535,89046898.0
600795,2022-08-11,3.79,3.83,3.76,3.82,0.0799999999999996,2.1390374331550666,98247876.0
600795,2022-08-12,3.8,3.97,3.8,3.93,0.1100000000000003,2.8795811518324665,188827072.0
600795,2022-08-15,3.96,4.11,3.92,4.06,0.1299999999999994,3.307888040712448,202859983.0
600795,2022-08-16,4.1,4.13,4.04,4.11,0.0500000000000007,1.2315270935960854,140592942.0
600795,2022-08-17,4.13,4.19,4.07,4.12,0.0099999999999997,0.2433090024330786,131157468.0
600795,2022-08-18,4.12,4.13,3.71,3.76,-0.3600000000000003,-8.73786407766991,591466872.0
600795,2022-08-19,3.77,4.08,3.68,4.0,0.2400000000000002,6.382978723404253,520379032.0
600795,2022-08-22,3.99,4.08,3.9,3.94,-0.06,-1.500000000000001,240602385.0
600795,2022-08-23,4.04,4.33,4.03,4.29,0.3500000000000001,8.883248730964466,477363709.0
600795,2022-08-24,4.25,4.33,4.18,4.27,-0.0200000000000004,-0.4662004662004726,300177501.0
600795,2022-08-25,4.34,4.37,4.24,4.3,0.0300000000000002,0.7025761124121788,203496395.0
600795,2022-08-26,4.26,4.59,4.25,4.48,0.1800000000000006,4.186046511627928,363411591.0
600795,2022-08-29,4.46,4.51,4.34,4.43,-0.0500000000000007,-1.1160714285714413,230750137.0
600795,2022-08-30,4.42,4.49,4.38,4.41,-0.0199999999999995,-0.4514672686230181,201074131.0
600795,2022-08-31,4.39,4.44,4.3,4.35,-0.0600000000000005,-1.3605442176870874,209763067.0
600795,2022-09-01,4.39,4.47,4.33,4.36,0.0100000000000006,0.2298850574712796,153644424.0
600795,2022-09-02,4.38,4.54,4.35,4.48,0.1200000000000001,2.752293577981657,211146743.0
600795,2022-09-05,4.48,4.61,4.39,4.53,0.0499999999999998,1.116071428571419,222788972.0
600795,2022-09-06,4.51,4.65,4.44,4.61,0.08,1.7660044150110463,176607075.0
600795,2022-09-07,4.57,4.65,4.44,4.61,0.0,0.0,220646853.0
600795,2022-09-08,4.62,4.81,4.62,4.71,0.0999999999999996,2.1691973969631073,243921982.0
600795,2022-09-09,4.77,4.81,4.66,4.74,0.0300000000000002,0.6369426751592355,192010642.0
600795,2022-09-13,4.72,4.77,4.58,4.61,-0.1299999999999999,-2.742616033755274,240795389.0
600795,2022-09-14,4.57,4.68,4.51,4.59,-0.0200000000000004,-0.4338394793926392,198867765.0
600795,2022-09-15,4.58,4.61,4.33,4.43,-0.1600000000000001,-3.4858387799564294,280127202.0
600795,2022-09-16,4.43,4.48,4.23,4.28,-0.1499999999999994,-3.386004514672669,180560358.0
600795,2022-09-19,4.1,4.24,4.04,4.17,-0.1100000000000003,-2.570093457943934,218512180.0
600795,2022-09-20,4.2,4.23,4.11,4.14,-0.0300000000000002,-0.7194244604316613,130939116.0
600795,2022-09-21,4.15,4.3,4.12,4.26,0.1200000000000001,2.898550724637694,170077622.0
600795,2022-09-22,4.22,4.32,4.16,4.26,0.0,0.0,137545856.0
600795,2022-09-23,4.27,4.38,4.15,4.17,-0.0899999999999998,-2.112676056338026,119684080.0
600795,2022-09-26,4.14,4.31,4.11,4.19,0.0200000000000004,0.4796163069544557,159092998.0
600795,2022-09-27,4.2,4.25,4.1,4.23,0.04,0.9546539379474916,137246507.0
600795,2022-09-28,4.21,4.28,4.05,4.09,-0.1400000000000005,-3.309692671394815,126411217.0
600795,2022-09-29,4.13,4.16,4.04,4.09,0.0,0.0,100004954.0
600795,2022-09-30,4.1,4.13,4.04,4.07,-0.0199999999999995,-0.4889975550122161,91465263.0
600795,2022-10-10,4.06,4.26,4.05,4.15,0.08,1.9656019656019597,178951449.0
600795,2022-10-11,4.18,4.48,4.15,4.47,0.3199999999999994,7.71084337349397,246279317.0
600795,2022-10-12,4.45,4.54,4.37,4.54,0.0700000000000002,1.5659955257270708,190921147.0
600795,2022-10-13,4.49,4.64,4.48,4.59,0.0499999999999998,1.1013215859030812,197253780.0
600795,2022-10-14,4.59,4.63,4.54,4.61,0.0200000000000004,0.4357298474945592,141033039.0
600795,2022-10-17,4.57,4.6,4.41,4.54,-0.0700000000000002,-1.5184381778741929,157364983.0
600795,2022-10-18,4.54,4.68,4.5,4.65,0.1100000000000003,2.422907488986792,162411289.0
600795,2022-10-19,4.66,4.72,4.6,4.63,-0.0200000000000004,-0.4301075268817289,119814318.0
600795,2022-10-20,4.61,4.71,4.5,4.53,-0.0999999999999996,-2.1598272138228847,196634656.0
600795,2022-10-21,4.52,4.8,4.52,4.75,0.2199999999999997,4.856512141280356,201921878.0
600795,2022-10-24,4.72,4.75,4.58,4.62,-0.1299999999999999,-2.7368421052631597,208794915.0
600795,2022-10-25,4.72,4.85,4.65,4.79,0.1699999999999999,3.6796536796536823,299057721.0
600795,2022-10-26,4.77,4.97,4.77,4.94,0.1500000000000003,3.131524008350728,215783110.0
600795,2022-10-27,4.86,4.92,4.64,4.65,-0.29,-5.8704453441295605,320455671.0
600795,2022-10-28,4.63,4.7,4.41,4.46,-0.1900000000000004,-4.086021505376348,301465120.0
600795,2022-10-31,4.41,4.53,4.35,4.37,-0.0899999999999998,-2.0179372197309364,173995491.0
600795,2022-11-01,4.4,4.42,4.22,4.38,0.0099999999999997,0.2288329519450682,214055928.0
600795,2022-11-02,4.34,4.39,4.21,4.39,0.0099999999999997,0.2283105022830911,227886457.0
600795,2022-11-03,4.36,4.41,4.27,4.31,-0.08,-1.8223234624145768,194281594.0
600795,2022-11-04,4.35,4.5,4.35,4.45,0.1400000000000005,3.2482598607888713,221160633.0
600795,2022-11-07,4.44,4.44,4.17,4.23,-0.2199999999999997,-4.943820224719097,329660986.0
600795,2022-11-08,4.2,4.27,4.16,4.22,-0.0100000000000006,-0.2364066193853542,176463931.0
600795,2022-11-09,4.22,4.26,4.18,4.22,0.0,0.0,96064837.0
600795,2022-11-10,4.25,4.32,4.2,4.21,-0.0099999999999997,-0.2369668246445466,148436877.0
600795,2022-11-11,4.25,4.3,4.18,4.24,0.0300000000000002,0.7125890736342066,161734709.0
600795,2022-11-14,4.24,4.24,4.13,4.16,-0.08,-1.8867924528301885,154012198.0
600795,2022-11-15,4.15,4.2,4.12,4.19,0.0300000000000002,0.7211538461538547,114265042.0
600795,2022-11-16,4.25,4.4,4.21,4.23,0.04,0.9546539379474916,211187161.0
600795,2022-11-17,4.2,4.22,4.13,4.15,-0.08,-1.891252955082745,111567433.0
600795,2022-11-18,4.14,4.2,4.12,4.16,0.0099999999999997,0.2409638554216719,114711108.0
600795,2022-11-21,4.15,4.3,4.14,4.27,0.1099999999999994,2.6442307692307487,167826429.0
600795,2022-11-22,4.28,4.4,4.23,4.34,0.0700000000000002,1.6393442622950838,161611749.0
600795,2022-11-23,4.35,4.45,4.32,4.42,0.08,1.8433179723502224,181567927.0
600795,2022-11-24,4.46,4.55,4.43,4.51,0.0899999999999998,2.036199095022617,162869637.0
600795,2022-11-25,4.49,4.58,4.48,4.56,0.0499999999999998,1.1086474501108556,149737804.0
600795,2022-11-28,4.5,4.69,4.43,4.68,0.1200000000000001,2.6315789473684292,209845887.0
600795,2022-11-29,4.67,4.68,4.47,4.52,-0.1600000000000001,-3.4188034188034178,224609151.0
600795,2022-11-30,4.45,4.56,4.42,4.53,0.0100000000000006,0.2212389380531032,144193072.0
600795,2022-12-01,4.49,4.51,4.38,4.46,-0.0700000000000002,-1.5452538631346655,190435982.0
600795,2022-12-02,4.44,4.47,4.34,4.39,-0.0700000000000002,-1.5695067264574036,118155114.0
600795,2022-12-05,4.37,4.45,4.34,4.44,0.0500000000000007,1.1389521640091216,132791214.0
600795,2022-12-06,4.42,4.43,4.2,4.21,-0.2300000000000004,-5.180180180180194,296399084.0
600795,2022-12-07,4.22,4.27,4.21,4.24,0.0300000000000002,0.7125890736342066,146491036.0
600795,2022-12-08,4.22,4.25,4.1,4.14,-0.1000000000000005,-2.358490566037752,205311737.0
600795,2022-12-09,4.13,4.17,4.06,4.09,-0.0499999999999998,-1.207729468599028,176316654.0
600795,2022-12-12,4.07,4.08,3.96,3.97,-0.1199999999999996,-2.933985330073341,165313540.0
600795,2022-12-13,3.96,4.05,3.9,3.99,0.02,0.5037783375314797,171264053.0
600795,2022-12-14,3.98,4.04,3.95,4.0,0.0099999999999997,0.2506265664160345,102078576.0
600795,2022-12-15,3.99,4.01,3.95,4.01,0.0099999999999997,0.2499999999999946,61453942.0
600795,2022-12-16,4.02,4.16,4.0,4.1,0.0899999999999998,2.244389027431426,171725233.0
600795,2022-12-19,4.13,4.14,3.94,3.98,-0.1199999999999996,-2.9268292682926744,121138231.0
600795,2022-12-20,3.96,4.01,3.92,3.99,0.0100000000000002,0.2512562814070307,80750978.0
600795,2022-12-21,3.99,4.01,3.92,3.96,-0.0300000000000002,-0.7518796992481258,54911649.0
600795,2022-12-22,3.94,3.97,3.79,3.83,-0.1299999999999999,-3.282828282828276,138708324.0
600795,2022-12-23,3.85,3.92,3.84,3.86,0.0299999999999998,0.7832898172323688,64604512.0
600795,2022-12-26,3.87,4.02,3.87,4.01,0.1499999999999999,3.886010362694292,96798624.0
600795,2022-12-27,4.03,4.05,3.97,4.01,0.0,0.0,72942841.0
600795,2022-12-28,4.01,4.18,3.98,4.16,0.1500000000000003,3.7406483790523697,159858936.0
600795,2022-12-29,4.13,4.2,4.12,4.15,-0.0099999999999997,-0.2403846153846145,112202492.0
600795,2022-12-30,4.17,4.3,4.16,4.27,0.1199999999999992,2.891566265060219,160214000.0
600795,2023-01-03,4.27,4.36,4.25,4.34,0.0700000000000002,1.6393442622950838,158480169.0
600795,2023-01-04,4.36,4.38,4.27,4.34,0.0,0.0,124086221.0
600795,2023-01-05,4.34,4.4,4.31,4.34,0.0,0.0,119083931.0
600795,2023-01-06,4.33,4.4,4.31,4.34,0.0,0.0,110737162.0
600795,2023-01-09,4.33,4.34,4.18,4.19,-0.1499999999999994,-3.4562211981566726,179732718.0
600795,2023-01-10,4.23,4.24,4.16,4.19,0.0,0.0,98417696.0
600795,2023-01-11,4.23,4.27,4.17,4.18,-0.0100000000000006,-0.2386634844868895,103544930.0
600795,2023-01-12,4.18,4.21,4.14,4.19,0.0100000000000006,0.2392344497607723,82227502.0
600795,2023-01-13,4.18,4.29,4.15,4.17,-0.0200000000000004,-0.4773269689737569,102970944.0
600795,2023-01-16,4.18,4.19,4.09,4.13,-0.04,-0.959232613908878,137448371.0
600795,2023-01-17,4.12,4.14,4.05,4.07,-0.0599999999999996,-1.4527845036319542,94617163.0
600795,2023-01-18,4.06,4.14,4.05,4.08,0.0099999999999997,0.245700245700231,68056391.0
600795,2023-01-19,4.08,4.09,3.98,4.07,-0.0099999999999997,-0.2450980392156854,153478561.0
600795,2023-01-20,4.06,4.22,4.05,4.18,0.1099999999999994,2.7027027027026973,140840143.0
600795,2023-01-30,4.2,4.21,4.05,4.06,-0.1200000000000001,-2.8708133971291905,235917666.0
600795,2023-01-31,3.98,4.02,3.88,3.97,-0.0899999999999994,-2.216748768472887,401437429.0
600795,2023-02-01,3.95,3.97,3.9,3.95,-0.02,-0.5037783375314908,205996527.0
600795,2023-02-02,3.96,4.03,3.95,3.99,0.04,1.0126582278481069,186351129.0
600795,2023-02-03,3.99,4.0,3.92,3.95,-0.04,-1.0025062656641603,105508166.0
600795,2023-02-06,3.92,4.0,3.92,3.94,-0.0100000000000002,-0.2531645569620266,104653573.0
600795,2023-02-07,3.95,3.98,3.91,3.97,0.0300000000000002,0.761421319796951,121491467.0
600795,2023-02-08,3.96,3.97,3.91,3.92,-0.0500000000000002,-1.2594458438287215,141541063.0
600795,2023-02-09,3.92,3.93,3.9,3.93,0.0100000000000002,0.2551020408163351,98976763.0
600795,2023-02-10,3.92,3.98,3.88,3.93,0.0,0.0,164823186.0
600795,2023-02-13,3.95,4.05,3.94,3.96,0.0299999999999998,0.7633587786259444,246839056.0
600795,2023-02-14,3.96,4.01,3.94,3.97,0.0100000000000002,0.2525252525252597,115071763.0
600795,2023-02-15,3.98,3.98,3.91,3.92,-0.0500000000000002,-1.2594458438287215,132683434.0
600795,2023-02-16,3.91,3.94,3.84,3.86,-0.06,-1.530612244897955,141474736.0
600795,2023-02-17,3.85,3.89,3.84,3.85,-0.0099999999999997,-0.2590673575129432,86091772.0
600795,2023-02-20,3.85,3.87,3.81,3.87,0.02,0.5194805194805197,104805128.0
600795,2023-02-21,3.86,3.93,3.84,3.93,0.06,1.5503875968992276,127965756.0
600795,2023-02-22,3.93,3.98,3.91,3.92,-0.0100000000000002,-0.2544529262086592,125712409.0
600795,2023-02-23,3.91,3.92,3.87,3.88,-0.04,-1.0204081632653073,93103946.0
600795,2023-02-24,3.88,3.9,3.86,3.86,-0.02,-0.5154639175257714,57198925.0
600795,2023-02-27,3.85,3.89,3.84,3.86,0.0,0.0,62601990.0
600795,2023-02-28,3.86,3.93,3.85,3.93,0.0700000000000002,1.81347150259068,119847527.0
600795,2023-03-01,3.92,3.93,3.9,3.93,0.0,0.0,89412312.0
600795,2023-03-02,3.93,3.98,3.91,3.96,0.0299999999999998,0.7633587786259444,134379849.0
600795,2023-03-03,3.96,4.03,3.96,4.02,0.0599999999999996,1.5151515151515138,179057550.0
600795,2023-03-06,4.02,4.09,4.0,4.05,0.0300000000000002,0.7462686567164312,174240547.0
600795,2023-03-07,4.07,4.09,4.0,4.01,-0.04,-0.987654320987652,173062743.0
600795,2023-03-08,4.0,4.02,3.93,3.96,-0.0499999999999998,-1.2468827930174564,121437128.0
600795,2023-03-09,3.97,3.99,3.94,3.95,-0.0099999999999997,-0.2525252525252486,68303327.0
600795,2023-03-10,3.94,3.95,3.87,3.88,-0.0700000000000002,-1.7721518987341869,109750274.0
600795,2023-03-13,3.86,3.93,3.86,3.91,0.0300000000000002,0.773195876288657,78522271.0
600795,2023-03-14,3.9,4.01,3.88,3.95,0.04,1.0230179028132946,133655356.0
600795,2023-03-15,3.98,4.02,3.91,4.02,0.0699999999999994,1.7721518987341645,131877692.0
600795,2023-03-16,4.01,4.02,3.95,3.96,-0.0599999999999996,-1.492537313432829,107308423.0
600795,2023-03-17,3.97,4.01,3.92,3.95,-0.0099999999999997,-0.2525252525252486,122730586.0
600795,2023-03-20,3.95,3.97,3.83,3.84,-0.1100000000000003,-2.784810126582282,189138188.0
600795,2023-03-21,3.85,3.87,3.81,3.84,0.0,0.0,104620638.0
600795,2023-03-22,3.83,3.87,3.81,3.82,-0.02,-0.520833333333337,99519839.0
600795,2023-03-23,3.82,3.82,3.76,3.81,-0.0099999999999997,-0.2617801047120394,106091876.0
600795,2023-03-24,3.81,3.81,3.73,3.74,-0.0699999999999998,-1.837270341207342,114503953.0
600795,2023-03-27,3.73,3.73,3.68,3.7,-0.04,-1.0695187165775444,96445667.0
600795,2023-03-28,3.7,3.73,3.69,3.7,0.0,0.0,66082182.0
600795,2023-03-29,3.71,3.77,3.69,3.7,0.0,0.0,98708426.0
600795,2023-03-30,3.69,3.75,3.62,3.74,0.04,1.0810810810810922,114314909.0
600795,2023-03-31,3.74,3.82,3.73,3.8,0.0599999999999996,1.6042780748662944,125476655.0
600795,2023-04-03,3.79,3.8,3.71,3.72,-0.0799999999999996,-2.1052631578947323,121147640.0
600795,2023-04-04,3.7,3.73,3.68,3.7,-0.02,-0.5376344086021501,78565068.0
600795,2023-04-06,3.69,3.71,3.66,3.69,-0.0100000000000002,-0.2702702702702786,60228132.0
600795,2023-04-07,3.69,3.75,3.68,3.75,0.06,1.6260162601626105,71562366.0
600795,2023-04-10,3.76,3.86,3.75,3.86,0.1099999999999998,2.933333333333321,170276600.0
600795,2023-04-11,3.85,3.88,3.82,3.86,0.0,0.0,93372882.0
600795,2023-04-12,3.87,3.89,3.81,3.82,-0.04,-1.0362694300518172,87825721.0
600795,2023-04-13,3.82,3.88,3.81,3.84,0.02,0.5235602094240788,84065401.0
600795,2023-04-14,3.82,3.91,3.82,3.89,0.0500000000000002,1.302083333333348,127272546.0
600795,2023-04-17,3.95,3.98,3.91,3.93,0.04,1.0282776349614495,188410593.0
600795,2023-04-18,3.94,3.94,3.85,3.89,-0.04,-1.0178117048346036,89881226.0
600795,2023-04-19,3.88,3.94,3.87,3.88,-0.0100000000000002,-0.2570694087403624,88025952.0
600795,2023-04-20,3.89,3.89,3.83,3.87,-0.0099999999999997,-0.2577319587628857,88025360.0
600795,2023-04-21,3.87,3.95,3.85,3.87,0.0,0.0,134121744.0
600795,2023-04-24,3.9,3.93,3.85,3.87,0.0,0.0,126022812.0
600795,2023-04-25,3.89,3.95,3.87,3.91,0.04,1.033591731266159,149914342.0
600795,2023-04-26,3.97,4.08,3.96,4.01,0.0999999999999996,2.5575447570332477,252951988.0
600795,2023-04-27,4.0,4.09,3.92,4.06,0.0499999999999998,1.2468827930174564,194272680.0
600795,2023-04-28,3.89,3.91,3.76,3.86,-0.1999999999999997,-4.92610837438423,322952930.0
600795,2023-05-04,3.85,4.04,3.84,4.02,0.1599999999999997,4.145077720207246,264471501.0
600795,2023-05-05,4.02,4.07,3.99,4.01,-0.0099999999999997,-0.2487562189054659,125563196.0
600795,2023-05-08,4.04,4.14,4.01,4.09,0.08,1.9950124688279391,224759344.0
600795,2023-05-09,4.1,4.12,4.02,4.03,-0.0599999999999996,-1.4669926650366705,169897268.0
600795,2023-05-10,4.03,4.06,3.96,3.98,-0.0500000000000002,-1.2406947890818976,119350344.0
600795,2023-05-11,3.98,4.13,3.96,4.05,0.0699999999999998,1.7587939698492372,129533307.0
600795,2023-05-12,4.05,4.18,4.01,4.17,0.1200000000000001,2.9629629629629672,305709470.0
600795,2023-05-15,4.2,4.22,4.03,4.08,-0.0899999999999998,-2.1582733812949617,261165021.0
600795,2023-05-16,4.08,4.12,4.03,4.06,-0.0200000000000004,-0.4901960784313819,126540308.0
600795,2023-05-17,4.06,4.12,4.0,4.08,0.0200000000000004,0.4926108374384341,125511974.0
600795,2023-05-18,4.08,4.11,4.02,4.03,-0.0499999999999998,-1.225490196078427,103504400.0
600795,2023-05-19,4.02,4.03,3.94,3.96,-0.0700000000000002,-1.7369727047146457,123367381.0
600795,2023-05-22,3.95,4.13,3.94,4.03,0.0700000000000002,1.7676767676767735,209270617.0
600795,2023-05-23,4.07,4.09,3.99,3.99,-0.04,-0.992555831265507,125907838.0
600795,2023-05-24,3.99,4.02,3.9,3.91,-0.08,-2.0050125313283207,129276226.0
600795,2023-05-25,3.89,3.96,3.87,3.92,0.0099999999999997,0.2557544757033181,103151173.0
600795,2023-05-26,3.92,4.09,3.92,4.0,0.08,2.0408163265306145,191193219.0
600795,2023-05-29,4.01,4.21,3.99,4.18,0.1799999999999997,4.499999999999993,365565283.0
600795,2023-05-30,4.2,4.21,4.12,4.18,0.0,0.0,159229200.0
600795,2023-05-31,4.15,4.2,4.07,4.08,-0.0999999999999996,-2.392344497607646,162696349.0
600795,2023-06-01,4.1,4.15,4.03,4.04,-0.04,-0.9803921568627416,190555188.0
600795,2023-06-02,4.05,4.08,3.98,4.0,-0.04,-0.990099009900991,154386779.0
600795,2023-06-05,4.0,4.03,3.95,3.98,-0.02,-0.5000000000000004,125782943.0
600795,2023-06-06,3.97,3.98,3.84,3.86,-0.1200000000000001,-3.015075376884424,233215255.0
600795,2023-06-07,3.85,3.87,3.77,3.8,-0.06,-1.5544041450777255,137058495.0
600795,2023-06-08,3.79,3.84,3.77,3.83,0.0300000000000002,0.7894736842105399,94664377.0
600795,2023-06-09,3.84,3.9,3.81,3.9,0.0699999999999998,1.827676240208875,109270559.0
600795,2023-06-12,3.89,3.91,3.8,3.81,-0.0899999999999998,-2.3076923076922995,131353756.0
600795,2023-06-13,3.8,3.84,3.78,3.82,0.0099999999999997,0.2624671916010346,81140717.0
600795,2023-06-14,3.81,3.82,3.76,3.77,-0.0499999999999998,-1.308900523560208,90278306.0
600795,2023-06-15,3.79,3.81,3.74,3.81,0.04,1.0610079575596787,111833604.0
600795,2023-06-16,3.8,3.81,3.77,3.81,0.0,0.0,97727289.0
600795,2023-06-19,3.8,3.85,3.77,3.83,0.02,0.5249343832020914,103394411.0
600795,2023-06-20,3.83,3.87,3.79,3.83,0.0,0.0,109118013.0
600795,2023-06-21,3.82,3.88,3.8,3.82,-0.0100000000000002,-0.2610966057441266,97945937.0
600795,2023-06-26,3.79,3.89,3.78,3.86,0.04,1.0471204188481575,149880305.0
600795,2023-06-27,3.86,3.87,3.77,3.83,-0.0299999999999998,-0.7772020725388518,98396616.0
600795,2023-06-28,3.83,3.89,3.82,3.88,0.0499999999999998,1.305483028720622,146855097.0
600795,2023-06-29,3.88,3.89,3.84,3.85,-0.0299999999999998,-0.773195876288657,71540310.0
600795,2023-06-30,3.85,3.87,3.82,3.83,-0.02,-0.5194805194805197,61992814.0
600795,2023-07-03,3.83,3.89,3.83,3.87,0.04,1.0443864229765063,82269794.0
600795,2023-07-04,3.87,3.89,3.84,3.87,0.0,0.0,74655408.0
600795,2023-07-05,3.87,3.91,3.86,3.87,0.0,0.0,74605226.0
600795,2023-07-06,3.8,3.8,3.72,3.73,-0.1400000000000001,-3.617571059431523,89775800.0
600795,2023-07-07,3.73,3.78,3.72,3.76,0.0299999999999998,0.8042895442359255,57832951.0
600795,2023-07-10,3.79,3.84,3.77,3.79,0.0300000000000002,0.7978723404255428,84741615.0
600795,2023-07-11,3.79,3.79,3.75,3.76,-0.0300000000000002,-0.7915567282322011,59407226.0
600795,2023-07-12,3.76,3.78,3.74,3.75,-0.0099999999999997,-0.2659574468085068,49627171.0
600795,2023-07-13,3.76,3.78,3.74,3.76,0.0099999999999997,0.2666666666666595,55494459.0
600795,2023-07-14,3.77,3.77,3.72,3.73,-0.0299999999999998,-0.7978723404255317,82115385.0
600795,2023-07-17,3.72,3.74,3.7,3.71,-0.02,-0.536193029490617,52273907.0
600795,2023-07-18,3.72,3.73,3.67,3.68,-0.0299999999999998,-0.8086253369272156,67264133.0
600795,2023-07-19,3.68,3.68,3.64,3.67,-0.0100000000000002,-0.2717391304347893,59583157.0
600795,2023-07-20,3.67,3.67,3.62,3.62,-0.0499999999999998,-1.3623978201634857,63199922.0
600795,2023-07-21,3.63,3.63,3.6,3.6,-0.02,-0.5524861878453025,54830974.0
600795,2023-07-24,3.6,3.63,3.57,3.59,-0.0100000000000002,-0.2777777777777879,54166787.0
600795,2023-07-25,3.61,3.64,3.6,3.64,0.0500000000000002,1.392757660167132,79066785.0
600795,2023-07-26,3.63,3.64,3.61,3.61,-0.0300000000000002,-0.8241758241758323,41945464.0
600795,2023-07-27,3.61,3.64,3.61,3.61,0.0,0.0,60692926.0
600795,2023-07-28,3.61,3.64,3.58,3.64,0.0300000000000002,0.8310249307479367,79095963.0
600795,2023-07-31,3.64,3.69,3.63,3.69,0.0499999999999998,1.3736263736263687,98727302.0
600795,2023-08-01,3.68,3.77,3.67,3.77,0.08,2.168021680216814,153048821.0
600795,2023-08-02,3.76,3.77,3.73,3.75,-0.02,-0.5305039787798393,64574075.0
600795,2023-08-03,3.73,3.76,3.71,3.76,0.0099999999999997,0.2666666666666595,62650376.0
600795,2023-08-04,3.77,3.79,3.73,3.74,-0.0199999999999995,-0.5319148936170137,78135327.0
600795,2023-08-07,3.74,3.76,3.72,3.75,0.0099999999999997,0.2673796791443861,54156554.0
600795,2023-08-08,3.74,3.77,3.73,3.74,-0.0099999999999997,-0.2666666666666595,49415268.0
600795,2023-08-09,3.73,3.75,3.68,3.68,-0.06,-1.6042780748663166,61365146.0
600795,2023-08-10,3.69,3.7,3.65,3.69,0.0099999999999997,0.2717391304347671,44303420.0
600795,2023-08-11,3.69,3.69,3.62,3.62,-0.0699999999999998,-1.8970189701897011,51442780.0
600795,2023-08-14,3.61,3.62,3.57,3.61,-0.0100000000000002,-0.2762430939226568,61666420.0
600795,2023-08-15,3.61,3.66,3.6,3.63,0.02,0.5540166204986097,58796894.0
600795,2023-08-16,3.62,3.63,3.58,3.59,-0.04,-1.1019283746556474,45863489.0
600795,2023-08-17,3.58,3.59,3.53,3.58,-0.0099999999999997,-0.278551532033422,69861128.0
600795,2023-08-18,3.58,3.6,3.56,3.56,-0.02,-0.5586592178770999,37557823.0
600795,2023-08-21,3.56,3.59,3.49,3.49,-0.0699999999999998,-1.96629213483146,63953857.0
600795,2023-08-22,3.5,3.52,3.42,3.51,0.0199999999999995,0.5730659025787732,87348616.0
600795,2023-08-23,3.5,3.5,3.4,3.41,-0.0999999999999996,-2.849002849002835,65950009.0
600795,2023-08-24,3.42,3.45,3.37,3.41,0.0,0.0,90705265.0
600795,2023-08-25,3.4,3.48,3.38,3.46,0.0499999999999998,1.4662756598240456,85006738.0
600795,2023-08-28,3.6,3.6,3.43,3.45,-0.0099999999999997,-0.2890173410404539,90305610.0
600795,2023-08-29,3.46,3.48,3.42,3.44,-0.0100000000000002,-0.2898550724637738,81903249.0
600795,2023-08-30,3.43,3.45,3.3,3.34,-0.1,-2.9069767441860517,133290656.0
600795,2023-08-31,3.43,3.54,3.41,3.51,0.1699999999999999,5.089820359281427,229251934.0
600795,2023-09-01,3.5,3.58,3.48,3.54,0.0300000000000002,0.8547008547008517,94078809.0
600795,2023-09-04,3.55,3.6,3.52,3.59,0.0499999999999998,1.412429378531077,99921841.0
600795,2023-09-05,3.6,3.68,3.58,3.66,0.0700000000000002,1.9498607242339985,144745061.0
600795,2023-09-06,3.66,3.69,3.64,3.65,-0.0100000000000002,-0.2732240437158584,96149588.0
600795,2023-09-07,3.65,3.68,3.6,3.63,-0.02,-0.5479452054794498,86478329.0
600795,2023-09-08,3.62,3.69,3.61,3.67,0.04,1.1019283746556583,78369988.0
600795,2023-09-11,3.67,3.75,3.66,3.67,0.0,0.0,87156692.0
600795,2023-09-12,3.66,3.72,3.65,3.66,-0.0099999999999997,-0.2724795640326904,63563143.0
600795,2023-09-13,3.67,3.7,3.65,3.68,0.02,0.5464480874316946,74189434.0
600795,2023-09-14,3.68,3.79,3.67,3.78,0.0999999999999996,2.717391304347827,194081601.0
600795,2023-09-15,3.8,3.85,3.75,3.78,0.0,0.0,154302218.0
600795,2023-09-18,3.78,3.8,3.73,3.77,-0.0099999999999997,-0.2645502645502562,82509820.0
600795,2023-09-19,3.77,3.79,3.72,3.77,0.0,0.0,71012950.0
600795,2023-09-20,3.77,3.79,3.74,3.76,-0.0100000000000002,-0.2652519893899252,53950978.0
600795,2023-09-21,3.75,3.79,3.74,3.75,-0.0099999999999997,-0.2659574468085068,64250203.0
600795,2023-09-22,3.76,3.85,3.71,3.72,-0.0299999999999998,-0.7999999999999896,105568067.0
600795,2023-09-25,3.73,3.8,3.69,3.75,0.0299999999999998,0.8064516129032251,92724031.0
600795,2023-09-26,3.78,3.79,3.73,3.77,0.02,0.5333333333333412,67701769.0
600795,2023-09-27,3.78,3.78,3.69,3.7,-0.0699999999999998,-1.8567639257294433,80465565.0
600795,2023-09-28,3.72,3.73,3.66,3.68,-0.02,-0.5405405405405461,54029704.0
600795,2023-10-09,3.68,3.73,3.63,3.71,0.0299999999999998,0.8152173913043459,64470908.0
600795,2023-10-10,3.72,3.74,3.7,3.7,-0.0099999999999997,-0.2695417789757348,42972279.0
600795,2023-10-11,3.7,3.76,3.65,3.66,-0.04,-1.0810810810810811,60953433.0
600795,2023-10-12,3.68,3.7,3.65,3.67,0.0099999999999997,0.2732240437158362,48350686.0
600795,2023-10-13,3.67,3.71,3.63,3.66,-0.0099999999999997,-0.2724795640326904,49980167.0
600795,2023-10-16,3.65,3.71,3.64,3.67,0.0099999999999997,0.2732240437158362,49429749.0
600795,2023-10-17,3.68,3.81,3.67,3.75,0.08,2.1798365122615904,102260111.0
600795,2023-10-18,3.76,3.76,3.63,3.64,-0.1099999999999998,-2.933333333333332,103044502.0
600795,2023-10-19,3.64,3.64,3.57,3.58,-0.06,-1.6483516483516536,76713165.0
600795,2023-10-20,3.6,3.67,3.55,3.64,0.06,1.6759776536312776,76556597.0
600795,2023-10-23,3.62,3.63,3.51,3.54,-0.1,-2.7472527472527486,71832968.0
600795,2023-10-24,3.51,3.59,3.49,3.58,0.04,1.1299435028248703,72034701.0
600795,2023-10-25,3.6,3.64,3.49,3.55,-0.0300000000000002,-0.8379888268156499,78509807.0
600795,2023-10-26,3.53,3.65,3.5,3.65,0.1,2.8169014084507005,92001059.0
600795,2023-10-27,3.63,3.71,3.62,3.69,0.04,1.0958904109588996,86155320.0
600795,2023-10-30,3.7,3.7,3.63,3.64,-0.0499999999999998,-1.3550135501354976,74546910.0
600795,2023-10-31,3.64,3.67,3.63,3.64,0.0,0.0,60686499.0
600795,2023-11-01,3.65,3.68,3.63,3.66,0.02,0.5494505494505475,50915830.0
600795,2023-11-02,3.66,3.71,3.64,3.69,0.0299999999999998,0.8196721311475308,66130230.0
600795,2023-11-03,3.69,3.75,3.67,3.71,0.02,0.5420054200542035,78833874.0
600795,2023-11-06,3.72,3.72,3.59,3.61,-0.1,-2.695417789757415,153927875.0
600795,2023-11-07,3.61,3.63,3.57,3.61,0.0,0.0,63337316.0
600795,2023-11-08,3.61,3.63,3.59,3.6,-0.0099999999999997,-0.2770083102493048,45288536.0
600795,2023-11-09,3.59,3.7,3.59,3.67,0.0699999999999998,1.9444444444444375,112253042.0
600795,2023-11-10,3.67,3.74,3.6,3.73,0.06,1.6348773841961872,138886353.0
600795,2023-11-13,3.8,3.87,3.7,3.76,0.0299999999999998,0.8042895442359255,138581264.0
600795,2023-11-14,3.77,3.85,3.75,3.79,0.0300000000000002,0.7978723404255428,115881152.0
600795,2023-11-15,3.8,3.84,3.77,3.82,0.0299999999999998,0.79155672823219,77785650.0
600795,2023-11-16,3.82,3.86,3.8,3.83,0.0100000000000002,0.2617801047120505,77800682.0
600795,2023-11-17,3.84,3.91,3.83,3.89,0.06,1.5665796344647598,121497215.0
600795,2023-11-20,3.9,3.98,3.89,3.9,0.0099999999999997,0.2570694087403513,154011191.0
600795,2023-11-21,3.9,3.91,3.84,3.86,-0.04,-1.025641025641022,86263769.0
600795,2023-11-22,3.88,3.9,3.84,3.86,0.0,0.0,61553802.0
600795,2023-11-23,3.86,3.9,3.84,3.88,0.02,0.5181347150259086,57319731.0
600795,2023-11-24,3.89,3.92,3.87,3.9,0.02,0.5154639175257714,77299408.0
600795,2023-11-27,3.9,3.92,3.86,3.89,-0.0099999999999997,-0.2564102564102555,60352601.0
600795,2023-11-28,3.9,3.94,3.86,3.94,0.0499999999999998,1.285347043701801,78042529.0
600795,2023-11-29,3.94,3.97,3.91,3.92,-0.02,-0.5076142131979711,58046000.0
600795,2023-11-30,3.92,3.96,3.91,3.95,0.0300000000000002,0.7653061224489832,71080791.0
600795,2023-12-01,3.96,4.0,3.94,3.98,0.0299999999999998,0.75949367088608,89256655.0
600795,2023-12-04,3.99,4.01,3.95,4.0,0.02,0.5025125628140614,88361347.0
600795,2023-12-05,4.0,4.06,3.99,4.0,0.0,0.0,104386751.0
600795,2023-12-06,3.99,4.0,3.93,3.97,-0.0299999999999998,-0.7499999999999951,79293550.0
600795,2023-12-07,3.96,4.05,3.95,4.03,0.06,1.5113350125944611,92123600.0
600795,2023-12-08,4.05,4.1,4.01,4.09,0.0599999999999996,1.4888337468982549,109233201.0
600795,2023-12-11,4.08,4.14,4.02,4.13,0.04,0.9779951100244544,108810365.0
600795,2023-12-12,4.12,4.21,4.1,4.2,0.0700000000000002,1.6949152542373058,94855144.0
600795,2023-12-13,4.2,4.25,4.17,4.2,0.0,0.0,90857165.0
600795,2023-12-14,4.19,4.26,4.16,4.22,0.0199999999999995,0.4761904761904745,86978516.0
600795,2023-12-15,4.23,4.24,4.14,4.15,-0.0699999999999994,-1.6587677725118375,108795433.0
600795,2023-12-18,4.15,4.24,4.15,4.2,0.0499999999999998,1.2048192771084263,107092890.0
600795,2023-12-19,4.2,4.2,4.11,4.15,-0.0499999999999998,-1.1904761904761862,113301700.0
600795,2023-12-20,4.2,4.25,4.19,4.2,0.0499999999999998,1.2048192771084263,121787587.0
600795,2023-12-21,4.18,4.21,4.14,4.19,-0.0099999999999997,-0.2380952380952372,84444546.0
600795,2023-12-22,4.21,4.23,4.18,4.2,0.0099999999999997,0.2386634844868673,67159247.0
600795,2023-12-25,4.17,4.21,4.15,4.2,0.0,0.0,61211050.0
600795,2023-12-26,4.2,4.24,4.18,4.19,-0.0099999999999997,-0.2380952380952372,75125939.0
600795,2023-12-27,4.2,4.32,4.19,4.31,0.1199999999999992,2.8639618138424527,119323219.0
600795,2023-12-28,4.32,4.34,4.14,4.18,-0.1299999999999999,-3.0162412993039456,186391900.0
600795,2023-12-29,4.16,4.21,4.12,4.16,-0.0199999999999995,-0.4784688995215225,118214651.0
600795,2024-01-02,4.14,4.32,4.14,4.28,0.1200000000000001,2.884615384615397,161428405.0
600795,2024-01-03,4.27,4.37,4.25,4.37,0.0899999999999998,2.102803738317749,143357031.0
600795,2024-01-04,4.38,4.38,4.28,4.35,-0.0200000000000004,-0.4576659038901698,91281943.0
600795,2024-01-05,4.34,4.4,4.32,4.34,-0.0099999999999997,-0.2298850574712574,106641303.0
600795,2024-01-08,4.34,4.34,4.26,4.28,-0.0599999999999996,-1.3824884792626668,101259755.0
600795,2024-01-09,4.29,4.3,4.21,4.28,0.0,0.0,94052237.0
600795,2024-01-10,4.3,4.33,4.19,4.28,0.0,0.0,107857778.0
600795,2024-01-11,4.27,4.28,4.17,4.2,-0.08,-1.869158878504673,127143325.0
600795,2024-01-12,4.2,4.27,4.18,4.23,0.0300000000000002,0.7142857142857117,119831291.0
600795,2024-01-15,4.21,4.26,4.18,4.23,0.0,0.0,91691275.0
600795,2024-01-16,4.22,4.24,4.18,4.22,-0.0100000000000006,-0.2364066193853542,86260064.0
600795,2024-01-17,4.22,4.26,4.18,4.18,-0.04,-0.9478672985781976,85543970.0
600795,2024-01-18,4.15,4.17,3.99,4.15,-0.0299999999999993,-0.7177033492822837,170414613.0
600795,2024-01-19,4.14,4.18,4.03,4.07,-0.08,-1.927710843373498,128208239.0
600795,2024-01-22,4.06,4.09,3.93,3.96,-0.1100000000000003,-2.7027027027027084,153536487.0
600795,2024-01-23,3.96,4.07,3.88,4.06,0.0999999999999996,2.525252525252508,123164900.0
600795,2024-01-24,4.07,4.16,4.05,4.16,0.1000000000000005,2.4630541871921263,123551188.0
600795,2024-01-25,4.18,4.28,4.17,4.28,0.1200000000000001,2.884615384615397,127547046.0
600795,2024-01-26,4.26,4.35,4.25,4.34,0.0599999999999996,1.4018691588784993,123088806.0
600795,2024-01-29,4.35,4.46,4.34,4.39,0.0499999999999998,1.1520737327188837,183199744.0
600795,2024-01-30,4.37,4.45,4.35,4.38,-0.0099999999999997,-0.2277904328018221,138184859.0
600795,2024-01-31,4.28,4.54,4.24,4.47,0.0899999999999998,2.054794520547931,280338755.0
600795,2024-02-01,4.45,4.51,4.39,4.4,-0.0699999999999994,-1.5659955257270597,183922205.0
600795,2024-02-02,4.39,4.54,4.36,4.47,0.0699999999999994,1.5909090909090873,180513759.0
600795,2024-02-05,4.47,4.53,4.38,4.47,0.0,0.0,187490631.0
600795,2024-02-06,4.43,4.51,4.39,4.47,0.0,0.0,192787983.0
600795,2024-02-07,4.46,4.46,4.34,4.42,-0.0499999999999998,-1.118568232662187,250242859.0
600795,2024-02-08,4.42,4.43,4.3,4.42,0.0,0.0,218842356.0
600795,2024-02-19,4.39,4.65,4.39,4.65,0.2300000000000004,5.203619909502266,234377432.0
600795,2024-02-20,4.65,4.71,4.61,4.66,0.0099999999999997,0.2150537634408644,104528558.0
600795,2024-02-21,4.64,4.71,4.61,4.62,-0.04,-0.8583690987124526,128753611.0
600795,2024-02-22,4.6,4.77,4.59,4.75,0.1299999999999999,2.813852813852802,127999386.0
600795,2024-02-23,4.74,4.85,4.73,4.8,0.0499999999999998,1.0526315789473717,105841026.0
600795,2024-02-26,4.78,4.79,4.63,4.64,-0.1600000000000001,-3.3333333333333326,130305707.0
600795,2024-02-27,4.63,4.69,4.6,4.65,0.0100000000000006,0.2155172413793149,105154512.0
600795,2024-02-28,4.63,4.76,4.6,4.72,0.0699999999999994,1.5053763440860068,124211570.0
600795,2024-02-29,4.69,4.73,4.63,4.68,-0.04,-0.8474576271186418,103348589.0
600795,2024-03-01,4.65,4.71,4.62,4.63,-0.0499999999999998,-1.0683760683760646,105913940.0
600795,2024-03-04,4.63,4.8,4.61,4.78,0.1500000000000003,3.239740820734349,149493443.0
600795,2024-03-05,4.76,4.98,4.76,4.91,0.1299999999999999,2.7196652719665204,159419881.0
600795,2024-03-06,4.93,5.0,4.88,4.96,0.0499999999999998,1.0183299389002087,126223532.0
600795,2024-03-07,4.92,5.02,4.89,5.01,0.0499999999999998,1.0080645161290258,123901274.0
600795,2024-03-08,5.0,5.09,4.98,5.07,0.0600000000000005,1.1976047904191711,128367683.0
600795,2024-03-11,5.1,5.19,4.99,5.08,0.0099999999999997,0.1972386587771213,166398344.0
600795,2024-03-12,5.05,5.06,4.82,4.83,-0.25,-4.921259842519687,168377336.0
600795,2024-03-13,4.8,4.98,4.8,4.96,0.1299999999999999,2.69151138716357,148742163.0
600795,2024-03-14,4.94,5.01,4.91,4.97,0.0099999999999997,0.2016129032258007,92713265.0
600795,2024-03-15,4.98,5.12,4.96,5.08,0.1100000000000003,2.213279678068414,173115877.0
600795,2024-03-18,5.06,5.23,5.05,5.14,0.0599999999999996,1.1811023622047223,150425743.0
600795,2024-03-19,5.13,5.17,5.0,5.02,-0.1200000000000001,-2.3346303501945553,120326606.0
600795,2024-03-20,5.0,5.12,4.93,5.03,0.0100000000000006,0.199203187251018,94968817.0
600795,2024-03-21,5.02,5.04,4.94,4.97,-0.0600000000000005,-1.1928429423459397,85206718.0
600795,2024-03-22,4.97,5.04,4.91,5.01,0.04,0.8048289738430636,106562401.0
600795,2024-03-25,4.99,5.09,4.99,5.0,-0.0099999999999997,-0.1996007984031877,101403887.0
600795,2024-03-26,4.97,5.05,4.92,5.04,0.04,0.8000000000000007,116151201.0
600795,2024-03-27,5.03,5.06,4.98,4.99,-0.0499999999999998,-0.9920634920634884,81655389.0
600795,2024-03-28,4.97,5.01,4.9,5.01,0.0199999999999995,0.4008016032064132,105333551.0
600795,2024-03-29,4.99,5.07,4.98,5.05,0.04,0.7984031936127733,94078846.0
600795,2024-04-01,5.06,5.07,4.93,4.95,-0.0999999999999996,-1.9801980198019709,127639352.0
600795,2024-04-02,4.92,5.05,4.91,4.99,0.04,0.8080808080808133,124996449.0
600795,2024-04-03,4.98,5.0,4.92,4.98,-0.0099999999999997,-0.2004008016032066,90361930.0
600795,2024-04-08,4.95,5.22,4.95,5.2,0.2199999999999997,4.417670682730912,227753489.0
600795,2024-04-09,5.18,5.21,5.1,5.18,-0.0200000000000004,-0.3846153846153943,134391618.0
600795,2024-04-10,5.18,5.27,5.16,5.19,0.0100000000000006,0.1930501930502037,134583042.0
600795,2024-04-11,5.19,5.3,5.14,5.29,0.0999999999999996,1.9267822736030784,112358448.0
600795,2024-04-12,5.29,5.35,5.25,5.29,0.0,0.0,113284003.0
600795,2024-04-15,5.29,5.39,5.27,5.34,0.0499999999999998,0.9451795841209698,116981367.0
600795,2024-04-16,5.19,5.24,5.09,5.16,-0.1799999999999997,-3.3707865168539297,243188136.0
600795,2024-04-17,5.16,5.23,5.05,5.22,0.0599999999999996,1.162790697674421,199352859.0
600795,2024-04-18,5.2,5.3,4.95,5.01,-0.2099999999999999,-4.0229885057471275,273179094.0
600795,2024-04-19,5.01,5.07,4.95,4.98,-0.0299999999999993,-0.5988023952095634,164629351.0
600795,2024-04-22,4.99,5.07,4.96,5.02,0.0399999999999991,0.8032128514056103,178901999.0
600795,2024-04-23,5.02,5.03,4.91,4.92,-0.0999999999999996,-1.9920318725099584,144226604.0
600795,2024-04-24,4.98,5.15,4.98,5.06,0.1399999999999996,2.845528455284541,210945373.0
600795,2024-04-25,5.05,5.05,4.96,4.98,-0.0799999999999991,-1.5810276679841695,109167584.0
600795,2024-04-26,4.98,5.03,4.94,4.98,0.0,0.0,138791531.0
600795,2024-04-29,5.0,5.03,4.87,4.98,0.0,0.0,214226412.0
600795,2024-04-30,4.96,5.15,4.96,5.13,0.1499999999999994,3.0120481927710774,165220725.0
600795,2024-05-06,5.13,5.27,5.02,5.26,0.1299999999999999,2.5341130604288553,193271917.0
600795,2024-05-07,5.24,5.3,5.16,5.19,-0.0699999999999994,-1.330798479087436,127925120.0
600795,2024-05-08,5.19,5.23,5.15,5.18,-0.0100000000000006,-0.1926782273603211,88742110.0
600795,2024-05-09,5.18,5.2,5.12,5.15,-0.0299999999999993,-0.5791505791505669,110706080.0
600795,2024-05-10,5.16,5.31,5.15,5.31,0.1599999999999992,3.1067961165048397,161839259.0
600795,2024-05-13,5.31,5.4,5.25,5.38,0.0700000000000002,1.318267419962349,156660476.0
600795,2024-05-14,5.36,5.42,5.29,5.39,0.0099999999999997,0.1858736059479504,101475501.0
600795,2024-05-15,5.39,5.47,5.29,5.3,-0.0899999999999998,-1.6697588126159513,89793744.0
600795,2024-05-16,5.3,5.33,5.18,5.19,-0.1099999999999994,-2.075471698113196,98129925.0
600795,2024-05-17,5.21,5.26,5.15,5.17,-0.0200000000000004,-0.3853564547206201,101466168.0
600795,2024-05-20,5.18,5.27,5.11,5.23,0.0600000000000005,1.1605415860735049,116038726.0
600795,2024-05-21,5.22,5.25,5.16,5.2,-0.0300000000000002,-0.5736137667304075,82516494.0
600795,2024-05-22,5.21,5.3,5.18,5.18,-0.0200000000000004,-0.3846153846153943,110855700.0
600795,2024-05-23,5.19,5.21,5.1,5.12,-0.0599999999999996,-1.158301158301156,105418034.0
600795,2024-05-24,5.14,5.41,5.14,5.36,0.2400000000000002,4.6875,239829119.0
600795,2024-05-27,5.39,5.48,5.3,5.44,0.08,1.49253731343284,189979697.0
600795,2024-05-28,5.43,5.54,5.4,5.45,0.0099999999999997,0.1838235294117529,138963403.0
600795,2024-05-29,5.44,5.46,5.36,5.44,-0.0099999999999997,-0.1834862385321045,79982880.0
600795,2024-05-30,5.44,5.47,5.33,5.35,-0.0900000000000007,-1.654411764705899,95420287.0
600795,2024-05-31,5.34,5.47,5.3,5.37,0.0200000000000004,0.373831775700939,116128416.0
600795,2024-06-03,5.37,5.5,5.35,5.46,0.0899999999999998,1.6759776536312776,145323071.0
600795,2024-06-04,5.46,5.58,5.4,5.57,0.1100000000000003,2.0146520146520297,161398478.0
600795,2024-06-05,5.57,5.74,5.55,5.71,0.1399999999999996,2.51346499102334,213473289.0
600795,2024-06-06,5.69,5.98,5.68,5.87,0.1600000000000001,2.8021015761821477,276967480.0
600795,2024-06-07,5.85,5.99,5.82,5.96,0.0899999999999998,1.5332197614991383,159140591.0
600795,2024-06-11,5.99,6.02,5.77,5.85,-0.1100000000000003,-1.8456375838926231,169615898.0
600795,2024-06-12,5.83,5.98,5.79,5.96,0.1100000000000003,1.880341880341896,111673746.0
600795,2024-06-13,5.94,6.11,5.9,5.97,0.0099999999999997,0.1677852348993314,133480086.0
600795,2024-06-14,5.98,6.0,5.77,5.83,-0.1399999999999996,-2.345058626465657,160691594.0
600795,2024-06-17,5.83,5.9,5.72,5.76,-0.0700000000000002,-1.2006861063464935,148345597.0
600795,2024-06-18,5.76,5.8,5.67,5.78,0.0200000000000004,0.3472222222222321,111054389.0
600795,2024-06-19,5.78,5.85,5.74,5.76,-0.0200000000000004,-0.34602076124568,84822688.0
600795,2024-06-20,5.75,5.9,5.74,5.83,0.0700000000000002,1.21527777777779,118800680.0
600795,2024-06-21,5.84,5.92,5.79,5.85,0.0199999999999995,0.3430531732418362,97120297.0
600795,2024-06-24,5.83,5.92,5.82,5.84,-0.0099999999999997,-0.1709401709401703,112167384.0
600795,2024-06-25,5.85,5.91,5.74,5.88,0.04,0.6849315068493178,116848473.0
600795,2024-06-26,5.86,5.9,5.72,5.82,-0.0599999999999996,-1.0204081632652962,116448476.0
600795,2024-06-27,5.79,5.89,5.78,5.83,0.0099999999999997,0.1718213058419238,94230221.0
600795,2024-06-28,5.8,6.01,5.76,5.99,0.1600000000000001,2.7444253859348233,154966043.0
600795,2024-07-01,5.96,6.15,5.95,6.03,0.04,0.6677796327211993,135945284.0
600795,2024-07-02,6.01,6.07,5.99,6.05,0.0199999999999995,0.3316749585406287,87844240.0
600795,2024-07-03,6.05,6.1,5.97,6.07,0.0200000000000004,0.3305785123967064,111013638.0
600795,2024-07-04,6.07,6.12,6.0,6.01,-0.0600000000000005,-0.9884678747940744,90367082.0
600795,2024-07-05,5.97,5.99,5.76,5.94,-0.0699999999999994,-1.1647254575707031,116264046.0
600795,2024-07-08,5.9,6.08,5.88,6.05,0.1099999999999994,1.851851851851838,158567092.0
600795,2024-07-09,6.03,6.09,5.95,6.06,0.0099999999999997,0.1652892561983421,139456897.0
600795,2024-07-10,5.89,5.89,5.59,5.79,-0.2699999999999996,-4.455445544554449,350501863.0
600795,2024-07-11,5.79,5.98,5.76,5.97,0.1799999999999997,3.1088082901554293,223519720.0
600795,2024-07-12,5.98,6.08,5.79,5.85,-0.1200000000000001,-2.010050251256279,154824493.0
600795,2024-07-15,5.79,5.94,5.66,5.91,0.0600000000000005,1.0256410256410442,129731268.0
600795,2024-07-16,5.9,5.97,5.87,5.93,0.0199999999999995,0.3384094754653066,86970143.0
600795,2024-07-17,5.91,5.92,5.65,5.7,-0.2299999999999995,-3.878583473861707,167015669.0
600795,2024-07-18,5.68,5.8,5.65,5.79,0.0899999999999998,1.5789473684210575,112810145.0
600795,2024-07-19,5.77,5.82,5.73,5.8,0.0099999999999997,0.172711571675288,77927763.0
600795,2024-07-22,5.77,5.8,5.64,5.7,-0.0999999999999996,-1.724137931034475,110508779.0
600795,2024-07-23,5.68,5.75,5.64,5.7,0.0,0.0,96477147.0
600795,2024-07-24,5.68,5.87,5.65,5.8,0.0999999999999996,1.754385964912264,131597226.0
600795,2024-07-25,5.81,5.81,5.61,5.72,-0.08,-1.379310344827589,105573837.0
600795,2024-07-26,5.71,5.73,5.55,5.67,-0.0499999999999998,-0.8741258741258751,123873196.0
600795,2024-07-29,5.65,5.82,5.64,5.79,0.1200000000000001,2.1164021164021163,111300163.0
600795,2024-07-30,5.79,5.84,5.66,5.68,-0.1100000000000003,-1.8998272884283351,103968559.0
600795,2024-07-31,5.65,5.68,5.48,5.56,-0.1200000000000001,-2.112676056338026,206054847.0
600795,2024-08-01,5.51,5.67,5.51,5.54,-0.0199999999999995,-0.3597122302158251,122540004.0
600795,2024-08-02,5.54,5.61,5.49,5.56,0.0199999999999995,0.3610108303248927,102432877.0
600795,2024-08-05,5.55,5.58,5.42,5.45,-0.1099999999999994,-1.978417266187038,99035964.0
600795,2024-08-06,5.45,5.54,5.4,5.49,0.04,0.7339449541284404,90923461.0
600795,2024-08-07,5.5,5.61,5.49,5.52,0.0299999999999993,0.5464480874316724,115939582.0
600795,2024-08-08,5.53,5.58,5.47,5.49,-0.0299999999999993,-0.5434782608695565,74905647.0
600795,2024-08-09,5.5,5.53,5.45,5.48,-0.0099999999999997,-0.1821493624772241,66558637.0
600795,2024-08-12,5.49,5.55,5.49,5.52,0.0399999999999991,0.7299270072992581,55613674.0
600795,2024-08-13,5.52,5.55,5.45,5.51,-0.0099999999999997,-0.1811594202898558,67801442.0
600795,2024-08-14,5.5,5.65,5.46,5.61,0.1000000000000005,1.814882032667886,107865277.0
600795,2024-08-15,5.61,5.66,5.55,5.6,-0.0100000000000006,-0.1782531194296055,82396527.0
600795,2024-08-16,5.61,5.63,5.5,5.54,-0.0599999999999996,-1.0714285714285676,72263100.0
600795,2024-08-19,5.54,5.6,5.51,5.53,-0.0099999999999997,-0.1805054151624463,76538104.0
600795,2024-08-20,5.56,5.59,5.39,5.47,-0.0600000000000005,-1.0849909584086936,115272354.0
600795,2024-08-21,5.46,5.5,5.41,5.47,0.0,0.0,62925007.0
600795,2024-08-22,5.46,5.5,5.41,5.49,0.0200000000000004,0.365630712979903,73421126.0
600795,2024-08-23,5.47,5.49,5.36,5.41,-0.08,-1.4571948998178486,101019950.0
600795,2024-08-26,5.39,5.44,5.35,5.42,0.0099999999999997,0.1848428835489857,84637759.0
600795,2024-08-27,5.43,5.44,5.39,5.43,0.0099999999999997,0.1845018450184365,53169050.0
600795,2024-08-28,5.43,5.6,5.42,5.51,0.08,1.4732965009208066,113964434.0
600795,2024-08-29,5.51,5.54,5.36,5.39,-0.1200000000000001,-2.177858439201452,134907863.0
600795,2024-08-30,5.37,5.44,5.26,5.35,-0.04,-0.7421150278293154,146936779.0
600795,2024-09-02,5.33,5.5,5.32,5.44,0.0900000000000007,1.6822429906542258,144655733.0
600795,2024-09-03,5.4,5.5,5.31,5.35,-0.0900000000000007,-1.654411764705899,118434750.0
600795,2024-09-04,5.32,5.35,5.26,5.31,-0.04,-0.747663551401867,92236832.0
600795,2024-09-05,5.3,5.33,5.21,5.25,-0.0599999999999996,-1.1299435028248483,89444992.0
600795,2024-09-06,5.24,5.29,5.19,5.2,-0.0499999999999998,-0.952380952380949,56647487.0
600795,2024-09-09,5.19,5.22,5.01,5.06,-0.1400000000000005,-2.692307692307705,126468126.0
600795,2024-09-10,5.05,5.1,4.92,5.02,-0.04,-0.7905138339920903,109460038.0
600795,2024-09-11,5.0,5.01,4.78,4.83,-0.1899999999999995,-3.78486055776891,111757747.0
600795,2024-09-12,4.81,4.89,4.78,4.84,0.0099999999999997,0.2070393374741241,79523975.0
600795,2024-09-13,4.82,4.9,4.81,4.85,0.0099999999999997,0.2066115702479276,72108499.0
600795,2024-09-18,4.85,4.88,4.79,4.87,0.0200000000000004,0.4123711340206171,78970482.0
600795,2024-09-19,4.9,4.9,4.75,4.85,-0.0200000000000004,-0.4106776180698213,104348466.0
600795,2024-09-20,4.83,4.91,4.82,4.89,0.04,0.8247422680412342,101088689.0
600795,2024-09-23,4.9,5.06,4.87,4.99,0.1000000000000005,2.0449897750511425,109525212.0
600795,2024-09-24,5.01,5.14,4.95,5.1,0.1099999999999994,2.2044088176352616,120401117.0
600795,2024-09-25,5.18,5.22,5.07,5.11,0.0100000000000006,0.1960784313725705,169902935.0
600795,2024-09-26,5.1,5.11,4.92,5.05,-0.0600000000000005,-1.1741682974559795,237065301.0
600795,2024-09-27,5.08,5.12,5.02,5.11,0.0600000000000005,1.1881188118811892,131046429.0
600795,2024-09-30,5.17,5.54,5.17,5.47,0.3599999999999994,7.0450097847357895,369912434.0
600795,2024-10-08,6.0,6.02,5.23,5.4,-0.0699999999999994,-1.279707495429605,435456617.0
600795,2024-10-09,5.35,5.35,5.12,5.14,-0.2600000000000007,-4.814814814814827,257579034.0
600795,2024-10-10,5.16,5.41,5.15,5.27,0.1299999999999999,2.529182879377423,216279019.0
600795,2024-10-11,5.27,5.35,5.14,5.18,-0.0899999999999998,-1.707779886148009,141865536.0
600795,2024-10-14,5.19,5.31,5.13,5.24,0.0600000000000005,1.1583011583011782,138892131.0
600795,2024-10-15,5.23,5.25,5.11,5.11,-0.1299999999999999,-2.4809160305343525,116599442.0
600795,2024-10-16,5.1,5.15,5.07,5.12,0.0099999999999997,0.1956947162426559,97047877.0
600795,2024-10-17,5.13,5.2,5.07,5.07,-0.0499999999999998,-0.9765625,114816362.0
600795,2024-10-18,5.07,5.17,5.0,5.11,0.04,0.7889546351084853,171045266.0
600795,2024-10-21,5.15,5.16,5.0,5.03,-0.08,-1.5655577299412915,202013471.0
600795,2024-10-22,5.05,5.26,5.03,5.22,0.1899999999999995,3.77733598409542,268097242.0
600795,2024-10-23,5.26,5.28,5.16,5.25,0.0300000000000002,0.5747126436781658,155462961.0
600795,2024-10-24,5.21,5.25,5.17,5.24,-0.0099999999999997,-0.1904761904761853,90866530.0
600795,2024-10-25,5.14,5.16,4.98,5.03,-0.2099999999999999,-4.007633587786263,418928830.0
600795,2024-10-28,5.01,5.03,4.97,5.02,-0.0100000000000006,-0.1988071570576677,234543145.0
600795,2024-10-29,5.02,5.03,4.91,4.92,-0.0999999999999996,-1.9920318725099584,215164093.0
600795,2024-10-30,4.92,4.94,4.87,4.93,0.0099999999999997,0.2032520325203179,112663446.0
600795,2024-10-31,4.87,4.87,4.81,4.84,-0.0899999999999998,-1.8255578093306248,140407847.0
600795,2024-11-01,4.82,4.89,4.8,4.88,0.04,0.8264462809917328,144870460.0
600795,2024-11-04,4.87,4.88,4.82,4.88,0.0,0.0,117676009.0
600795,2024-11-05,4.87,4.9,4.85,4.9,0.0200000000000004,0.4098360655737876,135357975.0
600795,2024-11-06,4.9,4.9,4.83,4.86,-0.04,-0.8163265306122436,152353306.0
600795,2024-11-07,4.82,4.89,4.81,4.89,0.0299999999999993,0.6172839506172645,159064256.0
600795,2024-11-08,4.89,4.97,4.87,4.88,-0.0099999999999997,-0.2044989775051076,191287659.0
600795,2024-11-11,4.87,4.9,4.82,4.89,0.0099999999999997,0.2049180327868827,161077833.0
600795,2024-11-12,4.87,4.91,4.82,4.84,-0.0499999999999998,-1.0224948875255602,136526656.0
600795,2024-11-13,4.82,4.86,4.81,4.84,0.0,0.0,93913830.0
600795,2024-11-14,4.84,4.9,4.8,4.8,-0.04,-0.8264462809917328,130247521.0
600795,2024-11-15,4.8,4.83,4.75,4.76,-0.04,-0.8333333333333304,115487669.0
600795,2024-11-18,4.76,4.87,4.76,4.82,0.0600000000000005,1.26050420168069,161973716.0
600795,2024-11-19,4.81,4.82,4.73,4.77,-0.0500000000000007,-1.0373443983402677,140325446.0
600795,2024-11-20,4.76,4.8,4.74,4.79,0.0200000000000004,0.4192872117400492,84879298.0
600795,2024-11-21,4.77,4.84,4.77,4.81,0.0199999999999995,0.4175365344467607,90283656.0
600795,2024-11-22,4.82,4.84,4.69,4.69,-0.1199999999999992,-2.494802494802484,140319980.0
600795,2024-11-25,4.7,4.73,4.56,4.56,-0.1300000000000007,-2.771855010660995,134182696.0
600795,2024-11-26,4.57,4.59,4.47,4.48,-0.0799999999999991,-1.754385964912264,165041039.0
600795,2024-11-27,4.47,4.6,4.46,4.6,0.1199999999999992,2.678571428571419,162924275.0
600795,2024-11-28,4.59,4.61,4.54,4.56,-0.04,-0.8695652173913104,76044204.0
600795,2024-11-29,4.56,4.62,4.55,4.57,0.0100000000000006,0.2192982456140413,98213116.0
600795,2024-12-02,4.57,4.67,4.55,4.65,0.08,1.7505470459518555,109825932.0
600795,2024-12-03,4.66,4.72,4.62,4.69,0.04,0.8602150537634357,96245650.0
600795,2024-12-04,4.68,4.71,4.65,4.69,0.0,0.0,74214464.0
600795,2024-12-05,4.68,4.72,4.64,4.66,-0.0300000000000002,-0.6396588486140775,75968329.0
600795,2024-12-06,4.66,4.72,4.66,4.7,0.04,0.8583690987124415,93063851.0
600795,2024-12-09,4.7,4.75,4.69,4.73,0.0300000000000002,0.6382978723404209,90976877.0
600795,2024-12-10,4.78,4.8,4.69,4.69,-0.04,-0.8456659619450302,128113458.0
600795,2024-12-11,4.69,4.74,4.67,4.71,0.0199999999999995,0.4264392324093702,70866865.0
600795,2024-12-12,4.71,4.73,4.68,4.72,0.0099999999999997,0.2123142250530785,83444993.0
600795,2024-12-13,4.7,4.71,4.66,4.67,-0.0499999999999998,-1.0593220338983025,83329602.0
600795,2024-12-16,4.67,4.79,4.67,4.76,0.0899999999999998,1.9271948608136968,168763364.0
600795,2024-12-17,4.74,4.84,4.67,4.67,-0.0899999999999998,-1.8907563025210017,162174472.0
600795,2024-12-18,4.69,4.77,4.66,4.71,0.04,0.8565310492505418,119097835.0
600795,2024-12-19,4.68,4.71,4.62,4.64,-0.0700000000000002,-1.4861995753715609,102635309.0
600795,2024-12-20,4.65,4.67,4.54,4.55,-0.0899999999999998,-1.93965517241379,136436357.0
600795,2024-12-23,4.54,4.64,4.51,4.62,0.0700000000000002,1.5384615384615552,146334998.0
600795,2024-12-24,4.62,4.69,4.6,4.68,0.0599999999999996,1.298701298701288,97845602.0
600795,2024-12-25,4.69,4.7,4.63,4.69,0.0100000000000006,0.2136752136752351,71175862.0
600795,2024-12-26,4.69,4.69,4.57,4.58,-0.1100000000000003,-2.3454157782516027,132503387.0
600795,2024-12-27,4.59,4.66,4.56,4.66,0.08,1.7467248908296984,99115330.0
600795,2024-12-30,4.65,4.69,4.61,4.63,-0.0300000000000002,-0.6437768240343367,85362253.0
600795,2024-12-31,4.63,4.67,4.58,4.58,-0.0499999999999998,-1.0799136069114423,100344491.0
600795,2025-01-02,4.59,4.61,4.41,4.43,-0.1500000000000003,-3.27510917030569,142958323.0
600795,2025-01-03,4.44,4.48,4.4,4.42,-0.0099999999999997,-0.225733634311509,88440006.0
600795,2025-01-06,4.42,4.45,4.36,4.42,0.0,0.0,90350892.0
600795,2025-01-07,4.42,4.43,4.35,4.37,-0.0499999999999998,-1.1312217194570096,80331927.0
600795,2025-01-08,4.37,4.42,4.34,4.39,0.0199999999999995,0.4576659038901587,99273818.0
600795,2025-01-09,4.4,4.4,4.31,4.32,-0.0699999999999994,-1.5945330296127436,78576053.0
600795,2025-01-10,4.32,4.33,4.23,4.23,-0.0899999999999998,-2.083333333333326,85678858.0
600795,2025-01-13,4.21,4.25,4.18,4.23,0.0,0.0,76770541.0
600795,2025-01-14,4.23,4.33,4.23,4.31,0.0799999999999991,1.8912529550827228,79208812.0
600795,2025-01-15,4.3,4.34,4.28,4.28,-0.0299999999999993,-0.6960556844547439,58739425.0
600795,2025-01-16,4.29,4.31,4.26,4.28,0.0,0.0,70846719.0
600795,2025-01-17,4.27,4.3,4.23,4.28,0.0,0.0,60582677.0
600795,2025-01-20,4.3,4.33,4.26,4.28,0.0,0.0,97056482.0
600795,2025-01-21,4.29,4.3,4.23,4.24,-0.04,-0.9345794392523366,64782815.0
600795,2025-01-22,4.24,4.27,4.19,4.2,-0.04,-0.943396226415094,85755603.0
600795,2025-01-23,4.24,4.33,4.22,4.22,0.0199999999999995,0.4761904761904745,133379409.0
600795,2025-01-24,4.23,4.24,4.16,4.18,-0.04,-0.9478672985781976,136438179.0
600795,2025-01-27,4.19,4.24,4.18,4.2,0.0200000000000004,0.4784688995215447,132751194.0
600795,2025-02-05,4.21,4.22,4.12,4.13,-0.0700000000000002,-1.6666666666666718,122347518.0
600795,2025-02-06,4.13,4.17,4.1,4.16,0.0300000000000002,0.7263922518159882,98689547.0
600795,2025-02-07,4.16,4.21,4.13,4.18,0.0199999999999995,0.480769230769229,142263376.0
600795,2025-02-10,4.19,4.22,4.16,4.16,-0.0199999999999995,-0.4784688995215225,163736977.0
600795,2025-02-11,4.17,4.18,4.11,4.13,-0.0300000000000002,-0.7211538461538547,117029994.0
600795,2025-02-12,4.13,4.15,4.11,4.14,0.0099999999999997,0.2421307506053294,86001648.0
600795,2025-02-13,4.13,4.15,4.12,4.13,-0.0099999999999997,-0.2415458937197967,93670929.0
600795,2025-02-14,4.13,4.13,4.1,4.11,-0.0199999999999995,-0.4842615012106477,79766153.0
600795,2025-02-17,4.12,4.28,4.07,4.27,0.1599999999999992,3.8929440389294134,314533067.0
600795,2025-02-18,4.27,4.3,4.21,4.23,-0.0399999999999991,-0.9367681498828828,181828064.0
600795,2025-02-19,4.21,4.29,4.18,4.25,0.0199999999999995,0.4728132387706862,165605230.0
600795,2025-02-20,4.25,4.28,4.2,4.25,0.0,0.0,137729637.0
600795,2025-02-21,4.25,4.26,4.18,4.2,-0.0499999999999998,-1.17647058823529,161291163.0
600795,2025-02-24,4.2,4.27,4.16,4.19,-0.0099999999999997,-0.2380952380952372,174767704.0
600795,2025-02-25,4.18,4.19,4.12,4.12,-0.0700000000000002,-1.670644391408116,138764401.0
600795,2025-02-26,4.12,4.29,4.11,4.22,0.0999999999999996,2.4271844660194164,215187530.0
600795,2025-02-27,4.23,4.28,4.21,4.24,0.0200000000000004,0.4739336492891155,158460593.0
600795,2025-02-28,4.24,4.29,4.22,4.23,-0.0099999999999997,-0.2358490566037652,150447287.0
600795,2025-03-03,4.23,4.24,4.16,4.17,-0.0600000000000005,-1.41843971631207,153334899.0
600795,2025-03-04,4.17,4.19,4.14,4.16,-0.0099999999999997,-0.2398081534772167,107025762.0
600795,2025-03-05,4.15,4.18,4.12,4.17,0.0099999999999997,0.2403846153846034,112229311.0
600795,2025-03-06,4.17,4.18,4.13,4.15,-0.0199999999999995,-0.4796163069544223,146884056.0
600795,2025-03-07,4.14,4.15,4.12,4.13,-0.0200000000000004,-0.4819277108433883,101860323.0
600795,2025-03-10,4.13,4.15,4.11,4.12,-0.0099999999999997,-0.2421307506053183,88863014.0
600795,2025-03-11,4.1,4.16,4.09,4.15,0.0300000000000002,0.728155339805836,131572953.0
600795,2025-03-12,4.14,4.21,4.13,4.2,0.0499999999999998,1.2048192771084263,161312434.0
600795,2025-03-13,4.21,4.24,4.2,4.21,0.0099999999999997,0.2380952380952372,139557673.0
600795,2025-03-14,4.22,4.25,4.21,4.24,0.0300000000000002,0.7125890736342066,119076658.0
600795,2025-03-17,4.25,4.32,4.24,4.27,0.0299999999999993,0.7075471698112956,187605261.0
600795,2025-03-18,4.28,4.29,4.24,4.28,0.0100000000000006,0.2341920374707484,105841714.0
600795,2025-03-19,4.28,4.4,4.26,4.37,0.0899999999999998,2.102803738317749,217664024.0
600795,2025-03-20,4.39,4.45,4.36,4.36,-0.0099999999999997,-0.2288329519450793,192800639.0
600795,2025-03-21,4.39,4.44,4.31,4.34,-0.0200000000000004,-0.4587155963302836,172411626.0
600795,2025-03-24,4.35,4.39,4.32,4.37,0.0300000000000002,0.691244239631339,129672721.0
600795,2025-03-25,4.37,4.44,4.33,4.43,0.0599999999999996,1.372997711670476,169368180.0
600795,2025-03-26,4.44,4.44,4.35,4.36,-0.0699999999999994,-1.5801354401805745,177140798.0
600795,2025-03-27,4.36,4.38,4.32,4.34,-0.0200000000000004,-0.4587155963302836,121863804.0
600795,2025-03-28,4.35,4.44,4.35,4.36,0.0200000000000004,0.4608294930875667,199616376.0
600795,2025-03-31,4.39,4.55,4.38,4.44,0.08,1.834862385321112,310444130.0
600795,2025-04-01,4.45,4.62,4.42,4.6,0.1599999999999992,3.603603603603589,324530707.0
600795,2025-04-02,4.62,4.64,4.52,4.54,-0.0599999999999996,-1.304347826086949,210624941.0
600795,2025-04-03,4.51,4.6,4.5,4.57,0.0300000000000002,0.6607929515418665,176198185.0
600795,2025-04-07,4.4,4.5,4.21,4.35,-0.2200000000000006,-4.814004376367631,399353683.0
600795,2025-04-08,4.34,4.46,4.33,4.46,0.1100000000000003,2.5287356321839205,249250707.0
600795,2025-04-09,4.43,4.46,4.3,4.45,-0.0099999999999997,-0.2242152466367719,256317295.0
600795,2025-04-10,4.45,4.47,4.41,4.45,0.0,0.0,186951081.0
600795,2025-04-11,4.45,4.48,4.4,4.45,0.0,0.0,144603798.0
600795,2025-04-14,4.45,4.59,4.44,4.58,0.1299999999999999,2.921348314606731,222764657.0
600795,2025-04-15,4.58,4.61,4.53,4.59,0.0099999999999997,0.2183406113537067,143754635.0
600795,2025-04-16,4.62,4.65,4.56,4.65,0.0600000000000005,1.3071895424836777,207309296.0
600795,2025-04-17,4.64,4.67,4.6,4.66,0.0099999999999997,0.2150537634408644,135353112.0
600795,2025-04-18,4.65,4.65,4.58,4.61,-0.0499999999999998,-1.0729613733905574,118125452.0
600795,2025-04-21,4.62,4.65,4.57,4.58,-0.0300000000000002,-0.6507592190889477,132977612.0
600795,2025-04-22,4.59,4.63,4.56,4.57,-0.0099999999999997,-0.2183406113537067,129539738.0
600795,2025-04-23,4.56,4.58,4.53,4.54,-0.0300000000000002,-0.6564551422319487,117893033.0
600795,2025-04-24,4.5,4.57,4.46,4.54,0.0,0.0,164432115.0
600795,2025-04-25,4.54,4.58,4.52,4.58,0.04,0.8810572687224738,135823616.0
600795,2025-04-28,4.62,4.63,4.56,4.59,0.0099999999999997,0.2183406113537067,159040948.0
600795,2025-04-29,4.6,4.6,4.49,4.51,-0.08,-1.7429193899782147,157666263.0
600795,2025-04-30,4.5,4.52,4.46,4.47,-0.04,-0.8869179600886956,95880007.0
600795,2025-05-06,4.49,4.51,4.46,4.5,0.0300000000000002,0.6711409395973256,112058975.0
600795,2025-05-07,4.53,4.55,4.49,4.53,0.0300000000000002,0.6666666666666821,111650103.0
600795,2025-05-08,4.53,4.62,4.5,4.61,0.08,1.7660044150110463,188359219.0
600795,2025-05-09,4.6,4.63,4.57,4.59,-0.0200000000000004,-0.4338394793926392,123817908.0
600795,2025-05-12,4.58,4.6,4.53,4.55,-0.04,-0.8714596949891074,114464918.0
600795,2025-05-13,4.55,4.57,4.54,4.55,0.0,0.0,91438727.0
600795,2025-05-14,4.55,4.56,4.5,4.55,0.0,0.0,98495604.0
600795,2025-05-15,4.56,4.62,4.55,4.58,0.0300000000000002,0.659340659340657,136514185.0
600795,2025-05-16,4.58,4.66,4.57,4.6,0.0199999999999995,0.4366812227074135,169533087.0
600795,2025-05-19,4.6,4.63,4.59,4.6,0.0,0.0,90444105.0
600795,2025-05-20,4.61,4.72,4.6,4.72,0.1200000000000001,2.60869565217392,214268901.0
600795,2025-05-21,4.72,4.76,4.7,4.7,-0.0199999999999995,-0.4237288135593098,148568146.0
600795,2025-05-22,4.7,4.74,4.67,4.72,0.0199999999999995,0.4255319148936065,114119786.0
600795,2025-05-23,4.72,4.74,4.62,4.62,-0.0999999999999996,-2.1186440677966045,153608533.0
600795,2025-05-26,4.63,4.7,4.63,4.69,0.0700000000000002,1.5151515151515138,104260476.0
600795,2025-05-27,4.69,4.72,4.66,4.67,-0.0200000000000004,-0.4264392324093924,72953056.0
600795,2025-05-28,4.67,4.68,4.61,4.63,-0.04,-0.8565310492505307,96814988.0
600795,2025-05-29,4.62,4.64,4.58,4.61,-0.0199999999999995,-0.4319654427645703,113386262.0
600795,2025-05-30,4.6,4.64,4.57,4.57,-0.04,-0.8676789587852451,102344800.0
600795,2025-06-03,4.56,4.58,4.5,4.57,0.0,0.0,142117350.0
600795,2025-06-04,4.56,4.62,4.55,4.58,0.0099999999999997,0.2188183807439792,96991511.0
600795,2025-06-05,4.59,4.61,4.54,4.58,0.0,0.0,92301717.0
600795,2025-06-06,4.57,4.63,4.56,4.62,0.04,0.8733624454148492,114984592.0
600795,2025-06-09,4.63,4.64,4.59,4.62,0.0,0.0,79138490.0
600795,2025-06-10,4.63,4.67,4.6,4.61,-0.0099999999999997,-0.2164502164502146,120036684.0
600795,2025-06-11,4.62,4.66,4.6,4.64,0.0299999999999993,0.6507592190889255,94399164.0
600795,2025-06-12,4.65,4.65,4.61,4.63,-0.0099999999999997,-0.2155172413793038,66762124.0
600795,2025-06-13,4.63,4.68,4.62,4.67,0.04,0.8639308855291628,122553484.0
600795,2025-06-16,4.67,4.71,4.63,4.71,0.04,0.8565310492505418,111052115.0
600795,2025-06-17,4.71,4.76,4.68,4.76,0.0499999999999998,1.0615711252653923,113951275.0
600795,2025-06-18,4.75,4.77,4.72,4.74,-0.0199999999999995,-0.4201680672268781,82668345.0
600795,2025-06-19,4.74,4.76,4.69,4.72,-0.0200000000000004,-0.4219409282700481,129636537.0
600795,2025-06-20,4.72,4.75,4.7,4.72,0.0,0.0,67311998.0
600795,2025-06-23,4.71,4.73,4.67,4.72,0.0,0.0,84190600.0
600795,2025-06-24,4.72,4.73,4.69,4.7,-0.0199999999999995,-0.4237288135593098,104459354.0
600795,2025-06-25,4.71,4.81,4.69,4.8,0.0999999999999996,2.127659574468077,153901762.0
600795,2025-06-26,4.8,4.94,4.78,4.91,0.1100000000000003,2.2916666666666696,192205022.0
600795,2025-06-27,4.9,4.92,4.77,4.78,-0.1299999999999999,-2.647657841140527,192481270.0
600795,2025-06-30,4.78,4.86,4.76,4.84,0.0599999999999996,1.2552301255229992,108840902.0
600795,2025-07-01,4.86,5.03,4.85,4.99,0.1500000000000003,3.0991735537190257,211708941.0
600795,2025-07-02,5.0,5.03,4.97,4.99,0.0,0.0,103460700.0
600795,2025-07-03,4.99,5.0,4.93,4.96,-0.0300000000000002,-0.6012024048096198,82274523.0
600795,2025-07-04,4.97,4.99,4.94,4.95,-0.0099999999999997,-0.2016129032258007,86039567.0
600795,2025-07-07,4.98,5.0,4.91,4.97,0.0199999999999995,0.4040404040403844,111323846.0
600795,2025-07-08,4.97,4.97,4.89,4.94,-0.0299999999999993,-0.6036217303822755,121536600.0
600795,2025-07-09,4.92,4.96,4.87,4.87,-0.0700000000000002,-1.4170040485830038,123356394.0
600795,2025-07-10,4.8,4.81,4.75,4.75,-0.1200000000000001,-2.4640657084188944,121309965.0
600795,2025-07-11,4.76,4.79,4.73,4.73,-0.0199999999999995,-0.4210526315789331,131480330.0
600795,2025-07-14,4.75,4.8,4.74,4.75,0.0199999999999995,0.4228329809724984,124695930.0
600795,2025-07-15,4.75,4.76,4.68,4.71,-0.04,-0.8421052631578996,129603921.0
600795,2025-07-16,4.7,4.72,4.68,4.7,-0.0099999999999997,-0.2123142250530785,91161411.0
600795,2025-07-17,4.71,4.71,4.64,4.67,-0.0300000000000002,-0.638297872340432,122008815.0
600795,2025-07-18,4.67,4.7,4.65,4.7,0.0300000000000002,0.6423982869379063,101843037.0
600795,2025-07-21,4.7,4.76,4.69,4.76,0.0599999999999996,1.2765957446808418,127057252.0
600795,2025-07-22,4.75,4.78,4.71,4.77,0.0099999999999997,0.2100840336134446,160974415.0
600795,2025-07-23,4.77,4.8,4.71,4.72,-0.0499999999999998,-1.0482180293501009,132170234.0
600795,2025-07-24,4.72,4.73,4.65,4.68,-0.04,-0.8474576271186418,135446142.0
600795,2025-07-25,4.68,4.7,4.64,4.65,-0.0299999999999993,-0.6410256410256276,102830000.0
600795,2025-07-28,4.66,4.67,4.61,4.62,-0.0300000000000002,-0.6451612903225823,106317014.0
600795,2025-07-29,4.62,4.65,4.6,4.61,-0.0099999999999997,-0.2164502164502146,82833051.0
600795,2025-07-30,4.62,4.75,4.61,4.7,0.0899999999999998,1.9522776572667988,201120824.0
600795,2025-07-31,4.69,4.69,4.57,4.58,-0.1200000000000001,-2.553191489361706,173595679.0
600795,2025-08-01,4.56,4.59,4.53,4.55,-0.0300000000000002,-0.6550218340611424,101504455.0
600795,2025-08-04,4.55,4.56,4.52,4.54,-0.0099999999999997,-0.219780219780219,92987962.0
600795,2025-08-05,4.54,4.58,4.53,4.58,0.04,0.8810572687224738,75239601.0
600795,2025-08-06,4.58,4.59,4.55,4.58,0.0,0.0,71513559.0
600795,2025-08-07,4.58,4.61,4.55,4.6,0.0199999999999995,0.4366812227074135,96208029.0
600795,2025-08-08,4.61,4.69,4.59,4.65,0.0500000000000007,1.0869565217391353,137134338.0
600795,2025-08-11,4.64,4.66,4.56,4.56,-0.0900000000000007,-1.935483870967758,143910681.0
600795,2025-08-12,4.56,4.57,4.54,4.55,-0.0099999999999997,-0.2192982456140302,82758809.0
600795,2025-08-13,4.55,4.56,4.52,4.53,-0.0199999999999995,-0.4395604395604269,107257700.0
600795,2025-08-14,4.53,4.55,4.5,4.5,-0.0300000000000002,-0.6622516556291425,84773649.0
600795,2025-08-15,4.51,4.54,4.5,4.5,0.0,0.0,106776312.0
600795,2025-08-18,4.51,4.55,4.51,4.51,0.0099999999999997,0.2222222222222125,113494042.0
600795,2025-08-19,4.66,4.84,4.66,4.77,0.2599999999999998,5.764966740576494,602821432.0
600795,2025-08-20,4.75,4.83,4.74,4.77,0.0,0.0,231739880.0
600795,2025-08-21,4.8,4.83,4.77,4.8,0.0300000000000002,0.6289308176100628,174213959.0
600795,2025-08-22,4.81,4.83,4.76,4.79,-0.0099999999999997,-0.2083333333333326,128619773.0
600795,2025-08-25,4.8,4.82,4.78,4.82,0.0300000000000002,0.6263048016701411,147506430.0
600795,2025-08-26,4.82,4.82,4.78,4.81,-0.0100000000000006,-0.2074688796680601,109833856.0
600795,2025-08-27,4.81,4.91,4.77,4.78,-0.0299999999999993,-0.6237006237006071,196204675.0
600795,2025-08-28,4.78,4.82,4.74,4.82,0.04,0.8368200836819994,156712772.0
600795,2025-08-29,4.84,4.92,4.78,4.79,-0.0300000000000002,-0.6224066390041583,286203499.0
600795,2025-09-01,4.81,4.96,4.8,4.91,0.1200000000000001,2.5052192066805867,282773415.0
600795,2025-09-02,4.91,4.97,4.87,4.93,0.0199999999999995,0.4073319755600657,197925779.0
600795,2025-09-03,4.94,4.95,4.88,4.91,-0.0199999999999995,-0.4056795131845758,123890465.0
600795,2025-09-04,4.9,4.96,4.85,4.95,0.04,0.8146639511201537,209055325.0
600795,2025-09-05,4.95,5.03,4.9,4.98,0.0300000000000002,0.60606060606061,177114210.0
600795,2025-09-08,5.0,5.13,4.99,5.09,0.1099999999999994,2.208835341365445,211093824.0
600795,2025-09-09,5.1,5.13,5.06,5.12,0.0300000000000002,0.5893909626719207,143621182.0
600795,2025-09-10,5.11,5.22,5.08,5.2,0.08,1.5625,174317093.0
600795,2025-09-11,5.21,5.25,5.15,5.19,-0.0099999999999997,-0.1923076923076916,144785381.0
600795,2025-09-12,5.19,5.23,5.15,5.17,-0.0200000000000004,-0.3853564547206201,129016184.0
600795,2025-09-15,5.17,5.31,5.14,5.18,0.0099999999999997,0.19342359767891,191543790.0
600795,2025-09-16,5.18,5.21,5.11,5.17,-0.0099999999999997,-0.1930501930501926,110466671.0
600795,2025-09-17,5.16,5.25,5.14,5.2,0.0300000000000002,0.5802707930367523,105342510.0
600795,2025-09-18,5.2,5.2,5.03,5.07,-0.1299999999999999,-2.500000000000002,153878904.0
600795,2025-09-19,5.07,5.08,5.02,5.03,-0.04,-0.7889546351084853,99770247.0
600795,2025-09-22,5.03,5.05,4.99,5.03,0.0,0.0,98868395.0
600795,2025-09-23,5.03,5.08,5.0,5.06,0.0299999999999993,0.5964214711729587,101924847.0
600795,2025-09-24,5.06,5.08,4.98,5.03,-0.0299999999999993,-0.5928853754940566,111762882.0
600795,2025-09-25,5.02,5.04,4.97,4.99,-0.04,-0.7952286282306154,94396571.0
600795,2025-09-26,4.99,5.02,4.97,5.0,0.0099999999999997,0.2004008016031955,86029223.0
600795,2025-09-29,5.02,5.05,4.92,4.99,-0.0099999999999997,-0.2000000000000001,108911683.0
600795,2025-09-30,4.97,5.01,4.93,4.98,-0.0099999999999997,-0.2004008016032066,97935423.0
600795,2025-10-09,5.0,5.17,5.0,5.17,0.1899999999999995,3.815261044176688,146457614.0
600795,2025-10-10,5.16,5.21,5.1,5.17,0.0,0.0,105312091.0
600795,2025-10-13,5.11,5.19,5.04,5.16,-0.0099999999999997,-0.19342359767891,136398193.0
600795,2025-10-14,5.14,5.23,5.14,5.16,0.0,0.0,131666547.0
600795,2025-10-15,5.16,5.18,5.05,5.12,-0.04,-0.7751937984496138,120402506.0
600795,2025-10-16,5.1,5.16,5.08,5.14,0.0199999999999995,0.390625,93133374.0
600795,2025-10-17,5.15,5.18,5.09,5.12,-0.0199999999999995,-0.3891050583657462,111751049.0
600795,2025-10-20,5.11,5.13,5.0,5.1,-0.0200000000000004,-0.3906250000000111,135862050.0
600795,2025-10-21,5.09,5.12,5.06,5.1,0.0,0.0,90144424.0
600795,2025-10-22,5.11,5.13,5.07,5.07,-0.0299999999999993,-0.5882352941176339,61959204.0
600795,2025-10-23,5.12,5.26,5.11,5.2,0.1299999999999999,2.564102564102555,163479906.0
600795,2025-10-24,5.19,5.21,5.09,5.11,-0.0899999999999998,-1.7307692307692246,129110011.0
600795,2025-10-27,5.12,5.33,5.12,5.31,0.1999999999999993,3.9138943248532065,227388287.0
600795,2025-10-28,5.35,5.45,5.33,5.38,0.0700000000000002,1.318267419962349,200132250.0
600795,2025-10-29,5.29,5.39,5.25,5.35,-0.0300000000000002,-0.5576208178438735,153674586.0
600795,2025-10-30,5.34,5.48,5.31,5.44,0.0900000000000007,1.6822429906542258,182224262.0
600795,2025-10-31,5.43,5.43,5.25,5.29,-0.1500000000000003,-2.757352941176472,150938406.0
600795,2025-11-03,5.29,5.43,5.29,5.39,0.0999999999999996,1.8903591682419616,131241429.0
600795,2025-11-04,5.39,5.48,5.38,5.42,0.0300000000000002,0.5565862708719838,117852299.0
600795,2025-11-05,5.4,5.45,5.31,5.39,-0.0300000000000002,-0.5535055350553542,87955815.0
600795,2025-11-06,5.39,5.56,5.38,5.48,0.0900000000000007,1.6697588126159737,128797258.0
600795,2025-11-07,5.48,5.54,5.44,5.45,-0.0300000000000002,-0.5474452554744547,85148722.0
600795,2025-11-10,5.47,5.5,5.43,5.44,-0.0099999999999997,-0.1834862385321045,70105193.0
600795,2025-11-11,5.45,5.48,5.41,5.43,-0.0100000000000006,-0.1838235294117751,80296948.0
600795,2025-11-12,5.39,5.46,5.37,5.43,0.0,0.0,77684816.0
600795,2025-11-13,5.43,5.51,5.36,5.4,-0.0299999999999993,-0.5524861878452914,106852668.0
600795,2025-11-14,5.39,5.42,5.32,5.33,-0.0700000000000002,-1.2962962962963065,87838513.0
600795,2025-11-17,5.32,5.36,5.24,5.34,0.0099999999999997,0.1876172607879977,100745996.0
600795,2025-11-18,5.34,5.35,5.26,5.29,-0.0499999999999998,-0.9363295880149723,73045765.0
600795,2025-11-19,5.28,5.39,5.27,5.38,0.0899999999999998,1.7013232514177634,76689067.0
600795,2025-11-20,5.39,5.45,5.35,5.36,-0.0199999999999995,-0.3717472118959009,75892920.0
600795,2025-11-21,5.34,5.39,5.27,5.29,-0.0700000000000002,-1.3059701492537323,90153185.0
600795,2025-11-24,5.3,5.31,5.21,5.26,-0.0300000000000002,-0.5671077504725952,95764430.0
600795,2025-11-25,5.26,5.34,5.22,5.32,0.0600000000000005,1.1406844106463865,88310877.0
600795,2025-11-26,5.34,5.41,5.29,5.37,0.0499999999999998,0.9398496240601516,90529687.0
600795,2025-11-27,5.37,5.57,5.36,5.56,0.1899999999999995,3.5381750465549144,190844176.0
600795,2025-11-28,5.55,5.63,5.5,5.63,0.0700000000000002,1.25899280575541,146545748.0
600795,2025-12-01,5.62,5.71,5.51,5.69,0.0600000000000005,1.0657193605683846,167654850.0
600795,2025-12-02,5.66,5.74,5.66,5.72,0.0299999999999993,0.5272407732864526,95381852.0
600795,2025-12-03,5.72,5.81,5.7,5.76,0.04,0.6993006993007089,110928776.0
600795,2025-12-04,5.76,5.8,5.71,5.74,-0.0199999999999995,-0.3472222222222099,98063570.0
600795,2025-12-05,5.74,5.79,5.71,5.73,-0.0099999999999997,-0.174216027874563,104331239.0
600795,2025-12-08,5.71,5.76,5.66,5.72,-0.0100000000000006,-0.1745200698080373,113212082.0
600795,2025-12-09,5.72,5.83,5.71,5.75,0.0300000000000002,0.5244755244755206,109798872.0
600795,2025-12-10,5.76,5.87,5.73,5.83,0.08,1.3913043478260834,130980282.0
600795,2025-12-11,5.82,5.91,5.81,5.83,0.0,0.0,132354243.0
600795,2025-12-12,5.83,5.92,5.81,5.9,0.0700000000000002,1.2006861063464935,135360372.0
600795,2025-12-15,5.9,5.95,5.87,5.88,-0.0200000000000004,-0.3389830508474634,106655355.0
600795,2025-12-16,5.86,5.89,5.81,5.84,-0.04,-0.6802721088435382,106899255.0
600795,2025-12-17,5.84,5.96,5.81,5.93,0.0899999999999998,1.5410958904109595,120618599.0
600795,2025-12-18,5.93,6.0,5.89,5.99,0.0600000000000005,1.0118043844856706,112695764.0
600795,2025-12-19,5.99,6.03,5.84,5.88,-0.1100000000000003,-1.8363939899833093,204728204.0
600795,2025-12-22,5.88,5.93,5.75,5.87,-0.0099999999999997,-0.170068027210879,194647779.0
600795,2025-12-23,5.85,5.94,5.84,5.91,0.04,0.6814310051107331,100271696.0
600795,2025-12-24,5.91,5.95,5.86,5.93,0.0199999999999995,0.3384094754653066,109156647.0
600795,2025-12-25,5.94,6.04,5.9,5.92,-0.0099999999999997,-0.1686340640809414,127929258.0
600795,2025-12-26,5.93,5.94,5.76,5.78,-0.1399999999999996,-2.364864864864858,142892532.0
600795,2025-12-29,5.71,5.72,5.28,5.32,-0.4599999999999999,-7.958477508650519,318747079.0
600795,2025-12-30,5.3,5.3,5.14,5.16,-0.1600000000000001,-3.007518796992481,264812464.0
600795,2025-12-31,5.15,5.16,5.0,5.04,-0.1200000000000001,-2.3255813953488413,312681727.0
600795,2026-01-05,5.03,5.07,4.97,5.02,-0.0200000000000004,-0.3968253968254065,256315923.0
600795,2026-01-06,5.01,5.02,4.96,5.0,-0.0199999999999995,-0.3984063745019806,246616600.0
600795,2026-01-07,4.99,5.04,4.98,5.01,0.0099999999999997,0.2000000000000001,194021427.0
600795,2026-01-08,5.02,5.02,4.96,4.97,-0.04,-0.7984031936127733,180360119.0
600795,2026-01-09,4.97,4.98,4.93,4.94,-0.0299999999999993,-0.6036217303822755,166747610.0
600795,2026-01-12,4.92,4.97,4.88,4.96,0.0199999999999995,0.4048582995951344,173356036.0
600795,2026-01-13,4.95,4.99,4.94,4.97,0.0099999999999997,0.2016129032258007,187460940.0
600795,2026-01-14,4.98,4.98,4.86,4.87,-0.0999999999999996,-2.012072434607637,271059618.0
600795,2026-01-15,4.86,4.9,4.83,4.86,-0.0099999999999997,-0.2053388090349051,137976586.0
600795,2026-01-16,4.88,5.0,4.76,4.78,-0.08,-1.6460905349794277,536206074.0
600795,2026-01-19,4.79,4.92,4.76,4.92,0.1399999999999996,2.9288702928870203,269748449.0
600795,2026-01-20,4.92,4.99,4.89,4.98,0.0600000000000005,1.2195121951219523,203233798.0
600795,2026-01-21,4.98,4.98,4.88,4.89,-0.0900000000000007,-1.807228915662662,182067230.0
600795,2026-01-22,4.9,4.93,4.8,4.84,-0.0499999999999998,-1.0224948875255602,301806350.0
600795,2026-01-23,4.85,4.9,4.74,4.77,-0.0700000000000002,-1.446280991735538,712112571.0
600795,2026-01-26,4.78,4.79,4.72,4.73,-0.0399999999999991,-0.8385744234800652,500607988.0
600795,2026-01-27,4.74,4.75,4.63,4.67,-0.0600000000000005,-1.268498942917562,340618689.0
600795,2026-01-28,4.67,4.67,4.6,4.61,-0.0599999999999996,-1.2847965738757905,354376392.0
600795,2026-01-29,4.61,4.65,4.53,4.64,0.0299999999999993,0.6507592190889255,346617658.0
600795,2026-01-30,4.63,4.68,4.61,4.63,-0.0099999999999997,-0.2155172413793038,226348508.0
600795,2026-02-02,4.63,4.68,4.55,4.55,-0.08,-1.7278617710583144,256106338.0
600795,2026-02-03,4.57,4.59,4.53,4.57,0.0200000000000004,0.4395604395604602,162666072.0
600795,2026-02-04,4.56,4.63,4.55,4.63,0.0599999999999996,1.3129102844638971,173353988.0
600795,2026-02-05,4.63,4.64,4.58,4.61,-0.0199999999999995,-0.4319654427645703,151063059.0
600795,2026-02-06,4.61,4.65,4.58,4.62,0.0099999999999997,0.2169197396963085,160832976.0
600795,2026-02-09,4.62,4.69,4.61,4.68,0.0599999999999996,1.298701298701288,194185400.0
600795,2026-02-10,4.68,4.68,4.63,4.65,-0.0299999999999993,-0.6410256410256276,102822101.0
600795,2026-02-11,4.66,4.69,4.64,4.68,0.0299999999999993,0.6451612903225712,141745586.0
600795,2026-02-12,4.7,4.71,4.66,4.66,-0.0199999999999995,-0.4273504273504147,151452898.0
600795,2026-02-13,4.66,4.67,4.6,4.63,-0.0300000000000002,-0.6437768240343367,158794548.0
600795,2026-02-24,4.65,4.76,4.64,4.74,0.1100000000000003,2.3758099352051865,217223402.0
600795,2026-02-25,4.76,4.82,4.69,4.76,0.0199999999999995,0.421940928270037,356327816.0
600795,2026-02-26,4.75,4.83,4.73,4.82,0.0600000000000005,1.26050420168069,249950742.0
600795,2026-02-27,4.84,4.93,4.8,4.91,0.0899999999999998,1.8672199170124415,317175083.0
600795,2026-03-02,4.9,4.99,4.87,4.97,0.0599999999999996,1.2219959266802416,314975860.0
600795,2026-03-03,4.97,5.04,4.93,4.96,-0.0099999999999997,-0.2012072434607548,351151725.0
600795,2026-03-04,4.92,4.99,4.85,4.95,-0.0099999999999997,-0.2016129032258007,230301703.0
600795,2026-03-05,4.96,5.1,4.96,5.07,0.1200000000000001,2.4242424242424176,325342495.0
600795,2026-03-06,5.08,5.09,5.02,5.08,0.0099999999999997,0.1972386587771213,203710351.0
600795,2026-03-09,5.04,5.13,5.03,5.07,-0.0099999999999997,-0.196850393700787,262609527.0
600795,2026-03-10,5.08,5.09,4.97,5.04,-0.0300000000000002,-0.591715976331364,279006653.0
600795,2026-03-11,5.03,5.14,4.96,5.13,0.0899999999999998,1.7857142857142794,292061463.0
600795,2026-03-12,5.13,5.26,5.11,5.24,0.1100000000000003,2.144249512670582,313913609.0
600795,2026-03-13,5.26,5.28,5.07,5.09,-0.1500000000000003,-2.862595419847336,332976534.0
600795,2026-03-16,5.07,5.11,4.99,5.02,-0.0700000000000002,-1.3752455795677854,254680097.0
600795,2026-03-17,5.0,5.07,4.98,4.99,-0.0299999999999993,-0.5976095617529764,152724800.0
600795,2026-03-18,4.99,5.04,4.93,4.98,-0.0099999999999997,-0.2004008016032066,185018006.0
600795,2026-03-19,4.95,5.03,4.92,4.95,-0.0300000000000002,-0.6024096385542244,162649620.0
600795,2026-03-20,4.96,5.06,4.95,4.97,0.0199999999999995,0.4040404040403844,229418115.0
