ts_code,trade_date,open,high,low,close,change,pct_change,vol
601369,20260320,10.72,10.35,10.42,10.8,-0.17999999999999972,-1.6393442622950838,14471600.0
601369,20260319,10.73,10.6,10.68,10.98,-0.019999999999999574,-0.181818181818183,12931200.0
601369,20260318,10.83,10.7,10.94,11.0,-0.16999999999999993,-1.5219337511190645,14891862.0
601369,20260317,11.08,10.82,10.83,11.17,-0.33000000000000007,-2.869565217391301,15437690.0
601369,20260316,11.5,10.93,11.06,11.5,-0.5999999999999996,-4.958677685950407,28663909.0
601369,20260313,12.09,11.4,11.51,12.1,-0.4399999999999995,-3.508771929824561,36159628.0
601369,20260312,12.39,11.98,12.07,12.54,-0.010000000000001563,-0.07968127490041166,30471291.0
601369,20260311,12.4,12.23,12.27,12.55,0.0600000000000005,0.48038430744596905,26141849.0
601369,20260310,12.03,11.83,12.42,12.49,0.39000000000000057,3.2231404958677823,29831175.0
601369,20260309,11.93,11.68,12.1,12.1,-0.17999999999999972,-1.4657980456026065,29361154.0
601369,20260306,11.8,11.6,11.94,12.28,0.3099999999999987,2.589807852965742,22094812.0
601369,20260305,11.59,11.44,11.82,11.97,0.3200000000000003,2.746781115879826,22987730.0
601369,20260304,11.3,11.28,11.32,11.65,-0.33999999999999986,-2.8356964136780682,18269851.0
601369,20260303,11.92,11.3,11.44,11.99,-0.20999999999999908,-1.7213114754098258,23814255.0
601369,20260302,11.78,11.78,11.86,12.2,0.1999999999999993,1.6666666666666607,26218868.0
601369,20260227,11.41,11.41,11.98,12.0,0.27999999999999936,2.3890784982935065,26549214.0
601369,20260226,11.27,11.22,11.62,11.72,0.2400000000000002,2.0905923344947785,22063438.0
601369,20260225,11.27,11.19,11.24,11.48,0.08999999999999986,0.7901668129938422,15600412.0
601369,20260224,10.87,10.79,11.31,11.39,0.21000000000000085,1.878354203935606,24166344.0
601369,20260213,11.18,10.68,10.69,11.18,-0.09999999999999964,-0.886524822695034,16757671.0
601369,20260212,10.91,10.88,11.21,11.28,0.27999999999999936,2.5454545454545396,18132420.0
601369,20260211,10.85,10.8,10.85,11.0,-0.0600000000000005,-0.5424954792043413,9887588.0
601369,20260210,10.89,10.71,10.85,11.06,0.15000000000000036,1.3748854262144894,10988414.0
601369,20260209,10.85,10.7,10.8,10.91,-0.009999999999999787,-0.09157509157509125,11588073.0
601369,20260206,10.82,10.73,10.73,10.92,-0.3100000000000005,-2.7604630454140744,12023202.0
601369,20260205,11.17,10.86,10.95,11.23,-0.11999999999999922,-1.057268722466953,16495955.0
601369,20260204,10.88,10.78,11.17,11.35,0.35999999999999943,3.2757051865332176,24170961.0
601369,20260203,10.7,10.62,10.91,10.99,0.120000000000001,1.1039558417663464,18966531.0
601369,20260202,10.63,10.51,10.7,10.87,0.16999999999999993,1.5887850467289688,24809350.0
601369,20260130,10.29,10.11,10.66,10.7,0.049999999999998934,0.46948356807510194,21414522.0
601369,20260129,10.6,10.29,10.33,10.65,-0.08999999999999986,-0.8379888268156388,15661169.0
601369,20260128,10.63,10.46,10.63,10.74,-0.11999999999999922,-1.104972375690605,13796846.0
601369,20260127,10.85,10.47,10.65,10.86,-0.28000000000000114,-2.513464991023351,23788140.0
601369,20260126,10.49,10.4,10.95,11.14,0.5700000000000003,5.392620624408706,34258453.0
601369,20260123,10.53,10.37,10.49,10.57,-0.14000000000000057,-1.3071895424836666,14025700.0
601369,20260122,10.66,10.41,10.47,10.71,-0.16999999999999993,-1.5625,14563300.0
601369,20260121,10.6,10.47,10.66,10.88,0.22000000000000064,2.0637898686679312,23465885.0
601369,20260120,10.63,10.35,10.52,10.66,0.040000000000000924,0.37664783427495685,19817101.0
601369,20260119,10.2,10.15,10.57,10.62,0.379999999999999,3.7109375,21889692.0
601369,20260116,10.04,10.0,10.15,10.24,0.120000000000001,1.1857707509881577,15319182.0
601369,20260115,9.99,9.92,10.03,10.12,0.019999999999999574,0.1980198019801982,12360300.0
601369,20260114,10.08,9.86,9.88,10.1,-0.05000000000000071,-0.49261083743843415,15741162.0
601369,20260113,10.14,9.9,9.99,10.15,-0.21999999999999886,-2.121504339440683,15157052.0
601369,20260112,10.18,10.09,10.12,10.37,0.06999999999999851,0.6796116504854233,18633314.0
601369,20260109,10.0,9.98,10.12,10.3,-0.019999999999999574,-0.19379844961240345,16616698.0
601369,20260108,10.3,9.94,9.96,10.32,-0.019999999999999574,-0.19342359767891004,18751957.0
601369,20260107,9.87,9.82,10.28,10.34,0.16999999999999993,1.6715830875122961,22053228.0
601369,20260106,10.1,9.87,9.92,10.17,-0.019999999999999574,-0.19627085377821318,15251785.0
601369,20260105,10.01,9.88,9.99,10.19,-0.009999999999999787,-0.09803921568627416,13683329.0
601369,20251231,10.1,9.99,10.01,10.2,-0.26000000000000156,-2.485659655831751,11893110.0
601369,20251230,10.26,10.05,10.15,10.46,-0.16999999999999993,-1.59924741298213,16067098.0
601369,20251229,10.63,10.27,10.27,10.63,-0.009999999999999787,-0.09398496240601295,22126630.0
601369,20251226,10.17,10.16,10.63,10.64,0.39000000000000057,3.804878048780491,19458877.0
601369,20251225,10.22,10.11,10.21,10.25,0.08999999999999986,0.8858267716535417,9196321.0
601369,20251224,10.01,9.91,10.14,10.16,0.019999999999999574,0.19723865877712132,12276500.0
601369,20251223,10.06,9.92,10.03,10.14,-0.02999999999999936,-0.2949852507374562,12818464.0
601369,20251222,9.99,9.99,10.11,10.17,0.02999999999999936,0.2958579881656709,15958100.0
601369,20251219,9.96,9.93,9.94,10.14,-0.11999999999999922,-1.1695906432748426,18970963.0
601369,20251218,10.26,9.92,9.94,10.26,-0.13000000000000078,-1.2512030798845108,22886640.0
601369,20251217,10.25,10.18,10.27,10.39,0.0,0.0,17937322.0
601369,20251216,10.2,10.12,10.27,10.39,0.040000000000000924,0.38647342995170586,23211496.0
601369,20251215,10.27,10.05,10.24,10.35,-0.08999999999999986,-0.8620689655172376,32173646.0
601369,20251212,9.94,9.9,10.35,10.44,0.3200000000000003,3.1620553359683834,77930001.0
601369,20251211,9.62,9.62,9.98,10.12,0.40999999999999837,4.222451081359413,41960930.0
601369,20251210,9.41,9.41,9.62,9.71,0.21000000000000085,2.210526315789485,30525536.0
601369,20251209,9.34,9.32,9.42,9.5,0.0,0.0,13957029.0
601369,20251208,9.5,9.22,9.37,9.5,0.02999999999999936,0.31678986272438703,17928807.0
601369,20251205,9.37,9.33,9.45,9.47,0.02000000000000135,0.2116402116402183,13499278.0
601369,20251204,9.3,9.29,9.32,9.45,-0.030000000000001137,-0.31645569620254443,13599272.0
601369,20251203,9.35,9.26,9.35,9.48,0.030000000000001137,0.31746031746033854,17720498.0
601369,20251202,9.3,9.2,9.31,9.45,-0.10000000000000142,-1.0471204188481797,21701638.0
601369,20251201,9.07,9.07,9.32,9.55,0.6900000000000013,7.787810383747185,44872169.0
601369,20251128,8.84,8.75,8.82,8.86,-0.10000000000000142,-1.1160714285714413,9239900.0
601369,20251127,8.7,8.69,8.83,8.96,0.10000000000000142,1.1286681715575675,11703238.0
601369,20251126,8.8,8.71,8.73,8.86,-0.05000000000000071,-0.561167227833903,9255249.0
601369,20251125,8.84,8.77,8.81,8.91,0.05000000000000071,0.5643340857787837,10163970.0
601369,20251124,8.82,8.74,8.8,8.86,-0.28000000000000114,-3.063457330415764,10232856.0
601369,20251121,9.03,8.77,8.79,9.14,-0.07000000000000028,-0.7600434310532034,16071076.0
601369,20251120,9.17,9.05,9.09,9.21,-0.02999999999999936,-0.32467532467531646,9907476.0
601369,20251119,9.2,9.04,9.16,9.24,-0.07000000000000028,-0.7518796992481258,13636522.0
601369,20251118,9.2,9.13,9.2,9.31,-0.07000000000000028,-0.7462686567164201,11653399.0
601369,20251117,9.35,9.22,9.24,9.38,-0.25,-2.5960539979231534,12441293.0
601369,20251114,9.57,9.35,9.35,9.63,-0.009999999999999787,-0.10373443983402453,18102356.0
601369,20251113,9.49,9.34,9.59,9.64,-0.08000000000000007,-0.8230452674897082,20114336.0
601369,20251112,9.54,9.44,9.51,9.72,0.07000000000000028,0.7253886010362809,23940162.0
601369,20251111,9.33,9.23,9.52,9.65,0.009999999999999787,0.10373443983402453,30280570.0
601369,20251110,9.48,9.26,9.32,9.64,0.19000000000000128,2.0105820105820182,32410460.0
601369,20251107,9.12,9.12,9.3,9.45,0.09999999999999964,1.0695187165775444,23933900.0
601369,20251106,8.94,8.91,9.15,9.35,0.34999999999999964,3.888888888888875,31000419.0
601369,20251105,8.8,8.7,8.93,9.0,0.07000000000000028,0.7838745800671898,14887208.0
601369,20251104,8.78,8.76,8.85,8.93,0.14000000000000057,1.5927189988623525,16386905.0
601369,20251103,8.73,8.66,8.78,8.79,0.05999999999999872,0.687285223367673,11270200.0
601369,20251031,8.68,8.63,8.7,8.73,-0.08000000000000007,-0.9080590238365494,10911448.0
601369,20251030,8.74,8.69,8.69,8.81,-0.05999999999999872,-0.6764374295377573,11663278.0
601369,20251029,8.7,8.61,8.77,8.87,0.09999999999999964,1.1402508551881407,16547144.0
601369,20251028,8.69,8.65,8.67,8.77,0.07000000000000028,0.8045977011494232,15754221.0
601369,20251027,8.55,8.53,8.65,8.7,0.05999999999999872,0.6944444444444198,17668538.0
601369,20251024,8.64,8.45,8.49,8.64,0.0,0.0,11007752.0
601369,20251023,8.57,8.54,8.6,8.64,-0.049999999999998934,-0.575373993095496,9788981.0
601369,20251022,8.49,8.47,8.61,8.69,0.1899999999999995,2.2352941176470464,14587234.0
601369,20251021,8.42,8.4,8.46,8.5,0.019999999999999574,0.2358490566037652,8692082.0
601369,20251020,8.46,8.32,8.41,8.48,-0.08999999999999986,-1.0501750291715295,11686900.0
601369,20251017,8.57,8.43,8.46,8.57,-0.019999999999999574,-0.2328288707799664,9432500.0
601369,20251016,8.59,8.52,8.57,8.59,-0.009999999999999787,-0.11627906976744429,9031010.0
601369,20251015,8.55,8.5,8.59,8.6,-0.009999999999999787,-0.11614401858304202,10941266.0
601369,20251014,8.49,8.47,8.56,8.61,0.10999999999999943,1.2941176470588234,15527555.0
601369,20251013,8.4,8.35,8.48,8.5,-0.09999999999999964,-1.1627906976744096,12929185.0
601369,20251010,8.57,8.51,8.55,8.6,0.0,0.0,9381595.0
601369,20251009,8.44,8.38,8.6,8.6,0.15000000000000036,1.775147928994092,19093454.0
601369,20250930,8.42,8.34,8.41,8.45,0.0,0.0,9626890.0
601369,20250929,8.35,8.25,8.42,8.45,0.08000000000000007,0.9557945041815952,12441597.0
601369,20250926,8.31,8.25,8.35,8.37,0.0,0.0,6367095.0
601369,20250925,8.37,8.27,8.3,8.37,0.0,0.0,6397643.0
601369,20250924,8.29,8.27,8.36,8.37,0.02999999999999936,0.3597122302158251,8475881.0
601369,20250923,8.26,8.16,8.34,8.34,0.05000000000000071,0.6031363088057962,10364335.0
601369,20250922,8.23,8.2,8.26,8.29,0.019999999999999574,0.24183796856105388,6085589.0
601369,20250919,8.25,8.17,8.22,8.27,-0.28000000000000114,-3.2748538011696082,7558781.0
601369,20250918,8.54,8.33,8.38,8.55,-0.02999999999999936,-0.34965034965034336,14529302.0
601369,20250917,8.5,8.46,8.55,8.58,0.08000000000000007,0.9411764705882453,9512171.0
601369,20250916,8.39,8.36,8.5,8.5,0.07000000000000028,0.8303677342823335,10900300.0
601369,20250915,8.43,8.34,8.37,8.43,-0.009999999999999787,-0.11848341232226778,6802895.0
601369,20250912,8.43,8.37,8.38,8.44,0.0,0.0,7599435.0
601369,20250911,8.3,8.28,8.44,8.44,0.049999999999998934,0.5959475566150063,12824960.0
601369,20250910,8.37,8.3,8.32,8.39,-0.049999999999998934,-0.5924170616113611,6420487.0
601369,20250909,8.44,8.33,8.38,8.44,0.009999999999999787,0.11862396204032066,9141338.0
601369,20250908,8.39,8.35,8.42,8.43,0.02999999999999936,0.3571428571428559,11230973.0
601369,20250905,8.35,8.31,8.39,8.4,0.009999999999999787,0.11918951132299238,13727000.0
601369,20250904,8.29,8.24,8.35,8.39,0.0,0.0,15430837.0
601369,20250903,8.38,8.25,8.27,8.39,-0.03999999999999915,-0.47449584816131596,12388659.0
601369,20250902,8.37,8.29,8.35,8.43,-0.019999999999999574,-0.2366863905325367,14663855.0
601369,20250901,8.43,8.3,8.36,8.45,-0.10000000000000142,-1.1695906432748648,18514910.0
601369,20250829,8.49,8.39,8.43,8.55,-0.02999999999999936,-0.34965034965034336,14533432.0
601369,20250828,8.53,8.35,8.49,8.58,-0.17999999999999972,-2.0547945205479423,20758348.0
601369,20250827,8.73,8.57,8.57,8.76,-0.0600000000000005,-0.6802721088435382,21545989.0
601369,20250826,8.82,8.72,8.73,8.82,-0.10999999999999943,-1.2318029115341522,22782067.0
601369,20250825,8.93,8.69,8.8,8.93,-0.09999999999999964,-1.1074197120708673,35818443.0
601369,20250822,8.98,8.92,9.02,9.03,0.009999999999999787,0.11086474501107446,16456621.0
601369,20250821,8.92,8.87,8.98,9.02,0.129999999999999,1.4623172103486848,16154115.0
601369,20250820,8.82,8.78,8.89,8.89,0.0600000000000005,0.679501698754259,13020307.0
601369,20250819,8.76,8.73,8.82,8.83,-0.02999999999999936,-0.3386004514672636,10904801.0
601369,20250818,8.82,8.75,8.77,8.86,0.009999999999999787,0.1129943502824915,19186556.0
601369,20250815,8.76,8.73,8.81,8.85,-0.030000000000001137,-0.33783783783785104,13164200.0
601369,20250814,8.86,8.74,8.77,8.88,-0.019999999999999574,-0.22471910112359383,11013045.0
601369,20250813,8.85,8.83,8.85,8.9,-0.019999999999999574,-0.22421524663677195,10864245.0
601369,20250812,8.92,8.85,8.86,8.92,-0.0600000000000005,-0.6681514476614803,7298800.0
601369,20250811,8.93,8.87,8.9,8.98,0.009999999999999787,0.11148272017837968,11902500.0
601369,20250808,8.88,8.86,8.95,8.97,-0.02999999999999936,-0.33333333333332993,7976136.0
601369,20250807,8.96,8.84,8.86,9.0,0.0,0.0,8437230.0
601369,20250806,8.93,8.89,8.94,9.0,0.03999999999999915,0.44642857142855874,7833107.0
601369,20250805,8.92,8.88,8.92,8.96,0.040000000000000924,0.4484304932735439,8176923.0
601369,20250804,8.76,8.75,8.92,8.92,0.05000000000000071,0.5636978579481422,10343646.0
601369,20250801,8.81,8.75,8.78,8.87,-0.02000000000000135,-0.22497187851520106,9280837.0
601369,20250731,8.83,8.78,8.81,8.89,0.0,0.0,14328433.0
601369,20250730,8.88,8.8,8.82,8.89,-0.08000000000000007,-0.8918617614269819,10504978.0
601369,20250729,8.94,8.82,8.88,8.97,-0.05999999999999872,-0.6644518272425071,9017949.0
601369,20250728,9.03,8.92,8.94,9.03,-0.13000000000000078,-1.4192139737991383,9668954.0
601369,20250725,9.13,8.98,9.0,9.16,0.02999999999999936,0.3285870755750153,10068294.0
601369,20250724,9.12,9.03,9.08,9.13,-0.17999999999999972,-1.933404940923733,12898288.0
601369,20250723,9.3,9.07,9.09,9.31,0.0,0.0,15239006.0
601369,20250722,9.27,9.13,9.26,9.31,0.120000000000001,1.305767138193703,16401130.0
601369,20250721,8.93,8.93,9.15,9.19,0.2599999999999998,2.911534154535267,18258849.0
601369,20250718,8.89,8.83,8.88,8.93,-0.05000000000000071,-0.5567928730512373,8219120.0
601369,20250717,8.95,8.83,8.86,8.98,-0.009999999999999787,-0.11123470522802492,9570752.0
601369,20250716,8.83,8.79,8.98,8.99,0.10999999999999943,1.2387387387387427,15301449.0
601369,20250715,8.81,8.67,8.79,8.88,0.05000000000000071,0.5662514156285381,12081611.0
601369,20250714,8.75,8.74,8.79,8.83,-0.009999999999999787,-0.11312217194570096,7977002.0
601369,20250711,8.8,8.71,8.75,8.84,-0.2599999999999998,-2.857142857142858,11961280.0
601369,20250710,8.95,8.95,9.03,9.1,0.019999999999999574,0.22026431718060735,9016291.0
601369,20250709,9.07,8.96,9.0,9.08,-0.0600000000000005,-0.6564551422319487,11880549.0
601369,20250708,9.0,9.0,9.05,9.14,0.13000000000000078,1.4428412874583962,14453736.0
601369,20250707,8.84,8.84,8.99,9.01,0.11999999999999922,1.3498312710910954,20825891.0
601369,20250704,8.88,8.8,8.82,8.89,0.009999999999999787,0.11261261261261701,7983902.0
601369,20250703,8.84,8.8,8.87,8.88,0.02000000000000135,0.22573363431153126,7091653.0
601369,20250702,8.73,8.73,8.84,8.86,0.05999999999999872,0.6818181818181612,10028733.0
601369,20250701,8.77,8.72,8.75,8.8,0.030000000000001137,0.3420752565564511,7726960.0
601369,20250630,8.64,8.64,8.77,8.77,0.009999999999999787,0.11415525114155667,10600478.0
601369,20250627,8.66,8.63,8.64,8.76,0.009999999999999787,0.11428571428571122,9286670.0
601369,20250626,8.73,8.66,8.67,8.75,-0.0600000000000005,-0.6810442678774176,8255700.0
601369,20250625,8.78,8.66,8.73,8.81,0.0,0.0,10577362.0
601369,20250624,8.75,8.7,8.79,8.81,-0.019999999999999574,-0.22650056625140857,10665151.0
601369,20250623,8.78,8.7,8.74,8.83,-0.08000000000000007,-0.8978675645342271,10065093.0
601369,20250620,8.9,8.75,8.78,8.91,-0.03999999999999915,-0.4469273743016644,8552100.0
601369,20250619,8.88,8.83,8.89,8.95,-0.02000000000000135,-0.22296544035675936,10049135.0
601369,20250618,8.89,8.82,8.91,8.97,0.07000000000000028,0.786516853932584,10969868.0
601369,20250617,8.86,8.77,8.88,8.9,-0.049999999999998934,-0.5586592178770777,7576968.0
601369,20250616,8.93,8.83,8.83,8.95,0.019999999999999574,0.2239641657334701,8105225.0
601369,20250613,8.88,8.82,8.89,8.93,0.03999999999999915,0.4499437570303577,9367451.0
601369,20250612,8.89,8.76,8.83,8.89,-0.08000000000000007,-0.8918617614269819,9098500.0
601369,20250611,8.85,8.85,8.87,8.97,0.0,0.0,11056944.0
601369,20250610,8.78,8.76,8.84,8.97,0.20000000000000107,2.2805017103763037,16920462.0
601369,20250609,8.69,8.63,8.75,8.77,0.03999999999999915,0.45819014891179677,11608239.0
601369,20250606,8.69,8.64,8.68,8.73,0.0,0.0,6921738.0
601369,20250605,8.64,8.64,8.68,8.73,0.040000000000000924,0.4602991944764101,5278318.0
601369,20250604,8.65,8.62,8.67,8.69,0.019999999999999574,0.23068050749710522,6285318.0
601369,20250603,8.54,8.49,8.66,8.67,0.05000000000000071,0.5800464037122977,9115783.0
601369,20250530,8.6,8.54,8.59,8.62,-0.030000000000001137,-0.3468208092485714,6076958.0
601369,20250529,8.55,8.53,8.61,8.65,0.040000000000000924,0.4645760743321903,7267648.0
601369,20250528,8.49,8.46,8.55,8.61,0.05999999999999872,0.7017543859648923,6920868.0
601369,20250527,8.51,8.43,8.49,8.55,-0.08999999999999986,-1.041666666666663,5674000.0
601369,20250526,8.54,8.51,8.55,8.64,-0.019999999999999574,-0.2309468822170868,6300004.0
601369,20250523,8.59,8.5,8.5,8.66,-0.07000000000000028,-0.8018327605956554,5863000.0
601369,20250522,8.7,8.58,8.6,8.73,-0.03999999999999915,-0.45610034207524963,6434694.0
601369,20250521,8.72,8.69,8.73,8.77,0.03999999999999915,0.45819014891179677,5408284.0
601369,20250520,8.69,8.66,8.7,8.73,0.009999999999999787,0.11467889908256534,5737618.0
601369,20250519,8.69,8.62,8.67,8.72,-0.02999999999999936,-0.34285714285713365,5542384.0
601369,20250516,8.64,8.62,8.7,8.75,0.07000000000000028,0.8064516129032251,7158100.0
601369,20250515,8.64,8.59,8.63,8.68,-0.07000000000000028,-0.8000000000000007,4229001.0
601369,20250514,8.72,8.64,8.67,8.75,-0.0600000000000005,-0.6810442678774176,6986436.0
601369,20250513,8.81,8.69,8.72,8.81,0.02000000000000135,0.22753128555177415,7530500.0
601369,20250512,8.65,8.64,8.77,8.79,0.10999999999999943,1.2672811059907696,12457700.0
601369,20250509,8.55,8.55,8.64,8.68,0.11999999999999922,1.4018691588784993,12896861.0
601369,20250508,8.47,8.44,8.52,8.56,-0.009999999999999787,-0.1166861143523934,7454577.0
601369,20250507,8.48,8.43,8.49,8.57,0.13000000000000078,1.540284360189581,10136263.0
601369,20250506,8.37,8.31,8.4,8.44,-0.11000000000000121,-1.286549707602358,14380210.0
601369,20250430,8.51,8.25,8.29,8.55,-0.09999999999999964,-1.1560693641618491,20956867.0
601369,20250429,8.6,8.53,8.56,8.65,-0.07000000000000028,-0.8027522935779796,8126224.0
601369,20250428,8.69,8.58,8.62,8.72,-0.129999999999999,-1.4689265536723006,8871079.0
601369,20250425,8.74,8.64,8.67,8.85,0.0600000000000005,0.6825938566553003,7790696.0
601369,20250424,8.6,8.54,8.74,8.79,0.0799999999999983,0.918484500574035,13001332.0
601369,20250423,8.53,8.44,8.57,8.71,0.14000000000000057,1.6336056009334854,14817000.0
601369,20250422,8.53,8.48,8.51,8.57,-0.08000000000000007,-0.9248554913294793,7246147.0
601369,20250421,8.59,8.47,8.54,8.65,-0.1999999999999993,-2.259887005649708,13752997.0
601369,20250418,8.63,8.53,8.59,8.85,-0.21000000000000085,-2.3178807947019986,19942139.0
601369,20250417,8.41,8.38,8.77,9.06,0.5800000000000001,6.839622641509435,25011387.0
601369,20250416,8.48,8.3,8.47,8.48,-0.03999999999999915,-0.46948356807510194,7479902.0
601369,20250415,8.49,8.41,8.47,8.52,-0.05000000000000071,-0.583430571761967,6900658.0
601369,20250414,8.55,8.44,8.49,8.57,0.009999999999999787,0.1168224299065379,8748005.0
601369,20250411,8.53,8.44,8.45,8.56,-0.03999999999999915,-0.46511627906975495,7934279.0
601369,20250410,8.39,8.36,8.56,8.6,0.1899999999999995,2.2592152199762072,13245545.0
601369,20250409,8.35,8.08,8.34,8.41,-0.14000000000000057,-1.6374269005848041,17457517.0
601369,20250408,8.07,8.07,8.4,8.55,-0.08999999999999986,-1.041666666666663,25403939.0
601369,20250407,8.58,8.02,8.07,8.64,-0.2599999999999998,-2.921348314606742,24137186.0
601369,20250403,8.76,8.72,8.8,8.9,-0.10999999999999943,-1.220865704772467,10050165.0
601369,20250402,8.97,8.79,8.8,9.01,-0.040000000000000924,-0.44198895027625085,11864522.0
601369,20250401,8.82,8.79,9.0,9.05,0.15000000000000036,1.6853932584269593,18009093.0
601369,20250331,8.76,8.74,8.79,8.9,0.0,0.0,12662627.0
601369,20250328,8.89,8.74,8.81,8.9,0.0,0.0,9685797.0
601369,20250327,8.89,8.79,8.83,8.9,-0.08999999999999986,-1.0011123470522798,10144077.0
601369,20250326,8.7,8.65,8.91,8.99,0.13000000000000078,1.4672686230248422,18694600.0
601369,20250325,8.83,8.63,8.73,8.86,0.10999999999999943,1.2571428571428456,16083557.0
601369,20250324,8.6,8.5,8.66,8.75,0.05000000000000071,0.5747126436781658,13428832.0
601369,20250321,8.58,8.52,8.58,8.7,0.05999999999999872,0.6944444444444198,10111310.0
601369,20250320,8.54,8.51,8.61,8.64,0.02000000000000135,0.23201856148493682,9262781.0
601369,20250319,8.57,8.51,8.54,8.62,-0.09000000000000163,-1.0332950631458226,6928700.0
601369,20250318,8.65,8.58,8.61,8.71,0.02000000000000135,0.23014959723821615,14180612.0
601369,20250317,8.43,8.43,8.65,8.69,0.08999999999999986,1.0465116279069653,24100541.0
601369,20250314,8.5,8.4,8.47,8.6,0.0600000000000005,0.7025761124121788,27068732.0
601369,20250313,8.28,8.24,8.51,8.54,0.1399999999999988,1.6666666666666607,28187078.0
601369,20250312,8.38,8.3,8.3,8.4,0.019999999999999574,0.23866348448686736,10530083.0
601369,20250311,8.15,8.12,8.38,8.38,0.13000000000000078,1.575757575757586,13269265.0
601369,20250310,8.16,8.13,8.2,8.25,0.009999999999999787,0.12135922330096527,8660479.0
601369,20250307,8.12,8.11,8.2,8.24,0.08000000000000007,0.9803921568627416,12731132.0
601369,20250306,8.14,8.07,8.15,8.16,-0.03999999999999915,-0.4878048780487698,11414138.0
601369,20250305,8.18,8.04,8.14,8.2,0.009999999999999787,0.12210012210012167,7831730.0
601369,20250304,8.06,8.03,8.15,8.19,0.019999999999999574,0.244798041615657,9725039.0
601369,20250303,8.01,8.01,8.07,8.17,0.009999999999999787,0.1225490196078427,10512938.0
601369,20250228,8.12,7.98,8.0,8.16,-0.08000000000000007,-0.9708737864077666,10752781.0
601369,20250227,8.22,8.07,8.17,8.24,0.0600000000000005,0.7334963325183352,12165466.0
601369,20250226,8.07,8.06,8.15,8.18,0.02999999999999936,0.36809815950920033,11968882.0
601369,20250225,8.13,8.06,8.08,8.15,-0.07000000000000028,-0.8515815085158196,6485452.0
601369,20250224,8.21,8.11,8.14,8.22,0.009999999999999787,0.12180267965895553,8055900.0
601369,20250221,8.13,8.11,8.17,8.21,-0.02999999999999936,-0.3640776699029069,8520068.0
601369,20250220,8.23,8.08,8.13,8.24,0.02999999999999936,0.3654080389768444,8601900.0
601369,20250219,8.04,8.04,8.19,8.21,-0.019999999999999574,-0.2430133657351119,10949992.0
601369,20250218,8.1,8.03,8.06,8.23,0.13000000000000078,1.6049382716049498,13961329.0
601369,20250217,8.07,7.97,8.07,8.1,-0.019999999999999574,-0.24630541871920597,12414847.0
601369,20250214,8.05,8.04,8.1,8.12,-0.0600000000000005,-0.7334963325183463,7021500.0
601369,20250213,8.13,8.05,8.05,8.18,-0.10999999999999943,-1.3268998793727338,12522007.0
601369,20250212,8.1,8.09,8.14,8.29,0.1399999999999988,1.7177914110429349,16551900.0
601369,20250211,8.05,8.0,8.14,8.15,0.030000000000001137,0.3694581280788256,12006771.0
601369,20250210,8.12,7.99,8.03,8.12,0.009999999999999787,0.12330456226881115,10860935.0
601369,20250207,7.96,7.94,8.08,8.11,0.09999999999999964,1.2484394506866447,13234845.0
601369,20250206,7.84,7.84,8.0,8.01,-0.08999999999999986,-1.1111111111111072,9989130.0
601369,20250205,8.09,7.87,7.9,8.1,-0.040000000000000924,-0.49140049140050657,12228861.0
601369,20250127,7.98,7.93,8.08,8.14,0.0600000000000005,0.7425742574257432,12391075.0
601369,20250124,7.83,7.82,7.99,8.08,0.02999999999999936,0.3726708074534013,14504850.0
601369,20250123,7.94,7.83,7.84,8.05,0.14000000000000057,1.7699115044247815,10042754.0
601369,20250122,7.72,7.71,7.88,7.91,-0.08999999999999986,-1.1249999999999982,12529301.0
601369,20250121,7.98,7.65,7.75,8.0,-0.1899999999999995,-2.3199023199023117,16785839.0
601369,20250120,8.04,7.88,7.94,8.19,0.10999999999999943,1.3613861386138515,16364500.0
601369,20250117,7.91,7.88,8.01,8.08,0.019999999999999574,0.2481389578163684,10360613.0
601369,20250116,7.88,7.85,7.93,8.06,-0.07000000000000028,-0.8610086100861003,13788820.0
601369,20250115,8.12,7.75,7.86,8.13,-0.009999999999999787,-0.12285012285011554,17462202.0
601369,20250114,7.88,7.85,8.11,8.14,0.08000000000000007,0.992555831265518,8240351.0
601369,20250113,7.9,7.8,7.86,8.06,0.030000000000001137,0.37359900373601374,9235980.0
601369,20250110,7.98,7.89,7.94,8.03,-0.11000000000000121,-1.3513513513513709,8878300.0
601369,20250109,8.1,7.92,7.92,8.14,-0.129999999999999,-1.5719467956469058,10592331.0
601369,20250108,8.17,7.84,8.1,8.27,-0.19000000000000128,-2.2458628841607764,16398231.0
601369,20250107,8.35,8.18,8.23,8.46,0.0600000000000005,0.7142857142857117,10992596.0
601369,20250106,8.23,8.18,8.35,8.4,-0.16000000000000014,-1.869158878504673,10983738.0
601369,20250103,8.34,8.16,8.21,8.56,-0.1899999999999995,-2.1714285714285686,12404320.0
601369,20250102,8.67,8.25,8.34,8.75,-0.13000000000000078,-1.4639639639639768,12608501.0
601369,20241231,8.85,8.7,8.7,8.88,-0.019999999999999574,-0.22471910112359383,9303234.0
601369,20241230,8.81,8.77,8.86,8.9,0.0600000000000005,0.6787330316742057,8223900.0
601369,20241227,8.74,8.68,8.81,8.84,0.0600000000000005,0.6833712984054774,8262547.0
601369,20241226,8.58,8.57,8.72,8.78,0.16999999999999993,1.9744483159117365,7160500.0
601369,20241225,8.57,8.52,8.6,8.61,0.019999999999999574,0.2328288707799775,5959000.0
601369,20241224,8.45,8.44,8.59,8.59,-0.08000000000000007,-0.9227220299884653,7690894.0
601369,20241223,8.6,8.4,8.44,8.67,-0.02999999999999936,-0.34482758620688614,11579301.0
601369,20241220,8.59,8.52,8.63,8.7,0.049999999999998934,0.5780346820809079,9864180.0
601369,20241219,8.53,8.45,8.62,8.65,-0.08000000000000007,-0.9163802978235935,7386900.0
601369,20241218,8.58,8.58,8.6,8.73,0.0600000000000005,0.6920415224913601,6897870.0
601369,20241217,8.62,8.54,8.58,8.67,-0.0600000000000005,-0.6872852233677063,8288250.0
601369,20241216,8.65,8.57,8.62,8.73,-0.17999999999999972,-2.020202020202022,10236172.0
601369,20241213,8.89,8.65,8.66,8.91,-0.08000000000000007,-0.8898776418242549,13150541.0
601369,20241212,8.95,8.87,8.92,8.99,-0.08999999999999986,-0.9911894273127775,8129301.0
601369,20241211,8.86,8.83,8.97,9.08,0.040000000000000924,0.4424778761062065,10767229.0
601369,20241210,8.99,8.78,8.86,9.04,0.10999999999999943,1.2318029115341522,14877929.0
601369,20241209,8.86,8.79,8.82,8.93,0.049999999999998934,0.5630630630630407,10402400.0
601369,20241206,8.81,8.67,8.86,8.88,0.05000000000000071,0.5662514156285381,12319921.0
601369,20241205,8.76,8.72,8.8,8.83,-0.11999999999999922,-1.3407821229050154,8438246.0
601369,20241204,8.78,8.69,8.75,8.95,0.11999999999999922,1.3590033975084959,15946186.0
601369,20241203,8.79,8.7,8.77,8.83,-0.0600000000000005,-0.6749156355455588,9275800.0
601369,20241202,8.75,8.7,8.78,8.89,0.08000000000000007,0.9080590238365494,13331551.0
601369,20241129,8.69,8.66,8.71,8.81,-0.07000000000000028,-0.7882882882882969,12210422.0
601369,20241128,8.77,8.69,8.72,8.88,0.05000000000000071,0.5662514156285381,12135124.0
601369,20241127,8.64,8.54,8.83,8.83,0.02999999999999936,0.3409090909090917,13745790.0
601369,20241126,8.77,8.64,8.64,8.8,-0.14999999999999858,-1.6759776536312665,13083235.0
601369,20241125,8.86,8.64,8.75,8.95,-0.4900000000000002,-5.190677966101697,19390024.0
601369,20241122,9.38,8.84,8.86,9.44,-0.11000000000000121,-1.1518324607329933,31873878.0
601369,20241121,9.02,9.0,9.43,9.55,0.3600000000000012,3.917301414581087,44337188.0
601369,20241120,9.15,8.84,9.0,9.19,0.0,0.0,28930606.0
601369,20241119,9.0,8.88,9.19,9.19,0.11999999999999922,1.3230429988974501,17963647.0
601369,20241118,8.97,8.81,8.87,9.07,-0.08999999999999986,-0.9825327510917026,13153542.0
601369,20241115,8.87,8.87,8.98,9.16,-0.129999999999999,-1.399354144241105,16951155.0
601369,20241114,8.95,8.91,8.92,9.29,0.3099999999999987,3.4521158129175777,23338126.0
601369,20241113,8.86,8.78,8.97,8.98,-0.1899999999999995,-2.071973827699014,8261200.0
601369,20241112,9.07,8.84,8.92,9.17,0.07000000000000028,0.7692307692307665,12692506.0
601369,20241111,8.9,8.9,9.06,9.1,-0.07000000000000028,-0.7633587786259555,16522430.0
601369,20241108,9.05,8.87,8.94,9.17,0.08999999999999986,0.9911894273127775,14869375.0
601369,20241107,8.95,8.88,9.04,9.08,-0.009999999999999787,-0.11001100110010764,14617330.0
601369,20241106,9.09,8.84,8.87,9.09,0.05000000000000071,0.5530973451327581,14748449.0
601369,20241105,8.98,8.84,9.03,9.04,-0.05000000000000071,-0.5500550055005604,13793193.0
601369,20241104,8.81,8.77,8.95,9.09,0.1999999999999993,2.249718785151855,13962313.0
601369,20241101,8.8,8.64,8.78,8.89,0.07000000000000028,0.7936507936507908,16286546.0
601369,20241031,8.73,8.66,8.79,8.82,0.0,0.0,13722366.0
601369,20241030,8.68,8.59,8.74,8.82,-0.02999999999999936,-0.3389830508474523,14673988.0
601369,20241029,8.68,8.6,8.67,8.85,0.10999999999999943,1.258581235697931,25018250.0
601369,20241028,8.48,8.34,8.66,8.74,0.2699999999999996,3.1877213695395534,27153060.0
601369,20241025,8.3,8.3,8.45,8.47,0.08000000000000007,0.9535160905840279,14740333.0
601369,20241024,8.39,8.27,8.34,8.39,-0.049999999999998934,-0.5924170616113611,7762582.0
601369,20241023,8.38,8.31,8.38,8.44,0.03999999999999915,0.4761904761904745,11061300.0
601369,20241022,8.28,8.23,8.38,8.4,-0.09999999999999964,-1.17647058823529,11094708.0
601369,20241021,8.49,8.26,8.31,8.5,-0.019999999999999574,-0.23474178403755097,17403188.0
601369,20241018,8.2,8.18,8.4,8.52,0.1399999999999988,1.6706443914080937,21209551.0
601369,20241017,8.32,8.19,8.19,8.38,0.02000000000000135,0.23923444976077235,9248710.0
601369,20241016,8.2,8.15,8.26,8.36,-0.21000000000000085,-2.450408401400239,9743464.0
601369,20241015,8.54,8.25,8.26,8.57,-0.15000000000000036,-1.7201834862385357,16268309.0
601369,20241014,8.3,8.22,8.6,8.72,0.2599999999999998,3.0732860520094496,25209290.0
601369,20241011,8.4,8.13,8.2,8.46,-0.29999999999999893,-3.424657534246567,12596930.0
601369,20241010,8.68,8.44,8.6,8.76,-0.1899999999999995,-2.122905027932953,21853224.0
601369,20241009,8.92,8.36,8.43,8.95,-0.8100000000000005,-8.29918032786886,31951465.0
601369,20241008,9.74,8.81,9.09,9.76,0.8699999999999992,9.786276715410569,40799152.0
601369,20240930,8.5,8.48,8.88,8.89,0.6600000000000001,8.019441069258804,35421685.0
601369,20240927,8.06,8.06,8.22,8.23,0.25,3.1328320802004983,11204481.0
601369,20240926,7.79,7.71,7.98,7.98,0.010000000000000675,0.12547051442912682,10844200.0
601369,20240925,7.8,7.77,7.79,7.97,0.20000000000000018,2.5740025740025763,8640507.0
601369,20240924,7.54,7.49,7.76,7.77,0.13999999999999968,1.83486238532109,8839913.0
601369,20240923,7.55,7.45,7.5,7.63,0.04999999999999982,0.6596306068601621,4387554.0
601369,20240920,7.58,7.49,7.55,7.58,-0.11000000000000032,-1.4304291287386306,4964182.0
601369,20240919,7.44,7.37,7.57,7.69,0.20000000000000018,2.6702269692923997,7072000.0
601369,20240918,7.45,7.3,7.4,7.49,-0.0699999999999994,-0.9259259259259189,3813900.0
601369,20240913,7.48,7.38,7.43,7.56,-0.020000000000000462,-0.26385224274406704,4755000.0
601369,20240912,7.39,7.39,7.48,7.58,0.04999999999999982,0.6640106241699861,5014856.0
601369,20240911,7.36,7.35,7.45,7.53,0.10000000000000053,1.3458950201884257,3923400.0
601369,20240910,7.32,7.27,7.42,7.43,-0.040000000000000036,-0.5354752342704105,4361900.0
601369,20240909,7.43,7.3,7.32,7.47,-0.11000000000000032,-1.451187335092352,5074837.0
601369,20240906,7.56,7.44,7.44,7.58,-0.03000000000000025,-0.3942181340341633,4429800.0
601369,20240905,7.53,7.49,7.54,7.61,-0.019999999999999574,-0.2621231979030081,4608646.0
601369,20240904,7.63,7.44,7.5,7.63,0.0,0.0,4840460.0
601369,20240903,7.52,7.43,7.57,7.63,0.07000000000000028,0.92592592592593,6837179.0
601369,20240902,7.5,7.46,7.46,7.56,-0.10000000000000053,-1.3054830287206332,7707205.0
601369,20240830,7.52,7.46,7.5,7.66,0.1200000000000001,1.5915119363395291,7966850.0
601369,20240829,7.29,7.29,7.53,7.54,0.16999999999999993,2.3066485753052923,6922316.0
601369,20240828,7.18,7.17,7.33,7.37,0.1200000000000001,1.6551724137931156,5525533.0
601369,20240827,7.18,7.15,7.24,7.25,-0.04999999999999982,-0.6849315068493178,5526537.0
601369,20240826,7.26,7.15,7.23,7.3,-0.020000000000000462,-0.2732240437158584,7168952.0
601369,20240823,7.24,7.06,7.27,7.32,-0.0699999999999994,-0.9472259810554773,10869135.0
601369,20240822,7.33,7.25,7.29,7.39,-0.040000000000000036,-0.538358008075368,5190900.0
601369,20240821,7.4,7.31,7.35,7.43,-0.1200000000000001,-1.5894039735099397,4087130.0
601369,20240820,7.55,7.3,7.4,7.55,-0.1200000000000001,-1.5645371577574951,5527900.0
601369,20240819,7.48,7.47,7.52,7.67,-0.040000000000000036,-0.5188067444876765,4300400.0
601369,20240816,7.7,7.49,7.5,7.71,-0.05999999999999961,-0.7722007722007707,4869300.0
601369,20240815,7.64,7.57,7.66,7.77,-0.07000000000000028,-0.8928571428571508,4846566.0
601369,20240814,7.77,7.64,7.64,7.84,0.07000000000000028,0.9009009009009139,4257750.0
601369,20240813,7.68,7.67,7.76,7.77,0.03999999999999915,0.5174644243208126,3732900.0
601369,20240812,7.68,7.61,7.71,7.73,-0.07999999999999918,-1.0243277848911547,4074900.0
601369,20240809,7.73,7.64,7.65,7.81,0.02999999999999936,0.385604113110527,3607300.0
601369,20240808,7.72,7.61,7.74,7.78,-0.019999999999999574,-0.2564102564102555,3902484.0
601369,20240807,7.67,7.67,7.72,7.8,-0.04999999999999982,-0.6369426751592355,4249050.0
601369,20240806,7.67,7.63,7.73,7.85,-0.03000000000000025,-0.3807106598984755,6781988.0
601369,20240805,7.77,7.6,7.65,7.88,-0.0600000000000005,-0.7556675062972307,8112900.0
601369,20240802,7.88,7.76,7.82,7.94,-0.05999999999999961,-0.7499999999999951,6422600.0
601369,20240801,7.97,7.88,7.91,8.0,0.07000000000000028,0.8827238335435084,7231300.0
601369,20240731,7.7,7.63,7.93,7.93,0.17999999999999972,2.3225806451612874,9663800.0
601369,20240730,7.67,7.52,7.66,7.75,0.03000000000000025,0.38860103626943143,6077191.0
601369,20240729,7.66,7.62,7.67,7.72,0.040000000000000036,0.5208333333333259,5723448.0
601369,20240726,7.5,7.45,7.66,7.68,0.16999999999999993,2.26364846870839,6811401.0
601369,20240725,7.36,7.31,7.44,7.51,-0.03000000000000025,-0.3978779840848823,6390300.0
601369,20240724,7.39,7.34,7.36,7.54,-0.040000000000000036,-0.527704485488123,8938900.0
601369,20240723,7.58,7.45,7.45,7.58,-0.08000000000000007,-1.0443864229765065,6392450.0
601369,20240722,7.58,7.52,7.58,7.66,0.020000000000000462,0.2617801047120505,5468630.0
601369,20240719,7.47,7.41,7.55,7.64,0.13999999999999968,1.866666666666661,7793770.0
601369,20240718,7.35,7.24,7.47,7.5,0.04999999999999982,0.6711409395973034,9434997.0
601369,20240717,7.45,7.28,7.38,7.45,-0.09999999999999964,-1.3245033112582738,9005800.0
601369,20240716,7.53,7.34,7.4,7.55,-0.10000000000000053,-1.3071895424836666,10064272.0
601369,20240715,7.62,7.51,7.55,7.65,-0.14999999999999947,-1.9230769230769162,5100000.0
601369,20240712,7.8,7.59,7.62,7.8,0.0,0.0,6777300.0
601369,20240711,7.73,7.65,7.76,7.8,0.019999999999999574,0.25706940874035134,6785382.0
601369,20240710,7.7,7.6,7.63,7.78,0.040000000000000036,0.5167958656330685,5909230.0
601369,20240709,7.54,7.48,7.72,7.74,-0.05999999999999961,-0.7692307692307665,7563130.0
601369,20240708,7.74,7.56,7.61,7.8,-0.020000000000000462,-0.2557544757033292,9118177.0
601369,20240705,7.72,7.68,7.79,7.82,-0.1200000000000001,-1.5113350125944613,6060396.0
601369,20240704,7.83,7.72,7.78,7.94,-0.11000000000000032,-1.3664596273291973,6000129.0
601369,20240703,7.99,7.8,7.85,8.05,-0.129999999999999,-1.589242053789719,8454500.0
601369,20240702,8.18,8.01,8.04,8.18,-0.030000000000001137,-0.3654080389768666,9116400.0
601369,20240701,8.02,7.94,8.19,8.21,0.14000000000000057,1.73482032218093,11078400.0
601369,20240628,7.85,7.76,8.02,8.07,0.10000000000000053,1.2547051442910906,7535760.0
601369,20240627,7.93,7.81,7.81,7.97,-0.010000000000000675,-0.12531328320802837,6840103.0
601369,20240626,7.82,7.74,7.96,7.98,-0.019999999999999574,-0.24999999999999467,7515976.0
601369,20240625,7.89,7.78,7.86,8.0,0.07000000000000028,0.8827238335435084,7052419.0
601369,20240624,7.89,7.72,7.75,7.93,-0.07000000000000028,-0.8750000000000036,7827867.0
601369,20240621,7.9,7.87,7.95,8.0,-0.08999999999999986,-1.1124845488257096,4573467.0
601369,20240620,8.06,7.89,7.9,8.09,-0.14000000000000057,-1.7010935601458166,8313834.0
601369,20240619,8.21,8.06,8.06,8.23,-0.009999999999999787,-0.12135922330096527,9542756.0
601369,20240618,8.18,8.13,8.24,8.24,-0.08000000000000007,-0.9615384615384581,9888774.0
601369,20240617,8.1,8.08,8.2,8.32,0.0600000000000005,0.7263922518159882,10132167.0
601369,20240614,8.14,8.08,8.16,8.26,-0.019999999999999574,-0.24154589371979673,10319891.0
601369,20240613,8.22,8.15,8.23,8.28,-0.02000000000000135,-0.2409638554217053,7335000.0
601369,20240612,8.29,8.14,8.17,8.3,-0.06999999999999851,-0.8363201911588791,11438715.0
601369,20240611,8.37,8.2,8.29,8.37,-0.0600000000000005,-0.7117437722420017,8083200.0
601369,20240607,8.43,8.25,8.33,8.43,-0.030000000000001137,-0.35460992907803135,9143230.0
601369,20240606,8.44,8.26,8.28,8.46,-0.6099999999999994,-6.7254685777287655,13083850.0
601369,20240605,9.0,8.66,8.66,9.07,0.05000000000000071,0.5543237250554389,14496702.0
601369,20240604,9.0,8.86,8.99,9.02,-0.08999999999999986,-0.9879253567508184,10566161.0
601369,20240603,9.01,8.94,9.0,9.11,-0.07000000000000028,-0.7625272331154731,11774200.0
601369,20240531,9.16,8.99,9.01,9.18,-0.23000000000000043,-2.444208289054206,12054200.0
601369,20240530,8.91,8.89,9.15,9.41,0.4900000000000002,5.493273542600896,29879067.0
601369,20240529,8.74,8.72,8.82,8.92,-0.009999999999999787,-0.11198208286673506,11371921.0
601369,20240528,8.77,8.73,8.78,8.93,0.15000000000000036,1.7084282460136713,12093417.0
601369,20240527,8.58,8.46,8.77,8.78,0.1399999999999988,1.6203703703703498,12945900.0
601369,20240524,8.5,8.5,8.52,8.64,-0.019999999999999574,-0.2309468822170868,5904100.0
601369,20240523,8.66,8.48,8.53,8.66,-0.03999999999999915,-0.45977011494251485,9553995.0
601369,20240522,8.67,8.59,8.66,8.7,-0.040000000000000924,-0.4576659038901698,7634761.0
601369,20240521,8.74,8.52,8.65,8.74,-0.049999999999998934,-0.568828213879391,9586900.0
601369,20240520,8.66,8.56,8.72,8.79,0.02999999999999936,0.3424657534246478,10704200.0
601369,20240517,8.71,8.53,8.7,8.76,-0.08000000000000007,-0.9049773755656076,13972615.0
601369,20240516,8.78,8.71,8.72,8.84,-0.10999999999999943,-1.229050279329602,9760300.0
601369,20240515,8.92,8.71,8.72,8.95,-0.16000000000000014,-1.7563117453347932,11870692.0
601369,20240514,8.98,8.93,8.95,9.11,0.019999999999999574,0.22002200220021528,10997923.0
601369,20240513,8.96,8.81,8.96,9.09,0.02999999999999936,0.3311258278145601,12675641.0
601369,20240510,9.06,8.87,8.98,9.06,-0.049999999999998934,-0.548847420417109,9786728.0
601369,20240509,8.96,8.94,9.03,9.11,-0.040000000000000924,-0.43715846994536456,12586000.0
601369,20240508,9.11,8.96,8.98,9.15,-0.20999999999999908,-2.2435897435897356,9512524.0
601369,20240507,9.08,9.02,9.1,9.36,0.2599999999999998,2.857142857142847,15215200.0
601369,20240506,8.85,8.85,9.09,9.1,0.0,0.0,24379460.0
601369,20240430,9.05,8.57,8.78,9.1,-0.3000000000000007,-3.191489361702138,34948307.0
601369,20240429,9.17,9.13,9.19,9.4,0.0,0.0,19994346.0
601369,20240426,9.26,9.16,9.24,9.4,-0.07000000000000028,-0.7391763463569179,18739335.0
601369,20240425,9.34,9.25,9.32,9.47,0.08000000000000007,0.8519701810436597,13010910.0
601369,20240424,9.24,9.18,9.37,9.39,-0.129999999999999,-1.36554621848739,10256500.0
601369,20240423,9.41,9.14,9.26,9.52,-0.20000000000000107,-2.0576131687242927,14306401.0
601369,20240422,9.68,9.42,9.44,9.72,-0.21999999999999886,-2.2132796780684028,19357315.0
601369,20240419,9.71,9.63,9.7,9.94,0.0,0.0,21133571.0
601369,20240418,9.65,9.57,9.74,9.94,0.33000000000000007,3.433922996878258,27207017.0
601369,20240417,9.13,9.12,9.59,9.61,-0.05000000000000071,-0.5175983436853104,21502277.0
601369,20240416,9.45,9.16,9.19,9.66,0.019999999999999574,0.20746887966804906,24033134.0
601369,20240415,9.08,9.07,9.55,9.64,0.4800000000000004,5.240174672489095,39278714.0
601369,20240412,8.89,8.89,9.08,9.16,0.14000000000000057,1.55210643015522,12234357.0
601369,20240411,8.81,8.76,8.94,9.02,-0.05000000000000071,-0.5512679162072875,8841900.0
601369,20240410,8.98,8.8,8.84,9.07,0.10999999999999943,1.2276785714285587,8581598.0
601369,20240409,8.82,8.81,8.92,8.96,-0.14999999999999858,-1.6465422612513603,6494180.0
601369,20240408,9.11,8.82,8.84,9.11,-0.030000000000001137,-0.328227571115991,12742196.0
601369,20240403,9.07,9.01,9.11,9.14,-0.009999999999999787,-0.10928961748634114,7096801.0
601369,20240402,9.06,9.02,9.12,9.15,-0.009999999999999787,-0.10917030567685337,9923284.0
601369,20240401,8.81,8.81,9.08,9.16,0.3000000000000007,3.3860045146727025,23164156.0
601369,20240329,8.68,8.61,8.76,8.86,0.08000000000000007,0.9111617312072884,9880884.0
601369,20240328,8.66,8.6,8.66,8.78,-0.16000000000000014,-1.7897091722595126,11802041.0
601369,20240327,8.91,8.67,8.67,8.94,-0.02000000000000135,-0.22321428571430157,15511704.0
601369,20240326,8.9,8.5,8.9,8.96,0.1800000000000015,2.05011389521641,29118030.0
601369,20240325,8.76,8.51,8.54,8.78,-0.05000000000000071,-0.5662514156285492,11454216.0
601369,20240322,8.79,8.65,8.74,8.83,-0.02999999999999936,-0.3386004514672636,9096617.0
601369,20240321,8.78,8.69,8.8,8.86,0.009999999999999787,0.1129943502824915,7257306.0
601369,20240320,8.74,8.67,8.81,8.85,0.009999999999999787,0.11312217194570096,9242087.0
601369,20240319,8.69,8.56,8.7,8.84,-0.09999999999999964,-1.118568232662187,10585091.0
601369,20240318,8.75,8.68,8.77,8.94,0.1999999999999993,2.2883295194507935,16280541.0
601369,20240315,8.53,8.4,8.71,8.74,-0.1999999999999993,-2.237136465324374,18259255.0
601369,20240314,8.49,8.46,8.55,8.94,0.41999999999999993,4.929577464788726,27664520.0
601369,20240313,8.35,8.34,8.4,8.52,-0.08999999999999986,-1.0452961672473893,13378478.0
601369,20240312,8.46,8.32,8.39,8.61,0.05999999999999872,0.7017543859648923,12951600.0
601369,20240311,8.5,8.33,8.47,8.55,-0.14999999999999858,-1.724137931034464,11800625.0
601369,20240308,8.55,8.44,8.5,8.7,-0.0600000000000005,-0.6849315068493178,15430366.0
601369,20240307,8.33,8.33,8.56,8.76,0.379999999999999,4.534606205250591,27795289.0
601369,20240306,8.23,8.18,8.26,8.38,0.07000000000000028,0.8423586040914532,10872861.0
601369,20240305,8.17,8.11,8.24,8.31,0.030000000000001137,0.36231884057973396,11325981.0
601369,20240304,8.24,8.11,8.19,8.28,0.019999999999999574,0.2421307506053294,10111500.0
601369,20240301,8.06,8.01,8.24,8.26,0.25,3.121098626716612,20128178.0
601369,20240229,7.72,7.72,8.01,8.01,-0.09999999999999964,-1.2330456226880337,13157276.0
601369,20240228,7.92,7.73,7.73,8.11,0.21999999999999975,2.7883396704689423,15836091.0
601369,20240227,7.79,7.76,7.88,7.89,-0.07000000000000028,-0.8793969849246297,8482724.0
601369,20240226,7.74,7.74,7.83,7.96,0.2699999999999996,3.5110533159947943,13778101.0
601369,20240223,7.56,7.45,7.67,7.69,0.07000000000000028,0.9186351706036877,9385560.0
601369,20240222,7.5,7.48,7.56,7.62,-0.11000000000000032,-1.4230271668822847,5794448.0
601369,20240221,7.51,7.43,7.54,7.73,0.1800000000000006,2.384105960264904,10617200.0
601369,20240220,7.47,7.38,7.51,7.55,-0.16999999999999993,-2.2020725388601003,7881025.0
601369,20240219,7.49,7.43,7.52,7.72,-0.1299999999999999,-1.6560509554140124,13010225.0
601369,20240208,7.47,7.37,7.47,7.85,0.2999999999999998,3.9735099337748325,19404016.0
601369,20240207,7.25,7.25,7.46,7.55,0.29000000000000004,3.994490358126712,17689829.0
601369,20240206,6.56,6.52,7.2,7.26,0.3199999999999994,4.610951008645525,17219344.0
601369,20240205,6.51,6.19,6.69,6.94,0.03000000000000025,0.4341534008683201,17716167.0
601369,20240202,6.83,6.31,6.55,6.91,-0.07000000000000028,-1.002865329512903,13113779.0
601369,20240201,6.91,6.71,6.86,6.98,-0.2699999999999996,-3.724137931034477,9287352.0
601369,20240131,7.17,6.92,6.94,7.25,-0.20999999999999996,-2.815013404825739,9666473.0
601369,20240130,7.42,7.15,7.17,7.46,-0.2400000000000002,-3.116883116883118,5658434.0
601369,20240129,7.63,7.41,7.43,7.7,-0.09999999999999964,-1.2820512820512775,6210700.0
601369,20240126,7.71,7.55,7.6,7.8,0.009999999999999787,0.12836970474967568,8249279.0
601369,20240125,7.29,7.21,7.78,7.79,0.5099999999999998,7.005494505494503,12787702.0
601369,20240124,7.11,6.93,7.25,7.28,0.03000000000000025,0.41379310344829,10425110.0
601369,20240123,7.12,6.92,7.11,7.25,-0.5099999999999998,-6.572164948453607,16988971.0
601369,20240122,7.75,7.07,7.12,7.76,-0.20000000000000018,-2.5125628140703515,16301246.0
601369,20240119,7.93,7.71,7.74,7.96,-0.05999999999999961,-0.7481296758104716,7698304.0
601369,20240118,7.95,7.71,7.96,8.02,-0.19000000000000128,-2.3142509135201106,11174354.0
601369,20240117,8.2,8.02,8.03,8.21,0.0,0.0,7846518.0
601369,20240116,8.18,8.07,8.17,8.21,-0.09999999999999964,-1.203369434416357,9215700.0
601369,20240115,7.98,7.98,8.18,8.31,0.16999999999999993,2.0884520884520974,19009290.0
601369,20240112,7.91,7.86,8.04,8.14,0.22000000000000064,2.77777777777779,10562746.0
601369,20240111,7.7,7.68,7.88,7.92,0.08000000000000007,1.0204081632652962,7368882.0
601369,20240110,7.7,7.6,7.71,7.84,0.04999999999999982,0.6418485237484006,6435555.0
601369,20240109,7.67,7.63,7.67,7.79,-0.07000000000000028,-0.8905852417302795,4913592.0
601369,20240108,7.86,7.67,7.67,7.86,-0.23999999999999932,-2.962962962962956,6069600.0
601369,20240105,7.98,7.79,7.86,8.1,0.08000000000000007,0.9975062344139696,8362882.0
601369,20240104,8.0,7.93,8.01,8.02,0.0,0.0,6291075.0
601369,20240103,8.01,7.93,7.99,8.02,-0.040000000000000924,-0.49627791563277013,5827210.0
601369,20240102,8.0,7.98,7.99,8.06,0.05000000000000071,0.6242197253433224,7507151.0
601369,20231229,7.93,7.9,7.98,8.01,0.05999999999999961,0.7547169811320753,6163498.0
601369,20231228,7.62,7.59,7.93,7.95,0.2999999999999998,3.9215686274509887,9353768.0
601369,20231227,7.56,7.52,7.64,7.65,-0.02999999999999936,-0.3906249999999889,4229566.0
601369,20231226,7.68,7.53,7.57,7.68,-0.1200000000000001,-1.538461538461544,6423801.0
601369,20231225,7.75,7.57,7.65,7.8,-0.11000000000000032,-1.3906447534766109,8350288.0
601369,20231222,7.85,7.7,7.77,7.91,0.040000000000000036,0.5082592121982143,7194366.0
601369,20231221,7.73,7.63,7.81,7.87,0.020000000000000462,0.2547770700636942,5649123.0
601369,20231220,7.8,7.72,7.73,7.85,0.009999999999999787,0.12755102040815647,2502900.0
601369,20231219,7.76,7.7,7.8,7.84,-0.11000000000000032,-1.383647798742138,3947462.0
601369,20231218,7.94,7.74,7.76,7.95,-0.08999999999999897,-1.1194029850746134,4732366.0
601369,20231215,7.95,7.88,7.89,8.04,0.02999999999999936,0.3745318352059934,4650238.0
601369,20231214,7.95,7.92,7.95,8.01,-0.0600000000000005,-0.743494423791824,3463139.0
601369,20231213,7.98,7.93,7.94,8.07,0.030000000000001137,0.3731343283582156,4253589.0
601369,20231212,8.04,7.97,8.0,8.04,-0.040000000000000924,-0.4950495049505066,3912900.0
601369,20231211,7.89,7.81,8.05,8.08,0.08000000000000007,1.0000000000000009,6294840.0
601369,20231208,7.94,7.88,7.91,8.0,0.009999999999999787,0.12515644555695093,4388047.0
601369,20231207,7.99,7.84,7.94,7.99,-0.02999999999999936,-0.37406483790523026,4847150.0
601369,20231206,7.88,7.87,7.93,8.02,-0.08999999999999986,-1.1097410604192337,4080900.0
601369,20231205,8.02,7.9,7.9,8.11,-0.030000000000001137,-0.3685503685503799,5851232.0
601369,20231204,8.02,8.0,8.03,8.14,-0.019999999999999574,-0.2450980392156854,4812130.0
601369,20231201,8.16,7.89,8.01,8.16,-0.10999999999999943,-1.3301088270858408,10912368.0
601369,20231130,8.25,8.1,8.15,8.27,-0.07000000000000028,-0.8393285371702697,5187260.0
601369,20231129,8.33,8.21,8.26,8.34,0.009999999999999787,0.12004801920768582,3630600.0
601369,20231128,8.12,8.04,8.31,8.33,0.17999999999999972,2.208588957055202,7017673.0
601369,20231127,8.09,8.02,8.13,8.15,-0.129999999999999,-1.5700483091787287,5148200.0
601369,20231124,8.28,8.08,8.1,8.28,-0.02000000000000135,-0.2409638554217053,7918480.0
601369,20231123,8.2,8.15,8.28,8.3,-0.09999999999999964,-1.1904761904761862,4830154.0
601369,20231122,8.39,8.2,8.2,8.4,-0.09999999999999964,-1.17647058823529,7991554.0
601369,20231121,8.5,8.37,8.38,8.5,-0.03999999999999915,-0.4683840749414414,11768014.0
601369,20231120,8.39,8.27,8.48,8.54,0.129999999999999,1.545778834720557,12153744.0
601369,20231117,8.19,8.16,8.38,8.41,0.009999999999999787,0.11904761904761862,11065121.0
601369,20231116,8.4,8.2,8.21,8.4,-0.09999999999999964,-1.17647058823529,11122714.0
601369,20231115,8.1,8.09,8.41,8.5,0.35999999999999943,4.422604422604426,19998203.0
601369,20231114,8.12,8.0,8.08,8.14,-0.019999999999999574,-0.2450980392156854,6500857.0
601369,20231113,8.02,8.0,8.1,8.16,0.10999999999999943,1.3664596273291751,5384100.0
601369,20231110,8.03,7.97,8.02,8.05,-0.05999999999999872,-0.7398273736128114,4652160.0
601369,20231109,8.05,8.02,8.05,8.11,-0.009999999999999787,-0.12315270935960854,5369976.0
601369,20231108,8.12,8.0,8.04,8.12,-0.07000000000000028,-0.8547008547008628,5210450.0
601369,20231107,8.09,8.04,8.09,8.19,0.09999999999999964,1.2360939431396822,6156900.0
601369,20231106,7.82,7.82,8.08,8.09,0.20999999999999996,2.6649746192893398,9889000.0
601369,20231103,7.68,7.66,7.81,7.88,-0.009999999999999787,-0.12674271229403677,8901909.0
601369,20231102,7.82,7.64,7.65,7.89,0.019999999999999574,0.2541296060990961,5968606.0
601369,20231101,7.8,7.72,7.84,7.87,-0.04999999999999982,-0.631313131313127,4713761.0
601369,20231031,7.87,7.75,7.77,7.92,0.009999999999999787,0.12642225031604948,5004614.0
601369,20231030,7.91,7.75,7.86,7.91,-0.03000000000000025,-0.37783375314861534,8330714.0
601369,20231027,7.69,7.67,7.92,7.94,0.1800000000000006,2.3195876288659933,6217429.0
601369,20231026,7.66,7.56,7.75,7.76,-0.08000000000000007,-1.0204081632653073,6004215.0
601369,20231025,7.68,7.68,7.71,7.84,0.16999999999999993,2.2164276401564598,5738485.0
601369,20231024,7.53,7.46,7.64,7.67,-0.09999999999999964,-1.287001287001277,7500581.0
601369,20231023,7.75,7.46,7.49,7.77,-0.16000000000000014,-2.0176544766708715,10355413.0
601369,20231020,7.78,7.75,7.78,7.93,0.0,0.0,6780910.0
601369,20231019,7.87,7.76,7.79,7.93,-0.120000000000001,-1.4906832298136719,6146783.0
601369,20231018,8.01,7.86,7.86,8.05,-0.03999999999999915,-0.49443757725585735,6490432.0
601369,20231017,8.01,7.98,8.04,8.09,0.02999999999999936,0.3722084367245637,6455810.0
601369,20231016,8.05,7.91,7.99,8.06,-0.03999999999999915,-0.49382716049382047,7376461.0
601369,20231013,8.08,7.98,8.06,8.1,-0.0600000000000005,-0.7352941176470673,6946390.0
601369,20231012,8.08,8.04,8.12,8.16,0.040000000000000924,0.49261083743843415,6667398.0
601369,20231011,8.06,8.03,8.04,8.12,-0.09000000000000163,-1.0962241169305886,6804900.0
601369,20231010,8.14,8.04,8.07,8.21,-0.03999999999999915,-0.48484848484847687,6833000.0
601369,20231009,8.15,8.07,8.15,8.25,0.05000000000000071,0.6097560975609762,9490200.0
601369,20230928,8.13,8.09,8.16,8.2,0.03999999999999915,0.4901960784313708,7516100.0
601369,20230927,7.96,7.94,8.13,8.16,0.13000000000000078,1.6189290161892966,10796882.0
601369,20230926,7.95,7.91,7.99,8.03,0.03999999999999915,0.5006257822277815,6633228.0
601369,20230925,7.97,7.88,7.94,7.99,-0.019999999999999574,-0.24968789013731785,8449464.0
601369,20230922,7.78,7.73,7.99,8.01,0.17999999999999972,2.298850574712641,13215659.0
601369,20230921,7.81,7.75,7.78,7.83,-0.13999999999999968,-1.7565872020075202,5414933.0
601369,20230920,7.95,7.79,7.79,7.97,-0.11000000000000032,-1.3613861386138626,9572700.0
601369,20230919,8.08,7.92,7.96,8.08,-0.03999999999999915,-0.49261083743841194,8534488.0
601369,20230918,8.06,7.87,8.07,8.12,-0.010000000000001563,-0.12300123001232066,13172066.0
601369,20230915,7.98,7.93,8.08,8.13,0.11000000000000121,1.371571072319222,11496737.0
601369,20230914,7.99,7.91,7.95,8.02,-0.09999999999999964,-1.231527093596052,7077803.0
601369,20230913,8.1,7.92,8.01,8.12,-0.05000000000000071,-0.6119951040391758,7863930.0
601369,20230912,8.11,8.08,8.11,8.17,0.019999999999999574,0.24539877300613355,4990833.0
601369,20230911,8.05,7.96,8.12,8.15,0.040000000000000924,0.4932182490752224,8095420.0
601369,20230908,8.07,8.01,8.03,8.11,-0.120000000000001,-1.4580801944107047,7610752.0
601369,20230907,8.23,8.06,8.07,8.23,-0.009999999999999787,-0.12135922330096527,7684500.0
601369,20230906,8.2,8.16,8.22,8.24,-0.07000000000000028,-0.8423586040914643,4925804.0
601369,20230905,8.27,8.21,8.23,8.31,0.009999999999999787,0.12048192771083599,7293300.0
601369,20230904,8.16,8.13,8.29,8.3,0.120000000000001,1.4669926650366927,9910545.0
601369,20230901,8.11,8.07,8.14,8.18,0.0,0.0,6982076.0
601369,20230831,8.1,8.06,8.07,8.18,-0.0600000000000005,-0.728155339805836,7167400.0
601369,20230830,8.05,8.03,8.11,8.24,0.15000000000000036,1.8541409147095234,11376600.0
601369,20230829,7.74,7.7,8.03,8.09,-0.08000000000000007,-0.9791921664626724,14002953.0
601369,20230828,8.01,7.71,7.72,8.17,0.3200000000000003,4.076433121019107,14886001.0
601369,20230825,7.8,7.64,7.67,7.85,-0.10000000000000053,-1.2578616352201366,9638408.0
601369,20230824,7.79,7.78,7.83,7.95,-0.009999999999999787,-0.12562814070351536,7339806.0
601369,20230823,7.96,7.76,7.8,7.96,-0.1200000000000001,-1.4851485148514865,7116855.0
601369,20230822,8.02,7.81,7.96,8.08,-0.16000000000000014,-1.9417475728155331,11310248.0
601369,20230821,8.2,8.01,8.01,8.24,-0.049999999999998934,-0.603136308805774,7531558.0
601369,20230818,8.23,8.14,8.14,8.29,0.049999999999998934,0.6067961165048485,5350627.0
601369,20230817,8.22,8.11,8.23,8.24,-0.08999999999999986,-1.0804321728691502,11249000.0
601369,20230816,8.29,8.23,8.23,8.33,-0.10999999999999943,-1.3033175355450122,5898800.0
601369,20230815,8.42,8.26,8.3,8.44,0.0,0.0,7196300.0
601369,20230814,8.36,8.27,8.41,8.44,-0.21000000000000085,-2.4277456647398887,7360200.0
601369,20230811,8.65,8.4,8.4,8.65,-0.07000000000000028,-0.8027522935779796,10710885.0
601369,20230810,8.6,8.58,8.62,8.72,0.0600000000000005,0.6928406466512715,5794000.0
601369,20230809,8.59,8.56,8.61,8.66,-0.02999999999999936,-0.345224395857302,4686366.0
601369,20230808,8.68,8.54,8.6,8.69,-0.11000000000000121,-1.2500000000000178,6759210.0
601369,20230807,8.77,8.59,8.66,8.8,-0.06999999999999851,-0.7891770011273835,8845118.0
601369,20230804,8.8,8.74,8.81,8.87,0.06999999999999851,0.7954545454545325,8401524.0
601369,20230803,8.69,8.67,8.78,8.8,0.02000000000000135,0.2277904328018332,5918656.0
601369,20230802,8.76,8.69,8.71,8.78,-0.16000000000000014,-1.7897091722595126,6534062.0
601369,20230801,8.91,8.7,8.76,8.94,-0.040000000000000924,-0.44543429844099425,12842737.0
601369,20230731,8.85,8.8,8.9,8.98,0.16000000000000014,1.8140589569161092,9534586.0
601369,20230728,8.74,8.66,8.81,8.82,-0.08000000000000007,-0.8988764044943864,8856387.0
601369,20230727,8.82,8.75,8.78,8.9,-0.049999999999998934,-0.5586592178770777,8134800.0
601369,20230726,8.92,8.76,8.82,8.95,-0.02000000000000135,-0.22296544035675936,7999800.0
601369,20230725,8.93,8.81,8.88,8.97,0.08999999999999986,1.0135135135135087,11189080.0
601369,20230724,8.86,8.76,8.78,8.88,-0.09999999999999964,-1.1135857461024412,6687604.0
601369,20230721,8.98,8.78,8.87,8.98,-0.16000000000000014,-1.7505470459518668,10212200.0
601369,20230720,9.03,8.92,8.93,9.14,-0.009999999999999787,-0.10928961748634114,11157930.0
601369,20230719,9.09,8.93,8.98,9.15,-0.009999999999999787,-0.10917030567685337,11420981.0
601369,20230718,9.1,8.97,9.11,9.16,-0.07000000000000028,-0.7583965330444253,12112986.0
601369,20230717,9.23,9.08,9.11,9.23,-0.08000000000000007,-0.8592910848549962,9560825.0
601369,20230714,9.25,9.15,9.23,9.31,-0.02999999999999936,-0.32119914346894207,10293996.0
601369,20230713,9.28,9.25,9.28,9.34,-0.07000000000000028,-0.7438894792773709,10803602.0
601369,20230712,9.25,9.21,9.28,9.41,0.14000000000000057,1.5102481121898714,14434831.0
601369,20230711,9.15,9.11,9.25,9.27,-0.009999999999999787,-0.10775862068965747,10070572.0
601369,20230710,9.22,9.1,9.15,9.28,-0.05000000000000071,-0.5359056806002238,12241128.0
601369,20230707,9.2,9.12,9.2,9.33,-0.15000000000000036,-1.5822784810126667,15669501.0
601369,20230706,9.37,9.2,9.26,9.48,-0.2400000000000002,-2.4691358024691357,21033515.0
601369,20230705,9.3,9.28,9.42,9.72,0.3800000000000008,4.068522483940051,38440490.0
601369,20230704,9.27,9.17,9.2,9.34,-0.1999999999999993,-2.0964360587002018,13354300.0
601369,20230703,9.17,9.17,9.28,9.54,0.34999999999999964,3.80848748639826,28263724.0
601369,20230630,9.02,8.96,9.11,9.19,0.08999999999999986,0.9890109890109855,14176433.0
601369,20230629,8.91,8.86,9.02,9.1,0.129999999999999,1.4492753623188248,13607241.0
601369,20230628,8.89,8.76,8.97,8.97,0.05000000000000071,0.5605381165919354,11245974.0
601369,20230627,8.79,8.72,8.89,8.92,-0.009999999999999787,-0.11198208286673506,9685500.0
601369,20230626,8.74,8.72,8.77,8.93,-0.20000000000000107,-2.190580503833528,14450447.0
601369,20230621,9.09,8.75,8.77,9.13,-0.02999999999999936,-0.3275109170305601,18906800.0
601369,20230620,8.82,8.76,9.12,9.16,0.3000000000000007,3.3860045146727025,28228924.0
601369,20230619,8.77,8.62,8.82,8.86,0.049999999999998934,0.567536889897835,22157595.0
601369,20230616,8.59,8.51,8.78,8.81,-0.049999999999998934,-0.5643340857787726,26999900.0
601369,20230615,8.51,8.49,8.83,8.86,0.2699999999999996,3.143189755529674,19253660.0
601369,20230614,8.58,8.47,8.51,8.59,-0.09999999999999964,-1.1507479861910253,9018874.0
601369,20230613,8.62,8.54,8.54,8.69,0.049999999999998934,0.578703703703698,8963166.0
601369,20230612,8.59,8.52,8.62,8.64,0.08000000000000007,0.9345794392523477,8567200.0
601369,20230609,8.49,8.46,8.52,8.56,-0.08000000000000007,-0.92592592592593,7018000.0
601369,20230608,8.59,8.46,8.47,8.64,0.040000000000000924,0.46511627906977715,8604849.0
601369,20230607,8.55,8.48,8.58,8.6,-0.3000000000000007,-3.370786516853941,8655500.0
601369,20230606,8.85,8.5,8.54,8.9,-0.20999999999999908,-2.3051591657519133,15829500.0
601369,20230605,9.05,8.87,8.89,9.11,0.019999999999999574,0.22002200220021528,10766117.0
601369,20230602,8.83,8.83,9.04,9.09,0.17999999999999972,2.020202020202011,13324845.0
601369,20230601,8.78,8.71,8.81,8.91,-0.02999999999999936,-0.3355704697986517,11328554.0
601369,20230531,8.94,8.77,8.82,8.94,-0.07000000000000028,-0.7769145394006638,10074325.0
601369,20230530,8.93,8.82,8.9,9.01,-0.10999999999999943,-1.2061403508771829,11757752.0
601369,20230529,9.08,8.85,8.92,9.12,-0.19000000000000128,-2.0408163265306256,16933509.0
601369,20230526,9.28,9.04,9.06,9.31,-0.049999999999998934,-0.5341880341880212,14469400.0
601369,20230525,9.27,9.15,9.28,9.36,-0.10000000000000142,-1.0570824524313016,12092800.0
601369,20230524,9.39,9.27,9.29,9.46,-0.23999999999999844,-2.4742268041236914,9861274.0
601369,20230523,9.54,9.37,9.39,9.7,0.17999999999999972,1.8907563025210017,12065009.0
601369,20230522,9.28,9.26,9.47,9.52,0.16000000000000014,1.7094017094017033,12020435.0
601369,20230519,9.31,9.24,9.29,9.36,-0.10000000000000142,-1.0570824524313016,6792219.0
601369,20230518,9.41,9.29,9.34,9.46,0.05000000000000071,0.5313496280552776,9489899.0
601369,20230517,9.3,9.22,9.38,9.41,-0.0600000000000005,-0.6335797254487963,8396200.0
601369,20230516,9.31,9.22,9.31,9.47,0.11000000000000121,1.1752136752136932,14019800.0
601369,20230515,9.22,9.18,9.31,9.36,-0.030000000000001137,-0.31948881789138905,8811462.0
601369,20230512,9.38,9.2,9.22,9.39,-0.10999999999999943,-1.1578947368421022,5676009.0
601369,20230511,9.35,9.28,9.38,9.5,0.11999999999999922,1.2793176972281328,8006041.0
601369,20230510,9.2,9.05,9.34,9.38,0.010000000000001563,0.10672358591250486,10505700.0
601369,20230509,9.37,9.16,9.17,9.37,-0.16000000000000014,-1.6789087093389332,10560842.0
601369,20230508,9.3,9.27,9.33,9.53,0.05999999999999872,0.6335797254487741,15596588.0
601369,20230505,9.46,9.2,9.28,9.47,-0.1899999999999995,-1.9668737060041352,10839825.0
601369,20230504,9.48,9.42,9.45,9.66,0.0600000000000005,0.6250000000000089,13338109.0
601369,20230428,9.52,9.26,9.45,9.6,-0.009999999999999787,-0.10405827263266776,12634242.0
601369,20230427,9.32,9.2,9.48,9.61,0.16999999999999993,1.8008474576271194,17033210.0
601369,20230426,9.36,9.21,9.31,9.44,-0.22000000000000064,-2.2774327122153326,20702134.0
601369,20230425,9.52,9.23,9.33,9.66,-0.14000000000000057,-1.4285714285714346,13736510.0
601369,20230424,9.78,9.48,9.56,9.8,-0.28999999999999915,-2.874132804757179,17424074.0
601369,20230421,9.75,9.74,9.83,10.09,-0.34999999999999964,-3.3524904214559337,17678061.0
601369,20230420,10.4,9.75,9.8,10.44,0.129999999999999,1.2609117361784605,31671693.0
601369,20230419,10.28,10.17,10.29,10.31,-0.03999999999999915,-0.38647342995168366,7778956.0
601369,20230418,10.21,10.13,10.27,10.35,-0.040000000000000924,-0.38498556304139564,8008338.0
601369,20230417,10.22,10.18,10.21,10.39,0.120000000000001,1.1684518013632017,9758348.0
601369,20230414,10.22,10.1,10.2,10.27,-0.11000000000000121,-1.0597302504817052,9456933.0
601369,20230413,10.32,10.18,10.2,10.38,-0.10999999999999943,-1.0486177311725409,9153300.0
601369,20230412,10.45,10.23,10.29,10.49,-0.15000000000000036,-1.4097744360902276,8646713.0
601369,20230411,10.6,10.31,10.43,10.64,-0.1399999999999988,-1.298701298701288,11132830.0
601369,20230410,10.4,10.37,10.59,10.78,0.1899999999999995,1.794145420207749,13593600.0
601369,20230407,10.3,10.3,10.41,10.59,0.08000000000000007,0.7611798287345373,8255071.0
601369,20230406,10.5,10.1,10.29,10.51,-0.4299999999999997,-3.9305301645338186,14519350.0
601369,20230404,10.59,10.48,10.54,10.94,0.35999999999999943,3.402646502835527,15894606.0
601369,20230403,10.55,10.35,10.52,10.58,0.0,0.0,7515345.0
601369,20230331,10.45,10.43,10.51,10.58,0.08000000000000007,0.7619047619047636,5751700.0
601369,20230330,10.32,10.32,10.48,10.5,-0.07000000000000028,-0.6622516556291425,6145462.0
601369,20230329,10.52,10.31,10.42,10.57,-0.129999999999999,-1.2149532710280297,7640902.0
601369,20230328,10.67,10.42,10.51,10.7,-0.1800000000000015,-1.6544117647058987,8655135.0
601369,20230327,10.88,10.58,10.63,10.88,-0.1999999999999993,-1.805054151624541,13734774.0
601369,20230324,11.01,10.78,10.82,11.08,-0.009999999999999787,-0.09017132551848439,10005675.0
601369,20230323,10.85,10.77,11.01,11.09,0.16000000000000014,1.4638609332113361,8694776.0
601369,20230322,10.88,10.76,10.85,10.93,0.009999999999999787,0.09157509157509125,7175531.0
601369,20230321,10.66,10.59,10.83,10.92,0.1899999999999995,1.7707362534948645,13532417.0
601369,20230320,10.68,10.39,10.68,10.73,-0.16999999999999993,-1.559633027522933,13845594.0
601369,20230317,10.85,10.57,10.61,10.9,-0.5299999999999994,-4.63692038495187,11824809.0
601369,20230316,11.35,10.69,10.76,11.43,0.0,0.0,21227900.0
601369,20230315,11.04,11.03,11.4,11.43,0.10999999999999943,0.9717314487632356,14485100.0
601369,20230314,10.98,10.87,11.05,11.32,0.2599999999999998,2.3508137432187937,12119100.0
601369,20230313,10.93,10.86,10.98,11.06,-0.10999999999999943,-0.9847806624888045,6995900.0
601369,20230310,11.15,10.85,10.88,11.17,-0.22000000000000064,-1.9315188762072055,14268327.0
601369,20230309,11.07,11.07,11.2,11.39,-0.09999999999999964,-0.8703220191470851,14145800.0
601369,20230308,11.42,11.05,11.1,11.49,-0.20999999999999908,-1.7948717948717885,18652375.0
601369,20230307,11.7,11.4,11.41,11.7,-0.05000000000000071,-0.42553191489361764,15287097.0
601369,20230306,11.47,11.42,11.73,11.75,0.08000000000000007,0.6855184233076184,15281800.0
601369,20230303,11.62,11.39,11.47,11.67,-0.14000000000000057,-1.185436071126167,14394710.0
601369,20230302,11.68,11.55,11.6,11.81,0.07000000000000028,0.596252129471897,7923590.0
601369,20230301,11.63,11.49,11.65,11.74,0.08000000000000007,0.6861063464836947,11487274.0
601369,20230228,11.6,11.49,11.66,11.66,-0.05000000000000071,-0.4269854824936026,6152799.0
601369,20230227,11.62,11.46,11.55,11.71,-0.11999999999999922,-1.0143702451394732,6203164.0
601369,20230224,11.78,11.49,11.63,11.83,-0.08999999999999986,-0.7550335570469802,9183800.0
601369,20230223,11.75,11.74,11.84,11.92,0.009999999999999787,0.08396305625524292,6999201.0
601369,20230222,11.74,11.68,11.8,11.91,0.08999999999999986,0.761421319796951,7006764.0
601369,20230221,11.58,11.55,11.79,11.82,0.21000000000000085,1.8087855297157729,11759214.0
601369,20230220,11.51,11.36,11.56,11.61,-0.02000000000000135,-0.17196904557180703,9634344.0
601369,20230217,11.55,11.47,11.5,11.63,-0.4499999999999993,-3.7251655629139013,8154901.0
601369,20230216,12.0,11.4,11.54,12.08,-0.3000000000000007,-2.4232633279483107,18003231.0
601369,20230215,12.32,11.99,12.05,12.38,-0.009999999999999787,-0.08071025020177647,14927100.0
601369,20230214,12.3,12.16,12.3,12.39,-0.16000000000000014,-1.2749003984063756,8730083.0
601369,20230213,12.37,12.25,12.34,12.55,-0.21999999999999886,-1.7227877838684291,14224228.0
601369,20230210,12.74,12.25,12.39,12.77,0.09999999999999964,0.7892659826361559,7917650.0
601369,20230209,12.36,12.32,12.58,12.67,0.11999999999999922,0.9561752988047845,9125543.0
601369,20230208,12.53,12.36,12.42,12.55,-0.16999999999999993,-1.3364779874213806,12456768.0
601369,20230207,12.5,12.42,12.55,12.72,-0.02999999999999936,-0.23529411764705577,7626232.0
601369,20230206,12.6,12.35,12.51,12.75,-0.2400000000000002,-1.8475750577367167,12920233.0
601369,20230203,12.94,12.46,12.61,12.99,-0.379999999999999,-2.842183994016445,18933005.0
601369,20230202,12.88,12.83,13.0,13.37,0.4499999999999993,3.482972136222906,13105021.0
601369,20230201,12.83,12.73,12.89,12.92,-0.16000000000000014,-1.2232415902140636,9244087.0
601369,20230131,12.65,12.65,12.82,13.08,-0.08000000000000007,-0.6079027355623157,9380398.0
601369,20230130,12.88,12.73,12.77,13.16,0.1999999999999993,1.5432098765431945,12101374.0
601369,20230120,12.68,12.66,12.87,12.96,0.14000000000000057,1.0920436817472678,9834187.0
601369,20230119,12.79,12.54,12.64,12.82,-0.03999999999999915,-0.3110419906687367,7024067.0
601369,20230118,12.66,12.5,12.81,12.86,0.03999999999999915,0.31201248049921304,9794112.0
601369,20230117,12.68,12.58,12.61,12.82,-0.129999999999999,-1.0038610038609952,7917116.0
601369,20230116,12.75,12.62,12.68,12.95,0.0,0.0,10313522.0
601369,20230113,12.67,12.6,12.7,12.95,0.049999999999998934,0.3875968992248069,10687532.0
601369,20230112,12.18,12.17,12.71,12.9,0.3800000000000008,3.0351437699680517,26137467.0
601369,20230111,12.52,12.05,12.13,12.52,-0.13000000000000078,-1.0276679841897285,14780615.0
601369,20230110,12.6,12.34,12.49,12.65,-0.17999999999999972,-1.4029618082618822,8441462.0
601369,20230109,12.4,12.32,12.57,12.83,0.4299999999999997,3.46774193548387,21264397.0
601369,20230106,12.26,12.0,12.08,12.4,0.14000000000000057,1.1419249592169667,11555038.0
601369,20230105,11.86,11.8,12.22,12.26,0.08000000000000007,0.6568144499178974,15463231.0
601369,20230104,11.83,11.81,11.86,12.18,0.21999999999999886,1.8394648829431315,11431396.0
601369,20230103,11.5,11.32,11.87,11.96,0.41000000000000014,3.5497835497835473,13926713.0
601369,20221230,11.15,11.12,11.46,11.55,0.3100000000000005,2.758007117437722,12152829.0
601369,20221229,11.04,10.97,11.14,11.24,-0.009999999999999787,-0.0888888888888828,9800745.0
601369,20221228,11.15,10.98,11.04,11.25,-0.10999999999999943,-0.9683098591549255,8520487.0
601369,20221227,11.3,11.11,11.21,11.36,0.1399999999999988,1.2477718360071277,7547389.0
601369,20221226,10.43,10.43,11.2,11.22,0.6100000000000012,5.7492931196984065,15366754.0
601369,20221223,10.54,10.4,10.51,10.61,-0.22000000000000064,-2.031394275161591,8160638.0
601369,20221222,10.71,10.53,10.57,10.83,0.05000000000000071,0.4638218923933346,8026520.0
601369,20221221,10.71,10.59,10.64,10.78,-0.08999999999999986,-0.8279668813247487,6640500.0
601369,20221220,10.73,10.61,10.79,10.87,-0.15000000000000036,-1.361161524500909,8073298.0
601369,20221219,10.93,10.55,10.65,11.02,-0.21000000000000085,-1.8699910952805099,13972300.0
601369,20221216,11.19,10.78,10.87,11.23,-0.03999999999999915,-0.3549245785270605,14180428.0
601369,20221215,11.11,11.07,11.2,11.27,-0.0600000000000005,-0.5295675198587868,6599701.0
601369,20221214,11.15,11.12,11.15,11.33,-0.16999999999999993,-1.4782608695652177,7612500.0
601369,20221213,11.38,11.15,11.18,11.5,-0.019999999999999574,-0.17361111111110494,12254662.0
601369,20221212,11.45,11.28,11.43,11.52,-0.41999999999999993,-3.5175879396984966,14254824.0
601369,20221209,11.76,11.55,11.56,11.94,-0.08999999999999986,-0.7481296758104716,17332070.0
601369,20221208,11.81,11.7,11.81,12.03,-0.10000000000000142,-0.8244023083264773,12453401.0
601369,20221207,11.86,11.75,11.81,12.13,-0.29999999999999893,-2.4135156878519637,14273493.0
601369,20221206,12.36,11.74,11.9,12.43,-0.019999999999999574,-0.16064257028112205,31485388.0
601369,20221205,12.35,12.02,12.36,12.45,-0.13000000000000078,-1.0333863275039823,19646912.0
601369,20221202,12.26,12.18,12.29,12.58,-0.05000000000000071,-0.39588281868567776,17381063.0
601369,20221201,12.14,12.07,12.29,12.63,0.1800000000000015,1.445783132530143,16374275.0
601369,20221130,12.1,11.92,12.09,12.45,0.14999999999999858,1.21951219512193,14199000.0
601369,20221129,12.27,11.93,12.15,12.3,-0.14999999999999858,-1.2048192771084265,14663078.0
601369,20221128,12.05,11.81,12.19,12.45,-0.3100000000000005,-2.429467084639503,13407101.0
601369,20221125,12.46,12.15,12.21,12.76,-0.08999999999999986,-0.7003891050583633,18443679.0
601369,20221124,12.24,12.16,12.62,12.85,0.4399999999999995,3.5455278001611523,25114271.0
601369,20221123,12.01,11.71,12.25,12.41,0.22000000000000064,1.8047579983593076,19798775.0
601369,20221122,12.14,11.85,12.01,12.19,-0.11000000000000121,-0.8943089430894391,15968870.0
601369,20221121,11.71,11.69,12.18,12.3,0.11000000000000121,0.9023789991796649,23935783.0
601369,20221118,12.02,11.74,11.82,12.19,0.03999999999999915,0.3292181069958877,14112564.0
601369,20221117,12.08,11.8,11.96,12.15,-0.4900000000000002,-3.876582278481011,15318427.0
601369,20221116,12.57,11.92,12.17,12.64,-0.05999999999999872,-0.47244094488188004,25079200.0
601369,20221115,11.88,11.57,12.58,12.7,0.1999999999999993,1.6000000000000014,32198901.0
601369,20221114,12.16,11.61,11.77,12.5,-0.6300000000000008,-4.798172124904809,34780243.0
601369,20221111,13.05,12.01,12.15,13.13,0.120000000000001,0.9223674096848544,46167155.0
601369,20221110,12.9,12.48,12.6,13.01,-0.1899999999999995,-1.4393939393939403,20396320.0
601369,20221109,12.54,12.44,13.02,13.2,-0.3000000000000007,-2.2222222222222254,34786168.0
601369,20221108,13.09,11.95,12.77,13.5,-0.16999999999999993,-1.2435991221653286,63154865.0
601369,20221107,13.55,12.58,13.07,13.67,-0.6300000000000008,-4.405594405594416,82309414.0
601369,20221104,13.25,13.19,13.98,14.3,0.8000000000000007,5.9259259259259345,55827446.0
601369,20221103,12.7,12.7,13.19,13.5,0.15000000000000036,1.1235955056179803,40949593.0
601369,20221102,13.0,12.64,12.95,13.35,0.0,0.0,51581583.0
601369,20221101,13.04,12.62,13.0,13.35,0.0,0.0,48891698.0
601369,20221031,12.94,12.5,13.02,13.35,-0.7000000000000011,-4.982206405693956,41527442.0
601369,20221028,13.15,12.83,12.96,14.05,0.26000000000000156,1.8854242204496163,63629520.0
601369,20221027,13.61,13.13,13.13,13.79,-0.3100000000000005,-2.1985815602836967,58062578.0
601369,20221026,12.9,12.8,13.7,14.1,0.8300000000000001,6.254709871891495,76302212.0
601369,20221025,12.8,12.52,13.26,13.27,-0.39000000000000057,-2.855051244509521,57827986.0
601369,20221024,13.37,12.64,12.96,13.66,-0.08999999999999986,-0.6545454545454521,76441559.0
601369,20221021,12.7,12.59,13.38,13.75,0.41000000000000014,3.073463268365817,86992679.0
601369,20221020,12.26,12.08,12.59,13.34,1.0,8.103727714748787,131980507.0
601369,20221019,11.44,11.22,12.34,12.34,0.7300000000000004,6.287683031869085,98743205.0
601369,20221018,10.63,10.61,11.22,11.61,1.0,9.425070688030157,40329640.0
601369,20221017,10.55,10.21,10.55,10.61,-0.02000000000000135,-0.18814675446849893,18985205.0
601369,20221014,10.1,10.08,10.58,10.63,0.16999999999999993,1.6252390057361454,21675336.0
601369,20221013,9.8,9.72,10.09,10.46,0.5600000000000005,5.656565656565671,19285828.0
601369,20221012,9.49,9.1,9.9,9.9,0.3100000000000005,3.232533889468203,17919138.0
601369,20221011,9.22,9.2,9.43,9.59,0.019999999999999574,0.2089864158829613,10802284.0
601369,20221010,9.3,9.17,9.2,9.57,-0.3100000000000005,-3.137651821862353,11975650.0
601369,20220930,9.73,9.37,9.37,9.88,-0.16999999999999993,-1.691542288557213,15399039.0
601369,20220929,9.78,9.57,9.9,10.05,-0.4299999999999997,-4.103053435114501,15892952.0
601369,20220928,10.39,9.62,9.65,10.48,0.13000000000000078,1.2560386473430052,27607200.0
601369,20220927,10.15,10.0,10.18,10.35,-0.009999999999999787,-0.09652509652509078,18186812.0
601369,20220926,9.97,9.79,10.1,10.36,-0.040000000000000924,-0.38461538461539435,16817619.0
601369,20220923,10.22,9.81,9.94,10.4,0.030000000000001137,0.2892960462873795,13403749.0
601369,20220922,10.15,10.0,10.17,10.37,-0.26000000000000156,-2.4459078080903196,11216676.0
601369,20220921,10.22,10.03,10.26,10.63,0.2400000000000002,2.3099133782483072,21049410.0
601369,20220920,9.9,9.85,10.22,10.39,0.16999999999999993,1.6634050880626194,18594465.0
601369,20220919,10.11,9.78,9.82,10.22,-0.3899999999999988,-3.6757775683317506,17499600.0
601369,20220916,10.55,10.03,10.11,10.61,-0.7200000000000006,-6.354810238305387,18533147.0
601369,20220915,11.3,10.38,10.53,11.33,-0.07000000000000028,-0.6140350877193002,18636549.0
601369,20220914,11.08,10.94,11.18,11.4,0.040000000000000924,0.35211267605634866,16597926.0
601369,20220913,11.29,10.98,11.22,11.36,-0.2400000000000002,-2.0689655172413834,13064258.0
601369,20220909,11.56,11.18,11.31,11.6,-0.08999999999999986,-0.7698887938408894,11489700.0
601369,20220908,11.34,11.24,11.47,11.69,-0.030000000000001137,-0.25597269624574315,19252200.0
601369,20220907,10.96,10.91,11.35,11.72,0.5500000000000007,4.923903312444056,21662531.0
601369,20220906,10.98,10.55,11.07,11.17,0.05000000000000071,0.4496402877697925,23341264.0
601369,20220905,10.61,10.51,10.8,11.12,0.3199999999999985,2.962962962962945,22007772.0
601369,20220902,10.3,10.1,10.61,10.8,0.20000000000000107,1.8867924528301883,22095498.0
601369,20220901,10.5,10.19,10.28,10.6,-0.9299999999999997,-8.06591500433651,20325285.0
601369,20220831,11.33,10.36,10.56,11.53,-0.8500000000000014,-6.86591276252021,33896424.0
601369,20220830,12.18,11.14,11.26,12.38,-0.05999999999999872,-0.4823151125401881,30200136.0
601369,20220829,11.36,11.25,12.16,12.44,0.4499999999999993,3.753127606338613,32679303.0
601369,20220826,11.9,11.44,11.48,11.99,-0.3699999999999992,-2.99352750809061,23791748.0
601369,20220825,12.35,11.73,11.9,12.36,-1.1400000000000006,-8.444444444444443,32054630.0
601369,20220824,13.4,12.36,12.36,13.5,-0.3200000000000003,-2.315484804630974,45319729.0
601369,20220823,12.8,12.68,13.73,13.82,0.7300000000000004,5.576776165011466,32982234.0
601369,20220822,12.75,12.66,12.83,13.09,-0.17999999999999972,-1.3564431047475511,13885871.0
601369,20220819,13.1,12.72,12.84,13.27,-0.45000000000000107,-3.279883381924209,25423033.0
601369,20220818,13.48,12.85,13.04,13.72,-0.47999999999999865,-3.3802816901408406,34494614.0
601369,20220817,14.1,13.12,13.55,14.2,-0.010000000000001563,-0.07037297677693344,58700430.0
601369,20220816,12.98,12.98,14.06,14.21,1.0300000000000011,7.81487101669196,73494267.0
601369,20220815,12.66,12.4,12.92,13.18,0.02999999999999936,0.22813688212928174,28228816.0
601369,20220812,12.43,12.37,12.66,13.15,0.3000000000000007,2.3346303501945664,35943590.0
601369,20220811,12.5,12.35,12.41,12.85,0.07000000000000028,0.5477308294209671,29621143.0
601369,20220810,11.81,11.73,12.4,12.78,0.6199999999999992,5.098684210526305,41754638.0
601369,20220809,11.57,11.41,11.79,12.16,0.3800000000000008,3.2258064516129004,24273776.0
601369,20220808,11.28,11.01,11.52,11.78,-0.22000000000000064,-1.8333333333333424,24100916.0
601369,20220805,11.88,10.97,11.25,12.0,-0.3200000000000003,-2.5974025974025983,37461208.0
601369,20220804,12.22,11.7,11.88,12.32,-0.879999999999999,-6.666666666666654,34763420.0
601369,20220803,12.89,12.1,12.1,13.2,-0.26000000000000156,-1.9316493313521699,47148723.0
601369,20220802,13.16,12.76,13.07,13.46,-0.15999999999999837,-1.1747430249632762,30077618.0
601369,20220801,13.14,12.8,13.38,13.62,0.28999999999999915,2.175543885971476,41731313.0
601369,20220729,12.78,12.71,13.21,13.33,-0.14000000000000057,-1.0393466963622866,33162752.0
601369,20220728,13.29,12.66,12.73,13.47,0.120000000000001,0.8988764044943975,38335013.0
601369,20220727,12.38,12.38,13.09,13.35,0.5600000000000005,4.37842064112588,46300268.0
601369,20220726,12.79,11.8,12.35,12.79,-0.0600000000000005,-0.46692607003890885,42407518.0
601369,20220725,11.88,11.78,12.85,12.85,0.6600000000000001,5.414273995077945,56414749.0
601369,20220722,11.98,11.0,11.68,12.19,-0.27000000000000135,-2.166934189406111,31045875.0
601369,20220721,12.29,11.73,12.02,12.46,-0.129999999999999,-1.0325655281969714,31718028.0
601369,20220720,11.64,11.33,12.29,12.59,0.03999999999999915,0.31872509960158,54855070.0
601369,20220719,11.45,11.36,11.77,12.55,0.8399999999999999,7.173356105892403,65360413.0
601369,20220718,11.13,10.85,11.57,11.71,1.0500000000000007,9.849906191369605,84116913.0
601369,20220715,9.62,9.62,10.66,10.66,0.7900000000000009,8.004052684903762,43643077.0
601369,20220714,9.28,9.28,9.69,9.87,0.4599999999999991,4.88841657810839,17586269.0
601369,20220713,9.13,9.12,9.32,9.41,-0.22000000000000064,-2.2845275181723856,7348494.0
601369,20220712,9.05,9.05,9.16,9.63,0.3100000000000005,3.3261802575107247,13432794.0
601369,20220711,9.23,8.96,9.03,9.32,-0.17999999999999972,-1.8947368421052602,8498764.0
601369,20220708,9.41,9.2,9.23,9.5,0.07000000000000028,0.7423117709437932,7461527.0
601369,20220707,9.28,9.23,9.37,9.43,-0.05000000000000071,-0.527426160337563,6493300.0
601369,20220706,9.36,9.14,9.3,9.48,-0.25,-2.5693730729701936,6413338.0
601369,20220705,9.54,9.26,9.41,9.73,0.11000000000000121,1.1434511434511574,7168738.0
601369,20220704,9.57,9.38,9.61,9.62,-0.11000000000000121,-1.1305241521068932,7380613.0
601369,20220701,9.55,9.47,9.57,9.73,-0.15000000000000036,-1.5182186234817818,5484310.0
601369,20220630,9.72,9.55,9.6,9.88,-0.02999999999999936,-0.3027245206861706,8748409.0
601369,20220629,9.9,9.68,9.69,9.91,-0.14000000000000057,-1.3930348258706537,10324212.0
601369,20220628,9.45,9.36,9.89,10.05,0.5,5.235602094240832,17163710.0
601369,20220627,9.36,9.33,9.45,9.55,0.10000000000000142,1.0582010582010692,8457700.0
601369,20220624,9.29,9.21,9.4,9.45,0.1899999999999995,2.0518358531317338,7233600.0
601369,20220623,9.03,8.93,9.25,9.26,-0.019999999999999574,-0.21551724137930384,6980232.0
601369,20220622,9.2,9.02,9.03,9.28,-0.27000000000000135,-2.8272251308900653,6000341.0
601369,20220621,9.27,9.12,9.25,9.55,0.11000000000000121,1.1652542372881491,8835529.0
601369,20220620,9.1,9.03,9.37,9.44,0.33999999999999986,3.736263736263745,10730222.0
601369,20220617,8.91,8.85,9.09,9.1,0.02999999999999936,0.330760749724357,6591765.0
601369,20220616,8.85,8.82,8.91,9.07,-0.20999999999999908,-2.2629310344827513,8630812.0
601369,20220615,9.14,9.01,9.16,9.28,0.08999999999999986,0.9793253536452662,10148306.0
601369,20220614,9.19,8.99,9.17,9.19,0.0,0.0,6805544.0
601369,20220613,9.04,9.0,9.16,9.19,0.08000000000000007,0.8781558726673966,7067401.0
601369,20220610,8.8,8.78,9.07,9.11,0.009999999999999787,0.1098901098901095,7237703.0
601369,20220609,8.91,8.82,8.9,9.1,0.11999999999999922,1.3363028953229383,8503688.0
601369,20220608,8.86,8.76,8.9,8.98,-0.08000000000000007,-0.8830022075055233,7889556.0
601369,20220607,8.99,8.78,8.96,9.06,-0.10999999999999943,-1.199563794983638,8730817.0
601369,20220606,8.82,8.82,9.01,9.17,0.33000000000000007,3.7330316742081537,12633334.0
601369,20220602,8.73,8.65,8.78,8.84,0.08999999999999986,1.0285714285714231,7780565.0
601369,20220601,8.72,8.56,8.72,8.75,-0.009999999999999787,-0.11415525114154557,7524250.0
601369,20220531,8.59,8.49,8.7,8.76,0.16000000000000014,1.8604651162790642,8970844.0
601369,20220530,8.49,8.4,8.55,8.6,-0.08000000000000007,-0.9216589861751112,9399987.0
601369,20220527,8.66,8.43,8.48,8.68,0.019999999999999574,0.2309468822170757,8460322.0
601369,20220526,8.3,8.26,8.63,8.66,0.3100000000000005,3.7125748502994105,11207467.0
601369,20220525,8.1,8.07,8.3,8.35,-0.20000000000000107,-2.3391812865497186,5576926.0
601369,20220524,8.55,8.09,8.11,8.55,0.11000000000000121,1.3033175355450455,8595532.0
601369,20220523,8.36,8.25,8.44,8.44,0.05999999999999872,0.7159904534606021,6040239.0
601369,20220520,8.18,8.15,8.34,8.38,0.22000000000000064,2.6960784313725616,8915642.0
601369,20220519,8.01,7.97,8.14,8.16,-0.08999999999999986,-1.0909090909090868,5961219.0
601369,20220518,8.19,8.11,8.12,8.25,-0.03999999999999915,-0.4825090470446214,5460900.0
601369,20220517,8.11,8.11,8.17,8.29,-0.14000000000000057,-1.6607354685646558,9272710.0
601369,20220516,8.1,8.08,8.14,8.43,0.1999999999999993,2.430133657351141,10121000.0
601369,20220513,8.22,8.05,8.1,8.23,0.019999999999999574,0.24360535931788885,10536049.0
601369,20220512,7.86,7.85,8.2,8.21,0.02000000000000135,0.24420024420026554,9621951.0
601369,20220511,8.05,7.93,7.93,8.19,0.08999999999999986,1.1111111111111072,10580740.0
601369,20220510,7.66,7.65,8.08,8.1,0.2599999999999998,3.316326530612246,9586370.0
601369,20220509,7.68,7.65,7.8,7.84,-0.0600000000000005,-0.75949367088608,4771277.0
601369,20220506,7.6,7.5,7.76,7.9,-0.009999999999999787,-0.12642225031604948,9981570.0
601369,20220505,7.65,7.57,7.79,7.91,0.2599999999999998,3.3986928104575043,10754801.0
601369,20220429,7.22,7.19,7.62,7.65,0.16000000000000014,2.1361815754339153,12150582.0
601369,20220428,7.1,7.08,7.16,7.49,0.5,7.153075822603716,15615160.0
601369,20220427,6.47,6.46,6.99,6.99,0.08000000000000007,1.1577424023154759,10867430.0
601369,20220426,6.78,6.51,6.56,6.91,-0.4900000000000002,-6.621621621621621,12919813.0
601369,20220425,7.37,6.69,6.72,7.4,-0.14999999999999947,-1.9867549668874052,16061469.0
601369,20220422,7.5,7.31,7.38,7.55,-0.40000000000000036,-5.031446540880502,13115476.0
601369,20220421,7.85,7.46,7.5,7.95,-0.14999999999999947,-1.851851851851849,12740258.0
601369,20220420,7.98,7.84,7.88,8.1,-0.14000000000000057,-1.6990291262136026,6883900.0
601369,20220419,8.0,7.94,7.98,8.24,0.1899999999999995,2.360248447204971,5851600.0
601369,20220418,7.97,7.75,7.99,8.05,-0.009999999999999787,-0.1240694789081842,5655100.0
601369,20220415,7.97,7.86,7.96,8.06,-0.03999999999999915,-0.49382716049382047,3972300.0
601369,20220414,8.1,7.94,7.96,8.1,-0.11000000000000121,-1.3398294762484886,5384415.0
601369,20220413,8.21,8.0,8.0,8.21,-0.11999999999999922,-1.4405762304921854,5053179.0
601369,20220412,8.24,8.01,8.28,8.33,-0.25,-2.9137529137529095,6042251.0
601369,20220411,8.58,8.23,8.28,8.58,-0.0600000000000005,-0.6944444444444531,6404079.0
601369,20220408,8.6,8.51,8.58,8.64,-0.1899999999999995,-2.1517553793884425,3545300.0
601369,20220407,8.78,8.58,8.6,8.83,-0.03999999999999915,-0.4509582863585049,6273600.0
601369,20220406,8.74,8.64,8.81,8.87,-0.030000000000001137,-0.3370786516854074,7342185.0
601369,20220401,8.58,8.58,8.77,8.9,0.0,0.0,6074300.0
601369,20220331,8.9,8.73,8.73,8.9,-0.009999999999999787,-0.11223344556677839,4857398.0
601369,20220330,8.81,8.8,8.88,8.91,-0.05000000000000071,-0.5580357142857206,3920936.0
601369,20220329,8.93,8.76,8.8,8.96,-0.03999999999999915,-0.4444444444444362,4686757.0
601369,20220328,8.87,8.74,8.9,9.0,-0.2699999999999996,-2.9126213592232997,4747826.0
601369,20220325,9.26,8.91,8.95,9.27,-0.08000000000000007,-0.8556149732620311,5751844.0
601369,20220324,9.23,9.17,9.24,9.35,-0.20000000000000107,-2.0942408376963484,6630589.0
601369,20220323,9.09,9.03,9.35,9.55,0.41000000000000014,4.48577680525164,10096095.0
601369,20220322,9.09,8.94,8.99,9.14,-0.019999999999999574,-0.21834061135370675,3809500.0
601369,20220321,9.11,8.91,9.07,9.16,0.040000000000000924,0.43859649122808264,4953623.0
601369,20220318,9.02,8.9,9.09,9.12,-0.16000000000000014,-1.7241379310344862,4638610.0
601369,20220317,9.01,9.01,9.04,9.28,0.3099999999999987,3.455964325529526,7354398.0
601369,20220316,8.73,8.43,8.95,8.97,-0.3199999999999985,-3.4445640473627415,8138732.0
601369,20220315,9.29,8.57,8.61,9.29,-0.28000000000000114,-2.925809822361558,10173946.0
601369,20220314,9.49,9.26,9.31,9.57,-0.2599999999999998,-2.64496439471007,6779766.0
601369,20220311,9.72,9.4,9.51,9.83,-0.6999999999999993,-6.647673314339975,9427604.0
601369,20220310,10.11,9.82,9.92,10.53,0.4900000000000002,4.880478087649398,10151451.0
601369,20220309,9.86,9.43,9.99,10.04,-0.08000000000000007,-0.7905138339920903,11152245.0
601369,20220308,9.93,9.54,9.75,10.12,0.009999999999999787,0.09891196834816984,10595587.0
601369,20220307,10.0,9.5,9.85,10.11,-0.2599999999999998,-2.507232401157178,9743188.0
601369,20220304,10.32,10.09,10.13,10.37,-0.34000000000000163,-3.1746031746031855,7195487.0
601369,20220303,10.46,10.35,10.44,10.71,0.0600000000000005,0.5633802816901401,9178941.0
601369,20220302,10.56,10.38,10.39,10.65,-0.4599999999999991,-4.140414041404128,8909200.0
601369,20220301,10.69,10.52,10.55,11.11,0.3099999999999987,2.8703703703703676,11820424.0
601369,20220228,10.68,10.5,10.64,10.8,0.10000000000000142,0.9345794392523477,5250724.0
601369,20220225,10.51,10.5,10.65,10.7,-0.20000000000000107,-1.8348623853211121,6106106.0
601369,20220224,10.86,10.21,10.42,10.9,-0.02999999999999936,-0.2744739249771255,8495214.0
601369,20220223,10.57,10.49,10.88,10.93,0.2400000000000002,2.2450888681010417,7493387.0
601369,20220222,10.65,10.45,10.49,10.69,0.0,0.0,4632200.0
601369,20220221,10.55,10.48,10.67,10.69,0.1399999999999988,1.3270142180094702,4720950.0
601369,20220218,10.52,10.37,10.54,10.55,-0.05999999999999872,-0.5655042412818001,4388342.0
601369,20220217,10.53,10.4,10.55,10.61,0.03999999999999915,0.37842951750235443,5953906.0
601369,20220216,10.35,10.29,10.42,10.57,0.22000000000000064,2.1256038647343045,4316600.0
601369,20220215,10.14,10.09,10.29,10.35,0.019999999999999574,0.1936108422071703,5196571.0
601369,20220214,10.24,10.02,10.1,10.33,-0.20999999999999908,-1.992409867172662,6313240.0
601369,20220211,10.54,10.21,10.31,10.54,-0.2400000000000002,-2.226345083487946,6019648.0
601369,20220210,10.78,10.5,10.57,10.78,-0.05000000000000071,-0.4616805170821858,5730414.0
601369,20220209,10.65,10.32,10.82,10.83,0.16999999999999993,1.5947467166979257,8751234.0
601369,20220208,10.54,10.35,10.65,10.66,0.07000000000000028,0.6610009442870712,8903258.0
601369,20220207,10.53,10.31,10.49,10.59,0.08999999999999986,0.8571428571428452,6645800.0
601369,20220128,10.12,9.96,10.32,10.5,-0.17999999999999972,-1.6853932584269593,9891750.0
601369,20220127,10.5,10.14,10.16,10.68,0.02999999999999936,0.28169014084507005,9782644.0
601369,20220126,10.44,10.37,10.48,10.65,-0.5299999999999994,-4.740608228980314,7954594.0
601369,20220125,10.84,10.45,10.49,11.18,0.20999999999999908,1.9143117593436454,9302641.0
601369,20220124,10.88,10.71,10.85,10.97,-0.14999999999999858,-1.3489208633093441,4820140.0
601369,20220121,11.01,10.82,10.89,11.12,-0.4800000000000004,-4.137931034482767,7761378.0
601369,20220120,11.57,10.87,10.93,11.6,-0.3200000000000003,-2.684563758389269,16220627.0
601369,20220119,11.7,11.5,11.54,11.92,-0.10999999999999943,-0.9143807148794592,5195991.0
601369,20220118,11.75,11.63,11.76,12.03,0.22999999999999865,1.9491525423728673,5963331.0
601369,20220117,11.47,11.43,11.75,11.8,0.1800000000000015,1.5490533562822817,5121035.0
601369,20220114,11.46,11.37,11.55,11.62,-0.27000000000000135,-2.270815811606408,5514369.0
601369,20220113,11.89,11.54,11.59,11.89,-0.03999999999999915,-0.3352891869237151,5821720.0
601369,20220112,11.7,11.65,11.84,11.93,-0.120000000000001,-0.9958506224066466,4882711.0
601369,20220111,11.89,11.68,11.7,12.05,-0.5499999999999989,-4.36507936507936,9973422.0
601369,20220110,12.6,11.74,11.8,12.6,-0.3000000000000007,-2.3255813953488413,17180999.0
601369,20220107,12.56,12.44,12.48,12.9,0.16000000000000014,1.2558869701726927,10157102.0
601369,20220106,12.47,12.17,12.55,12.74,-0.2699999999999996,-2.0753266717909225,7856600.0
601369,20220105,12.95,12.55,12.55,13.01,-0.13000000000000078,-0.9893455098934578,7405122.0
601369,20220104,12.99,12.64,12.97,13.14,0.0600000000000005,0.4587155963302836,9708421.0
601369,20211231,12.9,12.81,13.02,13.08,0.0,0.0,7449411.0
601369,20211230,13.04,12.68,12.83,13.08,-0.13000000000000078,-0.9841029523088629,10316100.0
601369,20211229,13.09,12.8,13.01,13.21,0.0,0.0,8765860.0
601369,20211228,13.01,12.83,13.0,13.21,-0.3199999999999985,-2.365114560236503,7972900.0
601369,20211227,13.53,12.92,12.97,13.53,-0.25,-1.8142235123367212,10650598.0
601369,20211224,13.2,13.12,13.46,13.78,0.4499999999999993,3.3758439609902435,16519066.0
601369,20211223,13.09,12.84,13.3,13.33,-0.09999999999999964,-0.7446016381235987,9046108.0
601369,20211222,12.6,12.55,13.1,13.43,0.7599999999999998,5.998421468034731,15832148.0
601369,20211221,12.45,12.38,12.48,12.67,-0.3200000000000003,-2.4634334103156297,7938528.0
601369,20211220,12.93,12.37,12.46,12.99,-0.41999999999999993,-3.1319910514541416,11848600.0
601369,20211217,13.31,12.91,12.96,13.41,-0.2699999999999996,-1.9736842105263164,9182490.0
601369,20211216,13.66,13.15,13.29,13.68,0.02999999999999936,0.219780219780219,14510892.0
601369,20211215,12.99,12.84,13.59,13.65,0.5500000000000007,4.198473282442761,25249356.0
601369,20211214,12.89,12.76,12.83,13.1,-0.21000000000000085,-1.577761081893314,10349500.0
601369,20211213,13.3,12.85,12.91,13.31,0.009999999999999787,0.07518796992480592,11158853.0
601369,20211210,12.86,12.84,13.2,13.3,-0.03999999999999915,-0.2998500749625155,7510318.0
601369,20211209,13.28,12.91,13.0,13.34,-0.019999999999999574,-0.14970059880239361,8926915.0
601369,20211208,13.03,12.94,13.28,13.36,0.019999999999999574,0.14992503748125774,11330516.0
601369,20211207,13.17,12.69,12.94,13.34,-0.7699999999999996,-5.457122608079379,14248000.0
601369,20211206,13.52,13.12,13.17,14.11,0.5199999999999996,3.8263428991905712,28554116.0
601369,20211203,13.45,13.2,13.53,13.59,-0.019999999999999574,-0.14695077149154967,9835907.0
601369,20211202,13.54,13.26,13.38,13.61,-0.08999999999999986,-0.6569343065693456,10924268.0
601369,20211201,13.52,13.37,13.62,13.7,-0.21000000000000085,-1.5097052480230078,9493969.0
601369,20211130,13.78,13.42,13.62,13.91,0.009999999999999787,0.07194244604316058,10756853.0
601369,20211129,13.78,13.52,13.77,13.9,-0.15000000000000036,-1.067615658362997,13302868.0
601369,20211126,14.04,13.76,13.97,14.05,-0.17999999999999972,-1.2649332396345692,10209647.0
601369,20211125,14.23,13.72,14.02,14.23,-0.5800000000000001,-3.9162727886563165,17529670.0
601369,20211124,14.76,14.16,14.24,14.81,-0.11999999999999922,-0.8037508372404467,22025550.0
601369,20211123,14.28,14.2,14.76,14.93,0.41000000000000014,2.8236914600551,26162121.0
601369,20211122,14.16,13.94,14.28,14.52,0.15000000000000036,1.0438413361169019,29324489.0
601369,20211119,13.81,13.55,14.14,14.37,0.6199999999999992,4.509090909090907,42062391.0
601369,20211118,12.5,12.49,13.75,13.75,1.0199999999999996,8.012568735271008,34347759.0
601369,20211117,12.01,11.9,12.5,12.73,0.5800000000000001,4.773662551440339,15195004.0
601369,20211116,11.54,11.5,12.02,12.15,0.47000000000000064,4.023972602739723,14961166.0
601369,20211115,11.65,11.37,11.55,11.68,0.009999999999999787,0.08568980291345785,8672246.0
601369,20211112,11.54,11.35,11.65,11.67,0.0600000000000005,0.5167958656330685,7228655.0
601369,20211111,11.49,11.35,11.54,11.61,-0.5400000000000009,-4.444444444444451,8725905.0
601369,20211110,12.07,11.27,11.49,12.15,-0.20999999999999908,-1.6990291262135804,19211990.0
601369,20211109,12.07,11.63,11.91,12.36,-0.23000000000000043,-1.8268467037331204,16247317.0
601369,20211108,12.3,11.87,11.96,12.59,-0.17999999999999972,-1.4095536413469056,17142352.0
601369,20211105,12.7,12.29,12.44,12.77,-0.019999999999999574,-0.15637216575449253,11305313.0
601369,20211104,12.37,12.22,12.71,12.79,0.3199999999999985,2.5661587810745567,11313787.0
601369,20211103,12.27,12.17,12.31,12.47,-0.25,-1.9654088050314433,6209726.0
601369,20211102,12.63,12.09,12.35,12.72,-0.019999999999999574,-0.15698587127158659,14928086.0
601369,20211101,12.25,12.1,12.6,12.74,0.3000000000000007,2.411575562700974,12822086.0
601369,20211029,12.09,11.86,12.26,12.44,0.03999999999999915,0.3225806451612856,9745211.0
601369,20211028,12.28,11.92,12.08,12.4,-0.1399999999999988,-1.1164274322168932,11858427.0
601369,20211027,12.3,12.03,12.33,12.54,0.06999999999999851,0.5613472333600544,13999524.0
601369,20211026,11.64,11.64,12.29,12.47,0.620000000000001,5.2320675105485215,20640476.0
601369,20211025,11.17,11.17,11.6,11.85,0.3200000000000003,2.7753686036426695,11259501.0
601369,20211022,11.43,11.2,11.26,11.53,-0.05000000000000071,-0.43177892918826455,6044188.0
601369,20211021,11.51,11.25,11.39,11.58,-0.07000000000000028,-0.6008583690987113,7803683.0
601369,20211020,11.32,11.2,11.56,11.65,-0.03999999999999915,-0.34217279726260763,14094809.0
601369,20211019,11.46,11.3,11.39,11.69,0.15000000000000036,1.299826689774708,6364065.0
601369,20211018,11.0,11.0,11.47,11.54,0.28999999999999915,2.5777777777777677,8853555.0
601369,20211015,11.25,10.97,11.09,11.25,-0.09999999999999964,-0.8810572687224627,5454617.0
601369,20211014,11.35,10.77,11.2,11.35,0.03999999999999915,0.35366931918654476,9014167.0
601369,20211013,10.91,10.78,11.21,11.31,-0.2599999999999998,-2.2471910112359494,12132635.0
601369,20211012,11.5,10.69,10.87,11.57,-0.29999999999999893,-2.5273799494523908,18086457.0
601369,20211011,11.8,11.47,11.51,11.87,-0.08000000000000007,-0.6694560669456062,9071522.0
601369,20211008,11.6,11.29,11.8,11.95,-0.010000000000001563,-0.08361204013379586,13390883.0
601369,20210930,11.7,11.4,11.57,11.96,-0.35999999999999943,-2.9220779220779147,12629048.0
601369,20210929,12.17,11.6,11.63,12.32,-0.33000000000000007,-2.608695652173909,16333314.0
601369,20210928,12.44,11.98,12.26,12.65,-1.1500000000000004,-8.333333333333337,19590901.0
601369,20210927,13.63,11.91,12.59,13.8,-0.02999999999999936,-0.2169197396963085,42105728.0
601369,20210924,13.5,13.2,13.23,13.83,-0.07000000000000028,-0.5035971223021574,16011888.0
601369,20210923,13.8,13.37,13.69,13.9,-0.03999999999999915,-0.2869440459110417,20457879.0
601369,20210922,12.68,12.68,13.79,13.94,0.8200000000000003,6.25,27686387.0
601369,20210917,12.44,12.17,13.0,13.12,-0.5,-3.6710719530102742,25839355.0
601369,20210916,13.6,12.45,12.62,13.62,-0.19000000000000128,-1.3758146270818394,40556006.0
601369,20210915,12.74,12.6,13.63,13.81,0.5400000000000009,4.0693293142426645,34519430.0
601369,20210914,12.44,12.25,12.89,13.27,0.35999999999999943,2.7885360185902375,30214076.0
601369,20210913,12.88,12.2,12.44,12.91,-0.4399999999999995,-3.2958801498127355,25503451.0
601369,20210910,12.57,12.43,12.88,13.35,0.8300000000000001,6.6293929712460065,33066206.0
601369,20210909,12.23,12.1,12.48,12.52,-0.15000000000000036,-1.1838989739542227,26562916.0
601369,20210908,12.58,12.01,12.2,12.67,-0.16999999999999993,-1.3239875389408073,47928943.0
601369,20210907,11.75,11.71,12.78,12.84,1.1600000000000001,9.931506849315074,60499094.0
601369,20210906,11.26,11.03,11.67,11.68,-0.3000000000000007,-2.5041736227045086,20101197.0
601369,20210903,11.8,11.26,11.33,11.98,-0.11999999999999922,-0.9917355371900749,22210178.0
601369,20210902,11.5,11.43,11.88,12.1,0.46999999999999886,4.041272570937227,26016297.0
601369,20210901,11.48,11.08,11.37,11.63,-0.5999999999999996,-4.905968928863446,19696885.0
601369,20210831,12.21,11.48,11.65,12.23,0.14000000000000057,1.1579818031431044,27740655.0
601369,20210830,11.39,11.36,11.98,12.09,0.17999999999999972,1.5113350125944613,37363876.0
601369,20210827,11.72,11.01,11.29,11.91,-0.16999999999999993,-1.407284768211925,32904419.0
601369,20210826,11.79,11.65,11.7,12.08,0.15000000000000036,1.257334450963965,16990409.0
601369,20210825,11.67,11.39,11.78,11.93,0.09999999999999964,0.8453085376162184,18836009.0
601369,20210824,11.83,11.46,11.66,11.83,0.09999999999999964,0.8525149190110826,15574281.0
601369,20210823,11.42,11.16,11.62,11.73,0.3800000000000008,3.3480176211453827,19356092.0
601369,20210820,11.11,11.06,11.26,11.35,-0.0600000000000005,-0.5258545135845782,13803150.0
601369,20210819,11.2,11.05,11.3,11.41,-0.03999999999999915,-0.349344978165933,15107027.0
601369,20210818,11.34,11.07,11.2,11.45,-0.3800000000000008,-3.2121724429416854,15397242.0
601369,20210817,11.74,11.08,11.18,11.83,-0.4800000000000004,-3.8992688870836734,28201185.0
601369,20210816,12.01,11.75,11.85,12.31,-0.08000000000000007,-0.6456820016142006,22347979.0
601369,20210813,12.29,11.87,11.89,12.39,-0.17999999999999972,-1.4319809069212375,35627523.0
601369,20210812,12.16,12.15,12.24,12.57,0.08000000000000007,0.6405124099279513,19788948.0
601369,20210811,12.15,12.0,12.29,12.49,-0.049999999999998934,-0.3987240829345984,23131747.0
601369,20210810,12.23,11.92,12.23,12.54,0.06999999999999851,0.5613472333600544,36595550.0
601369,20210809,12.0,11.8,12.24,12.47,0.7700000000000014,6.581196581196602,52300612.0
601369,20210806,11.23,11.15,11.6,11.7,0.02999999999999936,0.25706940874035134,39035075.0
601369,20210805,10.61,10.52,11.2,11.67,0.8499999999999996,7.8558225508317925,62035653.0
601369,20210804,10.21,10.2,10.61,10.82,0.2900000000000009,2.754036087369438,23908300.0
601369,20210803,10.3,10.19,10.28,10.53,-0.22000000000000064,-2.0465116279069773,21938220.0
601369,20210802,9.81,9.67,10.41,10.75,0.8499999999999996,8.585858585858585,41648254.0
601369,20210730,9.75,9.59,9.79,9.9,-0.049999999999998934,-0.5025125628140614,17395054.0
601369,20210729,9.29,9.27,9.78,9.95,0.6499999999999986,6.989247311827951,21826256.0
601369,20210728,9.13,8.7,9.22,9.3,-0.8999999999999986,-8.823529411764696,21563338.0
601369,20210727,10.2,9.26,9.3,10.2,0.06999999999999851,0.6910167818361179,33960883.0
601369,20210726,9.96,9.6,10.05,10.13,0.14000000000000057,1.4014014014014142,23459194.0
601369,20210723,9.89,9.75,9.9,9.99,-0.07000000000000028,-0.6958250497017926,14921999.0
601369,20210722,9.93,9.81,9.9,10.06,-0.019999999999999574,-0.1984126984126977,19095643.0
601369,20210721,9.54,9.51,9.92,10.08,0.40000000000000036,4.132231404958686,32063388.0
601369,20210720,9.0,8.92,9.58,9.68,0.5199999999999996,5.676855895196509,33758525.0
601369,20210719,8.99,8.9,9.04,9.16,-0.02999999999999936,-0.32644178454841466,22615109.0
601369,20210716,9.1,8.88,9.04,9.19,0.019999999999999574,0.21810250817884125,19932660.0
601369,20210715,8.88,8.77,9.06,9.17,0.16999999999999993,1.8888888888888955,31064837.0
601369,20210714,8.69,8.6,8.71,9.0,0.13000000000000078,1.4656144306651742,17502955.0
601369,20210713,8.56,8.5,8.74,8.87,0.20999999999999908,2.424942263279428,17475880.0
601369,20210712,8.58,8.42,8.56,8.66,0.120000000000001,1.4051522248243575,16932748.0
601369,20210709,7.96,7.95,8.53,8.54,0.4599999999999991,5.693069306930676,21229338.0
601369,20210708,8.08,7.93,7.99,8.08,-0.03999999999999915,-0.49261083743841194,7469950.0
601369,20210707,7.88,7.79,8.08,8.12,0.1899999999999995,2.395964691046659,10139487.0
601369,20210706,7.9,7.75,7.83,7.93,-0.03000000000000025,-0.37688442211055717,7532860.0
601369,20210705,7.88,7.82,7.89,7.96,-0.09000000000000075,-1.1180124223602594,6129753.0
601369,20210702,7.99,7.87,7.89,8.05,-0.08999999999999986,-1.1056511056511065,6024500.0
601369,20210701,8.14,7.95,7.95,8.14,-0.05999999999999872,-0.7317073170731603,8324780.0
601369,20210630,8.08,7.99,8.13,8.2,-0.16000000000000014,-1.9138755980861233,11193165.0
601369,20210629,8.13,8.07,8.1,8.36,0.16999999999999993,2.0757020757020683,11399945.0
601369,20210628,8.11,8.02,8.15,8.19,0.019999999999999574,0.244798041615657,7660348.0
601369,20210625,8.06,7.99,8.12,8.17,-0.019999999999999574,-0.24420024420024333,8475961.0
601369,20210624,8.19,7.89,8.05,8.19,-0.08999999999999986,-1.0869565217391242,13046079.0
601369,20210623,8.19,8.11,8.19,8.28,-0.08000000000000007,-0.9569377990430672,8155758.0
601369,20210622,8.28,8.13,8.22,8.36,0.009999999999999787,0.11976047904191933,9096498.0
601369,20210621,8.33,8.13,8.31,8.35,-0.009999999999999787,-0.11961722488037507,7441100.0
601369,20210618,8.17,8.1,8.27,8.36,0.11999999999999922,1.4563106796116498,8210628.0
601369,20210617,8.1,8.06,8.16,8.24,-0.03999999999999915,-0.48309178743960457,7539869.0
601369,20210616,8.18,8.05,8.14,8.28,-0.08999999999999986,-1.0752688172043001,10948627.0
601369,20210615,8.34,8.15,8.18,8.37,-0.2900000000000009,-3.34872979214782,16456155.0
601369,20210611,8.65,8.3,8.3,8.66,-0.5700000000000003,-6.175514626218859,19059827.0
601369,20210610,9.23,8.58,8.65,9.23,-0.2699999999999996,-2.8421052631578902,28109165.0
601369,20210609,9.18,9.11,9.45,9.5,-0.08999999999999986,-0.9384775808133461,20906105.0
601369,20210608,9.27,9.23,9.27,9.59,0.14000000000000057,1.4814814814814836,18853898.0
601369,20210607,9.05,9.02,9.37,9.45,0.33000000000000007,3.6184210526315708,23215156.0
601369,20210604,9.1,8.88,9.12,9.12,-0.27000000000000135,-2.8753993610223794,11615374.0
601369,20210603,9.26,8.99,9.0,9.39,0.0,0.0,19606107.0
601369,20210602,9.02,8.84,9.33,9.39,0.15000000000000036,1.6233766233766378,28482418.0
601369,20210601,9.11,8.88,8.96,9.24,0.08000000000000007,0.8733624454148492,18821991.0
601369,20210531,9.02,8.8,9.12,9.16,-0.03999999999999915,-0.43478260869563856,19951654.0
601369,20210528,9.05,8.95,9.05,9.2,0.08000000000000007,0.8771929824561431,15832051.0
601369,20210527,9.03,8.88,8.95,9.12,-0.120000000000001,-1.2987012987013102,15941351.0
601369,20210526,9.02,8.91,9.08,9.24,0.02999999999999936,0.32573289902280145,17720965.0
601369,20210525,9.12,8.85,9.05,9.21,-0.23999999999999844,-2.5396825396825196,21223327.0
601369,20210524,9.3,9.05,9.16,9.45,-0.120000000000001,-1.2539184952978122,24833495.0
601369,20210521,9.06,8.92,9.29,9.57,0.3200000000000003,3.4594594594594685,26582736.0
601369,20210520,8.9,8.88,9.01,9.25,0.15000000000000036,1.6483516483516425,23228100.0
601369,20210519,8.77,8.62,9.0,9.1,0.1399999999999988,1.5624999999999778,28473342.0
601369,20210518,8.57,8.55,8.79,8.96,0.09000000000000163,1.0146561443066693,26012217.0
601369,20210517,8.86,8.52,8.55,8.87,0.08000000000000007,0.9101251422070522,29329303.0
601369,20210514,8.1,8.05,8.79,8.79,0.4599999999999991,5.522208883553414,43817641.0
601369,20210513,8.17,7.99,7.99,8.33,-0.15000000000000036,-1.7688679245283057,15068509.0
601369,20210512,8.39,8.1,8.23,8.48,-0.05999999999999872,-0.7025761124121677,15861553.0
601369,20210511,8.25,8.21,8.44,8.54,0.1399999999999988,1.6666666666666607,14976873.0
601369,20210510,8.3,8.12,8.28,8.4,-0.049999999999998934,-0.5917159763313529,14543411.0
601369,20210507,8.02,8.0,8.29,8.45,0.1999999999999993,2.4242424242424176,19266648.0
601369,20210506,7.8,7.77,8.08,8.25,0.33000000000000007,4.166666666666674,20673799.0
601369,20210430,7.76,7.64,7.8,7.92,-0.020000000000000462,-0.25188916876575096,10151074.0
601369,20210429,7.88,7.7,7.78,7.94,-0.17999999999999883,-2.216748768472887,11237200.0
601369,20210428,7.85,7.76,7.93,8.12,0.129999999999999,1.6270337922402955,13847994.0
601369,20210427,7.9,7.6,7.77,7.99,-0.22000000000000064,-2.679658952496966,13671402.0
601369,20210426,8.06,7.9,7.9,8.21,0.13000000000000078,1.6089108910891214,15215032.0
601369,20210423,7.99,7.9,7.97,8.08,-0.11999999999999922,-1.4634146341463317,10602303.0
601369,20210422,8.13,7.95,7.96,8.2,-0.10000000000000142,-1.2048192771084487,13727097.0
601369,20210421,8.06,8.04,8.14,8.3,0.0,0.0,11116044.0
601369,20210420,8.22,8.12,8.15,8.3,-0.08999999999999986,-1.0727056019070313,15710938.0
601369,20210419,8.12,8.09,8.25,8.39,0.16000000000000014,1.9441069258809174,16456747.0
601369,20210416,8.08,7.97,8.14,8.23,-0.009999999999999787,-0.12135922330096527,14359107.0
601369,20210415,8.0,7.86,8.14,8.24,0.16000000000000014,1.980198019801982,14732464.0
601369,20210414,8.01,7.92,8.0,8.08,-0.16000000000000014,-1.9417475728155331,13606401.0
601369,20210413,8.1,7.85,8.0,8.24,-0.629999999999999,-7.102593010146552,21769969.0
601369,20210412,8.8,8.1,8.2,8.87,-0.3000000000000007,-3.271537622682663,29078092.0
601369,20210409,9.17,8.86,8.89,9.17,-0.08000000000000007,-0.8648648648648671,15796806.0
601369,20210408,9.08,8.74,9.19,9.25,0.03999999999999915,0.43431053203040193,25870617.0
601369,20210407,9.1,8.86,9.1,9.21,-0.22999999999999865,-2.4364406779660897,19469253.0
601369,20210406,8.92,8.85,9.11,9.44,0.28999999999999915,3.1693989071038153,31682807.0
601369,20210402,8.79,8.65,8.84,9.15,0.3000000000000007,3.3898305084745894,29116596.0
601369,20210401,8.75,8.55,8.72,8.85,-0.040000000000000924,-0.4499437570303799,13837293.0
601369,20210331,8.72,8.64,8.76,8.89,-0.08000000000000007,-0.8918617614269819,14277121.0
601369,20210330,8.95,8.64,8.73,8.97,-0.3199999999999985,-3.4445640473627415,28806571.0
601369,20210329,9.05,8.88,9.07,9.29,0.019999999999999574,0.21574973031284195,27682983.0
601369,20210326,9.12,9.01,9.04,9.27,-0.3200000000000003,-3.3368091762252416,28235165.0
601369,20210325,9.36,8.94,9.1,9.59,-0.6699999999999999,-6.530214424951264,38091062.0
601369,20210324,9.58,9.47,9.58,10.26,-0.41000000000000014,-3.842549203373946,54246004.0
601369,20210323,10.3,9.82,9.85,10.67,0.4399999999999995,4.3010752688172005,70107619.0
601369,20210322,10.1,9.45,10.23,10.23,0.9299999999999997,9.999999999999986,53032173.0
601369,20210319,8.42,8.42,9.3,9.3,0.5800000000000001,6.65137614678899,32951328.0
601369,20210318,8.67,8.43,8.45,8.72,-0.08999999999999986,-1.0215664018161208,20176375.0
601369,20210317,8.8,8.48,8.58,8.81,-0.28999999999999915,-3.1868131868131755,21656552.0
601369,20210316,8.82,8.44,8.94,9.1,-0.4800000000000004,-5.0104384133611735,29271341.0
601369,20210315,9.03,8.67,8.73,9.58,0.33999999999999986,3.6796536796536827,35850663.0
601369,20210312,8.76,8.74,8.92,9.24,0.4800000000000004,5.47945205479452,32050096.0
601369,20210311,8.09,8.03,8.62,8.76,0.20999999999999908,2.4561403508771784,23135781.0
601369,20210310,8.48,8.01,8.06,8.55,-0.41000000000000014,-4.57589285714286,25599635.0
601369,20210309,8.82,8.09,8.36,8.96,-0.4499999999999993,-4.782146652497332,26457045.0
601369,20210308,8.7,8.7,8.8,9.41,0.39000000000000057,4.32372505543237,32280737.0
601369,20210305,8.96,8.62,8.71,9.02,-0.3200000000000003,-3.426124197002145,30557506.0
601369,20210304,8.98,8.83,8.89,9.34,0.41000000000000014,4.591265397536404,52066634.0
601369,20210303,8.01,7.98,8.93,8.93,0.6500000000000004,7.8502415458937325,41910667.0
601369,20210302,8.09,7.77,8.12,8.28,0.4499999999999993,5.747126436781591,42132036.0
601369,20210301,7.13,7.1,7.83,7.83,0.5099999999999998,6.9672131147541005,26092114.0
601369,20210226,7.05,6.96,7.12,7.32,0.010000000000000675,0.1367989056087593,12891230.0
601369,20210225,7.27,7.06,7.15,7.31,-0.1200000000000001,-1.6150740242261152,10769976.0
601369,20210224,7.13,7.11,7.26,7.43,0.08999999999999986,1.2261580381471404,17060918.0
601369,20210223,7.2,7.13,7.15,7.34,-0.1900000000000004,-2.5232403718459584,15157279.0
601369,20210222,7.06,7.0,7.25,7.53,0.45999999999999996,6.506364922206509,29245128.0
601369,20210219,6.88,6.82,7.03,7.07,0.1200000000000001,1.726618705035965,20802857.0
601369,20210218,6.72,6.67,6.84,6.95,0.16000000000000014,2.356406480117812,17890259.0
601369,20210210,6.74,6.61,6.62,6.79,-0.13999999999999968,-2.020202020202011,20196026.0
601369,20210209,6.75,6.59,6.75,6.93,0.09999999999999964,1.4641288433382194,26231821.0
601369,20210208,6.76,6.46,6.63,6.83,-0.9500000000000002,-12.2107969151671,34337207.0
601369,20210205,7.73,6.95,6.95,7.78,-0.47999999999999954,-5.811138014527839,42378118.0
601369,20210204,8.26,7.66,7.72,8.26,-0.75,-8.324084350721417,31682832.0
601369,20210203,8.95,8.2,8.25,9.01,0.08999999999999986,1.0089686098654793,30034179.0
601369,20210202,8.64,8.47,8.88,8.92,0.0600000000000005,0.6772009029345494,26791041.0
601369,20210201,8.65,8.3,8.62,8.86,-0.27000000000000135,-2.95728368017526,24975250.0
601369,20210129,8.98,8.57,8.77,9.13,-0.1999999999999993,-2.143622722400851,22133475.0
601369,20210128,8.78,8.6,8.91,9.33,0.019999999999999574,0.21482277121374072,25151481.0
601369,20210127,9.15,8.74,8.9,9.31,-0.5299999999999994,-5.386178861788615,26742136.0
601369,20210126,9.8,9.04,9.1,9.84,-0.1999999999999993,-1.9920318725099584,33947660.0
601369,20210125,9.31,9.31,9.85,10.04,0.4399999999999995,4.583333333333339,32873537.0
601369,20210122,9.29,9.15,9.34,9.6,0.09999999999999964,1.0526315789473717,25387682.0
601369,20210121,8.58,8.58,9.38,9.5,0.6699999999999999,7.587768969422415,38565449.0
601369,20210120,8.78,8.58,8.69,8.83,-0.10999999999999943,-1.230425055928408,18415446.0
601369,20210119,8.77,8.47,8.82,8.94,-0.08999999999999986,-0.9966777408637828,28304362.0
601369,20210118,8.37,8.37,8.75,9.03,0.22999999999999865,2.61363636363634,39570268.0
601369,20210115,8.59,8.13,8.3,8.8,-0.27999999999999936,-3.083700440528625,34884136.0
601369,20210114,8.79,8.55,8.61,9.08,0.17999999999999972,2.0224719101123556,25377520.0
601369,20210113,8.56,8.32,8.8,8.9,0.0,0.0,38523886.0
601369,20210112,8.04,7.98,8.56,8.9,0.3000000000000007,3.488372093023262,45989335.0
601369,20210111,7.83,7.6,8.1,8.6,0.4800000000000004,5.911330049261099,44546299.0
601369,20210108,7.78,7.73,7.82,8.12,0.1899999999999995,2.395964691046659,37414653.0
601369,20210107,7.21,7.11,7.93,7.93,0.5,6.729475100942128,49783221.0
601369,20210106,7.3,7.15,7.21,7.43,0.04999999999999982,0.6775067750677488,11964957.0
601369,20210105,7.31,7.21,7.35,7.38,-0.16999999999999993,-2.251655629139071,11559088.0
601369,20210104,7.17,7.16,7.34,7.55,0.03000000000000025,0.3989361702127603,23292685.0
601369,20201231,7.04,6.99,7.18,7.52,0.33999999999999986,4.73537604456824,20962743.0
601369,20201230,7.06,6.97,7.04,7.18,-0.08999999999999986,-1.2379642365887178,9576183.0
601369,20201229,7.23,7.03,7.05,7.27,-0.07000000000000028,-0.95367847411445,7256930.0
601369,20201228,7.12,7.02,7.2,7.34,0.17999999999999972,2.5139664804469275,14311642.0
601369,20201225,6.89,6.83,7.08,7.16,0.10000000000000053,1.4164305949008638,10634478.0
601369,20201224,6.94,6.85,6.87,7.06,0.08999999999999986,1.2912482065997155,7707620.0
601369,20201223,6.6,6.58,6.95,6.97,0.21999999999999975,3.2592592592592506,9362350.0
601369,20201222,6.74,6.6,6.6,6.75,-0.03000000000000025,-0.4424778761061954,3716948.0
601369,20201221,6.64,6.64,6.74,6.78,0.08999999999999986,1.3452914798206317,3362865.0
601369,20201218,6.6,6.59,6.64,6.69,0.010000000000000675,0.14970059880241582,3189298.0
601369,20201217,6.57,6.52,6.61,6.68,0.04999999999999982,0.7541478129713397,3547924.0
601369,20201216,6.58,6.55,6.6,6.63,-0.0600000000000005,-0.8968609865470878,1747400.0
601369,20201215,6.68,6.54,6.58,6.69,0.0,0.0,3476534.0
601369,20201214,6.57,6.51,6.67,6.69,0.0,0.0,2522260.0
601369,20201211,6.65,6.5,6.56,6.69,-0.02999999999999936,-0.44642857142855874,3923205.0
601369,20201210,6.68,6.6,6.64,6.72,-0.20999999999999996,-3.0303030303030276,4346850.0
601369,20201209,6.93,6.7,6.72,6.93,-0.05000000000000071,-0.7163323782235054,4397701.0
601369,20201208,6.91,6.86,6.92,6.98,-0.0699999999999994,-0.99290780141843,3639166.0
601369,20201207,7.05,6.9,6.91,7.05,-0.020000000000000462,-0.28288543140029265,4452300.0
601369,20201204,7.03,6.93,7.04,7.07,-0.09999999999999964,-1.3947001394700065,4629183.0
601369,20201203,7.13,7.03,7.04,7.17,-0.04999999999999982,-0.6925207756232621,6013235.0
601369,20201202,7.22,7.1,7.15,7.22,-0.07000000000000028,-0.9602194787380003,6263946.0
601369,20201201,7.13,7.09,7.22,7.29,-0.040000000000000036,-0.545702592087316,11686845.0
601369,20201130,7.21,7.13,7.15,7.33,0.09999999999999964,1.3831258644536604,10180688.0
601369,20201127,6.85,6.82,7.22,7.23,0.25,3.5816618911174825,12060331.0
601369,20201126,6.94,6.83,6.87,6.98,-0.0699999999999994,-0.99290780141843,5254860.0
601369,20201125,6.91,6.91,6.93,7.05,0.009999999999999787,0.14204545454545858,5298807.0
601369,20201124,7.01,6.89,6.9,7.04,-0.019999999999999574,-0.28328611898016387,5281807.0
601369,20201123,6.96,6.93,7.0,7.06,0.009999999999999787,0.14184397163119478,4772463.0
601369,20201120,6.99,6.9,7.03,7.05,-0.1900000000000004,-2.6243093922652005,5512300.0
601369,20201119,7.04,6.96,7.01,7.24,0.040000000000000036,0.5555555555555536,7415269.0
601369,20201118,7.17,7.02,7.06,7.2,-0.0699999999999994,-0.9628610729023324,6818900.0
601369,20201117,7.18,7.12,7.14,7.27,0.02999999999999936,0.4143646408839796,6590376.0
601369,20201116,7.02,6.96,7.17,7.24,0.1800000000000006,2.5495750708215414,7946200.0
601369,20201113,6.98,6.85,7.0,7.06,0.009999999999999787,0.14184397163119478,6020705.0
601369,20201112,7.05,6.92,7.01,7.05,-0.07000000000000028,-0.98314606741573,4210030.0
601369,20201111,6.92,6.87,6.99,7.12,0.11000000000000032,1.5691868758915817,10322969.0
601369,20201110,6.89,6.83,6.92,7.01,0.02999999999999936,0.42979942693408546,7333270.0
601369,20201109,6.88,6.76,6.89,6.98,0.020000000000000462,0.287356321839094,10413701.0
601369,20201106,6.7,6.65,6.83,6.96,0.25,3.7257824143070106,9055348.0
601369,20201105,6.55,6.54,6.69,6.71,0.1200000000000001,1.8209408194233667,4544168.0
601369,20201104,6.53,6.48,6.52,6.59,0.03000000000000025,0.45731707317073766,2374804.0
601369,20201103,6.5,6.44,6.52,6.56,0.040000000000000036,0.6134969325153339,2613545.0
601369,20201102,6.42,6.39,6.5,6.52,-0.1900000000000004,-2.8315946348733245,3367636.0
601369,20201030,6.66,6.38,6.42,6.71,-0.03000000000000025,-0.4451038575667643,4816000.0
601369,20201029,6.73,6.62,6.69,6.74,-0.040000000000000036,-0.5899705014749235,4797210.0
601369,20201028,6.55,6.55,6.7,6.78,0.11000000000000032,1.6491754122938573,6218550.0
601369,20201027,6.63,6.53,6.57,6.67,0.040000000000000036,0.6033182503770718,2252100.0
601369,20201026,6.55,6.45,6.63,6.63,0.08000000000000007,1.2213740458015376,2740222.0
601369,20201023,6.49,6.48,6.53,6.55,0.019999999999999574,0.3062787136294043,1959067.0
601369,20201022,6.51,6.4,6.49,6.53,-0.04999999999999982,-0.7598784194528863,1815300.0
601369,20201021,6.57,6.47,6.48,6.58,-0.07000000000000028,-1.0526315789473717,2259733.0
601369,20201020,6.51,6.47,6.58,6.65,-0.009999999999999787,-0.15015015015015232,2068730.0
601369,20201019,6.61,6.48,6.52,6.66,0.020000000000000462,0.3012048192771122,3308484.0
601369,20201016,6.62,6.56,6.62,6.64,-0.0600000000000005,-0.8955223880597107,2016872.0
601369,20201015,6.68,6.59,6.6,6.7,-0.05999999999999961,-0.8875739644970349,2186100.0
601369,20201014,6.71,6.63,6.67,6.76,0.04999999999999982,0.7451564828613977,2494298.0
601369,20201013,6.7,6.63,6.71,6.71,-0.03000000000000025,-0.4451038575667643,2535691.0
601369,20201012,6.58,6.53,6.69,6.74,0.11000000000000032,1.6591251885369473,6018347.0
601369,20201009,6.29,6.29,6.57,6.63,0.3200000000000003,5.071315372424734,5651701.0
601369,20200930,6.31,6.22,6.22,6.31,-0.05000000000000071,-0.7861635220125951,1757600.0
601369,20200929,6.36,6.26,6.29,6.36,0.03000000000000025,0.4739336492890933,2357300.0
601369,20200928,6.31,6.27,6.3,6.33,-0.09999999999999964,-1.5552099533436947,1220943.0
601369,20200925,6.35,6.26,6.29,6.43,-0.07000000000000028,-1.0769230769230864,2570417.0
601369,20200924,6.49,6.3,6.37,6.5,-0.04999999999999982,-0.7633587786259555,4688000.0
601369,20200923,6.53,6.48,6.5,6.55,-0.040000000000000036,-0.6069802731411222,1568300.0
601369,20200922,6.57,6.48,6.5,6.59,-0.040000000000000036,-0.6033182503770718,2127655.0
601369,20200921,6.58,6.55,6.61,6.63,0.019999999999999574,0.302571860816947,2900438.0
601369,20200918,6.47,6.4,6.59,6.61,0.0600000000000005,0.9160305343511421,3446635.0
601369,20200917,6.55,6.4,6.43,6.55,-0.0600000000000005,-0.9077155824508409,4287400.0
601369,20200916,6.55,6.5,6.55,6.61,-0.04999999999999982,-0.7507507507507505,2326385.0
601369,20200915,6.66,6.5,6.55,6.66,-0.03000000000000025,-0.4484304932735439,3322600.0
601369,20200914,6.5,6.5,6.64,6.69,0.1800000000000006,2.764976958525356,4101946.0
601369,20200911,6.45,6.39,6.5,6.51,-0.1200000000000001,-1.8099547511312264,3968514.0
601369,20200910,6.54,6.36,6.39,6.63,-0.020000000000000462,-0.300751879699257,5653373.0
601369,20200909,6.63,6.52,6.54,6.65,-0.02999999999999936,-0.44910179640718084,5059209.0
601369,20200908,6.58,6.57,6.68,6.68,0.0,0.0,3408800.0
601369,20200907,6.6,6.56,6.58,6.68,-0.08000000000000007,-1.183431952662728,4778350.0
601369,20200904,6.76,6.57,6.61,6.76,-0.16000000000000014,-2.3121387283236983,7339148.0
601369,20200903,6.89,6.8,6.82,6.92,-0.009999999999999787,-0.1443001443001357,4104204.0
601369,20200902,6.83,6.81,6.89,6.93,0.04999999999999982,0.7267441860465018,4051970.0
601369,20200901,6.86,6.79,6.86,6.88,-0.009999999999999787,-0.14513788098693414,3824910.0
601369,20200831,6.83,6.79,6.86,6.89,-0.10000000000000053,-1.4306151645207543,7768573.0
601369,20200828,6.99,6.74,6.8,6.99,-0.05999999999999961,-0.8510638297872242,11546600.0
601369,20200827,6.9,6.86,7.05,7.05,-0.08999999999999986,-1.2605042016806678,4248800.0
601369,20200826,7.14,6.87,6.94,7.14,-0.11000000000000032,-1.5172413793103523,6468539.0
601369,20200825,7.21,7.1,7.13,7.25,-0.019999999999999574,-0.27510316368637433,4121750.0
601369,20200824,7.12,7.11,7.2,7.27,0.04999999999999982,0.6925207756232732,4281575.0
601369,20200821,7.17,7.08,7.12,7.22,-0.16000000000000014,-2.168021680216803,5430004.0
601369,20200820,7.38,7.08,7.11,7.38,-0.03000000000000025,-0.4048582995951455,7617659.0
601369,20200819,7.35,7.27,7.36,7.41,-0.07000000000000028,-0.9358288770053513,7027300.0
601369,20200818,7.37,7.31,7.35,7.48,0.020000000000000462,0.2680965147453085,6566757.0
601369,20200817,7.32,7.3,7.37,7.46,0.11000000000000032,1.4965986394557929,10920550.0
601369,20200814,7.33,7.21,7.33,7.35,-0.0600000000000005,-0.809716599190291,5112388.0
601369,20200813,7.29,7.24,7.27,7.41,0.0,0.0,6443831.0
601369,20200812,7.3,7.11,7.28,7.41,-0.1200000000000001,-1.5936254980079667,11172083.0
601369,20200811,7.41,7.29,7.3,7.53,0.04999999999999982,0.6684491978609541,12937055.0
601369,20200810,7.11,7.03,7.45,7.48,0.2400000000000002,3.314917127071837,20694803.0
601369,20200807,6.86,6.8,7.17,7.24,0.33999999999999986,4.9275362318840665,19260647.0
601369,20200806,6.86,6.75,6.86,6.9,0.010000000000000675,0.14513788098695635,5923811.0
601369,20200805,6.89,6.79,6.86,6.89,-0.14000000000000057,-1.9914651493598945,5850101.0
601369,20200804,7.01,6.84,6.89,7.03,0.040000000000000036,0.5722460658083017,7746552.0
601369,20200803,6.89,6.87,6.98,6.99,0.04999999999999982,0.7204610951008661,8338410.0
601369,20200731,6.81,6.73,6.86,6.94,-0.0699999999999994,-0.998573466476449,7859460.0
601369,20200730,7.01,6.84,6.88,7.01,0.0,0.0,6011500.0
601369,20200729,6.91,6.83,6.99,7.01,-0.03000000000000025,-0.42613636363636465,6278451.0
601369,20200728,6.93,6.86,6.91,7.04,0.08999999999999986,1.2949640287769792,4867514.0
601369,20200727,6.82,6.76,6.9,6.95,-0.1899999999999995,-2.6610644257702987,5652646.0
601369,20200724,7.05,6.78,6.84,7.14,-0.08000000000000007,-1.1080332409972304,9849542.0
601369,20200723,7.18,6.99,7.1,7.22,-0.11000000000000032,-1.5006821282401162,9976328.0
601369,20200722,7.23,7.16,7.18,7.33,0.0,0.0,9543502.0
601369,20200721,7.18,7.13,7.23,7.33,0.04999999999999982,0.6868131868131844,12109744.0
601369,20200720,6.72,6.66,7.27,7.28,0.5300000000000002,7.851851851851865,22586062.0
601369,20200717,6.66,6.57,6.62,6.75,-0.25,-3.57142857142857,5962601.0
601369,20200716,6.9,6.59,6.63,7.0,-0.09999999999999964,-1.4084507042253502,9237516.0
601369,20200715,6.92,6.86,6.9,7.1,0.0699999999999994,0.9957325746799306,11754093.0
601369,20200714,6.97,6.78,6.9,7.03,-0.019999999999999574,-0.28368794326240065,10488818.0
601369,20200713,6.7,6.7,7.0,7.05,0.13999999999999968,2.026049204052094,16017491.0
601369,20200710,6.75,6.69,6.71,6.91,0.11000000000000032,1.6176470588235237,13103297.0
601369,20200709,6.66,6.63,6.78,6.8,0.1299999999999999,1.9490254872563728,12709063.0
601369,20200708,6.59,6.56,6.66,6.67,-0.08000000000000007,-1.1851851851851891,11873355.0
601369,20200707,6.66,6.58,6.63,6.75,0.07000000000000028,1.0479041916167775,11308129.0
601369,20200706,6.49,6.49,6.63,6.68,0.1999999999999993,3.0864197530864113,13391257.0
601369,20200703,6.35,6.32,6.43,6.48,0.10000000000000053,1.5673981191222763,6384409.0
601369,20200702,6.29,6.25,6.36,6.38,0.03000000000000025,0.47244094488190225,6898693.0
601369,20200701,6.29,6.23,6.29,6.35,0.019999999999999574,0.3159557661927215,4051204.0
601369,20200630,6.21,6.21,6.29,6.33,0.08999999999999986,1.4423076923076872,5738829.0
601369,20200629,6.22,6.16,6.2,6.24,-0.02999999999999936,-0.4784688995215225,4789195.0
601369,20200624,6.21,6.18,6.24,6.27,-0.07000000000000028,-1.104100946372244,5575994.0
601369,20200623,6.24,6.21,6.25,6.34,0.05999999999999961,0.9554140127388422,5324300.0
601369,20200622,6.18,6.16,6.28,6.28,0.03000000000000025,0.48000000000001375,9348041.0
601369,20200619,6.19,6.14,6.18,6.25,-0.009999999999999787,-0.15974440894568342,4250960.0
601369,20200618,6.17,6.13,6.17,6.26,0.04999999999999982,0.8051529790660261,5661700.0
601369,20200617,6.07,6.03,6.19,6.21,0.1299999999999999,2.1381578947368363,9922129.0
601369,20200616,5.97,5.97,6.07,6.08,0.020000000000000462,0.33003300330034513,5323610.0
601369,20200615,5.94,5.91,5.98,6.06,0.09999999999999964,1.6778523489932917,5100980.0
601369,20200612,5.9,5.82,5.95,5.96,-0.08999999999999986,-1.4876033057851235,3335730.0
601369,20200611,6.04,5.94,5.94,6.05,-0.03000000000000025,-0.49342105263158187,3868550.0
601369,20200610,6.08,5.99,6.01,6.08,-0.07000000000000028,-1.1382113821138296,3888768.0
601369,20200609,6.05,6.04,6.09,6.15,0.11000000000000032,1.8211920529801473,3573837.0
601369,20200608,6.02,5.98,6.03,6.04,-0.04999999999999982,-0.8210180623973717,3534172.0
601369,20200605,6.06,5.99,6.01,6.09,-0.009999999999999787,-0.16393442622950616,3535400.0
601369,20200604,6.08,6.02,6.08,6.1,-0.05000000000000071,-0.8130081300813163,3445546.0
601369,20200603,6.13,6.04,6.06,6.15,-0.019999999999999574,-0.32414910858994395,5108100.0
601369,20200602,6.16,6.07,6.13,6.17,0.03000000000000025,0.48859934853420217,5940922.0
601369,20200601,6.04,5.99,6.14,6.14,0.10999999999999943,1.8242122719734466,8936985.0
601369,20200529,6.0,5.94,5.99,6.03,-0.2699999999999996,-4.285714285714281,4189400.0
601369,20200528,6.24,6.14,6.23,6.3,-0.07000000000000028,-1.098901098901106,6405728.0
601369,20200527,6.29,6.22,6.27,6.37,0.1200000000000001,1.9200000000000106,7261996.0
601369,20200526,6.22,6.17,6.22,6.25,-0.08999999999999986,-1.4195583596214534,5565333.0
601369,20200525,6.15,6.08,6.24,6.34,0.13999999999999968,2.2580645161290214,8431933.0
601369,20200522,6.17,6.05,6.09,6.2,-0.08999999999999986,-1.4308426073131986,5864100.0
601369,20200521,6.19,6.14,6.21,6.29,-0.009999999999999787,-0.15873015873015817,5605696.0
601369,20200520,6.23,6.17,6.19,6.3,-0.03000000000000025,-0.4739336492891044,7200234.0
601369,20200519,6.33,6.16,6.2,6.33,-0.03000000000000025,-0.4716981132075526,12777781.0
601369,20200518,5.97,5.96,6.29,6.36,0.41999999999999993,7.070707070707072,20814305.0
601369,20200515,5.88,5.88,5.89,5.94,-0.07999999999999918,-1.3289036544850363,2751400.0
601369,20200514,5.98,5.86,5.88,6.02,-0.07000000000000028,-1.1494252873563315,6669545.0
601369,20200513,6.05,6.0,6.06,6.09,-0.08000000000000007,-1.296596434359809,3799413.0
601369,20200512,6.08,6.01,6.06,6.17,-0.020000000000000462,-0.3231017770597866,6330700.0
601369,20200511,5.98,5.93,6.19,6.19,0.1900000000000004,3.166666666666673,9050252.0
601369,20200508,5.95,5.91,5.98,6.0,-0.040000000000000036,-0.6622516556291425,4715613.0
601369,20200507,6.01,5.93,5.95,6.04,-0.07000000000000028,-1.1456628477905073,5782288.0
601369,20200506,6.01,5.98,6.07,6.11,0.05000000000000071,0.8250825082508406,6144841.0
601369,20200430,5.96,5.95,6.0,6.06,0.0699999999999994,1.1686143572620988,4656633.0
601369,20200429,5.92,5.92,5.93,5.99,-0.10999999999999943,-1.8032786885245788,2391600.0
601369,20200428,6.1,5.85,5.95,6.1,0.019999999999999574,0.3289473684210398,4484815.0
601369,20200427,5.94,5.92,6.06,6.08,0.07000000000000028,1.1647254575707144,5027200.0
601369,20200424,5.95,5.88,5.91,6.01,-0.08999999999999986,-1.4754098360655665,3640701.0
601369,20200423,6.1,5.93,5.96,6.1,-0.020000000000000462,-0.326797385620925,6901301.0
601369,20200422,5.79,5.74,6.04,6.12,0.2999999999999998,5.154639175257736,9371631.0
601369,20200421,5.78,5.71,5.82,5.82,0.03000000000000025,0.5181347150259086,2889151.0
601369,20200420,5.73,5.71,5.79,5.79,0.020000000000000462,0.34662045060658286,2276795.0
601369,20200417,5.72,5.71,5.74,5.77,0.009999999999999787,0.17361111111111605,2820427.0
601369,20200416,5.7,5.7,5.72,5.76,-0.040000000000000036,-0.6896551724137945,2503200.0
601369,20200415,5.76,5.74,5.75,5.8,0.009999999999999787,0.17271157167528806,2320400.0
601369,20200414,5.72,5.71,5.77,5.79,-0.040000000000000036,-0.6861063464837058,3168710.0
601369,20200413,5.83,5.7,5.71,5.83,-0.08999999999999986,-1.520270270270263,3608456.0
601369,20200410,5.78,5.77,5.81,5.92,0.11000000000000032,1.8932874354561147,7129703.0
601369,20200409,5.79,5.75,5.77,5.81,0.02999999999999936,0.519031141868509,3644480.0
601369,20200408,5.75,5.71,5.78,5.78,0.03000000000000025,0.521739130434784,3719700.0
601369,20200407,5.71,5.7,5.75,5.75,0.08000000000000007,1.4109347442680775,4319479.0
601369,20200403,5.62,5.6,5.65,5.67,0.03000000000000025,0.5319148936170359,2602298.0
601369,20200402,5.57,5.51,5.63,5.64,0.0,0.0,1921200.0
601369,20200401,5.56,5.54,5.55,5.64,0.04999999999999982,0.8944543828264706,2389298.0
601369,20200331,5.55,5.52,5.57,5.59,-0.020000000000000462,-0.35650623885918886,2908231.0
601369,20200330,5.61,5.44,5.5,5.61,-0.09999999999999964,-1.7513134851138257,3875963.0
601369,20200327,5.67,5.6,5.61,5.71,0.009999999999999787,0.17543859649122862,3708307.0
601369,20200326,5.69,5.62,5.63,5.7,-0.040000000000000036,-0.6968641114982632,3175735.0
601369,20200325,5.72,5.69,5.74,5.74,0.04999999999999982,0.8787346221441172,4041993.0
601369,20200324,5.66,5.56,5.65,5.69,-0.10999999999999943,-1.8965517241379182,3780635.0
601369,20200323,5.8,5.55,5.58,5.8,-0.08000000000000007,-1.3605442176870763,7338584.0
601369,20200320,5.86,5.75,5.86,5.88,0.0,0.0,5108792.0
601369,20200319,5.79,5.71,5.82,5.88,-0.1299999999999999,-2.1630615640598982,5175540.0
601369,20200318,5.92,5.8,5.8,6.01,0.08999999999999986,1.520270270270263,7204569.0
601369,20200317,5.9,5.69,5.84,5.92,-0.11000000000000032,-1.8242122719734688,5726900.0
601369,20200316,6.01,5.8,5.82,6.03,0.04999999999999982,0.836120401337781,6304100.0
601369,20200313,5.78,5.73,5.96,5.98,-0.17999999999999972,-2.9220779220779147,7291338.0
601369,20200312,6.15,6.0,6.04,6.16,-0.1299999999999999,-2.0667726550079424,9273739.0
601369,20200311,6.17,6.16,6.19,6.29,0.08000000000000007,1.2882447665056418,8893209.0
601369,20200310,6.04,5.94,6.21,6.21,-0.03000000000000025,-0.48076923076924016,9610045.0
601369,20200309,6.15,6.06,6.07,6.24,-0.10999999999999943,-1.7322834645669194,11193859.0
601369,20200306,6.15,6.13,6.27,6.35,0.1299999999999999,2.0900321543408262,12987950.0
601369,20200305,6.16,6.12,6.21,6.22,0.1200000000000001,1.967213114754096,11090443.0
601369,20200304,6.01,5.97,6.1,6.1,-0.010000000000000675,-0.16366612111293755,7580771.0
601369,20200303,6.07,6.01,6.03,6.11,0.09000000000000075,1.4950166112956964,9181091.0
601369,20200302,5.85,5.85,6.01,6.02,-0.010000000000000675,-0.16583747927032544,7145999.0
601369,20200228,5.93,5.85,5.85,6.03,-0.08000000000000007,-1.3093289689034338,9183696.0
601369,20200227,6.05,6.02,6.07,6.11,0.0,0.0,7045397.0
601369,20200226,5.88,5.88,6.03,6.11,0.09000000000000075,1.4950166112956964,9733332.0
601369,20200225,5.96,5.82,5.97,6.02,-0.1200000000000001,-1.9543973941368087,11048769.0
601369,20200224,6.13,6.04,6.07,6.14,-0.08000000000000007,-1.2861736334405127,8811810.0
601369,20200221,6.15,6.11,6.15,6.22,0.05999999999999961,0.9740259740259605,7924633.0
601369,20200220,6.1,6.04,6.15,6.16,0.0600000000000005,0.9836065573770592,7729754.0
601369,20200219,6.06,6.02,6.1,6.1,-0.020000000000000462,-0.326797385620925,7839363.0
601369,20200218,6.07,6.0,6.06,6.12,0.040000000000000036,0.6578947368421018,6317328.0
601369,20200217,5.89,5.88,6.07,6.08,0.16000000000000014,2.7027027027026973,9139581.0
601369,20200214,5.87,5.82,5.89,5.92,-0.07000000000000028,-1.16861435726211,4267600.0
601369,20200213,5.99,5.85,5.87,5.99,-0.019999999999999574,-0.33277870216305017,6657900.0
601369,20200212,5.96,5.93,5.99,6.01,-0.04999999999999982,-0.8250825082508184,5724472.0
601369,20200211,6.05,5.93,5.96,6.06,-0.010000000000000675,-0.16474464579901982,7084342.0
601369,20200210,5.87,5.84,6.05,6.07,0.15000000000000036,2.533783783783794,7973737.0
601369,20200207,5.86,5.77,5.89,5.92,-0.009999999999999787,-0.1686340640809414,7149369.0
601369,20200206,5.84,5.76,5.9,5.93,-0.010000000000000675,-0.16835016835018424,6524865.0
601369,20200205,5.85,5.69,5.83,5.94,0.0600000000000005,1.0204081632653184,6446320.0
601369,20200204,5.7,5.7,5.8,5.88,0.019999999999999574,0.3412969283276279,7620891.0
601369,20200203,5.8,5.79,5.79,5.86,-0.8399999999999999,-12.537313432835816,5640300.0
601369,20200123,6.65,6.32,6.43,6.7,0.04999999999999982,0.7518796992481258,6931108.0
601369,20200122,6.6,6.55,6.65,6.65,-0.019999999999999574,-0.2998500749625155,4821691.0
601369,20200121,6.53,6.4,6.63,6.67,0.11000000000000032,1.67682926829269,7122188.0
601369,20200120,6.51,6.47,6.56,6.56,-0.03000000000000025,-0.4552352048558417,3233256.0
601369,20200117,6.57,6.5,6.51,6.59,-0.08999999999999986,-1.3473053892215536,4684123.0
601369,20200116,6.68,6.55,6.56,6.68,-0.05000000000000071,-0.7429420505200679,6184400.0
601369,20200115,6.69,6.64,6.66,6.73,-0.0699999999999994,-1.0294117647058787,3061845.0
601369,20200114,6.75,6.65,6.68,6.8,0.019999999999999574,0.2949852507374562,6081439.0
601369,20200113,6.78,6.66,6.75,6.78,-0.040000000000000036,-0.5865102639296182,3805393.0
601369,20200110,6.81,6.71,6.74,6.82,-0.009999999999999787,-0.14641288433381305,3593349.0
601369,20200109,6.7,6.66,6.81,6.83,0.07000000000000028,1.0355029585798814,6850658.0
601369,20200108,6.73,6.61,6.61,6.76,-0.03000000000000025,-0.44182621502208974,6169994.0
601369,20200107,6.67,6.65,6.78,6.79,0.08000000000000007,1.1922503725782407,6033829.0
601369,20200106,6.61,6.57,6.64,6.71,-0.040000000000000036,-0.592592592592589,5767200.0
601369,20200103,6.69,6.6,6.65,6.75,-0.03000000000000025,-0.4424778761061954,4977715.0
601369,20200102,6.65,6.65,6.69,6.78,0.1200000000000001,1.8018018018018056,5406222.0
601369,20191231,6.61,6.56,6.65,6.66,0.04999999999999982,0.7564296520423675,3725578.0
601369,20191230,6.46,6.42,6.61,6.61,0.040000000000000036,0.60882800608828,4300953.0
601369,20191227,6.55,6.48,6.48,6.57,0.03000000000000025,0.4587155963302836,3558206.0
601369,20191226,6.46,6.44,6.54,6.54,0.04999999999999982,0.7704160246533087,2808972.0
601369,20191225,6.48,6.42,6.46,6.49,-0.009999999999999787,-0.15384615384614886,2977750.0
601369,20191224,6.42,6.4,6.48,6.5,-0.11000000000000032,-1.6641452344931973,3307548.0
601369,20191223,6.58,6.42,6.42,6.61,-0.08000000000000007,-1.195814648729443,4358000.0
601369,20191220,6.62,6.54,6.57,6.69,0.03000000000000025,0.45045045045044585,5325394.0
601369,20191219,6.51,6.51,6.61,6.66,0.08000000000000007,1.2158054711246313,5001824.0
601369,20191218,6.58,6.51,6.51,6.58,-0.019999999999999574,-0.3030303030302939,4679081.0
601369,20191217,6.45,6.45,6.56,6.6,0.09999999999999964,1.538461538461533,5655097.0
601369,20191216,6.45,6.39,6.5,6.5,0.04999999999999982,0.7751937984496138,5617487.0
601369,20191213,6.36,6.34,6.45,6.45,0.08000000000000007,1.2558869701726927,3764419.0
601369,20191212,6.36,6.3,6.34,6.37,-0.05999999999999961,-0.9331259720062102,2688195.0
601369,20191211,6.4,6.32,6.34,6.43,-0.010000000000000675,-0.15527950310559868,3210772.0
601369,20191210,6.4,6.37,6.39,6.44,0.03000000000000025,0.46801872074884177,2453005.0
601369,20191209,6.38,6.36,6.4,6.41,0.03000000000000025,0.4702194357366851,2726337.0
601369,20191206,6.34,6.33,6.38,6.38,0.0,0.0,3933579.0
601369,20191205,6.26,6.26,6.34,6.38,0.08000000000000007,1.2698412698412653,3745280.0
601369,20191204,6.28,6.19,6.27,6.3,0.0,0.0,2217201.0
601369,20191203,6.25,6.22,6.3,6.3,-0.0600000000000005,-0.9433962264151052,1719200.0
601369,20191202,6.3,6.21,6.26,6.36,-0.04999999999999982,-0.7800312012480437,2864500.0
601369,20191129,6.4,6.26,6.3,6.41,-0.03000000000000025,-0.46583850931677384,3695700.0
601369,20191128,6.38,6.31,6.33,6.44,0.010000000000000675,0.15552099533437946,2342500.0
601369,20191127,6.38,6.33,6.38,6.43,0.04999999999999982,0.7836990595611271,3654975.0
601369,20191126,6.29,6.25,6.35,6.38,0.08999999999999986,1.4308426073131875,3079595.0
601369,20191125,6.28,6.16,6.26,6.29,-0.019999999999999574,-0.31695721077653616,2150039.0
601369,20191122,6.23,6.14,6.26,6.31,0.0699999999999994,1.1217948717948678,4520063.0
601369,20191121,6.2,6.18,6.22,6.24,-0.1899999999999995,-2.954898911353021,2643701.0
601369,20191120,6.39,6.24,6.24,6.43,-0.05000000000000071,-0.7716049382716195,6420307.0
601369,20191119,6.44,6.37,6.44,6.48,0.05000000000000071,0.7776049766718529,3050734.0
601369,20191118,6.26,6.22,6.43,6.43,0.0699999999999994,1.1006289308175932,3588300.0
601369,20191115,6.3,6.26,6.31,6.36,-0.040000000000000036,-0.6249999999999978,2709000.0
601369,20191114,6.37,6.2,6.34,6.4,0.010000000000000675,0.15649452269170805,3695000.0
601369,20191113,6.25,6.21,6.38,6.39,0.02999999999999936,0.4716981132075304,3780400.0
601369,20191112,6.36,6.17,6.32,6.36,-0.20999999999999996,-3.1963470319634646,2887399.0
601369,20191111,6.36,6.25,6.25,6.57,0.14000000000000057,2.1772939346812015,5919800.0
601369,20191108,6.4,6.3,6.31,6.43,0.02999999999999936,0.46874999999999556,2565450.0
601369,20191107,6.38,6.31,6.38,6.4,-0.0699999999999994,-1.081916537867067,2874755.0
601369,20191106,6.46,6.31,6.37,6.47,-0.010000000000000675,-0.15432098765433278,2774018.0
601369,20191105,6.47,6.4,6.44,6.48,-0.03999999999999915,-0.6134969325153228,3060112.0
601369,20191104,6.38,6.36,6.47,6.52,0.1299999999999999,2.0344287949921824,3959598.0
601369,20191101,6.28,6.26,6.37,6.39,-0.05000000000000071,-0.7763975155279601,4233797.0
601369,20191031,6.43,6.27,6.27,6.44,-0.07999999999999918,-1.2269938650306678,5427371.0
601369,20191030,6.52,6.4,6.41,6.52,-0.20000000000000018,-2.9761904761904767,4700536.0
601369,20191029,6.72,6.51,6.53,6.72,-0.08999999999999986,-1.3215859030836996,7545800.0
601369,20191028,6.65,6.6,6.81,6.81,0.13999999999999968,2.0989505247376306,4848529.0
601369,20191025,6.58,6.51,6.67,6.67,-0.04999999999999982,-0.7440476190476164,3358181.0
601369,20191024,6.72,6.55,6.62,6.72,-0.0600000000000005,-0.8849557522124019,4294812.0
601369,20191023,6.78,6.59,6.68,6.78,-0.09999999999999964,-1.4534883720930147,5613775.0
601369,20191022,6.66,6.63,6.73,6.88,0.03000000000000025,0.43795620437956373,6175210.0
601369,20191021,6.76,6.65,6.72,6.85,-0.25,-3.5211267605633756,6992079.0
601369,20191018,7.04,6.76,6.81,7.1,0.0,0.0,9562467.0
601369,20191017,7.05,7.0,7.05,7.1,-0.05000000000000071,-0.6993006993007089,4323270.0
601369,20191016,7.1,7.01,7.03,7.15,-0.11999999999999922,-1.6506189821182793,6972181.0
601369,20191015,7.18,7.04,7.12,7.27,-0.0600000000000005,-0.8185538881309795,6734191.0
601369,20191014,7.17,7.09,7.2,7.33,0.08000000000000007,1.1034482758620623,7890160.0
601369,20191011,7.02,6.96,7.14,7.25,0.1900000000000004,2.6912181303116123,10173765.0
601369,20191010,6.95,6.86,7.02,7.06,0.009999999999999787,0.14184397163119478,7432204.0
601369,20191009,6.86,6.76,6.99,7.05,-0.040000000000000036,-0.5641748942172065,10089575.0
601369,20191008,7.03,6.8,6.9,7.09,0.040000000000000036,0.5673758865248235,9966289.0
601369,20190930,6.76,6.71,7.0,7.05,0.13999999999999968,2.026049204052094,8237264.0
601369,20190927,6.77,6.71,6.8,6.91,-0.019999999999999574,-0.28860028860028253,5718754.0
601369,20190926,6.93,6.75,6.8,6.93,-0.03000000000000025,-0.4310344827586188,5567026.0
601369,20190925,6.77,6.7,6.85,6.96,0.1200000000000001,1.7543859649122862,10207250.0
601369,20190924,6.7,6.66,6.74,6.84,0.03000000000000025,0.4405286343612369,10633646.0
601369,20190923,6.49,6.46,6.75,6.81,0.22999999999999954,3.495440729483268,11065980.0
601369,20190920,6.58,6.43,6.49,6.58,0.03000000000000025,0.45801526717557106,4529037.0
601369,20190919,6.44,6.41,6.55,6.55,0.08000000000000007,1.2364760432766575,3125500.0
601369,20190918,6.42,6.4,6.42,6.47,-0.08999999999999986,-1.3719512195121908,2475481.0
601369,20190917,6.56,6.39,6.4,6.56,-0.09000000000000075,-1.3533834586466287,5461100.0
601369,20190916,6.63,6.5,6.55,6.65,0.03000000000000025,0.45317220543807935,4719040.0
601369,20190912,6.6,6.54,6.61,6.62,-0.019999999999999574,-0.3012048192771011,3250600.0
601369,20190911,6.58,6.56,6.6,6.64,0.009999999999999787,0.15082956259426794,3463600.0
601369,20190910,6.58,6.52,6.6,6.63,-0.009999999999999787,-0.1506024096385561,3275692.0
601369,20190909,6.57,6.53,6.57,6.64,0.04999999999999982,0.7587253414264028,4751972.0
601369,20190906,6.56,6.48,6.55,6.59,-0.03000000000000025,-0.45317220543806824,3781000.0
601369,20190905,6.52,6.52,6.56,6.62,0.08999999999999986,1.3782542113323082,6622868.0
601369,20190904,6.5,6.43,6.5,6.53,0.0,0.0,3119610.0
601369,20190903,6.48,6.45,6.51,6.53,0.0,0.0,2521804.0
601369,20190902,6.35,6.26,6.49,6.53,0.08999999999999986,1.3975155279503104,5310609.0
601369,20190830,6.43,6.26,6.3,6.44,-0.009999999999999787,-0.15503875968991832,3706250.0
601369,20190829,6.36,6.3,6.37,6.45,-0.22999999999999954,-3.4431137724550864,5700270.0
601369,20190828,6.5,6.37,6.4,6.68,0.5199999999999996,8.441558441558428,10760049.0
601369,20190827,6.03,6.01,6.16,6.16,0.1200000000000001,1.9867549668874274,2962284.0
601369,20190826,6.03,5.92,5.98,6.04,-0.1200000000000001,-1.9480519480519543,3622908.0
601369,20190823,6.13,6.06,6.13,6.16,-0.04999999999999982,-0.805152979066015,1996246.0
601369,20190822,6.2,6.08,6.11,6.21,0.009999999999999787,0.1612903225806317,2507429.0
601369,20190821,6.19,6.14,6.18,6.2,-0.03000000000000025,-0.48154093097914075,1296302.0
601369,20190820,6.21,6.16,6.17,6.23,-0.009999999999999787,-0.1602564102564097,2203695.0
601369,20190819,6.1,6.08,6.22,6.24,0.1299999999999999,2.127659574468077,3161816.0
601369,20190816,6.08,6.03,6.07,6.11,0.040000000000000036,0.6589785831960571,1514532.0
601369,20190815,6.0,5.97,6.05,6.07,-0.05999999999999961,-0.9787928221859588,1931771.0
601369,20190814,6.08,6.06,6.08,6.13,0.05999999999999961,0.9884678747940523,1435700.0
601369,20190813,6.07,5.97,6.01,6.07,-0.009999999999999787,-0.1644736842105199,1482172.0
601369,20190812,6.0,5.98,6.08,6.08,-0.04999999999999982,-0.815660685154973,1747985.0
601369,20190809,6.13,5.99,5.99,6.13,-0.020000000000000462,-0.3252032520325243,2022040.0
601369,20190808,6.15,6.03,6.09,6.15,0.0,0.0,2399501.0
601369,20190807,6.15,6.05,6.05,6.15,-0.10999999999999943,-1.757188498402551,1496600.0
601369,20190806,6.26,6.0,6.04,6.26,-0.040000000000000036,-0.6349206349206327,4164053.0
601369,20190805,6.23,6.18,6.22,6.3,-0.020000000000000462,-0.31645569620254443,3342222.0
601369,20190802,6.32,6.24,6.27,6.32,-0.1200000000000001,-1.8633540372670843,4594404.0
601369,20190801,6.37,6.26,6.38,6.44,-0.1299999999999999,-1.9786910197869045,4380111.0
601369,20190731,6.57,6.34,6.38,6.57,-0.040000000000000036,-0.605143721633894,6203832.0
601369,20190730,6.54,6.5,6.54,6.61,-0.05999999999999961,-0.8995502248875464,2979176.0
601369,20190729,6.66,6.51,6.55,6.67,0.0,0.0,2906000.0
601369,20190726,6.67,6.59,6.63,6.67,-0.009999999999999787,-0.14970059880239361,2622115.0
601369,20190725,6.67,6.57,6.63,6.68,0.0,0.0,3228100.0
601369,20190724,6.51,6.48,6.67,6.68,0.10999999999999943,1.6742770167427645,6396242.0
601369,20190723,6.57,6.4,6.47,6.57,-0.05999999999999961,-0.9049773755656076,3368800.0
601369,20190722,6.61,6.5,6.52,6.63,-0.03000000000000025,-0.45045045045045695,3437680.0
601369,20190719,6.58,6.54,6.6,6.66,0.040000000000000036,0.6042296072507503,4929629.0
601369,20190718,6.56,6.54,6.54,6.62,0.0,0.0,2010864.0
601369,20190717,6.61,6.54,6.58,6.62,0.009999999999999787,0.1512859304084735,3097950.0
601369,20190716,6.59,6.55,6.61,6.61,-0.009999999999999787,-0.151057401812682,2872019.0
601369,20190715,6.45,6.41,6.58,6.62,0.1299999999999999,2.003081664098616,4529542.0
601369,20190712,6.39,6.3,6.48,6.49,0.11000000000000032,1.7241379310344973,3421908.0
601369,20190711,6.34,6.22,6.34,6.38,-0.03000000000000025,-0.46801872074883066,2595601.0
601369,20190710,6.34,6.26,6.34,6.41,0.020000000000000462,0.3129890453834161,1649746.0
601369,20190709,6.39,6.26,6.34,6.39,-0.11000000000000032,-1.692307692307693,2224468.0
601369,20190708,6.5,6.27,6.29,6.5,-0.040000000000000036,-0.6116207951070374,3362460.0
601369,20190705,6.48,6.38,6.45,6.54,0.009999999999999787,0.15313935681469104,5411201.0
601369,20190704,6.5,6.43,6.44,6.53,-0.0699999999999994,-1.0606060606060508,2899927.0
601369,20190703,6.55,6.4,6.48,6.6,-0.1800000000000006,-2.6548672566371723,4931616.0
601369,20190702,6.73,6.65,6.69,6.78,0.0,0.0,3498700.0
601369,20190701,6.71,6.64,6.73,6.78,0.08999999999999986,1.3452914798206317,5870218.0
601369,20190628,6.69,6.47,6.63,6.69,-0.009999999999999787,-0.14925373134327957,3685652.0
601369,20190627,6.65,6.6,6.63,6.7,-0.05999999999999961,-0.8875739644970349,3106172.0
601369,20190626,6.65,6.55,6.58,6.76,0.08999999999999986,1.3493253373313419,4272446.0
601369,20190625,6.67,6.56,6.65,6.67,-0.04999999999999982,-0.7440476190476164,4337511.0
601369,20190624,6.63,6.56,6.68,6.72,0.08000000000000007,1.2048192771084265,4738180.0
601369,20190621,6.56,6.51,6.63,6.64,0.08999999999999986,1.3740458015267132,4302329.0
601369,20190620,6.43,6.43,6.53,6.55,0.019999999999999574,0.3062787136294043,4282570.0
601369,20190619,6.5,6.43,6.44,6.53,0.03000000000000025,0.4615384615384688,3669605.0
601369,20190618,6.5,6.36,6.39,6.5,-0.019999999999999574,-0.30674846625766694,2508929.0
601369,20190617,6.42,6.39,6.5,6.52,0.009999999999999787,0.1536098310291889,3104777.0
601369,20190614,6.44,6.35,6.41,6.51,-0.04999999999999982,-0.7621951219512146,3582548.0
601369,20190613,6.43,6.4,6.51,6.56,0.040000000000000036,0.6134969325153339,4131067.0
601369,20190612,6.21,6.18,6.46,6.52,0.28999999999999915,4.654895666131598,10325216.0
601369,20190611,6.07,6.04,6.23,6.23,0.1200000000000001,1.9639934533551617,3634779.0
601369,20190610,6.05,6.02,6.07,6.11,-0.08999999999999986,-1.4516129032258074,2887825.0
601369,20190606,6.06,5.98,6.06,6.2,-0.03000000000000025,-0.48154093097914075,3462123.0
601369,20190605,6.19,6.13,6.14,6.23,-0.02999999999999936,-0.4792332268370503,2195319.0
601369,20190604,6.24,6.12,6.16,6.26,-0.08999999999999986,-1.4173228346456623,2442253.0
601369,20190603,6.31,6.23,6.24,6.35,-0.020000000000000462,-0.31397174254317317,2132701.0
601369,20190531,6.34,6.27,6.3,6.37,0.0,0.0,2184200.0
601369,20190530,6.3,6.25,6.33,6.37,-0.04999999999999982,-0.7788161993769416,2384200.0
601369,20190529,6.22,6.2,6.33,6.42,0.08999999999999986,1.4218009478673022,5200317.0
601369,20190528,6.3,6.22,6.25,6.33,0.0,0.0,3255100.0
601369,20190527,6.19,6.17,6.29,6.33,0.11000000000000032,1.768488745980723,2795193.0
601369,20190524,6.19,6.12,6.18,6.22,-0.08000000000000007,-1.2698412698412764,1519000.0
601369,20190523,6.27,6.12,6.18,6.3,-0.08000000000000007,-1.2539184952978122,2979628.0
601369,20190522,6.37,6.25,6.3,6.38,0.0,0.0,2510205.0
601369,20190521,6.32,6.27,6.36,6.38,0.03000000000000025,0.47244094488190225,3396165.0
601369,20190520,6.06,6.06,6.33,6.35,0.04999999999999982,0.7936507936507908,7685250.0
601369,20190517,6.3,6.04,6.06,6.3,-0.009999999999999787,-0.15847860538826808,5271098.0
601369,20190516,6.28,6.23,6.29,6.31,0.009999999999999787,0.15873015873015817,3982668.0
601369,20190515,6.23,6.23,6.28,6.3,0.019999999999999574,0.31847133757960666,3902857.0
601369,20190514,6.23,6.12,6.23,6.28,-0.05999999999999961,-0.9463722397476282,4798980.0
601369,20190513,6.25,6.22,6.28,6.34,0.009999999999999787,0.15797788309637184,3667152.0
601369,20190510,6.28,6.11,6.31,6.33,-0.03000000000000025,-0.4716981132075526,6283923.0
601369,20190509,6.26,6.15,6.19,6.36,-0.019999999999999574,-0.31347962382444194,4889654.0
601369,20190508,6.03,6.03,6.25,6.38,0.08999999999999986,1.4308426073131875,7913000.0
601369,20190507,6.2,6.06,6.18,6.29,-0.17999999999999972,-2.782071097372485,6261933.0
601369,20190506,6.46,6.11,6.18,6.47,-0.2400000000000002,-3.576751117734722,9390297.0
601369,20190430,6.51,6.51,6.64,6.71,-0.1299999999999999,-1.900584795321636,5437000.0
601369,20190429,6.7,6.51,6.55,6.84,0.019999999999999574,0.2932551319648091,7756601.0
601369,20190426,6.77,6.5,6.72,6.82,-0.10999999999999943,-1.5873015873015817,9589855.0
601369,20190425,6.9,6.67,6.73,6.93,0.0,0.0,8623669.0
601369,20190424,6.83,6.78,6.92,6.93,-0.03000000000000025,-0.4310344827586188,4941125.0
601369,20190423,6.96,6.76,6.81,6.96,-0.29000000000000004,-4.0000000000000036,9530288.0
601369,20190422,7.22,6.9,6.94,7.25,-0.019999999999999574,-0.27510316368637433,11992307.0
601369,20190419,7.22,7.07,7.23,7.27,-0.17000000000000082,-2.284946236559149,7760040.0
601369,20190418,7.44,7.2,7.21,7.44,-0.009999999999999787,-0.13422818791946067,12396493.0
601369,20190417,7.24,7.18,7.45,7.45,0.1800000000000006,2.475928473177458,14927571.0
601369,20190416,7.09,6.95,7.25,7.27,-0.07000000000000028,-0.95367847411445,11507881.0
601369,20190415,7.22,7.11,7.11,7.34,0.10999999999999943,1.5214384508990264,12811700.0
601369,20190412,7.08,6.96,7.16,7.23,0.010000000000000675,0.13850415512466352,11425844.0
601369,20190411,7.09,7.05,7.09,7.22,0.02999999999999936,0.4172461752433909,11783364.0
601369,20190410,7.19,7.03,7.07,7.19,-0.040000000000000036,-0.5532503457814641,8507341.0
601369,20190409,7.2,7.06,7.17,7.23,-0.20999999999999996,-2.822580645161288,15100276.0
601369,20190408,7.02,6.9,7.26,7.44,0.29000000000000004,4.05594405594405,22865405.0
601369,20190404,6.98,6.98,7.01,7.15,0.15000000000000036,2.1428571428571574,12121193.0
601369,20190403,6.92,6.87,6.98,7.0,0.0,0.0,8132004.0
601369,20190402,6.94,6.84,6.91,7.0,0.03000000000000025,0.43041606886657924,9863799.0
601369,20190401,6.69,6.67,6.92,6.97,0.2699999999999996,4.029850746268648,13117832.0
601369,20190329,6.5,6.46,6.68,6.7,0.040000000000000036,0.6006006006006093,6010700.0
601369,20190328,6.64,6.47,6.47,6.66,-0.08999999999999986,-1.3333333333333308,5787688.0
601369,20190327,6.67,6.53,6.68,6.75,-0.1900000000000004,-2.737752161383289,5354568.0
601369,20190326,6.94,6.55,6.64,6.94,-0.11999999999999922,-1.6997167138810054,9504549.0
601369,20190325,6.79,6.72,6.9,7.06,0.0,0.0,9190200.0
601369,20190322,7.06,6.8,6.88,7.06,0.019999999999999574,0.28409090909089496,9478778.0
601369,20190321,6.8,6.8,7.02,7.04,0.07000000000000028,1.0043041606886627,12667878.0
601369,20190320,6.78,6.72,6.85,6.97,-0.010000000000000675,-0.14326647564470996,8632135.0
601369,20190319,6.89,6.75,6.85,6.98,0.15000000000000036,2.196193265007329,9074408.0
601369,20190318,6.69,6.6,6.83,6.83,0.16999999999999993,2.552552552552556,8934240.0
601369,20190315,6.54,6.52,6.61,6.66,-0.05999999999999961,-0.8928571428571397,4647798.0
601369,20190314,6.61,6.45,6.53,6.72,-0.07000000000000028,-1.0309278350515538,6760699.0
601369,20190313,6.79,6.62,6.63,6.79,-0.13999999999999968,-2.020202020202011,8998000.0
601369,20190312,6.88,6.71,6.79,6.93,0.08000000000000007,1.167883211678844,12420563.0
601369,20190311,6.64,6.6,6.84,6.85,-0.010000000000000675,-0.1457725947521915,8977427.0
601369,20190308,6.86,6.6,6.61,6.86,-0.15999999999999925,-2.2792022792022637,8781904.0
601369,20190307,6.99,6.8,6.9,7.02,0.04999999999999982,0.7173601147776099,10437223.0
601369,20190306,6.87,6.79,6.97,6.97,0.04999999999999982,0.7225433526011571,6139465.0
601369,20190305,6.71,6.69,6.85,6.92,0.09999999999999964,1.4662756598240456,7160481.0
601369,20190304,6.67,6.61,6.73,6.82,0.1800000000000006,2.7108433734939874,7929817.0
601369,20190301,6.6,6.48,6.62,6.64,-0.05000000000000071,-0.7473841554559102,4677510.0
601369,20190228,6.61,6.52,6.59,6.69,-0.02999999999999936,-0.44642857142855874,3839051.0
601369,20190227,6.62,6.51,6.64,6.72,-0.03000000000000025,-0.4444444444444473,6614294.0
601369,20190226,6.61,6.56,6.6,6.75,0.1299999999999999,1.9637462235649439,9429158.0
601369,20190225,6.43,6.42,6.6,6.62,0.20000000000000018,3.1152647975077885,8939232.0
601369,20190222,6.27,6.26,6.39,6.42,0.019999999999999574,0.31249999999998224,4284550.0
601369,20190221,6.31,6.26,6.27,6.4,0.020000000000000462,0.31347962382446415,3590467.0
601369,20190220,6.33,6.26,6.36,6.38,-0.020000000000000462,-0.31250000000000444,2667681.0
601369,20190219,6.4,6.26,6.33,6.4,0.0,0.0,3692238.0
601369,20190218,6.17,6.17,6.37,6.4,0.20000000000000018,3.2258064516129004,5372995.0
601369,20190215,6.18,6.09,6.14,6.2,-0.05999999999999961,-0.9584664536741117,3093836.0
601369,20190214,6.15,6.09,6.18,6.26,0.09999999999999964,1.6233766233766156,4780277.0
601369,20190213,6.1,6.03,6.13,6.16,0.0600000000000005,0.9836065573770592,3087581.0
601369,20190212,5.97,5.92,6.09,6.1,0.1299999999999999,2.1775544388609624,3760762.0
601369,20190211,5.83,5.78,5.96,5.97,0.14999999999999947,2.577319587628857,3603602.0
601369,20190201,5.73,5.71,5.78,5.82,-0.1200000000000001,-2.020202020202022,2675700.0
601369,20190131,5.93,5.65,5.68,5.94,-0.07999999999999918,-1.3289036544850363,6689726.0
601369,20190130,5.78,5.76,5.99,6.02,-0.010000000000000675,-0.16583747927032544,3880741.0
601369,20190129,5.99,5.72,5.77,6.03,-0.040000000000000036,-0.658978583196046,3752054.0
601369,20190128,6.05,5.97,5.99,6.07,0.020000000000000462,0.33057851239670644,2095710.0
601369,20190125,5.9,5.9,6.0,6.05,-0.009999999999999787,-0.16501650165016146,2106709.0
601369,20190124,5.89,5.89,6.03,6.06,0.040000000000000036,0.6644518272425293,2791698.0
601369,20190123,6.0,5.82,5.88,6.02,-0.10000000000000053,-1.6339869281045805,3335124.0
601369,20190122,6.07,5.99,6.06,6.12,-0.019999999999999574,-0.32573289902279035,4825938.0
601369,20190121,6.12,6.08,6.09,6.14,0.040000000000000036,0.6557377049180246,5902294.0
601369,20190118,6.03,6.0,6.08,6.1,-0.03000000000000025,-0.4893964110929905,2056155.0
601369,20190117,6.06,5.99,6.06,6.13,-0.009999999999999787,-0.16286644951140072,1627813.0
601369,20190116,6.13,6.06,6.1,6.14,-0.020000000000000462,-0.32467532467532756,1268501.0
601369,20190115,6.06,6.05,6.09,6.16,-0.07000000000000028,-1.1235955056179803,2647330.0
601369,20190114,6.16,6.03,6.1,6.23,0.020000000000000462,0.32206119162641045,3066255.0
601369,20190111,6.12,6.08,6.14,6.21,-0.04999999999999982,-0.7987220447284282,1970148.0
601369,20190110,6.17,6.1,6.11,6.26,0.04999999999999982,0.8051529790660261,2646304.0
601369,20190109,6.04,5.98,6.14,6.21,0.1299999999999999,2.1381578947368363,2923584.0
601369,20190108,6.08,5.99,6.02,6.08,0.020000000000000462,0.33003300330034513,2315300.0
601369,20190107,5.81,5.81,6.03,6.06,0.22999999999999954,3.9451114922812947,3804783.0
601369,20190104,5.67,5.61,5.8,5.83,-0.05999999999999961,-1.018675721561968,2605690.0
601369,20190103,5.84,5.64,5.66,5.89,-0.16000000000000014,-2.6446280991735516,3551266.0
601369,20190102,6.02,5.75,5.85,6.05,-0.04999999999999982,-0.8196721311475419,3624717.0
601369,20181228,6.0,5.71,6.05,6.1,-0.08000000000000007,-1.2944983818770184,4811829.0
601369,20181227,6.18,5.98,5.98,6.18,-0.08000000000000007,-1.2779552715655007,2636441.0
601369,20181226,6.26,6.0,6.1,6.26,-0.009999999999999787,-0.15948963317383713,4014131.0
601369,20181225,6.16,6.01,6.27,6.27,-0.020000000000000462,-0.31796502384738856,2423710.0
601369,20181224,6.29,6.1,6.18,6.29,0.16999999999999993,2.777777777777768,2358667.0
601369,20181221,6.09,6.01,6.08,6.12,-0.009999999999999787,-0.16313213703099683,2230531.0
601369,20181220,6.02,5.99,6.09,6.13,0.0,0.0,2737772.0
601369,20181219,6.12,6.01,6.08,6.13,-0.07000000000000028,-1.1290322580645218,2473175.0
601369,20181218,6.2,5.95,6.14,6.2,0.020000000000000462,0.3236245954692629,4543883.0
601369,20181217,6.1,6.08,6.13,6.18,-0.1900000000000004,-2.982731554160134,2491400.0
601369,20181214,6.36,6.14,6.23,6.37,-0.040000000000000036,-0.6240249609984372,3349042.0
601369,20181213,6.29,6.26,6.38,6.41,0.040000000000000036,0.6279434850863463,3576783.0
601369,20181212,6.36,6.2,6.23,6.37,-0.03000000000000025,-0.46875000000000666,3249670.0
601369,20181211,6.32,6.28,6.33,6.4,-0.019999999999999574,-0.31152647975076775,2755294.0
601369,20181210,6.42,6.23,6.26,6.42,-0.04999999999999982,-0.7727975270479082,3312955.0
601369,20181207,6.22,6.17,6.42,6.47,0.10999999999999943,1.729559748427656,6245864.0
601369,20181206,6.21,6.16,6.17,6.36,-0.02999999999999936,-0.46948356807510194,4727000.0
601369,20181205,6.37,6.24,6.38,6.39,-0.1900000000000004,-2.8875379939209744,4559410.0
601369,20181204,6.39,6.35,6.41,6.58,0.0,0.0,5806055.0
601369,20181203,6.58,6.34,6.45,6.58,0.1299999999999999,2.0155038759689825,8321574.0
601369,20181130,6.11,6.11,6.44,6.45,0.009999999999999787,0.15527950310558758,6978338.0
601369,20181129,6.41,6.12,6.13,6.44,-0.009999999999999787,-0.15503875968991832,3554641.0
601369,20181128,6.2,6.2,6.37,6.45,0.11000000000000032,1.7350157728706739,3707050.0
601369,20181127,6.21,6.14,6.2,6.34,0.03000000000000025,0.47543581616482644,4428000.0
601369,20181126,6.19,6.08,6.1,6.31,-0.23000000000000043,-3.5168195718654482,3171060.0
601369,20181123,6.36,6.11,6.19,6.54,-0.019999999999999574,-0.304878048780477,5710100.0
601369,20181122,6.51,6.4,6.4,6.56,0.05999999999999961,0.9230769230769154,2595598.0
601369,20181121,6.3,6.29,6.48,6.5,-0.03000000000000025,-0.45941807044410643,3756382.0
601369,20181120,6.53,6.28,6.33,6.53,-0.0699999999999994,-1.0606060606060508,3777750.0
601369,20181119,6.55,6.36,6.55,6.6,0.05999999999999961,0.917431192660545,5121713.0
601369,20181116,6.41,6.4,6.48,6.54,0.11000000000000032,1.7107309486780853,3372608.0
601369,20181115,6.26,6.22,6.41,6.43,0.019999999999999574,0.31201248049921304,3667519.0
601369,20181114,6.3,6.27,6.31,6.41,0.009999999999999787,0.15624999999999112,3648370.0
601369,20181113,6.19,6.12,6.3,6.4,0.1200000000000001,1.9108280254777066,5722349.0
601369,20181112,6.08,6.05,6.19,6.28,0.08000000000000007,1.2903225806451646,3862839.0
601369,20181109,6.16,6.06,6.14,6.2,0.009999999999999787,0.1615508885298933,2801200.0
601369,20181108,6.19,6.08,6.11,6.19,-0.05999999999999961,-0.9599999999999942,2520314.0
601369,20181107,6.17,6.08,6.09,6.25,0.08999999999999986,1.4610389610389518,4014759.0
601369,20181106,6.04,5.98,6.14,6.16,0.0600000000000005,0.9836065573770592,4389497.0
601369,20181105,5.99,5.92,6.01,6.1,0.08000000000000007,1.3289036544850585,6970400.0
601369,20181102,5.88,5.8,5.94,6.02,0.10999999999999943,1.8612521150592087,8267974.0
601369,20181101,5.55,5.55,5.79,5.91,0.28000000000000025,4.973357015985802,9606413.0
601369,20181031,5.61,5.51,5.52,5.63,0.009999999999999787,0.1779359430605032,3769200.0
601369,20181030,5.39,5.36,5.56,5.62,0.20000000000000018,3.690036900368998,6270710.0
601369,20181029,5.4,5.32,5.33,5.42,-0.03000000000000025,-0.5504587155963359,2098100.0
601369,20181026,5.32,5.32,5.42,5.45,0.15000000000000036,2.8301886792452935,3052198.0
601369,20181025,5.24,5.15,5.3,5.3,-0.1200000000000001,-2.2140221402214055,1627450.0
601369,20181024,5.3,5.28,5.34,5.42,0.03000000000000025,0.5565862708719838,2333200.0
601369,20181023,5.34,5.28,5.32,5.39,-0.03000000000000025,-0.5535055350553542,2765784.0
601369,20181022,5.21,5.15,5.35,5.42,0.2599999999999998,5.038759689922467,4241132.0
601369,20181019,5.01,4.95,5.16,5.16,-0.08000000000000007,-1.526717557251911,2583497.0
601369,20181018,5.24,5.01,5.03,5.24,-0.16000000000000014,-2.9629629629629672,2558359.0
601369,20181017,5.4,5.05,5.23,5.4,-0.040000000000000036,-0.7352941176470562,3337200.0
601369,20181016,5.26,5.25,5.3,5.44,0.040000000000000036,0.7407407407407307,3792631.0
601369,20181015,5.35,5.26,5.3,5.4,-0.0699999999999994,-1.279707495429605,3094269.0
601369,20181012,5.41,5.09,5.33,5.47,-0.5100000000000007,-8.528428093645491,5681074.0
601369,20181011,5.96,5.48,5.48,5.98,-0.16999999999999993,-2.764227642276418,7896044.0
601369,20181010,6.14,6.06,6.09,6.15,-0.02999999999999936,-0.4854368932038722,1683327.0
601369,20181009,6.14,6.09,6.12,6.18,-0.1800000000000006,-2.8301886792452935,1875990.0
601369,20181008,6.36,6.11,6.13,6.36,-0.040000000000000036,-0.6249999999999978,3100684.0
601369,20180928,6.38,6.33,6.37,6.4,0.010000000000000675,0.15649452269170805,1465238.0
601369,20180927,6.39,6.34,6.34,6.39,-0.03000000000000025,-0.4672897196261738,1699869.0
601369,20180926,6.41,6.36,6.39,6.42,0.009999999999999787,0.15600624024960652,2951653.0
601369,20180925,6.39,6.35,6.39,6.41,0.020000000000000462,0.3129890453834161,1975660.0
601369,20180921,6.3,6.29,6.39,6.39,0.019999999999999574,0.31397174254317317,3274527.0
601369,20180920,6.3,6.27,6.29,6.37,-0.009999999999999787,-0.15673981191222097,1494200.0
601369,20180919,6.31,6.27,6.35,6.38,0.07000000000000028,1.109350237717921,2241632.0
601369,20180918,6.21,6.16,6.3,6.31,0.0699999999999994,1.1217948717948678,1878052.0
601369,20180917,6.2,6.16,6.18,6.24,-0.040000000000000036,-0.6369426751592355,1724659.0
601369,20180914,6.24,6.21,6.24,6.28,0.0,0.0,1629704.0
601369,20180913,6.2,6.13,6.24,6.28,0.040000000000000036,0.6410256410256387,1925300.0
601369,20180912,6.16,6.1,6.18,6.24,0.020000000000000462,0.3215434083601254,2563700.0
601369,20180911,6.15,6.08,6.16,6.22,-0.04999999999999982,-0.797448165869219,2582767.0
601369,20180910,6.22,6.1,6.15,6.27,-0.13000000000000078,-2.0312500000000067,2914576.0
601369,20180907,6.32,6.19,6.22,6.4,-0.0699999999999994,-1.081916537867067,5068299.0
601369,20180906,6.34,6.27,6.29,6.47,-0.15000000000000036,-2.265861027190341,4172450.0
601369,20180905,6.58,6.38,6.38,6.62,0.03000000000000025,0.4552352048558417,3663935.0
601369,20180904,6.49,6.49,6.59,6.59,0.019999999999999574,0.3044140030441289,3074866.0
601369,20180903,6.57,6.44,6.49,6.57,-0.019999999999999574,-0.30349013657055,2485654.0
601369,20180831,6.53,6.48,6.54,6.59,-0.08999999999999986,-1.3473053892215536,2403702.0
601369,20180830,6.64,6.51,6.51,6.68,-0.07000000000000028,-1.0370370370370363,4138805.0
601369,20180829,6.7,6.63,6.65,6.75,-0.040000000000000036,-0.589101620029453,3491767.0
601369,20180828,6.67,6.57,6.7,6.79,0.1299999999999999,1.9519519519519468,5068349.0
601369,20180827,6.43,6.42,6.66,6.66,0.17999999999999972,2.777777777777768,4357155.0
601369,20180824,6.41,6.35,6.42,6.48,-0.13999999999999968,-2.114803625377637,2162036.0
601369,20180823,6.52,6.4,6.45,6.62,0.03000000000000025,0.4552352048558417,4324627.0
601369,20180822,6.49,6.44,6.56,6.59,0.1299999999999999,2.0123839009287936,3592389.0
601369,20180821,6.39,6.35,6.4,6.46,-0.009999999999999787,-0.1545595054095794,1989300.0
601369,20180820,6.42,6.15,6.4,6.47,-0.25,-3.720238095238093,3829974.0
601369,20180817,6.69,6.45,6.45,6.72,0.04999999999999982,0.7496251874062887,3272674.0
601369,20180816,6.51,6.45,6.62,6.67,-0.09999999999999964,-1.477104874446078,4103500.0
601369,20180815,6.76,6.55,6.61,6.77,0.009999999999999787,0.14792899408284654,7045804.0
601369,20180814,6.49,6.43,6.75,6.76,0.2699999999999996,4.160246533127876,8588466.0
601369,20180813,6.39,6.37,6.48,6.49,-0.019999999999999574,-0.3072196620583667,2384326.0
601369,20180810,6.45,6.38,6.46,6.51,0.0,0.0,2535177.0
601369,20180809,6.3,6.26,6.47,6.51,0.1299999999999999,2.0376175548589393,3772489.0
601369,20180808,6.26,6.21,6.3,6.38,0.13999999999999968,2.2435897435897356,3594755.0
601369,20180807,6.14,6.03,6.24,6.24,-0.08000000000000007,-1.2658227848101222,3677182.0
601369,20180806,6.25,6.03,6.08,6.32,-0.08000000000000007,-1.2499999999999956,4166163.0
601369,20180803,6.4,6.21,6.26,6.4,0.0,0.0,2848450.0
601369,20180802,6.34,6.24,6.34,6.4,-0.25,-3.759398496240607,4172130.0
601369,20180801,6.56,6.38,6.43,6.65,0.0,0.0,3946664.0
601369,20180731,6.48,6.44,6.56,6.65,0.10000000000000053,1.526717557251911,5128703.0
601369,20180730,6.55,6.3,6.44,6.55,-0.040000000000000036,-0.6069802731411222,4320626.0
601369,20180727,6.5,6.43,6.52,6.59,0.03000000000000025,0.45731707317073766,3794196.0
601369,20180726,6.46,6.45,6.49,6.56,0.040000000000000036,0.6134969325153339,3421600.0
601369,20180725,6.5,6.43,6.47,6.52,0.0,0.0,2978700.0
601369,20180724,6.34,6.34,6.47,6.52,0.1299999999999999,2.0344287949921824,5312292.0
601369,20180723,6.2,6.19,6.34,6.39,0.16999999999999993,2.7331189710610992,3834019.0
601369,20180720,6.13,6.09,6.21,6.22,-0.010000000000000675,-0.16051364365972098,3457206.0
601369,20180719,6.2,6.09,6.13,6.23,-0.019999999999999574,-0.31999999999999806,2410366.0
601369,20180718,6.25,6.15,6.19,6.25,0.040000000000000036,0.6441223832528209,3045436.0
601369,20180717,6.14,6.09,6.18,6.21,0.019999999999999574,0.3231017770597644,2246207.0
601369,20180716,6.12,6.08,6.14,6.19,0.040000000000000036,0.6504065040650486,2738220.0
601369,20180713,6.1,6.06,6.09,6.15,0.020000000000000462,0.32626427406199365,2167010.0
601369,20180712,6.0,5.95,6.07,6.13,-0.009999999999999787,-0.16286644951140072,4941973.0
601369,20180711,6.14,5.87,5.95,6.14,-0.07000000000000028,-1.1272141706924366,6403447.0
601369,20180710,6.18,6.09,6.19,6.21,0.0,0.0,4187753.0
601369,20180709,6.14,6.13,6.18,6.21,-0.07000000000000028,-1.1146496815286677,7236400.0
601369,20180706,6.12,6.06,6.14,6.28,-0.08000000000000007,-1.2578616352201255,2772500.0
601369,20180705,6.31,6.08,6.09,6.36,-0.15999999999999925,-2.4539877300613355,2596238.0
601369,20180704,6.46,6.27,6.34,6.52,0.04999999999999982,0.7727975270479082,3232600.0
601369,20180703,6.35,6.31,6.46,6.47,-0.020000000000000462,-0.30816640986133237,2793082.0
601369,20180702,6.4,6.29,6.35,6.49,0.07000000000000028,1.0903426791277315,2861087.0
601369,20180629,6.29,6.27,6.4,6.42,0.04999999999999982,0.7849293563579218,2842588.0
601369,20180628,6.23,6.19,6.25,6.37,0.0600000000000005,0.9508716323296529,2390979.0
601369,20180627,6.25,6.21,6.22,6.31,0.04999999999999982,0.7987220447284393,2735951.0
601369,20180626,6.18,6.05,6.23,6.26,-0.1900000000000004,-2.945736434108537,3641668.0
601369,20180625,6.43,6.32,6.39,6.45,0.03000000000000025,0.4672897196261738,3479688.0
601369,20180622,6.19,6.18,6.35,6.42,-0.040000000000000036,-0.6191950464396245,4253525.0
601369,20180621,6.44,6.18,6.28,6.46,0.0,0.0,3892079.0
601369,20180620,6.24,6.11,6.38,6.46,-0.46999999999999975,-6.782106782106778,4559199.0
601369,20180619,6.91,6.26,6.27,6.93,-0.0600000000000005,-0.8583690987124526,8373735.0
601369,20180615,6.83,6.78,6.96,6.99,0.15000000000000036,2.1929824561403466,6592101.0
601369,20180614,6.7,6.65,6.81,6.84,0.009999999999999787,0.14641288433381305,3077094.0
601369,20180613,6.8,6.72,6.72,6.83,-0.009999999999999787,-0.14619883040934978,2925164.0
601369,20180612,6.81,6.71,6.82,6.84,0.040000000000000036,0.588235294117645,3827954.0
601369,20180611,6.73,6.66,6.8,6.8,-0.08999999999999986,-1.3062409288824406,2980519.0
601369,20180608,6.89,6.69,6.73,6.89,-0.1299999999999999,-1.851851851851849,4599651.0
601369,20180607,7.02,6.86,6.89,7.02,0.009999999999999787,0.14265335235377208,3153000.0
601369,20180606,7.01,6.95,6.99,7.01,-0.020000000000000462,-0.2844950213371278,2605518.0
601369,20180605,6.9,6.9,7.01,7.03,0.04999999999999982,0.7163323782234832,3514152.0
601369,20180604,6.88,6.85,6.92,6.98,0.09000000000000075,1.3062409288824517,3079924.0
601369,20180601,6.84,6.79,6.84,6.89,-0.03000000000000025,-0.43352601156069204,3173400.0
601369,20180531,6.81,6.81,6.89,6.92,-0.09999999999999964,-1.4245014245014231,4052618.0
601369,20180530,7.02,6.76,6.79,7.02,-0.33000000000000007,-4.489795918367346,8024133.0
601369,20180529,7.3,6.98,7.02,7.35,-0.10000000000000053,-1.34228187919464,11542610.0
601369,20180528,7.4,7.27,7.33,7.45,-0.08000000000000007,-1.0624169986719778,5610462.0
601369,20180525,7.42,7.35,7.45,7.53,-0.05999999999999961,-0.7905138339920903,4820173.0
601369,20180524,7.53,7.41,7.44,7.59,-0.10000000000000053,-1.3003901170351218,5289300.0
601369,20180523,7.64,7.51,7.53,7.69,-0.02999999999999936,-0.38860103626942033,5802338.0
601369,20180522,7.65,7.61,7.67,7.72,0.009999999999999787,0.12970168612191912,6407402.0
601369,20180521,7.52,7.5,7.65,7.71,0.16999999999999993,2.2546419098143256,10913862.0
601369,20180518,7.5,7.36,7.47,7.54,0.03000000000000025,0.3994673768308976,5993349.0
601369,20180517,7.36,7.34,7.5,7.51,0.04999999999999982,0.6702412868632601,6219265.0
601369,20180516,7.42,7.32,7.34,7.46,0.019999999999999574,0.26881720430107503,5491177.0
601369,20180515,7.36,7.32,7.43,7.44,-0.019999999999999574,-0.2680965147452974,5761303.0
601369,20180514,7.36,7.29,7.35,7.46,-0.13999999999999968,-1.8421052631578894,5721247.0
601369,20180511,7.6,7.35,7.36,7.6,-0.020000000000000462,-0.2624671916010568,10340019.0
601369,20180510,7.58,7.49,7.58,7.62,-0.03000000000000025,-0.39215686274509665,6909644.0
601369,20180509,7.62,7.51,7.6,7.65,0.020000000000000462,0.2621231979030192,7093347.0
601369,20180508,7.5,7.46,7.62,7.63,0.09999999999999964,1.3280212483399723,10614643.0
601369,20180507,7.42,7.36,7.48,7.53,-0.009999999999999787,-0.13262599469495706,11351115.0
601369,20180504,7.5,7.37,7.38,7.54,0.0,0.0,10460265.0
601369,20180503,7.47,7.31,7.5,7.54,-0.3600000000000003,-4.556962025316458,12983729.0
601369,20180502,7.87,7.35,7.41,7.9,-0.08000000000000007,-1.0025062656641603,19017100.0
601369,20180427,7.92,7.62,7.86,7.98,-0.4399999999999995,-5.2256532066508266,9951790.0
601369,20180426,8.38,7.81,7.89,8.42,-0.16000000000000014,-1.8648018648018683,18478845.0
601369,20180425,8.36,8.31,8.42,8.58,0.040000000000000924,0.4683840749414525,5515591.0
601369,20180424,8.47,8.34,8.4,8.54,0.06999999999999851,0.8264462809917106,9530809.0
601369,20180423,8.3,8.21,8.45,8.47,-0.41000000000000014,-4.61711711711712,10211582.0
601369,20180420,8.81,8.26,8.29,8.88,-0.17999999999999972,-1.9867549668874163,18912127.0
601369,20180419,8.68,8.64,8.86,9.06,0.17999999999999972,2.0270270270270174,16604785.0
601369,20180418,8.72,8.46,8.75,8.88,-0.21999999999999886,-2.417582417582409,16324918.0
601369,20180417,8.8,8.68,8.73,9.1,-0.019999999999999574,-0.21929824561403022,18622241.0
601369,20180416,8.91,8.7,8.86,9.12,0.14999999999999858,1.672240802675562,18762192.0
601369,20180413,8.58,8.51,8.84,8.97,0.3600000000000012,4.181184668989557,19466466.0
601369,20180412,8.55,8.42,8.58,8.61,-0.08000000000000007,-0.9205983889528202,8365528.0
601369,20180411,8.64,8.48,8.59,8.69,0.0,0.0,10037518.0
601369,20180410,8.5,8.29,8.59,8.69,0.049999999999998934,0.578703703703698,12225114.0
601369,20180409,8.49,8.34,8.53,8.64,-0.08000000000000007,-0.9174311926605561,9586962.0
601369,20180404,8.55,8.43,8.54,8.72,0.0600000000000005,0.6928406466512715,12278258.0
601369,20180403,8.38,8.33,8.54,8.66,0.0600000000000005,0.6976744186046657,18415807.0
601369,20180402,7.87,7.85,8.51,8.6,0.5700000000000003,7.098381070983817,31295909.0
601369,20180330,7.92,7.77,7.82,8.03,-0.0600000000000005,-0.7416563658838138,15678770.0
601369,20180329,7.88,7.86,8.02,8.09,0.20000000000000018,2.5348542458808687,11068453.0
601369,20180328,7.75,7.72,7.88,7.89,0.040000000000000036,0.5095541401273884,8386191.0
601369,20180327,7.65,7.63,7.85,7.85,0.25,3.289473684210531,9449024.0
601369,20180326,7.25,7.19,7.59,7.6,-0.13000000000000078,-1.6817593790427021,8166891.0
601369,20180323,7.7,7.35,7.36,7.73,-0.16999999999999993,-2.1518987341772156,11165026.0
601369,20180322,7.75,7.66,7.84,7.9,-0.11999999999999922,-1.4962593516209433,7343799.0
601369,20180321,7.83,7.75,7.75,8.02,0.16999999999999993,2.165605095541401,12408593.0
601369,20180320,7.59,7.53,7.82,7.85,0.0,0.0,9111891.0
601369,20180319,7.67,7.56,7.62,7.85,0.0,0.0,10668082.0
601369,20180316,7.85,7.6,7.62,7.85,-0.020000000000000462,-0.2541296060991183,5094877.0
601369,20180315,7.72,7.65,7.81,7.87,-0.07000000000000028,-0.8816120906801062,6404570.0
601369,20180314,7.84,7.75,7.78,7.94,-0.0699999999999994,-0.8739076154806402,5977855.0
601369,20180313,7.86,7.67,7.83,8.01,0.02999999999999936,0.3759398496240518,11319290.0
601369,20180312,7.77,7.73,7.86,7.98,0.1200000000000001,1.526717557251911,12097787.0
601369,20180309,7.4,7.35,7.8,7.86,0.3799999999999999,5.080213903743314,12822570.0
601369,20180308,6.99,6.98,7.46,7.48,0.39000000000000057,5.500705218617785,14338964.0
601369,20180307,7.06,6.98,7.0,7.09,-0.04999999999999982,-0.7002801120448154,6888877.0
601369,20180306,6.78,6.78,7.09,7.14,0.2699999999999996,3.9301310043668103,14246049.0
601369,20180305,6.85,6.71,6.77,6.87,-0.17999999999999972,-2.5531914893616947,11505761.0
601369,20180302,6.85,6.84,6.94,7.05,-0.6900000000000004,-8.914728682170548,29650583.0
601369,20171227,7.67,7.57,7.6,7.74,0.0,0.0,7991026.0
601369,20171226,7.53,7.45,7.69,7.74,0.08000000000000007,1.0443864229765065,10815383.0
601369,20171225,7.43,7.39,7.57,7.66,0.07000000000000028,0.9222661396574461,11053107.0
601369,20171222,7.53,7.43,7.44,7.59,0.019999999999999574,0.26420079260236484,8173469.0
601369,20171221,7.45,7.35,7.52,7.57,-0.21999999999999975,-2.8241335044929317,12208807.0
601369,20171220,7.73,7.42,7.48,7.79,-0.1299999999999999,-1.6414141414141437,18171945.0
601369,20171219,7.87,7.64,7.74,7.92,-0.08999999999999986,-1.1235955056179803,15105023.0
601369,20171218,7.92,7.8,7.92,8.01,-0.08000000000000007,-0.988875154511748,8834700.0
601369,20171215,8.04,7.71,7.89,8.09,-0.08999999999999986,-1.1002444987775029,18288724.0
601369,20171214,7.92,7.81,8.11,8.18,0.2599999999999998,3.2828282828282873,22047484.0
601369,20171213,7.67,7.61,7.91,7.92,-0.0600000000000005,-0.7518796992481258,12638962.0
601369,20171212,7.96,7.72,7.73,7.98,-0.05999999999999872,-0.7462686567163979,13363193.0
601369,20171211,7.9,7.82,8.01,8.04,0.019999999999999574,0.24937655860348684,12011957.0
601369,20171208,7.93,7.84,7.93,8.02,-0.17999999999999972,-2.195121951219514,14033905.0
601369,20171207,8.0,7.89,8.0,8.2,0.11999999999999922,1.4851485148514865,24579816.0
601369,20171206,7.55,7.49,8.07,8.08,0.1900000000000004,2.408111533586821,27672362.0
601369,20171205,7.8,7.41,7.57,7.89,-0.16000000000000103,-1.9875776397515699,14949522.0
601369,20171204,7.64,7.55,7.85,8.05,0.3100000000000005,4.0051679586563305,20492598.0
601369,20171201,7.57,7.49,7.72,7.74,-0.040000000000000036,-0.5141388174807249,12427423.0
601369,20171130,7.7,7.48,7.54,7.78,-0.0699999999999994,-0.8917197452229186,12877794.0
601369,20171129,7.71,7.6,7.77,7.85,0.019999999999999574,0.25542784163472554,17325812.0
601369,20171128,7.5,7.42,7.82,7.83,0.15000000000000036,1.953125,17311159.0
601369,20171127,7.61,7.4,7.56,7.68,0.009999999999999787,0.1303780964797996,17204288.0
601369,20171124,7.15,7.07,7.65,7.67,0.20999999999999996,2.815013404825728,18675025.0
601369,20171123,7.36,7.12,7.14,7.46,0.11000000000000032,1.4965986394557929,8556954.0
601369,20171122,7.17,7.12,7.34,7.35,0.17999999999999972,2.5104602510460206,10903593.0
601369,20171121,6.9,6.9,7.14,7.17,0.20999999999999996,3.0172413793103425,6901341.0
601369,20171120,6.94,6.73,6.93,6.96,-0.2999999999999998,-4.1322314049586755,5572768.0
601369,20171117,7.23,6.88,6.96,7.26,-0.0600000000000005,-0.819672131147553,10453309.0
601369,20171116,7.19,7.19,7.26,7.32,0.0600000000000005,0.8264462809917328,6167596.0
601369,20171115,7.18,7.16,7.22,7.26,-0.16000000000000014,-2.156334231805934,5891527.0
601369,20171114,7.38,7.15,7.19,7.42,-0.13999999999999968,-1.851851851851849,9171546.0
601369,20171113,7.45,7.33,7.41,7.56,0.019999999999999574,0.2652519893899141,9572439.0
601369,20171110,7.39,7.29,7.46,7.54,0.09999999999999964,1.3440860215053752,9840685.0
601369,20171109,7.32,7.26,7.39,7.44,-0.009999999999999787,-0.13422818791946067,7910012.0
601369,20171108,7.29,7.19,7.4,7.45,-0.019999999999999574,-0.2677376171351997,12120631.0
601369,20171107,7.32,7.26,7.32,7.47,0.0,0.0,11104927.0
601369,20171106,7.36,7.24,7.31,7.47,0.0699999999999994,0.9459459459459474,10273393.0
601369,20171103,7.14,7.11,7.36,7.4,0.16000000000000014,2.20994475138121,17648432.0
601369,20171102,7.11,7.06,7.15,7.24,0.009999999999999787,0.13831258644536604,7711439.0
601369,20171101,7.08,7.02,7.1,7.23,0.14000000000000057,1.9746121297602448,8014880.0
601369,20171031,6.78,6.75,7.08,7.09,0.1899999999999995,2.753623188405796,8203245.0
601369,20171030,6.89,6.72,6.75,6.9,-0.040000000000000036,-0.5763688760806907,3672731.0
601369,20171027,6.92,6.8,6.82,6.94,0.03000000000000025,0.4341534008683201,2454700.0
601369,20171026,6.86,6.83,6.89,6.91,0.0600000000000005,0.8759124087591275,2517896.0
601369,20171025,6.77,6.75,6.85,6.85,-0.020000000000000462,-0.29112081513829047,2568008.0
