ts_code,trade_date,open,high,low,close,change,pct_change,vol
603217,2019-06-21,87.0,87.0,75.18,77.37,-1.769999999999996,-2.2365428354814254,9960896.0
603217,2019-06-24,75.0,75.01,71.41,71.93,-5.439999999999998,-7.0311490241695696,7709023.0
603217,2019-06-25,70.88,70.88,67.56,67.95,-3.980000000000004,-5.533157236201869,6253449.0
603217,2019-06-26,67.01,69.2,67.01,68.38,0.4299999999999926,0.6328182487122858,3335866.0
603217,2019-06-27,68.0,68.5,67.02,67.18,-1.1999999999999886,-1.7548990933021202,3237238.0
603217,2019-06-28,66.84,68.09,66.84,67.24,0.059999999999988,0.0893122953259828,2415408.0
603217,2019-07-01,68.1,68.36,67.31,68.28,1.0400000000000065,1.5466983938132062,3390356.0
603217,2019-07-02,67.9,68.14,66.66,66.92,-1.3599999999999994,-1.991798476859985,3491166.0
603217,2019-07-03,66.66,66.66,65.05,65.18,-1.7399999999999949,-2.6001195457262316,3017389.0
603217,2019-07-04,65.2,66.5,64.87,65.99,0.8099999999999881,1.2427124884933916,2503622.0
603217,2019-07-05,65.98,66.58,65.41,66.3,0.3100000000000023,0.469768146688887,1961638.0
603217,2019-07-08,65.83,65.85,62.1,62.55,-3.75,-5.65610859728507,3078835.0
603217,2019-07-09,62.75,62.97,61.9,62.65,0.1000000000000014,0.1598721023181371,1512310.0
603217,2019-07-10,62.8,62.95,61.89,62.05,-0.6000000000000014,-0.9577015163607316,1352769.0
603217,2019-07-11,62.3,62.64,61.02,61.19,-0.8599999999999994,-1.385979049153907,1617275.0
603217,2019-07-12,61.0,61.93,60.97,61.53,0.3400000000000034,0.5556463474424067,1387263.0
603217,2019-07-15,60.97,61.28,59.55,61.27,-0.259999999999998,-0.4225581017389901,1854360.0
603217,2019-07-16,61.25,62.85,61.0,61.87,0.5999999999999943,0.9792720744246752,1856985.0
603217,2019-07-17,62.0,62.0,61.01,61.01,-0.8599999999999994,-1.3900113140455803,1363107.0
603217,2019-07-18,60.27,60.64,59.89,59.9,-1.1099999999999994,-1.8193738731355549,1277078.0
603217,2019-07-19,60.08,60.67,59.85,59.96,0.0600000000000022,0.1001669449081754,1169186.0
603217,2019-07-22,59.55,59.95,55.75,55.77,-4.189999999999998,-6.987991994663101,2462246.0
603217,2019-07-23,55.45,56.62,55.45,56.16,0.3899999999999934,0.6993006993006867,1170184.0
603217,2019-07-24,56.5,57.26,56.02,56.68,0.5200000000000031,0.92592592592593,1537905.0
603217,2019-07-25,56.71,56.85,55.96,56.11,-0.5700000000000003,-1.0056457304163713,1363521.0
603217,2019-07-26,56.18,56.5,55.91,56.25,0.1400000000000005,0.2495098912849824,1032153.0
603217,2019-07-29,56.27,56.47,55.73,55.85,-0.3999999999999986,-0.7111111111111068,1025244.0
603217,2019-07-30,55.95,56.65,55.95,56.38,0.5300000000000011,0.9489704565801338,1305154.0
603217,2019-07-31,56.16,56.35,55.81,55.88,-0.5,-0.8868393047179901,890929.0
603217,2019-08-01,55.77,56.16,55.46,55.92,0.0399999999999991,0.0715819613457346,1008296.0
603217,2019-08-02,55.39,55.48,54.77,55.43,-0.490000000000002,-0.8762517882689558,1497802.0
603217,2019-08-05,55.43,56.59,55.42,55.99,0.5600000000000023,1.010283240122689,1534170.0
603217,2019-08-06,55.2,55.2,53.06,54.17,-1.8200000000000005,-3.2505804607965705,1847004.0
603217,2019-08-07,54.2,54.67,53.57,53.65,-0.5200000000000031,-0.9599409267122104,1149375.0
603217,2019-08-08,53.94,54.14,53.6,53.77,0.1200000000000045,0.2236719478098781,872688.0
603217,2019-08-09,54.0,54.38,52.34,52.57,-1.2000000000000028,-2.2317277292170368,1306562.0
603217,2019-08-12,52.66,52.89,51.93,52.76,0.1899999999999977,0.3614228647517592,998124.0
603217,2019-08-13,52.28,52.35,51.8,51.89,-0.8699999999999974,-1.648976497346466,820683.0
603217,2019-08-14,52.47,52.99,52.13,52.46,0.5700000000000003,1.0984775486606368,1165380.0
603217,2019-08-15,50.91,51.49,50.63,51.43,-1.0300000000000011,-1.9634006862371376,1377831.0
603217,2019-08-16,51.2,52.37,51.18,51.71,0.2800000000000011,0.5444293214077467,1226657.0
603217,2019-08-19,52.05,52.93,51.72,52.84,1.1300000000000026,2.185263972152396,1438712.0
603217,2019-08-20,52.28,52.46,51.84,51.94,-0.9000000000000057,-1.7032551097653448,1633008.0
603217,2019-08-21,51.79,52.37,51.72,51.95,0.0100000000000051,0.0192529842125699,913984.0
603217,2019-08-22,52.16,52.16,51.31,51.52,-0.4299999999999997,-0.8277189605389812,945905.0
603217,2019-08-23,51.2,51.89,51.14,51.7,0.1799999999999997,0.3493788819875831,1141042.0
603217,2019-08-26,50.72,52.85,50.71,52.4,0.6999999999999957,1.3539651837524147,1904432.0
603217,2019-08-27,52.4,52.99,52.19,52.83,0.4299999999999997,0.8206106870229046,1661267.0
603217,2019-08-28,52.86,52.88,52.25,52.3,-0.5300000000000011,-1.0032178686352422,1138034.0
603217,2019-08-29,52.59,53.97,52.21,53.8,1.5,2.8680688336520044,2294517.0
603217,2019-08-30,53.8,54.52,52.52,52.56,-1.2399999999999949,-2.3048327137546343,1929255.0
603217,2019-09-02,52.08,53.86,52.08,53.5,0.9399999999999976,1.7884322678843212,1366808.0
603217,2019-09-03,53.2,54.02,52.88,53.6,0.1000000000000014,0.1869158878504695,1659257.0
603217,2019-09-04,53.48,54.96,53.2,54.59,0.990000000000002,1.847014925373136,2183427.0
603217,2019-09-05,54.66,55.33,54.26,54.49,-0.1000000000000014,-0.1831837332844865,2218103.0
603217,2019-09-06,54.39,54.78,53.92,54.21,-0.2800000000000011,-0.513855753349235,1281868.0
603217,2019-09-09,54.49,54.66,54.22,54.63,0.4200000000000017,0.7747648035417942,1271304.0
603217,2019-09-10,54.82,54.82,53.84,54.13,-0.5,-0.9152480322167312,1382410.0
603217,2019-09-11,54.27,54.34,53.63,53.66,-0.4700000000000059,-0.868280066506566,1005936.0
603217,2019-09-12,53.76,54.2,53.32,54.04,0.3800000000000025,0.7081625046589712,981414.0
603217,2019-09-16,54.28,54.98,54.03,54.85,0.8100000000000023,1.4988897113249466,1749781.0
603217,2019-09-17,54.78,56.53,54.0,55.94,1.0899999999999963,1.987237921604379,2781917.0
603217,2019-09-18,55.55,59.88,55.34,58.33,2.390000000000001,4.272434751519483,5357917.0
603217,2019-09-19,57.6,58.02,56.8,57.96,-0.3699999999999974,-0.6343219612549245,2720172.0
603217,2019-09-20,57.77,57.77,56.68,56.74,-1.2199999999999989,-2.104899930986881,1927164.0
603217,2019-09-23,56.5,56.66,55.0,55.27,-1.4699999999999989,-2.59076489249207,1545040.0
603217,2019-09-24,55.36,55.73,55.1,55.2,-0.0700000000000002,-0.1266509860683884,1102835.0
603217,2019-09-25,55.01,55.88,54.75,55.45,0.25,0.4528985507246341,1312989.0
603217,2019-09-26,55.33,55.65,52.75,52.75,-2.700000000000003,-4.8692515779982015,1720224.0
603217,2019-09-27,52.53,53.42,52.43,52.7,-0.0499999999999971,-0.0947867298578097,674433.0
603217,2019-09-30,52.3,52.85,52.09,52.1,-0.6000000000000014,-1.13851992409868,508024.0
603217,2019-10-08,52.16,52.6,52.02,52.15,0.0499999999999971,0.0959692898272468,452197.0
603217,2019-10-09,51.9,52.6,51.5,52.57,0.4200000000000017,0.8053691275167862,502966.0
603217,2019-10-10,52.7,53.18,52.33,53.05,0.4799999999999969,0.913068289899166,586673.0
603217,2019-10-11,53.06,53.44,52.65,52.9,-0.1499999999999985,-0.2827521206409056,608961.0
603217,2019-10-14,53.07,53.8,53.07,53.62,0.7199999999999989,1.361058601134224,688575.0
603217,2019-10-15,53.44,53.44,52.44,52.55,-1.0700000000000005,-1.995524058187248,672235.0
603217,2019-10-16,52.65,52.97,52.2,52.2,-0.3499999999999943,-0.666032350142709,535444.0
603217,2019-10-17,52.55,52.57,52.09,52.34,0.1400000000000005,0.2681992337164818,434078.0
603217,2019-10-18,52.34,53.97,52.21,53.66,1.3199999999999932,2.521971723347338,1249634.0
603217,2019-10-21,53.7,53.85,52.91,53.23,-0.4299999999999997,-0.8013417815877721,1234449.0
603217,2019-10-22,53.33,53.86,53.1,53.64,0.4100000000000037,0.7702423445425488,910262.0
603217,2019-10-23,53.6,53.7,52.16,52.38,-1.259999999999998,-2.348993288590595,935151.0
603217,2019-10-24,52.35,52.35,51.71,51.73,-0.6500000000000057,-1.2409316533028014,542014.0
603217,2019-10-25,51.74,52.14,51.5,51.91,0.1799999999999997,0.3479605644693517,428800.0
603217,2019-10-28,51.29,51.57,50.81,51.55,-0.3599999999999994,-0.6935079946060463,846703.0
603217,2019-10-29,51.56,51.6,50.8,50.8,-0.75,-1.4548981571290032,713161.0
603217,2019-10-30,50.77,50.77,48.7,48.84,-1.9599999999999935,-3.858267716535424,1345017.0
603217,2019-10-31,48.87,48.87,47.75,47.77,-1.0700000000000005,-2.1908271908271937,910692.0
603217,2019-11-01,47.37,48.15,47.37,47.92,0.1499999999999985,0.3140046054008749,536492.0
603217,2019-11-04,47.94,48.35,47.83,47.86,-0.0600000000000022,-0.1252086811352248,483771.0
603217,2019-11-05,48.02,48.06,47.42,47.86,0.0,0.0,439119.0
603217,2019-11-06,47.96,48.36,47.73,48.07,0.2100000000000008,0.4387797743418353,525301.0
603217,2019-11-07,48.02,48.26,47.92,48.06,-0.009999999999998,-0.0208029956313637,477034.0
603217,2019-11-08,48.23,49.2,48.03,48.81,0.75,1.5605493133582948,992369.0
603217,2019-11-11,48.28,48.6,45.52,46.13,-2.6799999999999997,-5.490678139725469,974842.0
603217,2019-11-12,46.12,46.37,45.57,46.02,-0.1099999999999994,-0.2384565358768631,547586.0
603217,2019-11-13,46.02,46.03,45.67,45.87,-0.1500000000000056,-0.3259452411994878,466464.0
603217,2019-11-14,45.79,46.49,45.75,46.31,0.4400000000000048,0.9592326139088893,593811.0
603217,2019-11-15,46.23,46.37,45.3,45.62,-0.6900000000000048,-1.4899589721442563,578271.0
603217,2019-11-18,45.61,47.6,45.35,47.09,1.470000000000006,3.222270933800986,1138256.0
603217,2019-11-19,46.96,47.13,46.32,47.02,-0.0700000000000002,-0.1486515183690806,898500.0
603217,2019-11-20,46.8,46.95,46.14,46.15,-0.8700000000000045,-1.850276478094437,629265.0
603217,2019-11-21,46.07,46.09,45.59,45.8,-0.3500000000000014,-0.7583965330444253,586400.0
603217,2019-11-22,45.93,46.38,45.68,45.87,0.0700000000000002,0.1528384279475991,561691.0
603217,2019-11-25,45.87,46.3,45.37,46.12,0.25,0.5450185306300481,678304.0
603217,2019-11-26,45.9,48.15,45.75,47.18,1.0600000000000025,2.298352124891601,1218874.0
603217,2019-11-27,46.7,47.6,46.4,46.72,-0.4600000000000008,-0.974989402289106,976458.0
603217,2019-11-28,46.75,47.28,46.52,47.12,0.3999999999999986,0.8561643835616417,757856.0
603217,2019-11-29,47.13,47.17,46.0,46.13,-0.9899999999999948,-2.101018675721555,707939.0
603217,2019-12-02,46.13,46.26,45.67,45.79,-0.3400000000000034,-0.7370474745285183,426718.0
603217,2019-12-03,45.79,46.06,45.49,46.05,0.259999999999998,0.5678095654072957,391187.0
603217,2019-12-04,45.81,46.23,45.73,46.13,0.0800000000000054,0.1737242128121652,412621.0
603217,2019-12-05,46.28,47.21,46.04,47.02,0.8900000000000006,1.929330153912856,1065786.0
603217,2019-12-06,46.9,47.8,46.9,47.03,0.009999999999998,0.0212675457252231,1079460.0
603217,2019-12-09,46.95,47.1,46.49,46.78,-0.25,-0.531575590048905,673959.0
603217,2019-12-10,46.7,47.12,46.46,47.11,0.3299999999999983,0.7054296707994734,667873.0
603217,2019-12-11,47.18,47.5,46.9,47.01,-0.1000000000000014,-0.2122691572914448,568986.0
603217,2019-12-12,46.96,46.96,46.52,46.52,-0.4899999999999949,-1.0423314188470425,487634.0
603217,2019-12-13,46.53,47.07,46.53,47.03,0.509999999999998,1.0963026655202102,613174.0
603217,2019-12-16,47.16,48.5,47.08,48.0,0.9699999999999988,2.062513289389756,1143289.0
603217,2019-12-17,48.05,48.3,47.67,48.12,0.1199999999999974,0.2499999999999946,1097288.0
603217,2019-12-18,48.1,48.96,48.0,48.48,0.3599999999999994,0.7481296758104827,1192687.0
603217,2019-12-19,48.65,48.86,48.26,48.62,0.1400000000000005,0.2887788778877853,900990.0
603217,2019-12-20,48.63,48.65,47.85,47.86,-0.759999999999998,-1.5631427396133213,811887.0
603217,2019-12-23,47.9,47.9,47.06,47.07,-0.7899999999999991,-1.6506477225240237,777700.0
603217,2019-12-24,47.1,47.61,47.1,47.51,0.4399999999999977,0.93477799022732,507573.0
603217,2019-12-25,47.51,47.99,47.31,47.76,0.25,0.5262050094716919,552274.0
603217,2019-12-26,47.8,48.17,47.5,48.12,0.3599999999999994,0.7537688442211143,750238.0
603217,2019-12-27,48.22,48.77,47.99,48.45,0.3300000000000054,0.685785536159611,1218271.0
603217,2019-12-30,48.35,48.56,47.79,48.56,0.1099999999999994,0.227038183694539,1023778.0
603217,2019-12-31,48.5,49.46,48.33,49.29,0.7299999999999969,1.5032948929159629,1352392.0
603217,2020-01-02,49.39,49.78,49.03,49.31,0.0200000000000031,0.0405761817813044,1261276.0
603217,2020-01-03,49.2,49.53,48.94,49.32,0.009999999999998,0.0202798620969391,1031071.0
603217,2020-01-06,48.91,49.69,48.61,49.32,0.0,0.0,1174684.0
603217,2020-01-07,49.53,50.39,49.4,50.1,0.7800000000000011,1.5815085158150888,1643891.0
603217,2020-01-08,49.73,50.08,48.86,48.99,-1.1099999999999994,-2.215568862275452,1339904.0
603217,2020-01-09,49.46,49.93,49.25,49.49,0.5,1.0206164523372196,986658.0
603217,2020-01-10,49.55,50.1,49.55,49.77,0.2800000000000011,0.5657708628005631,1095300.0
603217,2020-01-13,49.6,49.79,48.91,49.65,-0.1200000000000045,-0.2411091018686084,929495.0
603217,2020-01-14,49.7,50.04,49.6,49.67,0.0200000000000031,0.0402819738167137,909439.0
603217,2020-01-15,49.5,49.87,48.91,48.93,-0.740000000000002,-1.4898328971210018,798936.0
603217,2020-01-16,48.96,49.14,48.42,48.79,-0.1400000000000005,-0.2861230329041508,605249.0
603217,2020-01-17,48.94,49.25,48.68,49.09,0.3000000000000042,0.6148800983808211,560503.0
603217,2020-01-20,49.0,49.0,48.0,48.69,-0.4000000000000057,-0.8148299042574969,829883.0
603217,2020-01-21,48.53,48.53,47.71,47.76,-0.9299999999999996,-1.910043130006156,911600.0
603217,2020-01-22,47.68,47.74,47.03,47.4,-0.3599999999999994,-0.7537688442211032,522374.0
603217,2020-01-23,47.3,47.59,45.92,46.24,-1.1599999999999966,-2.4472573839662393,706600.0
603217,2020-02-03,41.62,41.62,41.62,41.62,-4.6200000000000045,-9.99134948096887,360700.0
603217,2020-02-04,37.9,40.44,37.9,40.05,-1.5700000000000005,-3.772224891878906,1006059.0
603217,2020-02-05,40.03,41.35,40.0,40.71,0.6600000000000037,1.6479400749063844,750918.0
603217,2020-02-06,40.92,41.47,40.6,41.24,0.5300000000000011,1.3018914271677673,781800.0
603217,2020-02-07,41.39,45.3,41.01,44.0,2.759999999999998,6.69253152279341,1601111.0
603217,2020-02-10,44.0,44.98,43.17,44.1,0.1000000000000014,0.2272727272727204,966237.0
603217,2020-02-11,44.0,44.52,43.63,43.78,-0.3200000000000003,-0.7256235827664437,705961.0
603217,2020-02-12,43.88,44.19,43.5,44.02,0.240000000000002,0.5481955230699054,530748.0
603217,2020-02-13,44.1,44.28,43.25,43.29,-0.730000000000004,-1.658337119491149,699758.0
603217,2020-02-14,43.28,43.65,43.12,43.26,-0.0300000000000011,-0.0693000693000711,556373.0
603217,2020-02-17,43.06,44.22,42.96,44.16,0.8999999999999986,2.080443828016642,873948.0
603217,2020-02-18,44.22,44.8,44.08,44.8,0.6400000000000006,1.449275362318847,968444.0
603217,2020-02-19,45.0,45.45,44.6,44.67,-0.1299999999999954,-0.2901785714285565,956761.0
603217,2020-02-20,44.73,45.46,44.61,45.32,0.6499999999999986,1.4551152899037412,960654.0
603217,2020-02-21,45.33,45.55,45.0,45.22,-0.1000000000000014,-0.2206531332744954,956558.0
603217,2020-02-24,45.11,45.11,44.1,44.86,-0.3599999999999994,-0.7961079168509522,1128562.0
603217,2020-02-25,43.97,44.21,43.16,43.93,-0.9299999999999996,-2.0731163620151594,1165940.0
603217,2020-02-26,43.4,44.19,43.32,43.7,-0.2299999999999968,-0.5235602094240788,686008.0
603217,2020-02-27,43.84,44.09,43.48,43.67,-0.0300000000000011,-0.0686498855835271,504561.0
603217,2020-02-28,42.75,42.98,41.2,41.27,-2.3999999999999986,-5.495763682161659,1096926.0
603217,2020-03-02,41.63,42.64,41.6,42.55,1.279999999999994,3.1015265325902375,572479.0
603217,2020-03-03,42.9,43.38,42.61,42.81,0.2600000000000051,0.6110458284371401,639137.0
603217,2020-03-04,42.67,43.17,42.5,43.15,0.3399999999999963,0.7942069609904179,629900.0
603217,2020-03-05,43.39,44.2,43.39,44.15,1.0,2.3174971031286296,1131102.0
603217,2020-03-06,43.8,45.31,43.61,44.8,0.6499999999999986,1.4722536806341946,1129268.0
603217,2020-03-09,44.56,44.6,43.5,43.5,-1.2999999999999972,-2.9017857142857095,819488.0
603217,2020-03-10,42.2,43.9,42.13,43.82,0.3200000000000003,0.7356321839080415,760673.0
603217,2020-03-11,43.86,44.9,43.86,44.44,0.6199999999999974,1.4148790506617992,1113438.0
603217,2020-03-12,43.8,43.95,42.9,43.1,-1.3399999999999963,-3.015301530153003,653356.0
603217,2020-03-13,40.9,42.53,40.9,42.05,-1.0500000000000045,-2.436194895591659,614810.0
603217,2020-03-16,42.49,42.9,41.02,41.1,-0.9499999999999956,-2.2592152199762072,594597.0
603217,2020-03-17,41.05,41.58,40.09,40.45,-0.6499999999999986,-1.5815085158150777,561884.0
603217,2020-03-18,40.55,41.24,40.09,40.1,-0.3500000000000014,-0.8652657601977753,430288.0
603217,2020-03-19,40.1,40.6,39.2,40.13,0.0300000000000011,0.0748129675810505,475204.0
603217,2020-03-20,40.23,40.99,40.21,40.8,0.6699999999999946,1.6695738848741426,348517.0
603217,2020-03-23,40.31,40.31,39.37,39.48,-1.3200000000000005,-3.2352941176470584,550700.0
603217,2020-03-24,39.91,40.13,39.4,39.91,0.4299999999999997,1.0891590678824723,357381.0
603217,2020-03-25,40.5,40.83,40.18,40.57,0.6600000000000037,1.6537208719619167,478781.0
603217,2020-03-26,40.3,40.56,40.18,40.32,-0.25,-0.6162188809465174,388503.0
603217,2020-03-27,40.62,40.86,40.18,40.18,-0.1400000000000005,-0.347222222222221,379607.0
603217,2020-03-30,39.95,39.95,39.0,39.25,-0.9299999999999996,-2.3145843703334945,491700.0
603217,2020-03-31,39.33,39.92,39.33,39.87,0.6199999999999974,1.5796178343949083,380508.0
603217,2020-04-01,39.31,40.46,39.31,40.06,0.1900000000000048,0.4765487835465487,376500.0
603217,2020-04-02,39.64,40.5,39.61,40.46,0.3999999999999986,0.9985022466300508,346000.0
603217,2020-04-03,40.5,40.79,40.37,40.55,0.0899999999999963,0.2224419179436498,438997.0
603217,2020-04-07,41.02,41.46,40.73,41.35,0.8000000000000043,1.972872996300867,622100.0
603217,2020-04-08,41.23,42.8,41.23,41.95,0.6000000000000014,1.45102781136639,902981.0
603217,2020-04-09,42.0,42.59,41.84,42.26,0.3099999999999951,0.7389749702026105,645290.0
603217,2020-04-10,42.31,42.31,41.0,41.53,-0.7299999999999969,-1.727401798390904,587749.0
603217,2020-04-13,41.49,43.6,40.93,43.0,1.4699999999999989,3.539609920539366,933953.0
603217,2020-04-14,42.12,42.47,41.65,41.81,-1.1899999999999975,-2.767441860465114,1166500.0
603217,2020-04-15,41.9,41.95,41.25,41.25,-0.5600000000000023,-1.3393924898349785,626874.0
603217,2020-04-16,41.25,41.25,40.12,40.28,-0.9699999999999988,-2.351515151515149,725671.0
603217,2020-04-17,40.28,40.75,40.12,40.14,-0.1400000000000005,-0.3475670307845124,501500.0
603217,2020-04-20,40.14,40.63,39.8,40.58,0.4399999999999977,1.096163428001984,375867.0
603217,2020-04-21,40.56,42.38,40.1,41.9,1.3200000000000005,3.2528339083292224,1219566.0
603217,2020-04-22,41.0,41.43,40.6,41.18,-0.7199999999999989,-1.7183770883054894,847033.0
603217,2020-04-23,41.18,43.0,40.68,41.91,0.7299999999999969,1.7727051966974106,1481523.0
603217,2020-04-24,41.4,41.6,40.39,40.49,-1.4199999999999946,-3.3882128370317233,1020898.0
603217,2020-04-27,40.35,40.58,39.7,39.72,-0.7700000000000031,-1.9017041244751896,623984.0
603217,2020-04-28,39.65,40.06,37.01,38.02,-1.6999999999999955,-4.279959718026172,778754.0
603217,2020-04-29,38.02,38.5,37.5,38.1,0.0799999999999983,0.2104155707522315,404814.0
603217,2020-04-30,38.1,38.96,38.06,38.87,0.769999999999996,2.020997375328082,505798.0
603217,2020-05-06,38.75,39.59,38.62,39.44,0.5700000000000003,1.466426550038591,346851.0
603217,2020-05-07,39.66,39.75,39.23,39.43,-0.009999999999998,-0.0253549695740318,399687.0
603217,2020-05-08,39.54,39.96,39.45,39.72,0.2899999999999991,0.7354805985290369,383500.0
603217,2020-05-11,39.72,40.15,39.63,39.95,0.2300000000000039,0.5790533736153236,385413.0
603217,2020-05-12,39.9,39.9,39.13,39.86,-0.0900000000000034,-0.2252816020025139,330940.0
603217,2020-05-13,39.78,40.96,39.65,40.67,0.8100000000000023,2.032112393376817,823498.0
603217,2020-05-14,40.5,41.41,40.18,40.65,-0.0200000000000031,-0.0491762970248443,804768.0
603217,2020-05-15,40.59,41.17,40.2,40.23,-0.4200000000000017,-1.0332103321033292,692127.0
603217,2020-05-18,40.48,40.5,39.5,39.54,-0.6899999999999977,-1.7151379567486913,497500.0
603217,2020-05-19,39.57,40.22,39.57,40.21,0.6700000000000017,1.694486595852296,433110.0
603217,2020-05-20,40.4,41.67,40.22,40.98,0.769999999999996,1.9149465307137348,1214217.0
603217,2020-05-21,41.2,41.2,40.39,40.41,-0.5700000000000003,-1.3909224011713015,535610.0
603217,2020-05-22,40.28,40.68,39.61,39.87,-0.5399999999999991,-1.3363028953229383,491410.0
603217,2020-05-25,39.92,41.0,39.92,40.96,1.0900000000000034,2.7338851266616615,614798.0
603217,2020-05-26,41.1,41.43,40.75,41.39,0.4299999999999997,1.0498046875,736968.0
603217,2020-05-27,41.4,41.8,41.09,41.26,-0.1300000000000025,-0.3140855279052945,1009258.0
603217,2020-05-28,29.07,29.07,28.33,28.5,-12.759999999999998,-30.925836160930675,703200.0
603217,2020-05-29,28.4,28.4,27.78,27.8,-0.6999999999999993,-2.4561403508771895,1117745.0
603217,2020-06-01,27.95,28.49,27.78,28.39,0.5899999999999999,2.1223021582733814,1067531.0
603217,2020-06-02,28.39,29.45,28.21,29.36,0.9699999999999988,3.4166960197252516,1709424.0
603217,2020-06-03,29.33,29.46,28.79,28.79,-0.5700000000000003,-1.9414168937329723,1253924.0
603217,2020-06-04,28.99,29.0,28.68,29.0,0.2100000000000008,0.7294199374783039,783172.0
603217,2020-06-05,28.85,29.0,28.4,28.61,-0.3900000000000005,-1.344827586206898,803085.0
603217,2020-06-08,28.62,28.96,28.31,28.45,-0.1600000000000001,-0.5592450192240528,672384.0
603217,2020-06-09,28.45,28.52,28.0,28.3,-0.1499999999999985,-0.5272407732864637,608580.0
603217,2020-06-10,28.3,28.44,28.02,28.44,0.1400000000000005,0.4946996466431042,628522.0
603217,2020-06-11,28.4,28.94,28.01,28.1,-0.3399999999999998,-1.1954992967651237,827727.0
603217,2020-06-12,27.61,28.0,27.31,27.97,-0.1300000000000025,-0.4626334519573061,715864.0
603217,2020-06-15,27.75,28.15,27.62,27.94,-0.0299999999999975,-0.1072577761887627,491458.0
603217,2020-06-16,28.04,28.5,28.0,28.47,0.5299999999999976,1.8969219756621136,714094.0
603217,2020-06-17,28.5,28.57,28.17,28.37,-0.0999999999999978,-0.351246926589388,647719.0
603217,2020-06-18,28.37,28.52,28.15,28.32,-0.0500000000000007,-0.1762425096933362,584936.0
603217,2020-06-19,28.2,28.38,28.14,28.14,-0.1799999999999997,-0.6355932203389814,710660.0
603217,2020-06-22,27.9,28.46,27.88,28.16,0.0199999999999995,0.0710732054015617,655740.0
603217,2020-06-23,28.16,28.19,27.86,27.86,-0.3000000000000007,-1.065340909090906,641342.0
603217,2020-06-24,27.87,27.99,27.64,27.7,-0.1600000000000001,-0.5743000717875146,633803.0
603217,2020-06-29,27.6,27.77,27.36,27.36,-0.3399999999999998,-1.2274368231046884,565213.0
603217,2020-06-30,27.36,27.74,27.36,27.65,0.2899999999999991,1.0599415204678442,476175.0
603217,2020-07-01,27.66,27.89,27.43,27.51,-0.139999999999997,-0.5063291139240422,631068.0
603217,2020-07-02,27.52,28.15,27.46,28.03,0.5199999999999996,1.8902217375499797,1092597.0
603217,2020-07-03,28.04,28.46,28.01,28.39,0.3599999999999994,1.2843382090617084,1203320.0
603217,2020-07-06,28.43,29.26,28.43,29.19,0.8000000000000007,2.817893624515677,2438582.0
603217,2020-07-07,29.19,29.9,28.92,29.36,0.1699999999999981,0.582391229873247,2720154.0
603217,2020-07-08,29.3,30.06,29.13,29.92,0.5600000000000023,1.9073569482289,2132394.0
603217,2020-07-09,29.88,30.55,29.87,30.43,0.509999999999998,1.7045454545454586,2393531.0
603217,2020-07-10,30.4,30.86,29.99,30.04,-0.3900000000000005,-1.2816299704239251,1779322.0
603217,2020-07-13,30.04,30.88,30.0,30.78,0.740000000000002,2.46338215712385,1801699.0
603217,2020-07-14,30.83,30.93,29.91,30.35,-0.4299999999999997,-1.3970110461338558,2080931.0
603217,2020-07-15,30.3,30.69,29.63,29.76,-0.5899999999999999,-1.943986820428334,1573173.0
603217,2020-07-16,29.7,29.95,28.73,28.84,-0.9200000000000016,-3.091397849462374,1491357.0
603217,2020-07-17,28.83,29.17,28.66,29.15,0.3099999999999987,1.0748959778085876,913825.0
603217,2020-07-20,29.3,30.2,29.3,30.16,1.0100000000000016,3.464837049742719,1375636.0
603217,2020-07-21,30.16,30.27,29.93,30.05,-0.1099999999999994,-0.3647214854111347,904160.0
603217,2020-07-22,30.19,30.66,30.02,30.03,-0.0199999999999995,-0.0665557404326055,1258227.0
603217,2020-07-23,29.79,29.96,29.2,29.78,-0.25,-0.8325008325008376,1156742.0
603217,2020-07-24,29.7,30.11,28.77,28.79,-0.990000000000002,-3.324378777703163,1222080.0
603217,2020-07-27,28.73,28.96,28.33,28.65,-0.1400000000000005,-0.4862799583188582,670207.0
603217,2020-07-28,28.77,29.09,28.63,28.82,0.1700000000000017,0.5933682373473026,592624.0
603217,2020-07-29,28.78,29.4,28.53,29.34,0.5199999999999996,1.804302567661353,884783.0
603217,2020-07-30,29.35,31.85,29.19,31.3,1.9600000000000009,6.6802999318336775,3961926.0
603217,2020-07-31,31.3,31.68,30.7,31.11,-0.1900000000000012,-0.6070287539936103,2568612.0
603217,2020-08-03,31.15,31.58,30.97,31.34,0.2300000000000004,0.7393121182899476,2195072.0
603217,2020-08-04,31.34,31.34,30.71,30.86,-0.4800000000000004,-1.531589023612001,1565440.0
603217,2020-08-05,30.68,31.49,30.68,31.15,0.2899999999999991,0.939727802981194,1268675.0
603217,2020-08-06,31.16,31.4,30.54,30.83,-0.3200000000000003,-1.0272873194221543,1081739.0
603217,2020-08-07,30.92,30.92,30.06,30.42,-0.4099999999999966,-1.329873499837808,1064102.0
603217,2020-08-10,30.42,30.93,30.28,30.68,0.259999999999998,0.8547008547008517,772980.0
603217,2020-08-11,30.69,33.46,30.47,32.36,1.6799999999999995,5.475880052151227,5082693.0
603217,2020-08-12,31.87,32.23,31.19,31.61,-0.75,-2.317676143386893,2083435.0
603217,2020-08-13,31.61,32.99,31.45,31.97,0.3599999999999994,1.1388801012337746,2554097.0
603217,2020-08-14,31.72,31.99,31.2,31.48,-0.4899999999999984,-1.5326868939630869,1553911.0
603217,2020-08-17,31.49,32.28,31.36,32.06,0.5800000000000018,1.842439644218552,1670638.0
603217,2020-08-18,32.06,32.75,31.75,32.21,0.1499999999999985,0.4678727386150827,1568976.0
603217,2020-08-19,32.36,33.05,31.5,31.54,-0.6700000000000017,-2.080099348028563,2305852.0
603217,2020-08-20,31.55,31.98,31.01,31.83,0.2899999999999991,0.9194673430564348,1111473.0
603217,2020-08-21,31.96,32.2,31.21,31.28,-0.5499999999999972,-1.7279296261388577,1294880.0
603217,2020-08-24,31.28,31.55,30.7,31.05,-0.2300000000000004,-0.7352941176470562,902706.0
603217,2020-08-25,31.02,31.28,30.75,30.78,-0.2699999999999996,-0.8695652173912993,912420.0
603217,2020-08-26,30.5,30.97,29.88,30.13,-0.6500000000000021,-2.1117608836907165,1079282.0
603217,2020-08-27,30.13,30.57,29.98,30.53,0.4000000000000021,1.3275804845668926,583530.0
603217,2020-08-28,30.69,30.87,30.36,30.72,0.1899999999999977,0.6223386832623579,509954.0
603217,2020-08-31,30.78,31.07,30.58,30.64,-0.0799999999999983,-0.2604166666666629,661300.0
603217,2020-09-01,30.51,30.66,30.23,30.53,-0.1099999999999994,-0.3590078328981727,637200.0
603217,2020-09-02,30.59,31.18,30.59,31.15,0.6199999999999974,2.030789387487708,973700.0
603217,2020-09-03,31.3,31.3,30.53,30.58,-0.5700000000000003,-1.829855537720704,706900.0
603217,2020-09-04,30.11,30.98,30.0,30.57,-0.009999999999998,-0.0327011118377962,611802.0
603217,2020-09-07,30.94,30.94,30.0,30.13,-0.4400000000000013,-1.439319594373578,720361.0
603217,2020-09-08,30.19,30.63,30.1,30.49,0.3599999999999994,1.194822436110177,544320.0
603217,2020-09-09,30.45,30.45,29.45,29.46,-1.0299999999999976,-3.3781567727123596,1264796.0
603217,2020-09-10,29.57,29.96,28.32,28.35,-1.1099999999999994,-3.767820773930752,1014373.0
603217,2020-09-11,28.4,28.73,28.2,28.61,0.259999999999998,0.9171075837742348,327978.0
603217,2020-09-14,28.5,29.28,28.5,29.04,0.4299999999999997,1.5029709891646317,529778.0
603217,2020-09-15,28.9,29.33,28.67,28.81,-0.2300000000000004,-0.7920110192837448,361140.0
603217,2020-09-16,28.66,28.97,28.66,28.66,-0.1499999999999985,-0.520652551197498,289207.0
603217,2020-09-17,28.88,29.22,28.65,29.0,0.3399999999999998,1.1863224005582709,401336.0
603217,2020-09-18,28.93,29.32,28.83,29.23,0.2300000000000004,0.7931034482758559,426719.0
603217,2020-09-21,29.13,29.28,28.93,28.93,-0.3000000000000007,-1.026342798494695,379799.0
603217,2020-09-22,28.93,28.93,28.5,28.6,-0.3299999999999983,-1.1406844106463865,385880.0
603217,2020-09-23,28.74,31.46,28.5,30.99,2.389999999999997,8.356643356643346,3340227.0
603217,2020-09-24,30.26,30.6,29.6,29.73,-1.259999999999998,-4.065827686350431,1228945.0
603217,2020-09-25,29.77,29.77,29.11,29.24,-0.490000000000002,-1.6481668348469647,707194.0
603217,2020-09-28,29.25,29.3,28.78,28.8,-0.4399999999999977,-1.5047879616962967,466970.0
603217,2020-09-29,28.85,29.16,28.7,28.98,0.1799999999999997,0.6250000000000089,323196.0
603217,2020-09-30,28.98,29.25,28.52,28.77,-0.2100000000000008,-0.7246376811594235,849296.0
603217,2020-10-09,28.93,29.37,28.9,29.24,0.4699999999999988,1.6336461591935914,587279.0
603217,2020-10-12,29.33,29.75,29.31,29.69,0.4500000000000028,1.5389876880985032,813757.0
603217,2020-10-13,29.69,29.83,29.38,29.56,-0.1300000000000025,-0.4378578646008879,628420.0
603217,2020-10-14,29.65,29.9,29.33,29.81,0.25,0.8457374830852515,759173.0
603217,2020-10-15,29.8,30.01,29.5,29.74,-0.0700000000000002,-0.2348205300234829,503512.0
603217,2020-10-16,29.74,29.93,29.36,29.58,-0.1600000000000001,-0.5379959650302579,347574.0
603217,2020-10-19,29.66,29.89,29.56,29.57,-0.009999999999998,-0.0338066260987091,368314.0
603217,2020-10-20,29.57,29.75,29.38,29.7,0.129999999999999,0.4396347649644916,375950.0
603217,2020-10-21,29.72,30.16,29.52,29.95,0.25,0.8417508417508435,916663.0
603217,2020-10-22,29.92,29.92,29.5,29.69,-0.259999999999998,-0.8681135225375614,505537.0
603217,2020-10-23,29.61,30.78,29.61,29.95,0.259999999999998,0.8757157292017537,905954.0
603217,2020-10-26,29.96,30.25,29.56,30.17,0.2200000000000024,0.7345575959933237,568242.0
603217,2020-10-27,30.08,30.94,29.89,30.68,0.509999999999998,1.6904209479615462,1194950.0
603217,2020-10-28,30.54,30.58,30.05,30.48,-0.1999999999999993,-0.6518904823989535,814607.0
603217,2020-10-29,30.17,30.75,30.0,30.26,-0.2199999999999988,-0.7217847769028785,807466.0
603217,2020-10-30,30.26,30.26,28.61,28.8,-1.4600000000000009,-4.824851288830145,1160113.0
603217,2020-11-02,28.76,28.8,28.49,28.56,-0.240000000000002,-0.8333333333333415,575680.0
603217,2020-11-03,28.61,29.2,28.5,29.02,0.4600000000000008,1.6106442577030755,549790.0
603217,2020-11-04,28.99,29.1,28.67,28.8,-0.2199999999999988,-0.7580978635423841,364055.0
603217,2020-11-05,28.99,29.16,28.81,29.0,0.1999999999999993,0.694444444444442,410740.0
603217,2020-11-06,29.1,29.1,28.6,28.75,-0.25,-0.8620689655172376,469562.0
603217,2020-11-09,28.89,29.4,28.88,29.17,0.4200000000000017,1.4608695652174042,558876.0
603217,2020-11-10,29.21,29.63,29.02,29.14,-0.0300000000000011,-0.1028453890983938,511600.0
603217,2020-11-11,29.2,29.29,28.97,29.1,-0.0399999999999991,-0.1372683596430945,445380.0
603217,2020-11-12,29.06,29.44,28.82,29.39,0.2899999999999991,0.996563573883158,555300.0
603217,2020-11-13,29.27,29.45,29.17,29.33,-0.0600000000000022,-0.2041510717931349,358080.0
603217,2020-11-16,29.33,29.77,29.22,29.6,0.2700000000000031,0.920559154449374,608760.0
603217,2020-11-17,29.58,29.74,29.3,29.44,-0.1600000000000001,-0.5405405405405461,446400.0
603217,2020-11-18,29.44,29.78,29.36,29.72,0.2799999999999976,0.9510869565217296,515187.0
603217,2020-11-19,29.76,29.92,29.46,29.46,-0.259999999999998,-0.8748317631224745,511580.0
603217,2020-11-20,29.6,29.76,29.15,29.49,0.0299999999999975,0.1018329938900164,508980.0
603217,2020-11-23,29.59,30.39,29.4,30.03,0.5400000000000027,1.831129196337744,1362121.0
603217,2020-11-24,30.1,30.59,29.92,29.94,-0.0899999999999998,-0.2997002997003006,906235.0
603217,2020-11-25,29.94,30.26,29.55,29.57,-0.370000000000001,-1.235804943219776,589300.0
603217,2020-11-26,29.5,29.85,29.48,29.75,0.1799999999999997,0.6087250591815918,443880.0
603217,2020-11-27,29.65,29.85,28.6,29.03,-0.7199999999999989,-2.420168067226891,835395.0
603217,2020-11-30,29.03,29.28,28.82,28.88,-0.1500000000000021,-0.5167068549776221,472459.0
603217,2020-12-01,28.88,29.13,28.8,29.1,0.2200000000000024,0.7617728531855938,445581.0
603217,2020-12-02,29.04,29.36,29.03,29.17,0.0700000000000002,0.2405498281786933,303140.0
603217,2020-12-03,29.25,29.26,29.03,29.07,-0.1000000000000014,-0.3428179636613016,303359.0
603217,2020-12-04,29.08,29.23,29.08,29.13,0.0599999999999987,0.206398348813197,271335.0
603217,2020-12-07,29.27,29.27,28.94,29.0,-0.129999999999999,-0.4462753175420442,323820.0
603217,2020-12-08,28.9,29.01,28.76,28.78,-0.2199999999999988,-0.758620689655165,375080.0
603217,2020-12-09,28.79,28.88,28.25,28.25,-0.5300000000000011,-1.8415566365531657,436365.0
603217,2020-12-10,28.25,28.31,28.08,28.13,-0.120000000000001,-0.4247787610619502,299400.0
603217,2020-12-11,28.24,28.5,27.38,27.58,-0.5500000000000007,-1.9552079630287933,666399.0
603217,2020-12-14,27.57,27.71,27.27,27.7,0.120000000000001,0.435097897026826,294219.0
603217,2020-12-15,27.7,27.7,27.31,27.4,-0.3000000000000007,-1.0830324909747335,346594.0
603217,2020-12-16,27.4,27.4,26.85,26.89,-0.509999999999998,-1.8613138686131347,512233.0
603217,2020-12-17,26.89,27.2,26.29,27.2,0.3099999999999987,1.1528449237634852,473694.0
603217,2020-12-18,27.2,27.3,26.78,26.82,-0.379999999999999,-1.3970588235294068,329220.0
603217,2020-12-21,27.3,27.38,26.71,26.87,0.0500000000000007,0.1864280387770422,269171.0
603217,2020-12-22,26.73,27.28,26.72,26.85,-0.0199999999999995,-0.0744324525493111,352945.0
603217,2020-12-23,26.98,27.31,26.79,27.09,0.2399999999999984,0.893854748603351,272163.0
603217,2020-12-24,27.01,27.24,26.55,26.57,-0.5199999999999996,-1.9195275009228463,291120.0
603217,2020-12-25,26.48,26.86,26.4,26.61,0.0399999999999991,0.1505457282649613,232054.0
603217,2020-12-28,26.8,26.8,26.01,26.08,-0.5300000000000011,-1.9917324314167597,365400.0
603217,2020-12-29,26.22,26.35,25.88,26.05,-0.0299999999999975,-0.1150306748466167,327946.0
603217,2020-12-30,25.84,26.16,25.84,26.04,-0.0100000000000015,-0.0383877159309098,228200.0
603217,2020-12-31,26.15,26.36,26.05,26.31,0.2699999999999996,1.0368663594469971,249857.0
603217,2021-01-04,26.38,26.86,26.25,26.68,0.370000000000001,1.4063093880653854,315320.0
603217,2021-01-05,26.59,26.75,26.33,26.44,-0.2399999999999984,-0.8995502248875464,312619.0
603217,2021-01-06,26.4,26.64,26.0,26.11,-0.3300000000000018,-1.2481089258699063,314302.0
603217,2021-01-07,26.03,26.21,25.07,25.12,-0.9899999999999984,-3.791650708540784,713184.0
603217,2021-01-08,25.13,25.43,24.78,25.27,0.1499999999999985,0.5971337579617764,333600.0
603217,2021-01-11,25.3,25.32,24.32,24.4,-0.870000000000001,-3.442817570241397,582652.0
603217,2021-01-12,24.69,24.73,24.35,24.49,0.0899999999999998,0.3688524590163888,281580.0
603217,2021-01-13,24.65,24.65,23.88,23.92,-0.5699999999999967,-2.3274806043282803,458281.0
603217,2021-01-14,23.96,24.37,23.75,24.16,0.2399999999999984,1.0033444816053505,302982.0
603217,2021-01-15,24.2,24.73,24.15,24.64,0.4800000000000004,1.9867549668874271,285020.0
603217,2021-01-18,24.65,25.05,24.51,24.85,0.2100000000000008,0.8522727272727293,305196.0
603217,2021-01-19,24.86,25.18,24.81,24.9,0.0499999999999971,0.2012072434607548,329354.0
603217,2021-01-20,24.9,25.28,24.7,25.11,0.2100000000000008,0.8433734939758963,345280.0
603217,2021-01-21,25.27,25.27,24.93,24.98,-0.129999999999999,-0.5177220230983659,270740.0
603217,2021-01-22,24.9,24.92,24.57,24.59,-0.3900000000000005,-1.5612489991993606,242380.0
603217,2021-01-25,24.83,24.83,23.9,23.95,-0.6400000000000006,-2.602684017893453,324402.0
603217,2021-01-26,23.95,24.36,23.83,24.31,0.3599999999999994,1.5031315240083387,320734.0
603217,2021-01-27,24.3,24.45,24.01,24.11,-0.1999999999999993,-0.8227067050596393,228053.0
603217,2021-01-28,24.1,24.4,23.93,24.03,-0.0799999999999983,-0.3318125259228477,260940.0
603217,2021-01-29,24.1,24.36,23.4,23.45,-0.5800000000000018,-2.41364960466085,427704.0
603217,2021-02-01,23.4,24.25,23.36,24.12,0.6700000000000017,2.857142857142869,323432.0
603217,2021-02-02,24.12,24.12,23.5,23.73,-0.3900000000000005,-1.6169154228855789,295220.0
603217,2021-02-03,23.9,23.9,23.29,23.3,-0.4299999999999997,-1.8120522545301276,340522.0
603217,2021-02-04,23.29,23.29,22.27,22.46,-0.8399999999999999,-3.6051502145922782,530600.0
603217,2021-02-05,22.5,22.77,22.12,22.14,-0.3200000000000003,-1.4247551202137163,350820.0
603217,2021-02-08,22.2,22.33,21.75,21.82,-0.3200000000000003,-1.445347786811202,431719.0
603217,2021-02-09,21.83,22.35,21.82,22.11,0.2899999999999991,1.3290559120073375,359580.0
603217,2021-02-10,22.3,22.58,22.02,22.42,0.3100000000000023,1.4020805065581232,376720.0
603217,2021-02-18,22.47,23.18,22.47,23.02,0.5999999999999979,2.676181980374648,411033.0
603217,2021-02-19,22.99,24.49,22.9,24.25,1.2300000000000004,5.343179843614254,837340.0
603217,2021-02-22,24.26,25.21,23.95,24.57,0.3200000000000003,1.3195876288659705,1051886.0
603217,2021-02-23,24.57,24.78,24.28,24.54,-0.0300000000000011,-0.1221001221001216,446454.0
603217,2021-02-24,24.75,25.78,24.75,25.1,0.5600000000000023,2.28198859005706,1036158.0
603217,2021-02-25,25.0,25.25,24.42,24.57,-0.5300000000000011,-2.1115537848605648,496302.0
603217,2021-02-26,24.05,24.75,24.05,24.61,0.0399999999999991,0.1628001628001696,388440.0
603217,2021-03-01,24.7,24.98,24.67,24.93,0.3200000000000003,1.3002844372206337,277480.0
603217,2021-03-02,25.08,25.09,24.39,24.6,-0.3299999999999983,-1.3237063778579916,331280.0
603217,2021-03-03,24.48,25.21,24.48,25.0,0.3999999999999986,1.6260162601625885,361300.0
603217,2021-03-04,24.73,25.3,24.7,24.87,-0.129999999999999,-0.5199999999999982,426560.0
603217,2021-03-05,24.82,25.24,24.82,25.18,0.3099999999999987,1.2464817048652987,441860.0
603217,2021-03-08,25.45,25.55,24.84,24.84,-0.3399999999999998,-1.350277998411442,445529.0
603217,2021-03-09,24.84,25.45,24.25,24.83,-0.0100000000000015,-0.0402576489533124,536794.0
603217,2021-03-10,25.35,25.38,24.56,24.64,-0.1899999999999977,-0.7652033830044203,424672.0
603217,2021-03-11,24.66,24.9,24.5,24.64,0.0,0.0,245640.0
603217,2021-03-12,24.72,24.98,24.54,24.67,0.0300000000000011,0.1217532467532533,192040.0
603217,2021-03-15,24.68,24.89,24.5,24.68,0.009999999999998,0.0405350628293499,185220.0
603217,2021-03-16,24.72,25.26,24.68,25.18,0.5,2.0259319286871857,338962.0
603217,2021-03-17,25.18,25.64,24.97,25.54,0.3599999999999994,1.429706115965046,500280.0
603217,2021-03-18,25.5,25.51,25.22,25.39,-0.1499999999999985,-0.587314017227869,322580.0
603217,2021-03-19,25.14,25.5,25.13,25.33,-0.0600000000000022,-0.2363135092556256,469220.0
603217,2021-03-22,25.34,25.75,25.26,25.61,0.2800000000000011,1.105408606395586,275922.0
603217,2021-03-23,25.57,25.62,25.14,25.22,-0.3900000000000005,-1.5228426395939132,322360.0
603217,2021-03-24,25.18,25.29,25.02,25.15,-0.0700000000000002,-0.2775574940523384,304946.0
603217,2021-03-25,25.3,25.3,24.83,24.86,-0.2899999999999991,-1.153081510934395,280622.0
603217,2021-03-26,24.87,25.25,24.8,25.1,0.240000000000002,0.96540627514079,194578.0
603217,2021-03-29,25.44,25.75,25.0,25.71,0.6099999999999994,2.430278884462145,497442.0
603217,2021-03-30,25.85,26.58,25.33,25.33,-0.3800000000000025,-1.4780241151303053,867397.0
603217,2021-03-31,24.8,25.32,24.8,25.02,-0.3099999999999987,-1.2238452427950963,424818.0
603217,2021-04-01,24.91,25.17,24.8,24.8,-0.2199999999999988,-0.8792965627497984,285060.0
603217,2021-04-02,24.8,25.01,24.75,24.87,0.0700000000000002,0.2822580645161388,140820.0
603217,2021-04-06,24.82,25.21,24.81,25.11,0.2399999999999984,0.965018094089265,196080.0
603217,2021-04-07,25.2,25.6,25.12,25.4,0.2899999999999991,1.1549183592194368,358819.0
603217,2021-04-08,25.39,25.5,25.14,25.14,-0.259999999999998,-1.0236220472440882,367320.0
603217,2021-04-09,25.16,25.27,25.0,25.17,0.0300000000000011,0.1193317422434336,279320.0
603217,2021-04-12,25.05,25.24,24.81,24.98,-0.1900000000000012,-0.7548669050456924,329540.0
603217,2021-04-13,24.98,25.09,24.61,24.75,-0.2300000000000004,-0.9207365892714204,274340.0
603217,2021-04-14,24.75,25.02,24.69,24.94,0.1900000000000012,0.7676767676767726,197293.0
603217,2021-04-15,25.15,25.15,24.83,25.09,0.1499999999999985,0.601443464314344,224113.0
603217,2021-04-16,25.1,25.58,25.01,25.32,0.2300000000000004,0.9166998804304604,653602.0
603217,2021-04-19,25.2,26.68,25.2,26.31,0.9899999999999984,3.90995260663507,1249420.0
603217,2021-04-20,26.3,26.31,25.83,25.93,-0.379999999999999,-1.4443177499049775,588840.0
603217,2021-04-21,25.75,26.28,25.73,26.0,0.0700000000000002,0.2699575780948704,471994.0
603217,2021-04-22,26.0,26.21,25.83,26.04,0.0399999999999991,0.1538461538461488,310187.0
603217,2021-04-23,26.06,26.2,25.64,25.76,-0.2799999999999976,-1.075268817204289,315380.0
603217,2021-04-26,25.69,26.08,25.0,25.88,0.1199999999999974,0.4658385093167627,773360.0
603217,2021-04-27,25.52,26.41,25.32,26.13,0.25,0.9659969088098964,808427.0
603217,2021-04-28,27.04,28.28,26.92,27.82,1.6900000000000013,6.467661691542292,2670651.0
603217,2021-04-29,27.88,28.75,27.46,28.2,0.379999999999999,1.3659237958303372,2431810.0
603217,2021-04-30,28.35,28.56,27.89,28.19,-0.009999999999998,-0.0354609929077986,1367514.0
603217,2021-05-06,28.18,28.21,27.67,27.73,-0.4600000000000008,-1.6317843206810956,962182.0
603217,2021-05-07,27.75,28.75,27.7,28.25,0.5199999999999996,1.875225387666779,1221340.0
603217,2021-05-10,28.5,29.2,27.72,27.93,-0.3200000000000003,-1.1327433628318562,1395119.0
603217,2021-05-11,28.01,28.46,27.5,28.46,0.5300000000000011,1.8976011457214617,853736.0
603217,2021-05-12,28.25,28.3,27.9,28.03,-0.4299999999999997,-1.5108924806746304,693924.0
603217,2021-05-13,27.76,28.6,27.76,27.91,-0.120000000000001,-0.4281127363539139,684098.0
603217,2021-05-14,27.84,28.58,27.83,28.2,0.2899999999999991,1.0390541024722255,793320.0
603217,2021-05-17,27.98,29.12,27.92,28.8,0.6000000000000014,2.1276595744680993,1300764.0
603217,2021-05-18,28.91,29.19,28.36,29.06,0.259999999999998,0.9027777777777636,1227039.0
603217,2021-05-19,28.8,29.06,28.52,28.65,-0.4100000000000001,-1.410874053682043,650100.0
603217,2021-05-20,28.63,28.63,28.03,28.07,-0.5799999999999983,-2.0244328097731135,729002.0
603217,2021-05-21,28.11,28.17,27.7,27.79,-0.2800000000000011,-0.9975062344139696,499922.0
603217,2021-05-24,27.81,28.41,27.75,28.23,0.4400000000000013,1.5833033465275426,587262.0
603217,2021-05-25,28.23,28.95,28.06,28.8,0.5700000000000003,2.0191285866099973,765281.0
603217,2021-05-26,28.79,28.98,28.41,28.65,-0.1500000000000021,-0.520833333333337,643764.0
603217,2021-05-27,28.69,28.99,28.45,28.99,0.3399999999999998,1.186736474694583,732135.0
603217,2021-05-28,29.03,29.67,28.34,28.42,-0.5699999999999967,-1.9661952397378335,1042184.0
603217,2021-05-31,28.42,29.97,28.42,29.95,1.5299999999999976,5.383532723434192,2492837.0
603217,2021-06-01,29.96,30.44,29.51,29.7,-0.25,-0.8347245409014992,1709463.0
603217,2021-06-02,29.61,30.12,29.44,29.77,0.0700000000000002,0.2356902356902335,1097710.0
603217,2021-06-03,29.61,30.47,29.55,29.86,0.0899999999999998,0.3023177695666845,1341966.0
603217,2021-06-04,29.77,30.76,29.65,30.44,0.5800000000000018,1.942397856664435,1662251.0
603217,2021-06-07,30.44,30.44,29.8,29.91,-0.5300000000000011,-1.7411300919842332,991247.0
603217,2021-06-08,29.99,29.99,29.15,29.33,-0.5800000000000018,-1.939150785690413,1091576.0
603217,2021-06-09,29.3,29.84,29.21,29.38,0.0500000000000007,0.1704739174906322,697276.0
603217,2021-06-10,29.39,29.85,29.16,29.64,0.2600000000000015,0.8849557522123908,698757.0
603217,2021-06-11,29.68,29.78,29.21,29.42,-0.2199999999999988,-0.7422402159244279,736802.0
603217,2021-06-15,29.39,29.39,27.42,27.71,-1.7100000000000009,-5.812372535690013,1434196.0
603217,2021-06-16,27.8,28.04,27.47,27.61,-0.1000000000000014,-0.3608805485384336,663102.0
603217,2021-06-17,27.55,28.15,27.55,27.95,0.3399999999999998,1.231437884824338,456402.0
603217,2021-06-18,27.95,28.1,27.66,27.85,-0.0999999999999978,-0.3577817531305816,526540.0
603217,2021-06-21,27.98,28.49,27.62,28.38,0.5299999999999976,1.903052064631949,698233.0
603217,2021-06-22,28.5,28.67,28.06,28.17,-0.2099999999999973,-0.7399577167018889,577248.0
603217,2021-06-23,28.31,28.84,28.18,28.82,0.6499999999999986,2.3074192403265803,756580.0
603217,2021-06-24,28.82,28.92,28.37,28.58,-0.240000000000002,-0.8327550312283161,575343.0
603217,2021-06-25,28.43,28.66,28.31,28.59,0.0100000000000015,0.0349895031490632,397740.0
603217,2021-06-28,28.61,28.64,28.34,28.41,-0.1799999999999997,-0.6295907660020972,460260.0
603217,2021-06-29,28.5,28.68,28.0,28.08,-0.3300000000000018,-1.1615628299894487,542340.0
603217,2021-06-30,27.9,28.41,27.79,27.86,-0.2199999999999988,-0.7834757834757844,669860.0
603217,2021-07-01,28.0,29.33,27.73,28.78,0.9200000000000016,3.3022254127781814,1375541.0
603217,2021-07-02,28.64,28.78,27.61,28.0,-0.7800000000000011,-2.710215427380125,1088719.0
603217,2021-07-05,27.7,28.04,27.57,27.86,-0.1400000000000005,-0.5000000000000004,635000.0
603217,2021-07-06,27.91,28.78,27.75,28.7,0.8399999999999999,3.015075376884413,1354120.0
603217,2021-07-07,28.65,28.8,28.34,28.49,-0.2100000000000008,-0.7317073170731714,1015562.0
603217,2021-07-08,28.6,28.6,28.08,28.19,-0.2999999999999971,-1.053001053001046,721592.0
603217,2021-07-09,28.17,31.01,28.11,31.01,2.8200000000000003,10.003547357218867,3657164.0
603217,2021-07-12,33.29,34.11,31.93,32.34,1.3300000000000018,4.288939051918739,7007833.0
603217,2021-07-13,32.23,32.59,31.4,31.4,-0.9400000000000048,-2.9066171923314954,3296595.0
603217,2021-07-14,31.88,32.08,31.29,31.5,0.1000000000000014,0.3184713375796288,1928017.0
603217,2021-07-15,31.38,34.49,31.04,33.79,2.289999999999999,7.269841269841271,4265968.0
603217,2021-07-16,35.0,37.17,35.0,37.17,3.3800000000000026,10.002959455460214,6568602.0
603217,2021-07-19,39.0,40.89,38.32,39.91,2.739999999999995,7.371536185095495,12554159.0
603217,2021-07-20,39.88,43.9,38.58,43.9,3.990000000000002,9.997494362315209,11948497.0
603217,2021-07-21,42.01,45.0,41.6,43.36,-0.5399999999999991,-1.2300683371298415,8226271.0
603217,2021-07-22,43.56,43.74,41.3,42.1,-1.259999999999998,-2.905904059040587,6131813.0
603217,2021-07-23,42.18,42.88,39.56,39.85,-2.25,-5.344418052256527,6277559.0
603217,2021-07-26,40.33,40.62,38.85,39.99,0.1400000000000005,0.3513174404015107,4155292.0
603217,2021-07-27,39.95,40.88,38.78,39.35,-0.6400000000000006,-1.6004001000250123,3974222.0
603217,2021-07-28,37.62,38.5,35.9,36.83,-2.520000000000003,-6.40406607369759,4222460.0
603217,2021-07-29,37.83,38.58,36.91,37.46,0.6300000000000026,1.7105620418137455,4391605.0
603217,2021-07-30,37.44,39.2,36.5,38.65,1.1899999999999975,3.1767218366257177,3558902.0
603217,2021-08-02,38.3,39.49,38.0,39.48,0.8299999999999983,2.147477360931438,2777913.0
603217,2021-08-03,40.0,40.0,37.62,38.45,-1.029999999999994,-2.608915906788234,2341919.0
603217,2021-08-04,38.45,41.18,37.31,40.72,2.269999999999996,5.903771131339397,3174820.0
603217,2021-08-05,40.75,40.75,38.29,38.52,-2.1999999999999957,-5.402750491159125,2412913.0
603217,2021-08-06,37.98,39.77,36.38,37.75,-0.7700000000000031,-1.9989615784008377,3252620.0
603217,2021-08-09,37.74,40.2,37.5,39.72,1.9699999999999989,5.218543046357604,2913200.0
603217,2021-08-10,39.0,40.49,38.45,38.69,-1.0300000000000011,-2.593152064451165,2536846.0
603217,2021-08-11,38.01,38.95,37.86,38.16,-0.5300000000000011,-1.3698630136986356,2110007.0
603217,2021-08-12,37.9,39.4,37.8,38.36,0.2000000000000028,0.524109014675056,1747118.0
603217,2021-08-13,39.2,42.2,38.4,42.2,3.8400000000000034,10.010427528675711,1495640.0
603217,2021-08-16,42.41,45.69,40.7,40.88,-1.3200000000000005,-3.127962085308056,6632793.0
603217,2021-08-17,41.31,41.33,37.55,37.6,-3.280000000000001,-8.023483365949124,4710243.0
603217,2021-08-18,37.2,39.15,37.2,38.22,0.6199999999999974,1.6489361702127558,3058260.0
603217,2021-08-19,38.79,41.37,38.28,39.61,1.3900000000000006,3.636839351125065,4185240.0
603217,2021-08-20,39.73,41.19,38.88,39.4,-0.2100000000000008,-0.5301691492047511,3234962.0
603217,2021-08-23,40.46,43.34,40.42,43.34,3.940000000000005,10.000000000000009,4339923.0
603217,2021-08-24,44.75,47.39,43.05,46.95,3.609999999999999,8.329487771112131,5980652.0
603217,2021-08-25,47.12,48.34,46.0,47.45,0.5,1.0649627263045858,3878513.0
603217,2021-08-26,47.45,51.65,47.45,49.3,1.8499999999999943,3.898840885142252,4556215.0
603217,2021-08-27,52.1,53.98,45.73,49.15,-0.1499999999999985,-0.3042596348884374,9521045.0
603217,2021-08-30,50.28,51.03,45.0,46.24,-2.9099999999999966,-5.920651068158689,8096129.0
603217,2021-08-31,45.67,47.5,45.5,46.44,0.1999999999999957,0.4325259515570945,4521840.0
603217,2021-09-01,46.88,47.5,44.6,45.0,-1.4399999999999975,-3.100775193798444,3640662.0
603217,2021-09-02,45.02,46.6,44.55,45.39,0.3900000000000005,0.86666666666666,2705138.0
603217,2021-09-03,45.0,45.56,43.2,43.55,-1.8400000000000032,-4.053756333994274,3654326.0
603217,2021-09-06,43.7,44.0,42.52,43.45,-0.0999999999999943,-0.2296211251434976,2092495.0
603217,2021-09-07,43.67,44.58,42.71,43.88,0.4299999999999997,0.989643268124274,3073561.0
603217,2021-09-08,43.35,45.0,43.35,44.78,0.8999999999999986,2.051048313582493,2447141.0
603217,2021-09-09,44.15,46.23,44.15,46.23,1.4499999999999955,3.2380527020991368,2862138.0
603217,2021-09-10,46.23,46.24,41.7,42.39,-3.839999999999996,-8.306294613887077,4553982.0
603217,2021-09-13,42.49,43.07,40.99,42.86,0.4699999999999988,1.1087520641660742,3111524.0
603217,2021-09-14,42.86,42.87,40.67,41.62,-1.240000000000002,-2.8931404573028563,3171964.0
603217,2021-09-15,41.62,42.49,41.02,42.08,0.4600000000000008,1.1052378664103912,2058100.0
603217,2021-09-16,42.39,42.39,40.3,40.66,-1.4200000000000017,-3.374524714828897,2289523.0
603217,2021-09-17,41.13,41.56,40.24,40.74,0.0800000000000054,0.196753566158403,2151960.0
603217,2021-09-22,40.85,41.25,39.39,41.1,0.3599999999999994,0.8836524300441795,2045596.0
603217,2021-09-23,41.1,43.18,39.43,42.54,1.4399999999999975,3.5036496350364876,4435324.0
603217,2021-09-24,42.16,42.85,41.48,42.6,0.0600000000000022,0.1410437235543016,3010433.0
603217,2021-09-27,43.65,46.86,39.98,43.5,0.8999999999999986,2.112676056338026,7840403.0
603217,2021-09-28,41.05,42.45,39.38,40.34,-3.1599999999999966,-7.264367816091943,5360377.0
603217,2021-09-29,39.8,44.3,39.67,43.2,2.859999999999999,7.089737233515114,5780972.0
603217,2021-09-30,44.14,44.14,41.56,43.3,0.0999999999999943,0.2314814814814658,2981036.0
603217,2021-10-08,44.16,45.2,41.72,41.86,-1.4399999999999975,-3.3256351039260945,2857619.0
603217,2021-10-11,42.02,43.48,40.5,42.62,0.759999999999998,1.815575728619212,2361198.0
603217,2021-10-12,42.48,42.57,38.92,39.5,-3.1199999999999974,-7.320506804317217,2948215.0
603217,2021-10-13,39.72,39.97,37.53,38.07,-1.4299999999999995,-3.620253164556963,2305062.0
603217,2021-10-14,38.14,39.78,37.43,39.6,1.5300000000000011,4.018912529550822,1761720.0
603217,2021-10-15,39.36,39.79,38.43,38.88,-0.7199999999999989,-1.8181818181818188,1707940.0
603217,2021-10-18,38.84,41.5,37.76,41.13,2.25,5.787037037037046,2505280.0
603217,2021-10-19,40.93,45.24,40.51,45.24,4.109999999999999,9.992706053975198,3496942.0
603217,2021-10-20,45.24,47.73,44.54,47.36,2.1199999999999974,4.686118479221912,4781871.0
603217,2021-10-21,47.5,48.3,46.0,47.49,0.1300000000000025,0.2744932432432456,3537220.0
603217,2021-10-22,47.65,47.83,46.23,46.91,-0.5800000000000054,-1.2213097494209402,1848650.0
603217,2021-10-25,47.42,47.44,45.2,45.85,-1.0599999999999952,-2.259646130888926,2147373.0
603217,2021-10-26,46.6,46.6,44.64,45.37,-0.480000000000004,-1.0468920392584624,1693690.0
603217,2021-10-27,45.14,45.95,44.46,44.68,-0.6899999999999977,-1.5208287414591126,1885270.0
603217,2021-10-28,45.51,46.35,43.05,43.5,-1.1799999999999995,-2.641002685765448,2621001.0
603217,2021-10-29,43.57,45.18,42.86,43.08,-0.4200000000000017,-0.96551724137931,1952925.0
603217,2021-11-01,42.91,44.39,42.75,43.09,0.0100000000000051,0.0232126276694666,2027440.0
603217,2021-11-02,43.16,43.45,40.5,41.0,-2.0900000000000034,-4.85031329774891,2568940.0
603217,2021-11-03,40.65,41.49,40.2,40.88,-0.1199999999999974,-0.2926829268292574,1534862.0
603217,2021-11-04,40.95,41.0,39.9,40.28,-0.6000000000000014,-1.4677103718199636,1319269.0
603217,2021-11-05,39.9,40.27,38.65,39.07,-1.2100000000000009,-3.0039721946375386,1580640.0
603217,2021-11-08,39.02,39.65,38.18,39.17,0.1000000000000014,0.2559508574353719,1472610.0
603217,2021-11-09,39.17,39.6,38.88,39.49,0.3200000000000003,0.8169517487873312,1121732.0
603217,2021-11-10,41.0,42.47,39.46,40.85,1.3599999999999994,3.443909850595084,3112032.0
603217,2021-11-11,40.44,42.65,40.2,42.35,1.5,3.6719706242350103,2645262.0
603217,2021-11-12,41.53,42.95,41.53,41.85,-0.5,-1.1806375442739103,1451058.0
603217,2021-11-15,41.5,42.82,41.5,42.01,0.1599999999999966,0.382317801672638,1468924.0
603217,2021-11-16,42.19,42.38,40.6,40.77,-1.2399999999999949,-2.951678171863825,1681330.0
603217,2021-11-17,40.65,42.15,40.55,42.06,1.2899999999999991,3.164091243561451,1631160.0
603217,2021-11-18,42.37,42.37,40.0,41.0,-1.0600000000000025,-2.520209224916792,1351900.0
603217,2021-11-19,41.0,41.5,40.67,41.1,0.1000000000000014,0.2439024390243904,1320520.0
603217,2021-11-22,41.1,41.73,40.56,40.62,-0.480000000000004,-1.167883211678844,1155073.0
603217,2021-11-23,40.72,41.12,40.0,40.45,-0.1699999999999946,-0.4185130477597165,1164060.0
603217,2021-11-24,40.24,40.73,39.81,40.3,-0.1500000000000056,-0.370828182941918,1169100.0
603217,2021-11-25,40.2,41.77,39.92,41.18,0.8800000000000026,2.1836228287841264,1427820.0
603217,2021-11-26,41.11,41.11,39.8,40.56,-0.6199999999999974,-1.5055852355512322,1973736.0
603217,2021-11-29,40.21,43.48,39.52,43.36,2.799999999999997,6.903353057199202,3870642.0
603217,2021-11-30,43.37,43.8,41.4,42.0,-1.3599999999999994,-3.136531365313655,3192560.0
603217,2021-12-01,41.99,43.39,41.33,43.24,1.240000000000002,2.9523809523809508,2750720.0
603217,2021-12-02,43.48,44.42,42.36,44.01,0.769999999999996,1.7807585568917483,2919495.0
603217,2021-12-03,44.11,47.85,44.1,44.85,0.8400000000000034,1.9086571233810632,4219623.0
603217,2021-12-06,44.85,47.83,44.8,45.3,0.4499999999999957,1.0033444816053505,3611124.0
603217,2021-12-07,45.02,46.7,42.71,42.94,-2.359999999999999,-5.209713024282559,3037800.0
603217,2021-12-08,43.19,45.59,43.19,44.2,1.2600000000000051,2.9343269678621553,2444432.0
603217,2021-12-09,44.18,44.77,42.6,43.79,-0.4100000000000037,-0.9276018099547588,2361821.0
603217,2021-12-10,43.41,43.95,43.15,43.41,-0.3800000000000025,-0.8677780315140549,1115285.0
603217,2021-12-13,43.4,43.6,42.28,42.53,-0.8799999999999955,-2.0271826768025747,1864009.0
603217,2021-12-14,42.5,42.7,41.06,41.18,-1.3500000000000014,-3.174229955325658,1962460.0
603217,2021-12-15,41.2,41.81,40.7,41.01,-0.1700000000000017,-0.412821758135018,1408760.0
603217,2021-12-16,41.06,41.76,40.84,41.55,0.5399999999999991,1.3167520117044695,1286027.0
603217,2021-12-17,41.73,45.71,41.6,45.71,4.160000000000004,10.01203369434418,4748571.0
603217,2021-12-20,45.48,48.96,45.0,46.62,0.9099999999999966,1.9908116385911168,8291163.0
603217,2021-12-21,46.9,48.0,45.51,47.92,1.3000000000000045,2.7885027885028,4980260.0
603217,2021-12-22,47.11,47.81,46.05,47.16,-0.7600000000000051,-1.5859766277128706,2718863.0
603217,2021-12-23,47.49,48.64,46.52,48.12,0.9600000000000009,2.035623409669207,3667221.0
603217,2021-12-24,48.1,49.35,47.12,47.2,-0.9199999999999946,-1.9118869492934176,2780097.0
603217,2021-12-27,46.65,47.95,46.0,46.29,-0.9100000000000036,-1.9279661016949223,2559140.0
603217,2021-12-28,46.56,46.56,45.1,46.0,-0.2899999999999991,-0.62648520198747,2221740.0
603217,2021-12-29,46.28,49.4,45.82,48.55,2.549999999999997,5.543478260869561,3301738.0
603217,2021-12-30,48.14,49.48,47.35,48.19,-0.3599999999999994,-0.7415036045314127,2770080.0
603217,2021-12-31,50.38,51.44,49.33,50.68,2.490000000000002,5.167047105208544,3485246.0
603217,2022-01-04,50.76,51.44,48.38,48.43,-2.25,-4.439621152328332,2917586.0
603217,2022-01-05,48.88,49.8,46.98,46.98,-1.4500000000000028,-2.9940119760479056,2296700.0
603217,2022-01-06,47.88,48.03,46.47,47.35,0.3700000000000045,0.7875691783737926,1883400.0
603217,2022-01-07,47.66,48.32,46.5,47.01,-0.3400000000000034,-0.7180570221753002,1878880.0
603217,2022-01-10,46.66,47.3,45.7,46.9,-0.1099999999999994,-0.2339927674962716,1208601.0
603217,2022-01-11,46.9,48.66,45.2,45.37,-1.5300000000000011,-3.262260127931771,2787161.0
603217,2022-01-12,45.32,47.25,45.01,47.15,1.7800000000000011,3.923297333039466,3213027.0
603217,2022-01-13,47.15,47.35,45.76,45.88,-1.269999999999996,-2.6935312831389058,2406867.0
603217,2022-01-14,45.67,46.17,45.33,45.54,-0.3400000000000034,-0.7410636442894636,1327180.0
603217,2022-01-17,45.33,46.85,44.67,46.68,1.1400000000000006,2.5032938076416267,1928881.0
603217,2022-01-18,46.7,46.71,44.68,45.13,-1.5499999999999972,-3.3204798628963084,1801080.0
603217,2022-01-19,45.13,45.58,43.78,44.15,-0.980000000000004,-2.171504542432978,1462920.0
603217,2022-01-20,44.16,44.97,42.19,42.44,-1.7100000000000009,-3.873159682899208,1753240.0
603217,2022-01-21,42.4,42.4,38.58,39.11,-3.3299999999999983,-7.846371347785109,5354948.0
603217,2022-01-24,39.08,41.17,38.63,39.54,0.4299999999999997,1.0994630529276297,2693848.0
603217,2022-01-25,39.55,40.78,39.2,39.24,-0.2999999999999971,-0.7587253414263917,2053266.0
603217,2022-01-26,39.7,40.91,39.27,40.61,1.3699999999999974,3.491335372069315,2116840.0
603217,2022-01-27,40.51,40.99,39.0,39.56,-1.0499999999999972,-2.585570056636288,2066157.0
603217,2022-01-28,39.56,39.74,38.02,39.0,-0.5600000000000023,-1.4155712841253831,1570588.0
603217,2022-02-07,39.5,40.08,39.18,39.97,0.9699999999999988,2.4871794871794917,1261255.0
603217,2022-02-08,39.83,40.7,39.3,40.7,0.730000000000004,1.8263697773330143,1547668.0
603217,2022-02-09,41.0,41.0,39.65,40.29,-0.4100000000000037,-1.0073710073710165,1707756.0
603217,2022-02-10,40.06,40.4,39.16,39.42,-0.8699999999999974,-2.159344750558445,1374540.0
603217,2022-02-11,39.28,39.5,38.6,38.7,-0.7199999999999989,-1.82648401826484,1008120.0
603217,2022-02-14,38.7,39.09,38.2,38.4,-0.3000000000000042,-0.7751937984496249,827100.0
603217,2022-02-15,38.68,38.72,37.92,38.53,0.1300000000000025,0.3385416666666696,671400.0
603217,2022-02-16,38.92,40.19,38.9,39.98,1.4499999999999955,3.763301323643908,1566199.0
603217,2022-02-17,39.8,42.0,39.8,40.73,0.75,1.8759379689844868,2261329.0
603217,2022-02-18,39.98,40.6,39.72,40.37,-0.3599999999999994,-0.8838693837466272,1173453.0
603217,2022-02-21,40.19,40.88,40.04,40.77,0.4000000000000057,0.990834778300731,934327.0
603217,2022-02-22,40.61,41.07,40.09,40.87,0.0999999999999943,0.2452783909737466,908460.0
603217,2022-02-23,40.65,42.3,40.65,42.2,1.3300000000000054,3.2542206997798084,1358420.0
603217,2022-02-24,42.31,42.51,41.01,41.26,-0.9400000000000048,-2.227488151658774,2158686.0
603217,2022-02-25,41.87,42.88,41.8,42.56,1.3000000000000045,3.1507513330101933,1548046.0
603217,2022-02-28,42.73,43.5,41.9,43.33,0.769999999999996,1.8092105263157745,1288640.0
603217,2022-03-01,43.4,44.29,42.75,43.55,0.2199999999999988,0.5077313639510805,1312875.0
603217,2022-03-02,43.88,44.87,43.27,44.52,0.970000000000006,2.2273249138920814,1707103.0
603217,2022-03-03,44.51,44.89,43.87,44.68,0.1599999999999966,0.3593890386343057,1587416.0
603217,2022-03-04,44.21,44.97,44.0,44.7,0.0200000000000031,0.0447627573858522,1281900.0
603217,2022-03-07,44.0,44.75,42.87,44.0,-0.7000000000000028,-1.5659955257270708,1671297.0
603217,2022-03-08,44.07,44.35,42.66,43.4,-0.6000000000000014,-1.3636363636363669,1419880.0
603217,2022-03-09,43.54,43.95,40.83,42.67,-0.7299999999999969,-1.6820276497695796,1415392.0
603217,2022-03-10,44.07,44.38,43.25,43.4,0.7299999999999969,1.7108038434497264,1190127.0
603217,2022-03-11,43.1,44.15,42.59,44.11,0.7100000000000009,1.635944700460823,968050.0
603217,2022-03-14,43.6,43.74,42.8,42.91,-1.2000000000000028,-2.720471548401726,1032060.0
603217,2022-03-15,42.61,42.91,40.0,40.17,-2.739999999999995,-6.385457935213223,1137460.0
603217,2022-03-16,41.36,41.69,39.03,41.57,1.3999999999999986,3.485187951207358,1004581.0
603217,2022-03-17,42.01,42.96,41.34,41.84,0.2700000000000031,0.6495068559057016,1740980.0
603217,2022-03-18,42.0,45.91,41.51,43.89,2.049999999999997,4.899617590822181,2539167.0
603217,2022-03-21,43.89,44.6,43.18,43.96,0.0700000000000002,0.1594896331738482,2009344.0
603217,2022-03-22,43.96,43.96,42.59,42.7,-1.259999999999998,-2.86624203821656,1404793.0
603217,2022-03-23,42.7,44.72,42.39,44.65,1.9499999999999955,4.566744730679151,2747214.0
603217,2022-03-24,44.2,45.18,43.77,44.85,0.2000000000000028,0.4479283314669624,1964481.0
603217,2022-03-25,44.9,45.1,43.71,43.75,-1.1000000000000014,-2.4526198439241975,1256095.0
603217,2022-03-28,43.2,44.15,42.88,43.35,-0.3999999999999986,-0.914285714285712,850780.0
603217,2022-03-29,43.31,44.44,43.0,43.25,-0.1000000000000014,-0.2306805074971163,902695.0
603217,2022-03-30,43.29,45.8,43.27,45.75,2.5,5.780346820809257,1944100.0
603217,2022-03-31,45.45,46.98,45.1,46.04,0.2899999999999991,0.6338797814207542,2503335.0
603217,2022-04-01,45.8,48.29,45.65,47.3,1.259999999999998,2.7367506516073004,2609881.0
603217,2022-04-06,46.77,47.07,45.0,45.3,-2.0,-4.228329809725162,2265908.0
603217,2022-04-07,45.0,46.25,44.5,44.56,-0.7399999999999949,-1.6335540838852023,1516240.0
603217,2022-04-08,44.58,45.53,43.61,45.19,0.6299999999999955,1.4138240574506078,1799834.0
603217,2022-04-11,44.6,45.19,41.88,41.99,-3.1999999999999957,-7.081212657667613,1748940.0
603217,2022-04-12,41.8,43.0,41.8,42.95,0.9600000000000009,2.286258633007865,1205330.0
603217,2022-04-13,42.69,42.99,41.48,42.23,-0.720000000000006,-1.6763678696158468,1038500.0
603217,2022-04-14,42.68,42.68,40.85,41.78,-0.4499999999999957,-1.065593180203639,1411800.0
603217,2022-04-15,41.62,41.62,40.41,40.82,-0.9600000000000009,-2.297750119674491,892200.0
603217,2022-04-18,40.87,40.87,39.87,40.67,-0.1499999999999985,-0.3674669279764786,730257.0
603217,2022-04-19,40.45,41.27,39.4,39.79,-0.8800000000000026,-2.163757069092709,1429940.0
603217,2022-04-20,40.0,40.65,38.0,39.3,-0.490000000000002,-1.2314651922593622,1618080.0
603217,2022-04-21,39.0,39.29,36.6,36.6,-2.6999999999999957,-6.8702290076335775,2004600.0
603217,2022-04-22,36.75,36.99,34.8,35.95,-0.6499999999999986,-1.775956284153002,1698270.0
603217,2022-04-25,35.28,35.28,32.36,32.39,-3.5600000000000023,-9.902642559109877,1895355.0
603217,2022-04-26,32.98,32.98,30.78,30.87,-1.5199999999999996,-4.692806421735107,1630300.0
603217,2022-04-27,30.6,33.58,29.8,33.38,2.5100000000000016,8.130871396177518,2115426.0
603217,2022-04-28,35.02,36.72,35.01,36.32,2.9399999999999977,8.807669263031759,4089227.0
603217,2022-04-29,36.73,39.45,36.13,38.53,2.210000000000001,6.0848017621145445,3103427.0
603217,2022-05-05,38.57,42.38,38.56,42.38,3.8500000000000014,9.992213859330402,3843483.0
603217,2022-05-06,42.06,42.49,40.51,41.66,-0.720000000000006,-1.698914582350175,2206819.0
603217,2022-05-09,41.58,43.26,41.07,43.1,1.4400000000000048,3.456553048487776,2011960.0
603217,2022-05-10,42.39,43.1,42.03,42.95,-0.1499999999999985,-0.3480278422273719,1729894.0
603217,2022-05-11,42.88,46.31,42.25,43.97,1.019999999999996,2.374854481955757,2747600.0
603217,2022-05-12,44.02,45.0,43.77,44.38,0.4100000000000037,0.9324539458722024,1219723.0
603217,2022-05-13,44.84,44.99,43.3,44.05,-0.3300000000000054,-0.7435781883731507,1127158.0
603217,2022-05-16,44.19,45.14,44.08,44.18,0.1300000000000025,0.2951191827468946,1339379.0
603217,2022-05-17,44.23,44.52,43.58,44.4,0.2199999999999988,0.4979628791308199,1134060.0
603217,2022-05-18,44.18,44.64,43.5,43.95,-0.4499999999999957,-1.0135135135135087,1007782.0
603217,2022-05-19,43.51,44.55,43.01,44.43,0.4799999999999969,1.0921501706484538,1214878.0
603217,2022-05-20,44.95,48.47,44.93,48.2,3.770000000000003,8.485257708755345,2547992.0
603217,2022-05-23,49.0,50.0,48.2,48.44,0.2399999999999948,0.4979253112033177,2919480.0
603217,2022-05-24,48.41,49.88,47.8,47.95,-0.4899999999999949,-1.011560693641611,3111137.0
603217,2022-05-25,48.09,48.09,44.78,46.0,-1.9500000000000028,-4.066736183524511,2824822.0
603217,2022-05-26,28.47,29.5,27.88,28.6,-17.4,-37.826086956521735,2806400.0
603217,2022-05-27,28.22,30.17,27.9,29.46,0.8599999999999994,3.0069930069930084,5070739.0
603217,2022-05-30,29.8,29.8,28.0,29.06,-0.4000000000000021,-1.357773251866945,3966515.0
603217,2022-05-31,29.19,30.0,28.9,29.2,0.1400000000000005,0.4817618719889838,2862612.0
603217,2022-06-01,29.23,29.71,28.53,29.27,0.0700000000000002,0.2397260273972579,2232722.0
603217,2022-06-02,29.0,29.23,28.52,28.59,-0.6799999999999997,-2.3231978134608755,2494335.0
603217,2022-06-06,28.32,29.96,28.19,29.81,1.2199999999999989,4.267226302903104,3110577.0
603217,2022-06-07,29.46,29.9,28.84,28.95,-0.8599999999999994,-2.88493794028849,2082168.0
603217,2022-06-08,28.78,30.45,28.73,29.85,0.9000000000000021,3.1088082901554515,3452253.0
603217,2022-06-09,29.8,29.8,28.41,28.49,-1.360000000000003,-4.5561139028475806,3134283.0
603217,2022-06-10,28.49,31.34,28.27,31.34,2.8500000000000014,10.003510003510009,6925140.0
603217,2022-06-13,31.71,32.28,30.66,31.75,0.4100000000000001,1.3082322910019206,7196473.0
603217,2022-06-14,31.26,32.32,31.11,31.95,0.1999999999999993,0.6299212598425141,4951123.0
603217,2022-06-15,32.02,34.75,31.65,33.7,1.7500000000000036,5.477308294209715,8121036.0
603217,2022-06-16,33.63,34.3,32.78,34.07,0.3699999999999974,1.0979228486646786,6309610.0
603217,2022-06-17,33.89,34.45,33.22,33.6,-0.4699999999999988,-1.3795127678309371,4498139.0
603217,2022-06-20,33.6,34.59,33.4,33.66,0.0599999999999951,0.1785714285714057,4529661.0
603217,2022-06-21,33.9,33.9,31.39,31.58,-2.0799999999999983,-6.179441473559111,5651887.0
603217,2022-06-22,32.0,32.12,30.9,30.95,-0.629999999999999,-1.9949335022165893,4643985.0
603217,2022-06-23,30.9,32.08,30.71,31.72,0.7699999999999996,2.487883683360259,3051759.0
603217,2022-06-24,31.65,32.49,31.0,32.25,0.5300000000000011,1.6708701134930726,3426532.0
603217,2022-06-27,32.25,32.36,31.0,31.09,-1.16,-3.596899224806205,4155802.0
603217,2022-06-28,31.1,31.55,30.6,30.83,-0.2600000000000015,-0.8362817626246466,3350264.0
603217,2022-06-29,30.63,30.9,29.25,29.38,-1.4499999999999993,-4.7032111579630165,4707811.0
603217,2022-06-30,29.45,29.79,29.0,29.41,0.0300000000000011,0.1021102791014305,2307013.0
603217,2022-07-01,29.56,30.65,29.36,30.44,1.0300000000000011,3.5022101326079635,3260308.0
603217,2022-07-04,30.29,32.1,30.15,32.09,1.650000000000002,5.420499342969776,4597000.0
603217,2022-07-05,32.03,32.03,30.31,31.07,-1.0200000000000031,-3.178560299158628,5086722.0
603217,2022-07-06,30.81,31.36,30.17,30.49,-0.5800000000000018,-1.8667524943675629,2313538.0
603217,2022-07-07,30.69,31.5,30.15,31.24,0.75,2.4598228927517285,2942656.0
603217,2022-07-08,31.24,31.68,29.98,30.13,-1.1099999999999994,-3.5531370038412224,2542795.0
603217,2022-07-11,30.19,30.45,29.65,29.9,-0.2300000000000004,-0.7633587786259555,1979420.0
603217,2022-07-12,29.7,30.09,28.81,28.89,-1.009999999999998,-3.3779264214046756,2207699.0
603217,2022-07-13,29.03,29.09,28.3,28.81,-0.0800000000000018,-0.2769124264451417,1582327.0
603217,2022-07-14,28.68,29.32,28.53,29.18,0.370000000000001,1.2842762929538454,2660520.0
603217,2022-07-15,30.02,32.1,30.02,32.1,2.9200000000000017,10.006854009595624,7265475.0
603217,2022-07-18,32.58,35.31,32.58,35.31,3.210000000000001,10.000000000000009,11022556.0
603217,2022-07-19,36.15,36.8,35.32,35.66,0.3499999999999943,0.9912206173888328,11680545.0
603217,2022-07-20,36.38,36.5,34.38,35.45,-0.2099999999999937,-0.588895120583266,8364401.0
603217,2022-07-21,35.7,37.78,35.45,36.66,1.2099999999999935,3.413258110014094,8316897.0
603217,2022-07-22,36.72,38.09,35.7,35.96,-0.6999999999999957,-1.909438079650838,5042758.0
603217,2022-07-25,36.09,36.29,35.23,35.31,-0.6499999999999986,-1.807563959955505,3428782.0
603217,2022-07-26,35.49,35.95,34.65,35.44,0.1299999999999954,0.368167657887275,3375131.0
603217,2022-07-27,36.03,37.97,35.86,36.66,1.2199999999999989,3.442437923250563,6894134.0
603217,2022-07-28,36.34,37.63,35.93,37.15,0.490000000000002,1.33660665575559,5386587.0
603217,2022-07-29,37.13,38.32,36.54,37.38,0.2300000000000039,0.6191117092866794,4999214.0
603217,2022-08-01,37.55,41.12,37.52,41.12,3.739999999999995,10.005350454788651,7262243.0
603217,2022-08-02,40.91,40.91,38.94,39.38,-1.7399999999999949,-4.231517509727611,7349584.0
603217,2022-08-03,40.0,40.64,37.58,37.85,-1.5300000000000011,-3.885220924327071,6635566.0
603217,2022-08-04,37.46,38.25,36.0,37.0,-0.8500000000000014,-2.245706737120212,6806356.0
603217,2022-08-05,37.43,37.7,36.5,37.05,0.0499999999999971,0.1351351351351226,3702506.0
603217,2022-08-08,36.9,38.54,36.36,37.65,0.6000000000000014,1.61943319838056,3671181.0
603217,2022-08-09,37.68,38.22,37.2,38.0,0.3500000000000014,0.9296148738379806,3479934.0
603217,2022-08-10,37.98,40.66,37.0,40.02,2.020000000000003,5.315789473684229,5519191.0
603217,2022-08-11,39.72,42.48,39.51,41.94,1.9199999999999944,4.797601199400292,5375477.0
603217,2022-08-12,41.95,41.95,39.5,39.59,-2.3499999999999943,-5.603242727706236,4382090.0
603217,2022-08-15,39.67,41.41,39.53,41.31,1.7199999999999989,4.344531447335176,4161420.0
603217,2022-08-16,40.47,41.45,40.14,40.94,-0.3700000000000045,-0.8956669087388125,2923662.0
603217,2022-08-17,40.77,40.8,39.38,39.98,-0.9600000000000009,-2.344894968246214,3412352.0
603217,2022-08-18,39.62,40.15,38.4,38.98,-1.0,-2.5012506253126565,5189272.0
603217,2022-08-19,39.34,39.75,36.86,37.05,-1.9299999999999995,-4.9512570548999495,6112576.0
603217,2022-08-22,37.05,37.4,35.83,36.8,-0.25,-0.6747638326585648,3958786.0
603217,2022-08-23,36.65,37.52,36.53,36.69,-0.1099999999999994,-0.298913043478255,2631954.0
603217,2022-08-24,36.6,37.15,34.67,34.91,-1.7800000000000011,-4.851458162987199,3744352.0
603217,2022-08-25,34.69,35.25,33.3,34.14,-0.769999999999996,-2.2056717272987525,3536172.0
603217,2022-08-26,34.16,34.83,33.03,33.45,-0.6899999999999977,-2.0210896309314497,2895567.0
603217,2022-08-29,33.06,34.63,32.3,34.0,0.5499999999999972,1.6442451420029869,4508740.0
603217,2022-08-30,34.01,34.29,32.88,33.63,-0.3699999999999974,-1.0882352941176343,3240348.0
603217,2022-08-31,33.64,33.78,31.15,31.42,-2.210000000000001,-6.571513529586682,4624516.0
603217,2022-09-01,31.47,32.07,31.0,31.41,-0.0100000000000015,-0.0318268618714201,3015204.0
603217,2022-09-02,31.39,34.48,31.39,33.5,2.09,6.653931868831586,5221028.0
603217,2022-09-05,33.62,33.85,32.6,32.75,-0.75,-2.238805970149249,2591352.0
603217,2022-09-06,32.94,34.4,32.94,34.09,1.3400000000000034,4.091603053435122,3458071.0
603217,2022-09-07,34.0,34.44,33.41,33.69,-0.4000000000000057,-1.1733646230566277,2856829.0
603217,2022-09-08,33.63,33.97,33.0,33.05,-0.6400000000000006,-1.8996734936182813,1930804.0
603217,2022-09-09,32.99,33.25,31.9,32.5,-0.5499999999999972,-1.6641452344931862,2493562.0
603217,2022-09-13,32.48,33.44,32.34,32.9,0.3999999999999986,1.2307692307692353,1797214.0
603217,2022-09-14,32.06,33.0,32.0,32.27,-0.6299999999999955,-1.9148936170212627,1663848.0
603217,2022-09-15,32.33,32.57,30.3,30.71,-1.5600000000000025,-4.83421134180354,3144402.0
603217,2022-09-16,30.52,31.25,30.13,30.2,-0.5100000000000016,-1.6606968414197398,2054440.0
603217,2022-09-19,30.65,30.81,29.6,29.88,-0.3200000000000003,-1.059602649006619,1960832.0
603217,2022-09-20,30.0,30.59,29.96,30.22,0.3399999999999998,1.1378848728246238,1773976.0
603217,2022-09-21,29.94,30.68,29.38,30.26,0.0400000000000027,0.1323626737260275,1745604.0
603217,2022-09-22,30.31,30.96,29.89,30.18,-0.0800000000000018,-0.2643754130865927,1908972.0
603217,2022-09-23,30.12,30.33,28.5,28.86,-1.3200000000000005,-4.3737574552683895,3129172.0
603217,2022-09-26,28.45,29.1,28.07,28.55,-0.3099999999999987,-1.0741510741510751,1670033.0
603217,2022-09-27,28.79,29.75,28.6,29.71,1.16,4.063047285464094,2631756.0
603217,2022-09-28,29.7,29.72,28.45,28.51,-1.1999999999999993,-4.039044092898014,2279020.0
603217,2022-09-29,29.0,29.1,28.33,28.53,0.0199999999999995,0.0701508242721749,1205948.0
603217,2022-09-30,28.59,28.6,27.36,27.43,-1.1000000000000014,-3.855590606379255,2400359.0
603217,2022-10-10,27.56,28.1,26.0,26.3,-1.129999999999999,-4.119577105359095,2000268.0
603217,2022-10-11,26.52,27.5,26.46,27.15,0.8499999999999979,3.2319391634980876,2468984.0
603217,2022-10-12,27.6,27.99,26.47,27.85,0.7000000000000028,2.5782688766114337,2489547.0
603217,2022-10-13,27.84,28.27,27.36,27.67,-0.1799999999999997,-0.6463195691202905,1617356.0
603217,2022-10-14,28.09,28.64,27.58,28.51,0.8399999999999999,3.035778821828705,3147836.0
603217,2022-10-17,28.49,28.87,27.78,28.1,-0.4100000000000001,-1.4380918975797965,2459708.0
603217,2022-10-18,28.25,28.33,27.82,28.03,-0.0700000000000002,-0.2491103202846956,1982152.0
603217,2022-10-19,27.84,29.68,27.65,28.98,0.9499999999999992,3.389225829468434,3932916.0
603217,2022-10-20,28.97,28.97,27.73,28.04,-0.9400000000000012,-3.243616287094553,2959810.0
603217,2022-10-21,27.93,28.44,27.66,27.96,-0.0799999999999983,-0.2853067047075552,1779577.0
603217,2022-10-24,27.72,28.77,27.72,27.9,-0.0600000000000022,-0.2145922746781159,2329816.0
603217,2022-10-25,27.72,28.33,27.39,27.69,-0.2099999999999973,-0.7526881720430034,2249092.0
603217,2022-10-26,27.9,28.76,27.72,28.37,0.6799999999999997,2.4557602022390768,2317428.0
603217,2022-10-27,28.52,28.77,27.94,28.04,-0.3300000000000018,-1.1632005639760412,1833724.0
603217,2022-10-28,27.4,27.5,25.24,25.24,-2.8000000000000007,-9.985734664764625,4178396.0
603217,2022-10-31,23.5,24.58,23.5,24.3,-0.9399999999999976,-3.7242472266244,5834722.0
603217,2022-11-01,24.13,25.08,24.07,25.08,0.7799999999999976,3.2098765432098775,3260529.0
603217,2022-11-02,25.51,25.51,24.9,25.02,-0.0599999999999987,-0.2392344497607612,2358623.0
603217,2022-11-03,24.81,25.24,24.61,24.85,-0.1699999999999981,-0.6794564348521104,2773160.0
603217,2022-11-04,24.77,26.8,24.72,26.51,1.66,6.680080482897388,3960904.0
603217,2022-11-07,26.83,27.99,26.52,27.41,0.8999999999999986,3.3949453036589805,4133595.0
603217,2022-11-08,27.45,27.96,27.26,27.88,0.4699999999999988,1.7147026632615692,2843256.0
603217,2022-11-09,27.77,28.24,27.76,27.91,0.0300000000000011,0.1076040172166559,1535028.0
603217,2022-11-10,27.92,28.44,27.6,27.94,0.0300000000000011,0.1074883554281758,2204946.0
603217,2022-11-11,28.42,30.09,28.17,29.31,1.3699999999999974,4.903364352183237,4437172.0
603217,2022-11-14,29.28,30.3,28.15,28.28,-1.0299999999999976,-3.5141589901057535,4255662.0
603217,2022-11-15,28.4,29.7,28.0,29.6,1.3200000000000005,4.667609618104662,2827516.0
603217,2022-11-16,29.65,29.88,28.71,29.08,-0.5200000000000031,-1.756756756756772,1873700.0
603217,2022-11-17,28.74,29.0,27.89,28.39,-0.6899999999999977,-2.372764786795045,2371903.0
603217,2022-11-18,28.39,28.6,27.7,27.89,-0.5,-1.7611835153222954,2094900.0
603217,2022-11-21,27.03,28.06,26.77,27.96,0.0700000000000002,0.2509860164933597,2905357.0
603217,2022-11-22,27.93,28.25,27.6,27.67,-0.2899999999999991,-1.03719599427754,2604240.0
603217,2022-11-23,27.78,27.93,26.59,27.5,-0.1700000000000017,-0.6143838091796194,1644020.0
603217,2022-11-24,27.38,28.26,27.27,27.77,0.2699999999999996,0.9818181818181726,1539184.0
603217,2022-11-25,27.83,28.02,27.12,27.14,-0.629999999999999,-2.2686352178609925,1324980.0
603217,2022-11-28,27.01,27.01,26.15,26.72,-0.4200000000000017,-1.547531319086226,1545231.0
603217,2022-11-29,26.89,26.96,26.6,26.74,0.0199999999999995,0.0748502994011968,995884.0
603217,2022-11-30,26.9,27.26,26.35,26.77,0.0300000000000011,0.1121914734480311,1373381.0
603217,2022-12-01,27.06,27.25,26.63,26.74,-0.0300000000000011,-0.1120657452372109,1298434.0
603217,2022-12-02,26.8,28.38,26.63,27.45,0.7100000000000009,2.6551982049364264,2944731.0
603217,2022-12-05,27.6,29.43,27.6,29.15,1.6999999999999993,6.193078324225865,4833237.0
603217,2022-12-06,29.13,30.29,28.63,29.64,0.490000000000002,1.680960548885091,3691917.0
603217,2022-12-07,29.58,29.68,29.1,29.17,-0.4699999999999988,-1.585695006747634,1874632.0
603217,2022-12-08,29.07,30.67,28.78,29.81,0.639999999999997,2.19403496743229,3224729.0
603217,2022-12-09,29.89,30.37,29.38,29.89,0.0800000000000018,0.2683663200268471,1734253.0
603217,2022-12-12,29.89,30.34,29.2,29.71,-0.1799999999999997,-0.6022080963532961,2186469.0
603217,2022-12-13,29.59,29.77,28.92,28.99,-0.7200000000000024,-2.4234264557388197,1300430.0
603217,2022-12-14,29.12,29.77,28.8,29.62,0.6300000000000026,2.1731631597102563,1607116.0
603217,2022-12-15,29.58,30.27,29.12,30.08,0.4599999999999973,1.5530047265361224,1685428.0
603217,2022-12-16,29.84,30.09,29.35,29.47,-0.6099999999999994,-2.027925531914887,1621345.0
603217,2022-12-19,29.37,30.03,29.37,29.74,0.2699999999999996,0.916185951815396,2433404.0
603217,2022-12-20,29.63,29.93,28.8,29.75,0.0100000000000015,0.0336247478143869,1650928.0
603217,2022-12-21,29.98,32.73,29.21,32.73,2.979999999999997,10.016806722689076,5219142.0
603217,2022-12-22,34.0,34.98,33.0,33.96,1.230000000000004,3.758020164986253,7187715.0
603217,2022-12-23,33.3,33.7,32.3,33.07,-0.8900000000000006,-2.6207302709069458,3517511.0
603217,2022-12-26,32.96,33.91,32.53,33.47,0.3999999999999986,1.2095554883580162,3539155.0
603217,2022-12-27,33.26,33.66,32.58,32.85,-0.6199999999999974,-1.8524051389303795,2597592.0
603217,2022-12-28,32.85,33.09,31.84,31.92,-0.9299999999999996,-2.8310502283105055,2122826.0
603217,2022-12-29,31.79,32.2,31.48,31.67,-0.25,-0.7832080200501301,1298224.0
603217,2022-12-30,31.67,31.83,30.86,31.17,-0.5,-1.5787811809283236,1434210.0
603217,2023-01-03,31.2,32.62,30.9,32.49,1.3200000000000005,4.234841193455252,2955406.0
603217,2023-01-04,32.39,32.96,31.8,32.49,0.0,0.0,2543834.0
603217,2023-01-05,32.53,33.0,32.13,32.66,0.1699999999999946,0.5232379193597758,1192820.0
603217,2023-01-06,32.92,33.89,32.32,33.49,0.8300000000000054,2.541334966319675,2943857.0
603217,2023-01-09,33.18,33.97,31.78,31.98,-1.5100000000000016,-4.50880859958197,2235351.0
603217,2023-01-10,32.13,32.23,31.45,31.8,-0.1799999999999997,-0.5628517823639712,1236880.0
603217,2023-01-11,31.73,32.19,31.22,31.3,-0.5,-1.5723270440251569,1063478.0
603217,2023-01-12,31.03,32.16,30.91,31.65,0.3499999999999978,1.1182108626198062,1328446.0
603217,2023-01-13,31.63,32.18,31.17,31.66,0.0100000000000015,0.0315955766192699,1014668.0
603217,2023-01-16,31.65,32.64,31.0,31.72,0.0599999999999987,0.1895135818066995,1738024.0
603217,2023-01-17,32.06,32.52,31.38,32.1,0.3800000000000025,1.1979823455233296,1182773.0
603217,2023-01-18,32.5,32.5,31.73,31.79,-0.3100000000000023,-0.9657320872274222,754920.0
603217,2023-01-19,31.9,32.62,31.45,32.5,0.7100000000000009,2.2334067316766237,1143600.0
603217,2023-01-20,32.18,32.85,32.02,32.31,-0.1899999999999977,-0.5846153846153723,805392.0
603217,2023-01-30,32.74,33.44,32.35,32.82,0.509999999999998,1.578458681522732,1304020.0
603217,2023-01-31,32.9,32.9,31.7,31.77,-1.0500000000000007,-3.199268738574046,1755128.0
603217,2023-02-01,31.8,34.68,31.73,33.77,2.0000000000000036,6.295247088448241,3475084.0
603217,2023-02-02,33.97,34.25,33.25,33.64,-0.1300000000000025,-0.3849570624814946,1535225.0
603217,2023-02-03,33.6,36.25,33.4,35.93,2.289999999999999,6.807372175980975,4711346.0
603217,2023-02-06,35.3,35.75,34.58,35.22,-0.7100000000000009,-1.9760645699972157,2727236.0
603217,2023-02-07,35.0,35.5,34.87,35.15,-0.0700000000000002,-0.1987507098239693,999200.0
603217,2023-02-08,35.1,35.1,34.01,34.23,-0.9200000000000016,-2.617354196301569,1379541.0
603217,2023-02-09,34.25,36.78,34.2,36.26,2.030000000000001,5.9304703476482645,4194788.0
603217,2023-02-10,36.5,36.79,35.8,36.5,0.240000000000002,0.661886376172105,1565976.0
603217,2023-02-13,36.78,37.72,36.2,37.46,0.9600000000000009,2.630136986301368,2162276.0
603217,2023-02-14,37.85,38.77,37.06,38.33,0.8699999999999974,2.3224773091297335,3735040.0
603217,2023-02-15,38.88,38.88,37.27,37.5,-0.8299999999999983,-2.165405687451083,2113742.0
603217,2023-02-16,37.49,37.88,36.3,36.78,-0.7199999999999989,-1.9199999999999997,1620474.0
603217,2023-02-17,36.72,38.01,36.71,37.61,0.8299999999999983,2.256661228928758,1592796.0
603217,2023-02-20,38.02,38.1,35.2,36.0,-1.6099999999999994,-4.280776389258179,3198360.0
603217,2023-02-21,35.99,36.78,35.82,36.36,0.3599999999999994,1.0000000000000009,1815918.0
603217,2023-02-22,36.28,37.13,35.8,36.0,-0.3599999999999994,-0.990099009900991,1437882.0
603217,2023-02-23,35.93,36.3,35.71,35.91,-0.0900000000000034,-0.2500000000000058,1042536.0
603217,2023-02-24,35.94,35.99,34.44,34.61,-1.2999999999999972,-3.6201615148983457,3981825.0
603217,2023-02-27,34.63,34.75,33.7,34.5,-0.1099999999999994,-0.3178272175671792,4287064.0
603217,2023-02-28,34.16,34.69,33.3,33.91,-0.5900000000000034,-1.710144927536239,2116640.0
603217,2023-03-01,33.91,34.16,33.25,33.5,-0.4099999999999966,-1.209082866411082,1776500.0
603217,2023-03-02,33.49,33.63,32.33,32.51,-0.990000000000002,-2.9552238805970243,2419788.0
603217,2023-03-03,32.34,32.62,32.17,32.29,-0.2199999999999988,-0.6767148569670867,1347920.0
603217,2023-03-06,32.4,32.42,31.4,31.91,-0.379999999999999,-1.1768349334159156,2943876.0
603217,2023-03-07,31.95,32.22,31.36,31.53,-0.379999999999999,-1.190849263553739,2226956.0
603217,2023-03-08,31.31,31.58,30.75,31.11,-0.4200000000000017,-1.332064700285451,2293835.0
603217,2023-03-09,31.1,31.11,30.73,30.85,-0.259999999999998,-0.8357441337190519,1279700.0
603217,2023-03-10,30.8,30.8,29.87,29.99,-0.860000000000003,-2.7876823338735868,1997790.0
603217,2023-03-13,29.89,30.0,29.31,29.81,-0.1799999999999997,-0.600200066688894,1612992.0
603217,2023-03-14,29.6,29.85,28.63,29.34,-0.4699999999999988,-1.576652130157663,2181660.0
603217,2023-03-15,29.48,30.0,29.26,29.35,0.0100000000000015,0.0340831629175308,2158473.0
603217,2023-03-16,29.35,30.13,29.01,29.21,-0.1400000000000005,-0.4770017035775176,2703365.0
603217,2023-03-17,29.28,29.54,28.84,29.02,-0.1900000000000012,-0.650462170489563,1802641.0
603217,2023-03-20,29.2,29.35,28.7,28.83,-0.1900000000000012,-0.6547208821502504,2928189.0
603217,2023-03-21,28.83,29.78,28.8,29.55,0.7200000000000024,2.4973985431841816,2452717.0
603217,2023-03-22,29.64,30.19,29.57,29.78,0.2300000000000004,0.7783417935702142,2089098.0
603217,2023-03-23,29.61,29.78,29.24,29.47,-0.3100000000000023,-1.0409670920080716,1344008.0
603217,2023-03-24,29.44,30.09,29.36,29.9,0.4299999999999997,1.459110960298604,1224700.0
603217,2023-03-27,29.92,29.98,29.41,29.8,-0.0999999999999978,-0.3344481605351057,1119160.0
603217,2023-03-28,29.47,29.85,27.0,29.55,-0.25,-0.8389261744966459,3667676.0
603217,2023-03-29,29.3,29.95,29.15,29.56,0.009999999999998,0.0338409475465262,1541937.0
603217,2023-03-30,29.42,29.77,29.0,29.63,0.0700000000000002,0.2368064952638748,1002348.0
603217,2023-03-31,29.49,30.88,29.31,30.62,0.990000000000002,3.341208234897075,2118684.0
603217,2023-04-03,30.6,31.22,30.26,31.1,0.4800000000000004,1.5676028739386003,1782715.0
603217,2023-04-04,31.09,32.35,30.5,31.86,0.759999999999998,2.443729903536962,2352196.0
603217,2023-04-06,31.86,31.86,31.0,31.16,-0.6999999999999993,-2.1971123666038928,1171958.0
603217,2023-04-07,31.15,31.6,30.9,31.31,0.1499999999999985,0.4813863928113004,886627.0
603217,2023-04-10,31.25,31.39,30.26,30.38,-0.9299999999999996,-2.970297029702973,1036328.0
603217,2023-04-11,30.4,30.67,29.55,29.63,-0.75,-2.4687294272547677,1197048.0
603217,2023-04-12,29.51,29.83,29.22,29.42,-0.2099999999999973,-0.7087411407357358,814103.0
603217,2023-04-13,29.4,29.57,29.2,29.3,-0.120000000000001,-0.4078857919782463,470884.0
603217,2023-04-14,29.36,29.66,29.2,29.32,0.0199999999999995,0.0682593856655255,456224.0
603217,2023-04-17,29.5,29.55,28.88,29.14,-0.1799999999999997,-0.6139154160982208,949447.0
603217,2023-04-18,29.36,30.5,29.14,29.83,0.6899999999999977,2.367879203843515,1384592.0
603217,2023-04-19,29.68,29.68,28.36,28.45,-1.379999999999999,-4.626215219577601,1850808.0
603217,2023-04-20,28.45,28.57,27.99,28.08,-0.370000000000001,-1.300527240773286,774700.0
603217,2023-04-21,28.0,28.68,27.98,28.02,-0.0599999999999987,-0.2136752136752129,909952.0
603217,2023-04-24,28.03,28.38,27.45,27.7,-0.3200000000000003,-1.142041399000715,594520.0
603217,2023-04-25,27.52,27.89,26.66,26.98,-0.7199999999999989,-2.5992779783393427,1073299.0
603217,2023-04-26,27.05,28.1,26.82,27.66,0.6799999999999997,2.5203854707190443,1100340.0
603217,2023-04-27,27.66,28.06,27.36,27.46,-0.1999999999999993,-0.7230657989877098,1136184.0
603217,2023-04-28,27.6,27.88,27.44,27.7,0.2399999999999984,0.8739985433357633,580745.0
603217,2023-05-04,26.41,26.66,25.53,25.56,-2.140000000000001,-7.725631768953067,2177891.0
603217,2023-05-05,25.58,25.73,24.9,25.07,-0.4899999999999984,-1.9170579029733847,1664740.0
603217,2023-05-08,25.0,25.44,24.5,24.86,-0.2100000000000008,-0.8376545672118096,1447960.0
603217,2023-05-09,24.97,25.32,24.7,24.8,-0.0599999999999987,-0.2413515687851974,933000.0
603217,2023-05-10,24.68,25.63,24.68,25.15,0.3499999999999978,1.4112903225806273,1001501.0
603217,2023-05-11,25.16,25.42,25.01,25.3,0.1500000000000021,0.5964214711729809,531018.0
603217,2023-05-12,25.23,25.45,24.91,24.94,-0.3599999999999994,-1.4229249011857736,570680.0
603217,2023-05-15,24.78,25.27,24.6,25.19,0.25,1.0024057738572625,511092.0
603217,2023-05-16,25.2,25.53,24.91,25.05,-0.1400000000000005,-0.5557761016276364,1008732.0
603217,2023-05-17,25.0,25.24,24.73,25.0,-0.0500000000000007,-0.1996007984031989,727623.0
603217,2023-05-18,25.0,25.14,24.68,24.76,-0.2399999999999984,-0.9599999999999942,841001.0
603217,2023-05-19,24.86,25.12,24.61,25.05,0.2899999999999991,1.171243941841671,470240.0
603217,2023-05-22,25.05,25.7,24.96,25.67,0.620000000000001,2.4750499001995996,858175.0
603217,2023-05-23,25.63,26.02,25.45,25.69,0.0199999999999995,0.077911959485788,498612.0
603217,2023-05-24,25.3,26.16,25.3,25.96,0.2699999999999996,1.0509926041261108,794052.0
603217,2023-05-25,25.84,26.58,25.34,26.57,0.6099999999999994,2.349768875192604,1664084.0
603217,2023-05-26,26.33,26.42,25.55,26.12,-0.4499999999999993,-1.6936394429807988,1482464.0
603217,2023-05-29,26.09,26.2,25.65,25.88,-0.240000000000002,-0.9188361408882127,877644.0
603217,2023-05-30,25.97,26.0,25.43,25.82,-0.0599999999999987,-0.2318392581143635,662200.0
603217,2023-05-31,25.82,25.87,25.39,25.58,-0.240000000000002,-0.9295120061967532,716980.0
603217,2023-06-01,25.58,26.31,25.43,26.11,0.5300000000000011,2.0719311962470677,710300.0
603217,2023-06-02,26.14,26.59,26.14,26.49,0.379999999999999,1.4553810800459477,552144.0
603217,2023-06-05,26.7,26.72,26.08,26.25,-0.2399999999999984,-0.9060022650056564,498680.0
603217,2023-06-06,26.31,26.31,25.31,25.42,-0.8299999999999983,-3.1619047619047547,970272.0
603217,2023-06-07,25.2,25.5,25.05,25.15,-0.2700000000000031,-1.062155782848162,561220.0
603217,2023-06-08,25.0,25.28,24.85,25.05,-0.0999999999999978,-0.3976143141153021,650988.0
603217,2023-06-09,24.85,25.23,24.85,25.0,-0.0500000000000007,-0.1996007984031989,376460.0
603217,2023-06-12,25.0,25.56,24.71,25.41,0.4100000000000001,1.639999999999997,705569.0
603217,2023-06-13,25.41,25.52,25.09,25.32,-0.0899999999999998,-0.3541912632821664,458500.0
603217,2023-06-14,25.31,25.51,25.17,25.27,-0.0500000000000007,-0.1974723538704648,386400.0
603217,2023-06-15,25.26,26.09,25.1,25.98,0.7100000000000009,2.809655718242987,855628.0
603217,2023-06-16,26.22,26.22,25.64,25.85,-0.129999999999999,-0.5003849114703529,624520.0
603217,2023-06-19,25.33,25.55,25.21,25.31,-0.5400000000000027,-2.088974854932313,530332.0
603217,2023-06-20,24.99,25.29,24.99,25.03,-0.2799999999999976,-1.1062821019359848,477380.0
603217,2023-06-21,25.21,25.41,24.73,24.75,-0.2800000000000011,-1.1186576108669688,612232.0
603217,2023-06-26,24.7,24.73,23.45,23.5,-1.25,-5.05050505050505,1348740.0
603217,2023-06-27,23.89,24.88,23.6,24.77,1.2699999999999996,5.404255319148943,1278929.0
603217,2023-06-28,24.77,25.25,24.53,25.14,0.370000000000001,1.4937424303593128,1097492.0
603217,2023-06-29,25.12,25.65,24.88,25.49,0.3499999999999978,1.3922036595067633,814581.0
603217,2023-06-30,25.48,25.86,25.21,25.75,0.2600000000000015,1.0200078462142104,656920.0
603217,2023-07-03,25.75,26.15,25.43,26.0,0.25,0.9708737864077666,770380.0
603217,2023-07-04,26.07,26.3,25.86,26.05,0.0500000000000007,0.1923076923076916,659072.0
603217,2023-07-05,26.0,26.34,25.8,25.97,-0.0800000000000018,-0.3071017274472232,598552.0
603217,2023-07-06,26.0,26.2,25.85,26.02,0.0500000000000007,0.1925298421255217,517412.0
603217,2023-07-07,25.83,26.15,25.83,25.98,-0.0399999999999991,-0.1537279016141424,545260.0
603217,2023-07-10,26.11,26.29,25.67,25.8,-0.1799999999999997,-0.6928406466512715,712560.0
603217,2023-07-11,25.93,26.0,25.36,25.8,0.0,0.0,740880.0
603217,2023-07-12,26.1,26.1,25.43,25.54,-0.2600000000000015,-1.0077519379845024,616760.0
603217,2023-07-13,25.77,25.94,25.54,25.68,0.1400000000000005,0.5481597494126911,561489.0
603217,2023-07-14,25.83,25.91,25.42,25.53,-0.1499999999999985,-0.5841121495327006,616124.0
603217,2023-07-17,25.48,25.6,25.04,25.49,-0.0400000000000027,-0.1566784175479951,715814.0
603217,2023-07-18,25.75,25.75,25.21,25.53,0.0400000000000027,0.1569242840329554,550237.0
603217,2023-07-19,25.55,25.6,24.75,24.85,-0.6799999999999997,-2.663533098315707,894588.0
603217,2023-07-20,24.96,25.38,24.86,25.07,0.2199999999999988,0.8853118712273567,908208.0
603217,2023-07-21,25.01,26.48,24.75,26.09,1.0199999999999996,4.068607897885923,2206439.0
603217,2023-07-24,26.0,26.0,24.54,24.77,-1.3200000000000005,-5.059409735530851,1942708.0
603217,2023-07-25,25.13,25.81,25.02,25.78,1.0100000000000016,4.077513120710541,1452666.0
603217,2023-07-26,25.78,25.84,24.93,25.08,-0.7000000000000028,-2.7152831652443865,1641780.0
603217,2023-07-27,25.04,25.15,23.96,24.09,-0.9899999999999984,-3.9473684210526216,1774728.0
603217,2023-07-28,24.09,24.23,23.74,24.13,0.0399999999999991,0.1660440016604258,692580.0
603217,2023-07-31,24.14,24.53,24.01,24.32,0.1900000000000012,0.7874015748031482,688920.0
603217,2023-08-01,24.26,24.53,24.06,24.1,-0.2199999999999988,-0.9046052631578873,542200.0
603217,2023-08-02,23.97,24.09,23.76,23.83,-0.2700000000000031,-1.120331950207487,767340.0
603217,2023-08-03,23.71,23.96,23.62,23.74,-0.0899999999999998,-0.3776751993285754,684888.0
603217,2023-08-04,23.74,23.88,23.36,23.55,-0.1899999999999977,-0.800336983993255,813380.0
603217,2023-08-07,23.56,23.85,23.48,23.6,0.0500000000000007,0.2123142250530785,732400.0
603217,2023-08-08,23.61,23.7,23.37,23.57,-0.0300000000000011,-0.1271186440678029,616496.0
603217,2023-08-09,23.61,23.61,23.37,23.44,-0.129999999999999,-0.5515485787017327,398104.0
603217,2023-08-10,23.44,24.0,23.41,23.86,0.4199999999999981,1.7918088737201243,724752.0
603217,2023-08-11,23.8,23.87,23.36,23.58,-0.2800000000000011,-1.1735121542330362,793219.0
603217,2023-08-14,23.56,23.56,22.79,23.32,-0.259999999999998,-1.1026293469041493,865000.0
603217,2023-08-15,23.18,23.4,22.86,22.91,-0.4100000000000001,-1.758147512864494,642189.0
603217,2023-08-16,22.79,22.97,22.54,22.61,-0.3000000000000007,-1.3094718463553034,576843.0
603217,2023-08-17,22.5,22.88,22.3,22.84,0.2300000000000004,1.0172490048651062,457523.0
603217,2023-08-18,22.88,23.09,22.51,22.51,-0.3299999999999983,-1.444833625218911,625207.0
603217,2023-08-21,22.55,23.04,22.18,22.22,-0.2900000000000027,-1.288316303864956,580240.0
603217,2023-08-22,22.25,22.46,21.48,21.91,-0.3099999999999987,-1.3951395139513934,867971.0
603217,2023-08-23,21.91,21.95,21.39,21.45,-0.4600000000000008,-2.099497946143314,682843.0
603217,2023-08-24,21.4,21.69,20.95,21.15,-0.3000000000000007,-1.3986013986014068,1740945.0
603217,2023-08-25,21.06,21.27,20.49,20.55,-0.5999999999999979,-2.8368794326241065,1265076.0
603217,2023-08-28,21.89,21.99,20.51,20.65,0.0999999999999978,0.4866180048661794,1614284.0
603217,2023-08-29,20.6,21.65,20.6,21.55,0.9000000000000021,4.358353510895885,1313036.0
603217,2023-08-30,21.59,22.18,21.59,22.02,0.4699999999999988,2.180974477958242,814544.0
603217,2023-08-31,21.87,22.28,21.79,21.79,-0.2300000000000004,-1.0445049954586727,912788.0
603217,2023-09-01,22.15,22.18,21.67,22.17,0.3800000000000025,1.7439192290041428,812616.0
603217,2023-09-04,22.25,22.38,21.93,22.25,0.0799999999999983,0.3608479927830421,672620.0
603217,2023-09-05,22.25,22.67,22.18,22.47,0.2199999999999988,0.9887640449438128,797776.0
603217,2023-09-06,22.21,22.64,22.21,22.59,0.120000000000001,0.5340453938584844,693200.0
603217,2023-09-07,22.77,22.84,22.31,22.31,-0.2800000000000011,-1.2394864984506482,686000.0
603217,2023-09-08,22.37,22.38,22.03,22.13,-0.1799999999999997,-0.8068130883012059,455544.0
603217,2023-09-11,22.27,22.6,22.01,22.5,0.370000000000001,1.671938544961593,746440.0
603217,2023-09-12,22.44,22.49,22.18,22.28,-0.2199999999999988,-0.9777777777777774,376048.0
603217,2023-09-13,22.23,22.44,21.98,22.15,-0.1300000000000025,-0.5834829443447154,557625.0
603217,2023-09-14,22.08,22.2,21.75,21.91,-0.2399999999999984,-1.0835214446952568,510120.0
603217,2023-09-15,22.03,22.25,21.86,21.91,0.0,0.0,490700.0
603217,2023-09-18,21.92,22.36,21.72,22.17,0.2600000000000015,1.186672752167972,479616.0
603217,2023-09-19,22.03,22.2,21.53,21.58,-0.5900000000000034,-2.661253946774933,1099264.0
603217,2023-09-20,21.71,21.81,21.3,21.35,-0.2299999999999968,-1.065801668211297,910652.0
603217,2023-09-21,21.0,21.5,21.0,21.22,-0.1300000000000025,-0.6088992974239038,582900.0
603217,2023-09-22,21.19,21.33,20.91,21.23,0.0100000000000015,0.0471253534401583,1367060.0
603217,2023-09-25,21.23,21.26,20.87,21.15,-0.0800000000000018,-0.3768252472915789,584200.0
603217,2023-09-26,20.93,21.15,20.66,20.71,-0.4399999999999977,-2.0803782505910084,702316.0
603217,2023-09-27,20.73,21.18,20.5,20.88,0.1699999999999981,0.8208594881699671,715246.0
603217,2023-09-28,20.99,21.11,20.84,20.91,0.0300000000000011,0.1436781609195359,424356.0
603217,2023-10-09,20.81,20.81,20.29,20.35,-0.5599999999999987,-2.678144428503104,1040618.0
603217,2023-10-10,20.27,20.41,20.01,20.08,-0.2700000000000031,-1.3267813267813455,971100.0
603217,2023-10-11,20.18,20.43,19.97,20.29,0.2100000000000008,1.0458167330677393,871800.0
603217,2023-10-12,20.25,20.67,20.1,20.6,0.3100000000000023,1.5278462296697937,984840.0
603217,2023-10-13,20.53,20.59,20.16,20.2,-0.4000000000000021,-1.941747572815544,789228.0
603217,2023-10-16,20.15,20.29,19.66,19.82,-0.379999999999999,-1.881188118811872,1021928.0
603217,2023-10-17,19.8,20.02,19.69,19.99,0.1699999999999981,0.8577194752774853,660240.0
603217,2023-10-18,19.98,19.98,19.36,19.43,-0.5599999999999987,-2.801400700350165,899768.0
603217,2023-10-19,19.43,19.74,19.27,19.31,-0.120000000000001,-0.6176016469377266,559860.0
603217,2023-10-20,19.4,19.56,19.17,19.21,-0.0999999999999978,-0.5178663904712444,639880.0
603217,2023-10-23,19.24,19.29,18.4,18.55,-0.6600000000000001,-3.435710567412809,827092.0
603217,2023-10-24,18.78,19.31,18.56,19.29,0.7399999999999984,3.98921832884096,1220620.0
603217,2023-10-25,19.22,19.55,19.18,19.26,-0.0299999999999975,-0.1555209953343572,740392.0
603217,2023-10-26,19.16,19.3,18.72,19.28,0.0199999999999995,0.1038421599169225,1103174.0
603217,2023-10-27,19.27,19.89,19.0,19.69,0.4100000000000001,2.126556016597503,1260428.0
603217,2023-10-30,20.22,20.55,19.7,20.44,0.75,3.8090401218892738,2083257.0
603217,2023-10-31,20.35,20.7,20.28,20.48,0.0399999999999991,0.1956947162426559,856572.0
603217,2023-11-01,20.45,20.56,20.26,20.39,-0.0899999999999998,-0.439453125,855120.0
603217,2023-11-02,20.4,20.47,19.9,19.92,-0.4699999999999988,-2.3050514958312895,927971.0
603217,2023-11-03,19.98,20.55,19.94,20.29,0.3699999999999974,1.8574297188754807,1155218.0
603217,2023-11-06,20.6,20.69,20.3,20.52,0.2300000000000004,1.1335633316904792,1053150.0
603217,2023-11-07,20.64,20.64,20.19,20.43,-0.0899999999999998,-0.4385964912280715,679200.0
603217,2023-11-08,20.47,20.47,20.18,20.29,-0.1400000000000005,-0.6852667645619204,608560.0
603217,2023-11-09,20.34,21.0,20.32,20.8,0.5100000000000016,2.5135534746180355,1615604.0
603217,2023-11-10,20.53,20.78,20.22,20.29,-0.5100000000000016,-2.4519230769230793,1220240.0
603217,2023-11-13,20.27,20.45,20.12,20.38,0.0899999999999998,0.4435682602267121,755280.0
603217,2023-11-14,20.2,20.59,20.2,20.36,-0.0199999999999995,-0.098135426889101,494160.0
603217,2023-11-15,20.54,20.66,20.37,20.48,0.120000000000001,0.5893909626719207,786324.0
603217,2023-11-16,20.46,20.55,20.35,20.36,-0.120000000000001,-0.5859375,735712.0
603217,2023-11-17,20.36,20.63,20.26,20.55,0.1900000000000012,0.933202357563867,701440.0
603217,2023-11-20,20.6,20.83,20.38,20.82,0.2699999999999996,1.3138686131386912,997833.0
603217,2023-11-21,20.76,20.87,20.53,20.53,-0.2899999999999991,-1.392891450528333,637448.0
603217,2023-11-22,20.45,20.65,20.24,20.28,-0.25,-1.2177301509985416,821900.0
603217,2023-11-23,20.7,20.7,20.26,20.65,0.3699999999999974,1.8244575936883445,789300.0
603217,2023-11-24,20.6,20.6,20.19,20.21,-0.4399999999999977,-2.13075060532687,812200.0
603217,2023-11-27,20.15,20.34,19.87,20.12,-0.0899999999999998,-0.4453240969816918,927748.0
603217,2023-11-28,20.19,20.37,19.93,20.34,0.2199999999999988,1.0934393638170947,695236.0
603217,2023-11-29,20.33,20.42,20.01,20.21,-0.129999999999999,-0.6391347099311662,572246.0
603217,2023-11-30,20.25,20.25,19.61,19.79,-0.4200000000000017,-2.0781791192479027,950376.0
603217,2023-12-01,19.79,19.97,19.63,19.8,0.0100000000000015,0.0505305709954662,993368.0
603217,2023-12-04,20.0,20.23,19.45,19.6,-0.1999999999999993,-1.0101010101010055,1239631.0
603217,2023-12-05,19.61,19.61,19.2,19.31,-0.2900000000000027,-1.479591836734706,1004588.0
603217,2023-12-06,19.31,19.71,19.21,19.48,0.1700000000000017,0.8803728638011377,1016260.0
603217,2023-12-07,19.48,19.55,19.2,19.43,-0.0500000000000007,-0.2566735112936369,845226.0
603217,2023-12-08,19.48,19.61,18.98,19.06,-0.370000000000001,-1.9042717447246615,1061864.0
603217,2023-12-11,18.98,19.21,18.71,19.1,0.0400000000000027,0.2098635886673694,1119144.0
603217,2023-12-12,19.2,19.2,18.85,18.89,-0.2100000000000008,-1.099476439790581,684576.0
603217,2023-12-13,18.89,18.99,18.59,18.64,-0.25,-1.3234515616728393,829984.0
603217,2023-12-14,18.72,18.84,18.61,18.66,0.0199999999999995,0.1072961373390635,608328.0
603217,2023-12-15,18.6,18.92,18.58,18.62,-0.0399999999999991,-0.2143622722400762,656882.0
603217,2023-12-18,18.62,18.69,18.21,18.26,-0.3599999999999994,-1.933404940923733,1015430.0
603217,2023-12-19,18.24,18.38,18.05,18.19,-0.0700000000000002,-0.383351588170866,1115396.0
603217,2023-12-20,18.31,18.36,18.01,18.06,-0.1300000000000025,-0.71467839472239,755953.0
603217,2023-12-21,18.0,18.34,17.71,18.2,0.1400000000000005,0.7751937984496138,1093618.0
603217,2023-12-22,18.25,18.3,17.95,18.0,-0.1999999999999993,-1.098901098901095,1005292.0
603217,2023-12-25,18.15,18.26,17.73,17.97,-0.0300000000000011,-0.1666666666666705,973031.0
603217,2023-12-26,17.75,18.11,17.68,17.81,-0.1600000000000001,-0.8903728436282732,889871.0
603217,2023-12-27,17.82,17.91,17.54,17.72,-0.0899999999999998,-0.5053340819764163,837560.0
603217,2023-12-28,17.61,18.64,17.61,18.3,0.5800000000000018,3.273137697516937,2384124.0
603217,2023-12-29,18.18,18.46,17.92,18.24,-0.0600000000000022,-0.3278688524590234,2149926.0
603217,2024-01-02,18.17,18.45,18.04,18.21,-0.0299999999999975,-0.1644736842105087,1743780.0
603217,2024-01-03,18.1,18.29,18.07,18.2,-0.0100000000000015,-0.0549148819330103,1689386.0
603217,2024-01-04,18.28,18.38,17.7,17.74,-0.4600000000000008,-2.5274725274725296,2147222.0
603217,2024-01-05,17.74,17.77,17.08,17.16,-0.5799999999999983,-3.2694475760992048,2627292.0
603217,2024-01-08,17.16,17.38,16.72,16.77,-0.3900000000000005,-2.2727272727272707,2342912.0
603217,2024-01-09,16.77,17.24,16.77,16.99,0.2199999999999988,1.3118664281454917,2062701.0
603217,2024-01-10,16.9,17.39,16.8,17.11,0.120000000000001,0.7062978222483807,1613200.0
603217,2024-01-11,17.08,17.44,17.02,17.35,0.240000000000002,1.4026884862653466,1414920.0
603217,2024-01-12,17.33,17.85,17.33,17.48,0.129999999999999,0.7492795389048901,1844780.0
603217,2024-01-15,17.48,17.62,17.14,17.32,-0.1600000000000001,-0.9153318077803174,1643240.0
603217,2024-01-16,17.32,17.58,17.03,17.3,-0.0199999999999995,-0.1154734411085378,1710016.0
603217,2024-01-17,17.5,19.03,17.12,19.03,1.7300000000000004,10.000000000000009,9529940.0
603217,2024-01-18,19.09,20.93,18.87,20.93,1.8999999999999984,9.984235417761411,16245072.0
603217,2024-01-19,21.56,23.02,20.1,21.88,0.9499999999999992,4.538939321548008,27037100.0
603217,2024-01-22,19.69,19.69,19.69,19.69,-2.1899999999999977,-10.009140767824489,2045300.0
603217,2024-01-23,17.72,18.4,17.72,18.09,-1.6000000000000014,-8.125952260030477,18869069.0
603217,2024-01-24,17.6,18.62,17.6,18.19,0.1000000000000014,0.5527915975677145,14816691.0
603217,2024-01-25,17.8,18.42,17.33,18.3,0.1099999999999994,0.6047278724574001,12489108.0
603217,2024-01-26,18.09,18.46,17.41,17.53,-0.7699999999999996,-4.20765027322404,9806900.0
603217,2024-01-29,17.35,17.5,15.78,15.78,-1.7500000000000018,-9.982886480319465,9207986.0
603217,2024-01-30,15.02,15.43,14.72,14.81,-0.9699999999999988,-6.147021546261078,5906840.0
603217,2024-01-31,14.8,14.98,13.86,13.86,-0.9500000000000012,-6.414584740040519,5581307.0
603217,2024-02-01,13.84,14.96,13.72,14.11,0.25,1.8037518037518072,6131200.0
603217,2024-02-02,14.23,14.47,13.1,13.46,-0.6499999999999986,-4.606661941885182,4752284.0
603217,2024-02-05,13.39,13.39,12.11,12.11,-1.3500000000000014,-10.029717682020811,5645848.0
603217,2024-02-06,11.6,12.96,11.34,12.82,0.7100000000000009,5.862923203963666,5613156.0
603217,2024-02-07,12.8,12.94,12.01,12.2,-0.620000000000001,-4.836193447737913,4795963.0
603217,2024-02-08,12.21,13.42,12.21,13.42,1.2200000000000006,10.000000000000009,5620681.0
603217,2024-02-19,13.6,13.99,13.55,13.79,0.3699999999999992,2.757078986587169,5218983.0
603217,2024-02-20,13.7,14.16,13.53,14.04,0.25,1.81290790427846,3336972.0
603217,2024-02-21,14.0,14.78,13.84,14.27,0.2300000000000004,1.6381766381766472,4958360.0
603217,2024-02-22,14.18,14.59,14.17,14.57,0.3000000000000007,2.1023125437981793,3238640.0
603217,2024-02-23,14.7,15.03,14.57,14.99,0.4199999999999999,2.8826355525051417,3617154.0
603217,2024-02-26,15.38,16.39,15.2,15.69,0.6999999999999993,4.6697798532354895,6946514.0
603217,2024-02-27,15.57,15.95,15.4,15.92,0.2300000000000004,1.465901848311035,4759731.0
603217,2024-02-28,15.92,16.42,14.7,14.72,-1.1999999999999993,-7.537688442211055,6720753.0
603217,2024-02-29,14.61,15.56,14.61,15.4,0.6799999999999997,4.619565217391308,4258706.0
603217,2024-03-01,15.48,15.6,15.16,15.48,0.08,0.5194805194805197,3127500.0
603217,2024-03-04,15.39,15.67,15.09,15.4,-0.08,-0.5167958656330796,2344572.0
603217,2024-03-05,15.19,15.34,14.87,14.94,-0.4600000000000008,-2.9870129870129936,2790000.0
603217,2024-03-06,14.8,15.5,14.8,15.29,0.3499999999999996,2.3427041499330725,3142100.0
603217,2024-03-07,15.33,15.47,14.95,14.97,-0.3199999999999985,-2.092871157619347,2166500.0
603217,2024-03-08,14.89,15.26,14.89,15.25,0.2799999999999993,1.870407481629921,2268480.0
603217,2024-03-11,15.28,15.73,15.26,15.72,0.4700000000000006,3.0819672131147557,2921900.0
603217,2024-03-12,15.88,15.88,15.5,15.76,0.0399999999999991,0.2544529262086481,2244300.0
603217,2024-03-13,15.76,15.81,15.5,15.68,-0.08,-0.5076142131979711,1841200.0
603217,2024-03-14,15.6,15.8,15.4,15.68,0.0,0.0,2360500.0
603217,2024-03-15,15.63,16.1,15.59,16.0,0.3200000000000003,2.0408163265306145,3427060.0
603217,2024-03-18,16.05,16.35,15.96,16.28,0.2800000000000011,1.750000000000007,2431520.0
603217,2024-03-19,16.22,16.45,16.15,16.21,-0.0700000000000002,-0.4299754299754266,2238900.0
603217,2024-03-20,16.2,16.62,16.16,16.61,0.3999999999999986,2.467612584824175,2446820.0
603217,2024-03-21,16.75,16.75,16.3,16.55,-0.0599999999999987,-0.3612281757977009,2287992.0
603217,2024-03-22,16.55,16.58,15.96,16.08,-0.4700000000000024,-2.8398791540785617,2948164.0
603217,2024-03-25,16.03,16.09,15.6,15.6,-0.4799999999999986,-2.985074626865658,2073620.0
603217,2024-03-26,15.57,15.83,15.26,15.75,0.1500000000000003,0.961538461538458,2139460.0
603217,2024-03-27,15.86,15.93,15.23,15.23,-0.5199999999999996,-3.3015873015872943,1791280.0
603217,2024-03-28,15.38,15.73,15.24,15.52,0.2899999999999991,1.9041365725541717,1903980.0
603217,2024-03-29,15.79,15.94,15.51,15.83,0.3100000000000005,1.997422680412364,1765764.0
603217,2024-04-01,15.68,16.42,15.68,16.33,0.4999999999999982,3.158559696778251,2333320.0
603217,2024-04-02,16.3,16.72,16.2,16.62,0.2900000000000027,1.7758726270667546,2674416.0
603217,2024-04-03,16.66,16.8,16.36,16.71,0.0899999999999998,0.5415162454873723,2668840.0
603217,2024-04-08,16.8,16.88,15.81,15.91,-0.8000000000000007,-4.787552363853987,2845120.0
603217,2024-04-09,15.88,16.5,15.79,16.48,0.5700000000000003,3.5826524198617316,2412272.0
603217,2024-04-10,16.48,16.48,15.9,16.06,-0.4200000000000017,-2.548543689320404,1800780.0
603217,2024-04-11,16.0,16.2,15.7,15.88,-0.1799999999999979,-1.1207970112079524,1796400.0
603217,2024-04-12,15.98,16.67,15.63,16.01,0.1300000000000007,0.8186397984886629,3281536.0
603217,2024-04-15,15.9,16.21,15.0,15.2,-0.8100000000000023,-5.059337913803885,3926620.0
603217,2024-04-16,15.22,15.22,14.12,14.77,-0.4299999999999997,-2.828947368421053,3597249.0
603217,2024-04-17,14.48,15.22,14.25,15.0,0.2300000000000004,1.5572105619499066,3973004.0
603217,2024-04-18,15.0,15.25,14.45,14.91,-0.0899999999999998,-0.6000000000000005,3960810.0
603217,2024-04-19,14.83,14.86,14.47,14.69,-0.2200000000000006,-1.4755197853789426,2103319.0
603217,2024-04-22,14.68,14.82,14.26,14.5,-0.1899999999999995,-1.293396868618102,1885060.0
603217,2024-04-23,14.45,14.7,14.37,14.53,0.0299999999999993,0.2068965517241228,1572690.0
603217,2024-04-24,14.55,14.63,14.41,14.6,0.0700000000000002,0.4817618719889838,1577500.0
603217,2024-04-25,14.55,15.19,14.5,15.0,0.4000000000000003,2.7397260273972712,2387000.0
603217,2024-04-26,14.99,15.5,14.8,15.37,0.3699999999999992,2.4666666666666615,2539819.0
603217,2024-04-29,15.25,15.78,15.25,15.7,0.33,2.1470396877033116,2585880.0
603217,2024-04-30,15.68,17.2,15.55,16.7,1.0,6.369426751592355,7538145.0
603217,2024-05-06,17.05,17.92,16.91,17.57,0.870000000000001,5.209580838323369,8694380.0
603217,2024-05-07,17.57,17.57,17.1,17.48,-0.0899999999999998,-0.5122367672168449,5860833.0
603217,2024-05-08,17.41,17.8,17.1,17.36,-0.120000000000001,-0.6864988558352492,4989128.0
603217,2024-05-09,17.55,19.1,17.4,19.1,1.740000000000002,10.02304147465438,7912673.0
603217,2024-05-10,20.16,20.56,18.12,18.24,-0.860000000000003,-4.502617801047137,14961663.0
603217,2024-05-13,18.06,18.66,17.47,17.54,-0.6999999999999993,-3.837719298245612,8520880.0
603217,2024-05-14,17.57,17.7,17.07,17.09,-0.4499999999999993,-2.5655644241733166,5787300.0
603217,2024-05-15,17.07,17.31,16.89,17.08,-0.0100000000000015,-0.0585137507314259,3324400.0
603217,2024-05-16,17.08,17.35,16.78,16.86,-0.2199999999999988,-1.2880562060889833,3532700.0
603217,2024-05-17,16.77,17.07,16.71,16.91,0.0500000000000007,0.2965599051008238,2738800.0
603217,2024-05-20,16.97,17.28,16.95,17.23,0.3200000000000003,1.8923713778829176,3349180.0
603217,2024-05-21,17.18,17.18,16.72,16.85,-0.379999999999999,-2.2054556006964487,2555580.0
603217,2024-05-22,16.86,17.03,16.8,16.93,0.0799999999999983,0.4747774480712063,2194720.0
603217,2024-05-23,16.92,16.92,16.38,16.38,-0.5500000000000007,-3.248670998227998,2467029.0
603217,2024-05-24,16.54,16.58,16.27,16.31,-0.0700000000000002,-0.4273504273504258,1661387.0
603217,2024-05-27,16.27,16.46,16.06,16.43,0.120000000000001,0.7357449417535245,1810167.0
603217,2024-05-28,16.44,16.72,16.16,16.18,-0.25,-1.5216068167985377,2567600.0
603217,2024-05-29,16.12,16.34,16.07,16.16,-0.0199999999999995,-0.1236093943139615,2065524.0
603217,2024-05-30,16.15,16.53,16.05,16.11,-0.0500000000000007,-0.3094059405940652,1920560.0
603217,2024-05-31,16.08,16.19,15.87,15.88,-0.2299999999999986,-1.4276846679081243,2165200.0
603217,2024-06-03,15.8,15.88,15.41,15.59,-0.2900000000000009,-1.8261964735516445,1934924.0
603217,2024-06-04,15.45,15.58,15.18,15.37,-0.2200000000000006,-1.4111610006414366,1703460.0
603217,2024-06-05,15.37,15.55,15.21,15.28,-0.0899999999999998,-0.5855562784645385,1559700.0
603217,2024-06-06,15.25,15.45,14.52,14.69,-0.5899999999999999,-3.8612565445026226,2513120.0
603217,2024-06-07,14.81,15.03,14.68,14.91,0.2200000000000006,1.497617426820974,1750044.0
603217,2024-06-11,14.94,15.16,14.67,15.14,0.2300000000000004,1.542588866532535,1345427.0
603217,2024-06-12,15.16,15.4,15.07,15.37,0.2299999999999986,1.5191545574636534,1264684.0
603217,2024-06-13,15.37,15.43,15.2,15.22,-0.1499999999999985,-0.9759271307742234,1091960.0
603217,2024-06-14,15.25,15.25,14.97,15.05,-0.1699999999999999,-1.1169513797634645,1014380.0
603217,2024-06-17,15.02,15.02,14.81,14.94,-0.1100000000000012,-0.73089700996678,1161024.0
603217,2024-06-18,14.97,15.03,14.84,14.95,0.0099999999999997,0.0669344042838027,1164704.0
603217,2024-06-19,14.96,15.02,14.74,14.83,-0.1199999999999992,-0.8026755852842737,904400.0
603217,2024-06-20,14.86,14.86,14.49,14.51,-0.3200000000000003,-2.157788267026295,1328807.0
603217,2024-06-21,14.53,14.66,14.38,14.5,-0.0099999999999997,-0.0689179875947632,626900.0
603217,2024-06-24,14.35,14.5,13.86,13.93,-0.5700000000000003,-3.931034482758622,1555100.0
603217,2024-06-25,13.96,14.18,13.91,14.03,0.0999999999999996,0.7178750897343766,1026860.0
603217,2024-06-26,14.04,14.47,13.89,14.43,0.4000000000000003,2.851033499643618,1186500.0
603217,2024-06-27,14.29,14.45,14.08,14.08,-0.3499999999999996,-2.425502425502424,919000.0
603217,2024-06-28,14.02,14.33,13.99,14.1,0.0199999999999995,0.1420454545454585,912200.0
603217,2024-07-01,14.11,14.41,13.96,14.39,0.2900000000000009,2.0567375886524797,1133520.0
603217,2024-07-02,14.4,14.55,14.23,14.47,0.08,0.5559416261292638,984220.0
603217,2024-07-03,14.48,14.54,14.31,14.38,-0.0899999999999998,-0.6219765031098778,679020.0
603217,2024-07-04,14.39,14.46,13.9,13.95,-0.4300000000000015,-2.9902642559110015,949500.0
603217,2024-07-05,13.95,14.24,13.78,14.11,0.1600000000000001,1.1469534050179142,839000.0
603217,2024-07-08,13.75,13.75,13.34,13.34,-0.7699999999999996,-5.457122608079379,914000.0
603217,2024-07-09,13.3,13.73,13.16,13.66,0.3200000000000003,2.398800599700146,1306400.0
603217,2024-07-10,13.63,13.92,13.51,13.53,-0.1300000000000007,-0.9516837481698404,863920.0
603217,2024-07-11,13.81,14.1,13.7,14.1,0.5700000000000003,4.212860310421296,1512000.0
603217,2024-07-12,14.1,14.21,13.88,14.01,-0.0899999999999998,-0.6382978723404209,997787.0
603217,2024-07-15,14.08,14.08,13.75,13.8,-0.209999999999999,-1.498929336188426,674200.0
603217,2024-07-16,13.68,13.93,13.68,13.81,0.0099999999999997,0.0724637681159379,642287.0
603217,2024-07-17,13.81,13.86,13.68,13.73,-0.08,-0.5792903692976137,555351.0
603217,2024-07-18,13.78,13.8,13.38,13.62,-0.1100000000000012,-0.8011653313911182,758240.0
603217,2024-07-19,13.6,13.85,13.5,13.74,0.120000000000001,0.8810572687224738,841900.0
603217,2024-07-22,13.86,13.86,13.58,13.68,-0.0600000000000005,-0.4366812227074246,817860.0
603217,2024-07-23,13.69,13.75,13.38,13.38,-0.2999999999999989,-2.1929824561403466,785300.0
603217,2024-07-24,13.33,13.45,13.06,13.16,-0.2200000000000006,-1.644245142002998,1006860.0
603217,2024-07-25,13.1,13.45,13.0,13.31,0.1500000000000003,1.1398176291793405,894700.0
603217,2024-07-26,13.31,13.62,13.31,13.53,0.2199999999999988,1.6528925619834656,703500.0
603217,2024-07-29,13.56,13.6,13.36,13.47,-0.0599999999999987,-0.4434589800443311,608400.0
603217,2024-07-30,13.47,13.66,13.33,13.53,0.0599999999999987,0.445434298440972,563024.0
603217,2024-07-31,13.57,14.04,13.5,14.02,0.4900000000000002,3.6215816703621506,1135992.0
603217,2024-08-01,14.08,14.15,13.95,14.03,0.0099999999999997,0.071326676176886,758900.0
603217,2024-08-02,14.03,14.23,13.9,13.91,-0.1199999999999992,-0.8553100498930766,957500.0
603217,2024-08-05,13.8,14.1,13.65,13.66,-0.25,-1.7972681524083378,994500.0
603217,2024-08-06,13.78,13.98,13.76,13.97,0.3100000000000005,2.2693997071742356,865592.0
603217,2024-08-07,13.95,13.99,13.82,13.93,-0.0400000000000009,-0.286327845382972,546372.0
603217,2024-08-08,13.92,13.98,13.69,13.95,0.0199999999999995,0.1435750179468842,675500.0
603217,2024-08-09,14.05,14.2,13.77,13.79,-0.1600000000000001,-1.1469534050179253,759500.0
603217,2024-08-12,13.72,13.87,13.7,13.75,-0.0399999999999991,-0.2900652646845469,604780.0
603217,2024-08-13,13.75,13.9,13.62,13.87,0.1199999999999992,0.8727272727272695,605880.0
603217,2024-08-14,13.78,13.95,13.68,13.71,-0.1599999999999983,-1.1535688536409403,559080.0
603217,2024-08-15,13.7,13.79,13.54,13.66,-0.0500000000000007,-0.3646973012399801,881880.0
603217,2024-08-16,13.63,13.69,13.51,13.54,-0.120000000000001,-0.8784773060029338,641100.0
603217,2024-08-19,13.58,13.7,13.47,13.55,0.0100000000000015,0.0738552437223205,557500.0
603217,2024-08-20,13.55,13.59,13.24,13.33,-0.2200000000000006,-1.6236162361623618,751976.0
603217,2024-08-21,13.28,13.44,13.23,13.32,-0.0099999999999997,-0.0750187546886715,471400.0
603217,2024-08-22,13.36,13.4,13.18,13.18,-0.1400000000000005,-1.0510510510510551,576700.0
603217,2024-08-23,13.25,13.32,12.76,12.87,-0.3100000000000005,-2.35204855842186,1338500.0
603217,2024-08-26,12.87,13.29,12.87,13.1,0.2300000000000004,1.787101787101797,1096740.0
603217,2024-08-27,13.1,13.14,12.93,13.05,-0.0499999999999989,-0.3816793893129722,628640.0
603217,2024-08-28,12.96,13.2,12.89,13.05,0.0,0.0,688800.0
603217,2024-08-29,13.03,13.41,13.03,13.38,0.33,2.5287356321838983,1035201.0
603217,2024-08-30,13.39,13.67,13.29,13.41,0.0299999999999993,0.2242152466367608,1397801.0
603217,2024-09-02,13.37,13.5,13.1,13.12,-0.2900000000000009,-2.162565249813575,960988.0
603217,2024-09-03,13.13,13.36,13.05,13.23,0.1100000000000012,0.8384146341463561,817720.0
603217,2024-09-04,13.13,13.38,13.13,13.23,0.0,0.0,717787.0
603217,2024-09-05,13.26,13.39,13.15,13.22,-0.0099999999999997,-0.0755857898715017,944387.0
603217,2024-09-06,13.16,13.26,12.91,12.93,-0.2900000000000009,-2.1936459909228545,942496.0
603217,2024-09-09,12.88,12.96,12.75,12.75,-0.1799999999999997,-1.39211136890951,877196.0
603217,2024-09-10,12.8,12.87,12.58,12.78,0.0299999999999993,0.2352941176470446,886800.0
603217,2024-09-11,12.72,12.9,12.69,12.76,-0.0199999999999995,-0.1564945226916969,707020.0
603217,2024-09-12,12.76,12.91,12.65,12.67,-0.0899999999999998,-0.7053291536050166,759220.0
603217,2024-09-13,12.67,12.73,12.36,12.36,-0.3100000000000005,-2.4467245461720633,1064600.0
603217,2024-09-18,12.45,12.54,12.15,12.36,0.0,0.0,666160.0
603217,2024-09-19,12.47,12.77,12.31,12.67,0.3100000000000005,2.5080906148867266,784376.0
603217,2024-09-20,12.62,12.65,12.47,12.5,-0.1699999999999999,-1.3417521704814472,469720.0
603217,2024-09-23,12.5,12.71,12.42,12.59,0.0899999999999998,0.7200000000000095,499136.0
603217,2024-09-24,12.62,13.12,12.62,13.1,0.5099999999999998,4.050833995234315,1625832.0
603217,2024-09-25,13.23,13.52,13.18,13.37,0.2699999999999996,2.061068702290081,2114400.0
603217,2024-09-26,13.36,13.7,13.27,13.7,0.33,2.4682124158563967,1677080.0
603217,2024-09-27,13.81,14.31,13.81,14.25,0.5500000000000007,4.014598540145986,1675860.0
603217,2024-09-30,14.85,15.6,14.41,15.47,1.2200000000000006,8.561403508771924,5015832.0
603217,2024-10-08,16.99,17.02,15.57,16.24,0.7699999999999978,4.977375565610842,6776904.0
603217,2024-10-09,15.98,15.98,14.78,14.78,-1.459999999999999,-8.990147783251224,3860272.0
603217,2024-10-10,14.95,15.49,14.65,15.11,0.33,2.232746955345055,3428272.0
603217,2024-10-11,15.04,15.04,14.58,14.65,-0.4599999999999991,-3.0443414956982107,2349852.0
603217,2024-10-14,14.99,14.99,14.4,14.8,0.1500000000000003,1.0238907849829282,1748100.0
603217,2024-10-15,14.8,14.8,14.5,14.5,-0.3000000000000007,-2.0270270270270285,1734692.0
603217,2024-10-16,14.28,14.63,14.26,14.45,-0.0500000000000007,-0.3448275862068972,1283232.0
603217,2024-10-17,14.63,14.7,14.25,14.26,-0.1899999999999995,-1.314878892733562,1287663.0
603217,2024-10-18,14.26,14.81,14.15,14.59,0.33,2.3141654978962034,2033098.0
603217,2024-10-21,14.6,16.05,14.57,16.05,1.4600000000000009,10.006854009595624,7033800.0
603217,2024-10-22,16.12,16.85,15.71,16.19,0.1400000000000005,0.8722741433021763,8235054.0
603217,2024-10-23,16.2,17.51,16.05,16.85,0.6600000000000001,4.076590487955523,8654216.0
603217,2024-10-24,16.62,17.36,16.48,16.88,0.0299999999999975,0.1780415430266968,4662096.0
603217,2024-10-25,17.0,18.35,16.82,17.89,1.0100000000000016,5.983412322274884,8718239.0
603217,2024-10-28,17.73,17.98,16.9,17.08,-0.8100000000000023,-4.527669088876484,7027144.0
603217,2024-10-29,17.0,17.05,16.39,16.51,-0.5699999999999967,-3.3372365339578214,4923856.0
603217,2024-10-30,16.35,16.69,16.31,16.6,0.0899999999999998,0.5451241671714069,3709720.0
603217,2024-10-31,16.64,18.26,16.64,18.26,1.66,10.000000000000009,4213878.0
603217,2024-11-01,19.0,19.15,17.73,17.84,-0.4200000000000017,-2.300109529025196,11029566.0
603217,2024-11-04,18.09,18.21,17.47,17.87,0.0300000000000011,0.1681614349775761,4337097.0
603217,2024-11-05,17.69,18.24,17.69,18.08,0.2099999999999973,1.1751538891997535,4774368.0
603217,2024-11-06,18.22,18.68,18.03,18.22,0.1400000000000005,0.7743362831858391,5229079.0
603217,2024-11-07,18.03,18.48,17.8,18.32,0.1000000000000014,0.5488474204171423,3434947.0
603217,2024-11-08,18.5,18.5,18.06,18.08,-0.240000000000002,-1.310043668122285,3629012.0
603217,2024-11-11,18.1,18.37,17.98,18.36,0.2800000000000011,1.5486725663716785,2802336.0
603217,2024-11-12,18.33,19.41,18.32,18.83,0.4699999999999988,2.5599128540304994,5816008.0
603217,2024-11-13,18.59,19.0,18.08,18.46,-0.3699999999999974,-1.9649495485926536,3684360.0
603217,2024-11-14,18.34,18.69,17.87,17.9,-0.5600000000000023,-3.0335861321776902,2934527.0
603217,2024-11-15,17.9,18.0,17.36,17.43,-0.4699999999999988,-2.625698324022341,2827788.0
603217,2024-11-18,17.43,17.58,16.81,17.14,-0.2899999999999991,-1.663798049340215,2694741.0
603217,2024-11-19,17.14,17.74,17.08,17.69,0.5500000000000007,3.2088681446907907,2303720.0
603217,2024-11-20,17.69,19.46,17.52,19.46,1.7699999999999996,10.005652911249284,4734420.0
603217,2024-11-21,20.0,20.48,18.79,19.91,0.4499999999999993,2.312435765673171,10085355.0
603217,2024-11-22,19.61,19.77,18.05,18.14,-1.7699999999999996,-8.89000502260171,7260649.0
603217,2024-11-25,17.94,18.2,17.56,17.92,-0.2199999999999988,-1.2127894156560015,3730192.0
603217,2024-11-26,17.9,18.29,17.7,17.83,-0.0900000000000034,-0.5022321428571619,2750771.0
603217,2024-11-27,17.8,18.09,17.2,18.02,0.1900000000000012,1.0656197420078506,2558692.0
603217,2024-11-28,18.03,18.79,18.0,18.45,0.4299999999999997,2.3862375138734793,3314620.0
603217,2024-11-29,18.49,18.76,18.27,18.63,0.1799999999999997,0.9756097560975618,2159408.0
603217,2024-12-02,18.54,19.28,18.54,18.97,0.3399999999999998,1.825013419216326,2619900.0
603217,2024-12-03,18.93,19.47,18.66,18.94,-0.0299999999999975,-0.1581444385872266,2795300.0
603217,2024-12-04,19.1,19.1,18.12,18.21,-0.7300000000000004,-3.854276663146783,2433615.0
603217,2024-12-05,18.18,18.57,18.16,18.35,0.1400000000000005,0.7688083470620555,1502091.0
603217,2024-12-06,18.32,18.65,17.95,18.33,-0.0200000000000031,-0.1089918256130917,2428025.0
603217,2024-12-09,18.35,18.42,18.08,18.32,-0.009999999999998,-0.0545553737043014,1915640.0
603217,2024-12-10,18.8,18.95,18.21,18.26,-0.0599999999999987,-0.3275109170305601,2310316.0
603217,2024-12-11,18.28,18.46,18.21,18.45,0.1899999999999977,1.0405257393208966,1532540.0
603217,2024-12-12,18.44,18.5,18.15,18.41,-0.0399999999999991,-0.2168021680216791,1692784.0
603217,2024-12-13,18.16,18.24,17.77,17.77,-0.6400000000000006,-3.476371537208045,2488120.0
603217,2024-12-16,17.94,18.08,17.75,17.84,0.0700000000000002,0.3939223410241999,1672340.0
603217,2024-12-17,17.84,17.98,17.3,17.34,-0.5,-2.802690582959644,1754400.0
603217,2024-12-18,17.43,17.63,17.21,17.33,-0.0100000000000015,-0.0576701268742874,1210631.0
603217,2024-12-19,17.18,17.47,17.07,17.33,0.0,0.0,1221200.0
603217,2024-12-20,17.38,17.55,17.2,17.29,-0.0399999999999991,-0.2308136180034559,1655220.0
603217,2024-12-23,17.35,17.4,16.8,16.87,-0.4199999999999981,-2.42914979757084,1855640.0
603217,2024-12-24,16.88,17.2,16.72,16.99,0.1199999999999974,0.7113218731475746,1267540.0
603217,2024-12-25,16.89,17.01,16.44,16.56,-0.4299999999999997,-2.530900529723368,1311060.0
603217,2024-12-26,16.56,16.73,16.53,16.55,-0.009999999999998,-0.0603864734299408,824400.0
603217,2024-12-27,16.55,17.03,16.44,16.74,0.1899999999999977,1.1480362537764188,966000.0
603217,2024-12-30,16.74,16.96,16.47,16.53,-0.2099999999999973,-1.2544802867383351,1455200.0
603217,2024-12-31,16.58,16.7,16.18,16.28,-0.25,-1.5124016938898976,1169389.0
603217,2025-01-02,16.28,16.54,16.07,16.14,-0.1400000000000005,-0.8599508599508643,1255849.0
603217,2025-01-03,16.27,16.38,16.0,16.07,-0.0700000000000002,-0.4337050805452325,1241992.0
603217,2025-01-06,16.0,16.3,15.64,16.18,0.1099999999999994,0.6845052893590609,1128500.0
603217,2025-01-07,16.25,16.5,16.03,16.46,0.2800000000000011,1.7305315203955507,901700.0
603217,2025-01-08,16.45,16.7,16.21,16.63,0.1699999999999981,1.0328068043742311,1212801.0
603217,2025-01-09,16.73,16.77,16.41,16.44,-0.1899999999999977,-1.1425135297654654,762501.0
603217,2025-01-10,16.41,16.55,16.08,16.09,-0.3500000000000014,-2.128953771289543,835400.0
603217,2025-01-13,15.9,16.25,15.81,16.07,-0.0199999999999995,-0.1243008079552465,675900.0
603217,2025-01-14,16.21,16.59,16.07,16.58,0.509999999999998,3.173615432482868,1264242.0
603217,2025-01-15,16.57,16.76,16.41,16.49,-0.0899999999999998,-0.5428226779252143,1039540.0
603217,2025-01-16,16.66,16.73,16.39,16.61,0.120000000000001,0.727713765918736,844832.0
603217,2025-01-17,16.61,17.15,16.53,16.89,0.2800000000000011,1.685731487055997,1336460.0
603217,2025-01-20,16.89,17.2,16.84,17.12,0.2300000000000004,1.3617525162818334,1300072.0
603217,2025-01-21,17.12,17.24,16.9,17.03,-0.0899999999999998,-0.5257009345794428,812900.0
603217,2025-01-22,17.03,17.03,16.75,16.8,-0.2300000000000004,-1.350557839107458,619284.0
603217,2025-01-23,16.9,17.15,16.72,16.75,-0.0500000000000007,-0.2976190476190465,1087164.0
603217,2025-01-24,16.74,16.83,16.58,16.82,0.0700000000000002,0.417910447761205,1042812.0
603217,2025-01-27,16.79,17.06,16.73,16.79,-0.0300000000000011,-0.1783590963139181,750960.0
603217,2025-02-05,16.81,16.9,16.59,16.78,-0.009999999999998,-0.0595592614651474,1006800.0
603217,2025-02-06,16.78,16.97,16.65,16.97,0.1899999999999977,1.1323003575685275,1214884.0
603217,2025-02-07,16.97,17.06,16.77,16.87,-0.0999999999999978,-0.5892751915144268,1721350.0
603217,2025-02-10,16.89,17.02,16.85,17.02,0.1499999999999985,0.889152341434496,893660.0
603217,2025-02-11,17.02,17.08,16.83,17.07,0.0500000000000007,0.2937720329024618,1111254.0
603217,2025-02-12,17.07,17.19,16.93,17.19,0.120000000000001,0.7029876977152849,938328.0
603217,2025-02-13,17.2,17.23,16.94,16.94,-0.25,-1.4543339150668966,1196200.0
603217,2025-02-14,16.94,17.05,16.83,16.89,-0.0500000000000007,-0.2951593860684776,923724.0
603217,2025-02-17,16.85,17.01,16.83,16.93,0.0399999999999991,0.2368265245707546,793280.0
603217,2025-02-18,16.92,17.16,16.52,16.54,-0.3900000000000005,-2.303603071470761,1376634.0
603217,2025-02-19,16.58,17.0,16.58,16.91,0.370000000000001,2.2370012091898595,1069420.0
603217,2025-02-20,17.07,17.07,16.83,17.02,0.1099999999999994,0.6505026611472564,1119360.0
603217,2025-02-21,17.05,17.1,16.9,17.02,0.0,0.0,1310506.0
603217,2025-02-24,17.01,17.2,16.86,16.95,-0.0700000000000002,-0.4112808460634554,1203408.0
603217,2025-02-25,17.02,17.78,16.84,17.34,0.3900000000000005,2.300884955752225,3130714.0
603217,2025-02-26,17.35,17.68,17.35,17.53,0.1900000000000012,1.0957324106113164,2121674.0
603217,2025-02-27,17.48,17.54,17.15,17.35,-0.1799999999999997,-1.026811180832854,1511300.0
603217,2025-02-28,17.36,17.42,17.01,17.06,-0.2900000000000027,-1.671469740634024,1245700.0
603217,2025-03-03,17.08,17.49,17.0,17.26,0.2000000000000028,1.1723329425556983,1544634.0
603217,2025-03-04,17.1,17.33,17.1,17.28,0.0199999999999995,0.1158748551564281,1221300.0
603217,2025-03-05,17.3,17.3,16.81,16.95,-0.3300000000000018,-1.909722222222232,1844490.0
603217,2025-03-06,16.95,17.09,16.9,17.05,0.1000000000000014,0.5899705014749346,1513924.0
603217,2025-03-07,17.05,17.35,16.93,17.35,0.3000000000000007,1.7595307917888547,1464578.0
603217,2025-03-10,17.34,17.45,17.28,17.38,0.0299999999999975,0.1729106628241883,1189700.0
603217,2025-03-11,17.38,17.5,17.23,17.38,0.0,0.0,1276000.0
603217,2025-03-12,17.38,17.58,17.26,17.3,-0.0799999999999983,-0.460299194476399,1181503.0
603217,2025-03-13,17.25,17.34,17.05,17.22,-0.0800000000000018,-0.4624277456647507,1350020.0
603217,2025-03-14,17.23,17.45,17.02,17.38,0.1600000000000001,0.9291521486643362,1783163.0
603217,2025-03-17,17.47,17.49,17.31,17.4,0.0199999999999995,0.1150747986190969,988320.0
603217,2025-03-18,17.45,17.48,17.3,17.43,0.0300000000000011,0.1724137931034652,1177480.0
603217,2025-03-19,17.4,17.4,17.15,17.26,-0.1699999999999981,-0.9753298909925268,1427880.0
603217,2025-03-20,17.24,17.33,17.14,17.15,-0.1100000000000029,-0.6373117033603881,1063500.0
603217,2025-03-21,17.25,17.28,16.92,16.97,-0.1799999999999997,-1.0495626822157431,1412520.0
603217,2025-03-24,16.9,17.09,16.58,16.86,-0.1099999999999994,-0.6482027106658794,1445180.0
603217,2025-03-25,16.82,17.39,16.72,17.2,0.3399999999999998,2.016607354685651,2131524.0
603217,2025-03-26,17.23,18.92,17.17,18.92,1.7200000000000024,10.000000000000009,9914829.0
603217,2025-03-27,19.9,20.81,19.09,19.31,0.389999999999997,2.061310782240988,18781315.0
603217,2025-03-28,18.65,19.09,18.03,18.06,-1.25,-6.4733298808907325,11947401.0
603217,2025-03-31,17.88,17.98,17.1,17.21,-0.8499999999999979,-4.706533776301203,6685794.0
603217,2025-04-01,17.36,18.1,17.31,17.86,0.6499999999999986,3.776873910517131,5896833.0
603217,2025-04-02,17.65,18.94,17.61,18.23,0.370000000000001,2.0716685330347095,5948839.0
603217,2025-04-03,17.83,18.29,17.68,18.07,-0.1600000000000001,-0.8776741634668128,4653200.0
603217,2025-04-07,16.5,17.18,16.26,16.26,-1.8099999999999987,-10.016602102933025,5736440.0
603217,2025-04-08,16.11,16.49,15.07,15.3,-0.9600000000000009,-5.904059040590415,5300534.0
603217,2025-04-09,15.48,15.59,14.22,15.55,0.25,1.6339869281045694,3576169.0
603217,2025-04-10,15.7,16.14,15.7,15.96,0.4100000000000001,2.636655948553046,3319600.0
603217,2025-04-11,15.62,16.1,15.62,15.97,0.0099999999999997,0.0626566416040086,1747660.0
603217,2025-04-14,16.02,16.48,16.02,16.45,0.4799999999999986,3.0056355666875367,2137200.0
603217,2025-04-15,16.5,17.57,16.3,17.09,0.6400000000000006,3.89057750759878,5026144.0
603217,2025-04-16,16.9,17.36,16.81,17.11,0.0199999999999995,0.1170275014628519,3443200.0
603217,2025-04-17,16.93,17.56,16.87,17.29,0.1799999999999997,1.0520163646990044,2904900.0
603217,2025-04-18,17.31,17.34,16.93,17.16,-0.129999999999999,-0.7518796992481147,1942904.0
603217,2025-04-21,17.1,17.28,16.98,17.19,0.0300000000000011,0.1748251748251883,1966204.0
603217,2025-04-22,17.12,17.86,17.12,17.76,0.5700000000000003,3.315881326352521,3176691.0
603217,2025-04-23,17.65,17.96,17.5,17.69,-0.0700000000000002,-0.3941441441441484,1889500.0
603217,2025-04-24,17.58,18.05,17.58,17.82,0.129999999999999,0.7348784624081395,2113424.0
603217,2025-04-25,17.3,17.3,16.48,16.8,-1.0199999999999996,-5.72390572390572,4584480.0
603217,2025-04-28,16.68,16.85,16.36,16.49,-0.3100000000000023,-1.8452380952381109,2031243.0
603217,2025-04-29,16.42,17.07,16.42,17.02,0.5300000000000011,3.214069132807773,2208200.0
603217,2025-04-30,16.97,17.15,16.78,16.89,-0.129999999999999,-0.763807285546414,1612480.0
603217,2025-05-06,16.93,17.08,16.86,17.05,0.1600000000000001,0.9473060982830184,1523900.0
603217,2025-05-07,17.14,17.47,17.14,17.42,0.370000000000001,2.170087976539592,2620340.0
603217,2025-05-08,17.26,17.45,17.26,17.34,-0.0800000000000018,-0.4592422502870397,1931340.0
603217,2025-05-09,17.34,17.37,17.12,17.18,-0.1600000000000001,-0.9227220299884652,1366980.0
603217,2025-05-12,17.37,17.37,17.05,17.2,0.0199999999999995,0.1164144353899887,1549780.0
603217,2025-05-13,17.35,17.48,17.16,17.28,0.0800000000000018,0.4651162790697771,2424200.0
603217,2025-05-14,17.26,17.26,17.05,17.21,-0.0700000000000002,-0.405092592592593,1668050.0
603217,2025-05-15,17.22,17.62,17.18,17.23,0.0199999999999995,0.11621150493899,2957820.0
603217,2025-05-16,17.35,17.58,17.28,17.49,0.259999999999998,1.5089959373186137,2843940.0
603217,2025-05-19,17.49,17.58,17.25,17.31,-0.1799999999999997,-1.0291595197255532,2212340.0
603217,2025-05-20,17.26,17.43,16.99,17.43,0.120000000000001,0.6932409012131879,2309560.0
603217,2025-05-21,17.43,17.44,17.16,17.25,-0.1799999999999997,-1.03270223752151,1609500.0
603217,2025-05-22,17.25,17.32,16.86,16.86,-0.3900000000000005,-2.260869565217394,2011300.0
603217,2025-05-23,16.86,17.22,16.69,17.13,0.2699999999999996,1.6014234875444844,2333000.0
603217,2025-05-26,17.02,17.19,16.9,17.11,-0.0199999999999995,-0.1167542323409209,1157060.0
603217,2025-05-27,17.04,17.12,16.81,17.1,-0.009999999999998,-0.0584453535943829,1452200.0
603217,2025-05-28,17.1,17.18,16.82,16.93,-0.1700000000000017,-0.9941520467836362,1312200.0
603217,2025-05-29,16.97,17.67,16.89,17.43,0.5,2.953337271116352,3740680.0
603217,2025-05-30,17.34,17.74,16.99,17.01,-0.4199999999999981,-2.409638554216853,3022772.0
603217,2025-06-03,17.0,17.6,16.88,17.48,0.4699999999999988,2.7630805408583203,3101216.0
603217,2025-06-04,17.35,18.47,17.35,18.03,0.5500000000000007,3.146453089244861,5475840.0
603217,2025-06-05,18.03,18.19,17.63,17.73,-0.3000000000000007,-1.6638935108153063,3301920.0
603217,2025-06-06,17.82,18.37,17.73,17.93,0.1999999999999993,1.1280315848843705,2926240.0
603217,2025-06-09,17.83,18.91,17.82,18.74,0.8099999999999987,4.517568321249299,5545324.0
603217,2025-06-10,18.7,19.11,18.37,18.62,-0.1199999999999974,-0.640341515474907,5078120.0
603217,2025-06-11,18.55,19.36,18.55,18.74,0.1199999999999974,0.6444683136412221,3090440.0
603217,2025-06-12,18.77,19.05,18.55,18.81,0.0700000000000002,0.3735325506937004,3150360.0
603217,2025-06-13,18.81,19.21,18.45,18.6,-0.2099999999999973,-1.1164274322168932,4807440.0
603217,2025-06-16,18.51,18.74,18.36,18.48,-0.120000000000001,-0.6451612903225823,2959440.0
603217,2025-06-17,18.58,18.63,18.17,18.25,-0.2300000000000004,-1.2445887445887482,2310063.0
603217,2025-06-18,18.23,18.25,17.86,18.03,-0.2199999999999988,-1.2054794520547918,1677365.0
603217,2025-06-19,18.07,18.12,17.45,17.52,-0.5100000000000016,-2.828618968386032,1819799.0
603217,2025-06-20,17.58,17.84,17.44,17.49,-0.0300000000000011,-0.171232876712335,1899888.0
603217,2025-06-23,17.49,17.77,17.38,17.73,0.240000000000002,1.3722126929674117,1941064.0
603217,2025-06-24,17.71,18.01,17.71,18.0,0.2699999999999996,1.522842639593902,2028280.0
603217,2025-06-25,18.05,18.24,17.77,18.11,0.1099999999999994,0.6111111111111178,2425180.0
603217,2025-06-26,18.1,18.29,17.83,17.92,-0.1899999999999977,-1.049144119271106,2053800.0
603217,2025-06-27,18.0,18.32,17.89,18.01,0.0899999999999998,0.5022321428571397,1708808.0
603217,2025-06-30,18.01,18.26,17.86,18.23,0.2199999999999988,1.2215435868961677,2324600.0
603217,2025-07-01,17.79,18.03,17.71,17.97,-0.2600000000000015,-1.4262205156335803,2297600.0
603217,2025-07-02,18.01,18.05,17.75,17.88,-0.0899999999999998,-0.5008347245408995,1571664.0
603217,2025-07-03,17.94,18.02,17.78,17.93,0.0500000000000007,0.2796420581655523,1113760.0
603217,2025-07-04,18.0,18.14,17.65,17.69,-0.2399999999999984,-1.3385387618516376,1681420.0
603217,2025-07-07,17.68,17.83,17.61,17.8,0.1099999999999994,0.621820237422277,1198420.0
603217,2025-07-08,17.86,18.46,17.67,18.43,0.629999999999999,3.539325842696628,3179700.0
603217,2025-07-09,18.45,18.45,17.95,17.98,-0.4499999999999993,-2.44167118827997,2441268.0
603217,2025-07-10,17.98,18.27,17.97,18.04,0.0599999999999987,0.3337041156840969,1751424.0
603217,2025-07-11,18.1,19.15,18.02,18.33,0.2899999999999991,1.607538802660757,4950488.0
603217,2025-07-14,18.29,18.29,18.09,18.21,-0.1199999999999974,-0.6546644844517058,2369840.0
603217,2025-07-15,18.18,18.35,17.95,18.1,-0.1099999999999994,-0.6040637012630357,2580143.0
603217,2025-07-16,18.1,18.4,18.1,18.29,0.1899999999999977,1.0497237569060625,1960540.0
603217,2025-07-17,18.29,18.5,18.19,18.32,0.0300000000000011,0.164024056861689,2109488.0
603217,2025-07-18,18.35,18.69,18.31,18.49,0.1699999999999981,0.927947598253276,2815100.0
603217,2025-07-21,18.5,18.77,18.47,18.74,0.25,1.3520822065981708,3325360.0
603217,2025-07-22,18.74,19.0,18.57,18.96,0.2200000000000024,1.1739594450373758,3440636.0
603217,2025-07-23,18.86,19.5,18.81,19.06,0.0999999999999978,0.5274261603375408,5455528.0
603217,2025-07-24,19.01,19.08,18.81,18.98,-0.0799999999999983,-0.4197271773347277,2904100.0
603217,2025-07-25,18.96,18.98,18.77,18.8,-0.1799999999999997,-0.9483667017913588,2424900.0
603217,2025-07-28,18.8,18.86,18.7,18.81,0.009999999999998,0.0531914893616924,1773300.0
603217,2025-07-29,18.79,18.86,18.51,18.86,0.0500000000000007,0.265816055289747,2967600.0
603217,2025-07-30,18.82,19.03,18.53,18.68,-0.1799999999999997,-0.9544008483563072,1935380.0
603217,2025-07-31,18.7,18.75,18.28,18.36,-0.3200000000000003,-1.7130620985010725,2280500.0
603217,2025-08-01,18.37,18.76,18.37,18.52,0.1600000000000001,0.8714596949891185,2966354.0
603217,2025-08-04,18.48,18.67,18.27,18.67,0.1500000000000021,0.8099352051835984,1703864.0
603217,2025-08-05,18.71,18.8,18.61,18.71,0.0399999999999991,0.2142474558114671,1605600.0
603217,2025-08-06,18.77,18.77,18.63,18.67,-0.0399999999999991,-0.2137894174238375,1839264.0
603217,2025-08-07,18.65,18.66,18.38,18.41,-0.2600000000000015,-1.392608462774514,3289700.0
603217,2025-08-08,18.36,18.45,18.21,18.45,0.0399999999999991,0.2172732210754979,1846300.0
603217,2025-08-11,18.48,18.71,18.42,18.63,0.1799999999999997,0.9756097560975618,2041311.0
603217,2025-08-12,18.76,18.76,18.44,18.58,-0.0500000000000007,-0.268384326355342,1789520.0
603217,2025-08-13,18.55,19.02,18.48,18.75,0.1700000000000017,0.9149623250807482,3878340.0
603217,2025-08-14,18.74,19.14,18.35,18.38,-0.370000000000001,-1.973333333333338,3848580.0
603217,2025-08-15,18.35,18.69,18.3,18.62,0.240000000000002,1.305767138193703,2476580.0
603217,2025-08-18,18.67,18.74,18.43,18.5,-0.120000000000001,-0.6444683136412555,3297500.0
603217,2025-08-19,18.47,18.59,18.38,18.48,-0.0199999999999995,-0.108108108108107,1696360.0
603217,2025-08-20,18.49,18.64,18.42,18.64,0.1600000000000001,0.8658008658008587,1902344.0
603217,2025-08-21,18.71,19.51,18.66,19.18,0.5399999999999991,2.896995708154493,5822612.0
603217,2025-08-22,19.18,19.25,18.71,18.88,-0.3000000000000007,-1.564129301355588,4333060.0
603217,2025-08-25,18.93,19.23,18.75,19.08,0.1999999999999993,1.0593220338982912,3539508.0
603217,2025-08-26,19.05,19.14,18.91,19.07,-0.009999999999998,-0.0524109014674922,2457000.0
603217,2025-08-27,19.12,19.4,18.49,18.75,-0.3200000000000003,-1.678028316727842,3799000.0
603217,2025-08-28,18.72,19.13,18.68,19.11,0.3599999999999994,1.9199999999999884,4513516.0
603217,2025-08-29,19.19,20.36,19.14,19.97,0.8599999999999994,4.500261643118786,7923900.0
603217,2025-09-01,19.96,20.89,19.62,20.7,0.7300000000000004,3.655483224837264,7447844.0
603217,2025-09-02,20.78,21.06,19.83,20.25,-0.4499999999999993,-2.1739130434782594,7420171.0
603217,2025-09-03,20.29,20.58,19.88,19.9,-0.3500000000000014,-1.728395061728405,3548195.0
603217,2025-09-04,19.91,20.85,19.77,20.18,0.2800000000000011,1.407035175879412,5933364.0
603217,2025-09-05,20.03,21.5,20.03,21.08,0.8999999999999986,4.459861248761143,6694377.0
603217,2025-09-08,21.46,21.62,21.15,21.43,0.3500000000000014,1.6603415559772294,6570808.0
603217,2025-09-09,21.48,22.42,21.43,21.65,0.2199999999999988,1.0265982267848806,9107283.0
603217,2025-09-10,21.33,21.41,20.81,20.85,-0.7999999999999972,-3.6951501154734334,6211536.0
603217,2025-09-11,20.89,20.91,20.39,20.82,-0.0300000000000011,-0.1438848920863322,3638455.0
603217,2025-09-12,20.82,20.91,20.56,20.63,-0.1900000000000012,-0.9125840537944296,3283013.0
603217,2025-09-15,20.7,21.07,20.59,20.62,-0.009999999999998,-0.0484730974309122,2938071.0
603217,2025-09-16,20.51,21.33,20.51,21.3,0.6799999999999997,3.2977691561590694,4659997.0
603217,2025-09-17,21.14,21.25,20.93,21.09,-0.2100000000000008,-0.9859154929577452,2603798.0
603217,2025-09-18,21.09,22.24,20.62,21.19,0.1000000000000014,0.4741583688952167,5563703.0
603217,2025-09-19,21.19,21.87,21.19,21.46,0.2699999999999996,1.2741859367626285,3978240.0
603217,2025-09-22,21.5,21.57,21.04,21.33,-0.1300000000000025,-0.6057781919850957,2677000.0
603217,2025-09-23,21.16,21.44,20.3,21.05,-0.2799999999999976,-1.312705110173451,3289120.0
603217,2025-09-24,20.9,22.0,20.82,21.84,0.7899999999999991,3.7529691211401377,3774498.0
603217,2025-09-25,21.97,21.97,21.28,21.29,-0.5500000000000007,-2.5183150183150205,2858420.0
603217,2025-09-26,21.22,21.69,21.0,21.32,0.0300000000000011,0.1409112259276757,2155954.0
603217,2025-09-29,21.6,22.63,21.39,22.2,0.879999999999999,4.12757973733584,5605568.0
603217,2025-09-30,22.2,23.23,21.92,22.83,0.629999999999999,2.837837837837842,5080607.0
603217,2025-10-09,22.93,23.23,22.53,22.82,-0.009999999999998,-0.0438020148926798,4173720.0
603217,2025-10-10,22.7,23.05,22.58,22.6,-0.2199999999999988,-0.9640666082383786,3089700.0
603217,2025-10-13,21.72,23.45,21.52,23.45,0.8499999999999979,3.761061946902644,5036167.0
603217,2025-10-14,23.46,25.8,23.46,24.5,1.0500000000000007,4.47761194029852,9666377.0
603217,2025-10-15,24.43,24.92,23.76,24.42,-0.0799999999999983,-0.3265306122448907,6284778.0
603217,2025-10-16,24.36,25.19,24.1,24.6,0.1799999999999997,0.7371007371007376,5835120.0
603217,2025-10-17,24.5,25.68,24.29,25.19,0.5899999999999999,2.398373983739832,7264894.0
603217,2025-10-20,25.34,25.45,23.93,24.35,-0.8399999999999999,-3.334656609765785,7711190.0
603217,2025-10-21,24.42,25.3,24.05,24.83,0.4799999999999969,1.9712525667350933,4340168.0
603217,2025-10-22,24.75,24.75,24.16,24.16,-0.6699999999999982,-2.698348771647197,3038400.0
603217,2025-10-23,24.11,24.25,23.48,23.89,-0.2699999999999996,-1.1175496688741735,3161746.0
603217,2025-10-24,23.8,24.33,23.67,23.74,-0.1500000000000021,-0.6278777731268392,2583400.0
603217,2025-10-27,23.69,24.3,23.69,24.0,0.2600000000000015,1.095197978096052,2592720.0
603217,2025-10-28,24.01,25.14,24.01,24.38,0.379999999999999,1.5833333333333366,5413660.0
603217,2025-10-29,24.0,24.52,23.78,24.37,-0.009999999999998,-0.0410172272354292,3175264.0
603217,2025-10-30,24.38,25.4,24.28,25.06,0.6899999999999977,2.831350020517021,4876983.0
603217,2025-10-31,25.05,26.25,24.9,25.99,0.9299999999999996,3.7110933758978337,6486424.0
603217,2025-11-03,26.0,26.36,25.5,25.7,-0.2899999999999991,-1.1158137745286625,4369381.0
603217,2025-11-04,25.65,25.95,24.62,24.83,-0.870000000000001,-3.3852140077821,3427717.0
603217,2025-11-05,24.63,24.98,24.54,24.82,-0.009999999999998,-0.0402738622633847,1972410.0
603217,2025-11-06,24.69,25.58,24.68,24.98,0.1600000000000001,0.6446414182111226,2253867.0
603217,2025-11-07,24.89,25.87,24.83,25.52,0.5399999999999991,2.161729383506805,3077590.0
603217,2025-11-10,25.58,25.78,25.01,25.13,-0.3900000000000005,-1.5282131661441989,2285980.0
603217,2025-11-11,25.13,25.55,24.78,24.9,-0.2300000000000004,-0.9152407481098356,2153280.0
603217,2025-11-12,24.95,24.99,23.9,24.45,-0.4499999999999993,-1.8072289156626509,2585955.0
603217,2025-11-13,24.45,24.73,23.98,24.45,0.0,0.0,2465480.0
603217,2025-11-14,24.68,25.18,24.11,24.81,0.3599999999999994,1.472392638036801,2825780.0
603217,2025-11-17,24.75,25.27,24.24,24.8,-0.009999999999998,-0.0403063280934978,2750241.0
603217,2025-11-18,24.9,25.0,23.77,23.88,-0.9200000000000016,-3.709677419354851,2806684.0
603217,2025-11-19,23.86,25.36,23.34,24.9,1.0199999999999996,4.271356783919589,5549435.0
603217,2025-11-20,24.9,25.25,24.53,24.6,-0.2999999999999971,-1.2048192771084263,2623598.0
603217,2025-11-21,24.5,24.5,22.88,22.88,-1.7200000000000024,-6.991869918699201,3794900.0
603217,2025-11-24,22.88,23.92,22.78,23.5,0.620000000000001,2.709790209790208,2559644.0
603217,2025-11-25,23.79,25.27,23.56,24.41,0.91,3.872340425531906,4022408.0
603217,2025-11-26,24.4,24.63,24.14,24.4,-0.0100000000000015,-0.0409668168783294,1608414.0
603217,2025-11-27,24.36,26.36,24.36,26.3,1.900000000000002,7.786885245901653,8301654.0
603217,2025-11-28,26.3,28.93,26.06,28.7,2.3999999999999986,9.125475285171092,14158308.0
603217,2025-12-01,28.7,29.1,28.28,28.32,-0.379999999999999,-1.324041811846688,7534643.0
603217,2025-12-02,28.68,28.85,27.61,28.0,-0.3200000000000003,-1.1299435028248594,5492868.0
603217,2025-12-03,28.0,28.0,26.7,26.88,-1.120000000000001,-4.0000000000000036,4592604.0
603217,2025-12-04,26.78,27.18,26.55,26.6,-0.2799999999999976,-1.041666666666663,2557284.0
603217,2025-12-05,26.56,27.46,26.56,27.23,0.629999999999999,2.368421052631575,2849224.0
603217,2025-12-08,27.34,27.39,26.7,27.12,-0.1099999999999994,-0.4039662137348521,2459160.0
603217,2025-12-09,26.95,27.76,26.62,26.74,-0.3800000000000025,-1.4011799410029613,3235540.0
603217,2025-12-10,26.68,27.19,26.56,27.09,0.3500000000000014,1.308900523560208,1964636.0
603217,2025-12-11,26.96,27.3,26.53,26.62,-0.4699999999999988,-1.7349575489110314,2303360.0
603217,2025-12-12,26.66,27.52,26.59,26.72,0.0999999999999978,0.3756574004507795,3418204.0
603217,2025-12-15,26.53,27.15,26.28,26.53,-0.1899999999999977,-0.7110778443113697,2448644.0
603217,2025-12-16,26.55,26.93,25.34,25.39,-1.1400000000000006,-4.297022238974746,3706018.0
603217,2025-12-17,25.39,25.93,25.05,25.81,0.4199999999999981,1.6541945647892795,2484624.0
603217,2025-12-18,25.9,25.9,25.05,25.12,-0.6899999999999977,-2.673382409918623,2436244.0
603217,2025-12-19,25.29,25.49,25.03,25.15,0.0299999999999975,0.1194267515923552,1708930.0
603217,2025-12-22,25.31,25.6,24.85,24.98,-0.1699999999999981,-0.6759443339960147,2483700.0
603217,2025-12-23,25.09,25.34,24.9,25.05,0.0700000000000002,0.2802241793434801,1980424.0
603217,2025-12-24,25.18,25.34,24.81,25.15,0.0999999999999978,0.3992015968063755,1953300.0
603217,2025-12-25,25.29,25.29,24.8,25.14,-0.009999999999998,-0.0397614314115224,2272520.0
603217,2025-12-26,25.15,25.18,24.55,24.73,-0.4100000000000001,-1.6308671439936306,2832440.0
603217,2025-12-29,25.09,25.87,24.74,25.59,0.8599999999999994,3.4775576223210702,4236439.0
603217,2025-12-30,25.35,25.99,25.25,25.82,0.2300000000000004,0.8987885892926872,2762270.0
603217,2025-12-31,25.81,25.89,25.25,25.62,-0.1999999999999993,-0.774593338497287,2395016.0
603217,2026-01-05,25.62,25.91,25.35,25.38,-0.240000000000002,-0.936768149882916,2414520.0
603217,2026-01-06,25.33,25.8,24.98,25.07,-0.3099999999999987,-1.2214342001576006,3169880.0
603217,2026-01-07,24.93,25.17,24.68,25.15,0.0799999999999983,0.3191065017949634,2391280.0
603217,2026-01-08,24.86,26.0,24.83,25.77,0.620000000000001,2.465208747514924,3480440.0
603217,2026-01-09,25.77,26.09,25.35,26.09,0.3200000000000003,1.2417539774932207,2990780.0
603217,2026-01-12,26.27,26.76,26.1,26.53,0.4400000000000013,1.6864699118436244,3647068.0
603217,2026-01-13,26.53,26.58,25.28,25.39,-1.1400000000000006,-4.297022238974746,3291160.0
603217,2026-01-14,25.42,26.5,24.94,25.33,-0.0600000000000022,-0.2363135092556256,3593568.0
603217,2026-01-15,25.3,25.66,25.0,25.5,0.1700000000000017,0.6711409395973256,2086100.0
603217,2026-01-16,25.59,25.84,25.23,25.64,0.1400000000000005,0.5490196078431486,2068204.0
603217,2026-01-19,25.74,27.48,25.36,27.37,1.7300000000000004,6.747269890795637,6593808.0
603217,2026-01-20,27.37,27.56,26.66,27.06,-0.3100000000000023,-1.1326269638290198,3216346.0
603217,2026-01-21,26.85,27.37,26.75,27.31,0.25,0.9238728750923908,2339480.0
603217,2026-01-22,27.31,27.88,27.0,27.86,0.5500000000000007,2.013914317099963,2774128.0
603217,2026-01-23,27.88,28.66,27.45,27.88,0.0199999999999995,0.071787508973431,3661480.0
603217,2026-01-26,27.88,28.12,27.1,27.33,-0.5500000000000007,-1.9727403156384549,2732588.0
603217,2026-01-27,27.33,27.6,26.4,26.88,-0.4499999999999993,-1.6465422612513714,2480240.0
603217,2026-01-28,26.81,28.4,26.45,28.18,1.3000000000000007,4.836309523809534,4638860.0
603217,2026-01-29,28.19,28.88,26.62,26.75,-1.4299999999999995,-5.074520936834636,6095033.0
603217,2026-01-30,26.55,27.44,26.35,27.06,0.3099999999999987,1.1588785046728889,2726348.0
603217,2026-02-02,26.86,26.98,25.7,25.77,-1.2899999999999991,-4.7671840354767125,2529340.0
603217,2026-02-03,25.88,26.3,25.74,26.03,0.2600000000000015,1.0089251067132432,1767220.0
603217,2026-02-04,26.08,26.25,25.35,25.72,-0.3100000000000023,-1.1909335382251365,2314900.0
603217,2026-02-05,25.74,26.35,25.5,25.63,-0.0899999999999998,-0.3499222395023316,1762600.0
603217,2026-02-06,25.5,26.37,25.19,25.79,0.1600000000000001,0.6242684354272443,2393400.0
603217,2026-02-09,25.91,26.88,25.91,26.18,0.3900000000000005,1.512214036448234,2656000.0
603217,2026-02-10,26.16,26.48,25.58,25.98,-0.1999999999999993,-0.7639419404125269,2435384.0
603217,2026-02-11,25.98,25.98,25.51,25.55,-0.4299999999999997,-1.6551193225558092,2971452.0
603217,2026-02-12,25.58,25.62,24.9,25.18,-0.370000000000001,-1.4481409001956935,2675116.0
603217,2026-02-13,25.29,25.55,25.01,25.28,0.1000000000000014,0.3971405877680745,1595410.0
603217,2026-02-24,25.44,25.59,25.16,25.36,0.0799999999999983,0.3164556962025333,2215580.0
603217,2026-02-25,25.36,26.1,25.36,26.03,0.6700000000000017,2.641955835962162,3583740.0
603217,2026-02-26,26.1,26.11,25.41,25.75,-0.2800000000000011,-1.075681905493664,2283140.0
603217,2026-02-27,25.74,28.33,25.51,28.33,2.5799999999999983,10.019417475728144,9304137.0
603217,2026-03-02,27.8,27.8,26.87,27.05,-1.2799999999999976,-4.518178609248135,8034274.0
603217,2026-03-03,27.28,27.38,24.7,24.74,-2.3100000000000023,-8.539741219963037,7146496.0
603217,2026-03-04,23.9,25.01,23.88,24.24,-0.5,-2.02101859337106,3077109.0
603217,2026-03-05,24.9,24.99,24.0,24.15,-0.0899999999999998,-0.3712871287128716,2787584.0
603217,2026-03-06,24.15,24.98,24.03,24.88,0.7300000000000004,3.0227743271221463,2896260.0
603217,2026-03-09,24.9,25.0,23.93,24.53,-0.3499999999999978,-1.4067524115755514,4046749.0
603217,2026-03-10,24.69,25.17,24.5,24.95,0.4199999999999981,1.7121891561353353,1992100.0
603217,2026-03-11,25.04,25.3,24.6,25.16,0.2100000000000008,0.84168336673347,2040820.0
603217,2026-03-12,25.05,25.15,24.45,24.55,-0.6099999999999994,-2.424483306836245,2141980.0
603217,2026-03-13,24.6,24.91,24.05,24.05,-0.5,-2.0366598778004064,2180700.0
603217,2026-03-16,24.17,24.26,23.24,23.66,-0.3900000000000005,-1.6216216216216273,2699360.0
603217,2026-03-17,23.65,24.26,23.28,23.35,-0.3099999999999987,-1.3102282333051551,1736900.0
603217,2026-03-18,23.46,24.84,23.06,24.39,1.0399999999999991,4.453961456102773,3266000.0
603217,2026-03-19,23.77,25.37,23.77,24.59,0.1999999999999993,0.8200082000819897,3846160.0
603217,2026-03-20,24.45,24.47,23.3,23.3,-1.2899999999999991,-5.246034973566482,2460000.0
