ts_code,trade_date,open,high,low,close,change,pct_change,vol
603619,20260320,34.13,33.79,34.08,34.98,-1.7700000000000031,-4.816326530612258,32409940.0
603619,20260319,36.35,35.12,36.3,36.75,1.6300000000000026,4.641230068337143,50973533.0
603619,20260318,35.01,33.94,34.62,35.12,-1.6799999999999997,-4.565217391304344,34567570.0
603619,20260317,36.0,35.12,35.99,36.8,-1.7000000000000028,-4.415584415584428,39524841.0
603619,20260316,37.02,36.66,37.02,38.5,-0.6000000000000014,-1.534526854219953,33881736.0
603619,20260313,38.69,36.2,36.49,39.1,-0.35999999999999943,-0.9123162696401454,36725966.0
603619,20260312,39.3,37.45,37.87,39.46,0.9399999999999977,2.4402907580477695,47607505.0
603619,20260311,37.37,37.03,38.15,38.52,-0.6899999999999977,-1.759755164498844,50764201.0
603619,20260310,37.42,37.42,38.12,39.21,-5.289999999999999,-11.887640449438198,60244032.0
603619,20260309,44.5,41.4,41.58,44.5,1.1799999999999997,2.723915050784864,73783210.0
603619,20260306,42.03,40.08,40.45,43.32,-4.560000000000002,-9.523809523809524,56317143.0
603619,20260305,45.35,42.38,43.69,47.88,-0.29999999999999716,-0.6226650062266414,86764401.0
603619,20260304,48.18,40.77,47.05,48.18,4.189999999999998,9.524892020913844,118679014.0
603619,20260303,43.99,43.01,43.99,43.99,4.0,10.002500625156285,15254829.0
603619,20260302,39.99,39.45,39.99,39.99,2.789999999999999,7.499999999999996,26000034.0
603619,20260227,36.05,35.74,36.35,37.2,-1.1099999999999994,-2.8974158183242005,27838889.0
603619,20260226,37.7,36.2,36.23,38.31,-1.0999999999999943,-2.79116975386956,40016411.0
603619,20260225,36.85,36.31,37.8,39.41,2.799999999999997,7.648183556405352,55398195.0
603619,20260224,35.27,35.27,36.61,36.61,2.6199999999999974,7.7081494557222685,11352488.0
603619,20260213,33.72,32.52,33.28,33.99,-2.1599999999999966,-5.9751037344398235,23833399.0
603619,20260212,35.6,34.3,34.52,36.15,0.10000000000000142,0.277392510402219,34641188.0
603619,20260211,33.0,33.0,35.17,36.05,2.1699999999999946,6.404958677685935,34606324.0
603619,20260210,31.74,31.74,33.21,33.88,1.0200000000000031,3.1040779062690316,33348471.0
603619,20260209,32.17,31.2,31.74,32.86,-0.39000000000000057,-1.17293233082707,33599011.0
603619,20260206,29.85,29.41,32.59,33.25,0.35999999999999943,1.094557616296754,41099349.0
603619,20260205,32.0,30.56,30.87,32.89,-0.10999999999999943,-0.33333333333332993,32308297.0
603619,20260204,31.01,30.34,32.41,33.0,2.0,6.451612903225801,46710453.0
603619,20260203,28.1,28.1,30.09,31.0,-0.21999999999999886,-0.7046764894298452,54715302.0
603619,20260202,31.22,31.22,31.22,31.22,-8.96,-22.299651567944256,4876900.0
603619,20260130,38.0,34.0,34.69,40.18,2.9099999999999966,7.807888382076733,71047796.0
603619,20260129,34.7,34.32,37.27,37.27,3.3900000000000006,10.005903187721366,46608805.0
603619,20260128,32.05,31.16,33.88,33.88,1.3000000000000043,3.9901780233272177,37904990.0
603619,20260127,30.4,30.0,30.8,32.58,1.5299999999999976,4.927536231884044,36093026.0
603619,20260126,28.79,28.67,31.05,31.05,2.400000000000002,8.37696335078535,30737950.0
603619,20260123,28.09,27.32,28.23,28.65,-0.5600000000000023,-1.9171516603902816,24436869.0
603619,20260122,27.0,27.0,28.79,29.21,1.75,6.37290604515659,25338669.0
603619,20260121,25.42,25.42,26.73,27.46,1.0199999999999996,3.8577912254160296,20556454.0
603619,20260120,25.58,24.97,25.42,26.44,0.5500000000000007,2.1243723445345752,8570415.0
603619,20260119,25.08,24.85,25.67,25.89,0.23000000000000043,0.8963367108339781,11567300.0
603619,20260116,25.5,24.93,25.18,25.66,-0.8000000000000007,-3.023431594860171,18164822.0
603619,20260115,25.72,25.18,26.22,26.46,-0.5399999999999991,-2.0000000000000018,18462108.0
603619,20260114,25.69,25.65,26.41,27.0,0.6499999999999986,2.4667931688804545,32451581.0
603619,20260113,24.58,24.52,25.32,26.35,1.6400000000000006,6.6369890732496994,25662525.0
603619,20260112,24.2,23.88,24.43,24.71,-0.16999999999999815,-0.6832797427652637,15232826.0
603619,20260109,23.75,23.67,24.44,24.88,1.5299999999999976,6.552462526766578,22376630.0
603619,20260108,22.56,22.5,23.05,23.35,0.2700000000000031,1.1698440207972505,10737001.0
603619,20260107,23.08,22.6,22.77,23.08,-0.8100000000000023,-3.3905399748848986,13178218.0
603619,20260106,23.25,22.88,23.51,23.89,-0.08999999999999986,-0.3753127606338613,19106424.0
603619,20260105,23.77,23.04,23.55,23.98,0.3099999999999987,1.3096746937051096,21511120.0
603619,20251231,23.48,22.69,23.05,23.67,-0.16999999999999815,-0.7130872483221418,8457676.0
603619,20251230,23.21,22.79,23.5,23.84,0.33999999999999986,1.4468085106382977,11247284.0
603619,20251229,22.86,22.54,23.12,23.5,0.4400000000000013,1.9080659150043422,10049985.0
603619,20251226,22.18,22.17,22.88,23.06,0.7099999999999973,3.176733780760621,8888079.0
603619,20251225,22.3,22.06,22.23,22.35,-0.04999999999999716,-0.22321428571426827,3408219.0
603619,20251224,22.2,22.09,22.37,22.4,-0.38000000000000256,-1.6681299385425952,4548845.0
603619,20251223,22.45,21.94,22.26,22.78,0.060000000000002274,0.2640845070422726,6828001.0
603619,20251222,22.18,22.0,22.38,22.72,0.5499999999999972,2.4808299503833897,8282907.0
603619,20251219,21.88,21.72,21.98,22.17,-0.3299999999999983,-1.4666666666666606,6175206.0
603619,20251218,21.88,21.8,22.08,22.5,0.6999999999999993,3.2110091743119185,7719288.0
603619,20251217,21.01,21.01,21.72,21.8,-0.370000000000001,-1.6689219666215616,7779703.0
603619,20251216,21.98,21.0,21.09,22.17,-0.18999999999999773,-0.8497316636851382,7314800.0
603619,20251215,22.04,21.9,22.16,22.36,-0.08999999999999986,-0.4008908685968815,6860200.0
603619,20251212,21.9,21.89,22.05,22.45,-0.28999999999999915,-1.2752858399296407,7584800.0
603619,20251211,22.26,22.01,22.05,22.74,0.1999999999999993,0.8873114463176623,6453100.0
603619,20251210,21.7,21.51,22.31,22.54,0.5500000000000007,2.50113688040019,9902068.0
603619,20251209,21.8,21.65,21.9,21.99,-0.14000000000000057,-0.6326253953908734,6682362.0
603619,20251208,22.1,21.71,22.07,22.13,-0.19000000000000128,-0.851254480286745,6975300.0
603619,20251205,21.59,21.27,22.29,22.32,0.2699999999999996,1.2244897959183598,11361410.0
603619,20251204,21.75,21.3,21.6,22.05,-0.370000000000001,-1.6503122212310428,9143700.0
603619,20251203,22.15,21.68,21.73,22.42,-0.379999999999999,-1.6666666666666607,11353400.0
603619,20251202,22.49,22.08,22.24,22.8,-0.23000000000000043,-0.9986973512809416,11990900.0
603619,20251201,22.46,22.21,22.68,23.03,-0.03999999999999915,-0.1733853489380155,13755623.0
603619,20251128,22.65,22.13,22.46,23.07,-0.6699999999999982,-2.8222409435551765,14451761.0
603619,20251127,23.1,23.09,23.27,23.74,0.18999999999999773,0.8067940552016983,8171700.0
603619,20251126,22.88,22.61,23.15,23.55,-0.5,-2.079002079002079,13366123.0
603619,20251125,23.35,22.99,23.04,24.05,0.370000000000001,1.5625,12993341.0
603619,20251124,23.34,22.26,23.04,23.68,-1.5199999999999996,-6.0317460317460325,20672447.0
603619,20251121,25.11,23.03,23.26,25.2,-0.9200000000000017,-3.522205206738138,26914457.0
603619,20251120,25.58,25.0,25.42,26.12,-0.5399999999999991,-2.025506376594144,17492376.0
603619,20251119,24.81,24.76,25.97,26.66,1.2100000000000009,4.754420432220052,24616961.0
603619,20251118,23.88,23.81,24.93,25.45,1.120000000000001,4.603370324702016,20458025.0
603619,20251117,23.79,23.25,24.11,24.33,-0.08000000000000185,-0.32773453502663585,16163686.0
603619,20251114,22.28,22.28,23.78,24.41,1.75,7.72285966460724,23863432.0
603619,20251113,21.88,21.74,22.32,22.66,-0.17999999999999972,-0.7880910683012221,11983586.0
603619,20251112,22.1,22.02,22.53,22.84,0.4499999999999993,2.0098258150960113,16881867.0
603619,20251111,22.39,21.83,21.88,22.39,-0.16999999999999815,-0.7535460992907694,8669300.0
603619,20251110,22.0,21.81,22.22,22.56,0.23999999999999844,1.0752688172043001,14691159.0
603619,20251107,21.4,21.39,22.04,22.32,0.6400000000000006,2.9520295202952074,18088361.0
603619,20251106,21.0,20.94,21.5,21.68,0.10999999999999943,0.5099675475197074,11697512.0
603619,20251105,20.8,20.76,21.19,21.57,0.0,0.0,13384300.0
603619,20251104,21.47,20.9,21.09,21.57,-0.5599999999999987,-2.5305015815634824,11807590.0
603619,20251103,21.56,21.02,21.67,22.13,0.7699999999999996,3.604868913857673,24468803.0
603619,20251031,19.69,19.69,20.95,21.36,0.8900000000000006,4.347826086956519,31873053.0
603619,20251030,20.05,19.76,19.8,20.47,0.29999999999999716,1.4873574615765772,10834914.0
603619,20251029,19.78,19.58,20.1,20.17,-0.00999999999999801,-0.049554013875119374,9531437.0
603619,20251028,20.16,19.77,19.79,20.18,-0.1700000000000017,-0.835380835380839,9410049.0
603619,20251027,19.86,19.71,20.21,20.35,-0.629999999999999,-3.0028598665395534,12472536.0
603619,20251024,20.88,19.9,20.06,20.98,0.10000000000000142,0.47892720306514924,21394501.0
603619,20251023,20.86,20.25,20.78,20.88,-0.41000000000000014,-1.9257867543447604,23611944.0
603619,20251022,20.29,19.93,20.85,21.29,0.9399999999999977,4.619164619164606,33385458.0
603619,20251021,19.96,19.89,20.18,20.35,0.4200000000000017,2.1073758153537403,19055349.0
603619,20251020,19.57,19.51,19.88,19.93,-0.21000000000000085,-1.0427010923535263,13325470.0
603619,20251017,19.67,19.6,19.7,20.14,0.240000000000002,1.2060301507537785,15482665.0
603619,20251016,19.8,19.54,19.77,19.9,-0.38000000000000256,-1.8737672583826526,9810300.0
603619,20251015,19.94,19.73,19.88,20.28,-0.6099999999999994,-2.920057443752988,14197588.0
603619,20251014,19.28,19.22,20.19,20.89,1.6099999999999994,8.350622406638998,26698513.0
603619,20251013,19.2,19.0,19.27,19.28,-1.0899999999999999,-5.35100638193422,14862900.0
603619,20251010,19.31,19.27,19.84,20.37,0.7699999999999996,3.928571428571437,19304951.0
603619,20251009,19.21,19.09,19.52,19.6,0.0,0.0,15562400.0
603619,20250930,19.2,19.06,19.49,19.6,-0.03999999999999915,-0.20366598778003286,10740970.0
603619,20250929,19.19,18.8,19.61,19.64,-0.03999999999999915,-0.20325203252031798,11583299.0
603619,20250926,19.27,19.01,19.33,19.68,0.6000000000000014,3.1446540880503138,14754280.0
603619,20250925,18.98,18.8,18.88,19.08,-0.120000000000001,-0.6250000000000089,6545097.0
603619,20250924,18.78,18.78,19.06,19.2,0.379999999999999,2.019128586609975,10091737.0
603619,20250923,18.82,18.37,18.57,18.82,-0.17999999999999972,-0.9473684210526301,6499122.0
603619,20250922,19.0,18.67,18.85,19.0,-0.08999999999999986,-0.4714510214772094,6435178.0
603619,20250919,19.0,18.89,19.06,19.09,-0.3000000000000007,-1.547189272821048,5330883.0
603619,20250918,19.38,18.91,19.0,19.39,-0.509999999999998,-2.562814070351749,13095374.0
603619,20250917,19.67,19.53,19.58,19.9,0.25,1.2722646310432628,10325240.0
603619,20250916,19.63,19.34,19.54,19.65,-0.17999999999999972,-0.9077155824508298,7984340.0
603619,20250915,19.4,19.3,19.74,19.83,0.36999999999999744,1.901336073997939,14223198.0
603619,20250912,19.21,19.11,19.31,19.46,-0.3000000000000007,-1.5182186234817818,10926064.0
603619,20250911,19.75,19.27,19.59,19.76,-0.8199999999999967,-3.9844509232264125,20322582.0
603619,20250910,19.1,19.06,20.06,20.58,1.5299999999999976,8.031496062992115,29112808.0
603619,20250909,19.04,18.75,18.94,19.05,-0.03999999999999915,-0.20953378732320171,6847600.0
603619,20250908,18.73,18.7,19.06,19.09,0.21000000000000085,1.1122881355932313,7604480.0
603619,20250905,18.7,18.68,18.87,18.88,-0.07000000000000028,-0.3693931398416894,6193908.0
603619,20250904,18.68,18.52,18.76,18.95,-0.7800000000000011,-3.953370501773956,10927938.0
603619,20250903,19.5,19.07,19.08,19.73,-0.21000000000000085,-1.053159478435306,9049838.0
603619,20250902,19.56,19.05,19.37,19.94,0.39000000000000057,1.994884910485939,12684289.0
603619,20250901,19.5,19.23,19.44,19.55,-0.33999999999999986,-1.7094017094017033,10412448.0
603619,20250829,19.2,19.07,19.57,19.89,0.4200000000000017,2.157164869029282,17435772.0
603619,20250828,19.44,18.66,19.19,19.47,-1.2300000000000004,-5.942028985507253,27804582.0
603619,20250827,20.7,20.01,20.03,20.7,-0.5300000000000011,-2.4964672633066454,15158775.0
603619,20250826,20.88,20.63,20.87,21.23,0.3099999999999987,1.4818355640535241,14474255.0
603619,20250825,20.4,20.26,20.79,20.92,0.4700000000000024,2.2982885085574667,18123380.0
603619,20250822,20.27,20.09,20.33,20.45,-0.05000000000000071,-0.24390243902439046,16206696.0
603619,20250821,19.76,19.61,20.45,20.5,0.879999999999999,4.485219164118237,25770106.0
603619,20250820,19.5,19.43,19.6,19.62,0.0400000000000027,0.20429009193054792,8961550.0
603619,20250819,19.5,19.39,19.5,19.58,-0.08000000000000185,-0.406917599186174,8288800.0
603619,20250818,19.65,19.4,19.52,19.66,-0.129999999999999,-0.656897422940872,15183710.0
603619,20250815,19.4,19.39,19.77,19.79,-0.05000000000000071,-0.252016129032262,12844579.0
603619,20250814,19.72,19.21,19.33,19.84,0.03999999999999915,0.20202020202020332,11018659.0
603619,20250813,19.6,19.53,19.79,19.8,0.060000000000002274,0.3039513677811634,12770300.0
603619,20250812,19.2,19.14,19.67,19.74,0.48999999999999844,2.5454545454545396,15279239.0
603619,20250811,19.07,18.88,19.2,19.25,0.05000000000000071,0.26041666666667407,10501565.0
603619,20250808,19.02,19.0,19.1,19.2,-0.120000000000001,-0.6211180124223614,6901378.0
603619,20250807,19.24,19.09,19.12,19.32,-0.030000000000001137,-0.15503875968992942,8965056.0
603619,20250806,19.05,19.0,19.32,19.35,0.120000000000001,0.6240249609984483,8103389.0
603619,20250805,19.02,18.96,19.09,19.23,0.10000000000000142,0.522739153162588,8449631.0
603619,20250804,18.88,18.66,19.1,19.13,-0.39000000000000057,-1.997950819672134,8918299.0
603619,20250801,19.35,19.14,19.22,19.52,-0.5599999999999987,-2.7888446215139417,10273800.0
603619,20250731,19.86,19.41,19.53,20.08,0.10999999999999943,0.5508262393590257,17905800.0
603619,20250730,19.7,19.58,19.76,19.97,-0.10999999999999943,-0.5478087649402386,22256568.0
603619,20250729,19.77,19.53,19.74,20.08,0.2099999999999973,1.056869652742809,11807429.0
603619,20250728,19.87,19.48,19.66,19.87,-0.4399999999999977,-2.1664204825209143,10302475.0
603619,20250725,19.75,19.69,19.86,20.31,0.5399999999999991,2.73141122913505,22495250.0
603619,20250724,19.43,19.29,19.75,19.77,0.0,0.0,13292032.0
603619,20250723,19.69,19.41,19.43,19.77,0.21999999999999886,1.1253196930946174,15456600.0
603619,20250722,19.42,19.27,19.47,19.55,0.019999999999999574,0.10240655401945187,10108200.0
603619,20250721,19.31,19.2,19.51,19.53,0.120000000000001,0.6182380216383399,10403042.0
603619,20250718,19.29,19.18,19.37,19.41,0.05000000000000071,0.25826446280992066,10880900.0
603619,20250717,19.26,19.16,19.21,19.36,-0.5500000000000007,-2.7624309392265234,7977100.0
603619,20250716,19.19,19.14,19.26,19.91,0.41000000000000014,2.1025641025641084,13181010.0
603619,20250715,19.31,19.15,19.15,19.5,-0.28000000000000114,-1.4155712841253831,11527900.0
603619,20250714,19.5,19.5,19.6,19.78,0.23000000000000043,1.17647058823529,12025805.0
603619,20250711,19.36,19.26,19.43,19.55,-0.16000000000000014,-0.8117706747843734,13018568.0
603619,20250710,19.59,19.51,19.56,19.71,-0.259999999999998,-1.301952929394079,9509476.0
603619,20250709,19.73,19.57,19.66,19.97,0.16000000000000014,0.8076728924785392,10418549.0
603619,20250708,19.62,19.51,19.75,19.81,0.16000000000000014,0.8142493638676918,12387487.0
603619,20250707,19.62,19.2,19.46,19.65,-0.41000000000000014,-2.043868394815551,17868100.0
603619,20250704,19.88,19.76,20.0,20.06,-0.11000000000000298,-0.5453644025780968,14307199.0
603619,20250703,20.06,19.81,19.94,20.17,-0.029999999999997584,-0.14851485148513754,14606299.0
603619,20250702,20.08,19.79,19.85,20.2,0.019999999999999574,0.09910802775023875,18373400.0
603619,20250701,19.85,19.71,19.93,20.18,-0.019999999999999574,-0.0990099009900991,18212900.0
603619,20250630,19.32,19.32,20.07,20.2,0.48999999999999844,2.486047691527138,34240598.0
603619,20250627,19.3,19.05,19.55,19.71,-0.46999999999999886,-2.3290386521308215,33477490.0
603619,20250626,19.0,19.0,19.76,20.18,0.6400000000000006,3.2753326509723735,55625556.0
603619,20250625,18.99,18.95,19.27,19.54,-1.0500000000000007,-5.099562894609033,65683803.0
603619,20250624,20.59,20.59,20.59,20.59,-3.030000000000001,-12.828111769686712,11265500.0
603619,20250623,22.87,22.4,22.88,23.62,0.620000000000001,2.6956521739130546,66367539.0
603619,20250620,22.45,21.65,21.99,23.0,-0.7899999999999991,-3.3207229928541415,57361663.0
603619,20250619,21.43,21.3,23.17,23.79,1.5999999999999979,7.210455159981954,77397060.0
603619,20250618,21.9,21.01,21.63,22.19,-0.3999999999999986,-1.770694997786626,59170287.0
603619,20250617,20.13,19.98,21.42,22.59,0.08999999999999986,0.40000000000000036,81054304.0
603619,20250616,21.0,20.8,21.46,22.5,1.9699999999999989,9.595713589868481,100329598.0
603619,20250613,20.53,19.6,20.53,20.53,1.25,6.483402489626555,72810692.0
603619,20250612,18.28,18.05,18.66,19.28,1.3900000000000006,7.769703745109013,33367303.0
603619,20250611,17.69,17.69,17.86,17.89,-0.25,-1.378169790518191,5362382.0
603619,20250610,17.84,17.58,17.78,18.14,0.0,0.0,8909793.0
603619,20250609,17.88,17.78,17.84,18.14,0.46000000000000085,2.601809954751144,11968300.0
603619,20250606,17.32,17.21,17.47,17.68,0.16999999999999815,0.9708737864077666,8959973.0
603619,20250605,17.48,17.23,17.31,17.51,-0.33999999999999986,-1.904761904761909,7330643.0
603619,20250604,17.47,17.39,17.55,17.85,0.20000000000000284,1.1331444759207,12991143.0
603619,20250603,17.39,17.24,17.44,17.65,0.35999999999999943,2.0821283979178595,10781000.0
603619,20250530,17.08,16.81,17.13,17.29,-0.1700000000000017,-0.9736540664375792,8603823.0
603619,20250529,17.32,17.13,17.33,17.46,0.23000000000000043,1.3348810214741658,8020915.0
603619,20250528,17.15,17.0,17.17,17.23,-0.019999999999999574,-0.1159420289855051,5162673.0
603619,20250527,17.23,16.85,17.1,17.25,-0.17999999999999972,-1.03270223752151,5898331.0
603619,20250526,17.37,17.08,17.23,17.43,-0.120000000000001,-0.6837606837606924,5467809.0
603619,20250523,17.43,17.23,17.23,17.55,-0.4499999999999993,-2.499999999999991,6394735.0
603619,20250522,17.8,17.46,17.47,18.0,0.10999999999999943,0.6148686416992621,9436309.0
603619,20250521,17.34,17.26,17.77,17.89,0.6799999999999997,3.951191167925616,16025605.0
603619,20250520,17.12,16.92,17.17,17.21,-0.21000000000000085,-1.2055109070034487,7089400.0
603619,20250519,17.32,17.07,17.11,17.42,-0.06999999999999673,-0.40022870211547934,4868480.0
603619,20250516,17.12,17.0,17.3,17.49,0.019999999999999574,0.11448196908987462,7445990.0
603619,20250515,17.32,17.0,17.18,17.47,-0.120000000000001,-0.6822057987492913,11102968.0
603619,20250514,17.49,17.2,17.53,17.59,0.10999999999999943,0.6292906178489766,12112100.0
603619,20250513,17.0,16.88,17.29,17.48,0.6000000000000014,3.5545023696682554,18274405.0
603619,20250512,16.7,16.53,16.87,16.88,-0.060000000000002274,-0.35419126328218864,9489617.0
603619,20250509,16.74,16.49,16.5,16.94,0.3500000000000014,2.1097046413502296,10425779.0
603619,20250508,16.4,16.34,16.56,16.59,-0.07000000000000028,-0.42016806722688926,6167200.0
603619,20250507,16.5,16.44,16.6,16.66,0.39000000000000057,2.3970497848801564,12446709.0
603619,20250506,16.01,15.94,16.26,16.27,-0.16000000000000014,-0.9738283627510613,9678300.0
603619,20250430,16.28,16.06,16.06,16.43,0.5999999999999996,3.790271636133924,14699700.0
603619,20250429,15.66,15.58,15.7,15.83,-0.22999999999999865,-1.4321295143212898,6214268.0
603619,20250428,16.05,15.61,15.74,16.06,-0.38000000000000256,-2.311435523114369,8455900.0
603619,20250425,16.44,15.96,16.12,16.44,-0.10999999999999943,-0.6646525679758319,10656500.0
603619,20250424,16.48,16.35,16.47,16.55,-0.16000000000000014,-0.957510472770795,5946956.0
603619,20250423,16.47,16.41,16.66,16.71,0.22000000000000242,1.3341419041843716,10075600.0
603619,20250422,16.2,16.17,16.33,16.49,0.16999999999999815,1.0416666666666519,8555900.0
603619,20250421,16.11,16.06,16.24,16.32,-0.3000000000000007,-1.8050541516245522,6885669.0
603619,20250418,16.5,16.18,16.28,16.62,0.3200000000000003,1.9631901840490906,8077963.0
603619,20250417,16.13,16.09,16.19,16.3,0.03999999999999915,0.24600246002459691,5370315.0
603619,20250416,16.26,15.85,16.08,16.26,-0.23999999999999844,-1.4545454545454417,5781200.0
603619,20250415,16.4,16.17,16.27,16.5,-0.03999999999999915,-0.24183796856105388,6464649.0
603619,20250414,16.37,16.18,16.46,16.54,0.23000000000000043,1.4101778050275904,10706100.0
603619,20250411,15.6,15.6,16.3,16.31,0.16000000000000014,0.9907120743034126,11042331.0
603619,20250410,16.05,15.82,15.9,16.15,0.46999999999999886,2.9974489795918213,15507757.0
603619,20250409,14.9,14.32,15.56,15.68,-0.20000000000000107,-1.2594458438287215,18607700.0
603619,20250408,15.73,15.16,15.57,15.88,-0.47999999999999865,-2.933985330073341,22829549.0
603619,20250407,16.13,16.13,16.13,16.36,-1.7300000000000004,-9.563294637921505,7128600.0
603619,20250403,17.9,17.75,17.92,18.09,-0.4200000000000017,-2.269043760129663,9869649.0
603619,20250402,18.39,18.15,18.18,18.51,-0.23999999999999844,-1.2799999999999923,10862100.0
603619,20250401,18.3,18.3,18.58,18.75,0.6000000000000014,3.3057851239669533,18830870.0
603619,20250331,17.91,17.87,17.97,18.15,-0.26000000000000156,-1.41227593699077,9427155.0
603619,20250328,18.35,18.02,18.08,18.41,-0.4400000000000013,-2.3342175066313087,10804779.0
603619,20250327,18.72,18.41,18.45,18.85,-0.08999999999999986,-0.47518479408659164,11507167.0
603619,20250326,18.9,18.59,18.6,18.94,-0.16000000000000014,-0.8376963350785305,14709752.0
603619,20250325,18.68,18.53,18.98,19.1,0.3500000000000014,1.8666666666666831,21275997.0
603619,20250324,18.55,18.26,18.49,18.75,-0.3000000000000007,-1.5748031496063075,14519045.0
603619,20250321,18.79,18.47,18.55,19.05,0.22000000000000242,1.1683483802443106,22079274.0
603619,20250320,18.47,18.47,18.58,18.83,0.2799999999999976,1.5094339622641284,12297050.0
603619,20250319,18.5,18.42,18.47,18.55,-0.120000000000001,-0.6427423674343902,8812770.0
603619,20250318,18.55,18.35,18.64,18.67,-0.04999999999999716,-0.26709401709400504,11779783.0
603619,20250317,18.2,18.2,18.57,18.72,0.5899999999999999,3.2542746828461144,21372393.0
603619,20250314,17.9,17.87,18.07,18.13,-0.1999999999999993,-1.0911074740861948,12665802.0
603619,20250313,17.92,17.79,17.96,18.33,0.46999999999999886,2.631578947368407,15683365.0
603619,20250312,17.78,17.63,17.71,17.86,0.05999999999999872,0.3370786516853963,6975704.0
603619,20250311,17.74,17.52,17.77,17.8,-0.120000000000001,-0.6696428571428603,9129989.0
603619,20250310,17.72,17.67,17.92,17.92,0.09000000000000341,0.504767246214266,9774900.0
603619,20250307,17.58,17.55,17.67,17.83,0.2099999999999973,1.1918274687854558,11913639.0
603619,20250306,17.44,17.25,17.58,17.62,-0.129999999999999,-0.7323943661971755,12020793.0
603619,20250305,17.39,17.24,17.61,17.75,-0.14999999999999858,-0.8379888268156388,10526989.0
603619,20250304,17.9,17.45,17.5,17.9,-0.620000000000001,-3.347732181425489,16070142.0
603619,20250303,18.25,18.01,18.09,18.52,0.03999999999999915,0.21645021645020357,14495547.0
603619,20250228,18.09,18.06,18.15,18.48,0.370000000000001,2.043070127001667,17783620.0
603619,20250227,18.01,17.88,18.08,18.11,-0.010000000000001563,-0.055187637969100756,10057817.0
603619,20250226,17.85,17.81,18.07,18.12,-0.35999999999999943,-1.9480519480519431,9718460.0
603619,20250225,18.37,17.98,18.0,18.48,-0.14000000000000057,-0.7518796992481258,15686008.0
603619,20250224,18.11,17.99,18.53,18.62,0.21000000000000085,1.1406844106463865,15593077.0
603619,20250221,18.36,18.03,18.26,18.41,-0.05000000000000071,-0.2708559046587289,15371086.0
603619,20250220,18.46,18.25,18.3,18.46,-0.10999999999999943,-0.5923532579429125,9121947.0
603619,20250219,18.5,18.33,18.39,18.57,-0.19000000000000128,-1.012793176972293,9838303.0
603619,20250218,18.57,18.4,18.49,18.76,-0.2699999999999996,-1.4188124014713588,10067354.0
603619,20250217,19.03,18.45,18.52,19.03,-0.18999999999999773,-0.9885535900103992,14231515.0
603619,20250214,18.73,18.73,18.98,19.22,0.03999999999999915,0.2085505735140769,16855535.0
603619,20250213,19.0,18.8,18.81,19.18,-0.26000000000000156,-1.3374485596707952,9864461.0
603619,20250212,19.36,19.04,19.2,19.44,0.010000000000001563,0.05146680391148184,7862089.0
603619,20250211,19.23,19.23,19.35,19.43,0.05000000000000071,0.25799793601650745,8509317.0
603619,20250210,19.35,19.15,19.23,19.38,-0.08000000000000185,-0.41109969167524296,7917900.0
603619,20250207,19.15,19.13,19.31,19.46,0.13000000000000256,0.6725297465080216,8539939.0
603619,20250206,18.82,18.8,19.26,19.33,-0.060000000000002274,-0.3094378545642207,7740710.0
603619,20250205,19.38,18.91,19.01,19.39,-0.1999999999999993,-1.0209290454313402,7584523.0
603619,20250127,19.35,19.26,19.43,19.59,0.10999999999999943,0.5646817248459834,6215400.0
603619,20250124,19.0,18.91,19.48,19.48,-0.17999999999999972,-0.915564598168872,7394500.0
603619,20250123,19.49,19.15,19.19,19.66,-0.10999999999999943,-0.5563985837126917,9248810.0
603619,20250122,19.63,19.3,19.37,19.77,-0.3500000000000014,-1.739562624254476,7838800.0
603619,20250121,20.05,19.52,19.78,20.12,-0.48999999999999844,-2.377486656962635,10969829.0
603619,20250120,20.48,20.14,20.19,20.61,0.019999999999999574,0.09713453132589311,11125311.0
603619,20250117,20.47,20.2,20.49,20.59,-0.629999999999999,-2.9688972667294977,10781200.0
603619,20250116,20.93,20.55,20.68,21.22,0.21999999999999886,1.0476190476190528,17108574.0
603619,20250115,20.79,20.38,20.42,21.0,0.08999999999999986,0.43041606886657924,12120587.0
603619,20250114,20.14,20.1,20.8,20.91,0.26000000000000156,1.2590799031477085,23665336.0
603619,20250113,20.11,19.96,20.52,20.65,1.1099999999999994,5.680655066530194,25735091.0
603619,20250110,19.37,19.06,19.35,19.54,-0.28000000000000114,-1.4127144298688221,7913694.0
603619,20250109,19.8,19.28,19.29,19.82,-0.5,-2.460629921259838,12560720.0
603619,20250108,20.22,19.69,20.12,20.32,-0.05000000000000071,-0.2454590083456054,12859901.0
603619,20250107,19.6,19.35,20.06,20.37,0.19000000000000128,0.9415262636273569,13130187.0
603619,20250106,19.75,19.26,19.61,20.18,0.0799999999999983,0.3980099502487455,12256076.0
603619,20250103,19.3,19.21,19.42,20.1,0.40000000000000213,2.0304568527918843,13783719.0
603619,20250102,19.44,18.9,19.03,19.7,-0.40000000000000213,-1.9900497512437942,7611279.0
603619,20241231,19.93,19.35,19.36,20.1,-0.029999999999997584,-0.14903129657226621,7679800.0
603619,20241230,19.6,19.6,19.85,20.13,0.33999999999999986,1.7180394138453847,6782100.0
603619,20241227,19.48,19.42,19.71,19.79,-0.08999999999999986,-0.45271629778671496,5147000.0
603619,20241226,19.85,19.49,19.52,19.88,-0.010000000000001563,-0.05027652086476708,5759900.0
603619,20241225,19.85,19.48,19.81,19.89,-0.05999999999999872,-0.3007518796992459,5685300.0
603619,20241224,19.46,19.43,19.8,19.95,-0.08999999999999986,-0.44910179640718084,6746914.0
603619,20241223,19.58,19.5,19.54,20.04,0.4399999999999977,2.244897959183656,9224600.0
603619,20241220,19.56,19.34,19.41,19.6,0.0,0.0,4696701.0
603619,20241219,19.59,19.32,19.51,19.6,-0.5,-2.487562189054726,5148395.0
603619,20241218,19.9,19.67,19.72,20.1,-0.25,-1.2285012285012331,3992130.0
603619,20241217,20.09,19.78,19.89,20.35,-0.07000000000000028,-0.3428011753183191,5511201.0
603619,20241216,20.16,20.0,20.18,20.42,-0.6199999999999974,-2.946768060836491,5496221.0
603619,20241213,20.9,20.05,20.05,21.04,-0.1999999999999993,-0.941619585687381,15256550.0
603619,20241212,21.19,21.0,21.1,21.24,0.16999999999999815,0.8068343616516316,6508801.0
603619,20241211,20.84,20.76,21.04,21.07,-0.4800000000000004,-2.2273781902552248,5559751.0
603619,20241210,21.47,20.74,20.84,21.55,0.21000000000000085,0.9840674789128423,8562350.0
603619,20241209,20.95,20.72,21.05,21.34,0.03999999999999915,0.1877934272300319,4921150.0
603619,20241206,20.93,20.83,21.2,21.3,0.17999999999999972,0.8522727272727293,6240400.0
603619,20241205,20.81,20.64,20.87,21.12,-0.23000000000000043,-1.0772833723653452,5190500.0
603619,20241204,20.88,20.83,21.12,21.35,0.4700000000000024,2.2509578544061437,9260250.0
603619,20241203,20.8,20.41,20.83,20.88,0.03999999999999915,0.19193857965451588,4963100.0
603619,20241202,20.69,20.59,20.79,20.84,0.05000000000000071,0.240500240500241,6116000.0
603619,20241129,20.54,20.43,20.6,20.79,0.00999999999999801,0.048123195380167516,4571500.0
603619,20241128,20.75,20.46,20.56,20.78,-0.11999999999999744,-0.574162679425827,3593841.0
603619,20241127,20.89,20.18,20.8,20.9,-0.5,-2.336448598130836,6239191.0
603619,20241126,21.22,20.9,20.92,21.4,-0.490000000000002,-2.23846505253541,5572033.0
603619,20241125,21.25,21.07,21.54,21.89,-0.21000000000000085,-0.9502262443438991,7335578.0
603619,20241122,21.78,20.97,21.02,22.1,0.3500000000000014,1.6091954022988464,7470500.0
603619,20241121,21.58,21.31,21.6,21.75,0.129999999999999,0.6012950971322706,5299206.0
603619,20241120,21.23,21.08,21.6,21.62,0.240000000000002,1.122544434050532,5656100.0
603619,20241119,20.99,20.87,21.38,21.38,-0.3500000000000014,-1.6106764841233412,5431936.0
603619,20241118,21.3,20.77,20.9,21.73,-0.46999999999999886,-2.1171171171171066,7903700.0
603619,20241115,21.48,21.4,21.54,22.2,-0.28999999999999915,-1.2894619831036014,8560100.0
603619,20241114,21.9,21.55,21.6,22.49,0.28999999999999915,1.306306306306304,11298400.0
603619,20241113,22.01,21.6,22.05,22.2,-0.33000000000000185,-1.4647137150466172,7341300.0
603619,20241112,21.48,21.4,22.12,22.53,0.7699999999999996,3.538602941176472,14104700.0
603619,20241111,21.5,21.05,21.75,21.76,-0.41999999999999815,-1.8935978358881833,11348466.0
603619,20241108,21.93,21.61,21.69,22.18,-0.019999999999999574,-0.09009009009008917,10794666.0
603619,20241107,21.95,21.57,21.9,22.2,-0.9100000000000001,-3.937689311986159,17691200.0
603619,20241106,22.52,22.07,22.25,23.11,0.23999999999999844,1.0494097070397723,16079200.0
603619,20241105,22.78,22.31,22.78,22.87,0.08999999999999986,0.3950834064969211,16541545.0
603619,20241104,21.76,21.48,22.78,22.78,0.6300000000000026,2.844243792325063,20839120.0
603619,20241101,21.15,21.15,21.53,22.15,0.16999999999999815,0.7734303912647844,20660295.0
603619,20241031,20.65,20.62,21.12,21.98,1.1400000000000006,5.470249520153558,19334800.0
603619,20241030,20.02,19.61,20.29,20.84,-0.8000000000000007,-3.6968576709796697,13415000.0
603619,20241029,20.7,20.15,20.19,21.64,1.6000000000000014,7.984031936127756,24014200.0
603619,20241028,19.48,19.17,20.03,20.04,0.3000000000000007,1.5197568389057725,11984113.0
603619,20241025,19.61,19.5,19.71,19.74,-0.19000000000000128,-0.9533366783743169,8204600.0
603619,20241024,19.74,19.53,19.7,19.93,-0.3999999999999986,-1.9675356615838635,6350200.0
603619,20241023,20.09,19.85,19.93,20.33,0.379999999999999,1.904761904761898,11269242.0
603619,20241022,19.66,19.46,19.89,19.95,-0.4200000000000017,-2.0618556701030966,12153800.0
603619,20241021,20.2,19.51,19.61,20.37,-0.23999999999999844,-1.1644832605531175,21576682.0
603619,20241018,20.21,19.98,20.28,20.61,-0.1700000000000017,-0.8180943214629588,12625043.0
603619,20241017,20.12,20.12,20.22,20.78,0.3100000000000023,1.514411333659016,6505663.0
603619,20241016,19.92,19.75,20.08,20.47,-0.33999999999999986,-1.6338298894762127,5912600.0
603619,20241015,20.56,20.22,20.22,20.81,-0.5600000000000023,-2.620496022461405,10162062.0
603619,20241014,20.9,20.52,21.27,21.37,-0.39000000000000057,-1.7922794117647078,9677100.0
603619,20241011,21.5,20.88,21.22,21.76,-0.2099999999999973,-0.955848884842958,12225800.0
603619,20241010,20.8,20.52,21.13,21.97,-0.4800000000000004,-2.1380846325167013,14267200.0
603619,20241009,22.0,21.07,21.07,22.45,-1.740000000000002,-7.193054981397284,18995659.0
603619,20241008,24.19,22.8,23.84,24.19,2.120000000000001,9.605799728137754,22083913.0
603619,20240930,21.0,20.36,21.99,22.07,1.8599999999999994,9.203364670954972,16899517.0
603619,20240927,18.94,18.9,20.16,20.21,1.120000000000001,5.866946045049759,10607099.0
603619,20240926,19.0,18.7,19.05,19.09,-0.4200000000000017,-2.1527421834956484,11996464.0
603619,20240925,18.75,18.75,19.12,19.51,0.8300000000000018,4.443254817987152,9226994.0
603619,20240924,17.97,17.8,18.58,18.68,0.5399999999999991,2.9768467475192795,6850600.0
603619,20240923,17.76,17.61,17.9,18.14,0.33000000000000185,1.8528916339135337,5065200.0
603619,20240920,17.71,17.5,17.67,17.81,0.10999999999999943,0.6214689265536588,3547400.0
603619,20240919,17.55,17.32,17.68,17.7,0.14999999999999858,0.8547008547008517,4514200.0
603619,20240918,17.4,17.08,17.43,17.55,-0.129999999999999,-0.7352941176470562,4318600.0
603619,20240913,17.59,17.35,17.37,17.68,0.019999999999999574,0.11325028312569874,4745500.0
603619,20240912,17.44,17.32,17.45,17.66,-0.019999999999999574,-0.11312217194570096,4264801.0
603619,20240911,17.68,17.2,17.41,17.68,-0.5500000000000007,-3.017004936917178,9790000.0
603619,20240910,18.03,17.92,18.14,18.23,-0.00999999999999801,-0.05482456140349923,4432000.0
603619,20240909,18.24,17.8,17.99,18.24,-0.4200000000000017,-2.250803858520911,6193600.0
603619,20240906,18.62,18.29,18.34,18.66,-0.39000000000000057,-2.0472440944881876,4115700.0
603619,20240905,18.84,18.46,18.57,19.05,-0.3000000000000007,-1.5503875968992276,7431226.0
603619,20240904,19.35,18.58,18.76,19.35,-0.9499999999999993,-4.679802955665025,8170612.0
603619,20240903,20.13,19.88,20.0,20.3,-0.14000000000000057,-0.6849315068493178,3201300.0
603619,20240902,20.23,19.68,20.21,20.44,-0.3999999999999986,-1.9193857965451033,5951500.0
603619,20240830,20.24,20.24,20.5,20.84,0.8299999999999983,4.1479260369815085,7532800.0
603619,20240829,19.48,19.44,19.96,20.01,-0.04999999999999716,-0.24925224327017048,3583700.0
603619,20240828,19.59,19.52,19.79,20.06,-0.240000000000002,-1.1822660098522286,2931000.0
603619,20240827,20.25,19.96,20.07,20.3,0.3500000000000014,1.7543859649122862,4405000.0
603619,20240826,19.24,19.23,19.93,19.95,0.18999999999999773,0.9615384615384581,5217500.0
603619,20240823,19.51,18.96,19.07,19.76,-0.16000000000000014,-0.8032128514056214,4361800.0
603619,20240822,19.81,19.56,19.61,19.92,-0.29999999999999716,-1.4836795252225365,2522900.0
603619,20240821,20.01,19.86,19.95,20.22,-0.17999999999999972,-0.8823529411764675,2419200.0
603619,20240820,20.15,19.84,20.16,20.4,-0.17999999999999972,-0.8746355685131157,4890700.0
603619,20240819,20.01,19.84,20.35,20.58,-0.11000000000000298,-0.5316578057032562,4050850.0
603619,20240816,20.37,20.29,20.35,20.69,0.22000000000000242,1.0747435271128536,3304300.0
603619,20240815,20.1,20.05,20.35,20.47,-0.26000000000000156,-1.2542209358417877,4514516.0
603619,20240814,20.71,20.26,20.42,20.73,-0.8299999999999983,-3.8497217068645617,6337600.0
603619,20240813,21.38,20.74,21.04,21.56,0.5,2.3741690408357163,9461400.0
603619,20240812,20.69,20.55,20.96,21.06,0.379999999999999,1.837524177949712,7722800.0
603619,20240809,20.13,20.1,20.39,20.68,0.1999999999999993,0.9765625,5881600.0
603619,20240808,20.3,19.85,20.14,20.48,0.08000000000000185,0.39215686274509665,5869000.0
603619,20240807,19.8,19.6,20.01,20.4,0.23999999999999844,1.1904761904761862,4918900.0
603619,20240806,19.6,19.6,19.94,20.16,0.010000000000001563,0.04962779156327812,6392632.0
603619,20240805,19.95,19.41,19.52,20.15,-0.490000000000002,-2.374031007751942,7901850.0
603619,20240802,20.36,20.17,20.39,20.64,-0.8000000000000007,-3.731343283582089,4476206.0
603619,20240801,21.1,20.6,20.72,21.44,0.4400000000000013,2.0952380952381056,8540000.0
603619,20240731,19.74,19.52,20.93,21.0,1.1099999999999994,5.580693815987936,11290705.0
603619,20240730,19.82,19.62,19.74,19.89,-0.21999999999999886,-1.0939830929885597,4165232.0
603619,20240729,19.91,19.76,20.1,20.11,-0.2699999999999996,-1.3248282630029418,2935232.0
603619,20240726,20.1,19.95,20.04,20.38,0.259999999999998,1.2922465208747402,5863500.0
603619,20240725,19.73,19.47,19.98,20.12,0.07000000000000028,0.3491271820448949,6355700.0
603619,20240724,19.42,19.3,19.77,20.05,-0.4499999999999993,-2.195121951219514,6730109.0
603619,20240723,20.23,19.72,19.74,20.5,-0.14999999999999858,-0.7263922518159771,8610234.0
603619,20240722,20.62,19.98,20.23,20.65,-0.7000000000000028,-3.2786885245901787,10476179.0
603619,20240719,21.35,20.54,21.02,21.35,-0.6699999999999982,-3.0426884650317843,15229782.0
603619,20240718,21.98,21.36,21.76,22.02,-0.629999999999999,-2.7814569536423805,10444800.0
603619,20240717,22.6,21.37,21.45,22.65,-0.7600000000000016,-3.2464758650149528,13547498.0
603619,20240716,23.27,22.71,22.93,23.41,-0.620000000000001,-2.5801081980857288,6776913.0
603619,20240715,24.0,23.31,23.39,24.03,-1.2199999999999989,-4.831683168316825,5800100.0
603619,20240712,24.9,24.13,24.28,25.25,0.3000000000000007,1.2024048096192397,7031400.0
603619,20240711,23.84,23.83,24.82,24.95,1.1799999999999997,4.9642406394615035,9109262.0
603619,20240710,23.41,23.3,23.57,23.77,0.16000000000000014,0.6776789495976265,6474499.0
603619,20240709,22.85,22.44,23.58,23.61,0.3999999999999986,1.723395088323998,6696648.0
603619,20240708,23.2,22.78,22.98,23.21,-0.2699999999999996,-1.1499148211243648,3755858.0
603619,20240705,23.24,22.81,23.33,23.48,-0.46000000000000085,-1.9214703425229795,3645902.0
603619,20240704,23.51,23.1,23.24,23.94,0.030000000000001137,0.12547051442910462,4211042.0
603619,20240703,23.63,23.48,23.6,23.91,-0.4400000000000013,-1.8069815195071892,4099751.0
603619,20240702,24.25,23.55,23.73,24.35,0.370000000000001,1.5429524603836509,7194650.0
603619,20240701,23.21,23.05,23.96,23.98,0.4299999999999997,1.8259023354564752,5539542.0
603619,20240628,22.5,22.5,23.42,23.55,0.490000000000002,2.124891587163935,8264316.0
603619,20240627,23.05,22.19,22.45,23.06,-0.45000000000000284,-1.9140791152701064,9704026.0
603619,20240626,23.51,22.85,23.25,23.51,-0.5799999999999983,-2.407638024076375,6659400.0
603619,20240625,23.17,23.17,23.62,24.09,0.14000000000000057,0.5845511482254651,7623294.0
603619,20240624,23.7,22.98,23.09,23.95,-0.8399999999999999,-3.388463089955629,7342870.0
603619,20240621,24.61,23.88,23.96,24.79,-0.6999999999999993,-2.746174970576698,5828845.0
603619,20240620,24.2,24.16,24.51,25.49,0.7899999999999991,3.1983805668016174,9698140.0
603619,20240619,24.49,24.24,24.3,24.7,-0.16000000000000014,-0.6436041834271933,6141934.0
603619,20240618,24.2,24.07,24.24,24.86,0.6099999999999994,2.515463917525773,7999400.0
603619,20240617,23.89,23.63,23.84,24.25,0.19000000000000128,0.7896924355777379,3921240.0
603619,20240614,23.75,23.2,23.9,24.06,-0.7900000000000027,-3.1790744466800858,6703792.0
603619,20240613,24.55,23.74,23.85,24.85,-0.03999999999999915,-0.16070711128967075,9162870.0
603619,20240612,24.0,23.74,24.74,24.89,0.10999999999999943,0.44390637610975947,8090736.0
603619,20240611,24.48,23.9,24.19,24.78,0.38000000000000256,1.5573770491803307,8227830.0
603619,20240607,24.2,23.88,24.01,24.4,-0.8000000000000007,-3.1746031746031744,6387400.0
603619,20240606,24.55,24.32,24.49,25.2,0.129999999999999,0.518548065416824,8952358.0
603619,20240605,24.85,24.33,24.35,25.07,-0.16000000000000014,-0.634165675782794,7647500.0
603619,20240604,24.9,24.1,25.07,25.23,-1.0700000000000003,-4.068441064638783,10452267.0
603619,20240603,25.92,25.25,25.55,26.3,0.46000000000000085,1.7801857585139302,8410650.0
603619,20240531,25.66,25.31,25.6,25.84,-1.0399999999999991,-3.8690476190476164,8031723.0
603619,20240530,26.88,25.71,25.8,26.88,-0.620000000000001,-2.2545454545454535,12602056.0
603619,20240529,27.1,26.64,27.28,27.5,-0.33999999999999986,-1.2212643678160884,13211604.0
603619,20240528,25.88,25.84,26.79,27.84,2.1400000000000006,8.326848249027229,22136200.0
603619,20240527,24.65,24.65,25.6,25.7,0.6099999999999994,2.4312475089677044,11355983.0
603619,20240524,24.87,24.55,24.58,25.09,0.019999999999999574,0.07977662544873532,6835550.0
603619,20240523,24.8,24.61,24.76,25.07,-0.8999999999999986,-3.465537158259524,5607050.0
603619,20240522,25.88,25.06,25.16,25.97,-0.6500000000000021,-2.4417731029301337,8521100.0
603619,20240521,26.4,25.77,25.93,26.62,-0.5299999999999976,-1.9521178637200598,10914610.0
603619,20240520,25.35,25.3,26.73,27.15,2.0700000000000003,8.253588516746424,18466776.0
603619,20240517,24.59,24.52,24.96,25.08,-0.2700000000000031,-1.0650887573964596,7525366.0
603619,20240516,25.24,24.54,24.6,25.35,-1.0299999999999976,-3.9044730856709564,10538336.0
603619,20240515,26.38,25.24,25.36,26.38,-0.3500000000000014,-1.3093901982790923,10762072.0
603619,20240514,26.35,26.21,26.38,26.73,-0.25,-0.9266123054114117,12004837.0
603619,20240513,26.3,25.31,26.79,26.98,1.0300000000000011,3.969171483622347,22672223.0
603619,20240510,25.63,25.28,25.54,25.95,0.07000000000000028,0.2704791344667612,9357842.0
603619,20240509,25.01,25.01,25.55,25.88,0.4399999999999977,1.729559748427656,11739900.0
603619,20240508,24.5,24.45,25.0,25.44,0.0400000000000027,0.15748031496063408,13528100.0
603619,20240507,25.0,24.73,24.83,25.4,-0.26000000000000156,-1.0132501948558081,16724771.0
603619,20240506,24.79,24.17,25.64,25.66,-0.28000000000000114,-1.0794140323824308,16396354.0
603619,20240430,24.55,24.42,25.55,25.94,-0.29999999999999716,-1.143292682926822,16937181.0
603619,20240429,26.24,25.39,25.81,26.24,-0.620000000000001,-2.3082650781831804,19723200.0
603619,20240426,26.34,25.87,26.63,26.86,0.28000000000000114,1.0534236267870645,17922800.0
603619,20240425,26.35,26.0,26.1,26.58,-0.46000000000000085,-1.7011834319526686,12375802.0
603619,20240424,26.78,26.13,26.58,27.04,-0.14000000000000057,-0.5150846210448923,12987786.0
603619,20240423,26.71,26.2,26.76,27.18,-1.1799999999999997,-4.160789844851898,18117790.0
603619,20240422,28.12,26.89,27.0,28.36,-1.879999999999999,-6.21693121693121,33462768.0
603619,20240419,28.52,27.85,29.88,30.24,2.59,9.367088607594942,44591970.0
603619,20240418,27.15,26.62,27.49,27.65,-0.7600000000000016,-2.6751143963393176,21209055.0
603619,20240417,27.23,27.11,28.02,28.41,-0.8099999999999987,-2.772073921971252,16468545.0
603619,20240416,28.64,27.66,27.78,29.22,-0.10999999999999943,-0.3750426184793709,17257631.0
603619,20240415,28.3,27.75,28.84,29.33,-0.3100000000000023,-1.0458839406207954,20160401.0
603619,20240412,28.62,28.15,28.66,29.64,0.6400000000000006,2.206896551724147,21746553.0
603619,20240411,28.18,27.89,28.71,29.0,0.6600000000000001,2.3288637967536996,19025248.0
603619,20240410,27.5,27.45,27.9,28.34,-0.5500000000000007,-1.9037729318103214,15402442.0
603619,20240409,28.37,27.5,27.8,28.89,-0.7199999999999989,-2.4316109422492405,22632457.0
603619,20240408,27.68,27.51,28.77,29.61,-0.5700000000000003,-1.88866799204771,28006321.0
603619,20240403,27.71,27.2,28.37,30.18,2.25,8.055853920515577,39212226.0
603619,20240402,25.3,25.12,27.7,27.93,2.25,8.761682242990654,27239768.0
603619,20240401,25.1,24.63,25.39,25.68,0.46000000000000085,1.8239492466296525,15829784.0
603619,20240329,23.8,23.64,25.09,25.22,1.5399999999999991,6.503378378378377,20068344.0
603619,20240328,22.71,22.69,23.3,23.68,-0.4499999999999993,-1.8648984666390311,11531616.0
603619,20240327,23.01,22.5,22.71,24.13,0.34999999999999787,1.4718250630782137,15093303.0
603619,20240326,23.23,23.06,23.31,23.78,0.030000000000001137,0.1263157894736855,13768933.0
603619,20240325,22.15,22.11,23.25,23.75,1.2600000000000016,5.6024899955535945,17672719.0
603619,20240322,22.3,21.82,22.1,22.49,-0.26000000000000156,-1.1428571428571455,9235606.0
603619,20240321,22.34,22.16,22.63,22.75,0.08999999999999986,0.3971756398940762,10676493.0
603619,20240320,21.77,21.63,22.59,22.66,0.10999999999999943,0.4878048780487809,13475100.0
603619,20240319,21.92,21.79,21.89,22.55,0.6700000000000017,3.062157221206596,16379952.0
603619,20240318,21.78,21.38,21.68,21.88,-0.240000000000002,-1.0849909584086936,10841485.0
603619,20240315,21.39,21.21,21.85,22.12,0.6600000000000001,3.075489282385835,15569590.0
603619,20240314,21.15,20.78,21.22,21.46,0.4200000000000017,1.9961977186311763,12842749.0
603619,20240313,20.8,20.64,20.94,21.04,-0.33999999999999986,-1.5902712815715647,6958522.0
603619,20240312,21.34,20.6,20.86,21.38,-0.14000000000000057,-0.6505576208178487,11752163.0
603619,20240311,21.4,20.96,21.38,21.52,-0.33000000000000185,-1.5102974828375415,11771773.0
603619,20240308,21.45,21.05,21.68,21.85,-0.2699999999999996,-1.220614828209765,11268316.0
603619,20240307,21.15,21.1,21.48,22.12,0.5700000000000003,2.645011600928071,15497245.0
603619,20240306,20.22,20.06,21.3,21.55,1.2699999999999996,6.262327416173563,17305759.0
603619,20240305,20.1,19.82,20.22,20.28,0.0,0.0,7908192.0
603619,20240304,19.7,19.66,20.22,20.28,0.6400000000000006,3.258655804480659,11414020.0
603619,20240301,19.35,19.22,19.5,19.64,0.28000000000000114,1.446280991735538,5330904.0
603619,20240229,18.95,18.86,19.29,19.36,-0.28999999999999915,-1.4758269720101747,5619244.0
603619,20240228,19.65,18.89,18.93,19.65,0.07000000000000028,0.3575076608784533,6815693.0
603619,20240227,19.18,19.08,19.54,19.58,-0.0400000000000027,-0.20387359836901986,5446750.0
603619,20240226,19.13,19.05,19.24,19.62,-0.14999999999999858,-0.7587253414263917,5738895.0
603619,20240223,19.69,19.06,19.32,19.77,-0.019999999999999574,-0.1010611419908991,10775197.0
603619,20240222,19.17,19.17,19.68,19.79,0.21999999999999886,1.124169647419504,7140673.0
603619,20240221,19.28,19.08,19.2,19.57,0.07000000000000028,0.35897435897436214,7929403.0
603619,20240220,19.22,18.92,19.31,19.5,0.1700000000000017,0.8794619762028111,5388137.0
603619,20240219,18.76,18.53,19.3,19.33,0.6899999999999977,3.7017167381974136,9398252.0
603619,20240208,17.9,17.66,18.53,18.64,0.28999999999999915,1.5803814713896358,7264862.0
603619,20240207,17.69,17.56,17.94,18.35,0.3500000000000014,1.9444444444444597,5676653.0
603619,20240206,16.72,16.3,17.7,18.0,0.620000000000001,3.567318757192184,6632397.0
603619,20240205,17.38,16.16,16.96,17.38,-0.6099999999999994,-3.3907726514730396,8065600.0
603619,20240202,17.63,16.86,17.49,17.99,-0.10000000000000142,-0.5527915975677256,6710414.0
603619,20240201,18.04,17.28,17.8,18.09,-0.6099999999999994,-3.262032085561495,5809173.0
603619,20240131,18.7,17.93,18.12,18.7,-0.5,-2.604166666666663,5459582.0
603619,20240130,18.79,18.44,18.68,19.2,-0.46000000000000085,-2.3397761953204532,5946100.0
603619,20240129,19.26,19.01,19.16,19.66,-0.03999999999999915,-0.20304568527917954,7373743.0
603619,20240126,19.26,18.92,19.41,19.7,0.379999999999999,1.9668737060041463,8921952.0
603619,20240125,17.77,17.77,19.13,19.32,1.5399999999999991,8.66141732283463,8989999.0
603619,20240124,17.31,17.11,17.77,17.78,0.40000000000000213,2.3014959723820505,4526506.0
603619,20240123,17.05,16.87,17.27,17.38,-0.870000000000001,-4.767123287671238,4234378.0
603619,20240122,18.07,16.85,16.9,18.25,-0.10999999999999943,-0.5991285403050051,7373200.0
603619,20240119,18.27,18.12,18.23,18.36,0.08999999999999986,0.49261083743841194,2878180.0
603619,20240118,18.11,17.72,18.24,18.27,-0.870000000000001,-4.545454545454552,7189071.0
603619,20240117,18.86,18.32,18.33,19.14,0.21999999999999886,1.1627906976744207,6036802.0
603619,20240116,18.76,18.52,18.9,18.92,-0.17999999999999972,-0.942408376963344,4644700.0
603619,20240115,18.78,18.49,18.93,19.1,-0.21999999999999886,-1.1387163561076497,6253800.0
603619,20240112,18.6,18.6,18.99,19.32,0.6999999999999993,3.759398496240607,8184482.0
603619,20240111,18.4,18.27,18.57,18.62,0.07000000000000028,0.37735849056603765,2869657.0
603619,20240110,18.31,18.31,18.43,18.55,-0.14000000000000057,-0.7490636704119868,3723700.0
603619,20240109,18.31,18.07,18.38,18.69,-0.13999999999999702,-0.7434944237918018,4191200.0
603619,20240108,18.81,18.33,18.33,18.83,-0.46000000000000085,-2.384655261793678,4281439.0
603619,20240105,19.29,18.77,18.81,19.29,-0.16000000000000014,-0.8226221079691509,6699647.0
603619,20240104,19.28,18.93,19.13,19.45,0.5599999999999987,2.9645314981471715,10135959.0
603619,20240103,18.76,18.61,18.85,18.89,-0.129999999999999,-0.6834910620399537,4642338.0
603619,20240102,18.45,18.41,18.83,19.02,0.5,2.699784017278617,6289597.0
603619,20231229,18.18,18.12,18.52,18.52,0.120000000000001,0.6521739130434856,4935089.0
603619,20231228,18.23,17.96,18.33,18.4,-0.05000000000000071,-0.27100271002710175,6648955.0
603619,20231227,18.19,18.11,18.42,18.45,0.16999999999999815,0.9299781181619116,5413938.0
603619,20231226,18.0,17.97,18.02,18.28,0.120000000000001,0.6607929515418665,4308500.0
603619,20231225,18.15,17.65,17.98,18.16,-0.28999999999999915,-1.5718157181571768,3740600.0
603619,20231222,18.1,18.05,18.23,18.45,0.2799999999999976,1.5410016510731817,3497250.0
603619,20231221,17.92,17.74,18.14,18.17,-0.16999999999999815,-0.9269356597600753,2516400.0
603619,20231220,18.15,17.97,18.01,18.34,0.05000000000000071,0.27337342810278553,3650100.0
603619,20231219,18.27,17.89,18.02,18.29,-0.08999999999999986,-0.4896626768226331,3408000.0
603619,20231218,18.26,18.04,18.09,18.38,-0.26000000000000156,-1.3948497854077369,2888023.0
603619,20231215,18.55,18.17,18.27,18.64,0.03999999999999915,0.21505376344086446,3377014.0
603619,20231214,18.53,18.27,18.29,18.6,-0.11999999999999744,-0.6410256410256276,2107614.0
603619,20231213,18.63,18.29,18.29,18.72,-0.14000000000000057,-0.7423117709438043,4431989.0
603619,20231212,18.79,18.62,18.73,18.86,0.0,0.0,3470700.0
603619,20231211,18.52,18.23,18.85,18.86,0.120000000000001,0.6403415154749181,3780600.0
603619,20231208,18.45,18.45,18.46,18.74,-0.18000000000000327,-0.9513742071881826,2769500.0
603619,20231207,18.92,18.4,18.47,18.92,-0.14999999999999858,-0.7865757734661694,4645800.0
603619,20231206,18.76,18.73,18.88,19.07,-0.120000000000001,-0.6253256904637849,2973479.0
603619,20231205,19.16,18.75,18.75,19.19,-0.41000000000000014,-2.091836734693875,3915221.0
603619,20231204,19.42,19.16,19.17,19.6,0.07000000000000028,0.35842293906809264,3780543.0
603619,20231201,19.38,19.15,19.43,19.53,-0.17999999999999972,-0.91324200913242,4540378.0
603619,20231130,19.71,19.37,19.59,19.71,-0.05999999999999872,-0.30349013657055,3317900.0
603619,20231129,19.7,19.5,19.6,19.77,0.09999999999999787,0.5083884087442758,2349601.0
603619,20231128,19.52,19.32,19.61,19.67,-0.09999999999999787,-0.5058168942842611,2815084.0
603619,20231127,19.66,19.5,19.52,19.77,-0.33000000000000185,-1.6417910447761308,4219969.0
603619,20231124,19.95,19.6,19.74,20.1,0.020000000000003126,0.09960159362552012,3773031.0
603619,20231123,19.67,19.61,19.96,20.08,-0.2900000000000027,-1.4236622484045336,3512219.0
603619,20231122,20.23,19.77,19.78,20.37,-0.4800000000000004,-2.302158273381294,6026500.0
603619,20231121,20.55,20.22,20.23,20.85,0.370000000000001,1.806640625,5895673.0
603619,20231120,20.01,19.94,20.45,20.48,0.5700000000000003,2.862882973380221,7130607.0
603619,20231117,19.88,19.7,19.81,19.91,-0.4299999999999997,-2.1140609636184804,4104303.0
603619,20231116,20.0,20.0,20.06,20.34,-0.03999999999999915,-0.19627085377821318,4021069.0
603619,20231115,20.14,20.1,20.24,20.38,0.09999999999999787,0.4930966469427922,5501000.0
603619,20231114,20.25,19.95,20.15,20.28,-0.04999999999999716,-0.24594195769797045,4680304.0
603619,20231113,20.0,19.9,20.21,20.33,0.23999999999999844,1.1946241911398703,5775573.0
603619,20231110,20.04,19.8,20.0,20.09,0.0,0.0,5092824.0
603619,20231109,19.69,19.67,19.97,20.09,0.14999999999999858,0.7522567703109218,7932987.0
603619,20231108,19.51,19.41,19.8,19.94,-0.25,-1.2382367508667613,9522000.0
603619,20231107,19.91,19.63,20.05,20.19,-0.18999999999999773,-0.9322865554465043,10538222.0
603619,20231106,20.38,19.95,20.1,20.38,-0.46000000000000085,-2.207293666026877,13065899.0
603619,20231103,20.55,20.37,20.71,20.84,-0.03999999999999915,-0.19157088122604415,8566568.0
603619,20231102,20.83,20.19,20.53,20.88,0.2799999999999976,1.3592233009708687,10729302.0
603619,20231101,20.55,19.94,20.1,20.6,-0.41000000000000014,-1.9514516896715906,6449100.0
603619,20231031,20.9,20.35,20.46,21.01,-0.21999999999999886,-1.036269430051806,8852622.0
603619,20231030,20.68,20.65,21.16,21.23,0.3500000000000014,1.676245210727978,9972121.0
603619,20231027,19.8,19.6,20.86,20.88,0.629999999999999,3.111111111111109,11811301.0
603619,20231026,20.15,19.56,20.02,20.25,-0.07000000000000028,-0.34448818897637734,9771535.0
603619,20231025,20.19,19.6,19.99,20.32,-0.3099999999999987,-1.5026660203586895,13889782.0
603619,20231024,19.9,19.88,20.31,20.63,0.14999999999999858,0.732421875,11964741.0
603619,20231023,20.37,20.07,20.2,20.48,-1.4199999999999982,-6.4840182648401745,12985067.0
603619,20231020,21.7,20.71,21.04,21.9,-0.740000000000002,-3.2685512367491287,15696334.0
603619,20231019,22.55,21.27,21.34,22.64,-0.8599999999999994,-3.659574468085103,17985500.0
603619,20231018,22.96,22.37,22.58,23.5,-0.33999999999999986,-1.4261744966442946,23651202.0
603619,20231017,21.78,21.52,23.32,23.84,2.169999999999998,10.013844023996299,42659908.0
603619,20231016,20.2,20.06,21.67,21.67,1.9300000000000033,9.777102330293829,24001671.0
603619,20231013,19.42,19.16,19.7,19.74,0.23999999999999844,1.230769230769213,8391982.0
603619,20231012,19.35,19.19,19.43,19.5,-0.5,-2.500000000000002,10382500.0
603619,20231011,20.0,19.32,19.39,20.0,-1.2899999999999991,-6.0591827148896105,12335594.0
603619,20231010,20.76,20.17,20.2,21.29,-0.060000000000002274,-0.2810304449648804,17594442.0
603619,20231009,21.0,20.0,20.65,21.35,-0.9499999999999993,-4.260089686098656,19565268.0
603619,20230928,21.72,21.55,21.79,22.3,0.9600000000000009,4.498594189315841,14444826.0
603619,20230927,20.94,20.72,21.11,21.34,0.25,1.1853959222380306,9016965.0
603619,20230926,20.77,20.54,20.6,21.09,0.0,0.0,5843423.0
603619,20230925,20.68,20.53,20.76,21.09,0.05000000000000071,0.23764258555132312,5326261.0
603619,20230922,20.92,20.55,20.73,21.04,-0.08000000000000185,-0.37878787878788955,5334831.0
603619,20230921,21.01,20.56,20.83,21.12,-0.5999999999999979,-2.7624309392265123,7044149.0
603619,20230920,21.44,21.13,21.19,21.72,-0.5800000000000018,-2.600896860986557,9820473.0
603619,20230919,21.87,21.67,21.74,22.3,-0.41000000000000014,-1.805372082782919,9781300.0
603619,20230918,22.71,21.7,21.8,22.71,-0.5799999999999983,-2.49033920137397,13619136.0
603619,20230915,22.17,21.93,22.72,23.29,1.009999999999998,4.533213644524237,25205591.0
603619,20230914,21.3,21.25,21.75,22.28,0.4800000000000004,2.2018348623853212,13908740.0
603619,20230913,21.3,21.13,21.45,21.8,0.6400000000000006,3.0245746691871522,15805951.0
603619,20230912,20.89,20.74,20.77,21.16,-0.1999999999999993,-0.9363295880149725,5343400.0
603619,20230911,20.84,20.52,21.02,21.36,0.3000000000000007,1.4245014245014342,9397034.0
603619,20230908,21.0,20.27,20.65,21.06,-0.990000000000002,-4.489795918367356,12957399.0
603619,20230907,21.1,20.81,21.6,22.05,0.07000000000000028,0.31847133757962887,16318213.0
603619,20230906,21.77,20.77,21.11,21.98,1.0599999999999987,5.066921606118546,16990222.0
603619,20230905,20.68,20.33,20.73,20.92,-0.29999999999999716,-1.4137606032045058,8070488.0
603619,20230904,19.98,19.82,20.67,21.22,1.4100000000000001,7.117617364967188,15517586.0
603619,20230901,19.55,19.18,19.58,19.81,0.00999999999999801,0.05050505050503418,5802247.0
603619,20230831,19.61,19.33,19.44,19.8,0.1999999999999993,1.0204081632652962,3911400.0
603619,20230830,19.44,19.03,19.51,19.6,0.11000000000000298,0.5643919958953525,5421400.0
603619,20230829,19.49,19.11,19.44,19.49,-0.5,-2.5012506253126565,6140300.0
603619,20230828,19.99,19.32,19.49,19.99,0.5,2.5654181631606043,5269200.0
603619,20230825,19.22,19.1,19.17,19.49,-0.010000000000001563,-0.05128205128206442,2776500.0
603619,20230824,19.37,19.16,19.33,19.5,-0.23000000000000043,-1.1657374556512945,2578365.0
603619,20230823,19.63,19.34,19.34,19.73,-0.09999999999999787,-0.5042864346949005,3167600.0
603619,20230822,19.63,19.41,19.8,19.83,-0.2700000000000031,-1.3432835820895717,3390300.0
603619,20230821,19.83,19.6,19.66,20.1,0.010000000000001563,0.04977600796416404,3313174.0
603619,20230818,19.83,19.72,19.72,20.09,0.21999999999999886,1.1071967790639015,3618400.0
603619,20230817,19.55,19.39,19.84,19.87,-0.11999999999999744,-0.6003001500750282,3813500.0
603619,20230816,19.95,19.6,19.6,19.99,-0.5100000000000016,-2.4878048780487827,5201500.0
603619,20230815,20.29,19.82,20.0,20.5,-0.28000000000000114,-1.347449470644857,4327200.0
603619,20230814,20.22,20.03,20.19,20.78,0.16000000000000014,0.7759456838021261,4687641.0
603619,20230811,20.5,20.27,20.34,20.62,-0.3200000000000003,-1.5281757402101248,5141075.0
603619,20230810,20.65,20.3,20.7,20.94,0.40000000000000213,1.947419668938677,7564150.0
603619,20230809,20.44,20.09,20.25,20.54,-0.019999999999999574,-0.09727626459143934,4170200.0
603619,20230808,20.52,20.2,20.42,20.56,-0.490000000000002,-2.327790973871746,3505000.0
603619,20230807,21.0,20.48,20.66,21.05,-0.5500000000000007,-2.546296296296302,4360740.0
603619,20230804,21.31,20.6,20.86,21.6,0.4700000000000024,2.2243256034074843,6475127.0
603619,20230803,20.91,20.66,21.02,21.13,-0.25,-1.1693171188026152,6566020.0
603619,20230802,21.28,20.89,21.21,21.38,-0.3000000000000007,-1.3837638376383743,7545293.0
603619,20230801,20.49,20.47,21.2,21.68,1.2199999999999989,5.962854349951119,13792894.0
603619,20230731,19.7,19.69,20.32,20.46,0.5300000000000011,2.659307576517822,10157346.0
603619,20230728,19.69,19.47,19.86,19.93,-0.240000000000002,-1.189885969261284,5876009.0
603619,20230727,20.0,19.63,19.74,20.17,-0.129999999999999,-0.6403940886699488,6171207.0
603619,20230726,20.02,19.74,20.0,20.3,0.03999999999999915,0.19743336623889718,6771634.0
603619,20230725,19.92,19.78,19.9,20.26,0.5300000000000011,2.686264571718211,9795224.0
603619,20230724,19.38,19.03,19.46,19.73,-0.14999999999999858,-0.7545271629778583,5645500.0
603619,20230721,19.72,19.34,19.45,19.88,-0.5100000000000016,-2.501226091221198,7424212.0
603619,20230720,20.13,19.5,19.55,20.39,-0.3000000000000007,-1.4499758337361057,11965300.0
603619,20230719,19.93,19.68,20.41,20.69,0.7000000000000028,3.501750875437737,18513379.0
603619,20230718,19.89,19.3,19.45,19.99,-0.33999999999999986,-1.6724053123462812,9786907.0
603619,20230717,20.2,19.6,19.89,20.33,-0.13000000000000256,-0.6353861192570975,13375451.0
603619,20230714,18.98,18.68,20.46,20.46,1.4800000000000004,7.797681770284504,29103302.0
603619,20230713,17.72,17.7,18.6,18.98,1.1000000000000014,6.152125279642062,13614823.0
603619,20230712,17.64,17.57,17.69,17.88,0.3000000000000007,1.7064846416382284,5250985.0
603619,20230711,17.44,17.28,17.55,17.58,-0.25,-1.4021312394840169,2986200.0
603619,20230710,17.55,17.4,17.45,17.83,0.3999999999999986,2.2948938611589087,3551500.0
603619,20230707,17.23,17.18,17.39,17.43,0.0799999999999983,0.4610951008645392,3337205.0
603619,20230706,17.23,17.13,17.31,17.35,-0.07000000000000028,-0.40183696900114585,3519983.0
603619,20230705,17.32,17.14,17.26,17.42,-0.019999999999999574,-0.11467889908256534,3245685.0
603619,20230704,17.2,17.08,17.31,17.44,0.11000000000000298,0.6347374495095481,5005665.0
603619,20230703,16.88,16.85,17.18,17.33,0.35999999999999943,2.121390689451963,5230835.0
603619,20230630,16.63,16.53,16.92,16.97,0.17999999999999972,1.0720667063728317,4367900.0
603619,20230629,16.7,16.56,16.72,16.79,-0.060000000000002274,-0.356083086053427,3693400.0
603619,20230628,16.55,16.48,16.81,16.85,0.14000000000000057,0.837821663674454,3386682.0
603619,20230627,16.26,16.21,16.7,16.71,-0.08999999999999986,-0.5357142857142838,4349997.0
603619,20230626,16.64,16.2,16.26,16.8,-0.4299999999999997,-2.495647127103884,4159000.0
603619,20230621,16.28,16.28,16.69,17.23,0.629999999999999,3.7951807228915557,6825664.0
603619,20230620,16.43,16.28,16.36,16.6,0.020000000000003126,0.12062726176118588,3123060.0
603619,20230619,16.54,16.35,16.43,16.58,-0.2700000000000031,-1.6023738872403714,3592761.0
603619,20230616,16.09,16.02,16.6,16.85,0.8100000000000023,5.04987531172072,8262983.0
603619,20230615,15.6,15.5,15.97,16.04,-0.010000000000001563,-0.06230529595016021,5810553.0
603619,20230614,15.95,15.74,15.77,16.05,0.13000000000000078,0.816582914572872,3529001.0
603619,20230613,15.79,15.73,15.85,15.92,-0.22999999999999865,-1.4241486068111375,3659136.0
603619,20230612,16.09,15.79,16.0,16.15,-0.1700000000000017,-1.041666666666674,3861900.0
603619,20230609,16.2,16.07,16.18,16.32,-0.120000000000001,-0.7299270072992803,2318500.0
603619,20230608,16.36,16.19,16.23,16.44,0.0,0.0,2073846.0
603619,20230607,16.3,16.16,16.23,16.44,-0.3200000000000003,-1.9093078758949944,2203298.0
603619,20230606,16.76,16.25,16.32,16.76,-0.3999999999999986,-2.3310023310023187,3675147.0
603619,20230605,16.66,16.66,16.77,17.16,0.48999999999999844,2.9394121175764676,3609628.0
603619,20230602,16.34,16.33,16.62,16.67,0.33000000000000185,2.0195838433292757,3869679.0
603619,20230601,16.09,16.04,16.29,16.34,-0.379999999999999,-2.2727272727272707,5416281.0
603619,20230531,16.72,16.17,16.21,16.72,-0.16000000000000014,-0.9478672985781977,5832300.0
603619,20230530,16.85,16.6,16.8,16.88,-0.21000000000000085,-1.2287887653598673,2558200.0
603619,20230529,16.89,16.82,16.86,17.09,0.10999999999999943,0.6478209658421719,2711400.0
603619,20230526,16.88,16.71,16.84,16.98,-0.23999999999999844,-1.3937282229965042,2547000.0
603619,20230525,17.2,16.82,17.08,17.22,-0.10000000000000142,-0.5773672055427337,3701726.0
603619,20230524,17.16,17.0,17.25,17.32,0.05000000000000071,0.2895193977996646,3553461.0
603619,20230523,17.18,17.05,17.09,17.27,0.0,0.0,2602072.0
603619,20230522,17.2,17.0,17.18,17.27,-0.129999999999999,-0.7471264367816088,2971793.0
603619,20230519,17.11,16.94,17.33,17.4,-0.14000000000000057,-0.7981755986317007,4714074.0
603619,20230518,17.17,17.08,17.2,17.54,0.33999999999999986,1.9767441860465196,5088197.0
603619,20230517,16.85,16.61,17.04,17.2,-0.28000000000000114,-1.6018306636155666,4995107.0
603619,20230516,16.45,16.4,16.98,17.48,1.0700000000000003,6.520414381474704,10556785.0
603619,20230515,16.28,16.02,16.37,16.41,-0.33999999999999986,-2.0298507462686577,5972014.0
603619,20230512,16.66,16.37,16.4,16.75,-0.17999999999999972,-1.063201417601889,3957800.0
603619,20230511,16.81,16.64,16.74,16.93,-0.030000000000001137,-0.176886792452835,3159700.0
603619,20230510,16.95,16.65,16.81,16.96,-0.6799999999999997,-3.8548752834467126,5428256.0
603619,20230509,17.54,16.96,16.98,17.64,-0.09999999999999787,-0.5636978579481311,8677700.0
603619,20230508,17.46,17.34,17.51,17.74,0.2799999999999976,1.6036655211912887,8523486.0
603619,20230505,17.43,16.77,17.17,17.46,-0.23999999999999844,-1.3559322033898202,9617218.0
603619,20230504,17.4,16.97,17.62,17.7,-0.6799999999999997,-3.699673558215455,11424640.0
603619,20230428,17.5,17.47,18.03,18.38,1.0799999999999983,6.242774566473974,12799405.0
603619,20230427,17.17,16.93,17.16,17.3,-0.17999999999999972,-1.0297482837528626,5734236.0
603619,20230426,17.12,16.91,17.41,17.48,-0.1999999999999993,-1.1312217194570096,5147957.0
603619,20230425,17.3,17.04,17.36,17.68,0.0799999999999983,0.4545454545454408,8463620.0
603619,20230424,17.35,17.0,17.33,17.6,-0.5799999999999983,-3.190319031903177,7599500.0
603619,20230421,18.11,17.3,17.35,18.18,-0.39000000000000057,-2.100161550888535,13846520.0
603619,20230420,18.3,17.93,18.13,18.57,0.8900000000000006,5.033936651583715,21844946.0
603619,20230419,17.68,17.4,17.5,17.68,0.0,0.0,4960156.0
603619,20230418,17.56,17.38,17.68,17.68,-0.19000000000000128,-1.0632344711807518,6369059.0
603619,20230417,17.29,17.26,17.67,17.87,0.33000000000000185,1.8814139110604478,9608453.0
603619,20230414,17.12,16.94,17.38,17.54,0.0,0.0,9130425.0
603619,20230413,17.15,17.02,17.12,17.54,0.3999999999999986,2.3337222870478236,11084978.0
603619,20230412,16.78,16.77,17.08,17.14,0.379999999999999,2.2673031026252843,6558496.0
603619,20230411,16.59,16.33,16.73,16.76,0.010000000000001563,0.05970149253731183,4740840.0
603619,20230410,16.66,16.41,16.65,16.75,-0.010000000000001563,-0.05966587112172794,5925018.0
603619,20230407,16.75,16.52,16.63,16.76,-0.00999999999999801,-0.05963029218841731,4839031.0
603619,20230406,16.57,16.16,16.72,16.77,-0.7199999999999989,-4.116638078902223,7816700.0
603619,20230404,17.3,16.78,16.81,17.49,-0.010000000000001563,-0.05714285714286671,14895218.0
603619,20230403,17.2,16.8,17.01,17.5,1.1000000000000014,6.707317073170738,22257398.0
603619,20230331,16.05,16.02,16.27,16.4,0.22999999999999687,1.4223871366728424,4334590.0
603619,20230330,15.74,15.74,16.15,16.17,-0.5599999999999987,-3.347280334728031,7655370.0
603619,20230329,16.72,16.23,16.42,16.73,-0.46999999999999886,-2.7325581395348797,8552169.0
603619,20230328,16.95,16.64,16.81,17.2,0.629999999999999,3.802051901025938,14896210.0
603619,20230327,16.54,16.13,16.47,16.57,-0.46000000000000085,-2.701115678214916,6198715.0
603619,20230324,16.99,16.39,16.52,17.03,-0.2099999999999973,-1.2180974477958073,12701700.0
603619,20230323,17.12,16.95,17.09,17.24,-0.08999999999999986,-0.5193306405077869,3980634.0
603619,20230322,17.14,17.01,17.16,17.33,0.1599999999999966,0.9318578916714948,4751900.0
603619,20230321,17.02,16.71,17.08,17.17,-0.13999999999999702,-0.8087810514153526,5741404.0
603619,20230320,17.14,16.8,16.9,17.31,-0.26000000000000156,-1.4797951052931246,6448200.0
603619,20230317,16.85,16.77,17.12,17.57,0.4499999999999993,2.6285046728971917,8860062.0
603619,20230316,16.91,16.76,16.79,17.12,-0.4599999999999973,-2.6166097838452584,9185031.0
603619,20230315,16.96,16.9,17.48,17.58,-0.490000000000002,-2.7116768123962465,10314563.0
603619,20230314,18.01,16.98,17.02,18.07,-0.6799999999999997,-3.626666666666667,20459917.0
603619,20230313,18.25,17.99,18.29,18.75,0.3000000000000007,1.6260162601626105,12027286.0
603619,20230310,18.3,17.89,17.89,18.45,-0.5199999999999996,-2.7411702688455386,6497927.0
603619,20230309,18.6,18.4,18.43,18.97,-0.40000000000000213,-2.065049044914824,9594663.0
603619,20230308,19.37,18.61,18.79,19.37,-0.7799999999999976,-3.8709677419354716,15281302.0
603619,20230307,19.12,19.12,19.81,20.15,0.8499999999999979,4.404145077720201,20135497.0
603619,20230306,19.15,18.85,19.02,19.3,0.15000000000000213,0.783289817232391,5817894.0
603619,20230303,19.0,18.73,18.88,19.15,-0.13000000000000256,-0.6742738589211705,6140735.0
603619,20230302,19.24,18.97,19.0,19.28,-0.0799999999999983,-0.4132231404958553,7307900.0
603619,20230301,19.25,19.12,19.24,19.36,-0.03999999999999915,-0.20618556701030855,4781728.0
603619,20230228,19.32,19.01,19.25,19.4,-0.23000000000000043,-1.1716760061130982,3680400.0
603619,20230227,19.1,19.05,19.32,19.63,0.3299999999999983,1.7098445595854939,6456885.0
603619,20230224,19.13,18.96,19.1,19.3,0.010000000000001563,0.05184033177814129,6261093.0
603619,20230223,19.03,18.83,18.93,19.29,0.21999999999999886,1.153644467750392,5425365.0
603619,20230222,18.73,18.61,18.8,19.07,-0.019999999999999574,-0.10476689366160086,2991100.0
603619,20230221,18.78,18.63,18.84,19.09,0.28999999999999915,1.5425531914893487,3651400.0
603619,20230220,18.58,18.53,18.72,18.8,-0.129999999999999,-0.6867406233491802,3885774.0
603619,20230217,18.35,18.35,18.7,18.93,-0.14999999999999858,-0.7861635220125729,4195316.0
603619,20230216,18.88,18.31,18.47,19.08,-0.08000000000000185,-0.41753653444677186,5423258.0
603619,20230215,19.12,18.85,18.9,19.16,-0.16999999999999815,-0.8794619762027889,3446900.0
603619,20230214,19.07,19.05,19.16,19.33,-0.16000000000000014,-0.8209338122113885,3844290.0
603619,20230213,19.23,19.04,19.07,19.49,0.31999999999999673,1.6692749087115155,7222300.0
603619,20230210,19.12,18.72,18.85,19.17,-0.29999999999999716,-1.5408320493066063,5280512.0
603619,20230209,19.25,19.12,19.23,19.47,-0.3000000000000007,-1.5174506828528056,4501713.0
603619,20230208,19.74,19.24,19.25,19.77,0.5300000000000011,2.75467775467777,8438300.0
603619,20230207,19.0,18.95,19.16,19.24,-0.010000000000001563,-0.05194805194805863,4286005.0
603619,20230206,19.04,18.95,19.0,19.25,-0.19000000000000128,-0.977366255144041,4990523.0
603619,20230203,19.25,18.9,19.16,19.44,-0.13999999999999702,-0.7150153217568844,7030206.0
603619,20230202,19.45,19.16,19.45,19.58,-0.10000000000000142,-0.5081300813008172,7819379.0
603619,20230201,19.6,19.38,19.6,19.68,0.030000000000001137,0.15267175572519776,7724928.0
603619,20230131,19.2,19.14,19.6,19.65,-0.22000000000000242,-1.1071967790639237,7068173.0
603619,20230130,19.56,19.34,19.5,19.87,0.060000000000002274,0.3028773346794633,7924017.0
603619,20230120,19.19,18.95,19.56,19.81,0.5599999999999987,2.9090909090909056,10004413.0
603619,20230119,19.2,18.83,18.9,19.25,-0.25,-1.2820512820512775,6447820.0
603619,20230118,18.53,18.52,19.38,19.5,0.7800000000000011,4.166666666666674,12858153.0
603619,20230117,18.65,18.18,18.35,18.72,0.03999999999999915,0.21413276231263545,3979711.0
603619,20230116,17.98,17.96,18.54,18.68,0.19000000000000128,1.0275824770145991,8316429.0
603619,20230113,18.06,17.89,17.98,18.49,0.3099999999999987,1.7051705170517018,6747293.0
603619,20230112,17.8,17.59,17.98,18.18,0.3099999999999987,1.7347509792948967,7090035.0
603619,20230111,17.8,17.35,17.58,17.87,-0.09999999999999787,-0.5564830272676513,7987569.0
603619,20230110,17.63,17.63,17.75,17.97,0.08999999999999986,0.5033557046979942,4084941.0
603619,20230109,17.54,17.47,17.66,17.88,0.23000000000000043,1.3031161473087804,4017541.0
603619,20230106,17.45,17.37,17.46,17.65,0.0799999999999983,0.4553215708594127,4274244.0
603619,20230105,17.35,17.28,17.4,17.57,-0.41999999999999815,-2.3346303501945442,5440584.0
603619,20230104,17.93,17.5,17.55,17.99,-0.26000000000000156,-1.4246575342465873,5951937.0
603619,20230103,18.01,17.95,18.15,18.25,0.129999999999999,0.717439293598221,3692600.0
603619,20221230,18.09,17.79,17.93,18.12,0.0400000000000027,0.22123893805310324,3250400.0
603619,20221229,18.0,17.79,18.01,18.08,-0.28000000000000114,-1.5250544662309462,3341250.0
603619,20221228,18.09,17.95,18.09,18.36,0.019999999999999574,0.10905125408942062,4427364.0
603619,20221227,18.03,17.78,18.07,18.34,0.23999999999999844,1.3259668508287303,4035100.0
603619,20221226,17.29,17.2,18.03,18.1,0.8200000000000003,4.745370370370372,7617893.0
603619,20221223,16.91,16.8,17.1,17.28,-0.6199999999999974,-3.4636871508379796,5359800.0
603619,20221222,17.8,16.98,17.05,17.9,0.019999999999999574,0.11185682326622093,5153660.0
603619,20221221,17.62,17.41,17.6,17.88,-0.0400000000000027,-0.22321428571430157,3739828.0
603619,20221220,17.76,17.51,17.66,17.92,-0.019999999999999574,-0.11148272017836858,3420484.0
603619,20221219,17.63,16.92,17.88,17.94,-0.5399999999999991,-2.9220779220779147,8345970.0
603619,20221216,18.48,17.95,18.01,18.48,-0.4400000000000013,-2.3255813953488413,5903000.0
603619,20221215,18.82,18.53,18.59,18.92,0.23000000000000043,1.2306046013911276,3143400.0
603619,20221214,18.63,18.46,18.66,18.69,-0.14999999999999858,-0.7961783439490389,3653046.0
603619,20221213,18.65,18.39,18.55,18.84,-0.05999999999999872,-0.31746031746030523,5046292.0
603619,20221212,18.85,18.45,18.49,18.9,0.00999999999999801,0.052938062466911795,4991231.0
603619,20221209,18.88,18.61,18.89,18.89,-0.25,-1.3061650992685525,4551350.0
603619,20221208,19.0,18.7,18.89,19.14,-0.07000000000000028,-0.36439354502862953,7686079.0
603619,20221207,19.09,18.93,19.17,19.21,-0.17999999999999972,-0.9283135636926287,5679633.0
603619,20221206,19.27,18.88,19.35,19.39,-0.5999999999999979,-3.0015007503751745,9294749.0
603619,20221205,19.98,19.41,19.58,19.99,-0.46000000000000085,-2.249388753056236,12838463.0
603619,20221202,19.9,19.7,20.32,20.45,0.09999999999999787,0.49140049140048436,12646386.0
603619,20221201,20.17,19.73,19.77,20.35,0.11000000000000298,0.5434782608695787,9832737.0
603619,20221130,19.69,19.55,20.0,20.24,0.48999999999999844,2.4810126582278436,10800567.0
603619,20221129,19.28,19.12,19.51,19.75,0.3000000000000007,1.5424164524421524,6209724.0
603619,20221128,19.35,18.88,19.3,19.45,-0.4700000000000024,-2.359437751004023,6930980.0
603619,20221125,19.46,19.31,19.65,19.92,0.120000000000001,0.60606060606061,7051402.0
603619,20221124,19.06,19.05,19.56,19.8,-0.09999999999999787,-0.5025125628140614,8400397.0
603619,20221123,19.66,19.3,19.65,19.9,-0.020000000000003126,-0.10040160642571516,9589983.0
603619,20221122,19.5,19.3,19.31,19.92,0.4200000000000017,2.153846153846173,11292654.0
603619,20221121,19.29,19.0,19.5,19.5,-0.4499999999999993,-2.2556390977443552,8094172.0
603619,20221118,19.8,19.55,19.57,19.95,-0.41000000000000014,-2.013752455795681,8749078.0
603619,20221117,20.12,19.72,19.96,20.36,-0.5,-2.3969319271332723,9331400.0
603619,20221116,20.6,20.24,20.61,20.86,0.259999999999998,1.2621359223300876,9758733.0
603619,20221115,20.39,20.16,20.52,20.6,-0.6499999999999986,-3.0588235294117583,9034595.0
603619,20221114,20.96,20.46,20.7,21.25,-0.9499999999999993,-4.2792792792792795,8511355.0
603619,20221111,22.2,20.46,21.1,22.2,0.259999999999998,1.185050136736554,18124004.0
603619,20221110,21.43,21.43,21.72,21.94,-0.8399999999999999,-3.687445127304656,5182951.0
603619,20221109,22.43,22.01,22.32,22.78,-0.259999999999998,-1.1284722222222099,5769716.0
603619,20221108,22.52,22.5,22.7,23.04,0.16000000000000014,0.6993006993007089,9891766.0
603619,20221107,21.2,21.08,22.69,22.88,1.8900000000000006,9.004287756074314,17542289.0
603619,20221104,20.45,20.4,20.92,20.99,0.03999999999999915,0.1909307875894939,6324883.0
603619,20221103,19.8,19.75,20.61,20.95,0.6400000000000006,3.1511570654849885,8309458.0
603619,20221102,20.0,19.7,20.13,20.31,0.4299999999999997,2.1629778672032085,6514715.0
603619,20221101,18.37,18.37,19.87,19.88,-0.25,-1.2419274714356665,12428408.0
603619,20221031,19.81,18.45,18.58,20.13,-0.6099999999999994,-2.941176470588236,15588788.0
603619,20221028,20.61,19.87,19.99,20.74,-0.25,-1.191043353978083,7572663.0
603619,20221027,20.81,20.4,20.55,20.99,0.0,0.0,7567416.0
603619,20221026,20.74,20.23,20.48,20.99,-0.28000000000000114,-1.3164080865068262,8251547.0
603619,20221025,21.27,20.0,20.81,21.27,-0.16000000000000014,-0.7466168922071859,11664756.0
603619,20221024,20.7,20.5,21.1,21.43,0.6900000000000013,3.326904532304731,12806812.0
603619,20221021,20.71,20.22,20.46,20.74,-0.5400000000000027,-2.5375939849624163,6623113.0
603619,20221020,20.5,20.45,20.9,21.28,0.46000000000000085,2.2094140249759864,9894100.0
603619,20221019,20.51,20.18,20.26,20.82,-1.120000000000001,-5.104831358249773,7551965.0
603619,20221018,21.6,20.86,20.92,21.94,0.010000000000001563,0.045599635202919764,11643701.0
603619,20221017,21.43,21.21,21.75,21.93,-0.5700000000000003,-2.533333333333332,7187345.0
603619,20221014,22.41,21.81,22.1,22.5,0.0,0.0,10591279.0
603619,20221013,21.5,21.21,22.26,22.5,0.5399999999999991,2.4590163934426146,10222130.0
603619,20221012,21.87,21.12,21.75,21.96,-0.5299999999999976,-2.3566029346376083,8750402.0
603619,20221011,22.09,21.53,22.17,22.49,-0.4200000000000017,-1.8332605848974337,12248430.0
603619,20221010,22.5,22.03,22.5,22.91,1.7899999999999991,8.475378787878785,20187436.0
603619,20220930,20.62,20.23,20.83,21.12,0.25,1.1978917105893716,8056283.0
603619,20220929,20.2,20.08,20.6,20.87,-0.03999999999999915,-0.19129603060735745,13108000.0
603619,20220928,20.5,19.4,19.61,20.91,-0.7100000000000009,-3.2839962997224803,10449801.0
603619,20220927,21.54,19.61,20.44,21.62,-0.4499999999999993,-2.038966923425456,13529855.0
603619,20220926,21.59,21.01,21.2,22.07,-1.3599999999999994,-5.80452411438327,11119361.0
603619,20220923,23.1,22.55,22.55,23.43,0.14000000000000057,0.6011163589523472,11360856.0
603619,20220922,21.69,21.65,23.18,23.29,0.8299999999999983,3.6954585930543127,15010674.0
603619,20220921,21.95,21.08,22.34,22.46,-0.00999999999999801,-0.04450378282152556,11258465.0
603619,20220920,22.04,21.6,22.08,22.47,-0.17999999999999972,-0.7947019867549643,8649789.0
603619,20220919,21.85,21.56,21.82,22.65,-0.3500000000000014,-1.521739130434785,8863869.0
603619,20220916,23.0,22.36,22.36,23.0,-1.2199999999999989,-5.037159372419486,11092163.0
603619,20220915,23.55,22.49,23.51,24.22,0.11999999999999744,0.49792531120331773,16848231.0
603619,20220914,21.97,21.77,23.48,24.1,1.1500000000000021,5.010893246187376,21055613.0
603619,20220913,22.9,22.2,22.49,22.95,0.17999999999999972,0.7905138339920903,12249513.0
603619,20220909,21.9,21.43,22.36,22.77,0.46999999999999886,2.107623318385654,11330438.0
603619,20220908,21.58,21.4,21.97,22.3,-0.3299999999999983,-1.4582412726469207,10185500.0
603619,20220907,22.2,21.8,22.34,22.63,-0.5700000000000003,-2.4568965517241415,10380000.0
603619,20220906,23.08,22.3,22.8,23.2,-0.10000000000000142,-0.42918454935623185,12347580.0
603619,20220905,22.44,22.11,22.99,23.3,0.9000000000000021,4.017857142857162,17393326.0
603619,20220902,21.42,20.89,22.23,22.4,0.3999999999999986,1.8181818181818077,10474813.0
603619,20220901,21.28,21.21,21.6,22.0,-0.10000000000000142,-0.4524886877828149,9656727.0
603619,20220831,22.09,20.56,21.15,22.1,-1.6600000000000001,-6.986531986531985,16689139.0
603619,20220830,23.19,22.32,22.84,23.76,0.3100000000000023,1.321961620469092,19090912.0
603619,20220829,21.5,21.13,23.14,23.45,1.0,4.454342984409809,20407334.0
603619,20220826,22.22,21.51,21.67,22.45,-0.129999999999999,-0.5757307351638596,19755564.0
603619,20220825,21.2,20.88,22.49,22.58,1.2199999999999989,5.711610486891372,34024714.0
603619,20220824,20.55,20.4,20.84,21.36,0.5599999999999987,2.6923076923076827,23589527.0
603619,20220823,19.49,19.49,20.55,20.8,1.2699999999999996,6.502816180235538,18532585.0
603619,20220822,19.39,18.97,19.33,19.53,-1.0399999999999991,-5.0559066601847285,9324718.0
603619,20220819,20.36,19.3,19.31,20.57,-0.379999999999999,-1.8138424821002364,14164418.0
603619,20220818,20.9,19.85,19.96,20.95,-0.07000000000000028,-0.3330161750713656,11354883.0
603619,20220817,20.82,20.61,20.73,21.02,-0.33000000000000185,-1.5456674473067977,7657300.0
603619,20220816,20.75,20.6,21.02,21.35,-0.3099999999999987,-1.4312096029547527,9128218.0
603619,20220815,21.24,20.63,21.3,21.66,0.07000000000000028,0.3242241778601107,14775500.0
603619,20220812,20.1,20.1,21.39,21.59,1.5,7.466401194624184,18130385.0
603619,20220811,19.99,19.77,19.84,20.09,-0.07000000000000028,-0.347222222222221,6369828.0
603619,20220810,19.01,18.96,19.95,20.16,0.8200000000000003,4.239917269906934,11557752.0
603619,20220809,18.89,18.79,19.06,19.34,0.3200000000000003,1.682439537329139,7945880.0
603619,20220808,18.9,18.46,18.83,19.02,0.0,0.0,6970916.0
603619,20220805,18.84,18.43,19.01,19.02,-0.3200000000000003,-1.6546018614270963,7807300.0
603619,20220804,18.74,18.55,19.05,19.34,-0.7100000000000009,-3.5411471321695753,8343808.0
603619,20220803,19.8,18.95,19.05,20.05,-0.0799999999999983,-0.3974167908594062,8841336.0
603619,20220802,19.88,19.25,19.98,20.13,-0.2900000000000027,-1.420176297747322,10863761.0
603619,20220801,20.16,19.8,20.37,20.42,-0.17999999999999972,-0.8737864077669855,6916529.0
603619,20220729,20.36,19.88,19.99,20.6,0.020000000000003126,0.09718172983481654,7158500.0
603619,20220728,20.3,20.08,20.53,20.58,0.379999999999999,1.8811881188118829,8881344.0
603619,20220727,19.69,19.42,20.05,20.2,0.3099999999999987,1.5585721468074354,11322500.0
603619,20220726,19.38,19.16,19.73,19.89,0.6099999999999994,3.163900414937748,9400815.0
603619,20220725,18.98,18.8,19.03,19.28,-0.03999999999999915,-0.20703933747411307,5538036.0
603619,20220722,19.16,18.8,18.95,19.32,-0.3099999999999987,-1.5792154865002517,6140700.0
603619,20220721,19.62,19.05,19.27,19.63,-0.25,-1.2575452716297786,6704000.0
603619,20220720,19.77,19.34,19.62,19.88,-0.33999999999999986,-1.6815034619188873,8050062.0
603619,20220719,19.65,19.45,19.58,20.22,0.6600000000000001,3.3742331288343586,11979684.0
603619,20220718,18.88,18.88,19.48,19.56,0.35999999999999943,1.8750000000000044,11759376.0
603619,20220715,18.48,18.16,18.88,19.2,0.129999999999999,0.6816990036706772,10202543.0
603619,20220714,19.0,18.47,18.59,19.07,0.740000000000002,4.0370976541189485,13341300.0
603619,20220713,18.04,17.67,18.23,18.33,-0.490000000000002,-2.603613177470787,10017262.0
603619,20220712,18.82,18.15,18.36,18.82,-0.46999999999999886,-2.436495593571797,7385128.0
603619,20220711,19.06,18.54,18.7,19.29,-0.4800000000000004,-2.427921092564489,8305700.0
603619,20220708,19.58,18.94,19.05,19.77,0.3299999999999983,1.6975308641975273,7329100.0
603619,20220707,18.68,18.66,19.33,19.44,-0.16000000000000014,-0.8163265306122436,11630601.0
603619,20220706,19.39,18.79,18.98,19.6,-1.5599999999999987,-7.37240075614366,19381700.0
603619,20220705,21.02,20.17,20.73,21.16,0.21000000000000085,1.0023866348448651,10701600.0
603619,20220704,19.91,19.88,20.55,20.95,0.5199999999999996,2.545276554087117,13566290.0
603619,20220701,20.02,19.83,19.88,20.43,-0.4200000000000017,-2.0143884892086406,11457402.0
603619,20220630,20.44,20.4,20.57,20.85,-0.7099999999999973,-3.293135435992567,9956276.0
603619,20220629,20.95,20.45,20.45,21.56,0.4499999999999993,2.131691141639025,15169100.0
603619,20220628,20.54,20.19,20.96,21.11,0.8000000000000007,3.93894633185623,18932401.0
603619,20220627,19.56,19.55,20.2,20.31,0.5399999999999991,2.73141122913505,17606300.0
603619,20220624,19.27,19.03,19.39,19.77,0.41000000000000014,2.117768595041314,14787499.0
603619,20220623,18.66,18.6,19.3,19.36,-0.4400000000000013,-2.2222222222222254,15736100.0
603619,20220622,19.33,18.88,18.99,19.8,-0.16000000000000014,-0.8016032064128265,17796100.0
603619,20220621,19.71,19.21,19.67,19.96,-0.5199999999999996,-2.5390625,21273100.0
603619,20220620,20.48,19.76,19.76,20.48,-2.099999999999998,-9.300265721877754,17418900.0
603619,20220617,22.18,21.68,21.95,22.58,-1.1400000000000006,-4.806070826306918,21584200.0
603619,20220616,23.61,21.73,22.18,23.72,-2.0600000000000023,-7.9906904577191735,31744336.0
603619,20220615,25.78,23.69,23.75,25.78,2.25,9.562260943476408,40177108.0
603619,20220614,21.1,21.09,23.53,23.53,1.0300000000000011,4.577777777777792,19872640.0
603619,20220613,21.12,21.0,21.39,22.5,0.379999999999999,1.7179023508137492,24548000.0
603619,20220610,20.6,20.6,21.75,22.12,-0.5299999999999976,-2.339955849889619,23967700.0
603619,20220609,21.65,20.88,21.2,22.65,1.5599999999999987,7.396870554765278,35934400.0
603619,20220608,20.11,19.91,20.77,21.09,0.14999999999999858,0.7163323782234832,26130600.0
603619,20220607,20.08,19.95,20.28,20.94,0.2900000000000027,1.404358353510915,24937900.0
603619,20220606,20.01,19.66,20.0,20.65,0.4399999999999977,2.1771400296882515,21216600.0
603619,20220602,20.21,19.29,19.59,20.21,-1.1899999999999977,-5.560747663551391,28189604.0
603619,20220601,19.89,19.7,21.15,21.4,0.7999999999999972,3.883495145631044,32796100.0
603619,20220531,20.09,19.61,20.25,20.6,0.2900000000000027,1.4278680452978865,26660224.0
603619,20220530,19.81,19.33,20.0,20.31,-0.4400000000000013,-2.120481927710849,33262784.0
603619,20220527,19.79,19.46,20.15,20.75,1.5700000000000003,8.185610010427524,46447683.0
603619,20220526,18.0,17.8,19.18,19.18,1.7399999999999984,9.977064220183474,43411977.0
603619,20220525,15.83,15.83,17.44,17.44,0.6000000000000014,3.5629453681710332,25976502.0
603619,20220524,16.8,15.81,15.85,16.84,-0.019999999999999574,-0.11862396204033177,14313587.0
603619,20220523,16.44,16.44,16.86,16.86,0.1999999999999993,1.200480192076836,10444802.0
603619,20220520,16.29,16.13,16.42,16.66,0.16000000000000014,0.9696969696969759,9981400.0
603619,20220519,16.34,15.82,16.32,16.5,-0.3999999999999986,-2.3668639053254337,12884200.0
603619,20220518,16.05,15.95,16.72,16.9,-0.22000000000000242,-1.2850467289719725,17551904.0
603619,20220517,16.7,16.47,16.52,17.12,0.3100000000000023,1.8441403926234612,19820200.0
603619,20220516,16.65,16.11,16.4,16.81,0.129999999999999,0.7793764988009544,18928633.0
603619,20220513,15.47,15.47,16.28,16.68,0.41999999999999815,2.58302583025829,28823187.0
603619,20220512,15.97,14.9,15.31,16.26,0.7800000000000011,5.03875968992249,21109565.0
603619,20220511,14.9,14.72,15.18,15.48,0.17999999999999972,1.17647058823529,14377000.0
603619,20220510,15.3,14.5,15.01,15.3,-0.870000000000001,-5.380333951762529,19006764.0
603619,20220509,15.4,15.33,15.98,16.17,-0.11999999999999744,-0.7366482504603922,14175900.0
603619,20220506,15.52,15.35,15.72,16.29,-0.10999999999999943,-0.6707317073170738,19364212.0
603619,20220505,14.9,14.68,15.97,16.4,0.8399999999999981,5.398457583547556,22489150.0
603619,20220429,15.08,14.57,15.25,15.56,0.9600000000000009,6.57534246575342,16978312.0
603619,20220428,14.23,14.06,14.6,14.6,-0.08999999999999986,-0.6126616746085722,11585931.0
603619,20220427,13.75,13.71,14.66,14.69,0.5299999999999994,3.742937853107331,14728395.0
603619,20220426,14.16,13.15,13.48,14.16,-1.9100000000000001,-11.885500933416305,18026600.0
603619,20220425,16.07,14.54,14.54,16.07,-0.0799999999999983,-0.4953560371516952,23905502.0
603619,20220422,14.7,13.97,16.15,16.15,0.6199999999999992,3.9922730199613676,20814965.0
603619,20220421,15.48,14.5,14.68,15.53,-0.5900000000000016,-3.660049627791573,11043000.0
603619,20220420,15.86,15.35,15.58,16.12,-0.46999999999999886,-2.8330319469559884,9950000.0
603619,20220419,15.94,15.94,16.29,16.59,0.16999999999999815,1.0353227771010776,11293212.0
603619,20220418,16.26,15.7,15.82,16.42,-0.8399999999999999,-4.866743916570105,9706600.0
603619,20220415,17.05,16.27,16.28,17.26,0.08999999999999986,0.5241700640652214,12922228.0
603619,20220414,16.4,16.27,16.85,17.17,0.33000000000000185,1.9596199524940738,14809012.0
603619,20220413,16.16,15.97,16.6,16.84,1.0500000000000007,6.649778340721979,22600327.0
603619,20220412,14.55,14.55,15.72,15.79,0.23999999999999844,1.5434083601286064,16232100.0
603619,20220411,14.75,14.7,14.85,15.55,0.3000000000000007,1.967213114754096,13371600.0
603619,20220408,15.11,14.46,14.7,15.25,-0.1999999999999993,-1.2944983818770184,9857100.0
603619,20220407,15.07,14.98,15.18,15.45,-0.1800000000000015,-1.151631477927073,9544200.0
603619,20220406,14.42,14.33,15.5,15.63,0.8600000000000012,5.822613405551813,15699100.0
603619,20220401,14.77,14.4,14.48,14.77,-0.5700000000000003,-3.715775749674055,8627585.0
603619,20220331,15.3,14.51,14.87,15.34,-0.2599999999999998,-1.6666666666666607,10657000.0
603619,20220330,15.59,14.94,15.25,15.6,-0.40000000000000036,-2.500000000000002,10140200.0
603619,20220329,15.49,15.43,15.74,16.0,-0.3099999999999987,-1.9006744328632696,8777300.0
603619,20220328,15.39,15.03,15.89,16.31,0.35999999999999943,2.2570532915360486,16459600.0
603619,20220325,15.6,15.39,15.6,15.95,-0.6799999999999997,-4.088995790739625,12693500.0
603619,20220324,16.45,15.8,15.92,16.63,0.21999999999999886,1.3406459475929333,17585668.0
603619,20220323,15.36,15.35,16.16,16.41,0.6300000000000008,3.9923954372623527,18456615.0
603619,20220322,15.28,15.13,15.73,15.78,0.7099999999999991,4.711347047113468,22016716.0
603619,20220321,14.55,14.54,14.92,15.07,0.040000000000000924,0.26613439787093185,14802500.0
603619,20220318,15.02,14.54,14.63,15.03,0.47999999999999865,3.2989690721649367,18418400.0
603619,20220317,13.81,13.66,14.47,14.55,0.5800000000000001,4.151753758052967,21091018.0
603619,20220316,13.13,12.91,13.88,13.97,-0.02999999999999936,-0.2142857142857113,20667355.0
603619,20220315,13.75,13.14,13.14,14.0,-1.1799999999999997,-7.773386034255603,22335767.0
603619,20220314,14.85,14.6,14.6,15.18,-0.6699999999999999,-4.227129337539437,14059805.0
603619,20220311,15.83,15.11,15.39,15.85,-0.45000000000000107,-2.7607361963190247,19168770.0
603619,20220310,16.0,15.36,16.3,16.3,-1.1499999999999986,-6.590257879656147,25772309.0
603619,20220309,17.3,16.19,16.8,17.45,-0.03999999999999915,-0.2287021154945612,24974411.0
603619,20220308,17.0,16.38,17.05,17.49,-0.41000000000000014,-2.2905027932960897,23208205.0
603619,20220307,17.9,17.0,17.22,17.9,0.16999999999999815,0.958826847151717,25632228.0
603619,20220304,17.6,16.77,16.83,17.73,-0.8200000000000003,-4.42048517520216,34084767.0
603619,20220303,17.88,17.86,18.3,18.55,0.6799999999999997,3.805260212646888,48731834.0
603619,20220302,17.6,16.8,17.48,17.87,1.5,9.16310323762981,48819181.0
603619,20220301,15.98,15.7,16.25,16.37,-0.759999999999998,-4.436660828955041,24349391.0
603619,20220228,16.85,16.11,16.2,17.13,-0.07000000000000028,-0.40697674418604946,33350534.0
603619,20220225,16.4,16.21,16.46,17.2,-0.379999999999999,-2.1615472127417434,38608969.0
603619,20220224,16.15,16.13,17.3,17.58,1.3399999999999999,8.251231527093594,51045919.0
603619,20220223,16.2,15.91,15.98,16.24,-0.5700000000000003,-3.390838786436645,18187556.0
603619,20220222,16.4,15.85,16.51,16.81,0.8199999999999985,5.12820512820511,31203312.0
603619,20220221,15.25,15.12,15.42,15.99,0.7400000000000002,4.85245901639344,20287357.0
603619,20220218,15.2,14.72,15.25,15.25,-0.9100000000000001,-5.631188118811881,18660774.0
603619,20220217,15.27,14.97,15.71,16.16,0.39000000000000057,2.473050095117313,25480832.0
603619,20220216,15.66,15.15,15.39,15.77,-2.210000000000001,-12.291434927697441,22069000.0
603619,20220215,16.8,16.18,16.35,17.98,0.5800000000000018,3.3333333333333437,30151500.0
603619,20220214,17.4,16.37,16.54,17.4,1.3299999999999983,8.276291225886734,36302814.0
603619,20220211,15.47,15.36,15.82,16.07,-0.00999999999999801,-0.06218905472635816,17543851.0
603619,20220210,15.4,15.4,15.7,16.08,0.34999999999999787,2.2250476795931284,17385720.0
603619,20220209,15.5,15.2,15.58,15.73,-0.1999999999999993,-1.2554927809165006,21349152.0
603619,20220208,14.83,14.03,15.76,15.93,1.3200000000000003,9.034907597535934,35730561.0
603619,20220207,14.27,14.26,14.61,14.61,1.1399999999999988,8.463251670378602,4727200.0
603619,20220128,13.19,12.86,13.28,13.47,-0.8399999999999999,-5.87002096436059,9306423.0
603619,20220127,13.65,13.1,13.19,14.31,0.2400000000000002,1.7057569296375252,13682957.0
603619,20220126,13.91,13.26,13.63,14.07,-0.2699999999999996,-1.882845188284521,7812932.0
603619,20220125,14.14,13.5,13.65,14.34,-0.25,-1.7135023989033549,8197100.0
603619,20220124,13.77,13.4,14.35,14.59,0.6999999999999993,5.039596832253412,11374668.0
603619,20220121,13.56,13.46,13.66,13.89,-0.75,-5.122950819672134,7794120.0
603619,20220120,14.46,13.7,13.8,14.64,-1.129999999999999,-7.165504121750155,19139500.0
603619,20220119,15.6,14.67,14.85,15.77,0.16000000000000014,1.0249839846252495,17274300.0
603619,20220118,14.89,14.59,15.2,15.61,0.6699999999999999,4.484605087014715,18077100.0
603619,20220117,14.44,14.38,14.78,14.94,0.1899999999999995,1.2881355932203409,12633300.0
603619,20220114,14.59,14.22,14.23,14.75,-0.6999999999999993,-4.53074433656957,11695020.0
603619,20220113,14.89,14.66,14.7,15.45,0.05999999999999872,0.3898635477582735,12671797.0
603619,20220112,14.62,14.62,14.88,15.39,0.4800000000000004,3.2193158953722323,16037223.0
603619,20220111,14.71,14.28,14.3,14.91,-0.4399999999999995,-2.8664495114006483,14218100.0
603619,20220110,15.2,14.08,14.86,15.35,-1.049999999999999,-6.4024390243902385,22949597.0
603619,20220107,15.35,15.01,15.62,16.4,0.6099999999999994,3.8632045598480103,26673327.0
603619,20220106,15.0,14.9,15.15,15.79,0.08999999999999986,0.5732484076433009,14707126.0
603619,20220105,14.93,14.82,15.19,15.7,0.5099999999999998,3.3574720210664877,19980900.0
603619,20220104,14.82,14.6,14.86,15.19,-0.20000000000000107,-1.299545159194293,13793369.0
603619,20211231,14.65,14.25,14.99,15.39,-0.11999999999999922,-0.7736943907156624,22102664.0
603619,20211230,15.5,14.57,14.61,15.51,-0.6800000000000015,-4.2001235330450974,19914195.0
603619,20211229,15.14,14.85,15.32,16.19,0.490000000000002,3.121019108280265,24030075.0
603619,20211228,14.55,14.06,15.38,15.7,0.8699999999999992,5.866486850977748,32720709.0
603619,20211227,13.94,13.72,14.4,14.83,0.7799999999999994,5.55160142348754,28103516.0
603619,20211224,12.88,12.88,14.05,14.05,0.8300000000000001,6.278366111951583,27619409.0
603619,20211223,12.42,12.42,12.77,13.22,0.11000000000000121,0.8390541571319687,13636000.0
603619,20211222,12.6,12.52,12.53,13.11,0.25,1.9440124416796323,10900984.0
603619,20211221,12.8,12.33,12.4,12.86,-0.11000000000000121,-0.8481110254433433,11250897.0
603619,20211220,12.96,12.65,12.77,12.97,-0.629999999999999,-4.632352941176466,9431800.0
603619,20211217,13.09,13.06,13.12,13.6,0.33000000000000007,2.4868123587038493,13508000.0
603619,20211216,13.0,12.84,13.17,13.27,0.16999999999999993,1.2977099236641143,10400800.0
603619,20211215,12.83,12.73,12.86,13.1,-0.019999999999999574,-0.1524390243902385,8203500.0
603619,20211214,13.01,12.7,12.84,13.12,-0.16000000000000014,-1.2048192771084376,9376550.0
603619,20211213,13.0,12.9,13.13,13.28,-0.3100000000000005,-2.2810890360559277,7944433.0
603619,20211210,13.55,13.04,13.13,13.59,-0.21000000000000085,-1.521739130434785,12297264.0
603619,20211209,13.71,13.4,13.62,13.8,-0.29999999999999893,-2.127659574468077,15250500.0
603619,20211208,13.2,13.0,13.7,14.1,0.5499999999999989,4.0590405904058935,21722054.0
603619,20211207,13.41,12.78,13.17,13.55,-0.10999999999999943,-0.8052708638360162,15642540.0
603619,20211206,12.99,12.8,13.28,13.66,0.40000000000000036,3.016591251885381,26816668.0
603619,20211203,12.5,12.44,12.85,13.26,0.8399999999999999,6.763285024154597,22551025.0
603619,20211202,12.34,12.08,12.13,12.42,0.009999999999999787,0.08058017727639033,9654102.0
603619,20211201,11.95,11.9,12.4,12.41,0.10999999999999943,0.8943089430894169,9753220.0
603619,20211130,11.9,11.86,11.99,12.3,0.3000000000000007,2.5000000000000133,10635867.0
603619,20211129,11.51,11.45,11.82,12.0,-0.4499999999999993,-3.6144578313252906,10820361.0
603619,20211126,12.09,11.89,12.0,12.45,0.009999999999999787,0.0803858520900258,9978192.0
603619,20211125,12.27,12.09,12.14,12.44,-0.6300000000000008,-4.820198928844688,16242868.0
603619,20211124,12.74,12.42,12.48,13.07,0.370000000000001,2.913385826771653,16039400.0
603619,20211123,12.6,12.38,12.41,12.7,0.03999999999999915,0.3159557661927215,9723808.0
603619,20211122,12.51,12.32,12.6,12.66,-0.3200000000000003,-2.4653312788906034,10204640.0
603619,20211119,12.25,12.03,12.7,12.98,0.4800000000000004,3.839999999999999,15762700.0
603619,20211118,12.3,12.2,12.25,12.5,-0.27999999999999936,-2.1909233176838794,12253790.0
603619,20211117,12.56,12.52,12.62,12.78,-0.16999999999999993,-1.3127413127413168,9483200.0
603619,20211116,12.86,12.48,12.55,12.95,-0.19000000000000128,-1.4459665144596734,8478900.0
603619,20211115,13.09,12.73,12.85,13.14,-0.10999999999999943,-0.8301886792452806,9648000.0
603619,20211112,12.99,12.71,13.09,13.25,-0.03999999999999915,-0.3009781790820121,13611000.0
603619,20211111,13.0,12.79,13.04,13.29,-1.0600000000000005,-7.386759581881542,24206497.0
603619,20211110,14.2,13.28,13.66,14.35,0.34999999999999964,2.499999999999991,19350600.0
603619,20211109,13.73,13.37,13.81,14.0,-0.3699999999999992,-2.5748086290883765,15213423.0
603619,20211108,13.74,13.71,13.95,14.37,-0.3200000000000003,-2.1783526208305037,17105600.0
603619,20211105,14.6,13.63,13.7,14.69,-0.28000000000000114,-1.870407481629932,21053023.0
603619,20211104,14.4,14.37,14.58,14.97,-0.21999999999999886,-1.4483212639894605,12738253.0
603619,20211103,15.19,14.36,14.82,15.19,-0.6100000000000012,-3.8607594936708955,14000971.0
603619,20211102,14.89,14.5,15.28,15.8,0.6300000000000008,4.152933421226113,24073627.0
603619,20211101,13.61,13.6,14.94,15.17,0.7300000000000004,5.055401662049874,21907629.0
603619,20211029,14.05,13.74,14.02,14.44,-1.0099999999999998,-6.5372168284789645,27690644.0
603619,20211028,15.41,14.31,14.31,15.45,-1.1000000000000014,-6.646525679758319,18209300.0
603619,20211027,16.06,15.73,15.9,16.55,-0.34999999999999787,-2.0710059171597517,16787695.0
603619,20211026,16.56,16.08,16.1,16.9,-0.40000000000000213,-2.3121387283237094,21796364.0
603619,20211025,16.33,16.2,16.58,17.3,0.4700000000000024,2.7926322043969165,27764918.0
603619,20211022,16.32,15.84,16.05,16.83,-1.1600000000000001,-6.448026681489716,25294118.0
603619,20211021,17.64,16.7,16.96,17.99,0.10999999999999943,0.6152125279641929,33543798.0
603619,20211020,17.77,16.57,16.84,17.88,-0.6700000000000017,-3.6118598382749445,39526951.0
603619,20211019,17.2,16.26,18.32,18.55,0.2699999999999996,1.4770240700218817,38070532.0
603619,20211018,17.6,16.77,16.86,18.28,1.6300000000000026,9.789789789789815,36539697.0
603619,20211015,15.35,14.69,16.65,16.65,1.1399999999999988,7.350096711798826,25372730.0
603619,20211014,14.6,14.17,15.14,15.51,-1.1899999999999995,-7.1257485029940115,29194295.0
603619,20211013,16.45,15.56,15.56,16.7,-0.5899999999999999,-3.4123770965876266,23529585.0
603619,20211012,16.04,15.78,17.29,17.29,1.5699999999999985,9.98727735368956,46776688.0
603619,20211011,14.48,14.48,15.72,15.72,1.4300000000000015,10.006997900629822,29953739.0
603619,20211008,13.58,13.58,14.29,14.29,0.9299999999999997,6.96107784431137,17105200.0
603619,20210930,12.75,12.37,12.99,13.36,-1.1799999999999997,-8.115543328748275,26272903.0
603619,20210929,14.4,13.59,13.59,14.54,-0.9600000000000009,-6.193548387096781,20463900.0
603619,20210928,14.78,14.15,15.1,15.5,0.7200000000000006,4.8714479025710355,31000998.0
603619,20210927,14.27,13.05,14.3,14.78,-0.3200000000000003,-2.119205298013249,21686607.0
603619,20210924,14.55,14.16,14.27,15.1,0.4599999999999991,3.1420765027322384,18068405.0
603619,20210923,14.59,13.9,14.26,14.64,-0.05999999999999872,-0.40816326530611624,17400797.0
603619,20210922,13.77,13.7,14.62,14.7,0.11999999999999922,0.8230452674897082,23623447.0
603619,20210917,13.8,13.64,13.94,14.58,-0.019999999999999574,-0.1369863013698569,23395111.0
603619,20210916,13.77,13.36,13.88,14.6,0.6099999999999994,4.360257326661898,38884000.0
603619,20210915,13.4,12.8,13.34,13.99,-1.1199999999999992,-7.412309728656519,40811980.0
603619,20210914,14.51,13.25,13.29,15.11,0.4299999999999997,2.9291553133514947,41521268.0
603619,20210913,13.75,13.71,14.2,14.68,-1.3000000000000007,-8.135168961201511,28064447.0
603619,20210910,15.88,14.06,14.06,15.98,0.3600000000000012,2.3047375160051287,34124686.0
603619,20210909,14.15,14.13,15.62,15.62,1.0699999999999985,7.35395189003436,20546901.0
603619,20210908,13.6,13.6,14.2,14.55,-0.2699999999999996,-1.8218623481781382,26810001.0
603619,20210907,14.55,13.46,14.34,14.82,0.8900000000000006,6.3890882986360475,34527181.0
603619,20210906,12.75,12.75,13.93,13.93,1.0999999999999996,8.57365549493374,17853199.0
603619,20210903,12.33,12.33,12.66,12.83,0.5600000000000005,4.563977180114098,15841841.0
603619,20210902,11.77,11.41,12.12,12.27,-0.23000000000000043,-1.8400000000000083,18430600.0
603619,20210901,11.51,11.5,11.64,12.5,0.7200000000000006,6.11205432937183,20965300.0
603619,20210831,11.22,11.0,11.5,11.78,0.6799999999999997,6.12612612612613,24304242.0
603619,20210830,10.18,10.18,11.1,11.1,0.9499999999999993,9.35960591133005,17698256.0
603619,20210827,9.97,9.9,10.09,10.15,-0.03999999999999915,-0.39254170755641526,7468500.0
603619,20210826,9.89,9.85,10.03,10.19,0.09999999999999964,0.9910802775024763,10059091.0
603619,20210825,9.75,9.7,9.89,10.09,0.2699999999999996,2.7494908350305547,11351900.0
603619,20210824,9.41,9.41,9.8,9.82,0.4900000000000002,5.2518756698821,15632300.0
603619,20210823,8.8,8.8,9.24,9.33,0.5299999999999994,6.022727272727257,9142200.0
603619,20210820,8.8,8.66,8.77,8.8,-0.22999999999999865,-2.5470653377629993,3302600.0
603619,20210819,8.96,8.7,8.84,9.03,-0.040000000000000924,-0.4410143329658278,4314100.0
603619,20210818,9.02,8.88,9.06,9.07,-0.1899999999999995,-2.051835853131745,4125100.0
603619,20210817,9.13,8.92,8.95,9.26,0.0,0.0,5122868.0
603619,20210816,9.1,9.08,9.15,9.26,0.14000000000000057,1.5350877192982448,5565000.0
603619,20210813,8.99,8.95,9.1,9.12,-0.0600000000000005,-0.6535947712418388,3804417.0
603619,20210812,9.09,9.04,9.04,9.18,0.07000000000000028,0.7683863885839859,3754100.0
603619,20210811,9.05,9.01,9.08,9.11,-0.07000000000000028,-0.7625272331154731,4526823.0
603619,20210810,8.89,8.83,9.06,9.18,0.1999999999999993,2.2271714922048824,5897300.0
603619,20210809,8.72,8.68,8.93,8.98,0.20000000000000107,2.277904328018243,4517200.0
603619,20210806,8.73,8.65,8.72,8.78,-0.05000000000000071,-0.5662514156285492,3341700.0
603619,20210805,8.8,8.7,8.73,8.83,-0.10999999999999943,-1.230425055928408,4265300.0
603619,20210804,8.81,8.81,8.89,8.94,-0.13000000000000078,-1.433296582138932,3403700.0
603619,20210803,9.01,8.88,8.89,9.07,0.040000000000000924,0.44296788482836025,3916600.0
603619,20210802,8.93,8.71,9.02,9.03,-0.05000000000000071,-0.5506607929515517,4405400.0
603619,20210730,9.01,8.91,8.98,9.08,0.02999999999999936,0.33149171270716593,3108400.0
603619,20210729,8.98,8.88,9.03,9.05,-0.02999999999999936,-0.3303964757709221,3890900.0
603619,20210728,8.96,8.7,8.9,9.08,0.040000000000000924,0.4424778761062065,5763800.0
603619,20210727,8.74,8.68,8.87,9.04,0.09999999999999964,1.118568232662187,5373800.0
603619,20210726,8.88,8.67,8.69,8.94,-0.13000000000000078,-1.433296582138932,3673100.0
603619,20210723,8.95,8.82,8.85,9.07,-0.019999999999999574,-0.22002200220021528,4184600.0
603619,20210722,9.0,8.93,8.95,9.09,0.1999999999999993,2.249718785151855,4853500.0
603619,20210721,8.75,8.75,8.85,8.89,0.08000000000000007,0.9080590238365494,3028500.0
603619,20210720,8.65,8.57,8.8,8.81,-0.129999999999999,-1.4541387024608388,3403100.0
603619,20210719,8.93,8.73,8.86,8.94,-0.23000000000000043,-2.5081788440567077,4731900.0
603619,20210716,9.05,8.92,8.97,9.17,-0.11999999999999922,-1.2917115177610294,6182500.0
603619,20210715,9.29,9.01,9.11,9.29,-0.33000000000000007,-3.4303534303534278,5802000.0
603619,20210714,9.56,9.37,9.39,9.62,0.08000000000000007,0.8385744234800763,4638000.0
603619,20210713,9.41,9.32,9.52,9.54,-0.030000000000001137,-0.31347962382446415,4386500.0
603619,20210712,9.51,9.38,9.41,9.57,0.14000000000000057,1.4846235418876086,3942900.0
603619,20210709,9.34,9.27,9.41,9.43,-0.14000000000000057,-1.4629049111807846,3796100.0
603619,20210708,9.53,9.23,9.3,9.57,-0.03999999999999915,-0.41623309053069324,6097500.0
603619,20210707,9.48,9.43,9.61,9.61,-0.25,-2.535496957403649,5470628.0
603619,20210706,9.72,9.6,9.74,9.86,0.2400000000000002,2.494802494802495,6351500.0
603619,20210705,9.36,9.32,9.61,9.62,-0.5,-4.940711462450597,6115100.0
603619,20210702,10.01,9.72,9.76,10.12,0.29999999999999893,3.054989816700604,8964100.0
603619,20210701,9.76,9.65,9.75,9.82,-0.10999999999999943,-1.1077542799597162,4537700.0
603619,20210630,9.82,9.7,9.77,9.93,-0.120000000000001,-1.194029850746281,4930000.0
603619,20210629,10.0,9.83,9.9,10.05,-0.3199999999999985,-3.0858244937319035,6356000.0
603619,20210628,10.3,10.09,10.23,10.37,0.0,0.0,5891374.0
603619,20210625,10.33,10.09,10.13,10.37,-0.13000000000000078,-1.2380952380952492,6750774.0
603619,20210624,10.47,10.17,10.22,10.5,-0.13000000000000078,-1.2229539040451654,7411400.0
603619,20210623,10.57,10.36,10.43,10.63,-0.5099999999999998,-4.578096947935362,9927791.0
603619,20210622,10.56,10.45,10.63,11.14,0.7800000000000011,7.528957528957547,14039228.0
603619,20210621,10.17,10.15,10.19,10.36,0.16000000000000014,1.5686274509803866,5855600.0
603619,20210618,10.09,10.0,10.1,10.2,-0.3000000000000007,-2.857142857142869,7050000.0
603619,20210617,10.38,10.15,10.33,10.5,-0.5,-4.545454545454541,12146400.0
603619,20210616,10.76,10.49,10.66,11.0,0.17999999999999972,1.6635859519408491,18235300.0
603619,20210615,10.77,10.22,10.24,10.82,0.14000000000000057,1.310861423220988,12379900.0
603619,20210611,9.97,9.97,10.4,10.68,0.5800000000000001,5.742574257425748,16831300.0
603619,20210610,10.04,9.95,9.98,10.1,-0.21000000000000085,-2.036857419980609,7412400.0
603619,20210609,9.8,9.7,10.11,10.31,0.5400000000000009,5.52712384851588,12568800.0
603619,20210608,9.68,9.57,9.7,9.77,-0.17999999999999972,-1.8090452261306456,4842900.0
603619,20210607,9.87,9.7,9.76,9.95,0.009999999999999787,0.1006036217303885,5026000.0
603619,20210604,9.9,9.59,9.68,9.94,-0.3100000000000005,-3.0243902439024417,6166943.0
603619,20210603,10.17,9.88,9.89,10.25,0.09999999999999964,0.9852216748768461,9520000.0
603619,20210602,9.85,9.8,9.98,10.15,-0.02999999999999936,-0.29469548133594925,12718900.0
603619,20210601,9.34,9.29,9.9,10.18,0.6099999999999994,6.374085684430497,14334428.0
603619,20210531,9.51,9.22,9.33,9.57,-0.40000000000000036,-4.012036108324979,8612900.0
603619,20210528,9.8,9.62,9.67,9.97,0.22000000000000064,2.2564102564102573,8031100.0
603619,20210527,9.62,9.57,9.68,9.75,-0.08000000000000007,-0.8138351983723258,4697600.0
603619,20210526,9.74,9.6,9.71,9.83,-0.3000000000000007,-2.9615004935834244,10508500.0
603619,20210525,9.94,9.8,9.84,10.13,0.10000000000000142,0.9970089730807707,5994100.0
603619,20210524,9.95,9.67,9.8,10.03,0.03999999999999915,0.4004004004003914,5664028.0
603619,20210521,9.8,9.71,9.93,9.99,0.08999999999999986,0.9090909090909038,5066489.0
603619,20210520,9.7,9.67,9.82,9.9,-0.34999999999999964,-3.4146341463414553,6233223.0
603619,20210519,10.18,9.94,10.09,10.25,-0.3800000000000008,-3.5747883349012355,10787413.0
603619,20210518,9.96,9.93,10.54,10.63,0.6400000000000006,6.4064064064064175,17414674.0
603619,20210517,9.72,9.67,9.8,9.99,0.14000000000000057,1.4213197969543234,5911600.0
603619,20210514,9.74,9.67,9.77,9.85,-0.6400000000000006,-6.101048617731175,9377600.0
603619,20210513,9.84,9.73,10.01,10.49,0.35999999999999943,3.5538005923000826,12064091.0
603619,20210512,9.7,9.58,9.95,10.13,0.16999999999999993,1.7068273092369468,10907891.0
603619,20210511,9.88,9.65,9.75,9.96,-0.15999999999999837,-1.5810276679841695,12240491.0
603619,20210510,9.2,9.15,10.12,10.12,0.7999999999999989,8.58369098712446,13628191.0
603619,20210507,9.14,9.03,9.2,9.32,0.08999999999999986,0.9750812567713929,5473500.0
603619,20210506,8.92,8.86,9.15,9.23,0.2400000000000002,2.6696329254727535,5690600.0
603619,20210430,8.93,8.71,8.8,8.99,-0.1899999999999995,-2.0697167755991286,3487500.0
603619,20210429,9.08,9.01,9.03,9.18,0.15000000000000036,1.661129568106312,3721739.0
603619,20210428,8.85,8.65,9.01,9.03,0.1399999999999988,1.5748031496062964,3545300.0
603619,20210427,8.85,8.69,8.85,8.89,-0.10999999999999943,-1.2222222222222134,2814600.0
603619,20210426,8.92,8.8,8.85,9.0,-0.02999999999999936,-0.33222591362125353,2735000.0
603619,20210423,9.03,8.86,8.91,9.03,-0.05000000000000071,-0.5506607929515517,2698800.0
603619,20210422,8.98,8.91,8.99,9.08,-0.11999999999999922,-1.304347826086949,2434700.0
603619,20210421,9.18,8.99,9.03,9.2,-0.10000000000000142,-1.0752688172043112,4475900.0
603619,20210420,9.19,9.17,9.28,9.3,0.08999999999999986,0.9771986970684043,4582400.0
603619,20210419,9.11,9.08,9.19,9.21,-0.009999999999999787,-0.10845986984815426,3960100.0
603619,20210416,9.02,9.0,9.17,9.22,-0.009999999999999787,-0.10834236186348933,4604539.0
603619,20210415,9.15,9.06,9.08,9.23,0.22000000000000064,2.441731409544956,5823200.0
603619,20210414,8.9,8.86,8.99,9.01,-0.13000000000000078,-1.422319474835898,2998100.0
603619,20210413,8.88,8.85,8.94,9.14,-0.009999999999999787,-0.10928961748634114,3377800.0
603619,20210412,9.15,8.88,8.94,9.15,-0.16999999999999993,-1.8240343347639465,5015100.0
603619,20210409,9.21,9.12,9.18,9.32,-0.049999999999998934,-0.5336179295624244,5192712.0
603619,20210408,9.2,9.1,9.23,9.37,0.08999999999999986,0.969827586206895,4981400.0
603619,20210407,9.18,9.15,9.26,9.28,0.03999999999999915,0.43290043290042934,3976312.0
603619,20210406,9.11,8.99,9.2,9.24,-0.15000000000000036,-1.5974440894568676,4701912.0
603619,20210402,9.39,9.15,9.16,9.39,-0.02999999999999936,-0.31847133757960666,5872600.0
603619,20210401,9.34,9.14,9.22,9.42,-0.6300000000000008,-6.26865671641792,8527800.0
603619,20210331,9.68,9.39,9.43,10.05,-0.14999999999999858,-1.4705882352941013,12554012.0
603619,20210330,10.01,9.71,9.71,10.2,0.4299999999999997,4.401228249744116,18687391.0
603619,20210329,9.28,9.09,9.59,9.77,0.4800000000000004,5.16684607104414,12935428.0
603619,20210326,8.86,8.81,9.19,9.29,0.10999999999999943,1.1982570806100101,5823028.0
603619,20210325,9.1,8.95,8.95,9.18,0.16000000000000014,1.7738359201773912,5255100.0
603619,20210324,8.85,8.85,8.95,9.02,-0.4400000000000013,-4.651162790697683,4759789.0
603619,20210323,9.45,8.95,9.05,9.46,-0.02999999999999936,-0.31612223393044925,8395408.0
603619,20210322,9.37,9.32,9.45,9.49,-0.08999999999999986,-0.9394572025052228,4818791.0
603619,20210319,9.26,9.26,9.42,9.58,-0.4599999999999991,-4.581673306772904,10212013.0
603619,20210318,10.04,9.78,9.83,10.04,-0.19000000000000128,-1.8572825024438022,7806100.0
603619,20210317,9.96,9.71,10.19,10.23,0.07000000000000028,0.6889763779527547,9200700.0
603619,20210316,9.92,9.85,10.03,10.16,-0.28999999999999915,-2.775119617224875,8085500.0
603619,20210315,10.01,9.91,10.19,10.45,0.1999999999999993,1.9512195121951237,12700400.0
603619,20210312,9.85,9.75,9.81,10.25,0.3800000000000008,3.8500506585612992,9946923.0
603619,20210311,9.68,9.39,9.79,9.87,0.06999999999999851,0.7142857142856895,10481641.0
603619,20210310,9.67,9.46,9.54,9.8,-0.5499999999999989,-5.314009661835739,10913400.0
603619,20210309,10.28,9.74,9.8,10.35,-0.9399999999999995,-8.325952170062001,21012008.0
603619,20210308,10.95,10.52,10.82,11.29,0.02999999999999936,0.2664298401420906,26587931.0
603619,20210305,10.72,10.43,10.46,11.26,0.9199999999999999,8.897485493230173,31550108.0
603619,20210304,9.48,9.45,10.34,10.34,0.9399999999999995,9.999999999999986,24816914.0
603619,20210303,9.18,9.15,9.4,9.4,-0.25,-2.590673575129532,5881467.0
603619,20210302,9.64,9.2,9.3,9.65,-0.27999999999999936,-2.8197381671701827,10435908.0
603619,20210301,9.77,9.66,9.85,9.93,-0.10999999999999943,-1.0956175298804771,8680254.0
603619,20210226,9.65,9.55,9.65,10.04,-0.4900000000000002,-4.653371320037991,10244300.0
603619,20210225,10.32,9.89,10.14,10.53,-0.13000000000000078,-1.2195121951219634,12906600.0
603619,20210224,10.3,9.9,10.05,10.66,0.3200000000000003,3.0947775628626717,25278179.0
603619,20210223,9.53,9.53,10.34,10.34,0.5500000000000007,5.617977528089901,27325857.0
603619,20210222,9.2,9.15,9.4,9.79,0.5899999999999999,6.41304347826086,12906671.0
603619,20210219,9.15,8.92,9.2,9.2,-0.5899999999999999,-6.026557711950964,9279913.0
603619,20210218,9.75,9.27,9.3,9.79,0.7899999999999991,8.777777777777773,9645613.0
603619,20210210,8.9,8.7,8.91,9.0,-0.34999999999999964,-3.743315508021383,6041600.0
603619,20210209,8.68,8.62,9.09,9.35,0.41999999999999993,4.703247480403139,9671736.0
603619,20210208,8.65,8.32,8.7,8.93,0.20999999999999908,2.408256880733939,5681151.0
603619,20210205,8.57,8.36,8.43,8.72,0.07000000000000028,0.8092485549132888,4277223.0
603619,20210204,8.35,8.15,8.65,8.65,-0.1399999999999988,-1.5927189988623303,5131100.0
603619,20210203,8.6,8.28,8.31,8.79,0.1899999999999995,2.209302325581386,4485500.0
603619,20210202,8.4,8.37,8.44,8.6,0.16000000000000014,1.8957345971563955,5693776.0
603619,20210201,8.0,7.83,8.35,8.44,0.049999999999998934,0.5959475566150063,4944628.0
603619,20210129,8.35,8.1,8.16,8.39,-0.019999999999999574,-0.23781212841854638,4241413.0
603619,20210128,8.05,7.96,8.41,8.41,0.17999999999999972,2.1871202916160293,7613076.0
603619,20210127,8.03,8.0,8.13,8.23,0.030000000000001137,0.3658536585366079,3793036.0
603619,20210126,8.0,7.95,8.03,8.2,-0.11000000000000121,-1.3237063778580138,3437643.0
603619,20210125,8.31,8.06,8.11,8.31,-0.25,-2.9205607476635476,3791300.0
603619,20210122,8.56,8.26,8.31,8.56,-0.07000000000000028,-0.8111239860950192,4094600.0
603619,20210121,8.56,8.41,8.57,8.63,-0.20999999999999908,-2.37556561085972,4213500.0
603619,20210120,8.71,8.49,8.56,8.84,0.10999999999999943,1.2600229095074411,4431600.0
603619,20210119,8.55,8.52,8.68,8.73,0.09999999999999964,1.1587485515643037,4391100.0
603619,20210118,8.45,8.29,8.62,8.63,-0.09999999999999964,-1.145475372279492,4722300.0
603619,20210115,8.38,8.36,8.52,8.73,0.25,2.948113207547176,5522200.0
603619,20210114,8.37,8.0,8.38,8.48,-0.3099999999999987,-3.5267349260523218,7926704.0
603619,20210113,8.62,8.56,8.66,8.79,-0.09000000000000163,-1.013513513513531,7285581.0
603619,20210112,8.82,8.4,8.59,8.88,-0.8699999999999992,-8.923076923076911,12840800.0
603619,20210111,9.6,8.96,8.96,9.75,0.16000000000000014,1.6684045881126153,8738381.0
603619,20210108,9.42,9.24,9.46,9.59,-0.33999999999999986,-3.423967774420944,7063381.0
603619,20210107,9.91,9.51,9.65,9.93,0.0,0.0,13772281.0
603619,20210106,9.47,9.46,9.93,9.93,0.8499999999999996,9.361233480176212,8323500.0
603619,20210105,9.02,9.01,9.03,9.08,-0.25,-2.6795284030010746,3914500.0
603619,20210104,9.07,8.99,9.22,9.33,0.17999999999999972,1.967213114754096,6264627.0
603619,20201231,9.01,8.96,9.1,9.15,0.009999999999999787,0.1094091903719896,3280508.0
603619,20201230,9.01,8.96,9.0,9.14,0.009999999999999787,0.10952902519167917,3299227.0
603619,20201229,9.0,8.88,9.01,9.13,-0.5800000000000001,-5.9732234809474765,4542800.0
603619,20201228,9.69,9.14,9.14,9.71,-0.5899999999999999,-5.728155339805818,11319900.0
603619,20201225,9.86,9.78,10.16,10.3,0.15000000000000036,1.4778325123152802,5896000.0
603619,20201224,9.99,9.81,10.07,10.15,0.2699999999999996,2.7327935222672073,5572433.0
603619,20201223,9.77,9.71,9.84,9.88,-0.2699999999999996,-2.6600985221674867,3495533.0
603619,20201222,10.1,9.77,9.81,10.15,-0.11999999999999922,-1.1684518013631906,6120700.0
603619,20201221,10.23,10.1,10.2,10.27,-0.2699999999999996,-2.561669829222013,4625000.0
603619,20201218,10.45,10.2,10.32,10.54,-0.08000000000000007,-0.7532956685499026,6033600.0
603619,20201217,9.99,9.99,10.55,10.62,0.47999999999999865,4.733727810650867,7797128.0
603619,20201216,10.04,9.89,10.0,10.14,-0.20999999999999908,-2.0289855072463725,4226800.0
603619,20201215,10.28,10.0,10.04,10.35,-0.4800000000000004,-4.432132963988922,6327976.0
603619,20201214,10.71,10.31,10.48,10.83,-0.5999999999999996,-5.249343832020992,6915900.0
603619,20201211,11.29,10.7,10.73,11.43,0.7400000000000002,6.922357343311503,10300800.0
603619,20201210,10.55,10.37,10.58,10.69,-0.2599999999999998,-2.37442922374429,5386300.0
603619,20201209,10.81,10.37,10.7,10.95,-0.07000000000000028,-0.6352087114337546,8455400.0
603619,20201208,10.88,10.66,10.78,11.02,-0.3600000000000012,-3.1634446397188154,7304700.0
603619,20201207,11.3,10.82,11.06,11.38,-0.40999999999999837,-3.4775233248515502,11567900.0
603619,20201204,11.07,10.97,11.36,11.79,0.16999999999999993,1.462994836488818,17471300.0
603619,20201203,10.93,10.92,11.18,11.62,0.6799999999999997,6.215722120658129,18357200.0
603619,20201202,10.77,10.58,10.82,10.94,0.03999999999999915,0.3669724770642091,9228200.0
603619,20201201,10.69,10.65,10.87,10.9,-0.4800000000000004,-4.217926186291743,9554000.0
603619,20201130,10.99,10.75,10.81,11.38,-0.10999999999999943,-0.9573542210617902,14283400.0
603619,20201127,11.05,10.8,11.01,11.49,-0.15000000000000036,-1.2886597938144395,17038712.0
603619,20201126,11.0,10.94,11.29,11.64,-0.22999999999999865,-1.9376579612468303,24974963.0
603619,20201125,11.53,11.4,11.87,11.87,1.08,10.00926784059315,36086376.0
603619,20201124,9.86,9.81,10.79,10.79,0.8699999999999992,8.770161290322577,14936600.0
603619,20201123,9.73,9.71,9.81,9.92,0.08000000000000007,0.8130081300812941,5136300.0
603619,20201120,9.83,9.55,9.76,9.84,-0.27999999999999936,-2.766798418972327,5799399.0
603619,20201119,10.06,9.75,9.8,10.12,-0.2400000000000002,-2.316602316602323,6373800.0
603619,20201118,9.92,9.9,10.12,10.36,0.08000000000000007,0.7782101167315147,4900600.0
603619,20201117,10.04,9.99,10.04,10.28,0.22999999999999865,2.288557213930331,6929700.0
603619,20201116,9.88,9.75,10.02,10.05,0.16999999999999993,1.7206477732793601,4350200.0
603619,20201113,9.79,9.69,9.88,9.88,-0.2699999999999996,-2.6600985221674867,2687400.0
603619,20201112,9.88,9.82,9.94,10.15,-0.02999999999999936,-0.29469548133594925,3717400.0
603619,20201111,10.11,9.89,9.91,10.18,-0.5,-4.681647940074907,5651999.0
603619,20201110,10.2,10.01,10.2,10.68,0.8699999999999992,8.868501529051986,11325099.0
603619,20201109,9.58,9.56,9.76,9.81,0.13000000000000078,1.342975206611574,3589499.0
603619,20201106,9.67,9.46,9.58,9.68,-0.16000000000000014,-1.6260162601625994,2227500.0
603619,20201105,9.7,9.58,9.71,9.84,0.02999999999999936,0.3058103975535076,3793145.0
603619,20201104,9.73,9.6,9.6,9.81,0.009999999999999787,0.10204081632652073,2653500.0
603619,20201103,9.45,9.45,9.68,9.8,0.27000000000000135,2.833158447009465,3985500.0
603619,20201102,9.38,9.2,9.42,9.53,-0.5500000000000007,-5.456349206349209,4112400.0
603619,20201030,9.94,9.56,9.58,10.08,0.0,0.0,4175120.0
603619,20201029,9.8,9.77,9.98,10.08,-0.17999999999999972,-1.754385964912275,3095491.0
603619,20201028,10.18,9.94,10.06,10.26,-0.34999999999999964,-3.2987747408105506,4661400.0
603619,20201027,10.56,10.27,10.28,10.61,-0.39000000000000057,-3.5454545454545516,4015605.0
603619,20201026,11.0,10.49,10.61,11.0,-0.1999999999999993,-1.7857142857142794,4605005.0
603619,20201023,11.09,11.03,11.05,11.2,-0.05000000000000071,-0.4444444444444473,2304999.0
603619,20201022,11.19,11.06,11.09,11.25,-0.2699999999999996,-2.34375,2904100.0
603619,20201021,11.5,11.26,11.29,11.52,0.08999999999999986,0.7874015748031482,1939800.0
603619,20201020,11.37,11.22,11.42,11.43,-0.09999999999999964,-0.8673026886383273,2770600.0
603619,20201019,11.47,11.38,11.4,11.53,0.009999999999999787,0.08680555555555802,1658600.0
603619,20201016,11.41,11.33,11.48,11.52,-0.009999999999999787,-0.08673026886383273,1810391.0
603619,20201015,11.51,11.37,11.4,11.53,-0.11000000000000121,-0.9450171821305919,1569400.0
603619,20201014,11.6,11.45,11.51,11.64,-0.049999999999998934,-0.42771599657825954,1831900.0
603619,20201013,11.66,11.55,11.65,11.69,-0.05000000000000071,-0.4258943781942137,2254300.0
603619,20201012,11.52,11.45,11.72,11.74,0.08999999999999986,0.7725321888411907,2943000.0
603619,20201009,11.49,11.45,11.52,11.65,0.14000000000000057,1.2163336229365829,3021700.0
603619,20200930,11.5,11.27,11.32,11.51,-0.15000000000000036,-1.2864493996569526,2193000.0
603619,20200929,11.64,11.51,11.52,11.66,-0.05000000000000071,-0.4269854824936026,1739400.0
603619,20200928,11.6,11.55,11.55,11.71,-0.25,-2.0903010033444858,1579185.0
603619,20200925,11.92,11.65,11.65,11.96,-0.22999999999999865,-1.8867924528301772,2545600.0
603619,20200924,12.16,11.84,11.88,12.19,-0.13000000000000078,-1.0551948051948146,3677633.0
603619,20200923,12.27,12.2,12.25,12.32,-0.03999999999999915,-0.3236245954692518,1649100.0
603619,20200922,12.3,12.23,12.26,12.36,-0.23000000000000043,-1.8268467037331204,2263700.0
603619,20200921,12.56,12.46,12.48,12.59,0.0,0.0,2108100.0
603619,20200918,12.5,12.38,12.57,12.59,-0.08999999999999986,-0.7097791798107211,2667100.0
603619,20200917,12.4,12.4,12.48,12.68,-0.009999999999999787,-0.07880220646178104,3111500.0
603619,20200916,12.47,12.36,12.45,12.69,0.1399999999999988,1.1155378486055634,2491800.0
603619,20200915,12.51,12.35,12.43,12.55,0.0,0.0,1497020.0
603619,20200914,12.45,12.36,12.5,12.55,0.02000000000000135,0.15961691939345712,2123600.0
603619,20200911,12.53,12.2,12.45,12.53,-0.23000000000000043,-1.8025078369905967,2659400.0
603619,20200910,12.73,12.14,12.18,12.76,-0.07000000000000028,-0.5455962587685104,5043500.0
603619,20200909,12.72,12.61,12.67,12.83,0.08999999999999986,0.706436420722123,6691300.0
603619,20200908,12.54,12.43,12.72,12.74,0.120000000000001,0.9508716323296529,3300500.0
603619,20200907,12.5,12.44,12.53,12.62,0.0,0.0,3331956.0
603619,20200904,12.35,12.25,12.6,12.62,0.02999999999999936,0.2382843526608447,3099974.0
603619,20200903,12.57,12.43,12.43,12.59,-0.040000000000000924,-0.31670625494854,3071417.0
603619,20200902,12.48,12.48,12.59,12.63,-0.06999999999999851,-0.5511811023621971,3216848.0
603619,20200901,12.7,12.43,12.54,12.7,-0.3000000000000007,-2.3076923076923106,5007505.0
603619,20200831,12.94,12.68,12.72,13.0,-0.27999999999999936,-2.108433734939752,9554551.0
603619,20200828,13.26,13.09,13.24,13.28,-0.07000000000000028,-0.524344569288393,3151000.0
603619,20200827,13.2,13.05,13.31,13.35,-0.20000000000000107,-1.4760147601476148,2775100.0
603619,20200826,13.44,13.09,13.17,13.55,-0.14999999999999858,-1.0948905109488982,4739001.0
603619,20200825,13.49,13.28,13.38,13.7,0.11999999999999922,0.8836524300441795,4615600.0
603619,20200824,13.43,13.3,13.5,13.58,0.019999999999999574,0.1474926253687281,3620000.0
603619,20200821,13.5,13.27,13.37,13.56,-0.08999999999999986,-0.659340659340657,3427637.0
603619,20200820,13.64,13.34,13.4,13.65,-0.23000000000000043,-1.6570605187319898,4902037.0
603619,20200819,13.83,13.65,13.7,13.88,-0.06999999999999851,-0.5017921146953319,6196091.0
603619,20200818,13.75,13.63,13.95,13.95,0.14999999999999858,1.086956521739113,8133154.0
603619,20200817,13.62,13.47,13.72,13.8,0.08000000000000007,0.5830903790087438,6242664.0
603619,20200814,13.7,13.34,13.61,13.72,-0.16000000000000014,-1.1527377521613813,4708164.0
603619,20200813,13.75,13.55,13.67,13.88,0.16999999999999993,1.2399708242158969,6410300.0
603619,20200812,13.4,13.12,13.68,13.71,-0.21999999999999886,-1.5793251974156375,7679637.0
603619,20200811,13.7,13.43,13.47,13.93,0.11999999999999922,0.8689355539464039,8698337.0
603619,20200810,13.36,13.28,13.77,13.81,0.15000000000000036,1.0980966325036645,7877264.0
603619,20200807,13.65,13.19,13.37,13.66,-0.08000000000000007,-0.5822416302765698,6096600.0
603619,20200806,13.6,13.41,13.7,13.74,-0.14000000000000057,-1.008645533141217,8381300.0
603619,20200805,13.3,13.16,13.57,13.88,0.3000000000000007,2.209131075110471,9388900.0
603619,20200804,13.58,13.23,13.29,13.58,0.13000000000000078,0.9665427509293778,5870000.0
603619,20200803,13.03,13.0,13.45,13.45,0.379999999999999,2.9074215761285327,8464881.0
603619,20200731,12.95,12.8,12.97,13.07,-0.3100000000000005,-2.3168908819133027,6240853.0
603619,20200730,13.15,13.05,13.09,13.38,0.13000000000000078,0.9811320754717023,5470628.0
603619,20200729,13.03,12.83,13.22,13.25,0.019999999999999574,0.15117157974300355,4943228.0
603619,20200728,13.03,12.95,13.08,13.23,-0.15000000000000036,-1.1210762331838597,4094900.0
603619,20200727,13.26,12.8,12.94,13.38,-0.4299999999999997,-3.1136857349746583,5534800.0
603619,20200724,13.38,13.11,13.18,13.81,0.16999999999999993,1.2463343108504388,8768544.0
603619,20200723,13.51,13.14,13.5,13.64,-0.7299999999999986,-5.080027835768952,9045133.0
603619,20200722,13.59,13.52,13.79,14.37,0.8300000000000001,6.129985228951251,15409344.0
603619,20200721,13.33,13.23,13.45,13.54,0.1899999999999995,1.4232209737827572,5398863.0
603619,20200720,13.11,13.05,13.34,13.35,0.07000000000000028,0.5271084337349352,5312602.0
603619,20200717,13.13,12.9,13.06,13.28,-0.47000000000000064,-3.41818181818182,4746302.0
603619,20200716,13.61,13.06,13.12,13.75,-0.1899999999999995,-1.3629842180774676,6710021.0
603619,20200715,13.82,13.47,13.62,13.94,-0.09999999999999964,-0.712250712250706,7323985.0
603619,20200714,13.9,13.53,13.71,14.04,0.06999999999999851,0.501073729420165,7456800.0
603619,20200713,13.67,13.61,13.88,13.97,-0.06999999999999851,-0.4985754985754931,7596405.0
603619,20200710,13.96,13.65,13.68,14.04,-0.6400000000000006,-4.35967302452317,10339830.0
603619,20200709,13.71,13.54,14.16,14.68,0.75,5.3840631730079025,15589143.0
603619,20200708,13.18,13.11,13.73,13.93,0.4399999999999995,3.2616753150481737,14163631.0
603619,20200707,13.42,13.09,13.27,13.49,-0.16000000000000014,-1.172161172161168,11528373.0
603619,20200706,12.79,12.79,13.42,13.65,0.8600000000000012,6.724003127443323,13343064.0
603619,20200703,12.6,12.58,12.77,12.79,0.1399999999999988,1.1067193675889264,9102364.0
603619,20200702,12.41,12.36,12.65,12.65,0.16999999999999993,1.3621794871794934,6612600.0
603619,20200701,12.36,12.33,12.46,12.48,-0.02999999999999936,-0.23980815347721673,3100400.0
603619,20200630,12.34,12.34,12.39,12.51,0.10999999999999943,0.8870967741935409,2179500.0
603619,20200629,12.33,12.28,12.3,12.4,-0.07000000000000028,-0.5613472333600655,2291244.0
603619,20200624,12.38,12.36,12.46,12.47,-0.049999999999998934,-0.39936102236420856,2018544.0
603619,20200623,12.5,12.36,12.38,12.52,-0.2400000000000002,-1.8808777429467072,2896944.0
603619,20200622,12.62,12.48,12.51,12.76,-0.009999999999999787,-0.0783085356303781,3471651.0
603619,20200619,12.61,12.57,12.67,12.77,0.05999999999999872,0.472069236821393,3205715.0
603619,20200618,12.58,12.43,12.68,12.71,0.0600000000000005,0.4743083003952542,3240945.0
603619,20200617,12.57,12.44,12.56,12.65,0.08999999999999986,0.7165605095541316,2755300.0
603619,20200616,12.42,12.42,12.55,12.56,0.02000000000000135,0.15948963317384823,2600131.0
603619,20200615,12.4,12.33,12.36,12.54,0.03999999999999915,0.31999999999998696,2618100.0
603619,20200612,12.3,12.22,12.47,12.5,-0.23000000000000043,-1.8067556952081731,3218895.0
603619,20200611,12.6,12.53,12.57,12.73,-0.08999999999999986,-0.7020280811232404,3471600.0
603619,20200610,12.75,12.64,12.65,12.82,-0.3699999999999992,-2.8051554207733087,4479847.0
603619,20200609,13.1,12.72,12.95,13.19,-0.3100000000000005,-2.2962962962962963,8968964.0
603619,20200608,13.23,13.03,13.25,13.5,0.5999999999999996,4.6511627906976605,12435324.0
603619,20200605,12.65,12.53,12.86,12.9,0.08000000000000007,0.6240249609984483,5007928.0
603619,20200604,12.58,12.51,12.71,12.82,-0.27999999999999936,-2.1374045801526687,4082545.0
603619,20200603,12.93,12.72,12.73,13.1,0.25,1.9455252918287869,6829789.0
603619,20200602,12.51,12.45,12.85,12.85,0.3100000000000005,2.472089314194581,5629189.0
603619,20200601,12.35,12.3,12.51,12.54,0.1899999999999995,1.538461538461533,3806845.0
603619,20200529,12.21,12.16,12.26,12.35,-0.05000000000000071,-0.40322580645162365,2040400.0
603619,20200528,12.37,12.05,12.26,12.4,-0.09999999999999964,-0.8000000000000007,2801063.0
603619,20200527,12.5,12.31,12.38,12.5,-0.05000000000000071,-0.3984063745020028,2454645.0
603619,20200526,12.4,12.33,12.53,12.55,0.13000000000000078,1.046698872785834,2741464.0
603619,20200525,12.3,12.15,12.35,12.42,-0.07000000000000028,-0.5604483586869491,2120863.0
603619,20200522,12.38,12.13,12.29,12.49,-0.34999999999999964,-2.7258566978193066,4476244.0
603619,20200521,12.71,12.61,12.62,12.84,0.03999999999999915,0.31249999999998224,3879028.0
603619,20200520,12.78,12.65,12.7,12.8,-0.7099999999999991,-5.255366395262762,4872791.0
603619,20200519,13.51,12.91,12.97,13.51,0.379999999999999,2.894135567402878,7002900.0
603619,20200518,12.9,12.7,12.93,13.13,0.15000000000000036,1.1556240369799742,6359869.0
603619,20200515,12.91,12.65,12.72,12.98,-0.2699999999999996,-2.037735849056599,5168052.0
603619,20200514,12.61,12.41,12.9,13.25,0.46000000000000085,3.596559812353406,6746719.0
603619,20200513,12.65,12.55,12.75,12.79,-0.22000000000000064,-1.6910069177555775,2595309.0
603619,20200512,13.0,12.62,12.81,13.01,-0.14000000000000057,-1.0646387832699666,3492773.0
603619,20200511,12.99,12.82,12.96,13.15,0.0600000000000005,0.4583651642475317,4816628.0
603619,20200508,12.8,12.75,13.07,13.09,0.1999999999999993,1.5515903801396336,6755745.0
603619,20200507,12.86,12.64,12.7,12.89,-0.28999999999999915,-2.200303490136568,4380769.0
603619,20200506,13.16,12.71,12.82,13.18,0.21999999999999886,1.6975308641975273,5910033.0
603619,20200430,12.66,12.5,12.75,12.96,0.3500000000000014,2.7755749405234065,5373873.0
603619,20200429,12.34,12.3,12.42,12.61,-0.07000000000000028,-0.5520504731861275,4332483.0
603619,20200428,12.55,11.89,12.25,12.68,-0.5,-3.793626707132014,6821032.0
603619,20200427,13.05,12.7,12.74,13.18,-1.0999999999999996,-7.703081232492992,7787929.0
603619,20200424,14.25,13.24,13.43,14.28,-0.21000000000000085,-1.449275362318847,10472268.0
603619,20200423,13.66,13.51,14.44,14.49,0.9900000000000002,7.333333333333325,16665929.0
603619,20200422,13.34,13.04,13.49,13.5,-0.5899999999999999,-4.187366926898505,8727842.0
603619,20200421,13.33,13.33,13.73,14.09,0.5600000000000005,4.1389504804139055,10544999.0
603619,20200420,13.21,13.1,13.51,13.53,-0.6600000000000001,-4.651162790697672,6767500.0
603619,20200417,14.1,13.68,13.71,14.19,0.129999999999999,0.9246088193456625,8025982.0
603619,20200416,13.78,13.7,13.95,14.06,-0.16000000000000014,-1.1251758087201136,7883655.0
603619,20200415,13.76,13.62,13.93,14.22,0.05000000000000071,0.3528581510232831,9318666.0
603619,20200414,13.92,13.62,14.11,14.17,-0.5099999999999998,-3.474114441416898,9339411.0
603619,20200413,14.5,13.98,14.1,14.68,0.11999999999999922,0.8241758241758212,11796065.0
603619,20200410,14.34,13.84,14.19,14.56,-0.7699999999999996,-5.022831050228305,14071008.0
603619,20200409,15.11,14.57,15.05,15.33,0.17999999999999972,1.1881188118811892,16576713.0
603619,20200408,14.6,14.41,14.71,15.15,-0.5899999999999999,-3.7484116899618836,18299178.0
603619,20200407,14.4,14.15,15.3,15.74,0.9399999999999995,6.351351351351342,26140092.0
603619,20200403,14.8,14.11,14.31,14.8,1.040000000000001,7.558139534883734,24716418.0
603619,20200402,12.68,12.61,13.76,13.76,0.9599999999999991,7.499999999999996,10745562.0
603619,20200401,12.58,12.46,12.51,12.8,-0.20999999999999908,-1.6141429669484952,4904601.0
603619,20200331,12.3,12.22,12.83,13.01,0.629999999999999,5.088852988691439,8833383.0
603619,20200330,12.38,12.02,12.13,12.38,-0.46999999999999886,-3.6575875486381193,3233401.0
603619,20200327,12.78,12.56,12.59,12.85,-0.13000000000000078,-1.001540832049308,4002900.0
603619,20200326,12.62,12.57,12.72,12.98,0.009999999999999787,0.07710100231301809,4365200.0
603619,20200325,12.86,12.73,12.82,12.97,0.20000000000000107,1.566170712607673,4464136.0
603619,20200324,12.77,12.41,12.69,12.77,0.08000000000000007,0.6304176516942483,4053400.0
603619,20200323,12.4,12.24,12.36,12.69,-0.14000000000000057,-1.0911925175370318,4030400.0
603619,20200320,12.52,12.45,12.8,12.83,0.4800000000000004,3.886639676113357,5397965.0
603619,20200319,12.15,11.97,12.3,12.35,-0.3200000000000003,-2.525651144435681,4121936.0
603619,20200318,12.55,12.16,12.16,12.67,-0.1999999999999993,-1.5540015540015495,4469800.0
603619,20200317,12.87,12.21,12.56,12.87,-0.33000000000000007,-2.500000000000002,3777600.0
603619,20200316,12.92,12.52,12.72,13.2,-0.5700000000000003,-4.139433551198257,5930655.0
603619,20200313,12.58,12.21,13.11,13.77,0.4299999999999997,3.2233883058470747,9218344.0
603619,20200312,13.29,13.1,13.18,13.34,-0.7100000000000009,-5.053380782918159,5444555.0
603619,20200311,13.7,13.62,13.62,14.05,0.3800000000000008,2.7798098024871987,8931444.0
603619,20200310,13.3,13.0,13.63,13.67,-0.019999999999999574,-0.14609203798392478,8867197.0
603619,20200309,13.0,13.0,13.42,13.69,-0.9600000000000009,-6.552901023890789,10862625.0
603619,20200306,14.26,14.26,14.34,14.65,-0.129999999999999,-0.8795669824086527,8194641.0
603619,20200305,14.3,14.27,14.65,14.78,0.27999999999999936,1.93103448275862,11585314.0
603619,20200304,14.18,13.89,14.39,14.5,-0.07000000000000028,-0.48043925875086435,8855946.0
603619,20200303,14.48,14.02,14.13,14.57,0.5899999999999999,4.220314735336195,10493596.0
603619,20200302,13.6,13.48,13.94,13.98,-0.15000000000000036,-1.0615711252653925,7555099.0
603619,20200228,13.23,13.15,13.51,14.13,0.27000000000000135,1.9480519480519654,8846151.0
603619,20200227,13.74,13.59,13.78,13.86,-0.20000000000000107,-1.422475106685639,4936228.0
603619,20200226,13.49,13.48,13.9,14.06,0.14000000000000057,1.0057471264367956,8328900.0
603619,20200225,13.88,13.33,13.85,13.92,-0.5700000000000003,-3.9337474120082816,11731289.0
603619,20200224,14.43,14.16,14.32,14.49,-0.4900000000000002,-3.2710280373831835,9597120.0
603619,20200221,14.44,14.32,14.8,14.98,0.25,1.6972165648336812,10463127.0
603619,20200220,14.56,14.39,14.6,14.73,-0.019999999999999574,-0.1355932203389809,10745523.0
603619,20200219,14.07,14.0,14.35,14.75,0.5800000000000001,4.0931545518701595,11884303.0
603619,20200218,14.12,13.92,14.16,14.17,0.07000000000000028,0.4964539007092261,7862239.0
603619,20200217,13.79,13.66,14.06,14.1,0.29999999999999893,2.1739130434782483,7626300.0
603619,20200214,13.57,13.47,13.71,13.8,-0.46999999999999886,-3.293622985283806,6730456.0
603619,20200213,14.19,13.71,13.8,14.27,0.28999999999999915,2.07439198855508,9444846.0
603619,20200212,13.58,13.52,13.81,13.98,0.17999999999999972,1.304347826086949,8004605.0
603619,20200211,13.45,13.43,13.6,13.8,-0.17999999999999972,-1.2875536480686622,6984215.0
603619,20200210,13.04,12.94,13.72,13.98,0.6900000000000013,5.191873589164797,8280179.0
603619,20200207,13.21,13.0,13.22,13.29,-0.21000000000000085,-1.5555555555555656,8127607.0
603619,20200206,13.25,13.1,13.49,13.5,0.33999999999999986,2.583586626139822,8729313.0
603619,20200205,12.39,12.33,12.82,13.16,0.5299999999999994,4.196357878068091,8346301.0
603619,20200204,11.87,11.87,12.44,12.63,-0.5599999999999987,-4.2456406368460815,9366469.0
603619,20200203,13.19,13.19,13.19,13.19,-2.3100000000000005,-14.903225806451614,1067700.0
603619,20200123,15.5,14.46,14.65,15.5,-0.5899999999999999,-3.666873834679929,9864847.0
603619,20200122,16.01,15.5,15.69,16.09,-0.5,-3.013863773357439,8279879.0
603619,20200121,15.5,15.12,15.97,16.59,0.8499999999999996,5.400254129606097,16358802.0
603619,20200120,15.67,15.43,15.55,15.74,-0.049999999999998934,-0.3166561114629429,6086379.0
603619,20200117,15.61,15.53,15.61,15.79,0.03999999999999915,0.25396825396823974,7233367.0
603619,20200116,15.54,15.42,15.68,15.75,-0.15000000000000036,-0.9433962264150941,8202973.0
603619,20200115,15.9,15.49,15.6,15.9,-0.3399999999999981,-2.0935960591132896,9895914.0
603619,20200114,15.8,15.7,16.1,16.24,0.28999999999999915,1.8181818181818077,14175598.0
603619,20200113,15.6,15.4,15.9,15.95,-1.1799999999999997,-6.888499708114415,14867503.0
603619,20200110,17.13,16.58,16.63,17.13,-1.1999999999999993,-6.54664484451718,18911156.0
603619,20200109,17.11,17.11,17.77,18.33,-0.6800000000000033,-3.5770647027880242,33044016.0
603619,20200108,19.01,17.81,19.01,19.01,1.2600000000000016,7.098591549295774,37389377.0
603619,20200107,16.47,16.38,17.28,17.75,0.6600000000000001,3.8619075482738463,30726415.0
603619,20200106,16.9,16.4,17.09,17.09,1.5500000000000007,9.97425997425998,26438704.0
603619,20200103,14.13,14.07,15.54,15.54,1.3899999999999988,9.823321554770303,18939309.0
603619,20200102,13.98,13.97,14.13,14.15,0.13000000000000078,0.9272467902995851,4497428.0
603619,20191231,14.0,13.85,13.94,14.02,-0.07000000000000028,-0.4968062455642297,3140800.0
603619,20191230,13.84,13.65,14.05,14.09,0.05000000000000071,0.35612535612536966,4097544.0
603619,20191227,13.82,13.76,13.84,14.04,0.2599999999999998,1.8867924528301883,3804539.0
603619,20191226,13.71,13.6,13.78,13.78,-0.16000000000000014,-1.147776183644189,2507528.0
603619,20191225,13.94,13.6,13.7,13.94,0.21999999999999886,1.60349854227404,2730000.0
603619,20191224,13.49,13.46,13.65,13.72,-0.10999999999999943,-0.7953723788864719,1954600.0
603619,20191223,13.83,13.46,13.49,13.83,-0.39000000000000057,-2.742616033755274,2667573.0
603619,20191220,14.17,13.83,13.83,14.22,-0.09999999999999964,-0.6983240223463638,3874073.0
603619,20191219,13.99,13.96,14.18,14.32,0.2599999999999998,1.849217638691325,4366200.0
603619,20191218,13.87,13.82,13.95,14.06,0.09999999999999964,0.7163323782234832,3795846.0
603619,20191217,13.65,13.62,13.88,13.96,0.21000000000000085,1.5272727272727327,4349075.0
603619,20191216,13.75,13.53,13.65,13.75,0.2699999999999996,2.0029673590504338,3171400.0
603619,20191213,13.41,13.38,13.46,13.48,0.040000000000000924,0.29761904761904656,2413239.0
603619,20191212,13.42,13.33,13.34,13.44,-0.02000000000000135,-0.14858841010402246,1832360.0
603619,20191211,13.4,13.36,13.36,13.46,-0.019999999999999574,-0.14836795252225476,1672860.0
603619,20191210,13.47,13.3,13.45,13.48,-0.07000000000000028,-0.5166051660516646,1840800.0
603619,20191209,13.48,13.29,13.53,13.55,-0.02999999999999936,-0.22091310751104487,2401800.0
603619,20191206,13.43,13.29,13.45,13.58,-0.16999999999999993,-1.2363636363636354,2938800.0
603619,20191205,13.52,13.46,13.5,13.75,0.41999999999999993,3.1507876969242288,3253060.0
603619,20191204,13.18,13.12,13.32,13.33,-0.07000000000000028,-0.5223880597014952,2131239.0
603619,20191203,13.4,13.14,13.25,13.4,-0.5899999999999999,-4.217298070050035,2892783.0
603619,20191202,13.9,13.34,13.44,13.99,-0.35999999999999943,-2.508710801393721,5934479.0
603619,20191129,14.18,14.08,14.32,14.35,0.16000000000000014,1.127554615926707,4317210.0
603619,20191128,14.1,13.96,14.03,14.19,-0.0600000000000005,-0.42105263157895534,2575500.0
603619,20191127,13.98,13.9,14.17,14.25,0.07000000000000028,0.49365303244006675,3203544.0
603619,20191126,14.16,13.9,14.03,14.18,-0.47000000000000064,-3.208191126279869,3017644.0
603619,20191125,13.88,13.71,14.23,14.65,0.5500000000000007,3.900709219858167,5289600.0
603619,20191122,13.98,13.85,13.92,14.1,-0.08000000000000007,-0.5641748942172065,4459300.0
603619,20191121,13.66,13.58,13.92,14.18,0.5199999999999996,3.8067349926793614,5351744.0
603619,20191120,13.66,13.47,13.54,13.66,-0.11999999999999922,-0.870827285921616,2507300.0
603619,20191119,13.57,13.49,13.74,13.78,0.049999999999998934,0.36416605972322547,2761900.0
603619,20191118,13.51,13.36,13.64,13.73,0.030000000000001137,0.21897810218978186,2595100.0
603619,20191115,13.66,13.32,13.41,13.7,-0.02000000000000135,-0.1457725947521915,2494983.0
603619,20191114,13.55,13.47,13.66,13.72,-0.03999999999999915,-0.29069767441859407,2193739.0
603619,20191113,13.76,13.43,13.48,13.76,-0.07000000000000028,-0.5061460592914013,2092500.0
603619,20191112,13.69,13.5,13.75,13.83,-0.5199999999999996,-3.6236933797909376,2113444.0
603619,20191111,14.32,13.65,13.78,14.35,-0.41999999999999993,-2.843601895734593,3945228.0
603619,20191108,14.24,14.16,14.42,14.77,0.5199999999999996,3.6491228070175463,3994654.0
603619,20191107,14.13,14.02,14.21,14.25,-0.25,-1.7241379310344862,1900483.0
603619,20191106,14.5,14.01,14.14,14.5,-0.019999999999999574,-0.13774104683195176,2907900.0
603619,20191105,14.45,14.27,14.37,14.52,-0.009999999999999787,-0.06882312456985007,2950000.0
603619,20191104,14.42,14.31,14.34,14.53,0.16999999999999993,1.1838440111420656,2553000.0
603619,20191101,14.05,14.02,14.31,14.36,-0.33000000000000007,-2.24642614023145,2436212.0
603619,20191031,14.59,14.27,14.27,14.69,-0.3200000000000003,-2.131912058627583,4051100.0
603619,20191030,15.01,14.49,14.6,15.01,-0.5500000000000007,-3.534704370179953,6089200.0
603619,20191029,15.56,15.2,15.22,15.56,-0.08999999999999986,-0.5750798722044759,3618100.0
603619,20191028,15.39,15.36,15.61,15.65,0.07000000000000028,0.449293966623876,3728350.0
603619,20191025,15.35,15.15,15.5,15.58,0.02999999999999936,0.19292604501608412,3050748.0
603619,20191024,15.34,15.34,15.43,15.55,0.11000000000000121,0.7124352331606243,2910710.0
603619,20191023,15.32,15.16,15.24,15.44,0.16000000000000014,1.0471204188481575,2172300.0
603619,20191022,15.2,15.14,15.28,15.28,-0.14000000000000057,-0.907911802853445,1803900.0
603619,20191021,15.42,15.04,15.17,15.42,-0.5900000000000016,-3.6851967520299955,2679100.0
603619,20191018,15.95,15.38,15.42,16.01,0.120000000000001,0.7551919446192601,3499348.0
603619,20191017,15.78,15.7,15.85,15.89,-0.07000000000000028,-0.43859649122807154,3112528.0
603619,20191016,15.9,15.64,15.67,15.96,-0.18999999999999773,-1.1764705882352788,2958405.0
603619,20191015,16.15,15.82,15.86,16.15,-0.33000000000000185,-2.002427184466027,4580800.0
603619,20191014,16.29,16.11,16.31,16.48,-0.3999999999999986,-2.369668246445489,7513787.0
603619,20191011,15.79,15.77,16.54,16.88,1.129999999999999,7.174603174603167,11610439.0
603619,20191010,15.46,15.31,15.72,15.75,0.27999999999999936,1.8099547511312153,3621200.0
603619,20191009,15.31,15.1,15.46,15.47,-0.129999999999999,-0.8333333333333304,2524800.0
603619,20191008,15.41,15.27,15.41,15.6,-0.2900000000000009,-1.8250471994965434,3455200.0
603619,20190930,15.82,15.5,15.5,15.89,0.20000000000000107,1.2746972594009032,3973200.0
603619,20190927,15.58,15.31,15.69,15.69,-0.15000000000000036,-0.9469696969697017,4122560.0
603619,20190926,15.65,15.52,15.58,15.84,-0.3200000000000003,-1.980198019801982,6067560.0
603619,20190925,16.16,15.67,15.7,16.16,-0.7100000000000009,-4.208654416123303,7773500.0
603619,20190924,16.8,16.41,16.45,16.87,-0.1999999999999993,-1.1716461628588082,8031661.0
603619,20190923,16.86,16.58,16.91,17.07,0.14999999999999858,0.8865248226950229,7107211.0
603619,20190920,16.82,16.64,16.91,16.92,-0.3299999999999983,-1.9130434782608563,7655359.0
603619,20190919,17.25,16.58,16.82,17.25,-0.8500000000000014,-4.6961325966850875,13084204.0
603619,20190918,17.75,17.48,17.6,18.1,-1.2899999999999991,-6.652913873130473,18882980.0
603619,20190917,17.8,17.47,19.24,19.39,1.3300000000000018,7.364341085271331,29689858.0
603619,20190916,18.06,17.21,17.63,18.06,1.4899999999999984,8.992154496077243,24791805.0
603619,20190912,16.4,16.13,16.42,16.57,-0.21000000000000085,-1.2514898688915421,5516800.0
603619,20190911,16.4,16.34,16.41,16.78,-0.07000000000000028,-0.4154302670623111,5858000.0
603619,20190910,16.81,16.46,16.48,16.85,-0.029999999999997584,-0.17772511848339612,6925843.0
603619,20190909,16.19,16.02,16.7,16.88,0.6799999999999997,4.197530864197518,9462007.0
603619,20190906,16.0,15.9,16.14,16.2,0.00999999999999801,0.06176652254477055,5942672.0
603619,20190905,15.85,15.65,16.08,16.19,0.5600000000000005,3.5828534868842077,9550000.0
603619,20190904,15.4,15.33,15.57,15.63,0.11000000000000121,0.7087628865979356,4687060.0
603619,20190903,15.41,15.14,15.39,15.52,0.009999999999999787,0.06447453255964408,4256001.0
603619,20190902,15.07,15.01,15.46,15.51,-0.370000000000001,-2.329974811083124,4446261.0
603619,20190830,15.8,15.04,15.17,15.88,-0.29999999999999893,-1.8541409147095123,7787280.0
603619,20190829,16.15,15.69,15.69,16.18,-0.3000000000000007,-1.8203883495145678,6675900.0
603619,20190828,16.42,16.19,16.29,16.48,0.05000000000000071,0.3043213633597164,4107760.0
603619,20190827,16.13,16.08,16.43,16.43,-0.10999999999999943,-0.6650544135429204,6862000.0
603619,20190826,15.96,15.86,16.17,16.54,0.5,3.117206982543652,7348011.0
603619,20190823,15.9,15.65,15.85,16.04,-0.5100000000000016,-3.0815709969788663,4506040.0
603619,20190822,15.77,15.66,16.05,16.55,0.6000000000000014,3.7617554858934366,7076553.0
603619,20190821,15.8,15.66,15.73,15.95,-0.08999999999999986,-0.5610972568578565,3463048.0
603619,20190820,15.86,15.77,15.94,16.04,0.29999999999999893,1.9059720457433205,5314753.0
603619,20190819,15.39,15.25,15.73,15.74,0.08999999999999986,0.5750798722044648,4565211.0
603619,20190816,15.39,15.3,15.33,15.65,0.11000000000000121,0.7078507078507101,3603800.0
603619,20190815,14.9,14.61,15.48,15.54,-0.5,-3.117206982543641,4815272.0
603619,20190814,16.04,15.59,15.59,16.04,0.5699999999999985,3.6845507433742597,5106464.0
603619,20190813,15.41,15.09,15.39,15.47,-0.10999999999999943,-0.7060333761232274,3219113.0
603619,20190812,15.38,15.27,15.48,15.58,-0.39000000000000057,-2.4420788979336305,3264372.0
603619,20190809,15.66,15.36,15.38,15.97,0.2400000000000002,1.5257469802924417,4374848.0
603619,20190808,15.55,15.55,15.6,15.73,-0.2400000000000002,-1.5028177833437684,4031972.0
603619,20190807,15.48,15.29,15.69,15.97,0.39000000000000057,2.5032092426187535,6096153.0
603619,20190806,15.23,14.72,15.43,15.58,-0.6199999999999992,-3.827160493827153,5958272.0
603619,20190805,15.91,15.71,15.79,16.2,-0.060000000000002274,-0.3690036900369176,4164276.0
603619,20190802,15.55,15.2,16.12,16.26,-1.4100000000000001,-7.979626485568758,6732476.0
603619,20190801,17.67,16.41,16.65,17.67,-0.6599999999999966,-3.6006546644844373,10528623.0
603619,20190731,18.2,18.03,18.04,18.33,0.06999999999999673,0.3833515881708438,3326300.0
603619,20190730,18.15,18.07,18.13,18.26,0.05000000000000071,0.27457440966502933,3265311.0
603619,20190729,18.15,17.95,18.02,18.21,-0.17999999999999972,-0.9787928221859699,3535939.0
603619,20190726,18.18,18.1,18.31,18.39,-0.129999999999999,-0.7019438444924364,3933209.0
603619,20190725,18.4,18.08,18.16,18.52,-0.4299999999999997,-2.2691292875989477,7029700.0
603619,20190724,18.48,18.18,18.67,18.95,0.5199999999999996,2.821486706456855,8483183.0
603619,20190723,17.99,17.99,18.33,18.43,-0.8999999999999986,-4.655975168132431,3927400.0
603619,20190722,19.05,17.95,17.98,19.33,0.259999999999998,1.3633980073413543,6224500.0
603619,20190719,18.5,18.46,18.91,19.07,0.21999999999999886,1.1671087533156488,8642768.0
603619,20190718,18.19,18.05,18.53,18.85,0.46000000000000085,2.50135943447527,8334457.0
603619,20190717,18.0,17.91,18.39,18.39,-0.16999999999999815,-0.9159482758620552,5455600.0
603619,20190716,18.14,18.07,18.42,18.56,0.10999999999999943,0.5962059620596261,5635200.0
603619,20190715,18.26,17.71,18.28,18.45,-0.7899999999999991,-4.106029106029096,7125115.0
603619,20190712,19.21,18.57,18.6,19.24,-0.75,-3.7518759379689848,9898312.0
603619,20190711,19.5,19.27,19.58,19.99,0.7299999999999969,3.7902388369677853,13144535.0
603619,20190710,19.1,18.82,18.9,19.26,-0.019999999999999574,-0.10373443983402453,5778712.0
603619,20190709,18.89,18.25,19.24,19.28,-0.3999999999999986,-2.0325203252032464,8979935.0
603619,20190708,19.4,18.8,19.06,19.68,-0.3200000000000003,-1.6000000000000014,9553052.0
603619,20190705,19.86,19.1,19.23,20.0,-0.7600000000000016,-3.6608863198458685,9582755.0
603619,20190704,20.55,19.71,19.85,20.76,-0.8399999999999999,-3.888888888888886,12562911.0
603619,20190703,21.1,20.65,20.65,21.6,-0.5899999999999999,-2.658855340243349,12880112.0
603619,20190702,21.07,20.8,21.97,22.19,0.370000000000001,1.6956920256645303,18516885.0
603619,20190701,21.63,20.71,21.49,21.82,-0.05999999999999872,-0.2742230347349106,17051783.0
603619,20190628,21.25,20.71,21.43,21.88,-1.6300000000000026,-6.933219906422805,15703700.0
603619,20190627,23.4,21.16,22.09,23.51,0.7000000000000028,3.068829460762834,33085756.0
603619,20190626,20.3,20.2,22.81,22.81,1.139999999999997,5.260729118597118,29645734.0
603619,20190625,19.7,19.59,20.74,21.67,1.8300000000000018,9.22379032258065,25782148.0
603619,20190624,19.6,19.34,19.7,19.84,-0.5599999999999987,-2.7450980392156765,11188153.0
603619,20190621,19.66,19.4,20.04,20.4,0.41999999999999815,2.102102102102088,20251993.0
603619,20190620,18.25,18.17,19.32,19.98,0.990000000000002,5.213270142180115,15991017.0
603619,20190619,18.76,18.32,18.52,18.99,0.21999999999999886,1.172083111347888,12006788.0
603619,20190618,18.19,17.9,18.23,18.77,-0.6900000000000013,-3.5457348406988776,10828098.0
603619,20190617,18.9,18.12,18.54,19.46,-1.009999999999998,-4.934049829018061,13167727.0
603619,20190614,19.16,18.51,18.71,20.47,0.4299999999999997,2.145708582834338,21625609.0
603619,20190613,17.78,17.7,20.04,20.04,0.9399999999999977,4.92146596858638,23433145.0
603619,20190612,17.2,17.15,18.22,19.1,1.4000000000000021,7.909604519774027,20057878.0
603619,20190611,16.65,16.46,17.54,17.7,0.09999999999999787,0.5681818181818121,14767460.0
603619,20190610,16.75,16.02,17.04,17.6,0.6000000000000014,3.529411764705892,11897357.0
603619,20190606,16.99,16.1,16.41,17.0,-1.3999999999999986,-7.608695652173902,11269362.0
603619,20190605,17.05,16.58,17.55,18.4,1.3999999999999986,8.23529411764705,19623819.0
603619,20190604,16.25,15.95,16.83,17.0,-0.9400000000000013,-5.239687848383512,14650360.0
603619,20190603,17.94,16.56,17.25,17.94,-0.4599999999999973,-2.49999999999998,20642870.0
603619,20190531,18.4,18.0,18.4,18.4,1.6699999999999982,9.982068141063948,20454941.0
603619,20190530,16.16,16.16,16.73,16.73,1.2400000000000002,8.005164622337002,5630813.0
603619,20190529,15.07,15.07,15.21,15.49,0.14000000000000057,0.9120521172638396,3433110.0
603619,20190528,15.08,14.93,15.0,15.35,0.1899999999999995,1.253298153034299,2966765.0
603619,20190527,14.9,14.65,14.99,15.16,-0.019999999999999574,-0.13175230566534468,3450642.0
603619,20190524,14.95,14.71,14.78,15.18,-1.2699999999999996,-7.720364741641339,2990800.0
603619,20190523,15.92,15.28,15.38,16.45,-0.030000000000001137,-0.182038834951459,2924300.0
603619,20190522,15.8,15.42,15.93,16.48,0.19000000000000128,1.1663597298956496,3633600.0
603619,20190521,16.19,15.88,16.18,16.29,-0.490000000000002,-2.920143027413602,4600853.0
603619,20190520,16.78,15.23,16.25,16.78,-0.5799999999999983,-3.3410138248847865,4001685.0
603619,20190517,16.91,16.17,16.51,17.36,0.28999999999999915,1.698886936145283,6379825.0
603619,20190516,15.95,15.82,16.91,17.07,0.4400000000000013,2.645820805772714,7390785.0
603619,20190515,15.73,15.55,16.09,16.63,1.0399999999999991,6.670942912123157,6496105.0
603619,20190514,15.52,15.22,15.32,15.59,-0.39000000000000057,-2.4405506883604544,4054172.0
603619,20190513,15.09,15.0,15.83,15.98,0.4800000000000004,3.0967741935483906,5533605.0
603619,20190510,15.27,14.6,15.38,15.5,0.16999999999999993,1.108936725375087,4196277.0
603619,20190509,15.0,14.85,14.97,15.33,-0.23000000000000043,-1.4781491002570757,2316900.0
603619,20190508,14.99,14.7,15.11,15.56,-0.4299999999999997,-2.6891807379612276,3077904.0
603619,20190507,15.44,14.91,15.35,15.99,-0.9700000000000006,-5.719339622641517,4255061.0
603619,20190506,16.6,15.71,15.71,16.96,-0.759999999999998,-4.288939051918728,4570725.0
603619,20190430,16.9,16.65,17.45,17.72,-0.25,-1.3912075681691727,3230900.0
603619,20190429,17.97,16.39,16.71,17.97,-1.3100000000000023,-6.79460580912864,5483881.0
603619,20190426,19.0,17.65,18.2,19.28,-1.5700000000000003,-7.529976019184648,5884700.0
603619,20190425,20.17,19.07,19.29,20.85,0.2900000000000027,1.4105058365758927,8292960.0
603619,20190424,20.0,19.4,20.46,20.56,0.18999999999999773,0.9327442317133006,12126949.0
603619,20190423,19.96,19.12,20.06,20.37,-0.10999999999999943,-0.537109375,11261808.0
603619,20190422,19.18,19.06,19.63,20.48,1.5500000000000007,8.188061278394088,10054705.0
603619,20190419,18.2,18.18,18.92,18.93,0.019999999999999574,0.10576414595451222,3553760.0
603619,20190418,18.9,18.38,18.38,18.91,-0.25,-1.3048016701461385,3449200.0
603619,20190417,18.63,18.59,18.98,19.16,0.5599999999999987,3.010752688172036,4567360.0
603619,20190416,18.51,18.03,18.59,18.6,-0.8299999999999983,-4.271744724652593,5288471.0
603619,20190415,19.02,18.8,18.89,19.43,-0.3500000000000014,-1.7694641051567261,5972099.0
603619,20190412,19.5,19.21,19.72,19.78,-0.0799999999999983,-0.40281973816715944,3720700.0
603619,20190411,19.65,19.3,19.59,19.86,-0.33000000000000185,-1.634472511144136,4990535.0
603619,20190410,20.12,19.51,19.52,20.19,-1.1199999999999974,-5.255748474894406,8186931.0
603619,20190409,20.7,20.2,20.5,21.31,-0.38000000000000256,-1.751959428307992,10318482.0
603619,20190408,20.6,19.73,21.34,21.69,1.0199999999999996,4.934687953555872,18875483.0
603619,20190404,18.69,18.28,20.67,20.67,1.7300000000000004,9.13410770855332,10836939.0
603619,20190403,17.91,17.83,18.79,18.94,0.5500000000000007,2.9907558455682492,10182873.0
603619,20190402,18.25,17.79,17.91,18.39,0.46000000000000085,2.5655326268823275,5750940.0
603619,20190401,17.32,17.32,17.92,17.93,0.5799999999999983,3.3429394812680036,4240225.0
603619,20190329,17.01,16.85,17.33,17.35,-0.029999999999997584,-0.17261219792863436,3145534.0
603619,20190328,17.35,16.86,16.86,17.38,-0.19000000000000128,-1.081388730791133,3251300.0
603619,20190327,17.47,17.01,17.34,17.57,-0.8599999999999994,-4.666304937601728,3707132.0
603619,20190326,18.23,17.23,17.3,18.43,0.16999999999999815,0.9309967141292397,5147274.0
603619,20190325,18.0,17.83,18.18,18.26,-0.6799999999999997,-3.5902851108764455,4158300.0
603619,20190322,18.86,18.1,18.49,18.94,-0.259999999999998,-1.3541666666666563,5059458.0
603619,20190321,19.2,18.8,18.85,19.2,-0.5,-2.538071065989844,5144635.0
603619,20190320,19.69,18.89,19.19,19.7,-0.17999999999999972,-0.905432595573441,6901557.0
603619,20190319,19.5,19.27,19.81,19.88,0.629999999999999,3.2727272727272716,10289404.0
603619,20190318,18.81,18.4,19.25,19.25,-0.16000000000000014,-0.8243173621844457,8025623.0
603619,20190315,18.96,18.7,18.96,19.41,-0.08999999999999986,-0.4615384615384577,7254797.0
603619,20190314,18.48,18.38,19.2,19.5,-0.10000000000000142,-0.5102040816326592,10793120.0
603619,20190313,18.08,17.5,18.81,19.6,1.1000000000000014,5.945945945945952,10410783.0
603619,20190312,18.13,17.8,18.08,18.5,0.39000000000000057,2.1535063500828233,7745798.0
603619,20190311,17.0,16.96,17.96,18.11,-0.14000000000000057,-0.7671232876712342,7765005.0
603619,20190308,17.8,16.81,17.05,18.25,-0.6900000000000013,-3.6430834213305285,8453774.0
603619,20190307,17.75,17.39,18.4,18.94,0.7600000000000016,4.180418041804179,13657382.0
603619,20190306,16.5,16.46,18.04,18.18,1.3000000000000007,7.701421800947883,15262600.0
603619,20190305,16.4,16.28,16.58,16.88,0.18999999999999773,1.13840623127619,9053097.0
603619,20190304,16.13,15.95,16.22,16.69,0.4299999999999997,2.64452644526445,10660303.0
603619,20190301,16.22,15.85,16.09,16.26,-0.1999999999999993,-1.2150668286755706,4763147.0
603619,20190228,16.08,15.99,16.22,16.46,0.08000000000000185,0.48840048840050887,7672303.0
603619,20190227,16.04,15.69,15.91,16.38,0.09999999999999787,0.6142506142505999,8814550.0
603619,20190226,15.7,15.57,15.99,16.28,0.3000000000000007,1.8773466833541974,11167655.0
603619,20190225,15.35,15.35,15.94,15.98,0.6900000000000013,4.512753433616745,8083469.0
603619,20190222,14.91,14.82,15.29,15.29,-0.2900000000000009,-1.861360718870353,4716516.0
603619,20190221,15.36,14.92,15.07,15.58,0.13000000000000078,0.8414239482200658,5400662.0
603619,20190220,15.45,15.13,15.26,15.45,-0.13000000000000078,-0.8344030808729141,4629505.0
603619,20190219,14.93,14.81,15.54,15.58,0.4800000000000004,3.1788079470198793,8666760.0
603619,20190218,14.65,14.59,15.0,15.1,0.4800000000000004,3.283173734610134,5781127.0
603619,20190215,14.52,14.33,14.4,14.62,-0.13000000000000078,-0.8813559322033981,3432100.0
603619,20190214,14.38,14.3,14.5,14.75,0.1999999999999993,1.3745704467353903,4622900.0
603619,20190213,14.26,14.25,14.46,14.55,0.23000000000000043,1.60614525139664,4474510.0
603619,20190212,14.11,14.03,14.18,14.32,0.2599999999999998,1.849217638691325,3250400.0
603619,20190211,13.68,13.68,14.05,14.06,0.3600000000000012,2.6277372262773824,3398897.0
603619,20190201,13.39,13.3,13.68,13.7,0.11999999999999922,0.8836524300441795,2845094.0
603619,20190131,13.18,13.01,13.22,13.58,-0.8100000000000005,-5.628908964558721,3870500.0
603619,20190130,13.88,13.85,13.87,14.39,-0.20999999999999908,-1.4383561643835585,3589900.0
603619,20190129,14.6,13.33,13.77,14.6,-0.5400000000000009,-3.566710700132103,3998376.0
603619,20190128,15.1,14.51,14.55,15.14,-0.3099999999999987,-2.0064724919093724,3883500.0
603619,20190125,15.39,15.0,15.03,15.45,-0.02000000000000135,-0.12928248222366934,3132182.0
603619,20190124,15.47,15.2,15.35,15.47,-0.08000000000000007,-0.5144694533762095,2894400.0
603619,20190123,15.45,15.33,15.49,15.55,-0.3999999999999986,-2.507836990595602,2482072.0
603619,20190122,15.9,15.51,15.55,15.95,-0.17999999999999972,-1.1159330440173587,3818523.0
603619,20190121,15.74,15.68,15.94,16.13,0.46999999999999886,3.0012771392081694,5763397.0
603619,20190118,15.5,15.33,15.66,15.66,-0.019999999999999574,-0.12755102040815647,4021128.0
603619,20190117,15.66,15.4,15.44,15.68,-0.09999999999999964,-0.6337135614702172,3590500.0
603619,20190116,15.78,15.62,15.66,15.78,0.03999999999999915,0.2541296060990961,3381241.0
603619,20190115,15.65,15.47,15.72,15.74,-0.2400000000000002,-1.5018773466833557,4258900.0
603619,20190114,15.98,15.52,15.56,15.98,-0.19000000000000128,-1.1750154607297558,4790000.0
603619,20190111,16.17,15.66,15.99,16.17,-0.5199999999999996,-3.1156381066506866,6164314.0
603619,20190110,16.67,16.16,16.2,16.69,-0.07000000000000028,-0.417661097852029,4764964.0
603619,20190109,16.66,16.31,16.35,16.76,-0.11999999999999744,-0.7109004739336289,5711107.0
603619,20190108,16.41,16.08,16.63,16.88,0.379999999999999,2.3030303030302957,7056331.0
603619,20190107,16.27,16.1,16.36,16.5,0.3000000000000007,1.85185185185186,5290679.0
603619,20190104,15.64,15.33,16.17,16.2,0.46999999999999886,2.987921169739338,4807179.0
603619,20190103,15.45,15.45,15.62,15.73,-0.07000000000000028,-0.44303797468354666,3594600.0
603619,20190102,15.65,15.28,15.33,15.8,0.02000000000000135,0.12674271229404788,2358597.0
603619,20181228,15.5,15.33,15.52,15.78,-1.0900000000000016,-6.461173681090704,4103410.0
603619,20181227,16.6,15.85,15.86,16.87,0.9900000000000002,6.234256926952142,7356398.0
603619,20181226,15.78,15.6,15.75,15.88,-0.009999999999999787,-0.06293266205160686,3541798.0
603619,20181225,15.89,15.15,15.71,15.89,-0.8299999999999983,-4.964114832535871,5836329.0
603619,20181224,16.7,16.22,16.39,16.72,-0.17999999999999972,-1.0650887573964485,6664791.0
603619,20181221,16.76,16.51,16.62,16.9,-0.33999999999999986,-1.9721577726218076,4006092.0
603619,20181220,17.05,16.88,17.02,17.24,-0.22000000000000242,-1.2600229095074633,4360600.0
603619,20181219,17.21,16.91,17.2,17.46,-1.1199999999999974,-6.027987082884811,4366888.0
603619,20181218,18.58,17.65,17.88,18.58,-0.39000000000000057,-2.055877701634168,4925186.0
603619,20181217,18.71,18.1,18.85,18.97,-1.4800000000000004,-7.237163814180936,3169971.0
603619,20181214,20.45,18.9,19.3,20.45,-0.019999999999999574,-0.09770395701025336,4975200.0
603619,20181213,20.16,19.93,20.11,20.47,-0.9400000000000013,-4.39047174217656,5566222.0
603619,20181212,21.25,20.63,20.78,21.41,0.14000000000000057,0.6582040432534075,2930999.0
603619,20181211,21.0,20.43,21.19,21.27,-0.7600000000000016,-3.4498411257376405,3920200.0
603619,20181210,20.77,20.76,21.34,22.03,0.990000000000002,4.705323193916366,5247800.0
603619,20181207,20.84,20.4,20.63,21.04,-0.9100000000000001,-4.145785876993169,3448015.0
603619,20181206,21.8,20.94,21.14,21.95,-0.33999999999999986,-1.5253476895468854,4719500.0
603619,20181205,21.69,21.55,21.94,22.29,-0.46000000000000085,-2.0219780219780215,6005528.0
603619,20181204,21.2,21.01,22.47,22.75,1.2899999999999991,6.011183597390479,9275043.0
603619,20181203,21.02,20.52,21.16,21.46,0.5199999999999996,2.483285577841454,7111128.0
603619,20181130,20.12,19.74,20.3,20.94,0.05000000000000071,0.23934897079942452,4487700.0
603619,20181129,20.7,20.0,20.08,20.89,-0.6099999999999994,-2.837209302325583,5640800.0
603619,20181128,19.83,19.83,21.06,21.5,0.5100000000000016,2.4297284421153087,8085351.0
603619,20181127,20.4,19.71,19.73,20.99,0.759999999999998,3.756796836381593,5685860.0
603619,20181126,19.9,19.36,19.71,20.23,-1.4699999999999989,-6.774193548387086,5965907.0
603619,20181123,20.22,19.7,20.61,21.7,1.6600000000000001,8.283433133732544,12162743.0
603619,20181122,18.36,18.36,20.04,20.04,1.7100000000000009,9.328968903436996,5386023.0
603619,20181121,18.3,17.02,18.22,18.33,-1.1400000000000006,-5.855161787365182,3148601.0
603619,20181120,19.26,18.86,18.91,19.47,-0.33000000000000185,-1.6666666666666718,3315215.0
603619,20181119,19.17,18.95,19.59,19.8,0.4299999999999997,2.2199277232834325,5091138.0
603619,20181116,19.23,18.92,19.1,19.37,0.08999999999999986,0.4668049792531104,3943628.0
603619,20181115,18.86,18.75,19.23,19.28,0.3200000000000003,1.6877637130801704,4577741.0
603619,20181114,18.65,18.42,18.66,18.96,0.0,0.0,3218471.0
603619,20181113,18.36,18.23,18.89,18.96,0.26000000000000156,1.3903743315508033,3530671.0
603619,20181112,18.23,18.2,18.7,18.7,0.370000000000001,2.0185488270594742,2240371.0
603619,20181109,18.3,17.95,18.12,18.33,-0.5200000000000031,-2.758620689655189,2235160.0
603619,20181108,18.78,18.4,18.44,18.85,-0.019999999999999574,-0.10598834128245915,2052700.0
603619,20181107,18.79,18.46,18.58,18.87,-0.2799999999999976,-1.4621409921670936,2749803.0
603619,20181106,19.13,18.71,18.95,19.15,-0.5300000000000011,-2.693089430894313,3560203.0
603619,20181105,18.68,18.36,19.46,19.68,0.6999999999999993,3.688092729188619,5496085.0
603619,20181102,18.17,18.13,18.68,18.98,0.6000000000000014,3.2644178454842354,4615700.0
603619,20181101,17.97,17.8,18.19,18.38,-0.010000000000001563,-0.05437737901033968,3615859.0
603619,20181031,17.47,17.36,18.03,18.39,0.740000000000002,4.192634560906527,3167666.0
603619,20181030,17.43,16.51,17.53,17.65,-0.5,-2.754820936639124,2990521.0
603619,20181029,17.86,17.49,17.68,18.15,-0.21000000000000085,-1.1437908496732097,2013203.0
603619,20181026,18.22,17.95,18.0,18.36,0.23999999999999844,1.3245033112582627,2096660.0
603619,20181025,17.7,17.25,17.97,18.12,-0.4399999999999977,-2.3706896551723977,2754618.0
603619,20181024,18.17,17.99,18.35,18.56,-0.7200000000000024,-3.734439834024905,2577684.0
603619,20181023,19.28,18.35,18.45,19.28,0.010000000000001563,0.051894135962649024,3087400.0
603619,20181022,18.08,18.04,19.1,19.27,1.1699999999999982,6.4640883977900465,3575305.0
603619,20181019,17.3,17.19,18.08,18.1,-1.4699999999999989,-7.511497189575877,2853533.0
603619,20181018,19.57,18.13,18.13,19.57,-2.129999999999999,-9.815668202764972,3509039.0
603619,20181017,21.7,19.3,20.14,21.7,-0.28999999999999915,-1.3187812642109997,4156779.0
603619,20181016,21.81,21.25,21.4,21.99,-0.6000000000000014,-2.6560424966799556,2336145.0
603619,20181015,22.48,21.46,21.61,22.59,-0.16000000000000014,-0.7032967032967075,2772400.0
603619,20181012,22.32,21.29,22.48,22.75,-2.25,-8.999999999999996,4723300.0
603619,20181011,25.0,23.62,23.62,25.0,-1.5300000000000011,-5.767056162834527,5230683.0
603619,20181010,26.3,25.54,26.24,26.53,-0.629999999999999,-2.319587628865971,5738964.0
603619,20181009,25.0,24.6,26.51,27.16,1.6900000000000013,6.635257165292496,8933824.0
603619,20181008,24.23,23.93,25.03,25.47,1.0999999999999979,4.513746409519892,5641098.0
603619,20180928,24.06,24.06,24.25,24.37,-0.6199999999999974,-2.48099239695877,1560560.0
603619,20180927,24.9,24.02,24.04,24.99,-0.5,-1.961553550411932,3423420.0
603619,20180926,24.95,24.84,25.16,25.49,0.14999999999999858,0.5919494869770947,4283379.0
603619,20180925,24.6,24.6,24.8,25.34,0.9800000000000004,4.022988505747138,4071463.0
603619,20180921,24.29,23.7,24.26,24.36,-1.0700000000000003,-4.207628784899731,3271580.0
603619,20180920,25.43,24.43,24.58,25.43,-0.120000000000001,-0.4696673189823919,2973461.0
603619,20180919,24.2,24.01,25.05,25.55,1.1500000000000021,4.713114754098369,4255980.0
603619,20180918,23.88,23.67,24.35,24.4,-0.3000000000000007,-1.2145748987854255,2340793.0
603619,20180917,24.63,23.62,24.11,24.7,-0.7600000000000016,-2.9850746268656803,2828936.0
603619,20180914,25.36,24.7,24.76,25.46,-0.8499999999999979,-3.230710756366395,4651896.0
603619,20180913,24.6,24.6,26.0,26.31,0.10999999999999943,0.4198473282442716,7279251.0
603619,20180912,26.0,24.7,24.82,26.2,0.09999999999999787,0.3831417624520883,4364901.0
603619,20180911,25.68,24.86,25.33,26.1,1.3000000000000007,5.241935483870974,5818974.0
603619,20180910,24.2,23.99,24.49,24.8,0.6700000000000017,2.776626605884802,3945094.0
603619,20180907,23.6,23.6,24.13,24.13,-0.3500000000000014,-1.4297385620915093,2488580.0
603619,20180906,23.6,23.6,23.8,24.48,0.4200000000000017,1.7456359102244523,3014607.0
603619,20180905,23.82,23.4,23.41,24.06,-0.240000000000002,-0.9876543209876631,1967859.0
603619,20180904,23.88,23.7,24.1,24.3,0.4700000000000024,1.9723038187159148,2478400.0
603619,20180903,23.69,23.01,23.82,23.83,-0.870000000000001,-3.522267206477736,2298059.0
603619,20180831,24.63,23.4,23.71,24.7,-0.990000000000002,-3.8536395484624397,3455059.0
603619,20180830,25.51,24.53,24.71,25.69,-2.2099999999999973,-7.921146953405012,3894844.0
603619,20180829,27.9,25.81,25.81,27.9,-1.25,-4.288164665523153,6255700.0
603619,20180828,29.03,28.53,28.68,29.15,0.21999999999999886,0.7604562737642651,1721100.0
603619,20180827,28.47,28.45,28.85,28.93,0.21999999999999886,0.766283524904221,1830800.0
603619,20180824,28.65,28.3,28.47,28.71,-0.7799999999999976,-2.6449643947100587,1975160.0
603619,20180823,29.26,28.78,28.95,29.49,0.0,0.0,1949521.0
603619,20180822,29.29,28.69,28.76,29.49,0.18999999999999773,0.6484641638225153,1733500.0
603619,20180821,28.85,28.66,29.27,29.3,-0.129999999999999,-0.4417261297995245,1960644.0
603619,20180820,28.9,28.06,28.84,29.43,-0.5700000000000003,-1.9000000000000017,2115528.0
603619,20180817,29.86,28.6,28.89,30.0,0.05000000000000071,0.16694490818029983,2169321.0
603619,20180816,29.4,29.15,29.36,29.95,-0.8200000000000003,-2.664933376665579,2589074.0
603619,20180815,30.66,30.18,30.29,30.77,-0.5199999999999996,-1.661872802812403,2956102.0
603619,20180814,30.16,29.8,31.09,31.29,1.009999999999998,3.335535006605017,4943787.0
603619,20180813,29.71,29.5,30.21,30.28,-0.21999999999999886,-0.721311475409836,2449261.0
603619,20180810,30.5,29.74,30.32,30.5,-0.46999999999999886,-1.517597675169513,3723280.0
603619,20180809,29.12,29.1,30.74,30.97,-1.2800000000000011,-3.96899224806202,5808351.0
603619,20180808,30.57,30.48,30.67,32.25,1.2600000000000016,4.065827686350443,8887375.0
603619,20180807,29.35,29.35,30.57,30.99,1.2099999999999973,4.063129617192729,5547225.0
603619,20180806,29.05,28.08,28.77,29.78,-0.5799999999999983,-1.910408432147559,2738907.0
603619,20180803,29.51,29.22,29.59,30.36,-0.03999999999999915,-0.1315789473684159,2959869.0
603619,20180802,30.4,28.41,29.59,30.4,-1.0,-3.1847133757961776,4081913.0
603619,20180801,31.4,30.5,30.72,31.4,-2.3000000000000043,-6.824925816023752,4968684.0
603619,20180731,30.85,30.85,31.9,33.7,2.8800000000000026,9.344581440622978,8204029.0
603619,20180730,29.7,29.18,30.69,30.82,0.41000000000000014,1.3482407102926697,4074496.0
603619,20180727,30.41,29.81,29.92,30.41,-0.46000000000000085,-1.4901198574667984,1766900.0
603619,20180726,30.5,29.79,30.37,30.87,-0.10999999999999943,-0.35506778566817276,3040900.0
603619,20180725,30.78,30.14,30.5,30.98,0.5399999999999991,1.7739816031537403,3222688.0
603619,20180724,29.62,29.5,30.37,30.44,0.6500000000000021,2.181940248405523,3110365.0
603619,20180723,29.3,29.25,29.78,29.79,0.07000000000000028,0.23553162853298115,1797500.0
603619,20180720,29.2,29.07,29.69,29.72,-0.240000000000002,-0.8010680907877266,1615800.0
603619,20180719,29.7,28.82,29.07,29.96,-0.23999999999999844,-0.7947019867549643,1774200.0
603619,20180718,29.92,29.58,29.62,30.2,0.33999999999999986,1.1386470194239884,1890328.0
603619,20180717,29.5,29.24,29.76,29.86,-0.5300000000000011,-1.7439947351102325,2224115.0
603619,20180716,30.39,29.86,30.04,30.39,-0.5700000000000003,-1.8410852713178327,1407500.0
603619,20180713,30.95,30.27,30.57,30.96,-0.21000000000000085,-0.6737247353224229,2459144.0
603619,20180712,29.79,29.79,30.91,31.17,0.33000000000000185,1.0700389105058328,3507387.0
603619,20180711,30.6,29.71,30.43,30.84,-0.9200000000000017,-2.896725440806047,3307526.0
603619,20180710,31.17,30.62,31.68,31.76,0.7600000000000016,2.4516129032258194,3856726.0
603619,20180709,30.13,29.8,30.97,31.0,1.0399999999999991,3.471295060080104,3465399.0
603619,20180706,29.12,28.76,29.68,29.96,-1.3699999999999974,-4.372805617618891,2942198.0
603619,20180705,31.33,29.02,29.39,31.33,-0.9200000000000017,-2.8527131782945747,3723800.0
603619,20180704,32.25,31.18,31.58,32.25,-0.29999999999999716,-0.9216589861751112,3993288.0
603619,20180703,31.62,31.62,32.5,32.55,0.0799999999999983,0.2463812750230998,4774186.0
603619,20180702,32.0,30.78,31.48,32.47,-0.20000000000000284,-0.6121824303642609,3445739.0
603619,20180629,31.55,30.81,32.47,32.67,-1.1199999999999974,-3.3145901154187585,4287946.0
603619,20180628,33.0,31.91,31.95,33.79,0.8200000000000003,2.487109493478923,4913257.0
603619,20180627,31.91,31.66,31.95,32.97,1.8599999999999994,5.978784956605598,5795612.0
603619,20180626,30.06,29.42,31.08,31.11,-0.8399999999999999,-2.6291079812206575,2973129.0
603619,20180625,31.0,30.5,30.58,31.95,1.759999999999998,5.8297449486584885,4080801.0
603619,20180622,29.18,28.31,29.95,30.19,-1.4299999999999997,-4.522454142947496,2933101.0
603619,20180621,31.49,29.61,29.83,31.62,0.22000000000000242,0.7006369426751702,3007674.0
603619,20180620,30.11,30.02,31.09,31.4,-2.200000000000003,-6.547619047619058,2847968.0
603619,20180619,33.6,30.65,30.65,33.6,-2.1000000000000014,-5.882352941176472,3547045.0
603619,20180615,35.4,33.81,34.05,35.7,-0.25,-0.6954102920723182,3018600.0
603619,20180614,35.22,35.21,35.39,35.95,-0.19999999999999574,-0.553250345781453,2019100.0
603619,20180613,36.15,35.16,35.42,36.15,-0.5300000000000011,-1.4449291166848455,3047928.0
603619,20180612,35.7,35.15,36.55,36.68,0.3999999999999986,1.1025358324145529,3636301.0
603619,20180611,35.88,35.0,35.72,36.28,-1.7100000000000009,-4.501184522242696,3789101.0
603619,20180608,37.33,36.68,37.0,37.99,0.5300000000000011,1.4148424986652364,5591546.0
603619,20180607,37.3,36.42,36.49,37.46,-0.519999999999996,-1.3691416535018375,4539602.0
603619,20180606,36.66,36.5,37.64,37.98,1.0799999999999983,2.9268292682926855,5908200.0
603619,20180605,36.25,36.2,36.88,36.9,0.519999999999996,1.4293567894447357,3929945.0
603619,20180604,36.35,35.75,36.25,36.38,-0.10999999999999943,-0.30145245272676924,2766646.0
603619,20180601,36.0,35.1,36.42,36.49,-0.6099999999999994,-1.644204851752018,4625025.0
603619,20180531,36.0,35.72,36.59,37.1,1.0500000000000043,2.912621359223322,6095065.0
603619,20180530,36.05,34.6,35.07,36.05,-1.5200000000000031,-4.04578120841097,5013437.0
603619,20180529,36.97,36.29,36.53,37.57,-0.7299999999999969,-1.9060052219321055,4504305.0
603619,20180528,38.01,37.0,37.08,38.3,-2.200000000000003,-5.432098765432103,7436096.0
603619,20180525,39.81,39.02,39.28,40.5,-0.6700000000000017,-1.6273985912071964,6789562.0
603619,20180524,40.22,39.79,40.45,41.17,-0.6700000000000017,-1.601338432122379,7035418.0
603619,20180523,41.8,39.78,40.35,41.84,-1.9399999999999977,-4.431247144814976,10579443.0
603619,20180522,41.03,41.03,42.51,43.78,-2.219999999999999,-4.826086956521736,13494731.0
603619,20180521,46.0,42.27,42.34,46.0,3.3999999999999986,7.9812206572769995,20575559.0
603619,20180518,39.23,38.74,42.6,42.6,3.219999999999999,8.176739461655668,13517844.0
603619,20180517,38.29,37.95,38.73,39.38,1.4200000000000017,3.7407797681770383,7850236.0
603619,20180516,37.8,37.38,37.91,37.96,0.05000000000000426,0.13189132155104755,3796920.0
603619,20180515,37.82,37.02,37.59,37.91,0.29999999999999716,0.797660196756178,3322748.0
603619,20180514,37.09,36.26,37.58,37.61,-0.990000000000002,-2.564766839378241,3770967.0
603619,20180511,38.09,37.01,37.43,38.6,-1.8999999999999986,-4.69135802469135,5154080.0
603619,20180510,39.58,38.39,38.67,40.5,1.3100000000000023,3.342689461597348,8129843.0
603619,20180509,37.99,37.76,37.84,39.19,1.4799999999999969,3.924688411561905,7879876.0
603619,20180508,37.71,36.48,37.43,37.71,-0.0899999999999963,-0.23809523809522615,5564516.0
603619,20180507,35.43,35.43,37.0,37.8,1.9699999999999989,5.498185877756057,5715900.0
603619,20180504,35.2,34.7,34.83,35.83,0.5899999999999963,1.6742338251986233,2855269.0
603619,20180503,34.01,33.86,35.12,35.24,-1.4199999999999946,-3.8734315330059887,2647620.0
603619,20180502,36.34,33.94,34.4,36.66,-0.730000000000004,-1.952393688151921,4101077.0
603619,20180427,37.39,36.08,36.33,37.39,-1.6899999999999977,-4.324462640736948,4756405.0
603619,20180426,37.89,37.67,38.47,39.08,1.0799999999999983,2.8421052631578902,5648921.0
603619,20180425,37.82,37.3,37.61,38.0,-0.3299999999999983,-0.8609444299504276,3513049.0
603619,20180424,37.17,36.8,38.3,38.33,1.6299999999999955,4.4414168937329634,4409353.0
603619,20180423,36.7,35.99,36.59,36.7,-1.7999999999999972,-4.675324675324665,3329848.0
603619,20180420,38.12,37.0,37.06,38.5,-1.4600000000000009,-3.6536536536536546,5256341.0
603619,20180419,38.92,38.76,38.82,39.96,1.7700000000000031,4.6347211311861924,7347311.0
603619,20180418,38.1,36.55,37.91,38.19,-1.0100000000000051,-2.5765306122449094,4921148.0
603619,20180417,39.2,37.37,37.54,39.2,-1.7899999999999991,-4.366918760673332,6728443.0
603619,20180416,39.98,39.65,40.02,40.99,-0.1699999999999946,-0.41302235179785374,7909159.0
603619,20180413,40.75,39.18,39.67,41.16,-2.220000000000006,-5.117565698478577,9571641.0
603619,20180412,42.25,41.0,41.51,43.38,-0.8999999999999986,-2.0325203252032464,12336273.0
603619,20180411,43.34,41.5,43.63,44.28,3.4200000000000017,8.370044052863435,18318201.0
603619,20180410,38.27,38.07,40.25,40.86,2.799999999999997,7.356805044666315,12848188.0
603619,20180409,37.68,36.85,38.03,38.06,-0.0899999999999963,-0.2359108781126995,6193623.0
603619,20180404,37.55,36.9,37.39,38.15,-0.14999999999999858,-0.3916449086161844,6203215.0
603619,20180403,35.9,35.3,37.28,38.3,0.17999999999999972,0.4721930745015701,7498947.0
603619,20180402,37.71,37.0,37.09,38.12,-0.12000000000000455,-0.3138075313807609,4813551.0
603619,20180330,38.0,37.51,37.78,38.24,-0.03999999999999915,-0.10449320794148065,4620224.0
603619,20180329,37.35,36.7,37.98,38.28,-0.22999999999999687,-0.5972474681900763,6216872.0
603619,20180328,38.49,37.41,37.5,38.51,-1.2199999999999989,-3.070727410017615,6421176.0
603619,20180327,38.12,38.0,39.38,39.73,0.5799999999999983,1.4814814814814836,8860766.0
603619,20180326,38.55,37.56,38.72,39.15,0.28999999999999915,0.746268656716409,7578627.0
603619,20180323,37.1,37.01,37.7,38.86,-2.6400000000000006,-6.3614457831325355,8627012.0
603619,20180322,40.88,39.7,40.12,41.5,-0.5799999999999983,-1.3783269961977096,8435025.0
603619,20180321,41.35,39.4,39.68,42.08,0.75,1.8146624727800598,11905066.0
603619,20180320,37.18,37.18,40.41,41.33,0.5300000000000011,1.2990196078431326,11540325.0
603619,20180319,39.0,38.31,38.49,40.8,1.1999999999999957,3.0303030303030276,9858957.0
603619,20180316,38.49,38.05,38.88,39.6,-0.5,-1.2468827930174564,9914312.0
603619,20180315,36.11,35.85,39.07,40.1,1.1300000000000026,2.899666410059032,14648952.0
603619,20180314,35.02,35.0,36.9,38.97,2.5799999999999983,7.089859851607572,10839489.0
603619,20180313,36.36,35.4,35.43,36.39,-1.009999999999998,-2.7005347593582862,5981486.0
603619,20180312,36.99,36.35,36.58,37.4,1.0499999999999972,2.888583218706997,7440738.0
603619,20180309,35.93,35.51,36.24,36.35,-0.0899999999999963,-0.24698133918769072,6924666.0
603619,20180308,35.49,35.08,36.16,36.44,0.6699999999999946,1.873077998322592,7354587.0
603619,20180307,35.5,34.91,35.32,35.77,-0.75,-2.0536692223439235,5353700.0
603619,20180306,35.44,35.18,35.87,36.52,1.6700000000000017,4.7919655667144845,6766105.0
603619,20180305,34.16,34.16,34.77,34.85,-0.35999999999999943,-1.02243680772508,3332438.0
603619,20180302,34.8,34.3,34.46,35.21,-0.990000000000002,-2.7348066298342633,4262373.0
603619,20180301,34.0,33.7,35.49,36.2,1.3599999999999994,3.9035591274397152,6055460.0
603619,20180228,34.29,34.01,34.49,34.84,-1.019999999999996,-2.84439486893473,4007321.0
603619,20180227,35.85,34.8,35.19,35.86,0.060000000000002274,0.16759776536312554,5335140.0
603619,20180226,35.01,34.57,35.7,35.8,0.6199999999999974,1.7623649801023156,7001947.0
603619,20180223,33.98,33.8,34.3,35.18,1.4099999999999966,4.175303523837726,6335315.0
603619,20180222,32.94,32.68,33.64,33.77,0.7700000000000031,2.333333333333343,3862315.0
603619,20180214,32.88,31.98,32.46,33.0,-1.3999999999999986,-4.069767441860462,2789040.0
603619,20180213,33.78,33.02,33.24,34.4,0.4399999999999977,1.2956419316843215,4166860.0
603619,20180212,33.6,33.2,33.73,33.96,0.46999999999999886,1.403404001194386,4095807.0
603619,20180209,32.72,31.51,32.81,33.49,-1.1000000000000014,-3.180109858340563,4955374.0
603619,20180208,33.0,32.67,34.05,34.59,-0.6299999999999955,-1.7887563884156576,5601804.0
603619,20180207,33.0,32.17,33.91,35.22,0.3500000000000014,1.0037281330656844,8402353.0
603619,20180206,33.8,31.96,32.05,34.87,-1.2800000000000011,-3.5408022130013816,6252063.0
603619,20180205,35.94,34.75,35.51,36.15,-3.3200000000000003,-8.411451735495312,6044856.0
603619,20180202,37.23,36.66,37.92,39.47,2.479999999999997,6.704514733711808,8947786.0
603619,20180201,36.47,35.88,36.36,36.99,-0.5,-1.3336889837289978,5209936.0
603619,20180131,37.0,36.01,36.4,37.49,-2.6899999999999977,-6.6948730711796856,5576140.0
603619,20180130,40.08,37.92,38.0,40.18,-2.1400000000000006,-5.056710775047257,7877792.0
603619,20180129,41.73,40.78,41.37,42.32,-0.00999999999999801,-0.023623907394276777,6266477.0
603619,20180126,41.0,40.11,41.21,42.33,-5.670000000000002,-11.812500000000004,8203322.0
603619,20180125,46.5,43.11,43.36,48.0,1.8299999999999983,3.9636127355425543,10132514.0
603619,20180124,44.59,44.11,44.66,46.17,1.7700000000000031,3.9864864864864957,10527578.0
603619,20180123,42.8,42.53,43.67,44.4,-1.1000000000000014,-2.41758241758242,8574703.0
603619,20180122,44.55,42.51,42.61,45.5,-0.7999999999999972,-1.7278617710583144,9016835.0
603619,20180119,44.11,43.02,45.42,46.3,-0.5200000000000031,-1.1106364801366952,10768076.0
603619,20180118,45.08,44.1,44.95,46.82,-1.990000000000002,-4.077033394796148,10321848.0
603619,20180117,46.3,44.04,45.77,48.81,-3.5700000000000003,-6.815578465062999,15654498.0
603619,20180116,49.99,48.69,48.93,52.38,4.220000000000006,8.762458471760803,19829772.0
603619,20180115,42.5,42.16,48.16,48.16,1.019999999999996,2.163767501060665,15642140.0
603619,20180112,46.02,43.68,43.78,47.14,0.9399999999999977,2.0346320346320335,13791609.0
603619,20180111,44.8,44.09,45.78,46.2,-3.4499999999999957,-6.948640483383672,14947040.0
603619,20180110,47.5,45.5,46.86,49.65,0.3399999999999963,0.6895153112958852,18605890.0
603619,20180109,46.5,44.35,45.27,49.31,1.480000000000004,3.0942922851766808,20488430.0
603619,20180108,45.0,44.53,45.66,47.83,4.350000000000001,10.004599816007364,23284475.0
603619,20180105,43.47,41.8,43.48,43.48,3.9499999999999957,9.992410827219821,21320046.0
603619,20180104,36.31,36.31,39.53,39.53,2.5700000000000003,6.953463203463195,7305793.0
603619,20180103,36.27,35.83,35.94,36.96,-1.009999999999998,-2.6599947326836904,6766034.0
603619,20180102,34.96,34.06,36.77,37.97,2.1099999999999994,5.883993307306179,9558643.0
603619,20171229,34.7,34.51,34.78,35.86,0.490000000000002,1.3853548204693311,4928268.0
603619,20171228,34.5,33.8,34.89,35.37,-2.6300000000000026,-6.9210526315789505,8096269.0
603619,20171227,35.98,35.57,35.97,38.0,1.1199999999999974,3.0368763557483636,10405031.0
603619,20171226,35.15,34.5,35.91,36.88,-0.07000000000000028,-0.18944519621110212,8636807.0
603619,20171225,34.96,34.69,35.23,36.95,0.4000000000000057,1.0943912448700521,8611537.0
603619,20171222,33.0,32.81,35.58,36.55,2.3499999999999943,6.871345029239739,11133088.0
603619,20171221,32.77,31.96,33.39,34.2,-0.09999999999999432,-0.2915451895043608,5621367.0
603619,20171220,33.04,33.02,33.22,34.3,0.9399999999999977,2.8177458033572966,5175184.0
